# https://github.com/mikedh/trimesh
v -0.03718618 -0.01416298 -0.01660623
v 0.03039462 -0.03536773 -0.00454243
v 0.03039462 0.01725827 -0.00286663
v -0.03859738 -0.03610518 -0.01763523
v 0.02725862 0.04153777 -0.01673853
v 0.02412262 -0.01815648 -0.02152338
v 0.03227622 -0.02472003 -0.02031308
v -0.03028698 -0.03562008 -0.00175678
v 0.03556902 -0.01618668 -0.01054493
v -0.02213338 -0.00939038 0.03242317
v -0.02526938 0.03152707 -0.02058503
v 0.02318182 0.01172127 -0.02242743
v 0.02804262 -0.03235178 -0.02514693
v -0.02166298 -0.01314623 -0.02215058
v 0.03619622 0.02393452 -0.00736728
v -0.01194138 -0.05617803 0.00177612
v -0.00708058 -0.00477703 0.03668617
v -0.03107098 0.04006287 -0.01201493
v -0.03263898 -0.03979488 -0.01027788
v 0.03321702 -0.01909238 -0.01811788
v -0.00833498 0.04269907 0.01849982
v -0.00190618 0.05205072 0.00708772
v 0.03833507 0.02389777 -0.02534783
v -0.03222493 0.02511052 -0.00058323
v 0.03692387 0.02798437 -0.02139843
v 0.02735907 0.03086557 -0.02120733
v -0.03034333 0.04045977 -0.01038323
v 0.01638307 -0.01174483 -0.02282923
v -0.03818333 -0.03183973 -0.00721538
v 0.02626147 0.02849887 -0.02049928
v 0.01183587 -0.06104128 -0.00710023
v 0.00383907 -0.05576398 0.00448337
v 0.02155747 0.05572817 -0.01966873
v 0.02485027 -0.02868903 -0.02075898
v -0.03614493 0.02637227 -0.00562533
v 0.03613987 -0.01519443 -0.01471483
v 0.02171427 0.00715692 0.03298667
v 0.02986787 -0.04142903 0.00297172
v -0.02626653 0.02764382 -0.02442418
v -0.02140573 -0.01770323 -0.02204033
v -0.02140573 -0.03721993 -0.02194478
v -0.02940253 0.01253467 -0.01477608
v -0.02297373 -0.02231658 -0.02087658
v 0.03488547 -0.02820883 -0.02082758
v -0.02924573 -0.02620473 -0.02544093
v -0.00343008 -0.05188563 0.00857732
v 0.02871392 -0.05099383 -0.02165568
v -0.03228128 0.02846702 -0.00828603
v 0.03357472 -0.02452648 -0.01223788
v 0.00315552 -0.04089248 0.01608412
v 0.01460192 0.00695357 0.03514022
v 0.03075232 -0.01257783 -0.00669843
v 0.03718112 -0.03003408 -0.02467408
v -0.03667168 -0.02980623 -0.00763678
v -0.03823968 -0.01605193 -0.02109463
v -0.02365728 -0.02879193 -0.02168998
v 0.03420192 0.02046777 -0.01540328
v -0.02992928 -0.02322308 0.00157032
v -0.02820448 -0.01234018 -0.00747998
v -0.02977248 0.01697407 -0.00364328
v 0.02808672 0.03878887 -0.01712808
v 0.02824352 0.03067692 -0.02548258
v -0.02945888 -0.02399728 0.01027762
v -0.02303008 0.04036422 -0.01990883
v 0.02996832 0.04903477 -0.01046898
v -0.02459808 -0.02240478 -0.01959278
v 0.03326112 -0.01611563 -0.02450013
v -0.00201888 -0.02435743 0.02083712
v -0.03573088 -0.03343468 -0.01478588
v -0.03729888 -0.01997928 -0.01144408
v -0.00991523 0.04891717 0.01056917
v -0.01791203 -0.06160723 -0.02061198
v 0.02865757 0.00117647 -0.02180268
v 0.03837917 0.02680837 -0.02363528
v 0.03038237 -0.04106153 0.00073732
v -0.01775523 0.04634712 0.01123312
v -0.03860963 -0.01871018 -0.01727753
v -0.02732003 0.05434392 -0.01766708
v 0.03853597 0.02007822 -0.02324573
v -0.03688483 0.01608227 -0.01539103
v -0.01116963 -0.05895633 -0.00242318
v -0.01273763 -0.06330753 -0.02039638
v -0.02716323 0.03954592 0.01409717
v -0.03500323 0.01591567 -0.00571598
v -0.03657123 0.02687942 -0.02281698
v -0.03014243 -0.02249298 0.00866552
v -0.01728483 -0.00510288 0.03487317
v -0.03171043 -0.01540268 -0.02136413
v 0.03100957 -0.02396543 -0.00846488
v 0.02316957 -0.02290458 0.01532217
v 0.03445917 0.02662952 -0.01046653
v -0.03939363 -0.01674773 -0.01186548
v -0.03453283 -0.02925988 -0.00800918
v -0.01838243 -0.05986283 -0.00904798
v -0.03923683 -0.01729408 -0.00698018
v -0.02637923 -0.00921888 -0.02209668
v 0.00748957 -0.05749613 0.00137187
v -0.03421923 -0.02515613 -0.01948008
v -0.01493283 0.05514017 -0.02189333
v -0.03578723 0.03512122 -0.01553803
v 0.03649757 -0.03292998 -0.00921458
v 0.03492957 0.02093082 -0.01876958
v 0.01417562 -0.00028863 0.03564982
v -0.03208038 -0.03381443 -0.02554628
v -0.03678438 0.01917417 -0.02363038
v -0.03835238 -0.02209363 -0.02107503
v -0.03835238 -0.02432558 -0.02671248
v 0.03393242 0.02448822 -0.01994313
v -0.02863078 -0.01312173 -0.01139508
v -0.00275878 -0.01869058 0.02599682
v -0.03647078 -0.02788053 -0.01369808
v -0.03004198 0.02510562 0.00039187
v -0.00103398 0.04339487 0.01845817
v 0.02640602 0.04393142 -0.02273123
v 0.02170202 0.01755472 -0.02209178
v 0.02813082 0.05213647 -0.02161403
v -0.03443238 -0.02841953 -0.00058078
v -0.02941478 0.01610432 0.02745702
v 0.03001242 0.04509272 -0.01161558
v 0.03330522 -0.02581518 -0.00099483
v 0.03659802 -0.03423828 -0.00821498
v -0.01796838 -0.04357768 0.01100527
v 0.03026967 -0.01156843 0.02348557
v 0.03026967 0.01298792 -0.00696303
v -0.03072553 -0.01679673 -0.02184188
v 0.02070487 0.02255027 0.02901522
v -0.03542953 0.03369042 -0.02525718
v -0.03856553 -0.03145018 -0.00597078
v -0.03856553 -0.02498953 -0.00152158
v 0.02729047 -0.01680408 -0.02428698
v -0.00955753 0.00521897 0.03644117
v 0.03544407 -0.03237383 -0.01222563
v -0.03668393 0.02693822 -0.02568348
v 0.03575767 -0.01460888 -0.02225593
v 0.03262167 -0.02864983 -0.00928318
v -0.03637033 0.03064507 -0.02208443
v -0.02994153 -0.04564548 -0.01959033
v 0.02948567 -0.01871753 0.01654227
v 0.03121047 -0.01113968 -0.01080708
v 0.02964247 0.00171547 0.02945867
v 0.03450327 0.02838617 -0.01117213
v 0.03293527 -0.03048243 -0.02653363
v 0.03622807 0.02704602 -0.01339673
v 0.03638487 -0.02363958 -0.02702363
v 0.03810967 0.03433477 -0.00515983
v 0.03021332 -0.02739543 0.00791827
v 0.03664212 0.02612972 -0.01426893
v 0.03664212 0.03637562 -0.00576988
v -0.02435308 0.03075042 -0.02056298
v -0.02435308 0.04348307 -0.02229268
v -0.03877868 -0.02894383 -0.02307423
v 0.01124052 -0.03429218 0.01721357
v 0.03381972 0.03229637 -0.00229823
v 0.03068372 -0.03811908 -0.01643228
v -0.00945708 0.01168452 0.03552242
v 0.02111892 -0.03693083 0.01253407
v -0.03501548 0.03113017 -0.02035473
v 0.02300052 -0.01316338 -0.02027878
v -0.03799468 -0.02996058 -0.00127413
v 0.02786132 0.02688677 -0.02207708
v -0.01541548 0.00369017 0.03549302
v -0.02498028 -0.04159318 -0.02212608
v 0.03287892 -0.02699363 -0.01772343
v 0.02974292 0.01626112 0.02665342
v 0.01861012 -0.02327453 0.01728462
v -0.02623468 0.03040742 -0.02131758
v -0.03423148 0.01359062 -0.01197573
v -0.03893548 -0.02636153 -0.00557143
v 0.03334932 0.01312267 -0.01874753
v 0.02535252 -0.03312598 -0.02079818
v 0.03821012 0.03511632 -0.01435958
v -0.02597743 -0.01332018 -0.01081933
v 0.03031377 0.02093572 -0.00013733
v 0.02404177 0.05449337 -0.01178953
v 0.02247377 0.03778192 0.01804657
v 0.03862417 0.03145847 -0.02234903
v 0.01776977 -0.06227853 -0.01891168
v 0.02905937 0.05018872 -0.02103583
v -0.03836463 -0.02124348 -0.02608773
v -0.00622063 -0.06251618 -0.00783278
v -0.02864303 0.05031122 -0.02111423
v -0.00120303 -0.01040958 0.03573067
v -0.03005423 -0.00077128 -0.01104718
v -0.01876463 0.05613487 -0.02045518
v 0.01824017 -0.00996368 0.03309937
v -0.02989743 0.05026222 -0.01852948
v 0.01667217 0.01873072 0.03196502
v -0.03460143 0.03298482 -0.01021418
v 0.03768337 0.03820577 -0.01048613
v 0.00397137 -0.03663928 0.01768152
v 0.02968657 -0.01805848 -0.02566388
v 0.00569617 -0.01940353 0.02484287
v -0.02801583 -0.00976523 -0.02101133
v -0.03601263 0.01850042 -0.01457273
v 0.00412817 -0.06388818 -0.02114363
v 0.02827537 -0.01282038 -0.02148173
v 0.03000017 0.02734737 0.00040657
v 0.03486097 -0.03756783 -0.01097368
v -0.02613423 -0.03160943 -0.02024203
v -0.03413103 -0.02917658 -0.00909208
v 0.02372817 0.02975572 -0.02172918
v 0.02372817 0.02462052 -0.02200358
v -0.03726703 -0.03520358 -0.02465203
v 0.02858897 -0.03098468 -0.02639643
v -0.03559858 -0.04006438 -0.01210558
v 0.03025742 -0.04422203 -0.01036853
v 0.02868942 -0.01173013 0.02733452
v -0.03873458 -0.02699363 -0.00603693
v -0.02901298 0.02846457 -0.02720003
v 0.02884622 -0.03616643 0.00731067
v -0.01756658 -0.02310058 0.01818377
v -0.03356018 0.02988067 -0.02705058
v 0.01144142 0.05287637 -0.02277288
v 0.03558862 -0.01636063 -0.00862903
v -0.03497138 -0.03078623 -0.01195613
v -0.03653938 0.03395257 -0.02269448
v -0.03011058 -0.00657778 -0.01879163
v 0.03260942 -0.02001603 -0.01451638
v -0.02995378 0.01294872 -0.00806798
v 0.03590222 -0.02031248 -0.02098438
v 0.02790542 0.01407572 -0.02111178
v 0.02476942 0.05458157 -0.02126858
v 0.03762702 0.02581122 -0.00113938
v -0.02979698 0.04397062 -0.00716148
v -0.02807218 0.01080987 -0.01252943
v 0.03135502 0.01271842 -0.01848783
v -0.02964018 0.01315452 -0.01225013
v 0.00250382 0.00491272 -0.02272143
v 0.02821902 0.05330512 -0.02094763
v -0.02462258 -0.03872668 -0.01959768
v -0.01176498 0.01595977 0.03411857
v 0.03323662 -0.03062698 -0.01171848
v -0.02289778 -0.03516438 -0.01996028
v 0.02053582 0.02291777 -0.02267978
v -0.02760178 -0.05425968 -0.02184188
v 0.01750027 -0.00652143 0.03430232
v -0.03063733 -0.01655663 -0.00392503
v -0.03063733 -0.02451178 -0.02665858
v -0.03863413 -0.03011003 -0.00175678
v -0.01448693 -0.05670233 -0.00026718
v -0.03534133 -0.02984543 -0.01549638
v 0.03051467 0.03872762 -0.01374463
v -0.03690933 0.03258792 -0.02411793
v -0.02561973 -0.02875763 -0.02008033
v -0.00946933 -0.06173708 -0.02227798
v -0.03189173 -0.01943048 -0.00238888
v -0.03189173 0.02653642 -0.00812188
v -0.03016693 -0.01711033 -0.00151423
v 0.02283147 -0.03790593 -0.01907093
v -0.03173493 -0.03575238 -0.02414488
v -0.03001013 0.01971807 0.00010032
v 0.01655947 0.05358442 -0.00159018
v -0.02358133 -0.01574078 0.02502172
v 0.03584587 0.03880602 -0.01164498
v 0.00542667 -0.02476903 0.02043777
v 0.03757067 0.02438042 -0.00632358
v -0.02985333 -0.04500603 0.00072997
v -0.02969653 0.03317592 -0.00079638
v -0.02969653 0.00870287 -0.01301943
v -0.02969653 0.04843697 -0.00567923
v -0.02969653 0.01288747 -0.01624853
v -0.03926133 -0.01744598 -0.01705948
v -0.02797173 -0.02436723 0.01177457
v 0.03788427 0.01585687 -0.01293368
v -0.03596853 -0.03764868 -0.00572578
v -0.03596853 -0.03231993 -0.02663408
v 0.03474827 0.02970182 -0.01602068
v -0.02624693 -0.03608068 -0.01975203
v 0.02675147 0.03566267 -0.01928653
v 0.03161227 -0.02317653 -0.00089438
v 0.02361547 -0.03804803 -0.01888718
v -0.01652533 0.04202777 0.01679217
v -0.02609013 -0.05854228 -0.01693698
v -0.02755768 -0.05621233 -0.01226973
v -0.03539768 -0.01351863 -0.01490103
v -0.02410808 -0.05083703 0.00075937
v 0.02732232 -0.03735468 -0.01981818
v 0.03547592 0.01248322 -0.01183118
v 0.03390792 0.03127962 -0.01327668
v 0.02591112 0.05181552 -0.00599528
v -0.03508408 -0.02219898 -0.01504558
v -0.00936888 -0.06095553 -0.00536073
v 0.03563272 -0.01287673 -0.01638573
v -0.03822008 -0.02993853 -0.00672048
v 0.00035272 0.02567157 0.03144072
v -0.02849848 0.00827167 -0.02144008
v -0.03006648 -0.03698718 -0.00328803
v 0.02936072 0.01899777 -0.02483578
v 0.03578952 0.01979157 -0.00236193
v -0.02834168 -0.02751793 -0.02053358
v 0.03108552 -0.03548288 -0.00613493
v -0.03633848 0.02971652 -0.00547833
v -0.02990968 -0.04243353 -0.01152738
v -0.02990968 0.00859752 -0.01828448
v -0.03618168 0.03609142 -0.01244613
v 0.02967432 0.05189882 -0.01822813
v 0.02810632 -0.05439933 -0.00955758
v -0.03288888 0.02891047 -0.01934043
v 0.03782792 0.03170102 -0.01999213
v -0.00388088 -0.03446123 0.01850717
v 0.00254792 0.00799972 0.03666412
v 0.02669512 -0.03031828 -0.02469368
v 0.02355912 -0.03926323 -0.01937228
v 0.03014472 -0.03684753 -0.00660288
v -0.00356728 -0.06074973 -0.00309938
v -0.03727928 -0.02329413 -0.00119083
v -0.02442168 0.02105087 -0.02075653
v -0.02918203 0.03559162 0.01586852
v 0.03024517 -0.03475523 -0.02370633
v -0.03388603 0.03332537 -0.02572513
v -0.03545403 0.03155647 -0.00166368
v -0.02902523 0.04686162 0.00175897
v -0.02902523 0.01030272 -0.01580998
v -0.01616763 -0.05889508 -0.00514023
v 0.01440837 0.03625802 0.02269177
v 0.03212677 -0.02000133 -0.01116233
v 0.03698757 0.03772067 -0.01924733
v 0.03385157 -0.02405363 -0.01586633
v -0.00299643 0.05641417 -0.01184588
v -0.02385083 -0.01705398 -0.01817178
v -0.03341563 -0.01781838 -0.02426003
v 0.01315397 -0.05577133 0.00168302
v -0.02855483 0.04149367 -0.01920078
v -0.03655163 0.03679702 -0.01923998
v -0.03655163 -0.02644973 -0.01462173
v -0.01083643 -0.03243998 0.01798042
v -0.01240443 -0.02363713 0.01952882
v -0.02683003 0.01158162 -0.02072713
v 0.03588997 -0.03735468 -0.01333058
v -0.02980923 0.01382582 -0.01929878
v 0.00233477 -0.02278943 0.02155742
v -0.03451323 0.03964147 -0.01171358
v -0.02808443 0.00059827 0.03103402
v 0.02507077 -0.01253618 -0.01975938
v -0.00221243 0.00420957 0.03710757
v -0.02949563 -0.00933648 -0.01545718
v -0.00534843 -0.06392738 -0.01224278
v -0.02933883 0.01047667 -0.01943353
v -0.02933883 -0.03677648 -0.02147438
v -0.02291003 -0.01161988 -0.02176103
v 0.02564162 0.02255517 0.02675632
v 0.02564162 0.00307767 -0.02288803
v -0.02892478 -0.01434918 -0.00858738
v -0.02249598 -0.02083433 -0.02133228
v -0.03206078 -0.02520758 -0.00083558
v 0.02579842 0.04162352 -0.02149643
v 0.02909122 -0.05531563 -0.02039883
v 0.03552002 -0.03137178 -0.01886513
v -0.03660798 -0.03999823 -0.01630488
v -0.03801918 -0.03931223 -0.01309783
v -0.02986558 -0.01455008 -0.01758378
v 0.02642562 -0.02636643 -0.02157238
v 0.03771522 0.02131792 -0.00708063
v 0.02971842 -0.03967483 -0.01147348
v 0.00886402 0.02546577 0.03080127
v 0.03630402 -0.01418748 -0.02007788
v 0.00102402 -0.05876523 0.00052907
v -0.03582398 -0.03571318 -0.02453198
v -0.03566718 0.03086802 -0.00702918
v -0.02923838 -0.00931933 -0.01930613
v -0.03556673 0.02220972 -0.00743098
v -0.03556673 0.01729747 -0.00475558
v 0.03044607 -0.01133813 -0.01934043
v -0.03697793 -0.03498553 -0.00349628
v 0.03373887 0.02447842 -0.00835218
v 0.03373887 -0.02604793 -0.01285038
v -0.03196033 -0.01766158 -0.02374308
v -0.03666433 -0.02279188 -0.02717553
v 0.01163007 -0.06302088 -0.02066833
v -0.03007873 0.02558337 0.01766437
v -0.01079233 0.05648032 -0.00772253
v 0.00206527 0.03795097 0.02341697
v 0.02621247 0.03268347 -0.02045763
v -0.03635073 0.01602592 -0.02071243
v 0.02950527 -0.03890553 -0.00736483
v -0.02819713 0.01031742 -0.01326443
v -0.01533953 -0.03336853 0.01655452
v -0.02976513 0.04090567 -0.01190223
v -0.03603713 0.01961027 -0.02488723
v -0.02945153 0.01504837 -0.00433908
v 0.02683967 0.03769617 -0.01833593
v 0.02527167 0.04303472 0.01063777
v 0.03812927 0.01770662 -0.00782298
v -0.02929473 0.05196987 -0.02008523
v -0.03086273 0.01404387 -0.00726928
v -0.03885953 -0.02781928 -0.02647238
v 0.02380412 0.03203177 0.02210132
v 0.03509372 -0.01293798 -0.02000928
v 0.02552892 -0.01924673 -0.02223143
v -0.02260868 0.02394922 0.02784657
v 0.03054652 -0.03753353 -0.00907493
v 0.02741052 0.02429712 -0.02050908
v 0.01784572 0.04760642 0.00898647
v 0.02756732 -0.03625463 -0.02051643
v -0.02699908 0.02978022 -0.02560018
v 0.03242812 -0.01909973 -0.02643808
v -0.02856708 0.05336882 -0.01950213
v -0.00928068 -0.05262553 0.00681822
v -0.03013508 0.01814517 -0.02448053
v 0.02929212 -0.05526173 -0.01495003
v -0.03170308 -0.03764623 -0.02193988
v 0.00530172 0.00321487 0.03696302
v -0.01712068 -0.01414338 0.02953707
v 0.03274172 0.01259102 -0.01273033
v 0.02317692 -0.03319703 -0.02028858
v -0.03452548 0.02744047 -0.00053913
v 0.03619132 -0.03535793 -0.02172918
v 0.03619132 -0.03138648 -0.00392748
v -0.03766148 -0.01534143 -0.00765638
v -0.03593668 0.03816657 -0.01247063
v 0.02991932 -0.05178763 -0.01956338
v -0.03264388 0.02821467 -0.01007208
v 0.03164412 0.03848752 -0.01015293
v 0.01721852 -0.01965833 0.02185632
v 0.02364732 0.04070232 -0.02127348
v -0.03091908 -0.01359948 -0.01214968
v -0.01476868 0.02642862 0.02912057
v -0.00667143 -0.05494568 0.00492437
v -0.03395463 0.02399087 -0.02712408
v -0.03552263 0.03772312 -0.02034003
v 0.03676217 -0.02477638 -0.02295173
v 0.03676217 -0.01603233 -0.02043068
v -0.02893703 -0.00620538 0.03000502
v -0.02721223 -0.03447103 -0.02078348
v -0.03834503 -0.01989353 -0.00987608
v -0.02219463 0.03784072 -0.02017343
v -0.03175943 0.03960717 -0.00960413
v 0.03252857 -0.02642768 -0.02041598
v -0.00918023 0.05670572 -0.01530528
v 0.02939257 0.03886972 0.01223762
v 0.02939257 0.03880847 -0.01131423
v -0.02517383 0.02368952 -0.02116813
v -0.03473863 -0.03093813 -0.01654008
v -0.03630663 0.01828482 -0.01200513
v 0.02954937 -0.02018263 -0.02673698
v 0.03597817 0.01366167 -0.00853103
v -0.02501703 -0.01449618 -0.01683163
v 0.02798137 0.00568447 0.03042887
v 0.03127417 0.01809862 -0.02531843
v 0.02170937 -0.03098223 -0.02224123
v 0.03143097 0.01225292 -0.01511663
v 0.02829497 0.04247367 -0.02103093
v 0.03315577 0.03583662 -0.00532888
v -0.02940743 0.05291557 -0.01772833
v 0.03001977 0.04191997 0.00500032
v 0.03644857 -0.01980778 -0.02590398
v -0.01968583 0.05179347 0.00060992
v 0.00446137 0.05654402 -0.01804683
v 0.03017657 0.03817392 -0.00424108
v 0.03017657 -0.00613678 -0.00877358
v 0.03017657 0.01201037 0.02466647
v -0.01472458 0.05622062 -0.02099908
v 0.03027702 -0.02373513 0.00382187
v 0.02870902 0.02381937 -0.02674923
v 0.03513782 -0.01694373 -0.01541553
v -0.02742538 -0.04043433 -0.02055073
v -0.02099658 -0.01143123 -0.02243723
v -0.02099658 -0.05966683 -0.02139843
v 0.03200182 -0.02177268 -0.02742298
v 0.01616502 -0.04729433 0.00890807
v 0.03545142 0.03262712 -0.01421993
v 0.02588662 0.04053327 -0.01761563
v -0.03024778 -0.02281638 0.00014442
v -0.03024778 -0.04464833 -0.01596923
v 0.03247222 -0.02909818 -0.01596923
v -0.03495178 0.03861982 -0.01909788
v 0.02447542 0.05509852 -0.01979858
v -0.03651978 0.03423432 -0.01980593
v 0.02933622 0.04991187 -0.00723743
v 0.03419702 0.02392227 -0.02045028
v -0.02193738 -0.03896433 -0.02182473
v 0.03106102 -0.02674128 -0.00081353
v 0.03748982 0.03322492 -0.01702763
v -0.02993418 -0.03987573 -0.01967853
v 0.02478902 -0.03842778 -0.01910033
v -0.03620618 -0.02640563 -0.01241428
v 0.03451062 0.03839687 -0.01831633
v 0.03294262 -0.02229453 -0.02065608
v 0.03294262 -0.02820148 -0.01871568
v -0.02962058 0.04287547 -0.01361478
v -0.02962058 -0.02164773 0.01141687
v -0.03918538 -0.02254688 -0.00587033
v -0.02632778 -0.04170098 0.00704362
v 0.02196662 -0.03895943 -0.02141803
v -0.00045578 -0.01327363 0.03318022
v -0.02930698 0.01261797 -0.01902193
v 0.03498102 -0.01239653 -0.01024848
v 0.03022067 0.01277967 -0.01982308
v 0.03664947 0.01804962 -0.00363348
v 0.00293747 -0.06346923 -0.01010393
v 0.03508147 -0.01820303 -0.00324883
v 0.03523827 -0.01531693 -0.00689443
v -0.02575693 0.04053572 -0.01924243
v -0.00004173 -0.03124683 0.01949697
v 0.03696307 0.03337192 -0.02523758
v 0.02896627 0.01629052 -0.02252053
v -0.03516493 -0.02664328 -0.00733543
v 0.03711987 0.03104197 -0.00210713
v 0.03555187 0.03892852 -0.01465113
v -0.01086093 -0.06317523 -0.01242653
v -0.03171533 -0.01657378 -0.00491238
v -0.00756813 -0.04782843 0.01142422
v 0.02943667 -0.03983653 -0.00764413
v 0.02786867 -0.01138468 -0.02133228
v 0.03445427 0.02270217 -0.01091733
v 0.03131827 -0.01251168 -0.02004603
v -0.00552973 -0.02333578 0.02098657
v 0.03633587 -0.01664483 -0.01865198
v 0.03633587 0.03055197 -0.01959033
v 0.02191027 -0.00995388 -0.02279983
v -0.03265613 -0.02948038 -0.00094583
v -0.02779533 0.01524927 0.02897112
v 0.02520307 0.03153197 -0.02073203
v -0.02607053 -0.01622588 -0.01768423
v 0.03178867 -0.02605773 -0.00821988
v -0.03867088 -0.03768053 -0.01208843
v -0.02581328 0.01610922 -0.01977653
v -0.02738128 0.04097917 -0.01898273
v -0.02252048 0.03892117 -0.01928898
v -0.02565648 -0.03155308 0.01206122
v -0.03835728 -0.02708673 -0.02222408
v -0.03663248 0.01517577 -0.01716238
v -0.03177168 0.01851512 -0.00322188
v 0.02765552 -0.02351953 -0.02736173
v 0.02765552 0.03213222 -0.02254503
v -0.03647568 -0.03144038 -0.00863393
v 0.02938032 -0.02455098 0.01007427
v 0.02781232 0.02137182 -0.02157238
v -0.03475088 0.02310397 -0.00089683
v -0.02832208 -0.01033608 -0.01481773
v -0.03788688 -0.03067843 -0.02073938
v -0.03459408 -0.03252818 -0.01607213
v 0.02498992 -0.05400733 -0.02276553
v 0.00742832 -0.04052498 0.01564557
v -0.03271248 0.02388552 -0.01982798
v -0.02628368 0.01449467 -0.01967363
v 0.01072112 0.03961207 0.02070972
v -0.02941968 0.03244337 -0.02622248
v 0.02357872 0.01679277 -0.02009993
v 0.03000752 0.04653577 -0.01796108
v -0.03741648 -0.02555793 -0.02148418
v -0.03898448 -0.02679273 -0.00254078
v -0.00684048 -0.02913003 0.01948472
v -0.00840848 0.03724047 0.02342432
v 0.03816112 0.03630457 -0.01842168
v 0.03816112 0.02277077 -0.02419143
v 0.01087792 0.01546242 0.03430722
v 0.03016432 -0.02060403 0.01172067
v -0.02257683 0.04109922 -0.02144743
v 0.02242477 0.01318882 -0.02194233
v -0.02571283 0.05328797 -0.02157973
v -0.03527763 -0.02328678 -0.01176503
v -0.01599123 -0.06262888 -0.01495493
v 0.03543917 0.03787257 -0.00823213
v -0.03841363 -0.01451333 -0.01280138
v 0.00815597 -0.00277048 0.03664942
v 0.00015917 0.04928957 0.01135562
v -0.02712403 0.02053392 -0.02436538
v 0.03073517 0.01228967 -0.01664053
v -0.03668883 0.01495527 -0.00981238
v 0.01474157 -0.05849573 -0.00370208
v -0.03496403 -0.02658448 -0.00982218
v 0.03089197 0.01238522 -0.01050573
v -0.03010323 -0.04954343 -0.00640933
v 0.03575277 -0.02972048 -0.00806308
v 0.00846957 0.05151417 0.00668102
v 0.02618797 -0.02304178 -0.02259893
v -0.03637523 0.01976462 -0.01823793
v -0.02822163 -0.03796718 0.00771002
v -0.02978963 0.02811422 0.02062397
v 0.01521197 -0.06299638 -0.01687818
v -0.03762963 -0.03236893 -0.00193318
v -0.03104403 -0.02909083 -0.00037743
v -0.03904083 -0.02154238 -0.00256528
v -0.03418003 -0.01403803 -0.01801253
v -0.00846483 -0.02431088 0.02016582
v 0.02853997 -0.03790593 -0.01925713
v -0.03888403 -0.03510558 -0.00720803
v 0.03663722 0.02003657 -0.01976673
v -0.03062998 -0.03901088 -0.02010973
v -0.01134358 0.02263357 0.03168817
v 0.02895402 0.04209637 0.00870962
v 0.02895402 0.00813447 -0.02143273
v 0.03397162 -0.01785758 -0.00288868
v -0.02702358 -0.04104438 -0.02140578
v -0.02859158 -0.04043923 -0.02020773
v -0.03658838 0.01863027 -0.01747353
v 0.02769962 0.02819507 -0.02459323
v -0.02686678 0.00920267 0.03084537
v 0.01985962 0.05469182 -0.00723988
v -0.02984598 -0.00948838 0.02589392
v 0.03601002 0.03100277 -0.02662428
v 0.00073002 0.01412227 0.03554692
v -0.02169238 0.02431917 -0.02212118
v 0.03632362 -0.03363803 -0.01546208
v -0.03110038 0.02312602 -0.00070328
v 0.01546922 -0.05183173 0.00525757
v -0.02467158 -0.00291013 -0.02244213
v 0.02189802 -0.02722883 -0.02248623
v 0.03804842 0.02165357 -0.02577413
v -0.03580438 0.02409132 -0.02678108
v 0.01076522 -0.01405518 0.03123982
v 0.03648042 0.02274872 -0.02117058
v -0.02608278 -0.05749368 -0.02115833
v 0.03177642 -0.03749923 -0.00990303
v 0.03820522 0.03717432 -0.01517543
v 0.03020842 -0.01086773 -0.00640443
v 0.03830567 0.03384722 -0.00869763
v -0.02911833 0.03849242 -0.02051643
v -0.02911833 0.03557937 -0.02386068
v -0.03711513 -0.03742328 -0.00584583
v -0.03068633 0.03018447 -0.00034558
v 0.03203367 -0.02818678 -0.00991773
v 0.03846247 0.03648832 -0.01060863
v -0.02896153 -0.00822908 0.02941702
v 0.03689447 -0.03219743 -0.02424288
v -0.03052953 0.04017557 -0.01610153
v 0.03861927 0.02862872 -0.02451238
v -0.03680153 0.01530562 -0.01293368
v 0.02905447 0.04603842 0.00248417
v 0.03391527 0.02701907 -0.01929143
v -0.02065113 0.04152307 -0.02225593
v 0.03234727 -0.01350883 -0.00668373
v -0.00936153 0.02819017 0.02935332
v 0.03720807 -0.03479933 -0.01844863
v -0.02849113 0.01458042 -0.01995048
v 0.00365287 -0.01686778 0.02846397
v -0.03005913 -0.01829368 0.00101662
v -0.03005913 -0.02664083 0.00082062
v -0.03005913 -0.00911353 -0.00374373
v -0.01720153 -0.04845808 0.00774432
v 0.00537767 0.05583352 -0.02111423
v -0.02990233 -0.00824133 -0.01593493
v -0.03789913 -0.02903448 -0.02138373
v 0.02152807 -0.04210033 -0.02269938
v 0.03438567 -0.02110873 -0.00762943
v -0.03303833 -0.03894718 -0.02008033
v 0.03281767 -0.01161498 -0.01178708
v -0.03617433 -0.02622923 -0.01636368
v -0.03774233 -0.02330393 -0.00765638
v 0.02654567 0.04166762 -0.01558948
v -0.02159193 0.01330152 -0.02173653
v -0.02958873 0.00798992 -0.02014158
v -0.03272473 0.03162262 -0.01449923
v 0.02670247 -0.02859103 -0.02220203
v 0.01227687 -0.00948593 0.03491482
v 0.03156327 -0.01171543 -0.01868138
v -0.02943193 -0.04346988 -0.02069038
v -0.01814233 -0.01035078 0.03314837
v -0.03256793 0.03158587 -0.01059148
v 0.02529127 -0.01546393 -0.02131513
v 0.02858407 -0.02801038 -0.02745973
v 0.00772967 0.01188542 0.03561797
v 0.03824932 0.02507622 -0.02651648
v 0.00783012 -0.05981873 -0.00259713
v -0.02588188 -0.02519533 -0.01979858
v -0.02901788 -0.05226538 -0.00663963
v 0.03040932 0.01456327 -0.00578213
v 0.00955492 -0.06344963 -0.01246818
v 0.02884132 0.01249302 -0.02082268
v 0.02570532 -0.02285313 -0.02177083
v -0.03528988 -0.03147223 -0.01058168
v -0.02243228 -0.04385943 0.00837887
v -0.03685788 -0.02349013 -0.02067323
v 0.00830052 -0.04592233 0.01252427
v 0.02758692 -0.01950888 -0.02594563
v -0.03340828 -0.03632078 -0.00463798
v -0.03340828 0.03120857 -0.01875978
v 0.02601892 0.04024907 -0.01691003
v -0.02854748 -0.01013028 0.02889027
v -0.00926108 -0.00995388 0.03528232
v -0.03654428 0.03558182 -0.00880788
v 0.02617572 0.00097067 0.03151912
v 0.03260452 -0.03033298 -0.01525628
v -0.03638748 0.03297257 -0.02111668
v 0.00375332 -0.04573123 0.01334012
v -0.02995868 0.03060832 0.00072752
v -0.02995868 0.01523212 -0.00123738
v -0.00581148 -0.02097153 0.02300782
v -0.03466268 0.01809372 -0.00356488
v -0.02337308 -0.02277228 0.01572887
v 0.02962532 -0.03298143 -0.02529393
v 0.02805732 0.01830197 -0.02174143
v -0.02008028 -0.00777338 0.03365797
v 0.03793572 0.02383652 -0.00511818
v 0.03479972 0.02822692 -0.02763613
v 0.03009572 -0.03085973 0.00730577
v 0.02695972 0.01758167 0.02816507
v -0.00675228 0.05596337 -0.00190868
v -0.03879583 -0.03216558 -0.00344238
v -0.03236703 0.01346322 -0.01563848
v -0.01950943 -0.03790838 -0.02247643
v -0.03393503 0.02657562 -0.01230648
v -0.02907423 0.01164532 -0.01571198
v -0.03048543 -0.03631343 -0.00357223
v -0.03032863 0.03326902 -0.00149708
v 0.02925537 0.04186852 -0.00940813
v 0.03568417 -0.02115038 -0.02695013
v -0.03816863 -0.02747873 -0.00090663
v -0.00116383 0.05468447 -0.02223878
v -0.03644383 0.01780952 -0.00582133
v -0.03158303 0.03975662 -0.01654498
v 0.03756577 0.03353607 -0.01230893
v -0.02985823 0.05038227 -0.01389163
v 0.03599777 0.02671037 -0.00713208
v 0.03442977 0.02137672 -0.01229913
v 0.01200737 -0.04589048 0.01155652
v 0.03615457 -0.02993853 -0.02089863
v -0.02954463 -0.05426948 -0.01212273
v 0.00902817 0.04454392 0.01626297
v -0.03268063 0.02388062 -0.01734123
v 0.01874977 -0.01500823 -0.02276553
v 0.03803617 0.01644487 -0.02222898
v 0.03019617 -0.02392623 0.00869002
v -0.02913058 0.03914902 0.01212247
v 0.03672542 -0.03554658 -0.01391858
v 0.03358942 -0.02917903 -0.01933798
v -0.02097698 0.05541947 -0.00984668
v -0.03853858 -0.03826853 -0.01063803
v -0.02568098 -0.00899838 0.03108057
v -0.01109858 -0.00701633 0.03599527
v -0.03022818 0.02540452 -0.02737153
v -0.03179618 0.02497087 -0.01981818
v -0.02536738 -0.03553678 0.01086807
v -0.02693538 0.00115932 -0.02217018
v 0.02606302 -0.02232148 -0.02468143
v 0.03578462 -0.02565103 -0.02194723
v 0.01493022 -0.06152148 -0.02180268
v 0.02135902 -0.03654128 -0.02195213
v -0.02348578 0.01378172 -0.01908563
v -0.03148258 -0.02337008 -0.00087233
v 0.03437342 -0.03499288 -0.00575028
v -0.03461858 0.03407507 -0.01272543
v 0.02480862 0.01646447 -0.01991373
v 0.03123742 -0.03165108 -0.00253588
v -0.02489698 0.03402117 -0.02070018
v 0.02167262 0.01361512 -0.02235883
v -0.00717858 0.05250397 -0.02250583
v -0.02960098 0.04390692 0.00484842
v 0.02339742 0.05541947 -0.01523423
v 0.02825822 -0.03975323 -0.01776508
v -0.02944418 0.04398777 -0.01935268
v -0.02944418 0.00149742 0.02981637
v 0.02998302 0.01655267 -0.00180823
v 0.02998302 0.03941852 0.00037717
v -0.03101218 -0.01898213 -0.00213163
v -0.00200418 -0.04366833 0.01469987
v 0.03500062 0.03020652 -0.01805173
v 0.03500062 0.02143062 -0.00968498
v 0.03024027 0.03045152 0.00083042
v 0.03839387 0.03529027 -0.01785083
v -0.02573733 0.02701172 -0.02093538
v -0.02887333 -0.01388613 0.02414707
v -0.02887333 0.02216807 -0.02613673
v -0.00315813 0.01738322 0.03464532
v 0.00969947 -0.05013143 0.00899382
v 0.02898587 -0.00416208 0.02982127
v 0.03713947 0.02795007 -0.00108548
v -0.03012773 0.01537912 -0.02112893
v 0.01973467 -0.03462293 -0.02273613
v 0.03118107 -0.02945588 -0.00136478
v -0.02338533 0.03702487 -0.01962953
v 0.03604187 -0.02928683 -0.00666413
v -0.03451813 -0.02722883 -0.01804683
v -0.03608613 0.01403407 -0.01297043
v -0.00864613 -0.04270058 0.01444752
v -0.02620773 0.03298972 -0.02164098
v -0.02134693 0.03970762 -0.02151603
v 0.01722587 0.03512122 -0.02288068
v 0.03008347 0.00351377 0.02783677
v 0.02851547 -0.03135953 0.00945442
v -0.02108968 -0.03399083 -0.02216038
v 0.03034072 0.03441072 -0.00141133
v -0.03865128 -0.03585528 -0.00999123
v 0.02720472 0.05163422 -0.02239068
v -0.02736168 0.03346012 -0.02410813
v 0.02406872 0.05131572 -0.02285373
v 0.03692632 0.03625067 -0.02206238
v -0.02406888 -0.01092653 -0.02185658
v -0.02548008 -0.01373423 -0.01288223
v -0.02548008 -0.01229118 -0.01294838
v -0.03018408 -0.02528598 0.00455932
v 0.01168152 0.04959827 0.00890317
v -0.02845928 -0.01294288 -0.01517543
v 0.02626392 -0.03184953 -0.02195458
v 0.02469592 -0.03195978 -0.02086433
v 0.03112472 -0.02170163 -0.00087968
v -0.02987048 0.01029537 0.02762117
v 0.02798872 0.02604152 0.02373057
v 0.03441752 0.02387082 -0.01060863
v -0.02814568 -0.01605683 0.02162112
v 0.01842392 0.03368552 0.02325772
v -0.03614248 -0.02818678 -0.01556008
v -0.02971368 0.02333917 0.02371097
v 0.02328472 -0.01825693 0.02135407
v 0.02328472 -0.01089958 -0.02201093
v -0.01685608 0.01976217 0.03164407
v 0.03614232 -0.03646778 -0.01080463
v -0.03128168 -0.02270613 -0.02654833
v 0.03457432 0.02171482 -0.01586878
v 0.03473112 0.03181862 -0.01452373
v 0.02516632 0.03516042 -0.01916893
v -0.02924328 0.01032722 -0.01026563
v 0.03661272 -0.03440733 -0.01281608
v -0.02914283 0.04182442 0.00916777
v -0.02098923 0.05651217 -0.01707418
v -0.03541483 0.03482232 -0.01266908
v -0.03525803 -0.02340928 -0.01689533
v 0.03059797 -0.01836473 -0.00133048
v 0.02902997 -0.03966013 -0.01605008
v -0.02537963 -0.01327363 -0.01502843
v 0.02761877 0.00845542 -0.02232453
v -0.00609323 -0.06305763 -0.02184923
v -0.02694763 -0.01343533 -0.00912638
v -0.02051883 0.05329777 -0.02232698
v 0.03734037 0.01443832 -0.01973488
v 0.02934357 0.01330152 -0.02082513
v 0.03577237 -0.02677068 -0.00201648
v -0.02522283 -0.01096328 -0.02035228
v 0.02620757 -0.03098713 -0.02149888
v 0.03263637 -0.01826183 -0.01335998
v -0.03478763 0.01364452 -0.01549883
v -0.02835883 0.03176717 -0.02611223
v -0.03149483 -0.03586263 -0.00384173
v -0.01534443 0.05588742 -0.00572333
v 0.02981397 -0.03901088 -0.00930768
v 0.02981397 0.01159632 -0.01486918
v -0.03431723 0.01897572 -0.02501463
v -0.03588523 -0.02760368 -0.01171603
v -0.02945643 0.01346322 -0.00536808
v -0.03572843 0.02940047 -0.02676148
v 0.02369877 -0.01161743 -0.02069773
v 0.03022802 -0.01178893 -0.00049258
v -0.01148078 -0.06209233 -0.00924643
v -0.03703918 0.01791242 -0.01883818
v -0.02888558 0.01124352 0.02930677
v 0.03054162 -0.03313823 -0.00215858
v -0.03688238 -0.01973428 -0.01552088
v -0.03202158 0.02912362 -0.00073513
v 0.00984402 0.05576982 -0.00268778
v 0.02913042 0.05241577 -0.01553803
v 0.01799762 -0.03904273 -0.02275083
v -0.02684718 0.04376972 0.00927557
v -0.02512238 0.05083062 -0.00192093
v 0.02787602 0.04207922 -0.01591043
v 0.02787602 0.03314652 0.01895552
v -0.02825838 -0.01406253 -0.01703743
v -0.02982638 0.03604487 -0.00233988
v 0.02960082 -0.01405273 -0.02213588
v 0.02975762 0.00878862 0.02879472
v 0.02975762 -0.04495948 0.00020812
v 0.03618642 -0.01400863 -0.01291898
v 0.03461842 -0.03747963 -0.01802968
v 0.03461842 0.01250527 -0.01659888
v -0.02794478 -0.02107688 0.01474397
v -0.02794478 0.00474612 0.03096787
v 0.03477522 -0.02776293 -0.02732253
v -0.02778798 -0.05748388 -0.01953888
v 0.02521042 -0.04241393 -0.02240538
v -0.02935598 -0.01070848 -0.00718598
v 0.03007122 0.04552147 -0.00256283
v -0.03405998 -0.02249053 -0.02705058
v -0.02919918 -0.01788208 0.01802942
v -0.02110193 0.01656982 -0.02191048
v -0.02909873 -0.01557418 -0.01845598
v 0.01747087 -0.04264913 0.01150752
v 0.02389967 -0.04655198 0.00495132
v -0.03380273 -0.03133503 -0.00151668
v 0.03048527 -0.01398903 -0.00425333
v 0.00978767 0.05403767 0.00161197
v -0.02392433 -0.02035168 0.01841162
v 0.02264527 0.02159232 -0.02166303
v -0.00463793 0.00988622 0.03630642
v 0.02750607 -0.04246783 0.00516447
v -0.03003953 -0.03019333 0.00781292
v -0.02831473 0.01117982 -0.02033268
v 0.03111247 0.03092192 -0.02663163
v 0.03754127 0.01707452 -0.01612603
v 0.00382927 0.01954167 0.03386132
v 0.02311567 0.03891137 -0.01979123
v 0.02311567 -0.00584768 0.03243297
v 0.03597327 -0.03127378 -0.02560753
v -0.01216433 -0.02795403 0.01857577
v -0.02972593 -0.00558063 -0.02008033
v 0.02013647 0.05590947 -0.01297043
v -0.02956913 -0.00891508 -0.01355353
v -0.02956913 0.03814452 -0.00455713
v -0.02956913 0.04226542 -0.00919988
v -0.02314033 -0.02457548 0.01494977
v 0.03628687 0.01831667 -0.01446493
v 0.03801167 0.02284917 -0.00225903
v 0.03801167 0.03612572 -0.00800428
v 0.03001487 0.02377772 0.00039922
v 0.03644367 -0.02891443 -0.02190803
v -0.02611953 -0.03935143 -0.01935023
v -0.02125873 -0.05744958 -0.00669598
v -0.02282673 0.03497177 -0.02012198
v 0.03017167 0.02728612 0.01356062
v 0.00931727 0.00468242 0.03640932
v -0.03082353 -0.03306228 -0.00109283
v -0.02915508 -0.01546638 0.02125607
v -0.00343988 0.02908197 0.02955667
v -0.03856308 -0.01867343 -0.02432128
v -0.03840628 -0.03724198 -0.01889943
v -0.02868468 0.04972812 -0.00436848
v -0.02523508 0.01975972 -0.02134208
v 0.03607372 0.02268502 -0.00131578
v 0.00722252 -0.03010268 0.01914907
v -0.02648948 0.01001362 -0.02190803
v -0.03448628 0.03857082 -0.00750693
v 0.02823372 -0.01754888 0.01969052
v 0.01380812 0.04562192 0.01356552
v -0.02633268 0.02518892 -0.02175368
v -0.03432948 0.02553682 -0.00689198
v -0.00218548 -0.05597713 0.00435597
v 0.02995852 0.03768882 -0.02012443
v -0.02617588 -0.04419263 -0.02240538
v -0.02131508 -0.02470043 -0.02221918
v -0.03887668 -0.02553098 -0.02565653
v 0.03507657 0.03221552 -0.01282343
v 0.03037257 0.03867372 -0.00899408
v 0.03680137 -0.01957013 -0.02202808
v -0.03375863 -0.03991983 -0.01641023
v 0.02566857 0.04907152 0.00062217
v 0.02896137 0.03914902 -0.01614808
v -0.03846263 -0.01685798 -0.00605408
v 0.03382217 -0.02662858 -0.01534448
v -0.02858423 0.01324027 -0.01975448
v -0.00443703 -0.00108243 0.03711982
v -0.03328823 -0.01817853 -0.00361878
v -0.02999543 -0.00801103 -0.01100553
v -0.02827063 -0.00510288 -0.02172428
v -0.02638903 -0.01348923 -0.01529793
v 0.03789897 0.02748212 -0.02677863
v -0.03752183 -0.03468908 -0.01177238
v -0.03908983 -0.01864893 -0.02247643
v 0.03319497 -0.01824223 -0.01541308
v -0.03579703 0.02333672 -0.02057768
v -0.00365303 0.03444747 0.02616587
v 0.02692297 -0.04158338 -0.02156013
v 0.01249737 0.02076667 0.03223207
v -0.03564023 0.01622437 -0.02207463
v 0.02090822 0.03337927 -0.02252053
v 0.03376582 -0.02071918 -0.00157303
v 0.00491462 0.03106402 0.02822632
v -0.03522618 0.03512612 -0.00355018
v -0.02236858 -0.03261883 -0.02138373
v 0.03705862 0.02289082 -0.02723433
v 0.02106502 0.02856992 0.02563912
v 0.01949702 -0.01236223 0.03089437
v 0.03721542 -0.02169183 -0.02509058
v -0.03020858 -0.01403068 -0.01637593
v -0.02205498 -0.01652968 -0.02144253
v -0.03005178 -0.01685063 0.01522417
v 0.03580422 -0.01872243 -0.00430478
v 0.02780742 -0.00768518 -0.02219958
v 0.03423622 0.02608317 -0.02084963
v -0.03318778 0.03341112 -0.01423218
v 0.02623942 -0.01530958 -0.02220938
v -0.01390138 -0.00880238 0.03502752
v -0.03475578 -0.03245468 -0.01241428
v 0.02467142 -0.05737118 -0.01145633
v 0.03596102 -0.02278208 -0.02186148
v -0.02817018 -0.02270368 0.01264187
v -0.03930298 -0.01773753 -0.01148573
v -0.03114938 0.03562837 -0.00333703
v 0.03000262 0.02857237 0.01866887
v 0.03643142 0.03487377 -0.02410813
v -0.02769978 0.02543392 -0.02653608
v 0.03502022 -0.02495768 -0.02765328
v -0.00188413 -0.02231413 0.02201802
v 0.02226307 0.02696762 -0.02248623
v 0.03512067 -0.03782018 -0.01571933
v -0.02901053 -0.03100183 0.00949117
v -0.02901053 0.05148477 -0.01107413
v -0.02901053 -0.01202413 -0.00601733
v 0.02884867 -0.01075748 -0.02085208
v -0.03214653 -0.02977193 -0.02711673
v -0.02728573 0.00780127 -0.02202318
v 0.03543427 -0.01337163 -0.00884708
v 0.00015427 0.05546847 0.00087942
v -0.02540413 -0.03329993 -0.02035228
v 0.02759427 0.04246877 -0.02177328
v 0.03245507 0.01334072 -0.00941058
v 0.03574787 0.02621547 -0.01630488
v 0.01489347 0.04018047 0.01895307
v -0.03638013 -0.03957928 -0.00912883
v -0.03638013 0.02878062 -0.00200178
v -0.02509053 0.00794582 -0.02239558
v -0.03465533 0.02099452 -0.00176168
v -0.02822653 -0.05435768 -0.00910678
v -0.02979453 -0.01490778 -0.00625988
v -0.02164093 0.03316367 -0.02153808
v -0.02963773 0.01744447 -0.00236683
v -0.02963773 0.04096692 -0.00121533
v -0.01678013 -0.01938393 0.02264767
v -0.03120573 -0.03914073 -0.00780338
v -0.03277373 -0.01943538 -0.02535763
v -0.02148413 0.05451297 -0.02172673
v 0.03794307 0.02444902 -0.00198463
v -0.02305213 0.01781687 0.03029657
v -0.02932413 0.04784407 -0.02045763
v 0.03653187 0.02586512 -0.02159933
v 0.02853507 0.02125422 -0.02611958
v -0.01291648 -0.06219033 -0.02165323
v -0.03690688 0.01750572 -0.01068703
v 0.03067392 0.01214757 -0.01234568
v -0.03831808 -0.02456813 -0.02211628
v -0.02859648 -0.00256713 0.03066162
v -0.02373568 -0.01454518 -0.01703498
v 0.02941952 0.03286722 -0.02484558
v -0.02514688 -0.01372198 -0.01612848
v -0.00099968 -0.04850218 0.01165452
v 0.02800832 0.02248657 -0.02537478
v 0.02800832 -0.04885988 -0.00091398
v 0.02644032 -0.03720033 0.00903057
v -0.02326528 -0.01455743 -0.01755193
v -0.03126208 -0.03771238 -0.00591443
v 0.03459392 0.02946662 -0.01230158
v -0.03283008 0.02720282 -0.01761318
v 0.03302592 -0.02072408 -0.00928563
v -0.02295168 0.01403897 0.03146767
v 0.03004672 -0.00233438 0.02859872
v 0.03177152 -0.02306138 -0.00799693
v 0.03020352 0.02689167 0.01363902
v 0.03673277 -0.03282708 -0.01886023
v -0.02896643 0.02909177 0.02154762
v -0.03053443 0.01876502 -0.00266083
v -0.03022083 -0.04288678 0.00012972
v -0.02379203 0.05585802 -0.01801008
v 0.03579197 -0.02651098 -0.00612513
v -0.02677123 -0.01361418 -0.01080708
v -0.03633603 0.02603172 -0.00453508
v -0.02661443 -0.03382913 -0.02038903
v 0.02638397 0.04628097 0.00509097
v -0.03461123 0.01572457 -0.02205013
v -0.02818243 0.01548202 -0.02046988
v 0.02340477 -0.05816743 -0.02181983
v -0.03116163 -0.02739053 -0.02715838
v 0.02826557 0.05209237 -0.01055963
v -0.01187523 0.03318327 0.02575672
v 0.02669757 0.04118987 -0.01808603
v 0.02999037 -0.00928993 -0.01362458
v -0.02614403 0.03473167 -0.02143518
v -0.02771203 -0.02460733 -0.01955113
v 0.03014717 0.00708832 -0.01804928
v -0.03084803 -0.04099538 -0.01505048
v -0.02917958 -0.03847923 -0.02038413
v 0.03024762 -0.05311553 -0.01396268
v 0.03667642 -0.03654618 -0.01704968
v -0.03686278 0.02294472 -0.02496563
v -0.03043398 0.02122727 -0.00074248
v -0.03482438 0.02848172 -0.00677683
v -0.02353478 0.00555707 0.03280292
v 0.03589242 0.01298302 -0.01887983
v -0.03153158 -0.03335138 -0.00194053
v -0.02823878 -0.01773508 -0.01876468
v 0.02648442 -0.02274288 -0.02613673
v 0.03134522 -0.01894783 -0.00194298
v 0.03777402 0.01577847 -0.01938943
v -0.03607878 0.02836902 -0.02181983
v -0.03607878 0.03347237 -0.00901368
v -0.03921478 -0.02141743 -0.02320408
v -0.03921478 -0.02022183 -0.00820763
v -0.00064198 -0.00658758 0.03693852
v 0.02993402 0.01126312 -0.00596098
v 0.02036922 -0.05408818 -0.00034558
v -0.01334278 0.05681107 -0.01973733
v 0.03009082 0.02735472 0.00649727
v -0.03733318 -0.01712503 -0.02352258
v -0.02437513 0.01263757 -0.01934043
v -0.00508873 -0.00860638 0.03627947
v -0.02108233 -0.02965923 0.01501347
v 0.02548727 0.01253712 -0.02094763
v -0.01606473 -0.02479108 0.01803922
v 0.02250807 -0.06030873 -0.01802478
v -0.03848713 -0.03124928 -0.02193498
v -0.03503753 -0.02026838 -0.01393818
v -0.02845193 -0.02967148 -0.02386313
v -0.03158793 -0.04041963 -0.01540573
v -0.02515913 -0.00205998 0.03242562
v 0.02783927 -0.05562433 -0.02159198
v 0.00698487 -0.06222953 -0.00771273
v 0.01341367 -0.01810503 0.02519812
v -0.02986313 0.03149277 0.01714987
v 0.03599287 -0.02293888 -0.00413083
v 0.00714167 -0.06235938 -0.02221673
v -0.03299913 0.02268012 -0.01837513
v -0.02327753 -0.01187958 -0.02081533
v -0.02484553 -0.03984388 -0.02016608
v 0.02658487 0.01901492 -0.01982308
v 0.02658487 -0.01872243 -0.02481863
v 0.02830967 -0.04336943 -0.02149643
v -0.02609993 0.02071032 -0.02327513
v 0.03019127 0.01956127 0.01172067
v -0.03556428 0.03820332 -0.00777398
v -0.00012748 -0.03902313 0.01700287
v -0.02254988 0.04118742 0.01488362
v 0.02888052 0.04447287 -0.02128573
v 0.02731252 0.04122907 -0.01345063
v -0.02082508 -0.04913673 0.00512772
v -0.03525068 -0.02113813 -0.01586633
v -0.02866508 0.04040342 -0.01870833
v -0.02678348 -0.01236223 -0.00875153
v -0.02192268 0.03036577 -0.02200358
v 0.03750452 0.02292757 -0.00163183
v 0.03750452 0.03616982 -0.00632358
v 0.03280052 0.02881002 -0.00100463
v -0.02976268 0.03797792 0.01010857
v 0.02323572 -0.05697183 -0.02249848
v -0.03775948 -0.02158893 -0.00892548
v -0.01361228 -0.04802933 0.00964552
v 0.02496052 0.01048402 -0.02261363
v 0.02339252 0.01465637 -0.01979123
v 0.02982132 0.04449982 -0.01956338
v 0.02982132 0.04119477 -0.00452528
v 0.00269492 -0.06460848 -0.01504068
v 0.02841012 -0.04077243 -0.01810073
v 0.02841012 -0.05113348 -0.00437338
v 0.02841012 0.04093507 -0.01839228
v -0.03415308 -0.02995323 -0.01974468
v -0.02772428 -0.03289813 -0.02203053
v 0.01727732 -0.05970358 -0.02239803
v 0.03013492 -0.00964273 -0.01748578
v 0.02057012 0.01536932 0.03175677
v 0.00640177 0.04843207 0.01203427
v 0.03854577 0.03237722 -0.00563513
v -0.03687503 0.01857147 -0.02193253
v -0.03358223 0.02011007 -0.01537143
v -0.03515023 -0.02129738 -0.01236773
v 0.03713457 0.03853407 -0.01621423
v -0.03028943 -0.03391243 0.00078142
v -0.02386063 -0.01451333 -0.01724568
v 0.03556657 -0.03143058 -0.01018968
v 0.02114097 -0.02091028 0.01851207
v 0.03243057 -0.02206423 -0.01967363
v 0.03086257 0.03828662 -0.01954623
v 0.02929457 0.03367327 0.01706167
v -0.03812943 -0.03351063 -0.00830318
v 0.02615857 -0.03510803 -0.02027878
v 0.03101937 -0.03818523 -0.01242408
v -0.03640463 0.03231597 -0.00679153
v -0.02825103 -0.02009688 -0.01915668
v 0.03603697 0.01949512 -0.01082913
v 0.03446897 0.03375412 -0.02514448
v 0.02976497 0.01449467 -0.02157728
v -0.03765903 -0.02060648 -0.01875978
v 0.03462577 -0.02338478 -0.00690423
v -0.02950543 -0.02782663 -0.02617593
v -0.03264143 0.03328617 -0.01272053
v 0.02678577 0.02483612 -0.02020038
v 0.02678577 -0.03963318 -0.01873038
v -0.03577743 -0.03097243 -0.01959033
v 0.03650737 -0.02714553 -0.02692073
v -0.03405263 -0.02173348 -0.00155833
v 0.03823217 0.03407997 -0.02368183
v 0.02861102 0.03945282 -0.01109863
v -0.00494418 0.04641082 0.01501837
v 0.00148462 -0.06340798 -0.02185413
v 0.02892462 -0.03541673 -0.02278268
v -0.00949138 0.05501522 -0.02183208
v 0.03551022 -0.01782818 -0.01871813
v -0.02376018 -0.01356273 -0.01688553
v -0.02532818 0.02117092 -0.02122693
v 0.03253102 -0.02228718 -0.01784103
v 0.03739182 0.01421782 -0.01009658
v -0.03646098 0.02168787 -0.00649018
v -0.03003218 -0.00119513 -0.01860788
v -0.03003218 0.01474212 0.02511482
v -0.02360338 -0.05593058 -0.02255728
v 0.00211182 -0.06145043 -0.00463063
v 0.02782702 0.04114822 -0.01175523
v -0.02987538 0.02842782 0.00467692
v 0.03284462 0.03669167 -0.02234658
v -0.03457938 -0.02527373 -0.00884463
v 0.03456942 0.03014282 -0.01147103
v 0.02657262 -0.04082143 -0.02094028
v 0.01214702 -0.00603388 0.03570617
v -0.02799378 0.04597472 0.00489007
v -0.02454418 0.05546357 -0.01550863
v 0.03488302 -0.02727783 -0.00712228
v 0.03488302 0.01943632 -0.01283568
v -0.03400853 0.01941917 -0.01310028
v -0.02271893 0.01767232 -0.02009013
v 0.02871147 -0.00940508 0.02877267
v 0.00142827 -0.05235358 0.00834702
v 0.00472107 0.04276522 0.01877912
v -0.02256213 -0.01294778 -0.02104073
v -0.03698773 -0.02708428 -0.00695323
v 0.02730027 -0.02427903 0.01198527
v 0.02730027 0.01186582 -0.02143273
v -0.01440853 -0.05167738 0.00600972
v 0.01459947 0.01213287 0.03427782
v 0.02745707 0.04027847 -0.01339918
v -0.02695253 -0.02181433 -0.01883818
v -0.03494933 0.01449467 -0.01974713
v 0.02933867 0.04323072 -0.01827223
v 0.02463467 -0.04117913 -0.02180758
v -0.03636053 -0.03150653 -0.00142113
v -0.02993173 -0.03558333 -0.02349073
v 0.01679467 0.02582347 0.02874817
v 0.02965227 0.01048647 -0.01806643
v -0.03291093 0.02211172 -0.01363928
v -0.03447893 -0.02735868 -0.02768513
v -0.02805013 -0.01222503 0.02722917
v -0.02961813 -0.03748943 0.00608567
v 0.02980907 0.00093147 -0.02022243
v 0.03623787 -0.03640898 -0.01932328
v -0.03745813 -0.03271438 -0.01921303
v -0.03087253 0.03948957 -0.00862903
v 0.02855467 0.04971587 -0.00422393
v -0.02601173 0.02284182 -0.02358628
v -0.01315413 -0.01184528 0.03316062
v 0.03341547 -0.02280903 -0.00081598
v -0.03390808 0.02705337 -0.01564093
v 0.02881192 -0.03869483 -0.01792188
v -0.02889048 -0.03404228 -0.02370633
v 0.02896872 -0.00637688 -0.02139843
v 0.02097192 -0.03953273 -0.02240538
v -0.03359448 -0.02863023 -0.01977653
v 0.02426472 0.01314717 -0.02029838
v 0.03555432 0.03190682 -0.01690513
v 0.01313192 -0.02530068 0.01866642
v -0.02857688 -0.00980933 -0.01764993
v 0.00842792 -0.02349993 0.02039122
v 0.02771432 -0.05276273 -0.00614228
v 0.03257512 -0.01259988 -0.00846733
v 0.02457832 0.03870312 -0.01850498
v -0.03641688 0.02357192 -0.02131513
v -0.01713048 0.04920137 0.00735722
v -0.02512728 -0.01278118 -0.01506518
v -0.03469208 -0.01569423 -0.00657103
v 0.03116392 0.01294872 -0.00897203
v 0.03759272 0.01890467 -0.00925378
v -0.03782808 -0.03865318 -0.00876868
v -0.00725208 0.05058562 0.00850872
v 0.03774952 0.02893497 -0.02205993
v 0.02332392 0.01895612 -0.01994313
v -0.00395928 -0.06068113 -0.02265528
v -0.03281048 0.02915302 -0.01676058
v -0.03437848 -0.02773598 -0.00838403
v 0.02504872 -0.01964608 -0.02176103
v -0.02951768 -0.05198608 -0.02065363
v 0.02677352 -0.04428083 -0.02249358
v -0.02293208 -0.05939978 -0.01378873
v 0.03006632 -0.04799503 -0.00355508
v -0.01164248 0.05218547 0.00470632
v -0.03406488 0.02758257 -0.01313703
v -0.03882523 -0.02434028 -0.02326288
v 0.03189157 -0.02483273 -0.00753633
v 0.03189157 -0.01127198 -0.01644943
v -0.01781403 -0.05948308 -0.02239068
v -0.03223963 0.03226697 -0.01293858
v -0.02095003 -0.03086708 -0.02228043
v -0.02879003 -0.02155953 -0.02037923
v -0.03035803 -0.02129003 -0.00085273
v 0.02906917 -0.03735958 -0.01991618
v 0.00021797 -0.04199988 -0.02271163
v 0.03236197 0.03317347 -0.00283478
v -0.03663003 0.03542257 -0.01908563
v 0.02922597 0.03982522 -0.00737218
v -0.01091483 -0.03765113 0.01626542
v 0.03424357 -0.02496748 -0.01437673
v -0.02831963 -0.04776718 -0.02180758
v 0.01040997 -0.02185598 0.02130262
v 0.02169957 -0.01903603 -0.02222408
v 0.02985317 -0.03898638 -0.01211048
v -0.00385883 -0.06487063 -0.01890188
v 0.03471397 0.02313582 -0.00825908
v -0.03913883 -0.01679428 -0.02066343
v -0.03271003 0.03104442 -0.01716238
v 0.02671717 0.03930337 -0.01722608
v -0.02784923 -0.01368523 -0.00992998
v -0.03584603 0.02485572 -0.00633093
v 0.02844197 0.01280907 0.02886577
v 0.03816357 0.03487377 -0.01297288
v 0.01897762 -0.05825073 -0.00628928
v -0.02915998 -0.00189338 -0.02084228
v -0.03072798 -0.03093323 -0.02656548
v -0.03229598 0.02591167 -0.00734523
v 0.01756642 -0.03609783 0.01449897
v -0.01614558 0.05657097 -0.01105208
v -0.03527518 0.01995572 -0.01679978
v -0.02398558 0.02388552 -0.02117303
v 0.02587682 -0.00895428 -0.02266263
v -0.00783518 -0.06475058 -0.01915178
v -0.02226078 -0.06049493 -0.01916403
v -0.02382878 -0.02566083 -0.02139108
v 0.00188642 0.05293272 0.00559567
v -0.01881118 -0.05306408 0.00200887
v -0.02665118 -0.01182568 -0.00936893
v 0.02634722 0.04099142 -0.01486918
v -0.03464798 -0.02090293 -0.01426893
v -0.03621598 0.03694157 -0.01613093
v -0.02806238 0.04370112 -0.02115343
v 0.00580642 -0.01029198 0.03548567
v 0.01066722 0.05619367 -0.01276953
v 0.02524962 0.04210617 -0.02231718
v 0.03653922 0.01272332 -0.01273523
v 0.02054562 0.05118097 0.00081327
v 0.02697442 -0.03367968 -0.02240048
v 0.02697442 -0.00071983 -0.02263568
v -0.03721313 -0.01983718 -0.00266083
v -0.03078433 0.03937687 -0.01824528
v 0.02064607 -0.01420463 0.02836107
v 0.02707487 -0.02997283 -0.02605833
v 0.02707487 -0.01324668 0.02669507
v 0.01609887 -0.06216828 -0.01374708
v -0.02717793 0.05283227 -0.01007943
v -0.03031393 0.01341177 -0.01047633
v -0.03188193 0.02610767 -0.02035718
v 0.03569887 0.01616802 -0.02407873
v -0.03329313 0.03180882 -0.00971438
v -0.02686433 0.02934657 0.02287307
v -0.03799713 -0.03491203 -0.01698353
v -0.03156833 -0.04031918 -0.01211293
v -0.02670753 0.05438312 -0.02005093
v -0.01384993 -0.06379998 -0.01825263
v 0.01186527 0.05476042 -0.02207953
v -0.00412833 0.03837972 0.02297352
v -0.03784033 -0.03040158 -0.02685948
v 0.01359007 -0.01130628 0.03352077
v 0.02001887 0.04256677 0.01432992
v 0.03287647 -0.02985523 -0.01336488
v -0.03454753 -0.02893648 -0.02047233
v -0.03454753 -0.03179563 -0.01390878
v -0.03611553 0.01994837 -0.00294993
v 0.02331167 -0.05928953 -0.01508723
v 0.02174367 -0.04345028 0.00880027
v -0.03439073 0.03198277 -0.00135008
v 0.03789407 0.01724112 -0.01893618
v 0.02989727 -0.01525078 0.02015847
v 0.02832927 0.03960472 -0.01347268
v -0.00851873 -0.01232303 0.03357222
v -0.03580193 -0.02115773 -0.01777978
v -0.03094113 -0.01558643 -0.00639953
v -0.01808353 0.01340932 0.03329292
v -0.01165473 0.04601882 0.01416332
v -0.02121953 0.03589297 0.02070237
v 0.03021087 -0.03238363 0.00414037
v 0.03830812 0.02784962 -0.00204343
v -0.03052708 -0.03121008 -0.00008098
v 0.02890012 0.01085887 -0.02088638
v -0.03209508 0.02668832 -0.01963198
v 0.03062492 -0.02251258 -0.00008098
v -0.00622308 0.05661507 -0.01930858
v 0.03721052 0.03778437 -0.00881278
v 0.03564252 -0.02265958 -0.00588993
v -0.03491748 -0.02398993 -0.02003623
v -0.02989988 0.04143732 -0.01040283
v -0.03146788 -0.03980468 -0.01850008
v -0.02503908 -0.01325893 -0.01251473
v 0.03438812 -0.03660498 -0.02079573
v 0.03438812 0.02610277 -0.02782478
v 0.03282012 -0.01954318 -0.01691248
v 0.01525852 0.05572082 -0.02083493
v -0.02801828 0.03762757 -0.02113873
v -0.03758308 -0.01400618 -0.01259068
v 0.02827292 0.02712687 -0.02586968
v 0.03470172 -0.03206023 -0.01445023
v -0.03272228 -0.02466858 -0.02737153
v -0.02786148 -0.01119113 -0.01158373
v 0.03799452 0.01568292 -0.01639553
v 0.03799452 0.03068672 -0.00250893
v 0.02999772 -0.03611498 0.00535802
v -0.02456868 0.03863452 -0.01875243
v -0.03899428 -0.02111118 -0.02526208
v -0.03256548 0.03038047 -0.01055473
v -0.01155428 -0.00077618 0.03627947
v -0.03883748 -0.02384048 -0.00635298
v -0.03074023 -0.01409438 -0.00986628
v -0.02587943 0.01844407 -0.02131023
v -0.02744743 -0.03095038 -0.02053113
v -0.02901543 -0.00836873 -0.02078593
v 0.02727577 -0.00782238 0.03016182
v 0.02413977 -0.04015993 -0.02023223
v -0.03669863 -0.01958728 -0.02567123
v 0.03558617 -0.01927613 -0.00688463
v -0.03340583 0.02856257 -0.02023713
v 0.00689177 -0.01224218 0.03381967
v -0.02995623 0.00750972 -0.01243633
v -0.02995623 0.00897237 -0.00520883
v -0.03952103 -0.01961423 -0.00583113
v -0.03466023 -0.03121008 -0.01781653
v 0.03119577 -0.01945498 -0.01248288
v -0.02979943 0.04036177 -0.01750048
v 0.02962777 0.02801867 0.02102332
v 0.00234457 -0.00086683 0.03721782
v 0.01520217 -0.02263753 0.01909517
v -0.03450343 -0.02655018 -0.02054093
v -0.03121063 0.01562167 -0.00573313
v -0.02478183 -0.01879838 -0.01802968
v -0.03591463 0.02770752 -0.00126433
v 0.02994137 0.00981762 -0.01222073
v 0.02837337 0.01967887 -0.02360343
v 0.02523737 0.02108762 -0.01996028
v 0.02523737 0.01159632 0.03074982
v -0.02932903 0.04065087 -0.00717618
v -0.00518183 0.05441252 0.00243027
v -0.01935018 0.00851912 0.03391767
v -0.02734698 0.04627607 -0.02181493
v -0.03361898 -0.03865318 -0.00760003
v -0.01433258 0.01102792 0.03476782
v -0.02875818 -0.03750658 -0.02058748
v 0.03709782 -0.02736113 -0.02604608
v -0.02389738 -0.01110048 0.03051217
v 0.02267222 0.04068517 -0.02217998
v 0.01310742 0.03152707 0.02648437
v -0.03503018 0.03953612 -0.01470013
v -0.03016938 -0.05109183 -0.00987853
v -0.03016938 -0.01001268 0.00674717
v 0.02925782 0.02298637 0.02446557
v 0.02768982 0.01703042 -0.02141803
v 0.02768982 0.05349622 -0.01504313
v -0.03330538 0.02035752 -0.01394553
v -0.02828778 0.05259217 -0.02080553
v 0.03129622 0.03369777 -0.02487253
v 0.02173142 0.03776967 -0.02215548
v 0.03458902 -0.03689653 -0.00887158
v -0.03283498 0.02970672 -0.00813168
v 0.01059862 -0.06034793 -0.02263078
v -0.02954218 -0.04138983 -0.01989903
v 0.00746262 0.03568472 0.02472037
v 0.02674902 -0.01225933 -0.02098928
v 0.03317782 -0.02505323 -0.02135923
v 0.03160982 0.01501652 -0.00613248
v 0.03160982 0.01762822 -0.00342033
v 0.03803862 0.01823582 -0.02460058
v 0.03803862 0.02758257 -0.00514268
v -0.02938538 0.04221397 -0.01777243
v -0.02938538 -0.01969018 0.01447202
v 0.03004182 0.02241062 -0.02723188
v 0.03647062 0.02525262 -0.01475893
v -0.02452458 0.04207922 -0.02175368
v 0.02204502 -0.02467348 0.01519477
v 0.02047702 -0.01445698 -0.02231718
v -0.03408938 0.02128117 -0.02629843
v 0.02873107 -0.04041963 -0.01689043
v -0.03869293 -0.03639183 -0.01564828
v -0.02254253 0.05576492 -0.01965403
v 0.03045587 0.02813627 -0.02730293
v 0.01446227 -0.02971313 0.01737282
v -0.03367533 -0.01545903 -0.02156503
v -0.03681133 -0.03407413 -0.01583448
v -0.01909293 0.03367572 -0.02239313
v 0.01947987 0.01667517 -0.02282923
v -0.02865773 -0.05628093 -0.02039148
v -0.02222893 0.01561922 -0.02014403
v 0.03719827 0.03448667 -0.00394953
v -0.00294253 -0.06436103 -0.02055563
v -0.03022573 -0.05285093 -0.01433508
v -0.03649773 0.02659767 -0.02654098
v 0.02779027 0.05396662 -0.01898518
v -0.03634093 0.02538002 -0.00126678
v -0.03634093 0.01926482 -0.00946448
v -0.03790893 -0.03922893 -0.01632203
v -0.02661933 0.01257632 -0.02013423
v 0.02967187 -0.00980198 -0.01963443
v -0.03289133 0.01458777 -0.00820273
v -0.02316973 -0.04063523 -0.02194478
v 0.03625747 -0.02870128 -0.00388338
v 0.00254547 0.04652597 0.01499387
v 0.03312147 -0.03108023 -0.01530283
v -0.03900653 -0.01786248 -0.01378873
v 0.02684947 -0.02503853 -0.02689868
v 0.03014227 0.02084017 0.00147477
v 0.03014227 -0.04470713 -0.01876958
v 0.03657107 0.01489157 -0.02218733
v -0.03075248 -0.01923693 -0.02397583
v 0.03039952 0.01223577 -0.01845843
v 0.03055632 0.02554662 -0.00055873
v 0.03384912 -0.03807743 -0.01260293
v -0.02871408 -0.04982273 -0.00268778
v -0.03012528 0.01929667 -0.00127413
v -0.03012528 -0.00694528 -0.00902103
v -0.02683248 0.03524127 0.01833077
v 0.00860432 -0.06438063 -0.01679733
v -0.03467248 -0.02426188 -0.00824928
v 0.03761232 0.01756942 -0.00497118
v -0.03624048 0.02602437 -0.02168018
v 0.02961552 -0.04179163 -0.01377158
v 0.02992912 -0.04357768 -0.01925958
v 0.02992912 0.01443832 -0.00503488
v -0.02620528 -0.01423893 -0.01666503
v 0.01236752 -0.05134173 0.00704607
v -0.03577008 -0.02160608 -0.01012353
v -0.02934128 0.04097917 -0.01812768
v -0.03394483 0.02653887 -0.02071488
v -0.02108723 -0.00128823 0.03394952
v 0.00478477 -0.05105263 0.00926087
v -0.02249843 -0.03981938 0.01076762
v -0.02406643 -0.03155798 -0.02125633
v 0.02093517 -0.01163213 -0.02253523
v 0.02579597 -0.02828478 -0.02084963
v -0.03519923 -0.02268898 -0.01018478
v -0.03519923 -0.02250523 -0.01768178
v 0.03724237 0.02954502 -0.02091578
v 0.03724237 0.01921092 -0.02580598
v -0.03661043 0.02169522 -0.00382948
v 0.03410637 0.02829797 -0.01993823
v 0.02940237 -0.04404073 -0.02033513
v 0.03755597 0.01954412 -0.02050908
v 0.02955917 0.01076087 -0.02002643
v 0.00556877 -0.06476283 -0.01895088
v -0.02971123 -0.01302373 -0.00374128
v -0.02971123 0.00233777 -0.01988923
v -0.01826483 -0.06237163 -0.01816198
v 0.02830477 0.01518557 -0.02144743
v 0.02830477 -0.01488573 0.02364237
v 0.03002957 0.01886057 -0.00168328
v 0.01560397 0.05574777 -0.00783523
v 0.03332237 0.03703222 -0.00677193
v 0.03018637 -0.05350508 -0.01797578
v -0.02438003 0.01923787 -0.02086433
v -0.02438003 0.01406592 -0.01885533
v -0.02114358 0.03674557 -0.02165813
v 0.03028682 -0.00328253 0.01650552
v -0.02584758 -0.02213283 -0.01891903
v -0.03541238 0.03699547 -0.00590463
v -0.02898358 -0.05654798 -0.01645188
v -0.03854838 -0.03849148 -0.01430568
v 0.02417162 -0.03426768 -0.01960748
v -0.02396598 -0.01165663 -0.01785818
v -0.02553398 -0.04627023 0.00423102
v 0.03232522 -0.02172613 -0.01002553
v 0.03232522 0.02348127 -0.00131578
v 0.03075722 0.03682887 -0.00529948
v 0.03718602 0.02045797 -0.00287153
v -0.03666678 0.01929667 -0.00752653
v -0.03023798 0.01309817 -0.01636858
v -0.03023798 -0.00282928 0.01606452
v 0.02762122 0.03387907 -0.02141068
v 0.01319562 -0.04053968 0.01423437
v -0.02694518 -0.02884338 -0.01969078
v 0.02464202 0.01844652 -0.01957318
v 0.02464202 -0.02276003 -0.02154053
v -0.02992438 -0.00978483 -0.00635053
v -0.03306038 -0.04010113 -0.01373728
v -0.02663158 0.03998937 -0.01936493
v 0.03279562 -0.01859748 -0.01171113
v 0.03765642 0.02208477 -0.02217018
v 0.03608842 0.01898062 -0.01697863
v -0.02804278 0.03497422 -0.02386313
v -0.03603958 -0.03917258 -0.02016118
v -0.02318198 -0.01322953 -0.01775283
v -0.03274678 0.02121257 -0.01592023
v 0.01397962 0.05161462 0.00455932
v 0.02856202 -0.04155153 -0.02027143
v 0.02699402 0.03203667 -0.02084473
v -0.02590393 -0.01095348 -0.01804193
v -0.03390073 0.02529427 -0.01441838
v 0.03524807 -0.03256003 -0.00368983
v 0.02725127 0.05308462 -0.02183943
v 0.03368007 -0.02280658 -0.01327423
v -0.03045113 0.02647272 -0.00020348
v 0.02897607 -0.02246358 0.01192892
v 0.02897607 -0.02508263 -0.02778313
v -0.03844793 -0.03418193 -0.02414488
v -0.03186233 0.03248992 -0.00145788
v 0.02442887 0.05370937 -0.02223633
v -0.03013753 0.01099852 0.01691957
v -0.03013753 -0.04271283 -0.01500883
v 0.02772167 -0.05750593 -0.01968343
v -0.02198393 -0.04238698 -0.02249848
v 0.03101447 0.02146982 -0.00108548
v 0.03744327 0.02501252 -0.02220693
v -0.02998073 -0.01904828 0.01207592
v -0.02355193 -0.01984943 -0.01842168
v 0.02944647 0.03972232 -0.00919498
v 0.02787847 -0.05259858 -0.02208933
v -0.02794233 -0.03916278 -0.02007053
v 0.02991687 0.02193532 0.02375752
v -0.03107833 0.02123707 -0.02631313
v 0.02364487 -0.05560473 -0.00606633
v 0.03493447 0.03057157 -0.01082913
v 0.03503492 -0.01849948 -0.02589908
v -0.02909628 -0.01731123 -0.01947028
v -0.02909628 0.00531207 0.03015447
v 0.03033092 -0.04205378 -0.00515983
v -0.03866108 -0.01908993 -0.00365308
v 0.02405892 -0.01524343 -0.02082513
v -0.03850428 -0.03399818 -0.01993088
v -0.03364348 -0.01331038 -0.01338938
v 0.03864132 0.03053972 -0.02465203
v 0.03707332 0.03039272 -0.02660958
v -0.03019388 -0.04085328 -0.01858583
v -0.00416508 -0.05864763 0.00035757
v -0.03787708 -0.01410173 -0.01526853
v 0.03440772 -0.01479753 -0.00547588
v -0.03615228 0.03481007 -0.00486338
v -0.03129148 0.02028647 -0.00193073
v -0.03129148 0.01403652 -0.01880633
v 0.02986052 -0.00730053 0.02840027
v -0.01184828 0.05495397 -0.00123003
v -0.03270268 0.02302312 -0.00909943
v -0.02940988 0.01089072 -0.01784348
v 0.00916292 -0.05399508 0.00535557
v 0.03487812 0.03766432 -0.02030328
v 0.03487812 -0.02401933 -0.00119083
v -0.01968828 0.04010452 -0.02233188
v -0.02925308 -0.00957413 -0.01029013
v -0.02272383 -0.01638513 -0.01928163
v -0.03526783 0.01425212 -0.00888138
v -0.03526783 0.03910492 -0.01111088
v 0.03058817 -0.02750568 -0.00008343
v 0.03701697 0.01610677 -0.00561308
v 0.02902017 -0.02086618 0.01378847
v 0.03074497 0.03596892 -0.02253768
v -0.03025023 -0.02947548 0.00109747
v -0.03025023 -0.04046373 -0.00941303
v -0.01409983 -0.02190743 0.02045737
v -0.02366463 0.03291867 -0.02079328
v 0.01976897 -0.04931068 0.00525757
v -0.03464063 -0.03020313 -0.00957718
v -0.02977983 -0.00389748 0.02872367
v -0.02977983 -0.05588403 -0.01849028
v 0.02651137 -0.01089468 -0.02174143
v -0.03605183 -0.01822263 -0.00354038
v -0.03605183 0.03152707 -0.02599708
v -0.03761983 -0.02691278 -0.02743523
v 0.02023937 -0.02305648 -0.02279738
v -0.00061503 -0.06239858 -0.00681113
v 0.02996097 -0.05212818 -0.00956003
v 0.02854977 0.03819842 -0.01845843
v -0.03244543 0.02446127 -0.00940078
v -0.02601663 -0.01289388 -0.00970703
v -0.00673023 0.02152127 0.03291562
v 0.03021822 -0.03840573 -0.00261673
v -0.02591618 0.05034307 -0.02221428
v -0.02748418 -0.01067173 -0.01995538
v -0.03704898 -0.02979398 -0.02721473
v -0.03704898 -0.01662278 -0.00542933
v -0.02419138 0.02753357 -0.02096478
v 0.03852862 0.03524372 -0.01020683
v -0.02074178 -0.03511293 0.01370272
v -0.03030658 -0.04538578 -0.00874173
v 0.03241342 -0.02270368 -0.01088548
v -0.02858178 -0.01282283 -0.01297778
v 0.03084542 0.01367637 -0.02059728
v -0.03014978 -0.05093013 -0.01917138
v 0.02614142 -0.04590273 -0.02275328
v -0.02999298 0.00140187 -0.00087723
v -0.00427778 0.05549052 -0.02168263
v -0.02983618 -0.01367543 0.02133692
v 0.03445182 0.02846702 -0.01764013
v -0.01525378 0.03689747 0.02209152
v 0.03460862 0.02193042 -0.01791453
v -0.01995778 -0.05549448 -0.00225903
v -0.02795458 -0.02756693 -0.01990638
v -0.03595138 0.02168052 -0.01955113
v 0.03633342 0.01233622 -0.01551353
v -0.03579458 0.03832582 -0.01621423
v 0.03492222 -0.02830193 -0.00155588
v 0.02692542 -0.04026528 -0.01919833
v 0.03821502 0.01791242 -0.02190068
v -0.03240133 0.03640992 -0.02326778
v -0.03553733 0.03387172 -0.01801253
v -0.02581573 -0.05339728 -0.00446648
v -0.01938693 0.01951717 -0.02245193
v -0.00809733 -0.01529978 0.03000992
v 0.02091067 0.05490252 -0.02189823
v 0.02091067 -0.05888283 -0.00975603
v 0.02733947 0.04154267 -0.02013423
v 0.00648507 -0.00696243 0.03647057
v -0.03679173 -0.01461868 -0.00901858
v 0.03564987 -0.03450288 -0.02350053
v -0.01875973 -0.02418838 -0.02251318
v 0.03439547 0.02027177 -0.01216928
v 0.03141627 -0.03413293 -0.00439788
v 0.02341947 0.03396972 -0.02004603
v 0.02984827 -0.03879773 -0.01427873
v 0.00256507 -0.00934873 0.03614717
v -0.02942213 0.01201772 -0.01058903
v -0.03741893 -0.03842778 -0.02103093
v -0.03569413 -0.03560048 -0.00376088
v -0.02283653 0.04672932 0.00747237
v 0.03016187 0.03862472 -0.01663808
v 0.03502267 0.01880667 -0.02606813
v -0.02916488 -0.01134058 0.02659707
v 0.03669112 0.02118562 -0.00825418
v 0.02869432 0.03756142 0.01437647
v 0.02712632 -0.02150808 0.01439607
v 0.03041912 -0.01022583 -0.01034158
v -0.01912968 0.03034127 0.02559747
v -0.02712648 -0.00653858 0.03102667
v -0.02712648 -0.04993298 -0.02221428
v -0.03512328 0.01476662 -0.00739913
v -0.02869448 -0.04627758 0.00143067
v -0.03669128 0.02064907 -0.01992843
v 0.02273592 -0.04050538 -0.02197908
v 0.03088952 0.03374432 -0.00229578
v 0.03104632 -0.01580693 -0.00380988
v -0.02994888 0.01939467 0.02494087
v -0.01834568 0.00692417 -0.02250828
v 0.03465272 0.02786187 -0.02070508
v -0.03433928 0.03759327 -0.02170468
v 0.02994872 -0.01223483 0.02461012
v -0.03747528 -0.03476503 -0.01482263
v 0.03810232 0.03254627 -0.02500728
v 0.03010552 0.00598092 0.00340292
v 0.02550197 0.02036487 -0.01967608
v 0.03193077 -0.02573678 -0.00961393
v -0.02906443 -0.03141098 -0.02513713
v -0.02890763 0.02144042 0.02589882
v 0.02409077 -0.03183728 0.01255367
v -0.03847243 -0.03504433 -0.00471883
v -0.02561483 -0.01166643 -0.01580508
v -0.01589323 -0.03978263 0.01396977
v 0.01954357 0.00075507 0.03414307
v -0.03016203 -0.04087043 -0.00745793
v 0.02283637 -0.00952268 0.03173227
v 0.02926517 0.04344142 -0.01364418
v 0.01970037 0.01237787 -0.02286598
v -0.02843723 0.01187072 -0.01407538
v 0.03741877 0.01751552 -0.01328158
v 0.03585077 -0.03438038 -0.00605653
v -0.03612043 0.01529337 -0.00722763
v 0.03459637 -0.01845783 -0.00976338
v -0.03282763 0.01651347 -0.00512308
v 0.03632117 0.02887372 -0.00760493
v -0.03267083 0.02222197 -0.01115253
v -0.02781003 -0.04251438 -0.02179043
v 0.03804597 0.01944122 -0.00682583
v 0.03046322 0.01219412 -0.00880788
v -0.02410318 -0.05703308 -0.02219223
v 0.02089842 0.04127562 -0.02283658
v 0.03704882 0.03352137 -0.01480793
v -0.03680398 -0.01964608 -0.01371278
v -0.03037518 -0.04127468 -0.01247553
v 0.02920882 0.01899777 0.02634717
v 0.02920882 -0.05619763 -0.01820853
v 0.03563762 -0.02082943 -0.00279313
v -0.02049678 0.05611037 -0.01233098
v -0.03006158 -0.01542473 -0.00426313
v -0.03633358 -0.02530558 -0.00067143
v -0.02990478 -0.03331953 -0.02511753
v 0.02952242 0.01066042 -0.01462418
v 0.03595122 0.01566822 -0.00554448
v 0.02638642 0.01397037 -0.02057278
v 0.03124722 0.02992967 -0.00087968
v -0.03617678 0.03448422 -0.02367938
v -0.02645518 -0.01043163 -0.02154788
v -0.03445198 -0.02512428 -0.01861768
v 0.03783282 0.03097582 -0.00717618
v -0.02959118 0.01117737 -0.00774458
v -0.03115918 0.01362002 -0.01012108
v 0.02513202 0.02491942 -0.02078593
v 0.02356402 -0.05073903 0.00105092
v 0.02999282 0.03871292 0.01010122
v 0.02999282 -0.01283508 -0.02103093
v -0.03100238 0.03744382 -0.00533133
v 0.03485362 -0.03328033 -0.02476718
v -0.03899918 -0.01593923 -0.01739023
v 0.03657842 -0.01736758 -0.02349808
v -0.02431633 -0.03558578 -0.01967118
v 0.03683567 0.02649477 -0.02753078
v -0.01929873 0.02755072 -0.02244703
v 0.03369967 -0.01151208 -0.01663318
v 0.02413487 -0.01209028 0.02947337
v 0.03542447 0.01436972 -0.02174633
v 0.03228847 -0.02136108 -0.01167928
v 0.03228847 -0.02717738 -0.00819048
v -0.02870673 0.01814517 -0.02402483
v 0.03072047 -0.01053208 -0.01640778
v -0.03497873 -0.02970823 -0.01116723
v -0.03654673 0.03008647 -0.02561733
v 0.02131247 0.05330512 -0.02265773
v 0.02774127 -0.05704043 -0.01622648
v 0.02460527 0.01432072 -0.01920568
v -0.03638993 -0.03815338 -0.02205258
v 0.03605167 0.02558827 -0.01276953
v 0.03448367 0.01948287 -0.01487898
v 0.03448367 -0.01300413 -0.00785483
v 0.03448367 -0.01359213 -0.02181003
v 0.03448367 0.03024327 -0.01433998
v -0.02651153 0.02557847 -0.02537478
v 0.03291567 -0.02860573 -0.01286753
v -0.03450833 0.02693087 -0.02737888
v 0.03777647 0.02122972 -0.00358693
v 0.02977967 0.04402697 -0.01132158
v -0.02792273 0.02180547 0.02638637
v -0.03905553 -0.01943293 -0.02028368
v 0.03166127 0.02080587 -0.00162693
v -0.03733073 -0.02487928 -0.00717373
v 0.02235372 0.03171327 -0.02176348
v 0.03364332 0.02742087 -0.00874663
v -0.03048788 -0.03957683 -0.00712963
v -0.02876308 -0.01402823 -0.00780828
v 0.03709292 0.03199992 -0.00952573
v 0.03709292 0.01322557 -0.01761808
v -0.03346708 -0.03381933 -0.00264123
v -0.02202068 0.01917662 -0.02143763
v -0.03628948 -0.02482048 -0.01489858
v -0.02986068 0.00391802 0.02791762
v -0.02343188 0.01116757 -0.02194968
v 0.01357292 -0.06333693 -0.01885288
v -0.02813588 0.01098137 -0.01410233
v 0.03458412 0.02373117 -0.01787043
v 0.01859052 -0.03200878 0.01536872
v 0.02831212 0.04641817 -0.02208198
v -0.02625428 -0.01244553 -0.01088303
v 0.02674412 0.04015597 -0.01476138
v 0.02376492 -0.03100183 -0.02126368
v -0.00498583 -0.03843268 0.01692447
v 0.03060777 0.03726007 -0.00634563
v 0.03703657 -0.03157758 -0.02226328
v -0.02866263 -0.04186268 0.00505912
v 0.03405737 0.02562992 -0.00748243
v -0.02050903 0.01227007 -0.02233433
v 0.03735017 -0.03452738 -0.02083738
v 0.03735017 0.01311777 -0.01433753
v -0.03007383 -0.03856253 -0.00476293
v 0.02135657 -0.05997798 -0.02065363
v 0.03421417 0.02808237 -0.00799938
v 0.03750697 0.02713667 -0.00621578
v -0.02991703 0.04086157 -0.01490103
v 0.02308137 0.03582192 -0.02031063
v 0.03452777 -0.01737983 -0.01224523
v -0.03603223 0.01447997 -0.01738043
v 0.02668777 -0.01005678 0.02967427
v -0.02301783 -0.03845228 -0.02039393
v -0.01972503 -0.06160478 -0.01632938
v -0.01329623 -0.04452583 0.01222537
v 0.03013737 0.00782332 -0.01037098
f 675 216 243
f 675 243 136
f 1741 216 324
f 324 216 468
f 468 216 675
f 468 1260 324
f 675 157 468
f 675 136 157
f 1657 468 157
f 136 243 85
f 1061 85 1480
f 1061 136 85
f 1061 1480 1379
f 1061 157 136
f 1061 1379 157
f 468 1657 1260
f 100 1260 1657
f 1020 1215 1240
f 711 1215 1020
f 1215 1248 644
f 1551 1248 1215
f 643 286 1506
f 1229 1689 938
f 1650 938 1689
f 1551 1203 693
f 693 1248 1551
f 338 876 643
f 876 286 643
f 286 876 909
f 338 643 294
f 286 909 979
f 1168 294 643
f 294 1168 183
f 1168 643 1506
f 979 725 286
f 725 1278 286
f 1506 286 1278
f 725 932 1278
f 1168 1506 1278
f 28 1493 712
f 510 1493 28
f 1436 712 1493
f 796 1493 510
f 832 1493 796
f 78 1309 1180
f 1030 1317 78
f 1180 1030 78
f 1030 1440 1317
f 384 186 444
f 78 397 444
f 186 384 1002
f 186 1002 742
f 186 704 444
f 1309 78 444
f 444 704 975
f 975 1309 444
f 1180 806 1030
f 1733 1180 718
f 1309 718 1180
f 905 1309 975
f 1733 806 1180
f 844 718 1309
f 1733 718 1282
f 825 1282 718
f 825 718 844
f 371 1282 825
f 447 825 844
f 825 447 1594
f 689 371 825
f 1594 689 825
f 1247 1594 447
f 1399 689 1594
f 1399 1594 1247
f 689 1399 981
f 22 981 1399
f 22 1289 981
f 840 689 981
f 870 840 981
f 981 1289 870
f 566 870 1289
f 1511 840 590
f 252 590 840
f 840 870 252
f 1126 566 1289
f 1547 870 566
f 783 1547 566
f 566 1126 783
f 1547 252 870
f 1300 252 1547
f 393 1547 783
f 783 912 393
f 393 1300 1547
f 186 742 480
f 704 186 480
f 480 260 704
f 704 260 975
f 260 905 975
f 946 1330 1559
f 311 1590 988
f 1330 946 311
f 905 260 312
f 844 1309 905
f 844 905 312
f 312 260 739
f 312 1179 844
f 1179 312 739
f 1676 447 844
f 1676 844 1179
f 995 1398 887
f 1179 739 805
f 1109 1173 370
f 1085 1109 370
f 292 35 1033
f 1454 1033 1499
f 361 1167 1274
f 1033 1274 1167
f 35 1274 1033
f 1167 1499 1033
f 701 1327 1499
f 988 292 1033
f 1454 988 1033
f 311 988 1393
f 1393 1330 311
f 1330 1393 406
f 988 1454 1393
f 1454 406 1393
f 1499 1327 1454
f 406 839 1330
f 839 406 24
f 406 1454 529
f 406 529 24
f 529 1454 1327
f 990 529 1327
f 680 990 1327
f 680 523 990
f 990 24 529
f 183 1642 1382
f 1642 678 1382
f 678 1642 1561
f 370 1173 1561
f 1561 251 678
f 1531 1561 1642
f 1676 1230 447
f 1676 1179 843
f 805 843 1179
f 805 1109 715
f 83 843 805
f 83 805 715
f 308 715 1109
f 83 715 308
f 308 1109 1085
f 1476 83 308
f 1098 843 83
f 1098 1676 843
f 76 1676 1098
f 1098 272 76
f 1476 1339 83
f 83 1339 1098
f 1230 1247 447
f 1230 76 1338
f 71 1230 1338
f 1676 76 1230
f 1338 76 272
f 1230 71 1247
f 1247 1236 1399
f 71 1236 1247
f 1236 22 1399
f 71 22 1236
f 1338 272 21
f 1158 71 1338
f 71 1158 22
f 21 1158 1338
f 1098 1339 272
f 1339 1646 272
f 272 1646 21
f 1646 544 21
f 1320 21 544
f 544 1646 1041
f 1041 939 544
f 1476 308 1027
f 1085 1027 308
f 1027 1085 570
f 1027 1314 1476
f 570 1085 370
f 1027 570 794
f 794 570 370
f 1693 794 370
f 1704 794 1693
f 1693 1169 118
f 1476 1314 1339
f 1314 1684 1339
f 1314 1027 1781
f 390 1684 1314
f 1781 1027 794
f 390 1314 1781
f 1704 1781 794
f 118 1704 1693
f 1781 1704 118
f 1781 118 512
f 1781 1001 390
f 1001 1781 512
f 1001 512 1022
f 1646 1339 1684
f 1041 1646 1684
f 417 1684 390
f 797 417 390
f 1684 624 1041
f 417 624 1684
f 1041 624 939
f 581 624 417
f 797 390 1001
f 1001 1022 1337
f 797 1001 1337
f 797 581 417
f 231 797 1337
f 231 1337 1403
f 1158 557 22
f 22 557 1289
f 1462 557 1158
f 1462 1158 113
f 557 1126 1289
f 1462 1126 557
f 1158 21 113
f 113 1187 1462
f 113 372 1187
f 1462 1187 710
f 21 1320 113
f 1320 544 939
f 1320 372 113
f 372 1320 939
f 710 912 1126
f 1126 1462 710
f 783 1126 912
f 710 1187 537
f 986 710 537
f 912 986 1323
f 393 912 1323
f 986 912 710
f 33 1661 1356
f 442 983 1099
f 1115 442 1099
f 299 1222 509
f 885 590 174
f 740 885 174
f 1414 174 1040
f 280 174 590
f 280 1040 174
f 252 1300 590
f 590 1300 280
f 924 280 1300
f 924 1211 280
f 620 1211 924
f 1414 1040 841
f 1040 469 841
f 280 1211 1040
f 469 1040 1211
f 620 469 1211
f 469 620 861
f 924 1300 1035
f 1035 1300 393
f 924 1035 620
f 1035 393 382
f 1035 382 582
f 582 620 1035
f 582 445 620
f 234 115 1446
f 1502 79 1541
f 1502 1655 79
f 1331 1655 1502
f 147 985 1645
f 143 147 1775
f 1771 147 143
f 1433 1798 985
f 147 1433 985
f 1771 1433 147
f 1433 1771 706
f 1207 1218 73
f 1218 1302 73
f 583 1207 73
f 450 1046 1700
f 1824 1066 1700
f 450 1700 833
f 833 607 450
f 1700 1517 833
f 153 1740 1108
f 1323 382 393
f 1323 175 382
f 582 382 430
f 430 382 1681
f 1749 445 582
f 430 1749 582
f 430 967 1749
f 898 1069 967
f 1025 1069 898
f 967 1025 898
f 967 1095 1025
f 1095 1069 1025
f 451 1700 1095
f 1108 498 153
f 498 1108 758
f 936 1367 1063
f 1008 1063 1249
f 1249 919 521
f 151 521 919
f 1008 1249 521
f 541 1008 521
f 151 634 521
f 634 151 1077
f 531 634 1077
f 262 936 1782
f 106 1782 1063
f 106 1147 1782
f 106 1063 1008
f 262 1782 77
f 77 1782 1147
f 1642 183 630
f 1618 1303 1155
f 1155 930 1618
f 239 542 690
f 159 239 572
f 574 306 1303
f 1155 1303 306
f 542 129 574
f 129 306 574
f 306 129 1735
f 246 930 1155
f 731 246 1155
f 1155 306 1735
f 731 1155 345
f 345 1155 1735
f 345 1735 117
f 129 542 699
f 699 542 239
f 239 159 699
f 699 1735 129
f 117 1735 699
f 1199 117 159
f 159 117 699
f 572 1706 364
f 239 690 572
f 572 690 1706
f 572 1199 159
f 884 932 1374
f 96 1374 932
f 193 1374 96
f 932 884 1278
f 884 1168 1278
f 884 217 1168
f 217 884 1374
f 183 1168 217
f 217 633 183
f 183 633 931
f 639 325 1793
f 325 639 793
f 1793 325 476
f 325 793 111
f 111 793 241
f 476 325 111
f 1636 464 1451
f 1636 1451 1410
f 573 731 345
f 117 1199 868
f 868 511 117
f 868 1791 1056
f 511 868 573
f 573 868 1056
f 345 117 511
f 511 573 345
f 364 1706 611
f 364 611 1675
f 1675 611 265
f 1791 1199 572
f 572 364 1675
f 1675 1791 572
f 1791 1675 667
f 667 824 1791
f 1029 1636 564
f 1791 868 1199
f 824 1056 1791
f 1132 8 1029
f 1029 257 1206
f 1807 257 1688
f 1520 1616 858
f 1520 858 273
f 604 1287 858
f 273 858 1287
f 709 1451 1616
f 709 1616 1520
f 274 709 1520
f 1410 1451 709
f 273 274 1520
f 273 1245 274
f 564 1636 1410
f 1410 709 657
f 991 709 274
f 657 709 991
f 564 1410 657
f 1658 657 991
f 274 896 991
f 896 274 1245
f 896 1658 991
f 1029 564 257
f 1688 257 1473
f 1524 1807 1688
f 257 564 657
f 1473 257 657
f 657 1658 1473
f 276 1473 1658
f 276 1658 1648
f 896 1648 1658
f 1524 1688 276
f 276 1688 1473
f 1524 276 1101
f 276 1648 1290
f 1101 276 1290
f 1308 177 1076
f 1563 1076 1813
f 1308 1076 1328
f 1662 1277 1308
f 297 962 1768
f 962 1662 1328
f 1328 1662 1308
f 962 1328 1768
f 1822 1245 273
f 1822 273 1287
f 94 1245 1822
f 553 94 1822
f 1507 553 1822
f 94 896 1245
f 94 834 314
f 553 834 94
f 500 834 553
f 500 337 834
f 337 180 834
f 1648 896 314
f 896 94 314
f 282 314 834
f 81 314 282
f 240 314 81
f 1290 1648 240
f 1648 314 240
f 1290 240 16
f 16 240 81
f 81 282 1587
f 1587 16 81
f 282 834 180
f 180 305 282
f 1622 180 337
f 305 180 1622
f 1587 282 305
f 357 1171 655
f 1171 305 1622
f 357 305 1171
f 490 1117 659
f 1083 490 659
f 1171 1622 490
f 1171 490 1083
f 655 1171 1083
f 1083 31 655
f 31 1083 659
f 1277 561 31
f 659 571 1308
f 31 659 1308
f 1277 31 1308
f 1642 630 1411
f 1531 1642 1411
f 1531 1411 954
f 591 1531 1644
f 1531 954 1644
f 1411 86 1567
f 1567 86 481
f 954 1411 1567
f 1431 1567 481
f 1431 481 964
f 964 855 1431
f 954 1567 1431
f 863 1431 855
f 1644 954 863
f 863 954 1431
f 791 863 871
f 901 1644 863
f 863 791 901
f 86 628 782
f 481 86 63
f 86 782 875
f 63 86 875
f 63 875 974
f 263 481 63
f 974 263 63
f 263 974 520
f 875 1132 1029
f 875 1029 1206
f 974 875 1206
f 569 974 1206
f 1807 569 1206
f 1807 1206 257
f 569 1807 483
f 1807 1524 483
f 569 483 1491
f 520 974 569
f 520 569 724
f 1635 520 724
f 724 569 1491
f 1635 724 1491
f 483 1524 663
f 1491 483 663
f 1491 663 122
f 1491 122 1708
f 964 481 263
f 889 964 263
f 681 855 964
f 263 520 889
f 889 681 964
f 889 520 1073
f 863 855 871
f 871 855 681
f 211 871 681
f 871 211 1611
f 871 1611 996
f 327 211 1075
f 1611 211 327
f 889 211 681
f 211 889 1075
f 1075 889 1073
f 377 1075 1073
f 1073 520 1635
f 327 1075 883
f 377 883 1075
f 883 326 543
f 300 543 326
f 377 1073 1635
f 1635 1708 377
f 1708 1635 1491
f 1708 122 1823
f 766 1708 1823
f 1262 377 1708
f 1262 1708 766
f 883 377 326
f 1262 326 377
f 300 1262 1804
f 326 1262 300
f 788 118 1169
f 1169 1561 788
f 788 1561 1794
f 1578 1794 743
f 1794 1561 1531
f 1615 1531 591
f 1679 591 1644
f 1794 1531 1615
f 743 1794 1615
f 1009 743 1615
f 333 743 1009
f 615 1615 591
f 670 591 1679
f 615 591 670
f 670 1679 1205
f 615 423 1615
f 423 1009 1615
f 1685 1009 423
f 1009 1685 1081
f 615 1685 423
f 615 720 1685
f 720 615 670
f 720 670 1406
f 10 720 1406
f 512 118 836
f 836 118 788
f 589 512 836
f 788 1794 1578
f 788 1578 836
f 1578 589 836
f 589 1578 856
f 1022 512 589
f 589 1400 1022
f 1400 589 1054
f 1054 589 856
f 1337 1022 1400
f 1400 1403 1337
f 1403 1400 161
f 1054 161 1400
f 161 1054 1489
f 333 1578 743
f 856 1578 333
f 1081 856 333
f 1054 856 1081
f 1081 333 1009
f 1054 1081 1489
f 720 684 1685
f 720 10 684
f 684 1081 1685
f 10 1406 649
f 649 684 10
f 1489 1081 684
f 1489 684 87
f 87 161 1489
f 1644 753 1679
f 1205 1679 753
f 753 1644 901
f 753 901 791
f 1205 753 791
f 253 791 871
f 1205 791 253
f 1406 670 1205
f 253 1406 1205
f 253 403 1406
f 161 131 1403
f 649 1406 403
f 684 960 87
f 649 960 684
f 649 403 1213
f 960 649 1213
f 671 960 1213
f 1334 1213 1660
f 87 1369 161
f 721 1369 87
f 87 960 721
f 1369 721 17
f 17 929 1369
f 1072 17 721
f 671 721 960
f 1334 671 1213
f 671 1072 721
f 485 1660 110
f 485 110 627
f 17 1072 1065
f 1334 182 671
f 1660 485 1334
f 182 1072 671
f 182 1065 1072
f 485 182 1334
f 1296 182 485
f 485 1380 1296
f 253 871 996
f 996 403 253
f 1660 996 1611
f 996 1660 403
f 576 1611 327
f 327 883 576
f 1611 576 507
f 679 1611 507
f 68 507 576
f 971 679 507
f 883 543 576
f 543 68 576
f 1611 679 1660
f 110 1660 679
f 971 110 679
f 1213 403 1660
f 663 1524 1101
f 663 1101 631
f 1101 1290 1192
f 631 1101 1192
f 122 663 631
f 122 631 1112
f 122 1112 1823
f 502 766 1823
f 502 747 766
f 747 502 1013
f 1804 1097 300
f 1804 1262 766
f 747 1804 766
f 1097 50 190
f 1097 1804 747
f 747 676 50
f 1097 747 50
f 1013 676 747
f 676 1013 1490
f 1490 665 676
f 1490 756 665
f 665 756 707
f 665 534 676
f 676 534 50
f 1533 534 665
f 707 1533 665
f 922 220 963
f 1162 478 220
f 1162 220 922
f 318 1263 927
f 1263 318 1554
f 49 1263 1554
f 366 1263 49
f 366 927 1263
f 927 366 1777
f 1214 944 270
f 491 584 944
f 491 944 1732
f 1732 944 1599
f 1599 944 1214
f 1086 1732 818
f 1599 818 1732
f 1461 1086 818
f 1552 408 1653
f 1653 408 818
f 408 1461 818
f 735 1669 1552
f 732 1552 1669
f 1552 732 1716
f 1552 761 735
f 1552 1653 761
f 120 270 472
f 120 1214 270
f 120 1599 1214
f 1599 120 818
f 761 1653 472
f 472 1653 120
f 453 1340 1605
f 818 120 1653
f 561 1277 1067
f 597 1485 322
f 1067 322 561
f 597 322 1067
f 1623 1049 75
f 1246 1623 75
f 1015 1246 851
f 1574 1277 1662
f 1067 1277 1574
f 1748 1574 1226
f 1623 1226 297
f 1574 1662 962
f 297 1574 962
f 1226 1574 297
f 1067 1574 1748
f 1119 1748 1226
f 1119 1226 1623
f 1246 1119 1623
f 1015 1119 1246
f 1015 1748 1119
f 866 1329 156
f 1329 1016 156
f 874 1016 1329
f 756 1485 707
f 707 1485 460
f 460 1485 597
f 1329 460 1613
f 1329 1613 867
f 867 1613 1748
f 1613 597 1067
f 1613 1067 1748
f 1613 460 597
f 460 866 707
f 866 460 1329
f 1533 707 866
f 874 1015 851
f 874 851 38
f 851 75 38
f 1246 75 851
f 1365 75 1340
f 75 1365 38
f 1365 210 38
f 1340 687 1365
f 867 874 1329
f 210 874 38
f 210 1016 874
f 1748 1015 867
f 874 867 1015
f 192 1265 1084
f 1265 1225 1389
f 414 1265 1389
f 1223 165 1389
f 1223 1442 165
f 1435 90 165
f 165 1442 1435
f 165 1135 1389
f 414 1389 1135
f 90 1135 165
f 627 192 602
f 1084 602 192
f 602 1380 627
f 1380 485 627
f 1084 1265 414
f 414 1135 795
f 1084 414 795
f 602 1084 1305
f 1084 795 1305
f 1305 950 602
f 950 1305 1759
f 1305 1509 1307
f 1305 795 1509
f 1759 1305 1307
f 971 507 68
f 255 68 494
f 300 494 543
f 68 543 494
f 494 190 908
f 908 255 494
f 68 331 971
f 255 331 68
f 971 192 110
f 331 192 971
f 192 627 110
f 192 331 1265
f 255 1225 331
f 1265 331 1225
f 300 1097 494
f 494 1097 190
f 908 190 152
f 152 1442 908
f 1799 1435 1442
f 1533 1281 152
f 152 1799 1442
f 1281 1799 152
f 1225 255 1223
f 1225 1223 1389
f 255 908 1223
f 1223 908 1442
f 50 534 190
f 152 190 534
f 152 534 1533
f 714 146 453
f 1190 527 1556
f 548 714 1517
f 527 146 714
f 527 714 548
f 1190 1435 1705
f 527 1190 1705
f 527 1705 771
f 146 527 771
f 1682 90 1556
f 1682 795 1135
f 1556 1435 1190
f 1556 90 1435
f 1135 90 1682
f 1607 1682 1556
f 548 1607 1556
f 1556 527 548
f 1682 1607 138
f 138 1607 548
f 146 1340 453
f 1340 146 687
f 687 146 771
f 548 123 1332
f 1697 1332 123
f 911 1682 138
f 911 795 1682
f 795 911 1509
f 911 138 1332
f 1509 911 1332
f 138 548 1332
f 1332 1697 1509
f 207 1307 1509
f 1697 207 1509
f 1435 1799 1705
f 1799 156 1705
f 1799 1281 156
f 1281 866 156
f 1705 1016 771
f 771 1016 210
f 1016 1705 156
f 1281 1533 866
f 210 1365 687
f 771 210 687
f 1192 1290 16
f 1192 16 398
f 398 16 418
f 418 16 1587
f 1192 398 1112
f 1192 1112 631
f 502 1112 398
f 502 1823 1112
f 418 46 398
f 502 398 46
f 502 46 1013
f 1587 915 418
f 915 1587 357
f 97 357 655
f 32 915 357
f 32 357 97
f 357 1587 305
f 46 418 915
f 1186 915 32
f 46 1186 1013
f 1186 46 915
f 1490 1186 32
f 1490 32 1597
f 1013 1186 1490
f 756 1490 1597
f 97 655 322
f 655 31 561
f 322 655 561
f 97 1597 32
f 1597 97 322
f 1597 322 1485
f 1597 1485 756
f 727 894 421
f 44 894 727
f 1806 894 708
f 1328 1076 1768
f 1563 1768 1076
f 1731 1768 1563
f 1049 1731 1513
f 400 1731 1049
f 400 1768 1731
f 297 1768 400
f 963 727 421
f 44 348 708
f 348 1026 708
f 1026 1806 708
f 1623 400 1049
f 1623 297 400
f 384 181 1002
f 181 384 1416
f 1416 1629 181
f 1416 551 1629
f 1401 181 1629
f 1401 1002 181
f 1295 1002 1401
f 551 815 1629
f 150 1401 1629
f 738 1629 815
f 738 150 1629
f 243 1619 1766
f 212 1619 127
f 212 127 310
f 1766 1619 831
f 1452 1766 831
f 133 243 1766
f 243 133 85
f 831 1619 212
f 601 1452 1778
f 601 1051 1452
f 1766 1452 133
f 1452 831 1778
f 133 1452 1051
f 85 133 1051
f 310 538 212
f 1778 831 212
f 209 1778 212
f 209 212 538
f 722 1778 209
f 419 601 1778
f 1437 601 419
f 722 419 1778
f 1573 1437 419
f 419 722 1573
f 969 722 209
f 722 969 754
f 754 1573 722
f 1763 1573 754
f 558 754 969
f 127 1696 1656
f 1656 310 127
f 1656 538 310
f 420 1741 324
f 1696 127 1741
f 420 1696 1741
f 609 1656 1696
f 466 324 1652
f 1652 324 1294
f 1409 466 1652
f 1652 410 1409
f 1295 742 1002
f 1295 323 742
f 480 742 1430
f 1430 742 323
f 466 1696 420
f 466 420 324
f 609 1696 466
f 1304 609 466
f 702 1304 466
f 1409 702 466
f 1103 609 1304
f 617 1304 702
f 1386 1304 617
f 1430 323 1487
f 1103 1487 323
f 1103 1386 1487
f 1487 1386 1430
f 1386 1103 1304
f 127 243 1741
f 243 127 1619
f 1741 243 216
f 1379 668 157
f 298 668 1379
f 1480 1488 1379
f 1480 85 1229
f 1480 1229 938
f 1488 1480 938
f 938 535 1488
f 1294 324 1260
f 1294 1260 100
f 410 1652 1294
f 100 295 1294
f 295 100 807
f 958 1657 668
f 1657 958 100
f 157 668 1657
f 1271 668 298
f 958 668 1271
f 644 958 1271
f 733 807 958
f 958 807 100
f 1150 958 644
f 1271 298 1240
f 1020 1240 298
f 1240 1215 644
f 644 1271 1240
f 610 538 1656
f 538 610 1543
f 1543 823 538
f 776 823 1543
f 609 610 1656
f 1357 1543 609
f 609 1543 610
f 150 1295 1401
f 1434 323 1295
f 1434 493 323
f 518 323 493
f 1434 64 493
f 1434 1295 150
f 64 1434 549
f 64 519 493
f 1539 1357 609
f 1044 1543 1357
f 776 1543 1044
f 1044 767 776
f 736 1044 1357
f 736 767 1044
f 609 1103 1539
f 323 518 1103
f 1539 1103 518
f 493 1539 518
f 1366 736 1357
f 1366 1357 1539
f 1366 1539 493
f 493 519 1366
f 519 762 1366
f 736 1366 762
f 622 150 738
f 1434 150 622
f 622 549 1434
f 768 549 622
f 1600 768 622
f 64 549 768
f 64 768 519
f 622 738 1600
f 897 1612 736
f 993 1612 897
f 1600 1445 1516
f 897 1516 993
f 1445 993 1516
f 993 1445 1105
f 426 897 762
f 768 1516 426
f 426 1516 897
f 519 768 426
f 426 762 519
f 897 736 762
f 1600 1516 768
f 823 209 538
f 395 209 823
f 823 776 395
f 767 395 776
f 1311 1379 1488
f 1379 1344 298
f 1344 1379 1311
f 1020 298 1344
f 535 1311 1488
f 723 1311 535
f 1020 1344 723
f 711 723 1088
f 1344 1311 723
f 209 395 969
f 1776 969 395
f 39 1776 395
f 767 39 395
f 166 39 767
f 913 39 166
f 913 166 752
f 1776 39 1212
f 1212 1094 1776
f 913 1212 39
f 432 913 752
f 1284 432 752
f 1633 594 1284
f 1164 1094 1212
f 1164 1212 913
f 307 913 432
f 432 1284 307
f 307 1164 913
f 307 1284 594
f 723 711 1020
f 711 1551 1215
f 11 166 767
f 11 752 166
f 149 752 11
f 767 736 11
f 1612 11 736
f 11 1612 149
f 752 149 1633
f 993 1105 1612
f 1612 1105 149
f 1633 1105 594
f 752 1633 1284
f 85 1051 1229
f 1128 1051 105
f 1229 1051 1689
f 1689 1051 1128
f 1051 601 379
f 1437 379 601
f 828 379 1437
f 1051 379 105
f 379 942 105
f 1128 105 374
f 374 105 942
f 942 379 828
f 942 828 1036
f 1573 828 1437
f 1573 399 828
f 399 1036 828
f 1196 942 1036
f 1573 1763 399
f 558 1763 754
f 399 759 1036
f 1128 835 1689
f 1650 1689 568
f 568 1689 835
f 835 587 568
f 1088 1650 568
f 1283 1088 568
f 1283 568 587
f 587 194 1283
f 1128 374 835
f 835 374 522
f 587 835 80
f 80 835 522
f 194 587 80
f 765 80 522
f 1129 1283 194
f 1625 693 1203
f 1595 1721 1183
f 1006 194 80
f 434 194 1006
f 1183 1129 194
f 1183 194 434
f 619 1006 80
f 765 619 80
f 560 619 765
f 1006 1529 1455
f 1455 434 1006
f 434 1455 1183
f 1455 1595 1183
f 1006 619 560
f 701 1006 560
f 560 765 1603
f 1717 560 1603
f 1687 1717 1603
f 535 938 1650
f 535 1650 1088
f 1088 723 535
f 1129 1088 1283
f 1546 1088 1129
f 374 942 1196
f 1819 374 1196
f 1819 522 374
f 1196 1036 1592
f 1592 1036 759
f 765 522 1819
f 1819 822 765
f 1196 691 822
f 822 1819 1196
f 691 1196 1592
f 399 1763 759
f 1037 759 1763
f 1763 558 1372
f 1094 1372 558
f 1372 1037 1763
f 906 1094 1164
f 906 1372 1094
f 1514 1372 906
f 1164 307 906
f 906 307 1514
f 517 1372 1514
f 517 1037 1372
f 1514 1184 517
f 1515 517 1184
f 759 330 1592
f 626 759 1037
f 626 330 759
f 928 330 626
f 486 928 338
f 486 338 1596
f 876 328 909
f 928 876 338
f 876 928 328
f 328 928 1457
f 261 1592 330
f 486 330 928
f 261 330 486
f 261 486 1596
f 691 1592 1530
f 1530 1592 261
f 1596 694 261
f 536 626 1037
f 1037 517 536
f 626 536 928
f 536 1457 928
f 1071 1457 536
f 1515 1071 536
f 517 1515 536
f 711 1088 1546
f 1203 711 1546
f 1203 1551 711
f 1129 1415 1546
f 1203 1546 1415
f 1415 1129 1183
f 1721 1203 1415
f 1721 1625 1203
f 1721 1415 1183
f 822 167 765
f 167 691 1746
f 167 822 691
f 227 1746 691
f 227 1310 1746
f 42 691 1530
f 42 1530 261
f 691 42 227
f 42 261 694
f 694 1714 42
f 42 1714 227
f 338 294 1596
f 694 1596 313
f 313 1596 294
f 294 259 313
f 1381 294 183
f 1603 765 167
f 1746 1603 167
f 1459 1603 1746
f 1310 227 1673
f 313 1797 694
f 313 376 1797
f 1714 694 1797
f 376 313 259
f 1797 225 1714
f 225 1797 376
f 259 294 1381
f 227 1714 225
f 225 1673 227
f 1673 225 803
f 225 376 259
f 803 259 1381
f 225 259 803
f 1745 803 1381
f 1745 1381 1382
f 1381 183 1382
f 738 1445 1600
f 594 1514 307
f 1792 1514 594
f 1659 1792 594
f 1757 1659 594
f 1105 1445 1757
f 594 1105 1757
f 1757 1445 228
f 1757 228 1659
f 989 725 979
f 725 598 932
f 598 725 989
f 1184 1514 1792
f 864 1184 1792
f 1515 1184 730
f 864 1448 1184
f 1448 730 1184
f 864 1659 1809
f 864 1792 1659
f 1448 864 642
f 642 730 1448
f 1809 642 864
f 1795 909 328
f 989 909 1795
f 909 989 979
f 1071 1795 328
f 1071 328 1457
f 642 1809 1795
f 1795 1809 989
f 989 1809 1694
f 1071 730 1795
f 730 1071 1515
f 730 642 1795
f 1694 1809 1659
f 1694 1659 228
f 598 989 1694
f 1694 228 598
f 1621 228 28
f 510 228 342
f 28 228 510
f 342 1285 510
f 158 1436 1493
f 1266 1436 158
f 158 1581 1266
f 959 130 1092
f 849 130 959
f 67 191 130
f 849 67 130
f 1576 459 396
f 1576 698 459
f 67 396 191
f 67 1576 396
f 1576 446 698
f 134 1576 67
f 134 446 1576
f 951 446 1754
f 1416 1317 551
f 397 1317 1416
f 1317 397 78
f 397 384 444
f 397 1416 384
f 1068 1161 452
f 429 1346 1068
f 551 1317 999
f 999 815 551
f 1440 999 1317
f 99 999 184
f 1030 806 1440
f 806 184 1440
f 1440 184 999
f 1068 184 806
f 99 815 999
f 452 99 184
f 1068 452 184
f 1733 1282 806
f 1282 1068 806
f 429 1068 1282
f 429 1282 371
f 1161 99 452
f 738 1161 700
f 1643 1161 1068
f 1346 1643 1068
f 1643 700 1161
f 448 632 1346
f 632 1643 1346
f 815 99 1161
f 815 1161 738
f 738 700 213
f 700 1643 632
f 700 632 1319
f 1319 213 700
f 738 769 228
f 769 738 213
f 448 1346 429
f 319 448 429
f 1297 319 840
f 371 319 429
f 371 689 319
f 632 448 1356
f 1356 1319 632
f 448 319 1297
f 1297 840 1511
f 840 319 689
f 1604 1409 410
f 332 1409 1604
f 332 427 18
f 480 224 260
f 18 702 1409
f 18 1409 332
f 617 702 18
f 1386 1816 1430
f 1816 1386 617
f 480 1430 1816
f 480 378 1350
f 378 617 18
f 910 427 332
f 27 378 18
f 1350 378 27
f 27 18 427
f 378 480 1816
f 378 1816 617
f 888 224 480
f 1350 888 480
f 27 1398 1350
f 1210 27 427
f 1398 27 1210
f 888 1350 1398
f 224 888 1398
f 224 1398 995
f 410 295 672
f 295 410 1294
f 295 807 1062
f 1062 807 188
f 410 1096 1604
f 1096 410 672
f 910 332 1604
f 910 1604 1096
f 672 295 1062
f 359 1062 188
f 1142 672 1062
f 359 1142 1062
f 292 1142 359
f 188 807 733
f 958 1150 733
f 733 1150 188
f 1150 1313 188
f 644 1253 1150
f 650 1313 1150
f 1368 644 1248
f 1368 1253 644
f 1150 1253 650
f 650 1253 1368
f 412 693 1625
f 1368 1248 412
f 693 412 1248
f 359 188 1313
f 1313 1420 359
f 1420 1313 650
f 1420 1053 359
f 1280 1053 1420
f 1420 650 1368
f 1420 1368 48
f 48 1368 412
f 412 247 48
f 48 1280 1420
f 247 1280 48
f 910 1096 1519
f 1519 1096 1590
f 1590 1096 672
f 1519 1590 946
f 1519 946 910
f 1590 672 1142
f 1590 1142 292
f 1590 292 988
f 946 1590 311
f 1330 839 1559
f 427 1751 1210
f 910 1751 427
f 1210 1751 887
f 887 1398 1210
f 966 1751 946
f 946 1751 910
f 966 946 1559
f 887 1751 848
f 848 1751 966
f 260 995 739
f 995 260 224
f 848 995 887
f 995 848 258
f 966 696 848
f 1559 696 966
f 258 848 696
f 696 1559 612
f 258 696 612
f 612 1559 839
f 612 677 258
f 1173 258 677
f 258 1173 995
f 112 1173 677
f 1109 739 995
f 1109 805 739
f 995 1173 1109
f 359 35 292
f 1595 1625 1721
f 361 1280 1595
f 1053 35 359
f 1274 35 1053
f 1274 1053 914
f 914 1053 1280
f 361 1274 914
f 247 412 1625
f 247 1625 1595
f 1595 1280 247
f 914 1280 361
f 1167 361 1455
f 1455 1529 1167
f 1529 1006 701
f 1595 1455 361
f 1717 701 560
f 701 1717 362
f 1529 1499 1167
f 701 1499 1529
f 1327 701 362
f 1327 362 680
f 680 362 84
f 84 1719 680
f 1719 523 680
f 839 24 1555
f 1555 24 596
f 112 1555 596
f 990 523 1591
f 990 596 24
f 596 990 1591
f 1052 596 1591
f 112 596 1052
f 112 1052 251
f 1603 1459 1687
f 84 1717 1687
f 84 362 1717
f 1719 84 1687
f 1391 1719 1459
f 523 1719 1391
f 1391 60 1028
f 60 1391 380
f 1391 1028 523
f 1591 523 1028
f 994 1028 60
f 1474 1028 994
f 380 678 994
f 994 60 380
f 1474 1591 1028
f 1052 1591 1474
f 1474 251 1052
f 251 1474 994
f 251 994 678
f 1746 385 1459
f 1719 1687 1459
f 1391 1459 385
f 385 1746 219
f 219 1746 1310
f 219 1310 1673
f 219 1673 1745
f 219 830 385
f 830 219 1745
f 380 1391 385
f 380 385 830
f 678 380 830
f 678 830 1382
f 830 1745 1382
f 1673 803 1745
f 112 612 1555
f 1555 612 839
f 677 612 112
f 112 251 1561
f 1173 112 1561
f 738 228 1445
f 370 1561 1693
f 1693 1561 1169
f 1726 769 213
f 1726 1407 1418
f 1418 943 1726
f 1785 943 1418
f 1785 1418 1817
f 1011 62 1532
f 62 525 1532
f 33 1356 448
f 1767 213 1319
f 1356 1661 1319
f 1661 1767 1319
f 1560 1661 222
f 1661 1560 1767
f 1560 777 1767
f 33 222 1661
f 222 33 467
f 1767 777 213
f 213 777 1726
f 885 33 448
f 448 1297 885
f 33 885 740
f 740 467 33
f 1453 740 1414
f 174 1414 740
f 775 777 1560
f 1553 1560 222
f 1560 1553 775
f 1553 222 229
f 116 775 1553
f 116 1553 229
f 114 1726 777
f 777 775 114
f 775 1800 114
f 178 775 116
f 178 1800 775
f 1115 1800 178
f 1115 1099 1800
f 1453 222 467
f 229 222 1453
f 467 740 1453
f 229 178 116
f 296 178 229
f 229 1453 296
f 841 1453 1414
f 841 296 1453
f 296 1115 178
f 540 1115 296
f 65 540 296
f 65 296 841
f 65 119 540
f 983 1298 114
f 1298 1726 114
f 1726 1298 1407
f 415 1407 1298
f 346 415 1298
f 1042 415 346
f 1298 983 346
f 1663 346 983
f 1042 462 415
f 1663 1042 346
f 1042 1663 1120
f 880 1407 415
f 880 1418 1407
f 462 880 415
f 1418 880 1817
f 1228 1817 880
f 1817 1670 1785
f 802 1817 1228
f 802 1670 1817
f 462 1228 880
f 802 1228 381
f 669 1228 462
f 669 1272 1228
f 381 1228 1272
f 983 114 1800
f 1099 983 1800
f 1115 1120 442
f 442 1663 983
f 1120 1663 442
f 1608 1011 916
f 916 1174 1608
f 916 1011 1532
f 1624 916 269
f 61 381 1272
f 61 1624 381
f 802 381 269
f 269 381 1624
f 1137 916 1624
f 1677 1137 1624
f 5 462 1042
f 5 1042 1120
f 641 462 5
f 5 1120 845
f 845 641 5
f 1100 641 845
f 1100 845 1712
f 1172 1100 1712
f 1292 669 641
f 641 669 462
f 1802 669 1292
f 1802 1272 669
f 1333 1272 1802
f 1100 1292 641
f 1100 1802 1292
f 1802 1100 1194
f 1194 1333 1802
f 1172 1194 1100
f 1157 1194 1172
f 1157 1333 1194
f 1197 1120 1115
f 1115 540 119
f 119 1197 1115
f 845 1120 1197
f 1712 845 1197
f 119 1712 1197
f 925 61 1272
f 925 1624 61
f 925 1677 1624
f 1333 925 1272
f 242 1677 925
f 477 1137 1677
f 242 477 1677
f 242 925 1333
f 431 242 1333
f 431 1333 1157
f 413 242 431
f 242 499 477
f 62 1011 877
f 686 877 592
f 1417 877 1011
f 1011 1608 1417
f 1145 877 1417
f 1145 592 877
f 1585 686 592
f 495 592 1145
f 495 1585 592
f 1145 968 495
f 495 1699 1585
f 934 1585 1699
f 1584 934 1699
f 934 1584 618
f 1174 1417 1608
f 1174 1145 1417
f 968 1145 1174
f 1137 1174 916
f 1598 1174 1137
f 477 1598 1137
f 778 968 1174
f 1174 1598 778
f 317 778 1598
f 317 1156 778
f 1156 495 968
f 1156 1699 495
f 778 1156 968
f 1584 1699 1156
f 176 1584 1156
f 176 618 1584
f 1237 618 176
f 751 1156 545
f 751 176 1156
f 299 176 751
f 299 1497 176
f 473 299 751
f 477 317 1598
f 1131 317 477
f 545 1156 317
f 317 1131 545
f 477 499 1131
f 606 545 1131
f 545 606 751
f 189 606 1131
f 751 606 171
f 461 1222 1727
f 171 473 751
f 1727 1222 473
f 1727 473 171
f 1276 1727 171
f 1276 703 1727
f 299 473 1222
f 1511 885 1297
f 885 1511 590
f 469 65 841
f 1780 1712 119
f 1780 1172 1712
f 697 1172 1780
f 697 1780 119
f 861 119 65
f 1569 1157 697
f 697 1157 1172
f 1261 1569 697
f 1116 697 119
f 119 861 1116
f 697 1116 1261
f 1569 431 1157
f 921 431 1569
f 431 921 413
f 499 242 413
f 413 254 499
f 1261 921 1569
f 1261 1805 921
f 921 1805 413
f 1512 413 1805
f 1261 449 1805
f 449 1527 1805
f 413 1512 554
f 65 469 861
f 1261 1116 449
f 745 449 1116
f 745 1116 861
f 620 445 861
f 445 745 861
f 254 1131 499
f 189 1131 254
f 614 606 189
f 1276 171 606
f 614 1276 606
f 614 1634 1276
f 1634 703 1276
f 554 254 413
f 189 254 554
f 1347 189 554
f 1347 892 189
f 1107 892 1347
f 892 614 189
f 703 1634 608
f 614 892 1634
f 892 608 1634
f 1347 554 148
f 148 554 1512
f 1512 443 148
f 1347 148 1107
f 769 1446 228
f 769 234 1446
f 943 972 769
f 1726 943 769
f 513 1785 1670
f 1785 972 943
f 234 769 972
f 1785 513 201
f 201 972 1785
f 525 62 588
f 525 588 160
f 26 525 160
f 26 160 392
f 1151 30 392
f 202 972 201
f 234 872 115
f 972 202 234
f 872 234 202
f 1396 872 202
f 201 513 202
f 1747 202 513
f 30 1747 513
f 1151 1396 1747
f 1151 1747 30
f 1396 202 1747
f 228 1446 1713
f 115 550 1446
f 12 1713 737
f 737 1446 550
f 1713 1446 737
f 550 12 737
f 1238 115 872
f 872 1396 1238
f 539 115 1238
f 1769 539 734
f 1701 1238 1396
f 1238 1701 1535
f 1701 1091 1535
f 1396 1151 1701
f 392 1701 1151
f 1701 392 1091
f 1238 1535 539
f 539 1535 734
f 734 1535 1091
f 1114 1221 550
f 115 539 1114
f 1114 550 115
f 539 1769 1114
f 1114 1769 1221
f 513 1670 802
f 802 373 513
f 1549 373 1532
f 30 513 373
f 373 1549 30
f 1532 525 1549
f 1549 525 26
f 26 30 1549
f 392 30 26
f 454 1441 1432
f 1441 1354 1432
f 1014 454 1004
f 1432 1004 454
f 439 1004 1432
f 1359 588 62
f 62 1441 1359
f 877 1441 62
f 454 1359 1441
f 588 1359 1014
f 1014 160 588
f 1441 877 686
f 1441 686 1354
f 1359 454 1014
f 160 1014 528
f 1014 1004 1395
f 1395 683 528
f 288 1395 1004
f 528 392 160
f 1756 1354 686
f 1585 1756 686
f 948 1432 1354
f 934 1756 1585
f 654 1756 934
f 948 1354 1756
f 654 948 1756
f 600 948 654
f 618 654 934
f 618 23 654
f 74 23 618
f 23 600 654
f 23 74 546
f 1678 439 1432
f 948 1678 1432
f 948 600 1498
f 1498 1678 948
f 1312 1678 1498
f 1541 79 546
f 12 1113 1713
f 1713 1113 342
f 1191 812 1113
f 812 342 1113
f 1508 734 1413
f 1508 1739 734
f 221 1739 1508
f 1146 496 439
f 1413 496 1508
f 496 1146 1508
f 1146 221 1508
f 528 683 392
f 683 1091 392
f 1413 1091 683
f 734 1091 1413
f 1221 12 550
f 12 1221 1074
f 1074 1191 12
f 1739 1191 1074
f 1739 1769 734
f 1221 1769 1074
f 1769 1739 1074
f 12 1191 1113
f 1191 1739 221
f 660 1191 221
f 817 660 221
f 221 1146 817
f 660 1343 1191
f 1503 1343 660
f 1343 812 1191
f 1343 583 812
f 1146 1639 817
f 817 1639 488
f 488 660 817
f 488 1503 660
f 559 1202 1470
f 1146 439 1312
f 1312 439 1678
f 1639 1146 1760
f 169 1639 1760
f 1760 1146 1312
f 1760 1312 1468
f 169 1760 1055
f 1055 1760 1468
f 1503 583 1343
f 1503 1207 583
f 488 1202 1503
f 226 488 1639
f 226 1639 169
f 488 226 1470
f 1470 1202 488
f 559 1470 226
f 1046 1503 1202
f 1428 1498 600
f 1428 1312 1498
f 79 600 546
f 546 600 23
f 79 1428 600
f 1655 1428 79
f 1468 1312 1428
f 1428 713 1468
f 1428 1655 713
f 1468 713 816
f 621 957 1500
f 1695 1500 957
f 1798 108 621
f 621 108 957
f 1500 1695 509
f 509 748 1500
f 1222 748 509
f 1645 1500 748
f 1645 621 1500
f 1645 1798 621
f 1645 985 1798
f 1497 1695 25
f 1003 25 1695
f 1003 1695 957
f 1237 25 1566
f 1566 25 1003
f 957 603 1003
f 1237 74 618
f 1237 1566 74
f 546 74 1566
f 509 1695 1497
f 1237 1497 25
f 176 1497 1237
f 509 1497 299
f 470 957 108
f 1798 1647 108
f 108 1647 470
f 470 1647 102
f 957 470 603
f 102 579 470
f 1566 1003 603
f 603 1541 1566
f 1566 1541 546
f 579 1541 603
f 1541 579 1502
f 603 470 579
f 1542 579 102
f 579 1331 1502
f 1772 102 1647
f 800 1647 1798
f 1798 1433 800
f 800 57 1647
f 1772 1647 57
f 267 1645 748
f 748 801 267
f 801 748 1222
f 1222 461 801
f 1775 267 801
f 1645 267 147
f 147 267 1775
f 279 801 461
f 279 1775 801
f 461 920 279
f 1575 279 920
f 1019 1775 279
f 1176 1019 279
f 1176 279 1575
f 141 1019 1176
f 703 920 461
f 703 461 1727
f 1019 143 1775
f 141 143 1019
f 143 141 91
f 143 91 1771
f 505 706 1771
f 505 1771 790
f 1771 91 790
f 365 505 790
f 1433 706 800
f 827 1202 559
f 1202 827 1737
f 1046 1202 1737
f 827 559 441
f 1737 1824 1046
f 1394 1824 1737
f 1007 1737 827
f 1737 1007 1394
f 1007 827 441
f 441 404 1007
f 563 1394 1007
f 878 1331 579
f 1790 1055 1468
f 102 1772 1542
f 890 1542 1772
f 878 579 1542
f 1363 1060 1331
f 878 1363 1331
f 890 878 1542
f 264 1363 878
f 1811 1790 1363
f 226 441 559
f 441 226 169
f 441 169 854
f 1055 854 169
f 1651 854 1055
f 1651 1055 1790
f 404 441 854
f 404 854 1651
f 278 404 1651
f 1299 278 1651
f 1811 1651 1790
f 1299 1651 1811
f 800 706 57
f 706 1668 57
f 749 1668 706
f 749 505 365
f 749 706 505
f 1724 1394 563
f 563 1007 984
f 984 1007 404
f 563 1233 1724
f 1233 563 984
f 1483 124 658
f 1066 124 1483
f 1426 1233 984
f 124 1724 1233
f 1426 658 1233
f 1233 658 124
f 1668 1772 57
f 1772 1668 1182
f 1772 1182 890
f 1182 1144 890
f 1144 1715 890
f 1715 878 890
f 1363 264 1811
f 264 878 1715
f 1144 1182 1668
f 749 1144 1668
f 1234 1715 1144
f 1680 1144 749
f 1144 1680 1234
f 383 264 1715
f 383 1715 1234
f 1166 264 383
f 1234 1723 383
f 984 404 278
f 1166 1811 264
f 278 436 984
f 984 436 1426
f 436 278 1299
f 436 1299 1166
f 1166 1299 1811
f 1606 436 1166
f 1331 713 1655
f 1060 816 713
f 1331 1060 713
f 1790 1468 816
f 1363 816 1060
f 1363 1790 816
f 342 228 1713
f 73 812 583
f 342 812 1302
f 1302 812 73
f 1503 1046 1207
f 956 1285 342
f 956 342 1302
f 1218 956 1302
f 1617 510 1285
f 504 1285 956
f 504 1617 1285
f 504 956 977
f 977 956 1218
f 1458 1218 1207
f 1046 1458 1207
f 1046 1124 1458
f 1493 832 158
f 1617 796 510
f 832 796 1617
f 158 832 334
f 334 832 1617
f 334 1581 158
f 1424 1617 504
f 334 1424 651
f 504 196 1424
f 196 651 1424
f 334 1617 1424
f 651 1581 334
f 196 959 651
f 1046 450 1124
f 450 1043 1124
f 1458 977 1218
f 849 196 1750
f 196 504 977
f 977 1750 196
f 959 196 849
f 1774 67 849
f 506 1774 849
f 506 849 1750
f 363 977 1458
f 363 1750 977
f 363 506 1750
f 1458 1124 363
f 647 506 363
f 363 1764 647
f 506 647 1774
f 388 1774 647
f 134 67 1774
f 1754 446 134
f 922 951 1754
f 422 922 1754
f 388 134 1774
f 356 134 388
f 134 356 1754
f 356 422 1754
f 922 422 508
f 508 1162 922
f 1124 1764 363
f 1251 647 1764
f 1043 1764 1124
f 647 1251 1758
f 1758 388 647
f 139 1764 1043
f 139 1251 1764
f 638 1251 139
f 638 1758 1251
f 1758 487 283
f 283 487 852
f 283 356 388
f 1758 283 388
f 852 422 356
f 283 852 356
f 455 1162 508
f 422 852 508
f 36 508 852
f 455 508 36
f 9 455 36
f 9 36 852
f 1824 1700 1046
f 1394 1724 1066
f 1066 1824 1394
f 1724 124 1066
f 450 1683 1043
f 1043 1683 139
f 1683 450 607
f 52 1683 607
f 52 139 1683
f 1227 638 139
f 1227 487 638
f 1773 487 1227
f 1758 638 487
f 980 852 487
f 623 1227 139
f 623 1773 1227
f 1589 1773 623
f 487 1773 980
f 745 773 449
f 1069 773 745
f 449 773 1527
f 1527 773 1691
f 443 1805 1527
f 1527 1259 443
f 1259 1527 1691
f 1805 443 1512
f 148 443 1449
f 443 1259 1449
f 153 1449 1259
f 1259 1691 1740
f 197 1471 1740
f 153 1259 1740
f 1108 1740 1471
f 750 1691 773
f 750 1740 1691
f 1069 750 773
f 750 197 1740
f 1510 1783 1565
f 1471 197 893
f 1471 1565 1526
f 1526 1108 1471
f 1565 1471 893
f 1565 893 173
f 1466 173 893
f 197 1069 893
f 893 1069 1466
f 1069 197 750
f 173 1510 1565
f 1510 173 1466
f 1466 744 1510
f 1700 1483 744
f 1700 744 1466
f 1095 1466 1069
f 1700 1466 1095
f 1069 745 445
f 445 1749 1069
f 967 1069 1749
f 1700 451 1517
f 1575 141 1176
f 1786 141 1575
f 1814 1786 1575
f 1789 1814 1575
f 1789 920 703
f 1789 1575 920
f 703 608 1789
f 608 892 1127
f 1789 608 1744
f 1127 1744 608
f 1720 1814 1789
f 1744 1720 1789
f 1786 91 141
f 1808 1786 1814
f 1808 365 1786
f 91 1786 790
f 790 1786 365
f 365 1808 1269
f 15 1269 1808
f 1814 705 1808
f 1815 1720 1744
f 1814 1720 705
f 1815 705 1720
f 705 15 1808
f 705 1815 15
f 256 15 1815
f 1429 256 1815
f 353 1680 15
f 15 256 353
f 685 353 256
f 685 256 1429
f 148 1449 1107
f 1107 1449 145
f 145 1449 1364
f 145 892 1107
f 1127 892 145
f 1429 1815 1744
f 1744 1127 1429
f 1364 1127 145
f 1341 1127 1364
f 153 498 1449
f 1364 1449 498
f 1127 1341 1429
f 1000 685 1429
f 1341 1000 1429
f 1364 498 758
f 1341 1364 758
f 1341 758 223
f 758 1108 223
f 223 1000 1341
f 1269 749 365
f 1680 749 1269
f 1680 1269 15
f 1783 1427 289
f 289 489 1528
f 1427 658 1426
f 658 1427 1483
f 744 1483 3
f 3 1483 1427
f 1427 1426 1738
f 489 1427 1738
f 3 1510 744
f 1427 1783 1510
f 3 1427 1510
f 289 1427 489
f 353 1234 1680
f 1234 353 1723
f 383 1723 1479
f 353 685 1723
f 1779 1723 685
f 891 1779 685
f 1779 1479 1723
f 1528 1479 1779
f 489 1479 1528
f 436 1738 1426
f 1738 436 1606
f 1606 1166 383
f 1479 1606 383
f 1479 489 1606
f 1738 1606 489
f 1108 1526 907
f 1526 1565 1783
f 907 1526 1783
f 289 907 1783
f 1000 891 685
f 223 1108 907
f 223 907 1106
f 223 1106 1000
f 1106 891 1000
f 891 1106 1528
f 289 1106 907
f 1528 1106 289
f 1528 1779 891
f 1483 1700 1066
f 1377 179 903
f 903 179 1367
f 903 1070 1377
f 936 903 1367
f 1063 1367 919
f 1249 1063 919
f 1377 368 179
f 1377 862 368
f 321 998 1377
f 862 1377 998
f 862 998 799
f 368 107 179
f 1367 179 107
f 1367 107 919
f 107 1620 386
f 386 919 107
f 1361 368 862
f 862 799 1361
f 1620 368 1204
f 368 1620 107
f 1631 1321 1620
f 1620 1204 1631
f 368 1361 1204
f 1204 1361 1039
f 1204 1039 978
f 1279 1039 1149
f 1039 1279 978
f 799 238 1361
f 1361 238 1039
f 238 799 45
f 799 1469 45
f 1149 1039 238
f 238 45 1149
f 386 1620 1321
f 151 919 386
f 151 386 1558
f 1077 151 1558
f 386 1321 1558
f 266 1321 1631
f 1558 1321 203
f 266 203 1321
f 634 541 521
f 1558 203 1674
f 203 1770 1674
f 1077 1558 1582
f 1077 1582 531
f 904 1558 1674
f 1582 1558 904
f 904 4 1582
f 266 1631 1204
f 266 1204 978
f 358 266 104
f 266 978 1279
f 104 266 1279
f 1736 104 1279
f 250 104 1736
f 1279 1149 1703
f 1736 1279 1703
f 266 358 203
f 250 358 104
f 203 358 1770
f 358 250 1770
f 1674 1770 1544
f 401 1770 250
f 637 1770 401
f 637 1544 1770
f 250 1736 1200
f 250 1200 401
f 1079 1703 1149
f 1122 1703 1079
f 1217 1736 1703
f 1200 1736 1217
f 1122 1217 1703
f 339 1200 1217
f 1404 401 339
f 339 401 1200
f 1422 1722 648
f 1722 585 162
f 162 917 1722
f 1264 1243 648
f 1722 917 1264
f 1264 648 1722
f 1243 137 648
f 137 1243 1640
f 917 162 1564
f 1686 1264 917
f 1170 917 1564
f 1264 1686 235
f 235 1243 1264
f 1170 235 1686
f 917 1170 1686
f 1443 1070 55
f 1270 903 936
f 1782 936 1063
f 903 55 1070
f 55 903 1270
f 936 262 1270
f 1270 1753 55
f 55 1753 1588
f 262 1753 1270
f 575 1443 55
f 838 1147 1335
f 1 55 1588
f 262 92 1753
f 1753 555 1588
f 55 1 575
f 275 1 1588
f 1358 275 1588
f 1753 92 555
f 1358 1588 555
f 1583 275 1358
f 1464 262 77
f 1464 77 838
f 1728 1464 838
f 838 77 1147
f 838 1335 1078
f 92 262 1464
f 965 92 1464
f 1464 1728 70
f 425 965 1464
f 70 425 1464
f 1728 838 1078
f 1728 1078 70
f 1078 1486 70
f 1486 1078 1130
f 1486 1130 1495
f 931 1475 183
f 183 1475 1537
f 630 183 1537
f 95 92 1383
f 926 409 95
f 926 95 1580
f 1580 95 1383
f 1358 1665 1583
f 1665 1358 555
f 1665 555 409
f 416 1583 1371
f 1665 1371 1583
f 409 1232 1665
f 1371 1665 1232
f 1336 1371 1232
f 92 95 555
f 965 1383 92
f 409 555 95
f 965 425 1064
f 1383 965 1064
f 425 70 1111
f 70 1486 1111
f 926 1632 409
f 1232 409 1632
f 930 1232 1632
f 1632 926 1580
f 1632 1580 1618
f 930 1632 1618
f 1618 1580 1303
f 501 1336 1232
f 1232 930 501
f 501 930 246
f 29 1139 128
f 128 1139 578
f 578 1139 774
f 482 1064 1370
f 1064 425 1111
f 1064 1111 640
f 640 1370 1064
f 1370 640 1784
f 208 168 1370
f 1370 1784 208
f 1111 1486 640
f 1478 640 1486
f 1495 1478 1486
f 497 1784 1478
f 1478 1784 640
f 1189 208 1784
f 497 1189 1784
f 1383 1064 482
f 574 1383 482
f 542 482 168
f 168 482 1370
f 574 482 542
f 168 208 542
f 1189 284 208
f 208 284 128
f 542 208 128
f 1189 54 284
f 284 54 526
f 526 29 284
f 284 29 128
f 542 128 690
f 1580 1383 574
f 1580 574 1303
f 690 128 578
f 690 578 1706
f 932 598 96
f 193 360 1374
f 360 193 1630
f 1630 193 1742
f 217 1374 360
f 633 217 360
f 1224 633 360
f 1224 360 1630
f 457 96 598
f 96 1742 193
f 779 1742 96
f 779 96 457
f 1630 1742 819
f 819 1742 779
f 340 1089 779
f 779 457 340
f 1089 340 1188
f 14 340 457
f 14 1188 340
f 1550 1630 819
f 1224 1630 1550
f 1089 1523 819
f 1550 819 1523
f 847 784 1484
f 1089 819 779
f 1089 1188 1545
f 1545 1523 1089
f 1545 1188 953
f 1602 1545 953
f 1602 1017 1545
f 1602 320 1017
f 1070 321 1377
f 1443 321 1070
f 367 998 321
f 1469 998 367
f 1469 799 998
f 88 321 1443
f 88 367 321
f 125 367 88
f 125 1469 367
f 1577 1469 125
f 541 106 1008
f 106 541 664
f 1147 106 664
f 1147 664 1349
f 541 1349 664
f 1349 541 1390
f 98 1349 1390
f 1335 1147 1349
f 1349 1496 1335
f 1496 1349 98
f 808 1496 98
f 1743 639 808
f 1743 808 98
f 1469 1577 1255
f 1255 45 1469
f 1079 1149 45
f 290 1079 45
f 1143 1045 1255
f 45 1255 290
f 290 1255 1045
f 290 1045 1649
f 1534 1649 1045
f 1045 656 1534
f 88 1443 575
f 351 88 575
f 865 125 88
f 88 351 865
f 865 1577 125
f 952 351 575
f 575 1583 416
f 575 416 952
f 847 865 351
f 952 784 351
f 784 952 416
f 351 784 847
f 1078 1335 1102
f 1293 1078 1102
f 1102 1335 1496
f 281 1496 808
f 808 1793 281
f 281 1102 1496
f 281 1293 1102
f 552 281 1793
f 1293 281 552
f 1078 1293 1130
f 1130 1293 552
f 552 1495 1130
f 1057 1577 865
f 1143 1255 1577
f 1057 1143 1577
f 514 1143 1057
f 1392 1143 514
f 1518 1195 1392
f 1143 1392 1195
f 1568 66 1518
f 1484 865 847
f 1484 514 865
f 1057 865 514
f 1568 320 1602
f 320 1568 1392
f 1518 1392 1568
f 1143 1195 1045
f 656 1045 1195
f 1195 1518 656
f 66 656 1518
f 457 598 228
f 1188 14 953
f 40 953 14
f 1667 14 457
f 40 14 1667
f 228 1667 457
f 43 918 1288
f 1288 244 656
f 244 1534 656
f 56 1288 918
f 1254 56 918
f 1667 1254 918
f 953 40 344
f 953 344 1602
f 43 344 918
f 1568 344 43
f 1568 43 66
f 918 40 1667
f 40 918 344
f 344 1568 1602
f 633 1224 336
f 886 633 336
f 886 336 530
f 1224 530 336
f 530 1224 1707
f 1707 1224 1550
f 781 530 1707
f 931 633 886
f 886 530 1362
f 931 886 1601
f 860 931 1601
f 1362 1601 886
f 1550 1523 1707
f 1231 1523 1545
f 1523 1231 1707
f 1012 437 1484
f 1231 1012 811
f 1012 1231 1163
f 1231 781 1707
f 933 780 811
f 780 1231 811
f 1231 1545 1163
f 1012 1163 1010
f 437 1012 1010
f 1163 1545 1010
f 780 1352 1231
f 1352 781 1231
f 1801 781 1352
f 860 1475 931
f 860 1601 1291
f 1537 1475 860
f 1537 860 976
f 1291 1601 1362
f 1291 1362 1801
f 1638 784 416
f 109 1638 416
f 1273 1371 343
f 1273 109 1371
f 1273 1032 109
f 1626 1801 172
f 1032 780 933
f 1801 1352 172
f 172 1352 780
f 172 780 1032
f 59 976 860
f 976 1788 992
f 1788 976 59
f 343 1336 1788
f 992 1788 1336
f 814 1273 343
f 814 1032 1273
f 343 1788 814
f 1104 814 1788
f 1291 1801 1626
f 1626 1032 814
f 1626 172 1032
f 1626 1104 1291
f 1626 814 1104
f 1291 1104 860
f 1104 59 860
f 1788 59 1104
f 1537 976 1505
f 630 1537 1505
f 1505 976 992
f 1505 992 1734
f 237 1336 501
f 1336 237 992
f 1734 992 237
f 237 501 246
f 1505 1734 248
f 248 1734 237
f 248 237 746
f 237 246 746
f 246 1256 746
f 746 1256 248
f 541 634 1390
f 634 1325 1390
f 1220 1390 1325
f 98 1390 1220
f 1220 1325 1121
f 1325 634 531
f 1325 531 1153
f 1153 531 1209
f 1121 1325 1153
f 1121 1384 1220
f 1384 1121 1153
f 639 1743 764
f 98 764 1743
f 764 98 1220
f 764 793 639
f 764 1220 433
f 1384 433 1220
f 764 241 793
f 241 764 433
f 1209 531 1582
f 1209 1582 1315
f 1315 1582 4
f 532 1153 1209
f 1444 1209 1315
f 1384 1153 532
f 4 1439 1315
f 1698 1315 1439
f 1698 1439 935
f 1444 532 1209
f 241 433 1326
f 69 532 1444
f 433 1384 532
f 1326 433 532
f 1315 1698 1444
f 69 1444 1698
f 290 1122 1079
f 290 1649 1373
f 1649 1534 1373
f 401 580 637
f 808 639 1793
f 829 111 215
f 476 552 1793
f 552 476 562
f 476 111 829
f 829 215 1765
f 562 476 829
f 562 829 1765
f 200 562 1765
f 111 241 215
f 961 1698 935
f 215 241 1326
f 1326 532 69
f 215 1326 961
f 1326 69 961
f 961 69 1698
f 1614 1765 215
f 200 1765 1614
f 1614 215 662
f 662 93 1614
f 1139 526 935
f 662 935 93
f 935 662 961
f 93 935 526
f 29 526 1139
f 215 961 662
f 1439 4 904
f 1439 904 1521
f 904 1674 1456
f 1456 1674 349
f 349 1674 1544
f 1521 904 1456
f 1521 516 1439
f 935 1439 516
f 516 1521 719
f 350 719 1521
f 350 1521 1456
f 350 1456 349
f 349 205 350
f 923 1544 637
f 349 1544 923
f 1351 637 580
f 580 1586 1351
f 923 637 1351
f 1080 923 1351
f 1351 1586 1047
f 349 923 1538
f 205 349 1538
f 1538 923 1080
f 1351 1047 1080
f 1729 1080 1047
f 774 935 516
f 516 719 774
f 1139 935 774
f 578 774 719
f 1235 719 350
f 1235 350 987
f 987 350 205
f 1706 578 719
f 611 1706 1235
f 1235 1706 719
f 611 1235 987
f 611 987 265
f 1402 265 987
f 19 205 1538
f 19 1538 1316
f 19 987 205
f 1316 1538 1080
f 1316 1080 1729
f 1729 1047 1562
f 293 1729 1562
f 1729 1610 1316
f 1610 1729 293
f 19 1402 987
f 997 19 1316
f 997 1402 19
f 997 1316 1610
f 1710 1610 293
f 293 464 1636
f 1636 1710 293
f 1029 1710 1636
f 1373 1122 290
f 1373 424 1122
f 1373 1534 199
f 244 56 199
f 244 199 1534
f 1373 199 424
f 424 199 1034
f 1034 199 982
f 1034 982 268
f 1492 56 1254
f 1254 947 1492
f 1492 982 199
f 982 233 1755
f 982 1492 947
f 947 233 982
f 339 424 1404
f 424 268 1404
f 401 1404 1048
f 1048 580 401
f 586 474 1048
f 1048 474 580
f 1571 1048 1404
f 1048 1571 586
f 1404 895 1571
f 1404 268 895
f 586 1571 456
f 456 1571 895
f 895 585 456
f 1090 585 895
f 1090 1460 585
f 1090 895 230
f 233 230 1755
f 895 268 1755
f 230 895 1755
f 41 772 692
f 772 947 1254
f 1254 1667 772
f 772 233 947
f 233 772 41
f 772 1667 692
f 1258 692 1667
f 471 1821 41
f 1460 162 585
f 1564 162 1460
f 1821 1460 1090
f 1821 1090 230
f 1460 1821 471
f 41 692 1564
f 41 1564 471
f 471 1564 1460
f 233 1821 230
f 233 41 1821
f 474 1586 580
f 1422 1586 474
f 474 586 1422
f 1586 1422 648
f 1722 1422 586
f 1586 648 137
f 456 585 586
f 1722 586 585
f 1047 1586 1562
f 464 1562 1586
f 1586 137 464
f 464 137 1640
f 464 1640 1451
f 293 1562 464
f 1495 552 1175
f 1175 552 562
f 1478 1495 1175
f 1175 562 1241
f 200 1241 562
f 497 1478 1175
f 497 1175 1241
f 497 1241 93
f 93 526 54
f 1614 93 200
f 200 93 1241
f 54 1189 497
f 54 497 93
f 1256 246 731
f 463 1256 731
f 463 731 573
f 629 463 573
f 573 1056 900
f 1609 629 573
f 1609 573 1342
f 1342 573 900
f 875 1609 1132
f 1342 1132 1609
f 265 1402 667
f 265 667 1675
f 667 1402 1018
f 1018 1402 997
f 667 1018 824
f 997 1787 1812
f 1812 1018 997
f 1787 997 1610
f 1787 1610 1710
f 1812 1787 1710
f 824 1018 695
f 1812 695 1018
f 1812 1710 1029
f 287 695 1812
f 287 1812 1029
f 1056 824 695
f 1056 695 8
f 900 1056 8
f 8 1132 900
f 1342 900 1132
f 287 8 695
f 1029 8 287
f 1640 1243 1616
f 1640 1616 1451
f 1243 235 1447
f 1725 235 1170
f 604 1447 235
f 235 1725 604
f 858 1447 604
f 1447 1616 1243
f 1616 1447 858
f 1258 1170 1564
f 1667 228 1258
f 692 1258 1564
f 1239 1258 1421
f 1258 228 1621
f 712 1621 28
f 1266 712 1436
f 712 1266 1621
f 1536 1621 1266
f 1581 6 1266
f 6 1581 651
f 1242 651 959
f 1242 6 651
f 6 1536 1266
f 6 1242 1536
f 599 760 1621
f 1621 1536 599
f 760 1258 1621
f 1258 760 842
f 440 760 599
f 666 524 1058
f 524 1557 1465
f 524 666 435
f 1465 1058 524
f 652 1465 1557
f 1465 652 1306
f 302 1465 1306
f 1557 524 459
f 524 435 459
f 1557 857 652
f 1306 652 204
f 1557 970 857
f 142 652 857
f 142 204 652
f 682 204 142
f 1092 666 1058
f 1058 726 1092
f 389 1092 726
f 130 666 1092
f 666 130 191
f 666 191 435
f 959 1092 389
f 959 389 1242
f 389 726 567
f 389 567 661
f 661 1242 389
f 1242 661 1536
f 599 1536 34
f 726 302 645
f 567 726 645
f 352 567 645
f 645 1494 352
f 1536 661 1494
f 1494 34 1536
f 352 1494 661
f 661 567 352
f 435 396 459
f 435 191 396
f 698 970 459
f 970 698 144
f 970 1557 459
f 1219 842 760
f 729 760 440
f 729 1219 760
f 484 1219 729
f 249 484 729
f 484 1690 1219
f 303 1690 484
f 1690 303 1376
f 1376 1198 1690
f 302 1306 1301
f 204 13 1306
f 1301 1306 13
f 682 13 204
f 13 1160 1301
f 682 1160 13
f 309 1160 682
f 1177 1198 1376
f 1177 940 1198
f 1803 440 599
f 599 34 1803
f 34 786 1803
f 440 405 729
f 405 440 1803
f 786 405 1803
f 1522 405 786
f 645 302 820
f 785 302 1301
f 820 302 785
f 645 820 1494
f 1494 786 34
f 786 1494 820
f 170 786 820
f 170 1522 786
f 1301 170 785
f 785 170 820
f 170 1301 1140
f 729 405 249
f 405 1522 249
f 1522 271 249
f 271 1522 475
f 484 249 303
f 1376 303 1152
f 271 303 249
f 303 271 475
f 475 1152 303
f 1140 1301 1160
f 1160 309 1353
f 277 475 1140
f 394 277 1140
f 394 1140 1160
f 394 1160 1257
f 1257 277 394
f 577 277 1257
f 1654 1177 1376
f 1376 1152 1654
f 1548 1177 1654
f 277 1152 475
f 277 577 1152
f 1118 1548 1654
f 1118 1654 1152
f 1257 1160 1353
f 1548 940 1177
f 1152 577 1216
f 1152 1216 741
f 1152 741 1118
f 1438 1118 741
f 810 741 1216
f 810 1438 741
f 154 577 1257
f 154 1257 1353
f 154 1216 577
f 728 1087 1421
f 1421 1258 533
f 1421 1123 728
f 177 369 728
f 177 728 1813
f 533 1110 1421
f 1421 1110 1123
f 1038 1123 1110
f 1813 728 1123
f 1123 1038 1813
f 1219 635 842
f 635 1258 842
f 635 1641 1258
f 1690 635 1219
f 1690 859 635
f 1198 859 1690
f 1641 635 859
f 1244 1641 859
f 940 859 1198
f 940 1244 859
f 1093 1244 940
f 1244 1093 47
f 47 1641 1244
f 1501 47 1093
f 1258 1641 533
f 1548 1093 940
f 1093 1548 1501
f 1482 1501 1548
f 1482 1548 1118
f 1438 1482 1118
f 1438 1481 1482
f 571 177 1308
f 1563 1813 1038
f 177 1813 1076
f 458 604 1725
f 458 1287 604
f 458 72 1287
f 1507 1287 72
f 1170 1252 1725
f 1252 458 1725
f 1252 72 458
f 1005 72 1252
f 1005 82 72
f 245 1005 1252
f 1507 72 1318
f 1318 72 82
f 245 1252 1170
f 1287 1507 1822
f 553 1507 1318
f 500 553 1318
f 1170 1258 1239
f 1170 1239 245
f 245 813 1005
f 1318 82 1286
f 82 1005 813
f 813 1286 82
f 337 1318 1286
f 500 1318 337
f 813 245 1239
f 1450 1286 813
f 1268 1286 1450
f 337 1286 1268
f 1117 337 1268
f 490 337 1117
f 1622 337 490
f 1159 813 1239
f 1087 1159 1239
f 1450 813 1159
f 1087 1239 1421
f 1450 1159 195
f 1268 1450 1504
f 1504 1450 195
f 1087 195 1159
f 1268 1504 1117
f 1117 1504 1477
f 369 195 1087
f 1504 195 369
f 369 1087 728
f 1117 1477 659
f 1477 1504 1796
f 1796 1504 369
f 571 1477 1796
f 369 177 1796
f 571 1796 177
f 659 1477 571
f 1411 630 628
f 628 1505 248
f 630 1505 628
f 628 248 1256
f 628 1256 58
f 58 1256 463
f 58 463 629
f 628 58 782
f 782 58 629
f 1411 628 86
f 782 629 875
f 875 629 1609
f 7 1425 478
f 1136 7 478
f 421 922 963
f 478 1425 963
f 963 1425 727
f 963 220 478
f 20 1355 1136
f 478 1162 20
f 1136 478 20
f 937 1355 20
f 1165 1136 1355
f 218 1165 1355
f 7 428 1425
f 163 428 7
f 163 479 428
f 1165 7 1136
f 7 1165 163
f 727 1425 44
f 44 1425 428
f 428 479 717
f 44 428 717
f 674 717 479
f 1165 318 163
f 927 163 318
f 163 927 465
f 479 163 465
f 821 1355 937
f 821 937 455
f 1355 821 218
f 1385 218 821
f 218 1385 1554
f 1540 1385 821
f 1818 821 455
f 1540 821 1818
f 316 1761 1385
f 1385 1540 316
f 1718 1540 1818
f 316 1540 1021
f 1761 1554 1385
f 1554 1761 1637
f 1525 1761 316
f 1525 1637 1761
f 1021 1525 316
f 515 1702 89
f 89 1637 1525
f 1637 89 1702
f 1162 937 20
f 455 937 1162
f 318 1165 218
f 1554 318 218
f 1818 455 9
f 366 1702 1777
f 1554 1637 49
f 366 49 1702
f 49 1637 1702
f 1463 717 674
f 717 1463 348
f 1777 465 927
f 1777 674 465
f 1324 674 1777
f 465 674 479
f 1360 348 1463
f 674 1324 1463
f 1671 810 1216
f 1267 810 1671
f 1671 1216 154
f 154 1141 1671
f 1141 1267 1671
f 391 1267 1141
f 1472 154 973
f 1141 154 1472
f 1141 605 391
f 515 613 1702
f 1762 613 515
f 613 1324 1777
f 232 1324 613
f 135 232 613
f 232 1463 1324
f 232 1360 1463
f 132 1360 232
f 1134 132 232
f 613 1777 1702
f 613 1762 135
f 565 135 1762
f 232 135 1134
f 565 1134 135
f 565 101 1134
f 605 1141 1472
f 1472 198 605
f 1419 605 198
f 304 391 291
f 391 605 291
f 2 304 291
f 1669 291 732
f 291 605 1419
f 732 291 1419
f 732 1419 1716
f 607 869 52
f 1692 52 869
f 833 869 607
f 809 1692 869
f 833 809 869
f 453 809 833
f 1345 809 453
f 1718 1021 1540
f 52 623 139
f 1692 623 52
f 852 980 214
f 214 980 492
f 1589 980 1773
f 980 1589 492
f 955 492 1589
f 955 214 492
f 955 1086 214
f 1024 1525 1021
f 636 1021 1718
f 636 1024 1021
f 1148 1024 636
f 1024 89 1525
f 1250 89 1024
f 89 1250 515
f 1148 1250 1024
f 1718 1818 9
f 9 852 214
f 9 214 1378
f 1378 1718 9
f 1378 636 1718
f 1086 1378 214
f 1250 1148 1181
f 1148 1031 1181
f 1148 636 1378
f 1348 1148 1378
f 1086 1348 1378
f 1348 1031 1148
f 1086 1031 1348
f 623 1692 1589
f 1692 1059 584
f 1692 584 1589
f 1589 584 491
f 1589 491 955
f 809 1059 1692
f 584 1059 944
f 1059 787 944
f 787 1059 809
f 1345 787 809
f 944 787 270
f 1732 955 491
f 1732 1086 955
f 515 1250 1762
f 1605 761 472
f 837 2 1669
f 837 1669 735
f 761 837 735
f 837 761 1605
f 1762 1250 1181
f 1181 565 1762
f 763 565 1181
f 1181 1031 763
f 763 101 565
f 1461 763 1031
f 101 763 1461
f 1031 1086 1461
f 408 101 1461
f 2 291 1669
f 408 121 101
f 408 1716 121
f 1716 408 1552
f 270 1605 472
f 453 1605 1345
f 270 787 1605
f 1605 787 1345
f 1340 837 1605
f 1481 1438 810
f 354 1481 810
f 810 1267 354
f 1481 1467 1482
f 1481 206 1467
f 826 354 1267
f 354 206 1481
f 1467 206 1513
f 75 1049 206
f 391 826 1267
f 826 206 354
f 503 206 826
f 375 826 391
f 391 304 375
f 375 503 826
f 503 1579 206
f 304 2 375
f 1628 375 2
f 503 375 1579
f 1628 1579 375
f 206 1579 75
f 2 837 1628
f 1628 837 75
f 1340 75 837
f 75 1579 1628
f 453 833 1517
f 453 1517 714
f 548 1517 123
f 446 144 698
f 1154 857 970
f 1154 970 144
f 1405 1154 144
f 951 1405 144
f 1405 951 53
f 951 144 446
f 421 53 951
f 857 1154 882
f 882 142 857
f 882 1752 142
f 616 1154 1405
f 616 882 1154
f 53 616 1405
f 894 53 421
f 44 708 894
f 53 1806 616
f 1806 53 894
f 1752 682 142
f 309 682 1752
f 1752 1666 309
f 1353 309 1666
f 1666 1752 882
f 1666 882 616
f 616 1806 1810
f 616 407 1666
f 1810 407 616
f 1806 1026 1810
f 1353 1666 407
f 1208 407 1810
f 1208 1353 407
f 154 1353 853
f 1570 533 1641
f 1641 47 1570
f 47 1467 411
f 411 347 47
f 1513 347 411
f 1482 1467 1501
f 1501 1467 47
f 1513 411 1467
f 206 1049 1513
f 1110 533 1082
f 1038 1110 1082
f 1570 1082 533
f 47 1082 1570
f 1563 1038 1082
f 347 1082 47
f 1082 347 1563
f 347 1731 1563
f 1731 347 1513
f 951 922 421
f 44 717 348
f 625 1810 1026
f 1050 1208 625
f 625 1208 1810
f 595 348 1360
f 595 1026 348
f 595 625 1026
f 595 716 625
f 716 595 804
f 716 1050 625
f 973 154 853
f 1208 853 1353
f 1208 973 853
f 1050 973 1208
f 329 973 1050
f 798 329 716
f 329 1472 973
f 198 1472 329
f 329 1050 716
f 1360 132 595
f 804 132 101
f 132 804 595
f 716 804 101
f 1134 101 132
f 121 716 101
f 798 716 121
f 798 198 329
f 1419 198 798
f 1716 798 121
f 1716 1419 798
f 969 1776 558
f 1094 558 1776
f 1633 149 1105
f 269 373 802
f 1532 269 916
f 373 269 1532
f 288 1004 439
f 528 1014 1395
f 1395 288 496
f 496 288 439
f 496 683 1395
f 1413 683 496
f 275 575 1
f 275 1583 575
f 1010 1545 1133
f 1545 1017 1133
f 1017 320 1133
f 320 437 1133
f 437 1010 1133
f 514 1484 437
f 514 320 1392
f 514 437 320
f 56 244 1288
f 43 1288 66
f 66 1288 656
f 1362 530 781
f 781 1801 1362
f 811 1012 933
f 1012 1484 933
f 1484 784 933
f 784 1638 933
f 1638 1032 933
f 1371 109 416
f 1371 1336 343
f 1638 109 1032
f 424 1217 1122
f 199 56 1492
f 424 339 1217
f 1034 268 424
f 982 1755 268
f 726 1058 1465
f 302 726 1465
f 1522 170 1140
f 1522 1140 475
f 1627 624 581
f 231 581 797
f 1627 581 231
f 1187 372 1423
f 372 939 945
f 945 939 902
f 372 945 1423
f 986 315 175
f 1187 1423 537
f 1423 315 537
f 315 1423 1408
f 1408 1423 945
f 945 355 1408
f 315 986 537
f 315 1408 792
f 624 902 939
f 1627 902 624
f 902 1627 285
f 285 945 902
f 879 285 755
f 285 879 355
f 755 1627 231
f 755 231 155
f 755 285 1627
f 879 755 593
f 155 873 755
f 873 593 755
f 593 873 301
f 285 355 945
f 879 941 355
f 1201 1408 355
f 355 941 1201
f 547 879 653
f 879 593 653
f 653 593 301
f 899 653 301
f 879 547 941
f 547 187 941
f 1193 547 653
f 1193 653 51
f 51 653 899
f 1323 986 175
f 1681 382 175
f 846 1681 175
f 792 175 315
f 175 792 387
f 949 792 1408
f 387 792 949
f 387 846 175
f 387 789 846
f 949 1408 1201
f 789 387 949
f 949 341 789
f 1138 430 1681
f 967 430 1138
f 1681 846 1138
f 846 1387 1138
f 967 1138 1387
f 846 789 1387
f 967 1387 1572
f 1412 1387 789
f 1572 1387 1412
f 941 187 1201
f 126 1201 187
f 1201 126 949
f 187 1125 126
f 341 949 126
f 341 126 688
f 688 126 1125
f 688 1125 1397
f 187 547 1193
f 1125 187 1193
f 1125 1193 37
f 1397 1125 37
f 37 1193 51
f 789 341 1412
f 1412 341 1730
f 688 1730 341
f 1572 1412 1730
f 1572 164 451
f 1730 164 1572
f 1275 688 1397
f 1275 1730 688
f 1275 164 1730
f 451 164 850
f 1275 850 164
f 1517 451 770
f 850 770 451
f 1517 770 1023
f 1023 770 140
f 438 1275 1397
f 850 1275 438
f 37 438 1397
f 1709 673 37
f 37 673 438
f 770 850 140
f 140 850 438
f 673 140 438
f 155 231 1403
f 131 155 1403
f 131 873 155
f 131 161 1369
f 131 335 873
f 335 301 873
f 1369 929 131
f 335 131 929
f 301 335 402
f 335 929 1388
f 1388 402 335
f 556 402 1388
f 402 899 301
f 556 899 402
f 1065 929 17
f 1388 929 1065
f 1388 1065 1664
f 1672 1065 182
f 1672 1664 1065
f 1672 1296 1664
f 556 1388 1664
f 1672 182 1296
f 103 556 1178
f 103 1178 236
f 1709 103 236
f 103 51 899
f 103 899 556
f 37 51 1709
f 1709 51 103
f 1296 646 1664
f 1296 1380 646
f 1380 1322 646
f 1664 1178 556
f 1178 1664 646
f 602 1322 1380
f 602 950 1322
f 236 1178 646
f 185 236 646
f 646 1322 185
f 236 881 1709
f 185 1711 236
f 236 1711 881
f 673 757 140
f 1023 140 757
f 1023 757 1593
f 1759 1820 1711
f 1375 1820 1185
f 1185 1820 207
f 1375 757 881
f 881 1711 1375
f 1375 1711 1820
f 757 1375 1593
f 1375 1185 1593
f 881 673 1709
f 673 881 757
f 950 185 1322
f 950 1711 185
f 1711 950 1759
f 1759 1307 207
f 1759 207 1820
f 1023 123 1517
f 1593 123 1023
f 1697 123 1593
f 1697 1593 207
f 1185 207 1593
f 451 967 1572
f 967 451 1095