# https://github.com/mikedh/trimesh
mtllib material_0.mtl
usemtl material_0
v 0.01160964 -0.00972840 0.03259740
v 0.01160964 -0.01142360 0.03259740
v 0.01222002 -0.00972840 0.03259740
v 0.01160964 -0.01142360 0.03276690
v 0.01222002 -0.01142360 0.03259740
v 0.01222002 -0.00972840 0.03276690
v 0.01160964 -0.00972840 0.03276690
v 0.01160964 -0.01083140 0.03276690
v 0.01222002 -0.01142360 0.03276690
v 0.01160964 -0.01023920 0.03276690
v 0.01222002 -0.01083140 0.03276690
v 0.01222002 -0.01023920 0.03276690
v 0.00929664 -0.00238400 0.03268215
v 0.00447030 0.00297740 0.03268215
v -0.00562788 0.00297740 0.03268215
v -0.01045260 -0.01983800 0.03268215
v -0.01045260 -0.00238400 0.03268215
v -0.00824526 -0.02229120 0.03268215
v 0.00929664 -0.01983800 0.03268215
v 0.00447030 -0.00238400 0.03268215
v -0.00562788 -0.00025280 0.03268215
v 0.00708768 -0.02229120 0.03268215
v 0.00447030 -0.00025280 0.03268215
v -0.00562788 -0.00238400 0.03268215
v 0.02001618 0.00607060 -0.04852230
v 0.01451538 0.00607060 -0.06144915
v -0.00615168 0.00607060 -0.06627735
v -0.02117376 0.00607060 -0.04852230
v -0.01567296 0.00607060 -0.06144915
v 0.01015362 0.00607060 -0.06440865
v -0.01130958 0.00607060 -0.06440865
v 0.00499410 0.00607060 -0.06627735
v -0.02186244 0.00179100 -0.04852230
v 0.01775754 0.00607060 -0.05761815
v 0.02070486 0.00179100 -0.04852230
v -0.01891350 0.00607060 -0.05761815
v 0.01963818 0.00607060 -0.05319960
v -0.02079414 0.00607060 -0.05319960
v 0.00908028 0.00179100 -0.06137580
v 0.00438210 0.00179100 -0.06279075
v 0.01326276 0.00179100 -0.05910240
v -0.00553968 0.00179100 -0.06279075
v -0.01023624 0.00179100 -0.06137580
v -0.01441872 0.00179100 -0.05910240
v 0.01923444 0.00179100 -0.05249880
v -0.02039040 0.00179100 -0.05249880
v 0.01670832 0.00179100 -0.05608965
v -0.01786428 0.00179100 -0.05608965
v 0.02071782 0.00171480 -0.03934500
v 0.02071782 0.00171480 0.02206635
v 0.02217708 -0.00735240 -0.03934500
v 0.02217708 -0.00735240 0.02206635
v -0.00057888 0.00607060 -0.06691545
v -0.00057888 0.00179100 -0.06327120
v 0.00409698 -0.00066760 0.03268215
v -0.00525456 -0.00196880 0.03268215
v 0.00409698 -0.00196880 0.03268215
v -0.00525456 -0.00066760 0.03268215
v -0.02190888 0.00172300 -0.03934500
v -0.02190888 0.00172300 0.02206635
v -0.02386638 -0.00722780 -0.03934500
v -0.02386638 -0.00722780 0.02206635
v 0.00492678 0.01313440 0.03268215
v -0.00616770 0.01313440 0.03268215
v 0.00492678 0.01313440 0.03251250
v -0.00616770 0.01313440 0.03251250
v -0.01101168 0.01169680 0.03251250
v 0.00985572 0.01169680 0.03251250
v -0.00616770 0.01169680 0.03251250
v 0.01352538 0.00463280 0.03251250
v 0.00492678 0.01169680 0.03251250
v -0.01468152 0.00463280 0.03251250
v -0.00616770 0.01169680 0.03234300
v -0.02008926 0.00463280 0.03251250
v 0.01352538 0.00463280 0.03234300
v 0.00985572 0.01169680 0.03234300
v -0.01468152 0.00463280 0.03234300
v 0.00492678 0.01169680 0.03234300
v -0.01101168 0.01169680 0.03234300
v 0.01893330 0.00463280 0.03251250
v 0.01893330 0.00463280 0.03234300
v -0.02374794 -0.01808780 0.03251250
v 0.00387108 0.00538600 0.03234300
v 0.00387108 0.00442840 0.03234300
v -0.02008926 0.00463280 0.03234300
v -0.00518256 0.00538600 0.03234300
v -0.02374794 -0.02065660 0.03251250
v 0.02259036 -0.01808780 0.03251250
v 0.00387108 0.01024580 0.03234300
v 0.00501174 0.00442840 0.03234300
v -0.00518256 0.01024580 0.03234300
v -0.00616770 0.00442840 0.03234300
v -0.02374794 -0.02065660 0.03234300
v -0.02374794 -0.01808780 0.03234300
v 0.02259036 -0.02065660 0.03251250
v 0.02259036 -0.01808780 0.03234300
v 0.00274338 0.00442840 0.03234300
v 0.00387108 0.01024580 0.03251250
v 0.00274338 0.01024580 0.03234300
v 0.01060218 -0.00178280 0.03234300
v -0.00406278 0.01024580 0.03234300
v -0.01175814 -0.00178280 0.03234300
v -0.00518256 0.00442840 0.03234300
v -0.02072358 -0.02267140 0.03251250
v 0.01276452 -0.01274160 0.03234300
v 0.00274338 0.00538600 0.03234300
v 0.01113714 -0.00923800 0.03234300
v -0.01175814 -0.02043900 0.03234300
v -0.02072358 -0.02267140 0.03234300
v 0.01956762 -0.02267140 0.03251250
v 0.02259036 -0.02065660 0.03234300
v 0.01276452 -0.00923800 0.03234300
v 0.01113714 -0.01274160 0.03234300
v 0.00364050 0.00538600 0.03234300
v -0.00406278 0.00442840 0.03234300
v -0.00406278 0.00538600 0.03234300
v 0.00274338 0.01024580 0.03251250
v 0.01577610 -0.02466500 0.03251250
v -0.01693368 -0.02466500 0.03251250
v 0.00776034 -0.02736880 0.03251250
v -0.00057888 -0.02828180 0.03251250
v 0.01956762 -0.02267140 0.03234300
v 0.01060218 -0.02043900 0.03234300
v 0.00297252 0.00538600 0.03234300
v 0.00274338 0.00538600 0.03251250
v 0.00297252 0.00999080 0.03251250
v -0.00491976 0.00995360 0.03251250
v -0.00891648 -0.02736880 0.03251250
v -0.00432558 0.00538600 0.03234300
v -0.00518256 0.00337440 0.03268215
v 0.01182744 -0.02623580 0.03251250
v -0.00878508 -0.02374220 0.03234300
v -0.01693368 -0.02466500 0.03234300
v 0.00361170 -0.02805300 0.03251250
v 0.01577610 -0.02466500 0.03234300
v 0.00364050 0.00999080 0.03234300
v 0.00275148 0.00538600 0.03234300
v 0.00364050 0.00999080 0.03251250
v -0.00432558 0.00995360 0.03251250
v -0.00476766 -0.02805300 0.03251250
v -0.01298502 -0.02623580 0.03251250
v -0.00491976 0.00538600 0.03234300
v -0.00518256 0.00337440 0.03251250
v 0.01182744 -0.02623580 0.03234300
v 0.00361170 -0.02805300 0.03234300
v 0.00776034 -0.02736880 0.03234300
v -0.00057888 -0.02828180 0.03234300
v 0.00762912 -0.02374220 0.03234300
v 0.00297252 0.00999080 0.03234300
v 0.00275148 0.00538600 0.03251250
v -0.00432558 0.00538600 0.03251250
v -0.00432558 0.00995360 0.03234300
v -0.00891648 -0.02736880 0.03234300
v -0.01298502 -0.02623580 0.03234300
v -0.00406278 0.00337440 0.03251250
v -0.00476766 -0.02805300 0.03234300
v 0.00297252 0.00538600 0.03251250
v -0.00491976 0.00995360 0.03234300
v -0.00406278 0.00337440 0.03268215
v 0.00620496 0.02719800 -0.01605885
v -0.00757566 0.02719800 -0.01605885
v 0.00765630 0.02998920 -0.01605885
v -0.00902538 0.02998920 -0.01605885
v 0.00559314 0.02719800 -0.01796910
v -0.00696366 0.02719800 -0.01796910
v -0.00607626 0.02719800 -0.01966185
v -0.00846630 0.02998920 -0.01865505
v 0.00470574 0.02719800 -0.01966185
v 0.00709560 0.02998920 -0.01865505
v -0.00495018 0.02719800 -0.02106255
v -0.00748440 0.02998920 -0.02100300
v 0.00611370 0.02998920 -0.02100300
v 0.00357966 0.02719800 -0.02106255
v 0.00226764 0.02719800 -0.02210925
v -0.00613566 0.02998920 -0.02297550
v 0.00476496 0.02998920 -0.02297550
v -0.00363834 0.02719800 -0.02210925
v 0.00082440 0.02719800 -0.02275665
v -0.00449208 0.02998920 -0.02446650
v 0.00312156 0.02998920 -0.02446650
v -0.00219510 0.02719800 -0.02275665
v -0.00264204 0.02998920 -0.02539425
v 0.00127134 0.02998920 -0.02539425
v -0.00068454 0.02719800 -0.02297550
v -0.00068454 0.02998920 -0.02570940
v 0.04323492 -0.02075160 -0.02269650
v 0.02945430 -0.02075160 -0.02269650
v 0.04468608 -0.01796020 -0.02269650
v 0.02800458 -0.01796020 -0.02269650
v 0.04262454 -0.02075160 -0.02486700
v 0.03006612 -0.02075160 -0.02486700
v 0.03095352 -0.02075160 -0.02679060
v 0.02856366 -0.01796020 -0.02564655
v 0.04173552 -0.02075160 -0.02679060
v 0.04412556 -0.01796020 -0.02564655
v 0.03207960 -0.02075160 -0.02838180
v 0.02954556 -0.01796020 -0.02831505
v 0.04314528 -0.01796020 -0.02831505
v 0.04061106 -0.02075160 -0.02838180
v 0.03929760 -0.02075160 -0.02957250
v 0.03089430 -0.01796020 -0.03055620
v 0.04179492 -0.01796020 -0.03055620
v 0.03339324 -0.02075160 -0.02957250
v 0.03785436 -0.02075160 -0.03030795
v 0.03253932 -0.01796020 -0.03225015
v 0.04015134 -0.01796020 -0.03225015
v 0.03483648 -0.02075160 -0.03030795
v 0.03438954 -0.01796020 -0.03330480
v 0.03830112 -0.01796020 -0.03330480
v 0.03634542 -0.02075160 -0.03055620
v 0.03634542 -0.01796020 -0.03366255
v -0.03061188 -0.02075160 -0.02269650
v -0.04439250 -0.02075160 -0.02269650
v -0.02916054 -0.01796020 -0.02269650
v -0.04584222 -0.01796020 -0.02269650
v -0.03122208 -0.02075160 -0.02486700
v -0.04378050 -0.02075160 -0.02486700
v -0.04289310 -0.02075160 -0.02679060
v -0.04528152 -0.01796020 -0.02564655
v -0.03211110 -0.02075160 -0.02679060
v -0.02972124 -0.01796020 -0.02564655
v -0.04176702 -0.02075160 -0.02838180
v -0.04430124 -0.01796020 -0.02831505
v -0.03070152 -0.01796020 -0.02831505
v -0.03323556 -0.02075160 -0.02838180
v -0.03454920 -0.02075160 -0.02957250
v -0.04295250 -0.01796020 -0.03055620
v -0.03205188 -0.01796020 -0.03055620
v -0.04045356 -0.02075160 -0.02957250
v -0.03599244 -0.02075160 -0.03030795
v -0.04130730 -0.01796020 -0.03225015
v -0.03369528 -0.01796020 -0.03225015
v -0.03901032 -0.02075160 -0.03030795
v -0.03945726 -0.01796020 -0.03330480
v -0.03554550 -0.01796020 -0.03330480
v -0.03750138 -0.02075160 -0.03055620
v -0.03750138 -0.01796020 -0.03366255
v 0.00620496 0.02719800 0.03163380
v -0.00757566 0.02719800 0.03163380
v -0.00652644 0.02652060 0.03163380
v -0.00902538 0.02998920 0.03163380
v 0.00515574 0.02652060 0.03163380
v 0.00765630 0.02998920 0.03163380
v -0.00542430 0.02595780 0.03163380
v -0.00652644 0.02652060 -0.01605885
v -0.00542430 0.02595780 -0.01605885
v -0.00779508 0.03093160 0.03163380
v 0.00405378 0.02595780 0.03163380
v 0.00515574 0.02652060 -0.01605885
v -0.00427752 0.02551440 -0.01605885
v -0.00427752 0.02551440 0.03163380
v 0.00642456 0.03093160 -0.01605885
v 0.00642456 0.03093160 0.03163380
v 0.00405378 0.02595780 -0.01605885
v 0.00290682 0.02551440 -0.01605885
v -0.00647838 0.03171860 0.03163380
v -0.00779508 0.03093160 -0.01605885
v -0.00309852 0.02519480 -0.01605885
v 0.00172782 0.02519480 -0.01605885
v 0.00290682 0.02551440 0.03163380
v 0.00510768 0.03171860 -0.01605885
v 0.00510768 0.03171860 0.03163380
v -0.00309852 0.02519480 0.03163380
v 0.00172782 0.02519480 0.03163380
v -0.00647838 0.03171860 -0.01605885
v -0.00189720 0.02500200 -0.01605885
v 0.00052650 0.02500200 -0.01605885
v 0.00052650 0.02500200 0.03163380
v -0.00509274 0.03234080 0.03163380
v 0.00372222 0.03234080 -0.01605885
v -0.00189720 0.02500200 0.03163380
v -0.00509274 0.03234080 -0.01605885
v 0.00228204 0.03279060 -0.01605885
v 0.00372222 0.03234080 0.03163380
v -0.00068454 0.02493760 -0.01605885
v -0.00365274 0.03279060 -0.01605885
v -0.00365274 0.03279060 0.03163380
v 0.00080676 0.03306260 -0.01605885
v -0.00217746 0.03306260 -0.01605885
v 0.00228204 0.03279060 0.03163380
v -0.00068454 0.03315380 -0.01605885
v -0.00217746 0.03306260 0.03163380
v 0.00080676 0.03306260 0.03163380
v 0.04323492 -0.02075160 0.03149985
v 0.02945430 -0.02075160 0.03149985
v 0.03050334 -0.02142900 0.03149985
v 0.02800458 -0.01796020 0.03149985
v 0.04218570 -0.02142900 0.03149985
v 0.04468608 -0.01796020 0.03149985
v 0.03160710 -0.02199180 0.03149985
v 0.03050334 -0.02142900 -0.02269650
v 0.03160710 -0.02199180 -0.02269650
v 0.02923470 -0.01701780 0.03149985
v 0.04108356 -0.02199180 0.03149985
v 0.04218570 -0.02142900 -0.02269650
v 0.03275244 -0.02243500 -0.02269650
v 0.03275244 -0.02243500 0.03149985
v 0.04345434 -0.01701780 -0.02269650
v 0.04345434 -0.01701780 0.03149985
v 0.04108356 -0.02199180 -0.02269650
v 0.03993678 -0.02243500 -0.02269650
v 0.03055140 -0.01623080 0.03149985
v 0.02923470 -0.01701780 -0.02269650
v 0.03393144 -0.02275460 -0.02269650
v 0.03875778 -0.02275460 -0.02269650
v 0.03993678 -0.02243500 0.03149985
v 0.04213764 -0.01623080 -0.02269650
v 0.04213764 -0.01623080 0.03149985
v 0.03393144 -0.02275460 0.03149985
v 0.03875778 -0.02275460 0.03149985
v 0.03055140 -0.01623080 -0.02269650
v 0.03513276 -0.02294740 -0.02269650
v 0.03755790 -0.02294740 -0.02269650
v 0.03755790 -0.02294740 0.03149985
v 0.03193866 -0.01560860 0.03149985
v 0.04075200 -0.01560860 -0.02269650
v 0.03513276 -0.02294740 0.03149985
v 0.03193866 -0.01560860 -0.02269650
v 0.03931362 -0.01515880 -0.02269650
v 0.04075200 -0.01560860 0.03149985
v 0.03634542 -0.02301200 -0.02269650
v 0.03337722 -0.01515880 -0.02269650
v 0.03337722 -0.01515880 0.03149985
v 0.03783834 -0.01488680 -0.02269650
v 0.03485250 -0.01488680 -0.02269650
v 0.03931362 -0.01515880 0.03149985
v 0.03634542 -0.01479580 -0.02269650
v 0.03485250 -0.01488680 0.03149985
v 0.03783834 -0.01488680 0.03149985
v -0.03061188 -0.02075160 0.03149985
v -0.04439250 -0.02075160 0.03149985
v -0.04334328 -0.02142900 0.03149985
v -0.04584222 -0.01796020 0.03149985
v -0.03166092 -0.02142900 0.03149985
v -0.02916054 -0.01796020 0.03149985
v -0.04223952 -0.02199180 0.03149985
v -0.04334328 -0.02142900 -0.02269650
v -0.04223952 -0.02199180 -0.02269650
v -0.04461192 -0.01701780 0.03149985
v -0.03276306 -0.02199180 0.03149985
v -0.03166092 -0.02142900 -0.02269650
v -0.04109436 -0.02243500 -0.02269650
v -0.04109436 -0.02243500 0.03149985
v -0.03039228 -0.01701780 -0.02269650
v -0.03039228 -0.01701780 0.03149985
v -0.03276306 -0.02199180 -0.02269650
v -0.03391002 -0.02243500 -0.02269650
v -0.04329522 -0.01623080 0.03149985
v -0.04461192 -0.01701780 -0.02269650
v -0.03991536 -0.02275460 -0.02269650
v -0.03508902 -0.02275460 -0.02269650
v -0.03391002 -0.02243500 0.03149985
v -0.03170898 -0.01623080 -0.02269650
v -0.03170898 -0.01623080 0.03149985
v -0.03991536 -0.02275460 0.03149985
v -0.03508902 -0.02275460 0.03149985
v -0.04329522 -0.01623080 -0.02269650
v -0.03871386 -0.02294740 -0.02269650
v -0.03628872 -0.02294740 -0.02269650
v -0.03628872 -0.02294740 0.03149985
v -0.04190796 -0.01560860 0.03149985
v -0.03309462 -0.01560860 -0.02269650
v -0.03871386 -0.02294740 0.03149985
v -0.04190796 -0.01560860 -0.02269650
v -0.03453318 -0.01515880 -0.02269650
v -0.03309462 -0.01560860 0.03149985
v -0.03750138 -0.02301200 -0.02269650
v -0.04046958 -0.01515880 -0.02269650
v -0.04046958 -0.01515880 0.03149985
v -0.03600846 -0.01488680 -0.02269650
v -0.03899430 -0.01488680 -0.02269650
v -0.03453318 -0.01515880 0.03149985
v -0.03750138 -0.01479580 -0.02269650
v -0.03899430 -0.01488680 0.03149985
v -0.03600846 -0.01488680 0.03149985
v 0.00223722 0.02382080 0.02208270
v -0.00366228 0.02290320 0.02177895
v 0.00223722 0.02290320 0.02177895
v -0.00366228 0.02382080 0.02208270
v -0.00366228 0.02191180 0.02166360
v 0.00223722 0.02622860 0.00613695
v 0.00223722 0.02460260 0.02255415
v -0.00366228 0.02622860 0.00613695
v 0.00223722 0.02191180 0.02166360
v -0.00366228 0.02460260 0.02255415
v -0.00366228 0.02091460 0.02174475
v 0.00223722 0.02091460 0.02174475
v 0.00223722 0.02519480 0.02316135
v -0.00366228 0.02519480 0.02316135
v -0.00366228 0.01997920 0.02201685
v 0.00223722 0.01997920 0.02201685
v 0.00223722 0.02555740 0.02386290
v -0.00366228 0.02555740 0.02386290
v -0.00366228 0.01916960 0.02246100
v 0.00223722 0.01916960 0.02246100
v 0.00223722 0.02566560 0.02461080
v -0.00366228 0.02566560 0.02461080
v -0.00366228 0.01854100 0.02304720
v 0.00223722 0.01854100 0.02304720
v -0.00366228 0.01813600 0.02373570
v 0.00223722 0.01813600 0.02373570
v 0.00223722 0.01854520 0.00600540
v -0.00366228 0.01854520 0.00600540
v -0.00366228 0.01798240 0.02447910
v 0.00223722 0.01798240 0.02447910
v 0.01060218 0.01313440 -0.04852230
v -0.00308736 0.01313440 -0.04852230
v 0.00189288 0.01313440 -0.04852230
v 0.00245034 0.01313440 -0.05817735
v -0.00360630 0.01313440 -0.05817735
v -0.01175814 0.01313440 -0.04852230
v 0.01427184 0.00607060 -0.04852230
v 0.00525348 0.01313440 -0.05716020
v -0.00640944 0.01313440 -0.05716020
v -0.01542942 0.00607060 -0.04852230
v -0.00442170 0.00607060 -0.06047610
v -0.00800334 0.00607060 -0.05923995
v 0.00762264 0.01313440 -0.05555040
v 0.00326556 0.00607060 -0.06047610
v -0.01175814 0.01313440 0.03251250
v 0.01376568 0.00607060 -0.05172465
v 0.01040022 0.01313440 -0.05106390
v 0.01060218 0.01313440 0.03251250
v 0.00938304 0.01313440 -0.05346660
v 0.00684738 0.00607060 -0.05923995
v -0.00878022 0.01313440 -0.05555040
v -0.01542942 0.00607060 0.03251250
v -0.01155780 0.01313440 -0.05106390
v 0.01427184 0.00607060 0.03251250
v -0.01053900 0.01313440 -0.05346660
v -0.01107882 0.00607060 -0.05727375
v -0.01492326 0.00607060 -0.05172465
v -0.02117376 0.00607060 0.03251250
v 0.01228248 0.00607060 -0.05470935
v 0.00992286 0.00607060 -0.05727375
v -0.01344006 0.00607060 -0.05470935
v -0.02504052 -0.01796020 -0.00100575
v 0.02388456 -0.01796020 -0.04852230
v 0.02061522 0.00235460 -0.03983220
v -0.02504052 -0.01796020 -0.04852230
v 0.01226808 -0.01796020 -0.08194350
v 0.01747242 -0.01796020 -0.07569900
v 0.02001618 0.00607060 0.03251250
v -0.00725364 -0.01796020 -0.08588940
v -0.01342566 -0.01796020 -0.08194350
v 0.02227950 -0.00799220 -0.03983220
v -0.02466414 -0.01796020 -0.05833365
v -0.02504052 -0.01796020 0.02310375
v -0.02504052 -0.01796020 0.03251250
v 0.00609606 -0.01796020 -0.08588940
v 0.02131524 -0.01796020 -0.06762690
v -0.01862838 -0.01796020 -0.07569900
v 0.02388456 -0.02147080 -0.04852230
v 0.02350818 -0.01796020 -0.05833365
v 0.02388456 -0.01796020 -0.00100575
v 0.02061522 0.00235460 0.02255370
v 0.02258064 -0.00793260 -0.03983220
v -0.02247120 -0.01796020 -0.06762690
v -0.02504052 -0.02147080 -0.04852230
v -0.03328056 -0.01796020 -0.00100575
v 0.01220400 -0.02761320 -0.04852230
v 0.01627254 -0.02599460 -0.04852230
v 0.02017944 -0.02394060 -0.04852230
v 0.02388456 -0.01796020 0.02310375
v 0.02388456 -0.01796020 0.03251250
v -0.00916956 -0.02878040 -0.04852230
v -0.01336158 -0.02761320 -0.04852230
v 0.02227950 -0.00799220 0.02255370
v 0.02091474 0.00241420 0.02255370
v 0.02091474 0.00241420 -0.03983220
v -0.02133558 -0.02394060 -0.04852230
v -0.03328056 -0.01796020 0.02310375
v 0.00801198 -0.02878040 -0.04852230
v -0.01742868 -0.02599460 -0.04852230
v 0.02258064 -0.00793260 0.02255370
v 0.02101896 0.00177440 -0.03934500
v -0.02504052 -0.02147080 0.03251250
v 0.02017944 -0.02394060 0.03251250
v -0.03328056 -0.02147080 0.02310375
v -0.02504052 -0.02147080 -0.00100575
v -0.02504052 -0.02147080 0.02310375
v 0.01220400 -0.02761320 0.03251250
v 0.00801198 -0.02878040 0.03251250
v 0.01627254 -0.02599460 0.03251250
v -0.00489420 -0.02948540 -0.04852230
v 0.00373824 -0.02948540 -0.04852230
v -0.01336158 -0.02761320 0.03251250
v -0.01742868 -0.02599460 0.03251250
v 0.03212442 -0.01796020 0.02310375
v 0.02247822 -0.00729280 0.02206635
v 0.02247822 -0.00729280 -0.03934500
v -0.02133558 -0.02394060 0.03251250
v 0.02388456 -0.02147080 -0.00100575
v -0.03328056 -0.02147080 -0.00100575
v 0.02388456 -0.02147080 0.02310375
v 0.02388456 -0.02147080 0.03251250
v 0.03212442 -0.02147080 -0.00100575
v -0.00916956 -0.02878040 0.03251250
v -0.00057888 -0.02972120 -0.04852230
v 0.03212442 -0.01796020 -0.00100575
v 0.02101896 0.00177440 0.02206635
v 0.03212442 -0.02147080 0.02310375
v -0.02206764 0.00243440 -0.03983220
v -0.02177118 0.00235460 0.02255370
v -0.02177118 0.00235460 -0.03983220
v -0.02206764 0.00243440 0.02255370
v -0.02430216 -0.00777900 -0.03983220
v -0.02220534 0.00180320 -0.03934500
v -0.02430216 -0.00777900 0.02255370
v -0.02400570 -0.00785900 -0.03983220
v -0.02416428 -0.00714760 -0.03934500
v -0.02220534 0.00180320 0.02206635
v -0.02400570 -0.00785900 0.02255370
v -0.02416428 -0.00714760 0.02206635
v 0.00103266 0.02714280 0.03093450
v -0.00190026 0.02671380 0.03093450
v -0.00278928 0.02770160 0.03093450
v 0.00052974 0.02671380 0.03093450
v -0.00240336 0.02714280 0.03093450
v -0.00131400 0.02644420 0.03093450
v -0.00303120 0.02835260 0.03093450
v 0.00141876 0.02770160 0.03093450
v -0.00005652 0.02644420 0.03093450
v -0.00087030 0.02634080 0.03093450
v -0.00311454 0.02905120 0.03093450
v 0.00166050 0.02835260 0.03093450
v -0.00023274 0.02637980 0.03093450
v -0.00068454 0.02635220 0.03093450
v -0.00303120 0.02974960 0.03093450
v 0.00174384 0.02905120 0.03093450
v -0.00278928 0.03040080 0.03093450
v 0.00166050 0.02974960 0.03093450
v -0.00240336 0.03095980 0.03093450
v 0.00141876 0.03040080 0.03093450
v -0.00190026 0.03138860 0.03093450
v 0.00103266 0.03095980 0.03093450
v -0.00131400 0.03165820 0.03093450
v 0.00052974 0.03138860 0.03093450
v -0.00068454 0.03175020 0.03093450
v -0.00005652 0.03165820 0.03093450
v 0.00486108 0.02715280 0.03093450
v -0.00623178 0.02715280 0.03093450
v -0.00518418 0.02661820 0.03093450
v -0.00710640 0.02771780 0.03093450
v 0.00381348 0.02661820 0.03093450
v -0.00817632 0.02977600 0.03093450
v 0.00573570 0.02771780 0.03093450
v -0.00409644 0.02619740 0.03093450
v 0.00272574 0.02619740 0.03093450
v -0.00746028 0.03032360 0.03093450
v 0.00680580 0.02977600 0.03093450
v -0.00297684 0.02589400 0.03093450
v 0.00160614 0.02589400 0.03093450
v -0.00620604 0.03107360 0.03093450
v -0.00183618 0.02571080 0.03093450
v 0.00608976 0.03032360 0.03093450
v 0.00046566 0.02571080 0.03093450
v -0.00488448 0.03166680 0.03093450
v -0.00068454 0.02564960 0.03093450
v 0.00483552 0.03107360 0.03093450
v -0.00351342 0.03209520 0.03093450
v 0.00351396 0.03166680 0.03093450
v -0.00210852 0.03235460 0.03093450
v 0.00214272 0.03209520 0.03093450
v 0.00073800 0.03235460 0.03093450
v -0.00068454 0.03244120 0.03093450
v 0.03806262 -0.02080680 0.03070515
v 0.03513114 -0.02123580 0.03070515
v 0.03424212 -0.02024780 0.03070515
v 0.03755952 -0.02123580 0.03070515
v 0.03462822 -0.02080680 0.03070515
v 0.03571578 -0.02150540 0.03070515
v 0.03399858 -0.01959680 0.03070515
v 0.03844854 -0.02024780 0.03070515
v 0.03697326 -0.02150540 0.03070515
v 0.03616110 -0.02160860 0.03070515
v 0.03391542 -0.01889840 0.03070515
v 0.03869208 -0.01959680 0.03070515
v 0.03679704 -0.02156960 0.03070515
v 0.03634542 -0.02159740 0.03070515
v 0.03399858 -0.01819980 0.03070515
v 0.03877380 -0.01889840 0.03070515
v 0.03424212 -0.01754880 0.03070515
v 0.03869208 -0.01819980 0.03070515
v 0.03462822 -0.01698980 0.03070515
v 0.03844854 -0.01754880 0.03070515
v 0.03513114 -0.01656080 0.03070515
v 0.03806262 -0.01698980 0.03070515
v 0.03571578 -0.01629120 0.03070515
v 0.03755952 -0.01656080 0.03070515
v 0.03634542 -0.01619920 0.03070515
v 0.03697326 -0.01629120 0.03070515
v 0.04189086 -0.02079680 0.03070515
v 0.03079980 -0.02079680 0.03070515
v 0.03184578 -0.02133120 0.03070515
v 0.02992356 -0.02023180 0.03070515
v 0.04084326 -0.02133120 0.03070515
v 0.02885508 -0.01817340 0.03070515
v 0.04276710 -0.02023180 0.03070515
v 0.03293496 -0.02175200 0.03070515
v 0.03975570 -0.02175200 0.03070515
v 0.02956950 -0.01762580 0.03070515
v 0.04383558 -0.01817340 0.03070515
v 0.03405312 -0.02205540 0.03070515
v 0.03863592 -0.02205540 0.03070515
v 0.03082374 -0.01687580 0.03070515
v 0.03519360 -0.02223860 0.03070515
v 0.04312116 -0.01762580 0.03070515
v 0.03749544 -0.02223860 0.03070515
v 0.03214530 -0.01628280 0.03070515
v 0.03634542 -0.02229980 0.03070515
v 0.04186530 -0.01687580 0.03070515
v 0.03351654 -0.01585420 0.03070515
v 0.04054536 -0.01628280 0.03070515
v 0.03492288 -0.01559500 0.03070515
v 0.03917268 -0.01585420 0.03070515
v 0.03776778 -0.01559500 0.03070515
v 0.03634542 -0.01550820 0.03070515
v -0.03578418 -0.02080680 0.03070515
v -0.03871548 -0.02123580 0.03070515
v -0.03960450 -0.02024780 0.03070515
v -0.03628710 -0.02123580 0.03070515
v -0.03921858 -0.02080680 0.03070515
v -0.03813084 -0.02150540 0.03070515
v -0.03984804 -0.01959680 0.03070515
v -0.03539808 -0.02024780 0.03070515
v -0.03687336 -0.02150540 0.03070515
v -0.03768552 -0.02160860 0.03070515
v -0.03993138 -0.01889840 0.03070515
v -0.03515472 -0.01959680 0.03070515
v -0.03704958 -0.02156960 0.03070515
v -0.03750138 -0.02159740 0.03070515
v -0.03984804 -0.01819980 0.03070515
v -0.03507300 -0.01889840 0.03070515
v -0.03960450 -0.01754880 0.03070515
v -0.03515472 -0.01819980 0.03070515
v -0.03921858 -0.01698980 0.03070515
v -0.03539808 -0.01754880 0.03070515
v -0.03871548 -0.01656080 0.03070515
v -0.03578418 -0.01698980 0.03070515
v -0.03813084 -0.01629120 0.03070515
v -0.03628710 -0.01656080 0.03070515
v -0.03750138 -0.01619920 0.03070515
v -0.03687336 -0.01629120 0.03070515
v -0.03195576 -0.02079680 0.03070515
v -0.04304700 -0.02079680 0.03070515
v -0.04200084 -0.02133120 0.03070515
v -0.04392306 -0.02023180 0.03070515
v -0.03300336 -0.02133120 0.03070515
v -0.04499154 -0.01817340 0.03070515
v -0.03107952 -0.02023180 0.03070515
v -0.04091166 -0.02175200 0.03070515
v -0.03409092 -0.02175200 0.03070515
v -0.04427712 -0.01762580 0.03070515
v -0.03001104 -0.01817340 0.03070515
v -0.03979350 -0.02205540 0.03070515
v -0.03521070 -0.02205540 0.03070515
v -0.04302288 -0.01687580 0.03070515
v -0.03865302 -0.02223860 0.03070515
v -0.03072546 -0.01762580 0.03070515
v -0.03635118 -0.02223860 0.03070515
v -0.04170132 -0.01628280 0.03070515
v -0.03750138 -0.02229980 0.03070515
v -0.03198132 -0.01687580 0.03070515
v -0.04033026 -0.01585420 0.03070515
v -0.03330126 -0.01628280 0.03070515
v -0.03892374 -0.01559500 0.03070515
v -0.03467412 -0.01585420 0.03070515
v -0.03607884 -0.01559500 0.03070515
v -0.03750138 -0.01550820 0.03070515
v -0.00112176 0.02713300 0.03093450
v -0.00082062 0.02706280 0.03093450
v -0.00157356 0.02734080 0.03093450
v -0.00072144 0.02706880 0.03093450
v -0.00035298 0.02709140 0.03093450
v -0.00194202 0.02765460 0.03093450
v -0.00028080 0.02711780 0.03093450
v 0.00020286 0.02734080 0.03093450
v 0.00057132 0.02765460 0.03093450
v -0.00222390 0.02806360 0.03093450
v 0.00085482 0.02806360 0.03093450
v -0.00240174 0.02854000 0.03093450
v 0.00103104 0.02854000 0.03093450
v -0.00246258 0.02905120 0.03093450
v 0.00109188 0.02905120 0.03093450
v -0.00240174 0.02956240 0.03093450
v 0.00103104 0.02956240 0.03093450
v 0.00085482 0.03003860 0.03093450
v -0.00222390 0.03003860 0.03093450
v 0.00057132 0.03044760 0.03093450
v -0.00194202 0.03044760 0.03093450
v -0.00157356 0.03076160 0.03093450
v 0.00020286 0.03076160 0.03093450
v -0.00114588 0.03095880 0.03093450
v -0.00068454 0.03102620 0.03093450
v -0.00022482 0.03095880 0.03093450
v 0.03590802 -0.02081660 0.03070515
v 0.03620916 -0.02088680 0.03070515
v 0.03545640 -0.02060880 0.03070515
v 0.03631014 -0.02088060 0.03070515
v 0.03667698 -0.02085800 0.03070515
v 0.03508794 -0.02029480 0.03070515
v 0.03674898 -0.02083160 0.03070515
v 0.03723444 -0.02060880 0.03070515
v 0.03760272 -0.02029480 0.03070515
v 0.03480606 -0.01988580 0.03070515
v 0.03788478 -0.01988580 0.03070515
v 0.03462822 -0.01940940 0.03070515
v 0.03806262 -0.01940940 0.03070515
v 0.03456738 -0.01889840 0.03070515
v 0.03812346 -0.01889840 0.03070515
v 0.03462822 -0.01838720 0.03070515
v 0.03806262 -0.01838720 0.03070515
v 0.03788478 -0.01791080 0.03070515
v 0.03480606 -0.01791080 0.03070515
v 0.03760272 -0.01750180 0.03070515
v 0.03508794 -0.01750180 0.03070515
v 0.03545640 -0.01718780 0.03070515
v 0.03723444 -0.01718780 0.03070515
v 0.03588570 -0.01699060 0.03070515
v 0.03634542 -0.01692320 0.03070515
v 0.03680514 -0.01699060 0.03070515
v -0.03793860 -0.02081660 0.03070515
v -0.03763746 -0.02088680 0.03070515
v -0.03839040 -0.02060880 0.03070515
v -0.03753666 -0.02088060 0.03070515
v -0.03716982 -0.02085800 0.03070515
v -0.03875886 -0.02029480 0.03070515
v -0.03709764 -0.02083160 0.03070515
v -0.03661236 -0.02060880 0.03070515
v -0.03624390 -0.02029480 0.03070515
v -0.03904074 -0.01988580 0.03070515
v -0.03596202 -0.01988580 0.03070515
v -0.03921858 -0.01940940 0.03070515
v -0.03578418 -0.01940940 0.03070515
v -0.03927942 -0.01889840 0.03070515
v -0.03572334 -0.01889840 0.03070515
v -0.03921858 -0.01838720 0.03070515
v -0.03578418 -0.01838720 0.03070515
v -0.03596202 -0.01791080 0.03070515
v -0.03904074 -0.01791080 0.03070515
v -0.03624390 -0.01750180 0.03070515
v -0.03875886 -0.01750180 0.03070515
v -0.03839040 -0.01718780 0.03070515
v -0.03661236 -0.01718780 0.03070515
v -0.03796110 -0.01699060 0.03070515
v -0.03750138 -0.01692320 0.03070515
v -0.03704166 -0.01699060 0.03070515
v -0.00082062 0.02706280 0.03219330
v -0.00112176 0.02713300 0.03219330
v -0.00072144 0.02706880 0.03219330
v -0.00240336 0.02714280 0.03219330
v 0.00103266 0.02714280 0.03219330
v -0.00157356 0.02734080 0.03219330
v 0.00052974 0.02671380 0.03219330
v -0.00035298 0.02709140 0.03219330
v -0.00190026 0.02671380 0.03219330
v -0.00278928 0.02770160 0.03219330
v -0.00028080 0.02711780 0.03219330
v -0.00194202 0.02765460 0.03219330
v 0.00020286 0.02734080 0.03219330
v -0.00005652 0.02644420 0.03219330
v 0.00141876 0.02770160 0.03219330
v -0.00222390 0.02806360 0.03219330
v 0.00057132 0.02765460 0.03219330
v -0.00131400 0.02644420 0.03219330
v -0.00023274 0.02637980 0.03219330
v -0.00303120 0.02835260 0.03219330
v 0.00166050 0.02835260 0.03219330
v -0.00240174 0.02854000 0.03219330
v 0.00085482 0.02806360 0.03219330
v -0.00068454 0.02635220 0.03219330
v -0.00087030 0.02634080 0.03219330
v -0.00311454 0.02905120 0.03219330
v 0.00174384 0.02905120 0.03219330
v 0.00103104 0.02854000 0.03219330
v -0.00246258 0.02905120 0.03219330
v -0.00303120 0.02974960 0.03219330
v 0.00166050 0.02974960 0.03219330
v 0.00109188 0.02905120 0.03219330
v -0.00240174 0.02956240 0.03219330
v 0.00103104 0.02956240 0.03219330
v -0.00222390 0.03003860 0.03219330
v -0.00278928 0.03040080 0.03219330
v 0.00141876 0.03040080 0.03219330
v 0.00085482 0.03003860 0.03219330
v -0.00194202 0.03044760 0.03219330
v -0.00240336 0.03095980 0.03219330
v -0.00190026 0.03138860 0.03219330
v 0.00103266 0.03095980 0.03219330
v 0.00057132 0.03044760 0.03219330
v -0.00131400 0.03165820 0.03219330
v -0.00157356 0.03076160 0.03219330
v -0.00068454 0.03102620 0.03219330
v 0.00052974 0.03138860 0.03219330
v 0.00020286 0.03076160 0.03219330
v -0.00114588 0.03095880 0.03219330
v -0.00068454 0.03175020 0.03219330
v -0.00005652 0.03165820 0.03219330
v -0.00022482 0.03095880 0.03219330
v 0.00486108 0.02715280 0.03163380
v -0.00518418 0.02661820 0.03163380
v -0.00623178 0.02715280 0.03163380
v -0.00817632 0.02977600 0.03163380
v 0.00381348 0.02661820 0.03163380
v 0.00573570 0.02771780 0.03163380
v -0.00409644 0.02619740 0.03163380
v -0.00710640 0.02771780 0.03163380
v -0.00297684 0.02589400 0.03163380
v -0.00746028 0.03032360 0.03163380
v 0.00272574 0.02619740 0.03163380
v 0.00680580 0.02977600 0.03163380
v 0.00608976 0.03032360 0.03163380
v -0.00183618 0.02571080 0.03163380
v -0.00620604 0.03107360 0.03163380
v 0.00160614 0.02589400 0.03163380
v 0.00483552 0.03107360 0.03163380
v -0.00068454 0.02564960 0.03163380
v -0.00488448 0.03166680 0.03163380
v 0.00046566 0.02571080 0.03163380
v 0.00351396 0.03166680 0.03163380
v -0.00351342 0.03209520 0.03163380
v 0.00214272 0.03209520 0.03163380
v -0.00210852 0.03235460 0.03163380
v -0.00068454 0.02493760 0.03163380
v 0.00073800 0.03235460 0.03163380
v -0.00068454 0.03244120 0.03163380
v -0.00068454 0.03315380 0.03163380
v 0.03620916 -0.02088680 0.03213555
v 0.03590802 -0.02081660 0.03213555
v 0.03631014 -0.02088060 0.03213555
v 0.03462822 -0.02080680 0.03213555
v 0.03806262 -0.02080680 0.03213555
v 0.03545640 -0.02060880 0.03213555
v 0.03755952 -0.02123580 0.03213555
v 0.03667698 -0.02085800 0.03213555
v 0.03513114 -0.02123580 0.03213555
v 0.03424212 -0.02024780 0.03213555
v 0.03674898 -0.02083160 0.03213555
v 0.03508794 -0.02029480 0.03213555
v 0.03723444 -0.02060880 0.03213555
v 0.03697326 -0.02150540 0.03213555
v 0.03844854 -0.02024780 0.03213555
v 0.03480606 -0.01988580 0.03213555
v 0.03760272 -0.02029480 0.03213555
v 0.03571578 -0.02150540 0.03213555
v 0.03679704 -0.02156960 0.03213555
v 0.03399858 -0.01959680 0.03213555
v 0.03869208 -0.01959680 0.03213555
v 0.03462822 -0.01940940 0.03213555
v 0.03788478 -0.01988580 0.03213555
v 0.03634542 -0.02159740 0.03213555
v 0.03616110 -0.02160860 0.03213555
v 0.03391542 -0.01889840 0.03213555
v 0.03877380 -0.01889840 0.03213555
v 0.03806262 -0.01940940 0.03213555
v 0.03456738 -0.01889840 0.03213555
v 0.03399858 -0.01819980 0.03213555
v 0.03869208 -0.01819980 0.03213555
v 0.03812346 -0.01889840 0.03213555
v 0.03462822 -0.01838720 0.03213555
v 0.03806262 -0.01838720 0.03213555
v 0.03480606 -0.01791080 0.03213555
v 0.03424212 -0.01754880 0.03213555
v 0.03844854 -0.01754880 0.03213555
v 0.03788478 -0.01791080 0.03213555
v 0.03508794 -0.01750180 0.03213555
v 0.03462822 -0.01698980 0.03213555
v 0.03513114 -0.01656080 0.03213555
v 0.03806262 -0.01698980 0.03213555
v 0.03760272 -0.01750180 0.03213555
v 0.03571578 -0.01629120 0.03213555
v 0.03545640 -0.01718780 0.03213555
v 0.03634542 -0.01692320 0.03213555
v 0.03755952 -0.01656080 0.03213555
v 0.03723444 -0.01718780 0.03213555
v 0.03588570 -0.01699060 0.03213555
v 0.03634542 -0.01619920 0.03213555
v 0.03697326 -0.01629120 0.03213555
v 0.03680514 -0.01699060 0.03213555
v 0.04189086 -0.02079680 0.03149985
v 0.03184578 -0.02133120 0.03149985
v 0.03079980 -0.02079680 0.03149985
v 0.02885508 -0.01817340 0.03149985
v 0.04084326 -0.02133120 0.03149985
v 0.04276710 -0.02023180 0.03149985
v 0.03293496 -0.02175200 0.03149985
v 0.02992356 -0.02023180 0.03149985
v 0.03405312 -0.02205540 0.03149985
v 0.02956950 -0.01762580 0.03149985
v 0.03975570 -0.02175200 0.03149985
v 0.04383558 -0.01817340 0.03149985
v 0.04312116 -0.01762580 0.03149985
v 0.03519360 -0.02223860 0.03149985
v 0.03082374 -0.01687580 0.03149985
v 0.03863592 -0.02205540 0.03149985
v 0.04186530 -0.01687580 0.03149985
v 0.03634542 -0.02229980 0.03149985
v 0.03214530 -0.01628280 0.03149985
v 0.03749544 -0.02223860 0.03149985
v 0.04054536 -0.01628280 0.03149985
v 0.03351654 -0.01585420 0.03149985
v 0.03917268 -0.01585420 0.03149985
v 0.03492288 -0.01559500 0.03149985
v 0.03634542 -0.02301200 0.03149985
v 0.03776778 -0.01559500 0.03149985
v 0.03634542 -0.01550820 0.03149985
v 0.03634542 -0.01479580 0.03149985
v -0.03763746 -0.02088680 0.03213555
v -0.03793860 -0.02081660 0.03213555
v -0.03753666 -0.02088060 0.03213555
v -0.03921858 -0.02080680 0.03213555
v -0.03578418 -0.02080680 0.03213555
v -0.03839040 -0.02060880 0.03213555
v -0.03628710 -0.02123580 0.03213555
v -0.03716982 -0.02085800 0.03213555
v -0.03871548 -0.02123580 0.03213555
v -0.03960450 -0.02024780 0.03213555
v -0.03709764 -0.02083160 0.03213555
v -0.03875886 -0.02029480 0.03213555
v -0.03661236 -0.02060880 0.03213555
v -0.03687336 -0.02150540 0.03213555
v -0.03539808 -0.02024780 0.03213555
v -0.03904074 -0.01988580 0.03213555
v -0.03624390 -0.02029480 0.03213555
v -0.03813084 -0.02150540 0.03213555
v -0.03704958 -0.02156960 0.03213555
v -0.03984804 -0.01959680 0.03213555
v -0.03515472 -0.01959680 0.03213555
v -0.03921858 -0.01940940 0.03213555
v -0.03596202 -0.01988580 0.03213555
v -0.03750138 -0.02159740 0.03213555
v -0.03768552 -0.02160860 0.03213555
v -0.03993138 -0.01889840 0.03213555
v -0.03507300 -0.01889840 0.03213555
v -0.03578418 -0.01940940 0.03213555
v -0.03927942 -0.01889840 0.03213555
v -0.03984804 -0.01819980 0.03213555
v -0.03515472 -0.01819980 0.03213555
v -0.03572334 -0.01889840 0.03213555
v -0.03921858 -0.01838720 0.03213555
v -0.03578418 -0.01838720 0.03213555
v -0.03904074 -0.01791080 0.03213555
v -0.03960450 -0.01754880 0.03213555
v -0.03539808 -0.01754880 0.03213555
v -0.03596202 -0.01791080 0.03213555
v -0.03875886 -0.01750180 0.03213555
v -0.03921858 -0.01698980 0.03213555
v -0.03871548 -0.01656080 0.03213555
v -0.03578418 -0.01698980 0.03213555
v -0.03624390 -0.01750180 0.03213555
v -0.03813084 -0.01629120 0.03213555
v -0.03839040 -0.01718780 0.03213555
v -0.03750138 -0.01692320 0.03213555
v -0.03628710 -0.01656080 0.03213555
v -0.03661236 -0.01718780 0.03213555
v -0.03796110 -0.01699060 0.03213555
v -0.03750138 -0.01619920 0.03213555
v -0.03687336 -0.01629120 0.03213555
v -0.03704166 -0.01699060 0.03213555
v -0.03195576 -0.02079680 0.03149985
v -0.04200084 -0.02133120 0.03149985
v -0.04304700 -0.02079680 0.03149985
v -0.04499154 -0.01817340 0.03149985
v -0.03300336 -0.02133120 0.03149985
v -0.03107952 -0.02023180 0.03149985
v -0.04091166 -0.02175200 0.03149985
v -0.04392306 -0.02023180 0.03149985
v -0.03979350 -0.02205540 0.03149985
v -0.04427712 -0.01762580 0.03149985
v -0.03409092 -0.02175200 0.03149985
v -0.03001104 -0.01817340 0.03149985
v -0.03072546 -0.01762580 0.03149985
v -0.03865302 -0.02223860 0.03149985
v -0.04302288 -0.01687580 0.03149985
v -0.03521070 -0.02205540 0.03149985
v -0.03198132 -0.01687580 0.03149985
v -0.03750138 -0.02229980 0.03149985
v -0.04170132 -0.01628280 0.03149985
v -0.03635118 -0.02223860 0.03149985
v -0.03330126 -0.01628280 0.03149985
v -0.04033026 -0.01585420 0.03149985
v -0.03467412 -0.01585420 0.03149985
v -0.03892374 -0.01559500 0.03149985
v -0.03750138 -0.02301200 0.03149985
v -0.03607884 -0.01559500 0.03149985
v -0.03750138 -0.01550820 0.03149985
v -0.03750138 -0.01479580 0.03149985
v -0.00495504 0.01868240 0.00151095
v 0.00373176 0.01868240 0.00151095
v -0.00595620 0.01788160 0.02778870
v 0.00471690 0.01788160 0.02778870
v -0.00057888 0.01313440 -0.05852445
v -0.00057888 0.00607060 -0.06089790
v -0.00057888 -0.01796020 -0.08723895
v -0.02504052 -0.01802000 -0.00134655
v -0.02504052 -0.01819540 -0.00166395
v -0.03328056 -0.01802000 -0.00134655
v 0.00501174 0.00442840 0.03327540
v 0.02388456 -0.01802000 -0.00134655
v -0.02504052 -0.01847440 -0.00193680
v -0.03328056 -0.01819540 -0.00166395
v -0.02504052 -0.02141100 -0.00134655
v 0.00274338 0.00442840 0.03327540
v -0.00406278 0.01024580 0.03251250
v 0.00373824 -0.02948540 0.03251250
v -0.01175814 -0.00178280 0.03327540
v -0.00616770 0.00442840 0.03327540
v -0.00518256 0.01024580 0.03251250
v 0.02388456 -0.02141100 -0.00134655
v 0.02388456 -0.01819540 -0.00166395
v -0.02504052 -0.01883780 -0.00214590
v -0.03328056 -0.01847440 -0.00193680
v -0.02504052 -0.02123560 -0.00166395
v -0.03328056 -0.02141100 -0.00134655
v 0.01060218 -0.00178280 0.03327540
v -0.00489420 -0.02948540 0.03251250
v -0.00057888 -0.02972120 0.03251250
v -0.01175814 -0.02043900 0.03327540
v 0.02388456 -0.02123560 -0.00166395
v 0.03212442 -0.01802000 -0.00134655
v 0.02388456 -0.01847440 -0.00193680
v -0.02504052 -0.01926120 -0.00227745
v -0.02504052 -0.02095660 -0.00193680
v -0.03328056 -0.02123560 -0.00166395
v 0.03212442 -0.02141100 -0.00134655
v 0.00364050 0.00538600 0.03251250
v 0.00447030 0.00297740 0.03327540
v -0.00562788 0.00297740 0.03327540
v -0.01045260 -0.01983800 0.03327540
v 0.03212442 -0.02123560 -0.00166395
v 0.03212442 -0.01819540 -0.00166395
v 0.02388456 -0.02095660 -0.00193680
v 0.02388456 -0.01883780 -0.00214590
v -0.02504052 -0.01971560 -0.00232230
v -0.03328056 -0.01883780 -0.00214590
v -0.02504052 -0.02059320 -0.00214590
v -0.03328056 -0.02095660 -0.00193680
v 0.00929664 -0.00238400 0.03327540
v 0.01060218 -0.02043900 0.03327540
v -0.01045260 -0.00238400 0.03327540
v -0.00824526 -0.02229120 0.03327540
v 0.03212442 -0.02095660 -0.00193680
v 0.03212442 -0.01847440 -0.00193680
v 0.02388456 -0.02059320 -0.00214590
v 0.03212442 -0.01883780 -0.00214590
v 0.02388456 -0.01926120 -0.00227745
v -0.02504052 -0.02016980 -0.00227745
v -0.03328056 -0.01926120 -0.00227745
v -0.03328056 -0.02059320 -0.00214590
v -0.00878508 -0.02374220 0.03327540
v 0.00929664 -0.01983800 0.03327540
v 0.00762912 -0.02374220 0.03327540
v -0.00432558 0.00995360 0.03242775
v 0.03212442 -0.01926120 -0.00227745
v 0.02388456 -0.02016980 -0.00227745
v 0.02388456 -0.01971560 -0.00232230
v -0.03328056 -0.01971560 -0.00232230
v -0.03328056 -0.02016980 -0.00227745
v 0.00708768 -0.02229120 0.03327540
v 0.03212442 -0.02059320 -0.00214590
v 0.03212442 -0.02016980 -0.00227745
v 0.03212442 -0.01971560 -0.00232230
v -0.00432558 0.00538600 0.03242775
v 0.00447030 -0.00025280 0.03327540
v -0.00562788 -0.00238400 0.03327540
v 0.00447030 -0.00238400 0.03327540
v -0.00562788 -0.00025280 0.03327540
v 0.00409698 -0.00196880 0.03327540
v -0.00525456 -0.00066760 0.03327540
v -0.00525456 -0.00196880 0.03327540
v 0.00409698 -0.00066760 0.03327540
v -0.00067338 0.01445940 -0.05641935
v -0.00017676 0.01981140 -0.06189495
v -0.00017514 0.01392940 -0.05455725
v -0.00014634 0.01963480 -0.06197250
v -0.00020556 0.01410600 -0.05448120
v -0.00019278 0.01375140 -0.05463330
v -0.00016560 0.01945680 -0.06204855
v -0.00025362 0.01997440 -0.06182565
v -0.00023112 0.01928960 -0.06212190
v -0.00028080 0.01426900 -0.05441040
v -0.00025848 0.01358420 -0.05470680
v -0.00037224 0.02011300 -0.06176550
v -0.00033858 0.01914440 -0.06218475
v -0.00036738 0.01343900 -0.05476950
v -0.00039942 0.01440760 -0.05435040
v -0.00054990 0.01451200 -0.05430630
v -0.00048276 0.01903120 -0.06223410
v -0.00052272 0.02021740 -0.06172020
v -0.00050994 0.01332580 -0.05481885
v -0.00072450 0.01457540 -0.05427825
v -0.00065250 0.01895760 -0.06226605
v -0.00069732 0.02028080 -0.06169350
v -0.00067968 0.01325220 -0.05485095
v -0.00090882 0.01459340 -0.05427150
v -0.00083502 0.01892880 -0.06227940
v -0.00088146 0.02029880 -0.06168675
v -0.00086400 0.01322340 -0.05486430
v -0.00109296 0.01456460 -0.05428485
v -0.00102096 0.01894680 -0.06227145
v -0.00106578 0.02027000 -0.06169875
v -0.00104814 0.01324140 -0.05485620
v -0.00126126 0.01449100 -0.05431695
v -0.00119394 0.01901020 -0.06224475
v -0.00123390 0.02019640 -0.06173220
v -0.00122274 0.01330480 -0.05482950
v -0.00140526 0.01437780 -0.05436630
v -0.00134604 0.01911460 -0.06220065
v -0.00137808 0.02008320 -0.06178155
v -0.00137322 0.01340920 -0.05478555
v -0.00148698 0.01993800 -0.06184425
v -0.00146304 0.01925320 -0.06214065
v -0.00149022 0.01354760 -0.05472540
v -0.00151434 0.01423260 -0.05442915
v -0.00155268 0.01977060 -0.06191640
v -0.00153990 0.01941620 -0.06206985
v -0.00156708 0.01371080 -0.05465475
v -0.00157986 0.01406520 -0.05450115
v -0.00157032 0.01959280 -0.06199380
v -0.00159750 0.01388720 -0.05457855
v 0.01221030 -0.01214280 0.03259740
v 0.01201644 -0.01235800 0.03259740
v 0.01168020 -0.01214280 0.03259740
v 0.01218312 -0.01221620 0.03259740
v 0.01222002 -0.01206400 0.03259740
v 0.01208214 -0.01232760 0.03259740
v 0.01194606 -0.01236840 0.03259740
v 0.01170738 -0.01221620 0.03259740
v 0.01167210 -0.01206400 0.03259740
v 0.01213992 -0.01227920 0.03259740
v 0.01221030 -0.01214280 0.03276690
v 0.01221030 -0.01198520 0.03259740
v 0.01222002 -0.01206400 0.03276690
v 0.01201644 -0.01235800 0.03276690
v 0.01194606 -0.01236840 0.03276690
v 0.01187388 -0.01235800 0.03259740
v 0.01175220 -0.01227920 0.03259740
v 0.01170738 -0.01221620 0.03276690
v 0.01168020 -0.01214280 0.03276690
v 0.01168020 -0.01198520 0.03259740
v 0.01218312 -0.01221620 0.03276690
v 0.01218312 -0.01191180 0.03259740
v 0.01221030 -0.01198520 0.03276690
v 0.01208214 -0.01232760 0.03276690
v 0.01187388 -0.01235800 0.03276690
v 0.01180836 -0.01232760 0.03259740
v 0.01175220 -0.01227920 0.03276690
v 0.01167210 -0.01206400 0.03276690
v 0.01170738 -0.01191180 0.03259740
v 0.01213992 -0.01227920 0.03276690
v 0.01218312 -0.01191180 0.03276690
v 0.01180836 -0.01232760 0.03276690
v 0.01168020 -0.01198520 0.03276690
v 0.01175220 -0.01184860 0.03259740
v 0.01194606 -0.01175960 0.03259740
v 0.01213992 -0.01184860 0.03259740
v 0.01213992 -0.01184860 0.03276690
v 0.01170738 -0.01191180 0.03276690
v 0.01180836 -0.01180020 0.03259740
v 0.01187388 -0.01177000 0.03259740
v 0.01201644 -0.01177000 0.03259740
v 0.01208214 -0.01180020 0.03259740
v 0.01175220 -0.01184860 0.03276690
v 0.01180836 -0.01180020 0.03276690
v 0.01194606 -0.01175960 0.03276690
v 0.01201644 -0.01177000 0.03276690
v 0.01187388 -0.01177000 0.03276690
v 0.01208214 -0.01180020 0.03276690
v -0.00059958 0.01151400 -0.05661165
v -0.00006624 0.01282820 -0.05670375
v 0.00018684 0.01163740 -0.05655555
v -0.00062532 0.01274040 -0.05674245
v 0.00045126 0.01305280 -0.05660490
v 0.00037908 0.01052500 -0.05617905
v -0.00139248 0.01159060 -0.05658090
v -0.00036090 0.01401640 -0.05661030
v 0.00091260 0.01195240 -0.05641800
v -0.00008856 0.01413520 -0.05655825
v -0.00058032 0.01037460 -0.05624580
v 0.00126342 0.01090920 -0.05601090
v -0.00119070 0.01279500 -0.05672100
v 0.00089010 0.01339860 -0.05645415
v 0.00014364 0.01431780 -0.05647950
v 0.00049608 0.00956720 -0.05559705
v 0.00148122 0.00999420 -0.05541015
v -0.00172242 0.01298840 -0.05663835
v -0.00154638 0.01046800 -0.05620845
v -0.00068130 0.01512120 -0.05628450
v -0.00067014 0.01512580 -0.05628315
v 0.00152928 0.01243780 -0.05620575
v 0.00201456 0.01150100 -0.05575200
v -0.00066204 0.01513300 -0.05627925
v -0.00056916 0.00939980 -0.05567325
v 0.00231570 0.01065200 -0.05512320
v -0.00213732 0.01186220 -0.05646480
v -0.00123714 0.01410120 -0.05657685
v -0.00095688 0.01399880 -0.05661960
v -0.00069246 0.01511940 -0.05628585
v 0.00122166 0.01384200 -0.05626185
v 0.00031824 0.01455200 -0.05637660
v -0.00065412 0.01514200 -0.05627520
v 0.00053280 0.00882880 -0.05485230
v 0.00154854 0.00926960 -0.05465865
v 0.00241020 0.00994880 -0.05436240
v -0.00218376 0.01330760 -0.05650080
v -0.00148068 0.01426980 -0.05650350
v -0.00070380 0.01512060 -0.05628450
v -0.00164394 0.00950380 -0.05563050
v -0.00245610 0.01079920 -0.05606700
v -0.00069408 0.01515960 -0.05626320
v 0.00199386 0.01306020 -0.05593620
v 0.00258174 0.01226000 -0.05542230
v 0.00294534 0.01149600 -0.05475615
v -0.00056754 0.00865600 -0.05492970
v 0.00306054 0.01082020 -0.05398320
v -0.00278460 0.01231000 -0.05627250
v -0.00071496 0.01512460 -0.05628315
v -0.00072450 0.01513100 -0.05628060
v 0.00142200 0.01435280 -0.05604030
v 0.00042390 0.01482200 -0.05626050
v -0.00065088 0.01515260 -0.05627115
v 0.00048330 0.00836040 -0.05399265
v 0.00146196 0.00878500 -0.05380575
v 0.00229338 0.00943940 -0.05352000
v -0.00254268 0.01373040 -0.05631930
v -0.00167130 0.01449320 -0.05640735
v -0.00073260 0.01513980 -0.05627655
v -0.00167760 0.00876340 -0.05488560
v -0.00265482 0.00987180 -0.05547435
v -0.00324594 0.01134540 -0.05583330
v 0.00227412 0.01377720 -0.05562375
v 0.00292446 0.01313440 -0.05504310
v 0.00332658 0.01246820 -0.05433435
v 0.00345474 0.01182380 -0.05354805
v -0.00064926 0.01516380 -0.05626590
v -0.00057564 0.00819400 -0.05406735
v 0.00291960 0.01027860 -0.05315565
v -0.00329076 0.01290380 -0.05601630
v -0.00386100 0.01206940 -0.05552100
v 0.00147798 0.01489640 -0.05580405
v 0.00045288 0.01510920 -0.05613645
v -0.00065088 0.01517480 -0.05626185
v 0.00035514 0.00819380 -0.05307825
v 0.00122976 0.00857340 -0.05291130
v 0.00197136 0.00915800 -0.05265645
v -0.00277650 0.01422860 -0.05610435
v -0.00179460 0.01475640 -0.05629395
v -0.00073746 0.01515000 -0.05627250
v -0.00164556 0.00829740 -0.05402460
v -0.00272052 0.00914340 -0.05472405
v -0.00353268 0.01047900 -0.05521260
v -0.00421812 0.01128400 -0.05486685
v 0.00235260 0.01454040 -0.05529405
v 0.00302058 0.01406500 -0.05464005
v 0.00343224 0.01350240 -0.05388720
v 0.00356364 0.01289160 -0.05308620
v 0.00329760 0.01124520 -0.05273640
v -0.00065574 0.01518520 -0.05625660
v 0.00040482 0.01539400 -0.05601225
v -0.00059328 0.00804520 -0.05314500
v 0.00253044 0.00990800 -0.05233065
v -0.00426150 0.01292180 -0.05515395
v -0.00361908 0.01360280 -0.05571450
v -0.00073890 0.01516120 -0.05626725
v -0.00466344 0.01223160 -0.05445705
v 0.00222282 0.01529700 -0.05496705
v 0.00138510 0.01543580 -0.05557170
v -0.00066366 0.01519380 -0.05625390
v 0.00028134 0.01565720 -0.05589885
v 0.00015318 0.00834060 -0.05217045
v 0.00086292 0.00864900 -0.05203440
v 0.00146682 0.00912420 -0.05182740
v -0.00286938 0.01476800 -0.05587080
v -0.00184266 0.01504120 -0.05617110
v -0.00073746 0.01517240 -0.05626320
v -0.00154782 0.00813760 -0.05310750
v -0.00264996 0.00866340 -0.05386980
v -0.00362718 0.00977020 -0.05445450
v -0.00433512 0.01060120 -0.05409675
v -0.00479484 0.01157960 -0.05367495
v 0.00286200 0.01498780 -0.05424090
v 0.00325764 0.01452860 -0.05344260
v 0.00340344 0.01227360 -0.05229060
v 0.00286992 0.01077180 -0.05195550
v -0.00067338 0.01520040 -0.05624985
v 0.00009072 0.01588060 -0.05580270
v 0.00115128 0.01593400 -0.05535555
v -0.00061722 0.00821980 -0.05222520
v 0.00192168 0.00973380 -0.05156310
v -0.00442008 0.01384460 -0.05475480
v -0.00483804 0.01325760 -0.05401395
v -0.00374886 0.01435960 -0.05538750
v -0.00181386 0.01532840 -0.05604690
v -0.00073422 0.01518280 -0.05625780
v -0.00497592 0.01263880 -0.05321700
v 0.00189450 0.01599620 -0.05466540
v 0.00338256 0.01395080 -0.05262705
v -0.00068454 0.01520440 -0.05624850
v -0.00015264 0.01604920 -0.05573055
v 0.00079074 0.01635680 -0.05517390
v -0.00010782 0.00879060 -0.05133225
v 0.00039024 0.00900700 -0.05123745
v 0.00081486 0.00934040 -0.05109195
v 0.00113364 0.00976800 -0.05090640
v -0.00367038 0.01512260 -0.05505780
v -0.00281340 0.01531160 -0.05563575
v -0.00170802 0.01559820 -0.05592945
v -0.00072612 0.01519180 -0.05625390
v -0.00139410 0.00829480 -0.05219445
v -0.00244656 0.00846460 -0.05296740
v -0.00352296 0.00926720 -0.05361075
v -0.00420372 0.01006760 -0.05326515
v -0.00464742 0.01101000 -0.05285925
v 0.00246150 0.01584020 -0.05387250
v 0.00281232 0.01547640 -0.05303415
v 0.00322884 0.01329400 -0.05185005
v 0.00296442 0.01169120 -0.05155785
v 0.00219726 0.01043620 -0.05125875
v -0.00069570 0.01520540 -0.05624850
v -0.00043308 0.01615140 -0.05568660
v 0.00032940 0.01667600 -0.05503650
v 0.00138996 0.01659000 -0.05440905
v -0.00064764 0.00870560 -0.05136960
v 0.00132588 0.01026080 -0.05069145
v -0.00432396 0.01477500 -0.05435160
v -0.00473238 0.01429200 -0.05356680
v -0.00486540 0.01370660 -0.05275515
v -0.00261306 0.01582240 -0.05541420
v -0.00153342 0.01583260 -0.05582805
v -0.00071820 0.01519900 -0.05625120
v -0.00119232 0.00875840 -0.05134815
v -0.00482202 0.01203020 -0.05241750
v 0.00292284 0.01492920 -0.05220525
v 0.00278676 0.01423640 -0.05144295
v 0.00280746 0.01260280 -0.05116260
v -0.00073098 0.01618020 -0.05567580
v -0.00070686 0.01520360 -0.05624850
v -0.00020070 0.01686940 -0.05495505
v 0.00074268 0.01703800 -0.05421690
v -0.00040896 0.00951300 -0.05061930
v -0.00015588 0.00962260 -0.05057130
v 0.00005868 0.00979160 -0.05049795
v 0.00022050 0.01000840 -0.05040450
v 0.00031824 0.01025780 -0.05029500
v -0.00471636 0.01305880 -0.05197155
v -0.00338850 0.01584000 -0.05474685
v -0.00228312 0.01626580 -0.05522070
v -0.00130122 0.01601520 -0.05574795
v -0.00170496 0.00894480 -0.05126940
v -0.00212454 0.00856080 -0.05208105
v -0.00322668 0.00900440 -0.05273640
v -0.00383526 0.00971940 -0.05242815
v -0.00423108 0.01056160 -0.05206500
v 0.00184482 0.01656420 -0.05356140
v 0.00212670 0.01628120 -0.05268705
v 0.00241182 0.01344500 -0.05079960
v 0.00227412 0.01118340 -0.05093445
v 0.00138024 0.01078500 -0.05046450
v -0.00076626 0.01692400 -0.05493240
v -0.00000378 0.01730940 -0.05410200
v 0.00105516 0.01711040 -0.05332650
v -0.00068292 0.00947020 -0.05063940
v -0.00095850 0.00949680 -0.05062875
v 0.00034542 0.01052340 -0.05018025
v -0.00398106 0.01564940 -0.05397255
v -0.00435114 0.01526420 -0.05314500
v -0.00433674 0.01402560 -0.05155245
v -0.00292392 0.01646240 -0.05447580
v -0.00184266 0.01661160 -0.05506980
v -0.00102726 0.01613380 -0.05569590
v -0.00121788 0.00959140 -0.05058870
v -0.00438642 0.01147340 -0.05166990
v -0.00429192 0.01239280 -0.05127210
v 0.00221634 0.01576020 -0.05184750
v 0.00210582 0.01503680 -0.05109855
v 0.00180324 0.01416040 -0.05049120
v 0.00182556 0.01260900 -0.05031900
v 0.00214758 0.01192440 -0.05061405
v -0.00079668 0.01738600 -0.05407005
v 0.00014688 0.01744140 -0.05318625
v -0.00071658 0.01042060 -0.05010405
v -0.00447282 0.01471020 -0.05231865
v -0.00395388 0.01325660 -0.05089695
v -0.00230886 0.01694760 -0.05426355
v -0.00132678 0.01683620 -0.05497245
v -0.00215028 0.00925280 -0.05113725
v -0.00144378 0.00974720 -0.05052060
v -0.00275886 0.00899940 -0.05189280
v -0.00325224 0.00958080 -0.05164185
v -0.00357426 0.01026540 -0.05134680
v 0.00124884 0.01688820 -0.05242680
v 0.00130986 0.01638700 -0.05157915
v 0.00133056 0.01319040 -0.05006805
v 0.00129222 0.01130520 -0.05024025
v -0.00082062 0.01753480 -0.05314755
v 0.00023814 0.01725640 -0.05227065
v 0.00030060 0.01078680 -0.05006670
v -0.00341568 0.01640840 -0.05364285
v -0.00372168 0.01610800 -0.05277780
v -0.00371034 0.01486460 -0.05118795
v -0.00339480 0.01400660 -0.05057130
v -0.00158310 0.01726280 -0.05412600
v -0.00370080 0.01100640 -0.05102655
v -0.00362394 0.01175360 -0.05070345
v -0.00334998 0.01245600 -0.05039775
v 0.00123282 0.01564060 -0.05083965
v 0.00102312 0.01470000 -0.05026035
v 0.00069624 0.01362900 -0.04987980
v 0.00106632 0.01178540 -0.05003340
v -0.00177858 0.01738440 -0.05321565
v -0.00083664 0.01736040 -0.05222790
v 0.00018522 0.01103040 -0.04996125
v -0.00382248 0.01558160 -0.05194095
v -0.00289512 0.01306540 -0.05013345
v -0.00266436 0.01700020 -0.05338395
v -0.00249786 0.00966080 -0.05096115
v -0.00162000 0.00995380 -0.05043255
v -0.00272214 0.01014100 -0.05075415
v -0.00281178 0.01066100 -0.05052990
v 0.00026532 0.01676700 -0.05141625
v 0.00022698 0.01600680 -0.05068350
v 0.00071874 0.01219340 -0.04985715
v -0.00190188 0.01719320 -0.05230260
v -0.00084312 0.01687440 -0.05137350
v 0.00000900 0.01123700 -0.04987320
v -0.00288702 0.01676600 -0.05249085
v -0.00296082 0.01626060 -0.05164455
v -0.00288072 0.01551880 -0.05090235
v -0.00265158 0.01459120 -0.05031630
v -0.00173376 0.01019720 -0.05032710
v -0.00275724 0.01118520 -0.05030295
v -0.00256500 0.01167800 -0.05008815
v 0.00012438 0.01502700 -0.05012145
v -0.00003420 0.01389500 -0.04976640
v 0.00027342 0.01250120 -0.04972500
v -0.00194364 0.01670160 -0.05145105
v -0.00021510 0.01139280 -0.04980645
v -0.00229122 0.01354080 -0.04992660
v -0.00177858 0.01046060 -0.05021355
v -0.00224640 0.01210560 -0.04990260
v -0.00084150 0.01611020 -0.05064210
v -0.00083034 0.01511940 -0.05008275
v -0.00190188 0.01594360 -0.05071680
v -0.00047466 0.01148740 -0.04976505
v -0.00177696 0.01497060 -0.05014950
v -0.00175140 0.01072620 -0.05009880
v -0.00165366 0.01097580 -0.04999065
v -0.00081108 0.01397000 -0.04973565
v -0.00023922 0.01268760 -0.04964625
v -0.00075186 0.01151400 -0.04975440
v -0.00182178 0.01243900 -0.04975710
v -0.00157986 0.01384920 -0.04979040
v -0.00149184 0.01119240 -0.04989585
v -0.00078390 0.01274040 -0.04962495
v -0.00102402 0.01147100 -0.04977435
v -0.00127728 0.01136140 -0.04982250
v -0.00132372 0.01265540 -0.04966230
v -0.00017676 0.01981140 -0.06189495
v -0.00017676 0.01981140 -0.06189495
v -0.00017514 0.01392940 -0.05455725
v -0.00017514 0.01392940 -0.05455725
v -0.00017514 0.01392940 -0.05455725
v -0.00014634 0.01963480 -0.06197250
v -0.00014634 0.01963480 -0.06197250
v -0.00020556 0.01410600 -0.05448120
v -0.00020556 0.01410600 -0.05448120
v -0.00020556 0.01410600 -0.05448120
v -0.00019278 0.01375140 -0.05463330
v -0.00019278 0.01375140 -0.05463330
v -0.00019278 0.01375140 -0.05463330
v -0.00016560 0.01945680 -0.06204855
v -0.00016560 0.01945680 -0.06204855
v -0.00025362 0.01997440 -0.06182565
v -0.00025362 0.01997440 -0.06182565
v -0.00023112 0.01928960 -0.06212190
v -0.00023112 0.01928960 -0.06212190
v -0.00028080 0.01426900 -0.05441040
v -0.00028080 0.01426900 -0.05441040
v -0.00028080 0.01426900 -0.05441040
v -0.00025848 0.01358420 -0.05470680
v -0.00025848 0.01358420 -0.05470680
v -0.00025848 0.01358420 -0.05470680
v -0.00037224 0.02011300 -0.06176550
v -0.00037224 0.02011300 -0.06176550
v -0.00033858 0.01914440 -0.06218475
v -0.00033858 0.01914440 -0.06218475
v -0.00036738 0.01343900 -0.05476950
v -0.00036738 0.01343900 -0.05476950
v -0.00036738 0.01343900 -0.05476950
v -0.00039942 0.01440760 -0.05435040
v -0.00039942 0.01440760 -0.05435040
v -0.00039942 0.01440760 -0.05435040
v -0.00054990 0.01451200 -0.05430630
v -0.00054990 0.01451200 -0.05430630
v -0.00054990 0.01451200 -0.05430630
v -0.00048276 0.01903120 -0.06223410
v -0.00048276 0.01903120 -0.06223410
v -0.00052272 0.02021740 -0.06172020
v -0.00052272 0.02021740 -0.06172020
v -0.00050994 0.01332580 -0.05481885
v -0.00050994 0.01332580 -0.05481885
v -0.00050994 0.01332580 -0.05481885
v -0.00072450 0.01457540 -0.05427825
v -0.00072450 0.01457540 -0.05427825
v -0.00072450 0.01457540 -0.05427825
v -0.00065250 0.01895760 -0.06226605
v -0.00065250 0.01895760 -0.06226605
v -0.00069732 0.02028080 -0.06169350
v -0.00069732 0.02028080 -0.06169350
v -0.00067968 0.01325220 -0.05485095
v -0.00067968 0.01325220 -0.05485095
v -0.00067968 0.01325220 -0.05485095
v -0.00090882 0.01459340 -0.05427150
v -0.00090882 0.01459340 -0.05427150
v -0.00090882 0.01459340 -0.05427150
v -0.00083502 0.01892880 -0.06227940
v -0.00083502 0.01892880 -0.06227940
v -0.00088146 0.02029880 -0.06168675
v -0.00088146 0.02029880 -0.06168675
v -0.00086400 0.01322340 -0.05486430
v -0.00086400 0.01322340 -0.05486430
v -0.00086400 0.01322340 -0.05486430
v -0.00109296 0.01456460 -0.05428485
v -0.00109296 0.01456460 -0.05428485
v -0.00109296 0.01456460 -0.05428485
v -0.00102096 0.01894680 -0.06227145
v -0.00102096 0.01894680 -0.06227145
v -0.00106578 0.02027000 -0.06169875
v -0.00106578 0.02027000 -0.06169875
v -0.00104814 0.01324140 -0.05485620
v -0.00104814 0.01324140 -0.05485620
v -0.00104814 0.01324140 -0.05485620
v -0.00126126 0.01449100 -0.05431695
v -0.00126126 0.01449100 -0.05431695
v -0.00126126 0.01449100 -0.05431695
v -0.00119394 0.01901020 -0.06224475
v -0.00119394 0.01901020 -0.06224475
v -0.00123390 0.02019640 -0.06173220
v -0.00123390 0.02019640 -0.06173220
v -0.00122274 0.01330480 -0.05482950
v -0.00122274 0.01330480 -0.05482950
v -0.00122274 0.01330480 -0.05482950
v -0.00140526 0.01437780 -0.05436630
v -0.00140526 0.01437780 -0.05436630
v -0.00140526 0.01437780 -0.05436630
v -0.00134604 0.01911460 -0.06220065
v -0.00134604 0.01911460 -0.06220065
v -0.00137808 0.02008320 -0.06178155
v -0.00137808 0.02008320 -0.06178155
v -0.00137322 0.01340920 -0.05478555
v -0.00137322 0.01340920 -0.05478555
v -0.00137322 0.01340920 -0.05478555
v -0.00148698 0.01993800 -0.06184425
v -0.00148698 0.01993800 -0.06184425
v -0.00146304 0.01925320 -0.06214065
v -0.00146304 0.01925320 -0.06214065
v -0.00149022 0.01354760 -0.05472540
v -0.00149022 0.01354760 -0.05472540
v -0.00149022 0.01354760 -0.05472540
v -0.00151434 0.01423260 -0.05442915
v -0.00151434 0.01423260 -0.05442915
v -0.00151434 0.01423260 -0.05442915
v -0.00155268 0.01977060 -0.06191640
v -0.00155268 0.01977060 -0.06191640
v -0.00153990 0.01941620 -0.06206985
v -0.00153990 0.01941620 -0.06206985
v -0.00156708 0.01371080 -0.05465475
v -0.00156708 0.01371080 -0.05465475
v -0.00156708 0.01371080 -0.05465475
v -0.00157986 0.01406520 -0.05450115
v -0.00157986 0.01406520 -0.05450115
v -0.00157986 0.01406520 -0.05450115
v -0.00157032 0.01959280 -0.06199380
v -0.00157032 0.01959280 -0.06199380
v -0.00159750 0.01388720 -0.05457855
v -0.00159750 0.01388720 -0.05457855
v -0.00159750 0.01388720 -0.05457855
v 0.00223722 0.02382080 0.02208270
v 0.00223722 0.02382080 0.02208270
v -0.00366228 0.02290320 0.02177895
v -0.00366228 0.02290320 0.02177895
v 0.00223722 0.02290320 0.02177895
v 0.00223722 0.02290320 0.02177895
v -0.00366228 0.02382080 0.02208270
v -0.00366228 0.02382080 0.02208270
v -0.00366228 0.02191180 0.02166360
v -0.00366228 0.02191180 0.02166360
v 0.00223722 0.02622860 0.00613695
v 0.00223722 0.02622860 0.00613695
v 0.00223722 0.02622860 0.00613695
v 0.00223722 0.02460260 0.02255415
v 0.00223722 0.02460260 0.02255415
v -0.00366228 0.02622860 0.00613695
v -0.00366228 0.02622860 0.00613695
v -0.00366228 0.02622860 0.00613695
v 0.00223722 0.02191180 0.02166360
v 0.00223722 0.02191180 0.02166360
v -0.00366228 0.02460260 0.02255415
v -0.00366228 0.02460260 0.02255415
v -0.00366228 0.02091460 0.02174475
v -0.00366228 0.02091460 0.02174475
v 0.00223722 0.02091460 0.02174475
v 0.00223722 0.02091460 0.02174475
v 0.00223722 0.02519480 0.02316135
v 0.00223722 0.02519480 0.02316135
v -0.00366228 0.02519480 0.02316135
v -0.00366228 0.02519480 0.02316135
v -0.00366228 0.01997920 0.02201685
v -0.00366228 0.01997920 0.02201685
v 0.00223722 0.01997920 0.02201685
v 0.00223722 0.01997920 0.02201685
v 0.00223722 0.02555740 0.02386290
v 0.00223722 0.02555740 0.02386290
v -0.00366228 0.02555740 0.02386290
v -0.00366228 0.02555740 0.02386290
v -0.00366228 0.01916960 0.02246100
v -0.00366228 0.01916960 0.02246100
v 0.00223722 0.01916960 0.02246100
v 0.00223722 0.01916960 0.02246100
v 0.00223722 0.02566560 0.02461080
v 0.00223722 0.02566560 0.02461080
v 0.00223722 0.02566560 0.02461080
v -0.00366228 0.02566560 0.02461080
v -0.00366228 0.02566560 0.02461080
v -0.00366228 0.02566560 0.02461080
v -0.00366228 0.01854100 0.02304720
v -0.00366228 0.01854100 0.02304720
v 0.00223722 0.01854100 0.02304720
v 0.00223722 0.01854100 0.02304720
v -0.00366228 0.01813600 0.02373570
v -0.00366228 0.01813600 0.02373570
v 0.00223722 0.01813600 0.02373570
v 0.00223722 0.01813600 0.02373570
v 0.00223722 0.01854520 0.00600540
v 0.00223722 0.01854520 0.00600540
v 0.00223722 0.01854520 0.00600540
v -0.00366228 0.01854520 0.00600540
v -0.00366228 0.01854520 0.00600540
v -0.00366228 0.01854520 0.00600540
v -0.00366228 0.01798240 0.02447910
v -0.00366228 0.01798240 0.02447910
v 0.00223722 0.01798240 0.02447910
v 0.00223722 0.01798240 0.02447910
v 0.01060218 0.01313440 -0.04852230
v 0.01060218 0.01313440 -0.04852230
v 0.01060218 0.01313440 -0.04852230
v -0.00308736 0.01313440 -0.04852230
v -0.00308736 0.01313440 -0.04852230
v -0.00308736 0.01313440 -0.04852230
v -0.00308736 0.01313440 -0.04852230
v 0.00189288 0.01313440 -0.04852230
v 0.00189288 0.01313440 -0.04852230
v 0.00189288 0.01313440 -0.04852230
v 0.00189288 0.01313440 -0.04852230
v 0.00492678 0.01313440 0.03268215
v 0.00492678 0.01313440 0.03268215
v 0.00492678 0.01313440 0.03268215
v 0.00492678 0.01313440 0.03268215
v 0.00245034 0.01313440 -0.05817735
v 0.00245034 0.01313440 -0.05817735
v 0.00245034 0.01313440 -0.05817735
v -0.00360630 0.01313440 -0.05817735
v -0.00360630 0.01313440 -0.05817735
v -0.00360630 0.01313440 -0.05817735
v -0.00616770 0.01313440 0.03268215
v -0.00616770 0.01313440 0.03268215
v -0.00616770 0.01313440 0.03268215
v -0.00616770 0.01313440 0.03268215
v -0.01175814 0.01313440 -0.04852230
v -0.01175814 0.01313440 -0.04852230
v -0.01175814 0.01313440 -0.04852230
v 0.00492678 0.01313440 0.03251250
v 0.00492678 0.01313440 0.03251250
v 0.00492678 0.01313440 0.03251250
v -0.00616770 0.01313440 0.03251250
v -0.00616770 0.01313440 0.03251250
v -0.00616770 0.01313440 0.03251250
v 0.01427184 0.00607060 -0.04852230
v 0.01427184 0.00607060 -0.04852230
v 0.01427184 0.00607060 -0.04852230
v 0.00525348 0.01313440 -0.05716020
v 0.00525348 0.01313440 -0.05716020
v -0.00640944 0.01313440 -0.05716020
v -0.00640944 0.01313440 -0.05716020
v -0.01542942 0.00607060 -0.04852230
v -0.01542942 0.00607060 -0.04852230
v -0.01542942 0.00607060 -0.04852230
v -0.00442170 0.00607060 -0.06047610
v -0.00442170 0.00607060 -0.06047610
v -0.00442170 0.00607060 -0.06047610
v -0.00800334 0.00607060 -0.05923995
v -0.00800334 0.00607060 -0.05923995
v 0.00762264 0.01313440 -0.05555040
v 0.00762264 0.01313440 -0.05555040
v 0.00762264 0.01313440 -0.05555040
v 0.00326556 0.00607060 -0.06047610
v 0.00326556 0.00607060 -0.06047610
v 0.00326556 0.00607060 -0.06047610
v -0.01175814 0.01313440 0.03251250
v -0.01175814 0.01313440 0.03251250
v -0.01175814 0.01313440 0.03251250
v 0.02001618 0.00607060 -0.04852230
v 0.02001618 0.00607060 -0.04852230
v 0.02001618 0.00607060 -0.04852230
v 0.02001618 0.00607060 -0.04852230
v 0.01451538 0.00607060 -0.06144915
v 0.01451538 0.00607060 -0.06144915
v 0.01451538 0.00607060 -0.06144915
v 0.01451538 0.00607060 -0.06144915
v 0.01376568 0.00607060 -0.05172465
v 0.01376568 0.00607060 -0.05172465
v 0.01376568 0.00607060 -0.05172465
v 0.01040022 0.01313440 -0.05106390
v 0.01040022 0.01313440 -0.05106390
v 0.01040022 0.01313440 -0.05106390
v 0.01060218 0.01313440 0.03251250
v 0.01060218 0.01313440 0.03251250
v 0.01060218 0.01313440 0.03251250
v -0.00615168 0.00607060 -0.06627735
v -0.00615168 0.00607060 -0.06627735
v -0.00615168 0.00607060 -0.06627735
v 0.00938304 0.01313440 -0.05346660
v 0.00938304 0.01313440 -0.05346660
v 0.00684738 0.00607060 -0.05923995
v 0.00684738 0.00607060 -0.05923995
v -0.00878022 0.01313440 -0.05555040
v -0.00878022 0.01313440 -0.05555040
v -0.00878022 0.01313440 -0.05555040
v -0.02117376 0.00607060 -0.04852230
v -0.02117376 0.00607060 -0.04852230
v -0.02117376 0.00607060 -0.04852230
v -0.02117376 0.00607060 -0.04852230
v -0.01567296 0.00607060 -0.06144915
v -0.01567296 0.00607060 -0.06144915
v -0.01567296 0.00607060 -0.06144915
v -0.01567296 0.00607060 -0.06144915
v -0.01542942 0.00607060 0.03251250
v -0.01542942 0.00607060 0.03251250
v -0.01542942 0.00607060 0.03251250
v -0.01155780 0.01313440 -0.05106390
v -0.01155780 0.01313440 -0.05106390
v -0.01155780 0.01313440 -0.05106390
v 0.01015362 0.00607060 -0.06440865
v 0.01015362 0.00607060 -0.06440865
v 0.01015362 0.00607060 -0.06440865
v 0.01427184 0.00607060 0.03251250
v 0.01427184 0.00607060 0.03251250
v 0.01427184 0.00607060 0.03251250
v -0.01130958 0.00607060 -0.06440865
v 0.00499410 0.00607060 -0.06627735
v -0.01053900 0.01313440 -0.05346660
v -0.01107882 0.00607060 -0.05727375
v -0.02186244 0.00179100 -0.04852230
v -0.01492326 0.00607060 -0.05172465
v -0.02117376 0.00607060 0.03251250
v 0.01228248 0.00607060 -0.05470935
v 0.01775754 0.00607060 -0.05761815
v 0.00992286 0.00607060 -0.05727375
v -0.01344006 0.00607060 -0.05470935
v 0.02070486 0.00179100 -0.04852230
v -0.02504052 -0.01796020 -0.00100575
v -0.01891350 0.00607060 -0.05761815
v 0.01963818 0.00607060 -0.05319960
v 0.02388456 -0.01796020 -0.04852230
v 0.02061522 0.00235460 -0.03983220
v -0.02079414 0.00607060 -0.05319960
v -0.02504052 -0.01796020 -0.04852230
v 0.00908028 0.00179100 -0.06137580
v 0.01226808 -0.01796020 -0.08194350
v 0.00438210 0.00179100 -0.06279075
v 0.01326276 0.00179100 -0.05910240
v 0.01747242 -0.01796020 -0.07569900
v 0.02001618 0.00607060 0.03251250
v -0.00553968 0.00179100 -0.06279075
v -0.00725364 -0.01796020 -0.08588940
v -0.01023624 0.00179100 -0.06137580
v -0.01342566 -0.01796020 -0.08194350
v -0.01441872 0.00179100 -0.05910240
v 0.01923444 0.00179100 -0.05249880
v 0.02227950 -0.00799220 -0.03983220
v -0.02039040 0.00179100 -0.05249880
v -0.02466414 -0.01796020 -0.05833365
v -0.02504052 -0.01796020 0.02310375
v -0.02504052 -0.01796020 0.03251250
v 0.00609606 -0.01796020 -0.08588940
v 0.02131524 -0.01796020 -0.06762690
v 0.01670832 0.00179100 -0.05608965
v -0.01862838 -0.01796020 -0.07569900
v 0.02388456 -0.02147080 -0.04852230
v 0.02350818 -0.01796020 -0.05833365
v 0.02388456 -0.01796020 -0.00100575
v 0.02061522 0.00235460 0.02255370
v 0.02258064 -0.00793260 -0.03983220
v -0.02247120 -0.01796020 -0.06762690
v -0.02504052 -0.02147080 -0.04852230
v -0.03328056 -0.01796020 -0.00100575
v -0.01786428 0.00179100 -0.05608965
v 0.01220400 -0.02761320 -0.04852230
v 0.01627254 -0.02599460 -0.04852230
v 0.02017944 -0.02394060 -0.04852230
v 0.02388456 -0.01796020 0.02310375
v 0.02388456 -0.01796020 0.03251250
v -0.00916956 -0.02878040 -0.04852230
v -0.01336158 -0.02761320 -0.04852230
v 0.02227950 -0.00799220 0.02255370
v 0.02091474 0.00241420 0.02255370
v 0.02091474 0.00241420 -0.03983220
v -0.02133558 -0.02394060 -0.04852230
v -0.03328056 -0.01796020 0.02310375
v 0.00801198 -0.02878040 -0.04852230
v -0.01742868 -0.02599460 -0.04852230
v 0.02258064 -0.00793260 0.02255370
v 0.02101896 0.00177440 -0.03934500
v -0.02504052 -0.02147080 0.03251250
v 0.02017944 -0.02394060 0.03251250
v -0.03328056 -0.02147080 0.02310375
v -0.02504052 -0.02147080 -0.00100575
v -0.02504052 -0.02147080 0.02310375
v 0.01220400 -0.02761320 0.03251250
v 0.00801198 -0.02878040 0.03251250
v 0.01627254 -0.02599460 0.03251250
v -0.00489420 -0.02948540 -0.04852230
v 0.00373824 -0.02948540 -0.04852230
v -0.01336158 -0.02761320 0.03251250
v -0.01742868 -0.02599460 0.03251250
v 0.03212442 -0.01796020 0.02310375
v 0.02247822 -0.00729280 0.02206635
v 0.02247822 -0.00729280 -0.03934500
v -0.02133558 -0.02394060 0.03251250
v 0.02388456 -0.02147080 -0.00100575
v -0.03328056 -0.02147080 -0.00100575
v 0.02388456 -0.02147080 0.02310375
v 0.02388456 -0.02147080 0.03251250
v 0.03212442 -0.02147080 -0.00100575
v -0.00916956 -0.02878040 0.03251250
v -0.00057888 -0.02972120 -0.04852230
v 0.03212442 -0.01796020 -0.00100575
v 0.02101896 0.00177440 0.02206635
v 0.02071782 0.00171480 -0.03934500
v 0.03212442 -0.02147080 0.02310375
v 0.02071782 0.00171480 0.02206635
v 0.02217708 -0.00735240 -0.03934500
v 0.02217708 -0.00735240 0.02206635
v -0.00495504 0.01868240 0.00151095
v 0.00373176 0.01868240 0.00151095
v -0.00595620 0.01788160 0.02778870
v 0.00471690 0.01788160 0.02778870
v -0.00057888 0.01313440 -0.05852445
v -0.00057888 0.00607060 -0.06089790
v -0.00057888 0.00607060 -0.06691545
v -0.01101168 0.01169680 0.03251250
v 0.00985572 0.01169680 0.03251250
v -0.00616770 0.01169680 0.03251250
v 0.01352538 0.00463280 0.03251250
v 0.00492678 0.01169680 0.03251250
v -0.00057888 0.00179100 -0.06327120
v -0.01468152 0.00463280 0.03251250
v -0.00616770 0.01169680 0.03234300
v -0.02008926 0.00463280 0.03251250
v 0.01352538 0.00463280 0.03234300
v 0.00985572 0.01169680 0.03234300
v -0.01468152 0.00463280 0.03234300
v 0.00492678 0.01169680 0.03234300
v -0.01101168 0.01169680 0.03234300
v 0.01893330 0.00463280 0.03251250
v 0.01893330 0.00463280 0.03234300
v -0.00057888 -0.01796020 -0.08723895
v -0.02374794 -0.01808780 0.03251250
v 0.00387108 0.00538600 0.03234300
v 0.00387108 0.00442840 0.03234300
v -0.02008926 0.00463280 0.03234300
v -0.00518256 0.00538600 0.03234300
v -0.02504052 -0.01802000 -0.00134655
v -0.02374794 -0.02065660 0.03251250
v 0.02259036 -0.01808780 0.03251250
v 0.00387108 0.01024580 0.03234300
v 0.00501174 0.00442840 0.03234300
v -0.00518256 0.01024580 0.03234300
v -0.00616770 0.00442840 0.03234300
v -0.02504052 -0.01819540 -0.00166395
v -0.03328056 -0.01802000 -0.00134655
v -0.02374794 -0.02065660 0.03234300
v -0.02374794 -0.01808780 0.03234300
v 0.02259036 -0.02065660 0.03251250
v 0.02259036 -0.01808780 0.03234300
v 0.00274338 0.00442840 0.03234300
v 0.00387108 0.01024580 0.03251250
v 0.00274338 0.01024580 0.03234300
v 0.01060218 -0.00178280 0.03234300
v 0.00501174 0.00442840 0.03327540
v -0.00406278 0.01024580 0.03234300
v -0.01175814 -0.00178280 0.03234300
v -0.00518256 0.00442840 0.03234300
v -0.00518256 0.00442840 0.03251250
v 0.02388456 -0.01802000 -0.00134655
v -0.02504052 -0.01847440 -0.00193680
v -0.03328056 -0.01819540 -0.00166395
v -0.02504052 -0.02141100 -0.00134655
v -0.02072358 -0.02267140 0.03251250
v 0.01276452 -0.01274160 0.03234300
v 0.00274338 0.00538600 0.03234300
v 0.00274338 0.00442840 0.03327540
v 0.00387108 0.00442840 0.03251250
v 0.01113714 -0.00923800 0.03234300
v -0.00406278 0.01024580 0.03251250
v 0.00373824 -0.02948540 0.03251250
v -0.01175814 -0.00178280 0.03327540
v -0.00616770 0.00442840 0.03327540
v -0.00518256 0.01024580 0.03251250
v 0.02388456 -0.02141100 -0.00134655
v 0.02388456 -0.01819540 -0.00166395
v -0.02504052 -0.01883780 -0.00214590
v -0.03328056 -0.01847440 -0.00193680
v -0.02504052 -0.02123560 -0.00166395
v -0.03328056 -0.02141100 -0.00134655
v -0.01175814 -0.02043900 0.03234300
v -0.02072358 -0.02267140 0.03234300
v 0.01956762 -0.02267140 0.03251250
v 0.02259036 -0.02065660 0.03234300
v 0.01276452 -0.00923800 0.03234300
v 0.01113714 -0.01274160 0.03234300
v 0.00364050 0.00538600 0.03234300
v -0.00406278 0.00442840 0.03234300
v 0.00275148 0.00442840 0.03251250
v 0.00387108 0.00538600 0.03251250
v -0.00406278 0.00538600 0.03234300
v 0.00274338 0.01024580 0.03251250
v 0.01060218 -0.00178280 0.03327540
v -0.00489420 -0.02948540 0.03251250
v -0.00057888 -0.02972120 0.03251250
v -0.01175814 -0.02043900 0.03327540
v -0.00518256 0.00538600 0.03251250
v 0.02388456 -0.02123560 -0.00166395
v 0.03212442 -0.01802000 -0.00134655
v 0.02388456 -0.01847440 -0.00193680
v -0.02504052 -0.01926120 -0.00227745
v -0.02504052 -0.02095660 -0.00193680
v -0.03328056 -0.02123560 -0.00166395
v 0.01577610 -0.02466500 0.03251250
v -0.01693368 -0.02466500 0.03251250
v 0.00776034 -0.02736880 0.03251250
v -0.00057888 -0.02828180 0.03251250
v 0.01956762 -0.02267140 0.03234300
v 0.01060218 -0.02043900 0.03234300
v 0.03212442 -0.02141100 -0.00134655
v 0.01276452 -0.00923800 0.03285165
v 0.01113714 -0.01274160 0.03285165
v 0.00297252 0.00538600 0.03234300
v 0.00274338 0.00538600 0.03251250
v 0.00364050 0.00538600 0.03251250
v 0.00387108 0.00538600 0.03268215
v 0.00297252 0.00999080 0.03251250
v 0.00447030 0.00297740 0.03327540
v -0.00562788 0.00297740 0.03327540
v -0.00491976 0.00995360 0.03251250
v -0.00891648 -0.02736880 0.03251250
v -0.01045260 -0.01983800 0.03327540
v -0.00432558 0.00538600 0.03234300
v -0.00518256 0.00337440 0.03268215
v 0.03212442 -0.02123560 -0.00166395
v 0.03212442 -0.01819540 -0.00166395
v 0.02388456 -0.02095660 -0.00193680
v 0.02388456 -0.01883780 -0.00214590
v -0.02504052 -0.01971560 -0.00232230
v -0.03328056 -0.01883780 -0.00214590
v -0.02504052 -0.02059320 -0.00214590
v -0.03328056 -0.02095660 -0.00193680
v 0.01182744 -0.02623580 0.03251250
v -0.00878508 -0.02374220 0.03234300
v -0.01693368 -0.02466500 0.03234300
v 0.00361170 -0.02805300 0.03251250
v 0.01577610 -0.02466500 0.03234300
v 0.01276452 -0.01274160 0.03285165
v 0.00364050 0.00999080 0.03234300
v 0.00275148 0.00538600 0.03234300
v 0.00364050 0.00999080 0.03251250
v 0.00387108 0.00337440 0.03251250
v 0.01113714 -0.00923800 0.03285165
v 0.00929664 -0.00238400 0.03327540
v 0.01060218 -0.02043900 0.03327540
v -0.00432558 0.00995360 0.03251250
v -0.00406278 0.00538600 0.03251250
v -0.00476766 -0.02805300 0.03251250
v -0.01298502 -0.02623580 0.03251250
v -0.01045260 -0.00238400 0.03327540
v -0.00824526 -0.02229120 0.03327540
v -0.00491976 0.00538600 0.03234300
v -0.00518256 0.00337440 0.03251250
v -0.00518256 0.00538600 0.03268215
v -0.00491976 0.00538600 0.03251250
v 0.03212442 -0.02095660 -0.00193680
v 0.03212442 -0.01847440 -0.00193680
v 0.02388456 -0.02059320 -0.00214590
v 0.03212442 -0.01883780 -0.00214590
v 0.02388456 -0.01926120 -0.00227745
v -0.02504052 -0.02016980 -0.00227745
v -0.03328056 -0.01926120 -0.00227745
v -0.03328056 -0.02059320 -0.00214590
v 0.01182744 -0.02623580 0.03234300
v -0.00878508 -0.02374220 0.03327540
v 0.00361170 -0.02805300 0.03234300
v 0.00776034 -0.02736880 0.03234300
v -0.00057888 -0.02828180 0.03234300
v 0.00762912 -0.02374220 0.03234300
v 0.01255788 -0.01251220 0.03285165
v 0.00297252 0.00999080 0.03234300
v 0.00275148 0.00538600 0.03251250
v 0.00364050 0.00999080 0.03242775
v 0.00275148 0.00538600 0.03268215
v 0.00387108 0.00337440 0.03352980
v 0.01134216 -0.00946740 0.03285165
v 0.01134216 -0.01251220 0.03285165
v 0.00929664 -0.01983800 0.03327540
v 0.00929664 -0.00238400 0.03268215
v 0.00447030 0.00297740 0.03268215
v 0.00762912 -0.02374220 0.03327540
v -0.00432558 0.00538600 0.03251250
v -0.00432558 0.00995360 0.03234300
v -0.00432558 0.00995360 0.03242775
v -0.00406278 0.00442840 0.03268215
v -0.00891648 -0.02736880 0.03234300
v -0.01298502 -0.02623580 0.03234300
v -0.00562788 0.00297740 0.03268215
v -0.01045260 -0.01983800 0.03268215
v -0.00406278 0.00337440 0.03251250
v -0.00518256 0.00337440 0.03352980
v -0.00491976 0.00538600 0.03242775
v 0.03212442 -0.01926120 -0.00227745
v 0.02388456 -0.02016980 -0.00227745
v 0.02388456 -0.01971560 -0.00232230
v -0.03328056 -0.01971560 -0.00232230
v -0.03328056 -0.02016980 -0.00227745
v -0.00476766 -0.02805300 0.03234300
v 0.01255788 -0.00946740 0.03285165
v 0.00297252 0.00538600 0.03251250
v 0.00364050 0.00538600 0.03242775
v 0.00387108 0.00438020 0.03352980
v 0.00275148 0.00337440 0.03352980
v 0.00297252 0.00999080 0.03242775
v 0.00708768 -0.02229120 0.03327540
v -0.00491976 0.00995360 0.03234300
v -0.00491976 0.00995360 0.03242775
v -0.00406278 0.00538600 0.03268215
v -0.01045260 -0.00238400 0.03268215
v -0.00824526 -0.02229120 0.03268215
v -0.00406278 0.00337440 0.03268215
v -0.00518256 0.00438020 0.03352980
v 0.03212442 -0.02059320 -0.00214590
v 0.03212442 -0.02016980 -0.00227745
v 0.03212442 -0.01971560 -0.00232230
v 0.01255788 -0.00946740 0.03259740
v 0.01134216 -0.01251220 0.03259740
v 0.00297252 0.00538600 0.03242775
v 0.00275148 0.00438020 0.03352980
v 0.00275148 0.00337440 0.03251250
v 0.00929664 -0.01983800 0.03268215
v 0.00447030 -0.00238400 0.03268215
v -0.00562788 -0.00025280 0.03268215
v 0.00708768 -0.02229120 0.03268215
v -0.00432558 0.00538600 0.03242775
v -0.00406278 0.00438020 0.03352980
v -0.00406278 0.00337440 0.03352980
v 0.01255788 -0.01251220 0.03259740
v 0.01134216 -0.00946740 0.03259740
v 0.00447030 -0.00025280 0.03268215
v -0.00562788 -0.00238400 0.03268215
v 0.01221030 -0.01214280 0.03259740
v 0.01201644 -0.01235800 0.03259740
v 0.01168020 -0.01214280 0.03259740
v 0.01160964 -0.00972840 0.03259740
v 0.00447030 -0.00025280 0.03327540
v -0.00562788 -0.00238400 0.03327540
v 0.01218312 -0.01221620 0.03259740
v 0.01222002 -0.01206400 0.03259740
v 0.01208214 -0.01232760 0.03259740
v 0.01194606 -0.01236840 0.03259740
v 0.01170738 -0.01221620 0.03259740
v 0.01167210 -0.01206400 0.03259740
v 0.01160964 -0.01142360 0.03259740
v 0.01222002 -0.00972840 0.03259740
v 0.00447030 -0.00238400 0.03327540
v -0.00562788 -0.00025280 0.03327540
v 0.01213992 -0.01227920 0.03259740
v 0.01221030 -0.01214280 0.03276690
v 0.01221030 -0.01198520 0.03259740
v 0.01222002 -0.01206400 0.03276690
v 0.01201644 -0.01235800 0.03276690
v 0.01194606 -0.01236840 0.03276690
v 0.01194606 -0.01236840 0.03276690
v 0.01187388 -0.01235800 0.03259740
v 0.01187388 -0.01235800 0.03259740
v 0.01175220 -0.01227920 0.03259740
v 0.01175220 -0.01227920 0.03259740
v 0.01170738 -0.01221620 0.03276690
v 0.01170738 -0.01221620 0.03276690
v 0.01168020 -0.01214280 0.03276690
v 0.01168020 -0.01214280 0.03276690
v 0.01168020 -0.01198520 0.03259740
v 0.01168020 -0.01198520 0.03259740
v 0.01160964 -0.01142360 0.03276690
v 0.01160964 -0.01142360 0.03276690
v 0.01160964 -0.01142360 0.03276690
v 0.01222002 -0.01142360 0.03259740
v 0.01222002 -0.01142360 0.03259740
v 0.01222002 -0.01142360 0.03259740
v 0.01222002 -0.00972840 0.03276690
v 0.01222002 -0.00972840 0.03276690
v 0.01222002 -0.00972840 0.03276690
v 0.00409698 -0.00196880 0.03327540
v 0.00409698 -0.00196880 0.03327540
v 0.00409698 -0.00196880 0.03327540
v -0.00525456 -0.00066760 0.03327540
v -0.00525456 -0.00066760 0.03327540
v -0.00525456 -0.00066760 0.03327540
v -0.00525456 -0.00196880 0.03327540
v -0.00525456 -0.00196880 0.03327540
v -0.00525456 -0.00196880 0.03327540
v 0.01218312 -0.01221620 0.03276690
v 0.01218312 -0.01221620 0.03276690
v 0.01218312 -0.01191180 0.03259740
v 0.01218312 -0.01191180 0.03259740
v 0.01221030 -0.01198520 0.03276690
v 0.01221030 -0.01198520 0.03276690
v 0.01208214 -0.01232760 0.03276690
v 0.01208214 -0.01232760 0.03276690
v 0.01187388 -0.01235800 0.03276690
v 0.01187388 -0.01235800 0.03276690
v 0.01180836 -0.01232760 0.03259740
v 0.01180836 -0.01232760 0.03259740
v 0.01175220 -0.01227920 0.03276690
v 0.01175220 -0.01227920 0.03276690
v 0.01167210 -0.01206400 0.03276690
v 0.01167210 -0.01206400 0.03276690
v 0.01170738 -0.01191180 0.03259740
v 0.01170738 -0.01191180 0.03259740
v 0.01160964 -0.00972840 0.03276690
v 0.01160964 -0.00972840 0.03276690
v 0.01160964 -0.00972840 0.03276690
v 0.00409698 -0.00066760 0.03327540
v 0.00409698 -0.00066760 0.03327540
v 0.00409698 -0.00066760 0.03327540
v 0.01213992 -0.01227920 0.03276690
v 0.01213992 -0.01227920 0.03276690
v 0.01218312 -0.01191180 0.03276690
v 0.01218312 -0.01191180 0.03276690
v 0.01180836 -0.01232760 0.03276690
v 0.01180836 -0.01232760 0.03276690
v 0.01168020 -0.01198520 0.03276690
v 0.01168020 -0.01198520 0.03276690
v 0.01175220 -0.01184860 0.03259740
v 0.01175220 -0.01184860 0.03259740
v 0.01160964 -0.01083140 0.03276690
v 0.01160964 -0.01083140 0.03276690
v 0.01222002 -0.01142360 0.03276690
v 0.01222002 -0.01142360 0.03276690
v 0.01222002 -0.01142360 0.03276690
v 0.01194606 -0.01175960 0.03259740
v 0.01194606 -0.01175960 0.03259740
v 0.01213992 -0.01184860 0.03259740
v 0.01213992 -0.01184860 0.03259740
v 0.01160964 -0.01023920 0.03276690
v 0.01160964 -0.01023920 0.03276690
v 0.00409698 -0.00066760 0.03268215
v 0.00409698 -0.00066760 0.03268215
v 0.00409698 -0.00066760 0.03268215
v -0.00525456 -0.00196880 0.03268215
v -0.00525456 -0.00196880 0.03268215
v -0.00525456 -0.00196880 0.03268215
v 0.01213992 -0.01184860 0.03276690
v 0.01213992 -0.01184860 0.03276690
v 0.01170738 -0.01191180 0.03276690
v 0.01170738 -0.01191180 0.03276690
v 0.01180836 -0.01180020 0.03259740
v 0.01180836 -0.01180020 0.03259740
v 0.01222002 -0.01083140 0.03276690
v 0.01222002 -0.01083140 0.03276690
v 0.01187388 -0.01177000 0.03259740
v 0.01187388 -0.01177000 0.03259740
v 0.01201644 -0.01177000 0.03259740
v 0.01201644 -0.01177000 0.03259740
v 0.01208214 -0.01180020 0.03259740
v 0.01208214 -0.01180020 0.03259740
v 0.01222002 -0.01023920 0.03276690
v 0.01222002 -0.01023920 0.03276690
v 0.00409698 -0.00196880 0.03268215
v 0.00409698 -0.00196880 0.03268215
v 0.00409698 -0.00196880 0.03268215
v -0.00525456 -0.00066760 0.03268215
v -0.00525456 -0.00066760 0.03268215
v -0.00525456 -0.00066760 0.03268215
v 0.01175220 -0.01184860 0.03276690
v 0.01175220 -0.01184860 0.03276690
v 0.01180836 -0.01180020 0.03276690
v 0.01180836 -0.01180020 0.03276690
v 0.01194606 -0.01175960 0.03276690
v 0.01194606 -0.01175960 0.03276690
v 0.01201644 -0.01177000 0.03276690
v 0.01201644 -0.01177000 0.03276690
v 0.01187388 -0.01177000 0.03276690
v 0.01187388 -0.01177000 0.03276690
v 0.01208214 -0.01180020 0.03276690
v 0.01208214 -0.01180020 0.03276690
v -0.02206764 0.00243440 -0.03983220
v -0.02206764 0.00243440 -0.03983220
v -0.02206764 0.00243440 -0.03983220
v -0.02177118 0.00235460 0.02255370
v -0.02177118 0.00235460 0.02255370
v -0.02177118 0.00235460 -0.03983220
v -0.02177118 0.00235460 -0.03983220
v -0.02206764 0.00243440 0.02255370
v -0.02206764 0.00243440 0.02255370
v -0.02206764 0.00243440 0.02255370
v -0.02430216 -0.00777900 -0.03983220
v -0.02430216 -0.00777900 -0.03983220
v -0.02430216 -0.00777900 -0.03983220
v -0.02220534 0.00180320 -0.03934500
v -0.02220534 0.00180320 -0.03934500
v -0.02220534 0.00180320 -0.03934500
v -0.02430216 -0.00777900 0.02255370
v -0.02430216 -0.00777900 0.02255370
v -0.02430216 -0.00777900 0.02255370
v -0.02400570 -0.00785900 -0.03983220
v -0.02400570 -0.00785900 -0.03983220
v -0.02416428 -0.00714760 -0.03934500
v -0.02416428 -0.00714760 -0.03934500
v -0.02416428 -0.00714760 -0.03934500
v -0.02220534 0.00180320 0.02206635
v -0.02220534 0.00180320 0.02206635
v -0.02220534 0.00180320 0.02206635
v -0.02400570 -0.00785900 0.02255370
v -0.02400570 -0.00785900 0.02255370
v -0.02190888 0.00172300 -0.03934500
v -0.02190888 0.00172300 -0.03934500
v -0.02190888 0.00172300 -0.03934500
v -0.02190888 0.00172300 0.02206635
v -0.02190888 0.00172300 0.02206635
v -0.02190888 0.00172300 0.02206635
v -0.02416428 -0.00714760 0.02206635
v -0.02416428 -0.00714760 0.02206635
v -0.02416428 -0.00714760 0.02206635
v -0.02386638 -0.00722780 -0.03934500
v -0.02386638 -0.00722780 -0.03934500
v -0.02386638 -0.00722780 -0.03934500
v -0.02386638 -0.00722780 0.02206635
v -0.02386638 -0.00722780 0.02206635
v -0.02386638 -0.00722780 0.02206635
v -0.00059958 0.01151400 -0.05661165
v -0.00006624 0.01282820 -0.05670375
v 0.00018684 0.01163740 -0.05655555
v -0.00062532 0.01274040 -0.05674245
v 0.00045126 0.01305280 -0.05660490
v 0.00037908 0.01052500 -0.05617905
v -0.00139248 0.01159060 -0.05658090
v -0.00036090 0.01401640 -0.05661030
v 0.00091260 0.01195240 -0.05641800
v -0.00008856 0.01413520 -0.05655825
v -0.00058032 0.01037460 -0.05624580
v 0.00126342 0.01090920 -0.05601090
v -0.00119070 0.01279500 -0.05672100
v -0.00067338 0.01445940 -0.05641935
v 0.00089010 0.01339860 -0.05645415
v 0.00014364 0.01431780 -0.05647950
v 0.00049608 0.00956720 -0.05559705
v 0.00148122 0.00999420 -0.05541015
v -0.00172242 0.01298840 -0.05663835
v -0.00154638 0.01046800 -0.05620845
v -0.00068130 0.01512120 -0.05628450
v -0.00067014 0.01512580 -0.05628315
v 0.00152928 0.01243780 -0.05620575
v 0.00201456 0.01150100 -0.05575200
v -0.00066204 0.01513300 -0.05627925
v -0.00056916 0.00939980 -0.05567325
v 0.00231570 0.01065200 -0.05512320
v -0.00213732 0.01186220 -0.05646480
v -0.00123714 0.01410120 -0.05657685
v -0.00095688 0.01399880 -0.05661960
v -0.00069246 0.01511940 -0.05628585
v 0.00122166 0.01384200 -0.05626185
v 0.00031824 0.01455200 -0.05637660
v -0.00065412 0.01514200 -0.05627520
v 0.00053280 0.00882880 -0.05485230
v 0.00154854 0.00926960 -0.05465865
v 0.00241020 0.00994880 -0.05436240
v -0.00218376 0.01330760 -0.05650080
v -0.00148068 0.01426980 -0.05650350
v -0.00070380 0.01512060 -0.05628450
v -0.00164394 0.00950380 -0.05563050
v -0.00245610 0.01079920 -0.05606700
v -0.00069408 0.01515960 -0.05626320
v 0.00199386 0.01306020 -0.05593620
v 0.00258174 0.01226000 -0.05542230
v 0.00294534 0.01149600 -0.05475615
v -0.00056754 0.00865600 -0.05492970
v 0.00306054 0.01082020 -0.05398320
v -0.00278460 0.01231000 -0.05627250
v -0.00071496 0.01512460 -0.05628315
v -0.00072450 0.01513100 -0.05628060
v 0.00142200 0.01435280 -0.05604030
v 0.00042390 0.01482200 -0.05626050
v -0.00065088 0.01515260 -0.05627115
v 0.00048330 0.00836040 -0.05399265
v 0.00146196 0.00878500 -0.05380575
v 0.00229338 0.00943940 -0.05352000
v -0.00254268 0.01373040 -0.05631930
v -0.00167130 0.01449320 -0.05640735
v -0.00073260 0.01513980 -0.05627655
v -0.00167760 0.00876340 -0.05488560
v -0.00265482 0.00987180 -0.05547435
v -0.00324594 0.01134540 -0.05583330
v 0.00227412 0.01377720 -0.05562375
v 0.00292446 0.01313440 -0.05504310
v 0.00332658 0.01246820 -0.05433435
v 0.00345474 0.01182380 -0.05354805
v -0.00064926 0.01516380 -0.05626590
v -0.00057564 0.00819400 -0.05406735
v 0.00291960 0.01027860 -0.05315565
v -0.00329076 0.01290380 -0.05601630
v -0.00386100 0.01206940 -0.05552100
v 0.00147798 0.01489640 -0.05580405
v 0.00045288 0.01510920 -0.05613645
v -0.00065088 0.01517480 -0.05626185
v 0.00035514 0.00819380 -0.05307825
v 0.00122976 0.00857340 -0.05291130
v 0.00197136 0.00915800 -0.05265645
v -0.00277650 0.01422860 -0.05610435
v -0.00179460 0.01475640 -0.05629395
v -0.00073746 0.01515000 -0.05627250
v -0.00164556 0.00829740 -0.05402460
v -0.00272052 0.00914340 -0.05472405
v -0.00353268 0.01047900 -0.05521260
v -0.00421812 0.01128400 -0.05486685
v 0.00235260 0.01454040 -0.05529405
v 0.00302058 0.01406500 -0.05464005
v 0.00343224 0.01350240 -0.05388720
v 0.00356364 0.01289160 -0.05308620
v 0.00329760 0.01124520 -0.05273640
v -0.00065574 0.01518520 -0.05625660
v 0.00040482 0.01539400 -0.05601225
v -0.00059328 0.00804520 -0.05314500
v 0.00253044 0.00990800 -0.05233065
v -0.00426150 0.01292180 -0.05515395
v -0.00361908 0.01360280 -0.05571450
v -0.00073890 0.01516120 -0.05626725
v -0.00466344 0.01223160 -0.05445705
v 0.00222282 0.01529700 -0.05496705
v 0.00138510 0.01543580 -0.05557170
v -0.00066366 0.01519380 -0.05625390
v 0.00028134 0.01565720 -0.05589885
v 0.00015318 0.00834060 -0.05217045
v 0.00086292 0.00864900 -0.05203440
v 0.00146682 0.00912420 -0.05182740
v -0.00286938 0.01476800 -0.05587080
v -0.00184266 0.01504120 -0.05617110
v -0.00073746 0.01517240 -0.05626320
v -0.00154782 0.00813760 -0.05310750
v -0.00264996 0.00866340 -0.05386980
v -0.00362718 0.00977020 -0.05445450
v -0.00433512 0.01060120 -0.05409675
v -0.00479484 0.01157960 -0.05367495
v 0.00286200 0.01498780 -0.05424090
v 0.00325764 0.01452860 -0.05344260
v 0.00340344 0.01227360 -0.05229060
v 0.00286992 0.01077180 -0.05195550
v -0.00067338 0.01520040 -0.05624985
v 0.00009072 0.01588060 -0.05580270
v 0.00115128 0.01593400 -0.05535555
v -0.00061722 0.00821980 -0.05222520
v 0.00192168 0.00973380 -0.05156310
v -0.00442008 0.01384460 -0.05475480
v -0.00483804 0.01325760 -0.05401395
v -0.00374886 0.01435960 -0.05538750
v -0.00181386 0.01532840 -0.05604690
v -0.00073422 0.01518280 -0.05625780
v -0.00497592 0.01263880 -0.05321700
v 0.00189450 0.01599620 -0.05466540
v 0.00338256 0.01395080 -0.05262705
v -0.00068454 0.01520440 -0.05624850
v -0.00015264 0.01604920 -0.05573055
v 0.00079074 0.01635680 -0.05517390
v -0.00010782 0.00879060 -0.05133225
v 0.00039024 0.00900700 -0.05123745
v 0.00081486 0.00934040 -0.05109195
v 0.00113364 0.00976800 -0.05090640
v -0.00367038 0.01512260 -0.05505780
v -0.00281340 0.01531160 -0.05563575
v -0.00170802 0.01559820 -0.05592945
v -0.00072612 0.01519180 -0.05625390
v -0.00139410 0.00829480 -0.05219445
v -0.00244656 0.00846460 -0.05296740
v -0.00352296 0.00926720 -0.05361075
v -0.00420372 0.01006760 -0.05326515
v -0.00464742 0.01101000 -0.05285925
v 0.00246150 0.01584020 -0.05387250
v 0.00281232 0.01547640 -0.05303415
v 0.00322884 0.01329400 -0.05185005
v 0.00296442 0.01169120 -0.05155785
v 0.00219726 0.01043620 -0.05125875
v -0.00069570 0.01520540 -0.05624850
v -0.00043308 0.01615140 -0.05568660
v 0.00032940 0.01667600 -0.05503650
v 0.00138996 0.01659000 -0.05440905
v -0.00064764 0.00870560 -0.05136960
v 0.00132588 0.01026080 -0.05069145
v -0.00432396 0.01477500 -0.05435160
v -0.00473238 0.01429200 -0.05356680
v -0.00486540 0.01370660 -0.05275515
v -0.00261306 0.01582240 -0.05541420
v -0.00153342 0.01583260 -0.05582805
v -0.00071820 0.01519900 -0.05625120
v -0.00119232 0.00875840 -0.05134815
v -0.00482202 0.01203020 -0.05241750
v 0.00292284 0.01492920 -0.05220525
v 0.00278676 0.01423640 -0.05144295
v 0.00280746 0.01260280 -0.05116260
v -0.00073098 0.01618020 -0.05567580
v -0.00070686 0.01520360 -0.05624850
v -0.00020070 0.01686940 -0.05495505
v 0.00074268 0.01703800 -0.05421690
v -0.00040896 0.00951300 -0.05061930
v -0.00015588 0.00962260 -0.05057130
v 0.00005868 0.00979160 -0.05049795
v 0.00022050 0.01000840 -0.05040450
v 0.00031824 0.01025780 -0.05029500
v -0.00471636 0.01305880 -0.05197155
v -0.00338850 0.01584000 -0.05474685
v -0.00228312 0.01626580 -0.05522070
v -0.00130122 0.01601520 -0.05574795
v -0.00170496 0.00894480 -0.05126940
v -0.00212454 0.00856080 -0.05208105
v -0.00322668 0.00900440 -0.05273640
v -0.00383526 0.00971940 -0.05242815
v -0.00423108 0.01056160 -0.05206500
v 0.00184482 0.01656420 -0.05356140
v 0.00212670 0.01628120 -0.05268705
v 0.00241182 0.01344500 -0.05079960
v 0.00227412 0.01118340 -0.05093445
v 0.00138024 0.01078500 -0.05046450
v -0.00076626 0.01692400 -0.05493240
v -0.00000378 0.01730940 -0.05410200
v 0.00105516 0.01711040 -0.05332650
v -0.00068292 0.00947020 -0.05063940
v -0.00095850 0.00949680 -0.05062875
v 0.00034542 0.01052340 -0.05018025
v -0.00398106 0.01564940 -0.05397255
v -0.00435114 0.01526420 -0.05314500
v -0.00433674 0.01402560 -0.05155245
v -0.00292392 0.01646240 -0.05447580
v -0.00184266 0.01661160 -0.05506980
v -0.00102726 0.01613380 -0.05569590
v -0.00121788 0.00959140 -0.05058870
v -0.00438642 0.01147340 -0.05166990
v -0.00429192 0.01239280 -0.05127210
v 0.00221634 0.01576020 -0.05184750
v 0.00210582 0.01503680 -0.05109855
v 0.00180324 0.01416040 -0.05049120
v 0.00182556 0.01260900 -0.05031900
v 0.00214758 0.01192440 -0.05061405
v -0.00079668 0.01738600 -0.05407005
v 0.00014688 0.01744140 -0.05318625
v -0.00071658 0.01042060 -0.05010405
v -0.00447282 0.01471020 -0.05231865
v -0.00395388 0.01325660 -0.05089695
v -0.00230886 0.01694760 -0.05426355
v -0.00132678 0.01683620 -0.05497245
v -0.00215028 0.00925280 -0.05113725
v -0.00144378 0.00974720 -0.05052060
v -0.00275886 0.00899940 -0.05189280
v -0.00325224 0.00958080 -0.05164185
v -0.00357426 0.01026540 -0.05134680
v 0.00124884 0.01688820 -0.05242680
v 0.00130986 0.01638700 -0.05157915
v 0.00133056 0.01319040 -0.05006805
v 0.00129222 0.01130520 -0.05024025
v -0.00082062 0.01753480 -0.05314755
v 0.00023814 0.01725640 -0.05227065
v 0.00030060 0.01078680 -0.05006670
v -0.00341568 0.01640840 -0.05364285
v -0.00372168 0.01610800 -0.05277780
v -0.00371034 0.01486460 -0.05118795
v -0.00339480 0.01400660 -0.05057130
v -0.00158310 0.01726280 -0.05412600
v -0.00370080 0.01100640 -0.05102655
v -0.00362394 0.01175360 -0.05070345
v -0.00334998 0.01245600 -0.05039775
v 0.00123282 0.01564060 -0.05083965
v 0.00102312 0.01470000 -0.05026035
v 0.00069624 0.01362900 -0.04987980
v 0.00106632 0.01178540 -0.05003340
v -0.00177858 0.01738440 -0.05321565
v -0.00083664 0.01736040 -0.05222790
v 0.00018522 0.01103040 -0.04996125
v -0.00382248 0.01558160 -0.05194095
v -0.00289512 0.01306540 -0.05013345
v -0.00266436 0.01700020 -0.05338395
v -0.00249786 0.00966080 -0.05096115
v -0.00162000 0.00995380 -0.05043255
v -0.00272214 0.01014100 -0.05075415
v -0.00281178 0.01066100 -0.05052990
v 0.00026532 0.01676700 -0.05141625
v 0.00022698 0.01600680 -0.05068350
v 0.00071874 0.01219340 -0.04985715
v -0.00190188 0.01719320 -0.05230260
v -0.00084312 0.01687440 -0.05137350
v 0.00000900 0.01123700 -0.04987320
v -0.00288702 0.01676600 -0.05249085
v -0.00296082 0.01626060 -0.05164455
v -0.00288072 0.01551880 -0.05090235
v -0.00265158 0.01459120 -0.05031630
v -0.00173376 0.01019720 -0.05032710
v -0.00275724 0.01118520 -0.05030295
v -0.00256500 0.01167800 -0.05008815
v 0.00012438 0.01502700 -0.05012145
v -0.00003420 0.01389500 -0.04976640
v 0.00027342 0.01250120 -0.04972500
v -0.00194364 0.01670160 -0.05145105
v -0.00021510 0.01139280 -0.04980645
v -0.00229122 0.01354080 -0.04992660
v -0.00177858 0.01046060 -0.05021355
v -0.00224640 0.01210560 -0.04990260
v -0.00084150 0.01611020 -0.05064210
v -0.00083034 0.01511940 -0.05008275
v -0.00190188 0.01594360 -0.05071680
v -0.00047466 0.01148740 -0.04976505
v -0.00177696 0.01497060 -0.05014950
v -0.00175140 0.01072620 -0.05009880
v -0.00165366 0.01097580 -0.04999065
v -0.00081108 0.01397000 -0.04973565
v -0.00023922 0.01268760 -0.04964625
v -0.00075186 0.01151400 -0.04975440
v -0.00182178 0.01243900 -0.04975710
v -0.00157986 0.01384920 -0.04979040
v -0.00149184 0.01119240 -0.04989585
v -0.00078390 0.01274040 -0.04962495
v -0.00102402 0.01147100 -0.04977435
v -0.00127728 0.01136140 -0.04982250
v -0.00132372 0.01265540 -0.04966230
v 0.00387108 0.00538600 0.03234300
v 0.00387108 0.00442840 0.03234300
v -0.00518256 0.00538600 0.03234300
v 0.00387108 0.01024580 0.03234300
v -0.00518256 0.01024580 0.03234300
v 0.00274338 0.00442840 0.03234300
v 0.00387108 0.01024580 0.03251250
v 0.00387108 0.01024580 0.03251250
v 0.00274338 0.01024580 0.03234300
v -0.00406278 0.01024580 0.03234300
v -0.00518256 0.00442840 0.03234300
v -0.00518256 0.00442840 0.03251250
v 0.01276452 -0.01274160 0.03234300
v 0.01276452 -0.01274160 0.03234300
v 0.00274338 0.00538600 0.03234300
v 0.00387108 0.00442840 0.03251250
v 0.01113714 -0.00923800 0.03234300
v 0.01113714 -0.00923800 0.03234300
v -0.00406278 0.01024580 0.03251250
v -0.00406278 0.01024580 0.03251250
v -0.00518256 0.01024580 0.03251250
v -0.00518256 0.01024580 0.03251250
v 0.01276452 -0.00923800 0.03234300
v 0.01276452 -0.00923800 0.03234300
v 0.01113714 -0.01274160 0.03234300
v 0.01113714 -0.01274160 0.03234300
v -0.00406278 0.00442840 0.03234300
v 0.00275148 0.00442840 0.03251250
v 0.00387108 0.00538600 0.03251250
v 0.00387108 0.00538600 0.03251250
v 0.00387108 0.00538600 0.03251250
v -0.00406278 0.00538600 0.03234300
v 0.00274338 0.01024580 0.03251250
v 0.00274338 0.01024580 0.03251250
v -0.00518256 0.00538600 0.03251250
v -0.00518256 0.00538600 0.03251250
v 0.01276452 -0.00923800 0.03285165
v 0.01276452 -0.00923800 0.03285165
v 0.01276452 -0.00923800 0.03285165
v 0.01113714 -0.01274160 0.03285165
v 0.01113714 -0.01274160 0.03285165
v 0.01113714 -0.01274160 0.03285165
v 0.00274338 0.00538600 0.03251250
v 0.00274338 0.00538600 0.03251250
v 0.00364050 0.00538600 0.03251250
v 0.00364050 0.00538600 0.03251250
v 0.00364050 0.00538600 0.03251250
v 0.00387108 0.00538600 0.03268215
v 0.00387108 0.00538600 0.03268215
v 0.00387108 0.00538600 0.03268215
v 0.00297252 0.00999080 0.03251250
v -0.00491976 0.00995360 0.03251250
v -0.00491976 0.00995360 0.03251250
v -0.00518256 0.00337440 0.03268215
v 0.01276452 -0.01274160 0.03285165
v 0.01276452 -0.01274160 0.03285165
v 0.01276452 -0.01274160 0.03285165
v 0.00364050 0.00999080 0.03251250
v 0.00364050 0.00999080 0.03251250
v 0.00387108 0.00337440 0.03251250
v 0.01113714 -0.00923800 0.03285165
v 0.01113714 -0.00923800 0.03285165
v 0.01113714 -0.00923800 0.03285165
v -0.00432558 0.00995360 0.03251250
v -0.00406278 0.00538600 0.03251250
v -0.00406278 0.00538600 0.03251250
v -0.00406278 0.00538600 0.03251250
v -0.00491976 0.00538600 0.03234300
v -0.00518256 0.00337440 0.03251250
v -0.00518256 0.00538600 0.03268215
v -0.00518256 0.00538600 0.03268215
v -0.00518256 0.00538600 0.03268215
v -0.00491976 0.00538600 0.03251250
v -0.00491976 0.00538600 0.03251250
v -0.00491976 0.00538600 0.03251250
v 0.01255788 -0.01251220 0.03285165
v 0.01255788 -0.01251220 0.03285165
v 0.01255788 -0.01251220 0.03285165
v 0.00275148 0.00538600 0.03251250
v 0.00275148 0.00538600 0.03251250
v 0.00275148 0.00538600 0.03251250
v 0.00364050 0.00999080 0.03242775
v 0.00364050 0.00999080 0.03242775
v 0.00275148 0.00538600 0.03268215
v 0.00275148 0.00538600 0.03268215
v 0.00275148 0.00538600 0.03268215
v 0.00387108 0.00337440 0.03352980
v 0.00387108 0.00337440 0.03352980
v 0.01134216 -0.00946740 0.03285165
v 0.01134216 -0.00946740 0.03285165
v 0.01134216 -0.00946740 0.03285165
v 0.01134216 -0.01251220 0.03285165
v 0.01134216 -0.01251220 0.03285165
v 0.01134216 -0.01251220 0.03285165
v -0.00432558 0.00538600 0.03251250
v -0.00432558 0.00538600 0.03251250
v -0.00432558 0.00995360 0.03242775
v -0.00406278 0.00442840 0.03268215
v -0.00518256 0.00337440 0.03352980
v -0.00518256 0.00337440 0.03352980
v -0.00491976 0.00538600 0.03242775
v -0.00491976 0.00538600 0.03242775
v 0.01255788 -0.00946740 0.03285165
v 0.01255788 -0.00946740 0.03285165
v 0.01255788 -0.00946740 0.03285165
v 0.00297252 0.00538600 0.03251250
v 0.00297252 0.00538600 0.03251250
v 0.00364050 0.00538600 0.03242775
v 0.00364050 0.00538600 0.03242775
v 0.00364050 0.00538600 0.03242775
v 0.00387108 0.00438020 0.03352980
v 0.00387108 0.00438020 0.03352980
v 0.00387108 0.00438020 0.03352980
v 0.00275148 0.00337440 0.03352980
v 0.00275148 0.00337440 0.03352980
v 0.00297252 0.00999080 0.03242775
v -0.00491976 0.00995360 0.03234300
v -0.00491976 0.00995360 0.03242775
v -0.00406278 0.00538600 0.03268215
v -0.00406278 0.00538600 0.03268215
v -0.00406278 0.00538600 0.03268215
v -0.00406278 0.00337440 0.03268215
v -0.00518256 0.00438020 0.03352980
v -0.00518256 0.00438020 0.03352980
v -0.00518256 0.00438020 0.03352980
v 0.01255788 -0.00946740 0.03259740
v 0.01255788 -0.00946740 0.03259740
v 0.01255788 -0.00946740 0.03259740
v 0.01134216 -0.01251220 0.03259740
v 0.01134216 -0.01251220 0.03259740
v 0.01134216 -0.01251220 0.03259740
v 0.00297252 0.00538600 0.03242775
v 0.00297252 0.00538600 0.03242775
v 0.00275148 0.00438020 0.03352980
v 0.00275148 0.00438020 0.03352980
v 0.00275148 0.00438020 0.03352980
v 0.00275148 0.00337440 0.03251250
v -0.00432558 0.00538600 0.03242775
v -0.00432558 0.00538600 0.03242775
v -0.00406278 0.00438020 0.03352980
v -0.00406278 0.00438020 0.03352980
v -0.00406278 0.00438020 0.03352980
v -0.00406278 0.00337440 0.03352980
v -0.00406278 0.00337440 0.03352980
v 0.01255788 -0.01251220 0.03259740
v 0.01255788 -0.01251220 0.03259740
v 0.01255788 -0.01251220 0.03259740
v 0.01134216 -0.00946740 0.03259740
v 0.01134216 -0.00946740 0.03259740
v 0.01134216 -0.00946740 0.03259740
v 0.01221030 -0.01214280 0.03259740
v 0.01201644 -0.01235800 0.03259740
v 0.01168020 -0.01214280 0.03259740
v 0.01160964 -0.00972840 0.03259740
v 0.01218312 -0.01221620 0.03259740
v 0.01222002 -0.01206400 0.03259740
v 0.01208214 -0.01232760 0.03259740
v 0.01194606 -0.01236840 0.03259740
v 0.01170738 -0.01221620 0.03259740
v 0.01167210 -0.01206400 0.03259740
v 0.01160964 -0.01142360 0.03259740
v 0.01222002 -0.00972840 0.03259740
v 0.01213992 -0.01227920 0.03259740
v 0.01221030 -0.01198520 0.03259740
v 0.01187388 -0.01235800 0.03259740
v 0.01175220 -0.01227920 0.03259740
v 0.01168020 -0.01198520 0.03259740
v 0.01222002 -0.01142360 0.03259740
v 0.01218312 -0.01191180 0.03259740
v 0.01180836 -0.01232760 0.03259740
v 0.01170738 -0.01191180 0.03259740
v 0.01175220 -0.01184860 0.03259740
v 0.01194606 -0.01175960 0.03259740
v 0.01213992 -0.01184860 0.03259740
v 0.01180836 -0.01180020 0.03259740
v 0.01187388 -0.01177000 0.03259740
v 0.01201644 -0.01177000 0.03259740
v 0.01208214 -0.01180020 0.03259740
vt 0.75000000 0.50000000
vt 0.75000000 0.50000000
vt 0.75000000 0.50000000
vt 0.75000000 0.50000000
vt 0.75000000 0.50000000
vt 0.75000000 0.50000000
vt 0.75000000 0.50000000
vt 0.75000000 0.50000000
vt 0.75000000 0.50000000
vt 0.75000000 0.50000000
vt 0.75000000 0.50000000
vt 0.75000000 0.50000000
vt 0.75000000 0.50000000
vt 0.75000000 0.50000000
vt 0.75000000 0.50000000
vt 0.75000000 0.50000000
vt 0.75000000 0.50000000
vt 0.75000000 0.50000000
vt 0.75000000 0.50000000
vt 0.75000000 0.50000000
vt 0.75000000 0.50000000
vt 0.75000000 0.50000000
vt 0.75000000 0.50000000
vt 0.75000000 0.50000000
vt 0.75000000 0.50000000
vt 0.75000000 0.50000000
vt 0.75000000 0.50000000
vt 0.75000000 0.50000000
vt 0.75000000 0.50000000
vt 0.75000000 0.50000000
vt 0.75000000 0.50000000
vt 0.75000000 0.50000000
vt 0.75000000 0.50000000
vt 0.75000000 0.50000000
vt 0.75000000 0.50000000
vt 0.75000000 0.50000000
vt 0.75000000 0.50000000
vt 0.75000000 0.50000000
vt 0.75000000 0.50000000
vt 0.75000000 0.50000000
vt 0.75000000 0.50000000
vt 0.75000000 0.50000000
vt 0.75000000 0.50000000
vt 0.75000000 0.50000000
vt 0.75000000 0.50000000
vt 0.75000000 0.50000000
vt 0.75000000 0.50000000
vt 0.75000000 0.50000000
vt 0.75000000 0.50000000
vt 0.75000000 0.50000000
vt 0.75000000 0.50000000
vt 0.75000000 0.50000000
vt 0.75000000 0.50000000
vt 0.75000000 0.50000000
vt 0.75000000 0.50000000
vt 0.75000000 0.50000000
vt 0.75000000 0.50000000
vt 0.75000000 0.50000000
vt 0.75000000 0.50000000
vt 0.75000000 0.50000000
vt 0.75000000 0.50000000
vt 0.75000000 0.50000000
vt 0.75000000 0.50000000
vt 0.75000000 0.50000000
vt 0.75000000 0.50000000
vt 0.75000000 0.50000000
vt 0.75000000 0.50000000
vt 0.75000000 0.50000000
vt 0.75000000 0.50000000
vt 0.75000000 0.50000000
vt 0.75000000 0.50000000
vt 0.75000000 0.50000000
vt 0.75000000 0.50000000
vt 0.75000000 0.50000000
vt 0.75000000 0.50000000
vt 0.75000000 0.50000000
vt 0.75000000 0.50000000
vt 0.75000000 0.50000000
vt 0.75000000 0.50000000
vt 0.75000000 0.50000000
vt 0.75000000 0.50000000
vt 0.75000000 0.50000000
vt 0.75000000 0.50000000
vt 0.75000000 0.50000000
vt 0.75000000 0.50000000
vt 0.75000000 0.50000000
vt 0.75000000 0.50000000
vt 0.75000000 0.50000000
vt 0.75000000 0.50000000
vt 0.75000000 0.50000000
vt 0.75000000 0.50000000
vt 0.75000000 0.50000000
vt 0.75000000 0.50000000
vt 0.75000000 0.50000000
vt 0.75000000 0.50000000
vt 0.75000000 0.50000000
vt 0.75000000 0.50000000
vt 0.75000000 0.50000000
vt 0.75000000 0.50000000
vt 0.75000000 0.50000000
vt 0.75000000 0.50000000
vt 0.75000000 0.50000000
vt 0.75000000 0.50000000
vt 0.75000000 0.50000000
vt 0.75000000 0.50000000
vt 0.75000000 0.50000000
vt 0.75000000 0.50000000
vt 0.75000000 0.50000000
vt 0.75000000 0.50000000
vt 0.75000000 0.50000000
vt 0.75000000 0.50000000
vt 0.75000000 0.50000000
vt 0.75000000 0.50000000
vt 0.75000000 0.50000000
vt 0.75000000 0.50000000
vt 0.75000000 0.50000000
vt 0.75000000 0.50000000
vt 0.75000000 0.50000000
vt 0.75000000 0.50000000
vt 0.75000000 0.50000000
vt 0.75000000 0.50000000
vt 0.75000000 0.50000000
vt 0.75000000 0.50000000
vt 0.75000000 0.50000000
vt 0.75000000 0.50000000
vt 0.75000000 0.50000000
vt 0.75000000 0.50000000
vt 0.75000000 0.50000000
vt 0.75000000 0.50000000
vt 0.75000000 0.50000000
vt 0.75000000 0.50000000
vt 0.75000000 0.50000000
vt 0.75000000 0.50000000
vt 0.75000000 0.50000000
vt 0.75000000 0.50000000
vt 0.75000000 0.50000000
vt 0.75000000 0.50000000
vt 0.75000000 0.50000000
vt 0.75000000 0.50000000
vt 0.75000000 0.50000000
vt 0.75000000 0.50000000
vt 0.75000000 0.50000000
vt 0.75000000 0.50000000
vt 0.75000000 0.50000000
vt 0.75000000 0.50000000
vt 0.75000000 0.50000000
vt 0.75000000 0.50000000
vt 0.75000000 0.50000000
vt 0.75000000 0.50000000
vt 0.75000000 0.50000000
vt 0.75000000 0.50000000
vt 0.75000000 0.50000000
vt 0.75000000 0.50000000
vt 0.75000000 0.50000000
vt 0.75000000 0.50000000
vt 0.75000000 0.50000000
vt 0.75000000 0.50000000
vt 0.75000000 0.50000000
vt 0.75000000 0.50000000
vt 0.75000000 0.50000000
vt 0.75000000 0.50000000
vt 0.75000000 0.50000000
vt 0.75000000 0.50000000
vt 0.75000000 0.50000000
vt 0.75000000 0.50000000
vt 0.75000000 0.50000000
vt 0.75000000 0.50000000
vt 0.75000000 0.50000000
vt 0.75000000 0.50000000
vt 0.75000000 0.50000000
vt 0.75000000 0.50000000
vt 0.75000000 0.50000000
vt 0.75000000 0.50000000
vt 0.75000000 0.50000000
vt 0.75000000 0.50000000
vt 0.75000000 0.50000000
vt 0.75000000 0.50000000
vt 0.75000000 0.50000000
vt 0.75000000 0.50000000
vt 0.75000000 0.50000000
vt 0.75000000 0.50000000
vt 0.75000000 0.50000000
vt 0.75000000 0.50000000
vt 0.75000000 0.50000000
vt 0.75000000 0.50000000
vt 0.75000000 0.50000000
vt 0.75000000 0.50000000
vt 0.75000000 0.50000000
vt 0.75000000 0.50000000
vt 0.75000000 0.50000000
vt 0.75000000 0.50000000
vt 0.75000000 0.50000000
vt 0.75000000 0.50000000
vt 0.75000000 0.50000000
vt 0.75000000 0.50000000
vt 0.75000000 0.50000000
vt 0.75000000 0.50000000
vt 0.75000000 0.50000000
vt 0.75000000 0.50000000
vt 0.75000000 0.50000000
vt 0.75000000 0.50000000
vt 0.75000000 0.50000000
vt 0.75000000 0.50000000
vt 0.75000000 0.50000000
vt 0.75000000 0.50000000
vt 0.75000000 0.50000000
vt 0.75000000 0.50000000
vt 0.75000000 0.50000000
vt 0.75000000 0.50000000
vt 0.75000000 0.50000000
vt 0.75000000 0.50000000
vt 0.75000000 0.50000000
vt 0.75000000 0.50000000
vt 0.75000000 0.50000000
vt 0.75000000 0.50000000
vt 0.75000000 0.50000000
vt 0.75000000 0.50000000
vt 0.75000000 0.50000000
vt 0.75000000 0.50000000
vt 0.75000000 0.50000000
vt 0.75000000 0.50000000
vt 0.75000000 0.50000000
vt 0.75000000 0.50000000
vt 0.75000000 0.50000000
vt 0.75000000 0.50000000
vt 0.75000000 0.50000000
vt 0.75000000 0.50000000
vt 0.75000000 0.50000000
vt 0.75000000 0.50000000
vt 0.75000000 0.50000000
vt 0.75000000 0.50000000
vt 0.75000000 0.50000000
vt 0.75000000 0.50000000
vt 0.75000000 0.50000000
vt 0.75000000 0.50000000
vt 0.75000000 0.50000000
vt 0.75000000 0.50000000
vt 0.75000000 0.50000000
vt 0.75000000 0.50000000
vt 0.75000000 0.50000000
vt 0.75000000 0.50000000
vt 0.75000000 0.50000000
vt 0.75000000 0.50000000
vt 0.75000000 0.50000000
vt 0.75000000 0.50000000
vt 0.75000000 0.50000000
vt 0.75000000 0.50000000
vt 0.75000000 0.50000000
vt 0.75000000 0.50000000
vt 0.75000000 0.50000000
vt 0.75000000 0.50000000
vt 0.75000000 0.50000000
vt 0.75000000 0.50000000
vt 0.75000000 0.50000000
vt 0.75000000 0.50000000
vt 0.75000000 0.50000000
vt 0.75000000 0.50000000
vt 0.75000000 0.50000000
vt 0.75000000 0.50000000
vt 0.75000000 0.50000000
vt 0.75000000 0.50000000
vt 0.75000000 0.50000000
vt 0.75000000 0.50000000
vt 0.75000000 0.50000000
vt 0.75000000 0.50000000
vt 0.75000000 0.50000000
vt 0.75000000 0.50000000
vt 0.75000000 0.50000000
vt 0.75000000 0.50000000
vt 0.75000000 0.50000000
vt 0.75000000 0.50000000
vt 0.75000000 0.50000000
vt 0.75000000 0.50000000
vt 0.75000000 0.50000000
vt 0.75000000 0.50000000
vt 0.75000000 0.50000000
vt 0.75000000 0.50000000
vt 0.75000000 0.50000000
vt 0.75000000 0.50000000
vt 0.75000000 0.50000000
vt 0.75000000 0.50000000
vt 0.75000000 0.50000000
vt 0.75000000 0.50000000
vt 0.75000000 0.50000000
vt 0.75000000 0.50000000
vt 0.75000000 0.50000000
vt 0.75000000 0.50000000
vt 0.75000000 0.50000000
vt 0.75000000 0.50000000
vt 0.75000000 0.50000000
vt 0.75000000 0.50000000
vt 0.75000000 0.50000000
vt 0.75000000 0.50000000
vt 0.75000000 0.50000000
vt 0.75000000 0.50000000
vt 0.75000000 0.50000000
vt 0.75000000 0.50000000
vt 0.75000000 0.50000000
vt 0.75000000 0.50000000
vt 0.75000000 0.50000000
vt 0.75000000 0.50000000
vt 0.75000000 0.50000000
vt 0.75000000 0.50000000
vt 0.75000000 0.50000000
vt 0.75000000 0.50000000
vt 0.75000000 0.50000000
vt 0.75000000 0.50000000
vt 0.75000000 0.50000000
vt 0.75000000 0.50000000
vt 0.75000000 0.50000000
vt 0.75000000 0.50000000
vt 0.75000000 0.50000000
vt 0.75000000 0.50000000
vt 0.75000000 0.50000000
vt 0.75000000 0.50000000
vt 0.75000000 0.50000000
vt 0.75000000 0.50000000
vt 0.75000000 0.50000000
vt 0.75000000 0.50000000
vt 0.75000000 0.50000000
vt 0.75000000 0.50000000
vt 0.75000000 0.50000000
vt 0.75000000 0.50000000
vt 0.75000000 0.50000000
vt 0.75000000 0.50000000
vt 0.75000000 0.50000000
vt 0.75000000 0.50000000
vt 0.75000000 0.50000000
vt 0.75000000 0.50000000
vt 0.75000000 0.50000000
vt 0.75000000 0.50000000
vt 0.75000000 0.50000000
vt 0.75000000 0.50000000
vt 0.75000000 0.50000000
vt 0.75000000 0.50000000
vt 0.75000000 0.50000000
vt 0.75000000 0.50000000
vt 0.75000000 0.50000000
vt 0.75000000 0.50000000
vt 0.75000000 0.50000000
vt 0.75000000 0.50000000
vt 0.75000000 0.50000000
vt 0.75000000 0.50000000
vt 0.75000000 0.50000000
vt 0.75000000 0.50000000
vt 0.75000000 0.50000000
vt 0.75000000 0.50000000
vt 0.75000000 0.50000000
vt 0.75000000 0.50000000
vt 0.75000000 0.50000000
vt 0.75000000 0.50000000
vt 0.75000000 0.50000000
vt 0.75000000 0.50000000
vt 0.75000000 0.50000000
vt 0.75000000 0.50000000
vt 0.75000000 0.50000000
vt 0.75000000 0.50000000
vt 0.75000000 0.50000000
vt 0.75000000 0.50000000
vt 0.75000000 0.50000000
vt 0.75000000 0.50000000
vt 0.75000000 0.50000000
vt 0.75000000 0.50000000
vt 0.75000000 0.50000000
vt 0.75000000 0.50000000
vt 0.75000000 0.50000000
vt 0.75000000 0.50000000
vt 0.75000000 0.50000000
vt 0.75000000 0.50000000
vt 0.75000000 0.50000000
vt 0.75000000 0.50000000
vt 0.75000000 0.50000000
vt 0.75000000 0.50000000
vt 0.75000000 0.50000000
vt 0.75000000 0.50000000
vt 0.75000000 0.50000000
vt 0.75000000 0.50000000
vt 0.75000000 0.50000000
vt 0.75000000 0.50000000
vt 0.75000000 0.50000000
vt 0.75000000 0.50000000
vt 0.75000000 0.50000000
vt 0.75000000 0.50000000
vt 0.75000000 0.50000000
vt 0.75000000 0.50000000
vt 0.75000000 0.50000000
vt 0.75000000 0.50000000
vt 0.75000000 0.50000000
vt 0.75000000 0.50000000
vt 0.75000000 0.50000000
vt 0.75000000 0.50000000
vt 0.75000000 0.50000000
vt 0.75000000 0.50000000
vt 0.75000000 0.50000000
vt 0.75000000 0.50000000
vt 0.75000000 0.50000000
vt 0.75000000 0.50000000
vt 0.75000000 0.50000000
vt 0.75000000 0.50000000
vt 0.75000000 0.50000000
vt 0.75000000 0.50000000
vt 0.75000000 0.50000000
vt 0.75000000 0.50000000
vt 0.75000000 0.50000000
vt 0.75000000 0.50000000
vt 0.75000000 0.50000000
vt 0.75000000 0.50000000
vt 0.75000000 0.50000000
vt 0.75000000 0.50000000
vt 0.75000000 0.50000000
vt 0.75000000 0.50000000
vt 0.75000000 0.50000000
vt 0.75000000 0.50000000
vt 0.75000000 0.50000000
vt 0.75000000 0.50000000
vt 0.75000000 0.50000000
vt 0.75000000 0.50000000
vt 0.75000000 0.50000000
vt 0.75000000 0.50000000
vt 0.75000000 0.50000000
vt 0.75000000 0.50000000
vt 0.75000000 0.50000000
vt 0.75000000 0.50000000
vt 0.75000000 0.50000000
vt 0.75000000 0.50000000
vt 0.75000000 0.50000000
vt 0.75000000 0.50000000
vt 0.75000000 0.50000000
vt 0.75000000 0.50000000
vt 0.75000000 0.50000000
vt 0.75000000 0.50000000
vt 0.75000000 0.50000000
vt 0.75000000 0.50000000
vt 0.75000000 0.50000000
vt 0.75000000 0.50000000
vt 0.75000000 0.50000000
vt 0.75000000 0.50000000
vt 0.75000000 0.50000000
vt 0.75000000 0.50000000
vt 0.75000000 0.50000000
vt 0.75000000 0.50000000
vt 0.75000000 0.50000000
vt 0.75000000 0.50000000
vt 0.75000000 0.50000000
vt 0.75000000 0.50000000
vt 0.75000000 0.50000000
vt 0.75000000 0.50000000
vt 0.75000000 0.50000000
vt 0.75000000 0.50000000
vt 0.75000000 0.50000000
vt 0.75000000 0.50000000
vt 0.75000000 0.50000000
vt 0.75000000 0.50000000
vt 0.75000000 0.50000000
vt 0.75000000 0.50000000
vt 0.75000000 0.50000000
vt 0.75000000 0.50000000
vt 0.75000000 0.50000000
vt 0.75000000 0.50000000
vt 0.75000000 0.50000000
vt 0.75000000 0.50000000
vt 0.75000000 0.50000000
vt 0.75000000 0.50000000
vt 0.75000000 0.50000000
vt 0.75000000 0.50000000
vt 0.75000000 0.50000000
vt 0.75000000 0.50000000
vt 0.75000000 0.50000000
vt 0.75000000 0.50000000
vt 0.75000000 0.50000000
vt 0.75000000 0.50000000
vt 0.75000000 0.50000000
vt 0.75000000 0.50000000
vt 0.75000000 0.50000000
vt 0.75000000 0.50000000
vt 0.75000000 0.50000000
vt 0.75000000 0.50000000
vt 0.75000000 0.50000000
vt 0.75000000 0.50000000
vt 0.75000000 0.50000000
vt 0.75000000 0.50000000
vt 0.75000000 0.50000000
vt 0.75000000 0.50000000
vt 0.75000000 0.50000000
vt 0.75000000 0.50000000
vt 0.75000000 0.50000000
vt 0.75000000 0.50000000
vt 0.75000000 0.50000000
vt 0.75000000 0.50000000
vt 0.75000000 0.50000000
vt 0.75000000 0.50000000
vt 0.75000000 0.50000000
vt 0.75000000 0.50000000
vt 0.75000000 0.50000000
vt 0.75000000 0.50000000
vt 0.75000000 0.50000000
vt 0.75000000 0.50000000
vt 0.75000000 0.50000000
vt 0.75000000 0.50000000
vt 0.75000000 0.50000000
vt 0.75000000 0.50000000
vt 0.75000000 0.50000000
vt 0.75000000 0.50000000
vt 0.75000000 0.50000000
vt 0.75000000 0.50000000
vt 0.75000000 0.50000000
vt 0.75000000 0.50000000
vt 0.75000000 0.50000000
vt 0.75000000 0.50000000
vt 0.75000000 0.50000000
vt 0.75000000 0.50000000
vt 0.75000000 0.50000000
vt 0.75000000 0.50000000
vt 0.75000000 0.50000000
vt 0.75000000 0.50000000
vt 0.75000000 0.50000000
vt 0.75000000 0.50000000
vt 0.75000000 0.50000000
vt 0.75000000 0.50000000
vt 0.75000000 0.50000000
vt 0.75000000 0.50000000
vt 0.75000000 0.50000000
vt 0.75000000 0.50000000
vt 0.75000000 0.50000000
vt 0.75000000 0.50000000
vt 0.75000000 0.50000000
vt 0.75000000 0.50000000
vt 0.75000000 0.50000000
vt 0.75000000 0.50000000
vt 0.75000000 0.50000000
vt 0.75000000 0.50000000
vt 0.75000000 0.50000000
vt 0.75000000 0.50000000
vt 0.75000000 0.50000000
vt 0.75000000 0.50000000
vt 0.75000000 0.50000000
vt 0.75000000 0.50000000
vt 0.75000000 0.50000000
vt 0.75000000 0.50000000
vt 0.75000000 0.50000000
vt 0.75000000 0.50000000
vt 0.75000000 0.50000000
vt 0.75000000 0.50000000
vt 0.75000000 0.50000000
vt 0.75000000 0.50000000
vt 0.75000000 0.50000000
vt 0.75000000 0.50000000
vt 0.75000000 0.50000000
vt 0.75000000 0.50000000
vt 0.75000000 0.50000000
vt 0.75000000 0.50000000
vt 0.75000000 0.50000000
vt 0.75000000 0.50000000
vt 0.75000000 0.50000000
vt 0.75000000 0.50000000
vt 0.75000000 0.50000000
vt 0.75000000 0.50000000
vt 0.75000000 0.50000000
vt 0.75000000 0.50000000
vt 0.75000000 0.50000000
vt 0.75000000 0.50000000
vt 0.75000000 0.50000000
vt 0.75000000 0.50000000
vt 0.75000000 0.50000000
vt 0.75000000 0.50000000
vt 0.75000000 0.50000000
vt 0.75000000 0.50000000
vt 0.75000000 0.50000000
vt 0.75000000 0.50000000
vt 0.75000000 0.50000000
vt 0.75000000 0.50000000
vt 0.75000000 0.50000000
vt 0.75000000 0.50000000
vt 0.75000000 0.50000000
vt 0.75000000 0.50000000
vt 0.75000000 0.50000000
vt 0.75000000 0.50000000
vt 0.75000000 0.50000000
vt 0.75000000 0.50000000
vt 0.75000000 0.50000000
vt 0.75000000 0.50000000
vt 0.75000000 0.50000000
vt 0.75000000 0.50000000
vt 0.75000000 0.50000000
vt 0.75000000 0.50000000
vt 0.75000000 0.50000000
vt 0.75000000 0.50000000
vt 0.75000000 0.50000000
vt 0.75000000 0.50000000
vt 0.75000000 0.50000000
vt 0.75000000 0.50000000
vt 0.75000000 0.50000000
vt 0.75000000 0.50000000
vt 0.75000000 0.50000000
vt 0.75000000 0.50000000
vt 0.75000000 0.50000000
vt 0.75000000 0.50000000
vt 0.75000000 0.50000000
vt 0.75000000 0.50000000
vt 0.75000000 0.50000000
vt 0.75000000 0.50000000
vt 0.75000000 0.50000000
vt 0.75000000 0.50000000
vt 0.75000000 0.50000000
vt 0.75000000 0.50000000
vt 0.75000000 0.50000000
vt 0.75000000 0.50000000
vt 0.75000000 0.50000000
vt 0.75000000 0.50000000
vt 0.75000000 0.50000000
vt 0.75000000 0.50000000
vt 0.75000000 0.50000000
vt 0.75000000 0.50000000
vt 0.75000000 0.50000000
vt 0.75000000 0.50000000
vt 0.75000000 0.50000000
vt 0.75000000 0.50000000
vt 0.75000000 0.50000000
vt 0.75000000 0.50000000
vt 0.75000000 0.50000000
vt 0.75000000 0.50000000
vt 0.75000000 0.50000000
vt 0.75000000 0.50000000
vt 0.75000000 0.50000000
vt 0.75000000 0.50000000
vt 0.75000000 0.50000000
vt 0.75000000 0.50000000
vt 0.75000000 0.50000000
vt 0.75000000 0.50000000
vt 0.75000000 0.50000000
vt 0.75000000 0.50000000
vt 0.75000000 0.50000000
vt 0.75000000 0.50000000
vt 0.75000000 0.50000000
vt 0.75000000 0.50000000
vt 0.75000000 0.50000000
vt 0.75000000 0.50000000
vt 0.75000000 0.50000000
vt 0.75000000 0.50000000
vt 0.75000000 0.50000000
vt 0.75000000 0.50000000
vt 0.75000000 0.50000000
vt 0.75000000 0.50000000
vt 0.75000000 0.50000000
vt 0.75000000 0.50000000
vt 0.75000000 0.50000000
vt 0.75000000 0.50000000
vt 0.75000000 0.50000000
vt 0.75000000 0.50000000
vt 0.75000000 0.50000000
vt 0.75000000 0.50000000
vt 0.75000000 0.50000000
vt 0.75000000 0.50000000
vt 0.75000000 0.50000000
vt 0.75000000 0.50000000
vt 0.75000000 0.50000000
vt 0.75000000 0.50000000
vt 0.75000000 0.50000000
vt 0.75000000 0.50000000
vt 0.75000000 0.50000000
vt 0.75000000 0.50000000
vt 0.75000000 0.50000000
vt 0.75000000 0.50000000
vt 0.75000000 0.50000000
vt 0.75000000 0.50000000
vt 0.75000000 0.50000000
vt 0.75000000 0.50000000
vt 0.75000000 0.50000000
vt 0.75000000 0.50000000
vt 0.75000000 0.50000000
vt 0.75000000 0.50000000
vt 0.75000000 0.50000000
vt 0.75000000 0.50000000
vt 0.75000000 0.50000000
vt 0.75000000 0.50000000
vt 0.75000000 0.50000000
vt 0.75000000 0.50000000
vt 0.75000000 0.50000000
vt 0.75000000 0.50000000
vt 0.75000000 0.50000000
vt 0.75000000 0.50000000
vt 0.75000000 0.50000000
vt 0.75000000 0.50000000
vt 0.75000000 0.50000000
vt 0.75000000 0.50000000
vt 0.75000000 0.50000000
vt 0.75000000 0.50000000
vt 0.75000000 0.50000000
vt 0.75000000 0.50000000
vt 0.75000000 0.50000000
vt 0.75000000 0.50000000
vt 0.75000000 0.50000000
vt 0.75000000 0.50000000
vt 0.75000000 0.50000000
vt 0.75000000 0.50000000
vt 0.75000000 0.50000000
vt 0.75000000 0.50000000
vt 0.75000000 0.50000000
vt 0.75000000 0.50000000
vt 0.75000000 0.50000000
vt 0.75000000 0.50000000
vt 0.75000000 0.50000000
vt 0.75000000 0.50000000
vt 0.75000000 0.50000000
vt 0.75000000 0.50000000
vt 0.75000000 0.50000000
vt 0.75000000 0.50000000
vt 0.75000000 0.50000000
vt 0.75000000 0.50000000
vt 0.75000000 0.50000000
vt 0.75000000 0.50000000
vt 0.75000000 0.50000000
vt 0.75000000 0.50000000
vt 0.75000000 0.50000000
vt 0.75000000 0.50000000
vt 0.75000000 0.50000000
vt 0.75000000 0.50000000
vt 0.75000000 0.50000000
vt 0.75000000 0.50000000
vt 0.75000000 0.50000000
vt 0.75000000 0.50000000
vt 0.75000000 0.50000000
vt 0.75000000 0.50000000
vt 0.75000000 0.50000000
vt 0.75000000 0.50000000
vt 0.75000000 0.50000000
vt 0.75000000 0.50000000
vt 0.75000000 0.50000000
vt 0.75000000 0.50000000
vt 0.75000000 0.50000000
vt 0.75000000 0.50000000
vt 0.75000000 0.50000000
vt 0.75000000 0.50000000
vt 0.75000000 0.50000000
vt 0.75000000 0.50000000
vt 0.75000000 0.50000000
vt 0.75000000 0.50000000
vt 0.75000000 0.50000000
vt 0.75000000 0.50000000
vt 0.75000000 0.50000000
vt 0.75000000 0.50000000
vt 0.75000000 0.50000000
vt 0.75000000 0.50000000
vt 0.75000000 0.50000000
vt 0.75000000 0.50000000
vt 0.75000000 0.50000000
vt 0.75000000 0.50000000
vt 0.75000000 0.50000000
vt 0.75000000 0.50000000
vt 0.75000000 0.50000000
vt 0.75000000 0.50000000
vt 0.75000000 0.50000000
vt 0.75000000 0.50000000
vt 0.75000000 0.50000000
vt 0.75000000 0.50000000
vt 0.75000000 0.50000000
vt 0.75000000 0.50000000
vt 0.75000000 0.50000000
vt 0.75000000 0.50000000
vt 0.75000000 0.50000000
vt 0.75000000 0.50000000
vt 0.75000000 0.50000000
vt 0.75000000 0.50000000
vt 0.75000000 0.50000000
vt 0.75000000 0.50000000
vt 0.75000000 0.50000000
vt 0.75000000 0.50000000
vt 0.75000000 0.50000000
vt 0.75000000 0.50000000
vt 0.75000000 0.50000000
vt 0.75000000 0.50000000
vt 0.75000000 0.50000000
vt 0.75000000 0.50000000
vt 0.75000000 0.50000000
vt 0.75000000 0.50000000
vt 0.75000000 0.50000000
vt 0.75000000 0.50000000
vt 0.75000000 0.50000000
vt 0.75000000 0.50000000
vt 0.75000000 0.50000000
vt 0.75000000 0.50000000
vt 0.75000000 0.50000000
vt 0.75000000 0.50000000
vt 0.75000000 0.50000000
vt 0.75000000 0.50000000
vt 0.75000000 0.50000000
vt 0.75000000 0.50000000
vt 0.75000000 0.50000000
vt 0.75000000 0.50000000
vt 0.75000000 0.50000000
vt 0.75000000 0.50000000
vt 0.75000000 0.50000000
vt 0.75000000 0.50000000
vt 0.75000000 0.50000000
vt 0.75000000 0.50000000
vt 0.75000000 0.50000000
vt 0.75000000 0.50000000
vt 0.75000000 0.50000000
vt 0.75000000 0.50000000
vt 0.75000000 0.50000000
vt 0.75000000 0.50000000
vt 0.75000000 0.50000000
vt 0.75000000 0.50000000
vt 0.75000000 0.50000000
vt 0.75000000 0.50000000
vt 0.75000000 0.50000000
vt 0.75000000 0.50000000
vt 0.75000000 0.50000000
vt 0.75000000 0.50000000
vt 0.75000000 0.50000000
vt 0.75000000 0.50000000
vt 0.75000000 0.50000000
vt 0.75000000 0.50000000
vt 0.75000000 0.50000000
vt 0.75000000 0.50000000
vt 0.75000000 0.50000000
vt 0.75000000 0.50000000
vt 0.75000000 0.50000000
vt 0.75000000 0.50000000
vt 0.75000000 0.50000000
vt 0.75000000 0.50000000
vt 0.75000000 0.50000000
vt 0.75000000 0.50000000
vt 0.75000000 0.50000000
vt 0.75000000 0.50000000
vt 0.75000000 0.50000000
vt 0.75000000 0.50000000
vt 0.75000000 0.50000000
vt 0.75000000 0.50000000
vt 0.75000000 0.50000000
vt 0.75000000 0.50000000
vt 0.75000000 0.50000000
vt 0.75000000 0.50000000
vt 0.75000000 0.50000000
vt 0.75000000 0.50000000
vt 0.75000000 0.50000000
vt 0.75000000 0.50000000
vt 0.75000000 0.50000000
vt 0.75000000 0.50000000
vt 0.75000000 0.50000000
vt 0.75000000 0.50000000
vt 0.75000000 0.50000000
vt 0.75000000 0.50000000
vt 0.75000000 0.50000000
vt 0.75000000 0.50000000
vt 0.75000000 0.50000000
vt 0.75000000 0.50000000
vt 0.75000000 0.50000000
vt 0.75000000 0.50000000
vt 0.75000000 0.50000000
vt 0.75000000 0.50000000
vt 0.75000000 0.50000000
vt 0.75000000 0.50000000
vt 0.75000000 0.50000000
vt 0.75000000 0.50000000
vt 0.75000000 0.50000000
vt 0.75000000 0.50000000
vt 0.75000000 0.50000000
vt 0.75000000 0.50000000
vt 0.75000000 0.50000000
vt 0.75000000 0.50000000
vt 0.75000000 0.50000000
vt 0.75000000 0.50000000
vt 0.75000000 0.50000000
vt 0.75000000 0.50000000
vt 0.75000000 0.50000000
vt 0.75000000 0.50000000
vt 0.75000000 0.50000000
vt 0.75000000 0.50000000
vt 0.75000000 0.50000000
vt 0.75000000 0.50000000
vt 0.75000000 0.50000000
vt 0.75000000 0.50000000
vt 0.75000000 0.50000000
vt 0.75000000 0.50000000
vt 0.75000000 0.50000000
vt 0.75000000 0.50000000
vt 0.75000000 0.50000000
vt 0.75000000 0.50000000
vt 0.75000000 0.50000000
vt 0.75000000 0.50000000
vt 0.75000000 0.50000000
vt 0.75000000 0.50000000
vt 0.75000000 0.50000000
vt 0.75000000 0.50000000
vt 0.75000000 0.50000000
vt 0.75000000 0.50000000
vt 0.75000000 0.50000000
vt 0.75000000 0.50000000
vt 0.75000000 0.50000000
vt 0.75000000 0.50000000
vt 0.75000000 0.50000000
vt 0.75000000 0.50000000
vt 0.75000000 0.50000000
vt 0.75000000 0.50000000
vt 0.75000000 0.50000000
vt 0.75000000 0.50000000
vt 0.75000000 0.50000000
vt 0.75000000 0.50000000
vt 0.75000000 0.50000000
vt 0.75000000 0.50000000
vt 0.75000000 0.50000000
vt 0.75000000 0.50000000
vt 0.75000000 0.50000000
vt 0.75000000 0.50000000
vt 0.75000000 0.50000000
vt 0.75000000 0.50000000
vt 0.75000000 0.50000000
vt 0.75000000 0.50000000
vt 0.75000000 0.50000000
vt 0.75000000 0.50000000
vt 0.75000000 0.50000000
vt 0.75000000 0.50000000
vt 0.75000000 0.50000000
vt 0.75000000 0.50000000
vt 0.75000000 0.50000000
vt 0.75000000 0.50000000
vt 0.75000000 0.50000000
vt 0.75000000 0.50000000
vt 0.75000000 0.50000000
vt 0.75000000 0.50000000
vt 0.75000000 0.50000000
vt 0.75000000 0.50000000
vt 0.75000000 0.50000000
vt 0.75000000 0.50000000
vt 0.75000000 0.50000000
vt 0.75000000 0.50000000
vt 0.75000000 0.50000000
vt 0.75000000 0.50000000
vt 0.75000000 0.50000000
vt 0.75000000 0.50000000
vt 0.75000000 0.50000000
vt 0.75000000 0.50000000
vt 0.75000000 0.50000000
vt 0.75000000 0.50000000
vt 0.75000000 0.50000000
vt 0.75000000 0.50000000
vt 0.75000000 0.50000000
vt 0.75000000 0.50000000
vt 0.75000000 0.50000000
vt 0.75000000 0.50000000
vt 0.75000000 0.50000000
vt 0.75000000 0.50000000
vt 0.75000000 0.50000000
vt 0.75000000 0.50000000
vt 0.75000000 0.50000000
vt 0.75000000 0.50000000
vt 0.75000000 0.50000000
vt 0.75000000 0.50000000
vt 0.75000000 0.50000000
vt 0.75000000 0.50000000
vt 0.75000000 0.50000000
vt 0.75000000 0.50000000
vt 0.75000000 0.50000000
vt 0.75000000 0.50000000
vt 0.75000000 0.50000000
vt 0.75000000 0.50000000
vt 0.75000000 0.50000000
vt 0.75000000 0.50000000
vt 0.75000000 0.50000000
vt 0.75000000 0.50000000
vt 0.75000000 0.50000000
vt 0.75000000 0.50000000
vt 0.75000000 0.50000000
vt 0.75000000 0.50000000
vt 0.75000000 0.50000000
vt 0.75000000 0.50000000
vt 0.75000000 0.50000000
vt 0.75000000 0.50000000
vt 0.75000000 0.50000000
vt 0.75000000 0.50000000
vt 0.75000000 0.50000000
vt 0.75000000 0.50000000
vt 0.75000000 0.50000000
vt 0.75000000 0.50000000
vt 0.75000000 0.50000000
vt 0.75000000 0.50000000
vt 0.75000000 0.50000000
vt 0.75000000 0.50000000
vt 0.75000000 0.50000000
vt 0.75000000 0.50000000
vt 0.75000000 0.50000000
vt 0.75000000 0.50000000
vt 0.75000000 0.50000000
vt 0.75000000 0.50000000
vt 0.75000000 0.50000000
vt 0.75000000 0.50000000
vt 0.75000000 0.50000000
vt 0.75000000 0.50000000
vt 0.75000000 0.50000000
vt 0.75000000 0.50000000
vt 0.75000000 0.50000000
vt 0.75000000 0.50000000
vt 0.75000000 0.50000000
vt 0.75000000 0.50000000
vt 0.75000000 0.50000000
vt 0.75000000 0.50000000
vt 0.75000000 0.50000000
vt 0.75000000 0.50000000
vt 0.75000000 0.50000000
vt 0.75000000 0.50000000
vt 0.75000000 0.50000000
vt 0.75000000 0.50000000
vt 0.75000000 0.50000000
vt 0.75000000 0.50000000
vt 0.75000000 0.50000000
vt 0.75000000 0.50000000
vt 0.75000000 0.50000000
vt 0.75000000 0.50000000
vt 0.75000000 0.50000000
vt 0.75000000 0.50000000
vt 0.75000000 0.50000000
vt 0.75000000 0.50000000
vt 0.75000000 0.50000000
vt 0.75000000 0.50000000
vt 0.75000000 0.50000000
vt 0.75000000 0.50000000
vt 0.75000000 0.50000000
vt 0.75000000 0.50000000
vt 0.75000000 0.50000000
vt 0.75000000 0.50000000
vt 0.75000000 0.50000000
vt 0.75000000 0.50000000
vt 0.75000000 0.50000000
vt 0.75000000 0.50000000
vt 0.75000000 0.50000000
vt 0.75000000 0.50000000
vt 0.75000000 0.50000000
vt 0.75000000 0.50000000
vt 0.75000000 0.50000000
vt 0.75000000 0.50000000
vt 0.75000000 0.50000000
vt 0.75000000 0.50000000
vt 0.75000000 0.50000000
vt 0.75000000 0.50000000
vt 0.75000000 0.50000000
vt 0.75000000 0.50000000
vt 0.75000000 0.50000000
vt 0.75000000 0.50000000
vt 0.75000000 0.50000000
vt 0.75000000 0.50000000
vt 0.75000000 0.50000000
vt 0.75000000 0.50000000
vt 0.75000000 0.50000000
vt 0.75000000 0.50000000
vt 0.75000000 0.50000000
vt 0.75000000 0.50000000
vt 0.75000000 0.50000000
vt 0.75000000 0.50000000
vt 0.75000000 0.50000000
vt 0.75000000 0.50000000
vt 0.75000000 0.50000000
vt 0.75000000 0.50000000
vt 0.75000000 0.50000000
vt 0.75000000 0.50000000
vt 0.75000000 0.50000000
vt 0.75000000 0.50000000
vt 0.75000000 0.50000000
vt 0.75000000 0.50000000
vt 0.75000000 0.50000000
vt 0.75000000 0.50000000
vt 0.75000000 0.50000000
vt 0.75000000 0.50000000
vt 0.75000000 0.50000000
vt 0.75000000 0.50000000
vt 0.75000000 0.50000000
vt 0.75000000 0.50000000
vt 0.75000000 0.50000000
vt 0.75000000 0.50000000
vt 0.75000000 0.50000000
vt 0.75000000 0.50000000
vt 0.75000000 0.50000000
vt 0.75000000 0.50000000
vt 0.75000000 0.50000000
vt 0.75000000 0.50000000
vt 0.75000000 0.50000000
vt 0.75000000 0.50000000
vt 0.75000000 0.50000000
vt 0.75000000 0.50000000
vt 0.75000000 0.50000000
vt 0.75000000 0.50000000
vt 0.75000000 0.50000000
vt 0.75000000 0.50000000
vt 0.75000000 0.50000000
vt 0.75000000 0.50000000
vt 0.75000000 0.50000000
vt 0.75000000 0.50000000
vt 0.75000000 0.50000000
vt 0.75000000 0.50000000
vt 0.75000000 0.50000000
vt 0.75000000 0.50000000
vt 0.75000000 0.50000000
vt 0.75000000 0.50000000
vt 0.75000000 0.50000000
vt 0.75000000 0.50000000
vt 0.75000000 0.50000000
vt 0.75000000 0.50000000
vt 0.75000000 0.50000000
vt 0.75000000 0.50000000
vt 0.75000000 0.50000000
vt 0.75000000 0.50000000
vt 0.75000000 0.50000000
vt 0.75000000 0.50000000
vt 0.75000000 0.50000000
vt 0.75000000 0.50000000
vt 0.75000000 0.50000000
vt 0.75000000 0.50000000
vt 0.75000000 0.50000000
vt 0.75000000 0.50000000
vt 0.75000000 0.50000000
vt 0.75000000 0.50000000
vt 0.75000000 0.50000000
vt 0.75000000 0.50000000
vt 0.75000000 0.50000000
vt 0.75000000 0.50000000
vt 0.75000000 0.50000000
vt 0.75000000 0.50000000
vt 0.75000000 0.50000000
vt 0.75000000 0.50000000
vt 0.75000000 0.50000000
vt 0.75000000 0.50000000
vt 0.75000000 0.50000000
vt 0.75000000 0.50000000
vt 0.75000000 0.50000000
vt 0.75000000 0.50000000
vt 0.75000000 0.50000000
vt 0.75000000 0.50000000
vt 0.75000000 0.50000000
vt 0.75000000 0.50000000
vt 0.75000000 0.50000000
vt 0.75000000 0.50000000
vt 0.75000000 0.50000000
vt 0.75000000 0.50000000
vt 0.75000000 0.50000000
vt 0.75000000 0.50000000
vt 0.75000000 0.50000000
vt 0.75000000 0.50000000
vt 0.75000000 0.50000000
vt 0.75000000 0.50000000
vt 0.75000000 0.50000000
vt 0.75000000 0.50000000
vt 0.75000000 0.50000000
vt 0.75000000 0.50000000
vt 0.75000000 0.50000000
vt 0.75000000 0.50000000
vt 0.75000000 0.50000000
vt 0.75000000 0.50000000
vt 0.75000000 0.50000000
vt 0.75000000 0.50000000
vt 0.75000000 0.50000000
vt 0.75000000 0.50000000
vt 0.75000000 0.50000000
vt 0.75000000 0.50000000
vt 0.75000000 0.50000000
vt 0.75000000 0.50000000
vt 0.75000000 0.50000000
vt 0.75000000 0.50000000
vt 0.75000000 0.50000000
vt 0.75000000 0.50000000
vt 0.75000000 0.50000000
vt 0.75000000 0.50000000
vt 0.75000000 0.50000000
vt 0.75000000 0.50000000
vt 0.75000000 0.50000000
vt 0.75000000 0.50000000
vt 0.75000000 0.50000000
vt 0.75000000 0.50000000
vt 0.75000000 0.50000000
vt 0.75000000 0.50000000
vt 0.75000000 0.50000000
vt 0.75000000 0.50000000
vt 0.75000000 0.50000000
vt 0.75000000 0.50000000
vt 0.75000000 0.50000000
vt 0.75000000 0.50000000
vt 0.75000000 0.50000000
vt 0.75000000 0.50000000
vt 0.75000000 0.50000000
vt 0.75000000 0.50000000
vt 0.75000000 0.50000000
vt 0.75000000 0.50000000
vt 0.75000000 0.50000000
vt 0.75000000 0.50000000
vt 0.75000000 0.50000000
vt 0.75000000 0.50000000
vt 0.75000000 0.50000000
vt 0.75000000 0.50000000
vt 0.75000000 0.50000000
vt 0.75000000 0.50000000
vt 0.75000000 0.50000000
vt 0.75000000 0.50000000
vt 0.75000000 0.50000000
vt 0.75000000 0.50000000
vt 0.75000000 0.50000000
vt 0.75000000 0.50000000
vt 0.75000000 0.50000000
vt 0.75000000 0.50000000
vt 0.75000000 0.50000000
vt 0.75000000 0.50000000
vt 0.75000000 0.50000000
vt 0.75000000 0.50000000
vt 0.75000000 0.50000000
vt 0.75000000 0.50000000
vt 0.75000000 0.50000000
vt 0.75000000 0.50000000
vt 0.75000000 0.50000000
vt 0.75000000 0.50000000
vt 0.75000000 0.50000000
vt 0.75000000 0.50000000
vt 0.75000000 0.50000000
vt 0.75000000 0.50000000
vt 0.75000000 0.50000000
vt 0.75000000 0.50000000
vt 0.75000000 0.50000000
vt 0.75000000 0.50000000
vt 0.75000000 0.50000000
vt 0.75000000 0.50000000
vt 0.75000000 0.50000000
vt 0.75000000 0.50000000
vt 0.75000000 0.50000000
vt 0.75000000 0.50000000
vt 0.75000000 0.50000000
vt 0.75000000 0.50000000
vt 0.75000000 0.50000000
vt 0.75000000 0.50000000
vt 0.75000000 0.50000000
vt 0.75000000 0.50000000
vt 0.75000000 0.50000000
vt 0.75000000 0.50000000
vt 0.75000000 0.50000000
vt 0.75000000 0.50000000
vt 0.75000000 0.50000000
vt 0.75000000 0.50000000
vt 0.75000000 0.50000000
vt 0.75000000 0.50000000
vt 0.75000000 0.50000000
vt 0.75000000 0.50000000
vt 0.75000000 0.50000000
vt 0.75000000 0.50000000
vt 0.75000000 0.50000000
vt 0.75000000 0.50000000
vt 0.75000000 0.50000000
vt 0.75000000 0.50000000
vt 0.75000000 0.50000000
vt 0.75000000 0.50000000
vt 0.75000000 0.50000000
vt 0.75000000 0.50000000
vt 0.75000000 0.50000000
vt 0.75000000 0.50000000
vt 0.75000000 0.50000000
vt 0.75000000 0.50000000
vt 0.75000000 0.50000000
vt 0.75000000 0.50000000
vt 0.75000000 0.50000000
vt 0.75000000 0.50000000
vt 0.75000000 0.50000000
vt 0.75000000 0.50000000
vt 0.75000000 0.50000000
vt 0.75000000 0.50000000
vt 0.75000000 0.50000000
vt 0.75000000 0.50000000
vt 0.75000000 0.50000000
vt 0.75000000 0.50000000
vt 0.75000000 0.50000000
vt 0.75000000 0.50000000
vt 0.75000000 0.50000000
vt 0.75000000 0.50000000
vt 0.75000000 0.50000000
vt 0.75000000 0.50000000
vt 0.75000000 0.50000000
vt 0.75000000 0.50000000
vt 0.75000000 0.50000000
vt 0.75000000 0.50000000
vt 0.75000000 0.50000000
vt 0.75000000 0.50000000
vt 0.75000000 0.50000000
vt 0.75000000 0.50000000
vt 0.75000000 0.50000000
vt 0.75000000 0.50000000
vt 0.75000000 0.50000000
vt 0.75000000 0.50000000
vt 0.75000000 0.50000000
vt 0.75000000 0.50000000
vt 0.75000000 0.50000000
vt 0.75000000 0.50000000
vt 0.75000000 0.50000000
vt 0.75000000 0.50000000
vt 0.75000000 0.50000000
vt 0.75000000 0.50000000
vt 0.75000000 0.50000000
vt 0.75000000 0.50000000
vt 0.75000000 0.50000000
vt 0.75000000 0.50000000
vt 0.75000000 0.50000000
vt 0.75000000 0.50000000
vt 0.75000000 0.50000000
vt 0.75000000 0.50000000
vt 0.75000000 0.50000000
vt 0.75000000 0.50000000
vt 0.75000000 0.50000000
vt 0.75000000 0.50000000
vt 0.75000000 0.50000000
vt 0.75000000 0.50000000
vt 0.75000000 0.50000000
vt 0.75000000 0.50000000
vt 0.75000000 0.50000000
vt 0.75000000 0.50000000
vt 0.75000000 0.50000000
vt 0.75000000 0.50000000
vt 0.75000000 0.50000000
vt 0.75000000 0.50000000
vt 0.75000000 0.50000000
vt 0.75000000 0.50000000
vt 0.75000000 0.50000000
vt 0.75000000 0.50000000
vt 0.75000000 0.50000000
vt 0.75000000 0.50000000
vt 0.75000000 0.50000000
vt 0.75000000 0.50000000
vt 0.75000000 0.50000000
vt 0.75000000 0.50000000
vt 0.75000000 0.50000000
vt 0.75000000 0.50000000
vt 0.75000000 0.50000000
vt 0.75000000 0.50000000
vt 0.75000000 0.50000000
vt 0.75000000 0.50000000
vt 0.75000000 0.50000000
vt 0.75000000 0.50000000
vt 0.75000000 0.50000000
vt 0.75000000 0.50000000
vt 0.75000000 0.50000000
vt 0.75000000 0.50000000
vt 0.75000000 0.50000000
vt 0.75000000 0.50000000
vt 0.75000000 0.50000000
vt 0.75000000 0.50000000
vt 0.75000000 0.50000000
vt 0.75000000 0.50000000
vt 0.75000000 0.50000000
vt 0.75000000 0.50000000
vt 0.75000000 0.50000000
vt 0.75000000 0.50000000
vt 0.75000000 0.50000000
vt 0.75000000 0.50000000
vt 0.75000000 0.50000000
vt 0.75000000 0.50000000
vt 0.75000000 0.50000000
vt 0.75000000 0.50000000
vt 0.75000000 0.50000000
vt 0.75000000 0.50000000
vt 0.75000000 0.50000000
vt 0.75000000 0.50000000
vt 0.75000000 0.50000000
vt 0.75000000 0.50000000
vt 0.75000000 0.50000000
vt 0.75000000 0.50000000
vt 0.75000000 0.50000000
vt 0.75000000 0.50000000
vt 0.75000000 0.50000000
vt 0.75000000 0.50000000
vt 0.75000000 0.50000000
vt 0.75000000 0.50000000
vt 0.75000000 0.50000000
vt 0.75000000 0.50000000
vt 0.75000000 0.50000000
vt 0.75000000 0.50000000
vt 0.75000000 0.50000000
vt 0.75000000 0.50000000
vt 0.75000000 0.50000000
vt 0.75000000 0.50000000
vt 0.75000000 0.50000000
vt 0.75000000 0.50000000
vt 0.75000000 0.50000000
vt 0.75000000 0.50000000
vt 0.75000000 0.50000000
vt 0.75000000 0.50000000
vt 0.75000000 0.50000000
vt 0.75000000 0.50000000
vt 0.75000000 0.50000000
vt 0.75000000 0.50000000
vt 0.75000000 0.50000000
vt 0.75000000 0.50000000
vt 0.75000000 0.50000000
vt 0.75000000 0.50000000
vt 0.75000000 0.50000000
vt 0.75000000 0.50000000
vt 0.75000000 0.50000000
vt 0.75000000 0.50000000
vt 0.75000000 0.50000000
vt 0.75000000 0.50000000
vt 0.75000000 0.50000000
vt 0.75000000 0.50000000
vt 0.75000000 0.50000000
vt 0.75000000 0.50000000
vt 0.75000000 0.50000000
vt 0.75000000 0.50000000
vt 0.75000000 0.50000000
vt 0.75000000 0.50000000
vt 0.75000000 0.50000000
vt 0.75000000 0.50000000
vt 0.75000000 0.50000000
vt 0.75000000 0.50000000
vt 0.75000000 0.50000000
vt 0.75000000 0.50000000
vt 0.75000000 0.50000000
vt 0.75000000 0.50000000
vt 0.75000000 0.50000000
vt 0.75000000 0.50000000
vt 0.75000000 0.50000000
vt 0.75000000 0.50000000
vt 0.75000000 0.50000000
vt 0.75000000 0.50000000
vt 0.75000000 0.50000000
vt 0.75000000 0.50000000
vt -4.07170500 14.73700000
vt -5.20790000 14.73700000
vt -4.07170500 14.71610000
vt -5.20790000 14.71610000
vt -5.70385000 14.71610000
vt -14.71615000 0.45402400
vt 14.71615000 5.08944000
vt -3.56697500 14.71610000
vt -5.20790000 14.71610000
vt -3.19108500 14.71610000
vt 14.71615000 4.33766000
vt -4.07170500 14.71610000
vt -14.71615000 -0.29775900
vt -6.07975000 14.71610000
vt -5.20790000 3.81738000
vt -5.20790000 14.69530000
vt -6.63360000 14.71610000
vt -14.71615000 1.94897000
vt 14.69530000 4.33766000
vt -3.19108500 3.16632000
vt -3.19108500 14.69530000
vt 14.69530000 5.08944000
vt -3.56697500 14.69530000
vt -3.56697500 3.81738000
vt -6.07975000 14.69530000
vt -6.07975000 3.16632000
vt -14.69530000 -0.29775900
vt -4.07170500 14.69530000
vt -4.07170500 3.81738000
vt -14.69530000 0.45402400
vt -5.70385000 14.69530000
vt -5.70385000 3.81738000
vt -2.63724500 14.71610000
vt 14.71615000 3.58117000
vt -2.63724500 3.16632000
vt -2.63724500 14.69530000
vt 14.69530000 3.58117000
vt -14.71615000 -0.17836300
vt -14.71615000 1.07221000
vt -4.17982000 3.23573000
vt -4.17982000 3.14747000
vt -14.69530000 1.94897000
vt -6.63360000 3.16632000
vt -6.63360000 14.69530000
vt -5.10690000 3.23573000
vt -14.71615000 0.83545200
vt -14.71615000 6.43966000
vt 14.71615000 1.07221000
vt 14.71615000 1.45383000
vt 4.17982000 14.69530000
vt -4.17982000 3.68365000
vt -4.06294500 3.14747000
vt -5.10690000 3.68365000
vt -5.20790000 3.14747000
vt -14.69530000 6.43966000
vt -7.00810000 0.83545200
vt -14.69530000 0.83545200
vt -14.69530000 -0.17836300
vt -14.69530000 1.07221000
vt -7.00810000 1.07221000
vt 14.71615000 -1.51069000
vt 14.71615000 0.83545200
vt 14.69530000 1.07221000
vt -2.26271500 1.07221000
vt 14.69530000 1.45383000
vt -4.29531000 3.14747000
vt 4.17982000 14.71610000
vt 4.29531000 14.69530000
vt -4.29531000 3.68365000
vt -3.49047500 2.57500000
vt -4.99232000 3.68365000
vt -5.78035000 2.57500000
vt -5.10690000 3.14747000
vt -14.71615000 6.07866000
vt -14.71615000 6.33263000
vt -3.26908000 1.56496000
vt -4.29531000 14.69530000
vt -4.29531000 3.23573000
vt -3.43574500 1.88787000
vt -5.78035000 0.85551900
vt -14.69530000 6.33263000
vt -14.69530000 6.07866000
vt -6.69855000 0.64976400
vt 14.71615000 -1.87169000
vt 14.71615000 -2.04708000
vt -2.26271500 0.83545200
vt 14.69530000 -1.51069000
vt 14.69530000 0.83545200
vt -3.26908000 1.88787000
vt -3.43574500 1.56496000
vt -4.20331500 3.23573000
vt -4.99228000 3.14747000
vt -4.99232000 3.23573000
vt 4.29531000 14.71610000
vt 14.71615000 -2.47660000
vt 14.71615000 -2.63018000
vt -14.71615000 5.90311000
vt -14.71615000 6.09809000
vt 14.71615000 -3.61538000
vt 14.71615000 -3.70874000
vt -14.71615000 4.63634000
vt 14.71615000 -4.62331000
vt 14.69530000 -1.87169000
vt 14.69530000 -2.04708000
vt -2.57229500 0.64976400
vt -3.49047500 0.85551900
vt -4.27181500 14.69530000
vt -14.69530000 3.23573000
vt -4.27181500 3.23573000
vt -4.29531000 14.71610000
vt -14.71615000 3.66015000
vt -4.27181500 14.71610000
vt -5.07995000 14.71610000
vt -14.71615000 5.46164000
vt -14.71615000 5.37730000
vt -5.01925000 3.23573000
vt 14.69530000 3.23573000
vt -5.10690000 14.73700000
vt 14.71615000 -3.05970000
vt 14.71615000 -3.18585000
vt -5.47590000 0.55107000
vt -14.69530000 6.09809000
vt -6.31030000 0.46602000
vt -14.69530000 5.90311000
vt 14.71615000 -4.13826000
vt 14.71615000 -4.19379000
vt -2.96053000 0.46602000
vt 14.69530000 -2.63018000
vt 14.69530000 -2.47660000
vt -4.20331500 3.66015000
vt -4.20331500 14.69530000
vt -4.29440000 3.23573000
vt -4.29440000 14.69530000
vt -4.20331500 14.71610000
vt -5.01925000 14.71610000
vt 14.71615000 3.65672000
vt -14.71615000 5.06586000
vt -14.71615000 5.03211000
vt -14.71615000 5.80682000
vt -14.71615000 5.66857000
vt -5.07995000 3.23573000
vt -5.10690000 14.71610000
vt 14.69530000 -3.05970000
vt 14.69530000 -3.18585000
vt -3.36491500 0.32123800
vt 14.69530000 -4.19379000
vt 14.69530000 -4.13826000
vt -4.20641500 0.15375200
vt 14.69530000 -3.70874000
vt -3.78154500 0.21681300
vt 14.69530000 -3.61538000
vt -4.63541500 0.13266500
vt 14.69530000 -4.62331000
vt -14.69530000 4.63634000
vt -3.79492500 0.55107000
vt -14.69530000 3.66015000
vt -4.27181500 3.66015000
vt -4.27181500 14.69530000
vt -4.29440000 14.71610000
vt 14.71615000 3.23573000
vt -5.01925000 14.69530000
vt 14.69530000 3.65672000
vt -5.01925000 3.65672000
vt -14.69530000 5.46164000
vt -14.69530000 5.37730000
vt -5.48930000 0.21681300
vt -14.69530000 5.66857000
vt -5.90590000 0.32123800
vt -14.69530000 5.80682000
vt -4.99232000 14.71610000
vt -14.69530000 5.03211000
vt -14.69530000 5.06586000
vt -5.06440000 0.15375200
vt -14.71615000 3.23573000
vt -4.27181500 14.71610000
vt -5.07995000 3.65672000
vt -5.07995000 14.69530000
vt -4.99232000 14.73700000
vt -1.35653000 0.81297100
vt -1.95709500 0.65483900
vt -2.13920000 1.01905000
vt -1.45957000 0.65483900
vt -2.06013500 0.81297100
vt -1.83710000 0.55543400
vt -2.18890500 1.25904000
vt -1.27746500 1.01905000
vt -1.57956500 0.55543400
vt -1.74613500 0.51734900
vt -2.20586000 1.51658000
vt -1.22776000 1.25904000
vt -1.61580500 0.53175900
vt -1.70833500 0.52152800
vt -2.18890500 1.77411000
vt -1.21081000 1.51658000
vt -2.13920000 2.01410000
vt -1.22776000 1.77411000
vt -2.06013500 2.22018000
vt -1.27746500 2.01410000
vt -1.95709500 2.37831000
vt -1.35653000 2.22018000
vt -1.83710000 2.47772000
vt -1.45957000 2.37831000
vt -1.70833500 2.51163000
vt -1.57956500 2.47772000
vt -0.57242500 0.81666600
vt -2.84424500 0.81666600
vt -2.62979000 0.61963500
vt -3.02351500 1.02498000
vt -0.78687500 0.61963500
vt -3.24257500 1.78382000
vt -0.39315050 1.02498000
vt -2.40691000 0.46448600
vt -1.00976000 0.46448600
vt -3.09604500 1.98572000
vt -0.17409200 1.78382000
vt -2.17763000 0.35264100
vt -1.23903500 0.35264100
vt -2.83906000 2.26223000
vt -1.94406000 0.28512100
vt -0.32062250 1.98572000
vt -1.47260500 0.28512100
vt -2.56849000 2.48081000
vt -1.70833500 0.26254600
vt -0.57760500 2.26223000
vt -2.28758000 2.63885000
vt -0.84818000 2.48081000
vt -1.99970500 2.73444000
vt -1.12909000 2.63885000
vt -1.41696000 2.73444000
vt -1.70833500 2.76643000
vt -1.35653000 0.81297100
vt -1.95709500 0.65483900
vt -2.13920000 1.01905000
vt -1.45957000 0.65483900
vt -2.06013500 0.81297100
vt -1.83710000 0.55543400
vt -2.18890500 1.25904000
vt -1.27746500 1.01905000
vt -1.57956500 0.55543400
vt -1.74613500 0.51734900
vt -2.20586000 1.51658000
vt -1.22776000 1.25904000
vt -1.61580500 0.53175900
vt -1.70833500 0.52152800
vt -2.18890500 1.77411000
vt -1.21081000 1.51658000
vt -2.13920000 2.01410000
vt -1.22776000 1.77411000
vt -2.06013500 2.22018000
vt -1.27746500 2.01410000
vt -1.95709500 2.37831000
vt -1.35653000 2.22018000
vt -1.83710000 2.47772000
vt -1.45957000 2.37831000
vt -1.70833500 2.51163000
vt -1.57956500 2.47772000
vt -0.57242500 0.81666600
vt -2.84424500 0.81666600
vt -2.62979000 0.61963500
vt -3.02351500 1.02498000
vt -0.78687500 0.61963500
vt -3.24257500 1.78382000
vt -0.39315050 1.02498000
vt -2.40691000 0.46448600
vt -1.00976000 0.46448600
vt -3.09604500 1.98572000
vt -0.17409200 1.78382000
vt -2.17763000 0.35264100
vt -1.23903500 0.35264100
vt -2.83906000 2.26223000
vt -1.94406000 0.28512100
vt -0.32062250 1.98572000
vt -1.47260500 0.28512100
vt -2.56849000 2.48081000
vt -1.70833500 0.26254600
vt -0.57760500 2.26223000
vt -2.28758000 2.63885000
vt -0.84818000 2.48081000
vt -1.99970500 2.73444000
vt -1.12909000 2.63885000
vt -1.41696000 2.73444000
vt -1.70833500 2.76643000
vt -1.35653000 0.81297100
vt -1.95709500 0.65483900
vt -2.13920000 1.01905000
vt -1.45957000 0.65483900
vt -2.06013500 0.81297100
vt -1.83710000 0.55543400
vt -2.18890500 1.25904000
vt -1.27746500 1.01905000
vt -1.57956500 0.55543400
vt -1.74613500 0.51734900
vt -2.20586000 1.51658000
vt -1.22776000 1.25904000
vt -1.61580500 0.53175900
vt -1.70833500 0.52152800
vt -2.18890500 1.77411000
vt -1.21081000 1.51658000
vt -2.13920000 2.01410000
vt -1.22776000 1.77411000
vt -2.06013500 2.22018000
vt -1.27746500 2.01410000
vt -1.95709500 2.37831000
vt -1.35653000 2.22018000
vt -1.83710000 2.47772000
vt -1.45957000 2.37831000
vt -1.70833500 2.51163000
vt -1.57956500 2.47772000
vt -0.57242500 0.81666600
vt -2.84424500 0.81666600
vt -2.62979000 0.61963500
vt -3.02351500 1.02498000
vt -0.78687500 0.61963500
vt -3.24257500 1.78382000
vt -0.39315050 1.02498000
vt -2.40691000 0.46448600
vt -1.00976000 0.46448600
vt -3.09604500 1.98572000
vt -0.17409200 1.78382000
vt -2.17763000 0.35264100
vt -1.23903500 0.35264100
vt -2.83906000 2.26223000
vt -1.94406000 0.28512100
vt -0.32062250 1.98572000
vt -1.47260500 0.28512100
vt -2.56849000 2.48081000
vt -1.70833500 0.26254600
vt -0.57760500 2.26223000
vt -2.28758000 2.63885000
vt -0.84818000 2.48081000
vt -1.99970500 2.73444000
vt -1.12909000 2.63885000
vt -1.41696000 2.73444000
vt -1.70833500 2.76643000
vt 0.00000000 0.00000000
vt 0.00000000 0.00000000
vt 0.00000000 0.00000000
vt 0.00000000 0.00000000
vt 0.00000000 0.00000000
vt 0.00000000 0.00000000
vt 0.00000000 0.00000000
vt 0.00000000 0.00000000
vt 0.00000000 0.00000000
vt 0.00000000 0.00000000
vt 0.00000000 0.00000000
vt 0.00000000 0.00000000
vt 0.00000000 0.00000000
vt 0.00000000 0.00000000
vt 0.00000000 0.00000000
vt 0.00000000 0.00000000
vt 0.00000000 0.00000000
vt 0.00000000 0.00000000
vt 0.00000000 0.00000000
vt 0.00000000 0.00000000
vt 0.00000000 0.00000000
vt 0.00000000 0.00000000
vt 0.00000000 0.00000000
vt 0.00000000 0.00000000
vt 0.00000000 0.00000000
vt 0.00000000 0.00000000
vt 0.00000000 0.00000000
vt 0.00000000 0.00000000
vt 0.00000000 0.00000000
vt 0.00000000 0.00000000
vt 0.00000000 0.00000000
vt 0.00000000 0.00000000
vt 0.00000000 0.00000000
vt 0.00000000 0.00000000
vt 0.00000000 0.00000000
vt 0.00000000 0.00000000
vt 0.00000000 0.00000000
vt 0.00000000 0.00000000
vt 0.00000000 0.00000000
vt 0.00000000 0.00000000
vt 0.00000000 0.00000000
vt 0.00000000 0.00000000
vt 0.00000000 0.00000000
vt 0.00000000 0.00000000
vt 0.00000000 0.00000000
vt 0.00000000 0.00000000
vt 0.00000000 0.00000000
vt 0.00000000 0.00000000
vt 0.00000000 0.00000000
vt 0.00000000 0.00000000
vt 0.00000000 0.00000000
vt 0.00000000 0.00000000
vt 0.00000000 0.00000000
vt 0.00000000 0.00000000
vt 0.00000000 0.00000000
vt 0.00000000 0.00000000
vt 0.00000000 0.00000000
vt 0.00000000 0.00000000
vt 0.00000000 0.00000000
vt 0.00000000 0.00000000
vt 0.00000000 0.00000000
vt 0.00000000 0.00000000
vt 0.00000000 0.00000000
vt 0.00000000 0.00000000
vt 0.00000000 0.00000000
vt 0.00000000 0.00000000
vt 0.00000000 0.00000000
vt 0.00000000 0.00000000
vt 0.00000000 0.00000000
vt 0.00000000 0.00000000
vt 0.00000000 0.00000000
vt 0.00000000 0.00000000
vt 0.00000000 0.00000000
vt 0.00000000 0.00000000
vt 0.00000000 0.00000000
vt 0.00000000 0.00000000
vt 0.00000000 0.00000000
vt 0.00000000 0.00000000
vt 0.00000000 0.00000000
vt 0.00000000 0.00000000
vt 0.00000000 0.00000000
vt 0.00000000 0.00000000
vt 0.00000000 0.00000000
vt 0.00000000 0.00000000
vt 0.00000000 0.00000000
vt 0.00000000 0.00000000
vt 0.00000000 0.00000000
vt 0.00000000 0.00000000
vt 0.00000000 0.00000000
vt 0.00000000 0.00000000
vt 0.00000000 0.00000000
vt 0.00000000 0.00000000
vt 0.00000000 0.00000000
vt 0.00000000 0.00000000
vt 0.00000000 0.00000000
vt 0.00000000 0.00000000
vt 0.00000000 0.00000000
vt 0.00000000 0.00000000
vt 0.00000000 0.00000000
vt 0.00000000 0.00000000
vt 0.00000000 0.00000000
vt 0.00000000 0.00000000
vt 0.00000000 0.00000000
vt 0.00000000 0.00000000
vt 0.00000000 0.00000000
vt 0.00000000 0.00000000
vt 0.00000000 0.00000000
vt 0.00000000 0.00000000
vt 0.00000000 0.00000000
vt 0.00000000 0.00000000
vt 0.00000000 0.00000000
vt 0.00000000 0.00000000
vt 0.00000000 0.00000000
vt 0.00000000 0.00000000
vt 0.00000000 0.00000000
vt 0.00000000 0.00000000
vt 0.00000000 0.00000000
vt 0.00000000 0.00000000
vt 0.00000000 0.00000000
vt 0.00000000 0.00000000
vt 0.00000000 0.00000000
vt 0.00000000 0.00000000
vt 0.00000000 0.00000000
vt 0.00000000 0.00000000
vt 0.00000000 0.00000000
vt 0.00000000 0.00000000
vt 0.00000000 0.00000000
vt 0.00000000 0.00000000
vt 0.00000000 0.00000000
vt 0.00000000 0.00000000
vt 0.00000000 0.00000000
vt 0.00000000 0.00000000
vt 0.00000000 0.00000000
vt 0.00000000 0.00000000
vt 0.00000000 0.00000000
vt 0.00000000 0.00000000
vt 0.00000000 0.00000000
vt 0.00000000 0.00000000
vt 0.00000000 0.00000000
vt 0.00000000 0.00000000
vt 0.00000000 0.00000000
vt 0.00000000 0.00000000
vt 0.00000000 0.00000000
vt 0.00000000 0.00000000
vt 0.00000000 0.00000000
vt 0.00000000 0.00000000
vt 0.00000000 0.00000000
vt 0.00000000 0.00000000
vt 0.00000000 0.00000000
vt 0.00000000 0.00000000
vt 0.00000000 0.00000000
vt 0.00000000 0.00000000
vt 0.00000000 0.00000000
vt 0.00000000 0.00000000
vt 0.00000000 0.00000000
vt 0.00000000 0.00000000
vt 0.00000000 0.00000000
vt 0.00000000 0.00000000
vt 0.00000000 0.00000000
vt 0.00000000 0.00000000
vt 0.00000000 0.00000000
vt 0.00000000 0.00000000
vt 0.00000000 0.00000000
vt 0.00000000 0.00000000
vt 0.00000000 0.00000000
vt 0.00000000 0.00000000
vt 0.00000000 0.00000000
vt 0.00000000 0.00000000
vt 0.00000000 0.00000000
vt 0.00000000 0.00000000
vt 0.00000000 0.00000000
vt 0.00000000 0.00000000
vt 0.00000000 0.00000000
vt 0.00000000 0.00000000
vt 0.00000000 0.00000000
vt 0.00000000 0.00000000
vt 0.00000000 0.00000000
vt 0.00000000 0.00000000
vt 0.00000000 0.00000000
vt 0.00000000 0.00000000
vt 0.00000000 0.00000000
vt 0.00000000 0.00000000
vt 0.00000000 0.00000000
vt 0.00000000 0.00000000
vt 0.00000000 0.00000000
vt 0.00000000 0.00000000
vt 0.00000000 0.00000000
vt 0.00000000 0.00000000
vt 0.00000000 0.00000000
vt 0.00000000 0.00000000
vt 0.00000000 0.00000000
vt 0.00000000 0.00000000
vt 0.00000000 0.00000000
vt 0.00000000 0.00000000
vt 0.00000000 0.00000000
vt 0.00000000 0.00000000
vt 0.00000000 0.00000000
vt 0.00000000 0.00000000
vt 0.00000000 0.00000000
vt 0.00000000 0.00000000
vt 0.00000000 0.00000000
vt 0.00000000 0.00000000
vt 0.00000000 0.00000000
vt 0.00000000 0.00000000
vt 0.00000000 0.00000000
vt 0.00000000 0.00000000
vt 0.00000000 0.00000000
vt 0.00000000 0.00000000
vt 0.00000000 0.00000000
vt 0.00000000 0.00000000
vt 0.00000000 0.00000000
vt 0.00000000 0.00000000
vt 0.00000000 0.00000000
vt 0.00000000 0.00000000
vt 0.00000000 0.00000000
vt 0.00000000 0.00000000
vt 0.00000000 0.00000000
vt 0.00000000 0.00000000
vt 0.00000000 0.00000000
vt 0.00000000 0.00000000
vt 0.00000000 0.00000000
vt 0.00000000 0.00000000
vt 0.00000000 0.00000000
vt 0.00000000 0.00000000
vt 0.00000000 0.00000000
vt 0.00000000 0.00000000
vt 0.00000000 0.00000000
vt 0.00000000 0.00000000
vt 0.00000000 0.00000000
vt 0.00000000 0.00000000
vt 0.00000000 0.00000000
vt 0.00000000 0.00000000
vt 0.00000000 0.00000000
vt 0.00000000 0.00000000
vt 0.00000000 0.00000000
vt 0.00000000 0.00000000
vt 0.00000000 0.00000000
vt 0.00000000 0.00000000
vt 0.00000000 0.00000000
vt 0.00000000 0.00000000
vt 0.00000000 0.00000000
vt 0.00000000 0.00000000
vt 0.00000000 0.00000000
vt 0.00000000 0.00000000
vt 0.00000000 0.00000000
vt 0.00000000 0.00000000
vt 0.00000000 0.00000000
vt 0.00000000 0.00000000
vt 0.00000000 0.00000000
vt 0.00000000 0.00000000
vt 0.00000000 0.00000000
vt 0.00000000 0.00000000
vt 0.00000000 0.00000000
vt 0.00000000 0.00000000
vt 0.00000000 0.00000000
vt 0.00000000 0.00000000
vt 0.00000000 0.00000000
vt 0.00000000 0.00000000
vt 0.00000000 0.00000000
vt 0.00000000 0.00000000
vt 0.00000000 0.00000000
vt 0.00000000 0.00000000
vt 0.00000000 0.00000000
vt 0.00000000 0.00000000
vt 0.00000000 0.00000000
vt 0.00000000 0.00000000
vt 0.00000000 0.00000000
vt 0.00000000 0.00000000
vt 0.00000000 0.00000000
vt 0.00000000 0.00000000
vt 0.00000000 0.00000000
vt 0.00000000 0.00000000
vt 0.00000000 0.00000000
vt 0.00000000 0.00000000
vt 0.00000000 0.00000000
vt 0.00000000 0.00000000
vt 0.00000000 0.00000000
vt 0.00000000 0.00000000
vt 0.00000000 0.00000000
vt 0.00000000 0.00000000
vt 0.00000000 0.00000000
vt 0.00000000 0.00000000
vt 0.00000000 0.00000000
vt 0.00000000 0.00000000
vt 0.00000000 0.00000000
vt 0.00000000 0.00000000
vt 0.00000000 0.00000000
vt 0.00000000 0.00000000
vt 0.00000000 0.00000000
vt 0.00000000 0.00000000
vt 0.00000000 0.00000000
vt 0.00000000 0.00000000
vt 0.00000000 0.00000000
vt 0.00000000 0.00000000
vt 0.00000000 0.00000000
vt 0.00000000 0.00000000
vt 0.00000000 0.00000000
vt 0.00000000 0.00000000
vt 0.00000000 0.00000000
vt 0.00000000 0.00000000
vt 0.00000000 0.00000000
vt 0.00000000 0.00000000
vt 0.00000000 0.00000000
vt 0.00000000 0.00000000
vt 0.00000000 0.00000000
vt 0.00000000 0.00000000
vt 0.00000000 0.00000000
vt 0.00000000 0.00000000
vt 0.00000000 0.00000000
vt 0.00000000 0.00000000
vt 0.00000000 0.00000000
vt 0.00000000 0.00000000
vt 0.00000000 0.00000000
vt 0.00000000 0.00000000
vt 0.00000000 0.00000000
vt 0.00000000 0.00000000
vt 0.00000000 0.00000000
vt 0.00000000 0.00000000
vt 0.00000000 0.00000000
vt 0.00000000 0.00000000
vt 0.00000000 0.00000000
vt 0.00000000 0.00000000
vt 0.00000000 0.00000000
vt 0.00000000 0.00000000
vt 0.00000000 0.00000000
vt 0.00000000 0.00000000
vt 0.00000000 0.00000000
vt 0.00000000 0.00000000
vt 0.00000000 0.00000000
vt 0.00000000 0.00000000
vt 0.00000000 0.00000000
vt 0.00000000 0.00000000
vt 0.00000000 0.00000000
vt 0.00000000 0.00000000
vt 0.00000000 0.00000000
vt 0.00000000 0.00000000
vt 0.00000000 0.00000000
vt 0.00000000 0.00000000
vt 0.00000000 0.00000000
vt 0.00000000 0.00000000
vt -1.17187500 0.40948100
vt -1.17187500 0.40353400
vt -1.19791500 0.39544300
vt -0.19289550 0.08705600
vt 1.19791500 -0.38039700
vt -1.17187500 0.39544300
vt 1.17187500 -0.38039700
vt -1.19791500 0.40948100
vt -1.19791500 0.40353400
vt -0.19976550 0.08993200
vt 1.19791500 -0.37585200
vt -0.19062650 0.08730700
vt -1.17187500 0.39320200
vt -1.17187500 0.42577700
vt -0.22890400 0.09033000
vt 0.02894500 0.00000000
vt 1.17187500 -0.37585200
vt -0.15072550 0.09033000
vt 0.28944800 0.00000000
vt -1.19791500 0.39320200
vt -0.21004050 0.09844400
vt -1.19791500 0.42577700
vt 0.30392050 0.00000000
vt -0.16217450 0.07276000
vt 1.19791500 -0.31912600
vt 1.19791500 -0.35911000
vt -0.18226800 0.08823100
vt 1.17187500 -0.31912600
vt 1.17187500 -0.35911000
vt -1.17187500 0.35423100
vt -1.17187500 0.41432200
vt 0.01447250 0.00000000
vt -0.21745500 0.07276000
vt -0.23768900 0.11322800
vt 0.04341700 0.00000000
vt 0.28944800 0.04166700
vt -0.18061000 0.08931400
vt 1.19791500 -0.31563800
vt 1.19791500 -0.29954500
vt 1.17187500 -0.31563800
vt 1.17187500 -0.29954500
vt -1.19791500 0.35423100
vt -0.21841850 0.11130100
vt -1.19791500 0.41432200
vt -0.16958900 0.09844400
vt 1.19791500 -0.27568700
vt 1.19791500 -0.20915900
vt 1.17187500 -0.27568700
vt 1.17187500 -0.20915900
vt 0.31839250 0.00000000
vt 0.02914950 0.00000000
vt -0.17550700 0.06171500
vt 0.01447250 0.04166700
vt 0.04341700 0.04166700
vt 0.30392050 0.04166700
vt 0.27497550 0.00000000
vt -0.14194050 0.11322800
vt -1.19791500 0.37535100
vt -0.22484700 0.12805700
vt -1.19791500 0.29040000
vt 1.19791500 -0.10797700
vt 1.19791500 -0.18803900
vt -0.16121100 0.11130100
vt 1.17187500 -0.18803900
vt 1.17187500 -0.10797700
vt 0.00000000 0.00000000
vt -0.20412250 0.06171500
vt 0.02894500 0.04166700
vt 0.00000000 0.04166700
vt 0.00000000 -0.04166700
vt 0.05788950 0.04166700
vt 0.27497550 0.04166700
vt -1.17187500 0.37535100
vt -1.17187500 0.29040000
vt 1.17187500 -0.00015600
vt 1.17187500 -0.08685700
vt 0.02491500 0.00000000
vt -0.17953400 0.05908400
vt 0.02914950 -0.04166700
vt 0.31839250 0.04166700
vt -0.24321150 0.13989300
vt 0.05788950 0.00000000
vt 0.26050300 0.00000000
vt -0.13641800 0.13989300
vt -1.19791500 0.31152000
vt -0.22888800 0.14756900
vt -1.19791500 0.20605900
vt 1.19791500 -0.00015600
vt -0.15478250 0.12805700
vt 1.19791500 -0.08685700
vt -0.18981500 0.05794800
vt 0.01457450 0.00000000
vt 0.01037050 -0.04166700
vt 0.07236200 0.04166700
vt 0.26050300 0.04166700
vt -1.17187500 0.20605900
vt -1.17187500 0.31152000
vt 1.17187500 0.02096400
vt 1.17187500 0.10695500
vt 0.01037050 0.00000000
vt -0.19401500 0.05748300
vt 0.02491500 -0.04166700
vt -0.24509550 0.16850900
vt 0.07236200 0.00000000
vt 0.24603050 0.00000000
vt -0.13453450 0.16850900
vt -0.15074150 0.14756900
vt 1.19791500 0.02096400
vt 1.19791500 0.10695500
vt -1.19791500 0.22717900
vt -1.19791500 0.10695500
vt -0.23026650 0.16850900
vt 0.01457450 -0.04166700
vt 0.08683450 0.04166700
vt 0.24603050 0.04166700
vt -1.17187500 0.10695500
vt -1.17187500 0.22717900
vt 1.17187500 0.12807500
vt 1.17187500 0.20605900
vt 0.08683450 0.00000000
vt -0.24321150 0.19712400
vt 0.23155850 0.00000000
vt -0.13641800 0.19712400
vt -0.14936300 0.16850900
vt 1.19791500 0.20605900
vt 1.19791500 0.12807500
vt -1.19791500 -0.00015600
vt -1.19791500 0.12807500
vt -0.22888800 0.18944800
vt 0.10130700 0.04166700
vt 0.23155850 0.04166700
vt -0.15074150 0.18944800
vt 1.19791500 0.29040000
vt 1.19791500 0.22717900
vt -1.17187500 -0.00015600
vt -1.17187500 0.12807500
vt 1.17187500 0.29040000
vt 1.17187500 0.22717900
vt -1.19791500 0.02096400
vt -0.22484700 0.20896000
vt -1.19791500 -0.10797700
vt 0.10130700 0.00000000
vt -0.23768900 0.22378900
vt 0.21708600 0.00000000
vt -0.14194050 0.22378900
vt -0.15478250 0.20896000
vt 1.19791500 0.31152000
vt 1.19791500 0.35423100
vt 0.11577900 0.04166700
vt 0.21708600 0.04166700
vt 1.17187500 0.31152000
vt 1.17187500 0.35423100
vt -1.17187500 -0.10797700
vt -1.17187500 0.02096400
vt -1.19791500 -0.08685700
vt -0.21841850 0.22571600
vt -1.19791500 -0.20915900
vt -0.22890400 0.24668700
vt 0.11577900 0.00000000
vt -0.21745500 0.26425700
vt 0.13025150 0.00000000
vt 0.13025150 0.04166700
vt -0.15072550 0.24668700
vt 0.20261350 0.00000000
vt 1.19791500 0.37535100
vt -0.16121100 0.22571600
vt 1.19791500 0.39320200
vt 1.17187500 0.37535100
vt 1.17187500 0.39320200
vt -0.20412250 0.27530200
vt 0.14472400 0.00000000
vt 0.20261350 0.04166700
vt -1.17187500 -0.08685700
vt -1.17187500 -0.20915900
vt -1.19791500 -0.18803900
vt -0.21004050 0.23857300
vt -1.19791500 -0.29680700
vt -1.19791500 -0.34382700
vt -0.18981500 0.24941200
vt 1.19791500 0.40893700
vt 0.14472400 0.04166700
vt -0.16217450 0.26425700
vt 0.18814100 0.00000000
vt 0.18814100 0.04166700
vt 1.19791500 0.40465700
vt 1.19791500 0.41432200
vt -0.16958900 0.23857300
vt -1.17187500 -0.18803900
vt -1.17187500 -0.29680700
vt -1.19791500 -0.36494700
vt -1.19791500 -0.27568700
vt -0.20028450 0.24665500
vt 0.15919650 0.00000000
vt -0.18981500 0.27906900
vt 0.15919650 0.04166700
vt 0.17366850 0.00000000
vt -0.17550700 0.27530200
vt 1.19791500 0.42577700
vt -0.17934500 0.24665500
vt 1.19791500 0.38781700
vt 1.17187500 0.41432200
vt 1.17187500 0.40465700
vt -1.17187500 -0.36494700
vt -1.17187500 -0.27568700
vt 1.17187500 0.40893700
vt -1.17187500 -0.34382700
vt 0.17366850 0.04166700
vt 1.17187500 0.42577700
vt 1.17187500 0.38781700
vt -1.17187500 0.40353400
vt -1.17187500 0.40948100
vt -1.19791500 0.39544300
vt -0.19289550 0.08705600
vt 1.19791500 -0.38039700
vt -1.17187500 0.39544300
vt 1.17187500 -0.38039700
vt -1.19791500 0.40948100
vt -0.19976550 0.08993200
vt -1.19791500 0.40353400
vt -0.19062650 0.08730700
vt 1.19791500 -0.37585200
vt -1.17187500 0.42577700
vt -1.17187500 0.39320200
vt 0.02894500 0.00000000
vt -0.22890400 0.09033000
vt 1.17187500 -0.37585200
vt 0.28944800 0.00000000
vt -0.15072550 0.09033000
vt -1.19791500 0.42577700
vt -0.21004050 0.09844400
vt -1.19791500 0.39320200
vt -0.16217450 0.07276000
vt 0.30392050 0.00000000
vt -0.18226800 0.08823100
vt 1.19791500 -0.31912600
vt 1.19791500 -0.35911000
vt 1.17187500 -0.35911000
vt 1.17187500 -0.31912600
vt -1.17187500 0.35423100
vt -1.17187500 0.41432200
vt -0.21745500 0.07276000
vt 0.01447250 0.00000000
vt 0.04341700 0.00000000
vt -0.23768900 0.11322800
vt 0.28944800 0.04166700
vt 1.19791500 -0.31563800
vt -0.18061000 0.08931400
vt 1.19791500 -0.29954500
vt 1.17187500 -0.31563800
vt 1.17187500 -0.29954500
vt -1.19791500 0.35423100
vt -1.19791500 0.41432200
vt -0.21841850 0.11130100
vt 1.19791500 -0.20915900
vt -0.16958900 0.09844400
vt 1.19791500 -0.27568700
vt 1.17187500 -0.20915900
vt 1.17187500 -0.27568700
vt 0.31839250 0.00000000
vt 0.02914950 0.00000000
vt -0.17550700 0.06171500
vt 0.01447250 0.04166700
vt 0.04341700 0.04166700
vt 0.30392050 0.04166700
vt 0.27497550 0.00000000
vt -0.14194050 0.11322800
vt -0.22484700 0.12805700
vt -1.19791500 0.37535100
vt -1.19791500 0.29040000
vt -0.16121100 0.11130100
vt 1.19791500 -0.10797700
vt 1.19791500 -0.18803900
vt 1.17187500 -0.18803900
vt 1.17187500 -0.10797700
vt 0.00000000 0.00000000
vt -0.20412250 0.06171500
vt 0.02894500 0.04166700
vt 0.00000000 0.04166700
vt 0.00000000 -0.04166700
vt 0.05788950 0.04166700
vt 0.27497550 0.04166700
vt -1.17187500 0.29040000
vt -1.17187500 0.37535100
vt 1.17187500 -0.00015600
vt 1.17187500 -0.08685700
vt -0.17953400 0.05908400
vt 0.02491500 0.00000000
vt 0.31839250 0.04166700
vt 0.02914950 -0.04166700
vt 0.05788950 0.00000000
vt -0.24321150 0.13989300
vt 0.26050300 0.00000000
vt -0.13641800 0.13989300
vt -1.19791500 0.20605900
vt -1.19791500 0.31152000
vt -0.22888800 0.14756900
vt 1.19791500 -0.00015600
vt -0.15478250 0.12805700
vt 1.19791500 -0.08685700
vt 0.01457450 0.00000000
vt -0.18981500 0.05794800
vt 0.01037050 -0.04166700
vt 0.07236200 0.04166700
vt 0.26050300 0.04166700
vt -1.17187500 0.31152000
vt -1.17187500 0.20605900
vt 1.17187500 0.02096400
vt 1.17187500 0.10695500
vt -0.19401500 0.05748300
vt 0.01037050 0.00000000
vt 0.02491500 -0.04166700
vt -0.24509550 0.16850900
vt 0.07236200 0.00000000
vt 0.24603050 0.00000000
vt -0.13453450 0.16850900
vt 1.19791500 0.10695500
vt 1.19791500 0.02096400
vt -0.15074150 0.14756900
vt -0.23026650 0.16850900
vt -1.19791500 0.22717900
vt -1.19791500 0.10695500
vt 0.01457450 -0.04166700
vt 0.08683450 0.04166700
vt 0.24603050 0.04166700
vt -1.17187500 0.22717900
vt -1.17187500 0.10695500
vt 1.17187500 0.20605900
vt 1.17187500 0.12807500
vt -0.24321150 0.19712400
vt 0.08683450 0.00000000
vt -0.13641800 0.19712400
vt 0.23155850 0.00000000
vt -0.14936300 0.16850900
vt 1.19791500 0.12807500
vt 1.19791500 0.20605900
vt -1.19791500 0.12807500
vt -0.22888800 0.18944800
vt -1.19791500 -0.00015600
vt 0.10130700 0.04166700
vt 0.23155850 0.04166700
vt -0.15074150 0.18944800
vt 1.19791500 0.29040000
vt 1.19791500 0.22717900
vt -1.17187500 0.12807500
vt -1.17187500 -0.00015600
vt 1.17187500 0.22717900
vt 1.17187500 0.29040000
vt -1.19791500 0.02096400
vt -1.19791500 -0.10797700
vt -0.22484700 0.20896000
vt -0.23768900 0.22378900
vt 0.10130700 0.00000000
vt -0.14194050 0.22378900
vt 0.21708600 0.00000000
vt -0.15478250 0.20896000
vt 1.19791500 0.31152000
vt 1.19791500 0.35423100
vt 0.11577900 0.04166700
vt 0.21708600 0.04166700
vt 1.17187500 0.35423100
vt 1.17187500 0.31152000
vt -1.17187500 0.02096400
vt -1.17187500 -0.10797700
vt -1.19791500 -0.08685700
vt -1.19791500 -0.20915900
vt -0.21841850 0.22571600
vt 0.11577900 0.00000000
vt -0.22890400 0.24668700
vt -0.21745500 0.26425700
vt 0.13025150 0.00000000
vt 0.13025150 0.04166700
vt -0.15072550 0.24668700
vt 0.20261350 0.00000000
vt 1.19791500 0.39320200
vt 1.19791500 0.37535100
vt -0.16121100 0.22571600
vt 1.17187500 0.37535100
vt 1.17187500 0.39320200
vt -0.20412250 0.27530200
vt 0.14472400 0.00000000
vt 0.20261350 0.04166700
vt -1.17187500 -0.08685700
vt -1.17187500 -0.20915900
vt -1.19791500 -0.18803900
vt -0.21004050 0.23857300
vt -1.19791500 -0.29680700
vt -0.18981500 0.24941200
vt -1.19791500 -0.34382700
vt 1.19791500 0.40893700
vt 0.14472400 0.04166700
vt 0.18814100 0.00000000
vt -0.16217450 0.26425700
vt 0.18814100 0.04166700
vt 1.19791500 0.40465700
vt -0.16958900 0.23857300
vt 1.19791500 0.41432200
vt -1.17187500 -0.18803900
vt -1.17187500 -0.29680700
vt -1.19791500 -0.27568700
vt -1.19791500 -0.36494700
vt -0.20028450 0.24665500
vt 0.15919650 0.00000000
vt -0.18981500 0.27906900
vt 0.15919650 0.04166700
vt 0.17366850 0.00000000
vt -0.17550700 0.27530200
vt -0.17934500 0.24665500
vt 1.19791500 0.42577700
vt 1.19791500 0.38781700
vt 1.17187500 0.40465700
vt 1.17187500 0.41432200
vt -1.17187500 -0.36494700
vt -1.17187500 -0.27568700
vt 1.17187500 0.40893700
vt -1.17187500 -0.34382700
vt 0.17366850 0.04166700
vt 1.17187500 0.42577700
vt 1.17187500 0.38781700
vt -1.17187500 0.40948100
vt -1.17187500 0.40353400
vt -1.19791500 0.39544300
vt 1.19791500 -0.38039700
vt -0.19289550 0.08705600
vt -1.17187500 0.39544300
vt 1.17187500 -0.38039700
vt -1.19791500 0.40353400
vt -1.19791500 0.40948100
vt -0.19976550 0.08993200
vt -0.19062650 0.08730700
vt 1.19791500 -0.37585200
vt -1.17187500 0.42577700
vt -1.17187500 0.39320200
vt -0.22890400 0.09033000
vt 0.02894500 0.00000000
vt 1.17187500 -0.37585200
vt 0.28944800 0.00000000
vt -0.15072550 0.09033000
vt -1.19791500 0.39320200
vt -1.19791500 0.42577700
vt -0.21004050 0.09844400
vt 0.30392050 0.00000000
vt -0.16217450 0.07276000
vt 1.19791500 -0.35911000
vt 1.19791500 -0.31912600
vt -0.18226800 0.08823100
vt 1.17187500 -0.31912600
vt 1.17187500 -0.35911000
vt -1.17187500 0.41432200
vt -1.17187500 0.35423100
vt -0.21745500 0.07276000
vt 0.01447250 0.00000000
vt -0.23768900 0.11322800
vt 0.04341700 0.00000000
vt 0.28944800 0.04166700
vt 1.19791500 -0.29954500
vt 1.19791500 -0.31563800
vt -0.18061000 0.08931400
vt 1.17187500 -0.29954500
vt 1.17187500 -0.31563800
vt -1.19791500 0.41432200
vt -1.19791500 0.35423100
vt -0.21841850 0.11130100
vt 1.19791500 -0.27568700
vt 1.19791500 -0.20915900
vt -0.16958900 0.09844400
vt 1.17187500 -0.20915900
vt 1.17187500 -0.27568700
vt 0.02914950 0.00000000
vt 0.31839250 0.00000000
vt -0.17550700 0.06171500
vt 0.01447250 0.04166700
vt 0.04341700 0.04166700
vt 0.30392050 0.04166700
vt 0.27497550 0.00000000
vt -0.14194050 0.11322800
vt -1.19791500 0.37535100
vt -0.22484700 0.12805700
vt -1.19791500 0.29040000
vt -0.16121100 0.11130100
vt 1.19791500 -0.18803900
vt 1.19791500 -0.10797700
vt 1.17187500 -0.10797700
vt 1.17187500 -0.18803900
vt -0.20412250 0.06171500
vt 0.02894500 0.04166700
vt 0.00000000 0.04166700
vt 0.00000000 -0.04166700
vt 0.05788950 0.04166700
vt 0.27497550 0.04166700
vt -1.17187500 0.29040000
vt -1.17187500 0.37535100
vt 1.17187500 -0.00015600
vt 1.17187500 -0.08685700
vt 0.02491500 0.00000000
vt -0.17953400 0.05908400
vt 0.31839250 0.04166700
vt 0.02914950 -0.04166700
vt 0.05788950 0.00000000
vt -0.24321150 0.13989300
vt -0.13641800 0.13989300
vt 0.26050300 0.00000000
vt -1.19791500 0.31152000
vt -0.22888800 0.14756900
vt -1.19791500 0.20605900
vt 1.19791500 -0.00015600
vt -0.15478250 0.12805700
vt 1.19791500 -0.08685700
vt -0.18981500 0.05794800
vt 0.01457450 0.00000000
vt 0.01037050 -0.04166700
vt 0.07236200 0.04166700
vt 0.26050300 0.04166700
vt -1.17187500 0.20605900
vt -1.17187500 0.31152000
vt 1.17187500 0.10695500
vt 1.17187500 0.02096400
vt 0.01037050 0.00000000
vt -0.19401500 0.05748300
vt 0.02491500 -0.04166700
vt 0.07236200 0.00000000
vt -0.24509550 0.16850900
vt 0.24603050 0.00000000
vt -0.13453450 0.16850900
vt 1.19791500 0.10695500
vt 1.19791500 0.02096400
vt -0.15074150 0.14756900
vt -1.19791500 0.22717900
vt -0.23026650 0.16850900
vt -1.19791500 0.10695500
vt 0.01457450 -0.04166700
vt 0.08683450 0.04166700
vt 0.24603050 0.04166700
vt -1.17187500 0.10695500
vt -1.17187500 0.22717900
vt 1.17187500 0.12807500
vt 1.17187500 0.20605900
vt -0.24321150 0.19712400
vt 0.08683450 0.00000000
vt 0.23155850 0.00000000
vt -0.13641800 0.19712400
vt -0.14936300 0.16850900
vt 1.19791500 0.12807500
vt 1.19791500 0.20605900
vt -0.22888800 0.18944800
vt -1.19791500 0.12807500
vt -1.19791500 -0.00015600
vt 0.10130700 0.04166700
vt 0.23155850 0.04166700
vt -0.15074150 0.18944800
vt 1.19791500 0.29040000
vt 1.19791500 0.22717900
vt -1.17187500 0.12807500
vt -1.17187500 -0.00015600
vt 1.17187500 0.22717900
vt 1.17187500 0.29040000
vt -0.22484700 0.20896000
vt -1.19791500 0.02096400
vt -1.19791500 -0.10797700
vt -0.23768900 0.22378900
vt 0.10130700 0.00000000
vt -0.14194050 0.22378900
vt 0.21708600 0.00000000
vt 1.19791500 0.31152000
vt -0.15478250 0.20896000
vt 1.19791500 0.35423100
vt 0.11577900 0.04166700
vt 0.21708600 0.04166700
vt 1.17187500 0.31152000
vt 1.17187500 0.35423100
vt -1.17187500 0.02096400
vt -1.17187500 -0.10797700
vt -1.19791500 -0.08685700
vt -1.19791500 -0.20915900
vt -0.21841850 0.22571600
vt -0.22890400 0.24668700
vt 0.11577900 0.00000000
vt -0.21745500 0.26425700
vt 0.13025150 0.00000000
vt 0.13025150 0.04166700
vt 0.20261350 0.00000000
vt -0.15072550 0.24668700
vt -0.16121100 0.22571600
vt 1.19791500 0.39320200
vt 1.19791500 0.37535100
vt 1.17187500 0.37535100
vt 1.17187500 0.39320200
vt 0.14472400 0.00000000
vt -0.20412250 0.27530200
vt 0.20261350 0.04166700
vt -1.17187500 -0.20915900
vt -1.17187500 -0.08685700
vt -0.21004050 0.23857300
vt -1.19791500 -0.29680700
vt -1.19791500 -0.18803900
vt -1.19791500 -0.34382700
vt 1.19791500 0.40893700
vt -0.18981500 0.24941200
vt 0.14472400 0.04166700
vt 0.18814100 0.00000000
vt -0.16217450 0.26425700
vt 0.18814100 0.04166700
vt 1.19791500 0.41432200
vt 1.19791500 0.40465700
vt -0.16958900 0.23857300
vt -1.17187500 -0.29680700
vt -1.17187500 -0.18803900
vt -1.19791500 -0.27568700
vt -1.19791500 -0.36494700
vt -0.20028450 0.24665500
vt -0.18981500 0.27906900
vt 0.15919650 0.00000000
vt 0.15919650 0.04166700
vt -0.17550700 0.27530200
vt 0.17366850 0.00000000
vt -0.17934500 0.24665500
vt 1.19791500 0.38781700
vt 1.19791500 0.42577700
vt 1.17187500 0.40465700
vt 1.17187500 0.41432200
vt -1.17187500 -0.36494700
vt -1.17187500 -0.27568700
vt -1.17187500 -0.34382700
vt 1.17187500 0.40893700
vt 0.17366850 0.04166700
vt 1.17187500 0.38781700
vt 1.17187500 0.42577700
f 4/4 1/1 2/2
f 1/1 6/6 3/3
f 1/1 4/4 7/7
f 5/5 4/4 2/2
f 6/6 5/5 3/3
f 6/6 1/1 7/7
f 7/7 4/4 8/8
f 4/4 5/5 9/9
f 5/5 6/6 9/9
f 10/10 6/6 7/7
f 4/4 11/11 8/8
f 7/7 8/8 10/10
f 11/11 4/4 9/9
f 9/9 6/6 12/12
f 6/6 10/10 12/12
f 12/12 8/8 11/11
f 8/8 12/12 10/10
f 9/9 12/12 11/11
f 14/14 20/20 13/13
f 15/15 21/21 14/14
f 17/17 21/21 15/15
f 18/18 19/19 16/16
f 16/16 13/13 17/17
f 16/16 19/19 13/13
f 20/20 14/14 23/23
f 17/17 13/13 20/20
f 23/23 14/14 21/21
f 17/17 24/24 21/21
f 19/19 18/18 22/22
f 17/17 20/20 24/24
f 39/39 30/30 26/26
f 54/54 53/53 32/32
f 27/27 53/53 42/42
f 31/31 27/27 43/43
f 28/28 38/38 33/33
f 40/40 30/30 39/39
f 26/26 41/41 39/39
f 34/34 41/41 26/26
f 42/42 53/53 54/54
f 54/54 32/32 40/40
f 43/43 27/27 42/42
f 44/44 31/31 43/43
f 35/35 45/45 25/25
f 33/33 38/38 46/46
f 48/48 36/36 29/29
f 40/40 32/32 30/30
f 37/37 47/47 34/34
f 47/47 41/41 34/34
f 31/31 44/44 29/29
f 25/25 45/45 37/37
f 46/46 38/38 36/36
f 46/46 36/36 48/48
f 48/48 29/29 44/44
f 45/45 47/47 37/37
f 50/50 51/51 49/49
f 51/51 50/50 52/52
f 55/55 56/56 57/57
f 56/56 55/55 58/58
f 62/62 59/59 61/61
f 59/59 62/62 60/60
f 64/64 65/65 63/63
f 65/65 64/64 66/66
f 67/67 73/73 69/69
f 68/68 75/75 70/70
f 71/71 76/76 68/68
f 77/77 67/67 72/72
f 69/69 78/78 71/71
f 73/73 67/67 79/79
f 78/78 69/69 73/73
f 75/75 68/68 76/76
f 81/81 70/70 75/75
f 76/76 71/71 78/78
f 74/74 77/77 72/72
f 67/67 77/77 79/79
f 79/79 78/78 73/73
f 70/70 81/81 80/80
f 83/83 75/75 76/76
f 84/84 81/81 75/75
f 79/79 76/76 78/78
f 77/77 74/74 85/85
f 77/77 86/86 79/79
f 82/82 85/85 74/74
f 81/81 88/88 80/80
f 84/84 75/75 83/83
f 83/83 76/76 89/89
f 90/90 81/81 84/84
f 79/79 91/91 76/76
f 85/85 92/92 77/77
f 92/92 86/86 77/77
f 79/79 86/86 91/91
f 93/93 82/82 87/87
f 85/85 82/82 94/94
f 88/88 81/81 96/96
f 83/83 97/97 84/84
f 89/89 76/76 99/99
f 100/100 81/81 90/90
f 101/101 76/76 91/91
f 85/85 102/102 92/92
f 86/86 92/92 103/103
f 82/82 93/93 94/94
f 104/104 93/93 87/87
f 94/94 102/102 85/85
f 96/96 95/95 88/88
f 81/81 105/105 96/96
f 97/97 83/83 106/106
f 99/99 76/76 101/101
f 99/99 98/98 89/89
f 107/107 81/81 100/100
f 103/103 106/106 86/86
f 93/93 108/108 94/94
f 93/93 104/104 109/109
f 94/94 108/108 102/102
f 95/95 96/96 111/111
f 105/105 81/81 112/112
f 113/113 96/96 105/105
f 106/106 83/83 114/114
f 106/106 115/115 97/97
f 116/116 99/99 101/101
f 98/98 99/99 117/117
f 112/112 81/81 107/107
f 100/100 113/113 107/107
f 115/115 106/106 103/103
f 86/86 106/106 116/116
f 109/109 108/108 93/93
f 119/119 109/109 104/104
f 95/95 122/122 110/110
f 123/123 111/111 96/96
f 122/122 95/95 111/111
f 123/123 96/96 113/113
f 106/106 114/114 124/124
f 99/99 116/116 106/106
f 123/123 113/113 100/100
f 86/86 116/116 129/129
f 109/109 132/132 108/108
f 109/109 119/119 133/133
f 135/135 110/110 122/122
f 123/123 122/122 111/111
f 136/136 124/124 114/114
f 106/106 124/124 137/137
f 137/137 125/125 106/106
f 86/86 129/129 142/142
f 118/118 144/144 131/131
f 110/110 135/135 118/118
f 133/133 132/132 109/109
f 141/141 133/133 119/119
f 120/120 145/145 134/134
f 131/131 146/146 120/120
f 134/134 147/147 121/121
f 122/122 148/148 135/135
f 148/148 122/122 123/123
f 124/124 136/136 149/149
f 124/124 150/150 137/137
f 125/125 137/137 150/150
f 126/126 136/136 138/138
f 127/127 152/152 139/139
f 140/140 153/153 128/128
f 128/128 154/154 141/141
f 152/152 142/142 129/129
f 155/155 130/130 143/143
f 144/144 118/118 135/135
f 146/146 131/131 144/144
f 133/133 135/135 132/132
f 133/133 141/141 154/154
f 145/145 120/120 146/146
f 147/147 134/134 145/145
f 156/156 121/121 147/147
f 121/121 156/156 140/140
f 132/132 135/135 148/148
f 136/136 126/126 149/149
f 126/126 124/124 149/149
f 150/150 124/124 157/157
f 152/152 151/151 139/139
f 152/152 127/127 158/158
f 153/153 140/140 156/156
f 154/154 128/128 153/153
f 142/142 152/152 158/158
f 151/151 152/152 129/129
f 130/130 155/155 159/159
f 133/133 144/144 135/135
f 154/154 146/146 144/144
f 154/154 144/144 133/133
f 156/156 145/145 146/146
f 145/145 156/156 147/147
f 124/124 126/126 157/157
f 156/156 146/146 153/153
f 153/153 146/146 154/154
f 160/160 164/164 162/162
f 161/161 163/163 167/167
f 162/162 164/164 169/169
f 161/161 167/167 165/165
f 164/164 168/168 169/169
f 165/165 167/167 171/171
f 165/165 171/171 166/166
f 175/175 170/170 166/166
f 169/169 168/168 172/172
f 166/166 171/171 175/175
f 175/175 179/179 170/170
f 168/168 173/173 172/172
f 172/172 173/173 176/176
f 170/170 179/179 177/177
f 174/174 176/176 173/173
f 180/180 174/174 178/178
f 174/174 180/180 176/176
f 177/177 182/182 181/181
f 179/179 182/182 177/177
f 178/178 183/183 180/180
f 185/185 184/184 181/181
f 185/185 181/181 182/182
f 183/183 178/178 184/184
f 185/185 183/183 184/184
f 186/186 190/190 188/188
f 187/187 189/189 193/193
f 188/188 190/190 195/195
f 187/187 193/193 191/191
f 190/190 194/194 195/195
f 191/191 193/193 197/197
f 191/191 197/197 192/192
f 201/201 196/196 192/192
f 195/195 194/194 198/198
f 192/192 197/197 201/201
f 201/201 205/205 196/196
f 194/194 199/199 198/198
f 198/198 199/199 202/202
f 196/196 205/205 203/203
f 200/200 202/202 199/199
f 206/206 200/200 204/204
f 200/200 206/206 202/202
f 203/203 208/208 207/207
f 205/205 208/208 203/203
f 204/204 209/209 206/206
f 211/211 210/210 207/207
f 211/211 207/207 208/208
f 209/209 204/204 210/210
f 211/211 209/209 210/210
f 212/212 216/216 214/214
f 213/213 215/215 219/219
f 214/214 216/216 221/221
f 213/213 219/219 217/217
f 216/216 220/220 221/221
f 217/217 219/219 223/223
f 217/217 223/223 218/218
f 227/227 222/222 218/218
f 221/221 220/220 224/224
f 218/218 223/223 227/227
f 227/227 231/231 222/222
f 220/220 225/225 224/224
f 224/224 225/225 228/228
f 222/222 231/231 229/229
f 226/226 228/228 225/225
f 232/232 226/226 230/230
f 226/226 232/232 228/228
f 229/229 234/234 233/233
f 231/231 234/234 229/229
f 230/230 235/235 232/232
f 237/237 236/236 233/233
f 237/237 233/233 234/234
f 235/235 230/230 236/236
f 237/237 235/235 236/236
f 242/242 160/160 238/238
f 239/239 245/245 240/240
f 240/240 246/246 244/244
f 160/160 242/242 249/249
f 245/245 239/239 161/161
f 246/246 240/240 245/245
f 250/250 244/244 246/246
f 247/247 163/163 241/241
f 248/248 249/249 242/242
f 252/252 243/243 162/162
f 161/161 165/165 245/245
f 244/244 250/250 251/251
f 166/166 250/250 246/246
f 163/163 247/247 257/257
f 249/249 248/248 254/254
f 168/168 164/164 249/249
f 243/243 252/252 253/253
f 162/162 169/169 252/252
f 258/258 251/251 250/250
f 166/166 170/170 250/250
f 256/256 257/257 247/247
f 260/260 254/254 248/248
f 254/254 168/168 249/249
f 261/261 253/253 252/252
f 254/254 260/260 255/255
f 251/251 258/258 263/263
f 255/255 264/264 259/259
f 259/259 174/174 255/255
f 257/257 171/171 167/167
f 257/257 256/256 265/265
f 253/253 261/261 262/262
f 174/174 173/173 255/255
f 264/264 255/255 260/260
f 266/266 263/263 258/258
f 268/268 259/259 264/264
f 265/265 171/171 257/257
f 269/269 265/265 256/256
f 261/261 172/172 270/270
f 172/172 176/176 270/270
f 270/270 262/262 261/261
f 263/263 266/266 271/271
f 177/177 266/266 258/258
f 259/259 268/268 267/267
f 272/272 179/179 175/175
f 265/265 269/269 272/272
f 262/262 270/270 274/274
f 177/177 181/181 266/266
f 184/184 178/178 267/267
f 276/276 179/179 272/272
f 277/277 272/272 269/269
f 273/273 274/274 270/270
f 273/273 180/180 278/278
f 180/180 183/183 278/278
f 184/184 267/267 275/275
f 272/272 277/277 276/276
f 279/279 185/185 182/182
f 274/274 273/273 280/280
f 278/278 280/280 273/273
f 282/282 276/276 277/277
f 281/281 185/185 279/279
f 276/276 282/282 279/279
f 280/280 278/278 283/283
f 288/288 186/186 284/284
f 285/285 291/291 286/286
f 286/286 292/292 290/290
f 186/186 288/288 295/295
f 291/291 285/285 187/187
f 292/292 286/286 291/291
f 296/296 290/290 292/292
f 293/293 189/189 287/287
f 294/294 295/295 288/288
f 298/298 289/289 188/188
f 187/187 191/191 291/291
f 290/290 296/296 297/297
f 192/192 296/296 292/292
f 189/189 293/293 303/303
f 295/295 294/294 300/300
f 194/194 190/190 295/295
f 289/289 298/298 299/299
f 188/188 195/195 298/298
f 304/304 297/297 296/296
f 192/192 196/196 296/296
f 302/302 303/303 293/293
f 306/306 300/300 294/294
f 300/300 194/194 295/295
f 307/307 299/299 298/298
f 300/300 306/306 301/301
f 297/297 304/304 309/309
f 301/301 310/310 305/305
f 305/305 200/200 301/301
f 303/303 197/197 193/193
f 303/303 302/302 311/311
f 299/299 307/307 308/308
f 200/200 199/199 301/301
f 310/310 301/301 306/306
f 312/312 309/309 304/304
f 314/314 305/305 310/310
f 311/311 197/197 303/303
f 315/315 311/311 302/302
f 307/307 198/198 316/316
f 198/198 202/202 316/316
f 316/316 308/308 307/307
f 309/309 312/312 317/317
f 203/203 312/312 304/304
f 305/305 314/314 313/313
f 318/318 205/205 201/201
f 311/311 315/315 318/318
f 308/308 316/316 320/320
f 203/203 207/207 312/312
f 210/210 204/204 313/313
f 322/322 205/205 318/318
f 323/323 318/318 315/315
f 319/319 320/320 316/316
f 319/319 206/206 324/324
f 206/206 209/209 324/324
f 210/210 313/313 321/321
f 318/318 323/323 322/322
f 325/325 211/211 208/208
f 320/320 319/319 326/326
f 324/324 326/326 319/319
f 328/328 322/322 323/323
f 327/327 211/211 325/325
f 322/322 328/328 325/325
f 326/326 324/324 329/329
f 334/334 212/212 330/330
f 331/331 337/337 332/332
f 332/332 338/338 336/336
f 212/212 334/334 341/341
f 337/337 331/331 213/213
f 338/338 332/332 337/337
f 342/342 336/336 338/338
f 339/339 215/215 333/333
f 340/340 341/341 334/334
f 344/344 335/335 214/214
f 213/213 217/217 337/337
f 336/336 342/342 343/343
f 218/218 342/342 338/338
f 215/215 339/339 349/349
f 341/341 340/340 346/346
f 220/220 216/216 341/341
f 335/335 344/344 345/345
f 214/214 221/221 344/344
f 350/350 343/343 342/342
f 218/218 222/222 342/342
f 348/348 349/349 339/339
f 352/352 346/346 340/340
f 346/346 220/220 341/341
f 353/353 345/345 344/344
f 346/346 352/352 347/347
f 343/343 350/350 355/355
f 347/347 356/356 351/351
f 351/351 226/226 347/347
f 349/349 223/223 219/219
f 349/349 348/348 357/357
f 345/345 353/353 354/354
f 226/226 225/225 347/347
f 356/356 347/347 352/352
f 358/358 355/355 350/350
f 360/360 351/351 356/356
f 357/357 223/223 349/349
f 361/361 357/357 348/348
f 353/353 224/224 362/362
f 224/224 228/228 362/362
f 362/362 354/354 353/353
f 355/355 358/358 363/363
f 229/229 358/358 350/350
f 351/351 360/360 359/359
f 364/364 231/231 227/227
f 357/357 361/361 364/364
f 354/354 362/362 366/366
f 229/229 233/233 358/358
f 236/236 230/230 359/359
f 368/368 231/231 364/364
f 369/369 364/364 361/361
f 365/365 366/366 362/362
f 365/365 232/232 370/370
f 232/232 235/235 370/370
f 236/236 359/359 367/367
f 364/364 369/369 368/368
f 371/371 237/237 234/234
f 366/366 365/365 372/372
f 370/370 372/372 365/365
f 374/374 368/368 369/369
f 373/373 237/237 371/371
f 368/368 374/374 371/371
f 372/372 370/370 375/375
f 376/376 377/377 378/378
f 377/377 376/376 379/379
f 380/380 378/378 377/377
f 378/378 381/381 376/376
f 382/382 379/379 376/376
f 379/379 383/383 377/377
f 378/378 380/380 384/384
f 377/377 383/383 380/380
f 381/381 378/378 384/384
f 376/376 381/381 382/382
f 379/379 382/382 385/385
f 385/385 383/383 379/379
f 386/386 384/384 380/380
f 383/383 386/386 380/380
f 387/387 381/381 384/384
f 382/382 381/381 388/388
f 382/382 389/389 385/385
f 389/389 383/383 385/385
f 384/384 386/386 387/387
f 383/383 390/390 386/386
f 391/391 381/381 387/387
f 388/388 381/381 392/392
f 389/389 382/382 388/388
f 393/393 383/383 389/389
f 390/390 387/387 386/386
f 383/383 394/394 390/390
f 395/395 381/381 391/391
f 387/387 390/390 391/391
f 392/392 381/381 396/396
f 393/393 388/388 392/392
f 388/388 393/393 389/389
f 383/383 393/393 397/397
f 383/383 398/398 394/394
f 394/394 391/391 390/390
f 399/399 381/381 395/395
f 391/391 394/394 395/395
f 397/397 392/392 396/396
f 392/392 397/397 393/393
f 383/383 400/400 398/398
f 399/399 394/394 398/398
f 401/401 381/381 399/399
f 394/394 399/399 395/395
f 402/402 383/383 381/381
f 403/403 400/400 383/383
f 401/401 398/398 400/400
f 398/398 401/401 399/399
f 401/401 402/402 381/381
f 383/383 402/402 403/403
f 400/400 403/403 404/404
f 400/400 405/405 401/401
f 402/402 401/401 405/405
f 405/405 400/400 404/404
f 406/406 407/407 408/408
f 63/63 409/409 408/408
f 410/410 64/64 407/407
f 406/406 411/411 407/407
f 65/65 409/409 63/63
f 64/64 410/410 66/66
f 412/412 411/411 406/406
f 65/65 413/413 409/409
f 414/414 66/66 410/410
f 411/411 412/412 415/415
f 416/416 417/417 410/410
f 65/65 418/418 413/413
f 413/413 419/419 409/409
f 66/66 414/414 420/420
f 410/410 417/417 414/414
f 25/25 415/415 412/412
f 26/26 421/421 412/412
f 422/422 423/423 406/406
f 27/27 417/417 416/416
f 65/65 424/424 418/418
f 413/413 425/425 419/419
f 420/420 414/414 426/426
f 423/423 422/422 65/65
f 25/25 28/28 415/415
f 415/415 29/29 427/427
f 420/420 428/428 411/411
f 421/421 26/26 30/30
f 429/429 26/26 412/412
f 417/417 27/27 31/31
f 65/65 422/422 424/424
f 425/425 32/32 419/419
f 420/420 426/426 430/430
f 417/417 31/31 431/431
f 25/25 33/33 28/28
f 432/432 29/29 415/415
f 427/427 29/29 433/433
f 420/420 430/430 428/428
f 421/421 30/30 434/434
f 429/429 34/34 26/26
f 435/435 32/32 425/425
f 431/431 31/31 436/436
f 35/35 33/33 25/25
f 33/33 437/437 28/28
f 436/436 29/29 432/432
f 433/433 29/29 36/36
f 434/434 30/30 435/435
f 429/429 37/37 34/34
f 435/435 30/30 32/32
f 436/436 31/31 29/29
f 438/438 33/33 35/35
f 25/25 439/439 35/35
f 433/433 38/38 28/28
f 437/437 33/33 440/440
f 28/28 437/437 433/433
f 433/433 36/36 38/38
f 39/39 441/441 40/40
f 41/41 442/442 39/39
f 443/443 37/37 429/429
f 42/42 444/444 43/43
f 43/43 445/445 44/44
f 33/33 438/438 440/440
f 35/35 438/438 45/45
f 446/446 438/438 35/35
f 439/439 25/25 443/443
f 446/446 35/35 439/439
f 33/33 46/46 447/447
f 33/33 447/447 440/440
f 433/433 437/437 448/448
f 433/433 448/448 449/449
f 441/441 450/450 40/40
f 442/442 441/441 39/39
f 451/451 442/442 41/41
f 37/37 443/443 25/25
f 47/47 451/451 41/41
f 43/43 444/444 445/445
f 44/44 445/445 452/452
f 453/453 440/440 438/438
f 438/438 454/454 45/45
f 438/438 446/446 455/455
f 439/439 443/443 456/456
f 439/439 457/457 446/446
f 458/458 447/447 46/46
f 459/459 440/440 447/447
f 453/453 459/459 440/440
f 460/460 448/448 437/437
f 48/48 458/458 46/46
f 48/48 44/44 452/452
f 450/450 441/441 461/461
f 441/441 442/442 462/462
f 442/442 451/451 463/463
f 45/45 454/454 47/47
f 47/47 454/454 451/451
f 464/464 443/443 465/465
f 445/445 444/444 466/466
f 452/452 445/445 467/467
f 453/453 454/454 438/438
f 455/455 446/446 468/468
f 456/456 443/443 468/468
f 469/469 439/439 456/456
f 457/457 439/439 470/470
f 457/457 468/468 446/446
f 447/447 458/458 471/471
f 459/459 447/447 471/471
f 463/463 459/459 453/453
f 448/448 460/460 472/472
f 452/452 458/458 48/48
f 461/461 441/441 462/462
f 450/450 461/461 473/473
f 462/462 442/442 463/463
f 463/463 451/451 453/453
f 453/453 451/451 454/454
f 468/468 443/443 464/464
f 445/445 466/466 467/467
f 452/452 467/467 474/474
f 455/455 468/468 464/464
f 475/475 456/456 468/468
f 439/439 469/469 470/470
f 456/456 475/475 469/469
f 470/470 476/476 457/457
f 468/468 457/457 475/475
f 458/458 474/474 471/471
f 458/458 452/452 474/474
f 463/463 471/471 459/459
f 471/471 477/477 459/459
f 453/453 478/478 463/463
f 479/479 480/480 481/481
f 459/459 481/481 480/480
f 459/459 477/477 481/481
f 461/461 474/474 462/462
f 462/462 482/482 461/461
f 473/473 467/467 461/461
f 461/461 483/483 473/473
f 462/462 471/471 463/463
f 463/463 484/484 462/462
f 473/473 485/485 466/466
f 486/486 485/485 473/473
f 473/473 466/466 467/467
f 466/466 487/487 467/467
f 461/461 467/467 474/474
f 467/467 488/488 474/474
f 489/489 455/455 464/464
f 476/476 470/470 469/469
f 475/475 490/490 469/469
f 491/491 457/457 476/476
f 457/457 491/491 475/475
f 474/474 492/492 471/471
f 462/462 474/474 471/471
f 477/477 471/471 492/492
f 493/493 478/478 453/453
f 484/484 463/463 478/478
f 480/480 479/479 494/494
f 482/482 462/462 484/484
f 483/483 461/461 482/482
f 478/478 495/495 496/496
f 495/495 478/478 493/493
f 497/497 495/495 493/493
f 487/487 466/466 498/498
f 485/485 486/486 499/499
f 488/488 467/467 487/487
f 492/492 474/474 488/488
f 455/455 489/489 500/500
f 476/476 469/469 501/501
f 475/475 491/491 490/490
f 501/501 469/469 490/490
f 49/49 491/491 476/476
f 495/495 497/497 502/502
f 50/50 476/476 501/501
f 51/51 490/490 491/491
f 490/490 50/50 501/501
f 491/491 49/49 51/51
f 476/476 50/50 49/49
f 490/490 51/51 52/52
f 50/50 490/490 52/52
f 503/503 504/504 505/505
f 504/504 503/503 506/506
f 505/505 507/507 503/503
f 503/503 508/508 506/506
f 509/509 504/504 506/506
f 507/507 505/505 510/510
f 507/507 511/511 503/503
f 508/508 503/503 511/511
f 506/506 508/508 512/512
f 504/504 509/509 513/513
f 506/506 512/512 509/509
f 510/510 509/509 507/507
f 511/511 507/507 509/509
f 511/511 59/59 508/508
f 508/508 60/60 512/512
f 509/509 510/510 513/513
f 514/514 509/509 512/512
f 511/511 509/509 514/514
f 59/59 511/511 61/61
f 60/60 508/508 59/59
f 60/60 514/514 512/512
f 62/62 511/511 514/514
f 511/511 62/62 61/61
f 514/514 60/60 62/62
f 518/518 541/541 515/515
f 542/542 516/516 519/519
f 543/543 520/520 516/516
f 542/542 519/519 517/517
f 544/544 517/517 521/521
f 518/518 545/545 541/541
f 515/515 541/541 522/522
f 523/523 545/545 518/518
f 543/543 516/516 542/542
f 543/543 524/524 520/520
f 542/542 517/517 544/544
f 544/544 521/521 546/546
f 522/522 541/541 547/547
f 527/527 545/545 523/523
f 524/524 543/543 548/548
f 546/546 521/521 525/525
f 522/522 547/547 526/526
f 528/528 545/545 527/527
f 548/548 549/549 524/524
f 546/546 525/525 529/529
f 526/526 547/547 551/551
f 524/524 545/545 528/528
f 552/552 549/549 548/548
f 524/524 549/549 545/545
f 546/546 529/529 531/531
f 546/546 531/531 550/550
f 526/526 551/551 530/530
f 552/552 553/553 549/549
f 550/550 531/531 554/554
f 530/530 551/551 532/532
f 555/555 553/553 552/552
f 554/554 531/531 533/533
f 532/532 551/551 534/534
f 555/555 557/557 553/553
f 554/554 533/533 535/535
f 534/534 551/551 556/556
f 557/557 555/555 559/559
f 554/554 535/535 558/558
f 534/534 556/556 560/560
f 558/558 535/535 537/537
f 534/534 560/560 536/536
f 558/558 539/539 561/561
f 558/558 537/537 539/539
f 536/536 560/560 538/538
f 561/561 539/539 564/564
f 538/538 560/560 562/562
f 561/561 565/565 563/563
f 539/539 562/562 564/564
f 561/561 564/564 565/565
f 538/538 562/562 540/540
f 563/563 565/565 566/566
f 540/540 562/562 539/539
f 570/570 593/593 567/567
f 594/594 568/568 571/571
f 595/595 572/572 568/568
f 594/594 571/571 569/569
f 596/596 569/569 573/573
f 570/570 597/597 593/593
f 567/567 593/593 574/574
f 575/575 597/597 570/570
f 595/595 568/568 594/594
f 595/595 576/576 572/572
f 594/594 569/569 596/596
f 596/596 573/573 598/598
f 574/574 593/593 599/599
f 579/579 597/597 575/575
f 576/576 595/595 600/600
f 598/598 573/573 577/577
f 574/574 599/599 578/578
f 580/580 597/597 579/579
f 600/600 601/601 576/576
f 598/598 577/577 581/581
f 578/578 599/599 603/603
f 576/576 597/597 580/580
f 604/604 601/601 600/600
f 576/576 601/601 597/597
f 598/598 581/581 583/583
f 598/598 583/583 602/602
f 578/578 603/603 582/582
f 604/604 605/605 601/601
f 602/602 583/583 606/606
f 582/582 603/603 584/584
f 607/607 605/605 604/604
f 606/606 583/583 585/585
f 584/584 603/603 586/586
f 607/607 609/609 605/605
f 606/606 585/585 587/587
f 586/586 603/603 608/608
f 609/609 607/607 611/611
f 606/606 587/587 610/610
f 586/586 608/608 612/612
f 610/610 587/587 589/589
f 586/586 612/612 588/588
f 610/610 591/591 613/613
f 610/610 589/589 591/591
f 588/588 612/612 590/590
f 613/613 591/591 616/616
f 590/590 612/612 614/614
f 613/613 617/617 615/615
f 591/591 614/614 616/616
f 613/613 616/616 617/617
f 590/590 614/614 592/592
f 615/615 617/617 618/618
f 592/592 614/614 591/591
f 622/622 645/645 619/619
f 646/646 620/620 623/623
f 647/647 624/624 620/620
f 646/646 623/623 621/621
f 648/648 621/621 625/625
f 622/622 649/649 645/645
f 619/619 645/645 626/626
f 627/627 649/649 622/622
f 647/647 620/620 646/646
f 647/647 628/628 624/624
f 646/646 621/621 648/648
f 648/648 625/625 650/650
f 626/626 645/645 651/651
f 631/631 649/649 627/627
f 628/628 647/647 652/652
f 650/650 625/625 629/629
f 626/626 651/651 630/630
f 632/632 649/649 631/631
f 652/652 653/653 628/628
f 650/650 629/629 633/633
f 630/630 651/651 655/655
f 628/628 649/649 632/632
f 656/656 653/653 652/652
f 628/628 653/653 649/649
f 650/650 633/633 635/635
f 650/650 635/635 654/654
f 630/630 655/655 634/634
f 656/656 657/657 653/653
f 654/654 635/635 658/658
f 634/634 655/655 636/636
f 659/659 657/657 656/656
f 658/658 635/635 637/637
f 636/636 655/655 638/638
f 659/659 661/661 657/657
f 658/658 637/637 639/639
f 638/638 655/655 660/660
f 661/661 659/659 663/663
f 658/658 639/639 662/662
f 638/638 660/660 664/664
f 662/662 639/639 641/641
f 638/638 664/664 640/640
f 662/662 643/643 665/665
f 662/662 641/641 643/643
f 640/640 664/664 642/642
f 665/665 643/643 668/668
f 642/642 664/664 666/666
f 665/665 669/669 667/667
f 643/643 666/666 668/668
f 665/665 668/668 669/669
f 642/642 666/666 644/644
f 667/667 669/669 670/670
f 644/644 666/666 643/643
f 674/674 671/671 672/672
f 671/671 674/674 675/675
f 671/671 678/678 673/673
f 671/671 675/675 677/677
f 671/671 677/677 678/678
f 673/673 678/678 676/676
f 676/676 678/678 679/679
f 676/676 679/679 680/680
f 680/680 679/679 681/681
f 680/680 681/681 682/682
f 682/682 681/681 683/683
f 682/682 683/683 684/684
f 684/684 683/683 685/685
f 684/684 685/685 686/686
f 686/686 685/685 687/687
f 686/686 687/687 689/689
f 689/689 687/687 688/688
f 689/689 688/688 691/691
f 691/691 688/688 690/690
f 691/691 690/690 692/692
f 692/692 690/690 693/693
f 692/692 693/693 694/694
f 694/694 693/693 696/696
f 694/694 696/696 695/695
f 700/700 697/697 698/698
f 697/697 700/700 701/701
f 697/697 704/704 699/699
f 697/697 701/701 703/703
f 697/697 703/703 704/704
f 699/699 704/704 702/702
f 702/702 704/704 705/705
f 702/702 705/705 706/706
f 706/706 705/705 707/707
f 706/706 707/707 708/708
f 708/708 707/707 709/709
f 708/708 709/709 710/710
f 710/710 709/709 711/711
f 710/710 711/711 712/712
f 712/712 711/711 713/713
f 712/712 713/713 715/715
f 715/715 713/713 714/714
f 715/715 714/714 717/717
f 717/717 714/714 716/716
f 717/717 716/716 718/718
f 718/718 716/716 719/719
f 718/718 719/719 720/720
f 720/720 719/719 722/722
f 720/720 722/722 721/721
f 726/726 723/723 724/724
f 723/723 726/726 727/727
f 723/723 730/730 725/725
f 723/723 727/727 729/729
f 723/723 729/729 730/730
f 725/725 730/730 728/728
f 728/728 730/730 731/731
f 728/728 731/731 732/732
f 732/732 731/731 733/733
f 732/732 733/733 734/734
f 734/734 733/733 735/735
f 734/734 735/735 736/736
f 736/736 735/735 737/737
f 736/736 737/737 738/738
f 738/738 737/737 739/739
f 738/738 739/739 741/741
f 741/741 739/739 740/740
f 741/741 740/740 743/743
f 743/743 740/740 742/742
f 743/743 742/742 744/744
f 744/744 742/742 745/745
f 744/744 745/745 746/746
f 746/746 745/745 748/748
f 746/746 748/748 747/747
f 672/672 749/749 671/671
f 750/750 671/671 749/749
f 749/749 672/672 751/751
f 672/672 671/671 674/674
f 671/671 750/750 673/673
f 750/750 749/749 752/752
f 674/674 751/751 672/672
f 751/751 753/753 749/749
f 675/675 674/674 671/671
f 754/754 673/673 750/750
f 673/673 678/678 671/671
f 749/749 755/755 752/752
f 754/754 750/750 752/752
f 751/751 674/674 756/756
f 755/755 749/749 753/753
f 756/756 753/753 751/751
f 675/675 756/756 674/674
f 677/677 675/675 671/671
f 673/673 754/754 676/676
f 678/678 677/677 671/671
f 676/676 678/678 673/673
f 752/752 755/755 757/757
f 758/758 754/754 752/752
f 753/753 515/515 755/755
f 759/759 753/753 756/756
f 756/756 675/675 759/759
f 677/677 759/759 675/675
f 760/760 676/676 754/754
f 678/678 761/761 677/677
f 679/679 678/678 676/676
f 755/755 762/762 757/757
f 757/757 516/516 752/752
f 760/760 754/754 758/758
f 758/758 752/752 517/517
f 518/518 755/755 515/515
f 753/753 763/763 515/515
f 761/761 753/753 759/759
f 759/759 677/677 761/761
f 760/760 764/764 676/676
f 761/761 678/678 765/765
f 679/679 765/765 678/678
f 680/680 679/679 676/676
f 757/757 762/762 766/766
f 755/755 518/518 762/762
f 519/519 752/752 516/516
f 516/516 757/757 520/520
f 764/764 760/760 758/758
f 519/519 517/517 752/752
f 517/517 521/521 758/758
f 515/515 541/541 518/518
f 522/522 515/515 763/763
f 763/763 753/753 761/761
f 680/680 676/676 764/764
f 765/765 763/763 761/761
f 679/679 681/681 765/765
f 681/681 679/679 680/680
f 762/762 767/767 766/766
f 766/766 520/520 757/757
f 523/523 762/762 518/518
f 519/519 516/516 542/542
f 516/516 520/520 543/543
f 768/768 764/764 758/758
f 517/517 519/519 542/542
f 768/768 758/758 521/521
f 521/521 517/517 544/544
f 541/541 545/545 518/518
f 522/522 541/541 515/515
f 763/763 769/769 522/522
f 764/764 770/770 680/680
f 771/771 763/763 765/765
f 771/771 765/765 681/681
f 682/682 681/681 680/680
f 767/767 772/772 766/766
f 762/762 523/523 767/767
f 520/520 766/766 524/524
f 518/518 545/545 523/523
f 542/542 516/516 543/543
f 520/520 524/524 543/543
f 770/770 764/764 768/768
f 544/544 517/517 542/542
f 521/521 525/525 768/768
f 546/546 521/521 544/544
f 545/545 801/801 541/541
f 541/541 801/801 545/545
f 547/547 541/541 522/522
f 526/526 522/522 769/769
f 769/769 763/763 771/771
f 682/682 680/680 770/770
f 681/681 683/683 771/771
f 683/683 681/681 682/682
f 773/773 766/766 772/772
f 767/767 527/527 772/772
f 527/527 767/767 523/523
f 773/773 524/524 766/766
f 523/523 545/545 527/527
f 542/542 802/802 543/543
f 543/543 802/802 542/542
f 548/548 543/543 524/524
f 774/774 770/770 768/768
f 544/544 803/803 542/542
f 542/542 803/803 544/544
f 774/774 768/768 525/525
f 525/525 521/521 546/546
f 804/804 544/544 546/546
f 546/546 544/544 804/804
f 801/801 545/545 805/805
f 805/805 545/545 801/801
f 806/806 541/541 801/801
f 801/801 541/541 806/806
f 541/541 806/806 547/547
f 547/547 806/806 541/541
f 526/526 547/547 522/522
f 769/769 775/775 526/526
f 776/776 769/769 771/771
f 770/770 777/777 682/682
f 776/776 771/771 683/683
f 684/684 683/683 682/682
f 772/772 528/528 773/773
f 528/528 772/772 527/527
f 524/524 773/773 528/528
f 527/527 545/545 528/528
f 802/802 542/542 803/803
f 803/803 542/542 802/802
f 807/807 543/543 802/802
f 802/802 543/543 807/807
f 543/543 807/807 548/548
f 548/548 807/807 543/543
f 524/524 549/549 548/548
f 777/777 770/770 774/774
f 803/803 544/544 808/808
f 808/808 544/544 803/803
f 525/525 529/529 774/774
f 529/529 525/525 546/546
f 544/544 804/804 808/808
f 808/808 804/804 544/544
f 550/550 804/804 546/546
f 546/546 804/804 550/550
f 549/549 805/805 545/545
f 545/545 805/805 549/549
f 805/805 238/238 801/801
f 801/801 238/238 805/805
f 801/801 238/238 806/806
f 806/806 238/238 801/801
f 806/806 551/551 547/547
f 547/547 551/551 806/806
f 551/551 547/547 526/526
f 530/530 526/526 775/775
f 775/775 769/769 776/776
f 684/684 682/682 777/777
f 683/683 685/685 776/776
f 685/685 683/683 684/684
f 528/528 545/545 524/524
f 239/239 802/802 803/803
f 803/803 802/802 239/239
f 240/240 807/807 802/802
f 802/802 807/807 240/240
f 809/809 548/548 807/807
f 807/807 548/548 809/809
f 548/548 549/549 552/552
f 545/545 549/549 524/524
f 778/778 777/777 774/774
f 239/239 803/803 808/808
f 808/808 803/803 239/239
f 778/778 774/774 529/529
f 531/531 529/529 546/546
f 241/241 808/808 804/804
f 804/804 808/808 241/241
f 804/804 550/550 810/810
f 810/810 550/550 804/804
f 550/550 531/531 546/546
f 805/805 549/549 811/811
f 811/811 549/549 805/805
f 805/805 242/242 238/238
f 238/238 242/242 805/805
f 806/806 238/238 243/243
f 243/243 238/238 806/806
f 551/551 806/806 812/812
f 812/812 806/806 551/551
f 530/530 551/551 526/526
f 775/775 779/779 530/530
f 780/780 775/775 776/776
f 777/777 781/781 684/684
f 780/780 776/776 685/685
f 686/686 685/685 684/684
f 240/240 802/802 239/239
f 239/239 802/802 240/240
f 244/244 807/807 240/240
f 240/240 807/807 244/244
f 548/548 809/809 552/552
f 552/552 809/809 548/548
f 244/244 809/809 807/807
f 807/807 809/809 244/244
f 549/549 553/553 552/552
f 781/781 777/777 778/778
f 239/239 808/808 241/241
f 241/241 808/808 239/239
f 529/529 531/531 778/778
f 241/241 804/804 810/810
f 810/810 804/804 241/241
f 554/554 810/810 550/550
f 550/550 810/810 554/554
f 554/554 531/531 550/550
f 553/553 811/811 549/549
f 549/549 811/811 553/553
f 811/811 242/242 805/805
f 805/805 242/242 811/811
f 238/238 160/160 242/242
f 160/160 243/243 238/238
f 238/238 243/243 160/160
f 806/806 243/243 812/812
f 812/812 243/243 806/806
f 813/813 551/551 812/812
f 812/812 551/551 813/813
f 532/532 551/551 530/530
f 532/532 530/530 779/779
f 779/779 775/775 782/782
f 782/782 775/775 780/780
f 686/686 684/684 781/781
f 685/685 687/687 780/780
f 687/687 685/685 686/686
f 240/240 245/245 239/239
f 244/244 246/246 240/240
f 814/814 552/552 809/809
f 809/809 552/552 814/814
f 244/244 814/814 809/809
f 809/809 814/814 244/244
f 552/552 553/553 555/555
f 783/783 781/781 778/778
f 241/241 161/161 239/239
f 239/239 161/161 241/241
f 784/784 778/778 531/531
f 241/241 810/810 247/247
f 247/247 810/810 241/241
f 810/810 554/554 815/815
f 815/815 554/554 810/810
f 533/533 531/531 554/554
f 811/811 553/553 816/816
f 816/816 553/553 811/811
f 811/811 248/248 242/242
f 242/242 248/248 811/811
f 249/249 242/242 160/160
f 243/243 160/160 162/162
f 162/162 160/160 243/243
f 812/812 243/243 813/813
f 813/813 243/243 812/812
f 551/551 813/813 556/556
f 556/556 813/813 551/551
f 534/534 551/551 532/532
f 779/779 785/785 532/532
f 786/786 779/779 782/782
f 782/782 780/780 687/687
f 781/781 783/783 686/686
f 689/689 687/687 686/686
f 161/161 239/239 245/245
f 245/245 240/240 246/246
f 246/246 244/244 250/250
f 552/552 814/814 555/555
f 555/555 814/814 552/552
f 251/251 814/814 244/244
f 244/244 814/814 251/251
f 553/553 557/557 555/555
f 784/784 783/783 778/778
f 161/161 241/241 163/163
f 163/163 241/241 161/161
f 531/531 533/533 784/784
f 247/247 810/810 815/815
f 815/815 810/810 247/247
f 241/241 163/163 247/247
f 558/558 815/815 554/554
f 554/554 815/815 558/558
f 535/535 533/533 554/554
f 557/557 816/816 553/553
f 553/553 816/816 557/557
f 816/816 248/248 811/811
f 811/811 248/248 816/816
f 242/242 249/249 248/248
f 249/249 161/161 160/160
f 160/160 161/161 249/249
f 249/249 164/164 160/160
f 160/160 164/164 249/249
f 162/162 164/164 160/160
f 160/160 163/163 162/162
f 162/162 163/163 160/160
f 162/162 243/243 252/252
f 813/813 243/243 253/253
f 253/253 243/243 813/813
f 817/817 556/556 813/813
f 813/813 556/556 817/817
f 556/556 551/551 534/534
f 534/534 532/532 785/785
f 785/785 779/779 786/786
f 786/786 782/782 688/688
f 687/687 688/688 782/782
f 689/689 686/686 783/783
f 688/688 687/687 689/689
f 249/249 245/245 161/161
f 161/161 245/245 249/249
f 245/245 165/165 161/161
f 254/254 246/246 245/245
f 245/245 246/246 254/254
f 165/165 246/246 245/245
f 245/245 246/246 165/165
f 251/251 250/250 244/244
f 255/255 250/250 246/246
f 246/246 250/250 255/255
f 246/246 250/250 166/166
f 818/818 555/555 814/814
f 814/814 555/555 818/818
f 251/251 818/818 814/814
f 814/814 818/818 251/251
f 559/559 555/555 557/557
f 787/787 783/783 784/784
f 167/167 163/163 161/161
f 163/163 160/160 161/161
f 161/161 160/160 163/163
f 788/788 784/784 533/533
f 247/247 815/815 256/256
f 256/256 815/815 247/247
f 257/257 247/247 163/163
f 815/815 558/558 819/819
f 819/819 558/558 815/815
f 558/558 535/535 554/554
f 535/535 789/789 533/533
f 816/816 557/557 820/820
f 820/820 557/557 816/816
f 820/820 248/248 816/816
f 816/816 248/248 820/820
f 254/254 248/248 249/249
f 161/161 164/164 160/160
f 160/160 164/164 161/161
f 249/249 164/164 168/168
f 169/169 164/164 162/162
f 169/169 163/163 162/162
f 162/162 163/163 169/169
f 163/163 252/252 162/162
f 162/162 252/252 163/163
f 253/253 252/252 243/243
f 252/252 169/169 162/162
f 813/813 253/253 817/817
f 817/817 253/253 813/813
f 556/556 817/817 560/560
f 560/560 817/817 556/556
f 560/560 556/556 534/534
f 785/785 790/790 534/534
f 791/791 785/785 786/786
f 688/688 690/690 786/786
f 783/783 787/787 689/689
f 691/691 688/688 689/689
f 254/254 245/245 249/249
f 249/249 245/245 254/254
f 165/165 167/167 161/161
f 166/166 161/161 165/165
f 165/165 161/161 166/166
f 255/255 246/246 254/254
f 254/254 246/246 255/255
f 165/165 166/166 246/246
f 246/246 166/166 165/165
f 250/250 251/251 258/258
f 259/259 250/250 255/255
f 255/255 250/250 259/259
f 250/250 170/170 166/166
f 555/555 818/818 559/559
f 559/559 818/818 555/555
f 251/251 260/260 818/818
f 818/818 260/260 251/251
f 559/559 820/820 557/557
f 557/557 820/820 559/559
f 788/788 787/787 784/784
f 163/163 167/167 257/257
f 257/257 167/167 163/163
f 163/163 171/171 167/167
f 167/167 171/171 163/163
f 788/788 533/533 789/789
f 256/256 815/815 819/819
f 819/819 815/815 256/256
f 247/247 257/257 256/256
f 252/252 163/163 257/257
f 257/257 163/163 252/252
f 561/561 819/819 558/558
f 558/558 819/819 561/561
f 537/537 535/535 558/558
f 789/789 535/535 792/792
f 820/820 260/260 248/248
f 248/248 260/260 820/820
f 248/248 254/254 260/260
f 249/249 168/168 254/254
f 164/164 161/161 168/168
f 168/168 161/161 164/164
f 169/169 168/168 164/164
f 163/163 169/169 172/172
f 172/172 169/169 163/163
f 252/252 253/253 261/261
f 261/261 169/169 252/252
f 252/252 169/169 261/261
f 817/817 253/253 262/262
f 262/262 253/253 817/817
f 821/821 560/560 817/817
f 817/817 560/560 821/821
f 536/536 560/560 534/534
f 536/536 534/534 790/790
f 790/790 785/785 791/791
f 791/791 786/786 690/690
f 690/690 688/688 691/691
f 691/691 689/689 787/787
f 171/171 167/167 165/165
f 170/170 161/161 166/166
f 166/166 161/161 170/170
f 166/166 171/171 165/165
f 255/255 173/173 254/254
f 254/254 173/173 255/255
f 255/255 260/260 254/254
f 263/263 258/258 251/251
f 170/170 258/258 250/250
f 250/250 258/258 170/170
f 259/259 258/258 250/250
f 250/250 258/258 259/259
f 259/259 264/264 255/255
f 255/255 174/174 259/259
f 166/166 170/170 175/175
f 820/820 559/559 818/818
f 818/818 559/559 820/820
f 263/263 260/260 251/251
f 251/251 260/260 263/263
f 260/260 820/820 818/818
f 818/818 820/820 260/260
f 793/793 787/787 788/788
f 167/167 171/171 257/257
f 163/163 175/175 171/171
f 171/171 175/175 163/163
f 789/789 794/794 788/788
f 256/256 819/819 822/822
f 822/822 819/819 256/256
f 265/265 256/256 257/257
f 252/252 257/257 261/261
f 261/261 257/257 252/252
f 819/819 561/561 822/822
f 822/822 561/561 819/819
f 561/561 539/539 558/558
f 537/537 792/792 535/535
f 539/539 537/537 558/558
f 792/792 795/795 789/789
f 173/173 168/168 254/254
f 254/254 168/168 173/173
f 168/168 161/161 173/173
f 173/173 161/161 168/168
f 172/172 168/168 169/169
f 261/261 172/172 169/169
f 169/169 172/172 261/261
f 163/163 172/172 176/176
f 176/176 172/172 163/163
f 262/262 261/261 253/253
f 817/817 262/262 821/821
f 821/821 262/262 817/817
f 560/560 821/821 562/562
f 562/562 821/821 560/560
f 538/538 560/560 536/536
f 536/536 790/790 538/538
f 796/796 790/790 791/791
f 791/791 690/690 796/796
f 692/692 690/690 691/691
f 691/691 787/787 692/692
f 177/177 161/161 170/170
f 170/170 161/161 177/177
f 175/175 171/171 166/166
f 255/255 173/173 174/174
f 260/260 255/255 264/264
f 258/258 263/263 266/266
f 170/170 177/177 258/258
f 258/258 177/177 170/170
f 267/267 258/258 259/259
f 259/259 258/258 267/267
f 264/264 259/259 268/268
f 178/178 174/174 259/259
f 259/259 174/174 178/178
f 170/170 179/179 175/175
f 263/263 264/264 260/260
f 260/260 264/264 263/263
f 793/793 692/692 787/787
f 797/797 793/793 788/788
f 257/257 171/171 265/265
f 163/163 179/179 175/175
f 175/175 179/179 163/163
f 171/171 175/175 265/265
f 265/265 175/175 171/171
f 794/794 797/797 788/788
f 789/789 795/795 794/794
f 256/256 822/822 269/269
f 269/269 822/822 256/256
f 256/256 265/265 269/269
f 261/261 257/257 265/265
f 265/265 257/257 261/261
f 563/563 822/822 561/561
f 561/561 822/822 563/563
f 564/564 539/539 561/561
f 792/792 537/537 798/798
f 539/539 798/798 537/537
f 799/799 795/795 792/792
f 172/172 173/173 168/168
f 173/173 161/161 174/174
f 174/174 161/161 173/173
f 270/270 172/172 261/261
f 270/270 176/176 172/172
f 176/176 173/173 172/172
f 163/163 176/176 180/180
f 180/180 176/176 163/163
f 261/261 262/262 270/270
f 821/821 262/262 823/823
f 823/823 262/262 821/821
f 823/823 562/562 821/821
f 821/821 562/562 823/823
f 562/562 560/560 538/538
f 795/795 538/538 790/790
f 800/800 790/790 796/796
f 693/693 796/796 690/690
f 693/693 690/690 692/692
f 181/181 161/161 177/177
f 177/177 161/161 181/181
f 177/177 179/179 170/170
f 173/173 176/176 174/174
f 271/271 266/266 263/263
f 267/267 266/266 258/258
f 258/258 266/266 267/267
f 258/258 266/266 177/177
f 267/267 268/268 259/259
f 267/267 178/178 259/259
f 259/259 178/178 267/267
f 271/271 268/268 264/264
f 264/264 268/268 271/271
f 174/174 161/161 178/178
f 178/178 161/161 174/174
f 178/178 174/174 180/180
f 175/175 179/179 272/272
f 271/271 264/264 263/263
f 263/263 264/264 271/271
f 692/692 793/793 694/694
f 797/797 694/694 793/793
f 163/163 182/182 179/179
f 179/179 182/182 163/163
f 265/265 175/175 272/272
f 272/272 175/175 265/265
f 794/794 695/695 797/797
f 795/795 790/790 794/794
f 269/269 822/822 824/824
f 824/824 822/822 269/269
f 272/272 269/269 265/265
f 261/261 265/265 270/270
f 270/270 265/265 261/261
f 822/822 563/563 824/824
f 824/824 563/563 822/822
f 563/563 565/565 561/561
f 564/564 562/562 539/539
f 565/565 564/564 561/561
f 798/798 799/799 792/792
f 798/798 539/539 799/799
f 799/799 540/540 795/795
f 273/273 176/176 270/270
f 270/270 176/176 273/273
f 176/176 180/180 174/174
f 273/273 180/180 176/176
f 176/176 180/180 273/273
f 163/163 180/180 183/183
f 183/183 180/180 163/163
f 274/274 270/270 262/262
f 823/823 262/262 274/274
f 274/274 262/262 823/823
f 562/562 823/823 564/564
f 564/564 823/823 562/562
f 540/540 562/562 538/538
f 538/538 795/795 540/540
f 794/794 790/790 800/800
f 796/796 693/693 800/800
f 694/694 693/693 692/692
f 184/184 161/161 181/181
f 181/181 161/161 184/184
f 181/181 182/182 177/177
f 266/266 181/181 177/177
f 177/177 182/182 179/179
f 275/275 271/271 266/266
f 266/266 271/271 275/275
f 266/266 267/267 275/275
f 275/275 267/267 266/266
f 825/825 267/267 268/268
f 268/268 267/267 825/825
f 267/267 178/178 184/184
f 268/268 271/271 825/825
f 825/825 271/271 268/268
f 178/178 161/161 184/184
f 184/184 161/161 178/178
f 180/180 183/183 178/178
f 272/272 179/179 276/276
f 694/694 797/797 695/695
f 163/163 185/185 182/182
f 182/182 185/185 163/163
f 179/179 182/182 276/276
f 276/276 182/182 179/179
f 270/270 265/265 272/272
f 272/272 265/265 270/270
f 695/695 794/794 696/696
f 269/269 824/824 277/277
f 277/277 824/824 269/269
f 269/269 272/272 277/277
f 566/566 824/824 563/563
f 563/563 824/824 566/566
f 566/566 565/565 563/563
f 539/539 562/562 540/540
f 564/564 826/826 565/565
f 565/565 826/826 564/564
f 540/540 799/799 539/539
f 270/270 274/274 273/273
f 270/270 272/272 273/273
f 273/273 272/272 270/270
f 278/278 180/180 273/273
f 278/278 183/183 180/180
f 163/163 183/183 185/185
f 185/185 183/183 163/163
f 823/823 274/274 826/826
f 826/826 274/274 823/823
f 826/826 564/564 823/823
f 823/823 564/564 826/826
f 800/800 696/696 794/794
f 696/696 800/800 693/693
f 696/696 693/693 694/694
f 181/181 184/184 185/185
f 181/181 184/184 275/275
f 275/275 184/184 181/181
f 182/182 181/181 185/185
f 181/181 275/275 266/266
f 266/266 275/275 181/181
f 271/271 275/275 825/825
f 825/825 275/275 271/271
f 275/275 267/267 184/184
f 267/267 825/825 275/275
f 275/275 825/825 267/267
f 184/184 178/178 183/183
f 276/276 277/277 272/272
f 273/273 272/272 276/276
f 276/276 272/272 273/273
f 695/695 696/696 694/694
f 182/182 185/185 279/279
f 276/276 182/182 279/279
f 279/279 182/182 276/276
f 277/277 824/824 827/827
f 827/827 824/824 277/277
f 824/824 566/566 827/827
f 827/827 566/566 824/824
f 565/565 827/827 566/566
f 566/566 827/827 565/565
f 827/827 565/565 826/826
f 826/826 565/565 827/827
f 280/280 273/273 274/274
f 273/273 280/280 278/278
f 273/273 279/279 278/278
f 278/278 279/279 273/273
f 281/281 183/183 278/278
f 278/278 183/183 281/281
f 184/184 183/183 185/185
f 281/281 185/185 183/183
f 183/183 185/185 281/281
f 826/826 274/274 280/280
f 280/280 274/274 826/826
f 277/277 276/276 282/282
f 273/273 276/276 279/279
f 279/279 276/276 273/273
f 279/279 185/185 281/281
f 279/279 282/282 276/276
f 277/277 827/827 280/280
f 280/280 827/827 277/277
f 826/826 280/280 827/827
f 827/827 280/280 826/826
f 283/283 278/278 280/280
f 278/278 279/279 281/281
f 281/281 279/279 278/278
f 281/281 283/283 278/278
f 278/278 283/283 281/281
f 277/277 283/283 282/282
f 282/282 283/283 277/277
f 279/279 828/828 281/281
f 281/281 828/828 279/279
f 828/828 279/279 282/282
f 282/282 279/279 828/828
f 277/277 280/280 283/283
f 283/283 280/280 277/277
f 283/283 281/281 828/828
f 828/828 281/281 283/283
f 282/282 283/283 828/828
f 828/828 283/283 282/282
f 698/698 829/829 697/697
f 830/830 697/697 829/829
f 829/829 698/698 831/831
f 698/698 697/697 700/700
f 697/697 830/830 699/699
f 830/830 829/829 832/832
f 700/700 831/831 698/698
f 831/831 833/833 829/829
f 701/701 700/700 697/697
f 834/834 699/699 830/830
f 699/699 704/704 697/697
f 829/829 835/835 832/832
f 834/834 830/830 832/832
f 831/831 700/700 836/836
f 835/835 829/829 833/833
f 836/836 833/833 831/831
f 701/701 836/836 700/700
f 703/703 701/701 697/697
f 699/699 834/834 702/702
f 704/704 703/703 697/697
f 702/702 704/704 699/699
f 832/832 835/835 837/837
f 838/838 834/834 832/832
f 833/833 567/567 835/835
f 839/839 833/833 836/836
f 836/836 701/701 839/839
f 703/703 839/839 701/701
f 840/840 702/702 834/834
f 704/704 841/841 703/703
f 705/705 704/704 702/702
f 835/835 842/842 837/837
f 837/837 568/568 832/832
f 840/840 834/834 838/838
f 838/838 832/832 569/569
f 570/570 835/835 567/567
f 833/833 843/843 567/567
f 841/841 833/833 839/839
f 839/839 703/703 841/841
f 840/840 844/844 702/702
f 841/841 704/704 845/845
f 705/705 845/845 704/704
f 706/706 705/705 702/702
f 837/837 842/842 846/846
f 835/835 570/570 842/842
f 571/571 832/832 568/568
f 568/568 837/837 572/572
f 844/844 840/840 838/838
f 571/571 569/569 832/832
f 569/569 573/573 838/838
f 567/567 593/593 570/570
f 574/574 567/567 843/843
f 843/843 833/833 841/841
f 706/706 702/702 844/844
f 845/845 843/843 841/841
f 705/705 707/707 845/845
f 707/707 705/705 706/706
f 842/842 847/847 846/846
f 846/846 572/572 837/837
f 575/575 842/842 570/570
f 571/571 568/568 594/594
f 568/568 572/572 595/595
f 848/848 844/844 838/838
f 569/569 571/571 594/594
f 848/848 838/838 573/573
f 573/573 569/569 596/596
f 593/593 597/597 570/570
f 574/574 593/593 567/567
f 843/843 849/849 574/574
f 844/844 850/850 706/706
f 851/851 843/843 845/845
f 851/851 845/845 707/707
f 708/708 707/707 706/706
f 847/847 852/852 846/846
f 842/842 575/575 847/847
f 572/572 846/846 576/576
f 570/570 597/597 575/575
f 594/594 568/568 595/595
f 572/572 576/576 595/595
f 850/850 844/844 848/848
f 596/596 569/569 594/594
f 573/573 577/577 848/848
f 598/598 573/573 596/596
f 597/597 881/881 593/593
f 593/593 881/881 597/597
f 599/599 593/593 574/574
f 578/578 574/574 849/849
f 849/849 843/843 851/851
f 708/708 706/706 850/850
f 707/707 709/709 851/851
f 709/709 707/707 708/708
f 853/853 846/846 852/852
f 847/847 579/579 852/852
f 579/579 847/847 575/575
f 853/853 576/576 846/846
f 575/575 597/597 579/579
f 594/594 882/882 595/595
f 595/595 882/882 594/594
f 600/600 595/595 576/576
f 854/854 850/850 848/848
f 596/596 883/883 594/594
f 594/594 883/883 596/596
f 854/854 848/848 577/577
f 577/577 573/573 598/598
f 884/884 596/596 598/598
f 598/598 596/596 884/884
f 881/881 597/597 885/885
f 885/885 597/597 881/881
f 886/886 593/593 881/881
f 881/881 593/593 886/886
f 593/593 886/886 599/599
f 599/599 886/886 593/593
f 578/578 599/599 574/574
f 849/849 855/855 578/578
f 856/856 849/849 851/851
f 850/850 857/857 708/708
f 856/856 851/851 709/709
f 710/710 709/709 708/708
f 852/852 580/580 853/853
f 580/580 852/852 579/579
f 576/576 853/853 580/580
f 579/579 597/597 580/580
f 882/882 594/594 883/883
f 883/883 594/594 882/882
f 887/887 595/595 882/882
f 882/882 595/595 887/887
f 595/595 887/887 600/600
f 600/600 887/887 595/595
f 576/576 601/601 600/600
f 857/857 850/850 854/854
f 883/883 596/596 888/888
f 888/888 596/596 883/883
f 577/577 581/581 854/854
f 581/581 577/577 598/598
f 596/596 884/884 888/888
f 888/888 884/884 596/596
f 602/602 884/884 598/598
f 598/598 884/884 602/602
f 601/601 885/885 597/597
f 597/597 885/885 601/601
f 885/885 284/284 881/881
f 881/881 284/284 885/885
f 881/881 284/284 886/886
f 886/886 284/284 881/881
f 886/886 603/603 599/599
f 599/599 603/603 886/886
f 603/603 599/599 578/578
f 582/582 578/578 855/855
f 855/855 849/849 856/856
f 710/710 708/708 857/857
f 709/709 711/711 856/856
f 711/711 709/709 710/710
f 580/580 597/597 576/576
f 285/285 882/882 883/883
f 883/883 882/882 285/285
f 286/286 887/887 882/882
f 882/882 887/887 286/286
f 889/889 600/600 887/887
f 887/887 600/600 889/889
f 600/600 601/601 604/604
f 597/597 601/601 576/576
f 858/858 857/857 854/854
f 285/285 883/883 888/888
f 888/888 883/883 285/285
f 858/858 854/854 581/581
f 583/583 581/581 598/598
f 287/287 888/888 884/884
f 884/884 888/888 287/287
f 884/884 602/602 890/890
f 890/890 602/602 884/884
f 602/602 583/583 598/598
f 885/885 601/601 891/891
f 891/891 601/601 885/885
f 885/885 288/288 284/284
f 284/284 288/288 885/885
f 886/886 284/284 289/289
f 289/289 284/284 886/886
f 603/603 886/886 892/892
f 892/892 886/886 603/603
f 582/582 603/603 578/578
f 855/855 859/859 582/582
f 860/860 855/855 856/856
f 857/857 861/861 710/710
f 860/860 856/856 711/711
f 712/712 711/711 710/710
f 286/286 882/882 285/285
f 285/285 882/882 286/286
f 290/290 887/887 286/286
f 286/286 887/887 290/290
f 600/600 889/889 604/604
f 604/604 889/889 600/600
f 290/290 889/889 887/887
f 887/887 889/889 290/290
f 601/601 605/605 604/604
f 861/861 857/857 858/858
f 285/285 888/888 287/287
f 287/287 888/888 285/285
f 581/581 583/583 858/858
f 287/287 884/884 890/890
f 890/890 884/884 287/287
f 606/606 890/890 602/602
f 602/602 890/890 606/606
f 606/606 583/583 602/602
f 605/605 891/891 601/601
f 601/601 891/891 605/605
f 891/891 288/288 885/885
f 885/885 288/288 891/891
f 284/284 186/186 288/288
f 186/186 289/289 284/284
f 284/284 289/289 186/186
f 886/886 289/289 892/892
f 892/892 289/289 886/886
f 893/893 603/603 892/892
f 892/892 603/603 893/893
f 584/584 603/603 582/582
f 584/584 582/582 859/859
f 859/859 855/855 862/862
f 862/862 855/855 860/860
f 712/712 710/710 861/861
f 711/711 713/713 860/860
f 713/713 711/711 712/712
f 286/286 291/291 285/285
f 290/290 292/292 286/286
f 894/894 604/604 889/889
f 889/889 604/604 894/894
f 290/290 894/894 889/889
f 889/889 894/894 290/290
f 604/604 605/605 607/607
f 863/863 861/861 858/858
f 287/287 187/187 285/285
f 285/285 187/187 287/287
f 864/864 858/858 583/583
f 287/287 890/890 293/293
f 293/293 890/890 287/287
f 890/890 606/606 895/895
f 895/895 606/606 890/890
f 585/585 583/583 606/606
f 891/891 605/605 896/896
f 896/896 605/605 891/891
f 891/891 294/294 288/288
f 288/288 294/294 891/891
f 295/295 288/288 186/186
f 289/289 186/186 188/188
f 188/188 186/186 289/289
f 892/892 289/289 893/893
f 893/893 289/289 892/892
f 603/603 893/893 608/608
f 608/608 893/893 603/603
f 586/586 603/603 584/584
f 859/859 865/865 584/584
f 866/866 859/859 862/862
f 862/862 860/860 713/713
f 861/861 863/863 712/712
f 715/715 713/713 712/712
f 187/187 285/285 291/291
f 291/291 286/286 292/292
f 292/292 290/290 296/296
f 604/604 894/894 607/607
f 607/607 894/894 604/604
f 297/297 894/894 290/290
f 290/290 894/894 297/297
f 605/605 609/609 607/607
f 864/864 863/863 858/858
f 187/187 287/287 189/189
f 189/189 287/287 187/187
f 583/583 585/585 864/864
f 293/293 890/890 895/895
f 895/895 890/890 293/293
f 287/287 189/189 293/293
f 610/610 895/895 606/606
f 606/606 895/895 610/610
f 587/587 585/585 606/606
f 609/609 896/896 605/605
f 605/605 896/896 609/609
f 896/896 294/294 891/891
f 891/891 294/294 896/896
f 288/288 295/295 294/294
f 295/295 187/187 186/186
f 186/186 187/187 295/295
f 295/295 190/190 186/186
f 186/186 190/190 295/295
f 188/188 190/190 186/186
f 186/186 189/189 188/188
f 188/188 189/189 186/186
f 188/188 289/289 298/298
f 893/893 289/289 299/299
f 299/299 289/289 893/893
f 897/897 608/608 893/893
f 893/893 608/608 897/897
f 608/608 603/603 586/586
f 586/586 584/584 865/865
f 865/865 859/859 866/866
f 866/866 862/862 714/714
f 713/713 714/714 862/862
f 715/715 712/712 863/863
f 714/714 713/713 715/715
f 295/295 291/291 187/187
f 187/187 291/291 295/295
f 291/291 191/191 187/187
f 300/300 292/292 291/291
f 291/291 292/292 300/300
f 191/191 292/292 291/291
f 291/291 292/292 191/191
f 297/297 296/296 290/290
f 301/301 296/296 292/292
f 292/292 296/296 301/301
f 292/292 296/296 192/192
f 898/898 607/607 894/894
f 894/894 607/607 898/898
f 297/297 898/898 894/894
f 894/894 898/898 297/297
f 611/611 607/607 609/609
f 867/867 863/863 864/864
f 193/193 189/189 187/187
f 189/189 186/186 187/187
f 187/187 186/186 189/189
f 868/868 864/864 585/585
f 293/293 895/895 302/302
f 302/302 895/895 293/293
f 303/303 293/293 189/189
f 895/895 610/610 899/899
f 899/899 610/610 895/895
f 610/610 587/587 606/606
f 587/587 869/869 585/585
f 896/896 609/609 900/900
f 900/900 609/609 896/896
f 900/900 294/294 896/896
f 896/896 294/294 900/900
f 300/300 294/294 295/295
f 187/187 190/190 186/186
f 186/186 190/190 187/187
f 295/295 190/190 194/194
f 195/195 190/190 188/188
f 195/195 189/189 188/188
f 188/188 189/189 195/195
f 189/189 298/298 188/188
f 188/188 298/298 189/189
f 299/299 298/298 289/289
f 298/298 195/195 188/188
f 893/893 299/299 897/897
f 897/897 299/299 893/893
f 608/608 897/897 612/612
f 612/612 897/897 608/608
f 612/612 608/608 586/586
f 865/865 870/870 586/586
f 871/871 865/865 866/866
f 714/714 716/716 866/866
f 863/863 867/867 715/715
f 717/717 714/714 715/715
f 300/300 291/291 295/295
f 295/295 291/291 300/300
f 191/191 193/193 187/187
f 192/192 187/187 191/191
f 191/191 187/187 192/192
f 301/301 292/292 300/300
f 300/300 292/292 301/301
f 191/191 192/192 292/292
f 292/292 192/192 191/191
f 296/296 297/297 304/304
f 305/305 296/296 301/301
f 301/301 296/296 305/305
f 296/296 196/196 192/192
f 607/607 898/898 611/611
f 611/611 898/898 607/607
f 297/297 306/306 898/898
f 898/898 306/306 297/297
f 611/611 900/900 609/609
f 609/609 900/900 611/611
f 868/868 867/867 864/864
f 189/189 193/193 303/303
f 303/303 193/193 189/189
f 189/189 197/197 193/193
f 193/193 197/197 189/189
f 868/868 585/585 869/869
f 302/302 895/895 899/899
f 899/899 895/895 302/302
f 293/293 303/303 302/302
f 298/298 189/189 303/303
f 303/303 189/189 298/298
f 613/613 899/899 610/610
f 610/610 899/899 613/613
f 589/589 587/587 610/610
f 869/869 587/587 872/872
f 900/900 306/306 294/294
f 294/294 306/306 900/900
f 294/294 300/300 306/306
f 295/295 194/194 300/300
f 190/190 187/187 194/194
f 194/194 187/187 190/190
f 195/195 194/194 190/190
f 189/189 195/195 198/198
f 198/198 195/195 189/189
f 298/298 299/299 307/307
f 307/307 195/195 298/298
f 298/298 195/195 307/307
f 897/897 299/299 308/308
f 308/308 299/299 897/897
f 901/901 612/612 897/897
f 897/897 612/612 901/901
f 588/588 612/612 586/586
f 588/588 586/586 870/870
f 870/870 865/865 871/871
f 871/871 866/866 716/716
f 716/716 714/714 717/717
f 717/717 715/715 867/867
f 197/197 193/193 191/191
f 196/196 187/187 192/192
f 192/192 187/187 196/196
f 192/192 197/197 191/191
f 301/301 199/199 300/300
f 300/300 199/199 301/301
f 301/301 306/306 300/300
f 309/309 304/304 297/297
f 196/196 304/304 296/296
f 296/296 304/304 196/196
f 305/305 304/304 296/296
f 296/296 304/304 305/305
f 305/305 310/310 301/301
f 301/301 200/200 305/305
f 192/192 196/196 201/201
f 900/900 611/611 898/898
f 898/898 611/611 900/900
f 309/309 306/306 297/297
f 297/297 306/306 309/309
f 306/306 900/900 898/898
f 898/898 900/900 306/306
f 873/873 867/867 868/868
f 193/193 197/197 303/303
f 189/189 201/201 197/197
f 197/197 201/201 189/189
f 869/869 874/874 868/868
f 302/302 899/899 902/902
f 902/902 899/899 302/302
f 311/311 302/302 303/303
f 298/298 303/303 307/307
f 307/307 303/303 298/298
f 899/899 613/613 902/902
f 902/902 613/613 899/899
f 613/613 591/591 610/610
f 589/589 872/872 587/587
f 591/591 589/589 610/610
f 872/872 875/875 869/869
f 199/199 194/194 300/300
f 300/300 194/194 199/199
f 194/194 187/187 199/199
f 199/199 187/187 194/194
f 198/198 194/194 195/195
f 307/307 198/198 195/195
f 195/195 198/198 307/307
f 189/189 198/198 202/202
f 202/202 198/198 189/189
f 308/308 307/307 299/299
f 897/897 308/308 901/901
f 901/901 308/308 897/897
f 612/612 901/901 614/614
f 614/614 901/901 612/612
f 590/590 612/612 588/588
f 588/588 870/870 590/590
f 876/876 870/870 871/871
f 871/871 716/716 876/876
f 718/718 716/716 717/717
f 717/717 867/867 718/718
f 203/203 187/187 196/196
f 196/196 187/187 203/203
f 201/201 197/197 192/192
f 301/301 199/199 200/200
f 306/306 301/301 310/310
f 304/304 309/309 312/312
f 196/196 203/203 304/304
f 304/304 203/203 196/196
f 313/313 304/304 305/305
f 305/305 304/304 313/313
f 310/310 305/305 314/314
f 204/204 200/200 305/305
f 305/305 200/200 204/204
f 196/196 205/205 201/201
f 309/309 310/310 306/306
f 306/306 310/310 309/309
f 873/873 718/718 867/867
f 877/877 873/873 868/868
f 303/303 197/197 311/311
f 189/189 205/205 201/201
f 201/201 205/205 189/189
f 197/197 201/201 311/311
f 311/311 201/201 197/197
f 874/874 877/877 868/868
f 869/869 875/875 874/874
f 302/302 902/902 315/315
f 315/315 902/902 302/302
f 302/302 311/311 315/315
f 307/307 303/303 311/311
f 311/311 303/303 307/307
f 615/615 902/902 613/613
f 613/613 902/902 615/615
f 616/616 591/591 613/613
f 872/872 589/589 878/878
f 591/591 878/878 589/589
f 879/879 875/875 872/872
f 198/198 199/199 194/194
f 199/199 187/187 200/200
f 200/200 187/187 199/199
f 316/316 198/198 307/307
f 316/316 202/202 198/198
f 202/202 199/199 198/198
f 189/189 202/202 206/206
f 206/206 202/202 189/189
f 307/307 308/308 316/316
f 901/901 308/308 903/903
f 903/903 308/308 901/901
f 903/903 614/614 901/901
f 901/901 614/614 903/903
f 614/614 612/612 590/590
f 875/875 590/590 870/870
f 880/880 870/870 876/876
f 719/719 876/876 716/716
f 719/719 716/716 718/718
f 207/207 187/187 203/203
f 203/203 187/187 207/207
f 203/203 205/205 196/196
f 199/199 202/202 200/200
f 317/317 312/312 309/309
f 313/313 312/312 304/304
f 304/304 312/312 313/313
f 304/304 312/312 203/203
f 313/313 314/314 305/305
f 313/313 204/204 305/305
f 305/305 204/204 313/313
f 317/317 314/314 310/310
f 310/310 314/314 317/317
f 200/200 187/187 204/204
f 204/204 187/187 200/200
f 204/204 200/200 206/206
f 201/201 205/205 318/318
f 317/317 310/310 309/309
f 309/309 310/310 317/317
f 718/718 873/873 720/720
f 877/877 720/720 873/873
f 189/189 208/208 205/205
f 205/205 208/208 189/189
f 311/311 201/201 318/318
f 318/318 201/201 311/311
f 874/874 721/721 877/877
f 875/875 870/870 874/874
f 315/315 902/902 904/904
f 904/904 902/902 315/315
f 318/318 315/315 311/311
f 307/307 311/311 316/316
f 316/316 311/311 307/307
f 902/902 615/615 904/904
f 904/904 615/615 902/902
f 615/615 617/617 613/613
f 616/616 614/614 591/591
f 617/617 616/616 613/613
f 878/878 879/879 872/872
f 878/878 591/591 879/879
f 879/879 592/592 875/875
f 319/319 202/202 316/316
f 316/316 202/202 319/319
f 202/202 206/206 200/200
f 319/319 206/206 202/202
f 202/202 206/206 319/319
f 189/189 206/206 209/209
f 209/209 206/206 189/189
f 320/320 316/316 308/308
f 903/903 308/308 320/320
f 320/320 308/308 903/903
f 614/614 903/903 616/616
f 616/616 903/903 614/614
f 592/592 614/614 590/590
f 590/590 875/875 592/592
f 874/874 870/870 880/880
f 876/876 719/719 880/880
f 720/720 719/719 718/718
f 210/210 187/187 207/207
f 207/207 187/187 210/210
f 207/207 208/208 203/203
f 312/312 207/207 203/203
f 203/203 208/208 205/205
f 321/321 317/317 312/312
f 312/312 317/317 321/321
f 312/312 313/313 321/321
f 321/321 313/313 312/312
f 905/905 313/313 314/314
f 314/314 313/313 905/905
f 313/313 204/204 210/210
f 314/314 317/317 905/905
f 905/905 317/317 314/314
f 204/204 187/187 210/210
f 210/210 187/187 204/204
f 206/206 209/209 204/204
f 318/318 205/205 322/322
f 720/720 877/877 721/721
f 189/189 211/211 208/208
f 208/208 211/211 189/189
f 205/205 208/208 322/322
f 322/322 208/208 205/205
f 316/316 311/311 318/318
f 318/318 311/311 316/316
f 721/721 874/874 722/722
f 315/315 904/904 323/323
f 323/323 904/904 315/315
f 315/315 318/318 323/323
f 618/618 904/904 615/615
f 615/615 904/904 618/618
f 618/618 617/617 615/615
f 591/591 614/614 592/592
f 616/616 906/906 617/617
f 617/617 906/906 616/616
f 592/592 879/879 591/591
f 316/316 320/320 319/319
f 316/316 318/318 319/319
f 319/319 318/318 316/316
f 324/324 206/206 319/319
f 324/324 209/209 206/206
f 189/189 209/209 211/211
f 211/211 209/209 189/189
f 903/903 320/320 906/906
f 906/906 320/320 903/903
f 906/906 616/616 903/903
f 903/903 616/616 906/906
f 880/880 722/722 874/874
f 722/722 880/880 719/719
f 722/722 719/719 720/720
f 207/207 210/210 211/211
f 207/207 210/210 321/321
f 321/321 210/210 207/207
f 208/208 207/207 211/211
f 207/207 321/321 312/312
f 312/312 321/321 207/207
f 317/317 321/321 905/905
f 905/905 321/321 317/317
f 321/321 313/313 210/210
f 313/313 905/905 321/321
f 321/321 905/905 313/313
f 210/210 204/204 209/209
f 322/322 323/323 318/318
f 319/319 318/318 322/322
f 322/322 318/318 319/319
f 721/721 722/722 720/720
f 208/208 211/211 325/325
f 322/322 208/208 325/325
f 325/325 208/208 322/322
f 323/323 904/904 907/907
f 907/907 904/904 323/323
f 904/904 618/618 907/907
f 907/907 618/618 904/904
f 617/617 907/907 618/618
f 618/618 907/907 617/617
f 907/907 617/617 906/906
f 906/906 617/617 907/907
f 326/326 319/319 320/320
f 319/319 326/326 324/324
f 319/319 325/325 324/324
f 324/324 325/325 319/319
f 327/327 209/209 324/324
f 324/324 209/209 327/327
f 210/210 209/209 211/211
f 327/327 211/211 209/209
f 209/209 211/211 327/327
f 906/906 320/320 326/326
f 326/326 320/320 906/906
f 323/323 322/322 328/328
f 319/319 322/322 325/325
f 325/325 322/322 319/319
f 325/325 211/211 327/327
f 325/325 328/328 322/322
f 323/323 907/907 326/326
f 326/326 907/907 323/323
f 906/906 326/326 907/907
f 907/907 326/326 906/906
f 329/329 324/324 326/326
f 324/324 325/325 327/327
f 327/327 325/325 324/324
f 327/327 329/329 324/324
f 324/324 329/329 327/327
f 323/323 329/329 328/328
f 328/328 329/329 323/323
f 325/325 908/908 327/327
f 327/327 908/908 325/325
f 908/908 325/325 328/328
f 328/328 325/325 908/908
f 323/323 326/326 329/329
f 329/329 326/326 323/323
f 329/329 327/327 908/908
f 908/908 327/327 329/329
f 328/328 329/329 908/908
f 908/908 329/329 328/328
f 724/724 909/909 723/723
f 910/910 723/723 909/909
f 909/909 724/724 911/911
f 724/724 723/723 726/726
f 723/723 910/910 725/725
f 910/910 909/909 912/912
f 726/726 911/911 724/724
f 911/911 913/913 909/909
f 727/727 726/726 723/723
f 914/914 725/725 910/910
f 725/725 730/730 723/723
f 909/909 915/915 912/912
f 914/914 910/910 912/912
f 911/911 726/726 916/916
f 915/915 909/909 913/913
f 916/916 913/913 911/911
f 727/727 916/916 726/726
f 729/729 727/727 723/723
f 725/725 914/914 728/728
f 730/730 729/729 723/723
f 728/728 730/730 725/725
f 912/912 915/915 917/917
f 918/918 914/914 912/912
f 913/913 619/619 915/915
f 919/919 913/913 916/916
f 916/916 727/727 919/919
f 729/729 919/919 727/727
f 920/920 728/728 914/914
f 730/730 921/921 729/729
f 731/731 730/730 728/728
f 915/915 922/922 917/917
f 917/917 620/620 912/912
f 920/920 914/914 918/918
f 918/918 912/912 621/621
f 622/622 915/915 619/619
f 913/913 923/923 619/619
f 921/921 913/913 919/919
f 919/919 729/729 921/921
f 920/920 924/924 728/728
f 921/921 730/730 925/925
f 731/731 925/925 730/730
f 732/732 731/731 728/728
f 917/917 922/922 926/926
f 915/915 622/622 922/922
f 623/623 912/912 620/620
f 620/620 917/917 624/624
f 924/924 920/920 918/918
f 623/623 621/621 912/912
f 621/621 625/625 918/918
f 619/619 645/645 622/622
f 626/626 619/619 923/923
f 923/923 913/913 921/921
f 732/732 728/728 924/924
f 925/925 923/923 921/921
f 731/731 733/733 925/925
f 733/733 731/731 732/732
f 922/922 927/927 926/926
f 926/926 624/624 917/917
f 627/627 922/922 622/622
f 623/623 620/620 646/646
f 620/620 624/624 647/647
f 928/928 924/924 918/918
f 621/621 623/623 646/646
f 928/928 918/918 625/625
f 625/625 621/621 648/648
f 645/645 649/649 622/622
f 626/626 645/645 619/619
f 923/923 929/929 626/626
f 924/924 930/930 732/732
f 931/931 923/923 925/925
f 931/931 925/925 733/733
f 734/734 733/733 732/732
f 927/927 932/932 926/926
f 922/922 627/627 927/927
f 624/624 926/926 628/628
f 622/622 649/649 627/627
f 646/646 620/620 647/647
f 624/624 628/628 647/647
f 930/930 924/924 928/928
f 648/648 621/621 646/646
f 625/625 629/629 928/928
f 650/650 625/625 648/648
f 649/649 961/961 645/645
f 645/645 961/961 649/649
f 651/651 645/645 626/626
f 630/630 626/626 929/929
f 929/929 923/923 931/931
f 734/734 732/732 930/930
f 733/733 735/735 931/931
f 735/735 733/733 734/734
f 933/933 926/926 932/932
f 927/927 631/631 932/932
f 631/631 927/927 627/627
f 933/933 628/628 926/926
f 627/627 649/649 631/631
f 646/646 962/962 647/647
f 647/647 962/962 646/646
f 652/652 647/647 628/628
f 934/934 930/930 928/928
f 648/648 963/963 646/646
f 646/646 963/963 648/648
f 934/934 928/928 629/629
f 629/629 625/625 650/650
f 964/964 648/648 650/650
f 650/650 648/648 964/964
f 961/961 649/649 965/965
f 965/965 649/649 961/961
f 966/966 645/645 961/961
f 961/961 645/645 966/966
f 645/645 966/966 651/651
f 651/651 966/966 645/645
f 630/630 651/651 626/626
f 929/929 935/935 630/630
f 936/936 929/929 931/931
f 930/930 937/937 734/734
f 936/936 931/931 735/735
f 736/736 735/735 734/734
f 932/932 632/632 933/933
f 632/632 932/932 631/631
f 628/628 933/933 632/632
f 631/631 649/649 632/632
f 962/962 646/646 963/963
f 963/963 646/646 962/962
f 967/967 647/647 962/962
f 962/962 647/647 967/967
f 647/647 967/967 652/652
f 652/652 967/967 647/647
f 628/628 653/653 652/652
f 937/937 930/930 934/934
f 963/963 648/648 968/968
f 968/968 648/648 963/963
f 629/629 633/633 934/934
f 633/633 629/629 650/650
f 648/648 964/964 968/968
f 968/968 964/964 648/648
f 654/654 964/964 650/650
f 650/650 964/964 654/654
f 653/653 965/965 649/649
f 649/649 965/965 653/653
f 965/965 330/330 961/961
f 961/961 330/330 965/965
f 961/961 330/330 966/966
f 966/966 330/330 961/961
f 966/966 655/655 651/651
f 651/651 655/655 966/966
f 655/655 651/651 630/630
f 634/634 630/630 935/935
f 935/935 929/929 936/936
f 736/736 734/734 937/937
f 735/735 737/737 936/936
f 737/737 735/735 736/736
f 632/632 649/649 628/628
f 331/331 962/962 963/963
f 963/963 962/962 331/331
f 332/332 967/967 962/962
f 962/962 967/967 332/332
f 969/969 652/652 967/967
f 967/967 652/652 969/969
f 652/652 653/653 656/656
f 649/649 653/653 628/628
f 938/938 937/937 934/934
f 331/331 963/963 968/968
f 968/968 963/963 331/331
f 938/938 934/934 633/633
f 635/635 633/633 650/650
f 333/333 968/968 964/964
f 964/964 968/968 333/333
f 964/964 654/654 970/970
f 970/970 654/654 964/964
f 654/654 635/635 650/650
f 965/965 653/653 971/971
f 971/971 653/653 965/965
f 965/965 334/334 330/330
f 330/330 334/334 965/965
f 966/966 330/330 335/335
f 335/335 330/330 966/966
f 655/655 966/966 972/972
f 972/972 966/966 655/655
f 634/634 655/655 630/630
f 935/935 939/939 634/634
f 940/940 935/935 936/936
f 937/937 941/941 736/736
f 940/940 936/936 737/737
f 738/738 737/737 736/736
f 332/332 962/962 331/331
f 331/331 962/962 332/332
f 336/336 967/967 332/332
f 332/332 967/967 336/336
f 652/652 969/969 656/656
f 656/656 969/969 652/652
f 336/336 969/969 967/967
f 967/967 969/969 336/336
f 653/653 657/657 656/656
f 941/941 937/937 938/938
f 331/331 968/968 333/333
f 333/333 968/968 331/331
f 633/633 635/635 938/938
f 333/333 964/964 970/970
f 970/970 964/964 333/333
f 658/658 970/970 654/654
f 654/654 970/970 658/658
f 658/658 635/635 654/654
f 657/657 971/971 653/653
f 653/653 971/971 657/657
f 971/971 334/334 965/965
f 965/965 334/334 971/971
f 330/330 212/212 334/334
f 212/212 335/335 330/330
f 330/330 335/335 212/212
f 966/966 335/335 972/972
f 972/972 335/335 966/966
f 973/973 655/655 972/972
f 972/972 655/655 973/973
f 636/636 655/655 634/634
f 636/636 634/634 939/939
f 939/939 935/935 942/942
f 942/942 935/935 940/940
f 738/738 736/736 941/941
f 737/737 739/739 940/940
f 739/739 737/737 738/738
f 332/332 337/337 331/331
f 336/336 338/338 332/332
f 974/974 656/656 969/969
f 969/969 656/656 974/974
f 336/336 974/974 969/969
f 969/969 974/974 336/336
f 656/656 657/657 659/659
f 943/943 941/941 938/938
f 333/333 213/213 331/331
f 331/331 213/213 333/333
f 944/944 938/938 635/635
f 333/333 970/970 339/339
f 339/339 970/970 333/333
f 970/970 658/658 975/975
f 975/975 658/658 970/970
f 637/637 635/635 658/658
f 971/971 657/657 976/976
f 976/976 657/657 971/971
f 971/971 340/340 334/334
f 334/334 340/340 971/971
f 341/341 334/334 212/212
f 335/335 212/212 214/214
f 214/214 212/212 335/335
f 972/972 335/335 973/973
f 973/973 335/335 972/972
f 655/655 973/973 660/660
f 660/660 973/973 655/655
f 638/638 655/655 636/636
f 939/939 945/945 636/636
f 946/946 939/939 942/942
f 942/942 940/940 739/739
f 941/941 943/943 738/738
f 741/741 739/739 738/738
f 213/213 331/331 337/337
f 337/337 332/332 338/338
f 338/338 336/336 342/342
f 656/656 974/974 659/659
f 659/659 974/974 656/656
f 343/343 974/974 336/336
f 336/336 974/974 343/343
f 657/657 661/661 659/659
f 944/944 943/943 938/938
f 213/213 333/333 215/215
f 215/215 333/333 213/213
f 635/635 637/637 944/944
f 339/339 970/970 975/975
f 975/975 970/970 339/339
f 333/333 215/215 339/339
f 662/662 975/975 658/658
f 658/658 975/975 662/662
f 639/639 637/637 658/658
f 661/661 976/976 657/657
f 657/657 976/976 661/661
f 976/976 340/340 971/971
f 971/971 340/340 976/976
f 334/334 341/341 340/340
f 341/341 213/213 212/212
f 212/212 213/213 341/341
f 341/341 216/216 212/212
f 212/212 216/216 341/341
f 214/214 216/216 212/212
f 212/212 215/215 214/214
f 214/214 215/215 212/212
f 214/214 335/335 344/344
f 973/973 335/335 345/345
f 345/345 335/335 973/973
f 977/977 660/660 973/973
f 973/973 660/660 977/977
f 660/660 655/655 638/638
f 638/638 636/636 945/945
f 945/945 939/939 946/946
f 946/946 942/942 740/740
f 739/739 740/740 942/942
f 741/741 738/738 943/943
f 740/740 739/739 741/741
f 341/341 337/337 213/213
f 213/213 337/337 341/341
f 337/337 217/217 213/213
f 346/346 338/338 337/337
f 337/337 338/338 346/346
f 217/217 338/338 337/337
f 337/337 338/338 217/217
f 343/343 342/342 336/336
f 347/347 342/342 338/338
f 338/338 342/342 347/347
f 338/338 342/342 218/218
f 978/978 659/659 974/974
f 974/974 659/659 978/978
f 343/343 978/978 974/974
f 974/974 978/978 343/343
f 663/663 659/659 661/661
f 947/947 943/943 944/944
f 219/219 215/215 213/213
f 215/215 212/212 213/213
f 213/213 212/212 215/215
f 948/948 944/944 637/637
f 339/339 975/975 348/348
f 348/348 975/975 339/339
f 349/349 339/339 215/215
f 975/975 662/662 979/979
f 979/979 662/662 975/975
f 662/662 639/639 658/658
f 639/639 949/949 637/637
f 976/976 661/661 980/980
f 980/980 661/661 976/976
f 980/980 340/340 976/976
f 976/976 340/340 980/980
f 346/346 340/340 341/341
f 213/213 216/216 212/212
f 212/212 216/216 213/213
f 341/341 216/216 220/220
f 221/221 216/216 214/214
f 221/221 215/215 214/214
f 214/214 215/215 221/221
f 215/215 344/344 214/214
f 214/214 344/344 215/215
f 345/345 344/344 335/335
f 344/344 221/221 214/214
f 973/973 345/345 977/977
f 977/977 345/345 973/973
f 660/660 977/977 664/664
f 664/664 977/977 660/660
f 664/664 660/660 638/638
f 945/945 950/950 638/638
f 951/951 945/945 946/946
f 740/740 742/742 946/946
f 943/943 947/947 741/741
f 743/743 740/740 741/741
f 346/346 337/337 341/341
f 341/341 337/337 346/346
f 217/217 219/219 213/213
f 218/218 213/213 217/217
f 217/217 213/213 218/218
f 347/347 338/338 346/346
f 346/346 338/338 347/347
f 217/217 218/218 338/338
f 338/338 218/218 217/217
f 342/342 343/343 350/350
f 351/351 342/342 347/347
f 347/347 342/342 351/351
f 342/342 222/222 218/218
f 659/659 978/978 663/663
f 663/663 978/978 659/659
f 343/343 352/352 978/978
f 978/978 352/352 343/343
f 663/663 980/980 661/661
f 661/661 980/980 663/663
f 948/948 947/947 944/944
f 215/215 219/219 349/349
f 349/349 219/219 215/215
f 215/215 223/223 219/219
f 219/219 223/223 215/215
f 948/948 637/637 949/949
f 348/348 975/975 979/979
f 979/979 975/975 348/348
f 339/339 349/349 348/348
f 344/344 215/215 349/349
f 349/349 215/215 344/344
f 665/665 979/979 662/662
f 662/662 979/979 665/665
f 641/641 639/639 662/662
f 949/949 639/639 952/952
f 980/980 352/352 340/340
f 340/340 352/352 980/980
f 340/340 346/346 352/352
f 341/341 220/220 346/346
f 216/216 213/213 220/220
f 220/220 213/213 216/216
f 221/221 220/220 216/216
f 215/215 221/221 224/224
f 224/224 221/221 215/215
f 344/344 345/345 353/353
f 353/353 221/221 344/344
f 344/344 221/221 353/353
f 977/977 345/345 354/354
f 354/354 345/345 977/977
f 981/981 664/664 977/977
f 977/977 664/664 981/981
f 640/640 664/664 638/638
f 640/640 638/638 950/950
f 950/950 945/945 951/951
f 951/951 946/946 742/742
f 742/742 740/740 743/743
f 743/743 741/741 947/947
f 223/223 219/219 217/217
f 222/222 213/213 218/218
f 218/218 213/213 222/222
f 218/218 223/223 217/217
f 347/347 225/225 346/346
f 346/346 225/225 347/347
f 347/347 352/352 346/346
f 355/355 350/350 343/343
f 222/222 350/350 342/342
f 342/342 350/350 222/222
f 351/351 350/350 342/342
f 342/342 350/350 351/351
f 351/351 356/356 347/347
f 347/347 226/226 351/351
f 218/218 222/222 227/227
f 980/980 663/663 978/978
f 978/978 663/663 980/980
f 355/355 352/352 343/343
f 343/343 352/352 355/355
f 352/352 980/980 978/978
f 978/978 980/980 352/352
f 953/953 947/947 948/948
f 219/219 223/223 349/349
f 215/215 227/227 223/223
f 223/223 227/227 215/215
f 949/949 954/954 948/948
f 348/348 979/979 982/982
f 982/982 979/979 348/348
f 357/357 348/348 349/349
f 344/344 349/349 353/353
f 353/353 349/349 344/344
f 979/979 665/665 982/982
f 982/982 665/665 979/979
f 665/665 643/643 662/662
f 641/641 952/952 639/639
f 643/643 641/641 662/662
f 952/952 955/955 949/949
f 225/225 220/220 346/346
f 346/346 220/220 225/225
f 220/220 213/213 225/225
f 225/225 213/213 220/220
f 224/224 220/220 221/221
f 353/353 224/224 221/221
f 221/221 224/224 353/353
f 215/215 224/224 228/228
f 228/228 224/224 215/215
f 354/354 353/353 345/345
f 977/977 354/354 981/981
f 981/981 354/354 977/977
f 664/664 981/981 666/666
f 666/666 981/981 664/664
f 642/642 664/664 640/640
f 640/640 950/950 642/642
f 956/956 950/950 951/951
f 951/951 742/742 956/956
f 744/744 742/742 743/743
f 743/743 947/947 744/744
f 229/229 213/213 222/222
f 222/222 213/213 229/229
f 227/227 223/223 218/218
f 347/347 225/225 226/226
f 352/352 347/347 356/356
f 350/350 355/355 358/358
f 222/222 229/229 350/350
f 350/350 229/229 222/222
f 359/359 350/350 351/351
f 351/351 350/350 359/359
f 356/356 351/351 360/360
f 230/230 226/226 351/351
f 351/351 226/226 230/230
f 222/222 231/231 227/227
f 355/355 356/356 352/352
f 352/352 356/356 355/355
f 953/953 744/744 947/947
f 957/957 953/953 948/948
f 349/349 223/223 357/357
f 215/215 231/231 227/227
f 227/227 231/231 215/215
f 223/223 227/227 357/357
f 357/357 227/227 223/223
f 954/954 957/957 948/948
f 949/949 955/955 954/954
f 348/348 982/982 361/361
f 361/361 982/982 348/348
f 348/348 357/357 361/361
f 353/353 349/349 357/357
f 357/357 349/349 353/353
f 667/667 982/982 665/665
f 665/665 982/982 667/667
f 668/668 643/643 665/665
f 952/952 641/641 958/958
f 643/643 958/958 641/641
f 959/959 955/955 952/952
f 224/224 225/225 220/220
f 225/225 213/213 226/226
f 226/226 213/213 225/225
f 362/362 224/224 353/353
f 362/362 228/228 224/224
f 228/228 225/225 224/224
f 215/215 228/228 232/232
f 232/232 228/228 215/215
f 353/353 354/354 362/362
f 981/981 354/354 983/983
f 983/983 354/354 981/981
f 983/983 666/666 981/981
f 981/981 666/666 983/983
f 666/666 664/664 642/642
f 955/955 642/642 950/950
f 960/960 950/950 956/956
f 745/745 956/956 742/742
f 745/745 742/742 744/744
f 233/233 213/213 229/229
f 229/229 213/213 233/233
f 229/229 231/231 222/222
f 225/225 228/228 226/226
f 363/363 358/358 355/355
f 359/359 358/358 350/350
f 350/350 358/358 359/359
f 350/350 358/358 229/229
f 359/359 360/360 351/351
f 359/359 230/230 351/351
f 351/351 230/230 359/359
f 363/363 360/360 356/356
f 356/356 360/360 363/363
f 226/226 213/213 230/230
f 230/230 213/213 226/226
f 230/230 226/226 232/232
f 227/227 231/231 364/364
f 363/363 356/356 355/355
f 355/355 356/356 363/363
f 744/744 953/953 746/746
f 957/957 746/746 953/953
f 215/215 234/234 231/231
f 231/231 234/234 215/215
f 357/357 227/227 364/364
f 364/364 227/227 357/357
f 954/954 747/747 957/957
f 955/955 950/950 954/954
f 361/361 982/982 984/984
f 984/984 982/982 361/361
f 364/364 361/361 357/357
f 353/353 357/357 362/362
f 362/362 357/357 353/353
f 982/982 667/667 984/984
f 984/984 667/667 982/982
f 667/667 669/669 665/665
f 668/668 666/666 643/643
f 669/669 668/668 665/665
f 958/958 959/959 952/952
f 958/958 643/643 959/959
f 959/959 644/644 955/955
f 365/365 228/228 362/362
f 362/362 228/228 365/365
f 228/228 232/232 226/226
f 365/365 232/232 228/228
f 228/228 232/232 365/365
f 215/215 232/232 235/235
f 235/235 232/232 215/215
f 366/366 362/362 354/354
f 983/983 354/354 366/366
f 366/366 354/354 983/983
f 666/666 983/983 668/668
f 668/668 983/983 666/666
f 644/644 666/666 642/642
f 642/642 955/955 644/644
f 954/954 950/950 960/960
f 956/956 745/745 960/960
f 746/746 745/745 744/744
f 236/236 213/213 233/233
f 233/233 213/213 236/236
f 233/233 234/234 229/229
f 358/358 233/233 229/229
f 229/229 234/234 231/231
f 367/367 363/363 358/358
f 358/358 363/363 367/367
f 358/358 359/359 367/367
f 367/367 359/359 358/358
f 985/985 359/359 360/360
f 360/360 359/359 985/985
f 359/359 230/230 236/236
f 360/360 363/363 985/985
f 985/985 363/363 360/360
f 230/230 213/213 236/236
f 236/236 213/213 230/230
f 232/232 235/235 230/230
f 364/364 231/231 368/368
f 746/746 957/957 747/747
f 215/215 237/237 234/234
f 234/234 237/237 215/215
f 231/231 234/234 368/368
f 368/368 234/234 231/231
f 362/362 357/357 364/364
f 364/364 357/357 362/362
f 747/747 954/954 748/748
f 361/361 984/984 369/369
f 369/369 984/984 361/361
f 361/361 364/364 369/369
f 670/670 984/984 667/667
f 667/667 984/984 670/670
f 670/670 669/669 667/667
f 643/643 666/666 644/644
f 668/668 986/986 669/669
f 669/669 986/986 668/668
f 644/644 959/959 643/643
f 362/362 366/366 365/365
f 362/362 364/364 365/365
f 365/365 364/364 362/362
f 370/370 232/232 365/365
f 370/370 235/235 232/232
f 215/215 235/235 237/237
f 237/237 235/235 215/215
f 983/983 366/366 986/986
f 986/986 366/366 983/983
f 986/986 668/668 983/983
f 983/983 668/668 986/986
f 960/960 748/748 954/954
f 748/748 960/960 745/745
f 748/748 745/745 746/746
f 233/233 236/236 237/237
f 233/233 236/236 367/367
f 367/367 236/236 233/233
f 234/234 233/233 237/237
f 233/233 367/367 358/358
f 358/358 367/367 233/233
f 363/363 367/367 985/985
f 985/985 367/367 363/363
f 367/367 359/359 236/236
f 359/359 985/985 367/367
f 367/367 985/985 359/359
f 236/236 230/230 235/235
f 368/368 369/369 364/364
f 365/365 364/364 368/368
f 368/368 364/364 365/365
f 747/747 748/748 746/746
f 234/234 237/237 371/371
f 368/368 234/234 371/371
f 371/371 234/234 368/368
f 369/369 984/984 987/987
f 987/987 984/984 369/369
f 984/984 670/670 987/987
f 987/987 670/670 984/984
f 669/669 987/987 670/670
f 670/670 987/987 669/669
f 987/987 669/669 986/986
f 986/986 669/669 987/987
f 372/372 365/365 366/366
f 365/365 372/372 370/370
f 365/365 371/371 370/370
f 370/370 371/371 365/365
f 373/373 235/235 370/370
f 370/370 235/235 373/373
f 236/236 235/235 237/237
f 373/373 237/237 235/235
f 235/235 237/237 373/373
f 986/986 366/366 372/372
f 372/372 366/366 986/986
f 369/369 368/368 374/374
f 365/365 368/368 371/371
f 371/371 368/368 365/365
f 371/371 237/237 373/373
f 371/371 374/374 368/368
f 369/369 987/987 372/372
f 372/372 987/987 369/369
f 986/986 372/372 987/987
f 987/987 372/372 986/986
f 375/375 370/370 372/372
f 370/370 371/371 373/373
f 373/373 371/371 370/370
f 373/373 375/375 370/370
f 370/370 375/375 373/373
f 369/369 375/375 374/374
f 374/374 375/375 369/369
f 371/371 988/988 373/373
f 373/373 988/988 371/371
f 988/988 371/371 374/374
f 374/374 371/371 988/988
f 369/369 372/372 375/375
f 375/375 372/372 369/369
f 375/375 373/373 988/988
f 988/988 373/373 375/375
f 374/374 375/375 988/988
f 988/988 375/375 374/374
f 383/383 396/396 381/381
f 396/396 383/383 397/397
f 402/402 989/989 403/403
f 403/403 989/989 404/404
f 405/405 990/990 402/402
f 989/989 402/402 990/990
f 991/991 404/404 989/989
f 991/991 405/405 404/404
f 405/405 992/992 990/990
f 408/408 989/989 990/990
f 989/989 64/64 991/991
f 992/992 405/405 991/991
f 63/63 990/990 992/992
f 989/989 408/408 407/407
f 990/990 63/63 408/408
f 64/64 989/989 407/407
f 64/64 992/992 991/991
f 992/992 64/64 63/63
f 408/408 993/993 407/407
f 993/993 408/408 409/409
f 407/407 993/993 410/410
f 409/409 994/994 993/993
f 993/993 416/416 410/410
f 420/420 65/65 66/66
f 412/412 421/421 406/406
f 423/423 412/412 406/406
f 409/409 419/419 994/994
f 994/994 416/416 993/993
f 420/420 423/423 65/65
f 427/427 411/411 415/415
f 411/411 428/428 415/415
f 406/406 421/421 422/422
f 412/412 423/423 429/429
f 419/419 53/53 994/994
f 994/994 27/27 416/416
f 418/418 425/425 413/413
f 417/417 431/431 414/414
f 420/420 67/67 423/423
f 411/411 427/427 420/420
f 415/415 428/428 432/432
f 422/422 421/421 434/434
f 68/68 429/429 423/423
f 53/53 419/419 32/32
f 994/994 53/53 27/27
f 424/424 435/435 418/418
f 418/418 435/435 425/425
f 414/414 431/431 426/426
f 427/427 67/67 420/420
f 69/69 423/423 67/67
f 428/428 430/430 432/432
f 422/422 434/434 424/424
f 70/70 429/429 68/68
f 68/68 423/423 71/71
f 424/424 434/434 435/435
f 426/426 431/431 436/436
f 426/426 436/436 430/430
f 427/427 72/72 67/67
f 71/71 423/423 69/69
f 433/433 74/74 427/427
f 432/432 430/430 436/436
f 70/70 443/443 429/429
f 72/72 427/427 74/74
f 449/449 74/74 433/433
f 80/80 443/443 70/70
f 54/54 995/995 42/42
f 40/40 450/450 54/54
f 459/459 437/437 440/440
f 449/449 82/82 74/74
f 80/80 465/465 443/443
f 42/42 995/995 444/444
f 450/450 995/995 54/54
f 437/437 459/459 996/996
f 449/449 87/87 82/82
f 448/448 477/477 449/449
f 88/88 465/465 80/80
f 444/444 995/995 466/466
f 995/995 450/450 473/473
f 455/455 453/453 438/438
f 996/996 459/459 997/997
f 998/998 437/437 996/996
f 437/437 998/998 460/460
f 448/448 479/479 481/481
f 477/477 448/448 481/481
f 477/477 87/87 449/449
f 95/95 465/465 88/88
f 465/465 495/495 464/464
f 84/84 999/999 90/90
f 995/995 485/485 466/466
f 995/995 473/473 486/486
f 453/453 455/455 1000/1000
f 997/997 459/459 1001/1001
f 1002/1002 996/996 997/997
f 996/996 1002/1002 998/998
f 460/460 479/479 472/472
f 479/479 448/448 472/472
f 998/998 494/494 460/460
f 477/477 104/104 87/87
f 95/95 496/496 465/465
f 495/495 465/465 496/496
f 495/495 489/489 464/464
f 1004/1004 84/84 97/97
f 999/999 100/100 90/90
f 999/999 84/84 1004/1004
f 91/91 1005/1005 101/101
f 485/485 498/498 466/466
f 485/485 995/995 499/499
f 473/473 1006/1006 486/486
f 995/995 486/486 499/499
f 1007/1007 92/92 102/102
f 1008/1008 103/103 92/92
f 500/500 1000/1000 455/455
f 453/453 1000/1000 1011/1011
f 1001/1001 459/459 1012/1012
f 1013/1013 997/997 1001/1001
f 997/997 1013/1013 1002/1002
f 1002/1002 1015/1015 998/998
f 1003/1003 459/459 480/480
f 494/494 1003/1003 480/480
f 460/460 494/494 479/479
f 998/998 1015/1015 494/494
f 492/492 104/104 477/477
f 1006/1006 473/473 483/483
f 110/110 496/496 95/95
f 489/489 495/495 502/502
f 115/115 1004/1004 97/97
f 100/100 999/999 1016/1016
f 1008/1008 999/999 1004/1004
f 1005/1005 91/91 1009/1009
f 498/498 485/485 1017/1017
f 499/499 1017/1017 485/485
f 1018/1018 486/486 1006/1006
f 486/486 1018/1018 499/499
f 92/92 1007/1007 1008/1008
f 102/102 1019/1019 1007/1007
f 1008/1008 115/115 103/103
f 1000/1000 500/500 1021/1021
f 1021/1021 1011/1011 1000/1000
f 453/453 1011/1011 1022/1022
f 1012/1012 459/459 1023/1023
f 1012/1012 1013/1013 1001/1001
f 1013/1013 1025/1025 1002/1002
f 1015/1015 1014/1014 1003/1003
f 1014/1014 459/459 1003/1003
f 1002/1002 1025/1025 1015/1015
f 1003/1003 494/494 1015/1015
f 453/453 1010/1010 493/493
f 118/118 484/484 478/478
f 492/492 119/119 104/104
f 1019/1019 102/102 108/108
f 120/120 482/482 484/484
f 482/482 121/121 483/483
f 1017/1017 1006/1006 483/483
f 110/110 478/478 496/496
f 493/493 1026/1026 497/497
f 497/497 489/489 502/502
f 1004/1004 115/115 1008/1008
f 1028/1028 1016/1016 999/999
f 1016/1016 123/123 100/100
f 1008/1008 1029/1029 999/999
f 1017/1017 483/483 498/498
f 498/498 483/483 487/487
f 1017/1017 499/499 1018/1018
f 1006/1006 1017/1017 1018/1018
f 487/487 128/128 488/488
f 488/488 119/119 492/492
f 1007/1007 1029/1029 1008/1008
f 1019/1019 1030/1030 1007/1007
f 1031/1031 1010/1010 1020/1020
f 1010/1010 453/453 1020/1020
f 1026/1026 493/493 1010/1010
f 1026/1026 1021/1021 500/500
f 497/497 500/500 489/489
f 1011/1011 1021/1021 1032/1032
f 1032/1032 1022/1022 1011/1011
f 453/453 1022/1022 1034/1034
f 1023/1023 459/459 1035/1035
f 1023/1023 1036/1036 1012/1012
f 1013/1013 1012/1012 1036/1036
f 1025/1025 1024/1024 1014/1014
f 1024/1024 459/459 1014/1014
f 1013/1013 1038/1038 1025/1025
f 1014/1014 1015/1015 1025/1025
f 131/131 484/484 118/118
f 118/118 478/478 110/110
f 132/132 1019/1019 108/108
f 134/134 482/482 120/120
f 120/120 484/484 131/131
f 121/121 482/482 134/134
f 487/487 483/483 121/121
f 1026/1026 500/500 497/497
f 1039/1039 1016/1016 1028/1028
f 1028/1028 999/999 1029/1029
f 123/123 1016/1016 1040/1040
f 487/487 140/140 128/128
f 488/488 128/128 141/141
f 488/488 141/141 119/119
f 1007/1007 1041/1041 1029/1029
f 1019/1019 1042/1042 1030/1030
f 1007/1007 1030/1030 1041/1041
f 1010/1010 1031/1031 1026/1026
f 1020/1020 1043/1043 1031/1031
f 1020/1020 453/453 1033/1033
f 1031/1031 1021/1021 1026/1026
f 1031/1031 1032/1032 1021/1021
f 1043/1043 1020/1020 1033/1033
f 1022/1022 1032/1032 1044/1044
f 1022/1022 1046/1046 1034/1034
f 453/453 1034/1034 1047/1047
f 459/459 1048/1048 1035/1035
f 1035/1035 1049/1049 1023/1023
f 1036/1036 1023/1023 1049/1049
f 1036/1036 1038/1038 1013/1013
f 1024/1024 1050/1050 1037/1037
f 1037/1037 459/459 1024/1024
f 1024/1024 1025/1025 1038/1038
f 1019/1019 132/132 1051/1051
f 487/487 121/121 140/140
f 1027/1027 136/136 114/114
f 136/136 1027/1027 138/138
f 1052/1052 1016/1016 1039/1039
f 1028/1028 13/13 1039/1039
f 1029/1029 14/14 1028/1028
f 1052/1052 1040/1040 1016/1016
f 1053/1053 123/123 1040/1040
f 1041/1041 15/15 1029/1029
f 1051/1051 1042/1042 1019/1019
f 1042/1042 16/16 1030/1030
f 16/16 1041/1041 1030/1030
f 1043/1043 1032/1032 1031/1031
f 1033/1033 453/453 1045/1045
f 1045/1045 1043/1043 1033/1033
f 1043/1043 1044/1044 1032/1032
f 1046/1046 1022/1022 1044/1044
f 1055/1055 1034/1034 1046/1046
f 1034/1034 1055/1055 1047/1047
f 453/453 1047/1047 1057/1057
f 1048/1048 459/459 1037/1037
f 1048/1048 1058/1058 1035/1035
f 1049/1049 1035/1035 1058/1058
f 1049/1049 1050/1050 1036/1036
f 1037/1037 1059/1059 1048/1048
f 1036/1036 1050/1050 1038/1038
f 1050/1050 1024/1024 1038/1038
f 1059/1059 1037/1037 1050/1050
f 148/148 1051/1051 132/132
f 123/123 1053/1053 148/148
f 13/13 1052/1052 1039/1039
f 13/13 1028/1028 14/14
f 14/14 1029/1029 15/15
f 1060/1060 1040/1040 1052/1052
f 1060/1060 1053/1053 1040/1040
f 1054/1054 151/151 139/139
f 15/15 1041/1041 17/17
f 1042/1042 1051/1051 1060/1060
f 16/16 1042/1042 18/18
f 1041/1041 16/16 17/17
f 1045/1045 453/453 1056/1056
f 1043/1043 1045/1045 1061/1061
f 1061/1061 1044/1044 1043/1043
f 1061/1061 1046/1046 1044/1044
f 1062/1062 1055/1055 1046/1046
f 1056/1056 1061/1061 1045/1045
f 1063/1063 1047/1047 1055/1055
f 1047/1047 1063/1063 1057/1057
f 1056/1056 453/453 1057/1057
f 1058/1058 1048/1048 1059/1059
f 1059/1059 1049/1049 1058/1058
f 1049/1049 1059/1059 1050/1050
f 1051/1051 148/148 1053/1053
f 1052/1052 13/13 19/19
f 1052/1052 22/22 1060/1060
f 1053/1053 1060/1060 1051/1051
f 151/151 1054/1054 1064/1064
f 1060/1060 18/18 1042/1042
f 1062/1062 1046/1046 1061/1061
f 1055/1055 1062/1062 1063/1063
f 1061/1061 1056/1056 1062/1062
f 1057/1057 1062/1062 1056/1056
f 1062/1062 1057/1057 1063/1063
f 22/22 1052/1052 19/19
f 18/18 1060/1060 22/22
f 1065/1065 20/20 23/23
f 21/21 1065/1065 23/23
f 1066/1066 21/21 24/24
f 20/20 1065/1065 1067/1067
f 20/20 1066/1066 24/24
f 1065/1065 21/21 1068/1068
f 21/21 1066/1066 1068/1068
f 1069/1069 1067/1067 1065/1065
f 1066/1066 20/20 1067/1067
f 1068/1068 1070/1070 1065/1065
f 1066/1066 1071/1071 1068/1068
f 1067/1067 1069/1069 1066/1066
f 1069/1069 1065/1065 1072/1072
f 1068/1068 1071/1071 1070/1070
f 1072/1072 1065/1065 1070/1070
f 1071/1071 1066/1066 1069/1069
f 55/55 1069/1069 1072/1072
f 56/56 1070/1070 1071/1071
f 1070/1070 55/55 1072/1072
f 1069/1069 56/56 1071/1071
f 1069/1069 55/55 57/57
f 1070/1070 56/56 58/58
f 55/55 1070/1070 58/58
f 56/56 1069/1069 57/57
f 671/671 749/749 672/672
f 749/749 671/671 750/750
f 751/751 672/672 749/749
f 673/673 750/750 671/671
f 752/752 749/749 750/750
f 672/672 751/751 674/674
f 749/749 753/753 751/751
f 750/750 673/673 754/754
f 752/752 755/755 749/749
f 752/752 750/750 754/754
f 756/756 674/674 751/751
f 753/753 749/749 755/755
f 751/751 753/753 756/756
f 674/674 756/756 675/675
f 676/676 754/754 673/673
f 757/757 755/755 752/752
f 752/752 754/754 758/758
f 755/755 515/515 753/753
f 756/756 753/753 759/759
f 759/759 675/675 756/756
f 675/675 759/759 677/677
f 754/754 676/676 760/760
f 677/677 761/761 678/678
f 757/757 762/762 755/755
f 752/752 516/516 757/757
f 758/758 754/754 760/760
f 517/517 752/752 758/758
f 515/515 755/755 518/518
f 515/515 763/763 753/753
f 759/759 753/753 761/761
f 761/761 677/677 759/759
f 676/676 764/764 760/760
f 765/765 678/678 761/761
f 678/678 765/765 679/679
f 766/766 762/762 757/757
f 762/762 518/518 755/755
f 516/516 752/752 519/519
f 520/520 757/757 516/516
f 758/758 760/760 764/764
f 752/752 517/517 519/519
f 758/758 521/521 517/517
f 763/763 515/515 522/522
f 761/761 753/753 763/763
f 764/764 676/676 680/680
f 761/761 763/763 765/765
f 765/765 681/681 679/679
f 766/766 767/767 762/762
f 757/757 520/520 766/766
f 518/518 762/762 523/523
f 758/758 764/764 768/768
f 521/521 758/758 768/768
f 522/522 769/769 763/763
f 680/680 770/770 764/764
f 765/765 763/763 771/771
f 681/681 765/765 771/771
f 766/766 772/772 767/767
f 767/767 523/523 762/762
f 524/524 766/766 520/520
f 768/768 764/764 770/770
f 768/768 525/525 521/521
f 769/769 522/522 526/526
f 771/771 763/763 769/769
f 770/770 680/680 682/682
f 771/771 683/683 681/681
f 772/772 766/766 773/773
f 772/772 527/527 767/767
f 523/523 767/767 527/527
f 766/766 524/524 773/773
f 768/768 770/770 774/774
f 525/525 768/768 774/774
f 526/526 775/775 769/769
f 771/771 769/769 776/776
f 682/682 777/777 770/770
f 683/683 771/771 776/776
f 773/773 528/528 772/772
f 527/527 772/772 528/528
f 528/528 773/773 524/524
f 774/774 770/770 777/777
f 774/774 529/529 525/525
f 775/775 526/526 530/530
f 776/776 769/769 775/775
f 777/777 682/682 684/684
f 776/776 685/685 683/683
f 774/774 777/777 778/778
f 529/529 774/774 778/778
f 530/530 779/779 775/775
f 776/776 775/775 780/780
f 684/684 781/781 777/777
f 685/685 776/776 780/780
f 778/778 777/777 781/781
f 778/778 531/531 529/529
f 779/779 530/530 532/532
f 782/782 775/775 779/779
f 780/780 775/775 782/782
f 781/781 684/684 686/686
f 780/780 687/687 685/685
f 778/778 781/781 783/783
f 531/531 778/778 784/784
f 532/532 785/785 779/779
f 782/782 779/779 786/786
f 687/687 780/780 782/782
f 686/686 783/783 781/781
f 778/778 783/783 784/784
f 784/784 533/533 531/531
f 785/785 532/532 534/534
f 786/786 779/779 785/785
f 688/688 782/782 786/786
f 782/782 688/688 687/687
f 783/783 686/686 689/689
f 784/784 783/783 787/787
f 533/533 784/784 788/788
f 533/533 789/789 535/535
f 534/534 790/790 785/785
f 786/786 785/785 791/791
f 786/786 690/690 688/688
f 689/689 787/787 783/783
f 784/784 787/787 788/788
f 789/789 533/533 788/788
f 792/792 535/535 789/789
f 790/790 534/534 536/536
f 791/791 785/785 790/790
f 690/690 786/786 791/791
f 787/787 689/689 691/691
f 788/788 787/787 793/793
f 788/788 794/794 789/789
f 535/535 792/792 537/537
f 789/789 795/795 792/792
f 538/538 790/790 536/536
f 791/791 790/790 796/796
f 796/796 690/690 791/791
f 692/692 787/787 691/691
f 787/787 692/692 793/793
f 788/788 793/793 797/797
f 788/788 797/797 794/794
f 794/794 795/795 789/789
f 798/798 537/537 792/792
f 537/537 798/798 539/539
f 792/792 795/795 799/799
f 790/790 538/538 795/795
f 796/796 790/790 800/800
f 690/690 796/796 693/693
f 694/694 793/793 692/692
f 793/793 694/694 797/797
f 797/797 695/695 794/794
f 794/794 790/790 795/795
f 792/792 799/799 798/798
f 799/799 539/539 798/798
f 795/795 540/540 799/799
f 540/540 795/795 538/538
f 800/800 790/790 794/794
f 800/800 693/693 796/796
f 695/695 797/797 694/694
f 696/696 794/794 695/695
f 539/539 799/799 540/540
f 794/794 696/696 800/800
f 693/693 800/800 696/696
f 697/697 829/829 698/698
f 829/829 697/697 830/830
f 831/831 698/698 829/829
f 699/699 830/830 697/697
f 832/832 829/829 830/830
f 698/698 831/831 700/700
f 829/829 833/833 831/831
f 830/830 699/699 834/834
f 832/832 835/835 829/829
f 832/832 830/830 834/834
f 836/836 700/700 831/831
f 833/833 829/829 835/835
f 831/831 833/833 836/836
f 700/700 836/836 701/701
f 702/702 834/834 699/699
f 837/837 835/835 832/832
f 832/832 834/834 838/838
f 835/835 567/567 833/833
f 836/836 833/833 839/839
f 839/839 701/701 836/836
f 701/701 839/839 703/703
f 834/834 702/702 840/840
f 703/703 841/841 704/704
f 837/837 842/842 835/835
f 832/832 568/568 837/837
f 838/838 834/834 840/840
f 569/569 832/832 838/838
f 567/567 835/835 570/570
f 567/567 843/843 833/833
f 839/839 833/833 841/841
f 841/841 703/703 839/839
f 702/702 844/844 840/840
f 845/845 704/704 841/841
f 704/704 845/845 705/705
f 846/846 842/842 837/837
f 842/842 570/570 835/835
f 568/568 832/832 571/571
f 572/572 837/837 568/568
f 838/838 840/840 844/844
f 832/832 569/569 571/571
f 838/838 573/573 569/569
f 843/843 567/567 574/574
f 841/841 833/833 843/843
f 844/844 702/702 706/706
f 841/841 843/843 845/845
f 845/845 707/707 705/705
f 846/846 847/847 842/842
f 837/837 572/572 846/846
f 570/570 842/842 575/575
f 838/838 844/844 848/848
f 573/573 838/838 848/848
f 574/574 849/849 843/843
f 706/706 850/850 844/844
f 845/845 843/843 851/851
f 707/707 845/845 851/851
f 846/846 852/852 847/847
f 847/847 575/575 842/842
f 576/576 846/846 572/572
f 848/848 844/844 850/850
f 848/848 577/577 573/573
f 849/849 574/574 578/578
f 851/851 843/843 849/849
f 850/850 706/706 708/708
f 851/851 709/709 707/707
f 852/852 846/846 853/853
f 852/852 579/579 847/847
f 575/575 847/847 579/579
f 846/846 576/576 853/853
f 848/848 850/850 854/854
f 577/577 848/848 854/854
f 578/578 855/855 849/849
f 851/851 849/849 856/856
f 708/708 857/857 850/850
f 709/709 851/851 856/856
f 853/853 580/580 852/852
f 579/579 852/852 580/580
f 580/580 853/853 576/576
f 854/854 850/850 857/857
f 854/854 581/581 577/577
f 855/855 578/578 582/582
f 856/856 849/849 855/855
f 857/857 708/708 710/710
f 856/856 711/711 709/709
f 854/854 857/857 858/858
f 581/581 854/854 858/858
f 582/582 859/859 855/855
f 856/856 855/855 860/860
f 710/710 861/861 857/857
f 711/711 856/856 860/860
f 858/858 857/857 861/861
f 858/858 583/583 581/581
f 859/859 582/582 584/584
f 862/862 855/855 859/859
f 860/860 855/855 862/862
f 861/861 710/710 712/712
f 860/860 713/713 711/711
f 858/858 861/861 863/863
f 583/583 858/858 864/864
f 584/584 865/865 859/859
f 862/862 859/859 866/866
f 713/713 860/860 862/862
f 712/712 863/863 861/861
f 858/858 863/863 864/864
f 864/864 585/585 583/583
f 865/865 584/584 586/586
f 866/866 859/859 865/865
f 714/714 862/862 866/866
f 862/862 714/714 713/713
f 863/863 712/712 715/715
f 864/864 863/863 867/867
f 585/585 864/864 868/868
f 585/585 869/869 587/587
f 586/586 870/870 865/865
f 866/866 865/865 871/871
f 866/866 716/716 714/714
f 715/715 867/867 863/863
f 864/864 867/867 868/868
f 869/869 585/585 868/868
f 872/872 587/587 869/869
f 870/870 586/586 588/588
f 871/871 865/865 870/870
f 716/716 866/866 871/871
f 867/867 715/715 717/717
f 868/868 867/867 873/873
f 868/868 874/874 869/869
f 587/587 872/872 589/589
f 869/869 875/875 872/872
f 590/590 870/870 588/588
f 871/871 870/870 876/876
f 876/876 716/716 871/871
f 718/718 867/867 717/717
f 867/867 718/718 873/873
f 868/868 873/873 877/877
f 868/868 877/877 874/874
f 874/874 875/875 869/869
f 878/878 589/589 872/872
f 589/589 878/878 591/591
f 872/872 875/875 879/879
f 870/870 590/590 875/875
f 876/876 870/870 880/880
f 716/716 876/876 719/719
f 720/720 873/873 718/718
f 873/873 720/720 877/877
f 877/877 721/721 874/874
f 874/874 870/870 875/875
f 872/872 879/879 878/878
f 879/879 591/591 878/878
f 875/875 592/592 879/879
f 592/592 875/875 590/590
f 880/880 870/870 874/874
f 880/880 719/719 876/876
f 721/721 877/877 720/720
f 722/722 874/874 721/721
f 591/591 879/879 592/592
f 874/874 722/722 880/880
f 719/719 880/880 722/722
f 723/723 909/909 724/724
f 909/909 723/723 910/910
f 911/911 724/724 909/909
f 725/725 910/910 723/723
f 912/912 909/909 910/910
f 724/724 911/911 726/726
f 909/909 913/913 911/911
f 910/910 725/725 914/914
f 912/912 915/915 909/909
f 912/912 910/910 914/914
f 916/916 726/726 911/911
f 913/913 909/909 915/915
f 911/911 913/913 916/916
f 726/726 916/916 727/727
f 728/728 914/914 725/725
f 917/917 915/915 912/912
f 912/912 914/914 918/918
f 915/915 619/619 913/913
f 916/916 913/913 919/919
f 919/919 727/727 916/916
f 727/727 919/919 729/729
f 914/914 728/728 920/920
f 729/729 921/921 730/730
f 917/917 922/922 915/915
f 912/912 620/620 917/917
f 918/918 914/914 920/920
f 621/621 912/912 918/918
f 619/619 915/915 622/622
f 619/619 923/923 913/913
f 919/919 913/913 921/921
f 921/921 729/729 919/919
f 728/728 924/924 920/920
f 925/925 730/730 921/921
f 730/730 925/925 731/731
f 926/926 922/922 917/917
f 922/922 622/622 915/915
f 620/620 912/912 623/623
f 624/624 917/917 620/620
f 918/918 920/920 924/924
f 912/912 621/621 623/623
f 918/918 625/625 621/621
f 923/923 619/619 626/626
f 921/921 913/913 923/923
f 924/924 728/728 732/732
f 921/921 923/923 925/925
f 925/925 733/733 731/731
f 926/926 927/927 922/922
f 917/917 624/624 926/926
f 622/622 922/922 627/627
f 918/918 924/924 928/928
f 625/625 918/918 928/928
f 626/626 929/929 923/923
f 732/732 930/930 924/924
f 925/925 923/923 931/931
f 733/733 925/925 931/931
f 926/926 932/932 927/927
f 927/927 627/627 922/922
f 628/628 926/926 624/624
f 928/928 924/924 930/930
f 928/928 629/629 625/625
f 929/929 626/626 630/630
f 931/931 923/923 929/929
f 930/930 732/732 734/734
f 931/931 735/735 733/733
f 932/932 926/926 933/933
f 932/932 631/631 927/927
f 627/627 927/927 631/631
f 926/926 628/628 933/933
f 928/928 930/930 934/934
f 629/629 928/928 934/934
f 630/630 935/935 929/929
f 931/931 929/929 936/936
f 734/734 937/937 930/930
f 735/735 931/931 936/936
f 933/933 632/632 932/932
f 631/631 932/932 632/632
f 632/632 933/933 628/628
f 934/934 930/930 937/937
f 934/934 633/633 629/629
f 935/935 630/630 634/634
f 936/936 929/929 935/935
f 937/937 734/734 736/736
f 936/936 737/737 735/735
f 934/934 937/937 938/938
f 633/633 934/934 938/938
f 634/634 939/939 935/935
f 936/936 935/935 940/940
f 736/736 941/941 937/937
f 737/737 936/936 940/940
f 938/938 937/937 941/941
f 938/938 635/635 633/633
f 939/939 634/634 636/636
f 942/942 935/935 939/939
f 940/940 935/935 942/942
f 941/941 736/736 738/738
f 940/940 739/739 737/737
f 938/938 941/941 943/943
f 635/635 938/938 944/944
f 636/636 945/945 939/939
f 942/942 939/939 946/946
f 739/739 940/940 942/942
f 738/738 943/943 941/941
f 938/938 943/943 944/944
f 944/944 637/637 635/635
f 945/945 636/636 638/638
f 946/946 939/939 945/945
f 740/740 942/942 946/946
f 942/942 740/740 739/739
f 943/943 738/738 741/741
f 944/944 943/943 947/947
f 637/637 944/944 948/948
f 637/637 949/949 639/639
f 638/638 950/950 945/945
f 946/946 945/945 951/951
f 946/946 742/742 740/740
f 741/741 947/947 943/943
f 944/944 947/947 948/948
f 949/949 637/637 948/948
f 952/952 639/639 949/949
f 950/950 638/638 640/640
f 951/951 945/945 950/950
f 742/742 946/946 951/951
f 947/947 741/741 743/743
f 948/948 947/947 953/953
f 948/948 954/954 949/949
f 639/639 952/952 641/641
f 949/949 955/955 952/952
f 642/642 950/950 640/640
f 951/951 950/950 956/956
f 956/956 742/742 951/951
f 744/744 947/947 743/743
f 947/947 744/744 953/953
f 948/948 953/953 957/957
f 948/948 957/957 954/954
f 954/954 955/955 949/949
f 958/958 641/641 952/952
f 641/641 958/958 643/643
f 952/952 955/955 959/959
f 950/950 642/642 955/955
f 956/956 950/950 960/960
f 742/742 956/956 745/745
f 746/746 953/953 744/744
f 953/953 746/746 957/957
f 957/957 747/747 954/954
f 954/954 950/950 955/955
f 952/952 959/959 958/958
f 959/959 643/643 958/958
f 955/955 644/644 959/959
f 644/644 955/955 642/642
f 960/960 950/950 954/954
f 960/960 745/745 956/956
f 747/747 957/957 746/746
f 748/748 954/954 747/747
f 643/643 959/959 644/644
f 954/954 748/748 960/960
f 745/745 960/960 748/748
f 1074/1074 1075/1075 1076/1076
f 1075/1075 1074/1074 1077/1077
f 1078/1078 1076/1076 1075/1075
f 1079/1079 1074/1074 1076/1076
f 1080/1080 1077/1077 1074/1074
f 1076/1076 1078/1078 1079/1079
f 1074/1074 1079/1079 1081/1081
f 1077/1077 1080/1080 1082/1082
f 1074/1074 1081/1081 1080/1080
f 1083/1083 1079/1079 1078/1078
f 1079/1079 1083/1083 1081/1081
f 1084/1084 1082/1082 1080/1080
f 1080/1080 1081/1081 1085/1085
f 1086/1086 1081/1081 1083/1083
f 1082/1082 1084/1084 1087/1087
f 1080/1080 1085/1085 1084/1084
f 1081/1081 1086/1086 1085/1085
f 1084/1084 1088/1088 1087/1087
f 1084/1084 1085/1085 1089/1089
f 1086/1086 1089/1089 1085/1085
f 1088/1088 1084/1084 1090/1090
f 1084/1084 1089/1089 1090/1090
f 1089/1089 1086/1086 1091/1091
f 1090/1090 1092/1092 1088/1088
f 1090/1090 1089/1089 1093/1093
f 1091/1091 1073/1073 1089/1089
f 1092/1092 1090/1090 1094/1094
f 1089/1089 1073/1073 1093/1093
f 1090/1090 1093/1093 1094/1094
f 1073/1073 1091/1091 1095/1095
f 1094/1094 1096/1096 1092/1092
f 1073/1073 1097/1097 1093/1093
f 1094/1094 1093/1093 1097/1097
f 1095/1095 1097/1097 1073/1073
f 1096/1096 1094/1094 1098/1098
f 1094/1094 1097/1097 1098/1098
f 1097/1097 1095/1095 1099/1099
f 1098/1098 1100/1100 1096/1096
f 1098/1098 1097/1097 1101/1101
f 1099/1099 1101/1101 1097/1097
f 1100/1100 1098/1098 1102/1102
f 1098/1098 1101/1101 1102/1102
f 1101/1101 1099/1099 1103/1103
f 1102/1102 1104/1104 1100/1100
f 1102/1102 1101/1101 1105/1105
f 1103/1103 1105/1105 1101/1101
f 1104/1104 1102/1102 1106/1106
f 1102/1102 1105/1105 1106/1106
f 1105/1105 1103/1103 1107/1107
f 1106/1106 1108/1108 1104/1104
f 1106/1106 1105/1105 1109/1109
f 1107/1107 1109/1109 1105/1105
f 1108/1108 1106/1106 1110/1110
f 1106/1106 1109/1109 1110/1110
f 1109/1109 1107/1107 1111/1111
f 1112/1112 1108/1108 1110/1110
f 1110/1110 1109/1109 1113/1113
f 1114/1114 1109/1109 1111/1111
f 1108/1108 1112/1112 1115/1115
f 1110/1110 1113/1113 1112/1112
f 1109/1109 1114/1114 1113/1113
f 1116/1116 1115/1115 1112/1112
f 1112/1112 1113/1113 1117/1117
f 1118/1118 1113/1113 1114/1114
f 1115/1115 1116/1116 1119/1119
f 1112/1112 1117/1117 1116/1116
f 1113/1113 1118/1118 1117/1117
f 1120/1120 1119/1119 1116/1116
f 1116/1116 1117/1117 1120/1120
f 1121/1121 1117/1117 1118/1118
f 1119/1119 1120/1120 1121/1121
f 1117/1117 1121/1121 1120/1120
f 1132/1132 1125/1125 1122/1122
f 1134/1134 1122/1122 1126/1126
f 1127/1127 1135/1135 1123/1123
f 1123/1123 1136/1136 1128/1128
f 1139/1139 1124/1124 1129/1129
f 1140/1140 1130/1130 1124/1124
f 1142/1142 1131/1131 1125/1125
f 1125/1125 1132/1132 1142/1142
f 1122/1122 1134/1134 1132/1132
f 1144/1144 1126/1126 1133/1133
f 1126/1126 1144/1144 1134/1134
f 1131/1131 1145/1145 1127/1127
f 1135/1135 1127/1127 1145/1145
f 1136/1136 1123/1123 1135/1135
f 1146/1146 1128/1128 1136/1136
f 1128/1128 1146/1146 1137/1137
f 1148/1148 1129/1129 1138/1138
f 1124/1124 1139/1139 1140/1140
f 1129/1129 1148/1148 1139/1139
f 1130/1130 1140/1140 1149/1149
f 1149/1149 1141/1141 1130/1130
f 1131/1131 1142/1142 1151/1151
f 1139/1139 1142/1142 1132/1132
f 1140/1140 1132/1132 1134/1134
f 1152/1152 1133/1133 1143/1143
f 1133/1133 1152/1152 1144/1144
f 1149/1149 1134/1134 1144/1144
f 1145/1145 1131/1131 1151/1151
f 1146/1146 1135/1135 1145/1145
f 1135/1135 1146/1146 1136/1136
f 1137/1137 1153/1153 1147/1147
f 1153/1153 1137/1137 1146/1146
f 1147/1147 1148/1148 1138/1138
f 1139/1139 1132/1132 1140/1140
f 1148/1148 1142/1142 1139/1139
f 1140/1140 1134/1134 1149/1149
f 1141/1141 1149/1149 1154/1154
f 1154/1154 1150/1150 1141/1141
f 1148/1148 1151/1151 1142/1142
f 1143/1143 1158/1158 1152/1152
f 1154/1154 1144/1144 1152/1152
f 1149/1149 1144/1144 1154/1154
f 1153/1153 1145/1145 1151/1151
f 1146/1146 1145/1145 1153/1153
f 1148/1148 1147/1147 1153/1153
f 1150/1150 1154/1154 1159/1159
f 1159/1159 1155/1155 1150/1150
f 1158/1158 1143/1143 1157/1157
f 1153/1153 1151/1151 1148/1148
f 1159/1159 1152/1152 1158/1158
f 1154/1154 1152/1152 1159/1159
f 1155/1155 1159/1159 1164/1164
f 1155/1155 1165/1165 1160/1160
f 1161/1161 1166/1166 1156/1156
f 1156/1156 1167/1167 1162/1162
f 1163/1163 1158/1158 1157/1157
f 1159/1159 1158/1158 1164/1164
f 1165/1165 1155/1155 1164/1164
f 1168/1168 1160/1160 1165/1165
f 1160/1160 1168/1168 1161/1161
f 1166/1166 1161/1161 1168/1168
f 1167/1167 1156/1156 1166/1166
f 1162/1162 1169/1169 1163/1163
f 1169/1169 1162/1162 1167/1167
f 1158/1158 1163/1163 1169/1169
f 1164/1164 1158/1158 1169/1169
f 1164/1164 1169/1169 1165/1165
f 1165/1165 1167/1167 1168/1168
f 1168/1168 1167/1167 1166/1166
f 1165/1165 1169/1169 1167/1167
f 1172/1172 1171/1171 1170/1170
f 1173/1173 1170/1170 1171/1171
f 1171/1171 1172/1172 1174/1174
f 1172/1172 1170/1170 1175/1175
f 1170/1170 1173/1173 1176/1176
f 1171/1171 1177/1177 1173/1173
f 1178/1178 1174/1174 1172/1172
f 1174/1174 1179/1179 1171/1171
f 1180/1180 1175/1175 1170/1170
f 1175/1175 1181/1181 1172/1172
f 1182/1182 1176/1176 1173/1173
f 1170/1170 1176/1176 1180/1180
f 1173/1173 1177/1177 1073/1073
f 1177/1177 1171/1171 1179/1179
f 1174/1174 1178/1178 1183/1183
f 1178/1178 1172/1172 1181/1181
f 1179/1179 1174/1174 1184/1184
f 1175/1175 1180/1180 1185/1185
f 1181/1181 1175/1175 1186/1186
f 1182/1182 1187/1187 1176/1176
f 1173/1173 1073/1073 1182/1182
f 1188/1188 1180/1180 1176/1176
f 1177/1177 1189/1189 1073/1073
f 1179/1179 1190/1190 1177/1177
f 1191/1191 1183/1183 1178/1178
f 1183/1183 1184/1184 1174/1174
f 1181/1181 1192/1192 1178/1178
f 1184/1184 1193/1193 1179/1179
f 1194/1194 1185/1185 1180/1180
f 1185/1185 1186/1186 1175/1175
f 1186/1186 1195/1195 1181/1181
f 1196/1196 1176/1176 1187/1187
f 1187/1187 1182/1182 1197/1197
f 1198/1198 1182/1182 1073/1073
f 1180/1180 1188/1188 1194/1194
f 1176/1176 1196/1196 1188/1188
f 1073/1073 1189/1189 1199/1199
f 1189/1189 1177/1177 1190/1190
f 1190/1190 1179/1179 1193/1193
f 1183/1183 1191/1191 1200/1200
f 1191/1191 1178/1178 1192/1192
f 1184/1184 1183/1183 1201/1201
f 1192/1192 1181/1181 1195/1195
f 1193/1193 1184/1184 1202/1202
f 1185/1185 1194/1194 1203/1203
f 1186/1186 1185/1185 1204/1204
f 1195/1195 1186/1186 1205/1205
f 1187/1187 1206/1206 1196/1196
f 1198/1198 1197/1197 1182/1182
f 1197/1197 1207/1207 1187/1187
f 1073/1073 1208/1208 1198/1198
f 1209/1209 1194/1194 1188/1188
f 1210/1210 1188/1188 1196/1196
f 1189/1189 1211/1211 1199/1199
f 1073/1073 1199/1199 1208/1208
f 1189/1189 1190/1190 1211/1211
f 1190/1190 1193/1193 1211/1211
f 1212/1212 1200/1200 1191/1191
f 1200/1200 1201/1201 1183/1183
f 1192/1192 1213/1213 1191/1191
f 1201/1201 1202/1202 1184/1184
f 1195/1195 1214/1214 1192/1192
f 1193/1193 1202/1202 1211/1211
f 1215/1215 1203/1203 1194/1194
f 1203/1203 1204/1204 1185/1185
f 1204/1204 1205/1205 1186/1186
f 1205/1205 1216/1216 1195/1195
f 1217/1217 1196/1196 1206/1206
f 1206/1206 1187/1187 1207/1207
f 1197/1197 1198/1198 1218/1218
f 1207/1207 1197/1197 1219/1219
f 1208/1208 1218/1218 1198/1198
f 1194/1194 1209/1209 1215/1215
f 1188/1188 1210/1210 1209/1209
f 1196/1196 1217/1217 1210/1210
f 1199/1199 1211/1211 1208/1208
f 1200/1200 1212/1212 1220/1220
f 1212/1212 1191/1191 1213/1213
f 1201/1201 1200/1200 1221/1221
f 1213/1213 1192/1192 1214/1214
f 1202/1202 1201/1201 1222/1222
f 1214/1214 1195/1195 1216/1216
f 1202/1202 1222/1222 1211/1211
f 1203/1203 1215/1215 1223/1223
f 1204/1204 1203/1203 1224/1224
f 1205/1205 1204/1204 1225/1225
f 1205/1205 1225/1225 1216/1216
f 1206/1206 1226/1226 1217/1217
f 1207/1207 1227/1227 1206/1206
f 1218/1218 1219/1219 1197/1197
f 1219/1219 1228/1228 1207/1207
f 1208/1208 1211/1211 1218/1218
f 1229/1229 1215/1215 1209/1209
f 1230/1230 1209/1209 1210/1210
f 1231/1231 1210/1210 1217/1217
f 1232/1232 1220/1220 1212/1212
f 1220/1220 1221/1221 1200/1200
f 1213/1213 1233/1233 1212/1212
f 1221/1221 1222/1222 1201/1201
f 1214/1214 1234/1234 1213/1213
f 1216/1216 1235/1235 1214/1214
f 1222/1222 1236/1236 1211/1211
f 1237/1237 1223/1223 1215/1215
f 1223/1223 1224/1224 1203/1203
f 1224/1224 1225/1225 1204/1204
f 1238/1238 1216/1216 1225/1225
f 1239/1239 1217/1217 1226/1226
f 1226/1226 1206/1206 1227/1227
f 1227/1227 1207/1207 1228/1228
f 1218/1218 1211/1211 1219/1219
f 1219/1219 1211/1211 1228/1228
f 1215/1215 1229/1229 1237/1237
f 1209/1209 1230/1230 1229/1229
f 1210/1210 1231/1231 1230/1230
f 1231/1231 1217/1217 1240/1240
f 1220/1220 1232/1232 1241/1241
f 1232/1232 1212/1212 1233/1233
f 1221/1221 1220/1220 1242/1242
f 1233/1233 1213/1213 1234/1234
f 1222/1222 1221/1221 1236/1236
f 1234/1234 1214/1214 1235/1235
f 1216/1216 1238/1238 1235/1235
f 1236/1236 1243/1243 1211/1211
f 1223/1223 1237/1237 1244/1244
f 1224/1224 1223/1223 1245/1245
f 1225/1225 1224/1224 1246/1246
f 1225/1225 1246/1246 1238/1238
f 1239/1239 1240/1240 1217/1217
f 1226/1226 1247/1247 1239/1239
f 1227/1227 1248/1248 1226/1226
f 1228/1228 1249/1249 1227/1227
f 1228/1228 1211/1211 1249/1249
f 1250/1250 1237/1237 1229/1229
f 1251/1251 1229/1229 1230/1230
f 1252/1252 1230/1230 1231/1231
f 1240/1240 1253/1253 1231/1231
f 1254/1254 1241/1241 1232/1232
f 1241/1241 1242/1242 1220/1220
f 1233/1233 1255/1255 1232/1232
f 1242/1242 1236/1236 1221/1221
f 1234/1234 1256/1256 1233/1233
f 1235/1235 1257/1257 1234/1234
f 1258/1258 1235/1235 1238/1238
f 1243/1243 1259/1259 1211/1211
f 1243/1243 1236/1236 1260/1260
f 1261/1261 1244/1244 1237/1237
f 1244/1244 1245/1245 1223/1223
f 1245/1245 1246/1246 1224/1224
f 1262/1262 1238/1238 1246/1246
f 1240/1240 1239/1239 1263/1263
f 1264/1264 1239/1239 1247/1247
f 1247/1247 1226/1226 1248/1248
f 1248/1248 1227/1227 1249/1249
f 1249/1249 1211/1211 1265/1265
f 1237/1237 1250/1250 1261/1261
f 1229/1229 1251/1251 1250/1250
f 1230/1230 1252/1252 1251/1251
f 1252/1252 1231/1231 1253/1253
f 1253/1253 1240/1240 1266/1266
f 1254/1254 1267/1267 1241/1241
f 1254/1254 1232/1232 1255/1255
f 1241/1241 1268/1268 1242/1242
f 1255/1255 1233/1233 1256/1256
f 1242/1242 1260/1260 1236/1236
f 1256/1256 1234/1234 1257/1257
f 1235/1235 1258/1258 1257/1257
f 1238/1238 1262/1262 1258/1258
f 1259/1259 1269/1269 1211/1211
f 1259/1259 1243/1243 1270/1270
f 1260/1260 1270/1270 1243/1243
f 1244/1244 1261/1261 1271/1271
f 1245/1245 1244/1244 1272/1272
f 1246/1246 1245/1245 1273/1273
f 1246/1246 1273/1273 1262/1262
f 1264/1264 1263/1263 1239/1239
f 1263/1263 1266/1266 1240/1240
f 1247/1247 1274/1274 1264/1264
f 1248/1248 1275/1275 1247/1247
f 1249/1249 1265/1265 1248/1248
f 1211/1211 1276/1276 1265/1265
f 1277/1277 1261/1261 1250/1250
f 1278/1278 1250/1250 1251/1251
f 1279/1279 1251/1251 1252/1252
f 1253/1253 1280/1280 1252/1252
f 1266/1266 1281/1281 1253/1253
f 1268/1268 1241/1241 1267/1267
f 1254/1254 1255/1255 1267/1267
f 1260/1260 1242/1242 1268/1268
f 1255/1255 1256/1256 1282/1282
f 1256/1256 1257/1257 1283/1283
f 1284/1284 1257/1257 1258/1258
f 1285/1285 1258/1258 1262/1262
f 1269/1269 1286/1286 1211/1211
f 1269/1269 1259/1259 1287/1287
f 1270/1270 1287/1287 1259/1259
f 1270/1270 1260/1260 1288/1288
f 1289/1289 1271/1271 1261/1261
f 1271/1271 1272/1272 1244/1244
f 1272/1272 1273/1273 1245/1245
f 1290/1290 1262/1262 1273/1273
f 1263/1263 1264/1264 1291/1291
f 1266/1266 1263/1263 1292/1292
f 1293/1293 1264/1264 1274/1274
f 1274/1274 1247/1247 1275/1275
f 1275/1275 1248/1248 1265/1265
f 1276/1276 1294/1294 1265/1265
f 1211/1211 1295/1295 1276/1276
f 1261/1261 1277/1277 1289/1289
f 1250/1250 1278/1278 1277/1277
f 1251/1251 1279/1279 1278/1278
f 1279/1279 1252/1252 1280/1280
f 1280/1280 1253/1253 1281/1281
f 1281/1281 1266/1266 1296/1296
f 1267/1267 1297/1297 1268/1268
f 1282/1282 1267/1267 1255/1255
f 1268/1268 1288/1288 1260/1260
f 1283/1283 1282/1282 1256/1256
f 1298/1298 1283/1283 1257/1257
f 1257/1257 1284/1284 1298/1298
f 1258/1258 1285/1285 1284/1284
f 1262/1262 1290/1290 1285/1285
f 1286/1286 1299/1299 1211/1211
f 1286/1286 1269/1269 1300/1300
f 1287/1287 1300/1300 1269/1269
f 1287/1287 1270/1270 1301/1301
f 1288/1288 1301/1301 1270/1270
f 1271/1271 1289/1289 1302/1302
f 1272/1272 1271/1271 1303/1303
f 1273/1273 1272/1272 1304/1304
f 1290/1290 1273/1273 1305/1305
f 1293/1293 1291/1291 1264/1264
f 1291/1291 1292/1292 1263/1263
f 1292/1292 1296/1296 1266/1266
f 1293/1293 1274/1274 1306/1306
f 1274/1274 1275/1275 1307/1307
f 1275/1275 1265/1265 1294/1294
f 1294/1294 1276/1276 1308/1308
f 1295/1295 1308/1308 1276/1276
f 1211/1211 1309/1309 1295/1295
f 1310/1310 1289/1289 1277/1277
f 1311/1311 1277/1277 1278/1278
f 1312/1312 1278/1278 1279/1279
f 1279/1279 1280/1280 1312/1312
f 1280/1280 1281/1281 1313/1313
f 1281/1281 1296/1296 1314/1314
f 1288/1288 1268/1268 1297/1297
f 1267/1267 1282/1282 1297/1297
f 1282/1282 1283/1283 1315/1315
f 1283/1283 1298/1298 1316/1316
f 1317/1317 1298/1298 1284/1284
f 1318/1318 1284/1284 1285/1285
f 1319/1319 1285/1285 1290/1290
f 1211/1211 1299/1299 1320/1320
f 1299/1299 1286/1286 1321/1321
f 1300/1300 1321/1321 1286/1286
f 1300/1300 1287/1287 1322/1322
f 1301/1301 1322/1322 1287/1287
f 1301/1301 1288/1288 1323/1323
f 1324/1324 1302/1302 1289/1289
f 1302/1302 1303/1303 1271/1271
f 1303/1303 1304/1304 1272/1272
f 1304/1304 1305/1305 1273/1273
f 1305/1305 1325/1325 1290/1290
f 1291/1291 1293/1293 1326/1326
f 1292/1292 1291/1291 1327/1327
f 1296/1296 1292/1292 1328/1328
f 1307/1307 1306/1306 1274/1274
f 1306/1306 1326/1326 1293/1293
f 1294/1294 1307/1307 1275/1275
f 1308/1308 1329/1329 1294/1294
f 1308/1308 1295/1295 1330/1330
f 1309/1309 1330/1330 1295/1295
f 1211/1211 1331/1331 1309/1309
f 1310/1310 1332/1332 1289/1289
f 1277/1277 1311/1311 1310/1310
f 1278/1278 1312/1312 1311/1311
f 1313/1313 1312/1312 1280/1280
f 1314/1314 1313/1313 1281/1281
f 1333/1333 1314/1314 1296/1296
f 1297/1297 1323/1323 1288/1288
f 1315/1315 1297/1297 1282/1282
f 1316/1316 1315/1315 1283/1283
f 1334/1334 1316/1316 1298/1298
f 1317/1317 1335/1335 1298/1298
f 1317/1317 1284/1284 1336/1336
f 1318/1318 1336/1336 1284/1284
f 1285/1285 1319/1319 1318/1318
f 1319/1319 1290/1290 1325/1325
f 1320/1320 1299/1299 1337/1337
f 1211/1211 1320/1320 1338/1338
f 1321/1321 1337/1337 1299/1299
f 1321/1321 1300/1300 1339/1339
f 1322/1322 1339/1339 1300/1300
f 1322/1322 1301/1301 1340/1340
f 1323/1323 1340/1340 1301/1301
f 1302/1302 1324/1324 1341/1341
f 1324/1324 1289/1289 1332/1332
f 1303/1303 1302/1302 1342/1342
f 1304/1304 1303/1303 1343/1343
f 1305/1305 1304/1304 1344/1344
f 1325/1325 1305/1305 1345/1345
f 1326/1326 1327/1327 1291/1291
f 1327/1327 1328/1328 1292/1292
f 1328/1328 1346/1346 1296/1296
f 1306/1306 1307/1307 1347/1347
f 1306/1306 1347/1347 1326/1326
f 1307/1307 1294/1294 1329/1329
f 1329/1329 1308/1308 1348/1348
f 1330/1330 1348/1348 1308/1308
f 1330/1330 1309/1309 1349/1349
f 1331/1331 1349/1349 1309/1309
f 1211/1211 1338/1338 1331/1331
f 1332/1332 1310/1310 1350/1350
f 1351/1351 1310/1310 1311/1311
f 1352/1352 1311/1311 1312/1312
f 1312/1312 1313/1313 1352/1352
f 1313/1313 1314/1314 1353/1353
f 1314/1314 1333/1333 1354/1354
f 1333/1333 1296/1296 1346/1346
f 1297/1297 1315/1315 1323/1323
f 1315/1315 1316/1316 1355/1355
f 1316/1316 1334/1334 1356/1356
f 1334/1334 1298/1298 1335/1335
f 1335/1335 1317/1317 1357/1357
f 1336/1336 1357/1357 1317/1317
f 1318/1318 1358/1358 1336/1336
f 1358/1358 1318/1318 1319/1319
f 1325/1325 1359/1359 1319/1319
f 1320/1320 1337/1337 1338/1338
f 1337/1337 1321/1321 1360/1360
f 1339/1339 1360/1360 1321/1321
f 1339/1339 1322/1322 1361/1361
f 1340/1340 1361/1361 1322/1322
f 1340/1340 1323/1323 1362/1362
f 1363/1363 1341/1341 1324/1324
f 1341/1341 1342/1342 1302/1302
f 1332/1332 1364/1364 1324/1324
f 1342/1342 1343/1343 1303/1303
f 1343/1343 1344/1344 1304/1304
f 1344/1344 1345/1345 1305/1305
f 1345/1345 1365/1365 1325/1325
f 1326/1326 1366/1366 1327/1327
f 1327/1327 1367/1367 1328/1328
f 1346/1346 1328/1328 1368/1368
f 1329/1329 1347/1347 1307/1307
f 1366/1366 1326/1326 1347/1347
f 1348/1348 1369/1369 1329/1329
f 1348/1348 1330/1330 1370/1370
f 1349/1349 1370/1370 1330/1330
f 1349/1349 1331/1331 1371/1371
f 1338/1338 1371/1371 1331/1331
f 1351/1351 1350/1350 1310/1310
f 1350/1350 1372/1372 1332/1332
f 1311/1311 1352/1352 1351/1351
f 1353/1353 1352/1352 1313/1313
f 1354/1354 1353/1353 1314/1314
f 1373/1373 1354/1354 1333/1333
f 1346/1346 1374/1374 1333/1333
f 1355/1355 1323/1323 1315/1315
f 1356/1356 1355/1355 1316/1316
f 1375/1375 1356/1356 1334/1334
f 1335/1335 1376/1376 1334/1334
f 1357/1357 1377/1377 1335/1335
f 1357/1357 1336/1336 1378/1378
f 1379/1379 1336/1336 1358/1358
f 1358/1358 1319/1319 1359/1359
f 1359/1359 1325/1325 1365/1365
f 1371/1371 1338/1338 1337/1337
f 1337/1337 1360/1360 1371/1371
f 1360/1360 1339/1339 1380/1380
f 1361/1361 1380/1380 1339/1339
f 1361/1361 1340/1340 1381/1381
f 1355/1355 1362/1362 1323/1323
f 1362/1362 1381/1381 1340/1340
f 1382/1382 1341/1341 1363/1363
f 1363/1363 1324/1324 1364/1364
f 1342/1342 1341/1341 1382/1382
f 1364/1364 1332/1332 1372/1372
f 1343/1343 1342/1342 1382/1382
f 1344/1344 1343/1343 1382/1382
f 1345/1345 1344/1344 1382/1382
f 1365/1365 1345/1345 1382/1382
f 1367/1367 1327/1327 1366/1366
f 1383/1383 1328/1328 1367/1367
f 1383/1383 1368/1368 1328/1328
f 1368/1368 1384/1384 1346/1346
f 1347/1347 1329/1329 1369/1369
f 1347/1347 1369/1369 1366/1366
f 1369/1369 1348/1348 1385/1385
f 1370/1370 1385/1385 1348/1348
f 1370/1370 1349/1349 1386/1386
f 1371/1371 1386/1386 1349/1349
f 1350/1350 1351/1351 1387/1387
f 1372/1372 1350/1350 1388/1388
f 1389/1389 1351/1351 1352/1352
f 1352/1352 1353/1353 1389/1389
f 1353/1353 1354/1354 1390/1390
f 1354/1354 1373/1373 1391/1391
f 1373/1373 1333/1333 1374/1374
f 1374/1374 1346/1346 1384/1384
f 1356/1356 1392/1392 1355/1355
f 1375/1375 1393/1393 1356/1356
f 1375/1375 1334/1334 1376/1376
f 1376/1376 1335/1335 1377/1377
f 1377/1377 1357/1357 1394/1394
f 1379/1379 1378/1378 1336/1336
f 1378/1378 1394/1394 1357/1357
f 1358/1358 1359/1359 1379/1379
f 1359/1359 1365/1365 1395/1395
f 1386/1386 1371/1371 1360/1360
f 1360/1360 1380/1380 1386/1386
f 1380/1380 1361/1361 1396/1396
f 1381/1381 1396/1396 1361/1361
f 1362/1362 1355/1355 1392/1392
f 1381/1381 1362/1362 1397/1397
f 1382/1382 1363/1363 1364/1364
f 1382/1382 1364/1364 1372/1372
f 1398/1398 1365/1365 1382/1382
f 1366/1366 1399/1399 1367/1367
f 1367/1367 1400/1400 1383/1383
f 1368/1368 1383/1383 1401/1401
f 1384/1384 1368/1368 1402/1402
f 1399/1399 1366/1366 1369/1369
f 1369/1369 1385/1385 1399/1399
f 1385/1385 1370/1370 1403/1403
f 1386/1386 1403/1403 1370/1370
f 1389/1389 1387/1387 1351/1351
f 1387/1387 1388/1388 1350/1350
f 1382/1382 1372/1372 1388/1388
f 1390/1390 1389/1389 1353/1353
f 1391/1391 1390/1390 1354/1354
f 1404/1404 1391/1391 1373/1373
f 1374/1374 1405/1405 1373/1373
f 1384/1384 1406/1406 1374/1374
f 1392/1392 1356/1356 1393/1393
f 1393/1393 1375/1375 1407/1407
f 1376/1376 1407/1407 1375/1375
f 1377/1377 1408/1408 1376/1376
f 1394/1394 1409/1409 1377/1377
f 1379/1379 1395/1395 1378/1378
f 1378/1378 1410/1410 1394/1394
f 1395/1395 1379/1379 1359/1359
f 1398/1398 1395/1395 1365/1365
f 1403/1403 1386/1386 1380/1380
f 1396/1396 1411/1411 1380/1380
f 1396/1396 1381/1381 1412/1412
f 1392/1392 1397/1397 1362/1362
f 1397/1397 1412/1412 1381/1381
f 1413/1413 1398/1398 1382/1382
f 1400/1400 1367/1367 1399/1399
f 1414/1414 1383/1383 1400/1400
f 1414/1414 1401/1401 1383/1383
f 1401/1401 1402/1402 1368/1368
f 1402/1402 1415/1415 1384/1384
f 1416/1416 1399/1399 1385/1385
f 1385/1385 1403/1403 1416/1416
f 1387/1387 1389/1389 1417/1417
f 1388/1388 1387/1387 1418/1418
f 1382/1382 1388/1388 1418/1418
f 1390/1390 1417/1417 1389/1389
f 1391/1391 1419/1419 1390/1390
f 1404/1404 1420/1420 1391/1391
f 1404/1404 1373/1373 1405/1405
f 1405/1405 1374/1374 1406/1406
f 1406/1406 1384/1384 1415/1415
f 1393/1393 1421/1421 1392/1392
f 1407/1407 1422/1422 1393/1393
f 1407/1407 1376/1376 1408/1408
f 1408/1408 1377/1377 1409/1409
f 1394/1394 1423/1423 1409/1409
f 1410/1410 1378/1378 1395/1395
f 1423/1423 1394/1394 1410/1410
f 1395/1395 1398/1398 1410/1410
f 1403/1403 1380/1380 1411/1411
f 1411/1411 1396/1396 1424/1424
f 1412/1412 1424/1424 1396/1396
f 1397/1397 1392/1392 1421/1421
f 1412/1412 1397/1397 1425/1425
f 1413/1413 1410/1410 1398/1398
f 1426/1426 1413/1413 1382/1382
f 1399/1399 1416/1416 1400/1400
f 1400/1400 1427/1427 1414/1414
f 1414/1414 1428/1428 1401/1401
f 1401/1401 1429/1429 1402/1402
f 1402/1402 1430/1430 1415/1415
f 1411/1411 1416/1416 1403/1403
f 1417/1417 1418/1418 1387/1387
f 1382/1382 1418/1418 1431/1431
f 1417/1417 1390/1390 1419/1419
f 1419/1419 1391/1391 1420/1420
f 1404/1404 1405/1405 1420/1420
f 1405/1405 1406/1406 1432/1432
f 1406/1406 1415/1415 1433/1433
f 1421/1421 1393/1393 1422/1422
f 1422/1422 1407/1407 1434/1434
f 1408/1408 1434/1434 1407/1407
f 1409/1409 1435/1435 1408/1408
f 1436/1436 1409/1409 1423/1423
f 1410/1410 1413/1413 1423/1423
f 1424/1424 1427/1427 1411/1411
f 1424/1424 1412/1412 1437/1437
f 1421/1421 1425/1425 1397/1397
f 1425/1425 1437/1437 1412/1412
f 1426/1426 1423/1423 1413/1413
f 1438/1438 1426/1426 1382/1382
f 1427/1427 1400/1400 1416/1416
f 1428/1428 1414/1414 1427/1427
f 1429/1429 1401/1401 1428/1428
f 1430/1430 1402/1402 1429/1429
f 1439/1439 1415/1415 1430/1430
f 1416/1416 1411/1411 1427/1427
f 1418/1418 1417/1417 1431/1431
f 1382/1382 1431/1431 1440/1440
f 1419/1419 1431/1431 1417/1417
f 1420/1420 1440/1440 1419/1419
f 1432/1432 1420/1420 1405/1405
f 1433/1433 1432/1432 1406/1406
f 1441/1441 1433/1433 1415/1415
f 1422/1422 1442/1442 1421/1421
f 1434/1434 1443/1443 1422/1422
f 1434/1434 1408/1408 1435/1435
f 1409/1409 1436/1436 1435/1435
f 1423/1423 1426/1426 1436/1436
f 1427/1427 1424/1424 1428/1428
f 1437/1437 1428/1428 1424/1424
f 1425/1425 1421/1421 1442/1442
f 1437/1437 1425/1425 1444/1444
f 1438/1438 1436/1436 1426/1426
f 1445/1445 1438/1438 1382/1382
f 1428/1428 1437/1437 1429/1429
f 1429/1429 1444/1444 1430/1430
f 1415/1415 1439/1439 1441/1441
f 1430/1430 1446/1446 1439/1439
f 1431/1431 1419/1419 1440/1440
f 1447/1447 1382/1382 1440/1440
f 1420/1420 1432/1432 1440/1440
f 1432/1432 1433/1433 1447/1447
f 1433/1433 1441/1441 1448/1448
f 1442/1442 1422/1422 1443/1443
f 1443/1443 1434/1434 1449/1449
f 1435/1435 1449/1449 1434/1434
f 1450/1450 1435/1435 1436/1436
f 1442/1442 1444/1444 1425/1425
f 1444/1444 1429/1429 1437/1437
f 1436/1436 1438/1438 1450/1450
f 1445/1445 1450/1450 1438/1438
f 1445/1445 1382/1382 1451/1451
f 1446/1446 1430/1430 1444/1444
f 1452/1452 1441/1441 1439/1439
f 1453/1453 1439/1439 1446/1446
f 1448/1448 1382/1382 1447/1447
f 1447/1447 1440/1440 1432/1432
f 1448/1448 1447/1447 1433/1433
f 1454/1454 1448/1448 1441/1441
f 1443/1443 1446/1446 1442/1442
f 1449/1449 1453/1453 1443/1443
f 1435/1435 1450/1450 1449/1449
f 1444/1444 1442/1442 1446/1446
f 1450/1450 1445/1445 1455/1455
f 1451/1451 1382/1382 1456/1456
f 1451/1451 1455/1455 1445/1445
f 1441/1441 1452/1452 1454/1454
f 1439/1439 1453/1453 1452/1452
f 1446/1446 1443/1443 1453/1453
f 1454/1454 1382/1382 1448/1448
f 1449/1449 1455/1455 1453/1453
f 1455/1455 1449/1449 1450/1450
f 1456/1456 1382/1382 1457/1457
f 1451/1451 1456/1456 1455/1455
f 1457/1457 1454/1454 1452/1452
f 1458/1458 1452/1452 1453/1453
f 1457/1457 1382/1382 1454/1454
f 1458/1458 1453/1453 1455/1455
f 1456/1456 1457/1457 1458/1458
f 1458/1458 1455/1455 1456/1456
f 1452/1452 1458/1458 1457/1457
f 1464/1464 1461/1461 1459/1459
f 1467/1467 1459/1459 1461/1461
f 1461/1461 1464/1464 1469/1469
f 1465/1465 1460/1460 1472/1472
f 1459/1459 1467/1467 1474/1474
f 1466/1466 1471/1471 1463/1463
f 1462/1462 1470/1470 1468/1468
f 1473/1473 1469/1469 1464/1464
f 1477/1477 1472/1472 1460/1460
f 1480/1480 1474/1474 1467/1467
f 1475/1475 1477/1477 1460/1460
f 1471/1471 1466/1466 1479/1479
f 1478/1478 1468/1468 1470/1470
f 1469/1469 1473/1473 1482/1482
f 1476/1476 1482/1482 1473/1473
f 1474/1474 1480/1480 1485/1485
f 1486/1486 1477/1477 1475/1475
f 1471/1471 1479/1479 1481/1481
f 1483/1483 1478/1478 1470/1470
f 1482/1482 1476/1476 1489/1489
f 1491/1491 1485/1485 1480/1480
f 1484/1484 1486/1486 1475/1475
f 1487/1487 1489/1489 1476/1476
f 1481/1481 1479/1479 1493/1493
f 1492/1492 1478/1478 1483/1483
f 1481/1481 1493/1493 1488/1488
f 1490/1490 1492/1492 1483/1483
f 1491/1491 1494/1494 1485/1485
f 1498/1498 1486/1486 1484/1484
f 1487/1487 1497/1497 1489/1489
f 1488/1488 1493/1493 1495/1495
f 1496/1496 1492/1492 1490/1490
f 1499/1499 1485/1485 1494/1494
f 1500/1500 1498/1498 1484/1484
f 1501/1501 1489/1489 1497/1497
f 1488/1488 1495/1495 1503/1503
f 1502/1502 1496/1496 1490/1490
f 1494/1494 1504/1504 1499/1499
f 1507/1507 1498/1498 1500/1500
f 1497/1497 1073/1073 1501/1501
f 1503/1503 1495/1495 1506/1506
f 1505/1505 1496/1496 1502/1502
f 1510/1510 1499/1499 1504/1504
f 1508/1508 1073/1073 1497/1497
f 1509/1509 1507/1507 1500/1500
f 1511/1511 1501/1501 1073/1073
f 1503/1503 1506/1506 1512/1512
f 1513/1513 1505/1505 1502/1502
f 1504/1504 1516/1516 1510/1510
f 1508/1508 1518/1518 1073/1073
f 1517/1517 1507/1507 1509/1509
f 1073/1073 1518/1518 1511/1511
f 1512/1512 1506/1506 1515/1515
f 1514/1514 1505/1505 1513/1513
f 1519/1519 1510/1510 1516/1516
f 1520/1520 1517/1517 1509/1509
f 1522/1522 1511/1511 1518/1518
f 1512/1512 1515/1515 1523/1523
f 1521/1521 1514/1514 1513/1513
f 1516/1516 1524/1524 1519/1519
f 1527/1527 1517/1517 1520/1520
f 1518/1518 1528/1528 1522/1522
f 1523/1523 1515/1515 1526/1526
f 1525/1525 1514/1514 1521/1521
f 1530/1530 1519/1519 1524/1524
f 1529/1529 1527/1527 1520/1520
f 1533/1533 1522/1522 1528/1528
f 1523/1523 1526/1526 1532/1532
f 1531/1531 1525/1525 1521/1521
f 1524/1524 1536/1536 1530/1530
f 1537/1537 1527/1527 1529/1529
f 1528/1528 1538/1538 1533/1533
f 1532/1532 1526/1526 1535/1535
f 1534/1534 1525/1525 1531/1531
f 1540/1540 1530/1530 1536/1536
f 1539/1539 1537/1537 1529/1529
f 1541/1541 1533/1533 1538/1538
f 1532/1532 1535/1535 1543/1543
f 1542/1542 1534/1534 1531/1531
f 1536/1536 1545/1545 1540/1540
f 1548/1548 1537/1537 1539/1539
f 1538/1538 1547/1547 1541/1541
f 1543/1543 1535/1535 1544/1544
f 1546/1546 1534/1534 1542/1542
f 1549/1549 1540/1540 1545/1545
f 1550/1550 1548/1548 1539/1539
f 1551/1551 1541/1541 1547/1547
f 1543/1543 1544/1544 1552/1552
f 1553/1553 1546/1546 1542/1542
f 1549/1549 1545/1545 1555/1555
f 1556/1556 1548/1548 1550/1550
f 1551/1551 1547/1547 1559/1559
f 1552/1552 1544/1544 1561/1561
f 1562/1562 1546/1546 1553/1553
f 1563/1563 1555/1555 1545/1545
f 1554/1554 1556/1556 1550/1550
f 1557/1557 1559/1559 1547/1547
f 1552/1552 1561/1561 1560/1560
f 1558/1558 1562/1562 1553/1553
f 1555/1555 1563/1563 1564/1564
f 1566/1566 1556/1556 1554/1554
f 1559/1559 1557/1557 1568/1568
f 1560/1560 1561/1561 1571/1571
f 1572/1572 1562/1562 1558/1558
f 1573/1573 1564/1564 1563/1563
f 1565/1565 1566/1566 1554/1554
f 1567/1567 1568/1568 1557/1557
f 1560/1560 1571/1571 1569/1569
f 1570/1570 1572/1572 1558/1558
f 1564/1564 1573/1573 1575/1575
f 1574/1574 1566/1566 1565/1565
f 1568/1568 1567/1567 1578/1578
f 1569/1569 1571/1571 1576/1576
f 1577/1577 1572/1572 1570/1570
f 1578/1578 1575/1575 1573/1573
f 1575/1575 1578/1578 1567/1567
f 1583/1583 1582/1582 1579/1579
f 1586/1586 1579/1579 1582/1582
f 1582/1582 1583/1583 1587/1587
f 1580/1580 1589/1589 1584/1584
f 1579/1579 1586/1586 1593/1593
f 1581/1581 1594/1594 1585/1585
f 1597/1597 1587/1587 1583/1583
f 1588/1588 1594/1594 1581/1581
f 1598/1598 1584/1584 1589/1589
f 1592/1592 1589/1589 1580/1580
f 1599/1599 1593/1593 1586/1586
f 1585/1585 1594/1594 1600/1600
f 1587/1587 1597/1597 1601/1601
f 1588/1588 1602/1602 1594/1594
f 1598/1598 1589/1589 1603/1603
f 1606/1606 1589/1589 1592/1592
f 1599/1599 1608/1608 1593/1593
f 1600/1600 1594/1594 1607/1607
f 1604/1604 1601/1601 1597/1597
f 1602/1602 1609/1609 1594/1594
f 1603/1603 1589/1589 1611/1611
f 1614/1614 1589/1589 1606/1606
f 1605/1605 1593/1593 1608/1608
f 1607/1607 1594/1594 1616/1616
f 1601/1601 1604/1604 1610/1610
f 1609/1609 1617/1617 1594/1594
f 1611/1611 1589/1589 1619/1619
f 1612/1612 1610/1610 1604/1604
f 1622/1622 1589/1589 1614/1614
f 1613/1613 1605/1605 1615/1615
f 1608/1608 1615/1615 1605/1605
f 1626/1626 1616/1616 1594/1594
f 1617/1617 1627/1627 1594/1594
f 1610/1610 1612/1612 1618/1618
f 1619/1619 1589/1589 1629/1629
f 1620/1620 1618/1618 1612/1612
f 1591/1591 1621/1621 1595/1595
f 1623/1623 1613/1613 1625/1625
f 1615/1615 1625/1625 1613/1613
f 1624/1624 1595/1595 1621/1621
f 1627/1627 1632/1632 1594/1594
f 1628/1628 1618/1618 1630/1630
f 1629/1629 1589/1589 1633/1633
f 1620/1620 1630/1630 1618/1618
f 1590/1590 1596/1596 1635/1635
f 1594/1594 1632/1632 1640/1640
f 1631/1631 1628/1628 1634/1634
f 1630/1630 1634/1634 1628/1628
f 1589/1589 1637/1637 1633/1633
f 1638/1638 1635/1635 1596/1596
f 1641/1641 1640/1640 1632/1632
f 1634/1634 1644/1644 1631/1631
f 1643/1643 1633/1633 1637/1637
f 1639/1639 1845/1845 1636/1636
f 1642/1642 1845/1845 1639/1639
f 1642/1642 1631/1631 1644/1644
f 1636/1636 1846/1846 1644/1644
f 1846/1846 1636/1636 1845/1845
f 1845/1845 1642/1642 1847/1847
f 1642/1642 1644/1644 1847/1847
f 1846/1846 1848/1848 1644/1644
f 1846/1846 1845/1845 1654/1654
f 1847/1847 1669/1669 1845/1845
f 1847/1847 1644/1644 1848/1848
f 1848/1848 1846/1846 1657/1657
f 1650/1650 1654/1654 1845/1845
f 1653/1653 1657/1657 1846/1846
f 1649/1649 1845/1845 1669/1669
f 1847/1847 1848/1848 1667/1667
f 1656/1656 1667/1667 1848/1848
f 1668/1668 1652/1652 1651/1651
f 1650/1650 1654/1654 1666/1666
f 1654/1654 1650/1650 1647/1647
f 1650/1650 1849/1849 1654/1654
f 1652/1652 1668/1668 1658/1658
f 1659/1659 1666/1666 1654/1654
f 1655/1655 1662/1662 1659/1659
f 1648/1648 1666/1666 1665/1665
f 1658/1658 1675/1675 1668/1668
f 1650/1650 1670/1670 1647/1647
f 1662/1662 1654/1654 1849/1849
f 1665/1665 1849/1849 1650/1650
f 1659/1659 1662/1662 1674/1674
f 1676/1676 1665/1665 1666/1666
f 1678/1678 1668/1668 1675/1675
f 1647/1647 1670/1670 1680/1680
f 1849/1849 1850/1850 1661/1661
f 1664/1664 1689/1689 1849/1849
f 1662/1662 1683/1683 1674/1674
f 1665/1665 1676/1676 1685/1685
f 1677/1677 1673/1673 1702/1702
f 1688/1688 1680/1680 1670/1670
f 1646/1646 1711/1711 1681/1681
f 1646/1646 1681/1681 1718/1718
f 1850/1850 1698/1698 1661/1661
f 1849/1849 1689/1689 1850/1850
f 1663/1663 1693/1693 1691/1691
f 1683/1683 1694/1694 1674/1674
f 1660/1660 1699/1699 1682/1682
f 1700/1700 1685/1685 1676/1676
f 1684/1684 1693/1693 1663/1663
f 1673/1673 1719/1719 1702/1702
f 1680/1680 1688/1688 1704/1704
f 1686/1686 1671/1671 1740/1740
f 1686/1686 1742/1742 1671/1671
f 1679/1679 1712/1712 1709/1709
f 1716/1716 1711/1711 1646/1646
f 1747/1747 1718/1718 1681/1681
f 1645/1645 1717/1717 1714/1714
f 1850/1850 1851/1851 1697/1697
f 1690/1690 1721/1721 1850/1850
f 1690/1690 1692/1692 1721/1721
f 1694/1694 1723/1723 1674/1674
f 1682/1682 1725/1725 1695/1695
f 1699/1699 1725/1725 1682/1682
f 1728/1728 1685/1685 1700/1700
f 1684/1684 1753/1753 1693/1693
f 1719/1719 1852/1852 1702/1702
f 1674/1674 1714/1714 1717/1717
f 1688/1688 1730/1730 1704/1704
f 1701/1701 1740/1740 1671/1671
f 1738/1738 1735/1735 1687/1687
f 1672/1672 1741/1741 1700/1700
f 1755/1755 1742/1742 1686/1686
f 1746/1746 1709/1709 1712/1712
f 1679/1679 1709/1709 1748/1748
f 1757/1757 1713/1713 1715/1715
f 1719/1719 1749/1749 1853/1853
f 1751/1751 1697/1697 1851/1851
f 1721/1721 1851/1851 1850/1850
f 1750/1750 1721/1721 1692/1692
f 1723/1723 1714/1714 1674/1674
f 1696/1696 1759/1759 1724/1724
f 1725/1725 1759/1759 1695/1695
f 1697/1697 1751/1751 1726/1726
f 1727/1727 1753/1753 1684/1684
f 1752/1752 1728/1728 1700/1700
f 1753/1753 1750/1750 1692/1692
f 1702/1702 1852/1852 1739/1739
f 1852/1852 1719/1719 1854/1854
f 1730/1730 1754/1754 1704/1704
f 1687/1687 1735/1735 1755/1755
f 1756/1756 1735/1735 1738/1738
f 1741/1741 1752/1752 1700/1700
f 1755/1755 1752/1752 1743/1743
f 1710/1710 1745/1745 1769/1769
f 1757/1757 1746/1746 1712/1712
f 1709/1709 1758/1758 1748/1748
f 1724/1724 1757/1757 1715/1715
f 1853/1853 1749/1749 1855/1855
f 1856/1856 1719/1719 1853/1853
f 1751/1751 1851/1851 1857/1857
f 1775/1775 1851/1851 1722/1722
f 1777/1777 1720/1720 1750/1750
f 1759/1759 1757/1757 1724/1724
f 1726/1726 1751/1751 1759/1759
f 1760/1760 1753/1753 1729/1729
f 1752/1752 1760/1760 1729/1729
f 1760/1760 1750/1750 1753/1753
f 1852/1852 1858/1858 1739/1739
f 1854/1854 1719/1719 1856/1856
f 1854/1854 1859/1859 1852/1852
f 1704/1704 1754/1754 1761/1761
f 1754/1754 1767/1767 1733/1733
f 1731/1731 1762/1762 1754/1754
f 1755/1755 1735/1735 1760/1760
f 1763/1763 1735/1735 1756/1756
f 1739/1739 1860/1860 1756/1756
f 1760/1760 1752/1752 1755/1755
f 1769/1769 1744/1744 1771/1771
f 1769/1769 1772/1772 1707/1707
f 1759/1759 1746/1746 1757/1757
f 1758/1758 1764/1764 1748/1748
f 1708/1708 1772/1772 1758/1758
f 1749/1749 1774/1774 1855/1855
f 1855/1855 1861/1861 1853/1853
f 1853/1853 1862/1862 1856/1856
f 1857/1857 1851/1851 1775/1775
f 1771/1771 1751/1751 1857/1857
f 1775/1775 1720/1720 1777/1777
f 1777/1777 1750/1750 1779/1779
f 1751/1751 1746/1746 1759/1759
f 1735/1735 1750/1750 1760/1760
f 1860/1860 1739/1739 1858/1858
f 1858/1858 1852/1852 1863/1863
f 1856/1856 1864/1864 1854/1854
f 1865/1865 1852/1852 1859/1859
f 1859/1859 1854/1854 1864/1864
f 1761/1761 1754/1754 1765/1765
f 1703/1703 1780/1780 1761/1761
f 1761/1761 1766/1766 1706/1706
f 1732/1732 1767/1767 1756/1756
f 1782/1782 1767/1767 1754/1754
f 1768/1768 1754/1754 1762/1762
f 1756/1756 1762/1762 1731/1731
f 1736/1736 1763/1763 1798/1798
f 1767/1767 1763/1763 1756/1756
f 1756/1756 1860/1860 1785/1785
f 1744/1744 1751/1751 1771/1771
f 1771/1771 1770/1770 1769/1769
f 1769/1769 1773/1773 1772/1772
f 1748/1748 1764/1764 1774/1774
f 1758/1758 1788/1788 1764/1764
f 1758/1758 1772/1772 1788/1788
f 1855/1855 1774/1774 1866/1866
f 1862/1862 1853/1853 1861/1861
f 1861/1861 1855/1855 1867/1867
f 1864/1864 1856/1856 1862/1862
f 1775/1775 1868/1868 1857/1857
f 1857/1857 1786/1786 1771/1771
f 1777/1777 1776/1776 1775/1775
f 1737/1737 1779/1779 1750/1750
f 1779/1779 1778/1778 1777/1777
f 1858/1858 1863/1863 1860/1860
f 1865/1865 1863/1863 1852/1852
f 1859/1859 1864/1864 1865/1865
f 1768/1768 1765/1765 1754/1754
f 1780/1780 1765/1765 1761/1761
f 1761/1761 1765/1765 1781/1781
f 1764/1764 1780/1780 1706/1706
f 1774/1774 1706/1706 1766/1766
f 1766/1766 1761/1761 1781/1781
f 1763/1763 1767/1767 1782/1782
f 1783/1783 1782/1782 1754/1754
f 1768/1768 1783/1783 1754/1754
f 1768/1768 1762/1762 1796/1796
f 1784/1784 1762/1762 1756/1756
f 1798/1798 1763/1763 1782/1782
f 1779/1779 1734/1734 1798/1798
f 1860/1860 1869/1869 1785/1785
f 1785/1785 1784/1784 1756/1756
f 1771/1771 1786/1786 1770/1770
f 1769/1769 1770/1770 1773/1773
f 1772/1772 1773/1773 1787/1787
f 1705/1705 1774/1774 1764/1764
f 1764/1764 1788/1788 1780/1780
f 1772/1772 1787/1787 1788/1788
f 1774/1774 1803/1803 1866/1866
f 1866/1866 1867/1867 1855/1855
f 1862/1862 1861/1861 1870/1870
f 1861/1861 1867/1867 1871/1871
f 1864/1864 1862/1862 1865/1865
f 1776/1776 1868/1868 1775/1775
f 1857/1857 1868/1868 1786/1786
f 1778/1778 1776/1776 1777/1777
f 1789/1789 1778/1778 1779/1779
f 1872/1872 1860/1860 1863/1863
f 1865/1865 1873/1873 1863/1863
f 1765/1765 1768/1768 1790/1790
f 1791/1791 1768/1768 1765/1765
f 1765/1765 1768/1768 1791/1791
f 1780/1780 1791/1791 1765/1765
f 1792/1792 1781/1781 1765/1765
f 1793/1793 1774/1774 1766/1766
f 1781/1781 1794/1794 1766/1766
f 1782/1782 1783/1783 1795/1795
f 1768/1768 1795/1795 1783/1783
f 1783/1783 1795/1795 1768/1768
f 1783/1783 1768/1768 1796/1796
f 1874/1874 1796/1796 1762/1762
f 1768/1768 1796/1796 1790/1790
f 1762/1762 1784/1784 1797/1797
f 1762/1762 1819/1819 1784/1784
f 1784/1784 1819/1819 1762/1762
f 1782/1782 1795/1795 1798/1798
f 1789/1789 1779/1779 1798/1798
f 1869/1869 1875/1875 1785/1785
f 1860/1860 1872/1872 1869/1869
f 1785/1785 1815/1815 1784/1784
f 1799/1799 1770/1770 1786/1786
f 1768/1768 1770/1770 1786/1786
f 1786/1786 1770/1770 1768/1768
f 1768/1768 1773/1773 1770/1770
f 1770/1770 1773/1773 1768/1768
f 1800/1800 1773/1773 1770/1770
f 1768/1768 1787/1787 1773/1773
f 1773/1773 1787/1787 1768/1768
f 1801/1801 1787/1787 1773/1773
f 1788/1788 1791/1791 1780/1780
f 1787/1787 1791/1791 1788/1788
f 1866/1866 1803/1803 1876/1876
f 1803/1803 1774/1774 1802/1802
f 1866/1866 1876/1876 1867/1867
f 1870/1870 1861/1861 1871/1871
f 1877/1877 1862/1862 1870/1870
f 1871/1871 1867/1867 1878/1878
f 1862/1862 1879/1879 1865/1865
f 1768/1768 1868/1868 1776/1776
f 1776/1776 1868/1868 1768/1768
f 1804/1804 1868/1868 1776/1776
f 1811/1811 1786/1786 1868/1868
f 1768/1768 1786/1786 1868/1868
f 1868/1868 1786/1786 1768/1768
f 1804/1804 1776/1776 1778/1778
f 1768/1768 1776/1776 1778/1778
f 1778/1778 1776/1776 1768/1768
f 1805/1805 1778/1778 1789/1789
f 1768/1768 1778/1778 1789/1789
f 1789/1789 1778/1778 1768/1768
f 1863/1863 1880/1880 1872/1872
f 1863/1863 1873/1873 1880/1880
f 1879/1879 1873/1873 1865/1865
f 1765/1765 1791/1791 1790/1790
f 1765/1765 1790/1790 1792/1792
f 1768/1768 1791/1791 1787/1787
f 1787/1787 1791/1791 1768/1768
f 1806/1806 1781/1781 1792/1792
f 1806/1806 1774/1774 1793/1793
f 1793/1793 1766/1766 1807/1807
f 1808/1808 1766/1766 1794/1794
f 1781/1781 1806/1806 1794/1794
f 1809/1809 1795/1795 1783/1783
f 1768/1768 1789/1789 1795/1795
f 1795/1795 1789/1789 1768/1768
f 1809/1809 1783/1783 1796/1796
f 1881/1881 1796/1796 1874/1874
f 1874/1874 1762/1762 1882/1882
f 1874/1874 1818/1818 1762/1762
f 1762/1762 1818/1818 1874/1874
f 1790/1790 1796/1796 1801/1801
f 1810/1810 1797/1797 1784/1784
f 1797/1797 1882/1882 1762/1762
f 1762/1762 1818/1818 1819/1819
f 1819/1819 1818/1818 1762/1762
f 1819/1819 1817/1817 1784/1784
f 1819/1819 1784/1784 1815/1815
f 1798/1798 1795/1795 1789/1789
f 1785/1785 1875/1875 1815/1815
f 1875/1875 1869/1869 1883/1883
f 1884/1884 1869/1869 1872/1872
f 1800/1800 1770/1770 1799/1799
f 1811/1811 1799/1799 1786/1786
f 1801/1801 1773/1773 1800/1800
f 1790/1790 1787/1787 1801/1801
f 1791/1791 1787/1787 1790/1790
f 1876/1876 1803/1803 1885/1885
f 1802/1802 1774/1774 1806/1806
f 1802/1802 1833/1833 1803/1803
f 1886/1886 1867/1867 1876/1876
f 1871/1871 1887/1887 1870/1870
f 1871/1871 1888/1888 1870/1870
f 1889/1889 1862/1862 1877/1877
f 1877/1877 1870/1870 1888/1888
f 1878/1878 1867/1867 1890/1890
f 1878/1878 1891/1891 1871/1871
f 1879/1879 1862/1862 1892/1892
f 1804/1804 1823/1823 1868/1868
f 1824/1824 1811/1811 1868/1868
f 1805/1805 1804/1804 1778/1778
f 1812/1812 1805/1805 1789/1789
f 1880/1880 1893/1893 1872/1872
f 1894/1894 1880/1880 1873/1873
f 1879/1879 1895/1895 1873/1873
f 1896/1896 1792/1792 1790/1790
f 1802/1802 1806/1806 1792/1792
f 1806/1806 1793/1793 1813/1813
f 1808/1808 1807/1807 1766/1766
f 1807/1807 1813/1813 1793/1793
f 1794/1794 1814/1814 1808/1808
f 1813/1813 1794/1794 1806/1806
f 1809/1809 1812/1812 1795/1795
f 1812/1812 1789/1789 1795/1795
f 1796/1796 1809/1809 1801/1801
f 1796/1796 1815/1815 1809/1809
f 1897/1897 1796/1796 1881/1881
f 1881/1881 1874/1874 1898/1898
f 1881/1881 1899/1899 1874/1874
f 1874/1874 1899/1899 1881/1881
f 1882/1882 1898/1898 1874/1874
f 1874/1874 1899/1899 1818/1818
f 1818/1818 1899/1899 1874/1874
f 1801/1801 1816/1816 1790/1790
f 1810/1810 1817/1817 1797/1797
f 1810/1810 1784/1784 1817/1817
f 1797/1797 1832/1832 1882/1882
f 1819/1819 1818/1818 1817/1817
f 1818/1818 1819/1819 1796/1796
f 1819/1819 1815/1815 1796/1796
f 1875/1875 1900/1900 1815/1815
f 1884/1884 1883/1883 1869/1869
f 1875/1875 1883/1883 1900/1900
f 1872/1872 1893/1893 1884/1884
f 1800/1800 1812/1812 1799/1799
f 1799/1799 1820/1820 1800/1800
f 1799/1799 1805/1805 1811/1811
f 1811/1811 1821/1821 1799/1799
f 1801/1801 1809/1809 1800/1800
f 1800/1800 1822/1822 1801/1801
f 1803/1803 1834/1834 1885/1885
f 1876/1876 1885/1885 1886/1886
f 1834/1834 1803/1803 1833/1833
f 1831/1831 1802/1802 1833/1833
f 1833/1833 1802/1802 1831/1831
f 1802/1802 1827/1827 1833/1833
f 1886/1886 1901/1901 1867/1867
f 1902/1902 1870/1870 1887/1887
f 1887/1887 1871/1871 1903/1903
f 1904/1904 1888/1888 1871/1871
f 1892/1892 1862/1862 1889/1889
f 1877/1877 1888/1888 1889/1889
f 1890/1890 1867/1867 1905/1905
f 1878/1878 1890/1890 1891/1891
f 1903/1903 1871/1871 1891/1891
f 1892/1892 1906/1906 1879/1879
f 1804/1804 1836/1836 1823/1823
f 1804/1804 1823/1823 1811/1811
f 1837/1837 1868/1868 1823/1823
f 1811/1811 1823/1823 1824/1824
f 1824/1824 1907/1907 1811/1811
f 1837/1837 1824/1824 1868/1868
f 1805/1805 1804/1804 1811/1811
f 1805/1805 1825/1825 1804/1804
f 1812/1812 1805/1805 1799/1799
f 1812/1812 1826/1826 1805/1805
f 1893/1893 1880/1880 1908/1908
f 1880/1880 1894/1894 1909/1909
f 1873/1873 1902/1902 1894/1894
f 1894/1894 1873/1873 1895/1895
f 1910/1910 1895/1895 1879/1879
f 1911/1911 1896/1896 1792/1792
f 1792/1792 1896/1896 1911/1911
f 1792/1792 1896/1896 1838/1838
f 1912/1912 1896/1896 1790/1790
f 1802/1802 1792/1792 1827/1827
f 1831/1831 1792/1792 1802/1802
f 1802/1802 1792/1792 1831/1831
f 1807/1807 1808/1808 1814/1814
f 1807/1807 1828/1828 1813/1813
f 1814/1814 1794/1794 1829/1829
f 1813/1813 1829/1829 1794/1794
f 1809/1809 1830/1830 1812/1812
f 1809/1809 1812/1812 1800/1800
f 1830/1830 1809/1809 1815/1815
f 1913/1913 1796/1796 1897/1897
f 1897/1897 1881/1881 1914/1914
f 1897/1897 1915/1915 1881/1881
f 1881/1881 1915/1915 1897/1897
f 1898/1898 1914/1914 1881/1881
f 1881/1881 1915/1915 1899/1899
f 1899/1899 1915/1915 1881/1881
f 1882/1882 1916/1916 1898/1898
f 1818/1818 1796/1796 1899/1899
f 1818/1818 1899/1899 1832/1832
f 1790/1790 1816/1816 1831/1831
f 1816/1816 1801/1801 1822/1822
f 1817/1817 1832/1832 1797/1797
f 1832/1832 1916/1916 1882/1882
f 1832/1832 1817/1817 1818/1818
f 1815/1815 1900/1900 1830/1830
f 1884/1884 1917/1917 1883/1883
f 1918/1918 1900/1900 1883/1883
f 1893/1893 1917/1917 1884/1884
f 1822/1822 1800/1800 1820/1820
f 1820/1820 1799/1799 1821/1821
f 1821/1821 1811/1811 1907/1907
f 1885/1885 1834/1834 1919/1919
f 1920/1920 1886/1886 1885/1885
f 1834/1834 1833/1833 1816/1816
f 1831/1831 1816/1816 1833/1833
f 1831/1831 1833/1833 1835/1835
f 1841/1841 1833/1833 1827/1827
f 1921/1921 1867/1867 1901/1901
f 1901/1901 1886/1886 1922/1922
f 1923/1923 1870/1870 1902/1902
f 1887/1887 1924/1924 1902/1902
f 1887/1887 1902/1902 1925/1925
f 1887/1887 1903/1903 1924/1924
f 1926/1926 1888/1888 1904/1904
f 1892/1892 1889/1889 1927/1927
f 1928/1928 1889/1889 1888/1888
f 1905/1905 1867/1867 1921/1921
f 1905/1905 1922/1922 1890/1890
f 1929/1929 1891/1891 1890/1890
f 1903/1903 1891/1891 1909/1909
f 1910/1910 1879/1879 1906/1906
f 1892/1892 1927/1927 1906/1906
f 1930/1930 1823/1823 1836/1836
f 1836/1836 1804/1804 1825/1825
f 1837/1837 1824/1824 1823/1823
f 1823/1823 1930/1930 1837/1837
f 1907/1907 1824/1824 1931/1931
f 1837/1837 1931/1931 1824/1824
f 1825/1825 1805/1805 1826/1826
f 1826/1826 1812/1812 1830/1830
f 1909/1909 1908/1908 1880/1880
f 1908/1908 1932/1932 1893/1893
f 1894/1894 1924/1924 1909/1909
f 1894/1894 1902/1902 1924/1924
f 1927/1927 1902/1902 1873/1873
f 1933/1933 1895/1895 1910/1910
f 1934/1934 1896/1896 1911/1911
f 1911/1911 1896/1896 1934/1934
f 1911/1911 1792/1792 1831/1831
f 1831/1831 1792/1792 1911/1911
f 1935/1935 1838/1838 1896/1896
f 1838/1838 1827/1827 1792/1792
f 1896/1896 1912/1912 1935/1935
f 1934/1934 1912/1912 1896/1896
f 1896/1896 1912/1912 1934/1934
f 1936/1936 1912/1912 1790/1790
f 1839/1839 1807/1807 1814/1814
f 1828/1828 1829/1829 1813/1813
f 1828/1828 1807/1807 1839/1839
f 1814/1814 1829/1829 1840/1840
f 1937/1937 1796/1796 1913/1913
f 1897/1897 1914/1914 1913/1913
f 1913/1913 1938/1938 1897/1897
f 1897/1897 1938/1938 1913/1913
f 1897/1897 1938/1938 1915/1915
f 1915/1915 1938/1938 1897/1897
f 1898/1898 1939/1939 1914/1914
f 1899/1899 1915/1915 1916/1916
f 1899/1899 1796/1796 1915/1915
f 1916/1916 1939/1939 1898/1898
f 1916/1916 1832/1832 1899/1899
f 1831/1831 1911/1911 1790/1790
f 1816/1816 1822/1822 1940/1940
f 1900/1900 1941/1941 1830/1830
f 1883/1883 1917/1917 1918/1918
f 1900/1900 1918/1918 1941/1941
f 1917/1917 1893/1893 1932/1932
f 1822/1822 1820/1820 1942/1942
f 1821/1821 1943/1943 1820/1820
f 1821/1821 1907/1907 1930/1930
f 1834/1834 1816/1816 1919/1919
f 1919/1919 1944/1944 1885/1885
f 1886/1886 1920/1920 1945/1945
f 1920/1920 1885/1885 1944/1944
f 1841/1841 1835/1835 1833/1833
f 1835/1835 1946/1946 1831/1831
f 1841/1841 1827/1827 1835/1835
f 1921/1921 1901/1901 1947/1947
f 1922/1922 1886/1886 1945/1945
f 1922/1922 1948/1948 1901/1901
f 1949/1949 1923/1923 1902/1902
f 1925/1925 1902/1902 1950/1950
f 1909/1909 1924/1924 1903/1903
f 1926/1926 1951/1951 1888/1888
f 1952/1952 1926/1926 1904/1904
f 1902/1902 1927/1927 1889/1889
f 1928/1928 1950/1950 1889/1889
f 1888/1888 1953/1953 1928/1928
f 1921/1921 1947/1947 1905/1905
f 1890/1890 1922/1922 1945/1945
f 1922/1922 1905/1905 1948/1948
f 1891/1891 1929/1929 1954/1954
f 1890/1890 1945/1945 1929/1929
f 1891/1891 1955/1955 1909/1909
f 1906/1906 1956/1956 1910/1910
f 1924/1924 1906/1906 1927/1927
f 1836/1836 1821/1821 1930/1930
f 1825/1825 1821/1821 1836/1836
f 1931/1931 1837/1837 1930/1930
f 1931/1931 1930/1930 1907/1907
f 1826/1826 1957/1957 1825/1825
f 1830/1830 1941/1941 1826/1826
f 1909/1909 1955/1955 1908/1908
f 1908/1908 1958/1958 1932/1932
f 1959/1959 1927/1927 1873/1873
f 1933/1933 1960/1960 1895/1895
f 1910/1910 1956/1956 1933/1933
f 1934/1934 1911/1911 1961/1961
f 1934/1934 1790/1790 1911/1911
f 1911/1911 1831/1831 1946/1946
f 1838/1838 1935/1935 1946/1946
f 1827/1827 1838/1838 1835/1835
f 1962/1962 1935/1935 1912/1912
f 1963/1963 1912/1912 1934/1934
f 1934/1934 1912/1912 1963/1963
f 1912/1912 1936/1936 1962/1962
f 1963/1963 1936/1936 1912/1912
f 1912/1912 1936/1936 1963/1963
f 1964/1964 1936/1936 1790/1790
f 1839/1839 1814/1814 1842/1842
f 1829/1829 1828/1828 1843/1843
f 1839/1839 1842/1842 1828/1828
f 1843/1843 1840/1840 1829/1829
f 1840/1840 1842/1842 1814/1814
f 1965/1965 1796/1796 1937/1937
f 1913/1913 1966/1966 1937/1937
f 1937/1937 1967/1967 1913/1913
f 1913/1913 1967/1967 1937/1937
f 1966/1966 1913/1913 1914/1914
f 1913/1913 1967/1967 1938/1938
f 1938/1938 1967/1967 1913/1913
f 1915/1915 1938/1938 1939/1939
f 1915/1915 1796/1796 1938/1938
f 1939/1939 1968/1968 1914/1914
f 1939/1939 1916/1916 1915/1915
f 1940/1940 1822/1822 1969/1969
f 1919/1919 1816/1816 1940/1940
f 1917/1917 1970/1970 1918/1918
f 1971/1971 1941/1941 1918/1918
f 1917/1917 1932/1932 1970/1970
f 1942/1942 1820/1820 1972/1972
f 1969/1969 1822/1822 1942/1942
f 1972/1972 1820/1820 1943/1943
f 1943/1943 1821/1821 1825/1825
f 1944/1944 1919/1919 1973/1973
f 1920/1920 1944/1944 1945/1945
f 1835/1835 1838/1838 1946/1946
f 1974/1974 1947/1947 1901/1901
f 1974/1974 1901/1901 1948/1948
f 1923/1923 1949/1949 1975/1975
f 1976/1976 1949/1949 1902/1902
f 1902/1902 1950/1950 1976/1976
f 1902/1902 1889/1889 1950/1950
f 1977/1977 1888/1888 1951/1951
f 1926/1926 1952/1952 1951/1951
f 1978/1978 1952/1952 1904/1904
f 1928/1928 1953/1953 1950/1950
f 1953/1953 1888/1888 1977/1977
f 1979/1979 1905/1905 1947/1947
f 1979/1979 1948/1948 1905/1905
f 1954/1954 1929/1929 1980/1980
f 1955/1955 1891/1891 1954/1954
f 1981/1981 1929/1929 1945/1945
f 1956/1956 1906/1906 1982/1982
f 1983/1983 1906/1906 1924/1924
f 1957/1957 1984/1984 1825/1825
f 1985/1985 1957/1957 1826/1826
f 1941/1941 1985/1985 1826/1826
f 1955/1955 1986/1986 1908/1908
f 1958/1958 1987/1987 1932/1932
f 1986/1986 1958/1958 1908/1908
f 1988/1988 1959/1959 1873/1873
f 1989/1989 1895/1895 1960/1960
f 1990/1990 1960/1960 1933/1933
f 1991/1991 1933/1933 1956/1956
f 1946/1946 1961/1961 1911/1911
f 1961/1961 1992/1992 1934/1934
f 1963/1963 1790/1790 1934/1934
f 1946/1946 1935/1935 1961/1961
f 1935/1935 1962/1962 1961/1961
f 1963/1963 1934/1934 1992/1992
f 1993/1993 1962/1962 1936/1936
f 1994/1994 1936/1936 1963/1963
f 1963/1963 1936/1936 1994/1994
f 1964/1964 1995/1995 1936/1936
f 1994/1994 1964/1964 1936/1936
f 1936/1936 1964/1964 1994/1994
f 1996/1996 1964/1964 1790/1790
f 1844/1844 1843/1843 1828/1828
f 1844/1844 1828/1828 1842/1842
f 1840/1840 1843/1843 1842/1842
f 1965/1965 1997/1997 1796/1796
f 1937/1937 1998/1998 1965/1965
f 1997/1997 1937/1937 1965/1965
f 1965/1965 1937/1937 1997/1997
f 1998/1998 1937/1937 1966/1966
f 1937/1937 1997/1997 1967/1967
f 1967/1967 1997/1997 1937/1937
f 1914/1914 1968/1968 1966/1966
f 1967/1967 1999/1999 1938/1938
f 1938/1938 1796/1796 1967/1967
f 1968/1968 1939/1939 1938/1938
f 1969/1969 2000/2000 1940/1940
f 1940/1940 1973/1973 1919/1919
f 1918/1918 1970/1970 1971/1971
f 1941/1941 1971/1971 1985/1985
f 2001/2001 1970/1970 1932/1932
f 1972/1972 2002/2002 1942/1942
f 1942/1942 2003/2003 1969/1969
f 1943/1943 2004/2004 1972/1972
f 1984/1984 1943/1943 1825/1825
f 1973/1973 2005/2005 1944/1944
f 1945/1945 1944/1944 2005/2005
f 1947/1947 1974/1974 2006/2006
f 1948/1948 2006/2006 1974/1974
f 2007/2007 1975/1975 1949/1949
f 1923/1923 1975/1975 1951/1951
f 1976/1976 2008/2008 1949/1949
f 2008/2008 1976/1976 1950/1950
f 1977/1977 1951/1951 2009/2009
f 1977/1977 1951/1951 1975/1975
f 2010/2010 1951/1951 1952/1952
f 2011/2011 1952/1952 1978/1978
f 1950/1950 1953/1953 2008/2008
f 1953/1953 2009/2009 1977/1977
f 1977/1977 2009/2009 1953/1953
f 1977/1977 1975/1975 1953/1953
f 1947/1947 2012/2012 1979/1979
f 1979/1979 2013/2013 1948/1948
f 1980/1980 1929/1929 2014/2014
f 1980/1980 2015/2015 1954/1954
f 1954/1954 2016/2016 1955/1955
f 1929/1929 1981/1981 2014/2014
f 1981/1981 1945/1945 2017/2017
f 1982/1982 1906/1906 2018/2018
f 1982/1982 2019/2019 1956/1956
f 1956/1956 2020/2020 1982/1982
f 1982/1982 2020/2020 1956/1956
f 1983/1983 2018/2018 1906/1906
f 2021/2021 1983/1983 1924/1924
f 1957/1957 2022/2022 1984/1984
f 1985/1985 2023/2023 1957/1957
f 1955/1955 2024/2024 1986/1986
f 1932/1932 1987/1987 2001/2001
f 1958/1958 2025/2025 1987/1987
f 1958/1958 1986/1986 2025/2025
f 1959/1959 1988/1988 2019/2019
f 1989/1989 1960/1960 2026/2026
f 2027/2027 1960/1960 1990/1990
f 1933/1933 1991/1991 1990/1990
f 1991/1991 1956/1956 1988/1988
f 2028/2028 1956/1956 1991/1991
f 1991/1991 1956/1956 2028/2028
f 1961/1961 1962/1962 1992/1992
f 1994/1994 1790/1790 1963/1963
f 1963/1963 1992/1992 1994/1994
f 1962/1962 1993/1993 1992/1992
f 1993/1993 1936/1936 1995/1995
f 1995/1995 1964/1964 2029/2029
f 2030/2030 1964/1964 1994/1994
f 1994/1994 1964/1964 2030/2030
f 2030/2030 1996/1996 1964/1964
f 1964/1964 1996/1996 2030/2030
f 1996/1996 2029/2029 1964/1964
f 2031/2031 1996/1996 1790/1790
f 1844/1844 1842/1842 1843/1843
f 1967/1967 1796/1796 1997/1997
f 1965/1965 2032/2032 1997/1997
f 2032/2032 1965/1965 1998/1998
f 1966/1966 1999/1999 1998/1998
f 1997/1997 2033/2033 1967/1967
f 1968/1968 1999/1999 1966/1966
f 1968/1968 1938/1938 1999/1999
f 1999/1999 1967/1967 2033/2033
f 1973/1973 1940/1940 2000/2000
f 2000/2000 1969/1969 2003/2003
f 1970/1970 1973/1973 1971/1971
f 2023/2023 1985/1985 1971/1971
f 1970/1970 2001/2001 2005/2005
f 2003/2003 1942/1942 2002/2002
f 2002/2002 1972/1972 2004/2004
f 2004/2004 1943/1943 2034/2034
f 1984/1984 2034/2034 1943/1943
f 2005/2005 1973/1973 1970/1970
f 2005/2005 2017/2017 1945/1945
f 2035/2035 1947/1947 2006/2006
f 2006/2006 1948/1948 2013/2013
f 2007/2007 1953/1953 1975/1975
f 2007/2007 1949/1949 1953/1953
f 2036/2036 1949/1949 2008/2008
f 2037/2037 2009/2009 1951/1951
f 2036/2036 1951/1951 2010/2010
f 1952/1952 2038/2038 2010/2010
f 2038/2038 1952/1952 2011/2011
f 2039/2039 1978/1978 2011/2011
f 2011/2011 1978/1978 2039/2039
f 2036/2036 2008/2008 1953/1953
f 2009/2009 1953/1953 2040/2040
f 2040/2040 1953/1953 2009/2009
f 2012/2012 2013/2013 1979/1979
f 2012/2012 1947/1947 2035/2035
f 1980/1980 2014/2014 2015/2015
f 2016/2016 1954/1954 2015/2015
f 2024/2024 1955/1955 2016/2016
f 2014/2014 1981/1981 2041/2041
f 1981/1981 2017/2017 2041/2041
f 1982/1982 2018/2018 2020/2020
f 1982/1982 2018/2018 2019/2019
f 2042/2042 1956/1956 2019/2019
f 2020/2020 1956/1956 2043/2043
f 2043/2043 1956/1956 2020/2020
f 1983/1983 2044/2044 2018/2018
f 2044/2044 1983/1983 2021/2021
f 2034/2034 1984/1984 2022/2022
f 2022/2022 1957/1957 2023/2023
f 2045/2045 1986/1986 2024/2024
f 2041/2041 2001/2001 1987/1987
f 2046/2046 1987/1987 2025/2025
f 2045/2045 2025/2025 1986/1986
f 2042/2042 2019/2019 1988/1988
f 1959/1959 2019/2019 2018/2018
f 2047/2047 2026/2026 1960/1960
f 2047/2047 2027/2027 1960/1960
f 1960/1960 2027/2027 2047/2047
f 2048/2048 2027/2027 1990/1990
f 1991/1991 2018/2018 1990/1990
f 2042/2042 1988/1988 1956/1956
f 1956/1956 2028/2028 2043/2043
f 2043/2043 2028/2028 1956/1956
f 2028/2028 2018/2018 1991/1991
f 2030/2030 1790/1790 1994/1994
f 2049/2049 1994/1994 1992/1992
f 1992/1992 1993/1993 2049/2049
f 1993/1993 1995/1995 2049/2049
f 1995/1995 2029/2029 2050/2050
f 1994/1994 2049/2049 2030/2030
f 1996/1996 2030/2030 2031/2031
f 2031/2031 2030/2030 1996/1996
f 2029/2029 1996/1996 2051/2051
f 2031/2031 2051/2051 1996/1996
f 2031/2031 1790/1790 2030/2030
f 2033/2033 1997/1997 2032/2032
f 2032/2032 1998/1998 2033/2033
f 1999/1999 2033/2033 1998/1998
f 1973/1973 2000/2000 1971/1971
f 2000/2000 2003/2003 2023/2023
f 1971/1971 2000/2000 2023/2023
f 2017/2017 2005/2005 2001/2001
f 2003/2003 2002/2002 2034/2034
f 2004/2004 2034/2034 2002/2002
f 2035/2035 2006/2006 2052/2052
f 2013/2013 2053/2053 2006/2006
f 2036/2036 1953/1953 1949/1949
f 2008/2008 2036/2036 2010/2010
f 2037/2037 2054/2054 2009/2009
f 2037/2037 1951/1951 2054/2054
f 2054/2054 1951/1951 2036/2036
f 2055/2055 2010/2010 2038/2038
f 2011/2011 2039/2039 2038/2038
f 1978/1978 2039/2039 2056/2056
f 2056/2056 2039/2039 1978/1978
f 2054/2054 1953/1953 2036/2036
f 2036/2036 1953/1953 2054/2054
f 1953/1953 2054/2054 2040/2040
f 2040/2040 2054/2054 1953/1953
f 2040/2040 2009/2009 2054/2054
f 2013/2013 2012/2012 2053/2053
f 2035/2035 2052/2052 2012/2012
f 2057/2057 2015/2015 2014/2014
f 2015/2015 2058/2058 2016/2016
f 2016/2016 2059/2059 2024/2024
f 2041/2041 2060/2060 2014/2014
f 2001/2001 2041/2041 2017/2017
f 2061/2061 2020/2020 2018/2018
f 2043/2043 2020/2020 2028/2028
f 1990/1990 2018/2018 2044/2044
f 2062/2062 2044/2044 2021/2021
f 2022/2022 2003/2003 2034/2034
f 2023/2023 2003/2003 2022/2022
f 2024/2024 2059/2059 2045/2045
f 1987/1987 2046/2046 2041/2041
f 2025/2025 2057/2057 2046/2046
f 2045/2045 2015/2015 2025/2025
f 2027/2027 2047/2047 2063/2063
f 2063/2063 2047/2047 2027/2027
f 2048/2048 2062/2062 2027/2027
f 2048/2048 1990/1990 2062/2062
f 2061/2061 2018/2018 2028/2028
f 2049/2049 1995/1995 2050/2050
f 2051/2051 2050/2050 2029/2029
f 2050/2050 2030/2030 2049/2049
f 2030/2030 2050/2050 2031/2031
f 2051/2051 2031/2031 2050/2050
f 2064/2064 2052/2052 2006/2006
f 2064/2064 2006/2006 2053/2053
f 2010/2010 2039/2039 2008/2008
f 2055/2055 2039/2039 2010/2010
f 2055/2055 2038/2038 2039/2039
f 2056/2056 1925/1925 2039/2039
f 2065/2065 2053/2053 2012/2012
f 2065/2065 2012/2012 2052/2052
f 2015/2015 2057/2057 2025/2025
f 2057/2057 2014/2014 2060/2060
f 2066/2066 2016/2016 2058/2058
f 2058/2058 2015/2015 2045/2045
f 2059/2059 2016/2016 2066/2066
f 2060/2060 2041/2041 2046/2046
f 2061/2061 2028/2028 2020/2020
f 2044/2044 2062/2062 1990/1990
f 2047/2047 2062/2062 2021/2021
f 2059/2059 2067/2067 2045/2045
f 2060/2060 2046/2046 2057/2057
f 2063/2063 2062/2062 2047/2047
f 2063/2063 2027/2027 2062/2062
f 2052/2052 2064/2064 2068/2068
f 2053/2053 2069/2069 2064/2064
f 2008/2008 2039/2039 1925/1925
f 2065/2065 2070/2070 2053/2053
f 2052/2052 2071/2071 2065/2065
f 2066/2066 2058/2058 2072/2072
f 2067/2067 2058/2058 2045/2045
f 2066/2066 2072/2072 2059/2059
f 2067/2067 2059/2059 2073/2073
f 2068/2068 2064/2064 2074/2074
f 2075/2075 2052/2052 2068/2068
f 2076/2076 2064/2064 2069/2069
f 2077/2077 2069/2069 2053/2053
f 2078/2078 2053/2053 2070/2070
f 2079/2079 2070/2070 2065/2065
f 2071/2071 2080/2080 2065/2065
f 2071/2071 2052/2052 2081/2081
f 2082/2082 2072/2072 2058/2058
f 2067/2067 2073/2073 2058/2058
f 2083/2083 2059/2059 2072/2072
f 2083/2083 2073/2073 2059/2059
f 2074/2074 2064/2064 2084/2084
f 2068/2068 2074/2074 2085/2085
f 2086/2086 2052/2052 2075/2075
f 2075/2075 2068/2068 2087/2087
f 2084/2084 2064/2064 2076/2076
f 2069/2069 2088/2088 2076/2076
f 2077/2077 2089/2089 2069/2069
f 2077/2077 2053/2053 2091/2091
f 2093/2093 2053/2053 2078/2078
f 2078/2078 2070/2070 2096/2096
f 2070/2070 2079/2079 2098/2098
f 2100/2100 2079/2079 2065/2065
f 2080/2080 2100/2100 2065/2065
f 2080/2080 2071/2071 2101/2101
f 2081/2081 2052/2052 2105/2105
f 2081/2081 2107/2107 2071/2071
f 2072/2072 2082/2082 2111/2111
f 2082/2082 2058/2058 2073/2073
f 2072/2072 2115/2115 2083/2083
f 2083/2083 2117/2117 2073/2073
f 2074/2074 2084/2084 2120/2120
f 2120/2120 2085/2085 2074/2074
f 2085/2085 2087/2087 2068/2068
f 2122/2122 2052/2052 2086/2086
f 2086/2086 2075/2075 2124/2124
f 2087/2087 2124/2124 2075/2075
f 2076/2076 2125/2125 2084/2084
f 2125/2125 2076/2076 2088/2088
f 2088/2088 2069/2069 2089/2089
f 2089/2089 2077/2077 2128/2128
f 2091/2091 2053/2053 2129/2129
f 2092/2092 2128/2128 2077/2077
f 2129/2129 2053/2053 2093/2093
f 2094/2094 2078/2078 2132/2132
f 2098/2098 2096/2096 2070/2070
f 2096/2096 2132/2132 2078/2078
f 2133/2133 2098/2098 2079/2079
f 2079/2079 2099/2099 2133/2133
f 2135/2135 2100/2100 2080/2080
f 2137/2137 2101/2101 2071/2071
f 2080/2080 2103/2103 2104/2104
f 2105/2105 2052/2052 2122/2122
f 2081/2081 2106/2106 2109/2109
f 2138/2138 2071/2071 2107/2107
f 2073/2073 2111/2111 2082/2082
f 2142/2142 2072/2072 2111/2111
f 2115/2115 2117/2117 2083/2083
f 2115/2115 2072/2072 2142/2142
f 2111/2111 2073/2073 2117/2117
f 2144/2144 2120/2120 2084/2084
f 2085/2085 2119/2119 2095/2095
f 2087/2087 2085/2085 2097/2097
f 2121/2121 2086/2086 2145/2145
f 2124/2124 2145/2145 2086/2086
f 2123/2123 2087/2087 2134/2134
f 2144/2144 2084/2084 2125/2125
f 2126/2126 2088/2088 2127/2127
f 2090/2090 2127/2127 2088/2088
f 2130/2130 2147/2147 2092/2092
f 2128/2128 2092/2092 2147/2147
f 2094/2094 2132/2132 2130/2130
f 2097/2097 2085/2085 2095/2095
f 2095/2095 2119/2119 2131/2131
f 2134/2134 2087/2087 2097/2097
f 2150/2150 2133/2133 2099/2099
f 2099/2099 2136/2136 2150/2150
f 2152/2152 2135/2135 2080/2080
f 2153/2153 2101/2101 2137/2137
f 2155/2155 2104/2104 2103/2103
f 2105/2105 2159/2159 2080/2080
f 2161/2161 2105/2105 2122/2122
f 2157/2157 2109/2109 2106/2106
f 2139/2139 2108/2108 2163/2163
f 2141/2141 2112/2112 2166/2166
f 2116/2116 2114/2114 2167/2167
f 2140/2140 2164/2164 2113/2113
f 2118/2118 2169/2169 2110/2110
f 2119/2119 2143/2143 2131/2131
f 2145/2145 2170/2170 2121/2121
f 2146/2146 2123/2123 2149/2149
f 2149/2149 2123/2123 2134/2134
f 2143/2143 2126/2126 2148/2148
f 2148/2148 2126/2126 2127/2127
f 2147/2147 2130/2130 2132/2132
f 2172/2172 2150/2150 2136/2136
f 2136/2136 2151/2151 2172/2172
f 2175/2175 2152/2152 2080/2080
f 2154/2154 2176/2176 2102/2102
f 2162/2162 2153/2153 2137/2137
f 2156/2156 2102/2102 2176/2176
f 2159/2159 2178/2178 2080/2080
f 2159/2159 2105/2105 2180/2180
f 2182/2182 2105/2105 2161/2161
f 2160/2160 2121/2121 2170/2170
f 2185/2185 2109/2109 2157/2157
f 2184/2184 2163/2163 2108/2108
f 2187/2187 2166/2166 2112/2112
f 2191/2191 2167/2167 2114/2114
f 2190/2190 2113/2113 2164/2164
f 2186/2186 2110/2110 2169/2169
f 2131/2131 2143/2143 2148/2148
f 2171/2171 2146/2146 2173/2173
f 2173/2173 2146/2146 2149/2149
f 2192/2192 2172/2172 2151/2151
f 2174/2174 2195/2195 2151/2151
f 2178/2178 2175/2175 2080/2080
f 2176/2176 2154/2154 2184/2184
f 2163/2163 2184/2184 2154/2154
f 2177/2177 2185/2185 2157/2157
f 2158/2158 2196/2196 2179/2179
f 2180/2180 2105/2105 2182/2182
f 2181/2181 2198/2198 2158/2158
f 2160/2160 2170/2170 2183/2183
f 2188/2188 2168/2168 2165/2165
f 2189/2189 2165/2165 2168/2168
f 2193/2193 2171/2171 2173/2173
f 2192/2192 2151/2151 2195/2195
f 2195/2195 2174/2174 2201/2201
f 2179/2179 2201/2201 2174/2174
f 2201/2201 2179/2179 2196/2196
f 2196/2196 2158/2158 2198/2198
f 2183/2183 2202/2202 2181/2181
f 2198/2198 2181/2181 2202/2202
f 2202/2202 2183/2183 2170/2170
f 2203/2203 2171/2171 2193/2193
f 2194/2194 2203/2203 2193/2193
f 2200/2200 2199/2199 2194/2194
f 2197/2197 2199/2199 2200/2200
f 2199/2199 2203/2203 2194/2194
f 2210/2210 2208/2208 2206/2206
f 2213/2213 2206/2206 2208/2208
f 2205/2205 2216/2216 2209/2209
f 2212/2212 2218/2218 2204/2204
f 2211/2211 2207/2207 2222/2222
f 2224/2224 2209/2209 2216/2216
f 2204/2204 2225/2225 2215/2215
f 2225/2225 2204/2204 2218/2218
f 2229/2229 2218/2218 2212/2212
f 2232/2232 2222/2222 2207/2207
f 2221/2221 2229/2229 2212/2212
f 2214/2214 2220/2220 2223/2223
f 2221/2221 2215/2215 2225/2225
f 2217/2217 2234/2234 2226/2226
f 2228/2228 2238/2238 2219/2219
f 2231/2231 2223/2223 2220/2220
f 2229/2229 2221/2221 2240/2240
f 2240/2240 2221/2221 2225/2225
f 2243/2243 2226/2226 2234/2234
f 2233/2233 2219/2219 2238/2238
f 2230/2230 2239/2239 2237/2237
f 2241/2241 2227/2227 2245/2245
f 2242/2242 2245/2245 2227/2227
f 2244/2244 2235/2235 2247/2247
f 2236/2236 2247/2247 2235/2235
f 2246/2246 2237/2237 2239/2239
f 2248/2248 2249/2249 2250/2250
f 2249/2249 2248/2248 2251/2251
f 2252/2252 2250/2250 2249/2249
f 2253/2253 2248/2248 2250/2250
f 2254/2254 2251/2251 2248/2248
f 2251/2251 2255/2255 2249/2249
f 2250/2250 2252/2252 2256/2256
f 2249/2249 2257/2257 2252/2252
f 2248/2248 2253/2253 2258/2258
f 2250/2250 2259/2259 2253/2253
f 2251/2251 2254/2254 2260/2260
f 2258/2258 2254/2254 2248/2248
f 2261/2261 2255/2255 2251/2251
f 2257/2257 2249/2249 2255/2255
f 2262/2262 2256/2256 2252/2252
f 2259/2259 2250/2250 2256/2256
f 2263/2263 2252/2252 2257/2257
f 2264/2264 2258/2258 2253/2253
f 2265/2265 2253/2253 2259/2259
f 2254/2254 2266/2266 2260/2260
f 2260/2260 2261/2261 2251/2251
f 2254/2254 2258/2258 2267/2267
f 2261/2261 2268/2268 2255/2255
f 2255/2255 2269/2269 2257/2257
f 2256/2256 2262/2262 2270/2270
f 2252/2252 2263/2263 2262/2262
f 2256/2256 2271/2271 2259/2259
f 2257/2257 2272/2272 2263/2263
f 2258/2258 2264/2264 2273/2273
f 2253/2253 2265/2265 2264/2264
f 2259/2259 2274/2274 2265/2265
f 2266/2266 2254/2254 2275/2275
f 2276/2276 2260/2260 2266/2266
f 2261/2261 2260/2260 2277/2277
f 2273/2273 2267/2267 2258/2258
f 2267/2267 2275/2275 2254/2254
f 2278/2278 2268/2268 2261/2261
f 2269/2269 2255/2255 2268/2268
f 2272/2272 2257/2257 2269/2269
f 2279/2279 2270/2270 2262/2262
f 2271/2271 2256/2256 2270/2270
f 2280/2280 2262/2262 2263/2263
f 2274/2274 2259/2259 2271/2271
f 2281/2281 2263/2263 2272/2272
f 2282/2282 2273/2273 2264/2264
f 2283/2283 2264/2264 2265/2265
f 2284/2284 2265/2265 2274/2274
f 2275/2275 2285/2285 2266/2266
f 2260/2260 2276/2276 2277/2277
f 2266/2266 2286/2286 2276/2276
f 2277/2277 2287/2287 2261/2261
f 2267/2267 2273/2273 2288/2288
f 2275/2275 2267/2267 2289/2289
f 2278/2278 2290/2290 2268/2268
f 2287/2287 2278/2278 2261/2261
f 2290/2290 2269/2269 2268/2268
f 2290/2290 2272/2272 2269/2269
f 2270/2270 2279/2279 2291/2291
f 2262/2262 2280/2280 2279/2279
f 2270/2270 2292/2292 2271/2271
f 2263/2263 2281/2281 2280/2280
f 2271/2271 2293/2293 2274/2274
f 2290/2290 2281/2281 2272/2272
f 2273/2273 2282/2282 2294/2294
f 2264/2264 2283/2283 2282/2282
f 2265/2265 2284/2284 2283/2283
f 2274/2274 2295/2295 2284/2284
f 2285/2285 2275/2275 2296/2296
f 2286/2286 2266/2266 2285/2285
f 2297/2297 2277/2277 2276/2276
f 2298/2298 2276/2276 2286/2286
f 2277/2277 2297/2297 2287/2287
f 2294/2294 2288/2288 2273/2273
f 2288/2288 2289/2289 2267/2267
f 2289/2289 2296/2296 2275/2275
f 2287/2287 2290/2290 2278/2278
f 2299/2299 2291/2291 2279/2279
f 2292/2292 2270/2270 2291/2291
f 2300/2300 2279/2279 2280/2280
f 2293/2293 2271/2271 2292/2292
f 2301/2301 2280/2280 2281/2281
f 2295/2295 2274/2274 2293/2293
f 2290/2290 2301/2301 2281/2281
f 2302/2302 2294/2294 2282/2282
f 2303/2303 2282/2282 2283/2283
f 2304/2304 2283/2283 2284/2284
f 2295/2295 2304/2304 2284/2284
f 2296/2296 2305/2305 2285/2285
f 2285/2285 2306/2306 2286/2286
f 2276/2276 2298/2298 2297/2297
f 2286/2286 2307/2307 2298/2298
f 2297/2297 2290/2290 2287/2287
f 2288/2288 2294/2294 2308/2308
f 2289/2289 2288/2288 2309/2309
f 2296/2296 2289/2289 2310/2310
f 2291/2291 2299/2299 2311/2311
f 2279/2279 2300/2300 2299/2299
f 2291/2291 2312/2312 2292/2292
f 2280/2280 2301/2301 2300/2300
f 2292/2292 2313/2313 2293/2293
f 2293/2293 2314/2314 2295/2295
f 2290/2290 2315/2315 2301/2301
f 2294/2294 2302/2302 2316/2316
f 2282/2282 2303/2303 2302/2302
f 2283/2283 2304/2304 2303/2303
f 2304/2304 2295/2295 2317/2317
f 2305/2305 2296/2296 2318/2318
f 2306/2306 2285/2285 2305/2305
f 2307/2307 2286/2286 2306/2306
f 2298/2298 2290/2290 2297/2297
f 2307/2307 2290/2290 2298/2298
f 2316/2316 2308/2308 2294/2294
f 2308/2308 2309/2309 2288/2288
f 2309/2309 2310/2310 2289/2289
f 2319/2319 2296/2296 2310/2310
f 2320/2320 2311/2311 2299/2299
f 2312/2312 2291/2291 2311/2311
f 2321/2321 2299/2299 2300/2300
f 2313/2313 2292/2292 2312/2312
f 2315/2315 2300/2300 2301/2301
f 2314/2314 2293/2293 2313/2313
f 2314/2314 2317/2317 2295/2295
f 2290/2290 2322/2322 2315/2315
f 2323/2323 2316/2316 2302/2302
f 2324/2324 2302/2302 2303/2303
f 2325/2325 2303/2303 2304/2304
f 2317/2317 2325/2325 2304/2304
f 2296/2296 2319/2319 2318/2318
f 2318/2318 2326/2326 2305/2305
f 2305/2305 2327/2327 2306/2306
f 2306/2306 2328/2328 2307/2307
f 2328/2328 2290/2290 2307/2307
f 2308/2308 2316/2316 2329/2329
f 2309/2309 2308/2308 2330/2330
f 2310/2310 2309/2309 2331/2331
f 2310/2310 2332/2332 2319/2319
f 2311/2311 2320/2320 2333/2333
f 2299/2299 2321/2321 2320/2320
f 2311/2311 2334/2334 2312/2312
f 2300/2300 2315/2315 2321/2321
f 2312/2312 2335/2335 2313/2313
f 2313/2313 2336/2336 2314/2314
f 2317/2317 2314/2314 2337/2337
f 2290/2290 2338/2338 2322/2322
f 2339/2339 2315/2315 2322/2322
f 2316/2316 2323/2323 2340/2340
f 2302/2302 2324/2324 2323/2323
f 2303/2303 2325/2325 2324/2324
f 2325/2325 2317/2317 2341/2341
f 2342/2342 2318/2318 2319/2319
f 2326/2326 2318/2318 2343/2343
f 2327/2327 2305/2305 2326/2326
f 2328/2328 2306/2306 2327/2327
f 2344/2344 2290/2290 2328/2328
f 2340/2340 2329/2329 2316/2316
f 2329/2329 2330/2330 2308/2308
f 2330/2330 2331/2331 2309/2309
f 2332/2332 2310/2310 2331/2331
f 2345/2345 2319/2319 2332/2332
f 2320/2320 2346/2346 2333/2333
f 2334/2334 2311/2311 2333/2333
f 2321/2321 2347/2347 2320/2320
f 2335/2335 2312/2312 2334/2334
f 2315/2315 2339/2339 2321/2321
f 2336/2336 2313/2313 2335/2335
f 2336/2336 2337/2337 2314/2314
f 2337/2337 2341/2341 2317/2317
f 2290/2290 2348/2348 2338/2338
f 2349/2349 2322/2322 2338/2338
f 2322/2322 2349/2349 2339/2339
f 2350/2350 2340/2340 2323/2323
f 2351/2351 2323/2323 2324/2324
f 2352/2352 2324/2324 2325/2325
f 2341/2341 2352/2352 2325/2325
f 2318/2318 2342/2342 2343/2343
f 2319/2319 2345/2345 2342/2342
f 2343/2343 2353/2353 2326/2326
f 2326/2326 2354/2354 2327/2327
f 2327/2327 2344/2344 2328/2328
f 2344/2344 2355/2355 2290/2290
f 2329/2329 2340/2340 2356/2356
f 2330/2330 2329/2329 2357/2357
f 2331/2331 2330/2330 2358/2358
f 2331/2331 2359/2359 2332/2332
f 2332/2332 2360/2360 2345/2345
f 2346/2346 2320/2320 2347/2347
f 2346/2346 2334/2334 2333/2333
f 2347/2347 2321/2321 2339/2339
f 2361/2361 2335/2335 2334/2334
f 2362/2362 2336/2336 2335/2335
f 2337/2337 2336/2336 2363/2363
f 2341/2341 2337/2337 2364/2364
f 2290/2290 2365/2365 2348/2348
f 2366/2366 2338/2338 2348/2348
f 2338/2338 2366/2366 2349/2349
f 2367/2367 2339/2339 2349/2349
f 2340/2340 2350/2350 2368/2368
f 2323/2323 2351/2351 2350/2350
f 2324/2324 2352/2352 2351/2351
f 2352/2352 2341/2341 2369/2369
f 2370/2370 2343/2343 2342/2342
f 2371/2371 2342/2342 2345/2345
f 2353/2353 2343/2343 2372/2372
f 2354/2354 2326/2326 2353/2353
f 2344/2344 2327/2327 2354/2354
f 2344/2344 2373/2373 2355/2355
f 2355/2355 2374/2374 2290/2290
f 2368/2368 2356/2356 2340/2340
f 2356/2356 2357/2357 2329/2329
f 2357/2357 2358/2358 2330/2330
f 2359/2359 2331/2331 2358/2358
f 2360/2360 2332/2332 2359/2359
f 2375/2375 2345/2345 2360/2360
f 2347/2347 2376/2376 2346/2346
f 2334/2334 2346/2346 2361/2361
f 2339/2339 2367/2367 2347/2347
f 2335/2335 2361/2361 2362/2362
f 2336/2336 2362/2362 2377/2377
f 2377/2377 2363/2363 2336/2336
f 2363/2363 2364/2364 2337/2337
f 2364/2364 2369/2369 2341/2341
f 2290/2290 2378/2378 2365/2365
f 2379/2379 2348/2348 2365/2365
f 2348/2348 2379/2379 2366/2366
f 2380/2380 2349/2349 2366/2366
f 2349/2349 2380/2380 2367/2367
f 2381/2381 2368/2368 2350/2350
f 2382/2382 2350/2350 2351/2351
f 2383/2383 2351/2351 2352/2352
f 2384/2384 2352/2352 2369/2369
f 2343/2343 2370/2370 2372/2372
f 2342/2342 2371/2371 2370/2370
f 2345/2345 2375/2375 2371/2371
f 2385/2385 2353/2353 2372/2372
f 2386/2386 2354/2354 2353/2353
f 2373/2373 2344/2344 2354/2354
f 2387/2387 2355/2355 2373/2373
f 2355/2355 2387/2387 2374/2374
f 2374/2374 2388/2388 2290/2290
f 2356/2356 2368/2368 2389/2389
f 2357/2357 2356/2356 2390/2390
f 2358/2358 2357/2357 2391/2391
f 2391/2391 2359/2359 2358/2358
f 2392/2392 2360/2360 2359/2359
f 2393/2393 2375/2375 2360/2360
f 2376/2376 2347/2347 2367/2367
f 2376/2376 2361/2361 2346/2346
f 2394/2394 2362/2362 2361/2361
f 2395/2395 2377/2377 2362/2362
f 2363/2363 2377/2377 2396/2396
f 2364/2364 2363/2363 2397/2397
f 2369/2369 2364/2364 2398/2398
f 2399/2399 2378/2378 2290/2290
f 2400/2400 2365/2365 2378/2378
f 2365/2365 2400/2400 2379/2379
f 2401/2401 2366/2366 2379/2379
f 2366/2366 2401/2401 2380/2380
f 2402/2402 2367/2367 2380/2380
f 2368/2368 2381/2381 2403/2403
f 2350/2350 2382/2382 2381/2381
f 2351/2351 2383/2383 2382/2382
f 2352/2352 2384/2384 2383/2383
f 2369/2369 2404/2404 2384/2384
f 2405/2405 2372/2372 2370/2370
f 2406/2406 2370/2370 2371/2371
f 2407/2407 2371/2371 2375/2375
f 2353/2353 2385/2385 2386/2386
f 2372/2372 2405/2405 2385/2385
f 2354/2354 2386/2386 2373/2373
f 2373/2373 2408/2408 2387/2387
f 2409/2409 2374/2374 2387/2387
f 2374/2374 2409/2409 2388/2388
f 2388/2388 2410/2410 2290/2290
f 2368/2368 2411/2411 2389/2389
f 2389/2389 2390/2390 2356/2356
f 2390/2390 2391/2391 2357/2357
f 2359/2359 2391/2391 2392/2392
f 2360/2360 2392/2392 2393/2393
f 2375/2375 2393/2393 2412/2412
f 2367/2367 2402/2402 2376/2376
f 2361/2361 2376/2376 2394/2394
f 2362/2362 2394/2394 2395/2395
f 2377/2377 2395/2395 2413/2413
f 2377/2377 2414/2414 2396/2396
f 2415/2415 2363/2363 2396/2396
f 2363/2363 2415/2415 2397/2397
f 2397/2397 2398/2398 2364/2364
f 2404/2404 2369/2369 2398/2398
f 2416/2416 2378/2378 2399/2399
f 2417/2417 2399/2399 2290/2290
f 2378/2378 2416/2416 2400/2400
f 2418/2418 2379/2379 2400/2400
f 2379/2379 2418/2418 2401/2401
f 2419/2419 2380/2380 2401/2401
f 2380/2380 2419/2419 2402/2402
f 2420/2420 2403/2403 2381/2381
f 2411/2411 2368/2368 2403/2403
f 2421/2421 2381/2381 2382/2382
f 2422/2422 2382/2382 2383/2383
f 2423/2423 2383/2383 2384/2384
f 2424/2424 2384/2384 2404/2404
f 2370/2370 2406/2406 2405/2405
f 2371/2371 2407/2407 2406/2406
f 2375/2375 2425/2425 2407/2407
f 2426/2426 2386/2386 2385/2385
f 2405/2405 2426/2426 2385/2385
f 2408/2408 2373/2373 2386/2386
f 2427/2427 2387/2387 2408/2408
f 2387/2387 2427/2427 2409/2409
f 2428/2428 2388/2388 2409/2409
f 2388/2388 2428/2428 2410/2410
f 2410/2410 2417/2417 2290/2290
f 2429/2429 2389/2389 2411/2411
f 2390/2390 2389/2389 2430/2430
f 2391/2391 2390/2390 2431/2431
f 2431/2431 2392/2392 2391/2391
f 2432/2432 2393/2393 2392/2392
f 2433/2433 2412/2412 2393/2393
f 2425/2425 2375/2375 2412/2412
f 2402/2402 2394/2394 2376/2376
f 2434/2434 2395/2395 2394/2394
f 2435/2435 2413/2413 2395/2395
f 2414/2414 2377/2377 2413/2413
f 2436/2436 2396/2396 2414/2414
f 2396/2396 2436/2436 2415/2415
f 2415/2415 2437/2437 2397/2397
f 2398/2398 2397/2397 2437/2437
f 2398/2398 2438/2438 2404/2404
f 2417/2417 2416/2416 2399/2399
f 2439/2439 2400/2400 2416/2416
f 2400/2400 2439/2439 2418/2418
f 2440/2440 2401/2401 2418/2418
f 2401/2401 2440/2440 2419/2419
f 2441/2441 2402/2402 2419/2419
f 2403/2403 2420/2420 2442/2442
f 2381/2381 2421/2421 2420/2420
f 2403/2403 2443/2443 2411/2411
f 2382/2382 2422/2422 2421/2421
f 2383/2383 2423/2423 2422/2422
f 2384/2384 2424/2424 2423/2423
f 2404/2404 2444/2444 2424/2424
f 2406/2406 2445/2445 2405/2405
f 2407/2407 2446/2446 2406/2406
f 2447/2447 2407/2407 2425/2425
f 2386/2386 2426/2426 2408/2408
f 2426/2426 2405/2405 2445/2445
f 2408/2408 2448/2448 2427/2427
f 2449/2449 2409/2409 2427/2427
f 2409/2409 2449/2449 2428/2428
f 2450/2450 2410/2410 2428/2428
f 2410/2410 2450/2450 2417/2417
f 2389/2389 2429/2429 2430/2430
f 2411/2411 2451/2451 2429/2429
f 2430/2430 2431/2431 2390/2390
f 2392/2392 2431/2431 2432/2432
f 2393/2393 2432/2432 2433/2433
f 2412/2412 2433/2433 2452/2452
f 2412/2412 2453/2453 2425/2425
f 2394/2394 2402/2402 2434/2434
f 2395/2395 2434/2434 2435/2435
f 2413/2413 2435/2435 2454/2454
f 2413/2413 2455/2455 2414/2414
f 2414/2414 2456/2456 2436/2436
f 2457/2457 2415/2415 2436/2436
f 2437/2437 2415/2415 2458/2458
f 2438/2438 2398/2398 2437/2437
f 2444/2444 2404/2404 2438/2438
f 2416/2416 2417/2417 2450/2450
f 2450/2450 2439/2439 2416/2416
f 2459/2459 2418/2418 2439/2439
f 2418/2418 2459/2459 2440/2440
f 2460/2460 2419/2419 2440/2440
f 2402/2402 2441/2441 2434/2434
f 2419/2419 2460/2460 2441/2441
f 2442/2442 2420/2420 2461/2461
f 2443/2443 2403/2403 2442/2442
f 2461/2461 2420/2420 2421/2421
f 2451/2451 2411/2411 2443/2443
f 2461/2461 2421/2421 2422/2422
f 2461/2461 2422/2422 2423/2423
f 2461/2461 2423/2423 2424/2424
f 2461/2461 2424/2424 2444/2444
f 2445/2445 2406/2406 2446/2446
f 2446/2446 2407/2407 2462/2462
f 2407/2407 2447/2447 2462/2462
f 2425/2425 2463/2463 2447/2447
f 2448/2448 2408/2408 2426/2426
f 2445/2445 2448/2448 2426/2426
f 2464/2464 2427/2427 2448/2448
f 2427/2427 2464/2464 2449/2449
f 2465/2465 2428/2428 2449/2449
f 2428/2428 2465/2465 2450/2450
f 2466/2466 2430/2430 2429/2429
f 2467/2467 2429/2429 2451/2451
f 2431/2431 2430/2430 2468/2468
f 2468/2468 2432/2432 2431/2431
f 2469/2469 2433/2433 2432/2432
f 2470/2470 2452/2452 2433/2433
f 2453/2453 2412/2412 2452/2452
f 2463/2463 2425/2425 2453/2453
f 2434/2434 2471/2471 2435/2435
f 2435/2435 2472/2472 2454/2454
f 2455/2455 2413/2413 2454/2454
f 2456/2456 2414/2414 2455/2455
f 2473/2473 2436/2436 2456/2456
f 2415/2415 2457/2457 2458/2458
f 2436/2436 2473/2473 2457/2457
f 2458/2458 2438/2438 2437/2437
f 2474/2474 2444/2444 2438/2438
f 2439/2439 2450/2450 2465/2465
f 2465/2465 2459/2459 2439/2439
f 2475/2475 2440/2440 2459/2459
f 2440/2440 2475/2475 2460/2460
f 2471/2471 2434/2434 2441/2441
f 2476/2476 2441/2441 2460/2460
f 2443/2443 2442/2442 2461/2461
f 2451/2451 2443/2443 2461/2461
f 2461/2461 2444/2444 2477/2477
f 2446/2446 2478/2478 2445/2445
f 2462/2462 2479/2479 2446/2446
f 2480/2480 2462/2462 2447/2447
f 2481/2481 2447/2447 2463/2463
f 2448/2448 2445/2445 2478/2478
f 2478/2478 2464/2464 2448/2448
f 2482/2482 2449/2449 2464/2464
f 2449/2449 2482/2482 2465/2465
f 2430/2430 2466/2466 2468/2468
f 2429/2429 2467/2467 2466/2466
f 2467/2467 2451/2451 2461/2461
f 2432/2432 2468/2468 2469/2469
f 2433/2433 2469/2469 2470/2470
f 2452/2452 2470/2470 2483/2483
f 2452/2452 2484/2484 2453/2453
f 2453/2453 2485/2485 2463/2463
f 2472/2472 2435/2435 2471/2471
f 2486/2486 2454/2454 2472/2472
f 2454/2454 2486/2486 2455/2455
f 2455/2455 2487/2487 2456/2456
f 2456/2456 2488/2488 2473/2473
f 2457/2457 2474/2474 2458/2458
f 2473/2473 2489/2489 2457/2457
f 2438/2438 2458/2458 2474/2474
f 2444/2444 2474/2474 2477/2477
f 2459/2459 2465/2465 2482/2482
f 2459/2459 2490/2490 2475/2475
f 2491/2491 2460/2460 2475/2475
f 2441/2441 2476/2476 2471/2471
f 2460/2460 2491/2491 2476/2476
f 2461/2461 2477/2477 2492/2492
f 2478/2478 2446/2446 2479/2479
f 2479/2479 2462/2462 2493/2493
f 2462/2462 2480/2480 2493/2493
f 2447/2447 2481/2481 2480/2480
f 2463/2463 2494/2494 2481/2481
f 2464/2464 2478/2478 2495/2495
f 2495/2495 2482/2482 2464/2464
f 2496/2496 2468/2468 2466/2466
f 2497/2497 2466/2466 2467/2467
f 2497/2497 2467/2467 2461/2461
f 2468/2468 2496/2496 2469/2469
f 2469/2469 2498/2498 2470/2470
f 2470/2470 2499/2499 2483/2483
f 2484/2484 2452/2452 2483/2483
f 2485/2485 2453/2453 2484/2484
f 2494/2494 2463/2463 2485/2485
f 2471/2471 2500/2500 2472/2472
f 2472/2472 2501/2501 2486/2486
f 2487/2487 2455/2455 2486/2486
f 2488/2488 2456/2456 2487/2487
f 2488/2488 2502/2502 2473/2473
f 2474/2474 2457/2457 2489/2489
f 2489/2489 2473/2473 2502/2502
f 2489/2489 2477/2477 2474/2474
f 2490/2490 2459/2459 2482/2482
f 2503/2503 2475/2475 2490/2490
f 2475/2475 2503/2503 2491/2491
f 2500/2500 2471/2471 2476/2476
f 2504/2504 2476/2476 2491/2491
f 2477/2477 2489/2489 2492/2492
f 2461/2461 2492/2492 2505/2505
f 2479/2479 2495/2495 2478/2478
f 2493/2493 2506/2506 2479/2479
f 2480/2480 2507/2507 2493/2493
f 2481/2481 2508/2508 2480/2480
f 2494/2494 2509/2509 2481/2481
f 2482/2482 2495/2495 2490/2490
f 2466/2466 2497/2497 2496/2496
f 2510/2510 2497/2497 2461/2461
f 2498/2498 2469/2469 2496/2496
f 2499/2499 2470/2470 2498/2498
f 2499/2499 2484/2484 2483/2483
f 2511/2511 2485/2485 2484/2484
f 2512/2512 2494/2494 2485/2485
f 2501/2501 2472/2472 2500/2500
f 2513/2513 2486/2486 2501/2501
f 2486/2486 2513/2513 2487/2487
f 2487/2487 2514/2514 2488/2488
f 2502/2502 2488/2488 2515/2515
f 2502/2502 2492/2492 2489/2489
f 2490/2490 2506/2506 2503/2503
f 2516/2516 2491/2491 2503/2503
f 2476/2476 2504/2504 2500/2500
f 2491/2491 2516/2516 2504/2504
f 2492/2492 2502/2502 2505/2505
f 2461/2461 2505/2505 2517/2517
f 2495/2495 2479/2479 2506/2506
f 2506/2506 2493/2493 2507/2507
f 2507/2507 2480/2480 2508/2508
f 2508/2508 2481/2481 2509/2509
f 2509/2509 2494/2494 2518/2518
f 2506/2506 2490/2490 2495/2495
f 2510/2510 2496/2496 2497/2497
f 2519/2519 2510/2510 2461/2461
f 2496/2496 2510/2510 2498/2498
f 2498/2498 2519/2519 2499/2499
f 2484/2484 2499/2499 2511/2511
f 2485/2485 2511/2511 2512/2512
f 2494/2494 2512/2512 2520/2520
f 2500/2500 2521/2521 2501/2501
f 2501/2501 2522/2522 2513/2513
f 2514/2514 2487/2487 2513/2513
f 2514/2514 2515/2515 2488/2488
f 2515/2515 2505/2505 2502/2502
f 2507/2507 2503/2503 2506/2506
f 2503/2503 2507/2507 2516/2516
f 2521/2521 2500/2500 2504/2504
f 2523/2523 2504/2504 2516/2516
f 2505/2505 2515/2515 2517/2517
f 2461/2461 2517/2517 2524/2524
f 2508/2508 2516/2516 2507/2507
f 2509/2509 2523/2523 2508/2508
f 2520/2520 2518/2518 2494/2494
f 2518/2518 2525/2525 2509/2509
f 2519/2519 2498/2498 2510/2510
f 2519/2519 2461/2461 2526/2526
f 2519/2519 2511/2511 2499/2499
f 2526/2526 2512/2512 2511/2511
f 2527/2527 2520/2520 2512/2512
f 2522/2522 2501/2501 2521/2521
f 2528/2528 2513/2513 2522/2522
f 2513/2513 2528/2528 2514/2514
f 2515/2515 2514/2514 2529/2529
f 2504/2504 2523/2523 2521/2521
f 2516/2516 2508/2508 2523/2523
f 2529/2529 2517/2517 2515/2515
f 2517/2517 2529/2529 2524/2524
f 2530/2530 2461/2461 2524/2524
f 2523/2523 2509/2509 2525/2525
f 2518/2518 2520/2520 2531/2531
f 2525/2525 2518/2518 2532/2532
f 2526/2526 2461/2461 2527/2527
f 2511/2511 2519/2519 2526/2526
f 2512/2512 2526/2526 2527/2527
f 2520/2520 2527/2527 2533/2533
f 2521/2521 2525/2525 2522/2522
f 2522/2522 2532/2532 2528/2528
f 2528/2528 2529/2529 2514/2514
f 2525/2525 2521/2521 2523/2523
f 2534/2534 2524/2524 2529/2529
f 2535/2535 2461/2461 2530/2530
f 2524/2524 2534/2534 2530/2530
f 2533/2533 2531/2531 2520/2520
f 2531/2531 2532/2532 2518/2518
f 2532/2532 2522/2522 2525/2525
f 2527/2527 2461/2461 2533/2533
f 2532/2532 2534/2534 2528/2528
f 2529/2529 2528/2528 2534/2534
f 2536/2536 2461/2461 2535/2535
f 2534/2534 2535/2535 2530/2530
f 2531/2531 2533/2533 2536/2536
f 2532/2532 2531/2531 2537/2537
f 2533/2533 2461/2461 2536/2536
f 2534/2534 2532/2532 2537/2537
f 2537/2537 2536/2536 2535/2535
f 2535/2535 2534/2534 2537/2537
f 2536/2536 2537/2537 2531/2531
f 2538/2538 2545/2545 2539/2539
f 2545/2545 2538/2538 2541/2541
f 2540/2540 2549/2549 2542/2542
f 2539/2539 2545/2545 2553/2553
f 2549/2549 2540/2540 2548/2548
f 2542/2542 2549/2549 2558/2558
f 2565/2565 2552/2552 2543/2543
f 2553/2553 2545/2545 2566/2566
f 2557/2557 2569/2569 2547/2547
f 2558/2558 2549/2549 1933/1933
f 2574/2574 2550/2550 2560/2560
f 2551/2551 2578/2578 2562/2562
f 2580/2580 2552/2552 2565/2565
f 2544/2544 2582/2582 2567/2567
f 2553/2553 2566/2566 2586/2586
f 2546/2546 2580/2580 2570/2570
f 2571/2571 2588/2588 2544/2544
f 2555/2555 2575/2575 2561/2561
f 2579/2579 2554/2554 2563/2563
f 2559/2559 2589/2589 2556/2556
f 2569/2569 2557/2557 2564/2564
f 2549/2549 2591/2591 1933/1933
f 2573/2573 2589/2589 2559/2559
f 2550/2550 2574/2574 2594/2594
f 2578/2578 2551/2551 2592/2592
f 2580/2580 2546/2546 2552/2552
f 2582/2582 2544/2544 2596/2596
f 2583/2583 2587/2587 2568/2568
f 2553/2553 2586/2586 2597/2597
f 2581/2581 2588/2588 2571/2571
f 2596/2596 2544/2544 2588/2588
f 2575/2575 2555/2555 2600/2600
f 2554/2554 2579/2579 2598/2598
f 2601/2601 2556/2556 2589/2589
f 2564/2564 2557/2557 2604/2604
f 2591/2591 2549/2549 2606/2606
f 1933/1933 2591/2591 2609/2609
f 2589/2589 2573/2573 2610/2610
f 2613/2613 2593/2593 2576/2576
f 2593/2593 2613/2613 2577/2577
f 2620/2620 2584/2584 2595/2595
f 2587/2587 2583/2583 2622/2622
f 2597/2597 2586/2586 2625/2625
f 2616/2616 2588/2588 2581/2581
f 2599/2599 2628/2628 2576/2576
f 2577/2577 2629/2629 2599/2599
f 2633/2633 2556/2556 2601/2601
f 2556/2556 2633/2633 2603/2603
f 2564/2564 2604/2604 2635/2635
f 2609/2609 2591/2591 2636/2636
f 2607/2607 2611/2611 2572/2572
f 2605/2605 2590/2590 2612/2612
f 2613/2613 2576/2576 2642/2642
f 2629/2629 2577/2577 2613/2613
f 2584/2584 2620/2620 2646/2646
f 2622/2622 2583/2583 2643/2643
f 2621/2621 2648/2648 2585/2585
f 2625/2625 2586/2586 2650/2650
f 2588/2588 2616/2616 2644/2644
f 2599/2599 2629/2629 2628/2628
f 2642/2642 2576/2576 2628/2628
f 2632/2632 2658/2658 2602/2602
f 2635/2635 2604/2604 2657/2657
f 2609/2609 2636/2636 2661/2661
f 2607/2607 2632/2632 2611/2611
f 2590/2590 2605/2605 2654/2654
f 2611/2611 2632/2632 2638/2638
f 2664/2664 2614/2614 2640/2640
f 2615/2615 2668/2668 2630/2630
f 2622/2622 2643/2643 2617/2617
f 2619/2619 2670/2670 2647/2647
f 2669/2669 2583/2583 2645/2645
f 2643/2643 2583/2583 2669/2669
f 2648/2648 2621/2621 2672/2672
f 2649/2649 2651/2651 2624/2624
f 2670/2670 2619/2619 2653/2653
f 2667/2667 2626/2626 2631/2631
f 2627/2627 2665/2665 2641/2641
f 2639/2639 2634/2634 2655/2655
f 2658/2658 2632/2632 2607/2607
f 2635/2635 2657/2657 2677/2677
f 2637/2637 2679/2679 2660/2660
f 2678/2678 2608/2608 2662/2662
f 2638/2638 2632/2632 2676/2676
f 2614/2614 2664/2664 2684/2684
f 2668/2668 2615/2615 2683/2683
f 2618/2618 2652/2652 2623/2623
f 2623/2623 2652/2652 2671/2671
f 2651/2651 2649/2649 2673/2673
f 2652/2652 2565/2565 2674/2674
f 2626/2626 2667/2667 2687/2687
f 2665/2665 2627/2627 2686/2686
f 2634/2634 2639/2639 2675/2675
f 2608/2608 2678/2678 2656/2656
f 2635/2635 2677/2677 2659/2659
f 2659/2659 2677/2677 2681/2681
f 2679/2679 2637/2637 2680/2680
f 2688/2688 2682/2682 2663/2663
f 2682/2682 2689/2689 2666/2666
f 2565/2565 2652/2652 2618/2618
f 2666/2666 2690/2690 2685/2685
f 2685/2685 2691/2691 2663/2663
f 2692/2692 2682/2682 2688/2688
f 2688/2688 2663/2663 2693/2693
f 2689/2689 2682/2682 2694/2694
f 2666/2666 2689/2689 2695/2695
f 2690/2690 2666/2666 2696/2696
f 2685/2685 2690/2690 2697/2697
f 2685/2685 2698/2698 2691/2691
f 2699/2699 2663/2663 2691/2691
f 2700/2700 2682/2682 2692/2692
f 2693/2693 2663/2663 2701/2701
f 2694/2694 2682/2682 2700/2700
f 2702/2702 2666/2666 2695/2695
f 2696/2696 2666/2666 2703/2703
f 2685/2685 2697/2697 2704/2704
f 2685/2685 2704/2704 2698/2698
f 2705/2705 2663/2663 2699/2699
f 2701/2701 2663/2663 2706/2706
f 2707/2707 2666/2666 2702/2702
f 2703/2703 2666/2666 2707/2707
f 2698/2698 2704/2704 2708/2708
f 2706/2706 2663/2663 2705/2705
f 2698/2698 2708/2708 2709/2709
f 2698/2698 2710/2710 2705/2705
f 2706/2706 2705/2705 2711/2711
f 2698/2698 2709/2709 2712/2712
f 2698/2698 2713/2713 2710/2710
f 2714/2714 2705/2705 2710/2710
f 2711/2711 2705/2705 2715/2715
f 2698/2698 2712/2712 2713/2713
f 2715/2715 2705/2705 2714/2714