# https://github.com/mikedh/trimesh
mtllib material_0.mtl
usemtl material_0
v 0.01975061 0.00853146 0.02906070
v -0.00191723 0.05757850 0.00580150
v -0.02723563 0.01098650 -0.01827370
v -0.02240747 0.01272474 0.02786230
v 0.02705173 0.02826138 -0.01685770
v -0.01875691 -0.06605414 -0.00473610
v -0.02711787 -0.03811046 -0.01337130
v -0.02829547 -0.04869478 -0.03015850
v -0.02829547 -0.04075366 -0.01629770
v 0.00797461 0.05754266 0.00911350
v 0.02728725 -0.00208870 0.02125430
v 0.02728725 0.02265882 0.02141270
v -0.02817771 0.02157594 0.00845430
v -0.02817771 0.02479002 -0.02668970
v -0.02817771 0.03879834 0.00461590
v -0.02570475 -0.04373862 -0.00460330
v -0.01604843 0.02630170 -0.02602570
v 0.01774869 -0.06683110 -0.00462570
v -0.01357547 -0.04168550 0.02549590
v 0.02622741 0.01857178 -0.01611370
v -0.01958123 -0.05784038 -0.02632810
v 0.02387221 0.01754650 -0.03109130
v 0.02870037 0.01345562 -0.02492810
v -0.01710827 -0.05670630 -0.02584010
v -0.02794219 0.00460058 -0.00115850
v -0.02794219 -0.00181862 0.00660630
v -0.01828587 -0.04459622 0.00292950
v -0.01946347 0.02053914 -0.02586570
v -0.02546923 0.05664666 -0.01522410
v -0.02546923 0.05664666 -0.01522410
v -0.02064107 -0.05362150 -0.02779210
v 0.02398997 -0.06688614 -0.02019210
v 0.02881813 -0.05187302 -0.02070250
v 0.02764053 0.00091290 0.00665750
v -0.02782443 0.01147930 -0.00240010
v 0.02646293 0.02090650 -0.02286250
v 0.02893589 -0.05151334 -0.01153130
v -0.01687275 -0.06728422 -0.02245130
v 0.02775829 0.02254362 -0.00120010
v -0.02770667 0.02384666 -0.01825450
v -0.02770667 0.05297178 -0.01485930
v -0.02641131 -0.04140390 0.01116310
v 0.01951509 -0.04313574 -0.02574090
v -0.02629355 0.00869274 -0.02337130
v -0.02747115 -0.03644774 -0.00855850
v -0.02264299 0.02620058 -0.02716170
v -0.02264299 0.02119194 -0.03094250
v 0.02081045 -0.04762342 -0.03089930
v 0.02081045 0.05697562 -0.01428170
v 0.01963285 0.01176730 -0.02454570
v -0.02617579 0.03500826 0.02477910
v -0.02617579 0.01655066 -0.02001130
v -0.02735339 0.00178970 -0.02271370
v 0.00161557 -0.06728294 -0.02158730
v -0.02853099 0.02701594 0.01989270
v 0.02818701 0.01300890 -0.02794570
v -0.02727795 -0.00502758 -0.02402090
v -0.02727795 -0.03758054 0.02257750
v 0.02218125 0.01016730 -0.02497450
v 0.02700941 -0.05641958 -0.01477930
v 0.02700941 -0.04622182 -0.02458090
v 0.02100365 -0.04294374 -0.00355690
v -0.01997683 0.02508314 -0.02643850
v -0.01032051 0.05740186 0.02822870
v 0.02948237 -0.04616294 -0.02885130
v 0.01382029 -0.06127974 0.00364950
v 0.02830477 0.01546266 -0.02390090
v -0.02716019 0.01458586 -0.01218250
v -0.02716019 0.02691354 -0.02511530
v 0.02712717 -0.03837286 -0.02453610
v 0.01629325 0.05769626 0.00998390
v 0.02594957 -0.03936870 0.02416950
v -0.00054643 0.05762074 0.01639670
v 0.01876621 0.04216858 0.02937910
v 0.00310413 -0.06536550 0.00324470
v 0.02724493 -0.04032614 0.01278070
v -0.02822003 0.02291354 -0.01524330
v -0.02822003 0.05428634 0.01866710
v -0.02822003 0.02235418 -0.02847050
v -0.02822003 -0.02461798 0.01579830
v -0.02822003 -0.02230118 0.01543990
v -0.01974131 0.01713690 -0.02994570
v 0.02488973 0.05496474 0.02543510
v 0.00439949 -0.06734694 -0.02121290
v -0.02692467 -0.04181350 -0.00412170
v 0.00805005 0.05754522 0.02787830
v 0.00805005 0.05754522 0.02787830
v -0.00761203 -0.04155238 0.02764630
v 0.02736269 -0.04899046 -0.02467690
v -0.02327411 0.00282010 -0.02672490
v 0.02135693 -0.04162278 0.00581910
v -0.02562931 -0.03666150 -0.02604490
v 0.01900173 -0.04858598 0.00440470
v 0.02382989 0.05735322 0.02414070
v -0.02680691 -0.03819622 -0.01496490
v -0.02680691 0.03266842 -0.02465290
v -0.02798451 0.02078618 0.00351350
v -0.02798451 0.02370330 0.00397430
v 0.02147469 0.02220442 -0.03056650
v -0.01585523 0.03095450 0.02917590
v 0.02877581 0.01881114 -0.02606250
v -0.02668915 0.02878106 -0.02032810
v 0.02759821 0.03391386 -0.00234090
v 0.02759821 0.04476058 -0.02115210
v 0.02759821 -0.01078374 0.00099350
v 0.02759821 -0.04955750 -0.01953610
v 0.02759821 -0.00581222 0.01414390
v 0.02759821 0.03879834 0.00621910
v -0.01938803 0.02229146 -0.02542410
v 0.01923725 0.02254618 -0.02504330
v -0.02174323 -0.04282470 -0.02973930
v -0.01691507 -0.03717606 -0.02639690
v 0.02771597 0.02679962 0.00044470
v 0.02771597 0.03063578 0.00159670
v -0.02774899 -0.01811046 0.00555350
v -0.01809267 -0.04175462 0.01649590
v -0.01809267 -0.04547430 -0.00090410
v 0.01688205 0.02518042 -0.02548330
v 0.01688205 0.02518042 -0.02548330
v 0.01688205 -0.06659558 -0.00414570
v -0.01326451 -0.04935654 -0.02656010
v 0.02053261 -0.04839654 -0.02496490
v -0.02645363 0.02782490 -0.02442890
v -0.02645363 -0.04381158 -0.02201930
v 0.02300557 0.04908954 0.02732790
v 0.02783373 0.02400410 -0.00687210
v 0.02783373 0.01150746 0.00348310
v 0.01099405 -0.06535142 -0.02508810
v 0.02547853 0.01517210 0.02525750
v -0.02033011 0.00919194 -0.02632650
v 0.02912909 -0.04326118 -0.01581450
v -0.02633587 0.00935834 -0.01901770
v 0.01829517 -0.02571750 0.02945910
v 0.02795149 -0.02756838 0.00416470
v 0.02795149 0.02499226 -0.02860490
v 0.02795149 -0.03148262 -0.00224010
v -0.02751347 0.03361946 -0.02224650
v -0.02268531 0.05216026 -0.02049450
v 0.02677389 0.02160282 -0.00896170
v -0.02021235 0.05669786 0.02830070
v -0.02021235 0.05669786 0.02830070
v 0.01476237 0.02839322 0.02965270
v -0.00572787 -0.06687334 -0.01925610
v 0.02806925 -0.02651110 -0.00486570
v 0.01240717 0.05760794 0.02185110
v 0.02936461 -0.04682854 -0.01421770
v 0.00404621 -0.04171750 0.00687190
v 0.02696709 0.02155290 0.02286390
v 0.02696709 0.00955162 -0.01576010
v -0.02849787 0.00602906 0.01934870
v -0.01884155 -0.05456870 -0.02500490
v -0.00435707 0.05694490 0.02893590
v 0.02944005 -0.04907622 -0.01459530
v -0.02602491 -0.02112358 0.02481910
v -0.01636859 0.02739354 -0.02573450
v -0.01754619 0.01254682 -0.02556010
v -0.02838011 -0.04412646 -0.02749290
v -0.02838011 -0.00347622 0.01514870
v 0.01625093 0.00970010 -0.02597290
v 0.02472965 0.03126938 -0.02484490
v 0.00906757 -0.04118118 0.02897270
v -0.01625083 -0.04171494 0.01026390
v -0.01625083 -0.04171494 0.01026390
v 0.02838021 -0.04712550 -0.03118570
v -0.00176635 -0.04183142 0.00649910
v -0.02708475 -0.04789606 -0.00615370
v 0.02720261 0.02890394 -0.01939530
v 0.02484741 0.05629978 0.02501750
v -0.02578939 0.02129818 -0.02260170
v -0.02696699 -0.04668518 -0.02510730
v -0.02696699 -0.04581862 -0.01799370
v 0.00800773 0.05670682 -0.01616490
v 0.02732037 -0.04156134 -0.01082250
v 0.02732037 0.01928730 -0.02179530
v -0.02814459 0.03694746 0.00390070
v -0.02814459 -0.01983590 0.01649910
v -0.02814459 0.02183578 -0.01425130
v -0.02814459 -0.05352678 -0.01861930
v -0.02814459 -0.05391974 -0.01688650
v -0.02814459 -0.02920934 0.01947510
v 0.01648645 -0.05668838 0.00391190
v -0.02449403 -0.03945830 0.02597910
v 0.02496517 0.05740442 0.01846230
v 0.02861573 0.02480410 -0.01922890
v -0.02684923 -0.04276198 -0.00473450
v -0.02684923 -0.00688998 -0.02524170
v 0.02743813 0.01055002 0.01329110
v 0.02743813 -0.05654758 -0.02304490
v -0.02802683 0.02388634 0.00133750
v -0.01354235 -0.04218982 0.00618070
v 0.02626053 -0.05342566 -0.02846410
v -0.02437627 -0.03973094 -0.02637770
v -0.01954811 -0.04106982 0.02833590
v 0.02025477 0.00001562 0.02882870
v 0.01907717 -0.06603238 -0.00423690
v 0.01907717 -0.06263270 -0.00431370
v 0.01907717 -0.04154214 0.02442550
v 0.02873349 0.01259546 -0.02003690
v -0.02190331 -0.05143142 -0.03035690
v 0.02755589 -0.01297766 0.01896950
v -0.02790907 -0.05512038 -0.02085450
v -0.02790907 0.01495962 -0.02897610
v 0.02155013 0.01415834 -0.02844650
v 0.02637829 0.01699098 -0.01762250
v -0.01943035 -0.03760486 -0.02589290
v 0.01318917 -0.06558054 0.00259830
v 0.02767365 -0.03747814 -0.01420010
v 0.02767365 -0.05043046 -0.02248810
v 0.02767365 0.04752666 -0.02019370
v -0.00247291 -0.06703718 -0.02325130
v -0.02779131 0.01380378 -0.02817610
v 0.02649605 -0.06564966 -0.00606570
v 0.02649605 -0.06564966 -0.00606570
v -0.02414075 0.05751322 0.02346710
v -0.02414075 0.05751322 0.02346710
v 0.02779141 -0.03262566 0.01864950
v 0.02779141 0.05264026 -0.01654730
v -0.02767355 -0.01205478 0.00586710
v 0.01212933 -0.04820070 0.00518070
v 0.02178565 0.04797722 0.02817110
v 0.02661381 -0.05929830 -0.00476170
v -0.01919483 0.01117338 -0.02465610
v -0.02637819 -0.03920102 -0.01377450
v -0.02155003 0.05668890 0.02768150
v 0.02790917 -0.00535142 -0.00452490
v 0.02790917 0.04197274 -0.00230090
v -0.01307131 -0.06659686 -0.00076330
v 0.02673157 -0.05553510 -0.00464650
v -0.00211963 -0.06733030 -0.02114730
v 0.02084357 0.01056794 -0.02452170
v 0.02567173 0.00996378 0.02500470
v -0.01530875 -0.06671206 -0.02431210
v -0.01648635 -0.03921766 -0.02472170
v 0.02814469 -0.02509158 -0.02448170
v 0.02814469 -0.02509158 -0.02448170
v 0.02814469 -0.05954278 -0.01492650
v 0.02814469 -0.02249446 -0.02433930
v 0.02814469 -0.02249446 -0.02433930
v 0.00765445 0.05556506 0.02964950
v -0.01766395 -0.04868966 -0.00424650
v -0.02006147 -0.04230118 -0.00191850
v 0.01974141 0.02564506 -0.02602090
v 0.02704253 0.04455834 0.02229750
v -0.02842243 0.04130586 0.01078550
v -0.02594947 -0.05074662 -0.00492970
v 0.02833789 0.01688090 -0.02638570
v -0.02229891 0.00909210 -0.02638570
v -0.00781443 -0.04088806 0.02911510
v -0.02830467 0.02138138 -0.02528490
v 0.02598269 -0.01612006 0.02482550
v 0.02480509 -0.03944038 0.02569110
v -0.02583171 -0.06224742 -0.02530890
v -0.02700931 0.00805146 -0.02327210
v 0.02727805 -0.01417574 -0.02521130
v 0.02727805 0.01787802 -0.01825770
v 0.02727805 -0.04753638 -0.00844650
v -0.02818691 0.04944666 0.00536310
v -0.02818691 0.03711002 0.00814390
v -0.02818691 0.05607962 0.01389910
v 0.02739581 -0.04094438 -0.00358570
v 0.02621821 0.05486874 -0.01679210
v 0.02621821 0.05709722 0.00590710
v 0.02504061 -0.04275046 -0.00428170
v -0.02559619 -0.04699366 -0.01581930
v 0.02869117 0.01451418 -0.02518570
v -0.02677379 -0.03555046 -0.02524810
v -0.02677379 0.01589274 -0.03032490
v 0.02751357 0.00967834 -0.01372170
v 0.02751357 0.05098394 0.00535990
v 0.02751357 0.04909338 0.00415670
v -0.02795139 -0.00637798 0.02127510
v -0.02795139 0.01216282 -0.02200810
v -0.02795139 -0.03939430 -0.01946090
v -0.02795139 -0.05238630 -0.02196490
v 0.01550205 0.05749018 0.02367830
v -0.02065027 -0.06690534 -0.02370730
v -0.02665603 0.02430490 -0.02917930
v 0.02763133 -0.06463974 -0.02299050
v 0.02645373 -0.06657254 -0.01149770
v 0.02645373 0.02651930 -0.02695370
v -0.02171011 -0.05033446 -0.00467210
v 0.02774909 0.04716442 -0.00300490
v 0.02774909 -0.05654502 -0.01339850
v -0.00239747 0.05712922 -0.01452490
v -0.02771587 0.02502170 -0.00236490
v 0.02657149 0.01670170 -0.02272650
v -0.01923715 -0.04235366 0.00439190
v 0.01938813 -0.04276454 -0.02640490
v 0.02904445 -0.04542054 -0.02707850
v -0.02642051 -0.06379366 -0.00671530
v -0.02642051 0.02626970 0.02453110
v -0.01676419 -0.03713638 0.02921590
v 0.02786685 0.01554842 -0.01046250
v -0.02759811 -0.01092454 -0.00525130
v 0.01585533 -0.03856998 -0.02607210
v 0.02068349 -0.04627430 -0.00394890
v -0.02029699 0.05749530 0.02575030
v 0.01950589 0.02619162 -0.02477290
v -0.02630275 0.01831450 -0.01470570
v 0.02798461 -0.05278566 -0.00801770
v 0.02798461 0.01993370 -0.00958890
v -0.02748035 -0.05568230 -0.01780650
v 0.02080125 -0.04194534 0.00517750
v 0.01479549 0.05763482 0.00995190
v 0.01479549 -0.03175270 0.02971670
v -0.02618499 0.02880666 -0.02469450
v -0.02618499 -0.06374246 -0.01926570
v -0.02135683 0.02194842 0.02845430
v 0.01361789 0.05585434 -0.01726410
v -0.02736259 0.02383386 -0.01167210
v -0.01770627 -0.03566694 -0.02661930
v 0.02817781 -0.04077286 -0.02777290
v -0.01763083 -0.05147878 -0.02558730
v 0.02217205 -0.04792294 -0.03137770
v 0.02700021 0.02520602 -0.02883690
v 0.01981685 0.02728218 -0.02427370
v 0.02346741 -0.00247142 -0.02610730
v -0.01751307 0.02543002 -0.02532650
v 0.01746165 0.04714394 0.02960950
v 0.02228981 -0.00381158 0.02780950
v -0.02834699 0.02526746 -0.02101290
v -0.02834699 -0.04649062 -0.02586570
v -0.02834699 -0.00625766 0.01432950
v 0.02111221 -0.05065190 -0.03007850
v -0.02587403 0.02281882 -0.02045290
v -0.02587403 -0.04171366 0.00751830
v -0.02587403 0.02756122 -0.02501130
v -0.02587403 -0.05954534 -0.00512810
v -0.02340107 -0.01036006 -0.02668170
v -0.01374475 -0.06608614 -0.00372170
v 0.01522421 0.05739546 0.02854230
v -0.00526603 -0.06723942 -0.02174570
v 0.02735349 0.02229530 -0.02310570
v 0.02735349 -0.04053350 -0.02795370
v -0.02811147 -0.05135590 -0.01541290
v -0.01845515 -0.03500774 0.02911830
v 0.00933621 -0.06707174 -0.01014410
v -0.02681611 0.01351194 -0.01030890
v -0.02681611 0.01909658 -0.02468010
v -0.02681611 -0.06275046 -0.00712810
v 0.02747125 0.05183770 0.00996310
v 0.02747125 -0.04478182 -0.01632010
v 0.02747125 0.04192922 0.00106710
v 0.02747125 -0.00841062 0.01759670
v -0.02799371 0.02469018 -0.00084330
v -0.02799371 0.02205594 -0.02617290
v -0.02799371 0.00529946 0.00777750
v 0.02629365 -0.04143718 -0.00243210
v 0.01063157 0.05568282 0.02968630
v -0.01951499 -0.05031014 -0.02728650
v -0.01468683 0.05737114 -0.01139850
v 0.02511605 0.02422298 -0.02977770
v 0.02758901 0.00419098 0.00447990
v 0.02758901 0.01765658 -0.00702410
v -0.01821963 0.01751066 -0.02536330
v -0.02540299 0.05410586 0.02513750
v 0.01922805 0.02654234 -0.02419210
v -0.02775819 0.01175066 -0.02255210
v -0.01810187 -0.04489574 0.00454550
v 0.02535157 -0.05547366 -0.02548490
v -0.02646283 -0.04020710 0.02277270
v 0.02782453 -0.03074918 0.01677910
v 0.02664693 -0.06164838 -0.00494570
v 0.00380149 0.05739290 -0.00938250
v -0.02634507 0.05718682 0.02128310
v -0.01186059 0.05740058 -0.01176810
v 0.02794229 -0.04848486 -0.00657610
v 0.02794229 -0.05738086 -0.00691530
v -0.02752267 0.02818970 -0.01284810
v -0.02269451 -0.03848806 -0.02552170
v 0.02676469 -0.04580454 -0.01703050
v 0.01110261 -0.04138726 0.02420150
v 0.01593077 0.05749530 0.00315830
v -0.02504971 -0.06476390 -0.02391530
v -0.02022155 0.01270810 -0.02743530
v -0.02622731 -0.04413414 -0.01705290
v -0.02139915 -0.03817702 -0.02497930
v 0.02688245 0.01249946 -0.01301930
v 0.02688245 0.05655194 0.00590550
v -0.02375435 0.01679130 -0.03092650
v -0.01044747 -0.04144486 0.02830070
v 0.02935541 -0.04830054 -0.01322090
v -0.02002835 -0.06654054 -0.02457290
v 0.02943085 -0.05241318 -0.02484170
v 0.02943085 -0.05241318 -0.02484170
v 0.02943085 -0.04946918 -0.01365610
v -0.02603411 0.05167002 -0.02029130
v 0.02342509 0.01168922 -0.02620330
v 0.02342509 0.01168922 -0.02620330
v -0.02721171 0.02031130 -0.01912810
v -0.01873299 -0.04342246 0.00178070
v -0.01991059 0.01419930 -0.02855850
v -0.00660371 0.05705754 -0.01218570
v -0.02226579 -0.04176870 0.02143670
v 0.02719341 -0.05701350 -0.00507210
v -0.02827155 -0.01144678 0.01173910
v -0.02827155 -0.00958054 0.01915350
v -0.02344339 0.01302938 -0.02841130
v 0.01635949 0.02242074 -0.02585290
v 0.02601581 0.04004506 0.02446390
v 0.02601581 -0.04047206 0.02319670
v -0.00048019 0.05730330 -0.01084170
v -0.00648595 0.05723418 -0.01319690
v 0.02848877 0.01888026 -0.02548170
v 0.02848877 0.02083354 -0.01408010
v -0.02697619 -0.01001062 0.02342550
v -0.02815379 -0.04654566 -0.01392170
v -0.02450323 0.05766426 0.01779990
v -0.02685843 -0.04594662 -0.00565450
v 0.02742893 0.05539866 -0.01407050
v -0.02803603 0.04865690 0.02163830
v 0.02142317 0.02896026 -0.02481770
v 0.02625133 0.02022298 -0.01540490
v 0.01058925 -0.04557286 0.00548950
v 0.02024557 0.02263834 -0.02879050
v 0.01906797 -0.05182054 -0.00273130
v -0.02674067 0.02346138 -0.00963370
v 0.02754669 0.04483098 0.00511510
v -0.02791827 0.03563674 -0.00084010
v -0.02791827 0.00969882 0.02192310
v -0.02791827 -0.02705638 0.00226550
v 0.02519149 -0.06671206 -0.02056490
v -0.00012691 -0.06708454 -0.02136010
v -0.02544531 0.01099418 -0.02550090
v -0.02544531 -0.05474150 -0.00493930
v -0.02061715 0.00737946 0.02868470
v -0.02662291 -0.04381286 -0.00491050
v -0.02662291 0.03172762 0.02419350
v -0.02662291 -0.01667942 0.02406070
v -0.00365971 -0.04115558 0.02879030
v -0.01932179 0.05750298 -0.00396650
v -0.02049939 -0.03437670 0.02870870
v 0.02895981 0.02158746 -0.02771370
v -0.02650515 -0.05818854 -0.02216970
v 0.02778221 0.01121178 0.00873430
v 0.02778221 0.00810906 -0.02017610
v 0.02778221 0.01498522 -0.02218730
v 0.00729197 0.05644570 0.02945590
v -0.00954771 -0.04195942 0.00646870
v 0.02907757 -0.04506342 -0.01495850
v -0.00106899 -0.04064870 0.02928630
v -0.02638739 -0.04857702 -0.03123690
v 0.00858733 0.05688218 0.02934070
v -0.02155923 -0.00357734 0.02824630
v -0.02155923 -0.03577830 0.02825430
v 0.02672237 -0.04711270 -0.01551690
v -0.02626963 -0.04442470 -0.02228010
v -0.02626963 0.01725978 -0.02232970
v -0.01661331 0.01046554 -0.02589450
v 0.02801773 0.02545306 -0.01480010
v 0.01718381 -0.06166886 0.00202070
v -0.00330643 0.05766170 0.01905750
v -0.02862483 -0.04976102 -0.02861450
v 0.01600621 0.05742490 -0.00091530
v 0.02813549 -0.01242342 -0.02473610
v 0.02813549 -0.01242342 -0.02473610
v 0.02695789 -0.02812262 -0.02541290
v 0.02695789 0.00279578 -0.02523530
v 0.02695789 0.00279578 -0.02523530
v -0.01642011 -0.05276134 0.00343670
v 0.02821093 -0.06274790 -0.02196970
v 0.02821093 -0.04845030 -0.01909770
v 0.02703333 -0.01385062 0.02281910
v 0.02950629 -0.04495206 -0.02862890
v 0.01867237 -0.06704870 -0.01851210
v -0.02230811 -0.06375142 -0.00476490
v -0.02230811 -0.06375142 -0.00476490
v 0.02715109 0.05613466 0.00369910
v -0.02584091 0.05733274 -0.01041930
v -0.02584091 0.02053914 -0.01546890
v 0.02844645 0.01951898 -0.01373930
v -0.02219035 -0.04223590 -0.00398730
v 0.02726885 -0.04024678 0.01591830
v 0.02726885 -0.02233446 -0.02523530
v -0.02819611 0.00323098 0.02000630
v 0.02126309 -0.06700006 -0.01798570
v -0.01971739 0.03056794 0.02895830
v -0.02089499 0.01328410 0.02862230
v 0.01407973 -0.06643302 0.00159670
v 0.02373605 0.05740954 -0.00489290
v 0.01773029 0.05752090 0.01899670
v -0.02807835 -0.04752486 -0.01411850
v 0.01172453 0.05644058 0.02957430
v -0.02442779 -0.05820134 -0.02637130
v 0.02020325 -0.05290598 -0.02584490
v 0.02020325 -0.04517222 -0.02829290
v 0.02020325 0.01841434 -0.02634570
v 0.02385381 -0.04149478 0.02006230
v -0.00629275 -0.06686950 -0.02374410
v -0.02678299 -0.06338022 -0.01394250
v 0.02750437 0.05171738 -0.01847210
v -0.02796059 0.00101402 0.00468150
v -0.02796059 0.01552154 -0.00002890
v -0.02796059 0.02453786 0.00262070
v 0.02632677 -0.02860006 0.02435350
v 0.02032101 0.01757978 -0.02727690
v -0.02666523 -0.01697126 -0.02569450
v 0.01313765 -0.06669030 0.00113430
v 0.01796581 -0.05731046 0.00262550
v 0.02762213 -0.02080102 0.01058230
v -0.00122907 -0.03990118 0.02948470
v 0.00242149 -0.06546278 -0.02532330
v 0.02656229 0.01082778 -0.01431050
v 0.01090021 -0.04202982 0.00611670
v 0.00489445 -0.04260198 0.00593750
v -0.02042395 -0.01864294 0.02876950
v -0.02642971 -0.02202854 -0.02589770
v 0.02302949 0.01317914 -0.02855530
v 0.02302949 0.01317914 -0.02855530
v -0.02760731 -0.03949670 -0.00268010
v -0.02760731 0.02592538 -0.00956490
v 0.02185189 -0.05859430 -0.00428010
v -0.01547803 -0.03790822 -0.02633130
v 0.01949669 0.05706778 -0.01101930
v -0.02748955 0.04215834 -0.01891530
v 0.02679781 0.01660442 -0.00895210
v -0.01901083 -0.04172646 -0.02593930
v -0.02501659 0.00874010 -0.02612650
v 0.02809317 -0.05029734 -0.02383850
v -0.02737179 0.02528410 -0.02779050
v -0.02254363 -0.06685926 -0.02071850
v 0.01725925 0.02636186 -0.02428010
v -0.02854939 -0.04674918 -0.02628330
v -0.02729635 -0.05593702 -0.01912330
v -0.02729635 0.03913370 0.02331350
v -0.02729635 -0.03070054 0.02289750
v 0.01250653 -0.04139494 0.02148470
v -0.01281187 -0.04160614 0.02783990
v 0.02699101 -0.04982758 -0.00863210
v -0.02847395 -0.05240550 -0.02397770
v 0.02098525 -0.04415078 -0.00401450
v -0.01999523 0.01057562 -0.02492170
v -0.02600099 -0.01090662 0.02477750
v 0.02828637 0.01149850 -0.02356330
v 0.02828637 -0.05087462 -0.03034090
v -0.02835619 -0.04089190 -0.01685290
v 0.01627485 -0.05926758 0.00357110
v 0.02722653 -0.01696614 0.02212310
v -0.02823843 0.02335642 -0.02564490
v 0.02369373 0.05703194 0.02516310
v 0.02369373 0.05703194 0.02516310
v -0.02694307 0.02014106 -0.00845770
v 0.02734429 -0.01146726 0.02128790
v -0.02812067 -0.02053734 0.01872630
v 0.02133853 -0.06700518 -0.02202090
v -0.01964195 -0.03791590 -0.02492810
v 0.02381149 -0.06281446 -0.00436650
v -0.02800291 -0.05180902 -0.01758250
v 0.02628445 -0.04164070 -0.00343370
v 0.00579421 0.05767194 0.01502550
v 0.02027869 -0.04495334 -0.02966890
v -0.01587363 0.01335450 -0.02642730
v 0.02875741 -0.04399334 -0.01581290
v 0.01792349 0.01393818 -0.02523370
v 0.02757981 0.03906970 -0.02243690
v -0.02788515 0.02434202 -0.02830570
v -0.02788515 -0.01509990 0.00772790
v 0.02157405 -0.04609382 -0.03130410
v 0.02640221 0.02005914 -0.02376810
v -0.00609955 -0.04132454 0.02842550
v 0.02887517 -0.04001254 -0.02444330
v 0.02769757 -0.00033254 0.01837430
v 0.02769757 0.01718554 0.00452470
v -0.02293923 0.02632218 0.02761430
v 0.01815901 0.01503258 -0.02544810
v 0.02781533 -0.01119078 -0.00382730
v -0.00350883 -0.06613350 0.00306870
v -0.02399907 0.03403034 0.02686710
v 0.02546013 -0.04161638 -0.00288010
v 0.02911069 -0.05160678 -0.01829930
v -0.02635427 0.05482522 0.02368310
v -0.02753187 -0.05032550 -0.03041610
v -0.02753187 0.02730010 -0.02200170
v 0.00744285 -0.04153574 0.02765430
v 0.02675549 -0.01888614 0.02359190
v 0.02675549 0.05611418 0.01780150
v -0.02388131 -0.05309414 -0.02902890
v 0.02557789 0.05334170 -0.01850090
v 0.02557789 0.04148634 -0.02256810
v -0.01658019 -0.05331302 -0.00425930
v 0.02805085 -0.03516774 -0.01662730
v 0.02204509 -0.03849446 -0.02509610
v -0.02859171 0.05061146 0.01813590
v -0.02494115 -0.05630950 -0.02585930
v 0.01968989 0.02213786 -0.02533450
v 0.01851229 -0.01072614 0.02938550
v 0.02816861 -0.03984614 -0.02596970
v 0.00893141 0.05758490 0.01407030
v 0.02824405 -0.02785766 -0.02352810
v 0.02824405 -0.05982566 -0.02455370
v 0.02824405 -0.05982566 -0.02455370
v 0.00292565 -0.06675174 -0.02381770
v -0.02722091 -0.04577254 -0.02498090
v -0.01756459 0.01974042 -0.02566570
v 0.02223829 -0.05465830 -0.00431050
v 0.02106069 -0.04156390 0.02556630
v 0.02106069 -0.05391206 -0.02684010
v 0.01988309 0.02097562 -0.02560170
v 0.00422101 0.02350874 -0.02648490
v -0.02710315 0.00266394 -0.02498730
v 0.02235605 -0.04171750 -0.00244490
v 0.02718421 -0.04298982 -0.00898730
v 0.02718421 -0.04644198 -0.02336650
v 0.00669397 0.05728794 -0.01069290
v 0.02000085 -0.04509286 0.00444950
v -0.02580779 -0.04379238 -0.02109770
v -0.02698539 -0.04768998 -0.00863050
v -0.02215723 -0.06689126 -0.01898090
v -0.02816299 -0.00594278 0.01089110
v -0.02816299 0.02271002 -0.02337130
v -0.01850667 -0.05574246 -0.02463530
v -0.02451243 0.04565786 0.02639990
v 0.01046229 0.05726618 -0.00983050
v -0.02569003 0.05010842 -0.02109450
v -0.02686763 0.01962906 -0.00879050
v 0.02741973 -0.05485158 -0.00511210
v 0.02741973 -0.05473510 -0.01128810
v -0.02804523 0.01798810 -0.01361130
v -0.02804523 0.05562906 0.00262230
v -0.02804523 0.05638810 0.00961910
v -0.01956651 -0.06517862 -0.02593610
v 0.02023637 -0.04366694 -0.02582090
v -0.02557227 -0.05793510 -0.00499530
v -0.02192171 -0.06687462 -0.00569610
v -0.02792747 0.01609370 -0.01473930
v -0.02792747 -0.03887078 0.00765110
v -0.02792747 -0.04241894 -0.01843530
v -0.02792747 -0.05282918 -0.01951050
v -0.02792747 0.02896794 -0.00135210
v -0.00378667 0.05760922 0.01735350
v -0.02427691 0.03837594 0.02668790
v -0.02427691 -0.03327846 0.02644310
v 0.01917653 -0.04206054 -0.02637290
v -0.02663211 -0.05109990 -0.02128650
v -0.02780971 -0.00976102 0.02176790
v -0.02780971 0.02158874 0.00130550
v 0.00115925 -0.06716390 -0.02270570
v -0.02533675 -0.04576870 -0.00470890
v -0.01568043 -0.06651494 -0.00481290
v -0.00602411 -0.06560230 0.00326390
v -0.02651435 -0.00325990 0.02417590
v 0.02777301 0.02374170 -0.00418090
v 0.02777301 -0.02867558 0.00795190
v 0.02777301 0.01727898 -0.03088650
v 0.01693909 -0.05290982 -0.02565450
v 0.02659541 0.05559194 0.02192150
v 0.02058965 -0.05068518 -0.02739850
v -0.01556267 -0.05524582 -0.02601450
v -0.02639659 -0.04832230 -0.02262730
v 0.02789077 0.00712346 0.00671670
v 0.02789077 -0.02535270 0.01107190
v -0.02757419 0.01536666 -0.00771370
v -0.02757419 0.02293658 -0.01183210
v -0.01791787 -0.04120550 0.02853430
v 0.02671317 0.05652122 -0.01282090
v 0.02671317 -0.04224998 -0.00427210
v 0.02553557 0.02292762 0.02510070
v 0.00987349 -0.06602214 0.00279670
v 0.02918613 -0.04685798 -0.01207050
v -0.02745643 0.00784282 -0.01515530
v -0.02745643 -0.03437286 0.02253110
v 0.02683093 0.01015706 -0.01734410
v -0.02015531 -0.04855014 -0.03058730
v 0.01481941 -0.06699494 -0.01885770
v 0.02930389 -0.05245670 -0.02162730
v 0.02812629 0.02677274 -0.01630090
v -0.02733867 -0.02062438 -0.01813290
v 0.02694869 0.02032666 -0.02448970
v 0.02694869 0.01825946 -0.00880650
v -0.02851627 -0.05344998 -0.02437930
v 0.02820173 -0.03071846 -0.02347370
v 0.02820173 0.01119514 -0.02261290
v 0.02702413 -0.04115430 -0.00289930
v 0.02702413 0.01116058 -0.02494570
v 0.02349133 -0.06717030 -0.00737130
v 0.02831949 0.01155226 -0.01809290
v 0.02831949 0.01988890 -0.01298730
v 0.01748557 -0.05239526 -0.02552010
v 0.02714189 -0.04761958 -0.00770890
v -0.02832307 -0.03093094 0.01903190
v -0.01383859 -0.04131814 0.02863510
v 0.02843725 0.01823642 -0.01029450
v -0.02702771 -0.04216678 -0.00968650
v -0.00771507 0.05738010 -0.01349290
v -0.02820531 0.01401370 0.00922710
v -0.00889267 -0.06733286 -0.02195530
v 0.02372685 0.01840410 -0.03123850
v 0.02855501 0.02017050 -0.02706730
v 0.02855501 0.01803290 -0.02694090
v -0.02690995 -0.04155238 -0.00327850
v -0.02808755 -0.00109286 0.02140310
v 0.02619981 -0.03330534 0.02444630
v -0.01960883 0.01635866 -0.02857290
v 0.00453197 -0.06729830 -0.02213450
v -0.02078643 0.05761050 0.01014550
v 0.01783885 -0.06723686 -0.02183050
v 0.01783885 0.02631322 -0.02415690
v 0.02266701 -0.05389542 -0.02798570
v -0.02796979 -0.04744166 -0.03084810
v -0.02796979 0.01098138 0.00086710
v 0.02631757 0.02219290 -0.02051530
v 0.02631757 0.05186458 0.02417590
v -0.02066867 -0.04231142 -0.00400490
v -0.02066867 0.02606234 -0.02554570
v 0.01913421 -0.03292646 0.02922070
v 0.02879053 0.02592538 -0.02205610
v 0.02879053 -0.04954086 -0.01019050
v -0.02667443 -0.04136550 0.01609430
v 0.02761293 0.04808858 -0.00072330
v 0.02761293 0.04956314 -0.01941450
v -0.00371123 -0.03987686 0.02944310
v 0.01560141 0.04173082 0.02968950
v 0.02525773 -0.04089190 0.02384150
v 0.02525773 -0.03363046 -0.02594570
v 0.00959565 -0.06732390 -0.02107370
v -0.02655667 0.05704474 -0.01243370
v -0.02655667 0.05704474 -0.01243370
v 0.02290253 -0.06704998 -0.00598890
v 0.02290253 -0.06704998 -0.00598890
v 0.02773069 0.02917786 0.00072790
v -0.02773427 0.03280282 -0.00223690
v -0.02773427 0.02379930 -0.02930730
v 0.02655309 -0.03199078 -0.02563050
v -0.01925555 0.01612314 -0.02730730
v -0.01925555 -0.03762022 0.02896630
v -0.02526131 0.01861018 -0.01608650
v 0.01454157 -0.06672102 0.00022710
v -0.02161075 0.05743770 -0.00762570
v -0.01678259 -0.04175334 0.01450390
v -0.01678259 -0.04175334 0.01450390
v -0.01678259 0.00943386 -0.02634250
v 0.02784845 -0.06483558 -0.01595210
v 0.02784845 0.01317530 0.00568310
v -0.02761651 -0.05141478 -0.01096490
v 0.00500301 0.05728282 -0.01235050
v 0.01948749 -0.04537574 0.00499190
v 0.02796621 0.01749658 -0.00528810
v 0.02796621 -0.01480038 -0.02453770
v 0.02796621 -0.01480038 -0.02453770
v -0.02749875 -0.04828390 -0.03101770
v -0.02749875 -0.01246822 -0.00469610
v 0.02678861 -0.00140390 -0.02542250
v 0.02678861 -0.00140390 -0.02542250
v -0.02502579 -0.06641894 -0.01066410
v 0.02926157 -0.05527014 -0.01829130
v -0.02620339 0.05648154 0.02329110
v -0.02137523 0.05748250 -0.01286250
v 0.01842765 -0.05500902 -0.02478570
v 0.02325581 -0.04228582 -0.00397770
v 0.02808397 0.01449242 -0.02107050
v -0.02855859 0.03246874 0.01950390
v -0.02373043 0.05644442 0.02641750
v 0.00166341 0.04520474 0.02949430
v 0.01614789 -0.06646502 -0.00332970
v -0.02601019 0.02696602 -0.02564970
v -0.02601019 0.02119578 -0.01701130
v -0.02601019 0.02164890 -0.02288650
v -0.02718779 -0.05687014 -0.01034250
v 0.00660933 0.05759514 0.02381110
v -0.02353723 -0.04020454 0.02663990
v 0.01626565 0.01640858 -0.02590730
v 0.02356677 0.01456410 -0.02982890
v 0.02238917 -0.06617190 -0.00449130
v 0.02238917 -0.04157926 0.02325750
v 0.02721733 -0.03491942 -0.02535210
v 0.02721733 -0.03702118 -0.02479690
v -0.02341947 0.02165786 0.02728790
v 0.02121157 0.01552410 -0.02923210
v 0.02851269 -0.03939686 -0.01756010
v 0.02733509 0.00401434 0.02000630
v 0.02132933 -0.04658534 -0.00416170
v -0.02565691 -0.04246374 -0.00416650
v 0.02863045 0.02392218 -0.01417290
v -0.01717819 0.02486682 -0.02566730
v -0.01717819 -0.03810918 -0.02506570
v -0.01223227 -0.06627942 0.00178710
v 0.02757061 0.05353370 0.00249110
v -0.02789435 0.04329242 -0.00379850
v -0.01941563 -0.00362086 0.02896630
v -0.02659899 -0.03768166 -0.02039690
v -0.00728635 0.05761178 0.00517590
v 0.02768837 -0.00873062 0.00293110
v 0.02768837 -0.00705254 -0.00459050
v 0.02768837 0.05441050 -0.00386090
v -0.02777659 0.00742938 0.00243990
v 0.01202629 0.05707802 0.02917110
v -0.00846395 0.05739930 -0.01107530
v 0.00119237 0.05756954 0.01992950
v 0.02898373 -0.04423526 -0.02503690
v 0.02898373 -0.04423526 -0.02503690
v 0.02780613 -0.01308774 0.01302550
v 0.02780613 0.00014746 -0.00357930
v 0.02780613 -0.04344934 -0.02281930
v 0.02662853 0.02267674 -0.01876170
v -0.01670715 -0.04160486 -0.02514090
v 0.02792389 -0.00898918 -0.02456650
v 0.02792389 -0.00898918 -0.02456650
v 0.02792389 0.05334938 -0.01381130
v 0.02792389 -0.06244198 -0.00742730
v -0.02754107 -0.03513190 -0.01614570
v 0.02074053 0.02484506 -0.02789450
v 0.01956293 -0.05108326 -0.00385450
v 0.02921925 -0.05120358 -0.02387370
v 0.00390085 0.05754266 0.01537110
v -0.02624571 -0.04549734 -0.02438890
v 0.01838533 0.03237530 0.02945110
v 0.02804165 -0.03485542 -0.02477930
v -0.02742331 0.00660250 -0.02269930
v 0.00154565 0.05741722 -0.01193130
v -0.02377275 -0.04685926 -0.00468970
v 0.02568645 0.01250970 -0.02810250
v 0.00036805 0.05699482 0.02906390
v 0.01968069 0.01431450 -0.02572650
v 0.01850309 -0.04985190 0.00437430
v 0.02333125 -0.06543974 -0.00444330
v 0.02815941 0.01942810 -0.03095530
v 0.01975613 -0.05199846 -0.02578250
v -0.02723011 0.01707930 0.02327990
v 0.02222909 0.05716378 0.02634710
v 0.02705725 0.01036442 -0.02181450
v -0.02840771 -0.04443622 -0.02622890
v -0.01875139 0.01549210 -0.02683850
v -0.00061635 0.05749018 -0.01234890
v -0.02110659 -0.04205158 -0.00242570
v 0.02835261 0.01963930 -0.01414250
v 0.02835261 0.02266010 -0.01545770
v -0.02228419 0.05756698 0.02291350
v 0.02717501 0.00786586 -0.02491690
v 0.02717501 -0.04096230 0.00231190
v -0.02828995 -0.04218854 -0.01759690
v -0.01380547 0.05757594 0.02280950
v -0.02581699 -0.03742310 -0.02520490
v 0.01881405 0.05714842 -0.01379530
v 0.02364221 -0.06716262 -0.01865450
v 0.02493757 0.01470618 -0.03000650
v -0.02687683 -0.00811494 -0.02536490
v -0.02687683 -0.04052070 -0.01152170
v 0.02741053 0.02005530 -0.00718570
v -0.02805443 0.01661210 -0.02618730
v -0.02805443 0.02222362 0.00449430
v 0.02140477 -0.03834854 -0.02509610
v -0.00991939 -0.06658534 -0.02442090
v 0.02505533 -0.00554982 -0.02590410
v 0.01422141 0.00958618 -0.02629450
v 0.01904957 -0.02260582 0.02928790
v -0.02675907 -0.05135590 -0.01960010
v 0.02752829 -0.03792102 -0.02304330
v -0.02793667 0.02148634 -0.00068810
v -0.01828035 0.02563610 -0.02515210
v -0.01828035 0.01089050 -0.02442410
v 0.02635069 0.00549786 0.02400950
v -0.02546371 0.05007770 0.02542870
v -0.01580739 -0.05636710 -0.02614410
v 0.02281789 -0.06726630 -0.02056650
v 0.02764605 0.04579610 0.00190710
v -0.02781891 0.04133402 -0.00293930
v 0.00715581 -0.06693222 -0.02320490
v 0.01198397 -0.06654694 0.00184310
v -0.02652355 0.00487578 0.02422710
v 0.02776381 -0.03213030 0.00280950
v 0.02776381 0.01138074 -0.01586730
v -0.02287299 -0.00952038 0.02749270
v 0.02175805 -0.04198118 -0.00120970
v 0.02658621 0.01737754 -0.00818090
v -0.01922243 0.01537050 -0.02750410
v 0.02540861 0.05723930 -0.01003370
v 0.01940285 -0.05253734 -0.00394410
v -0.02640579 -0.02760678 -0.02594570
v 0.02788157 -0.03978342 -0.00404810
v -0.02758339 0.01597978 -0.01166570
v 0.02670397 -0.06543846 -0.02320330
v 0.02670397 -0.06543846 -0.02320330
v -0.01180355 -0.06709862 -0.02008650
v 0.01716541 0.05759770 0.02746230
v 0.02929469 -0.05426150 -0.01614570
v -0.02251971 0.05500186 0.02766870
v 0.01245501 0.05754522 0.01842230
v 0.02693949 0.01638042 -0.01640650
v -0.00320707 -0.04023142 0.02944630
v -0.02852547 0.04362266 0.01473110
v -0.02852547 -0.04565606 -0.02595690
v -0.02852547 -0.05072102 -0.02638890
v 0.02819253 0.02381594 -0.02197130
v -0.02845003 0.05444250 0.01316950
v 0.02831029 0.01430554 -0.01840970
v 0.01747637 -0.04847590 0.00498070
v 0.02230453 -0.04178278 -0.00024970
v -0.02833227 -0.04896998 -0.02674090
v -0.02833227 0.03851930 0.00610390
v -0.01985355 0.02328346 -0.02910410
v 0.01512117 -0.00510182 0.02961750
v -0.01502539 -0.03938790 -0.02625930
v 0.01994933 -0.04906982 -0.00389930
v 0.02359989 0.05076122 0.02684150
v -0.02220875 -0.04158310 0.02555990
v 0.02725045 0.01749786 -0.01936170
v -0.02821451 0.05194778 0.00574230
v -0.02338635 0.03071386 -0.02569610
v -0.00890187 -0.03665510 0.02934710
v -0.02574155 -0.04619750 -0.02462890
v -0.02574155 -0.03948902 -0.02579370
v 0.02736821 -0.03812838 -0.01857130
v -0.02809675 0.02247834 -0.01507050
v 0.00087221 -0.04119142 0.02871670
v -0.01596747 0.01121690 -0.02622730
v 0.01665205 -0.06097894 0.00292950
v 0.01547445 -0.06160486 0.00335350
v -0.02067787 0.01588634 -0.03002090
v -0.01102155 -0.06604262 0.00261590
v 0.02760373 0.02911386 0.00613430
v -0.02786123 0.03375642 -0.00262090
v 0.02642613 -0.05662054 -0.00459850
v 0.02042037 -0.04174438 0.02125590
v 0.00475829 0.05701914 -0.01493770
v 0.01441461 -0.04156902 0.02694710
v 0.01924277 0.05640602 -0.01598090
v 0.02889909 -0.04842854 -0.00980330
v 0.02889909 -0.04023526 -0.01714730
v -0.02656587 0.00894618 -0.01771690
v -0.02173771 0.03392026 0.02828790
v -0.02774347 -0.01766758 -0.00503850
v 0.02654389 0.01542810 -0.01912490
v 0.02901685 -0.05550822 -0.02103690
v 0.01818293 0.05736474 0.02807030
v 0.02783925 -0.04119526 -0.00844170
v 0.02183349 -0.05130086 -0.03008650
v 0.02548405 -0.04026214 -0.02796170
v -0.02633035 -0.05727462 -0.00536170
v -0.02750795 0.02014362 -0.00769450
v -0.02267979 -0.04074598 0.02692470
v 0.01712309 -0.04190182 -0.02593610
v -0.01302347 -0.06567526 0.00222230
v -0.02868555 -0.04800614 -0.02845770
v 0.02077365 -0.04665190 -0.03097930
v 0.02925237 -0.04770790 -0.01439370
v -0.02621259 0.00894106 -0.02215210
v 0.02324661 0.02706586 -0.02603530
v 0.02807477 -0.05529830 -0.00946410
v 0.02206901 0.05772186 0.01163350
v 0.01606325 0.02865690 -0.02525610
v 0.01606325 -0.06456678 0.00195670
v -0.02008907 -0.04670694 -0.03054250
v 0.01971381 0.01088026 -0.02413610
v 0.01971381 -0.03980902 -0.02513450
v 0.02454197 -0.05055974 -0.03061130
v 0.02454197 0.02588826 0.02610390
v 0.02697261 0.02619034 0.02279350
v 0.00648237 -0.02356070 0.02956950
v -0.02484179 0.01352858 -0.02903050
v -0.01035731 -0.06701158 -0.02358090
v -0.02719699 -0.05160806 -0.00672970
v -0.01754067 -0.05633638 -0.02512970
v 0.02709037 -0.03947366 -0.01334250
v 0.01507885 -0.05726182 -0.02610090
v 0.02355757 -0.03811174 -0.02539530
v -0.02707923 -0.05519078 -0.01104970
v -0.02578387 0.01563162 -0.01874410
v -0.01129939 -0.04191462 0.00659670
v 0.02367533 0.05431066 0.02667030
v 0.02132013 -0.03902950 0.02817110
v -0.02684371 -0.03970662 -0.02549450
v -0.02684371 -0.05900006 -0.02237610
v -0.02684371 -0.05066342 -0.00577450
v 0.01778733 -0.04115942 -0.02573450
v 0.01660973 0.00112794 0.02956790
v -0.02554835 -0.05694566 -0.02567370
v -0.01589203 0.01651994 -0.02641450
v -0.02672595 0.05674650 -0.01330410
v 0.02756141 0.02281370 -0.01651050
v -0.02790355 0.01814298 -0.01390730
v -0.02790355 -0.02227302 0.00376310
v 0.02155565 -0.04212966 -0.02929130
v 0.02638381 -0.02462054 -0.02567690
v 0.02520621 0.05704346 -0.01257290
v -0.02060243 0.01084314 -0.02514410
v 0.01920045 -0.04155494 0.02212790
v 0.01802285 0.05744410 0.02446070
v 0.02767917 -0.05141478 -0.00544810
v 0.02767917 0.03494554 -0.00055050
v 0.02767917 0.04420122 0.00225430
v 0.02767917 -0.03757414 0.00149910
v -0.02778579 -0.02048742 0.02169910
v -0.02778579 -0.02408678 0.02200790
v 0.02650157 0.01812378 -0.02433130
v 0.02049581 0.01949850 0.02880630
v 0.02779693 -0.00909798 -0.00559370
v 0.02779693 0.04936474 -0.00584490
v -0.02766803 0.01522074 -0.01580490
v 0.00730669 0.05263514 -0.02010410
v 0.02661933 0.00986266 -0.02147850
v -0.02401747 0.05750042 -0.01012810
v -0.02401747 0.02704410 -0.02584330
v 0.02791469 -0.03903974 -0.02433450
v -0.02272211 0.05762714 0.01393590
v 0.00624685 0.05688858 0.02927030
v 0.01590317 0.02659610 -0.02562090
v 0.01590317 0.02659610 -0.02562090
v -0.01059283 -0.06696422 -0.00491210
v -0.02625491 -0.04347494 -0.01961450
v 0.01837613 0.02793242 -0.02435370
v 0.02803245 0.00787226 -0.00417610
v -0.02743251 -0.05218022 -0.01207370
v -0.01294803 -0.06670822 -0.00451850
v 0.02685485 -0.03864294 -0.01396970
v 0.01001517 -0.06651110 0.00235670
v -0.02613715 -0.04986470 -0.01830570
v -0.00682451 0.05767706 0.01733910
v 0.02815021 0.02420762 -0.01985290
v 0.02815021 -0.00280166 -0.02414250
v 0.02815021 -0.00384614 -0.02089770
v -0.02488411 -0.06212454 -0.02610890
v 0.02339749 0.05015706 -0.02055850
v -0.02476635 -0.06589926 -0.00626410
v -0.02476635 -0.06589926 -0.00626410
v -0.01993819 -0.05503590 -0.02552810
v -0.01993819 -0.06539238 -0.00470890
v -0.02111579 -0.04483686 -0.03068810
v 0.01750949 -0.04985574 0.00477910
v 0.02233765 0.02426394 0.02783830
v -0.02829915 -0.04095846 -0.01965130
v -0.01381467 0.05756954 0.02573430
v -0.02464859 0.05730458 -0.01389290
v -0.02464859 -0.03816422 -0.02561610
v 0.02481061 0.05753114 0.00924630
v -0.00651355 0.05643162 -0.01681930
v -0.01734747 -0.05412070 -0.00453610
v -0.01734747 -0.05412070 -0.00453610
v 0.01762725 0.05616410 0.02924790
v 0.02728357 -0.05042406 -0.01830570
v 0.02728357 -0.04842086 -0.01704810
v -0.01369691 -0.06448102 0.00245910
v -0.01970267 0.02455962 -0.02702730
v -0.01004635 0.05754906 0.02355190
v 0.02857893 0.01536282 -0.01674890
v 0.02257317 0.05266970 0.02758870
v 0.02740133 -0.04253926 -0.02994890
v 0.02622373 0.01890458 -0.02428330
v 0.01056165 -0.06702694 -0.01854890
v -0.00627803 0.05726874 0.02841590
v -0.00144987 0.05750682 0.01050230
v -0.02676827 0.05735834 0.00439990
v -0.02676827 0.05735834 0.00439990
v -0.02794587 0.02083098 0.00033270
v -0.02794587 0.00172442 -0.00035050
v -0.02794587 -0.04746342 -0.01335370
v -0.01828955 -0.04407398 -0.00394250
v 0.02151333 -0.04024038 0.02793430
v -0.00863323 -0.06697062 -0.01863050
v -0.02547291 -0.04182630 0.01306230
v -0.02665051 -0.04663270 -0.01727050
v 0.01798053 0.05768218 0.01447350
v 0.02763685 0.04645786 -0.00175050
v 0.02763685 -0.03831526 -0.02349610
v 0.02763685 -0.03831526 -0.02349610
v 0.02763685 0.02519322 -0.00147690
v -0.02782811 0.05127322 -0.00827850
v 0.02645925 0.02903962 0.02390550
v -0.02535515 0.00951706 -0.02494410
v -0.02535515 -0.04883174 -0.00473130
v 0.02775461 0.04300954 -0.00320490
v 0.02775461 -0.01845990 0.00182390
v 0.02775461 0.03720090 -0.00397770
v 0.02775461 0.02218010 -0.03068650
v 0.02775461 -0.01881574 -0.00518570
v -0.00239195 -0.06681702 -0.01916650
v -0.02771035 0.00928794 -0.00307850
v 0.01209253 0.05766298 0.01471030
v 0.02657701 0.01547418 -0.00903850
v 0.02057125 -0.05365222 -0.02575210
v -0.01558107 -0.03887334 -0.02595690
v 0.02787237 0.03007898 -0.02030410
v 0.02787237 -0.05292390 -0.00614730
v 0.02787237 -0.04576998 -0.00587210
v 0.02787237 -0.02745190 0.01643510
v 0.02787237 -0.01090406 -0.02482250
v 0.02787237 -0.01090406 -0.02482250
v -0.02759259 -0.01375078 -0.00535050
v -0.02759259 0.02330778 -0.01691210
v -0.01310811 -0.05488998 0.00461590
v 0.02669477 0.05701786 -0.00477770
v -0.02629723 0.02052122 -0.01497130
v 0.01833381 0.01665178 -0.02480490
v -0.01181275 -0.06523494 0.00301270
v 0.02316197 -0.05098854 -0.03041610
v 0.02316197 0.02515610 -0.02890570
v -0.01781851 -0.04200294 0.00608470
v 0.01715621 0.02347930 -0.02569610
v -0.02500187 0.05549850 -0.01767530
v 0.02445733 0.02763546 -0.02495370
v 0.01362341 0.02419226 -0.02631530
v 0.02810789 0.02102554 -0.01464010
v 0.02810789 -0.06288998 -0.01631850
v -0.02735707 0.04121754 0.02303670
v 0.02693029 -0.04823526 -0.02447050
v 0.00043429 0.05726874 -0.01394250
v 0.02700573 -0.04022502 -0.01253930
v -0.02845923 0.01804698 -0.02939530
v -0.00431843 0.02933402 0.02933110
v -0.01032419 -0.06666470 0.00183830
v 0.02947869 -0.05423462 -0.02202570
v -0.01267939 0.05745434 0.00199670
v -0.02834147 0.02486042 -0.02046730
v 0.01994013 -0.04175078 -0.02700170
v 0.02959645 -0.05287142 -0.01964490
v -0.02104035 0.00095642 0.02852470
v -0.02704611 -0.05098470 -0.00992330
v 0.01758493 -0.05051366 -0.02548490
v 0.01758493 0.05428506 0.02951670
v 0.02724125 -0.06542822 -0.02196330
v 0.02724125 -0.06542822 -0.02196330
v -0.02822371 0.00377626 0.01564630
v -0.02822371 0.01983386 -0.02564650
v 0.02123549 -0.04151014 0.00845910
v -0.00408291 -0.06680806 -0.02403690
v -0.02575075 0.02174234 -0.01776970
v -0.02692835 -0.04112614 0.00980790
v -0.02692835 -0.05314534 -0.02887210
v -0.02810595 0.02893594 0.00075190
v -0.01962723 0.02192154 -0.02795370
v -0.02563299 0.05447578 -0.01858250
v -0.02798819 0.05032090 -0.00317130
v -0.01833187 0.05738010 -0.01111210
v -0.00384739 0.05721370 -0.01101130
v -0.01950947 -0.05617894 -0.02516330
v 0.02029341 0.05316250 0.02880150
v 0.02512157 -0.06572646 -0.00497610
v -0.02068707 -0.04204774 0.00096630
v -0.02669283 0.04311194 0.02410710
v 0.02759453 0.04302106 -0.00000490
v 0.02759453 -0.00360678 0.01860150
v -0.02787043 0.01571738 -0.02592170
v -0.02787043 -0.04925286 -0.03056490
v -0.02421987 -0.04226790 -0.00374250
v -0.01939171 -0.05148774 -0.02795690
v -0.01456355 -0.04709606 0.00560950
v 0.02523933 0.05715354 0.02200950
v 0.02888989 -0.04373222 -0.01343050
v -0.02657507 -0.04748390 -0.00495530
v -0.02657507 -0.04401638 -0.01671210
v -0.02174691 0.05768602 0.02123510
v 0.02771229 0.02909722 0.00357910
v 0.02771229 0.03770906 0.01164790
v 0.02771229 -0.04096358 -0.00466090
v 0.02771229 -0.02540518 0.00648310
v -0.02775267 -0.04297702 -0.01097930
v -0.02775267 0.01610522 -0.02467370
v -0.02775267 -0.02342886 0.00199670
v 0.02052893 -0.04922726 -0.03037610
v 0.02052893 -0.04365670 -0.00044490
v 0.02052893 -0.03384166 0.02869430
v 0.01935133 -0.04767846 -0.02455530
v 0.02783005 0.02214682 -0.00330410
v 0.02783005 0.04717210 -0.00010570
v 0.02783005 -0.04761190 -0.02234090
v 0.02783005 -0.04874214 -0.00705930
v -0.02763491 0.05160090 0.02207030
v 0.00733981 -0.06702054 -0.02064650
v 0.02182429 -0.05639654 -0.02535050
v -0.01915619 0.02507674 -0.02584170
v 0.02794781 0.01109274 -0.01781930
v -0.01786083 -0.06697062 -0.02373610
v 0.02677021 0.02696986 -0.02603530
v 0.02677021 -0.03865958 -0.02504170
v 0.00145181 0.05665306 0.02923030
v -0.02869475 -0.05182566 -0.02528810
v 0.01593629 -0.05170022 -0.02596010
v -0.02622179 -0.04543718 -0.01702730
v -0.02622179 -0.06065382 -0.02544970
v 0.00875293 -0.06709478 -0.01762730
v 0.02323741 0.05761178 0.00669430
v -0.02739939 -0.04062566 0.01496470
v 0.02936093 -0.04286566 -0.02555690
v 0.02936093 -0.05175654 -0.02310090
v -0.02610403 -0.04161254 0.00444630
v -0.02850155 -0.04594918 -0.02834730
v -0.02850155 -0.04684518 -0.03007850
v -0.02850155 0.00899482 0.01933590
v 0.01978005 0.02832026 0.02909910
v -0.02602859 0.01683226 -0.01828650
v 0.02825877 0.01609882 -0.02441290
v -0.02720619 0.04716954 -0.02128810
v -0.02720619 -0.05566950 -0.00701770
v 0.02225301 -0.05013606 -0.03080970
v 0.01624725 -0.06624998 -0.00152970
v 0.02107541 0.04524186 0.02859030
v -0.01507691 -0.06172390 -0.00426090
v 0.02837653 0.01830938 -0.01426250
v -0.01743211 0.00990618 -0.02580010
v -0.02826603 0.02126874 -0.02510570
v 0.02602133 -0.01420774 0.02466870
v -0.01613675 -0.06581734 -0.00468810
v -0.02697067 0.05059610 -0.02029930
v -0.02697067 -0.04407654 -0.00547530
v -0.02697067 -0.04591462 -0.00874410
v -0.01731435 0.02238234 -0.02593930
v -0.01731435 0.01198234 -0.02523210
v 0.02731669 0.05420826 0.01294870
v -0.02814827 -0.03996390 -0.02380650
v 0.01412757 0.05667098 -0.01570890
v -0.02685291 0.01233178 -0.01108650
v 0.01777813 -0.04002278 0.02919350
v -0.02803051 0.02737050 0.00256150
v -0.02803051 -0.04388582 -0.01576650
v -0.02320235 0.05505818 -0.01844810
v 0.02025109 -0.04487526 -0.00288490
v -0.02673515 -0.04133222 0.00468790
v -0.02673515 -0.00967398 -0.02563210
v 0.02272405 -0.06446054 -0.00438730
v -0.02791275 0.02750234 0.00149590
v 0.02154645 -0.04191846 0.00278390
v -0.02661739 -0.02947430 -0.02585290
v 0.02284181 0.01100826 -0.02555690
v 0.02284181 -0.06717542 -0.01693930
v 0.02766997 0.05121434 0.00307670
v 0.02766997 -0.04943206 -0.00522250
v -0.02779499 -0.04669798 -0.01319850
v -0.02779499 -0.00808934 0.00561750
v -0.01813867 0.01615386 -0.02565290
v 0.02896533 -0.04783974 -0.02649450
v -0.02649963 0.01039386 -0.02299850
v -0.01201515 -0.04214886 0.00626390
v 0.02778773 -0.06032998 -0.00619050
v 0.02778773 0.03133210 -0.02366410
v 0.02778773 0.02063130 0.00233590
v -0.02767723 0.01126682 -0.00798570
v -0.01802091 -0.06699110 -0.00575050
v -0.01802091 -0.06699110 -0.00575050
v -0.01919851 -0.02154214 0.02907670
v -0.01919851 -0.04737510 -0.02509130
v 0.02908309 -0.04612198 -0.01273290
v 0.02790549 0.01340570 -0.01445130
v -0.02755947 0.05693338 0.00619510
v 0.02672789 0.05671194 0.01149750
v 0.02072213 -0.04265574 0.00323990
v 0.02555029 0.02785818 -0.02471530
v 0.01836693 0.00864282 -0.02606090
v 0.02802325 -0.03623910 -0.01355530
v -0.02744171 0.01126682 -0.01059530
v -0.02261355 -0.03905382 -0.02573770
v 0.02684565 -0.01637862 -0.02550090
v 0.02083989 0.02271514 -0.02993610
v -0.02014059 0.05758618 0.02055990
v 0.01365653 0.01184410 0.02963510
v 0.02331285 -0.05446886 -0.02697610
v 0.02814101 -0.05613030 -0.02023210
v 0.02814101 0.01201434 -0.02503690
v 0.02814101 -0.06294118 -0.02381450
v 0.02814101 -0.06294118 -0.02381450
v -0.00200555 -0.06650086 0.00293910
v -0.00200555 -0.06462566 0.00344950
v -0.01766763 0.01671578 -0.02563850
v 0.02213525 -0.06715366 -0.01709450
v 0.02696341 -0.05607014 -0.01502890
v 0.02939405 -0.04968678 -0.01230730
v 0.01856013 0.01120794 -0.02415850
v -0.02242035 -0.04188390 0.00089910
v 0.01738253 0.01558426 -0.02551050
v 0.02703885 -0.04850022 -0.00846730
v -0.02842611 -0.05133542 -0.02736330
v 0.02586125 0.00119450 -0.02573130
v 0.02586125 -0.06669670 -0.00797770
v -0.00428531 -0.06595942 0.00310710
v 0.01985549 0.01965850 -0.02510250
v -0.02713075 -0.01686502 -0.02477770
v 0.02715661 0.02102554 -0.02023210
v 0.02715661 0.02479130 -0.01084650
v -0.02830835 -0.01874150 0.01945270
v -0.02830835 -0.04484070 -0.01434730
v -0.01865203 0.02339866 -0.02623370
v -0.00899571 -0.06648550 0.00247990
v -0.01982963 -0.04907622 -0.03012650
v -0.01500147 0.02666138 -0.02633450
v -0.02583539 -0.05205862 -0.02988010
v 0.02845197 -0.04914534 -0.00936010
v -0.02701299 -0.02564838 -0.02515050
v -0.01853427 -0.06666854 -0.00493610
v -0.01853427 -0.04701542 -0.02498090
v 0.02126861 -0.06709094 -0.02053770
v 0.02609677 -0.00618342 -0.02561450
v -0.01123315 0.05659162 0.02892150
v -0.02689523 0.02323354 -0.01786570
v 0.01773581 -0.06636134 -0.00415370
v 0.02739213 0.04907674 0.00069750
v -0.02807283 0.01592346 0.00767830
v 0.02138637 -0.04392806 -0.03038250
v -0.01959411 0.02619290 -0.02497770
v 0.01538061 0.02796314 -0.02549130
v 0.01538061 0.02796314 -0.02549130
v -0.01476595 -0.03986918 0.02927670
v 0.02020877 -0.05048934 -0.02505290
v -0.01111539 0.05753882 0.01169910
v -0.02677747 0.01875994 -0.02153930
v 0.02750989 0.04028442 0.00026230
v 0.02750989 -0.03360614 0.02081910
v -0.02795507 -0.05453926 -0.01891370
v -0.02795507 -0.03877094 0.01188150
v -0.02795507 0.02134554 0.02199990
v -0.02795507 0.05455002 -0.00176170
v -0.02665971 -0.05599462 -0.02407850
v 0.02762765 0.01215258 -0.00958090
v 0.02762765 0.04828698 -0.01983690
v 0.02762765 -0.00983654 0.00299030
v 0.02162189 0.01589530 0.02825110
v -0.01935859 -0.03718118 -0.02628650
v 0.02774541 0.03218330 -0.00107530
v 0.02774541 0.00166554 0.00486550
v 0.00242701 -0.04152806 0.02382070
v -0.02771955 0.00599066 -0.00268010
v -0.01806323 0.01441434 -0.02680010
v -0.02406899 0.05709850 0.02527990
v -0.01076211 -0.06721382 -0.02258570
v 0.02786317 -0.01812454 0.01147670
v -0.02760179 0.03190554 -0.01163210
v -0.02395123 -0.03538790 -0.02665770
v -0.02512883 -0.06066022 -0.00496330
v 0.02915853 -0.04855654 -0.02617290
v 0.02798093 0.02783770 -0.00218250
v 0.02798093 0.00998682 -0.00964490
v 0.01714701 -0.03803878 0.02943030
v 0.02680333 0.01681306 -0.02007690
v -0.02383347 -0.04202598 -0.00217130
v 0.02079757 -0.04144358 -0.02800970
v -0.01052659 -0.04214630 0.00625750
v -0.02618867 -0.06197734 -0.02414250
v 0.01361421 0.01755418 -0.02637610
v 0.01844237 0.05765274 0.00601750
v 0.02692109 0.01530266 -0.02049450
v 0.02692109 -0.05562598 -0.01463690
v 0.00525325 -0.06698214 -0.01885930
v -0.02006515 0.02766746 -0.02472330
v 0.01734021 -0.05369702 0.00414870
v 0.02699653 0.01071386 -0.01567690
v 0.02699653 0.02572186 -0.01184330
v -0.02846843 0.05117466 0.01100950
v -0.02599547 -0.05692006 -0.02429290
v -0.02599547 0.00862106 -0.02560170
v -0.02717307 0.02698010 0.02347990
v -0.01268859 0.05753114 -0.01077930
v 0.02711429 0.05678746 -0.00692810
v -0.01987195 -0.04378086 -0.00466730
v 0.02840965 -0.04257382 -0.02154090
v -0.02705531 -0.05244774 -0.00608490
v 0.02723205 0.05453082 -0.01612490
v 0.02723205 -0.03792358 -0.01709290
v -0.02823291 0.02372122 -0.01598090
v -0.02823291 -0.01431910 0.01341590
v 0.01639813 0.02042778 -0.02577450
v 0.02487685 -0.06219366 -0.02550410
v -0.02575995 0.01857562 -0.02393610
v -0.02575995 -0.04562662 -0.02401450
v -0.02575995 0.01680026 -0.01613290
v 0.02852741 -0.04324070 -0.02364970
v 0.01769349 -0.04676582 0.00524950
v 0.02734981 0.04238106 -0.02186090
v 0.02734981 -0.04648422 -0.00849450
v -0.02811515 0.01661594 -0.02930410
v -0.02328699 0.05626010 -0.01676970
v -0.02328699 0.05626010 -0.01676970
v -0.02446459 0.05756826 -0.00451210
v 0.02499461 -0.06678630 -0.00633130
v 0.02499461 -0.06678630 -0.00633130
v -0.00515195 0.05741466 -0.00941290
v -0.02081403 0.05544602 0.02844310
v -0.02081403 0.00763162 -0.02668970
v -0.02081403 -0.04940006 -0.03094090
v 0.02381701 -0.01996646 0.02681590
v -0.02681979 0.02028314 -0.02450090
v -0.02681979 0.02135834 0.02392150
v -0.02799739 0.01770266 0.00347830
v -0.00868475 -0.06560102 -0.02546410
v 0.02028421 -0.04926438 -0.02875690
v 0.02028421 -0.04381798 0.00469270
v 0.01910661 0.02055194 -0.02470730
v -0.02670203 -0.05502438 -0.01278090
v -0.02670203 -0.05640934 -0.01691050
v -0.00738939 0.05752602 0.00133750
v 0.02758533 -0.02693222 0.02014870
v -0.02787963 -0.05354470 -0.01525610
v -0.02787963 -0.03956070 -0.02243210
v -0.02787963 0.04786458 -0.00441290
v -0.02787963 -0.00419686 0.00450710
v -0.02658427 -0.05678566 -0.01680010
v 0.02770309 -0.00514662 0.00960470
v 0.02770309 0.02831130 -0.01311690
v 0.02770309 -0.05769062 -0.02129930
v 0.02782085 -0.02384358 0.01517270
v 0.02782085 0.02102938 -0.00976330
v 0.02782085 0.01365402 -0.01204010
v -0.02764411 0.05666202 -0.00183850
v 0.02664325 0.02216730 -0.01738890
v 0.02063749 -0.05057766 -0.02559850
v -0.02152059 -0.04805862 -0.00468650
v -0.02752635 0.03512474 -0.01700650
v 0.02676101 0.01815706 -0.02467530
v -0.00338555 0.05729178 -0.01438090
v -0.02870395 -0.05004006 -0.02758730
v -0.02387579 -0.03891942 -0.02580010
v -0.02623099 0.01290138 -0.02829130
v -0.01657467 -0.04197094 0.00619350
v -0.02740859 -0.01500902 -0.00347210
v -0.01292411 -0.06661606 -0.00264970
v 0.01969541 -0.04188774 0.00575670
v -0.01645691 -0.02338534 -0.02665450
v -0.01885443 -0.04411366 -0.00445610
v 0.02942717 -0.05157990 -0.01734410
v -0.02603779 -0.04591206 -0.02323370
v -0.02603779 0.02074522 -0.02399530
v 0.02824957 0.02292634 -0.02372330
v -0.02721539 0.01063706 -0.01191850
v 0.02707197 0.01967386 0.02254390
v -0.01508611 -0.06435174 -0.00449930
v 0.02471677 0.05735834 0.02108630
v -0.02592003 0.05697050 -0.01424650
v -0.02592003 0.05697050 -0.01424650
v 0.02236157 0.02753178 -0.02496650
v 0.02718973 -0.06048998 -0.00531370
v -0.02827523 -0.00209510 0.01082550
v 0.01635581 -0.04627046 -0.02583850
v -0.01614595 -0.06689510 -0.01890570
v 0.02848509 -0.03925862 -0.01918410
v -0.02815747 0.02026010 0.00253110
v -0.02815747 -0.00962662 0.01356790
v 0.02612989 -0.03833830 -0.02514250
v 0.01529597 0.01097114 -0.02607530
v 0.02012413 0.05202842 0.02892470
v -0.01602819 -0.05702374 -0.00426410
v 0.01894653 0.02385690 -0.02625610
v 0.01894653 0.02385690 -0.02625610
v -0.00154371 0.05753626 0.01994550
v -0.02686211 0.01820058 -0.01946570
v -0.01237763 0.05744922 0.02129590
v 0.02742525 0.02902810 -0.02218090
v -0.02803971 -0.05120742 -0.01417610
v -0.02803971 -0.04128358 -0.02748010
v -0.02803971 0.01352090 0.00645910
v -0.01956099 -0.04845414 -0.02828970
v -0.02556675 -0.04605798 -0.02428650
v -0.02674435 -0.02443622 -0.02569610
v -0.02674435 0.01492634 -0.02979850
v 0.02754301 -0.05760742 -0.01886090
v 0.02754301 -0.06526054 -0.02061450
v -0.02792195 0.02231450 -0.02954730
v -0.02792195 0.02536346 0.00191190
v -0.01826563 0.02811802 -0.02537930
v 0.02153725 -0.04517222 -0.00419530
v -0.02427139 -0.06571494 -0.00565130
v -0.02427139 -0.06571494 -0.00565130
v -0.01944323 -0.04845030 -0.02532170
v 0.01918205 -0.05198822 -0.00350090
v 0.02883837 -0.04242790 -0.01795210
v -0.02179843 0.02633370 -0.02620650
v -0.01697027 0.05752858 0.01792310
v 0.02766077 -0.01952486 0.00728630
v -0.01814787 -0.05898086 -0.02648490
v -0.01932547 -0.04445158 -0.02524170
v -0.01932547 0.01064730 -0.02447690
v 0.02047741 -0.05118822 -0.02819210
v -0.02533123 -0.05587686 -0.02580170
v -0.02650883 0.02810394 -0.02391370
v 0.02777853 -0.04227814 -0.00510090
v 0.02777853 -0.05648870 -0.01823850
v 0.00246013 0.05757978 0.02730710
v 0.00246013 0.05757978 0.02730710
v -0.02768643 -0.00260710 -0.00497130
v -0.02768643 0.05395098 0.02135670
v -0.00837379 -0.02319462 0.02932470
v -0.01673475 0.01547546 -0.02632650
v 0.01823997 -0.04688486 -0.02503850
v 0.02789629 0.01654682 -0.00555690
v 0.02789629 -0.02385894 -0.00086890
v 0.02789629 -0.01676390 -0.00976650
v 0.02789629 0.02916762 -0.01109610
v -0.02756867 0.02317594 -0.00824330
v -0.02274051 -0.05641190 -0.02598570
v 0.02554109 0.03062170 -0.02475210
v 0.02919165 -0.04155366 -0.02428650
v 0.02919165 -0.04155366 -0.02428650
v -0.02627331 0.00878362 -0.02056170
v 0.02801405 -0.05324390 -0.02851530
v -0.02745091 0.03100314 0.02284630
v -0.02014979 -0.04081382 0.02836630
v -0.02014979 0.04197018 0.02887990
v 0.01364733 -0.06700518 -0.00041450
v 0.02695421 -0.06583270 -0.02091050
v 0.02695421 -0.06583270 -0.02091050
v -0.01760139 0.01510298 -0.02641930
v -0.02843531 0.01182234 0.01283350
v -0.02843531 0.03286042 0.01109270
v -0.02843531 -0.04440934 -0.02874250
v 0.02585205 -0.04120550 0.01291030
v -0.02596235 0.03356954 -0.02497450
v -0.01265547 0.02541978 -0.02659530
v -0.02831755 0.04335898 0.00577110
v -0.02831755 -0.00730342 0.01842070
v -0.02348939 -0.06653158 -0.00600010
v 0.02114165 -0.06666598 -0.00463050
v -0.01618827 -0.04431334 -0.02599210
v -0.01136011 0.01211290 -0.02664650
v 0.02844277 0.02174106 -0.03027370
v -0.01736587 -0.04846566 -0.02517290
v -0.02819979 -0.04916710 -0.01166410
v -0.02819979 0.02400026 -0.02759530
v -0.02207627 -0.00729830 0.02800310
v -0.02808203 0.05167002 -0.00347370
v -0.01842571 0.01299482 -0.02628010
v -0.02560907 -0.03186790 -0.02640330
v 0.02385013 0.00860314 0.02672790
v -0.02678667 -0.05479398 -0.02653610
v -0.02678667 -0.02025318 -0.02559690
v 0.01784437 -0.06267494 -0.02585930
v 0.02267253 -0.06676326 -0.00506410
v 0.02750069 0.05308314 -0.01729930
v 0.02750069 0.01301786 -0.01369130
v -0.02796427 -0.01266150 0.00439990
v -0.02796427 0.01772442 -0.02654890
v 0.01666677 -0.06562022 -0.00040970
v -0.02431371 -0.01711590 -0.02668010
v 0.02396789 -0.05345382 -0.02844970
v -0.02666891 -0.03526374 0.02389910
v -0.02184075 -0.03978598 -0.02613930
v -0.02784651 -0.04537830 -0.03038570
v -0.02784651 -0.02922342 0.00245910
v -0.02784651 0.04992538 -0.00152650
v -0.01819019 0.05734298 0.02414710
v 0.02644085 0.01596314 -0.01746730
v 0.01807989 -0.05444710 0.00357270
v 0.02773621 -0.01390182 0.00727830
v 0.02773621 0.04746650 0.00340950
v 0.02773621 0.02701722 -0.00486250
v -0.02772875 0.01467546 -0.01517610
v -0.02772875 0.05593882 -0.00545130
v -0.02772875 0.02739482 -0.01973770
v 0.02655861 0.02817434 -0.02433930
v 0.02655861 -0.04721126 -0.01591690
v -0.02407819 -0.05573350 -0.00479210
v 0.00489077 0.05739034 0.02870870
v -0.02525579 0.01948570 -0.01504810
v -0.02643339 0.01004826 -0.02197450
v -0.02643339 -0.05552230 -0.00541450
v -0.02643339 0.02158746 -0.03086410
v -0.02643339 -0.05896934 -0.02550410
v 0.02785397 0.01859226 -0.00387530
v -0.02761099 0.01137306 -0.02043370
v -0.01795467 -0.04937702 -0.02496330
v 0.02549877 0.00571162 0.02515670
v -0.02030987 -0.05687014 -0.02594890
v 0.01949301 -0.04161638 0.00668950
v 0.02797173 0.04859162 -0.01802410
v -0.02749323 0.03066650 -0.02382730
v 0.02679413 0.02011674 -0.00859530
v 0.02679413 -0.04087398 0.01484950
v 0.02078837 0.02226970 0.02866870
v 0.02443893 0.04110746 0.02618230
v 0.02443893 0.05677082 -0.01394730
v -0.02619787 -0.04818022 -0.02438730
v -0.02619787 0.01038618 -0.01518890
v -0.02619787 -0.05713766 -0.02228970
v -0.01654155 -0.05324902 -0.02549130
v 0.02691189 0.03184154 0.02308150
v 0.01607797 0.01205146 -0.02570570
v 0.00531949 0.05751834 0.00318070
v -0.02600467 -0.04809190 -0.02394250
v -0.02117651 0.02907418 0.02854390
v -0.01634835 -0.05164902 0.00429750
v 0.01862637 -0.04009062 -0.02506090
v 0.02828269 -0.03488998 -0.02394730
v 0.02828269 -0.03488998 -0.02394730
v 0.02828269 -0.05595238 -0.01845450
v -0.02718227 0.04246426 -0.02257610
v 0.01744877 -0.05870822 0.00290390
v -0.01269779 -0.06405990 0.00326550
v -0.02835987 -0.00535782 0.01895990
v -0.01988115 -0.04621670 -0.03013930
v 0.01509357 -0.04000230 0.02955350
v 0.02957805 -0.05185126 -0.01430090
v -0.01623059 -0.05100134 -0.02604650
v -0.01258003 -0.04108134 -0.02656170
v 0.02722285 0.02749594 -0.01459050
v -0.02824211 -0.02405862 0.01434070
v -0.02824211 0.02253210 -0.02436010
v 0.01156077 -0.06711782 -0.01760330
v -0.01375763 0.05733402 -0.01181450
v 0.02121709 -0.04059750 -0.02732330
v -0.02576915 0.02245274 -0.01775690
v -0.01128467 -0.04109798 0.02896950
v 0.02251245 -0.05661798 -0.02550090
v 0.02734061 0.01872026 -0.01485130
v 0.02734061 0.01092250 -0.02421450
v -0.02565139 0.02226458 -0.01797290
v -0.02682899 -0.04799078 -0.01504490
v -0.02682899 -0.05524710 -0.01431690
v 0.02263021 -0.04937062 -0.03114570
v -0.00751635 -0.06702822 -0.01008650
v -0.00751635 -0.06702822 -0.01008650
v -0.02800659 0.02633242 0.02177750
v 0.02145261 0.01231002 -0.02642890
v 0.02628077 0.02240538 -0.02184810
v -0.01952787 -0.04539238 -0.02537450
v 0.02510317 0.01140506 -0.02578250
v -0.00504339 -0.04082022 0.02912150
v 0.02757613 0.00833818 -0.02426890
v 0.02757613 0.03669786 0.01725910
v 0.02639853 0.05688986 0.01509270
v 0.02039277 0.02039450 -0.03055530
v 0.02039277 0.02039450 -0.03055530
v -0.02541587 -0.04163558 0.01923830
v -0.01575955 -0.04185446 0.00664310
v -0.01575955 -0.04185446 0.00664310
v -0.01575955 -0.04050406 -0.02592650
v -0.01693715 0.02309530 -0.02609930
v -0.02777107 0.02820378 -0.00894410
v 0.01685997 0.01450394 -0.02544490
v -0.01929235 -0.04162918 0.01926710
v -0.01929235 0.02448794 -0.02631050
v -0.02046995 -0.04550118 -0.03062410
v 0.02781165 -0.03433958 0.00705270
v 0.02781165 0.03950234 -0.02200970
v 0.02781165 0.04509978 -0.00039690
v -0.02765331 0.02646426 -0.01578410
v 0.01344493 0.02861210 -0.02563210
v 0.01344493 0.02861210 -0.02563210
v -0.02753555 -0.04163046 -0.01193450
v 0.02675181 0.04928282 0.02327830
v -0.01905683 -0.04248934 -0.02640330
v -0.02741779 0.02120602 -0.02422410
v 0.02686957 0.01828762 -0.00781450
v 0.02686957 -0.04009702 0.02106870
v -0.02494483 -0.04167526 0.02156950
v -0.00563219 -0.06676710 0.00234710
v 0.02934253 -0.04382182 -0.02761130
v 0.02333677 -0.03989350 0.02687670
v 0.02816493 -0.03256934 -0.02427530
v 0.02816493 -0.03256934 -0.02427530
v 0.01976165 0.00876698 -0.02595690
v 0.02706277 0.02332058 -0.00983050
v 0.02105701 0.02045978 -0.03100970
v -0.01992347 -0.04400742 -0.02933930
v 0.02953573 -0.05095526 -0.01583530
v -0.01627291 -0.05428710 0.00300790
v -0.01627291 0.05707930 -0.01137130
v 0.02835813 -0.04266470 -0.01925130
v -0.02710683 -0.04101862 0.01323830
v 0.02235237 -0.04509670 -0.03103530
v 0.02235237 -0.04172134 0.00101110
v -0.02828443 -0.01109222 0.01424630
v -0.02828443 0.05272346 0.00834070
v 0.02729829 0.02834586 -0.01833130
v 0.02729829 -0.00734310 0.02136310
v 0.02129253 -0.05290598 -0.02855370
v -0.02569371 -0.06500710 -0.00642890
v 0.01893733 0.02901658 -0.02488650
v -0.01721499 0.02696474 -0.02482730
v 0.02741605 -0.05574886 -0.01271690
v -0.02804891 0.01880730 0.00384630
v -0.02804891 0.02099482 -0.02987690
v -0.02804891 0.01965466 -0.03036010
v -0.01839259 -0.04466278 -0.02500970
v -0.01957019 0.02058010 -0.02922570
v -0.01957019 0.01944730 0.02899830
v -0.02557595 -0.05198054 -0.00485610
v -0.01709723 -0.05276774 -0.02571690
v 0.01787749 -0.04252774 -0.02590890
v 0.02753381 -0.05515878 -0.01438890
v 0.02753381 -0.04058214 -0.00005770
v 0.00221541 0.05690906 0.02911350
v -0.02793115 -0.00795494 0.00442550
v 0.01669989 -0.05470310 -0.02583370
v -0.01945243 0.02724506 -0.02460010
v 0.02035045 -0.04017766 -0.02574410
v -0.01097371 -0.06700518 -0.01870250
v -0.01697947 -0.04161766 0.02146390
v -0.01697947 -0.04161766 0.02146390
v 0.02765157 -0.02424678 0.02021430
v 0.02765157 -0.01168998 0.01405910
v 0.02765157 0.01710362 0.00587030
v 0.02765157 -0.00230374 0.01628310
v 0.02765157 -0.01156710 0.01842230
v -0.00249499 -0.06728934 -0.02063690
v -0.01815707 0.02712474 -0.02463050
v 0.01681765 0.02680474 -0.02470410
v 0.00480613 0.05712922 -0.01079530
v 0.02776933 -0.00543974 -0.00317930
v 0.02776933 0.02788634 -0.00035050
v -0.02769563 0.04436762 -0.01222410
v -0.02769563 -0.01736038 -0.00202890
v 0.02058597 0.05763354 0.01864150
v 0.02541413 -0.05517542 -0.02583530
v 0.02906469 -0.04618342 -0.01460170
v -0.02640027 0.00860186 -0.02502890
v -0.02157211 -0.02194150 0.02835030
v -0.01674395 0.02809114 -0.02566090
v 0.02305893 -0.05567718 -0.02547690
v 0.02788709 0.01179802 0.00248790
v -0.02757787 -0.02055014 -0.00683690
v -0.02274971 -0.04364646 -0.03034410
v 0.01705317 -0.04509158 0.00549750
v 0.02670949 0.01894170 -0.00845450
v -0.01427099 -0.06526822 -0.00365290
v 0.02553189 0.05716122 0.01963830
v 0.02800485 -0.00385510 -0.01466090
v 0.02800485 0.01746202 -0.00970570
v -0.02133659 0.05709594 0.02741430
v -0.02133659 0.05709594 0.02741430
v -0.01650843 -0.04323686 -0.02576810
v 0.02329445 -0.06707046 -0.02158250
v -0.02251419 -0.06639846 -0.02425770
v -0.02608931 0.01132698 -0.01319370
v -0.02608931 -0.04380390 -0.01928330
v 0.02336989 -0.04277350 -0.03007050
v 0.02819805 -0.04264166 -0.02064650
v -0.00194851 -0.06719462 -0.02205450
v 0.02702045 -0.05798502 -0.00490570
v -0.02844451 0.00892442 0.01277910
v -0.01878819 -0.06725990 -0.02257290
v 0.02584285 -0.05733862 -0.00443050
v 0.02949341 -0.05021670 -0.02884810
v -0.00065315 -0.06707174 -0.01673130
v -0.01867043 0.05741978 -0.00899690
v 0.01759965 0.00945690 -0.02577930
v 0.02725597 -0.04940134 -0.01780330
v -0.02820899 -0.02312934 0.01506390
v -0.00889635 0.05726106 -0.01437130
v -0.02573603 -0.03797990 -0.02461930
v -0.02573603 0.00929818 -0.02441450
v 0.01889501 0.03729690 0.02937430
v 0.01889501 -0.06668902 -0.02314730
v 0.01889501 -0.03757414 -0.02586730
v -0.00159523 -0.06693094 0.00182870
v -0.02691363 0.02335898 -0.01909930
v -0.02691363 -0.01164006 -0.02521930
v -0.01725731 -0.05002726 0.00103190
v -0.01725731 -0.05002726 0.00103190
v 0.02737373 0.04057242 0.01682230
v 0.02737373 -0.05266406 -0.00517450
v -0.02809123 0.02591386 -0.02009450
v -0.02809123 0.00626970 0.00589590
v 0.02619613 0.02753562 0.02423510
v -0.02444067 -0.02772838 0.02635030
v -0.01961251 0.01872666 -0.02848010
v -0.02679587 0.01312154 -0.01280010
v -0.02679587 0.00386970 -0.02557290
v -0.01831715 -0.04247910 0.00527350
v -0.01831715 0.01380890 -0.02683530
v 0.02148573 -0.04210278 0.00077750
v -0.02432291 -0.05147622 -0.03017770
v -0.00983843 -0.06467814 -0.02603050
v -0.02785571 -0.02252006 -0.00118250
v -0.02785571 0.02747802 -0.00456490
v -0.02785571 0.03196442 -0.00203050
v -0.01819939 0.05755802 0.00439670
v 0.02643165 0.02771226 -0.02479850
v -0.01454883 0.05696026 -0.01515690
v 0.02042589 0.02555290 -0.02703050
v -0.01089827 -0.06395878 0.00358550
v 0.02654941 0.01690906 -0.02170890
v 0.02654941 0.01752858 -0.01571690
v -0.01925923 0.02712474 0.02902710
v -0.02043683 0.02096922 -0.03077770
v 0.02784477 0.00835610 -0.02296170
v 0.02066141 -0.03876070 -0.02493450
v -0.02031907 -0.04276838 -0.00434890
v 0.01948381 0.05746714 0.00324790
v -0.02750243 -0.04431974 -0.02388010
v -0.02750243 0.05708442 0.01340470
v -0.02750243 -0.01322854 0.02262230
v -0.02750243 -0.00310886 -0.00952010
v 0.00028893 -0.04161894 0.01618710
v 0.01960157 -0.05708262 -0.02578570
v -0.02137891 -0.06593254 -0.02524970
v 0.02690269 -0.06102118 -0.02527530
v -0.02008355 -0.04490598 -0.03008330
v 0.02214997 0.01334042 -0.02837450
v 0.02697813 0.00904218 -0.01701130
v 0.02827349 0.01584794 -0.01092970
v -0.02719147 0.03030170 -0.02450890
v 0.01743957 -0.06139366 0.00039990
v -0.00057771 0.05709978 -0.01504330
v -0.02589611 0.00755610 -0.02615850
v 0.02839125 0.02008346 -0.02528810
v -0.01741739 -0.05716070 -0.02613130
v 0.02721365 -0.05523046 -0.01317450
v 0.02721365 -0.04468198 -0.01773930
v -0.02825131 -0.03232742 0.02008310
v -0.02825131 0.02432154 -0.02172010
v -0.02460075 0.01635098 0.02632150
v 0.02003029 -0.04327526 -0.02718410
v -0.00528811 -0.06693862 0.00124790
v -0.02695595 0.01447834 -0.01910090
v 0.00801877 -0.06498534 0.00327510
v 0.02132565 -0.04896614 -0.03114570
v -0.01965483 0.02154778 -0.02578250
v -0.02683819 -0.01314534 -0.02549770
v 0.02744917 0.01811354 -0.02010090
v -0.02801579 -0.05180262 -0.01316330
v 0.02627157 0.01756954 -0.01604010
v -0.02436523 -0.03733478 -0.02622250
v 0.01543765 -0.06664934 -0.00161130
v 0.02874453 -0.05255910 -0.02878090
v -0.02672043 -0.03772006 -0.01624970
v 0.01791061 -0.06543718 -0.00413610
v 0.02756693 -0.04733286 -0.03144010
v -0.02789803 -0.03304806 0.00194070
v -0.02789803 0.03182362 -0.00466570
v 0.01190485 -0.06607206 0.00256310
v 0.02156117 0.00929306 -0.02560650
v -0.01211819 -0.04157670 0.01934870
v 0.02768469 -0.02975206 0.01761430
v 0.02768469 0.05240090 -0.00564810
v 0.02768469 0.02755738 -0.02335210
v 0.02768469 -0.05807078 -0.02500010
v -0.02778027 0.05677594 0.01612950
v -0.02778027 0.01656474 0.00202390
v 0.00601685 0.03639578 -0.02396170
v 0.00601685 0.03639578 -0.02396170
v 0.01567317 -0.04144742 0.02542550
v -0.01447339 0.05711002 0.02841430
v -0.01447339 0.05711002 0.02841430
v 0.02532949 0.01029274 -0.02490090
v 0.02898005 -0.05538662 -0.02208170
v 0.02297429 0.03675546 0.02740950
v 0.02297429 0.05264282 -0.01944010
v 0.02780245 -0.04718182 -0.00532170
v 0.01696853 -0.06550758 -0.00325770
v 0.01696853 -0.05627878 -0.02587530
v -0.00104875 -0.06662758 0.00274870
v 0.01826389 0.01723546 0.02943510
v -0.01788843 -0.04336614 0.00531350
v 0.00625237 0.05760282 0.01622230
v 0.01590869 0.05696538 0.02907030
v -0.01423787 -0.06690406 -0.01891530
v 0.01955925 -0.00498150 0.02912790
v 0.02803797 -0.04659686 -0.02180810
v -0.02742699 -0.03718374 -0.01299690
v -0.02742699 -0.04021094 0.00155830
v 0.01720405 0.01029658 -0.02480810
v 0.02203221 0.02366618 -0.02992010
v 0.01967701 0.01497498 -0.02603850
v 0.02450517 0.01985178 -0.03135370
v 0.00283733 0.05747354 -0.01229770
v 0.01249365 -0.04127590 0.02891990
v -0.02005043 0.01721370 -0.03064970
v 0.02340301 0.05576602 0.02659190
v 0.02823117 0.02206106 -0.02453930
v 0.02823117 0.01795866 -0.02520170
v -0.02240563 0.05714842 0.02658230
v -0.02240563 0.05714842 0.02658230
v 0.02705357 0.04945178 0.02232950
v 0.02705357 -0.04264422 -0.00975850
v 0.01621965 -0.04945894 -0.02608970
v 0.01987021 0.01879322 -0.02522730
v 0.02469837 -0.05246054 -0.02934570
v -0.02711603 -0.04755174 -0.01951690
v 0.02717133 -0.04055270 0.00926390
v -0.02829363 -0.01706342 0.01616310
v 0.00668109 -0.04230502 0.00597110
v -0.01863731 0.01995418 -0.02547850
v -0.01981491 -0.04680550 -0.02643210
v 0.01998797 0.01278362 -0.02527690
v 0.02481613 -0.06704102 -0.01855370
v 0.02363853 -0.02879206 0.02698550
v -0.02817587 0.02489114 0.00772470
v -0.01969715 -0.04764390 -0.02986890
v -0.02688051 -0.04509926 -0.00898090
v -0.02805811 0.03035802 -0.00261290
v -0.01475123 0.02356378 -0.02654890
v 0.02870221 -0.04508646 -0.02528330
v 0.02870221 -0.04508646 -0.02528330
v 0.02870221 0.01466650 -0.01676970
v 0.02870221 0.01594906 -0.02760010
v -0.02676275 0.01592346 -0.01001130
v -0.02676275 -0.06134118 -0.02002410
v -0.01227827 0.00710426 -0.02664170
v -0.00262195 0.05749018 0.02410070
v -0.02794035 0.03118490 0.02173430
v -0.01828403 0.05777818 0.02113430
v -0.02428979 -0.01063910 0.02641110
v -0.02063923 -0.06692582 -0.00568490
v 0.02881997 0.01192346 -0.02226890
v 0.02881997 0.02547482 -0.01842250
v 0.02646477 0.01838362 -0.02323690
v 0.02528717 -0.06687590 -0.01932810
v 0.02776013 -0.03848422 0.01593910
v 0.02776013 -0.05044582 -0.00748970
v -0.02523187 -0.06629606 -0.00788810
v 0.01939917 0.05763354 0.02212310
v -0.02640947 0.01155738 -0.01454570
v 0.00856525 0.05739674 0.02859190
v -0.01675315 0.01459226 -0.02641130
v 0.00738765 -0.06663014 0.00241110
v -0.01793075 -0.04387558 -0.02546730
v 0.02187213 -0.02495974 0.02815350
v 0.02670029 -0.03849190 -0.01467210
v 0.02670029 0.01411738 -0.02946890
v 0.02069453 -0.05653094 -0.02534410
v 0.02069453 -0.00937062 0.02869910
v -0.02629171 0.01842458 -0.01727050
v -0.02746931 0.05697946 0.01803030
v -0.01416243 0.01231642 -0.02661290
v 0.00515021 -0.06713702 -0.01628330
v -0.02016819 0.01567130 -0.02939210
v -0.02016819 0.05512730 -0.01864010
v -0.02016819 0.05512730 -0.01864010
v -0.01534003 0.01989914 -0.02648170
v 0.01963469 -0.04932198 -0.00343850
v 0.01963469 0.04706586 0.02917110
v -0.02617395 0.01391770 -0.02926730
v -0.01651763 -0.05420518 -0.00420810
v -0.01651763 -0.05420518 -0.00420810
v -0.02735155 0.01937690 -0.01414890
v 0.01727949 -0.04056422 -0.02563690
v -0.01887283 0.03011482 -0.02572170
v -0.01161403 0.05745946 0.02787190
v -0.01161403 0.05745946 0.02787190
v -0.02727611 -0.04473830 -0.00760330
v 0.02583365 -0.06609382 -0.02261930
v 0.01982789 -0.04747110 0.00110390
v -0.02715835 0.05663258 -0.01184970
v 0.02712901 -0.04662630 -0.00757450
v 0.01146693 0.05739290 0.02866230
v -0.01867963 -0.04862694 -0.02494730
v -0.01985723 0.01311386 -0.02770570
v 0.01994565 0.01016346 -0.02419530
v 0.02241861 0.00959130 -0.02529130
v -0.02821819 0.02132250 -0.02846890
v -0.02821819 -0.02750822 0.02023670
v 0.02006341 -0.05016294 -0.00402410
v 0.01888581 -0.05105126 0.00366230
v -0.02692283 -0.03322726 -0.02502570
v -0.02692283 0.05186202 -0.01964490
v -0.01726651 -0.04930662 0.00362070
v -0.01726651 0.00841498 -0.02651690
v -0.01243835 -0.06666086 0.00074870
v 0.02736453 -0.03721446 -0.02010090
v -0.02810043 -0.02436582 0.00924150
v 0.01900357 -0.05348582 -0.00365930
v 0.01900357 -0.03853414 -0.02478410
v -0.00631483 0.05558554 -0.01815210
v 0.02865989 0.01406106 -0.02234410
v 0.02748229 -0.00186214 0.00464630
v -0.02798267 -0.04640358 -0.01430250
v -0.02798267 0.02273434 0.00728150
v -0.01832635 0.01562906 -0.02616970
v 0.02029893 0.01925786 -0.03029290
v -0.02550971 -0.05868518 -0.02613450
v -0.02185915 -0.04258918 -0.00446250
v 0.01794373 -0.04305894 -0.02584330
v 0.02760005 0.03613722 0.00232790
v 0.02760005 -0.00694246 0.00616790
v -0.02303675 -0.00172518 0.02740470
v 0.02771781 -0.00055910 0.00314390
v 0.02771781 -0.04359910 -0.03048010
v 0.02654021 -0.04081126 0.01744950
v 0.02654021 0.00982298 -0.01872650
v 0.02654021 -0.04116582 0.00753270
v -0.02409659 0.00844698 -0.02645290
v -0.01444027 0.05751194 0.02720310
v 0.02901317 -0.04557414 -0.02602410
v 0.02783557 0.02471194 0.00057910
v 0.02783557 0.04548122 -0.02032490
v 0.02783557 0.02648986 -0.00969130
v 0.02783557 -0.05765478 -0.02446090
v 0.02783557 -0.05765478 -0.02446090
v 0.02783557 -0.00248934 0.00948470
v 0.02182981 0.04001818 0.02816950
v 0.02665797 0.01039130 -0.01396170
v -0.02397883 -0.04192998 0.01496310
v 0.02312517 0.01026458 -0.02522410
v 0.02677573 0.01639706 -0.00830570
v 0.01594181 0.05743130 0.02092950
v -0.02621627 -0.04448102 -0.01917130
v -0.02739387 -0.04211174 -0.00607850
v 0.01723717 -0.06520294 -0.00378410
v 0.02689349 0.01298202 -0.01138570
v -0.02492091 0.01517210 -0.03025610
v -0.02849603 -0.04455270 -0.02501770
v -0.02849603 -0.04160998 -0.02305930
v 0.02944189 -0.05016678 -0.01562250
v 0.00412349 0.05731610 -0.01195050
v -0.02602307 -0.05590118 -0.00511690
v 0.02826429 0.01436314 -0.02875050
v -0.02720067 0.00940058 -0.01389130
v -0.02237251 0.02757786 -0.02545450
v 0.02225853 -0.06397798 -0.02524810
v 0.02708669 0.01069466 -0.02303530
v 0.02708669 -0.04166502 -0.02934090
v 0.02838205 -0.05567974 -0.02308010
v -0.02708291 -0.03544294 -0.02420170
v -0.01742659 0.02895514 -0.02580330
v 0.00188605 0.05724186 -0.01293290
v -0.02826051 0.00271770 0.01201430
v 0.02602685 -0.04109926 -0.02890250
v 0.02002109 -0.05115238 -0.02547530
v -0.02213699 -0.06692838 -0.01616490
v 0.02249405 0.02614554 -0.02740650
v -0.02814275 0.03726490 0.00063670
v -0.02449219 -0.00391398 -0.02661450
v 0.02861757 0.01344538 -0.02724810
v -0.02684739 0.02826650 -0.02105450
v -0.01719107 -0.03876198 -0.02449450
v 0.02261181 -0.03941606 -0.02560490
v 0.02743997 -0.04845926 -0.00499050
v 0.02743997 -0.01363558 0.00422230
v 0.02743997 -0.03686374 -0.02178890
v 0.02743997 0.01600794 -0.00758090
v -0.02802499 -0.04850790 -0.01434090
v -0.02802499 -0.03698278 0.01367510
v -0.02555203 0.00319642 -0.02634250
v 0.02755773 -0.01450342 0.00372470
v 0.02755773 -0.02958310 0.02071030
v 0.00706749 -0.04156902 0.01116470
v -0.01342275 -0.05205862 -0.02652330
v 0.02037437 -0.04573542 -0.02525930
v -0.02661187 -0.05257446 -0.00540330
v -0.02661187 -0.05623270 -0.02222890
v -0.02661187 0.01083418 -0.02375850
v -0.02178371 0.05621146 -0.01717610
v -0.02178371 0.05621146 -0.01717610
v 0.02767549 -0.03006310 0.00626070
v 0.02767549 -0.01816294 0.01925910
v 0.02767549 -0.02074470 -0.02505130
v -0.02778947 0.01630746 0.02192150
v -0.02778947 -0.03481062 -0.00434090
v 0.02649789 -0.04316646 -0.00443530
v -0.00600387 -0.06713574 -0.02290090
v -0.01200963 -0.06684006 -0.00094570
v 0.02779325 0.01571482 -0.03012650
v 0.02178749 0.01090970 -0.02521770
v 0.02661565 -0.03654118 -0.02538570
v 0.02543805 -0.05915494 -0.00440330
v 0.02908861 -0.04390758 -0.01510570
v 0.02908861 -0.04046438 -0.02344010
v 0.02908861 -0.04046438 -0.02344010
v -0.02154819 0.05110682 0.02847670
v 0.02791101 0.00569754 0.00339830
v 0.02791101 0.01536154 -0.00662570
v 0.02791101 0.03558298 -0.00134250
v -0.01789763 -0.04435942 0.00524470
v 0.02673341 0.01016602 -0.01548170
v 0.00624317 0.05746586 -0.00075690
v -0.01907523 -0.05462118 -0.00469450
v -0.01907523 -0.05462118 -0.00469450
v 0.01955005 -0.04636134 -0.02474410
v 0.01955005 0.02508826 -0.02646090
v -0.02625859 0.04395674 -0.02261770
v -0.02625859 0.04047386 -0.02341770
v -0.02143043 0.02410522 -0.02957930
v 0.02802877 0.00743322 -0.02375370
v 0.02802877 -0.05790182 -0.01541130
v 0.00271037 -0.04009958 0.02957430
v 0.02685117 -0.03930342 0.02220310
v -0.02496323 -0.05566566 -0.02598410
v -0.02614083 -0.03643494 0.02449750
v 0.00883389 -0.06715366 -0.01915210
v 0.01849021 0.05285914 0.02938550
v 0.02814653 0.00451738 -0.02411050
v 0.02814653 0.02692122 -0.02385770
v -0.02731843 -0.00770662 -0.02302890
v 0.02214077 -0.05359590 -0.02839210
v -0.02606539 -0.03847014 0.02459670
v -0.01158091 0.05750426 0.02600150
v -0.02842059 -0.05329894 -0.02224010
v -0.02594763 -0.05703910 -0.00512330
v 0.02833973 0.01268634 -0.01794410
v 0.02833973 -0.04777702 -0.01498090
v 0.02833973 -0.04011494 -0.01539690
v 0.02716213 -0.04629734 -0.01544330
v 0.02716213 -0.04684774 -0.02503370
v -0.02830283 -0.05297894 -0.02701610
v 0.01150005 -0.04070246 0.02947830
v -0.01381835 -0.06623078 -0.00423530
v 0.02598453 0.01949722 -0.01591050
v 0.02598453 0.05594522 0.02340310
v -0.01982411 -0.04234342 0.00095670
v 0.02845749 0.01885082 -0.01210410
v -0.02700747 -0.04676582 -0.01484490
v 0.02245173 0.05576090 -0.01674410
v 0.02727989 -0.04562022 -0.00776970
v -0.02818507 -0.04386534 -0.02424810
v 0.02610229 -0.05618278 -0.02505290
v -0.01970635 0.01791386 -0.02672170
v 0.02009653 -0.05126374 -0.02579370
v 0.02256949 -0.04339814 -0.00423690
v -0.00757707 0.05676826 0.02887830
v -0.02806731 0.01715610 -0.01391370
v -0.02806731 -0.02857062 0.00886870
v -0.02806731 0.02690586 0.00692310
v -0.02806731 0.01670938 -0.02540810
v -0.01358283 0.05746714 -0.00350250
v 0.02622005 0.05635610 0.02187670
v -0.02794955 0.00315930 0.00667510
v -0.02794955 0.02406554 -0.02085130
v 0.01668149 0.02758298 -0.02485610
v 0.02633781 0.01771802 0.02402870
v -0.02547659 -0.06502118 -0.01944810
v 0.02881077 0.02329498 -0.02565290
v 0.02763317 0.03248154 0.00021910
v 0.02763317 -0.00936294 0.01197590
v -0.02783179 -0.05353446 -0.02767530
v -0.01935307 -0.05096678 -0.02554410
v -0.01452491 -0.06212198 0.00244150
v -0.02535883 -0.06585062 -0.01475210
v -0.01570251 -0.04372582 0.00588150
v -0.01570251 -0.04372582 0.00588150
v -0.02653643 -0.06462054 -0.00848490
v 0.02775093 0.00133914 0.01078390
v 0.02775093 0.03356698 0.00245590
v 0.02775093 -0.03871846 0.01319510
v 0.02657333 -0.04090982 0.01123350
v 0.02539573 0.05731738 -0.00392970
v 0.02786869 -0.04684390 -0.00644970
v 0.02786869 0.01035034 -0.00463530
v -0.00227787 -0.04150886 0.02753270
v -0.01911755 0.05756314 0.02244310
v 0.01467957 -0.06692326 -0.00460330
v 0.01467957 -0.06692326 -0.00460330
v 0.02798645 0.03092122 -0.01749770
v -0.02747851 -0.04279142 -0.02935690
v 0.02198069 -0.03899878 -0.02516810
v -0.02382795 -0.06461158 -0.02572010
v -0.01899979 -0.06740454 -0.02101610
v -0.01417163 -0.06557414 -0.00252170
v 0.02928181 -0.05085926 -0.02529130
v 0.02928181 -0.05085926 -0.02529130
v 0.02810421 0.03088538 -0.02176970
v 0.02209845 -0.05415270 -0.02742570
v 0.02692661 -0.06323814 -0.00553450
v 0.02574901 0.00863642 -0.02546890
v 0.02574901 0.00863642 -0.02546890
v 0.02817965 -0.05858790 -0.01941770
v 0.02817965 -0.02442086 -0.02424970
v 0.02817965 -0.02442086 -0.02424970
v -0.02728531 0.05156250 -0.01934890
v -0.02728531 0.02146586 -0.00820970
v 0.01734573 -0.03630310 -0.02616810
v 0.02464685 -0.06690662 -0.01643850
v -0.02598995 -0.04427750 -0.01765450
v 0.01381293 0.05733402 0.02459830
v -0.02716755 0.05702810 -0.00324810
v 0.02229165 -0.05515750 -0.02547850
v 0.00180141 0.04501018 0.02949430
v -0.01868883 -0.04292966 0.00452470
v 0.01993645 0.02457370 0.02902070
v 0.02959277 -0.05357414 -0.01704010
v -0.02587219 0.02166810 -0.02092490
v 0.02841517 0.02422426 -0.01746090
v 0.02723757 0.02991002 0.02176950
v 0.02723757 0.01933722 -0.03132970
v 0.02723757 -0.04356070 -0.00961450
v 0.02971053 -0.05321958 -0.01810730
v 0.02853293 0.01210778 -0.01905610
v 0.02853293 0.01272474 -0.02541450
v -0.02693203 0.03599258 0.02382390
v 0.02252717 -0.05167206 -0.02996330
v -0.02810963 0.02468890 -0.01896170
v -0.02810963 0.01528730 -0.02743210
v 0.02134957 -0.04095718 0.02740630
v 0.02617773 -0.04719846 -0.03152490
v 0.02017197 -0.04634598 -0.00348490
v -0.02080851 -0.04421222 -0.03027050
v 0.02865069 0.01576602 -0.02571690
v -0.02681427 -0.03814374 -0.02073450
v -0.02681427 0.02100634 -0.01865290
v -0.02681427 0.05559066 -0.01596330
v -0.02681427 -0.03819366 -0.01927050
v 0.02747309 0.02845978 0.01599030
v -0.02316371 -0.05005542 -0.03094890
v 0.02146733 0.05553178 0.02795670
v 0.02028973 -0.04926438 -0.02956330
v 0.02028973 0.02390810 -0.02813930
v -0.02669651 -0.03643494 -0.02443050
v -0.02787411 0.03455002 0.00253750
v -0.02787411 0.00987290 -0.00043050
v -0.01821779 -0.06738790 -0.02039050
v 0.02158509 0.05098138 0.02823350
v 0.00592301 -0.04079078 0.02932470
v -0.00973907 -0.04171366 0.00793910
v 0.02888621 -0.04304614 -0.01665770
v -0.00243795 0.05731738 -0.01208330
v -0.02775635 0.00028058 0.00654230
v -0.02775635 0.01663514 -0.01315690
v -0.02775635 0.01317274 -0.02096650
v 0.02170285 -0.06586214 -0.00432810
v -0.02646099 -0.01372134 0.02431990
v 0.01817005 -0.00154854 0.02942870
v 0.01817005 0.00989210 -0.02498730
v 0.02782637 -0.00104038 -0.00527370
v 0.02782637 -0.03468902 0.00022230
v 0.02782637 0.01434906 0.00273750
v 0.02782637 0.03464986 -0.02288650
v 0.02664877 0.01691674 -0.00863370
v 0.02547117 -0.06519910 -0.02401450
v 0.00498093 0.05763738 0.01109750
v 0.02912173 -0.05054822 -0.01087210
v -0.02634323 -0.05062246 -0.03072970
v 0.00863149 -0.06619366 0.00276630
v 0.02794413 -0.05560038 -0.01625290
v 0.02794413 0.02270234 -0.00644330
v 0.02794413 0.01285914 -0.00319850
v 0.02806189 -0.06253670 -0.01038090
v -0.02740307 0.01256474 -0.02701930
v -0.02740307 0.01756698 -0.00772810
v -0.02740307 0.01488666 -0.02287850
v -0.02740307 0.05530650 -0.01396810
v -0.02257491 -0.02835814 0.02777590
v 0.01239981 -0.03672806 -0.02630250
v 0.01722797 -0.06365414 -0.00364490
v -0.01892435 0.01181082 -0.02505290
v -0.01892435 0.05697050 0.02823510
v -0.01409619 0.05756442 0.02094070
v 0.02935725 -0.05400294 -0.02424490
v 0.02935725 -0.05400294 -0.02424490
v -0.02610771 0.05343386 -0.01930250
v -0.01645139 -0.06161126 -0.00462890
v -0.01402075 -0.05130598 0.00504470
v 0.01977637 0.05772698 0.01620150
v -0.02120411 0.05748122 -0.00171050
v 0.02825509 0.02072474 -0.01046570
v 0.02825509 -0.01125606 -0.02433930
v 0.02825509 0.01145242 -0.01918090
v 0.02707749 -0.06598886 -0.01207690
v 0.02707749 -0.06598886 -0.01207690
v -0.02838747 0.01764122 -0.02812010
v -0.02838747 -0.04709094 -0.02730250
v -0.01990875 -0.04243686 -0.02789930
v -0.02709211 0.00768410 -0.02480490
v -0.02709211 0.02337434 -0.02031690
v 0.02236709 0.01194266 -0.02661450
v -0.02826971 -0.04755558 -0.02576650
v 0.02601765 -0.00304614 0.02464310
v 0.02001189 0.01938202 -0.02624810
v -0.02579675 -0.03991526 0.02437910
v 0.02849061 0.01388186 -0.01772810
v -0.02697435 0.02792858 -0.01720010
v 0.02248485 0.05741466 0.02545110
v 0.02248485 0.05741466 0.02545110
v 0.02731301 -0.05021414 -0.02000010
v 0.00682277 0.05746586 -0.00575210
v 0.01530149 -0.06711654 -0.02125770
v -0.02685659 -0.03872486 -0.01520010
v 0.02743077 -0.04963686 -0.02125930
v -0.02803419 0.00475162 0.00467350
v -0.02803419 0.01315098 -0.02652010
v -0.02556123 -0.06587494 -0.00718570
v -0.02556123 -0.06587494 -0.00718570
v -0.02556123 -0.02616294 -0.02640970
v -0.02556123 0.01715354 -0.01640650
v -0.02073307 0.01422362 -0.02920010
v 0.02637093 0.05709722 0.00157110
v 0.02637093 0.01918490 -0.02450410
v -0.01943771 -0.04408934 -0.02558570
v -0.01578715 -0.05356902 -0.02585770
v 0.01918757 -0.06725990 -0.02124650
v 0.02884389 -0.05045478 -0.02457770
v -0.00130267 0.05614746 0.02937750
v -0.02662107 0.01968922 -0.02190890
v -0.02662107 0.05744282 0.01435670
v -0.02662107 0.05744282 0.01435670
v -0.02779867 0.00789914 -0.00314250
v -0.02779867 0.00070682 -0.00508650
v -0.02779867 -0.01080038 0.00627030
v 0.02648869 0.02193562 -0.01789610
v 0.02413349 -0.03695078 -0.02578090
v 0.02413349 -0.04152934 0.01538710
v -0.02650331 -0.04155494 0.00843670
v -0.01684699 -0.05111782 -0.00416330
v 0.02778405 0.02002586 0.00474550
v 0.02778405 -0.01761254 -0.00454090
v -0.02768091 0.01568410 -0.02984490
v -0.02768091 -0.03911654 -0.01770730
v -0.02768091 -0.01873766 -0.00288490
v -0.01437403 0.05632794 0.02893270
v 0.00976677 -0.06415846 -0.02579210
v 0.01942309 -0.05069542 -0.00356010
v 0.02425125 0.00959514 -0.02525770
v 0.02425125 0.00959514 -0.02525770
v -0.02638555 0.01770906 -0.02184170
v -0.01908443 -0.04285798 -0.00340010
v 0.02071845 0.04959898 0.02871350
v 0.02071845 0.01786650 -0.03074890
v 0.01954085 -0.05255014 -0.02552170
v 0.02801957 -0.05531878 -0.02445770
v 0.02801957 -0.05531878 -0.02445770
v -0.02261723 -0.02430566 0.02770390
v -0.01166555 -0.04163046 0.02381590
v 0.02813733 0.01641370 -0.01027210
v 0.02695973 0.01171226 -0.02610570
v 0.01973405 0.05625626 0.02853110
v -0.02725219 0.00283802 0.02307830
v 0.02703517 -0.04521702 -0.02297450
v 0.02703517 -0.06549350 -0.00704970
v 0.02703517 -0.06549350 -0.00704970
v 0.00654493 -0.06611174 0.00289270
v -0.00911715 0.05747994 -0.01204330
v -0.01512291 0.05768218 0.01406550
v 0.01985181 -0.04241382 0.00541750
v -0.02595683 -0.03821158 -0.02435370
v -0.02112867 -0.04227430 -0.02894410
v -0.00181603 0.05694234 0.02897110
v -0.02713443 0.00673818 0.02334070
v 0.02715293 -0.03762150 -0.02410090
v 0.02715293 -0.03762150 -0.02410090
v -0.02831203 0.02791322 0.01042710
v -0.02831203 -0.01367142 0.01878710
v -0.02831203 0.05018778 0.00648630
v 0.02114717 0.02867994 0.02855510
v -0.02583907 0.01888666 -0.02433610
v 0.01396381 0.05684378 0.02939990
v 0.01879197 0.01242394 -0.02440490
v 0.02844829 0.01907738 -0.02700650
v -0.02701667 0.05719834 -0.00011210
v 0.00795805 -0.04135782 0.02846230
v 0.01761437 -0.06160358 -0.00392650
v 0.02727069 -0.04460518 -0.01874090
v -0.00405347 0.05748250 -0.00280170
v -0.01724259 0.05608858 0.02890550
v 0.02256029 0.04283930 0.02767510
v -0.02807651 0.01391514 -0.02646250
v -0.02807651 0.05131034 0.00811030
v -0.02807651 -0.00735078 0.01278550
v 0.02621085 0.00319386 0.02445270
v 0.02621085 0.02870426 -0.02437610
v -0.01476963 -0.06209894 -0.00371850
v -0.02560355 -0.04205414 -0.00304170
v -0.01111907 -0.04249830 0.00607990
v -0.02678115 0.01037466 -0.01731370
v 0.02267805 -0.04003430 -0.02709450
v 0.02750621 -0.05092710 -0.02140490
v -0.02795875 0.00992666 0.00639190
v -0.02795875 0.05519258 -0.00290570
v -0.02795875 0.01483930 0.00706550
v -0.02795875 0.03713562 -0.00133930
v 0.02032285 -0.04912486 -0.02484650
v 0.01196189 -0.04159206 0.00760790
v -0.02053987 -0.03842662 -0.02469130
v -0.01571171 0.05725722 -0.01335690
v 0.02409117 -0.01278950 0.02660310
v -0.01688931 -0.04061798 -0.02492970
v 0.02291357 0.00983962 -0.02521930
v 0.02774173 -0.04010342 -0.00304330
v 0.01207965 -0.06699622 -0.00486090
v 0.01207965 -0.06699622 -0.00486090
v 0.02173597 0.01498650 -0.02938570
v 0.02656413 0.04016026 -0.02266730
v -0.01559395 0.02501146 -0.02641610
v 0.02903709 -0.04118374 -0.01780330
v 0.02785949 0.04195482 -0.02152490
v 0.02785949 -0.00370662 -0.00625930
v 0.02785949 0.02043034 -0.00493290
v 0.02785949 0.00304410 -0.00513130
v 0.02785949 0.00452634 -0.00627050
v -0.02395491 -0.05438438 -0.02764970
v 0.01584797 0.01298202 -0.02592170
v -0.00947043 0.05760794 0.01736470
v 0.01949853 -0.05030758 -0.02489930
v 0.01832093 -0.05548262 0.00263990
v 0.02314909 0.05756314 0.02248470
v -0.02748771 0.04482586 -0.02159370
v -0.02748771 -0.02512870 -0.01940010
v -0.02619235 -0.04353766 -0.02126090
v -0.02736995 -0.03438822 -0.02100650
v -0.02254179 0.05683226 0.02706550
v -0.02854755 0.01938714 -0.02868330
v 0.00042141 -0.00698598 0.02940630
v 0.00768021 -0.06714086 -0.02197450
v -0.01763819 -0.04171110 0.01826070
v -0.01763819 0.05666330 0.02865110
v -0.01763819 0.05666330 0.02865110
v 0.01733653 0.02239514 -0.02524010
v 0.02699285 -0.00424038 0.02287350
v 0.02699285 -0.06604646 -0.01502890
v 0.02699285 -0.06604646 -0.01502890
v -0.02482155 0.00470426 0.02603830
v 0.02946581 -0.05309030 -0.02187050
v -0.02599915 0.05741978 -0.00697610
v 0.01863189 -0.05757926 -0.00394730
v -0.02835435 -0.04302310 -0.01640970
v -0.01987563 -0.05301222 -0.02786410
v -0.02588139 -0.01915878 -0.02622090
v 0.00791573 -0.04183398 0.00639670
v 0.02722837 -0.03992294 -0.02676650
v -0.02823659 -0.04529382 -0.02974250
v -0.02823659 -0.04470374 -0.01498090
v -0.01858027 -0.04354022 -0.02570090
v -0.00892395 -0.06698982 -0.01940810
v 0.02487317 -0.04153446 -0.00066410
v -0.02576363 -0.04569574 -0.02443050
v 0.00320533 0.05731098 -0.01072650
v -0.02811883 -0.03823718 0.01577590
v -0.02329067 -0.05589222 -0.02597770
v 0.01168405 -0.06660454 -0.02356650
v 0.01651221 -0.04177510 0.00629270
v -0.02682347 -0.04631526 -0.03119690
v 0.02746389 0.02215578 -0.00760810
v 0.02746389 0.04387610 -0.00030730
v -0.02800107 0.04889370 -0.00504970
v -0.01834475 -0.04086630 0.02881590
v -0.02552811 -0.06220646 -0.00520010
v 0.01910293 0.01638682 -0.02466890
v 0.01910293 -0.03926502 0.02895190
v -0.02670571 -0.03701478 -0.01884810
v 0.02758165 -0.05453286 -0.02642890
v 0.02758165 0.00371354 0.01027670
v 0.02758165 0.02962330 0.00175830
v 0.00709141 0.05746586 -0.01187050
v 0.02640405 -0.03878502 -0.02545130
v 0.01074197 -0.04007654 0.02968470
v -0.02541035 -0.04179814 0.01549110
v -0.02658795 -0.05326822 -0.01187530
v -0.02175979 0.05746970 -0.01090570
v -0.01693163 -0.03757542 -0.02608330
v 0.02769941 -0.05875558 -0.02512010
v 0.02769941 -0.01155942 -0.00528330
v 0.01686549 -0.06530790 -0.00097290
v 0.01686549 -0.04139878 0.02012310
v 0.02051605 0.02173466 -0.02996970
v 0.00367637 -0.06677990 0.00211830
v 0.02781717 0.02444954 0.00969270
v 0.02781717 0.02052506 0.00867030
v -0.02764779 -0.00558694 -0.00235050
v -0.02764779 -0.04688998 -0.00972650
v -0.01916907 -0.06400614 -0.02636330
v -0.02635243 -0.02948582 0.02446710
v -0.02635243 -0.04533350 -0.02167370
v -0.02505707 0.05749786 0.02151830
v -0.02505707 0.05749786 0.02151830
v 0.01839637 -0.05345126 -0.02482250
v 0.02322453 -0.06715238 -0.01041130
v 0.02805269 0.01372698 -0.00522090
v 0.02086933 0.01673626 -0.02984650
v -0.02493931 -0.00095078 0.02595510
v -0.02011115 0.05735706 -0.01079530
v 0.01969173 0.02250778 -0.02659370
v 0.01969173 0.02250778 -0.02659370
v -0.02611691 0.01808282 -0.02308970
v -0.02611691 0.01587482 -0.02078730
v 0.02094477 -0.04874726 -0.03099050
v 0.02577293 0.02709530 -0.02606570
v 0.02942349 -0.05108710 -0.01355850
v 0.00410509 0.05714458 0.02892150
v -0.01638515 -0.05828454 -0.00455530
v 0.01858957 0.01745434 -0.02473770
v -0.02721907 0.04137498 -0.02265290
v -0.02721907 0.02529690 -0.01018250
v 0.02224013 -0.05589222 -0.02528970
v -0.01991795 0.01020826 -0.02526090
v 0.02836365 0.01705498 -0.01497450
v -0.02827891 -0.03526374 0.01752150
v 0.02118029 -0.06715622 -0.01544010
v 0.02000269 -0.04379750 0.00504310
v -0.02580595 0.00652698 -0.02632970
v -0.02580595 -0.04293478 -0.00445930
v 0.02848141 0.01563162 -0.01596810
v 0.02848141 -0.04969062 -0.01599530
v 0.02730381 -0.04559462 -0.00862890
v 0.02730381 -0.04360806 -0.02209770
v -0.02816115 -0.04220390 -0.02785610
v -0.02816115 0.03027354 0.00749750
v 0.02612621 -0.04144230 0.00225270
v -0.01485427 -0.04082790 0.02908310
v 0.02494861 -0.02701542 -0.02603850
v -0.02568819 -0.04130278 -0.02872330
v 0.02859917 0.01897370 -0.03025770
v 0.02259341 0.01489306 -0.02978410
v 0.02259341 0.01489306 -0.02978410
v 0.01658765 0.05692570 -0.01463370
v -0.00508019 0.05731226 -0.01313930
v 0.02753933 -0.00388454 0.00513910
v 0.02753933 0.03043354 -0.02392970
v 0.02753933 -0.03848294 -0.01703690
v 0.02753933 -0.04568806 -0.00487850
v -0.02792563 0.02665498 -0.00136170
v 0.01187725 0.05705626 -0.01052970
v 0.01670541 -0.03846630 -0.02589770
v 0.02636173 -0.01173094 0.02426870
v -0.00131187 -0.06655718 -0.02425290
v 0.01800077 0.01272986 -0.02441130
v 0.02765709 0.02728730 -0.00101290
v 0.02765709 -0.01575526 0.01770710
v 0.02765709 -0.04981734 -0.02329290
v 0.02765709 0.04566298 -0.00445610
v 0.02765709 -0.00535014 -0.02484330
v 0.02765709 -0.00535014 -0.02484330
v -0.02780787 0.03389466 -0.00814250
v -0.02780787 -0.05130214 -0.02364970
v -0.01332339 -0.06624614 0.00090710
v 0.02647949 0.01251482 0.02393590
v -0.00484467 0.05728154 -0.01161290
v -0.00001651 0.05051034 -0.02089450
v -0.00001651 0.05051034 -0.02089450
v -0.02651251 0.01591066 -0.02278890
v -0.02651251 0.01485466 -0.02063850
v 0.02294669 -0.04053862 0.02680630
v 0.02777485 -0.03877222 -0.01100490
v 0.02777485 -0.03669350 -0.01619210
v 0.02777485 0.03536410 -0.00447370
v 0.02777485 0.04423450 -0.00587370
v 0.02659725 0.02201114 -0.01899210
v 0.01458573 0.05755162 0.02764310
v 0.01458573 0.05755162 0.02764310
v -0.02639475 0.02959002 -0.02501930
v -0.02639475 0.05012634 -0.02088170
v 0.02789261 -0.03403622 0.00367190
v 0.02789261 0.00538778 -0.00205450
v 0.01223053 -0.06420838 0.00327350
v 0.02671501 0.01149850 -0.01334410
v 0.01105293 0.05736986 -0.00554890
v 0.02070925 0.01971866 -0.03087690
v 0.02070925 0.01971866 -0.03087690
v 0.02553741 -0.03140198 0.02527030
v -0.02509939 -0.06473958 -0.00573290
v 0.02801037 0.01216410 -0.02637290
v -0.02745459 0.00987162 -0.01193770
v -0.01779827 -0.05230054 -0.02601450
v 0.02200461 -0.04173286 0.00383030
v 0.02683277 0.04055322 0.02287670
v 0.01964941 0.01513882 0.02910710
v -0.00566899 0.05676698 0.02893910
v 0.01847181 -0.05176550 -0.02553770
v 0.02812813 -0.05709414 -0.01267850
v 0.02695053 -0.05686758 -0.02486730
v 0.02695053 -0.00994278 -0.02538090
v 0.02695053 -0.04503526 -0.01679370
v 0.02337541 0.02867482 0.02709270
v 0.02820357 -0.04281830 -0.01213130
v -0.02726139 -0.04885734 -0.00698890
v 0.02702597 -0.04658150 -0.00796970
v -0.02843899 -0.04335334 -0.02637770
v 0.01619205 0.03486746 0.02966550
v -0.02478843 0.01032474 -0.02523210
v -0.02596603 -0.05041894 -0.01986250
v -0.02714363 -0.02084198 -0.02441610
v -0.02714363 -0.02560870 0.02343350
v -0.01383675 -0.04186342 0.00680310
v 0.02113797 0.05756314 0.02295670
v -0.02584827 -0.05680614 -0.02508170
v 0.01760517 0.02679834 -0.02415370
v 0.02726149 -0.05304934 -0.01010570
v 0.02726149 -0.04547942 -0.01827210
v -0.02820347 -0.02526182 0.02039190
v 0.02125573 0.05728922 0.02690390
v 0.02007813 0.05719066 0.02769910
v -0.02573051 0.02004506 -0.01595850
v 0.02372869 -0.06572262 -0.00458090
v 0.02855685 0.01688602 -0.01451850
v -0.02690811 -0.04697190 -0.02204330
v 0.02255109 0.02043034 0.02767190
v -0.02679035 0.01312026 -0.01173930
v -0.02679035 0.01368730 -0.01188970
v -0.02796795 0.00120090 0.00783990
v -0.02796795 -0.00339174 0.00800150
v 0.02031365 0.02085146 -0.02996970
v 0.02031365 0.02085146 -0.02996970
v 0.01913605 0.00984090 -0.02463370
v -0.02667259 -0.05439206 -0.01256330
v -0.02667259 0.01612186 -0.01637290
v -0.02667259 0.01982490 -0.01693770
v -0.01701627 0.01398682 -0.02637290
v 0.02761477 0.02694042 0.00194710
v 0.02761477 -0.03991270 0.00677110
v 0.02761477 0.01303066 0.01782070
v 0.02761477 0.03467802 0.00110390
v 0.02761477 -0.01192422 0.00385590
v -0.02785019 0.01490714 -0.02388010
v -0.02302203 -0.06559718 -0.02527530
v 0.01678085 0.05731226 0.02857110
v 0.02643717 0.00079386 0.02398230
v 0.02525957 -0.04005990 0.02481430
v 0.01925381 0.05762458 0.02633110
v 0.01925381 0.05762458 0.02633110
v 0.02773253 0.02046490 0.00020630
v 0.02773253 0.04150938 0.00331830
v -0.02773243 0.05524506 -0.00973450
v -0.02773243 -0.01024486 -0.00018730
v 0.00488709 -0.04130406 0.02859830
v -0.01560315 -0.05145958 0.00481110
v 0.02902789 -0.05181414 -0.02175850
v 0.02785029 -0.00636518 -0.00691850
v 0.02785029 0.02995866 -0.01648170
v 0.02785029 -0.06444262 -0.02231690
v 0.02785029 0.00424986 -0.02467050
v -0.01795835 0.05327770 0.02917590
v -0.00465147 -0.06704102 -0.02029290
v 0.01466117 0.05744154 -0.01313610
v 0.01831173 0.02368410 -0.02573770
v 0.01831173 -0.05232614 -0.02546410
v 0.01230597 0.05754778 0.02806070
v 0.01230597 0.05754778 0.02806070
v 0.02679045 0.02170778 -0.02323850
v 0.02679045 0.02192154 -0.00856970
v -0.01901819 0.00033306 0.02904950
v 0.02926341 -0.04736614 -0.03041770
v -0.02620155 0.04504602 0.02467510
v -0.02137339 0.05610394 0.02803830
v -0.02137339 0.02795418 -0.02542730
v 0.02808581 0.00721690 -0.01589610
v 0.01124613 0.05745690 0.00296150
v -0.02490619 0.05616922 0.02532470
v 0.02698365 0.01054234 -0.02012490
v 0.02698365 -0.04814822 -0.01589450
v -0.02848131 0.02179738 0.02013430
v -0.02600835 -0.04712806 -0.02369130
v 0.02345085 -0.06636518 -0.00476810
v 0.02827901 0.01616154 -0.01570570
v 0.01744509 0.01168154 -0.02436650
v 0.01744509 0.02497306 -0.02547690
v 0.01744509 0.02497306 -0.02547690
v 0.00060541 -0.06622438 0.00302550
v 0.01874045 -0.05520614 -0.00375530
v 0.02239101 0.05661978 0.02690550
v 0.02721917 -0.04086886 -0.01053770
v -0.02824579 0.03228186 0.00724310
v -0.02824579 -0.04555366 -0.02692010
v 0.02003581 0.05734682 -0.00879530
v -0.02695043 -0.02252646 -0.02516970
v -0.02695043 0.02073882 -0.01974730
v -0.02695043 -0.05004262 -0.00899050
v -0.02695043 0.03531802 -0.02422570
v 0.02733693 -0.04112102 -0.01182890
v 0.01650301 -0.04981094 0.00488310
v -0.02565507 -0.04825830 -0.01572490
v -0.02565507 0.02240794 -0.02020490
v 0.02863229 -0.05405286 -0.02664330
v 0.02863229 0.01150746 -0.02118730
v -0.02683267 0.05718170 0.01964150
v -0.01717635 -0.03933414 -0.02434410
v 0.02745469 -0.02018662 0.01873750
v 0.02745469 -0.00664166 0.00429590
v -0.02801027 -0.05069286 -0.02454890
v 0.01662077 -0.06311782 0.00215350
v 0.02627709 0.01014682 -0.02445450
v 0.02509949 -0.03794662 -0.02536810
v 0.02875005 0.02426266 -0.02338890
v 0.02875005 0.02073754 -0.02542250
v 0.01308797 0.05733914 -0.01332650
v 0.02757245 0.04771226 0.00529750
v -0.02789251 0.05643930 0.00567350
v -0.02306435 -0.03982822 -0.02650250
v 0.02639485 0.00647194 -0.02551690
v 0.02639485 0.00647194 -0.02551690
v -0.01458563 -0.04337254 -0.02637130
v 0.02521725 -0.06619238 -0.00542730
v -0.02541955 -0.04976742 -0.03102410
v -0.02059139 0.02228250 -0.03022890
v 0.02886781 -0.04462694 -0.01240330
v 0.02769021 0.04119450 -0.00107370
v 0.02769021 0.04733210 -0.00604810
v 0.02769021 -0.00342758 0.00357590
v 0.02769021 -0.04490086 -0.01998250
v 0.02651261 0.00950938 -0.02311210
v 0.01567869 0.05709082 -0.01125450
v 0.02898557 -0.05256166 -0.01237290
v 0.02898557 -0.04159206 -0.02778890
v 0.02780797 0.04083098 -0.00642890
v 0.02780797 0.00674330 0.00913270
v 0.02780797 0.00824858 -0.01695210
v 0.02663037 0.00919066 -0.02355690
v -0.01917827 -0.04315622 -0.00413610
v -0.02035587 0.02846234 -0.02545130
v -0.02636163 -0.05027430 -0.02114410
v -0.02636163 -0.04924646 -0.01886730
v -0.02153347 -0.04113638 0.02723190
v 0.02792573 0.00701082 0.00169750
v 0.02792573 -0.03530342 -0.00216810
v -0.02753923 -0.03911654 0.02087190
v -0.02271107 0.04516122 0.02779350
v 0.01709181 -0.06727910 -0.02141770
v -0.02023811 0.01182106 -0.02560490
v -0.02624387 -0.06081254 -0.00552170
v -0.02624387 -0.04697446 -0.00481290
v 0.00272509 -0.04164838 0.00754710
v -0.01894275 0.05688730 -0.01535850
v 0.02086013 0.01177882 -0.02545450
v -0.01529219 0.05741722 0.02451350
v -0.00563587 0.05320858 -0.01998570
v -0.00563587 0.05320858 -0.01998570
v -0.02612611 -0.06180326 -0.00553450
v 0.02816125 -0.02113126 -0.02443370
v 0.02816125 -0.02113126 -0.02443370
v -0.02730371 0.03112858 -0.02440810
v 0.02576373 0.00969370 -0.02473450
v 0.02941429 -0.04511078 -0.02962250
v -0.02605067 -0.05733478 -0.02062250
v -0.02605067 0.02824218 -0.02458090
v -0.02722827 -0.01272934 -0.02404970
v 0.02705909 -0.05643878 -0.02454410
v -0.02840587 0.02399258 -0.02273450
v -0.02593291 0.05745818 0.01909270
v -0.02593291 0.05745818 0.01909270
v -0.02593291 0.01720602 -0.01540810
v -0.02593291 -0.03874534 -0.02504330
v 0.00904181 -0.06654950 -0.02391690
v 0.02835445 -0.05900134 -0.02230890
v -0.02228235 -0.05401702 -0.02794570
v 0.02234869 -0.05464422 -0.02627210
v 0.00185845 0.05469338 -0.01893930
v -0.02828811 -0.04150758 -0.01770570
v -0.01863179 -0.06707046 -0.01911530
v -0.00897547 -0.06571366 0.00315830
v -0.01980939 -0.04885094 -0.02618410
v 0.02847221 -0.03926118 -0.02256970
v 0.02847221 -0.03926118 -0.02256970
v 0.00315381 0.05730202 0.02862710
v -0.02699275 -0.04819686 -0.01936490
v -0.02699275 -0.00498150 -0.02533610
v -0.02817035 -0.05265510 -0.01787210
v -0.02817035 0.02164378 0.00616950
v 0.01646069 0.01011482 -0.02562570
v 0.02976757 -0.04876006 -0.02935370
v -0.02569739 -0.06379878 -0.00568010
v -0.02086923 0.02935194 -0.02579050
v -0.02687499 0.00701722 -0.02556490
v -0.02687499 0.02755738 -0.01504330
v 0.02741237 0.05636634 -0.00654090
v 0.02741237 -0.04501734 -0.02164170
v -0.02805259 -0.04055654 -0.02567210
v -0.02805259 0.00380186 0.00991670
v 0.02623477 0.04959514 -0.02035370
v -0.02440203 0.02702490 0.02653910
v 0.02022901 0.03113370 -0.02502890
v -0.02075147 -0.02472806 0.02864950
v 0.02870773 0.02085274 -0.02655370
v 0.02870773 -0.05466726 -0.02522090
v 0.02870773 0.01955994 -0.02852330
v -0.02675723 0.02258586 -0.01647690
v -0.02192907 -0.03705318 -0.02642410
v 0.02753013 0.04605722 0.00426870
v 0.02753013 0.04883610 0.01350230
v -0.02793483 0.02391962 -0.01736330
v -0.02793483 0.01939226 0.00213590
v -0.02310667 0.01119386 -0.02591370
v 0.02635253 -0.06629734 -0.00716650
v -0.01945611 0.02329498 -0.02824170
v -0.02546187 -0.06350438 -0.02496330
v -0.01580555 -0.04917606 -0.02611210
v 0.02882549 -0.04922854 -0.02549130
v 0.02882549 -0.04922854 -0.02549130
v 0.01316341 0.05654042 -0.01603850
v 0.01799157 -0.03801574 -0.02565610
v -0.02781707 -0.01388646 0.00583670
v -0.02652171 -0.04087910 0.02165590
v -0.02652171 -0.04236646 -0.00418090
v -0.02652171 0.02069658 -0.03107370
v 0.02776565 0.02434842 -0.02937610
v 0.02776565 -0.00292198 -0.00144970
v -0.02769931 -0.01513318 0.00545590
v -0.01439243 -0.06580582 -0.00435530
v 0.02058229 -0.05306470 -0.02758090
v 0.02058229 -0.04398438 -0.00351050
v 0.02423285 -0.06670438 -0.00553610
v -0.02640395 0.01455002 -0.01006730
v 0.02788341 -0.04892134 -0.03124170
v 0.02788341 -0.03056998 0.00052630
v 0.02788341 -0.02078054 -0.00829130
v -0.00344075 0.05653402 0.02919830
v 0.00986613 0.05682842 0.02946390
v -0.02028043 0.05767962 0.01564790
v -0.02628619 -0.04133350 0.01999830
v -0.02145803 -0.01431526 0.02831510
v -0.00214539 -0.04155110 0.01958230
v -0.02746379 0.01306010 -0.01512490
v -0.02746379 0.04033690 -0.02239530
v -0.01898507 -0.05832422 -0.00470890
v -0.01898507 -0.05832422 -0.00470890
v -0.02616843 -0.05441126 -0.00523530
v -0.02134027 0.05417626 0.02843190
v -0.02734603 -0.05547494 -0.02379370
v 0.02694133 -0.04580070 -0.01581610
v 0.02819437 0.00245658 -0.02348010
v -0.01396371 -0.02761574 0.02925430
v -0.02479763 -0.06561894 -0.02068170
v -0.01996947 -0.01008102 0.02887030
v -0.02114707 -0.06687846 -0.01838890
v -0.02715283 -0.05493734 -0.02564010
v -0.02715283 -0.05441766 -0.01384170
v -0.02715283 -0.04096230 -0.00084010
v 0.02230637 -0.01403110 -0.02618250
v 0.02713453 -0.04161126 -0.00996970
v 0.02713453 -0.04352486 -0.02055370
v -0.02833043 0.04485914 0.02076630
v -0.02833043 0.01693210 0.02003830
v 0.02595693 0.05720986 0.01434390
v 0.02595693 -0.04196838 -0.00392330
v -0.01019539 0.00519962 0.02923190
v 0.02477933 -0.06432998 -0.02478890
v -0.02585747 -0.05633254 -0.02525450
v 0.02842989 0.02384794 -0.01328010
v -0.02703507 0.02454554 -0.01055050
v 0.02242413 0.02217242 -0.03078570
v -0.01855635 -0.04350310 -0.00176970
v 0.02607469 0.01707034 -0.03105930
v 0.02607469 -0.03585894 -0.02570570
v -0.02456211 0.00706458 -0.02664170
v -0.02573971 0.01592858 -0.01859690
v -0.00159891 0.05692698 -0.01360490
v -0.02691731 0.02073754 -0.00882090
v -0.02691731 -0.04384102 -0.00939530
v 0.02254189 0.02074522 -0.03118730
v 0.02737005 -0.03870438 0.02041910
v -0.00395411 0.04893722 0.02938230
v -0.02444435 -0.02291046 0.02637110
v -0.01961619 -0.05570662 -0.02511210
v 0.02501485 -0.05616998 -0.02527530
v 0.01900909 0.01485338 -0.02549770
v 0.02866541 0.02566042 -0.02498730
v -0.02797715 -0.04843238 -0.01294570
v -0.02797715 0.01732122 0.00031830
v -0.02797715 0.01779738 0.00733590
v 0.02631021 -0.05162726 -0.03016170
v 0.02631021 -0.06650854 -0.01493930
v -0.01949843 -0.01481702 0.02899350
v -0.00619155 -0.04171238 0.00716950
v 0.02760557 -0.02007782 0.01527830
v 0.02760557 -0.05013862 -0.01712970
v 0.02760557 -0.05066214 -0.00521770
v -0.02785939 -0.01430118 0.00399030
v -0.02785939 -0.00906086 0.00409750
v -0.02785939 0.00297498 -0.00160170
v -0.02303123 -0.06135142 -0.02656970
v -0.02055827 0.02486682 -0.02832970
v 0.02890093 -0.04076006 -0.02018730
v -0.02656403 0.05728154 -0.00518570
v -0.02656403 0.05728154 -0.00518570
v 0.01806701 0.00785178 0.02946710
v 0.01806701 -0.03986790 -0.02507210
v -0.02774163 -0.00747622 0.00205110
v -0.02774163 0.01427866 -0.01681610
v -0.02774163 -0.02388582 -0.00987530
v -0.02774163 0.01861914 -0.01272010
v -0.02291347 0.01206426 -0.02701130
v 0.01571181 -0.06575078 0.00137430
v 0.01571181 0.03069210 -0.02514730
v 0.02901869 -0.05370342 -0.02733130
v 0.00852845 0.05748250 0.00425430
v 0.01818477 -0.05757030 -0.00024010
v -0.01196179 0.05741722 -0.00942410
v 0.02784109 -0.02343910 -0.02485930
v -0.02880147 -0.05247462 -0.02548010
v -0.01549459 0.01244826 -0.02641770
v -0.01549459 0.05504154 0.02916310
v -0.01184403 -0.04558054 0.00572630
v 0.02795885 -0.05727974 -0.01407530
v -0.02385555 0.02759066 -0.02549290
v 0.02077549 -0.03940454 -0.02527050
v 0.02442605 -0.00552038 0.02626710
v 0.02925421 -0.04146406 -0.02611690
v -0.02621075 -0.04923494 -0.02355050
v -0.02621075 0.01593242 0.02473750
v 0.02807661 0.00754970 -0.00669130
v 0.02689901 0.01484570 -0.03010250
v 0.00640877 0.05749658 0.01917750
v -0.01890963 -0.04381414 -0.02534250
v -0.00925331 0.05640602 0.02904630
v -0.01525907 -0.05782118 -0.02646890
v 0.01971565 -0.04839654 -0.00170410
v -0.02849051 -0.00051302 0.01972150
v -0.02849051 -0.00369766 0.01877430
v -0.02849051 0.01288474 0.02011990
v -0.01883419 0.01684634 0.02907830
v 0.02579685 -0.00813414 0.02483830
v 0.01979109 0.02285082 -0.02725770
v 0.01861349 0.02294298 -0.02510250
v 0.02826981 0.01269530 -0.01644970
v -0.02719515 0.00827930 -0.01671690
v -0.01871643 -0.05278950 -0.02652970
v -0.01388827 -0.06546022 0.00128950
v 0.02956517 -0.05246566 -0.01636650
v -0.02707739 0.05689626 -0.01035210
v -0.02707739 0.05689626 -0.01035210
v 0.01755365 -0.04162918 0.02347670
v -0.02342683 -0.06483174 -0.00500330
v -0.02342683 -0.06483174 -0.00500330
v 0.01637605 0.04261274 -0.02246250
v 0.01637605 0.02554010 -0.02566250
v 0.01637605 0.02554010 -0.02566250
v -0.02460443 0.05391898 0.02607830
v -0.02460443 -0.06314470 -0.00500490
v -0.02578203 -0.06051046 -0.02590730
v -0.02213147 -0.04040678 0.02755670
v 0.02732773 0.02645274 0.02119510
v -0.01848091 0.05763738 0.01950230
v 0.02014437 0.02045210 -0.02649770
v 0.02497253 0.05197082 -0.01953930
v 0.02744549 -0.04282982 -0.00473130
v 0.02744549 -0.01764326 0.00425590
v 0.02744549 -0.05619302 -0.02419850
v 0.02744549 -0.05619302 -0.02419850
v -0.02801947 0.04309146 0.02156790
v 0.02626789 0.05665178 0.01963670
v 0.02026213 -0.01749350 0.02885430
v -0.02554651 -0.04170854 0.01127990
v 0.01425637 -0.04311782 -0.02625290
v 0.01790693 -0.05852646 0.00160630
v -0.02790171 0.01607066 -0.00407370
v 0.02638565 0.01684762 -0.01657930
v -0.02425115 -0.02830566 -0.02667690
v -0.02660635 0.01782682 -0.02454890
v 0.02650341 0.04518042 -0.02154410
v -0.02413339 -0.06148582 -0.00485610
v -0.01930523 -0.04397286 -0.02702250
v -0.01447707 -0.06513894 -0.00420010
v 0.02049765 0.01685402 -0.02825930
v -0.02048283 -0.04137830 0.02730230
v -0.02048283 -0.04137830 0.02730230
v -0.01565467 -0.04749414 -0.02605770
v -0.01683227 -0.04878694 0.00470390
v 0.02779877 -0.01320422 0.01567670
v 0.02779877 -0.03642342 -0.02421930
v 0.02779877 -0.03642342 -0.02421930
v -0.02766619 0.04582426 0.02249270
v 0.02179301 -0.05217510 -0.02935210
v 0.02061541 -0.04429286 -0.02599370
v 0.02909413 -0.05307878 -0.02794730
v 0.02909413 -0.04233062 -0.02438570
v 0.02909413 -0.04233062 -0.02438570
v -0.02637083 -0.03521894 -0.02582410
v 0.02791653 -0.04679142 -0.00891850
v 0.02791653 -0.00032614 -0.02444650
v 0.02791653 0.01941530 -0.00635050
v 0.02791653 -0.04943590 -0.02478090
v 0.01708261 0.01264922 -0.02475050
v 0.02803429 -0.03295974 -0.00220650
v 0.02803429 -0.02741862 -0.02453610
v 0.02803429 -0.02741862 -0.02453610
v 0.02803429 0.00979610 -0.00701290
v 0.02803429 0.03418906 -0.02105450
v 0.02803429 -0.05198950 -0.01088010
v 0.02685669 -0.04792422 -0.01637450
v -0.02378011 -0.04183910 0.01123030
v 0.01119461 -0.06690022 -0.02287050
v -0.01895195 0.00916762 0.02904790
v -0.02012955 0.02218522 -0.02969450
v -0.02130715 0.02729882 -0.02532650
v 0.02815205 0.00072090 -0.02424490
v 0.02457693 -0.01836006 -0.02604650
v -0.02605987 0.05683354 0.02287830
v 0.02822749 -0.01420390 -0.02380810
v -0.02723747 -0.04076134 0.01166870
v -0.02723747 0.05676314 0.02007990
v -0.01393059 -0.06581094 -0.00000330
v 0.02104413 -0.04904166 -0.02684330
v 0.02587229 -0.06661990 -0.01824810
v -0.02111395 -0.06700774 -0.00724330
v -0.02111395 -0.06700774 -0.00724330
v 0.01868893 0.04969242 0.02941750
v 0.02351709 -0.04130150 -0.02874090
v -0.00180131 -0.06481766 -0.02583050
v -0.02711971 -0.01026406 -0.02476170
v -0.02711971 0.01468442 -0.00920490
v 0.01751133 0.05263386 -0.01979530
v 0.02716765 0.01097242 0.02211030
v 0.02716765 -0.03767398 -0.01629450
v 0.02716765 0.03650458 0.02191030
v -0.02829731 -0.04087526 -0.02155530
v -0.02464675 0.02469530 -0.02902730
v -0.01981859 0.05609882 0.02854390
v -0.02582435 -0.04353766 -0.02045770
v -0.00651171 -0.06627302 0.00290070
v -0.02700195 -0.05885542 -0.00648970
v -0.01734563 -0.06360806 -0.00471050
v 0.02728541 -0.04637414 -0.01784650
v -0.00156579 -0.04124774 0.02853110
v -0.02688419 0.02670362 -0.01251370
v -0.02688419 -0.04919014 -0.00874410
v 0.02622557 0.04333082 0.02422070
v 0.02504797 -0.05490534 -0.00432650
v 0.02869853 0.02157338 -0.01184490
v 0.02752093 -0.05616742 -0.01635850
v -0.02794403 0.00560538 0.00176150
v -0.02794403 0.03997722 -0.00433930
v -0.02794403 0.04613786 -0.00128650
v 0.02634333 0.00991002 -0.02404330
v -0.01946531 0.01687834 -0.02609770
v -0.02664867 -0.04481638 -0.00508490
v -0.02782627 0.02165786 -0.01302570
v -0.02782627 0.02412826 -0.01937130
v 0.02646109 -0.04130534 0.00391350
v -0.00003491 -0.06711270 -0.02262250
v 0.01927773 -0.04156902 0.01937750
v 0.02775645 0.01904666 -0.00077770
v 0.02775645 -0.02557670 -0.02489930
v 0.02775645 0.01506586 -0.01827690
v 0.02775645 -0.01432038 -0.00458730
v 0.02775645 -0.02088294 0.00372950
v 0.02775645 0.02999322 -0.02349450
v -0.02770851 -0.04359526 -0.02310410
v -0.02770851 0.02120090 -0.00726890
v -0.02770851 -0.04953190 -0.01056490
v -0.01922979 -0.04210790 0.00509910
v 0.01574493 0.04871450 0.02973270
v 0.02057309 -0.04309478 -0.02910730
v -0.02641315 -0.04470502 -0.02359530
v 0.02787421 0.02795034 -0.00300330
v 0.02787421 -0.04352230 -0.00641450
v 0.02787421 0.00817946 0.00444630
v -0.01793443 0.05091738 -0.02100650
v 0.02669661 0.01139482 -0.02540490
v 0.02669661 0.00920346 -0.02221610
v 0.02669661 0.01222810 -0.01227050
v -0.01911203 -0.04355686 -0.02608170
v 0.02069085 0.01610522 -0.02863850
v -0.02629539 -0.05013990 -0.01778250
v 0.02799197 0.01326362 0.00351030
v -0.02747299 -0.00855398 -0.01476810
v -0.02747299 0.01798938 -0.01084330
v -0.02747299 -0.04101222 -0.01341450
v 0.02198621 0.05716762 -0.01351850
v 0.00031837 0.05747866 0.02807510
v 0.00031837 0.05734170 -0.01309610
v 0.01963101 -0.05411814 -0.00414250
v 0.01963101 0.05461274 0.02897110
v -0.02134947 0.02460570 -0.02908650
v -0.00203683 0.01578906 -0.02656170
v -0.02735523 -0.05354982 -0.02825290
v -0.02735523 0.02157466 -0.03060970
v 0.02210397 0.01133338 -0.02572490
v 0.02818517 0.00726682 -0.02008010
v -0.02727979 -0.01476582 -0.02269770
v -0.01762347 -0.04730982 0.00427990
v -0.01762347 -0.04730982 0.00427990
v 0.01982421 -0.04526566 -0.02483050
v -0.02598443 -0.04531558 -0.02360330
v -0.02598443 -0.00253542 -0.02619850
v 0.02830293 0.01662874 -0.01323210
v 0.02712533 0.05594394 0.00874230
v 0.02712533 0.02881562 -0.02380650
v 0.00062933 0.05754650 0.02199350
v -0.01986091 0.05734938 0.02728470
v -0.01621035 -0.04724838 0.00540310
v -0.02221611 0.02419098 0.02805590
v -0.01255979 -0.06729702 -0.02224330
v -0.02822187 0.04256154 0.00316950
v -0.01974315 -0.04179558 0.02601750
v -0.01974315 -0.04179558 0.02601750
v -0.01974315 0.02222746 -0.02585450
v 0.02488789 0.00641434 -0.02592010
v 0.01888213 0.02198938 0.02932790
v -0.00643627 0.05594522 0.02926070
v -0.02692651 0.01218970 -0.02700810
v -0.02327595 0.02903706 -0.02572810
v 0.01534933 -0.06627814 0.00091990
v 0.01899989 -0.04339558 0.00555190
v -0.02680875 -0.05110886 -0.03040170
v -0.02198059 -0.05516390 -0.02607050
v 0.02747861 -0.00907750 0.00467670
v -0.02798635 0.02928794 0.00226070
v 0.02630101 -0.04519782 -0.00443690
v -0.02786859 0.03000602 0.00112950
v -0.02304043 -0.06602342 -0.00525290
v 0.02641877 0.03590554 -0.02362890
v 0.01440725 0.05733274 -0.01374730
v -0.02657323 -0.05339494 -0.01138090
v -0.02174507 0.01630618 -0.03054250
v 0.02771413 -0.01655270 -0.00496490
v 0.02771413 0.02052506 -0.00660330
v -0.02775083 0.01905818 -0.03071210
v -0.02527787 0.05732762 -0.01326410
v 0.02783189 0.02373658 -0.01847370
v 0.02783189 0.03208602 -0.00301450
v 0.02783189 -0.03823974 0.01000630
v -0.00832043 0.05756314 -0.00195210
v -0.02398251 -0.04252646 -0.00430250
v 0.01099221 0.05767322 0.02308310
v 0.02547669 -0.06283238 -0.00458410
v -0.02033195 0.01935514 -0.03110250
v 0.02912725 -0.04966630 -0.02572170
v 0.02912725 -0.04966630 -0.02572170
v -0.02150955 0.01872922 0.02837910
v 0.01829333 -0.03881958 -0.02484810
v 0.02794965 -0.00288870 -0.00420810
v -0.02751531 -0.03991910 0.01812630
v -0.02751531 0.02691226 -0.02423530
v 0.02194389 0.02504090 -0.02870410
v 0.01476053 0.05528090 0.02971350
v 0.02924501 -0.05224294 -0.02816970
v -0.02139179 -0.03887718 -0.02503050
v 0.02323925 0.05707802 -0.01154570
v -0.02492459 0.02597914 -0.02744170
v -0.02610219 -0.04489958 -0.01783050
v 0.02095949 -0.04269926 0.00005110
v -0.01519283 -0.06719334 -0.02222730
v -0.02119859 -0.06716390 -0.02054090
v -0.02720435 -0.04324070 -0.02137930
v 0.02708301 0.05579930 -0.01412810
v 0.02708301 0.01172762 -0.01425130
v 0.02708301 -0.04750694 -0.00810090
v -0.02838195 -0.02438502 0.01831350
v -0.02838195 -0.01147110 0.01708950
v 0.01624909 -0.06708198 -0.02213290
v 0.02107725 0.05653402 0.02771030
v -0.01507507 -0.05402086 0.00447670
v 0.01989965 -0.04839270 -0.02456170
v -0.02590899 0.01129626 -0.01385450
v -0.02708659 0.03990298 -0.02313610
v 0.01754445 -0.03123558 0.02953110
v 0.02720077 -0.04983526 -0.01768330
v 0.02720077 -0.04657638 -0.00469450
v -0.01377971 -0.06703334 -0.01739210
v -0.00412339 -0.06703846 -0.01819690
v 0.00918349 0.05587994 -0.01758250
v -0.02096307 0.03288602 0.02861430
v -0.02696883 0.01719322 -0.00953930
v -0.02696883 0.01151258 -0.02545130
v -0.02214067 -0.03778534 -0.02582250
v 0.02731853 -0.04951654 -0.01686890
v 0.02731853 -0.05087846 -0.00933450
v -0.02814643 -0.04614374 -0.01177610
v -0.02814643 0.01821594 0.00212470
v -0.01849011 -0.05362534 -0.02546730
v -0.01483955 0.05761050 0.00643990
v 0.02013517 -0.04028134 0.02852310
v 0.02861389 0.02362394 -0.01588010
v 0.02861389 0.01554586 -0.01524010
v -0.02202291 0.01071642 -0.02540810
v 0.02743629 -0.04867046 -0.02507050
v -0.02802867 0.01926170 -0.02735210
v -0.02320051 -0.06690662 -0.01304650
v 0.00094029 0.05751834 0.02727670
v 0.00094029 0.05751834 0.02727670
v -0.02437811 -0.06497382 -0.02509290
v 0.01907533 0.01553306 -0.02532650
v 0.02755405 -0.05727846 -0.01671690
v 0.02755405 0.00779930 0.01918870
v -0.02791091 0.03705626 0.02220470
v 0.02637645 0.01774746 -0.01652010
v 0.02884941 -0.05032678 -0.03013770
v -0.02661555 0.01165594 0.02416310
v -0.02178739 -0.05220198 -0.02972170
v -0.01213107 0.05742106 0.02451990
v 0.02767181 0.02123546 0.00595510
v 0.02767181 0.03000602 -0.00319370
v -0.02779315 0.01333274 -0.00492010
v -0.02779315 0.01171738 -0.00480810
v -0.02296499 0.02689946 -0.02606250
v -0.01931443 0.02268314 -0.02659210
v 0.01566029 0.02131226 0.02963990
v 0.02048845 -0.04288102 0.00449590
v 0.02531661 0.01745178 0.02532150
v -0.02049203 -0.04193510 0.01593270
v -0.01566387 -0.04260838 -0.02600330
v -0.02649779 -0.04573414 -0.01551690
v -0.02649779 -0.03970150 -0.01333770
v 0.00847693 0.04864922 0.02964470
v 0.01813325 0.02423962 -0.02590090
v 0.01813325 0.02423962 -0.02590090
v 0.02778957 -0.02697190 0.00810550
v -0.02767539 -0.00322022 -0.00273290
v -0.02767539 -0.01524582 -0.00213930
v -0.01919667 0.05506970 0.02895190
v 0.01577805 -0.06706278 -0.00954730
v 0.02060621 -0.06647398 -0.02334410
v 0.02543437 0.01324570 -0.02889290
v 0.02908493 -0.04911334 -0.01114410
v 0.02790733 0.00629274 -0.01017930
v 0.01589581 0.01431706 -0.02581610
v 0.01471821 -0.06530662 0.00226550
v -0.01542835 -0.05849318 -0.00376010
v -0.02626227 -0.01489126 -0.02600970
v -0.02626227 -0.04911334 -0.01642410
v 0.02802509 0.01159834 -0.00058890
v 0.02802509 -0.04903526 -0.02012970
v 0.02802509 -0.05104614 -0.00679370
v -0.02261171 -0.04181990 0.01899350
v -0.01778355 -0.04178790 -0.02515850
v 0.01601357 0.01084186 -0.02582410
v -0.02614451 0.01833882 -0.02292970
v -0.02614451 0.03882906 0.02489750
v 0.02814285 -0.05839846 -0.01740650
v -0.01766579 -0.03983462 0.02914390
v -0.02724667 0.02990106 -0.02395530
v 0.00772805 -0.05195750 0.00476950
v 0.02704069 0.01051802 -0.01754730
v 0.02704069 0.01690778 -0.00916650
v 0.02704069 0.01693850 -0.02377130
v -0.02359611 -0.06583654 -0.02457770
v -0.02712891 -0.04172646 -0.02881450
v 0.01750213 -0.04144742 0.02493750
v 0.02715845 -0.05154918 -0.00906090
v -0.02830651 -0.04916326 -0.02564010
v -0.02465595 0.05268762 -0.02005930
v -0.02465595 -0.06451686 -0.00538250
v 0.01879749 -0.04101990 0.02839510
v 0.02845381 -0.05009126 -0.00989450
v 0.01761989 -0.04158694 0.01670230
v 0.02727621 0.01439898 0.02122870
v -0.02818875 0.05289242 0.00097750
v -0.01370427 -0.06612070 -0.00092010
v -0.02088763 -0.06708966 -0.01921610
v -0.02689339 0.01873050 -0.00859370
v -0.02689339 -0.01840486 -0.02549930
v -0.02324283 -0.06384230 -0.02624810
v -0.01841467 -0.04155494 0.02756950
v 0.02621637 0.01979930 0.02435990
v 0.02621637 -0.02095078 -0.02572490
v -0.02442043 -0.05792742 -0.00481930
v 0.02021061 -0.04377830 -0.02821770
v -0.02677563 -0.04130278 0.00182230
v 0.02751173 -0.06224742 -0.02469770
v -0.02795323 0.04004378 -0.00147530
v 0.02150597 0.05764250 0.02454230
v -0.02430267 -0.04185702 0.00393750
v -0.02065211 0.02346650 -0.02974250
v 0.01432261 -0.05166054 -0.02621130
v 0.01432261 0.00708122 -0.02632650
v 0.02397893 0.01098650 -0.02548650
v 0.02397893 0.01098650 -0.02548650
v 0.02880709 -0.04649958 -0.02609290
v 0.02880709 -0.04649958 -0.02609290
v 0.02880709 0.02446746 -0.02807050
v -0.02665787 0.02671898 -0.01341930
v 0.02762949 -0.06379750 -0.02400810
v 0.02762949 -0.06379750 -0.02400810
v 0.02762949 -0.03275878 -0.02507850
v 0.00713925 -0.06693862 0.00136310
v -0.02536251 -0.01235942 -0.02639530
v 0.01926853 0.00940058 -0.02548970
v 0.02409669 -0.04621670 -0.03121450
v 0.02409669 0.05487642 -0.01747370
v -0.02654011 0.03802010 -0.02383850
v 0.02774725 -0.00270182 -0.02476970
v -0.02771771 -0.00715110 -0.00462090
v -0.02771771 0.00470938 0.02193110
v -0.01806139 -0.05136486 -0.00467530
v -0.01558843 -0.04142950 0.02840150
v 0.01938629 0.01887130 -0.02481930
v -0.02642235 -0.05560806 -0.02511530
v 0.02303685 -0.06722022 -0.01268010
v 0.02786501 -0.02318054 -0.00836650
v 0.02786501 0.04444314 -0.01243530
v -0.02759995 -0.01247462 -0.00256650
v 0.02550981 -0.04122982 0.01904470
v -0.02630459 0.00864410 -0.02227370
v -0.02748219 0.03863706 -0.02304490
v -0.02383163 -0.05743590 -0.02635050
v 0.02079941 -0.05022694 -0.00422410
v 0.02079941 -0.05181286 -0.02898250
v 0.01479365 0.05656346 0.02940630
v -0.02736443 0.03521178 -0.02379210
v -0.02736443 0.03674010 -0.02372010
v 0.01726661 -0.03776102 -0.02598090
v 0.02692293 -0.04145510 -0.00360810
v 0.02692293 0.03445530 0.02289110
v 0.00160453 0.05725850 -0.01101930
v -0.02854203 -0.04101222 -0.02309290
v 0.02817597 0.01091738 -0.02138570
v -0.02728899 0.01174042 -0.01630890
v -0.02728899 0.03224090 -0.02424650
v -0.02846659 0.02906650 0.01954230
v -0.02363843 0.01016730 -0.02552010
v 0.01616445 0.01792026 -0.02605130
v -0.01033155 -0.06720486 -0.02018090
v -0.02599363 0.02163226 -0.01936810
v -0.02116547 0.03787418 0.02857750
v 0.02829373 0.02203034 -0.01047850
v 0.02711613 -0.05569766 -0.02474730
v -0.02834883 0.02974234 0.01501110
v -0.02352067 -0.06632422 -0.02228330
v -0.02587587 -0.01146726 -0.02616170
v 0.02841149 0.01470618 -0.01371370
v 0.02723389 -0.04075238 0.00619030
v -0.02823107 -0.05370854 -0.02581290
v -0.01857475 0.01042074 -0.02447210
v 0.02122813 -0.02229350 0.02846550
v -0.01975235 0.02051866 -0.03051530
v 0.02252349 0.00889498 -0.02586570
v -0.02811331 -0.03808614 0.01864950
v 0.02617405 0.03250842 0.02431350
v -0.01963459 -0.05087718 -0.02916970
v 0.02746941 0.02813594 -0.02112490
v 0.02746941 0.04394778 0.00434230
v -0.02799555 0.01375258 0.00374710
v -0.02799555 0.03094938 -0.00020170
v -0.02799555 0.04263834 -0.00065130
v 0.02028605 -0.04777958 -0.00391210
v -0.02069443 -0.04312422 -0.02943530
v -0.02787779 0.00123418 0.00250550
v -0.02787779 -0.01644518 0.00416630
v -0.01822147 -0.05104358 -0.02509610
v 0.01675325 -0.04386150 -0.02603210
v -0.01939907 0.00955162 -0.02605130
v 0.01557565 0.05748762 0.02479350
v 0.02040381 -0.04235878 0.00498390
v -0.02540483 -0.06430310 -0.02343050
v 0.01922621 -0.05767526 -0.00415850
v 0.01804861 -0.03547494 0.02939670
v 0.00238653 0.05680026 -0.01587050
v -0.02776003 0.05689754 0.01464150
v -0.02776003 0.03869210 -0.00231530
v -0.02776003 -0.04612454 -0.03085450
v -0.01810371 -0.05616230 -0.02476970
v -0.01928131 0.05622554 -0.01721450
v -0.01563075 -0.04148198 0.01857750
v -0.01563075 -0.04148198 0.01857750
v 0.01934397 -0.05547494 -0.02462250
v 0.01934397 0.01591578 -0.02503210
v -0.02163651 -0.04884198 -0.03117450
v 0.02782269 0.03260698 -0.00586250
v -0.02764227 0.01951898 -0.00235370
v -0.02764227 0.01668250 -0.01148010
v 0.02546749 0.05742490 -0.00023050
v 0.00497725 -0.06144742 0.00374870
v -0.02034115 -0.00145254 0.02875670
v 0.02911805 -0.05198694 -0.01975050
v 0.01828413 -0.04407654 -0.02526730
v 0.02311229 -0.05887590 -0.02590890
v 0.02311229 0.05768090 0.01695190
v -0.02269635 0.05584154 0.02737110
v -0.01786819 -0.04222822 0.00564950
v -0.02387395 -0.05629286 -0.02601610
v 0.02075709 0.03532442 0.02872630
v -0.02622915 0.02299162 -0.01909770
v -0.02622915 -0.03646694 -0.02565610
v -0.01657283 0.05754650 0.02277110
v -0.01657283 -0.05418854 -0.02486410
v 0.02805821 -0.05957990 -0.00724010
v 0.02805821 0.02575002 -0.02693930
v 0.02805821 -0.03558502 -0.01967370
v -0.02740675 -0.04060646 -0.02701610
v -0.02740675 0.01394714 -0.01824330
v 0.02688061 0.01627802 -0.02310250
v 0.01121853 0.05751450 0.02775510
v 0.01121853 0.05751450 0.02775510
v -0.02493379 -0.03869670 -0.02549610
v 0.02452541 -0.06701542 -0.01165930
v -0.02611139 0.04250522 -0.02304490
v -0.01885259 -0.03246822 0.02911510
v 0.02577845 0.05632538 -0.01442570
v -0.02603595 -0.05066854 -0.01966570
v -0.01755723 -0.05576038 -0.02465290
v -0.02839115 -0.04142822 -0.02610090
v 0.01871285 -0.05648998 -0.02558410
v -0.02709579 0.02941338 -0.01858890
v -0.02827339 0.01653018 0.01181270
v -0.01861707 -0.04050150 -0.02504010
v -0.01496651 -0.06703718 -0.02338890
v -0.02580043 0.01196826 -0.02712490
v 0.02365877 0.05700762 -0.01317450
v -0.02697803 -0.04141670 -0.01104330
v 0.01282485 -0.06625254 0.00209590
v 0.02730933 -0.06424166 -0.00644970
v -0.02815563 0.01861402 0.00808470
v -0.02815563 0.02273178 0.00312790
v -0.01849931 0.00988826 -0.02554890
v -0.01967691 0.02016794 -0.02653290
v 0.02012597 -0.05394534 -0.02481770
v -0.02203211 -0.06696038 -0.01769930
v -0.00754763 0.05752218 -0.01035690
v 0.02742709 -0.05241190 -0.02957610
v -0.02803787 -0.04232038 -0.01360490
v -0.01838155 -0.00463078 -0.02669290
v -0.01838155 -0.01128550 0.02909430
v 0.02624949 0.02486938 0.02429430
v 0.01058741 -0.04128102 0.02891510
v -0.02674251 -0.04931942 -0.00542250
v 0.02271669 0.05755930 0.01989110
v -0.02792011 -0.04723686 -0.01208170
v -0.02792011 -0.04173798 -0.02810250
v 0.02036149 0.01819034 -0.03013770
v -0.02544715 -0.04799590 -0.01612810
v -0.02061899 -0.01251174 0.02867350
v 0.02884021 0.01258650 -0.02384970
v 0.02884021 -0.04361958 -0.02969290
v 0.02766261 0.02403354 -0.00097930
v 0.02766261 0.04730906 0.00105270
v -0.02780235 -0.03656550 0.00412630
v 0.02648501 0.02091162 -0.01699370
v -0.02415179 -0.06668902 -0.00720490
v -0.02415179 -0.06668902 -0.00720490
v 0.01930165 -0.04025062 0.02876630
v 0.00846773 0.05720090 -0.01292810
v 0.02778037 -0.01867366 0.01644470
v 0.02778037 0.01305242 0.00462550
v -0.02768459 0.00411546 -0.00497450
v -0.02768459 0.01683994 -0.00649770
v -0.00837195 0.05741594 -0.00932970
v -0.01920587 -0.02718694 0.02906710
v 0.02542517 -0.01396198 -0.02590410
v -0.02521163 0.01949466 -0.01540810
v -0.02038347 -0.04189926 0.00523830
v 0.02789813 -0.02981222 -0.00852810
v -0.02756683 0.01948314 -0.01084170
v -0.02756683 0.01557402 -0.01394250
v -0.02756683 -0.00904294 -0.00350090
v 0.02071477 0.02819738 -0.02450090
v 0.01835957 -0.01723878 0.02941910
v -0.02744907 0.01314202 -0.00918730
v 0.02683829 0.05337114 -0.01779370
v 0.02683829 0.05125530 -0.01933610
v 0.01600437 -0.06629734 0.00006870
v -0.00083531 -0.06702310 -0.01961450
v -0.02615371 0.05743898 -0.00123050
v -0.02615371 0.05743898 -0.00123050
v -0.02615371 -0.04611430 -0.01636650
v -0.01649739 -0.04180838 0.02657270
v 0.01847733 0.04802970 0.02944630
v 0.01729973 0.05700762 -0.01117930
v 0.01372461 -0.04146022 0.02460470
v 0.02820909 0.02245914 -0.03040810
v -0.02725587 0.00047898 0.02320310
v 0.02703149 -0.04526182 -0.02380650
v -0.01394899 0.02937498 -0.02586410
v -0.00912083 0.05759002 0.01062390
v -0.02478291 0.01138586 -0.02616810
v 0.02950445 -0.04984038 -0.02778410
v 0.00300845 0.05725594 -0.01403530
v -0.02713811 -0.03884518 -0.01637450
v 0.02714925 -0.03555174 0.02234870
v 0.02714925 -0.05043814 -0.02118730
v 0.01996589 -0.04130150 0.02755830
v -0.02702035 -0.05205862 -0.01039850
v -0.00770771 -0.04037606 0.02943510
v -0.00523475 0.05748634 0.00689110
v 0.01890605 0.05083162 0.02931190
v 0.01890605 -0.04099302 -0.02577290
v 0.02856237 0.02075802 -0.03034090
v 0.02856237 0.02468122 -0.01671050
v 0.01772845 0.02092186 -0.02485770
v 0.02738477 -0.05103590 -0.03049290
v -0.02808019 0.01822106 -0.02570570
v 0.01902381 -0.04901734 -0.02476650
v 0.02385197 -0.04151014 0.00408790
v 0.02868013 -0.03948518 -0.02110730
v -0.01712851 -0.04254566 0.00573270
v 0.02750253 -0.04172518 -0.00437610
v -0.02796243 0.05587994 0.01887510
v 0.01184045 -0.06722278 -0.01951210
v -0.01830611 -0.04247654 -0.02564490
v 0.01666861 -0.06612582 -0.00284970
v -0.01347795 0.05597850 -0.01771690
v -0.01465555 -0.06324838 -0.00405290
v 0.00465709 -0.04317926 -0.02637770
v 0.02762029 -0.02206310 0.01440950
v -0.02784467 0.02275354 -0.01393930
v -0.02784467 -0.01685862 0.02187190
v 0.02644269 -0.02495462 0.02407830
v -0.00370387 0.05740442 -0.01271050
v -0.02537171 0.02817818 -0.02508170
v 0.02891565 -0.04007014 -0.01814090
v 0.02891565 -0.04809062 -0.03068650
v -0.02654931 -0.04883686 -0.00501930
v 0.02773805 0.03789850 0.00355190
v -0.02772691 0.05650330 0.00007990
v -0.02772691 -0.00716646 -0.00256650
v -0.01807059 -0.04186854 0.00681750
v -0.01807059 -0.04600678 -0.00417130
v 0.01819949 -0.04222566 0.00582710
v 0.02785581 0.02503322 -0.00304650
v 0.02785581 0.01469210 -0.02968810
v -0.02760915 0.01224346 -0.01826250
v -0.02760915 0.03031194 -0.01769930
v 0.02667821 -0.03864422 -0.01475850
v -0.02395859 -0.03646054 0.02659030
v -0.01430227 -0.06660198 -0.00487050
v 0.02067245 0.01882906 -0.03098090
v 0.02067245 0.01882906 -0.03098090
v 0.01949485 -0.05483622 -0.02445610
v -0.02631379 0.02867738 -0.02397290
v 0.02797357 -0.03204966 0.01091030
v -0.01783507 0.01078170 -0.02453930
v 0.02196781 -0.03740774 -0.02580330
v -0.02384083 -0.05279078 -0.00469930
v -0.01901267 0.04270618 0.02910230
v -0.01418451 -0.06693606 -0.00784010
v -0.01418451 -0.06693606 -0.00784010
v -0.01536211 -0.04226790 0.00606710
v -0.01536211 -0.04226790 0.00606710
v 0.01961261 -0.04827366 0.00362710
v -0.02619603 -0.04452582 -0.02070410
v -0.02619603 0.01641626 -0.01667050
v -0.02619603 0.04664474 -0.02197610
v 0.02809133 0.01850266 -0.03087050
v -0.02254547 -0.05881446 -0.02654250
v -0.01771731 -0.04323558 -0.02563210
v -0.00806099 0.05741978 0.02803830
v -0.00806099 0.05741978 0.02803830
v 0.02691373 -0.00930022 0.02311030
v 0.02691373 -0.03901030 -0.01385450
v 0.01490221 0.05067162 -0.02067850
v 0.02698917 0.05416090 0.02149270
v -0.02364763 -0.04188006 0.01780790
v 0.02581157 0.05725466 -0.00709610
v 0.01497765 -0.06368614 0.00297430
v -0.02600283 -0.05725670 -0.02008330
v -0.02600283 0.01664922 -0.01735050
v 0.02710693 0.02104218 -0.01945290
v 0.02710693 -0.04871654 -0.01659690
v 0.01992357 0.01679898 -0.02509610
v 0.01874597 0.01928090 -0.02489770
v 0.00308389 -0.06706790 -0.01927530
v -0.02706267 -0.04887014 -0.01528010
v 0.02722469 -0.04405478 -0.00471850
v 0.02969765 -0.05019750 -0.01484490
v -0.02093915 -0.05168358 -0.03002410
v 0.02852005 0.02124186 -0.01439690
v 0.02734245 0.01862682 -0.02130250
v 0.02734245 -0.04501478 -0.02411210
v -0.02812251 0.02386074 0.00619030
v 0.02616485 0.03291034 -0.02434410
v -0.01964379 -0.06702182 -0.01220810
v -0.01481563 -0.04638438 -0.02635210
v -0.02564955 0.01995162 -0.02430410
v 0.00932517 -0.04064230 0.02946710
v 0.02746021 0.04408218 0.01753750
v -0.02800475 -0.00165990 0.00831830
v -0.02800475 0.01999770 -0.01354410
v -0.02800475 0.01968666 0.00626070
v -0.02800475 0.01969050 -0.02520170
v -0.01587547 0.01042330 -0.02635210
v 0.02875557 -0.05480678 -0.01561770
v 0.02757797 0.04888858 0.00265590
v 0.02757797 0.04195226 0.00557430
v 0.02757797 -0.00649702 0.01755990
v -0.02788699 0.02396058 -0.00436490
v -0.02058587 -0.04676838 -0.03089450
v 0.01438885 -0.04674022 -0.02621930
v -0.00610139 0.05754778 0.02032310
v -0.02659163 0.05156250 0.02395350
v 0.02769573 -0.00443750 0.01481590
v 0.02769573 0.00363674 0.00098230
v 0.02769573 -0.01697382 0.00656630
v 0.02769573 -0.00708326 0.01105590
v 0.02651813 -0.03767782 -0.02494730
v -0.02529627 -0.03820646 -0.02519210
v 0.01933477 -0.05108838 -0.02544490
v 0.02899109 -0.04236134 -0.01657290
v -0.02647387 0.05749658 0.01055990
v -0.02647387 0.05749658 0.01055990
v -0.02647387 0.02292378 -0.03002410
v -0.02647387 -0.00019942 0.02437110
v -0.01681755 -0.04535654 0.00559190
v -0.01681755 -0.04535654 0.00559190
v -0.02765147 0.02087450 -0.02457130
v -0.02282331 0.05703450 -0.01514890
v 0.02180773 -0.04244070 -0.00380330
v 0.02663589 -0.04508134 -0.03121290
v -0.02400091 -0.03611622 -0.02661610
v 0.02063013 -0.04458726 -0.03018410
v 0.01945253 0.02478618 -0.02656810
v 0.00379045 -0.06700774 -0.00446730
v 0.00379045 -0.06700774 -0.00446730
v 0.02793125 0.00242074 -0.02447850
v -0.02753371 0.00586266 -0.01216650
v -0.02741595 -0.03878246 -0.00955690
v -0.02258779 0.05739418 0.02560790
v -0.02258779 0.05739418 0.02560790
v -0.01775963 0.01323674 -0.02616970
v -0.02011483 0.02138906 -0.03040010
v -0.02011483 -0.00616166 0.02879830
v -0.01646427 -0.03962086 -0.02478890
v 0.02816677 -0.05857894 -0.02471850
v 0.02816677 -0.05857894 -0.02471850
v -0.02729819 0.01085594 -0.02128010
v -0.02604515 -0.04723942 -0.02465450
v -0.02722275 -0.04068198 0.00960470
v 0.02706461 -0.04409062 -0.02078410
v 0.00174621 0.05745690 -0.00352970
v -0.02840035 0.01676826 -0.02740970
v -0.02710499 0.05476506 -0.01662410
v -0.02227683 -0.04185318 0.00537270
v -0.02828259 0.05441306 0.00787670
v -0.01379811 -0.03720550 -0.02657130
v 0.02600477 0.01610394 -0.01830890
v 0.01999901 -0.04331750 -0.02660010
v -0.00649699 0.05719706 -0.01389130
v 0.02847773 0.02036890 -0.01215370
v 0.02247197 0.01616794 -0.03029610
v 0.02247197 0.01616794 -0.03029610
v -0.02333667 0.01495578 -0.03014250
v 0.02612253 0.01905818 -0.01535850
v 0.00080413 0.05734682 -0.01061290
v -0.02451427 0.05754778 0.00223830
v -0.02569187 -0.04767462 -0.01663370
v -0.02569187 -0.04478310 -0.00467690
v 0.01893917 0.02538266 -0.02570730
v 0.02741789 0.00165274 0.01937430
v -0.02804707 0.03282074 0.00143190
v -0.01839075 -0.04166118 0.02468790
v -0.01839075 -0.04166118 0.02468790
v 0.02141213 -0.05431782 -0.02578250
v 0.02624029 0.01570202 -0.01826250
v -0.01474019 -0.05508070 -0.02629770
v 0.02023453 -0.05186150 -0.02624970
v 0.02506269 0.05171482 0.02558870
v 0.02871325 -0.04172646 -0.02015370
v -0.02675171 0.02932122 -0.02058730
v -0.02792931 0.02153882 -0.01453770
v -0.01462243 -0.06294374 0.00070710
v -0.02545635 0.01027994 -0.02483210
v 0.02883101 0.02007834 -0.02596970
v -0.01214947 -0.06060390 0.00396150
v 0.02765341 -0.00710118 0.00122230
v 0.02894877 0.02506010 -0.02349290
v 0.02777117 0.00888602 0.00490550
v 0.02777117 0.03294234 -0.00402570
v -0.00237539 -0.06572134 0.00322390
v -0.02769379 0.01863322 -0.00337130
v 0.01693725 0.01322394 -0.02520010
v 0.02788893 -0.04933350 -0.00587210
v 0.02788893 -0.01743974 -0.00614570
v -0.01309155 -0.06303206 -0.02642570
v 0.02070557 0.05709594 -0.01253770
v 0.02553373 0.05732762 0.00182070
v 0.02553373 -0.04131942 0.00805750
v 0.02435613 -0.04038118 0.02568470
v -0.02628067 0.01781530 -0.02407210
v 0.02800669 -0.01887974 -0.02467690
v 0.02800669 -0.01887974 -0.02467690
v -0.02745827 -0.03886054 -0.02189450
v 0.02682909 0.00882842 -0.02012810
v -0.02015715 0.02319002 0.02885910
v 0.00398365 0.05516058 0.02954550
v 0.01729053 0.01373850 -0.02522090
v 0.02694685 -0.02648678 0.02299670
v 0.01611293 0.05598106 -0.01702730
v -0.02608747 -0.04868710 -0.01750890
v 0.02702229 -0.04743654 -0.00466090
v 0.02702229 -0.04957926 -0.00836650
v 0.02101653 -0.05542246 -0.02451210
v 0.01983893 0.01604890 -0.02688650
v 0.02466709 -0.04966246 -0.03094890
v 0.02949525 -0.04902246 -0.02997290
v 0.01866133 0.02617882 -0.02437130
v 0.02831765 -0.04548838 -0.00976970
v -0.02714731 -0.04649318 -0.02101450
v -0.02714731 -0.03982950 -0.01480490
v -0.00300651 0.05717146 0.02866870
v -0.02832491 0.00327706 0.01750550
v -0.02832491 0.00572186 0.01406710
v 0.01147797 0.05750042 0.02787190
v 0.01147797 0.05750042 0.02787190
v -0.01984619 0.01882394 -0.03093770
v 0.02478485 0.03013274 0.02583510
v 0.02478485 -0.03935078 -0.02620330
v -0.02702955 -0.04809446 -0.02067850
v 0.00794517 0.05755034 0.02255830
v 0.02725781 0.05618842 -0.00079850
v -0.02455659 0.01960730 -0.03122730
v -0.01725547 -0.04074086 0.02902230
v 0.02254741 -0.01341414 0.02768470
v -0.01961067 0.01777050 -0.02808970
v 0.01901461 -0.03920486 -0.02470090
v -0.02797163 -0.04281190 -0.01736330
v -0.02797163 0.03734298 -0.00403210
v -0.02797163 0.02176538 -0.02431530
v 0.01913237 0.01406234 -0.02538090
v 0.01913237 0.00316186 0.02921590
v 0.02761109 0.05095962 -0.00003690
v -0.01336939 0.05753498 0.01867990
v 0.02643349 0.01855898 -0.03136970
v 0.02042773 -0.05205734 -0.02786410
v -0.01572459 0.02816922 -0.02595050
v 0.02772885 0.04887578 -0.00780490
v 0.02772885 0.03447450 0.00897270
v 0.02772885 -0.01345510 0.00282070
v -0.02773611 0.01385882 -0.00243050
v -0.02773611 0.01803034 -0.02529930
v -0.02773611 -0.03205862 -0.00814890
v -0.02773611 -0.03885030 0.00322550
v -0.02773611 -0.02999526 0.02185590
v 0.02655125 -0.04872166 -0.00457450
v 0.01453973 -0.04179430 0.00634390
v 0.01453973 -0.04240230 0.00595990
v 0.02419605 0.01002906 -0.02515530
v 0.02419605 0.01002906 -0.02515530
v -0.02644075 -0.06238438 -0.00604810
v -0.02761835 0.05107866 -0.01725130
v 0.02184085 -0.00053606 0.02807350
v 0.02184085 0.00720282 0.02807350
v 0.02549141 -0.03766630 0.02520630
v 0.01948565 -0.02877414 0.02914230
v 0.02914197 -0.05114342 -0.01727850
v 0.01347989 0.05745690 -0.00350890
v 0.02078101 -0.05590886 -0.02456170
v 0.02443157 -0.03860326 -0.02538570
v -0.02137707 0.05734042 -0.01466890
v 0.01842581 0.01569434 -0.02516330
v 0.01842581 0.02964506 -0.02513450
v 0.02808213 -0.03720550 -0.00177290
v 0.02690453 -0.06622310 -0.00909130
v 0.02690453 -0.06622310 -0.00909130
v -0.01890411 0.01629722 -0.02567690
v 0.02089877 -0.04855270 -0.02776330
v 0.02572693 0.01091738 -0.02515850
v -0.02848499 0.01721242 0.01683830
v -0.02483443 -0.01736294 0.02599190
v 0.01496845 -0.05966822 0.00377270
v -0.01635571 -0.05445606 -0.00081770
v -0.02718963 -0.03882598 -0.01175210
v 0.01025805 -0.04158438 0.01563670
v 0.01991437 0.05767194 0.02080950
v 0.02356493 0.04560538 0.02692630
v -0.02707187 -0.04255206 -0.01002730
v -0.02707187 -0.03069286 -0.02501610
v 0.01755917 -0.00596966 0.02952470
v 0.02721549 -0.04777958 -0.01547050
v -0.02824947 0.04147098 0.00654870
v -0.02342131 -0.05525990 -0.02623370
v 0.02603789 0.04899354 0.02452150
v 0.02603789 0.02157466 0.02447510
v 0.00919821 -0.06712806 -0.02232330
v -0.02094835 0.05678234 0.02810550
v -0.02094835 0.05678234 0.02810550
v 0.01885453 -0.04773222 0.00478390
v 0.01767693 -0.06445670 -0.00406090
v 0.02733325 0.02137626 -0.01550250
v 0.02733325 0.02842138 -0.01565930
v -0.00281331 0.02684570 -0.02621770
v -0.02813171 0.04271770 0.00772150
v -0.02813171 -0.05120742 -0.02942890
v -0.02813171 -0.03628006 0.02021270
v 0.01897229 0.05760154 0.01097910
v -0.01718003 0.05726618 -0.01298890
v 0.02745101 -0.04892774 -0.01607050
v 0.02745101 -0.05425126 -0.01155850
v -0.02801395 -0.04427750 -0.02970730
v -0.02801395 0.02580122 -0.02341130
v -0.02318579 0.05212442 0.02742710
v -0.01835763 0.02869402 -0.02567210
v 0.02144525 0.05401370 0.02820470
v 0.01909005 0.04543898 0.02933910
v 0.02874637 -0.04305510 -0.02432170
v 0.02874637 -0.04305510 -0.02432170
v -0.02671859 0.00937498 -0.01581930
v -0.02671859 -0.05648486 -0.00576970
v -0.02671859 -0.04154214 -0.00081610
v 0.02756877 -0.05107942 -0.01977770
v 0.02756877 -0.03576678 0.00132470
v -0.02789619 0.04364058 -0.00618570
v 0.01673485 0.05714202 -0.01347210
v -0.01576691 -0.05643110 0.00301110
v -0.01576691 -0.04146534 0.01989110
v -0.01576691 -0.04146534 0.01989110
v 0.01920781 -0.05056102 0.00283510
v -0.02660083 -0.04051046 -0.02733610
v 0.02768653 0.01071130 -0.01116010
v -0.02777843 -0.01223014 0.00259350
v -0.02777843 0.02721306 -0.01005450
v -0.02777843 0.04866074 -0.00852650
v 0.01685261 0.02429978 -0.02575210
v 0.02650893 0.05537690 -0.01570250
v -0.02412787 0.04834458 0.02679830
v 0.02415373 -0.03107942 -0.02606570
v 0.00366349 0.05764634 0.01819350
v -0.02648307 -0.05378278 -0.02826730
v -0.02648307 -0.03689702 -0.02147690
v 0.02780429 -0.04521190 -0.02062890
v 0.02662669 0.03026074 0.02353750
v 0.02544909 -0.01298790 0.02534710
v -0.02153715 0.00524058 0.02831510
v 0.02792205 0.01409050 -0.02892650
v 0.02792205 -0.03890150 -0.00103370
v 0.02792205 -0.02908390 0.01141270
v 0.01708813 0.01071386 -0.02462570
v 0.02674445 0.01946906 -0.00796170
v -0.02389235 -0.06525286 -0.00519530
v -0.02389235 -0.06525286 -0.00519530
v 0.01956109 0.02063514 -0.02492810
v -0.02742515 0.04371610 -0.02220010
v -0.00811251 -0.06710630 -0.01735050
v 0.02686221 0.05695898 -0.00236010
v -0.01894643 0.02299418 -0.02642090
v 0.02085645 -0.04289638 -0.02937450
v -0.02730739 0.00557850 -0.02467210
v -0.02723195 -0.03651174 -0.01649610
v -0.02723195 0.04880538 -0.02072330
v 0.02222725 -0.04193254 -0.00342410
v 0.02705541 -0.04108134 -0.00036010
v 0.02705541 0.02791194 -0.02419210
v 0.02705541 0.01411994 -0.01040330
v 0.02705541 0.00356890 0.02251990
v -0.02840955 0.04181402 0.01935350
v -0.02593659 -0.06569574 -0.00955690
v 0.02717317 0.03703706 -0.02308650
v 0.02116741 -0.04744806 -0.03124810
v 0.02599557 0.05418778 0.02446550
v -0.02464123 0.00981914 -0.02551690
v -0.02581883 0.05553306 -0.01725930
v -0.02099067 -0.03986022 0.02829910
v -0.02817403 -0.05042406 -0.02949450
v -0.02817403 0.01322266 -0.02458890
v 0.02375813 -0.04154854 0.00043510
v 0.02258053 0.02791066 -0.02474730
v -0.02805627 0.00896026 0.00188630
v -0.02805627 0.01861786 -0.00019050
v -0.02805627 -0.05288166 -0.01568970
v -0.02805627 0.02708250 -0.00031690
v -0.02805627 0.02464538 -0.01724810
v 0.02140293 0.02610970 -0.02698890
v -0.01957755 -0.05069030 -0.02596010
v -0.02558331 0.03006362 -0.02553770
v -0.01109883 -0.04170086 0.02320470
v 0.02752645 0.05411866 0.00593430
v 0.02752645 0.01222810 -0.02711050
v -0.02793851 -0.01087590 0.00489910
v -0.01828219 0.00934298 -0.02620490
v -0.00980347 -0.04059750 0.02923830
v 0.02517125 -0.03885286 -0.02557290
v -0.00497531 0.05754266 0.02722550
v -0.00497531 0.05712538 -0.01467850
v -0.02546555 0.01936922 -0.02396170
v -0.01580923 -0.05345382 0.00416470
v 0.02764421 -0.06470886 -0.00803370
v 0.02764421 0.00071322 0.01428630
v -0.02782075 -0.01763942 0.00688790
v -0.02051963 0.02680346 -0.02501290
v 0.02411141 -0.06627942 -0.02321450
v 0.02776197 -0.03593830 0.01526550
v 0.02776197 -0.03516390 0.01908790
v -0.02770299 -0.04429286 -0.03005770
v -0.01439611 -0.05680230 0.00414550
v 0.02905733 -0.05382630 -0.02628810
v 0.02905733 -0.04333286 -0.02910570
v 0.02787973 -0.03601382 -0.02128330
v 0.02787973 0.01074842 0.00582390
v -0.02758523 -0.05137126 -0.03000010
v -0.02758523 0.05707162 0.01099190
v -0.02758523 0.02272154 -0.02970730
v 0.02670213 -0.05539686 -0.01393770
v -0.02393467 0.02808474 -0.02546090
v 0.02069637 -0.04808038 -0.03014570
v 0.02552453 -0.04656486 -0.00431850
v 0.02552453 -0.02632550 0.02536790
v -0.02511227 0.02268570 0.02588150
v -0.02146171 -0.05737318 -0.02628170
v -0.02746747 0.05671578 -0.00481450
v -0.02746747 -0.02958182 -0.01710410
v -0.02263931 -0.01827430 0.02764790
v 0.00032389 -0.06692454 -0.02340970
v 0.02811525 0.01466394 -0.01108970
v 0.00279685 -0.06273382 -0.02626090
v -0.02734971 0.05609498 0.02105110
v -0.02734971 0.01619482 -0.01551850
v 0.02693765 -0.04789350 -0.02382890
v 0.02819069 -0.00879462 -0.02381290
v 0.02819069 0.01392410 -0.01582730
v 0.02701309 -0.04620902 -0.02390410
v -0.02480131 0.05768346 0.00810230
v 0.02830845 -0.04741734 -0.02123850
v -0.02715651 -0.00035302 -0.02498410
v -0.02833411 -0.04533478 -0.02531050
v -0.02833411 -0.04310630 -0.02518090
v 0.02595325 -0.03030758 0.02485110
v 0.02477565 -0.05729638 -0.02566570
v 0.02477565 -0.06060518 -0.02577930
v -0.02586115 0.02074266 -0.02239850
v 0.01876989 -0.05300326 0.00282870
v -0.02703875 -0.04116966 0.00674070
v -0.01738243 -0.05381094 -0.02486570
v 0.02724861 -0.03975270 0.01891990
v 0.02724861 0.05329690 0.01830390
v -0.02821635 -0.04036198 -0.01726730
v -0.01856003 -0.05688422 -0.02591530
v 0.02124285 -0.04240870 -0.00328010
v 0.02006525 -0.04738790 -0.00367530
v -0.02692099 -0.00286438 -0.02549450
v 0.02736637 -0.05887718 -0.00540490
v -0.02327043 0.05403290 -0.01936330
v -0.02327043 -0.04121958 0.02577910
v 0.02866173 0.02223770 -0.02558410
v -0.02680323 0.00026266 -0.02558570
v -0.01714691 -0.04231270 -0.02526730
v -0.02798083 0.01587098 0.00371670
v -0.02798083 0.02390938 -0.01422890
v -0.02798083 -0.05474918 -0.02329770
v -0.02798083 0.04665626 -0.00436170
v -0.01832451 -0.05155302 -0.02545610
v -0.01832451 -0.04838758 -0.00450410
v 0.00346109 0.05751834 0.02764150
v 0.00346109 0.05751834 0.02764150
v -0.02668547 0.01572762 -0.00948330
v 0.01794557 0.02549658 -0.02513290
v -0.02786307 0.01747226 -0.03023210
v 0.00711165 -0.02583014 -0.02644810
v 0.01676797 0.01183386 -0.02483210
v 0.02642429 -0.06441190 -0.02432970
v -0.00372227 0.05751450 0.00385910
v -0.02421251 -0.06560742 -0.02411530
v -0.01938435 -0.03932390 -0.02468330
v -0.01455619 0.00992666 -0.02654730
v -0.02656771 0.03073306 -0.02509290
v 0.02771965 0.04063514 -0.00418890
v 0.02771965 0.03928602 -0.00110090
v -0.02774531 -0.00085094 -0.00070090
v 0.02654205 0.00821018 0.02375350
v -0.02527235 0.03176346 0.02572310
v -0.02644995 -0.06448614 -0.01288170
v -0.02162179 0.02299546 -0.03022090
v 0.02783741 0.02958106 -0.00627850
v 0.02783741 0.02701978 -0.00272010
v 0.02783741 0.02070298 -0.00211530
v 0.02665981 0.02135194 -0.01658890
v -0.02633219 -0.05668710 -0.01881130
v -0.02150403 0.01136410 -0.02560970
v 0.02795517 -0.03714662 -0.00948970
v 0.02795517 -0.03965926 -0.00630410
v 0.02559997 -0.03436518 0.02520950
v -0.02503683 0.02292506 -0.03003370
v 0.02925053 -0.05166822 -0.02896810
v -0.01655811 -0.05303398 0.00164310
v 0.01841661 -0.04179942 -0.02598570
v -0.02739203 -0.00599142 0.02281910
v 0.02088957 0.02694426 -0.02489770
v 0.02088957 -0.04681318 -0.02715370
v 0.01971197 0.01759898 -0.02489290
v 0.02697077 -0.03179878 0.02295190
v -0.01883787 -0.04314726 0.00339670
v 0.02096501 -0.04567654 -0.03097770
v -0.02001547 -0.04800742 -0.00467210
v 0.02944373 -0.05297766 -0.02684010
v -0.02602123 0.01951258 0.02492630
v 0.02826613 -0.05205094 -0.02971210
v -0.02837643 -0.04834278 -0.02572170
v -0.02837643 -0.01631462 0.01938870
v -0.02354827 0.04911002 -0.02152970
v -0.02590347 0.02079514 -0.01608650
v 0.02720629 0.01744538 0.02210070
v -0.02825867 -0.05439334 -0.02114730
v -0.01977995 -0.06688230 -0.01869130
v -0.02095755 -0.00860006 0.02853590
v -0.01612939 -0.04095206 0.02906870
v -0.02696331 -0.04321254 -0.02062890
v 0.02732405 0.02564506 -0.01312650
v -0.02814091 0.04140954 0.02100470
v 0.02614645 -0.05890150 -0.02564010
v 0.00082805 -0.06659430 0.00265590
v -0.01966219 -0.03986790 0.02879990
v 0.02014069 -0.04389606 -0.02524970
v 0.02014069 -0.04613734 -0.02486090
v -0.02083979 -0.02938470 0.02865110
v 0.02379125 -0.02118758 -0.02610570
v 0.02379125 0.02954778 -0.02495370
v 0.02861941 0.01995162 -0.02994570
v -0.02684555 -0.03821286 -0.01757610
v 0.02744181 -0.05500518 -0.01309930
v -0.02802315 -0.05115878 -0.01604170
v 0.02143605 -0.02947686 0.02834070
v 0.01425269 -0.06653414 -0.02362890
v 0.02873717 -0.05181542 -0.02961770
v -0.02790539 0.02659610 -0.02275050
v -0.02790539 0.01603226 -0.00110410
v -0.00859275 -0.04117478 0.02881430
v 0.01437045 -0.04135014 0.02872150
v 0.02885493 -0.04771814 -0.01096490
v -0.02661003 0.02840346 -0.02218090
v 0.02767733 0.03101210 -0.00490570
v -0.02778763 0.01860378 -0.00503210
v -0.02778763 0.00740506 -0.00494410
v -0.02778763 -0.00148454 0.00560950
v -0.02778763 0.02336794 -0.02189130
v 0.02167157 -0.03582694 0.02811190
v 0.02649973 0.04671770 0.02384630
v 0.02779509 0.03045402 -0.00087850
v 0.02779509 0.02520602 0.00429590
v 0.00247669 0.05752090 0.01194870
v 0.02661749 0.00913306 -0.01911850
v -0.01071243 0.05754778 0.00659990
v -0.00588427 0.05735066 -0.01090090
v 0.02791285 -0.03920870 0.00298870
v 0.02791285 0.01421466 0.00462870
v -0.01907339 0.01759258 -0.02550890
v -0.02025099 -0.06391014 -0.00472810
v 0.01955189 -0.04151398 0.01475350
v -0.02142859 -0.06703462 -0.02275530
v 0.01719669 -0.05103846 0.00456310
v -0.00812171 -0.04164326 0.02600470
v 0.01001333 0.05761434 0.01027830
v -0.02013323 0.03411354 0.02887350
v -0.01530507 0.05762842 0.01892310
v -0.01648267 0.05755418 0.02556310
v -0.02248843 -0.06518886 -0.02572490
v -0.02606355 -0.04912614 -0.01695850
v -0.02606355 0.01060378 -0.01416650
v -0.02724115 0.05715482 0.01698070
v -0.01275667 0.05737626 -0.01396490
v 0.02704621 0.01827610 -0.01730090
v -0.01876243 0.03258010 0.02910070
v 0.01621229 -0.06693862 -0.00529130
v 0.01621229 -0.06693862 -0.00529130
v -0.02476819 0.02731162 -0.02547530
v 0.01503469 0.05754778 0.02031990
v -0.02594579 -0.03761254 -0.02393770
v 0.02834157 0.02715418 -0.01829450
v -0.02830099 -0.02734310 0.01498710
v 0.01150189 -0.04173798 0.00661590
v 0.01150189 -0.06713190 -0.02161770
v 0.02598637 0.01994650 -0.01562250
v -0.01982227 -0.04251622 -0.00383850
v 0.01998061 0.02164250 -0.02776490
v 0.01998061 0.02164250 -0.02776490
v 0.02245357 -0.04381030 -0.03068170
v -0.00522003 0.05749914 0.01368790
v -0.02688787 0.02779930 -0.01416010
v 0.02739949 -0.02094438 0.02054550
v 0.02739949 -0.04896742 -0.02223210
v -0.02806547 0.00890906 0.00811190
v -0.02806547 -0.04200550 -0.02125290
v 0.02139373 0.00991642 -0.02459210
v -0.02794771 -0.04290790 -0.02234250
v 0.02151149 0.00260250 0.02827350
v -0.01946899 0.01423002 0.02902230
v 0.00949997 0.05760282 0.02186390
v 0.02398445 -0.04141414 0.01139030
v 0.02398445 0.05745562 -0.00072490
v 0.02763501 -0.04428774 -0.00520490
v 0.02763501 0.03212826 0.01706550
v 0.02763501 0.01169178 -0.02532170
v 0.02763501 -0.00322406 0.01311190
v 0.02763501 0.01650970 0.01059190
v -0.02782995 -0.00680934 0.00403670
v 0.02645741 0.02150682 -0.03112650
v 0.00596717 -0.06659174 0.00247830
v -0.01935123 0.02391962 -0.02693450
v 0.02527981 0.03720602 -0.02355530
v 0.02893037 -0.04888806 -0.03076810
v 0.02893037 -0.04685158 -0.02639530
v -0.02653459 0.00980378 -0.01686090
v -0.02653459 -0.04279526 -0.02980010
v 0.02775277 -0.04529766 -0.00701450
v -0.02771219 -0.03876198 -0.02090730
v 0.02657517 0.01604506 -0.02020810
v 0.02657517 0.02094874 -0.02209930
v -0.02406163 -0.06642022 -0.01693450
v 0.02056941 0.05743770 -0.00264490
v 0.01939181 -0.05344486 -0.02485130
v 0.02904813 -0.04287974 -0.01443370
v -0.02641683 -0.04984294 -0.02067530
v 0.02787053 -0.03717862 -0.00449290
v -0.01793811 -0.04585062 -0.00311370
v 0.02669293 -0.05234918 -0.00467690
v 0.02551533 0.04733082 0.02512630
v -0.02029331 0.02414490 -0.02912650
v 0.01950957 -0.03698022 0.02897430
v 0.00384749 -0.06635366 0.00278070
v -0.02629907 0.02392730 -0.02953930
v -0.01181459 0.05453082 -0.01920650
v -0.01181459 0.05453082 -0.01920650
v -0.02747667 0.04603418 -0.02120170
v 0.01232621 -0.04129894 0.02351510
v -0.02382611 0.01086874 -0.02566570
v -0.01534739 -0.06588390 -0.00460970
v 0.01844973 0.02676762 -0.02396650
v 0.01844973 -0.05084902 -0.02536010
v 0.02327789 0.05440026 -0.01810730
v 0.02810605 0.01161882 -0.00701290
v 0.01727213 0.05733146 -0.00973290
v 0.02692845 -0.03991014 -0.01195690
v 0.01126637 -0.05984870 -0.02620170
v -0.01888019 -0.02331622 0.02910870
v -0.01888019 -0.05104230 -0.02523370
v 0.02818149 -0.01810278 -0.02396810
v 0.02818149 -0.04597990 -0.02008010
v -0.02728347 -0.05282790 -0.00853450
v 0.02700389 0.01288346 -0.02836490
v 0.02582629 0.05334042 0.02479030
v -0.02481051 -0.00482534 0.02599030
v -0.02716571 -0.03569894 -0.02119210
v -0.02716571 -0.06241766 -0.00986090
v -0.02716571 -0.04946918 -0.03093450
v -0.01268123 0.05646874 -0.01676650
v -0.01868699 0.02275866 -0.02597130
v -0.01868699 0.02250266 0.02910550
v 0.02111589 -0.05448166 -0.02499690
v 0.02111589 0.03031962 -0.02508490
v -0.02587035 -0.04718054 -0.03133770
v -0.02587035 0.02242202 -0.02146890
v 0.01876069 -0.05414886 -0.00265130
v 0.02841701 0.01650202 -0.02991690
v -0.02704795 -0.05794278 -0.01482410
v -0.02822555 0.04839962 0.00802550
v -0.02822555 -0.02975078 0.01547510
v 0.01640549 -0.01566054 0.02960470
v -0.00891291 -0.06688870 0.00135990
v -0.01974683 -0.04639590 -0.02792970
v -0.02092443 -0.04146662 -0.02786890
v -0.02693019 -0.05889126 -0.01828650
v 0.02735717 0.02414874 -0.01115050
v -0.02810779 -0.04330086 -0.02355530
v -0.02810779 -0.02288486 0.00772150
v -0.02810779 -0.02255718 0.02013910
v -0.01845147 0.05724186 -0.01364010
v -0.00396699 -0.06734694 -0.02214410
v -0.02080667 0.04652058 0.02875830
v 0.02747493 0.04706714 -0.02056010
v 0.02747493 0.00839194 0.01338230
v -0.02799003 0.03138970 0.00303510
v 0.01664101 -0.03915238 -0.02576970
v 0.02029157 -0.04462182 0.00330870
v 0.02029157 -0.06705894 -0.00593930
v 0.02029157 -0.06705894 -0.00593930
v 0.01428581 0.05766170 0.02173750
v 0.02877029 0.01760666 -0.02881450
v 0.02877029 0.02543898 -0.02134730
v 0.02759269 0.02137626 -0.00059050
v 0.02759269 0.02458650 -0.00883370
v 0.02158693 0.01870874 -0.03131370
v 0.02641509 0.02262810 -0.02023210
v 0.00109669 -0.06698470 -0.01951850
v -0.01939355 0.01846682 -0.03028170
v 0.02771045 -0.00691046 0.01464630
v 0.02771045 -0.02944486 -0.02489930
v 0.02771045 -0.02944486 -0.02489930
v -0.02645915 0.05432858 -0.01822730
v -0.02645915 -0.05875558 -0.00564490
v -0.01680283 -0.05035238 0.00418710
v 0.02300005 0.02811930 -0.02471530
v 0.02782821 0.03625626 -0.01138250
v -0.02763675 -0.03937766 -0.02398890
v -0.02763675 0.02023834 -0.01271050
v 0.01581669 0.05755162 0.02196630
v 0.02064485 -0.04570342 -0.02658570
v -0.02634139 -0.03791590 -0.02223850
v 0.02794597 -0.03083750 -0.02475370
v 0.02794597 -0.03083750 -0.02475370
v 0.02676837 -0.05332710 -0.00466730
v 0.02676837 0.01463834 0.02329110
v 0.00144997 -0.04186086 0.00637590
v -0.00455579 -0.06608358 -0.02491530
v 0.02924133 -0.04886630 -0.01494570
v -0.02740123 0.00716570 -0.01856650
v -0.01774491 -0.05454438 -0.02462410
v -0.02857883 0.01994522 0.01743990
v -0.02857883 0.03806618 0.01792790
v 0.01122405 0.05498650 -0.01846410
v 0.00521829 -0.06708710 -0.01251690
v 0.01970277 -0.04117094 -0.02635530
v 0.01970277 -0.04674790 0.00439510
v 0.02453093 -0.04369254 -0.03060170
v 0.01129949 -0.06687974 0.00097910
v 0.02943453 -0.04256998 -0.02633450
v -0.02603043 0.02047386 -0.01638890
v -0.02720803 -0.04538726 -0.00655850
v 0.02225117 0.05772058 0.01495350
v 0.02707933 -0.02290022 0.02263670
v -0.02838563 0.02355994 -0.02853130
v 0.00423389 0.05752090 0.02296630
v -0.01743395 -0.04633062 0.00494710
v -0.01743395 -0.04633062 0.00494710
v 0.02719709 -0.03733094 -0.01796010
v 0.02719709 0.04171290 0.02115670
v -0.01861155 -0.05202534 -0.02665610
v -0.02461731 0.03890842 -0.02386410
v -0.02579491 0.01996186 -0.02311850
v -0.02096675 -0.06623590 -0.00488970
v -0.01613859 0.01194522 -0.02609450
v -0.02697251 -0.04426470 -0.00925770
v -0.02815011 0.03013658 0.00510550
v -0.02815011 0.02587034 -0.02581770
v -0.02815011 0.05123610 0.02069910
v 0.02130909 0.01804314 -0.03118890
v 0.02130909 0.01804314 -0.03118890
v -0.01967139 0.05086874 0.02901110
v -0.02567715 0.01781530 -0.01525770
v -0.01602083 -0.06695654 -0.01399850
v 0.01777629 0.05417114 -0.01884970
v 0.02743261 0.02757914 -0.01587690
v 0.02743261 0.01988250 -0.01927370
v 0.02743261 0.01976346 -0.01472970
v -0.02803235 0.03361818 -0.00072170
v -0.02803235 0.01113754 0.00339190
v -0.02320419 -0.01357030 0.02731030
v 0.02024925 -0.02533606 0.02890070
v 0.01424349 0.01367706 -0.02626570
v 0.02872797 0.02458650 -0.02544970
v -0.02673699 0.01624474 -0.02364170
v -0.02673699 -0.02825062 -0.02544170
v 0.01789405 -0.05965798 -0.00392650
v 0.01188829 0.05738138 -0.00160490
v -0.01943587 -0.04476006 -0.02729130
v -0.00495139 -0.04198118 0.00629910
v -0.02661923 0.02289306 -0.00968010
v -0.02661923 -0.06038758 -0.00588170
v 0.02766813 0.04814106 0.00840150
v 0.02766813 0.03986842 0.00287990
v 0.02766813 0.03657882 0.00069430
v 0.02766813 0.02498970 0.00253110
v -0.02779683 0.03658138 -0.00971530
v -0.02779683 -0.05231974 -0.02895690
v 0.02166237 0.01960090 -0.03118410
v 0.02649053 0.01612826 -0.02120170
v -0.01448995 -0.00961510 0.02918870
v 0.02048477 -0.05044198 -0.02921290
v 0.02531293 -0.04789350 -0.03133290
v 0.01930717 -0.05772006 -0.02593130
v 0.02413533 0.01979034 0.02649430
v -0.02650147 -0.05647590 -0.02165450
v 0.01330141 0.05736218 -0.01271370
v 0.02295773 -0.03566310 -0.02605770
v 0.02295773 -0.04134630 0.02557270
v 0.02778589 0.02642714 -0.00134410
v -0.02767907 0.01419418 -0.02262090
v -0.02767907 -0.01387750 -0.00265930
v -0.02285091 0.02406298 -0.02945930
v 0.02660829 0.02475546 -0.02935050
v 0.02660829 0.03653658 0.02363190
v -0.02402851 -0.06621414 -0.01965770
v -0.02638371 -0.00739430 0.02442070
v -0.02756131 -0.05482598 -0.01560490
v -0.02756131 -0.01515110 -0.00820330
v -0.02273315 0.03825818 0.02777430
v 0.02189789 -0.04111206 -0.02812810
v -0.01908259 -0.04631782 -0.02491850
v 0.02554845 0.03695770 0.02508630
v -0.02508835 -0.04187110 0.00041270
v 0.01954269 0.02275738 -0.02553930
v 0.02919901 -0.04766694 -0.02760170
v 0.00388061 0.05635610 0.02937750
v -0.00695331 0.05753114 0.00961110
v 0.02684381 0.01409434 -0.00999370
v 0.00635357 0.02588570 -0.02629130
v 0.02931677 -0.05343590 -0.02585930
v 0.01848285 -0.05438054 0.00299190
v -0.02249763 -0.03868902 0.02757590
v -0.00318499 -0.06650854 0.00278230
v -0.02725035 0.02173978 -0.02339050
v 0.02703701 -0.03885798 -0.01317130
v -0.02842795 -0.00638566 0.01863190
v -0.00063659 0.05591066 -0.01768490
v -0.02595499 0.00933530 -0.02353610
v -0.02831019 0.04643610 0.00609110
v -0.02100907 -0.04169318 0.02060310
v -0.02100907 -0.04185702 0.02222710
v -0.01618091 -0.06717158 -0.01997450
v -0.00169643 -0.05370086 -0.02640970
v -0.02819243 -0.05234278 -0.01383370
v -0.01853611 -0.05168486 -0.02598250
v -0.02571947 -0.06123366 -0.00518250
v -0.02571947 0.02201114 -0.02157290
v 0.02856789 0.02308250 -0.02928650
v -0.02689707 0.05345306 -0.01856490
v -0.01724075 -0.06580710 -0.02545770
v 0.02739029 0.01984666 -0.02124490
v 0.02739029 -0.04414566 -0.01809770
v 0.02739029 -0.03727590 -0.02332170
v -0.02807467 -0.04554214 -0.01464810
v -0.02560171 0.00925850 0.02531510
v -0.02560171 0.03544858 -0.02462090
v 0.02385749 0.02274714 -0.03055370
v -0.02677931 -0.05631078 -0.02045450
v -0.02677931 -0.05828326 -0.01850410
v -0.01712299 -0.05135206 -0.00442730
v 0.02750805 -0.05520870 -0.02506570
v -0.02795691 0.02083354 -0.02698890
v -0.02795691 0.00849434 0.00422390
v -0.02795691 0.05392410 -0.00458410
v 0.02032469 -0.04654438 -0.03018410
v 0.02762581 -0.01572710 0.00421110
v 0.02762581 0.02499098 0.01794390
v 0.02762581 0.02263834 0.00352790
v 0.02762581 0.02873370 -0.00100490
v 0.02762581 0.00652186 0.01625590
v -0.02783915 -0.02082406 0.00376790
v 0.02892117 0.02084506 -0.02899850
v -0.02654379 -0.05831782 -0.02500330
v -0.01688747 -0.05200486 -0.02594250
v 0.02774357 0.02501146 0.01337590
v 0.02774357 0.04346650 -0.02115850
v 0.02774357 -0.05071846 -0.01779210
v 0.02656597 0.00947866 -0.02086570
v 0.02656597 0.02105242 -0.02361930
v 0.02656597 0.01015834 -0.02016170
v 0.01090389 0.05756442 0.02523670
v 0.02056021 -0.04338022 -0.00246250
v -0.01559211 -0.05839334 -0.00121130
v -0.02159787 -0.04338790 -0.00469610
v 0.02303317 -0.06554214 -0.02416970
v 0.02303317 -0.05508582 -0.02584970
v 0.02786133 0.00971802 0.00341110
v 0.02786133 -0.04410214 -0.01673770
v 0.02786133 0.00903194 -0.01392330
v -0.02760363 0.03052954 -0.02054090
v -0.02760363 0.02943642 -0.01533130
v -0.01794731 0.05760282 0.01538390
v -0.00464043 0.05742490 0.02826070
v -0.00464043 0.05742490 0.02826070
v -0.02030251 -0.05433702 -0.02637770
v 0.02797909 -0.05503206 -0.00983850
v -0.02748587 0.01521434 -0.01306570
v 0.01714517 -0.04162406 0.00688310
v 0.02562389 -0.06156774 -0.00454730
v 0.02927445 -0.05330278 -0.01506730
v 0.02326869 -0.04109670 0.02591990
v 0.02809685 0.02328858 -0.02979050
v -0.02736811 -0.04095590 -0.00400650
v 0.00760661 -0.04149350 0.02423990
v -0.01523883 -0.05587046 0.00396470
v -0.02729267 0.01735706 -0.03061610
v -0.02847027 0.03681434 0.02027190
v 0.01133261 0.05736858 -0.01366570
v -0.01881395 -0.01737318 0.02909910
v 0.01863373 -0.04273894 -0.02595050
v 0.02829005 0.02717338 -0.02028650
v 0.02711245 0.02854682 -0.02372010
v -0.02835251 -0.04363238 -0.01516810
v 0.02110669 -0.05361382 -0.02765770
v -0.00421171 -0.00890982 -0.02655530
v 0.01510093 -0.03980262 -0.02612810
v 0.01392333 -0.04080102 0.02933430
v -0.02705715 -0.04921574 -0.02453130
v -0.02705715 -0.04626918 -0.01912010
v -0.02576179 -0.04397286 -0.02045290
v -0.01610547 0.02363418 -0.02622410
v -0.02693939 -0.05198822 -0.00983210
v 0.02734797 0.02773658 -0.01716650
v -0.02811699 -0.03412838 0.00790550
v -0.02811699 -0.01285478 0.01086070
v -0.02811699 0.02547738 0.00396950
v -0.01963827 -0.04469350 -0.02924970
v -0.01481011 -0.04133094 -0.02633450
v 0.02499277 0.05592218 -0.01572650
v -0.02564403 -0.04712294 -0.01541130
v -0.02564403 -0.04207334 -0.02952170
v 0.02864333 0.01639962 -0.02527370
v 0.00815309 0.05738266 -0.00819850
v -0.02199347 0.02554138 -0.02799370
v -0.01716531 -0.04937958 -0.00364330
v -0.01716531 -0.04968294 -0.02521290
v 0.02263757 -0.06724710 -0.01809930
v 0.02746573 -0.05702118 -0.01556010
v 0.02746573 0.01602202 0.01740950
v -0.02799923 0.00660122 0.00096310
v -0.02799923 0.03468698 0.02203670
v -0.02317107 -0.03769062 -0.02607370
v 0.01545421 -0.05610470 0.00418550
v 0.00944845 0.05719194 -0.01138090
v 0.02758349 -0.01479910 0.01984950
v -0.02305331 0.03114778 0.02752630
v -0.01339699 0.01926554 -0.02666890
v 0.02640589 0.05476250 0.02354710
v -0.02423091 -0.02106982 -0.02661610
v -0.01940275 0.02781594 -0.02486890
v 0.01922253 -0.06673766 -0.00451370
v 0.01804493 -0.05575782 -0.02531690
v 0.01934029 0.05535642 -0.01761930
v -0.01080627 -0.04013670 0.02933750
v 0.02781901 0.02230554 0.00114710
v -0.02764595 0.01708954 -0.01454090
v -0.01916723 -0.05124198 -0.02663050
v 0.02063565 0.01407002 -0.02691210
v 0.00014541 0.05756442 0.01761910
v 0.00497357 -0.04203494 0.00616950
v 0.01462989 0.02160922 -0.02626890
v -0.01551667 -0.04997478 -0.02628970
v 0.02428621 0.04767386 -0.02123530
v -0.02635059 -0.04189030 -0.00321290
v -0.02752819 0.03704218 -0.02340490
v -0.02752819 0.04304794 -0.02189450
v -0.01904947 0.01426458 -0.02748010
v 0.01592525 0.05581082 0.02954870
v 0.02558157 -0.01869926 0.02519670
v 0.01957581 0.01558426 -0.02574570
v 0.01839821 0.05686042 0.02868310
v 0.02805453 -0.00550886 -0.02425610
v 0.02687693 -0.04387174 -0.01977610
v 0.02569933 0.01283610 0.02494870
v 0.01368781 0.05738266 0.02888470
v -0.02003387 -0.04007014 -0.02533930
v -0.01520571 -0.05951078 0.00236470
v -0.02603963 0.01175962 -0.01332010
v 0.00893509 0.05759514 0.01767990
v -0.00189883 -0.06701542 -0.00681450
v -0.00189883 -0.06701542 -0.00681450
v -0.02721723 0.00759706 -0.02072170
v -0.02721723 0.02291482 -0.02176650
v -0.02721723 -0.05961446 -0.00777450
v -0.02721723 0.01342234 -0.02847050
v -0.01756091 -0.04073062 -0.02477610
v -0.01626555 -0.05353830 -0.00350090
v -0.01626555 -0.05353830 -0.00350090
v -0.01744315 -0.06631526 -0.00472490
v 0.02118213 -0.04497638 -0.03072650
v -0.01979835 0.02163226 -0.02631050
v 0.01517637 -0.06705894 -0.01716650
v -0.01497019 -0.05814118 0.00359990
v -0.02698171 0.02564890 -0.01204170
v -0.02698171 -0.01477094 -0.02531210
v 0.01764933 0.01456410 0.02949590
v 0.02730565 0.02905498 -0.01820650
v 0.02730565 -0.05649126 -0.01585130
v -0.02815931 0.03322266 0.00826710
v 0.02612805 -0.03585510 0.02450390
v 0.02860101 -0.04741990 -0.02596170
v 0.02860101 -0.04741990 -0.02596170
v 0.02860101 0.02301082 -0.01520490
v -0.02686395 -0.04082406 0.02011670
v -0.01720763 0.01087258 -0.02503530
v -0.02804155 0.02068378 -0.02488970
v 0.02506821 0.05682970 0.02393110
v 0.02271301 0.01224090 -0.02737290
v 0.02271301 0.01224090 -0.02737290
v 0.02754117 0.02136346 0.00500150
v -0.00260539 0.05671962 -0.01616010
v -0.02792379 0.02018330 -0.00443530
v -0.01944507 0.01874202 -0.02589770
v 0.01552965 -0.04782822 -0.02609290
v 0.02518597 0.04381210 0.02541910
v -0.02062267 0.01728410 -0.03097290
v -0.01096635 0.05548058 0.02921750
v 0.02883653 -0.04109286 -0.01603530
v -0.02662843 -0.04448998 -0.03056170
v 0.00834629 0.05713306 -0.01401610
v 0.02765893 0.01985050 0.01830070
v 0.01682501 -0.04111334 0.02874390
v 0.02648133 0.01994778 -0.02306250
v 0.02047557 -0.06696294 -0.00508170
v 0.02047557 -0.04525798 -0.00382410
v -0.02651067 -0.04332134 -0.01825770
v -0.02168251 0.02680602 -0.02559690
v 0.02777669 -0.01819366 -0.00156010
v 0.02777669 0.01374234 -0.00796010
v 0.02777669 0.03264794 0.01108950
v 0.00245829 -0.06693350 0.00124950
v -0.02768827 0.00914330 -0.00582890
v 0.02659909 0.01757978 -0.02359690
v -0.00354747 -0.04230374 0.00603030
v -0.01920955 0.02323482 -0.02692650
v 0.02059333 -0.05087206 -0.02623210
v -0.02521531 0.01840922 -0.01566410
v -0.02639291 0.01578394 -0.01744170
v 0.02789445 0.00678810 -0.02440170
v 0.02789445 -0.04575334 -0.03112650
v -0.01426363 -0.06175590 0.00312150
v 0.02553925 0.02284442 -0.03060970
v -0.02026939 0.05300634 0.02884470
v -0.00095675 0.05713434 -0.01474890
v -0.02745275 0.02553498 -0.01392970
v 0.02683461 0.03101722 -0.02435850
v 0.00634437 0.05739034 0.02859830
v -0.01049531 0.05744282 -0.00608010
v 0.02930757 -0.04913510 -0.02731370
v -0.02615739 -0.04436070 -0.02166730
v -0.02132923 -0.06703334 -0.01426090
v -0.01650107 0.05755802 0.02082230
v 0.02695237 0.01451162 -0.00897290
v -0.02851259 0.02302106 0.01386870
v -0.02125379 0.01809050 -0.03130410
v -0.01159747 0.05736858 -0.00138410
v 0.02337725 -0.03568742 0.02707190
v -0.02725955 0.01413402 -0.02059370
v -0.01277507 -0.04448230 -0.02655690
v 0.02702781 0.02687130 -0.01335850
v 0.02702781 0.02390938 -0.00975210
v -0.00311875 -0.06706662 -0.01501610
v -0.02360899 0.01009178 0.02704790
v 0.02102205 0.05758234 0.00561270
v 0.02467261 -0.06440166 -0.00454410
v -0.02596419 0.00268314 0.02489590
v -0.02596419 -0.00686438 -0.02617930
v 0.02832317 -0.04825446 -0.00915690
v -0.02714179 0.01271578 -0.01440170
v -0.02714179 -0.02809830 -0.02421610
v 0.02714557 -0.05012582 -0.00898410
v 0.02714557 0.05661082 -0.01122090
v -0.02584643 0.01035290 -0.02432490
v -0.02584643 0.01079706 -0.02497610
v -0.02820163 0.04280730 0.00474390
v -0.02820163 -0.04951270 -0.01453610
v 0.01642941 -0.06503142 0.00119670
v -0.02572867 0.02207770 -0.01944650
v 0.02855869 0.01131546 -0.02193290
v -0.02690627 -0.02055654 0.02354550
v -0.02690627 0.02493210 -0.02836170
v -0.02690627 0.01714330 -0.00882410
v -0.02690627 0.04939034 0.02362550
v -0.02690627 -0.05461094 -0.00601930
v -0.02690627 0.05711514 -0.00670570
v -0.02690627 0.05711514 -0.00670570
v 0.02738109 0.03413658 -0.02354730
v -0.02808387 0.01834010 0.00566870
v 0.02620349 -0.04079462 0.02169110
v 0.02620349 0.00953882 -0.02434730
v -0.01960515 -0.05201894 -0.02833930
v 0.02867645 0.01738906 -0.02545770
v -0.01713219 -0.06680294 -0.00521130
v -0.02796611 -0.01868774 0.00830870
v -0.02796611 0.01874330 -0.01360170
v -0.02796611 -0.01129446 0.00843510
v 0.02632125 -0.04134502 -0.00023850
v -0.02431555 -0.04085606 0.02544790
v -0.02431555 -0.04145126 -0.02890730
v 0.01065917 0.05389466 -0.01933450
v -0.01948739 -0.04540774 -0.02871690
v 0.00948157 -0.06707430 -0.00595210
v -0.02667075 0.02903962 -0.02219850
v 0.02761661 -0.01146086 0.00579190
v -0.02784835 0.02095642 -0.00161930
v -0.02784835 0.01019930 0.00247030
v -0.02784835 0.00390170 0.00194070
v -0.01454147 -0.06688742 -0.00552650
v -0.01454147 -0.06621542 -0.00460970
v 0.02043325 -0.06704998 -0.00933770
v 0.02526141 -0.04137062 0.01661590
v -0.02537539 -0.03312358 -0.02648810
v 0.01925565 -0.04347622 -0.02531210
v 0.02891197 0.01336218 -0.02326730
v -0.02172483 -0.05562470 -0.02561770
v 0.02773437 -0.05655526 -0.00580330
v 0.02773437 0.01655194 -0.00192170
v -0.02773059 0.02012698 -0.01405290
v 0.02655677 0.00881946 -0.02503210
v 0.02655677 -0.03692390 0.02368950
v 0.00606653 0.00289306 -0.02645130
v -0.02643523 0.01831834 -0.03106410
v -0.01677891 0.01318170 -0.02609130
v 0.02785213 -0.03408486 -0.00616010
v -0.02278467 0.02723866 -0.02564330
v -0.01795651 0.02324250 -0.02607690
v 0.02667453 -0.06312550 -0.02484810
v 0.01101245 0.05727770 -0.01164330
v -0.01548355 -0.05279846 -0.02615370
v -0.02631747 0.01453722 -0.01043050
v 0.02796989 -0.04806246 -0.01781930
v 0.02796989 0.00096922 -0.00489610
v 0.02796989 0.02057114 -0.03095690
v -0.02749507 0.04390042 0.02275510
v -0.02384451 0.00344602 0.02689910
v 0.00995261 0.05760794 0.00712630
v 0.01960893 -0.06490854 -0.02490730
v -0.02737731 0.02173082 -0.01024810
v -0.02490435 -0.06633318 -0.01316330
v 0.02698549 0.05563418 0.01507510
v -0.02847947 0.01512602 0.01950870
v -0.01882315 -0.04320998 -0.02604330
v 0.02097973 -0.04217318 0.00413270
v 0.02828085 0.01686170 -0.02476330
v 0.02710325 -0.04419302 -0.02187850
v 0.00661301 -0.06709350 -0.01939690
v -0.01387723 -0.04179558 0.02224470
v 0.01991989 0.01988250 -0.02787850
v 0.02957621 -0.05271526 -0.02389610
v -0.00657611 -0.03629030 -0.02652010
v -0.01741003 0.05718170 0.02814710
v -0.02824395 -0.05006054 -0.01491210
v 0.02121525 -0.03980902 -0.02582890
v -0.02577099 -0.05301478 -0.00491370
v -0.02094283 -0.06077926 -0.00474090
v -0.02094283 -0.06077926 -0.00474090
v 0.02851637 0.01481754 -0.02350890
v -0.01246411 0.05745178 0.02365750
v 0.02733877 -0.05686758 -0.02405770
v 0.02733877 -0.05686758 -0.02405770
v -0.02812619 -0.01264230 0.02079350
v -0.02812619 -0.04182118 -0.02033130
v 0.02616117 -0.03964390 -0.02668010
v 0.02015541 0.04075802 0.02900150
v -0.01599691 -0.05560934 -0.00366570
v -0.01599691 0.05750426 -0.00068330
v -0.02683083 -0.04530022 -0.02003370
v -0.02683083 0.04782106 -0.02138410
v -0.02683083 -0.03998694 -0.01182250
v -0.02200267 -0.01061478 0.02806550
v -0.02553547 -0.03535334 -0.02631050
v -0.02671307 -0.05951334 -0.02392330
v 0.02757429 -0.04617190 -0.02505450
v 0.02757429 0.02113050 -0.02442730
v 0.02757429 0.04323482 -0.00128650
v -0.01458379 -0.05991526 0.00339190
v -0.02541771 -0.04088934 0.02377110
v -0.02541771 0.01755290 -0.01580170
v -0.02058955 0.05677210 -0.01582250
v -0.01576139 -0.05493222 0.00376950
v 0.02404149 -0.04167014 -0.00310250
v 0.02769205 -0.00101094 0.00625590
v 0.02769205 -0.05107686 -0.01890410
v 0.02769205 -0.01493222 0.01353110
v -0.02777291 0.03992346 -0.00810570
v -0.02777291 -0.04814694 -0.01001130
v 0.02651445 0.05696666 0.00879830
v -0.02647755 0.04741786 0.02435670
v -0.00716491 0.05670170 -0.01612810
v 0.02780981 0.04438554 -0.00160170
v 0.02780981 0.04531098 -0.00251050
v 0.02780981 0.01910682 0.01297910
v -0.02765515 0.01236250 -0.01724650
v -0.02765515 -0.04894310 -0.02506250
v -0.02765515 0.01409306 -0.01401450
v -0.02765515 0.02068378 -0.01072010
v 0.02663221 -0.04612838 -0.01626730
v 0.02663221 -0.04058982 0.02024790
v 0.02663221 0.05687322 0.00344310
v 0.02545461 -0.05253350 -0.00440330
v 0.00378677 0.05749402 0.00671350
v -0.02635979 -0.04594022 -0.00495850
v 0.01344309 0.05755546 0.02599670
v 0.01827125 -0.04188390 0.00607510
v -0.02753739 -0.03868774 -0.01986890
v -0.01905867 0.02099866 -0.02549770
v -0.02023627 -0.05133670 -0.02982410
v 0.01473845 0.05770010 0.01558390
v 0.02804533 0.01588250 -0.01631530
v 0.02804533 0.04025882 -0.02037610
v 0.02804533 -0.04719846 -0.01888490
v -0.02741963 -0.04114150 -0.00827690
v 0.02934069 -0.05499622 -0.01972810
v 0.02934069 -0.05180262 -0.02750250
v 0.02816309 -0.03213414 -0.02036170
v -0.02730187 -0.04063334 0.00455030
v -0.02247371 -0.04174054 0.02416630
v -0.02004307 0.05756058 0.01799830
v -0.00555859 -0.05198694 0.00488470
v 0.00892589 -0.06674278 0.00202230
v 0.02823853 -0.02928614 -0.02411210
v 0.02823853 -0.04183526 -0.02909290
v -0.02239827 -0.04122726 -0.02834570
v 0.02706093 -0.06599910 -0.01853610
v 0.02706093 -0.06599910 -0.01853610
v -0.02357587 -0.03845222 -0.02569930
v 0.02588333 0.05725466 0.01090710
v -0.01992531 -0.04203238 0.00444950
v -0.01992531 0.02432154 -0.02845450
v -0.01509715 0.04025370 -0.02346410
v 0.02953389 -0.05482470 -0.01867530
v -0.02710867 0.04530458 -0.02190410
v -0.01745235 0.02754074 -0.02492970
v -0.01745235 0.05738650 -0.01034090
v 0.01752237 0.02595482 -0.02455850
v 0.01752237 -0.06072550 -0.00360010
v 0.02117293 0.01253146 0.02847830
v -0.02463571 -0.06063974 -0.02640010
v 0.02847405 0.02536218 -0.02649610
v -0.02699091 -0.04542182 -0.01875690
v 0.01764013 0.05131290 0.02956790
v 0.01764013 -0.05674086 0.00331830
v -0.02816851 -0.04489830 -0.01369130
v 0.01163437 -0.04146150 0.02626390
v 0.02129069 0.02419098 -0.02907850
v -0.02451795 -0.06360166 -0.02584970
v 0.02011309 -0.04251238 -0.02750890
v 0.02859181 0.01354138 -0.02102570
v 0.02859181 0.01839898 -0.01395210
v 0.02859181 -0.04234598 -0.02927210
v 0.02859181 0.02583194 -0.01686730
v 0.02741421 -0.06195302 -0.00581610
v -0.02805075 -0.04951270 -0.01495690
v 0.02505901 -0.04962534 -0.00443370
v -0.01109331 0.05730330 -0.01106250
v 0.02870957 -0.04054246 -0.02638890
v -0.02793299 0.01189018 0.00703830
v -0.02793299 -0.04904038 -0.01354250
v 0.02882733 0.02325658 -0.02774730
v -0.00131923 0.05746074 0.02825590
v 0.02764973 0.05554202 -0.01181610
v 0.02764973 -0.05409894 -0.02724650
v -0.02781523 -0.01631974 0.00563190
v 0.02164397 0.01619994 -0.03010410
v -0.01568595 -0.04962790 0.00504150
v 0.02776749 0.04963866 -0.00273450
v 0.02776749 0.01413146 0.00972950
v 0.01693357 -0.04145126 0.02801590
v -0.00838483 -0.06382054 0.00362870
v 0.02658989 0.02045338 -0.01744330
v 0.00609965 0.05712154 -0.01453610
v 0.02541229 0.02595866 -0.02794730
v -0.00473427 -0.04163558 0.02328630
v 0.01940653 0.02318490 -0.02636010
v 0.01940653 0.02318490 -0.02636010
v 0.01822893 -0.05120358 0.00410230
v -0.02757971 0.00184730 -0.00783530
v -0.02757971 0.05692058 0.00251030
v -0.02757971 0.04764442 -0.01953290
v 0.02187949 -0.06504678 -0.00433930
v 0.02670765 -0.05781094 -0.02540010
v 0.01952429 -0.04431846 -0.02492970
v 0.02435245 -0.04192870 -0.00379530
v 0.02435245 0.05748122 0.00422230
v 0.02800301 -0.05486694 -0.00710410
v -0.02746195 0.02621338 -0.02636170
v -0.02746195 0.05645594 -0.00895050
v 0.02682541 0.01194906 -0.01176810
v 0.02682541 0.05693338 -0.01064010
v -0.02133843 0.01029274 -0.02548170
v 0.01846445 0.02484634 -0.02587850
v 0.02329261 0.00737050 -0.02609130
v 0.02812077 -0.06136294 -0.02428650
v 0.02812077 -0.06136294 -0.02428650
v -0.02852179 0.00124826 0.01911670
v -0.01886547 0.01893786 -0.02544170
v -0.01643483 -0.05588454 -0.02549290
v -0.02715099 0.01962394 -0.02016170
v -0.02232283 0.05751578 0.01717750
v 0.02713637 -0.03855206 -0.01572650
v 0.02713637 0.02727578 -0.02509450
v 0.02713637 -0.04419046 -0.00862250
v -0.02585563 0.01740442 -0.01718890
v -0.01137115 -0.05680870 -0.02650090
v 0.02725413 -0.05216102 -0.00982570
v 0.02725413 -0.04918502 -0.00871210
v -0.02821083 -0.01814374 0.01285590
v -0.02573787 -0.04656742 -0.02438730
v 0.01889317 -0.05316710 -0.00050090
v 0.02854949 -0.05417446 -0.01384650
v -0.02691547 0.02833562 -0.01941770
v 0.02737189 0.05238170 0.00423670
v -0.02809307 -0.04846694 -0.01392810
v 0.02018853 0.00398234 0.02885750
v 0.02866725 -0.04509286 -0.03055530
v -0.02679771 0.02245402 -0.00893610
v -0.02679771 -0.03874662 0.02335190
v -0.02196955 -0.04574566 -0.03110410
v 0.02748965 0.02806426 -0.02267530
v 0.02748965 -0.05639910 -0.02360650
v -0.02797531 -0.02090726 0.01080470
v -0.01831899 0.02643098 -0.02471530
v -0.01831899 0.02175514 -0.02543210
v 0.02631205 -0.04299366 -0.03036170
v 0.02631205 -0.06405350 -0.00512650
v 0.01912869 0.02320026 -0.02554570
v 0.02878501 0.01781402 -0.02610890
v -0.02667995 -0.05013606 -0.02313130
v 0.02760741 0.03592730 0.01224150
v 0.02760741 0.04334618 0.01185430
v 0.02525221 0.00154394 0.02547510
v 0.02890277 -0.04158438 -0.02223210
v -0.02173403 0.04243226 0.02835670
v 0.02654757 0.02295706 -0.03051210
v -0.01195995 0.05705882 0.02853590
v 0.02784293 0.01474202 -0.01910090
v 0.02784293 0.05423770 -0.00879690
v 0.02666533 0.01008538 -0.02246890
v -0.01431515 -0.06416742 0.00141910
v -0.01549275 0.05745562 -0.01029290
v -0.02632667 -0.04151014 0.01643830
v 0.01830437 0.02190746 -0.02477130
v 0.01830437 -0.04149990 0.02616310
v -0.02750427 -0.04261350 -0.01948650
v -0.01784795 0.01034650 -0.02482090
v -0.01419739 0.02049178 0.02920470
v 0.01477157 0.02589338 -0.02606250
v -0.02620891 0.02200602 -0.02247370
v -0.02138075 0.05334298 -0.01996170
v 0.01359397 -0.06704358 -0.02217930
v -0.02738651 0.03322266 -0.02402410
v 0.02690085 0.05669530 0.00075990
v 0.02089509 0.02737434 -0.02455210
v 0.02572325 -0.02196966 0.02506550
v 0.00040485 -0.04147046 0.02798070
v -0.02491355 -0.04153574 0.02301590
v 0.01971749 -0.06471014 -0.00430250
v -0.02609115 0.02147738 -0.01625610
v -0.02366051 0.00930330 -0.02620970
v -0.01883235 -0.04538470 -0.02493610
v -0.02000995 -0.04964966 -0.03035050
v -0.02601571 -0.05494374 -0.02668970
v -0.00540771 0.05353498 0.02939990
v 0.01755549 0.02784794 -0.02457770
v 0.02721181 0.02299162 -0.02178090
v 0.02721181 -0.05363814 -0.01057930
v -0.02578019 -0.05540710 -0.02608170
v 0.02850717 -0.04745958 -0.00967850
v 0.02850717 0.02405402 -0.02908490
v 0.02250141 0.05648922 -0.01539370
v 0.02732957 -0.05581414 -0.01532490
v 0.02732957 -0.01871590 -0.02522730
v -0.02813539 -0.04343014 -0.02877930
v -0.02813539 0.03420442 0.00591510
v -0.01365091 -0.06086630 0.00370070
v -0.02448483 0.04544538 -0.02240170
v -0.01965667 -0.04453734 -0.02603370
v -0.02566243 0.02071706 -0.02349290
v -0.01600611 -0.03826534 -0.02587850
v 0.02744733 0.04062106 0.00464310
v 0.02744733 -0.04953830 -0.02221450
v 0.02744733 -0.04905318 -0.00511050
v -0.02801763 0.00795034 -0.00075530
v -0.02801763 0.02779802 0.00392310
v -0.01836131 0.02464794 -0.02579210
v 0.01661341 -0.06622950 -0.00352490
v 0.02626973 0.02204314 -0.02187530
v 0.02026397 -0.04421990 -0.02727210
v -0.02071651 -0.05605990 -0.02528810
v 0.02874269 -0.05497574 -0.02401130
v 0.02874269 -0.05497574 -0.02401130
v -0.01223779 -0.06689126 -0.01868650
v -0.02789987 -0.00700646 0.00706710
v -0.02789987 0.01202330 0.00190390
v 0.02638749 -0.05074790 -0.00458730
v -0.01942115 0.01351578 -0.02770570
v -0.01942115 -0.04103142 -0.02591210
v 0.02038173 0.00968218 -0.02467530
v -0.00010851 0.05739418 -0.00893770
v 0.01920413 -0.05416550 -0.02458090
v 0.01802653 0.02763674 0.02950390
v 0.02768285 -0.05732838 -0.02056490
v 0.02768285 0.04970650 -0.00436970
v -0.00246371 0.05753498 0.02780310
v -0.00246371 0.05753498 0.02780310
v 0.02650525 -0.05576422 -0.01414570
v -0.01930339 0.00434330 0.02901910
v 0.02049949 -0.04584166 -0.03053610
v -0.02648675 -0.03224934 -0.02584330
v 0.01814429 -0.05771366 -0.00349290
v 0.02780061 -0.01408998 -0.00672970
v 0.02780061 -0.03828582 -0.02033770
v 0.02780061 -0.03524454 0.00251670
v 0.01696669 -0.06607462 -0.00384970
v -0.01918563 -0.06700902 -0.01789610
v -0.01918563 -0.04337382 -0.02684330
v 0.01461149 0.05760666 0.00722550
v -0.02754659 -0.01594214 -0.00398090
v 0.02674077 0.01552922 -0.00963210
v 0.02674077 0.05334682 0.02333430
v 0.00142237 0.05724058 0.02864950
v 0.00142237 -0.04077158 0.02919190
v -0.01906787 -0.00736102 0.02903190
v 0.01472925 0.05735578 -0.00921290
v 0.01955741 0.02368666 -0.02692490
v 0.02438557 -0.04128358 0.02341270
v 0.02921373 -0.04511974 -0.01448170
v -0.02625123 -0.04571238 -0.01595690
v 0.01837981 -0.04540006 -0.02490570
v 0.02803613 -0.02435430 -0.01611210
v 0.02685853 0.01322650 -0.01027530
v -0.02860643 0.04651418 0.01913110
v -0.00446563 -0.06692326 -0.01908330
v 0.02815389 -0.00024550 -0.02358890
vt 0.53839700 0.30249800
vt 0.89441400 0.19348000
vt 0.51910300 0.65793500
vt 0.54690400 0.45923000
vt 0.65842600 0.10013900
vt 0.03492000 0.27356700
vt 0.25828100 0.61609000
vt 0.20672700 0.67610500
vt 0.24395100 0.62788800
vt 0.86155200 0.21553300
vt 0.48649200 0.25347100
vt 0.61354300 0.26337900
vt 0.58548800 0.55031100
vt 0.58905600 0.69215600
vt 0.67558100 0.57519400
vt 0.21901500 0.57413800
vt 0.59889800 0.74019100
vt 0.11781000 0.14726700
vt 0.24747900 0.38448300
vt 0.60540200 0.09685600
vt 0.16086600 0.70399200
vt 0.60838500 0.02170500
vt 0.58158600 0.05790100
vt 0.16552700 0.71368200
vt 0.49077300 0.58394800
vt 0.45978300 0.54927900
vt 0.20322500 0.52766600
vt 0.56758900 0.73380300
vt 0.95869400 0.08483300
vt 0.76098000 0.67671200
vt 0.18370700 0.70012700
vt 0.07242000 0.84226300
vt 0.22136100 0.06710700
vt 0.50358300 0.19187000
vt 0.52692300 0.59081100
vt 0.62055900 0.07241400
vt 0.21666800 0.10711400
vt 0.10963500 0.70072600
vt 0.61864800 0.16653700
vt 0.58921200 0.65932000
vt 0.74040200 0.66724700
vt 0.25095700 0.50342900
vt 0.21898400 0.84874200
vt 0.50569100 0.68188800
vt 0.26673200 0.59559800
vt 0.59638000 0.71286600
vt 0.56951700 0.71230300
vt 0.19441000 0.86611400
vt 0.80416300 0.13323700
vt 0.51604700 0.86790800
vt 0.66281100 0.48713500
vt 0.54860400 0.66218100
vt 0.46919600 0.67521200
vt 0.09071300 0.76215300
vt 0.61867900 0.50576400
vt 0.58255800 0.04505300
vt 0.43320400 0.67843900
vt 0.27881400 0.45982300
vt 0.50593000 0.87566800
vt 0.19162600 0.08918400
vt 0.25438900 0.05557600
vt 0.24422700 0.17240000
vt 0.59189900 0.72501000
vt 0.78707800 0.43300200
vt 0.19938100 0.90031300
vt 0.14202700 0.19234600
vt 0.59161400 0.06357200
vt 0.53983100 0.63146900
vt 0.60135300 0.69302600
vt 0.24864300 0.88679200
vt 0.83205900 0.22479300
vt 0.30780600 0.26277000
vt 0.89613600 0.23944700
vt 0.71375100 0.31984300
vt 0.10439800 0.21262400
vt 0.28820300 0.22576300
vt 0.58505600 0.64621900
vt 0.76177400 0.52313900
vt 0.57622600 0.69359000
vt 0.34243800 0.49922400
vt 0.35456000 0.50223000
vt 0.55069800 0.72096000
vt 0.78646100 0.29513200
vt 0.08743600 0.77164100
vt 0.23437300 0.57209600
vt 0.87139500 0.29384800
vt 0.79633700 0.36494700
vt 0.26369200 0.36761400
vt 0.24018400 0.05265800
vt 0.47325300 0.70301600
vt 0.25280100 0.21313300
vt 0.26832400 0.67882600
vt 0.20991500 0.20453100
vt 0.80479900 0.28807200
vt 0.25796100 0.62343400
vt 0.63215400 0.69567100
vt 0.57943200 0.57006300
vt 0.59525700 0.56956900
vt 0.63925200 0.02017000
vt 0.64509300 0.44146200
vt 0.61128800 0.05630500
vt 0.61388400 0.67417800
vt 0.67684400 0.16858200
vt 0.74330500 0.10233900
vt 0.44178800 0.16618100
vt 0.23424500 0.07348100
vt 0.46814200 0.22215200
vt 0.69925700 0.20829200
vt 0.57627700 0.73405100
vt 0.57416300 0.86763600
vt 0.23322100 0.69485400
vt 0.26511700 0.71560600
vt 0.63995600 0.17587100
vt 0.65906500 0.18319700
vt 0.37228200 0.54639100
vt 0.22668400 0.47189400
vt 0.19681600 0.54187400
vt 0.58977400 0.85972400
vt 0.67555100 0.01715000
vt 0.11759900 0.15180500
vt 0.20085100 0.73360900
vt 0.19155100 0.84597600
vt 0.60716000 0.69311500
vt 0.22793600 0.64835900
vt 0.75213600 0.30436300
vt 0.62888700 0.14270200
vt 0.55951100 0.18154200
vt 0.10340400 0.80061400
vt 0.57400100 0.27803800
vt 0.50559000 0.71577800
vt 0.26314900 0.09783500
vt 0.51018500 0.66170000
vt 0.36831300 0.29752600
vt 0.35101100 0.18061100
vt 0.64431800 0.04815200
vt 0.32646700 0.15716600
vt 0.63785600 0.68494600
vt 0.73447700 0.70249700
vt 0.61702900 0.13234300
vt 0.97636300 0.27567300
vt 0.77938100 0.47039900
vt 0.64011200 0.32881700
vt 0.08632900 0.73236200
vt 0.35434900 0.14435400
vt 0.85081900 0.27182500
vt 0.24322700 0.10182900
vt 0.20999000 0.27685400
vt 0.60751600 0.26914000
vt 0.55368300 0.09639600
vt 0.50703600 0.49939100
vt 0.17655300 0.70853700
vt 0.78583100 0.41047900
vt 0.23141800 0.09723600
vt 0.36560900 0.46207900
vt 0.60478100 0.73796000
vt 0.52379300 0.72970600
vt 0.22740300 0.66879600
vt 0.45465500 0.51304100
vt 0.50461800 0.85259000
vt 0.68748000 0.06040000
vt 0.28824500 0.31609600
vt 0.18153600 0.35274400
vt 0.21491800 0.49577100
vt 0.19450200 0.89010800
vt 0.19668700 0.29539700
vt 0.19612300 0.58834100
vt 0.66408200 0.08881300
vt 0.79537700 0.29377300
vt 0.57256800 0.67153800
vt 0.21452300 0.65858500
vt 0.21582900 0.63417300
vt 0.83907600 0.10970300
vt 0.26957400 0.12227900
vt 0.61159200 0.07615600
vt 0.66554500 0.57710800
vt 0.36817200 0.49929700
vt 0.57943200 0.64140200
vt 0.17559000 0.64270100
vt 0.17206400 0.63672500
vt 0.32025500 0.48027200
vt 0.16701400 0.19475600
vt 0.26886600 0.44078200
vt 0.80148800 0.26332000
vt 0.64152300 0.08766500
vt 0.22762500 0.57545500
vt 0.42314900 0.68333200
vt 0.55268100 0.22340400
vt 0.19601700 0.05380400
vt 0.59529000 0.58035500
vt 0.17107000 0.33254200
vt 0.16191800 0.87743600
vt 0.25148500 0.68368200
vt 0.25694400 0.41483900
vt 0.49505900 0.29759500
vt 0.12481200 0.14483600
vt 0.14329000 0.14926100
vt 0.28858300 0.27861000
vt 0.57360500 0.07828600
vt 0.19528700 0.69490200
vt 0.43147100 0.24092700
vt 0.17016600 0.65409300
vt 0.54199500 0.69467600
vt 0.53003300 0.88405300
vt 0.59800300 0.09048400
vt 0.26337900 0.70502100
vt 0.12179500 0.18352000
vt 0.29403000 0.10907300
vt 0.23122800 0.06060300
vt 0.75418000 0.11001900
vt 0.10030400 0.74987100
vt 0.53623200 0.69368300
vt 0.13588300 0.11704300
vt 0.01003600 0.84166500
vt 0.98658000 0.25182100
vt 0.78358100 0.49913100
vt 0.33405800 0.23861300
vt 0.77236300 0.12927800
vt 0.40490600 0.54808800
vt 0.19870300 0.22990800
vt 0.74568400 0.30965200
vt 0.16827200 0.12854800
vt 0.51686200 0.72168500
vt 0.25230100 0.61724500
vt 0.77888300 0.47665000
vt 0.47084700 0.14326700
vt 0.71659100 0.17514600
vt 0.06203600 0.25535800
vt 0.18780300 0.13352000
vt 0.09146500 0.74815800
vt 0.50924600 0.87125700
vt 0.54727200 0.27475400
vt 0.11483300 0.70908500
vt 0.25363300 0.71639100
vt 0.36130200 0.06224300
vt 0.31860800 0.88781900
vt 0.17492000 0.08547000
vt 0.37558700 0.06224200
vt 0.33219600 0.88860900
vt 0.78189200 0.36520800
vt 0.17983600 0.55555100
vt 0.21495400 0.54862900
vt 0.66833500 0.02704500
vt 0.72855900 0.27731700
vt 0.69101300 0.55069200
vt 0.17709000 0.58602400
vt 0.60103400 0.05403700
vt 0.50560600 0.70771400
vt 0.27060300 0.37131700
vt 0.57371400 0.68296900
vt 0.41570200 0.26577700
vt 0.30833600 0.26882300
vt 0.14219700 0.68057500
vt 0.50159400 0.68045900
vt 0.37582600 0.88526700
vt 0.60322400 0.08803900
vt 0.23468200 0.12663100
vt 0.73199800 0.57799800
vt 0.66793000 0.55952200
vt 0.76998600 0.54416000
vt 0.26912500 0.15830400
vt 0.78345100 0.12938000
vt 0.79488200 0.21243100
vt 0.25329800 0.15936100
vt 0.20878300 0.62685900
vt 0.58745800 0.05758900
vt 0.27388500 0.67331800
vt 0.54637600 0.69988700
vt 0.55323400 0.10579800
vt 0.76186600 0.21068400
vt 0.75202700 0.20539000
vt 0.44207800 0.48615000
vt 0.52485300 0.67348800
vt 0.25194500 0.64323300
vt 0.18412000 0.65327200
vt 0.83965000 0.28148700
vt 0.11837800 0.69199100
vt 0.58442400 0.70107600
vt 0.15378800 0.04718900
vt 0.03377100 0.84365200
vt 0.65585400 0.05102300
vt 0.17480400 0.57161400
vt 0.74216700 0.17615400
vt 0.18939200 0.09502800
vt 0.87601200 0.10510300
vt 0.60017000 0.59592700
vt 0.59858500 0.07064100
vt 0.21703900 0.52304900
vt 0.22168500 0.85088400
vt 0.20556300 0.90662600
vt 0.10496000 0.61856700
vt 0.61658300 0.48463900
vt 0.28322200 0.40886200
vt 0.58553900 0.12153200
vt 0.40688300 0.59569100
vt 0.24773200 0.83923000
vt 0.22876000 0.16848900
vt 0.97433800 0.26385200
vt 0.67419000 0.02890000
vt 0.55948800 0.64286100
vt 0.20560200 0.12202400
vt 0.60850100 0.12714100
vt 0.16404900 0.64311300
vt 0.24882900 0.21183300
vt 0.83748000 0.22378100
vt 0.33849800 0.30770400
vt 0.61240500 0.69552400
vt 0.12642200 0.66295800
vt 0.59596200 0.45823600
vt 0.81933600 0.11119500
vt 0.59079700 0.63299700
vt 0.27274000 0.71231800
vt 0.22949300 0.89011700
vt 0.19199600 0.71772600
vt 0.19264600 0.87073700
vt 0.64651200 0.04550300
vt 0.67900700 0.03358200
vt 0.43802700 0.87449000
vt 0.59468100 0.73445500
vt 0.74004900 0.32630000
vt 0.47609700 0.28765500
vt 0.59570900 0.67238600
vt 0.21612700 0.66261200
vt 0.43951100 0.51524400
vt 0.17996900 0.86426400
vt 0.58083200 0.66586800
vt 0.24512000 0.51824600
vt 0.60581800 0.69724100
vt 0.12673200 0.60160200
vt 0.40418900 0.69719900
vt 0.05043200 0.25919300
vt 0.79521900 0.33711200
vt 0.09597000 0.73791700
vt 0.62894100 0.07093400
vt 0.23045900 0.88669600
vt 0.18404300 0.62721300
vt 0.29411600 0.41717500
vt 0.03884600 0.77885900
vt 0.53453300 0.62366200
vt 0.56159000 0.67860500
vt 0.11149100 0.61761200
vt 0.76696300 0.22906900
vt 0.25527300 0.09219500
vt 0.71574900 0.18901200
vt 0.45468400 0.23617400
vt 0.59886600 0.58956100
vt 0.57654500 0.68632700
vt 0.49815100 0.54700800
vt 0.26491900 0.16619500
vt 0.78338500 0.35418500
vt 0.19892200 0.70896700
vt 0.92300800 0.10881600
vt 0.64408600 0.03656400
vt 0.52100800 0.18334900
vt 0.59484500 0.13950300
vt 0.55206300 0.73632100
vt 0.76313800 0.49330100
vt 0.67731400 0.02942100
vt 0.52267600 0.67635500
vt 0.20168200 0.52139900
vt 0.14603200 0.86898900
vt 0.26573000 0.45650000
vt 0.34192300 0.23083600
vt 0.15626100 0.12496400
vt 0.86219000 0.13376300
vt 0.77867000 0.51143900
vt 0.91259900 0.10925900
vt 0.22749600 0.13398500
vt 0.18052000 0.12068700
vt 0.61374200 0.64115200
vt 0.25824200 0.69081700
vt 0.25081700 0.08740900
vt 0.27504600 0.30024800
vt 0.83107000 0.19665900
vt 0.12999500 0.68027200
vt 0.52792600 0.71872600
vt 0.22438800 0.63047200
vt 0.25890200 0.69717100
vt 0.56890600 0.10978000
vt 0.79114100 0.21264000
vt 0.54966000 0.70870700
vt 0.26328700 0.37875600
vt 0.23470300 0.10390500
vt 0.12071000 0.69540200
vt 0.15482700 0.89954500
vt 0.21994000 0.04889500
vt 0.22882500 0.10058700
vt 0.73015000 0.69066100
vt 0.51317000 0.88325600
vt 0.56481500 0.03757700
vt 0.56775900 0.65989400
vt 0.20956200 0.53285900
vt 0.53598600 0.72105100
vt 0.89357000 0.11156200
vt 0.24690500 0.45553800
vt 0.18069100 0.12916700
vt 0.41066500 0.52370000
vt 0.42402700 0.49361300
vt 0.53037000 0.70756000
vt 0.57456100 0.85660900
vt 0.70402800 0.28520600
vt 0.30231500 0.26061300
vt 0.87452000 0.12322700
vt 0.89195000 0.10717800
vt 0.61141000 0.05863800
vt 0.61605100 0.10912700
vt 0.42388300 0.47486400
vt 0.21044200 0.61674100
vt 0.98375500 0.22761500
vt 0.20754300 0.58382000
vt 0.78255600 0.13972700
vt 0.73318300 0.50836900
vt 0.68304100 0.04366500
vt 0.61309800 0.10045200
vt 0.20699000 0.24224900
vt 0.64842500 0.01670200
vt 0.19879700 0.16994700
vt 0.58926500 0.62457800
vt 0.73023400 0.20721900
vt 0.65684100 0.59608300
vt 0.52764900 0.49000700
vt 0.32229400 0.55501800
vt 0.07364900 0.84702100
vt 0.09090800 0.75557600
vt 0.51785100 0.69422000
vt 0.15338600 0.59041500
vt 0.51948700 0.44985600
vt 0.22042100 0.57754000
vt 0.64526300 0.48859500
vt 0.38879600 0.46853000
vt 0.27350700 0.35668200
vt 0.94711300 0.13778700
vt 0.29693600 0.42532900
vt 0.62655100 0.05173000
vt 0.15638900 0.66424500
vt 0.55696000 0.20404800
vt 0.54548700 0.07684000
vt 0.58831700 0.07095400
vt 0.78649000 0.36687000
vt 0.18057000 0.32080400
vt 0.25320700 0.10041600
vt 0.27958400 0.34950800
vt 0.20754400 0.68250600
vt 0.78928000 0.36220200
vt 0.46125500 0.44932400
vt 0.28884400 0.42832100
vt 0.24362500 0.09161000
vt 0.22474100 0.64876400
vt 0.55193200 0.66996100
vt 0.51256400 0.73177400
vt 0.64151000 0.10770800
vt 0.14504800 0.17876400
vt 0.90785100 0.24838500
vt 0.20135500 0.67210600
vt 0.82909200 0.18025200
vt 0.38477800 0.88950900
vt 0.43121900 0.05891700
vt 0.30280400 0.88158600
vt 0.46472700 0.88979900
vt 0.51598800 0.05377900
vt 0.11509200 0.30886600
vt 0.16309000 0.05317400
vt 0.23966500 0.07585500
vt 0.42698000 0.25704000
vt 0.20689400 0.90028100
vt 0.06803000 0.82097300
vt 0.03131100 0.29134000
vt 0.09904800 0.60069400
vt 0.78833900 0.20407100
vt 0.96422200 0.10547400
vt 0.57031100 0.64727100
vt 0.60839800 0.11009700
vt 0.21824600 0.55978000
vt 0.29367100 0.23633800
vt 0.33317800 0.88365800
vt 0.49247800 0.49544000
vt 0.06439700 0.82999800
vt 0.64191800 0.45539500
vt 0.55047800 0.45316200
vt 0.11933400 0.17762600
vt 0.80160300 0.17030900
vt 0.82922200 0.26319700
vt 0.20469000 0.61780300
vt 0.78777400 0.35033100
vt 0.16017000 0.68596600
vt 0.16632000 0.84877600
vt 0.20745600 0.85813500
vt 0.55283700 0.87456400
vt 0.28937000 0.25601000
vt 0.10518200 0.73748100
vt 0.11869300 0.64391700
vt 0.77030200 0.12150700
vt 0.47405200 0.55843900
vt 0.54963200 0.58230600
vt 0.59924200 0.57548100
vt 0.35587800 0.26127900
vt 0.54835300 0.87827800
vt 0.36998200 0.68148700
vt 0.11573100 0.17809100
vt 0.16654400 0.18623100
vt 0.39002100 0.20517500
vt 0.28323900 0.35160400
vt 0.10902600 0.77056200
vt 0.56041100 0.10322400
vt 0.22311500 0.25095500
vt 0.20697200 0.27013900
vt 0.38207300 0.43758600
vt 0.34341500 0.68080600
vt 0.52372300 0.88792600
vt 0.57694100 0.02714800
vt 0.25055100 0.56722700
vt 0.60274000 0.62576900
vt 0.16733600 0.14598500
vt 0.26095000 0.72189700
vt 0.81156600 0.14382400
vt 0.68258800 0.67572300
vt 0.59005800 0.12984600
vt 0.24118900 0.70901000
vt 0.50406800 0.69677100
vt 0.23225500 0.05473400
vt 0.59009000 0.69737900
vt 0.11350100 0.68001600
vt 0.68050700 0.02343300
vt 0.21486400 0.66394000
vt 0.16432800 0.64864400
vt 0.68389000 0.49647700
vt 0.31403600 0.46412100
vt 0.26907000 0.28918600
vt 0.25852300 0.38626600
vt 0.22250100 0.12310700
vt 0.18560100 0.66055500
vt 0.23919300 0.16990400
vt 0.51397100 0.71805500
vt 0.41990400 0.46780400
vt 0.56938500 0.06172800
vt 0.17579200 0.88777700
vt 0.24347900 0.63019300
vt 0.15486500 0.18928400
vt 0.41157700 0.25332300
vt 0.58334800 0.68619200
vt 0.79874700 0.29973000
vt 0.80445000 0.29293000
vt 0.57167900 0.61791600
vt 0.43899800 0.25106900
vt 0.36553900 0.48949400
vt 0.08141800 0.83381800
vt 0.25985200 0.70417800
vt 0.14734400 0.13322300
vt 0.18309900 0.63588600
vt 0.26269600 0.16127400
vt 0.87224300 0.23861500
vt 0.20770200 0.86292100
vt 0.52825400 0.73798500
vt 0.25932800 0.09703500
vt 0.52817400 0.86210700
vt 0.71890000 0.08867400
vt 0.58525900 0.69641200
vt 0.38936400 0.53877500
vt 0.20120200 0.86947700
vt 0.61647000 0.06885700
vt 0.26893000 0.36405400
vt 0.24133400 0.89685700
vt 0.49585200 0.24159600
vt 0.58894300 0.18849200
vt 0.61844600 0.46668600
vt 0.53435000 0.86329100
vt 0.43925600 0.14614200
vt 0.08932600 0.22972300
vt 0.65865800 0.47491700
vt 0.26121500 0.16588500
vt 0.22088500 0.07802900
vt 0.76623200 0.50075300
vt 0.20006700 0.67896900
vt 0.60536700 0.67968500
vt 0.28156600 0.31849600
vt 0.40217600 0.25929300
vt 0.79127300 0.26094400
vt 0.18659500 0.68903900
vt 0.77981500 0.12122700
vt 0.73365200 0.08741900
vt 0.15447400 0.55645200
vt 0.30708500 0.09854600
vt 0.24681000 0.86400900
vt 0.74232400 0.52417000
vt 0.16851900 0.68212200
vt 0.57223500 0.86965600
vt 0.44054500 0.30135000
vt 0.23801000 0.89089600
vt 0.86033500 0.23697800
vt 0.34642300 0.06711300
vt 0.17985700 0.04503800
vt 0.11829500 0.87089800
vt 0.09959000 0.76966500
vt 0.21922000 0.65848000
vt 0.56351000 0.73952300
vt 0.18812400 0.15051300
vt 0.29521900 0.27676000
vt 0.16167800 0.85576500
vt 0.56634400 0.87143100
vt 0.58224100 0.81316900
vt 0.47313500 0.68548400
vt 0.25178600 0.17459700
vt 0.26050800 0.12952500
vt 0.25238300 0.06037300
vt 0.85134600 0.13123400
vt 0.22964600 0.20747600
vt 0.22729700 0.64478400
vt 0.19972000 0.59727800
vt 0.10818400 0.67658800
vt 0.43964900 0.52973800
vt 0.58186300 0.67797200
vt 0.17142200 0.70896000
vt 0.71953300 0.48301400
vt 0.84051400 0.13894100
vt 0.72200000 0.69365200
vt 0.56875300 0.61896500
vt 0.19209500 0.13142600
vt 0.19823200 0.10552200
vt 0.55796900 0.63662000
vt 0.76347600 0.59301700
vt 0.77016400 0.56289700
vt 0.12756200 0.69941800
vt 0.21557200 0.85003100
vt 0.13534100 0.59683000
vt 0.02237100 0.27667300
vt 0.54704000 0.64104000
vt 0.26229300 0.52219200
vt 0.23597600 0.63569400
vt 0.17984300 0.64483700
vt 0.62146700 0.59419900
vt 0.90849300 0.24086000
vt 0.68143300 0.47815100
vt 0.30175600 0.44302600
vt 0.22579300 0.85107200
vt 0.19077300 0.64839200
vt 0.42433500 0.48250500
vt 0.58292800 0.57938000
vt 0.09563300 0.76193200
vt 0.20612400 0.57711100
vt 0.04140500 0.26322900
vt 0.08752900 0.23858300
vt 0.46008100 0.47423900
vt 0.62615300 0.15426600
vt 0.34680100 0.19588800
vt 0.60640700 0.03560700
vt 0.16714000 0.83452600
vt 0.78939500 0.27829900
vt 0.17904700 0.85365600
vt 0.17194700 0.72093600
vt 0.20522700 0.64994600
vt 0.53605600 0.19387900
vt 0.36614800 0.20746800
vt 0.54561600 0.61296100
vt 0.58587700 0.63304300
vt 0.25807800 0.40738200
vt 0.78794700 0.14386400
vt 0.25975400 0.15550400
vt 0.61409800 0.28064700
vt 0.11392400 0.19158900
vt 0.24156400 0.11045300
vt 0.50272800 0.64403100
vt 0.29491100 0.46266700
vt 0.55742300 0.08935700
vt 0.20788300 0.69933700
vt 0.07168700 0.80727700
vt 0.21840500 0.06268400
vt 0.64954100 0.10145400
vt 0.35190700 0.64668900
vt 0.61825200 0.06583100
vt 0.59903200 0.13110400
vt 0.18117800 0.66405100
vt 0.33118900 0.06833400
vt 0.56708500 0.06578000
vt 0.26769800 0.16238600
vt 0.56694700 0.05378100
vt 0.01874600 0.82906500
vt 0.56701900 0.08626600
vt 0.61007700 0.11317300
vt 0.16970300 0.83701900
vt 0.23359500 0.12979400
vt 0.31111500 0.48083200
vt 0.26143200 0.39153800
vt 0.59992400 0.12303400
vt 0.23378700 0.59799400
vt 0.89598600 0.10490700
vt 0.54528600 0.54410600
vt 0.09983500 0.72577300
vt 0.61382500 0.02136800
vt 0.61890900 0.05329100
vt 0.60752700 0.05247500
vt 0.23701100 0.56804000
vt 0.47014500 0.48797500
vt 0.33445200 0.26168100
vt 0.54621600 0.72424600
vt 0.09114000 0.77321700
vt 0.96451200 0.19744800
vt 0.08231300 0.82096200
vt 0.67925700 0.02492400
vt 0.16167300 0.86345300
vt 0.21216600 0.67804200
vt 0.52561900 0.57733300
vt 0.62632900 0.08171200
vt 0.76850800 0.28743800
vt 0.21420100 0.55665900
vt 0.59815400 0.72200800
vt 0.33551500 0.29237300
vt 0.64983400 0.07506000
vt 0.22602800 0.11482700
vt 0.25592300 0.48303300
vt 0.74665200 0.18569600
vt 0.76206600 0.11561100
vt 0.28081900 0.36006100
vt 0.71070500 0.33123700
vt 0.30082700 0.26385300
vt 0.27364400 0.87481000
vt 0.08388000 0.79041300
vt 0.96514600 0.09636600
vt 0.76422300 0.66194600
vt 0.01333000 0.82594100
vt 0.12263100 0.12717000
vt 0.65197600 0.17848400
vt 0.64138500 0.60021300
vt 0.58178700 0.69835100
vt 0.28239900 0.87966500
vt 0.54454500 0.72824500
vt 0.27872300 0.41759400
vt 0.56037600 0.64885300
vt 0.11723000 0.17220300
vt 0.95166600 0.12042700
vt 0.22007200 0.47910000
vt 0.19637900 0.36577600
vt 0.50686600 0.73050200
vt 0.14806300 0.07615400
vt 0.56777000 0.19171300
vt 0.18003500 0.61094100
vt 0.85458200 0.12231900
vt 0.22708400 0.21028800
vt 0.59338900 0.14679000
vt 0.41804600 0.05999400
vt 0.37240200 0.88890600
vt 0.20869300 0.67944700
vt 0.39883600 0.59261700
vt 0.49262700 0.05298000
vt 0.44279100 0.88741700
vt 0.09565400 0.64329000
vt 0.20199900 0.07497300
vt 0.77481600 0.50276900
vt 0.94578000 0.09835700
vt 0.15473900 0.84017000
vt 0.25127500 0.16649000
vt 0.58454200 0.07520200
vt 0.64739200 0.50983500
vt 0.77623700 0.48640900
vt 0.72539900 0.38342700
vt 0.11694500 0.15656300
vt 0.60202500 0.69838200
vt 0.57362100 0.65296100
vt 0.57428300 0.67279800
vt 0.14806700 0.61702700
vt 0.87415600 0.27591500
vt 0.26434800 0.43618000
vt 0.54173700 0.85511400
vt 0.58841700 0.02421800
vt 0.12878600 0.13284200
vt 0.29239900 0.26804700
vt 0.26703800 0.88248800
vt 0.25603900 0.88439600
vt 0.59363000 0.46699300
vt 0.53741800 0.88666700
vt 0.28390700 0.09298000
vt 0.51788300 0.24997200
vt 0.22805700 0.16555100
vt 0.22679000 0.56954500
vt 0.63269100 0.10964600
vt 0.59154100 0.73640100
vt 0.25885300 0.71377900
vt 0.07238500 0.25407200
vt 0.77456900 0.19973500
vt 0.69591000 0.61313400
vt 0.46198800 0.44099100
vt 0.26187700 0.64969400
vt 0.91267300 0.18639100
vt 0.45286500 0.17435900
vt 0.46163600 0.14296800
vt 0.77767700 0.17579700
vt 0.50725500 0.56981100
vt 0.79169000 0.34935700
vt 0.90146300 0.11494300
vt 0.89197100 0.25559200
vt 0.26726500 0.05460700
vt 0.21667600 0.91199500
vt 0.43062000 0.21601200
vt 0.50043200 0.14797400
vt 0.26739000 0.06604100
vt 0.62806100 0.08877200
vt 0.24240700 0.71834300
vt 0.45029100 0.05903200
vt 0.40275500 0.89039800
vt 0.77334800 0.13964300
vt 0.15450200 0.11310500
vt 0.27458700 0.63057900
vt 0.65838200 0.02645400
vt 0.20360800 0.16567600
vt 0.22611200 0.05334000
vt 0.87934600 0.23861900
vt 0.21972000 0.65514000
vt 0.66180900 0.31729900
vt 0.26748100 0.88630300
vt 0.49417600 0.67686600
vt 0.86640800 0.12048700
vt 0.19715200 0.57413900
vt 0.57720800 0.03814400
vt 0.78742500 0.39293400
vt 0.53037200 0.86989300
vt 0.20287000 0.20348000
vt 0.13357500 0.13084700
vt 0.61693100 0.03751400
vt 0.17161600 0.84613400
vt 0.56739000 0.48684500
vt 0.79718400 0.30785200
vt 0.56026000 0.06876500
vt 0.22636800 0.66451600
vt 0.54101100 0.73019900
vt 0.87297000 0.11664000
vt 0.21801800 0.55224100
vt 0.60929800 0.10858100
vt 0.62690900 0.10377100
vt 0.97947400 0.25065400
vt 0.54439800 0.05597100
vt 0.27335000 0.18636100
vt 0.23710500 0.63224500
vt 0.94872700 0.25597800
vt 0.26389000 0.67508000
vt 0.81060900 0.13265900
vt 0.06600200 0.83936700
vt 0.59067200 0.02853500
vt 0.41668700 0.68331000
vt 0.24405000 0.60658800
vt 0.60792000 0.13968100
vt 0.54871500 0.68435500
vt 0.58750000 0.56674700
vt 0.24751900 0.86140100
vt 0.11095700 0.72644200
vt 0.42148900 0.87931400
vt 0.50460500 0.84494100
vt 0.38322400 0.29578500
vt 0.18799700 0.64283400
vt 0.29480800 0.07085600
vt 0.58167000 0.58734400
vt 0.59597700 0.73139000
vt 0.51554600 0.72453200
vt 0.52465600 0.26823500
vt 0.74219700 0.49048100
vt 0.16647300 0.71897500
vt 0.07441700 0.83784400
vt 0.73512000 0.19486800
vt 0.68598100 0.60830800
vt 0.09430600 0.78391300
vt 0.11499200 0.18301800
vt 0.50320800 0.47741700
vt 0.32465600 0.17771300
vt 0.56479500 0.09602900
vt 0.42914600 0.45246100
vt 0.24994500 0.18067400
vt 0.59402200 0.13341000
vt 0.54070500 0.72713700
vt 0.79420200 0.15267300
vt 0.19608700 0.16388100
vt 0.31432600 0.67891900
vt 0.27671800 0.15507100
vt 0.54777600 0.62948700
vt 0.08656500 0.85593100
vt 0.14885200 0.04482500
vt 0.09545700 0.71256100
vt 0.79873600 0.32870500
vt 0.20596800 0.08472300
vt 0.76939300 0.47856800
vt 0.84908200 0.25760700
vt 0.59380300 0.09537500
vt 0.27951100 0.35757500
vt 0.70454500 0.53527100
vt 0.22042400 0.66312100
vt 0.19540000 0.66613000
vt 0.63772800 0.07557200
vt 0.76105600 0.54676900
vt 0.58159200 0.08677800
vt 0.20786600 0.21071700
vt 0.25258800 0.18385300
vt 0.20397500 0.66575600
vt 0.67464800 0.56881900
vt 0.57983200 0.72202700
vt 0.46770800 0.31538100
vt 0.25324800 0.72475200
vt 0.21412500 0.16728500
vt 0.76152500 0.30187500
vt 0.25420000 0.43802400
vt 0.60164600 0.08384000
vt 0.74531200 0.57767900
vt 0.62168100 0.70956300
vt 0.29245100 0.38175200
vt 0.21613800 0.65517200
vt 0.25257800 0.67681800
vt 0.29205900 0.08982600
vt 0.58271400 0.64511800
vt 0.27824600 0.34164600
vt 0.51652900 0.73535300
vt 0.14746900 0.18367300
vt 0.14299100 0.18650000
vt 0.54493900 0.71786500
vt 0.07689500 0.25161900
vt 0.65006000 0.20162800
vt 0.64627700 0.60236400
vt 0.18191200 0.13301600
vt 0.28370000 0.26707300
vt 0.85161900 0.11106800
vt 0.28794600 0.29644900
vt 0.80586300 0.12471000
vt 0.23160500 0.11757000
vt 0.27922400 0.09407700
vt 0.50834000 0.65574200
vt 0.65892700 0.46472200
vt 0.37090100 0.59163100
vt 0.59043200 0.08400100
vt 0.20206200 0.06348700
vt 0.79556500 0.32539100
vt 0.27036400 0.13414800
vt 0.17661900 0.86593100
vt 0.23220600 0.87962000
vt 0.13997500 0.59837400
vt 0.57201900 0.61443100
vt 0.26070100 0.43315000
vt 0.22850700 0.84239300
vt 0.07413500 0.25756800
vt 0.20917800 0.67055200
vt 0.19893100 0.86669000
vt 0.23861700 0.09995400
vt 0.50740300 0.67620600
vt 0.66663900 0.04352700
vt 0.19342200 0.11264600
vt 0.81157100 0.23431800
vt 0.69461800 0.02500600
vt 0.13022500 0.17686200
vt 0.21591500 0.69946000
vt 0.51133000 0.86728500
vt 0.23945900 0.85467700
vt 0.17875700 0.87565300
vt 0.62920700 0.28755100
vt 0.63157400 0.27098100
vt 0.37214400 0.34117400
vt 0.53415700 0.70365800
vt 0.10747600 0.72350700
vt 0.17432900 0.59514200
vt 0.16824300 0.71203000
vt 0.28223300 0.11197500
vt 0.14447800 0.82501900
vt 0.24897500 0.87025400
vt 0.15808000 0.61678300
vt 0.54441700 0.65782600
vt 0.17751400 0.32684000
vt 0.78160200 0.30192800
vt 0.30983800 0.28238500
vt 0.25070100 0.67198000
vt 0.15274900 0.66583600
vt 0.17888100 0.59018300
vt 0.23229100 0.84587200
vt 0.49982200 0.31186200
vt 0.16543900 0.67976900
vt 0.54568200 0.74155100
vt 0.76157500 0.66556500
vt 0.62799200 0.09850500
vt 0.55870400 0.63767400
vt 0.34903600 0.55164700
vt 0.22126500 0.86654000
vt 0.32126600 0.87958400
vt 0.79319400 0.14372600
vt 0.51526600 0.71569100
vt 0.28309000 0.27242100
vt 0.82994400 0.28631700
vt 0.21052900 0.13465500
vt 0.68135600 0.17702500
vt 0.72705100 0.19532700
vt 0.29256300 0.17756500
vt 0.36727400 0.47700500
vt 0.34832600 0.47327800
vt 0.60695200 0.06601000
vt 0.59505500 0.30367300
vt 0.45054700 0.13872900
vt 0.75309700 0.16642100
vt 0.54194600 0.64568700
vt 0.82735400 0.08239600
vt 0.55692100 0.07031300
vt 0.95788500 0.10807200
vt 0.60301600 0.70665100
vt 0.24596200 0.89146000
vt 0.97437200 0.21229500
vt 0.78857800 0.37095600
vt 0.59788500 0.85593700
vt 0.68499000 0.01749500
vt 0.04833100 0.24201400
vt 0.22900000 0.63991600
vt 0.68525500 0.03068500
vt 0.54177100 0.14710600
vt 0.17643700 0.61598300
vt 0.04728300 0.25285900
vt 0.28704800 0.10951300
vt 0.11181200 0.18935500
vt 0.19522600 0.63674700
vt 0.91948800 0.23840000
vt 0.63855400 0.08476400
vt 0.48485500 0.06047600
vt 0.47907900 0.07411400
vt 0.14334200 0.68477400
vt 0.77346000 0.10548300
vt 0.09121600 0.61968600
vt 0.01490400 0.28565300
vt 0.17474100 0.70359800
vt 0.03352700 0.27913400
vt 0.22394400 0.69634600
vt 0.20115600 0.20734900
vt 0.62020300 0.29775200
vt 0.24407800 0.64226900
vt 0.95091900 0.26816600
vt 0.95668400 0.09179600
vt 0.25997800 0.68087600
vt 0.80113900 0.22530200
vt 0.88706600 0.09058200
vt 0.07903800 0.32364100
vt 0.15039100 0.56036200
vt 0.78771200 0.32825600
vt 0.22937100 0.07801000
vt 0.23831600 0.08450000
vt 0.07692100 0.26270900
vt 0.58831300 0.72580200
vt 0.93559000 0.26189700
vt 0.58605600 0.09502900
vt 0.77166400 0.30714100
vt 0.21796000 0.88734100
vt 0.61076900 0.06679300
vt 0.07280300 0.79126700
vt 0.78773100 0.41790800
vt 0.89579700 0.21386400
vt 0.77499900 0.58636000
vt 0.98152200 0.16858300
vt 0.57847600 0.58293800
vt 0.47584000 0.57970000
vt 0.20461700 0.61506400
vt 0.20327400 0.55323900
vt 0.30471700 0.28100700
vt 0.08649500 0.72098700
vt 0.24873100 0.49431900
vt 0.21158100 0.63196000
vt 0.82717900 0.24436000
vt 0.73858800 0.18068100
vt 0.29288900 0.06900700
vt 0.25120300 0.89110200
vt 0.63244400 0.16669900
vt 0.73574300 0.63766100
vt 0.64618100 0.27738100
vt 0.50946800 0.69183500
vt 0.18759400 0.58140200
vt 0.72190700 0.17228300
vt 0.40039300 0.16958600
vt 0.69364000 0.16418500
vt 0.63041000 0.03943500
vt 0.39730800 0.14111300
vt 0.08336300 0.74424300
vt 0.51492400 0.59312600
vt 0.84899600 0.24185400
vt 0.58402200 0.12896900
vt 0.16187800 0.85065400
vt 0.25585500 0.72180400
vt 0.67137900 0.08592500
vt 0.20321200 0.12953400
vt 0.24200600 0.14063900
vt 0.35816900 0.22886400
vt 0.43966900 0.05798300
vt 0.39277700 0.88898500
vt 0.39177000 0.59481700
vt 0.58646300 0.65350600
vt 0.11676600 0.29092300
vt 0.79126000 0.17203500
vt 0.57073200 0.64498400
vt 0.54344500 0.86348900
vt 0.07899600 0.25580600
vt 0.17738400 0.87073500
vt 0.65270300 0.03417200
vt 0.21537100 0.51382300
vt 0.58022200 0.86015800
vt 0.75229000 0.68690600
vt 0.66900000 0.05115600
vt 0.58483100 0.84699700
vt 0.61737800 0.10652000
vt 0.15848500 0.07642800
vt 0.69473800 0.49860700
vt 0.24403100 0.05430100
vt 0.86731600 0.11066300
vt 0.27790600 0.11539700
vt 0.55609100 0.69393400
vt 0.63984500 0.39871700
vt 0.07416800 0.24805300
vt 0.20941000 0.06010700
vt 0.92902700 0.16846300
vt 0.59395100 0.66965500
vt 0.22640000 0.85586300
vt 0.21507800 0.07109200
vt 0.48541400 0.44899300
vt 0.18114500 0.60617500
vt 0.18030600 0.83684300
vt 0.77790100 0.32802000
vt 0.08013800 0.85748900
vt 0.14864100 0.05055500
vt 0.49345500 0.51382500
vt 0.56551500 0.68330500
vt 0.25659900 0.22351600
vt 0.10472200 0.74539900
vt 0.57629500 0.65598500
vt 0.25209000 0.50986000
vt 0.18712600 0.67960200
vt 0.62200500 0.58554300
vt 0.57429600 0.72674600
vt 0.74562100 0.68754200
vt 0.73318100 0.61505800
vt 0.93642900 0.10762200
vt 0.88562000 0.11922600
vt 0.16935600 0.70498100
vt 0.77307300 0.31714300
vt 0.13416800 0.12381100
vt 0.21997700 0.53882300
vt 0.70509700 0.49434700
vt 0.72129800 0.18537900
vt 0.47908700 0.24166100
vt 0.54414600 0.68396700
vt 0.20458700 0.67808800
vt 0.22432900 0.56398400
vt 0.19336300 0.70622600
vt 0.14687900 0.31982000
vt 0.79966100 0.27870900
vt 0.25913200 0.10805100
vt 0.19715200 0.58335400
vt 0.22507800 0.62899200
vt 0.97631800 0.24389800
vt 0.65066100 0.19070200
vt 0.69317100 0.23016600
vt 0.26928600 0.15232800
vt 0.36393500 0.18925600
vt 0.22939300 0.60421900
vt 0.54579900 0.67941500
vt 0.34208400 0.55846500
vt 0.18691700 0.86407300
vt 0.24004200 0.18576900
vt 0.33199100 0.28704600
vt 0.19565100 0.84258800
vt 0.61741100 0.15730800
vt 0.74206300 0.18765000
vt 0.24561000 0.06381600
vt 0.22654400 0.13165900
vt 0.74872000 0.50751300
vt 0.08339300 0.78170600
vt 0.14449200 0.85223100
vt 0.59239900 0.72870300
vt 0.56418300 0.08733200
vt 0.11519900 0.70021200
vt 0.65837100 0.05522100
vt 0.24633200 0.88494700
vt 0.78590200 0.38873400
vt 0.18932800 0.66425700
vt 0.17437400 0.83097300
vt 0.21764000 0.63035100
vt 0.14894400 0.67931900
vt 0.07009600 0.78364300
vt 0.80621900 0.21464200
vt 0.25938300 0.48892100
vt 0.22405100 0.90591400
vt 0.22272200 0.05647700
vt 0.24319700 0.53168000
vt 0.21873200 0.67035200
vt 0.21459600 0.67527900
vt 0.52278200 0.50061000
vt 0.64080000 0.31025800
vt 0.55044000 0.65602400
vt 0.59551800 0.06189900
vt 0.70670900 0.68929600
vt 0.15110400 0.60234500
vt 0.18212800 0.86900200
vt 0.12069800 0.16315000
vt 0.73071500 0.31192900
vt 0.05902300 0.28559400
vt 0.60183600 0.10719200
vt 0.50961200 0.72798200
vt 0.57323100 0.68236800
vt 0.42507200 0.26563200
vt 0.04284300 0.26769200
vt 0.72444300 0.68789000
vt 0.21951200 0.58060600
vt 0.21074500 0.59587300
vt 0.57801500 0.73903000
vt 0.52067300 0.72959400
vt 0.77997100 0.24119700
vt 0.24894600 0.66196900
vt 0.82117800 0.11899000
vt 0.52793600 0.62689800
vt 0.30323600 0.29257100
vt 0.61432400 0.57720600
vt 0.22677500 0.62376500
vt 0.75104600 0.69553900
vt 0.23456100 0.17475000
vt 0.24610400 0.53148900
vt 0.40841200 0.68390700
vt 0.13770800 0.13450000
vt 0.61465700 0.58164800
vt 0.25045900 0.19871900
vt 0.30475200 0.67743900
vt 0.50992500 0.87964000
vt 0.05911100 0.83499300
vt 0.76277900 0.20172000
vt 0.22096700 0.13821700
vt 0.20899700 0.61396800
vt 0.42597300 0.55094200
vt 0.54506300 0.73495800
vt 0.18832100 0.90906100
vt 0.51478400 0.68041900
vt 0.17449000 0.32797700
vt 0.16453300 0.12028600
vt 0.68207200 0.07281700
vt 0.60751100 0.18075200
vt 0.52332300 0.61365100
vt 0.03231900 0.26670400
vt 0.05939600 0.65581800
vt 0.36719300 0.43126100
vt 0.21298800 0.71652900
vt 0.24597800 0.10871100
vt 0.57493100 0.10356500
vt 0.77213700 0.57815100
vt 0.79306300 0.23492300
vt 0.24500200 0.20220200
vt 0.66758400 0.05635100
vt 0.49787700 0.85990700
vt 0.30045000 0.11191100
vt 0.52225100 0.62447100
vt 0.25529900 0.69101000
vt 0.36438800 0.88286000
vt 0.64404200 0.01973400
vt 0.97000200 0.24211100
vt 0.55395000 0.32649800
vt 0.15608400 0.86366100
vt 0.19695700 0.06614600
vt 0.57339700 0.05553700
vt 0.16335200 0.04532100
vt 0.10070100 0.86616400
vt 0.09021900 0.22429600
vt 0.09892700 0.22948800
vt 0.54765100 0.73687500
vt 0.06016600 0.83251400
vt 0.19356400 0.08855800
vt 0.22684800 0.10579500
vt 0.51332000 0.86365100
vt 0.22624100 0.54174800
vt 0.53725400 0.85985900
vt 0.22933500 0.12564200
vt 0.19343500 0.67007100
vt 0.45664000 0.88470600
vt 0.01958700 0.83844200
vt 0.08883000 0.23248200
vt 0.55930400 0.86953000
vt 0.37071300 0.67713600
vt 0.61978300 0.08256400
vt 0.63534300 0.12537600
vt 0.37545500 0.48760400
vt 0.22062300 0.61800700
vt 0.58312800 0.73290500
vt 0.07823500 0.24495000
vt 0.20551800 0.70094300
vt 0.60072000 0.74392100
vt 0.19222500 0.68354900
vt 0.22746900 0.11882200
vt 0.32458400 0.67540200
vt 0.03347800 0.27057100
vt 0.21459900 0.71851100
vt 0.07513900 0.83219900
vt 0.41792500 0.88311500
vt 0.78171900 0.43590000
vt 0.58505000 0.65731000
vt 0.12075200 0.14913300
vt 0.75165800 0.19176600
vt 0.55489500 0.55116800
vt 0.21180400 0.86779000
vt 0.59902600 0.72608500
vt 0.69284500 0.02065000
vt 0.60549900 0.85405600
vt 0.26937200 0.39790100
vt 0.18091500 0.84517000
vt 0.93105500 0.21120800
vt 0.55963200 0.66698800
vt 0.70775100 0.18449200
vt 0.33091600 0.24715500
vt 0.17097400 0.64549200
vt 0.26631600 0.50419800
vt 0.58945000 0.49438600
vt 0.75600500 0.61161500
vt 0.16869400 0.66996000
vt 0.56581300 0.12519700
vt 0.75709300 0.11229100
vt 0.44696700 0.17455000
vt 0.57670600 0.29751700
vt 0.26572100 0.70535800
vt 0.66775900 0.17275100
vt 0.50771400 0.18438900
vt 0.26142100 0.32665000
vt 0.49754100 0.59068900
vt 0.53495400 0.73081200
vt 0.77973300 0.49160400
vt 0.10391600 0.72054900
vt 0.40426400 0.20895300
vt 0.63336600 0.63867500
vt 0.27467300 0.68700800
vt 0.11965400 0.60174100
vt 0.18279300 0.90914400
vt 0.64625200 0.16506800
vt 0.55406200 0.12395400
vt 0.31142000 0.29589600
vt 0.59803300 0.08079700
vt 0.22692400 0.55697100
vt 0.22626200 0.86178700
vt 0.17747800 0.32317500
vt 0.14197900 0.67589400
vt 0.54829100 0.84536800
vt 0.82308300 0.20979800
vt 0.58993000 0.07846400
vt 0.19550400 0.09051100
vt 0.07719600 0.77202800
vt 0.60603700 0.72336800
vt 0.18249300 0.19878800
vt 0.56027500 0.09696400
vt 0.64089500 0.12135500
vt 0.74313100 0.55472000
vt 0.16458100 0.67260700
vt 0.50357700 0.69214300
vt 0.61988400 0.49007300
vt 0.91664000 0.11301100
vt 0.78907100 0.16440800
vt 0.20671600 0.55852000
vt 0.27117300 0.07271200
vt 0.16874800 0.59394200
vt 0.78033600 0.13206900
vt 0.29235000 0.09623600
vt 0.58913300 0.65003000
vt 0.39610900 0.51526300
vt 0.56370800 0.85607400
vt 0.10982300 0.85431500
vt 0.55907100 0.67463100
vt 0.21871000 0.65339800
vt 0.55158400 0.64850100
vt 0.27014200 0.06258000
vt 0.21671800 0.21401900
vt 0.73391700 0.09550400
vt 0.24061700 0.12767500
vt 0.54963100 0.69434800
vt 0.94935200 0.07931000
vt 0.75970700 0.69026100
vt 0.96499900 0.13164600
vt 0.01330900 0.83400600
vt 0.12717900 0.11971500
vt 0.89198500 0.12507000
vt 0.77246900 0.47162900
vt 0.49781200 0.71376600
vt 0.20426200 0.69729000
vt 0.39670600 0.27628800
vt 0.56775200 0.67837800
vt 0.59034500 0.48547400
vt 0.56279100 0.56893700
vt 0.11630700 0.73266200
vt 0.18634000 0.85861500
vt 0.23696700 0.20942600
vt 0.56395600 0.86672500
vt 0.16108500 0.62301100
vt 0.15853500 0.64097300
vt 0.90993000 0.16981700
vt 0.36239900 0.24381900
vt 0.17231100 0.62999800
vt 0.25144700 0.65653200
vt 0.71971000 0.61873700
vt 0.44626800 0.55721000
vt 0.15644700 0.64115600
vt 0.47177400 0.20304100
vt 0.65545900 0.11719600
vt 0.18917300 0.06045300
vt 0.37584500 0.22373500
vt 0.61437500 0.12726600
vt 0.57587000 0.11403300
vt 0.76706500 0.61314000
vt 0.62454000 0.09409500
vt 0.18019500 0.84735700
vt 0.18741400 0.56826200
vt 0.64762300 0.66349000
vt 0.60719600 0.06453700
vt 0.87969400 0.10491700
vt 0.19941000 0.66918000
vt 0.25614100 0.68500400
vt 0.53139300 0.69818500
vt 0.21210000 0.51096100
vt 0.38565900 0.58625800
vt 0.05458800 0.25450400
vt 0.24572500 0.21808100
vt 0.33513700 0.71921400
vt 0.20385700 0.55569000
vt 0.22016900 0.08238100
vt 0.21737200 0.65096300
vt 0.56956800 0.67560800
vt 0.63327500 0.06807000
vt 0.51833500 0.63002500
vt 0.59787100 0.26686700
vt 0.05059000 0.27248300
vt 0.80213300 0.27461000
vt 0.96112600 0.08909500
vt 0.76284100 0.67132400
vt 0.67315800 0.04284300
vt 0.16281700 0.12411400
vt 0.46010900 0.53156500
vt 0.20478300 0.83378200
vt 0.09707200 0.69540300
vt 0.28566300 0.08629500
vt 0.57620500 0.57380500
vt 0.42118900 0.51691100
vt 0.24795500 0.88162100
vt 0.51205000 0.84942800
vt 0.76694500 0.31758200
vt 0.07280100 0.30830100
vt 0.58242400 0.86814000
vt 0.66358800 0.01691200
vt 0.90199500 0.25352500
vt 0.55717000 0.66038800
vt 0.94242200 0.25071900
vt 0.66783300 0.07553600
vt 0.18388800 0.62240400
vt 0.24022500 0.67273000
vt 0.54152200 0.55527000
vt 0.20800100 0.70664200
vt 0.21671700 0.65413300
vt 0.33085500 0.67845700
vt 0.54189900 0.69923900
vt 0.18815800 0.07083700
vt 0.14888100 0.05645200
vt 0.57533800 0.69698700
vt 0.60340200 0.57879800
vt 0.60901600 0.72995500
vt 0.23517600 0.16658300
vt 0.09158200 0.61551200
vt 0.01832500 0.28628700
vt 0.20783400 0.71576800
vt 0.19848100 0.16653700
vt 0.26896600 0.08892000
vt 0.59874000 0.71672500
vt 0.95657500 0.23319300
vt 0.39589100 0.19183800
vt 0.15515100 0.70880100
vt 0.22696000 0.71501300
vt 0.51457200 0.72094000
vt 0.17675700 0.85682900
vt 0.17048200 0.68044400
vt 0.60880800 0.69075000
vt 0.26164900 0.14907900
vt 0.19367100 0.07438600
vt 0.79626600 0.38601900
vt 0.89235100 0.28731500
vt 0.45117100 0.59776100
vt 0.76076100 0.51140600
vt 0.36426100 0.39263600
vt 0.54002600 0.73758700
vt 0.20034100 0.83938800
vt 0.58835000 0.14513800
vt 0.37003800 0.15950400
vt 0.40823100 0.12216000
vt 0.65815900 0.12670300
vt 0.58849900 0.61821200
vt 0.16819900 0.69191800
vt 0.68256500 0.06205600
vt 0.23480100 0.90452800
vt 0.27933900 0.06266700
vt 0.50695600 0.66873600
vt 0.16226500 0.88400700
vt 0.64089900 0.49464900
vt 0.25790400 0.41862500
vt 0.70186900 0.46197700
vt 0.11310800 0.17169100
vt 0.14547200 0.05452800
vt 0.07484000 0.85508800
vt 0.53842300 0.73409500
vt 0.53505800 0.52848300
vt 0.64649200 0.54498900
vt 0.22559000 0.67254400
vt 0.28183300 0.22927300
vt 0.63645800 0.69935200
vt 0.59397800 0.75323600
vt 0.70006100 0.57288800
vt 0.43579100 0.49770700
vt 0.01813300 0.28092800
vt 0.12465700 0.13618200
vt 0.22851200 0.72429000
vt 0.52109000 0.75282900
vt 0.62782800 0.04181600
vt 0.20708700 0.72160400
vt 0.19353600 0.61060800
vt 0.58448800 0.69334500
vt 0.44133200 0.44986100
vt 0.74014800 0.61726000
vt 0.52719400 0.72700900
vt 0.29247800 0.68131000
vt 0.53973300 0.28421600
vt 0.17700900 0.67677600
vt 0.35276000 0.67959700
vt 0.11317400 0.82872400
vt 0.12572200 0.13019800
vt 0.77497600 0.12699700
vt 0.57237300 0.10679900
vt 0.40106200 0.55402200
vt 0.55446500 0.68529000
vt 0.12528800 0.16681600
vt 0.36889400 0.69142600
vt 0.16299800 0.86891000
vt 0.29073000 0.45540900
vt 0.25096700 0.69454700
vt 0.22091600 0.67742700
vt 0.31052900 0.55281300
vt 0.73180300 0.60773500
vt 0.96556300 0.25852700
vt 0.59267100 0.09068500
vt 0.18005800 0.19394300
vt 0.42576300 0.19199200
vt 0.74363900 0.20174400
vt 0.64338100 0.15291000
vt 0.53936900 0.64343900
vt 0.76164000 0.62872900
vt 0.60670100 0.66985700
vt 0.66684000 0.06192300
vt 0.24346000 0.09005700
vt 0.14630100 0.58730600
vt 0.79145500 0.37634200
vt 0.56492900 0.64594300
vt 0.51301700 0.67538900
vt 0.15004600 0.59552200
vt 0.57154700 0.70239300
vt 0.15605300 0.67811900
vt 0.59880400 0.15328900
vt 0.52095900 0.66734200
vt 0.20288200 0.71935100
vt 0.52545000 0.27418200
vt 0.16559600 0.70150500
vt 0.24767800 0.22260200
vt 0.75611800 0.11950300
vt 0.62258300 0.69033700
vt 0.60888600 0.13311700
vt 0.28860500 0.23419500
vt 0.60947800 0.30356800
vt 0.70934000 0.29473100
vt 0.79394900 0.13831500
vt 0.20698000 0.65557100
vt 0.51657300 0.64449100
vt 0.16135900 0.66386200
vt 0.18218900 0.71831900
vt 0.66099900 0.27490900
vt 0.51804700 0.85302900
vt 0.86767400 0.18849900
vt 0.20718400 0.65404200
vt 0.63358400 0.46035200
vt 0.12196800 0.31097300
vt 0.23832500 0.85018100
vt 0.30991400 0.06732400
vt 0.26723500 0.88990000
vt 0.19710500 0.07383300
vt 0.68237100 0.69162400
vt 0.15915500 0.18572300
vt 0.08163600 0.26138000
vt 0.44640500 0.49634500
vt 0.21817000 0.70067900
vt 0.30069700 0.30048100
vt 0.21696800 0.09502500
vt 0.19327200 0.72294500
vt 0.24417800 0.73518700
vt 0.65228700 0.10997800
vt 0.34468600 0.50574300
vt 0.58021100 0.68104200
vt 0.06832800 0.79403700
vt 0.91925700 0.10763700
vt 0.23145400 0.86276700
vt 0.57973900 0.65650500
vt 0.26578000 0.38300200
vt 0.14256900 0.85466400
vt 0.60486300 0.10372400
vt 0.56542300 0.05761500
vt 0.57879500 0.65714200
vt 0.20287400 0.62287900
vt 0.16171700 0.62916400
vt 0.18562000 0.87110000
vt 0.05176800 0.71095200
vt 0.03225700 0.22411100
vt 0.61577600 0.49745200
vt 0.51935300 0.87765800
vt 0.62774100 0.07672400
vt 0.22254600 0.71478200
vt 0.56600300 0.04473200
vt 0.27412200 0.36222400
vt 0.54679700 0.05913100
vt 0.68725900 0.25293300
vt 0.79503200 0.24958300
vt 0.56346600 0.89220100
vt 0.63183600 0.01165600
vt 0.25441400 0.46873300
vt 0.21018000 0.50798100
vt 0.16882100 0.34108000
vt 0.24755000 0.72261800
vt 0.58197100 0.73966400
vt 0.61495700 0.62489900
vt 0.53138200 0.85784000
vt 0.23392300 0.46129800
vt 0.58893500 0.72879100
vt 0.22107100 0.69818700
vt 0.31502300 0.19614500
vt 0.72021600 0.09123300
vt 0.73174500 0.18518700
vt 0.60330500 0.65220900
vt 0.70015600 0.01645800
vt 0.60951600 0.84680500
vt 0.23765300 0.60822400
vt 0.75421000 0.28287100
vt 0.23716800 0.70940700
vt 0.57304700 0.67879300
vt 0.59869900 0.13561400
vt 0.30165800 0.25288400
vt 0.25565500 0.45868500
vt 0.08194500 0.23405200
vt 0.21463200 0.90177600
vt 0.30653900 0.27478700
vt 0.32155000 0.06545400
vt 0.27946000 0.88819800
vt 0.49801600 0.86519900
vt 0.62677400 0.12915300
vt 0.62995300 0.01444500
vt 0.22829000 0.70114600
vt 0.22246400 0.08961500
vt 0.10848700 0.30389000
vt 0.92874300 0.10769100
vt 0.26868400 0.08272100
vt 0.25575700 0.49557100
vt 0.20586900 0.87153200
vt 0.25321200 0.18932500
vt 0.41368800 0.51338100
vt 0.75036700 0.56686900
vt 0.66018000 0.09335500
vt 0.45978300 0.25245600
vt 0.16833700 0.86058900
vt 0.09695000 0.62038000
vt 0.68943900 0.03548400
vt 0.60262400 0.73379600
vt 0.19373100 0.09847400
vt 0.56888800 0.56788900
vt 0.56927100 0.69655000
vt 0.56314200 0.69740100
vt 0.22636200 0.71783700
vt 0.56718500 0.72377900
vt 0.58340800 0.45044200
vt 0.16946000 0.58647700
vt 0.18504500 0.71698200
vt 0.22454600 0.84443800
vt 0.19858700 0.09183100
vt 0.27387300 0.17531400
vt 0.78758300 0.38601600
vt 0.42621200 0.55603300
vt 0.15737700 0.83257800
vt 0.60407100 0.72584200
vt 0.23665000 0.85735600
vt 0.08945800 0.71277800
vt 0.22544600 0.38726400
vt 0.22885400 0.44934400
vt 0.37555200 0.24415200
vt 0.43792800 0.22055100
vt 0.58819800 0.19423900
vt 0.48603600 0.23213500
vt 0.43858900 0.23891200
vt 0.08968100 0.74613000
vt 0.60341900 0.73044000
vt 0.68374200 0.02244100
vt 0.85723300 0.12869000
vt 0.47037900 0.14894600
vt 0.64578000 0.17306000
vt 0.69746200 0.64910100
vt 0.37353200 0.57894300
vt 0.81817300 0.26302900
vt 0.14821200 0.86997900
vt 0.24701000 0.10072300
vt 0.50373100 0.68913000
vt 0.36388400 0.43985200
vt 0.60853000 0.73608800
vt 0.14740700 0.85875800
vt 0.56124300 0.17735100
vt 0.35489100 0.59796000
vt 0.22922400 0.69174700
vt 0.22368200 0.22033300
vt 0.60248800 0.13316900
vt 0.05215200 0.26533500
vt 0.79898800 0.26837600
vt 0.47916600 0.10024900
vt 0.59550700 0.12538600
vt 0.97944800 0.27045900
vt 0.78145500 0.47707700
vt 0.23409400 0.72164400
vt 0.07850600 0.84043600
vt 0.12297900 0.68805500
vt 0.52195500 0.63599200
vt 0.22704800 0.63857700
vt 0.21749000 0.87359600
vt 0.26983100 0.07651800
vt 0.09503900 0.75008500
vt 0.17545400 0.12883200
vt 0.51960500 0.52761900
vt 0.11235900 0.69513600
vt 0.17764900 0.13416100
vt 0.17655400 0.89630400
vt 0.07230200 0.74723200
vt 0.93975000 0.11654900
vt 0.50273700 0.85762200
vt 0.23394100 0.08081300
vt 0.34998000 0.50329100
vt 0.89905700 0.10006600
vt 0.26072500 0.67241600
vt 0.50858600 0.68822100
vt 0.68791300 0.31748200
vt 0.08781000 0.82618500
vt 0.25284200 0.85136100
vt 0.08638200 0.22043300
vt 0.58559100 0.66210500
vt 0.39812600 0.68127800
vt 0.11604000 0.32674500
vt 0.17279800 0.53304300
vt 0.70766800 0.25313500
vt 0.20355200 0.13430400
vt 0.59926600 0.66949100
vt 0.50253300 0.55513300
vt 0.63826000 0.27835200
vt 0.33143400 0.44856800
vt 0.55814900 0.72600500
vt 0.53166600 0.63400400
vt 0.47922000 0.68874500
vt 0.21438300 0.51827300
vt 0.53191900 0.72859500
vt 0.24928600 0.18960500
vt 0.19457600 0.68802700
vt 0.12226400 0.73056200
vt 0.34598500 0.57259500
vt 0.61253800 0.60642700
vt 0.63704700 0.59882100
vt 0.95067300 0.17463300
vt 0.66444300 0.05915600
vt 0.91834700 0.09208500
vt 0.66366900 0.02848700
vt 0.08574200 0.25700000
vt 0.59912100 0.07463600
vt 0.59980500 0.09821200
vt 0.62392700 0.45233700
vt 0.56833500 0.71808300
vt 0.54687300 0.06461900
vt 0.24518200 0.85855600
vt 0.21162700 0.55746300
vt 0.81864400 0.19927900
vt 0.22693200 0.65574600
vt 0.77571200 0.54666200
vt 0.40633400 0.47708700
vt 0.44706700 0.61695300
vt 0.23238500 0.31456200
vt 0.14204900 0.84221900
vt 0.12527500 0.69286000
vt 0.11390200 0.86325200
vt 0.22387500 0.69972600
vt 0.52557200 0.88504700
vt 0.55120500 0.09069800
vt 0.58746800 0.11941500
vt 0.62056100 0.69328500
vt 0.14701700 0.17271600
vt 0.86906300 0.10480400
vt 0.49787100 0.69391500
vt 0.61790200 0.06021000
vt 0.16324300 0.71235800
vt 0.19682700 0.09700900
vt 0.25683700 0.08609600
vt 0.30442100 0.47521200
vt 0.59082900 0.67385400
vt 0.56506500 0.47076900
vt 0.21809800 0.85490100
vt 0.07829900 0.23109900
vt 0.53731300 0.65939900
vt 0.11513000 0.19984000
vt 0.18811300 0.86766100
vt 0.57259300 0.73327100
vt 0.39013900 0.68183400
vt 0.60502500 0.08155100
vt 0.17984500 0.61956300
vt 0.60033400 0.09674100
vt 0.26469200 0.68373300
vt 0.11700600 0.16402500
vt 0.16549000 0.88778300
vt 0.26076200 0.62975200
vt 0.12633400 0.15001800
vt 0.19376500 0.88745800
vt 0.28957500 0.55231300
vt 0.63535100 0.60968500
vt 0.11747900 0.18570300
vt 0.50038800 0.87234600
vt 0.22321300 0.36406500
vt 0.34736200 0.23394600
vt 0.76753200 0.16876400
vt 0.66082300 0.06866700
vt 0.12861600 0.87128400
vt 0.77438800 0.53460400
vt 0.55607600 0.57439100
vt 0.65456200 0.81763900
vt 0.75746400 0.01497700
vt 0.28550900 0.28982900
vt 0.95544500 0.27923100
vt 0.78395800 0.44830300
vt 0.55961700 0.05038600
vt 0.20323400 0.05920900
vt 0.68585100 0.30029900
vt 0.78348100 0.11292400
vt 0.23348800 0.14071800
vt 0.12471800 0.15542800
vt 0.14855100 0.83273600
vt 0.09108500 0.22103300
vt 0.58285600 0.31145800
vt 0.20904600 0.51801000
vt 0.87117900 0.24399900
vt 0.79187300 0.33468400
vt 0.09439300 0.70185800
vt 0.46954100 0.29886900
vt 0.25021800 0.06702400
vt 0.26320700 0.61497300
vt 0.24952700 0.54730100
vt 0.50872900 0.85805900
vt 0.64624600 0.02597600
vt 0.53416100 0.87107200
vt 0.62171000 0.02520500
vt 0.86171800 0.12027900
vt 0.29199700 0.30575400
vt 0.55151200 0.71879200
vt 0.78965200 0.30307700
vt 0.62855500 0.06447900
vt 0.60618500 0.05971800
vt 0.98271700 0.26627600
vt 0.78148800 0.48300800
vt 0.75519400 0.27888900
vt 0.26295100 0.12638400
vt 0.18682400 0.83182400
vt 0.55483200 0.86982900
vt 0.16830000 0.87340300
vt 0.20766700 0.63956900
vt 0.28247600 0.21341100
vt 0.38277300 0.50232500
vt 0.21214000 0.26482200
vt 0.56460800 0.73642300
vt 0.21577400 0.71192300
vt 0.52178700 0.87029200
vt 0.06496800 0.84357900
vt 0.35509100 0.27536000
vt 0.60292700 0.55483200
vt 0.21175000 0.70178000
vt 0.21578400 0.59622700
vt 0.62836800 0.60026600
vt 0.58428500 0.74673200
vt 0.21034500 0.91334500
vt 0.26293100 0.05207300
vt 0.58254200 0.09434900
vt 0.59709800 0.04870500
vt 0.54777800 0.62262300
vt 0.13875700 0.66061900
vt 0.49436000 0.74644300
vt 0.90891600 0.26995000
vt 0.64142400 0.49969100
vt 0.96369600 0.24576100
vt 0.42243100 0.45878000
vt 0.02551400 0.27342800
vt 0.57141800 0.06797200
vt 0.64439600 0.09138600
vt 0.60750000 0.07003400
vt 0.06806200 0.84606300
vt 0.30236900 0.23333200
vt 0.21765600 0.12748800
vt 0.08996800 0.63278700
vt 0.82340300 0.27729500
vt 0.52288800 0.64170600
vt 0.79345400 0.36268600
vt 0.53506300 0.73645800
vt 0.10592100 0.19619400
vt 0.23064700 0.71790200
vt 0.37278600 0.28403200
vt 0.28824700 0.10657100
vt 0.58834400 0.03622000
vt 0.14459200 0.84738700
vt 0.44784600 0.29315700
vt 0.55908200 0.65336300
vt 0.77611600 0.52625500
vt 0.52237400 0.74308200
vt 0.06669800 0.76884200
vt 0.54349500 0.72026300
vt 0.75337600 0.70801300
vt 0.93610900 0.07098400
vt 0.56414200 0.74645500
vt 0.21235700 0.16931500
vt 0.74016600 0.31820700
vt 0.53684400 0.69999400
vt 0.08160200 0.32129100
vt 0.14970700 0.55681600
vt 0.56553700 0.63958800
vt 0.23590700 0.84423600
vt 0.61903700 0.72692800
vt 0.78809100 0.43793700
vt 0.94461000 0.27863800
vt 0.21711600 0.59006300
vt 0.08302300 0.85138300
vt 0.21900800 0.19066100
vt 0.76179900 0.65839300
vt 0.23898500 0.13160700
vt 0.79429900 0.35162100
vt 0.20676600 0.71799000
vt 0.53017100 0.72040900
vt 0.50782300 0.86759200
vt 0.50232000 0.87580900
vt 0.57148000 0.69259400
vt 0.32950200 0.47835000
vt 0.20879400 0.16514100
vt 0.19770600 0.19830900
vt 0.28554200 0.67249400
vt 0.73113600 0.68640000
vt 0.12770700 0.32283400
vt 0.50155300 0.72797600
vt 0.06798000 0.25366100
vt 0.29728900 0.08352700
vt 0.34040800 0.52714800
vt 0.19077500 0.16439300
vt 0.24625200 0.85221100
vt 0.88405300 0.08342200
vt 0.58277400 0.06920400
vt 0.48919400 0.18265400
vt 0.21149300 0.61817800
vt 0.59125100 0.55566700
vt 0.54202400 0.73307700
vt 0.55741800 0.89098300
vt 0.15783000 0.68208000
vt 0.21559200 0.56072800
vt 0.22153600 0.84365600
vt 0.68654800 0.19009800
vt 0.46238300 0.18821800
vt 0.47031000 0.45647800
vt 0.49619200 0.17650000
vt 0.21230300 0.88887100
vt 0.29273500 0.24289200
vt 0.55592000 0.08300400
vt 0.27590200 0.20883700
vt 0.50242100 0.70071300
vt 0.95427500 0.27382700
vt 0.20559200 0.91094300
vt 0.62920300 0.17531800
vt 0.74521900 0.10651200
vt 0.64355000 0.13152500
vt 0.13053700 0.87392900
vt 0.19093400 0.04710800
vt 0.48560300 0.20312300
vt 0.70295900 0.30679300
vt 0.55804400 0.10454300
vt 0.24530800 0.48472900
vt 0.50550200 0.87923900
vt 0.58872300 0.13253300
vt 0.83667900 0.27025800
vt 0.22352000 0.63796000
vt 0.23277000 0.58146500
vt 0.12687900 0.15316400
vt 0.57116900 0.11721900
vt 0.54254500 0.70489200
vt 0.22615600 0.66051500
vt 0.24112600 0.65597200
vt 0.22635500 0.09146000
vt 0.85796100 0.12306500
vt 0.14734100 0.59437500
vt 0.59000600 0.04274900
vt 0.51119300 0.63859600
vt 0.60585300 0.71342900
vt 0.10250600 0.84246300
vt 0.56252400 0.06293500
vt 0.22289400 0.88586900
vt 0.20153800 0.05459900
vt 0.27421100 0.66838300
vt 0.61308300 0.73301600
vt 0.86391500 0.11644700
vt 0.48621900 0.52849000
vt 0.22645300 0.88186600
vt 0.17702500 0.84567500
vt 0.10084700 0.66901700
vt 0.66114900 0.03664700
vt 0.66600100 0.59088800
vt 0.43826500 0.69573000
vt 0.58398700 0.04847100
vt 0.61104800 0.67706000
vt 0.25551700 0.71344800
vt 0.24159700 0.86675000
vt 0.22596200 0.14075100
vt 0.42678800 0.17939100
vt 0.29950700 0.07639600
vt 0.58615200 0.13608700
vt 0.19900700 0.61954700
vt 0.27688900 0.49851200
vt 0.47552200 0.69434600
vt 0.42208500 0.17730200
vt 0.34993000 0.24604400
vt 0.22887300 0.27815600
vt 0.18707400 0.73110000
vt 0.20507200 0.84751100
vt 0.16717900 0.59121500
vt 0.16543500 0.66228300
vt 0.51728700 0.68368800
vt 0.76040700 0.69712900
vt 0.94339000 0.07855100
vt 0.33818000 0.19000000
vt 0.40547400 0.24105900
vt 0.34144700 0.88555300
vt 0.56270600 0.49249700
vt 0.27764900 0.57840400
vt 0.25398800 0.15347400
vt 0.10128300 0.73712800
vt 0.06155700 0.25168200
vt 0.59782700 0.03753100
vt 0.51044800 0.87564000
vt 0.25835800 0.88100200
vt 0.16787000 0.13298400
vt 0.25929600 0.10049100
vt 0.28314400 0.06759400
vt 0.24241300 0.90181000
vt 0.74938100 0.47166700
vt 0.52910100 0.17911000
vt 0.58227700 0.13997200
vt 0.68480800 0.17410900
vt 0.20423400 0.51878900
vt 0.55710200 0.09777400
vt 0.86188000 0.17269300
vt 0.14807200 0.56767600
vt 0.07214900 0.32542400
vt 0.20227000 0.84389800
vt 0.66563600 0.02409900
vt 0.69002900 0.69496300
vt 0.67204300 0.69617800
vt 0.58312200 0.71651600
vt 0.54165400 0.06179300
vt 0.18375700 0.08506700
vt 0.28660900 0.33841800
vt 0.30636300 0.25562500
vt 0.17153700 0.68247000
vt 0.28480900 0.45127600
vt 0.07634900 0.78557400
vt 0.77070200 0.32420600
vt 0.52551500 0.06043500
vt 0.65678500 0.06660000
vt 0.41934600 0.67321600
vt 0.16428200 0.86263400
vt 0.27447000 0.44956000
vt 0.94304000 0.27090300
vt 0.17991900 0.65604400
vt 0.14082500 0.59634400
vt 0.57282900 0.08767400
vt 0.23911400 0.09603800
vt 0.27909300 0.10190300
vt 0.24725300 0.09340800
vt 0.25157600 0.05309300
vt 0.18598900 0.67187800
vt 0.29378500 0.31003600
vt 0.04811100 0.25856200
vt 0.60988500 0.09808100
vt 0.79214200 0.28507400
vt 0.21636600 0.53769500
vt 0.60396100 0.11615200
vt 0.20959800 0.62147700
vt 0.79514400 0.12579600
vt 0.24476200 0.13231100
vt 0.22962600 0.65805700
vt 0.14093000 0.87039600
vt 0.55421200 0.73061000
vt 0.17592100 0.84672700
vt 0.24522700 0.16582800
vt 0.78396600 0.42239900
vt 0.55319600 0.63769200
vt 0.31767800 0.52593400
vt 0.61340000 0.55911900
vt 0.54908300 0.68187900
vt 0.92723700 0.14398300
vt 0.79383800 0.27809700
vt 0.48628700 0.55085600
vt 0.58971000 0.67005700
vt 0.68781600 0.02406200
vt 0.58742800 0.27293500
vt 0.12078700 0.66715700
vt 0.63564200 0.06035800
vt 0.66882300 0.17854300
vt 0.44988000 0.21220800
vt 0.18441200 0.67534600
vt 0.19604900 0.71402200
vt 0.08252500 0.27262400
vt 0.10766500 0.65486200
vt 0.15944200 0.33403100
vt 0.20420100 0.51078500
vt 0.10233500 0.62804200
vt 0.50537000 0.20961800
vt 0.67355000 0.18889900
vt 0.29730000 0.22428400
vt 0.28210400 0.22188800
vt 0.79616500 0.17462100
vt 0.23655300 0.13664300
vt 0.55502900 0.14599400
vt 0.26967100 0.34955800
vt 0.96769500 0.25072200
vt 0.10750500 0.15577200
vt 0.01256900 0.79450600
vt 0.67265000 0.09961300
vt 0.23238400 0.67709300
vt 0.24412900 0.86386200
vt 0.13267700 0.68729100
vt 0.10790600 0.69112900
vt 0.05595200 0.26258600
vt 0.16497500 0.90573300
vt 0.22852300 0.04742300
vt 0.67719200 0.08043900
vt 0.16025700 0.86044000
vt 0.14861900 0.12063900
vt 0.49559400 0.88729700
vt 0.54966600 0.05107700
vt 0.18292600 0.06757800
vt 0.36499400 0.06304100
vt 0.32210800 0.88885100
vt 0.72979300 0.68443900
vt 0.57906600 0.61733900
vt 0.25997900 0.84535400
vt 0.05594000 0.84136600
vt 0.22393700 0.63265800
vt 0.84683500 0.28419900
vt 0.76892200 0.61963800
vt 0.15125100 0.85627500
vt 0.72441300 0.38284200
vt 0.21288100 0.52201400
vt 0.62129200 0.30799200
vt 0.21005300 0.08161900
vt 0.57488000 0.66649700
vt 0.63692700 0.09538000
vt 0.65111700 0.26835700
vt 0.61697800 0.03397700
vt 0.25776000 0.12619200
vt 0.21245700 0.07740600
vt 0.57040900 0.08230900
vt 0.57807300 0.05510900
vt 0.66758500 0.49243200
vt 0.17437400 0.86759300
vt 0.59350600 0.66327200
vt 0.54269100 0.68934200
vt 0.30124900 0.28014700
vt 0.19481600 0.88322800
vt 0.22763600 0.17118000
vt 0.22683900 0.69741500
vt 0.59459200 0.05615000
vt 0.25952600 0.65092800
vt 0.57144000 0.65859100
vt 0.75297300 0.67590500
vt 0.25914700 0.64372200
vt 0.64460500 0.24323900
vt 0.20127900 0.69111800
vt 0.78643200 0.31249800
vt 0.18650100 0.86130700
vt 0.65515300 0.02152200
vt 0.26908900 0.66986400
vt 0.65237200 0.58141200
vt 0.51914500 0.58235900
vt 0.10481500 0.69209800
vt 0.76193300 0.31122300
vt 0.28686600 0.32686600
vt 0.18553300 0.32549900
vt 0.26487700 0.09409900
vt 0.87949100 0.11587200
vt 0.47091400 0.55039000
vt 0.55067500 0.63491400
vt 0.52989400 0.66806000
vt 0.12945200 0.13584300
vt 0.40465600 0.46885700
vt 0.48658400 0.30522300
vt 0.50598500 0.86082800
vt 0.49411500 0.14056000
vt 0.30864400 0.16927400
vt 0.57455200 0.17951400
vt 0.69774500 0.08081400
vt 0.59165000 0.13138700
vt 0.09132600 0.85197400
vt 0.87321600 0.22155300
vt 0.22143600 0.11060900
vt 0.19891500 0.68249900
vt 0.11072300 0.19443900
vt 0.19740200 0.08346900
vt 0.62178500 0.14416900
vt 0.56806000 0.15333000
vt 0.15614400 0.10102700
vt 0.52939000 0.69231000
vt 0.55776400 0.61367800
vt 0.53927100 0.67373700
vt 0.75316300 0.66626500
vt 0.32900800 0.43910200
vt 0.25878100 0.82661500
vt 0.13589200 0.15494600
vt 0.51998900 0.72339500
vt 0.97139300 0.27566500
vt 0.94839300 0.24795500
vt 0.21142100 0.05082700
vt 0.14589300 0.89160500
vt 0.73945300 0.68800200
vt 0.05530700 0.28893200
vt 0.12974900 0.30493200
vt 0.82084000 0.25240000
vt 0.95597300 0.14613700
vt 0.61316000 0.12383400
vt 0.43773000 0.06046000
vt 0.56684400 0.08136900
vt 0.03548400 0.84790100
vt 0.13880800 0.09103000
vt 0.55406700 0.69011600
vt 0.21333900 0.66701800
vt 0.23630500 0.70309800
vt 0.49885100 0.68660900
vt 0.58565700 0.66681200
vt 0.51672500 0.88078200
vt 0.21060400 0.66242700
vt 0.48101000 0.26853400
vt 0.55797900 0.87420200
vt 0.26720900 0.44934600
vt 0.57896300 0.08947900
vt 0.61074300 0.65956300
vt 0.80056400 0.30525000
vt 0.81131500 0.29318800
vt 0.23120200 0.07119600
vt 0.85611900 0.15227100
vt 0.08146600 0.81127700
vt 0.25517300 0.62417300
vt 0.23480000 0.06626600
vt 0.49393300 0.55970800
vt 0.53190800 0.68902900
vt 0.01004400 0.28607100
vt 0.09178400 0.62694400
vt 0.32171300 0.68332600
vt 0.55321400 0.64957200
vt 0.53687000 0.71761300
vt 0.79356300 0.19556300
vt 0.61224500 0.06606800
vt 0.22869500 0.71379400
vt 0.18039400 0.72122600
vt 0.07920000 0.82529800
vt 0.23086700 0.05070500
vt 0.78230000 0.39874100
vt 0.56429600 0.66818500
vt 0.77981600 0.54266600
vt 0.98886200 0.21154300
vt 0.50750300 0.59305300
vt 0.46868400 0.59930900
vt 0.41177800 0.54698900
vt 0.62365500 0.09194500
vt 0.25556600 0.87174700
vt 0.28098000 0.24099200
vt 0.24832700 0.51502200
vt 0.16635500 0.55525600
vt 0.60367100 0.19078700
vt 0.40403900 0.14359800
vt 0.54566200 0.69687700
vt 0.25321000 0.63549900
vt 0.36586900 0.58192200
vt 0.77934700 0.44747400
vt 0.11111500 0.79814700
vt 0.20533100 0.16746600
vt 0.50122400 0.88247600
vt 0.55527800 0.04694800
vt 0.55421200 0.66821700
vt 0.20956900 0.55250700
vt 0.75411900 0.31457500
vt 0.54990800 0.89282300
vt 0.16827700 0.84535900
vt 0.14232400 0.88118400
vt 0.20337600 0.04861400
vt 0.35068600 0.44266000
vt 0.24257800 0.37380900
vt 0.59024800 0.12242300
vt 0.57151800 0.04887700
vt 0.78912300 0.31989200
vt 0.49182000 0.48203200
vt 0.25818000 0.06330600
vt 0.13781600 0.11245200
vt 0.01364800 0.84476800
vt 0.10712300 0.20051800
vt 0.90262300 0.11014800
vt 0.94712700 0.21823100
vt 0.24357000 0.21529300
vt 0.25951600 0.67041900
vt 0.23625500 0.69723900
vt 0.78664000 0.40103200
vt 0.51262000 0.48239700
vt 0.29616100 0.06632400
vt 0.25285400 0.88680400
vt 0.62002000 0.54521000
vt 0.40208700 0.49316600
vt 0.73630800 0.57357600
vt 0.64297000 0.30493200
vt 0.56060600 0.67586900
vt 0.79052600 0.34204000
vt 0.51943600 0.86493900
vt 0.61307400 0.05281900
vt 0.77151600 0.60597300
vt 0.28509300 0.31850300
vt 0.14749300 0.15566700
vt 0.25794200 0.08194100
vt 0.89506400 0.15475400
vt 0.77711300 0.45819400
vt 0.71820000 0.30452500
vt 0.53551300 0.68778000
vt 0.74281600 0.56721600
vt 0.43294900 0.52122200
vt 0.51282300 0.26937300
vt 0.67053500 0.06155000
vt 0.05998100 0.28262900
vt 0.23115800 0.56455500
vt 0.17461500 0.32390500
vt 0.51587900 0.65377200
vt 0.23498100 0.86832000
vt 0.22832600 0.06506700
vt 0.52225000 0.55432900
vt 0.75885800 0.61701600
vt 0.54883200 0.55327900
vt 0.66453000 0.59906200
vt 0.18789500 0.84513300
vt 0.23052700 0.25149300
vt 0.25751300 0.70081600
vt 0.92458000 0.09945300
vt 0.43165900 0.27686000
vt 0.24709100 0.71652600
vt 0.50337600 0.87790100
vt 0.27485600 0.16008200
vt 0.01522100 0.78497200
vt 0.09661300 0.16185100
vt 0.53430500 0.88798900
vt 0.72571100 0.08741200
vt 0.59202300 0.74290700
vt 0.27494300 0.09059900
vt 0.73099600 0.09683300
vt 0.47974500 0.13607200
vt 0.60899700 0.14961900
vt 0.51614200 0.14175300
vt 0.52426200 0.13705300
vt 0.17941600 0.68807700
vt 0.52322000 0.85237100
vt 0.92907500 0.23644800
vt 0.18166800 0.84290200
vt 0.17587500 0.18852100
vt 0.80825500 0.28052700
vt 0.69472500 0.68875100
vt 0.32762600 0.65009300
vt 0.22892000 0.64566600
vt 0.27903400 0.65352000
vt 0.77906400 0.48153100
vt 0.56229000 0.69216800
vt 0.45279700 0.36833900
vt 0.08875300 0.78440800
vt 0.22705400 0.46387400
vt 0.78015700 0.46010100
vt 0.96733900 0.27916000
vt 0.57400800 0.86073300
vt 0.47528300 0.25983100
vt 0.14041800 0.07877700
vt 0.04812600 0.84992000
vt 0.50334100 0.46765200
vt 0.21520900 0.06135500
vt 0.96808000 0.11993700
vt 0.16950900 0.15860100
vt 0.23206600 0.62662600
vt 0.18660400 0.70309300
vt 0.35835000 0.68442000
vt 0.21730700 0.26229800
vt 0.23615700 0.88654600
vt 0.22142000 0.67513700
vt 0.22185300 0.62038500
vt 0.23210400 0.71478300
vt 0.08983000 0.72132400
vt 0.26170500 0.17736100
vt 0.21824800 0.65449700
vt 0.86252600 0.12739500
vt 0.27207400 0.48836100
vt 0.17042100 0.68971100
vt 0.09374300 0.80071400
vt 0.23797900 0.23193700
vt 0.21697100 0.68108600
vt 0.61941000 0.13880700
vt 0.72558100 0.18473900
vt 0.72483600 0.62213200
vt 0.26007700 0.40999800
vt 0.11172500 0.60735400
vt 0.54235900 0.86609300
vt 0.30754800 0.28923200
vt 0.26494700 0.64250200
vt 0.15142300 0.88011800
vt 0.51779300 0.20810700
vt 0.65391300 0.18322700
vt 0.84858700 0.12666000
vt 0.24495700 0.88299600
vt 0.29560200 0.31342400
vt 0.25063800 0.48409400
vt 0.16957300 0.61668800
vt 0.94902000 0.10634900
vt 0.26294800 0.71545300
vt 0.12504400 0.86992400
vt 0.43712800 0.14016600
vt 0.12674000 0.16444700
vt 0.27349500 0.27295700
vt 0.64011500 0.01556200
vt 0.09747600 0.20581400
vt 0.62525500 0.21429500
vt 0.60526600 0.20790200
vt 0.43628400 0.58554300
vt 0.20561200 0.60089400
vt 0.13269200 0.70201600
vt 0.32102700 0.45759800
vt 0.21990100 0.64627200
vt 0.78316300 0.50887600
vt 0.98850300 0.24300700
vt 0.16304800 0.84075600
vt 0.03152800 0.83060900
vt 0.57313700 0.14503600
vt 0.54388700 0.88904600
vt 0.47337400 0.46588800
vt 0.94315900 0.10791100
vt 0.57518200 0.87444900
vt 0.65673400 0.01150200
vt 0.55625400 0.67214500
vt 0.54504300 0.66501100
vt 0.18919600 0.86649000
vt 0.66120600 0.05214700
vt 0.22034300 0.09905400
vt 0.78963800 0.37913300
vt 0.06699400 0.30370800
vt 0.54775100 0.86440900
vt 0.67683100 0.69143400
vt 0.59907700 0.62796700
vt 0.14705700 0.85479600
vt 0.51174000 0.71792900
vt 0.59508000 0.10359500
vt 0.28822600 0.48374300
vt 0.05378300 0.82753500
vt 0.23642600 0.21150100
vt 0.49260200 0.69443000
vt 0.22421500 0.57200600
vt 0.58752200 0.09840700
vt 0.23009800 0.08944500
vt 0.24566800 0.12850400
vt 0.26540100 0.06897100
vt 0.23588600 0.67234200
vt 0.63150400 0.55851100
vt 0.26828200 0.18836700
vt 0.26385100 0.39648000
vt 0.30875900 0.87384100
vt 0.23993800 0.68161500
vt 0.61424400 0.04023600
vt 0.58942900 0.02010400
vt 0.53290600 0.89125100
vt 0.81579700 0.12657500
vt 0.88714600 0.10871700
vt 0.47851800 0.18434400
vt 0.67796200 0.06995900
vt 0.28920400 0.09611300
vt 0.24123600 0.14491700
vt 0.60919300 0.59284000
vt 0.83531600 0.13751200
vt 0.24805500 0.84259900
vt 0.43742000 0.26415600
vt 0.10432800 0.75544900
vt 0.52109900 0.86222000
vt 0.64294300 0.16986000
vt 0.41741800 0.23504800
vt 0.23476900 0.05757900
vt 0.73504900 0.16931400
vt 0.47064600 0.05720100
vt 0.42188700 0.88996000
vt 0.64495500 0.62541800
vt 0.19078900 0.65756000
vt 0.06856500 0.25690400
vt 0.56066200 0.27025900
vt 0.88828400 0.11568400
vt 0.73195300 0.78839900
vt 0.84413700 0.05896000
vt 0.54518900 0.67206400
vt 0.53965200 0.66499700
vt 0.30365200 0.27542800
vt 0.28545800 0.12290300
vt 0.29888600 0.10042700
vt 0.68490000 0.16052400
vt 0.72849500 0.16244300
vt 0.62468400 0.08767300
vt 0.84598300 0.29735100
vt 0.79950500 0.33916800
vt 0.61656700 0.69649300
vt 0.72192700 0.69095500
vt 0.31434100 0.18263000
vt 0.52824500 0.15548900
vt 0.12616800 0.19007900
vt 0.56371100 0.10782800
vt 0.84251600 0.15721000
vt 0.62574600 0.01172700
vt 0.55980500 0.89391400
vt 0.34321100 0.26570600
vt 0.09769300 0.61541400
vt 0.57605100 0.05020300
vt 0.51428100 0.63010500
vt 0.18781700 0.71491200
vt 0.25301200 0.20281300
vt 0.70697000 0.27823500
vt 0.57232400 0.30536300
vt 0.78452800 0.41527800
vt 0.17297100 0.84068200
vt 0.18613300 0.09741400
vt 0.13602600 0.87186300
vt 0.39803200 0.88517300
vt 0.25417900 0.08938400
vt 0.64344400 0.29475200
vt 0.26333400 0.11501200
vt 0.19099900 0.59254300
vt 0.23957400 0.13000700
vt 0.23144600 0.66584300
vt 0.67449900 0.32637300
vt 0.51356600 0.69573000
vt 0.19339300 0.64266100
vt 0.34981100 0.67401500
vt 0.34101500 0.46573600
vt 0.17326700 0.33551600
vt 0.81650400 0.28177000
vt 0.16565900 0.67647900
vt 0.68176800 0.02547300
vt 0.20625600 0.11264900
vt 0.25349500 0.08281500
vt 0.34135600 0.47937200
vt 0.79684800 0.31253200
vt 0.79485700 0.31792400
vt 0.56780000 0.64900000
vt 0.13264100 0.12893700
vt 0.59399100 0.10538300
vt 0.21154100 0.64716700
vt 0.60035200 0.29505300
vt 0.53195200 0.62957300
vt 0.53496000 0.63022400
vt 0.47636200 0.54529000
vt 0.45198300 0.54288400
vt 0.56597000 0.88973600
vt 0.63658300 0.01180600
vt 0.50597600 0.86445300
vt 0.16425900 0.62113500
vt 0.54706100 0.64839900
vt 0.56637700 0.65286500
vt 0.53191400 0.73438100
vt 0.64017400 0.18244100
vt 0.28339200 0.20263000
vt 0.56459700 0.24379900
vt 0.67955500 0.18390000
vt 0.43588900 0.17798100
vt 0.53946800 0.67762800
vt 0.12790700 0.68858900
vt 0.79430200 0.33112300
vt 0.50070100 0.26649600
vt 0.30522100 0.26598300
vt 0.82626100 0.29490600
vt 0.80196600 0.31925000
vt 0.60727400 0.17154400
vt 0.71339900 0.19802100
vt 0.75577700 0.64737100
vt 0.41225700 0.57448500
vt 0.28215700 0.32847500
vt 0.12520900 0.30907500
vt 0.22193300 0.06237600
vt 0.46538800 0.13312500
vt 0.66683800 0.10332400
vt 0.15446300 0.05020800
vt 0.52408800 0.05783100
vt 0.76205000 0.45917000
vt 0.08960800 0.73781400
vt 0.82372100 0.13024300
vt 0.58099300 0.86486800
vt 0.16984200 0.84029900
vt 0.79731300 0.34854900
vt 0.85510200 0.29758000
vt 0.62513500 0.07094400
vt 0.61851200 0.13406900
vt 0.48297400 0.44114500
vt 0.19292500 0.89375600
vt 0.71550200 0.49225700
vt 0.77577300 0.47474900
vt 0.60781200 0.71751700
vt 0.53995300 0.09573100
vt 0.84719800 0.19245200
vt 0.77408200 0.49263900
vt 0.56039200 0.07678500
vt 0.23909300 0.08944100
vt 0.59110800 0.50248400
vt 0.21152900 0.65266100
vt 0.12910100 0.12865400
vt 0.59052000 0.09983500
vt 0.51584400 0.85996700
vt 0.67304100 0.01823200
vt 0.58848800 0.86169600
vt 0.09592200 0.21729500
vt 0.18175700 0.16231400
vt 0.79337600 0.30801800
vt 0.27324700 0.12408700
vt 0.64206600 0.56065500
vt 0.22081800 0.66613600
vt 0.81152900 0.15280100
vt 0.34091300 0.67677800
vt 0.56980200 0.66194300
vt 0.18587600 0.60148800
vt 0.64558800 0.69498700
vt 0.27255200 0.11793600
vt 0.19958300 0.21092900
vt 0.20267200 0.62700900
vt 0.57877900 0.66473300
vt 0.15388000 0.88542000
vt 0.56861500 0.07243500
vt 0.77830200 0.51902800
vt 0.25299800 0.71372700
vt 0.39531400 0.23860100
vt 0.46396300 0.18036800
vt 0.19434000 0.65998600
vt 0.13756500 0.17835400
vt 0.55952300 0.05514000
vt 0.24999100 0.87662100
vt 0.64087100 0.06949300
vt 0.62163500 0.05979500
vt 0.82814200 0.12758000
vt 0.74501000 0.20939600
vt 0.76902600 0.58014400
vt 0.25074800 0.68930500
vt 0.48414200 0.88875800
vt 0.53687100 0.05174800
vt 0.23302200 0.72909800
vt 0.13173200 0.12202600
vt 0.20246800 0.68510300
vt 0.57454200 0.71852800
vt 0.25368100 0.11165400
vt 0.71246700 0.17961600
vt 0.74327800 0.16430000
vt 0.48098100 0.17776900
vt 0.25708000 0.07617600
vt 0.55534100 0.06240300
vt 0.82286900 0.13883900
vt 0.21186900 0.10245200
vt 0.22569500 0.89441600
vt 0.71229900 0.15714300
vt 0.53368900 0.20414400
vt 0.54586200 0.09115600
vt 0.55337400 0.06059200
vt 0.20821300 0.55496900
vt 0.61054000 0.72152600
vt 0.19482100 0.64694400
vt 0.19864000 0.63827500
vt 0.25706500 0.42921800
vt 0.53623400 0.17220100
vt 0.30412600 0.15991500
vt 0.27072300 0.46601000
vt 0.71770800 0.47395400
vt 0.08106200 0.81793400
vt 0.52042200 0.71809200
vt 0.12030400 0.60646300
vt 0.19986400 0.58158900
vt 0.20907500 0.28313500
vt 0.93448200 0.08868300
vt 0.51612700 0.87361000
vt 0.95539600 0.26202000
vt 0.74553500 0.76589300
vt 0.87508400 0.06840000
vt 0.11477100 0.60868300
vt 0.33932000 0.88862900
vt 0.38310300 0.06159100
vt 0.62464500 0.69308300
vt 0.55631600 0.05322500
vt 0.20509800 0.89724000
vt 0.15859700 0.65708300
vt 0.60941500 0.69518400
vt 0.39262300 0.67558300
vt 0.13802700 0.87402000
vt 0.58875100 0.67726300
vt 0.78227200 0.52100400
vt 0.98996400 0.23219900
vt 0.55381000 0.64584500
vt 0.25656000 0.67344100
vt 0.09670900 0.79158400
vt 0.18266200 0.05512600
vt 0.18163300 0.69418400
vt 0.15513400 0.85854800
vt 0.85188700 0.08617900
vt 0.24063000 0.63333300
vt 0.10164000 0.68763500
vt 0.08221900 0.24689700
vt 0.20602400 0.71283800
vt 0.28771900 0.07224800
vt 0.25006300 0.89840300
vt 0.79082500 0.38280100
vt 0.20435300 0.63932900
vt 0.43318300 0.68418300
vt 0.17915100 0.63838800
vt 0.58500200 0.55967000
vt 0.50714500 0.85398400
vt 0.18476700 0.89706200
vt 0.10348400 0.61371200
vt 0.61501100 0.71925500
vt 0.49523800 0.68951400
vt 0.60950500 0.65000100
vt 0.78689100 0.16592200
vt 0.25805400 0.06914500
vt 0.24526700 0.66823400
vt 0.49108900 0.53761600
vt 0.76509200 0.11055400
vt 0.62154800 0.47389700
vt 0.69669900 0.04481700
vt 0.34937200 0.43466000
vt 0.62247200 0.05567700
vt 0.14715100 0.88506500
vt 0.61630000 0.04734000
vt 0.58152300 0.65165300
vt 0.26629600 0.69446100
vt 0.73648400 0.20447100
vt 0.75147600 0.24276300
vt 0.58997500 0.65579000
vt 0.57136800 0.57506300
vt 0.51778200 0.70534200
vt 0.01562300 0.84025600
vt 0.58073100 0.72505100
vt 0.13663200 0.68125200
vt 0.20264300 0.72636000
vt 0.23809700 0.04651600
vt 0.17716800 0.91109600
vt 0.82338700 0.11628800
vt 0.25025400 0.84784900
vt 0.39508000 0.54733900
vt 0.26212500 0.46067300
vt 0.22997200 0.57189000
vt 0.56751600 0.70208200
vt 0.64107900 0.04499200
vt 0.48387500 0.15651800
vt 0.38823500 0.54833700
vt 0.04796700 0.26288300
vt 0.16715900 0.85600100
vt 0.23928000 0.17253600
vt 0.12771300 0.12424500
vt 0.54034100 0.62295300
vt 0.18587500 0.88757500
vt 0.33255500 0.16767900
vt 0.38599500 0.12877300
vt 0.78376400 0.40685400
vt 0.78925600 0.35738400
vt 0.96686100 0.22124600
vt 0.25838300 0.46676500
vt 0.40451200 0.44399900
vt 0.24036300 0.33135800
vt 0.53096200 0.64394700
vt 0.67170000 0.68953900
vt 0.05911300 0.30913200
vt 0.12619000 0.57465500
vt 0.15611000 0.59258300
vt 0.76555700 0.47268500
vt 0.17114900 0.66709100
vt 0.24984700 0.09221800
vt 0.51410000 0.06305500
vt 0.33732000 0.40818000
vt 0.12027200 0.67310900
vt 0.42762500 0.44024800
vt 0.10447100 0.67802400
vt 0.17540000 0.67328100
vt 0.16584700 0.62606300
vt 0.24325000 0.55722600
vt 0.37747100 0.86638000
vt 0.26878800 0.12623100
vt 0.26444800 0.07550000
vt 0.71303300 0.51045300
vt 0.56524600 0.50077700
vt 0.79724500 0.24644200
vt 0.25958900 0.15972400
vt 0.51212300 0.41126900
vt 0.09780000 0.85086000
vt 0.16798200 0.67697600
vt 0.63167000 0.11351500
vt 0.59492600 0.62897200
vt 0.63717000 0.02290200
vt 0.20697700 0.54589200
vt 0.60537400 0.02967300
vt 0.26186900 0.87829200
vt 0.49526000 0.69935600
vt 0.54585400 0.65718300
vt 0.87455300 0.10982700
vt 0.57487800 0.61961200
vt 0.22352500 0.59736700
vt 0.62902700 0.02002400
vt 0.30704900 0.24891700
vt 0.74348800 0.40560900
vt 0.35711600 0.45223000
vt 0.17155800 0.70475500
vt 0.14254700 0.86600200
vt 0.53345400 0.86698400
vt 0.64898400 0.06267100
vt 0.19867700 0.61450100
vt 0.55948400 0.58156300
vt 0.56480300 0.55332100
vt 0.17274200 0.88019700
vt 0.04838500 0.84640700
vt 0.40281700 0.43619700
vt 0.18998800 0.31182000
vt 0.39505000 0.22441200
vt 0.22983100 0.08320200
vt 0.21433500 0.13663400
vt 0.39210300 0.55494400
vt 0.42017700 0.55692000
vt 0.48198700 0.58534700
vt 0.14686200 0.69132200
vt 0.58776900 0.72013800
vt 0.27875900 0.08074200
vt 0.77038700 0.62848000
vt 0.97199400 0.12707100
vt 0.53453400 0.30873900
vt 0.23966700 0.84812700
vt 0.42784500 0.56624100
vt 0.53662900 0.65017200
vt 0.33625500 0.60935400
vt 0.56184700 0.63342100
vt 0.52357000 0.70772000
vt 0.12446500 0.17445400
vt 0.70539600 0.02942600
vt 0.15735600 0.88691300
vt 0.85723000 0.19563100
vt 0.16731300 0.17423300
vt 0.91553500 0.11947300
vt 0.32729500 0.88609600
vt 0.18655500 0.66592100
vt 0.52327500 0.73833100
vt 0.77213200 0.45098400
vt 0.15957600 0.31639100
vt 0.18611300 0.09132300
vt 0.60597100 0.70687500
vt 0.24148000 0.85910400
vt 0.46802100 0.27686500
vt 0.23006500 0.89885800
vt 0.20148200 0.65375500
vt 0.56199600 0.47934200
vt 0.54047600 0.13607500
vt 0.59302700 0.03506900
vt 0.87216600 0.25647400
vt 0.23013200 0.71510300
vt 0.78131900 0.42842500
vt 0.15926100 0.71971100
vt 0.21591700 0.17773500
vt 0.47245200 0.49529800
vt 0.45513400 0.49786900
vt 0.54377200 0.49895000
vt 0.56994500 0.44681300
vt 0.45526000 0.26826000
vt 0.65532500 0.01454200
vt 0.57632200 0.86557800
vt 0.57214200 0.09422800
vt 0.50466400 0.65100600
vt 0.18616500 0.70976800
vt 0.07089400 0.26042800
vt 0.21515200 0.08564700
vt 0.76430800 0.65166900
vt 0.96925600 0.10461300
vt 0.28329000 0.28010900
vt 0.09495800 0.60841800
vt 0.02451100 0.28893600
vt 0.76041500 0.06375700
vt 0.59183400 0.85766000
vt 0.67852500 0.01606800
vt 0.76264900 0.48823500
vt 0.10542300 0.60701600
vt 0.14992000 0.68155600
vt 0.26214200 0.42918500
vt 0.63325700 0.26423100
vt 0.96320600 0.23878000
vt 0.56369900 0.87521700
vt 0.77646900 0.11492400
vt 0.25770000 0.15042700
vt 0.40525300 0.17950300
vt 0.13831100 0.87655800
vt 0.19836500 0.04910800
vt 0.70403900 0.50610300
vt 0.79502500 0.26848000
vt 0.40786100 0.29261300
vt 0.24764200 0.50193900
vt 0.22329200 0.83023200
vt 0.16117700 0.18058300
vt 0.55101500 0.59872400
vt 0.59683300 0.09440700
vt 0.31052900 0.68784200
vt 0.55519700 0.67728400
vt 0.74721800 0.09967400
vt 0.11388000 0.60034900
vt 0.22978200 0.70905500
vt 0.05026200 0.26682600
vt 0.54443500 0.88216200
vt 0.25034300 0.41529300
vt 0.25350700 0.42687700
vt 0.21166900 0.72707400
vt 0.13349500 0.32150800
vt 0.43021400 0.22703600
vt 0.25911700 0.88766900
vt 0.30235400 0.06609400
vt 0.71869100 0.50324100
vt 0.17201700 0.86396600
vt 0.21223900 0.85077300
vt 0.16135600 0.88834300
vt 0.27577400 0.06106700
vt 0.23012600 0.90760600
vt 0.27562000 0.67645100
vt 0.23938900 0.12459600
vt 0.49863700 0.05882500
vt 0.60408300 0.14328900
vt 0.23746200 0.05128500
vt 0.52091500 0.85869200
vt 0.31791100 0.15819300
vt 0.34856300 0.06266000
vt 0.30641000 0.88706600
vt 0.55255400 0.13542000
vt 0.69289500 0.08795600
vt 0.21286300 0.11027000
vt 0.24039600 0.08765800
vt 0.24140800 0.50025000
vt 0.09072300 0.79812600
vt 0.52956500 0.44435300
vt 0.57445000 0.72081700
vt 0.60448000 0.71815300
vt 0.50446100 0.05992300
vt 0.35434400 0.87385800
vt 0.77687400 0.50433900
vt 0.42144300 0.06311300
vt 0.25577400 0.50250800
vt 0.77555700 0.51727200
vt 0.06550300 0.25987800
vt 0.18777500 0.85212400
vt 0.06302900 0.84773400
vt 0.01936600 0.27016400
vt 0.07248200 0.64761800
vt 0.75394100 0.32257000
vt 0.22625100 0.87278200
vt 0.11576500 0.75707800
vt 0.40548000 0.67967800
vt 0.54125100 0.61893600
vt 0.79726300 0.10181700
vt 0.55313400 0.26146300
vt 0.29332800 0.09976200
vt 0.68562300 0.27222100
vt 0.24478800 0.65073000
vt 0.58695400 0.70683500
vt 0.77632600 0.46826100
vt 0.22824600 0.64277400
vt 0.08357100 0.23821500
vt 0.13260700 0.60644300
vt 0.04651500 0.28118000
vt 0.24881400 0.08335500
vt 0.27473800 0.34924400
vt 0.60575800 0.63877300
vt 0.19074300 0.59945800
vt 0.72169100 0.28528500
vt 0.18951600 0.14039200
vt 0.61851900 0.11842600
vt 0.19402900 0.08267100
vt 0.49727900 0.57207300
vt 0.67825400 0.61332800
vt 0.71197600 0.60440100
vt 0.55793100 0.05742300
vt 0.54907700 0.73189900
vt 0.21407800 0.57993500
vt 0.57865600 0.63659000
vt 0.59046300 0.66418300
vt 0.27151400 0.19443200
vt 0.09609900 0.75760000
vt 0.27678200 0.26443300
vt 0.60014000 0.16665700
vt 0.31611800 0.88549000
vt 0.58596000 0.08772600
vt 0.42210600 0.14317400
vt 0.38759200 0.17748800
vt 0.67494900 0.07128300
vt 0.23084500 0.65368200
vt 0.57798600 0.61326800
vt 0.19047100 0.60689200
vt 0.21847300 0.51995400
vt 0.74789100 0.33319600
vt 0.21695500 0.86281400
vt 0.22357300 0.65306400
vt 0.64721400 0.16159300
vt 0.25540500 0.14149000
vt 0.54190800 0.18445300
vt 0.72946500 0.72119100
vt 0.56815600 0.05090400
vt 0.55338300 0.06700600
vt 0.56724600 0.11294300
vt 0.23185000 0.71231500
vt 0.54047000 0.88371300
vt 0.19347300 0.63517000
vt 0.56870100 0.18238400
vt 0.41682900 0.63735200
vt 0.55900100 0.62635900
vt 0.24173900 0.61497500
vt 0.80172900 0.13735700
vt 0.79220700 0.39360600
vt 0.86886500 0.11422300
vt 0.18828200 0.16051000
vt 0.78038600 0.32017900
vt 0.58591600 0.71699900
vt 0.54007300 0.78845800
vt 0.18501100 0.67775100
vt 0.57148600 0.69973300
vt 0.51279500 0.87783800
vt 0.54060600 0.07756900
vt 0.38212700 0.66888600
vt 0.13716500 0.32933700
vt 0.18873800 0.52106200
vt 0.20768400 0.84565700
vt 0.22034500 0.65245100
vt 0.44574100 0.69041000
vt 0.59222500 0.11041500
vt 0.78837300 0.22400100
vt 0.66927700 0.06671800
vt 0.89535200 0.26378300
vt 0.97388100 0.27058400
vt 0.14241400 0.32425100
vt 0.60748000 0.46264200
vt 0.10427000 0.71408700
vt 0.69490200 0.58338700
vt 0.24432500 0.40922500
vt 0.24683200 0.43241500
vt 0.57591900 0.73262900
vt 0.48422700 0.88296600
vt 0.60761600 0.31098600
vt 0.77973000 0.41773500
vt 0.52734200 0.69362100
vt 0.61321200 0.70955600
vt 0.12145700 0.17324100
vt 0.23645900 0.21701600
vt 0.19680300 0.68107300
vt 0.17405400 0.69535600
vt 0.45108600 0.18168400
vt 0.62439900 0.57953000
vt 0.24234800 0.15038600
vt 0.62783100 0.58459100
vt 0.02207300 0.28290100
vt 0.70635700 0.07699300
vt 0.82361400 0.12755200
vt 0.16847800 0.61509400
vt 0.54714900 0.71441100
vt 0.40982400 0.14178400
vt 0.61019000 0.14256200
vt 0.56041000 0.69849200
vt 0.95949900 0.09399600
vt 0.63467400 0.09061400
vt 0.66804500 0.16430100
vt 0.29608500 0.21188100
vt 0.91045100 0.15487100
vt 0.22153200 0.56559300
vt 0.85696000 0.27598400
vt 0.14902700 0.12748400
vt 0.56118800 0.71769800
vt 0.23534100 0.04545400
vt 0.17410500 0.90876900
vt 0.57893700 0.45763500
vt 0.24504200 0.84956700
vt 0.48414500 0.14483500
vt 0.26512100 0.47661900
vt 0.60202900 0.68903000
vt 0.65469900 0.03037900
vt 0.78237000 0.33879000
vt 0.16539200 0.89143000
vt 0.25585800 0.69708800
vt 0.79986800 0.14550000
vt 0.59507400 0.70488400
vt 0.22089100 0.63317400
vt 0.24542500 0.18722900
vt 0.10691300 0.70556000
vt 0.11029200 0.68345900
vt 0.23232600 0.64722600
vt 0.78464000 0.13951800
vt 0.56547400 0.10378100
vt 0.23455300 0.12828500
vt 0.34492400 0.48875400
vt 0.41300400 0.50132200
vt 0.08466000 0.81559000
vt 0.79171800 0.31401700
vt 0.11554600 0.29942400
vt 0.19179200 0.84375500
vt 0.52157900 0.63869800
vt 0.66919200 0.69284200
vt 0.34231200 0.29848900
vt 0.23183700 0.08097100
vt 0.23588600 0.14484600
vt 0.08857100 0.69996300
vt 0.08069300 0.73652700
vt 0.83223300 0.10412800
vt 0.65372900 0.46114300
vt 0.55499600 0.62098100
vt 0.52239300 0.68911800
vt 0.26211100 0.69341400
vt 0.23290900 0.08459000
vt 0.21726400 0.11868900
vt 0.21147000 0.60837800
vt 0.56501400 0.57463900
vt 0.18119000 0.71071000
vt 0.94037000 0.18591500
vt 0.30389000 0.28532500
vt 0.63250800 0.10224400
vt 0.58687600 0.10141400
vt 0.51467800 0.70954600
vt 0.24205600 0.05118500
vt 0.56210300 0.68791800
vt 0.09561900 0.65681500
vt 0.89807800 0.28596700
vt 0.79576700 0.39161300
vt 0.13077400 0.68482000
vt 0.53736700 0.86698800
vt 0.18838800 0.08015500
vt 0.53742000 0.24772200
vt 0.67253100 0.50058000
vt 0.60141500 0.09495800
vt 0.17794600 0.89066000
vt 0.53907700 0.48042700
vt 0.19140300 0.69542200
vt 0.94389900 0.26433500
vt 0.60964200 0.19659000
vt 0.65770900 0.16204600
vt 0.53578600 0.60148400
vt 0.52715900 0.60072700
vt 0.60172300 0.71122200
vt 0.57885600 0.73093900
vt 0.60341700 0.32260100
vt 0.24282400 0.20876000
vt 0.58571500 0.27952400
vt 0.23433900 0.47691300
vt 0.23711500 0.72435900
vt 0.21532100 0.62474200
vt 0.24948400 0.61503600
vt 0.74555700 0.35987000
vt 0.66785700 0.01704800
vt 0.58411500 0.86423600
vt 0.35614500 0.19599700
vt 0.44871800 0.58805900
vt 0.38483500 0.58044000
vt 0.77104400 0.46494900
vt 0.03247500 0.80242700
vt 0.08808900 0.83264000
vt 0.58176500 0.03434400
vt 0.22903200 0.11135500
vt 0.53422200 0.12047600
vt 0.53045500 0.85353000
vt 0.12529200 0.17957300
vt 0.07046700 0.30005300
vt 0.38087100 0.68416800
vt 0.19803200 0.62947500
vt 0.56081700 0.16396700
vt 0.23740300 0.07139200
vt 0.21376000 0.12955900
vt 0.24483400 0.46625800
vt 0.24145600 0.71456400
vt 0.51127500 0.85214900
vt 0.55749600 0.67151700
vt 0.68295700 0.48849100
vt 0.18257000 0.07617500
vt 0.26686900 0.40898000
vt 0.61863700 0.69089200
vt 0.17323400 0.23481000
vt 0.55959500 0.08849000
vt 0.59185800 0.12884900
vt 0.60020600 0.06642100
vt 0.12638300 0.68592800
vt 0.23739200 0.67746900
vt 0.28719200 0.28384900
vt 0.21344300 0.11902100
vt 0.20247800 0.66254500
vt 0.73620700 0.69460900
vt 0.09824200 0.61233600
vt 0.29959100 0.28800900
vt 0.22275900 0.11577000
vt 0.26705700 0.26093500
vt 0.57095000 0.25901000
vt 0.74845000 0.59870400
vt 0.06171000 0.25867300
vt 0.10612500 0.68104900
vt 0.56384500 0.61785300
vt 0.36248600 0.67977600
vt 0.13600800 0.68979100
vt 0.25291900 0.40754900
vt 0.59810600 0.27524600
vt 0.34056300 0.87946800
vt 0.13410000 0.59280100
vt 0.21461000 0.85864700
vt 0.24339700 0.54446100
vt 0.10616800 0.86384900
vt 0.67981100 0.60137500
vt 0.81531600 0.28874900
vt 0.23605700 0.53162100
vt 0.58007900 0.71872900
vt 0.17545800 0.82507500
vt 0.49080700 0.84432800
vt 0.50830000 0.88344100
vt 0.56166700 0.04294300
vt 0.19863400 0.91157400
vt 0.25526100 0.04647600
vt 0.64129400 0.05114800
vt 0.60565100 0.64251400
vt 0.15873700 0.04350600
vt 0.09678800 0.86235600
vt 0.27840900 0.88428500
vt 0.10144400 0.19392200
vt 0.39400700 0.68895400
vt 0.50192500 0.86397200
vt 0.20024700 0.87717600
vt 0.78825900 0.12448400
vt 0.65945200 0.69604400
vt 0.48540400 0.05747000
vt 0.42718600 0.59454400
vt 0.50119700 0.48783200
vt 0.16585000 0.56032400
vt 0.25862100 0.39765300
vt 0.55520600 0.86730000
vt 0.17125500 0.67435400
vt 0.04112600 0.83189500
vt 0.37261200 0.12892500
vt 0.73259900 0.13635800
vt 0.39952500 0.58357000
vt 0.29199300 0.24983700
vt 0.50583600 0.67659500
vt 0.66282700 0.69124500
vt 0.16370100 0.68771900
vt 0.20929400 0.16225600
vt 0.17406600 0.86035800
vt 0.78924500 0.33888500
vt 0.64524800 0.69249500
vt 0.65297000 0.69300700
vt 0.25196800 0.84488600
vt 0.26514500 0.15894500
vt 0.67472200 0.27540900
vt 0.86738000 0.12452900
vt 0.24401800 0.65702900
vt 0.56518400 0.07120000
vt 0.52369400 0.64940800
vt 0.63022600 0.69300300
vt 0.62942000 0.50808100
vt 0.51233700 0.70169300
vt 0.55010200 0.85448400
vt 0.09431100 0.71779200
vt 0.57525400 0.66137200
vt 0.67997300 0.46407500
vt 0.62006000 0.12430300
vt 0.14199100 0.87613200
vt 0.63136800 0.52718600
vt 0.11994800 0.68093800
vt 0.39876600 0.68704700
vt 0.58202300 0.10733000
vt 0.27794500 0.20207100
vt 0.18130800 0.66980200
vt 0.51366500 0.72333200
vt 0.38513900 0.28734200
vt 0.56635200 0.72000500
vt 0.49782700 0.87552000
vt 0.27475100 0.47642100
vt 0.66424100 0.28102500
vt 0.19703500 0.70303800
vt 0.66197700 0.07982100
vt 0.72572500 0.20365900
vt 0.54164900 0.56643100
vt 0.63234800 0.59065400
vt 0.69378900 0.59950600
vt 0.22088700 0.16789300
vt 0.23209900 0.69834700
vt 0.47436300 0.56760800
vt 0.38066800 0.55314100
vt 0.19501500 0.71707500
vt 0.21807700 0.83783400
vt 0.50740600 0.71970800
vt 0.83996500 0.28617000
vt 0.24541500 0.21178400
vt 0.13097600 0.67769000
vt 0.16965700 0.15620400
vt 0.32362100 0.29483200
vt 0.85780200 0.10416400
vt 0.77474700 0.54117300
vt 0.67234300 0.60408400
vt 0.21767100 0.67837800
vt 0.16959400 0.71011000
vt 0.93397400 0.07977100
vt 0.21412600 0.37344200
vt 0.22027800 0.46042900
vt 0.15185000 0.84334100
vt 0.53982700 0.86744000
vt 0.20665400 0.69505800
vt 0.67197900 0.15237000
vt 0.57039400 0.59314700
vt 0.55163100 0.62870300
vt 0.79679100 0.18844200
vt 0.12571200 0.21835100
vt 0.47301500 0.44532800
vt 0.21982700 0.07126300
vt 0.21527500 0.84269200
vt 0.12967200 0.85300400
vt 0.80843700 0.25665800
vt 0.77371100 0.48038900
vt 0.21442000 0.51572000
vt 0.16868000 0.68700300
vt 0.67782900 0.30941900
vt 0.58267100 0.66158700
vt 0.26934400 0.67592200
vt 0.95870200 0.25382200
vt 0.17748300 0.71660100
vt 0.16929600 0.11686000
vt 0.64931800 0.05417700
vt 0.30587800 0.08547500
vt 0.24413700 0.67372900
vt 0.53449500 0.65624300
vt 0.59647700 0.06877100
vt 0.79806800 0.35294900
vt 0.85910600 0.29557500
vt 0.25715200 0.67933100
vt 0.03586100 0.83645600
vt 0.68248100 0.69604100
vt 0.30807600 0.42093600
vt 0.78915100 0.13777000
vt 0.19210800 0.64224600
vt 0.17108900 0.71208200
vt 0.24075500 0.66771000
vt 0.14604600 0.83942200
vt 0.61781700 0.66676700
vt 0.55978500 0.53446700
vt 0.24758000 0.70943900
vt 0.11087700 0.70841600
vt 0.52525700 0.69730200
vt 0.79712800 0.14022400
vt 0.23870600 0.60412100
vt 0.11806300 0.18205500
vt 0.14418000 0.11570500
vt 0.56948400 0.55056100
vt 0.58974500 0.57252600
vt 0.50955700 0.72346300
vt 0.56564500 0.73173700
vt 0.15939700 0.84721200
vt 0.10463600 0.67349600
vt 0.89912300 0.11892300
vt 0.16804900 0.88301900
vt 0.23449600 0.61512100
vt 0.43347900 0.71836700
vt 0.42197000 0.43391900
vt 0.62439200 0.27723400
vt 0.28968000 0.31138400
vt 0.18659500 0.58730800
vt 0.81005100 0.26911700
vt 0.20513400 0.61027400
vt 0.23770900 0.67401200
vt 0.55175600 0.89017300
vt 0.20408100 0.62823900
vt 0.41447600 0.44155200
vt 0.57591600 0.06163900
vt 0.21282500 0.89360200
vt 0.62628800 0.16822600
vt 0.74276900 0.19233600
vt 0.27130100 0.53991700
vt 0.61786900 0.09500100
vt 0.08316700 0.63542300
vt 0.01257200 0.27972500
vt 0.30346800 0.28781400
vt 0.84273400 0.12377900
vt 0.40248100 0.22933300
vt 0.56733800 0.18711500
vt 0.48675700 0.59989200
vt 0.55420600 0.60856700
vt 0.90314100 0.12270500
vt 0.33686900 0.42692900
vt 0.37728500 0.87790100
vt 0.56487800 0.64703200
vt 0.22308800 0.52100600
vt 0.33525700 0.13075100
vt 0.56724400 0.62694100
vt 0.54451400 0.63811600
vt 0.41749900 0.58903000
vt 0.68096100 0.03907400
vt 0.40848500 0.30008000
vt 0.53285600 0.61868300
vt 0.77730200 0.12510600
vt 0.77004900 0.11737800
vt 0.12179500 0.16931000
vt 0.08419200 0.75062100
vt 0.97416200 0.14458300
vt 0.77431200 0.61128800
vt 0.21380400 0.62826600
vt 0.24941600 0.39778500
vt 0.74503900 0.32283700
vt 0.81801000 0.14081200
vt 0.28002000 0.29346400
vt 0.63138400 0.04149700
vt 0.47937200 0.48059800
vt 0.25858400 0.05981600
vt 0.61508800 0.74587100
vt 0.92315800 0.20819900
vt 0.51999700 0.69876000
vt 0.17694700 0.90142400
vt 0.85868000 0.11300800
vt 0.25469400 0.62954200
vt 0.32316700 0.25353900
vt 0.23080900 0.06623700
vt 0.29861500 0.28353000
vt 0.17534300 0.60945700
vt 0.27373000 0.37206500
vt 0.90674500 0.19541300
vt 0.76009000 0.32198900
vt 0.23253800 0.85069400
vt 0.62304800 0.04112100
vt 0.63878800 0.09884600
vt 0.56610200 0.86204200
vt 0.17547800 0.88450600
vt 0.55699400 0.68273900
vt 0.18852000 0.84121300
vt 0.26084200 0.20036700
vt 0.28565600 0.07823100
vt 0.21144800 0.51443100
vt 0.26433100 0.15362600
vt 0.77021700 0.52258400
vt 0.07614100 0.79697200
vt 0.23769700 0.71348900
vt 0.12079000 0.15745800
vt 0.91114000 0.08003300
vt 0.05582800 0.27697100
vt 0.22705900 0.79660900
vt 0.38471200 0.22073600
vt 0.58442200 0.64095300
vt 0.38665000 0.47850600
vt 0.37292500 0.26044500
vt 0.88300900 0.11192100
vt 0.60905000 0.69949700
vt 0.28068400 0.09000100
vt 0.18935600 0.89194200
vt 0.18904200 0.58517800
vt 0.69519400 0.19646200
vt 0.76710200 0.60463600
vt 0.42781200 0.58583600
vt 0.21742600 0.51149100
vt 0.19379000 0.55455500
vt 0.24017200 0.22345100
vt 0.63231800 0.15978800
vt 0.59243600 0.03890000
vt 0.52571300 0.65738400
vt 0.62298000 0.66347000
vt 0.28757200 0.10624400
vt 0.28469800 0.43905500
vt 0.04422100 0.25819600
vt 0.61962600 0.01054200
vt 0.55496000 0.89411300
vt 0.15505700 0.84433800
vt 0.61176500 0.69172700
vt 0.33062600 0.20904300
vt 0.51501200 0.72595900
vt 0.25331200 0.86334800
vt 0.16288600 0.58188500
vt 0.70611500 0.45804400
vt 0.05660800 0.67628700
vt 0.03285300 0.25125200
vt 0.20858000 0.50840200
vt 0.16680100 0.33778900
vt 0.21274400 0.20096700
vt 0.22351100 0.64333700
vt 0.54881300 0.65000700
vt 0.70392100 0.69396700
vt 0.61237600 0.03696400
vt 0.15759700 0.69306200
vt 0.23397300 0.71718900
vt 0.93183300 0.28209300
vt 0.78869300 0.42472700
vt 0.44970400 0.25949700
vt 0.28502000 0.10991300
vt 0.79740000 0.08904500
vt 0.78123900 0.27645200
vt 0.24697700 0.47245800
vt 0.79391100 0.16336600
vt 0.13287700 0.18327000
vt 0.15828200 0.65483400
vt 0.54975900 0.65264000
vt 0.61963900 0.08547700
vt 0.23666000 0.08628200
vt 0.54453300 0.86927300
vt 0.55735000 0.86499900
vt 0.08019300 0.76449100
vt 0.19810200 0.62442300
vt 0.25015000 0.14884700
vt 0.22570700 0.09474700
vt 0.19419300 0.69780600
vt 0.61854700 0.10802200
vt 0.60804300 0.07753500
vt 0.26030000 0.05868400
vt 0.59688600 0.56062600
vt 0.69264200 0.06918200
vt 0.08375800 0.66655900
vt 0.21739200 0.72973900
vt 0.56558800 0.67571600
vt 0.29144600 0.31667000
vt 0.72620300 0.25770500
vt 0.46135300 0.54221100
vt 0.56939200 0.63723400
vt 0.57452800 0.55846300
vt 0.56488800 0.68188400
vt 0.51213200 0.73502100
vt 0.20247600 0.08650700
vt 0.75084200 0.19940400
vt 0.71546000 0.20760800
vt 0.46443700 0.23648400
vt 0.59387000 0.60333100
vt 0.21559100 0.69778200
vt 0.20320200 0.82720300
vt 0.91891800 0.25147600
vt 0.74926800 0.49865800
vt 0.47516900 0.22533000
vt 0.51854600 0.16813800
vt 0.40934400 0.18890900
vt 0.46167200 0.20879600
vt 0.25190200 0.88247700
vt 0.25967200 0.67660200
vt 0.17693000 0.84329500
vt 0.26823200 0.09508800
vt 0.77908200 0.55953700
vt 0.98540600 0.19540300
vt 0.57778400 0.70197000
vt 0.47639100 0.47474600
vt 0.19831900 0.51551500
vt 0.14954400 0.33203000
vt 0.57129400 0.68001400
vt 0.94901100 0.08742900
vt 0.24755800 0.17036500
vt 0.20507100 0.88529200
vt 0.27101800 0.68637000
vt 0.20891500 0.86530700
vt 0.66455600 0.02251600
vt 0.01910900 0.75301600
vt 0.07366800 0.18991600
vt 0.51391600 0.05864200
vt 0.49332700 0.63083800
vt 0.25341500 0.59854100
vt 0.98252400 0.26185600
vt 0.78381700 0.48725200
vt 0.52803300 0.73014100
vt 0.57037500 0.71939100
vt 0.44827500 0.44255500
vt 0.25178600 0.71693200
vt 0.18628300 0.04534700
vt 0.12524200 0.87251400
vt 0.51807500 0.67157100
vt 0.21153200 0.65583200
vt 0.25440300 0.51140300
vt 0.26194200 0.07382600
vt 0.87479000 0.15673600
vt 0.54972700 0.68820400
vt 0.74801300 0.67720200
vt 0.23021000 0.52300400
vt 0.75911800 0.56961700
vt 0.26408300 0.72816100
vt 0.59385900 0.08741100
vt 0.21792000 0.85261700
vt 0.89110900 0.10409800
vt 0.61219300 0.11673700
vt 0.53903400 0.89397300
vt 0.59865700 0.01732600
vt 0.54101600 0.70948000
vt 0.60747200 0.09986000
vt 0.87054200 0.12547200
vt 0.97144000 0.16081100
vt 0.20575200 0.62976000
vt 0.21269700 0.57651900
vt 0.67012100 0.02382100
vt 0.50587900 0.24652300
vt 0.64281900 0.58498700
vt 0.23887100 0.40068800
vt 0.23925700 0.43668300
vt 0.15735100 0.85398900
vt 0.59189700 0.08739000
vt 0.17242300 0.72403900
vt 0.17253200 0.84886500
vt 0.76736000 0.29473900
vt 0.27405900 0.07984600
vt 0.61638000 0.67571100
vt 0.57770200 0.64231100
vt 0.07396400 0.27240500
vt 0.51368400 0.69156600
vt 0.61814500 0.05734700
vt 0.09607500 0.27064000
vt 0.46154200 0.16733100
vt 0.64534300 0.06907500
vt 0.54553500 0.18669300
vt 0.67275100 0.16056800
vt 0.09324500 0.22757200
vt 0.56521600 0.59681900
vt 0.52428500 0.85775000
vt 0.22218100 0.13567600
vt 0.40481200 0.13703100
vt 0.13285800 0.72217800
vt 0.80649700 0.13945400
vt 0.79683100 0.19632300
vt 0.27253800 0.21271300
vt 0.30425700 0.26993600
vt 0.55514700 0.67548300
vt 0.39550000 0.06011200
vt 0.35113300 0.88786800
vt 0.25526400 0.65537800
vt 0.55079200 0.07674700
vt 0.60291700 0.45408100
vt 0.77867500 0.37872500
vt 0.52712800 0.85940600
vt 0.36542900 0.25550600
vt 0.81275700 0.11606800
vt 0.20081300 0.63322300
vt 0.23097800 0.14411300
vt 0.22335300 0.12459800
vt 0.15102200 0.84962400
vt 0.53998600 0.87547000
vt 0.18321500 0.87695900
vt 0.18397900 0.89441600
vt 0.67677100 0.02663300
vt 0.24706500 0.12228800
vt 0.21351500 0.64384900
vt 0.24904900 0.62167100
vt 0.78797100 0.40563100
vt 0.49160700 0.50590800
vt 0.50311000 0.52111500
vt 0.79767500 0.35190600
vt 0.85817500 0.29624600
vt 0.55875600 0.71884400
vt 0.65142300 0.28805300
vt 0.24074700 0.87623400
vt 0.20549500 0.64345400
vt 0.86826200 0.27168600
vt 0.78736500 0.18692800
vt 0.56251500 0.70693800
vt 0.26206800 0.40583500
vt 0.42823400 0.28399500
vt 0.55327800 0.72664200
vt 0.24292800 0.85212800
vt 0.23350000 0.63089000
vt 0.66457300 0.61040900
vt 0.57624700 0.68007300
vt 0.52896800 0.86718700
vt 0.51081500 0.30308400
vt 0.76107900 0.18964000
vt 0.94411000 0.23900600
vt 0.61342000 0.03080300
vt 0.17229100 0.85588500
vt 0.60883900 0.74004400
vt 0.75106000 0.15859900
vt 0.67680400 0.21708400
vt 0.42759900 0.17355200
vt 0.53969000 0.59160500
vt 0.55600200 0.68119600
vt 0.29199500 0.59694000
vt 0.25835700 0.54147200
vt 0.31724900 0.46940200
vt 0.22351400 0.14390400
vt 0.23296000 0.23905200
vt 0.23007100 0.23694700
vt 0.50340200 0.88274400
vt 0.55736000 0.04649700
vt 0.11224700 0.61236200
vt 0.72898100 0.67522100
vt 0.49266100 0.29071500
vt 0.53209100 0.29319700
vt 0.31571000 0.26596600
vt 0.35441300 0.29232700
vt 0.22256500 0.08301100
vt 0.83587200 0.16759700
vt 0.14879300 0.84843000
vt 0.24624000 0.87421600
vt 0.94419100 0.09074300
vt 0.53816300 0.86415500
vt 0.69380000 0.03535100
vt 0.29298600 0.16322400
vt 0.13540800 0.10312100
vt 0.02323000 0.84392100
vt 0.54624000 0.73341800
vt 0.19025000 0.85528000
vt 0.56372600 0.04959900
vt 0.56543900 0.51410500
vt 0.38639800 0.45790500
vt 0.15111700 0.19260700
vt 0.09392700 0.31220200
vt 0.25379600 0.60830900
vt 0.24821500 0.28064100
vt 0.82110400 0.27198200
vt 0.73333300 0.30074400
vt 0.23164600 0.59958300
vt 0.29846900 0.67295500
vt 0.46405500 0.30616100
vt 0.24033300 0.09183800
vt 0.69037700 0.56858100
vt 0.17326600 0.68943800
vt 0.75247700 0.28848300
vt 0.60725800 0.27680100
vt 0.08935500 0.79027200
vt 0.97878700 0.27411000
vt 0.77952200 0.47358400
vt 0.21394000 0.20744700
vt 0.13179700 0.15189100
vt 0.61956800 0.10197200
vt 0.65803500 0.10573300
vt 0.60127800 0.78783300
vt 0.69738000 0.56434300
vt 0.19579800 0.67623300
vt 0.28448600 0.47139500
vt 0.82271000 0.23032300
vt 0.93035800 0.10016400
vt 0.23511200 0.08850500
vt 0.20107700 0.10492600
vt 0.22578700 0.67593400
vt 0.59712200 0.68289500
vt 0.75401200 0.47963100
vt 0.61197700 0.72942300
vt 0.77824700 0.31245300
vt 0.73128900 0.31981300
vt 0.27204500 0.06013700
vt 0.22605600 0.91104400
vt 0.51090700 0.64723700
vt 0.14503400 0.59885500
vt 0.23957400 0.55616700
vt 0.22676000 0.07161200
vt 0.30289500 0.17483900
vt 0.69665600 0.62335500
vt 0.81702200 0.13131900
vt 0.10169200 0.29479300
vt 0.21964900 0.37816300
vt 0.22242600 0.45494100
vt 0.20117000 0.19515100
vt 0.24498600 0.67684400
vt 0.55827500 0.11756800
vt 0.40267500 0.56186200
vt 0.60942700 0.62876000
vt 0.72188700 0.63672700
vt 0.58480200 0.85924600
vt 0.78451500 0.13359800
vt 0.73380600 0.48211100
vt 0.28726400 0.87070300
vt 0.88179800 0.25027100
vt 0.18356300 0.68037300
vt 0.26587900 0.65546300
vt 0.25610100 0.07314600
vt 0.65263500 0.27629900
vt 0.43096800 0.26950800
vt 0.50781800 0.45267300
vt 0.58866300 0.04130400
vt 0.28306300 0.16815700
vt 0.34663600 0.20942600
vt 0.51097100 0.85811300
vt 0.60511700 0.13543900
vt 0.09340000 0.61167800
vt 0.02160800 0.28792200
vt 0.56439500 0.86854700
vt 0.68882100 0.69043700
vt 0.08083300 0.72058300
vt 0.79110300 0.18089900
vt 0.58076100 0.73213800
vt 0.21759900 0.86433800
vt 0.48820100 0.68494200
vt 0.26739200 0.63154400
vt 0.71520100 0.68801500
vt 0.25026600 0.17117500
vt 0.27036000 0.17494000
vt 0.66425400 0.06371300
vt 0.57717300 0.12208500
vt 0.51511600 0.26064500
vt 0.69657200 0.51495000
vt 0.09790200 0.63587800
vt 0.71026900 0.08244300
vt 0.19509900 0.86781300
vt 0.78174300 0.28937700
vt 0.51055400 0.69671100
vt 0.75196200 0.68303500
vt 0.26477500 0.42295700
vt 0.19910000 0.67566800
vt 0.53117300 0.68179000
vt 0.25831200 0.18430800
vt 0.67484200 0.04485400
vt 0.51521600 0.57256300
vt 0.56631500 0.58406900
vt 0.17621900 0.63056200
vt 0.61182900 0.58881800
vt 0.59370600 0.65618500
vt 0.66397300 0.03345700
vt 0.19732400 0.71279700
vt 0.61867800 0.70080300
vt 0.24067300 0.37037300
vt 0.77824600 0.21310900
vt 0.57691000 0.04658900
vt 0.41081200 0.55274800
vt 0.50621000 0.72428100
vt 0.27021000 0.37879500
vt 0.24462900 0.87757600
vt 0.91993300 0.28105100
vt 0.88471900 0.10199200
vt 0.56290500 0.67457800
vt 0.11560700 0.30363900
vt 0.14303000 0.10877900
vt 0.50177100 0.22440400
vt 0.37539600 0.54101500
vt 0.60206700 0.72203000
vt 0.08600600 0.84522800
vt 0.31414900 0.22814200
vt 0.32204400 0.24136200
vt 0.22565600 0.67736600
vt 0.10577400 0.28859900
vt 0.15363200 0.88817200
vt 0.21492300 0.89525700
vt 0.30385600 0.07864200
vt 0.55509000 0.19133700
vt 0.19556500 0.67868900
vt 0.77463500 0.55722800
vt 0.57694300 0.69848000
vt 0.19591800 0.09345400
vt 0.60841600 0.70631600
vt 0.19234600 0.86338600
vt 0.23380900 0.15066900
vt 0.36666500 0.26644500
vt 0.59828300 0.47583300
vt 0.16358000 0.69693100
vt 0.76616500 0.62632900
vt 0.30386400 0.63771100
vt 0.38285700 0.44694800
vt 0.09930100 0.75994000
vt 0.58121700 0.11821600
vt 0.12353000 0.77581700
vt 0.77196500 0.51310800
vt 0.54733900 0.64442100
vt 0.24533000 0.05709600
vt 0.45141400 0.06234200
vt 0.57819900 0.09795200
vt 0.25395400 0.05835000
vt 0.97736100 0.18594900
vt 0.24593100 0.06858100
vt 0.45748200 0.68427300
vt 0.22215400 0.66113900
vt 0.23322900 0.66196400
vt 0.34805400 0.26352700
vt 0.13667800 0.86216000
vt 0.11862700 0.85627900
vt 0.56988800 0.67049700
vt 0.18848400 0.19235800
vt 0.24937200 0.52305500
vt 0.17941500 0.71443600
vt 0.30027600 0.24533200
vt 0.77597100 0.26322900
vt 0.24638600 0.63248200
vt 0.16490500 0.70809500
vt 0.24677300 0.17311200
vt 0.22251400 0.16964900
vt 0.44423500 0.68566600
vt 0.17133300 0.12544700
vt 0.74470900 0.69753400
vt 0.25844700 0.43911500
vt 0.62982400 0.06024600
vt 0.46053900 0.68743600
vt 0.23888900 0.71768100
vt 0.55302200 0.56726400
vt 0.59046300 0.64329300
vt 0.17420000 0.66305000
vt 0.71338500 0.61772600
vt 0.19278300 0.71566000
vt 0.18202500 0.55788900
vt 0.79530600 0.38218700
vt 0.88877700 0.28948500
vt 0.54688700 0.62056300
vt 0.67427400 0.02167000
vt 0.55353400 0.69705900
vt 0.31789800 0.80795500
vt 0.51672400 0.85709500
vt 0.09507700 0.85658900
vt 0.89916900 0.18364400
vt 0.12678400 0.68336400
vt 0.25325400 0.70551200
vt 0.50940200 0.73955100
vt 0.62231400 0.69687200
vt 0.71055200 0.16625500
vt 0.70303800 0.17801600
vt 0.46202500 0.58035200
vt 0.53861200 0.26788900
vt 0.64614600 0.48055900
vt 0.11108100 0.64353800
vt 0.57786500 0.71567600
vt 0.65717000 0.14826800
vt 0.64233100 0.16226100
vt 0.60935500 0.16172900
vt 0.61985200 0.09695300
vt 0.15936400 0.64894600
vt 0.51801500 0.71246400
vt 0.29403800 0.12960200
vt 0.27802900 0.14459300
vt 0.33004800 0.26524300
vt 0.57808500 0.70612300
vt 0.16971200 0.89131000
vt 0.10775200 0.31244200
vt 0.22811400 0.84785800
vt 0.44488200 0.47957600
vt 0.67405300 0.03585100
vt 0.19913900 0.85362400
vt 0.54865500 0.86834300
vt 0.34054800 0.25521200
vt 0.21179200 0.52653200
vt 0.20335700 0.86748900
vt 0.18572200 0.56330600
vt 0.15858800 0.89171300
vt 0.58103300 0.47971400
vt 0.16963000 0.88632700
vt 0.20664500 0.66261300
vt 0.38832400 0.48928700
vt 0.71773200 0.70209600
vt 0.57163400 0.64957200
vt 0.58646500 0.26398300
vt 0.17388200 0.65393100
vt 0.10238300 0.68295100
vt 0.43499000 0.44472300
vt 0.26208900 0.40110300
vt 0.23210300 0.64412400
vt 0.64142800 0.11557500
vt 0.69500900 0.50773600
vt 0.12629000 0.86389600
vt 0.09420600 0.21539000
vt 0.26499000 0.41715500
vt 0.21426400 0.84817300
vt 0.20314300 0.84584200
vt 0.32417300 0.43104200
vt 0.33963600 0.87036900
vt 0.68054900 0.05347700
vt 0.61893000 0.04210700
vt 0.25855100 0.63564300
vt 0.19823700 0.09754900
vt 0.18554400 0.62925500
vt 0.35174900 0.28462400
vt 0.09266400 0.81003800
vt 0.17036300 0.88830600
vt 0.60133000 0.68169600
vt 0.55194300 0.58682200
vt 0.26783800 0.37324600
vt 0.29357800 0.29987500
vt 0.23624300 0.11405100
vt 0.61129800 0.68264300
vt 0.66357500 0.15534300
vt 0.56445400 0.60339400
vt 0.50413400 0.60039800
vt 0.46115100 0.55360200
vt 0.58574200 0.67319000
vt 0.32357200 0.28210000
vt 0.74012600 0.28460800
vt 0.65902000 0.17240400
vt 0.63053000 0.19158900
vt 0.88264300 0.22314100
vt 0.55235800 0.08121200
vt 0.92585000 0.18977900
vt 0.89271500 0.11793200
vt 0.28422400 0.18590200
vt 0.57341000 0.18760700
vt 0.55269400 0.73423400
vt 0.03705200 0.28631200
vt 0.26707200 0.24932600
vt 0.11664400 0.68788300
vt 0.19492600 0.20553100
vt 0.25626500 0.36624100
vt 0.85478100 0.22192600
vt 0.66046700 0.45848600
vt 0.95129500 0.23863600
vt 0.96044300 0.26564500
vt 0.12960000 0.69076600
vt 0.19838500 0.63146100
vt 0.51805100 0.64017300
vt 0.77726200 0.53083600
vt 0.91329700 0.09892400
vt 0.60469400 0.09177300
vt 0.65280000 0.45274200
vt 0.11203500 0.14995500
vt 0.01449900 0.80074100
vt 0.60455000 0.70293200
vt 0.84000000 0.26714000
vt 0.26247900 0.66832400
vt 0.65314100 0.09251300
vt 0.32766400 0.50079400
vt 0.22641500 0.25044600
vt 0.08516500 0.79791400
vt 0.61185200 0.09931000
vt 0.21181700 0.55487500
vt 0.57041200 0.88015800
vt 0.64916400 0.01003600
vt 0.21209000 0.87146300
vt 0.91129500 0.22427700
vt 0.61099200 0.64648500
vt 0.39189700 0.24599100
vt 0.23864800 0.06271200
vt 0.51753800 0.54688800
vt 0.23908200 0.64800500
vt 0.50558600 0.87228900
vt 0.23461500 0.65162800
vt 0.50855500 0.29321200
vt 0.55597500 0.44811300
vt 0.86197300 0.26988700
vt 0.27252800 0.22757900
vt 0.80181300 0.18600500
vt 0.24963500 0.14586300
vt 0.66347600 0.24970000
vt 0.57130100 0.05340300
vt 0.48154900 0.21840200
vt 0.58404300 0.21425500
vt 0.43217100 0.55814200
vt 0.62835400 0.03400700
vt 0.10341600 0.20032100
vt 0.58523900 0.72828300
vt 0.71454400 0.07601100
vt 0.18540100 0.89129500
vt 0.19577800 0.91025000
vt 0.51296600 0.65182200
vt 0.23247100 0.68031300
vt 0.24590300 0.13657700
vt 0.25528700 0.65059700
vt 0.59395300 0.08000500
vt 0.62046400 0.07530500
vt 0.10827800 0.66529400
vt 0.81317200 0.17696800
vt 0.16263600 0.84451800
vt 0.26411000 0.10418700
vt 0.19673700 0.64496600
vt 0.29257000 0.15136500
vt 0.19446800 0.55040800
vt 0.20440900 0.13796300
vt 0.74321600 0.29111600
vt 0.58351300 0.72014700
vt 0.31776300 0.28928100
vt 0.10091300 0.20737100
vt 0.58253600 0.70234300
vt 0.90195600 0.07068300
vt 0.75164000 0.74147200
vt 0.70103100 0.68797100
vt 0.27478500 0.29487700
vt 0.51606800 0.70157400
vt 0.04481200 0.26515300
vt 0.67995800 0.02792700
vt 0.17835500 0.84001000
vt 0.78864800 0.12061000
vt 0.56228500 0.13625000
vt 0.81952500 0.14653100
vt 0.27928000 0.11798300
vt 0.13293900 0.80920400
vt 0.35783700 0.42886200
vt 0.19556500 0.71548900
vt 0.39986600 0.06304100
vt 0.25195000 0.07448500
vt 0.16891400 0.60351100
vt 0.58126200 0.04085900
vt 0.77687600 0.29076900
vt 0.45290300 0.46384200
vt 0.27230700 0.65412100
vt 0.11708800 0.62699200
vt 0.20380400 0.68036600
vt 0.90951300 0.08557100
vt 0.57956500 0.73430500
vt 0.59978100 0.44840800
vt 0.15586200 0.85099000
vt 0.69059500 0.04593600
vt 0.21345200 0.68376500
vt 0.57851600 0.66884800
vt 0.18660100 0.16796800
vt 0.60177000 0.03974900
vt 0.14787400 0.63561700
vt 0.72746000 0.56603100
vt 0.31530400 0.49699200
vt 0.41537200 0.30780000
vt 0.07396000 0.24315000
vt 0.21770700 0.70730700
vt 0.24087400 0.69859500
vt 0.14801900 0.64996700
vt 0.63212300 0.12365900
vt 0.23250600 0.65585200
vt 0.34759100 0.53451400
vt 0.35551700 0.48226200
vt 0.93434900 0.09660400
vt 0.09661700 0.74303300
vt 0.72557200 0.46655200
vt 0.75283700 0.10783900
vt 0.54152800 0.22301000
vt 0.63578000 0.57759000
vt 0.24413200 0.84220000
vt 0.23336100 0.20252300
vt 0.01473900 0.81633600
vt 0.11803700 0.13608200
vt 0.84347800 0.27258500
vt 0.60647400 0.04496700
vt 0.64663800 0.07823500
vt 0.61233300 0.16858400
vt 0.63301800 0.13432000
vt 0.61766800 0.01398800
vt 0.62844700 0.08289100
vt 0.08249400 0.75750200
vt 0.55711900 0.72094400
vt 0.46247800 0.22402800
vt 0.33758600 0.06138400
vt 0.29581200 0.88502300
vt 0.74459100 0.68410000
vt 0.13202400 0.60254200
vt 0.12606600 0.31680400
vt 0.67494000 0.04699800
vt 0.69318200 0.13157900
vt 0.25203000 0.66434200
vt 0.57090500 0.63420700
vt 0.83759800 0.27453200
vt 0.20494000 0.85209500
vt 0.26092600 0.65907000
vt 0.28848400 0.88600400
vt 0.33032100 0.06288100
vt 0.19934700 0.13638600
vt 0.57173900 0.26813700
vt 0.20299700 0.28431700
vt 0.11012100 0.74542200
vt 0.23278800 0.09599100
vt 0.49834300 0.65897800
vt 0.17627500 0.71241400
vt 0.58022500 0.51279200
vt 0.67636300 0.51919600
vt 0.82302100 0.10151300
vt 0.05117400 0.76537400
vt 0.23046900 0.85442200
vt 0.22047000 0.20568600
vt 0.21251300 0.87809300
vt 0.11083400 0.18198000
vt 0.22386400 0.90237200
vt 0.56997700 0.65067700
vt 0.21208900 0.58668100
vt 0.81140600 0.24812800
vt 0.38262500 0.25441700
vt 0.58155000 0.69526000
vt 0.88255700 0.27062900
vt 0.19392300 0.51866700
vt 0.14309100 0.33111700
vt 0.29581000 0.09267800
vt 0.71333700 0.27152500
vt 0.18972900 0.71104100
vt 0.66422000 0.70294900
vt 0.56579700 0.67219900
vt 0.02793900 0.27782600
vt 0.52055600 0.73520300
vt 0.22091000 0.59703400
vt 0.62994600 0.56828700
vt 0.59503200 0.69145600
vt 0.74636000 0.51346000
vt 0.55015800 0.89580300
vt 0.61346500 0.01242000
vt 0.74880700 0.46433200
vt 0.55698700 0.64562400
vt 0.08035100 0.68427900
vt 0.80186300 0.10888800
vt 0.65384500 0.10416100
vt 0.61362700 0.08550300
vt 0.61039400 0.10489000
vt 0.64624600 0.59436600
vt 0.52750900 0.56702700
vt 0.40752400 0.45189000
vt 0.37065300 0.29041400
vt 0.52710300 0.84653300
vt 0.64285700 0.06109100
vt 0.54699600 0.67488100
vt 0.31105700 0.67601700
vt 0.15802600 0.15759800
vt 0.84241800 0.17407400
vt 0.22580000 0.70859000
vt 0.18943700 0.30536700
vt 0.58625700 0.62433600
vt 0.12326400 0.60732300
vt 0.74737200 0.22206500
vt 0.70518100 0.19508500
vt 0.68917900 0.18352100
vt 0.62998200 0.18387600
vt 0.65830400 0.63371400
vt 0.19075800 0.67693900
vt 0.62339900 0.01509900
vt 0.59489200 0.07623700
vt 0.43253300 0.42076100
vt 0.18071400 0.86045000
vt 0.19167800 0.88020400
vt 0.13885300 0.84026400
vt 0.59742400 0.28708900
vt 0.16372800 0.66021900
vt 0.82833900 0.13027900
vt 0.26261800 0.86645000
vt 0.29901200 0.27262000
vt 0.63871700 0.16790800
vt 0.53557000 0.67342000
vt 0.39198700 0.58329900
vt 0.58350700 0.71226600
vt 0.64454300 0.04258700
vt 0.68555400 0.27964300
vt 0.11491700 0.67281700
vt 0.43830900 0.47138200
vt 0.16593800 0.63339700
vt 0.38341600 0.60630900
vt 0.68143400 0.47086100
vt 0.22791000 0.86614800
vt 0.21805300 0.71685800
vt 0.68750600 0.28698300
vt 0.23502300 0.54816600
vt 0.57558600 0.86957500
vt 0.18999400 0.90449000
vt 0.78499900 0.37957200
vt 0.91473300 0.20560400
vt 0.57685100 0.12401200
vt 0.59518700 0.82096900
vt 0.15370000 0.89145800
vt 0.18121500 0.19132200
vt 0.27203500 0.43053900
vt 0.08784800 0.22760200
vt 0.57626100 0.67644700
vt 0.28554100 0.11297500
vt 0.44079400 0.49726700
vt 0.86413500 0.09161100
vt 0.50908600 0.68349400
vt 0.71641300 0.57320300
vt 0.24157300 0.45757600
vt 0.24396400 0.45056100
vt 0.10070800 0.69770800
vt 0.17334200 0.76936900
vt 0.17763800 0.62294000
vt 0.19152200 0.71379000
vt 0.11722300 0.60531300
vt 0.57641500 0.66883000
vt 0.63432300 0.04616100
vt 0.73982400 0.68375800
vt 0.12238800 0.70549800
vt 0.61416900 0.07840100
vt 0.25975200 0.08532300
vt 0.29787700 0.06974700
vt 0.21677500 0.61924900
vt 0.52699900 0.47350700
vt 0.64615700 0.70027700
vt 0.63822800 0.02865600
vt 0.16349900 0.65484500
vt 0.15121400 0.64994100
vt 0.16529300 0.55686500
vt 0.14471200 0.87883900
vt 0.57003000 0.68777500
vt 0.51370500 0.56277700
vt 0.75148400 0.62358600
vt 0.19987000 0.86379700
vt 0.41557800 0.17928900
vt 0.62629800 0.24970800
vt 0.61755100 0.18689700
vt 0.65039000 0.17074100
vt 0.53138000 0.23467600
vt 0.35685500 0.55245100
vt 0.62304700 0.04642800
vt 0.15865600 0.67590600
vt 0.18866700 0.71906300
vt 0.62734300 0.23028400
vt 0.73738000 0.10037600
vt 0.22728800 0.08005400
vt 0.55460600 0.07322000
vt 0.62159900 0.06961300
vt 0.55791400 0.07651000
vt 0.85862100 0.28488900
vt 0.24164800 0.17709700
vt 0.08013500 0.29594100
vt 0.21171100 0.56246200
vt 0.09246200 0.84281000
vt 0.15106900 0.86002700
vt 0.55015700 0.18054600
vt 0.25907100 0.09161100
vt 0.54952600 0.10483900
vt 0.62298800 0.67595700
vt 0.61940800 0.65266400
vt 0.95826100 0.22178000
vt 0.78946600 0.41195100
vt 0.91958400 0.28563000
vt 0.17867000 0.70217300
vt 0.19515800 0.11141800
vt 0.54294200 0.63486300
vt 0.24151500 0.23166800
vt 0.15561300 0.12886400
vt 0.21001000 0.09030900
vt 0.30084000 0.27276800
vt 0.63559300 0.04367100
vt 0.24057900 0.57239500
vt 0.27008000 0.31113300
vt 0.10717500 0.29408200
vt 0.55295000 0.69904100
vt 0.67056900 0.50879300
vt 0.83295400 0.12420100
vt 0.38962200 0.43243600
vt 0.22249600 0.84702700
vt 0.65515800 0.08344400
vt 0.66758200 0.06675500
vt 0.22803200 0.62133800
vt 0.16428700 0.85799100
vt 0.40891000 0.76984800
vt 0.24113200 0.83588100
vt 0.29600900 0.30260500
vt 0.20184200 0.65767500
vt 0.21390900 0.63790400
vt 0.22629000 0.64256800
vt 0.58481800 0.74193600
vt 0.17511300 0.60723500
vt 0.65600400 0.09842500
vt 0.28738500 0.52590500
vt 0.40275300 0.52672500
vt 0.60473900 0.57045700
vt 0.22530200 0.70238300
vt 0.24331100 0.72705800
vt 0.78962200 0.13240400
vt 0.20796400 0.62560500
vt 0.23598500 0.68264400
vt 0.59768300 0.05826600
vt 0.84945400 0.14324500
vt 0.59189200 0.71510300
vt 0.17576900 0.55280400
vt 0.20095500 0.72130700
vt 0.06415600 0.83522600
vt 0.18887800 0.08527000
vt 0.58010700 0.24329400
vt 0.50223800 0.57569600
vt 0.66000200 0.50021000
vt 0.26275400 0.68874200
vt 0.16811600 0.19963200
vt 0.84182400 0.13135700
vt 0.42231600 0.24419500
vt 0.64383100 0.46926400
vt 0.56039300 0.75212900
vt 0.78505800 0.28529500
vt 0.34817100 0.69028600
vt 0.60692700 0.72570100
vt 0.12136100 0.14275400
vt 0.15076000 0.83763800
vt 0.80168700 0.11779200
vt 0.27172200 0.38316200
vt 0.61658100 0.17649100
vt 0.55256200 0.64027000
vt 0.19404400 0.71087300
vt 0.52934700 0.87647300
vt 0.89435700 0.24511300
vt 0.20947200 0.27168800
vt 0.57049100 0.84984200
vt 0.19831300 0.72636600
vt 0.76188200 0.09978600
vt 0.23385000 0.56680300
vt 0.65464200 0.69177700
vt 0.68559300 0.68875300
vt 0.53507700 0.72606100
vt 0.78545000 0.33458000
vt 0.40306400 0.26728200
vt 0.53761600 0.87005100
vt 0.79187000 0.32513000
vt 0.46975800 0.06009600
vt 0.26208700 0.07824000
vt 0.56205600 0.27559800
vt 0.79408700 0.34304800
vt 0.24972000 0.70310000
vt 0.08977400 0.28371000
vt 0.52408400 0.63646800
vt 0.86194500 0.25207300
vt 0.05284700 0.20668200
vt 0.03290500 0.73239600
vt 0.50000200 0.66873900
vt 0.58296400 0.67183400
vt 0.12985000 0.61301000
vt 0.53463300 0.69585900
vt 0.24663800 0.71392800
vt 0.08678300 0.32255100
vt 0.15309800 0.55300900
vt 0.03771500 0.26909400
vt 0.20673500 0.86772700
vt 0.57294700 0.73165300
vt 0.06440300 0.80695800
vt 0.09854600 0.28602200
vt 0.60036800 0.63593000
vt 0.38164400 0.68020300
vt 0.56891700 0.31273700
vt 0.66367700 0.09448800
vt 0.19195700 0.08461300
vt 0.64740600 0.55692000
vt 0.32319400 0.26234500
vt 0.19090400 0.91212600
vt 0.24962000 0.04606300
vt 0.62867300 0.10506900
vt 0.26163100 0.46718000
vt 0.51520700 0.72879100
vt 0.57024800 0.68140800
vt 0.79838100 0.28765300
vt 0.56900400 0.03109800
vt 0.51874700 0.88367800
vt 0.61056900 0.19255800
vt 0.87405500 0.09744300
vt 0.57333500 0.60164100
vt 0.55850500 0.73344000
vt 0.19641500 0.83029700
vt 0.72405600 0.29162400
vt 0.55187400 0.71701800
vt 0.77585200 0.43437200
vt 0.27428100 0.09834900
vt 0.22494300 0.68083300
vt 0.84157000 0.11912200
vt 0.59968100 0.24875100
vt 0.29745000 0.29354000
vt 0.61566500 0.07138200
vt 0.12142900 0.13729000
vt 0.23343200 0.17048600
vt 0.22936100 0.63499700
vt 0.60189100 0.71698600
vt 0.40126300 0.15577200
vt 0.57394300 0.13320300
vt 0.66707800 0.22488900
vt 0.09194600 0.20725200
vt 0.51294500 0.60445800
vt 0.60356000 0.06803300
vt 0.19064500 0.29953200
vt 0.58166400 0.72963000
vt 0.17816500 0.84926700
vt 0.55964400 0.64745300
vt 0.54498800 0.65263100
vt 0.53816300 0.05910000
vt 0.20152200 0.88932600
vt 0.08602000 0.27255200
vt 0.63630500 0.03404300
vt 0.75982100 0.46771500
vt 0.87076500 0.10566100
vt 0.59908000 0.64363500
vt 0.68231000 0.06773400
vt 0.79249300 0.37098600
vt 0.91383900 0.13517300
vt 0.18060400 0.90408700
vt 0.22484400 0.64674900
vt 0.09367100 0.66640100
vt 0.95697700 0.24571600
vt 0.57871300 0.12872200
vt 0.59523200 0.52877900
vt 0.55552100 0.71517900
vt 0.92234100 0.15467400
vt 0.32453900 0.27541800
vt 0.53516200 0.66565600
vt 0.22677000 0.73587300
vt 0.64799400 0.11519000
vt 0.62982700 0.12976400
vt 0.06705400 0.73568900
vt 0.53244200 0.46369400
vt 0.81381400 0.20935800
vt 0.14025900 0.12787100
vt 0.49196500 0.47311300
vt 0.42303300 0.68869600
vt 0.23190900 0.12099100
vt 0.52934300 0.64101200
vt 0.31187700 0.67030700
vt 0.22094500 0.12133600
vt 0.78761900 0.14946500
vt 0.51420300 0.68808000
vt 0.51685700 0.69085600
vt 0.69676600 0.57691400
vt 0.19339500 0.62146200
vt 0.12830400 0.17327100
vt 0.57752900 0.66194500
vt 0.56794900 0.06906700
vt 0.36788300 0.46862800
vt 0.58811200 0.69944000
vt 0.55497800 0.61818400
vt 0.73779400 0.49939600
vt 0.15611900 0.59677900
vt 0.76797500 0.63513300
vt 0.97194300 0.12023200
vt 0.69635000 0.07683200
vt 0.56707400 0.56031200
vt 0.29923000 0.25625100
vt 0.55553000 0.05610000
vt 0.19130500 0.70404800
vt 0.60321300 0.05795400
vt 0.03622100 0.26582900
vt 0.37041400 0.53444900
vt 0.56223500 0.63669900
vt 0.41004300 0.53765500
vt 0.26740000 0.17670800
vt 0.26165500 0.44242500
vt 0.23976100 0.68636600
vt 0.82130600 0.09456400
vt 0.22227900 0.70455500
vt 0.02146200 0.77596200
vt 0.61435700 0.68302200
vt 0.43852700 0.18607300
vt 0.57848300 0.59082000
vt 0.52209200 0.57053300
vt 0.48829300 0.57081900
vt 0.04098600 0.25715400
vt 0.04563500 0.26100300
vt 0.02881500 0.81945500
vt 0.28665200 0.24277000
vt 0.28614400 0.68194800
vt 0.21728800 0.84668700
vt 0.57965500 0.06475600
vt 0.17170900 0.69650300
vt 0.18386500 0.12620600
vt 0.58733400 0.16057500
vt 0.56990800 0.63930200
vt 0.55023300 0.05455400
vt 0.31806800 0.25939800
vt 0.46966300 0.81268600
vt 0.55694300 0.70187900
vt 0.52731600 0.73391400
vt 0.31101100 0.14250300
vt 0.60403700 0.71185300
vt 0.58257300 0.73577000
vt 0.10241300 0.85934200
vt 0.83666400 0.13196600
vt 0.18415100 0.72320400
vt 0.54009200 0.62432300
vt 0.24066700 0.08109500
vt 0.50494400 0.14246300
vt 0.62257400 0.03791300
vt 0.70872200 0.50111200
vt 0.49722800 0.46214300
vt 0.85360800 0.20873300
vt 0.09924900 0.83173200
vt 0.57961400 0.62613400
vt 0.10146900 0.65173400
vt 0.78801300 0.24975600
vt 0.55542700 0.50230000
vt 0.23378700 0.71256200
vt 0.24795600 0.20630000
vt 0.59987600 0.06074200
vt 0.26232200 0.06915400
vt 0.07863700 0.77766800
vt 0.23280800 0.37783900
vt 0.56081600 0.88094300
vt 0.21801000 0.05282300
vt 0.26707200 0.75565100
vt 0.96576300 0.27597200
vt 0.19057900 0.62352100
vt 0.23857400 0.86119100
vt 0.16364500 0.58862700
vt 0.11418000 0.58725900
vt 0.04475500 0.30195200
vt 0.58775800 0.06478500
vt 0.94445800 0.26050600
vt 0.13516300 0.87549200
vt 0.19501000 0.04935400
vt 0.40852300 0.48531000
vt 0.23991800 0.64432200
vt 0.23797500 0.88209700
vt 0.70653400 0.31404500
vt 0.07949900 0.31346000
vt 0.93840300 0.15438500
vt 0.21914200 0.64078500
vt 0.70999200 0.69070900
vt 0.24721200 0.60823000
vt 0.42383300 0.44804800
vt 0.27493600 0.68042800
vt 0.15237700 0.67222300
vt 0.25553500 0.05296100
vt 0.62299800 0.06532400
vt 0.72261900 0.18030000
vt 0.09237800 0.27935600
vt 0.26197400 0.45085200
vt 0.55552800 0.64764400
vt 0.94013600 0.08558200
vt 0.10922700 0.29891300
vt 0.25623900 0.16837400
vt 0.49355700 0.18973000
vt 0.22621000 0.07522000
vt 0.42113600 0.21780700
vt 0.67634400 0.62904400
vt 0.19838000 0.60337300
vt 0.79418000 0.22396600
vt 0.72777000 0.49503700
vt 0.89043000 0.09335700
vt 0.72833800 0.17982900
vt 0.73302600 0.17684800
vt 0.59697300 0.22566600
vt 0.52668700 0.65308500
vt 0.20333900 0.65997000
vt 0.53674500 0.63906300
vt 0.57383800 0.62723900
vt 0.24868700 0.08992500
vt 0.29822900 0.25122100
vt 0.79253400 0.20288700
vt 0.20228000 0.14225300
vt 0.87508000 0.20214300
vt 0.20648200 0.58077100
vt 0.84925700 0.28980900
vt 0.24216700 0.22453500
vt 0.25580300 0.64593200
vt 0.56999900 0.73518300
vt 0.19561000 0.70003900
vt 0.83950900 0.24711400
vt 0.58940100 0.09684200
vt 0.72149400 0.09896200
vt 0.24548300 0.07792800
vt 0.23921600 0.59142200
vt 0.20423000 0.06923500
vt 0.16574700 0.89527500
vt 0.32386200 0.08193200
vt 0.25010800 0.53334100
vt 0.25213500 0.44426000
vt 0.96775400 0.23136900
vt 0.14570500 0.27713400
vt 0.10800300 0.19109700
vt 0.33867300 0.06515900
vt 0.22221500 0.89015200
vt 0.24155600 0.69277400
vt 0.06354800 0.85344400
vt 0.14320100 0.06430800
vt 0.25853700 0.68637900
vt 0.79717900 0.23232500
vt 0.22038600 0.52366100
vt 0.58503400 0.72217900
vt 0.67300400 0.73804900
vt 0.20462900 0.07376900
vt 0.69701900 0.69084000
vt 0.60547900 0.73285000
vt 0.93404800 0.11156600
vt 0.67802000 0.02252100
vt 0.15205400 0.15793800
vt 0.55927400 0.29813500
vt 0.14980100 0.68595100
vt 0.64697500 0.05650800
vt 0.21797500 0.63668200
vt 0.76221200 0.32688000
vt 0.16854100 0.19011500
vt 0.21982800 0.61554000
vt 0.28222400 0.30323000
vt 0.65161700 0.02561100
vt 0.13700900 0.68555900
vt 0.22189500 0.85685400
vt 0.57919100 0.07463700
vt 0.60216600 0.10864800
vt 0.21947300 0.89166300
vt 0.64496600 0.09840500
vt 0.15571900 0.12027700
vt 0.19359900 0.62300600
vt 0.21707800 0.14787800
vt 0.91066500 0.11297100
vt 0.23368400 0.89371200
vt 0.53301900 0.55234900
vt 0.19552700 0.61724500
vt 0.63517900 0.05217900
vt 0.79084700 0.39960000
vt 0.78258000 0.14750300
vt 0.15547000 0.88129800
vt 0.38194200 0.54700200
vt 0.54041600 0.89114300
vt 0.13299900 0.31520400
vt 0.75429600 0.17867600
vt 0.57190700 0.20951500
vt 0.29501500 0.29182000
vt 0.09083700 0.25045100
vt 0.61581900 0.09297900
vt 0.84792600 0.11437900
vt 0.65374800 0.04442400
vt 0.25023500 0.34897800
vt 0.57910400 0.87144000
vt 0.66006300 0.01410300
vt 0.19585500 0.20102900
vt 0.47374300 0.61129900
vt 0.77036100 0.59420600
vt 0.71010800 0.68215800
vt 0.13372900 0.13650400
vt 0.13135700 0.86808400
vt 0.21262200 0.84580800
vt 0.25539500 0.16482300
vt 0.80160500 0.20531600
vt 0.19384500 0.12298000
vt 0.59612600 0.69496900
vt 0.76261100 0.64479100
vt 0.56563600 0.11502700
vt 0.78944900 0.15134700
vt 0.51236600 0.71208600
vt 0.66907200 0.02037700
vt 0.48963600 0.87744900
vt 0.10983800 0.86825300
vt 0.17179500 0.04478400
vt 0.48152700 0.49848000
vt 0.55950000 0.73559000
vt 0.16948500 0.71666000
vt 0.56413300 0.66282400
vt 0.97538000 0.22637500
vt 0.28839600 0.10186700
vt 0.66009100 0.05976300
vt 0.25344200 0.12998000
vt 0.55382000 0.65244400
vt 0.16245100 0.73404300
vt 0.21076600 0.11503500
vt 0.22590800 0.12347500
vt 0.37543000 0.51560200
vt 0.21439600 0.65454900
vt 0.19021800 0.17804000
vt 0.20434900 0.09478400
vt 0.61212300 0.66961700
vt 0.76894600 0.20642800
vt 0.19903000 0.61803600
vt 0.51526800 0.29914900
vt 0.20485800 0.89265200
vt 0.58411400 0.62118300
vt 0.27313500 0.45542500
vt 0.21997600 0.69397300
vt 0.66317000 0.07212500
vt 0.19715100 0.05155600
vt 0.35969100 0.52265300
vt 0.60012100 0.73041000
vt 0.57400900 0.73689200
vt 0.21565300 0.88386100
vt 0.14377400 0.12225300
vt 0.57794600 0.86794600
vt 0.60594900 0.05567700
vt 0.19662000 0.65359900
vt 0.68388700 0.23158300
vt 0.72244600 0.23407400
vt 0.50416600 0.27450800
vt 0.27669500 0.07114000
vt 0.70375000 0.46839500
vt 0.63556500 0.03737300
vt 0.78442500 0.43887700
vt 0.58472200 0.08394300
vt 0.77652800 0.15800700
vt 0.55841500 0.06548400
vt 0.07388100 0.26604400
vt 0.92709600 0.11316500
vt 0.25487600 0.48121100
vt 0.57100100 0.86425600
vt 0.29183400 0.28456600
vt 0.23505900 0.64004400
vt 0.51294800 0.72580800
vt 0.59063500 0.43137900
vt 0.59405100 0.85149200
vt 0.57649700 0.67205800
vt 0.74190800 0.70580800
vt 0.08635900 0.80605800
vt 0.63519900 0.69242700
vt 0.79060900 0.19267300
vt 0.67659800 0.03725500
vt 0.38729000 0.26585900
vt 0.27454900 0.34173700
vt 0.25776000 0.45291900
vt 0.13271900 0.14452500
vt 0.57523700 0.65045000
vt 0.50701100 0.70197200
vt 0.22269000 0.71703800
vt 0.20305500 0.69998800
vt 0.17602800 0.67959700
vt 0.76734700 0.41287300
vt 0.68698000 0.02776900
vt 0.63212700 0.07659500
vt 0.20348000 0.10992600
vt 0.17307300 0.67932000
vt 0.23655400 0.11988300
vt 0.63910200 0.04712400
vt 0.79761800 0.13111300
vt 0.19534600 0.08730900
vt 0.35209600 0.88449700
vt 0.22993800 0.67379300
vt 0.65177100 0.56720300
vt 0.09140700 0.27369200
vt 0.69808900 0.70083200
vt 0.22670900 0.71239100
vt 0.56935100 0.67372500
vt 0.25898100 0.71954200
vt 0.70874300 0.20293300
vt 0.23570900 0.06230200
vt 0.22280800 0.13957700
vt 0.50874000 0.58315900
vt 0.61708200 0.57187900
vt 0.59021100 0.73233200
vt 0.11944300 0.15483900
vt 0.62597900 0.07647400
vt 0.21273900 0.85509600
vt 0.16989000 0.70051800
vt 0.20590200 0.05121900
vt 0.14189800 0.88576600
vt 0.09107000 0.70822100
vt 0.43233900 0.54532900
vt 0.53163800 0.57342200
vt 0.21253800 0.14149500
vt 0.53191800 0.72269900
vt 0.24450800 0.70620700
vt 0.50478800 0.86861400
vt 0.87553500 0.13177900
vt 0.15873600 0.84355900
vt 0.63685700 0.31657000
vt 0.19066000 0.06382100
vt 0.75462000 0.17236000
vt 0.91119700 0.28540000
vt 0.79232600 0.40403200
vt 0.19441500 0.09239200
vt 0.50401200 0.44375700
vt 0.20293600 0.86539700
vt 0.29054700 0.67687000
vt 0.16822000 0.16093300
vt 0.42319800 0.13436100
vt 0.29183200 0.08216800
vt 0.30663400 0.17914400
vt 0.12101300 0.15289100
vt 0.09883800 0.68283000
vt 0.23276000 0.70923200
vt 0.83715000 0.21241900
vt 0.38048100 0.58796200
vt 0.58444700 0.12656100
vt 0.77684500 0.28395600
vt 0.78992100 0.38921400
vt 0.28160000 0.34106600
vt 0.44241100 0.43816700
vt 0.82797900 0.14605000
vt 0.65968000 0.01775200
vt 0.29742500 0.26445200
vt 0.25253000 0.10244000
vt 0.21559700 0.62653000
vt 0.20799900 0.84139500
vt 0.36604000 0.09704300
vt 0.57223800 0.12222000
vt 0.72117300 0.51817100
vt 0.08458800 0.73664600
vt 0.49908700 0.06262600
f 4547/4547 3764/3764 2501/2501
f 4547/4547 2501/2501 614/614
f 3469/3469 4547/4547 614/614
f 614/614 3913/3913 3469/3469
f 4036/4036 4611/4611 2357/2357
f 1181/1181 4547/4547 3469/3469
f 4611/4611 1181/1181 3469/3469
f 4611/4611 4036/4036 1181/1181
f 3764/3764 4547/4547 1181/1181
f 1181/1181 4658/4658 3764/3764
f 4658/4658 1181/1181 4036/4036
f 4658/4658 4036/4036 4345/4345
f 4345/4345 4036/4036 2357/2357
f 3913/3913 4755/4755 3469/3469
f 2044/2044 4611/4611 3469/3469
f 2044/2044 3469/3469 4755/4755
f 3913/3913 4609/4609 4755/4755
f 1569/1569 4345/4345 3757/3757
f 2044/2044 1569/1569 3757/3757
f 1569/1569 2044/2044 3324/3324
f 3324/3324 4755/4755 4140/4140
f 2045/2045 3324/3324 4140/4140
f 4345/4345 1569/1569 2442/2442
f 4345/4345 2442/2442 2761/2761
f 2045/2045 1569/1569 3324/3324
f 2045/2045 2442/2442 1569/1569
f 3093/3093 2442/2442 2045/2045
f 3093/3093 2761/2761 2442/2442
f 2761/2761 3093/3093 3232/3232
f 3232/3232 515/515 2761/2761
f 3218/3218 3093/3093 2045/2045
f 3757/3757 2357/2357 4611/4611
f 3757/3757 4611/4611 2044/2044
f 3757/3757 4345/4345 2357/2357
f 3324/3324 2044/2044 4755/4755
f 515/515 4345/4345 2761/2761
f 4140/4140 4755/4755 4609/4609
f 4228/4228 2212/2212 1929/1929
f 4228/4228 1929/1929 2132/2132
f 4728/4728 138/138 3179/3179
f 387/387 1192/1192 1929/1929
f 1929/1929 1192/1192 2132/2132
f 2501/2501 1192/1192 387/387
f 2501/2501 387/387 614/614
f 138/138 3913/3913 614/614
f 3179/3179 387/387 2212/2212
f 1929/1929 2212/2212 387/387
f 614/614 387/387 3179/3179
f 614/614 3179/3179 138/138
f 4101/4101 4228/4228 3557/3557
f 4101/4101 2212/2212 4228/4228
f 1120/1120 2212/2212 4101/4101
f 4101/4101 3776/3776 1120/1120
f 2163/2163 3776/3776 3557/3557
f 3557/3557 3776/3776 4101/4101
f 1088/1088 1120/1120 3776/3776
f 3557/3557 4228/4228 2132/2132
f 2132/2132 41/41 3557/3557
f 41/41 2132/2132 3665/3665
f 1204/1204 3856/3856 1120/1120
f 3856/3856 2212/2212 1120/1120
f 4728/4728 3179/3179 3856/3856
f 3179/3179 2212/2212 3856/3856
f 1120/1120 1088/1088 1204/1204
f 1901/1901 3856/3856 1204/1204
f 1204/1204 2016/2016 1901/1901
f 2203/2203 2163/2163 3557/3557
f 968/968 2163/2163 2203/2203
f 1917/1917 968/968 2203/2203
f 1413/1413 716/716 3056/3056
f 717/717 1414/1414 968/968
f 1917/1917 717/717 968/968
f 1917/1917 2203/2203 2572/2572
f 469/469 3056/3056 716/716
f 1917/1917 2867/2867 717/717
f 4666/4666 1917/1917 2572/2572
f 1917/1917 4666/4666 2867/2867
f 469/469 716/716 2868/2868
f 1022/1022 3532/3532 29/29
f 2016/2016 1088/1088 1358/1358
f 3532/3532 2017/2017 1357/1357
f 3290/3290 1902/1902 2017/2017
f 4558/4558 2017/2017 3532/3532
f 3674/3674 4558/4558 3532/3532
f 4558/4558 3290/3290 2017/2017
f 2671/2671 3290/3290 4558/4558
f 747/747 3674/3674 1022/1022
f 3674/3674 3532/3532 1022/1022
f 3674/3674 747/747 4079/4079
f 2671/2671 4558/4558 3674/3674
f 4079/4079 2671/2671 3674/3674
f 30/30 3776/3776 2163/2163
f 1414/1414 30/30 2163/2163
f 1088/1088 3776/3776 30/30
f 1358/1358 1088/1088 30/30
f 3532/3532 1357/1357 29/29
f 2163/2163 968/968 1414/1414
f 1022/1022 29/29 1413/1413
f 41/41 2203/2203 3557/3557
f 2203/2203 41/41 2572/2572
f 1204/1204 1088/1088 2016/2016
f 1413/1413 3056/3056 1022/1022
f 3056/3056 469/469 991/991
f 747/747 3056/3056 991/991
f 747/747 1022/1022 3056/3056
f 3665/3665 2132/2132 4658/4658
f 2132/2132 1192/1192 3764/3764
f 1192/1192 2501/2501 3764/3764
f 2132/2132 3764/3764 4658/4658
f 4658/4658 515/515 3665/3665
f 515/515 4658/4658 4345/4345
f 1684/1684 3665/3665 515/515
f 2572/2572 41/41 1056/1056
f 1056/1056 41/41 3665/3665
f 1056/1056 3665/3665 1684/1684
f 3737/3737 1056/1056 1684/1684
f 2395/2395 1056/1056 3737/3737
f 3737/3737 1684/1684 3864/3864
f 3727/3727 1684/1684 4564/4564
f 1684/1684 3727/3727 3864/3864
f 4728/4728 2995/2995 138/138
f 2995/2995 3913/3913 138/138
f 1901/1901 4728/4728 3856/3856
f 4728/4728 1901/1901 4035/4035
f 2995/2995 4728/4728 2674/2674
f 4035/4035 2674/2674 4728/4728
f 2995/2995 2674/2674 2488/2488
f 4609/4609 2995/2995 2488/2488
f 3428/3428 1902/1902 3290/3290
f 2671/2671 4058/4058 3290/3290
f 4058/4058 3428/3428 3290/3290
f 1902/1902 3428/3428 4034/4034
f 1752/1752 4058/4058 2671/2671
f 4079/4079 1752/1752 2671/2671
f 4079/4079 2335/2335 1752/1752
f 3973/3973 1752/1752 2335/2335
f 3973/3973 4058/4058 1752/1752
f 4034/4034 3428/3428 1937/1937
f 2695/2695 2675/2675 4034/4034
f 4034/4034 1937/1937 2695/2695
f 1025/1025 1937/1937 4058/4058
f 1025/1025 4058/4058 4568/4568
f 4058/4058 1937/1937 3428/3428
f 4216/4216 1937/1937 1025/1025
f 3913/3913 2995/2995 4609/4609
f 1813/1813 3706/3706 4609/4609
f 1937/1937 4216/4216 2695/2695
f 2675/2675 989/989 2489/2489
f 2488/2488 1813/1813 4609/4609
f 3477/3477 989/989 2949/2949
f 3477/3477 2489/2489 989/989
f 3477/3477 2872/2872 2489/2489
f 4342/4342 2872/2872 3477/3477
f 2872/2872 1814/1814 2489/2489
f 3816/3816 4133/4133 722/722
f 4133/4133 3816/3816 1442/1442
f 79/79 4133/4133 1442/1442
f 3527/3527 1540/1540 3014/3014
f 722/722 4033/4033 3527/3527
f 3014/3014 3816/3816 3527/3527
f 3816/3816 722/722 3527/3527
f 3014/3014 1442/1442 3816/3816
f 1442/1442 3014/3014 1655/1655
f 79/79 1442/1442 1924/1924
f 4665/4665 520/520 4146/4146
f 4146/4146 520/520 14/14
f 14/14 1502/1502 539/539
f 4460/4460 277/277 722/722
f 556/556 520/520 4460/4460
f 4460/4460 2954/2954 277/277
f 2954/2954 4033/4033 277/277
f 2954/2954 3896/3896 4033/4033
f 14/14 520/520 556/556
f 3077/3077 4460/4460 520/520
f 3077/3077 520/520 4665/4665
f 4460/4460 3077/3077 2954/2954
f 4460/4460 722/722 556/556
f 4133/4133 556/556 722/722
f 4133/4133 1502/1502 556/556
f 722/722 277/277 4033/4033
f 14/14 556/556 1502/1502
f 539/539 1502/1502 4133/4133
f 346/346 539/539 79/79
f 1655/1655 3014/3014 1656/1656
f 1655/1655 1656/1656 1097/1097
f 1655/1655 1924/1924 1442/1442
f 1924/1924 1655/1655 2362/2362
f 2362/2362 1655/1655 1097/1097
f 2362/2362 1097/1097 2222/2222
f 3115/3115 2362/2362 2222/2222
f 1515/1515 3115/3115 2222/2222
f 1924/1924 4241/4241 79/79
f 346/346 79/79 4241/4241
f 4241/4241 1924/1924 3115/3115
f 1924/1924 2362/2362 3115/3115
f 4241/4241 3115/3115 1112/1112
f 249/249 346/346 4241/4241
f 1189/1189 249/249 4385/4385
f 249/249 1112/1112 3506/3506
f 1112/1112 249/249 4241/4241
f 4385/4385 249/249 3506/3506
f 1112/1112 3115/3115 3418/3418
f 1515/1515 2222/2222 3556/3556
f 839/839 1515/1515 3556/3556
f 3418/3418 3115/3115 1515/1515
f 3418/3418 1515/1515 839/839
f 3506/3506 1112/1112 3418/3418
f 3506/3506 3418/3418 3655/3655
f 339/339 3655/3655 2896/2896
f 3418/3418 839/839 2087/2087
f 3655/3655 3418/3418 2087/2087
f 3655/3655 2087/2087 1146/1146
f 3527/3527 4033/4033 3896/3896
f 3896/3896 1540/1540 3527/3527
f 3896/3896 3886/3886 1540/1540
f 47/47 1540/1540 3886/3886
f 1758/1758 3064/3064 47/47
f 1758/1758 3263/3263 3064/3064
f 3896/3896 2954/2954 4191/4191
f 2046/2046 3886/3886 4191/4191
f 4313/4313 2954/2954 3077/3077
f 4313/4313 3011/3011 2954/2954
f 3011/3011 4191/4191 2954/2954
f 3011/3011 2046/2046 4191/4191
f 3896/3896 4191/4191 3886/3886
f 3886/3886 2046/2046 3201/3201
f 47/47 3886/3886 2643/2643
f 2643/2643 1758/1758 47/47
f 3546/3546 1758/1758 2643/2643
f 3263/3263 3546/3546 2931/2931
f 2931/2931 3546/3546 2643/2643
f 3546/3546 3263/3263 1758/1758
f 890/890 1119/1119 2931/2931
f 1119/1119 3263/3263 2931/2931
f 1119/1119 890/890 2732/2732
f 1119/1119 1658/1658 3263/3263
f 1119/1119 3343/3343 1658/1658
f 3014/3014 2742/2742 3055/3055
f 2742/2742 3014/3014 1540/1540
f 3055/3055 1656/1656 3014/3014
f 4501/4501 3055/3055 2742/2742
f 3055/3055 4501/4501 4285/4285
f 3055/3055 1097/1097 1656/1656
f 4501/4501 2742/2742 3636/3636
f 3636/3636 2742/2742 1540/1540
f 4501/4501 3636/3636 4434/4434
f 3871/3871 1097/1097 3055/3055
f 4285/4285 3871/3871 3055/3055
f 1356/1356 1097/1097 3871/3871
f 3871/3871 4285/4285 2268/2268
f 1356/1356 3871/3871 2268/2268
f 1356/1356 2222/2222 1097/1097
f 4285/4285 4501/4501 267/267
f 3556/3556 2222/2222 1356/1356
f 380/380 4501/4501 4434/4434
f 380/380 267/267 4501/4501
f 1974/1974 267/267 380/380
f 3567/3567 1974/1974 380/380
f 380/380 3052/3052 3567/3567
f 1739/1739 1658/1658 3343/3343
f 2080/2080 3639/3639 1739/1739
f 3343/3343 2080/2080 1739/1739
f 3263/3263 3630/3630 3064/3064
f 3630/3630 4434/4434 3064/3064
f 3630/3630 3263/3263 4097/4097
f 4097/4097 1841/1841 3630/3630
f 3630/3630 4395/4395 4434/4434
f 1841/1841 4395/4395 3630/3630
f 82/82 1841/1841 4097/4097
f 2247/2247 3567/3567 3052/3052
f 1841/1841 908/908 4395/4395
f 1900/1900 1841/1841 82/82
f 1900/1900 908/908 1841/1841
f 3052/3052 908/908 2247/2247
f 1900/1900 2247/2247 908/908
f 3263/3263 1658/1658 4097/4097
f 1739/1739 4097/4097 1658/1658
f 4097/4097 1739/1739 82/82
f 693/693 1900/1900 82/82
f 3639/3639 693/693 82/82
f 724/724 693/693 3639/3639
f 693/693 865/865 1900/1900
f 392/392 1900/1900 865/865
f 724/724 865/865 693/693
f 2972/2972 724/724 2080/2080
f 2080/2080 724/724 3639/3639
f 822/822 724/724 2972/2972
f 822/822 865/865 724/724
f 202/202 1356/1356 2268/2268
f 3556/3556 1356/1356 202/202
f 4285/4285 267/267 2268/2268
f 2268/2268 4364/4364 202/202
f 2268/2268 267/267 1439/1439
f 4364/4364 2268/2268 1439/1439
f 4364/4364 211/211 202/202
f 202/202 211/211 2242/2242
f 3556/3556 202/202 2155/2155
f 3556/3556 1131/1131 839/839
f 1131/1131 3556/3556 2155/2155
f 2155/2155 202/202 2242/2242
f 1131/1131 2155/2155 2317/2317
f 4364/4364 2200/2200 211/211
f 4364/4364 3038/3038 2200/2200
f 2155/2155 2242/2242 2317/2317
f 2200/2200 2242/2242 211/211
f 2242/2242 2200/2200 3102/3102
f 3102/3102 2200/2200 3038/3038
f 267/267 1974/1974 1439/1439
f 1906/1906 1439/1439 1974/1974
f 1906/1906 4364/4364 1439/1439
f 3567/3567 949/949 1974/1974
f 398/398 949/949 3567/3567
f 1398/1398 4364/4364 1906/1906
f 3038/3038 4364/4364 1398/1398
f 949/949 1398/1398 1906/1906
f 1398/1398 3335/3335 3038/3038
f 3402/3402 424/424 3335/3335
f 1398/1398 949/949 398/398
f 398/398 3335/3335 1398/1398
f 2829/2829 3335/3335 398/398
f 2829/2829 3402/3402 3335/3335
f 2087/2087 839/839 1131/1131
f 1146/1146 2087/2087 1131/1131
f 3779/3779 1131/1131 2317/2317
f 1146/1146 1131/1131 3779/3779
f 2896/2896 3655/3655 1146/1146
f 4163/4163 2896/2896 1146/1146
f 4163/4163 1146/1146 2202/2202
f 2202/2202 1146/1146 2563/2563
f 3779/3779 2317/2317 2242/2242
f 3779/3779 2242/2242 358/358
f 358/358 2242/2242 3102/3102
f 2563/2563 1146/1146 3779/3779
f 2563/2563 3779/3779 4189/4189
f 2202/2202 2563/2563 4189/4189
f 2829/2829 2730/2730 3402/3402
f 3402/3402 2730/2730 4038/4038
f 3102/3102 3038/3038 424/424
f 424/424 3038/3038 3335/3335
f 1336/1336 3775/3775 518/518
f 518/518 3775/3775 4738/4738
f 1336/1336 1778/1778 2711/2711
f 1778/1778 1336/1336 518/518
f 2711/2711 2225/2225 1336/1336
f 2711/2711 3762/3762 2225/2225
f 2450/2450 2711/2711 1778/1778
f 1689/1689 1336/1336 2225/2225
f 358/358 3102/3102 2015/2015
f 1220/1220 358/358 2015/2015
f 424/424 4453/4453 3102/3102
f 424/424 2529/2529 4453/4453
f 3102/3102 4453/4453 2015/2015
f 3587/3587 4452/4452 4453/4453
f 4453/4453 2529/2529 3587/3587
f 4453/4453 4452/4452 2015/2015
f 4452/4452 3587/3587 1724/1724
f 1220/1220 4452/4452 4217/4217
f 1724/1724 4217/4217 4452/4452
f 3402/3402 4038/4038 424/424
f 2529/2529 424/424 4038/4038
f 2529/2529 4038/4038 3248/3248
f 3775/3775 2529/2529 3248/3248
f 3775/3775 1058/1058 2529/2529
f 1058/1058 3775/3775 1336/1336
f 1058/1058 1336/1336 1689/1689
f 3587/3587 2529/2529 1058/1058
f 3587/3587 1058/1058 1724/1724
f 1220/1220 2015/2015 4452/4452
f 1220/1220 4217/4217 1538/1538
f 1689/1689 44/44 1724/1724
f 44/44 1689/1689 253/253
f 253/253 1689/1689 2225/2225
f 1724/1724 44/44 4217/4217
f 253/253 2225/2225 808/808
f 1058/1058 1689/1689 1724/1724
f 44/44 936/936 4217/4217
f 1538/1538 4217/4217 936/936
f 3231/3231 44/44 253/253
f 936/936 44/44 3231/3231
f 3231/3231 253/253 4361/4361
f 808/808 4361/4361 253/253
f 3231/3231 4361/4361 1478/1478
f 3567/3567 2247/2247 398/398
f 375/375 398/398 2247/2247
f 392/392 2247/2247 1900/1900
f 375/375 2247/2247 1921/1921
f 2829/2829 398/398 375/375
f 4775/4775 2247/2247 392/392
f 392/392 4346/4346 4775/4775
f 865/865 4346/4346 392/392
f 1743/1743 4775/4775 4346/4346
f 4775/4775 1921/1921 2247/2247
f 1505/1505 1921/1921 4775/4775
f 822/822 4346/4346 865/865
f 822/822 1309/1309 4346/4346
f 1309/1309 1743/1743 4346/4346
f 3892/3892 2730/2730 2829/2829
f 2730/2730 3892/3892 3113/3113
f 2667/2667 3892/3892 2829/2829
f 2667/2667 2829/2829 375/375
f 1743/1743 2557/2557 3545/3545
f 1505/1505 3545/3545 156/156
f 4502/4502 3545/3545 2557/2557
f 4502/4502 2557/2557 552/552
f 156/156 3545/3545 4502/4502
f 1196/1196 156/156 4502/4502
f 2838/2838 4502/4502 552/552
f 4143/4143 1196/1196 4502/4502
f 4502/4502 2838/2838 4143/4143
f 2838/2838 905/905 4143/4143
f 905/905 4384/4384 4143/4143
f 449/449 3507/3507 731/731
f 449/449 731/731 1188/1188
f 1188/1188 4724/4724 4384/4384
f 1188/1188 4384/4384 449/449
f 3507/3507 449/449 905/905
f 4384/4384 905/905 449/449
f 4738/4738 1955/1955 518/518
f 1955/1955 4738/4738 247/247
f 2792/2792 2007/2007 2450/2450
f 1364/1364 90/90 2792/2792
f 1955/1955 2792/2792 518/518
f 518/518 2792/2792 1778/1778
f 2450/2450 1778/1778 2792/2792
f 1364/1364 2792/2792 1955/1955
f 247/247 1364/1364 1955/1955
f 3113/3113 4038/4038 2730/2730
f 4038/4038 3113/3113 3248/3248
f 4669/4669 3248/3248 3113/3113
f 4669/4669 247/247 3248/3248
f 3248/3248 4738/4738 3775/3775
f 4738/4738 3248/3248 247/247
f 4669/4669 130/130 247/247
f 130/130 4669/4669 2445/2445
f 130/130 2445/2445 3279/3279
f 4669/4669 3113/3113 975/975
f 532/532 2445/2445 4669/4669
f 532/532 4669/4669 975/975
f 3794/3794 130/130 3279/3279
f 130/130 1364/1364 247/247
f 130/130 3794/3794 1931/1931
f 1364/1364 130/130 1931/1931
f 3794/3794 731/731 1931/1931
f 3342/3342 3279/3279 2445/2445
f 3342/3342 1188/1188 3794/3794
f 3342/3342 3794/3794 3279/3279
f 1456/1456 2445/2445 532/532
f 3261/3261 3342/3342 2445/2445
f 2445/2445 1456/1456 3261/3261
f 4724/4724 3342/3342 3261/3261
f 4724/4724 1188/1188 3342/3342
f 3794/3794 1188/1188 731/731
f 3022/3022 3859/3859 2007/2007
f 3838/3838 3859/3859 3854/3854
f 3022/3022 3854/3854 3859/3859
f 2007/2007 1996/1996 3022/3022
f 2007/2007 90/90 1996/1996
f 3022/3022 2704/2704 3854/3854
f 2704/2704 57/57 3854/3854
f 1741/1741 2711/2711 2450/2450
f 3762/3762 2711/2711 1741/1741
f 3762/3762 1741/1741 600/600
f 53/53 3762/3762 600/600
f 3762/3762 808/808 2225/2225
f 53/53 808/808 3762/3762
f 2007/2007 1741/1741 2450/2450
f 90/90 2007/2007 2792/2792
f 3859/3859 1741/1741 2007/2007
f 1741/1741 3859/3859 600/600
f 600/600 3859/3859 3838/3838
f 3838/3838 53/53 600/600
f 57/57 53/53 3838/3838
f 57/57 3838/3838 3854/3854
f 905/905 2838/2838 1898/1898
f 1898/1898 3507/3507 905/905
f 3507/3507 3878/3878 731/731
f 3507/3507 1898/1898 3878/3878
f 1498/1498 3878/3878 1898/1898
f 3878/3878 1498/1498 1872/1872
f 1872/1872 1364/1364 1931/1931
f 3878/3878 1931/1931 731/731
f 3878/3878 1872/1872 1931/1931
f 4294/4294 1872/1872 4500/4500
f 1996/1996 90/90 3349/3349
f 1872/1872 90/90 1364/1364
f 4294/4294 90/90 1872/1872
f 3349/3349 90/90 4294/4294
f 2617/2617 3238/3238 3218/3218
f 3218/3218 4235/4235 2617/2617
f 4235/4235 3218/3218 4140/4140
f 4344/4344 3238/3238 3237/3237
f 3237/3237 3238/3238 2617/2617
f 4344/4344 3237/3237 137/137
f 2617/2617 4235/4235 1491/1491
f 3237/3237 2617/2617 4730/4730
f 2617/2617 1491/1491 96/96
f 2617/2617 96/96 4730/4730
f 4730/4730 96/96 3246/3246
f 4730/4730 3246/3246 1549/1549
f 1549/1549 3246/3246 2679/2679
f 137/137 3237/3237 4730/4730
f 137/137 4730/4730 1549/1549
f 4609/4609 4235/4235 4140/4140
f 4235/4235 4609/4609 898/898
f 1491/1491 4235/4235 898/898
f 3879/3879 3789/3789 2500/2500
f 3436/3436 306/306 2500/2500
f 2500/2500 3789/3789 3436/3436
f 327/327 123/123 3436/3436
f 3436/3436 123/123 2683/2683
f 3818/3818 3436/3436 3789/3789
f 3039/3039 3789/3789 898/898
f 3789/3789 3039/3039 3818/3818
f 2842/2842 3436/3436 3818/3818
f 3436/3436 3978/3978 327/327
f 2842/2842 3978/3978 3436/3436
f 1982/1982 3818/3818 3039/3039
f 992/992 3978/3978 2842/2842
f 4504/4504 3133/3133 992/992
f 992/992 2842/2842 4504/4504
f 4504/4504 2842/2842 3818/3818
f 1982/1982 4504/4504 3818/3818
f 3879/3879 96/96 1491/1491
f 96/96 3879/3879 2679/2679
f 96/96 2679/2679 3246/3246
f 3789/3789 3879/3879 1491/1491
f 1491/1491 898/898 3789/3789
f 2679/2679 3879/3879 1775/1775
f 1775/1775 1549/1549 2679/2679
f 1549/1549 1775/1775 3169/3169
f 2500/2500 1775/1775 3879/3879
f 3169/3169 1775/1775 2500/2500
f 3169/3169 2500/2500 306/306
f 1549/1549 3169/3169 4269/4269
f 3456/3456 3169/3169 306/306
f 3456/3456 306/306 2683/2683
f 3456/3456 2683/2683 1459/1459
f 306/306 3436/3436 2683/2683
f 123/123 1459/1459 2683/2683
f 3943/3943 3456/3456 1459/1459
f 3456/3456 4482/4482 3169/3169
f 4482/4482 4269/4269 3169/3169
f 3584/3584 4269/4269 4482/4482
f 4482/4482 3456/3456 3943/3943
f 2710/2710 3039/3039 898/898
f 1982/1982 3039/3039 2710/2710
f 3093/3093 3218/3218 3232/3232
f 2045/2045 4140/4140 3218/3218
f 3218/3218 4344/4344 3232/3232
f 3238/3238 4344/4344 3218/3218
f 3232/3232 4344/4344 515/515
f 515/515 4344/4344 137/137
f 1393/1393 515/515 137/137
f 137/137 1549/1549 4269/4269
f 3331/3331 4269/4269 3584/3584
f 137/137 4269/4269 1393/1393
f 1393/1393 4269/4269 3449/3449
f 1393/1393 3449/3449 4270/4270
f 3584/3584 4482/4482 3943/3943
f 69/69 4665/4665 4146/4146
f 69/69 755/755 4665/4665
f 123/123 69/69 3071/3071
f 1459/1459 123/123 3071/3071
f 123/123 327/327 69/69
f 3071/3071 69/69 4146/4146
f 4146/4146 3715/3715 3071/3071
f 4146/4146 14/14 539/539
f 3715/3715 4146/4146 2686/2686
f 1580/1580 610/610 539/539
f 2686/2686 539/539 610/610
f 2686/2686 4146/4146 539/539
f 755/755 3077/3077 4665/4665
f 992/992 3077/3077 755/755
f 992/992 46/46 3077/3077
f 3133/3133 46/46 992/992
f 327/327 3978/3978 755/755
f 327/327 755/755 69/69
f 3978/3978 992/992 755/755
f 573/573 3943/3943 3071/3071
f 573/573 3071/3071 3938/3938
f 3071/3071 3943/3943 1459/1459
f 3938/3938 3071/3071 3715/3715
f 1998/1998 3943/3943 573/573
f 102/102 3943/3943 1998/1998
f 1532/1532 1998/1998 573/573
f 1735/1735 1532/1532 573/573
f 3715/3715 321/321 3938/3938
f 573/573 3938/3938 321/321
f 321/321 1784/1784 1102/1102
f 1784/1784 3715/3715 2686/2686
f 321/321 3715/3715 1784/1784
f 3948/3948 2686/2686 610/610
f 2091/2091 1784/1784 3948/3948
f 3948/3948 1784/1784 2686/2686
f 2091/2091 1102/1102 1784/1784
f 1735/1735 573/573 321/321
f 1735/1735 321/321 1102/1102
f 2154/2154 1102/1102 2975/2975
f 2975/2975 1102/1102 2091/2091
f 3948/3948 610/610 4362/4362
f 1580/1580 539/539 346/346
f 1580/1580 346/346 249/249
f 1580/1580 249/249 3643/3643
f 610/610 1580/1580 3643/3643
f 610/610 3643/3643 4213/4213
f 3643/3643 249/249 1189/1189
f 3643/3643 1189/1189 3531/3531
f 3531/3531 1189/1189 4385/4385
f 1625/1625 3643/3643 3531/3531
f 4213/4213 3643/3643 1625/1625
f 4385/4385 3506/3506 1367/1367
f 3531/3531 4385/4385 1367/1367
f 1625/1625 3531/3531 1407/1407
f 1407/1407 3531/3531 1367/1367
f 1407/1407 1367/1367 3500/3500
f 3500/3500 4757/4757 1407/1407
f 4362/4362 610/610 4213/4213
f 4362/4362 4213/4213 4727/4727
f 4213/4213 757/757 4727/4727
f 4213/4213 1625/1625 1407/1407
f 757/757 4213/4213 1407/1407
f 757/757 1407/1407 4757/4757
f 169/169 757/757 4757/4757
f 169/169 4757/4757 3844/3844
f 3844/3844 4757/4757 4141/4141
f 1367/1367 3506/3506 339/339
f 1367/1367 339/339 3500/3500
f 339/339 2306/2306 3500/3500
f 3655/3655 339/339 3506/3506
f 3165/3165 2255/2255 4141/4141
f 4141/4141 2255/2255 3844/3844
f 2255/2255 3165/3165 1292/1292
f 2276/2276 1292/1292 3165/3165
f 2226/2226 2091/2091 3948/3948
f 2226/2226 3948/3948 4362/4362
f 2975/2975 2091/2091 2226/2226
f 2975/2975 2226/2226 1729/1729
f 1729/1729 2226/2226 3310/3310
f 325/325 4362/4362 4064/4064
f 4064/4064 4362/4362 4727/4727
f 4226/4226 4727/4727 757/757
f 4064/4064 4727/4727 4226/4226
f 757/757 169/169 4226/4226
f 3844/3844 4226/4226 169/169
f 3844/3844 2144/2144 4226/4226
f 2226/2226 4362/4362 325/325
f 325/325 4064/4064 4226/4226
f 2621/2621 325/325 4226/4226
f 2226/2226 325/325 3310/3310
f 2621/2621 4226/4226 2144/2144
f 4457/4457 2621/2621 2144/2144
f 325/325 2621/2621 4457/4457
f 3251/3251 2144/2144 2615/2615
f 3251/3251 4457/4457 2144/2144
f 2615/2615 2144/2144 2255/2255
f 390/390 2615/2615 4677/4677
f 2615/2615 2255/2255 4677/4677
f 4677/4677 2255/2255 1292/1292
f 3844/3844 2255/2255 2144/2144
f 4677/4677 1292/1292 1430/1430
f 2162/2162 2615/2615 390/390
f 3251/3251 2615/2615 2162/2162
f 390/390 4677/4677 1430/1430
f 3449/3449 4269/4269 3331/3331
f 3449/3449 3331/3331 4270/4270
f 4270/4270 3331/3331 3991/3991
f 3991/3991 3331/3331 2233/2233
f 2712/2712 2233/2233 1619/1619
f 2712/2712 3991/3991 2233/2233
f 2712/2712 1619/1619 3209/3209
f 3991/3991 2712/2712 3209/3209
f 3584/3584 3943/3943 102/102
f 1998/1998 4690/4690 102/102
f 102/102 3331/3331 3584/3584
f 3331/3331 102/102 4690/4690
f 4690/4690 1998/1998 1532/1532
f 3331/3331 4690/4690 2233/2233
f 2233/2233 4690/4690 1532/1532
f 2154/2154 1735/1735 1102/1102
f 1735/1735 1619/1619 1532/1532
f 1619/1619 1735/1735 3786/3786
f 3786/3786 1735/1735 2154/2154
f 3862/3862 1619/1619 3786/3786
f 2233/2233 1532/1532 1619/1619
f 3209/3209 1619/1619 4424/4424
f 2728/2728 2154/2154 2975/2975
f 2728/2728 2975/2975 40/40
f 40/40 2975/2975 1729/1729
f 1281/1281 40/40 1729/1729
f 1281/1281 1729/1729 3310/3310
f 2728/2728 3786/3786 2154/2154
f 3862/3862 3786/3786 1345/1345
f 2728/2728 1345/1345 3786/3786
f 1078/1078 2728/2728 40/40
f 1345/1345 2728/2728 903/903
f 1078/1078 903/903 2728/2728
f 903/903 77/77 1345/1345
f 1078/1078 40/40 1281/1281
f 3310/3310 1584/1584 1281/1281
f 1584/1584 2724/2724 1281/1281
f 1281/1281 2724/2724 1078/1078
f 903/903 1078/1078 2724/2724
f 2724/2724 1584/1584 4737/4737
f 1115/1115 4457/4457 3251/3251
f 1589/1589 3310/3310 325/325
f 1589/1589 1584/1584 3310/3310
f 1589/1589 325/325 4457/4457
f 1589/1589 4457/4457 1115/1115
f 1584/1584 1589/1589 1115/1115
f 1115/1115 3251/3251 2162/2162
f 756/756 1115/1115 2162/2162
f 756/756 2162/2162 2556/2556
f 2162/2162 390/390 2556/2556
f 2556/2556 390/390 1430/1430
f 4737/4737 1584/1584 1115/1115
f 4737/4737 1115/1115 756/756
f 4737/4737 756/756 3914/3914
f 3914/3914 756/756 4129/4129
f 470/470 4737/4737 3914/3914
f 4129/4129 756/756 2556/2556
f 4129/4129 2556/2556 2542/2542
f 726/726 2542/2542 2556/2556
f 726/726 2556/2556 1896/1896
f 4129/4129 2542/2542 3914/3914
f 470/470 3914/3914 2542/2542
f 2542/2542 3377/3377 470/470
f 3377/3377 2542/2542 726/726
f 3862/3862 1345/1345 77/77
f 4424/4424 1619/1619 3862/3862
f 310/310 4424/4424 3862/3862
f 4373/4373 4424/4424 310/310
f 3862/3862 653/653 310/310
f 77/77 903/903 177/177
f 177/177 903/903 3585/3585
f 77/77 3432/3432 3862/3862
f 3432/3432 77/77 177/177
f 177/177 3585/3585 3504/3504
f 2974/2974 177/177 3504/3504
f 1081/1081 3585/3585 903/903
f 2724/2724 1081/1081 903/903
f 1081/1081 2724/2724 4737/4737
f 1081/1081 4497/4497 3585/3585
f 4497/4497 1081/1081 1909/1909
f 4497/4497 3504/3504 3585/3585
f 653/653 3862/3862 3432/3432
f 2974/2974 653/653 3432/3432
f 3432/3432 177/177 2974/2974
f 2974/2974 3504/3504 4107/4107
f 470/470 1081/1081 4737/4737
f 1081/1081 470/470 1537/1537
f 1537/1537 470/470 3377/3377
f 4564/4564 1684/1684 1393/1393
f 1393/1393 4175/4175 4564/4564
f 3727/3727 4564/4564 2969/2969
f 3642/3642 2969/2969 4564/4564
f 3642/3642 4564/4564 2483/2483
f 3642/3642 2483/2483 1803/1803
f 911/911 419/419 3642/3642
f 911/911 3642/3642 1803/1803
f 911/911 1803/1803 721/721
f 515/515 1393/1393 1684/1684
f 1313/1313 1393/1393 4270/4270
f 4175/4175 1393/1393 1313/1313
f 4175/4175 1313/1313 2483/2483
f 4564/4564 4175/4175 2483/2483
f 369/369 1611/1611 4270/4270
f 1313/1313 4270/4270 1611/1611
f 3991/3991 369/369 4270/4270
f 3991/3991 3209/3209 2962/2962
f 369/369 3991/3991 2962/2962
f 2962/2962 3209/3209 4373/4373
f 1611/1611 369/369 3736/3736
f 511/511 369/369 2962/2962
f 511/511 2962/2962 2443/2443
f 3736/3736 369/369 511/511
f 1611/1611 3736/3736 511/511
f 2443/2443 2962/2962 4373/4373
f 2443/2443 4373/4373 2787/2787
f 511/511 2443/2443 1473/1473
f 1611/1611 511/511 3512/3512
f 1473/1473 2443/2443 417/417
f 3512/3512 511/511 1473/1473
f 4424/4424 4373/4373 3209/3209
f 310/310 2787/2787 4373/4373
f 4575/4575 653/653 2974/2974
f 4575/4575 4517/4517 653/653
f 4169/4169 310/310 653/653
f 2787/2787 310/310 4169/4169
f 2443/2443 2787/2787 417/417
f 417/417 2787/2787 4169/4169
f 653/653 4517/4517 4169/4169
f 4517/4517 2795/2795 4169/4169
f 1473/1473 417/417 4695/4695
f 4695/4695 417/417 4169/4169
f 4695/4695 2133/2133 1473/1473
f 2795/2795 4695/4695 4169/4169
f 1313/1313 1803/1803 2483/2483
f 1748/1748 1313/1313 1611/1611
f 1313/1313 1748/1748 1803/1803
f 1803/1803 1749/1749 721/721
f 1748/1748 1864/1864 1803/1803
f 1749/1749 1803/1803 1864/1864
f 1749/1749 1864/1864 629/629
f 3512/3512 1748/1748 1611/1611
f 285/285 1748/1748 3512/3512
f 1748/1748 2471/2471 629/629
f 2471/2471 1748/1748 285/285
f 629/629 1864/1864 1748/1748
f 2471/2471 3785/3785 629/629
f 2471/2471 285/285 345/345
f 2471/2471 345/345 1443/1443
f 1443/1443 345/345 189/189
f 1430/1430 1292/1292 2276/2276
f 1430/1430 2276/2276 52/52
f 1430/1430 52/52 1179/1179
f 1430/1430 1179/1179 1896/1896
f 2793/2793 4417/4417 3483/3483
f 4417/4417 1788/1788 3318/3318
f 4417/4417 3318/3318 2826/2826
f 988/988 4417/4417 2826/2826
f 2826/2826 3318/3318 4572/4572
f 2826/2826 4572/4572 2760/2760
f 1896/1896 2556/2556 1430/1430
f 1179/1179 4682/4682 1896/1896
f 4682/4682 1179/1179 3483/3483
f 4682/4682 3483/3483 2246/2246
f 726/726 1896/1896 4682/4682
f 726/726 4682/4682 2246/2246
f 3483/3483 1351/1351 2246/2246
f 299/299 4335/4335 970/970
f 4335/4335 299/299 2689/2689
f 3377/3377 726/726 1537/1537
f 4416/4416 1537/1537 726/726
f 4557/4557 726/726 2246/2246
f 4416/4416 726/726 4557/4557
f 4557/4557 2246/2246 1351/1351
f 1351/1351 2689/2689 4557/4557
f 4557/4557 4151/4151 4416/4416
f 1537/1537 4151/4151 299/299
f 4416/4416 4151/4151 1537/1537
f 2689/2689 4151/4151 4557/4557
f 2689/2689 299/299 4151/4151
f 625/625 3831/3831 988/988
f 3468/3468 3483/3483 4417/4417
f 1351/1351 2555/2555 3831/3831
f 1351/1351 3483/3483 3468/3468
f 2555/2555 3468/3468 4417/4417
f 1351/1351 3468/3468 2555/2555
f 2555/2555 4417/4417 988/988
f 3831/3831 2555/2555 988/988
f 988/988 2826/2826 1530/1530
f 1530/1530 625/625 988/988
f 2689/2689 3831/3831 4335/4335
f 4335/4335 3831/3831 625/625
f 4335/4335 2084/2084 970/970
f 2084/2084 4335/4335 625/625
f 3381/3381 625/625 1530/1530
f 2180/2180 2084/2084 625/625
f 625/625 3381/3381 2180/2180
f 4276/4276 3381/3381 1530/1530
f 2689/2689 1351/1351 3831/3831
f 4497/4497 1909/1909 4474/4474
f 4474/4474 1909/1909 970/970
f 4474/4474 970/970 618/618
f 3504/3504 4497/4497 4474/4474
f 3504/3504 4474/4474 2828/2828
f 2828/2828 4474/4474 618/618
f 4107/4107 4575/4575 2974/2974
f 4107/4107 3504/3504 2828/2828
f 3380/3380 4107/4107 2828/2828
f 3380/3380 2828/2828 3004/3004
f 618/618 970/970 2084/2084
f 2180/2180 618/618 2084/2084
f 2828/2828 618/618 2180/2180
f 3004/3004 2828/2828 2180/2180
f 3298/3298 3004/3004 2180/2180
f 1537/1537 1909/1909 1081/1081
f 1909/1909 1537/1537 299/299
f 1909/1909 299/299 970/970
f 2180/2180 4276/4276 870/870
f 3381/3381 4276/4276 2180/2180
f 3298/3298 2180/2180 870/870
f 1530/1530 2826/2826 2760/2760
f 4276/4276 1530/1530 4574/4574
f 4574/4574 1530/1530 2760/2760
f 4574/4574 2760/2760 4448/4448
f 1740/1740 4448/4448 4357/4357
f 870/870 4276/4276 68/68
f 68/68 4574/4574 1740/1740
f 2548/2548 68/68 1740/1740
f 2548/2548 1740/1740 2547/2547
f 4509/4509 68/68 2548/2548
f 4509/4509 2548/2548 2547/2547
f 2547/2547 338/338 4509/4509
f 2750/2750 4509/4509 338/338
f 1200/1200 2547/2547 4357/4357
f 1238/1238 1200/1200 1409/1409
f 338/338 2547/2547 1200/1200
f 3385/3385 1200/1200 1238/1238
f 338/338 1200/1200 3385/3385
f 1238/1238 1409/1409 2512/2512
f 1225/1225 1238/1238 2512/2512
f 1225/1225 2512/2512 4411/4411
f 4411/4411 2512/2512 3541/3541
f 1473/1473 2986/2986 3512/3512
f 3380/3380 4575/4575 4107/4107
f 2795/2795 4517/4517 4575/4575
f 2795/2795 4575/4575 3380/3380
f 542/542 2795/2795 615/615
f 2795/2795 3380/3380 615/615
f 3380/3380 3188/3188 615/615
f 542/542 615/615 3188/3188
f 3188/3188 3380/3380 3004/3004
f 3188/3188 3004/3004 3101/3101
f 3101/3101 3004/3004 3298/3298
f 3101/3101 3869/3869 4461/4461
f 4461/4461 3188/3188 3101/3101
f 3188/3188 4461/4461 2201/2201
f 3101/3101 3298/3298 1870/1870
f 3869/3869 3101/3101 1870/1870
f 2133/2133 4695/4695 2795/2795
f 2133/2133 2795/2795 542/542
f 542/542 929/929 2133/2133
f 2133/2133 2986/2986 1473/1473
f 2986/2986 2133/2133 929/929
f 3188/3188 929/929 542/542
f 929/929 3188/3188 2201/2201
f 2986/2986 4391/4391 3512/3512
f 929/929 4391/4391 2986/2986
f 4391/4391 929/929 2201/2201
f 3945/3945 2201/2201 3373/3373
f 3373/3373 2201/2201 652/652
f 3945/3945 4391/4391 2201/2201
f 4509/4509 3869/3869 1870/1870
f 3869/3869 4509/4509 2750/2750
f 2750/2750 2948/2948 3869/3869
f 2201/2201 3869/3869 652/652
f 2948/2948 2750/2750 338/338
f 2948/2948 338/338 3385/3385
f 2948/2948 652/652 3869/3869
f 652/652 2948/2948 3385/3385
f 3869/3869 2201/2201 4461/4461
f 1238/1238 1225/1225 3385/3385
f 1225/1225 652/652 3385/3385
f 1225/1225 3131/3131 652/652
f 4411/4411 3131/3131 1225/1225
f 3373/3373 652/652 2893/2893
f 2893/2893 3945/3945 3373/3373
f 3595/3595 3945/3945 2893/2893
f 2893/2893 652/652 3131/3131
f 3654/3654 3131/3131 3132/3132
f 4411/4411 3132/3132 3131/3131
f 3512/3512 4484/4484 285/285
f 4484/4484 3512/3512 4391/4391
f 3297/3297 4391/4391 3595/3595
f 4484/4484 4391/4391 3297/3297
f 3783/3783 3297/3297 3595/3595
f 345/345 285/285 848/848
f 4484/4484 848/848 285/285
f 189/189 345/345 636/636
f 636/636 345/345 848/848
f 1043/1043 848/848 4484/4484
f 4484/4484 3297/3297 3783/3783
f 636/636 848/848 1043/1043
f 1421/1421 1043/1043 2729/2729
f 636/636 1043/1043 1421/1421
f 1043/1043 4484/4484 3783/3783
f 2729/2729 1043/1043 3783/3783
f 3783/3783 3595/3595 3939/3939
f 3939/3939 2806/2806 3783/3783
f 2729/2729 3783/3783 3107/3107
f 3107/3107 3783/3783 2806/2806
f 3107/3107 2806/2806 1812/1812
f 1369/1369 3107/3107 1812/1812
f 1812/1812 493/493 3861/3861
f 3595/3595 4391/4391 3945/3945
f 2893/2893 3939/3939 3595/3595
f 2893/2893 3131/3131 3654/3654
f 3939/3939 2893/2893 3654/3654
f 2806/2806 3939/3939 493/493
f 1812/1812 2806/2806 493/493
f 493/493 3939/3939 4773/4773
f 3861/3861 493/493 3270/3270
f 2258/2258 3946/3946 1308/1308
f 3654/3654 3132/3132 35/35
f 3132/3132 4411/4411 1066/1066
f 35/35 3132/3132 1066/1066
f 2172/2172 35/35 1066/1066
f 1066/1066 4411/4411 3946/3946
f 2258/2258 1066/1066 3946/3946
f 4762/4762 1066/1066 2258/2258
f 2172/2172 1066/1066 4762/4762
f 1308/1308 3946/3946 3372/3372
f 4762/4762 2258/2258 1308/1308
f 4319/4319 4762/4762 1308/1308
f 4319/4319 1308/1308 25/25
f 4486/4486 25/25 2817/2817
f 3939/3939 3654/3654 35/35
f 4773/4773 3939/3939 35/35
f 4773/4773 35/35 700/700
f 35/35 2172/2172 700/700
f 3782/3782 2172/2172 4762/4762
f 3270/3270 493/493 4773/4773
f 3270/3270 4773/4773 4158/4158
f 3270/3270 4158/4158 2328/2328
f 4158/4158 4773/4773 700/700
f 4158/4158 700/700 4485/4485
f 4485/4485 3782/3782 4242/4242
f 4242/4242 4158/4158 4485/4485
f 2328/2328 4158/4158 4242/4242
f 4762/4762 4319/4319 785/785
f 2968/2968 4319/4319 25/25
f 3782/3782 4762/4762 785/785
f 785/785 4319/4319 2968/2968
f 2968/2968 25/25 4486/4486
f 2241/2241 2968/2968 4486/4486
f 785/785 4242/4242 3782/3782
f 1736/1736 4242/4242 785/785
f 2241/2241 785/785 2968/2968
f 1736/1736 785/785 2241/2241
f 1736/1736 2241/2241 2090/2090
f 4504/4504 4406/4406 3133/3133
f 1982/1982 4406/4406 4504/4504
f 1911/1911 2710/2710 898/898
f 3717/3717 2710/2710 1911/1911
f 1911/1911 1988/1988 3717/3717
f 1911/1911 898/898 4609/4609
f 1911/1911 4609/4609 3400/3400
f 1988/1988 1911/1911 3400/3400
f 1982/1982 2710/2710 2594/2594
f 2710/2710 2658/2658 2594/2594
f 2710/2710 3717/3717 2658/2658
f 2594/2594 2658/2658 1330/1330
f 2932/2932 1982/1982 2594/2594
f 2932/2932 4406/4406 1982/1982
f 3804/3804 4406/4406 2932/2932
f 1330/1330 2932/2932 2594/2594
f 3804/3804 2932/2932 1330/1330
f 1444/1444 2658/2658 3717/3717
f 4329/4329 1330/1330 2658/2658
f 2658/2658 1444/1444 4329/4329
f 3717/3717 1988/1988 1691/1691
f 3400/3400 3650/3650 1988/1988
f 1988/1988 3650/3650 1691/1691
f 1652/1652 318/318 4701/4701
f 3650/3650 1272/1272 1691/1691
f 155/155 1691/1691 1272/1272
f 1272/1272 17/17 155/155
f 155/155 17/17 1652/1652
f 17/17 318/318 1652/1652
f 2344/2344 17/17 1272/1272
f 3717/3717 1691/1691 1444/1444
f 1444/1444 1691/1691 4612/4612
f 1444/1444 4612/4612 4329/4329
f 4612/4612 1691/1691 1652/1652
f 155/155 1652/1652 1691/1691
f 4612/4612 1652/1652 1679/1679
f 1679/1679 1652/1652 4701/4701
f 3650/3650 3400/3400 1272/1272
f 1492/1492 1272/1272 3400/3400
f 3706/3706 1492/1492 3400/3400
f 3706/3706 599/599 1492/1492
f 3706/3706 3400/3400 4609/4609
f 46/46 4313/4313 3077/3077
f 4313/4313 46/46 1451/1451
f 2819/2819 4313/4313 1451/1451
f 46/46 3133/3133 1451/1451
f 4406/4406 1451/1451 3133/3133
f 704/704 1451/1451 4406/4406
f 704/704 63/63 1451/1451
f 3343/3343 1119/1119 4370/4370
f 1119/1119 3034/3034 4370/4370
f 28/28 3343/3343 1791/1791
f 1791/1791 3343/3343 4370/4370
f 3134/3134 3760/3760 3034/3034
f 3760/3760 109/109 3034/3034
f 1791/1791 4370/4370 3034/3034
f 109/109 1791/1791 3034/3034
f 109/109 3760/3760 4059/4059
f 1195/1195 109/109 4059/4059
f 4585/4585 28/28 1791/1791
f 109/109 4585/4585 1791/1791
f 4702/4702 4585/4585 109/109
f 4406/4406 3804/3804 704/704
f 318/318 849/849 4701/4701
f 17/17 774/774 318/318
f 774/774 17/17 2344/2344
f 1610/1610 774/774 4300/4300
f 3799/3799 3500/3500 2306/2306
f 4757/4757 3500/3500 3799/3799
f 3799/3799 2306/2306 1349/1349
f 3165/3165 3799/3799 1349/1349
f 2306/2306 339/339 2896/2896
f 2306/2306 2896/2896 3604/3604
f 1349/1349 2306/2306 3604/3604
f 1349/1349 2434/2434 3165/3165
f 2434/2434 1349/1349 3604/3604
f 3604/3604 448/448 2434/2434
f 3799/3799 4141/4141 4757/4757
f 3799/3799 3165/3165 4141/4141
f 3165/3165 2434/2434 2276/2276
f 2276/2276 2434/2434 448/448
f 28/28 4392/4392 3343/3343
f 4675/4675 4392/4392 28/28
f 4392/4392 2080/2080 3343/3343
f 1856/1856 28/28 4585/4585
f 4702/4702 1856/1856 4585/4585
f 28/28 1856/1856 4675/4675
f 1903/1903 1610/1610 1865/1865
f 1865/1865 1610/1610 4300/4300
f 4326/4326 1903/1903 1865/1865
f 1903/1903 1195/1195 1610/1610
f 4300/4300 774/774 2344/2344
f 1492/1492 2344/2344 1272/1272
f 4300/4300 2344/2344 1865/1865
f 2344/2344 1492/1492 1865/1865
f 4326/4326 1865/1865 1492/1492
f 599/599 4326/4326 1492/1492
f 4675/4675 3959/3959 4392/4392
f 4675/4675 1856/1856 594/594
f 2972/2972 2080/2080 4392/4392
f 2972/2972 4392/4392 3959/3959
f 2972/2972 3959/3959 3680/3680
f 355/355 3959/3959 4675/4675
f 3959/3959 355/355 3680/3680
f 3680/3680 822/822 2972/2972
f 822/822 3680/3680 1942/1942
f 1942/1942 3680/3680 1218/1218
f 1218/1218 3680/3680 355/355
f 355/355 1251/1251 1218/1218
f 4326/4326 967/967 1903/1903
f 1888/1888 1467/1467 967/967
f 4326/4326 1888/1888 967/967
f 3706/3706 1813/1813 4208/4208
f 3706/3706 4208/4208 599/599
f 4326/4326 599/599 3012/3012
f 1498/1498 1898/1898 4326/4326
f 1498/1498 4326/4326 3012/3012
f 2896/2896 4163/4163 3604/3604
f 448/448 3604/3604 4163/4163
f 2490/2490 448/448 4163/4163
f 2490/2490 4163/4163 2202/2202
f 2491/2491 2490/2490 2202/2202
f 2276/2276 448/448 52/52
f 2435/2435 448/448 2490/2490
f 2435/2435 2490/2490 2491/2491
f 52/52 448/448 2435/2435
f 4189/4189 4437/4437 2202/2202
f 2491/2491 2202/2202 4437/4437
f 2181/2181 4189/4189 3779/3779
f 4437/4437 4189/4189 2181/2181
f 1179/1179 52/52 2793/2793
f 3483/3483 1179/1179 2793/2793
f 957/957 2435/2435 2491/2491
f 4437/4437 1788/1788 2491/2491
f 2793/2793 52/52 957/957
f 957/957 52/52 2435/2435
f 2491/2491 1788/1788 957/957
f 2181/2181 1788/1788 4437/4437
f 1788/1788 2181/2181 3318/3318
f 957/957 1788/1788 4417/4417
f 2793/2793 957/957 4417/4417
f 2181/2181 272/272 1543/1543
f 1543/1543 272/272 358/358
f 1220/1220 3551/3551 358/358
f 1538/1538 3551/3551 1220/1220
f 1543/1543 358/358 3551/3551
f 3551/3551 3/3 1543/1543
f 3/3 3551/3551 1538/1538
f 1538/1538 132/132 2325/2325
f 2325/2325 3/3 1538/1538
f 132/132 1538/1538 936/936
f 132/132 936/936 1478/1478
f 936/936 3231/3231 1478/1478
f 132/132 1478/1478 919/919
f 4361/4361 919/919 1478/1478
f 3448/3448 3318/3318 2181/2181
f 3318/3318 3448/3448 4572/4572
f 3448/3448 1543/1543 3/3
f 4015/4015 2325/2325 132/132
f 4015/4015 132/132 919/919
f 3/3 2325/2325 3245/3245
f 2325/2325 1556/1556 1886/1886
f 3722/3722 919/919 2863/2863
f 4015/4015 919/919 3722/3722
f 1556/1556 2325/2325 4015/4015
f 1556/1556 4015/4015 3722/3722
f 3722/3722 3971/3971 1556/1556
f 2557/2557 1888/1888 552/552
f 1888/1888 4326/4326 1898/1898
f 1898/1898 552/552 1888/1888
f 3458/3458 850/850 1196/1196
f 3458/3458 4724/4724 3261/3261
f 3458/3458 3261/3261 850/850
f 1196/1196 4143/4143 4384/4384
f 4384/4384 3458/3458 1196/1196
f 4724/4724 3458/3458 4384/4384
f 4448/4448 3245/3245 1886/1886
f 1886/1886 3245/3245 2325/2325
f 3092/3092 1886/1886 1556/1556
f 3971/3971 3092/3092 1556/1556
f 1981/1981 3971/3971 3722/3722
f 1707/1707 3092/3092 3971/3971
f 1200/1200 4357/4357 1707/1707
f 1200/1200 1707/1707 1409/1409
f 4357/4357 3092/3092 1707/1707
f 1707/1707 3971/3971 1409/1409
f 1409/1409 3971/3971 1981/1981
f 4357/4357 2547/2547 1740/1740
f 4361/4361 2863/2863 919/919
f 2863/2863 4361/4361 4118/4118
f 660/660 4118/4118 3541/3541
f 4361/4361 808/808 4118/4118
f 4118/4118 808/808 53/53
f 53/53 3541/3541 4118/4118
f 3722/3722 2863/2863 1981/1981
f 1981/1981 2863/2863 660/660
f 2863/2863 4118/4118 660/660
f 1766/1766 3541/3541 53/53
f 53/53 3003/3003 1766/1766
f 2512/2512 1409/1409 1981/1981
f 2512/2512 1981/1981 660/660
f 2512/2512 660/660 3541/3541
f 1766/1766 4656/4656 3541/3541
f 3372/3372 3541/3541 4656/4656
f 552/552 1898/1898 2838/2838
f 3012/3012 1872/1872 1498/1498
f 3012/3012 4500/4500 1872/1872
f 4411/4411 3541/3541 3372/3372
f 3372/3372 3946/3946 4411/4411
f 3372/3372 4656/4656 2259/2259
f 25/25 3372/3372 2817/2817
f 4079/4079 747/747 3711/3711
f 3711/3711 2335/2335 4079/4079
f 539/539 4133/4133 79/79
f 1540/1540 47/47 3064/3064
f 4313/4313 2819/2819 3011/3011
f 3201/3201 2643/2643 3886/3886
f 4030/4030 2046/2046 3011/3011
f 4608/4608 4030/4030 2819/2819
f 2819/2819 4030/4030 3011/3011
f 4030/4030 3201/3201 2046/2046
f 3201/3201 4030/4030 890/890
f 890/890 2643/2643 3201/3201
f 2732/2732 890/890 4030/4030
f 2732/2732 4030/4030 4608/4608
f 2931/2931 2643/2643 890/890
f 1540/1540 3064/3064 3636/3636
f 3636/3636 3064/3064 4434/4434
f 4395/4395 380/380 4434/4434
f 380/380 4395/4395 3052/3052
f 908/908 3052/3052 4395/4395
f 82/82 1739/1739 3639/3639
f 822/822 1942/1942 1486/1486
f 1974/1974 949/949 1906/1906
f 272/272 3779/3779 358/358
f 1505/1505 375/375 1921/1921
f 822/822 1486/1486 1309/1309
f 1505/1505 4775/4775 1743/1743
f 375/375 1505/1505 2667/2667
f 1505/1505 2207/2207 2667/2667
f 3113/3113 3892/3892 975/975
f 3892/3892 2667/2667 222/222
f 3892/3892 222/222 975/975
f 2207/2207 222/222 2667/2667
f 1456/1456 532/532 975/975
f 1456/1456 975/975 222/222
f 1888/1888 1309/1309 1486/1486
f 1309/1309 1888/1888 2557/2557
f 1743/1743 1309/1309 2557/2557
f 3545/3545 1505/1505 1743/1743
f 156/156 2207/2207 1505/1505
f 3298/3298 870/870 1870/1870
f 4448/4448 1740/1740 4574/4574
f 4276/4276 4574/4574 68/68
f 870/870 68/68 4509/4509
f 1870/1870 870/870 4509/4509
f 700/700 2172/2172 4485/4485
f 2172/2172 3782/3782 4485/4485
f 1668/1668 1330/1330 4329/4329
f 1668/1668 1286/1286 3804/3804
f 1330/1330 1668/1668 3804/3804
f 1286/1286 1668/1668 4701/4701
f 1679/1679 1668/1668 4329/4329
f 4612/4612 1679/1679 4329/4329
f 1679/1679 4701/4701 1668/1668
f 2819/2819 1451/1451 63/63
f 63/63 704/704 1159/1159
f 1032/1032 4608/4608 2819/2819
f 2819/2819 63/63 1032/1032
f 4011/4011 2732/2732 4608/4608
f 4011/4011 4608/4608 1032/1032
f 4011/4011 4414/4414 2732/2732
f 1032/1032 63/63 1614/1614
f 1614/1614 4011/4011 1032/1032
f 1269/1269 3760/3760 4011/4011
f 1269/1269 4011/4011 1614/1614
f 4011/4011 3760/3760 4414/4414
f 63/63 1159/1159 1614/1614
f 4764/4764 1614/1614 1159/1159
f 1614/1614 4764/4764 1269/1269
f 1269/1269 4764/4764 4505/4505
f 4505/4505 4764/4764 774/774
f 4505/4505 774/774 1610/1610
f 3134/3134 1119/1119 4414/4414
f 4414/4414 1119/1119 2732/2732
f 3134/3134 3034/3034 1119/1119
f 3134/3134 4414/4414 3760/3760
f 1269/1269 4059/4059 3760/3760
f 1269/1269 4505/4505 4059/4059
f 4505/4505 1195/1195 4059/4059
f 1195/1195 4505/4505 1610/1610
f 109/109 1195/1195 4702/4702
f 3804/3804 1286/1286 704/704
f 1159/1159 704/704 1286/1286
f 849/849 1159/1159 1286/1286
f 318/318 4764/4764 1159/1159
f 318/318 1159/1159 849/849
f 1286/1286 4701/4701 849/849
f 4764/4764 318/318 774/774
f 4702/4702 1195/1195 1903/1903
f 1903/1903 594/594 4702/4702
f 967/967 355/355 1903/1903
f 355/355 594/594 1903/1903
f 1856/1856 4702/4702 594/594
f 355/355 4675/4675 594/594
f 1251/1251 355/355 967/967
f 1251/1251 1467/1467 1218/1218
f 1218/1218 1467/1467 1942/1942
f 1467/1467 1486/1486 1942/1942
f 1251/1251 967/967 1467/1467
f 3779/3779 272/272 2181/2181
f 2181/2181 1543/1543 3448/3448
f 4572/4572 3448/3448 3/3
f 3245/3245 4572/4572 3/3
f 2760/2760 4572/4572 3245/3245
f 1467/1467 1888/1888 1486/1486
f 1196/1196 2207/2207 156/156
f 2207/2207 1196/1196 850/850
f 222/222 2207/2207 850/850
f 1456/1456 222/222 850/850
f 3261/3261 1456/1456 850/850
f 2760/2760 3245/3245 4448/4448
f 3092/3092 4357/4357 1886/1886
f 4357/4357 4448/4448 1886/1886
f 25/25 1308/1308 3372/3372
f 185/185 1193/1193 427/427
f 2973/2973 1193/1193 4130/4130
f 2973/2973 4130/4130 409/409
f 2973/2973 409/409 4581/4581
f 4581/4581 409/409 1138/1138
f 2669/2669 4581/4581 1138/1138
f 638/638 4581/4581 2669/2669
f 3439/3439 166/166 3353/3353
f 3353/3353 166/166 2525/2525
f 166/166 1138/1138 409/409
f 2669/2669 1138/1138 1059/1059
f 1138/1138 166/166 3439/3439
f 3439/3439 1059/1059 1138/1138
f 2741/2741 185/185 2451/2451
f 185/185 427/427 2451/2451
f 2451/2451 427/427 16/16
f 2973/2973 427/427 1193/1193
f 3572/3572 427/427 2973/2973
f 3572/3572 16/16 427/427
f 4581/4581 3572/3572 2973/2973
f 638/638 3572/3572 4581/4581
f 810/810 638/638 2669/2669
f 2669/2669 1059/1059 810/810
f 2245/2245 2378/2378 4328/4328
f 507/507 1509/1509 2378/2378
f 2245/2245 507/507 2378/2378
f 507/507 2614/2614 1509/1509
f 2614/2614 507/507 1438/1438
f 507/507 2245/2245 1438/1438
f 1438/1438 1275/1275 2614/2614
f 2245/2245 4328/4328 2895/2895
f 4328/4328 1403/1403 2895/2895
f 4446/4446 3022/3022 1996/1996
f 4446/4446 2704/2704 3022/3022
f 2704/2704 4446/4446 186/186
f 186/186 57/57 2704/2704
f 836/836 4446/4446 1207/1207
f 4446/4446 836/836 186/186
f 57/57 186/186 836/836
f 836/836 1207/1207 2947/2947
f 57/57 836/836 2057/2057
f 2947/2947 2057/2057 836/836
f 2057/2057 2947/2947 3017/3017
f 3017/3017 2947/2947 2684/2684
f 53/53 57/57 3003/3003
f 3003/3003 57/57 2057/2057
f 3003/3003 2057/2057 3017/3017
f 1996/1996 3349/3349 329/329
f 1996/1996 3214/3214 4446/4446
f 3214/3214 1207/1207 4446/4446
f 3214/3214 1996/1996 329/329
f 1207/1207 3214/3214 3257/3257
f 3257/3257 1730/1730 1207/1207
f 1730/1730 3257/3257 1792/1792
f 2684/2684 1730/1730 1792/1792
f 2684/2684 1792/1792 4374/4374
f 3214/3214 1792/1792 3257/3257
f 1792/1792 3214/3214 3157/3157
f 4374/4374 1792/1792 3157/3157
f 1517/1517 3214/3214 329/329
f 2947/2947 1207/1207 1730/1730
f 2947/2947 1730/1730 2684/2684
f 4374/4374 3017/3017 2684/2684
f 329/329 3349/3349 4294/4294
f 329/329 1403/1403 1517/1517
f 329/329 4294/4294 1403/1403
f 497/497 1264/1264 4374/4374
f 4374/4374 3157/3157 497/497
f 1264/1264 497/497 3189/3189
f 2531/2531 3017/3017 1264/1264
f 3214/3214 1517/1517 2378/2378
f 2378/2378 497/497 3214/3214
f 3157/3157 3214/3214 497/497
f 2378/2378 3189/3189 497/497
f 1509/1509 3189/3189 2378/2378
f 3189/3189 1509/1509 2531/2531
f 4328/4328 2378/2378 1517/1517
f 2531/2531 1264/1264 3189/3189
f 3017/3017 4374/4374 1264/1264
f 2531/2531 1509/1509 2614/2614
f 2531/2531 2614/2614 1275/1275
f 1275/1275 2358/2358 2531/2531
f 3017/3017 2531/2531 667/667
f 667/667 2531/2531 2358/2358
f 4328/4328 1517/1517 1403/1403
f 3003/3003 3017/3017 667/667
f 1694/1694 3003/3003 667/667
f 667/667 2827/2827 1694/1694
f 1506/1506 1211/1211 2245/2245
f 2245/2245 2895/2895 1506/1506
f 2245/2245 868/868 1438/1438
f 1438/1438 868/868 1275/1275
f 1275/1275 868/868 4164/4164
f 1211/1211 868/868 2245/2245
f 4164/4164 4449/4449 1275/1275
f 4164/4164 868/868 1211/1211
f 4164/4164 1211/1211 3692/3692
f 4449/4449 4164/4164 3692/3692
f 3825/3825 4449/4449 3692/3692
f 1506/1506 4788/4788 1211/1211
f 4491/4491 4788/4788 1506/1506
f 1928/1928 4788/4788 2915/2915
f 1928/1928 2915/2915 266/266
f 4491/4491 2915/2915 4788/4788
f 2895/2895 4491/4491 1506/1506
f 1928/1928 266/266 1987/1987
f 4550/4550 2915/2915 4491/4491
f 4550/4550 4491/4491 1314/1314
f 3311/3311 266/266 2915/2915
f 92/92 2915/2915 4550/4550
f 92/92 3311/3311 2915/2915
f 266/266 2170/2170 1987/1987
f 3692/3692 1211/1211 4788/4788
f 2360/2360 3692/3692 1928/1928
f 3825/3825 3692/3692 2360/2360
f 3692/3692 4788/4788 1928/1928
f 1987/1987 2360/2360 1928/1928
f 1987/1987 4055/4055 2360/2360
f 266/266 3311/3311 2170/2170
f 2170/2170 3311/3311 832/832
f 832/832 3980/3980 2170/2170
f 4106/4106 2296/2296 961/961
f 4106/4106 961/961 2715/2715
f 1198/1198 2715/2715 3329/3329
f 1198/1198 3329/3329 3243/3243
f 3607/3607 2296/2296 4106/4106
f 1198/1198 4106/4106 2715/2715
f 3607/3607 4106/4106 1198/1198
f 1987/1987 2170/2170 4055/4055
f 3744/3744 2170/2170 3980/3980
f 2170/2170 3744/3744 4055/4055
f 4110/4110 3980/3980 2296/2296
f 3744/3744 3980/3980 4110/4110
f 4110/4110 780/780 3744/3744
f 4110/4110 2296/2296 3607/3607
f 3607/3607 2161/2161 4110/4110
f 1379/1379 3607/3607 1198/1198
f 1379/1379 4018/4018 3607/3607
f 4018/4018 1379/1379 2953/2953
f 1020/1020 4018/4018 2953/2953
f 4018/4018 4584/4584 2161/2161
f 273/273 4018/4018 1020/1020
f 4584/4584 4018/4018 273/273
f 2161/2161 3607/3607 4018/4018
f 780/780 4110/4110 2161/2161
f 3243/3243 3329/3329 1976/1976
f 3840/3840 1976/1976 3329/3329
f 3997/3997 1976/1976 4076/4076
f 1379/1379 1198/1198 3243/3243
f 3243/3243 2953/2953 1379/1379
f 2953/2953 3243/3243 1976/1976
f 2953/2953 1976/1976 3995/3995
f 3995/3995 1976/1976 3997/3997
f 3995/3995 3997/3997 3082/3082
f 4541/4541 3995/3995 3082/3082
f 4541/4541 2953/2953 3995/3995
f 1020/1020 2953/2953 4541/4541
f 1020/1020 4541/4541 830/830
f 4541/4541 4723/4723 627/627
f 627/627 4723/4723 4405/4405
f 2358/2358 1275/1275 4449/4449
f 2358/2358 4449/4449 3825/3825
f 2827/2827 2358/2358 3825/3825
f 3825/3825 2360/2360 800/800
f 667/667 2358/2358 2827/2827
f 3656/3656 3825/3825 800/800
f 800/800 2360/2360 4055/4055
f 800/800 4055/4055 3763/3763
f 4055/4055 3744/3744 2400/2400
f 2400/2400 3744/3744 780/780
f 3763/3763 4055/4055 2400/2400
f 2164/2164 2161/2161 4584/4584
f 2400/2400 780/780 2164/2164
f 2269/2269 4584/4584 273/273
f 2164/2164 4584/4584 2269/2269
f 2269/2269 3932/3932 2164/2164
f 2161/2161 2164/2164 780/780
f 2400/2400 2164/2164 3932/3932
f 3932/3932 1799/1799 2400/2400
f 2269/2269 3405/3405 3932/3932
f 1833/1833 800/800 3763/3763
f 1833/1833 3763/3763 95/95
f 95/95 3763/3763 1799/1799
f 1833/1833 95/95 7/7
f 3763/3763 2400/2400 1799/1799
f 1799/1799 3932/3932 3405/3405
f 2239/2239 1799/1799 3405/3405
f 2239/2239 95/95 1799/1799
f 7/7 95/95 223/223
f 3850/3850 273/273 1020/1020
f 2269/2269 273/273 3850/3850
f 3850/3850 1020/1020 2696/2696
f 2696/2696 1020/1020 830/830
f 536/536 2696/2696 9/9
f 9/9 3850/3850 536/536
f 2696/2696 536/536 3850/3850
f 2269/2269 3850/3850 9/9
f 9/9 2696/2696 830/830
f 627/627 830/830 4541/4541
f 627/627 4405/4405 3641/3641
f 3641/3641 830/830 627/627
f 3641/3641 2376/2376 830/830
f 4405/4405 1139/1139 3641/3641
f 9/9 830/830 2376/2376
f 3348/3348 9/9 2376/2376
f 3348/3348 2376/2376 4292/4292
f 1139/1139 1203/1203 3641/3641
f 2376/2376 3641/3641 1203/1203
f 4292/4292 2376/2376 1203/1203
f 2239/2239 3405/3405 3624/3624
f 223/223 95/95 2239/2239
f 223/223 2239/2239 3624/3624
f 3624/3624 3141/3141 223/223
f 3141/3141 3624/3624 3005/3005
f 3005/3005 9/9 3348/3348
f 4622/4622 3348/3348 4292/4292
f 1622/1622 3141/3141 3005/3005
f 3005/3005 3348/3348 1622/1622
f 1622/1622 3348/3348 1145/1145
f 3656/3656 800/800 45/45
f 45/45 800/800 1833/1833
f 1833/1833 7/7 3687/3687
f 45/45 1833/1833 3542/3542
f 3687/3687 3542/3542 1833/1833
f 3542/3542 3687/3687 4591/4591
f 223/223 3687/3687 7/7
f 223/223 3141/3141 4548/4548
f 4548/4548 3141/3141 837/837
f 3687/3687 223/223 4548/4548
f 837/837 3141/3141 1622/1622
f 837/837 1622/1622 3337/3337
f 3337/3337 1622/1622 1145/1145
f 1145/1145 3691/3691 3337/3337
f 3687/3687 4548/4548 837/837
f 837/837 4591/4591 3687/3687
f 683/683 4591/4591 837/837
f 3337/3337 683/683 837/837
f 683/683 3337/3337 3691/3691
f 45/45 3542/3542 4591/4591
f 45/45 4591/4591 510/510
f 2817/2817 1044/1044 3275/3275
f 4486/4486 2817/2817 3275/3275
f 492/492 4486/4486 3275/3275
f 2241/2241 4486/4486 492/492
f 2241/2241 492/492 2090/2090
f 2090/2090 492/492 2179/2179
f 2179/2179 2549/2549 2090/2090
f 2179/2179 3947/3947 3503/3503
f 2549/2549 2179/2179 3503/3503
f 3503/3503 3947/3947 26/26
f 2259/2259 4656/4656 1464/1464
f 1766/1766 1464/1464 4656/4656
f 1464/1464 3220/3220 2419/2419
f 1464/1464 1766/1766 3220/3220
f 2419/2419 3220/3220 3442/3442
f 3442/3442 3220/3220 3382/3382
f 3220/3220 1766/1766 294/294
f 4197/4197 3003/3003 1694/1694
f 294/294 3003/3003 4197/4197
f 294/294 1766/1766 3003/3003
f 3382/3382 3220/3220 294/294
f 294/294 4197/4197 1077/1077
f 741/741 294/294 1077/1077
f 2573/2573 3382/3382 294/294
f 3229/3229 2573/2573 294/294
f 294/294 741/741 3229/3229
f 3229/3229 741/741 1077/1077
f 4190/4190 3229/3229 1077/1077
f 4797/4797 1077/1077 4197/4197
f 1400/1400 1077/1077 4797/4797
f 4797/4797 4197/4197 921/921
f 1694/1694 921/921 4197/4197
f 2270/2270 4797/4797 921/921
f 1685/1685 4797/4797 2270/2270
f 4190/4190 1077/1077 1400/1400
f 3147/3147 4190/4190 1400/1400
f 4797/4797 3147/3147 1400/1400
f 3147/3147 4797/4797 1685/1685
f 3372/3372 2259/2259 3882/3882
f 2817/2817 3372/3372 3882/3882
f 3882/3882 2259/2259 1464/1464
f 3146/3146 3882/3882 1464/1464
f 1044/1044 2817/2817 3882/3882
f 3882/3882 3275/3275 1044/1044
f 3146/3146 1464/1464 2419/2419
f 3882/3882 3146/3146 2419/2419
f 3882/3882 2419/2419 2825/2825
f 1381/1381 3882/3882 2825/2825
f 2825/2825 4008/4008 1381/1381
f 3882/3882 492/492 3275/3275
f 2179/2179 492/492 3947/3947
f 492/492 3882/3882 1381/1381
f 492/492 1381/1381 3947/3947
f 2550/2550 3947/3947 1381/1381
f 2550/2550 26/26 3947/3947
f 3503/3503 26/26 2550/2550
f 4772/4772 2550/2550 1381/1381
f 2573/2573 3442/3442 3382/3382
f 2825/2825 3442/3442 2573/2573
f 2825/2825 2419/2419 3442/3442
f 2825/2825 3735/3735 2816/2816
f 3735/3735 2825/2825 2573/2573
f 1666/1666 2825/2825 2816/2816
f 3793/3793 2816/2816 3735/3735
f 3793/3793 3735/3735 1514/1514
f 1514/1514 218/218 3793/3793
f 218/218 1514/1514 2739/2739
f 1514/1514 3735/3735 2815/2815
f 2739/2739 1514/1514 2815/2815
f 2739/2739 2815/2815 2745/2745
f 2573/2573 3229/3229 3735/3735
f 3735/3735 4190/4190 3147/3147
f 4190/4190 3735/3735 3229/3229
f 3147/3147 1685/1685 3735/3735
f 3735/3735 1685/1685 3276/3276
f 2815/2815 3735/3735 3276/3276
f 2745/2745 2815/2815 3276/3276
f 2745/2745 3276/3276 4642/4642
f 1217/1217 4772/4772 4008/4008
f 4008/4008 4772/4772 1381/1381
f 4008/4008 2825/2825 1666/1666
f 1217/1217 4008/4008 1666/1666
f 1666/1666 2816/2816 1217/1217
f 1217/1217 2816/2816 2260/2260
f 2260/2260 2816/2816 3793/3793
f 2260/2260 4475/4475 1217/1217
f 4772/4772 1217/1217 4475/4475
f 1417/1417 2550/2550 609/609
f 609/609 2550/2550 4772/4772
f 2319/2319 4772/4772 4475/4475
f 2319/2319 4475/4475 1422/1422
f 4475/4475 2260/2260 218/218
f 2260/2260 3793/3793 218/218
f 4475/4475 218/218 2739/2739
f 4475/4475 2739/2739 557/557
f 2739/2739 2745/2745 557/557
f 1422/1422 4475/4475 396/396
f 4304/4304 396/396 4475/4475
f 4304/4304 4475/4475 557/557
f 1346/1346 4304/4304 4686/4686
f 4642/4642 557/557 2745/2745
f 2270/2270 921/921 1694/1694
f 1747/1747 1694/1694 2827/2827
f 2270/2270 1694/1694 4250/4250
f 1685/1685 2270/2270 4250/4250
f 4250/4250 1694/1694 1747/1747
f 1147/1147 1747/1747 421/421
f 4250/4250 1747/1747 971/971
f 971/971 1747/1747 1147/1147
f 3825/3825 421/421 2827/2827
f 1747/1747 2827/2827 421/421
f 1522/1522 3825/3825 3656/3656
f 1522/1522 421/421 3825/3825
f 2022/2022 3656/3656 45/45
f 1802/1802 3656/3656 2022/2022
f 3364/3364 45/45 510/510
f 1802/1802 2022/2022 3364/3364
f 3364/3364 2022/2022 45/45
f 1971/1971 510/510 4591/4591
f 1802/1802 1522/1522 3656/3656
f 1522/1522 1802/1802 4303/4303
f 3657/3657 510/510 1834/1834
f 3657/3657 3364/3364 510/510
f 4303/4303 1802/1802 3364/3364
f 3276/3276 1685/1685 4250/4250
f 115/115 3276/3276 4250/4250
f 115/115 4250/4250 4473/4473
f 3803/3803 3276/3276 115/115
f 4642/4642 3276/3276 3803/3803
f 3803/3803 115/115 4473/4473
f 4473/4473 4250/4250 971/971
f 971/971 4700/4700 4473/4473
f 421/421 971/971 1147/1147
f 421/421 4077/4077 971/971
f 1934/1934 4077/4077 421/421
f 4700/4700 971/971 4077/4077
f 2085/2085 1934/1934 421/421
f 4304/4304 557/557 4473/4473
f 4304/4304 4473/4473 4686/4686
f 1854/1854 4686/4686 4700/4700
f 557/557 4642/4642 3803/3803
f 557/557 3803/3803 4473/4473
f 4473/4473 4700/4700 4686/4686
f 1721/1721 4077/4077 1934/1934
f 1721/1721 4700/4700 4077/4077
f 81/81 4700/4700 1721/1721
f 1579/1579 1721/1721 1934/1934
f 3086/3086 1721/1721 1579/1579
f 3086/3086 1579/1579 80/80
f 421/421 1522/1522 2085/2085
f 1934/1934 2085/2085 3982/3982
f 4069/4069 3982/3982 2085/2085
f 3982/3982 1579/1579 1934/1934
f 3982/3982 80/80 1579/1579
f 4069/4069 2085/2085 4303/4303
f 4069/4069 4303/4303 2447/2447
f 680/680 4069/4069 2447/2447
f 2085/2085 1522/1522 4303/4303
f 4303/4303 3364/3364 2006/2006
f 4303/4303 2006/2006 2447/2447
f 1139/1139 2382/2382 1203/1203
f 4292/4292 1203/1203 2382/2382
f 1268/1268 4292/4292 2382/2382
f 1268/1268 2382/2382 4233/4233
f 1268/1268 4233/4233 407/407
f 3140/3140 4233/4233 2382/2382
f 1940/1940 4233/4233 2075/2075
f 1940/1940 407/407 4233/4233
f 482/482 407/407 1940/1940
f 407/407 482/482 1045/1045
f 4622/4622 4292/4292 1268/1268
f 4622/4622 1268/1268 407/407
f 4622/4622 3106/3106 3348/3348
f 1145/1145 3348/3348 3106/3106
f 4622/4622 407/407 1216/1216
f 1045/1045 1216/1216 407/407
f 3106/3106 4622/4622 1216/1216
f 3355/3355 3106/3106 1216/1216
f 1216/1216 1045/1045 3355/3355
f 3106/3106 3355/3355 4565/4565
f 4565/4565 3355/3355 1501/1501
f 4144/4144 1145/1145 2420/2420
f 4144/4144 2420/2420 1863/1863
f 1145/1145 2796/2796 3691/3691
f 683/683 3691/3691 2796/2796
f 683/683 2796/2796 1914/1914
f 2796/2796 1145/1145 4144/4144
f 1914/1914 2796/2796 4144/4144
f 1145/1145 3106/3106 2420/2420
f 1194/1194 2420/2420 607/607
f 2420/2420 3106/3106 4565/4565
f 4144/4144 1863/1863 1914/1914
f 1863/1863 2420/2420 1194/1194
f 1863/1863 1194/1194 1914/1914
f 1914/1914 1194/1194 607/607
f 1971/1971 4591/4591 1914/1914
f 683/683 1914/1914 4591/4591
f 1914/1914 4130/4130 1971/1971
f 409/409 4130/4130 166/166
f 4130/4130 1193/1193 1971/1971
f 607/607 2420/2420 4565/4565
f 1914/1914 607/607 2525/2525
f 2963/2963 2525/2525 607/607
f 4130/4130 1914/1914 166/166
f 2525/2525 166/166 1914/1914
f 2525/2525 963/963 3353/3353
f 510/510 1971/1971 4282/4282
f 1971/1971 85/85 4282/4282
f 85/85 1971/1971 185/185
f 185/185 2741/2741 85/85
f 1971/1971 1193/1193 185/185
f 85/85 690/690 4282/4282
f 4343/4343 85/85 2741/2741
f 690/690 85/85 4343/4343
f 4343/4343 2741/2741 2323/2323
f 3724/3724 4282/4282 690/690
f 772/772 2741/2741 2451/2451
f 4263/4263 16/16 3572/3572
f 2323/2323 2741/2741 772/772
f 772/772 1133/1133 2323/2323
f 1133/1133 772/772 3061/3061
f 2451/2451 3061/3061 772/772
f 16/16 3061/3061 2451/2451
f 3061/3061 472/472 1133/1133
f 472/472 3061/3061 1945/1945
f 4263/4263 3061/3061 16/16
f 1945/1945 3061/3061 4263/4263
f 4263/4263 3572/3572 810/810
f 510/510 4282/4282 2775/2775
f 2775/2775 4282/4282 3724/3724
f 3724/3724 690/690 4343/4343
f 4343/4343 2323/2323 3724/3724
f 4202/4202 3724/3724 2323/2323
f 1834/1834 510/510 2775/2775
f 3196/3196 2775/2775 3724/3724
f 4202/4202 2323/2323 1321/1321
f 2323/2323 1133/1133 1321/1321
f 1321/1321 1133/1133 472/472
f 824/824 1321/1321 472/472
f 1256/1256 1321/1321 824/824
f 1256/1256 4202/4202 1321/1321
f 4595/4595 1834/1834 3196/3196
f 3657/3657 1834/1834 4595/4595
f 4595/4595 3196/3196 1206/1206
f 3364/3364 3657/3657 626/626
f 626/626 3657/3657 4595/4595
f 3846/3846 4595/4595 1206/1206
f 3846/3846 1206/1206 1174/1174
f 2264/2264 3846/3846 1174/1174
f 1834/1834 2775/2775 3196/3196
f 1174/1174 3196/3196 3724/3724
f 3724/3724 4202/4202 1174/1174
f 1174/1174 4202/4202 3200/3200
f 3196/3196 1174/1174 1206/1206
f 3200/3200 4202/4202 1256/1256
f 1174/1174 326/326 2264/2264
f 3200/3200 326/326 1174/1174
f 1256/1256 3558/3558 3200/3200
f 3558/3558 1256/1256 1127/1127
f 3378/3378 3558/3558 1127/1127
f 3378/3378 1127/1127 4607/4607
f 4607/4607 2988/2988 3378/3378
f 2447/2447 2006/2006 3265/3265
f 3364/3364 626/626 1296/1296
f 626/626 4595/4595 3846/3846
f 3553/3553 626/626 3846/3846
f 1116/1116 3553/3553 2264/2264
f 2264/2264 3553/3553 3846/3846
f 326/326 2890/2890 2264/2264
f 1296/1296 626/626 3553/3553
f 42/42 2264/2264 2890/2890
f 42/42 1116/1116 2264/2264
f 2006/2006 3364/3364 1296/1296
f 2937/2937 1296/1296 3553/3553
f 2937/2937 3553/3553 1116/1116
f 42/42 2937/2937 1116/1116
f 1642/1642 1171/1171 2937/2937
f 1642/1642 2937/2937 42/42
f 708/708 1642/1642 42/42
f 1296/1296 2937/2937 1171/1171
f 1049/1049 42/42 2890/2890
f 2890/2890 2928/2928 1049/1049
f 42/42 1049/1049 708/708
f 2928/2928 326/326 3200/3200
f 2928/2928 3200/3200 3558/3558
f 2890/2890 326/326 2928/2928
f 3443/3443 3558/3558 3378/3378
f 163/163 3558/3558 3443/3443
f 163/163 2928/2928 3558/3558
f 1966/1966 1049/1049 2928/2928
f 1296/1296 2388/2388 2006/2006
f 2388/2388 3265/3265 2006/2006
f 1171/1171 2388/2388 1296/1296
f 3070/3070 2388/2388 1171/1171
f 3265/3265 2388/2388 3070/3070
f 2447/2447 3265/3265 3709/3709
f 3709/3709 3265/3265 2664/2664
f 2664/2664 3265/3265 3070/3070
f 1171/1171 1642/1642 708/708
f 2407/2407 4720/4720 708/708
f 2407/2407 708/708 1049/1049
f 2407/2407 1049/1049 1966/1966
f 1606/1606 4720/4720 2407/2407
f 3479/3479 1606/1606 2407/2407
f 3479/3479 2407/2407 1966/1966
f 4383/4383 3070/3070 1171/1171
f 4383/4383 1171/1171 708/708
f 4383/4383 2664/2664 3070/3070
f 4383/4383 708/708 4720/4720
f 2757/2757 4383/4383 4720/4720
f 2757/2757 4720/4720 1606/1606
f 1606/1606 3479/3479 3162/3162
f 3138/3138 1966/1966 2928/2928
f 3138/3138 2928/2928 163/163
f 3138/3138 163/163 729/729
f 116/116 3138/3138 729/729
f 116/116 729/729 3292/3292
f 3292/3292 2365/2365 116/116
f 1966/1966 3138/3138 3479/3479
f 1613/1613 3162/3162 3479/3479
f 3138/3138 116/116 3479/3479
f 3479/3479 116/116 2365/2365
f 2269/2269 3624/3624 3405/3405
f 3624/3624 2269/2269 9/9
f 3005/3005 3624/3624 9/9
f 4342/4342 2897/2897 579/579
f 579/579 4012/4012 2872/2872
f 4342/4342 579/579 2872/2872
f 579/579 2343/2343 4012/4012
f 1354/1354 2343/2343 579/579
f 1354/1354 555/555 2343/2343
f 2719/2719 2831/2831 1814/1814
f 2831/2831 2719/2719 3676/3676
f 2719/2719 4062/4062 3676/3676
f 3676/3676 4062/4062 412/412
f 2719/2719 160/160 4062/4062
f 4062/4062 160/160 3930/3930
f 412/412 4062/4062 3930/3930
f 160/160 1475/1475 3930/3930
f 2321/2321 3930/3930 1475/1475
f 3930/3930 2321/2321 4104/4104
f 4012/4012 1814/1814 2872/2872
f 3049/3049 3497/3497 4012/4012
f 4466/4466 3497/3497 3049/3049
f 555/555 3772/3772 2343/2343
f 2343/2343 3772/3772 4012/4012
f 4012/4012 3772/3772 3049/3049
f 2189/2189 3772/3772 555/555
f 2189/2189 555/555 1617/1617
f 2189/2189 1617/1617 4589/4589
f 4589/4589 2925/2925 2189/2189
f 2189/2189 4466/4466 3772/3772
f 3772/3772 4466/4466 3049/3049
f 1814/1814 4012/4012 2719/2719
f 160/160 2719/2719 4012/4012
f 3497/3497 160/160 4012/4012
f 4425/4425 160/160 3497/3497
f 4425/4425 1475/1475 160/160
f 4466/4466 4425/4425 3497/3497
f 4466/4466 1223/1223 4425/4425
f 1223/1223 2468/2468 4425/4425
f 2189/2189 1223/1223 4466/4466
f 2124/2124 1223/1223 2189/2189
f 2321/2321 1475/1475 4425/4425
f 2321/2321 4425/4425 2468/2468
f 2984/2984 2468/2468 1223/1223
f 3025/3025 2321/2321 2468/2468
f 2321/2321 3025/3025 1533/1533
f 2468/2468 2984/2984 3025/3025
f 4291/4291 3767/3767 1533/1533
f 4291/4291 1533/1533 3025/3025
f 2124/2124 2984/2984 1223/1223
f 2124/2124 1432/1432 2984/2984
f 2984/2984 1432/1432 3025/3025
f 2925/2925 2124/2124 2189/2189
f 2124/2124 2925/2925 2116/2116
f 1071/1071 1432/1432 2124/2124
f 2116/2116 1071/1071 2124/2124
f 2776/2776 4294/4294 4500/4500
f 4208/4208 1621/1621 4726/4726
f 4726/4726 1090/1090 4208/4208
f 1090/1090 599/599 4208/4208
f 2169/2169 4624/4624 1241/1241
f 2169/2169 1241/1241 415/415
f 2860/2860 2169/2169 415/415
f 3537/3537 4624/4624 2169/2169
f 4804/4804 2169/2169 2860/2860
f 3537/3537 2169/2169 4804/4804
f 1087/1087 4340/4340 1090/1090
f 1325/1325 599/599 4340/4340
f 3249/3249 1325/1325 4340/4340
f 599/599 1090/1090 4340/4340
f 1347/1347 3249/3249 4340/4340
f 1347/1347 4340/4340 399/399
f 415/415 3988/3988 2860/2860
f 2433/2433 2860/2860 3988/3988
f 2432/2432 3987/3987 598/598
f 4500/4500 3012/3012 599/599
f 599/599 1325/1325 4500/4500
f 1325/1325 4161/4161 4500/4500
f 761/761 1325/1325 3249/3249
f 4161/4161 1325/1325 761/761
f 761/761 1257/1257 1612/1612
f 4161/4161 761/761 3154/3154
f 3154/3154 761/761 1612/1612
f 3611/3611 3154/3154 1612/1612
f 4161/4161 844/844 4500/4500
f 1424/1424 4161/4161 2352/2352
f 844/844 4161/4161 1424/1424
f 4161/4161 3154/3154 2352/2352
f 3154/3154 3611/3611 2352/2352
f 1836/1836 1241/1241 4624/4624
f 2788/2788 1836/1836 4236/4236
f 4624/4624 3072/3072 1836/1836
f 3072/3072 1085/1085 1836/1836
f 352/352 1836/1836 1085/1085
f 352/352 4236/4236 1836/1836
f 4192/4192 352/352 1085/1085
f 2788/2788 4236/4236 2797/2797
f 2797/2797 4236/4236 4009/4009
f 4421/4421 4009/4009 4236/4236
f 4713/4713 4009/4009 4421/4421
f 4009/4009 4713/4713 1063/1063
f 352/352 4421/4421 4236/4236
f 4713/4713 4421/4421 352/352
f 4192/4192 4713/4713 352/352
f 4281/4281 4713/4713 2743/2743
f 4281/4281 3397/3397 4713/4713
f 3397/3397 1063/1063 4713/4713
f 1605/1605 2415/2415 99/99
f 2415/2415 1605/1605 2552/2552
f 1636/1636 99/99 2788/2788
f 99/99 1636/1636 1605/1605
f 1636/1636 2788/2788 2797/2797
f 2507/2507 1605/1605 1636/1636
f 4177/4177 2507/2507 1636/1636
f 4177/4177 1636/1636 2797/2797
f 4148/4148 2279/2279 3454/3454
f 3453/3453 4094/4094 4149/4149
f 1943/1943 3454/3454 3357/3357
f 2279/2279 3357/3357 3454/3454
f 3357/3357 2279/2279 2429/2429
f 1838/1838 2797/2797 4009/4009
f 4148/4148 4643/4643 2279/2279
f 1241/1241 99/99 2415/2415
f 415/415 1241/1241 2415/2415
f 1943/1943 496/496 4527/4527
f 3987/3987 4527/4527 2881/2881
f 2230/2230 2881/2881 4527/4527
f 4527/4527 496/496 487/487
f 2230/2230 4527/4527 487/487
f 2230/2230 487/487 1850/1850
f 1838/1838 4009/4009 2147/2147
f 4009/4009 1063/1063 4512/4512
f 4227/4227 3397/3397 4281/4281
f 1499/1499 1063/1063 3397/3397
f 1499/1499 4512/4512 1063/1063
f 3414/3414 4512/4512 1499/1499
f 4227/4227 1499/1499 3397/3397
f 4251/4251 1499/1499 4227/4227
f 4251/4251 3414/3414 1499/1499
f 2790/2790 22/22 3648/3648
f 644/644 2790/2790 3648/3648
f 4512/4512 2147/2147 4009/4009
f 4512/4512 816/816 2147/2147
f 3931/3931 816/816 3414/3414
f 3414/3414 816/816 4512/4512
f 2462/2462 816/816 3931/3931
f 3470/3470 2147/2147 816/816
f 3648/3648 2147/2147 3470/3470
f 2462/2462 3470/3470 816/816
f 4066/4066 3470/3470 2462/2462
f 4251/4251 3931/3931 3414/3414
f 4251/4251 2723/2723 3931/3931
f 4090/4090 2462/2462 3931/3931
f 3931/3931 2723/2723 4090/4090
f 3648/3648 3470/3470 644/644
f 4066/4066 644/644 3470/3470
f 4066/4066 2462/2462 4090/4090
f 4066/4066 2026/2026 644/644
f 2901/2901 3357/3357 2429/2429
f 2429/2429 2279/2279 4643/4643
f 203/203 2464/2464 1772/1772
f 508/508 4388/4388 1772/1772
f 496/496 2901/2901 3618/3618
f 487/487 496/496 3486/3486
f 3486/3486 3294/3294 2398/2398
f 3486/3486 4349/4349 3294/3294
f 3486/3486 496/496 3618/3618
f 3486/3486 3618/3618 4349/4349
f 554/554 3611/3611 1612/1612
f 1837/1837 4337/4337 813/813
f 3675/3675 1082/1082 2398/2398
f 3294/3294 3120/3120 2398/2398
f 2398/2398 3120/3120 3675/3675
f 3294/3294 4349/4349 3120/3120
f 3644/3644 813/813 1858/1858
f 813/813 4337/4337 1858/1858
f 1772/1772 4337/4337 203/203
f 1772/1772 1596/1596 4337/4337
f 1596/1596 1772/1772 4388/4388
f 1560/1560 1424/1424 2352/2352
f 1560/1560 3164/3164 1424/1424
f 3164/3164 2707/2707 1424/1424
f 1424/1424 2707/2707 159/159
f 844/844 1424/1424 159/159
f 3203/3203 844/844 1236/1236
f 159/159 1236/1236 844/844
f 2707/2707 1719/1719 159/159
f 1719/1719 1236/1236 159/159
f 1236/1236 1719/1719 1634/1634
f 1236/1236 1634/1634 4671/4671
f 3611/3611 3596/3596 2352/2352
f 2352/2352 3596/3596 1560/1560
f 2920/2920 1560/1560 3596/3596
f 3611/3611 2920/2920 3596/3596
f 3873/3873 1560/1560 2920/2920
f 2604/2604 3873/3873 2920/2920
f 2476/2476 3611/3611 554/554
f 3611/3611 2476/2476 2920/2920
f 2920/2920 2476/2476 2604/2604
f 2476/2476 554/554 3644/3644
f 3644/3644 1858/1858 2308/2308
f 50/50 2308/2308 1858/1858
f 2604/2604 2476/2476 1255/1255
f 1560/1560 3873/3873 3164/3164
f 3752/3752 3164/3164 3873/3873
f 3752/3752 2707/2707 3164/3164
f 2604/2604 3752/3752 3873/3873
f 1835/1835 1719/1719 2707/2707
f 1835/1835 2707/2707 3752/3752
f 2185/2185 1719/1719 1835/1835
f 1255/1255 3752/3752 2604/2604
f 3752/3752 1255/1255 1922/1922
f 2185/2185 1835/1835 1922/1922
f 1835/1835 3752/3752 1922/1922
f 2185/2185 1922/1922 2553/2553
f 943/943 1922/1922 1255/1255
f 1858/1858 4337/4337 1596/1596
f 1596/1596 2672/2672 1858/1858
f 2227/2227 1596/1596 4388/4388
f 1596/1596 2227/2227 2672/2672
f 3015/3015 2672/2672 2227/2227
f 3015/3015 2227/2227 388/388
f 3015/3015 388/388 1212/1212
f 1212/1212 2027/2027 3015/3015
f 59/59 2027/2027 1212/1212
f 4777/4777 3215/3215 2553/2553
f 1922/1922 4777/4777 2553/2553
f 1719/1719 2185/2185 3215/3215
f 3215/3215 1634/1634 1719/1719
f 1805/1805 1634/1634 3215/3215
f 2185/2185 2553/2553 3215/3215
f 4777/4777 1805/1805 3215/3215
f 1634/1634 1805/1805 3264/3264
f 1634/1634 3264/3264 4671/4671
f 59/59 230/230 2027/2027
f 59/59 3996/3996 230/230
f 3996/3996 4777/4777 1922/1922
f 59/59 1923/1923 3996/3996
f 3996/3996 1923/1923 1805/1805
f 3996/3996 1805/1805 4777/4777
f 811/811 509/509 3151/3151
f 644/644 2026/2026 2849/2849
f 811/811 4387/4387 509/509
f 811/811 389/389 4387/4387
f 3447/3447 2026/2026 4066/4066
f 3447/3447 2849/2849 2026/2026
f 4066/4066 1980/1980 3447/3447
f 3447/3447 1893/1893 2849/2849
f 3749/3749 1893/1893 3447/3447
f 3749/3749 3447/3447 1980/1980
f 4052/4052 1893/1893 3749/3749
f 56/56 4052/4052 3749/3749
f 1980/1980 56/56 3749/3749
f 1869/1869 4066/4066 4090/4090
f 1869/1869 1980/1980 4066/4066
f 1997/1997 1980/1980 1869/1869
f 1997/1997 56/56 1980/1980
f 3792/3792 4052/4052 56/56
f 2511/2511 3792/3792 56/56
f 56/56 1997/1997 2511/2511
f 4052/4052 3792/3792 811/811
f 4388/4388 388/388 2227/2227
f 3204/3204 1212/1212 388/388
f 389/389 1599/1599 3205/3205
f 1967/1967 59/59 1212/1212
f 1212/1212 3204/3204 1967/1967
f 3662/3662 1967/1967 3204/3204
f 3205/3205 1818/1818 3663/3663
f 1599/1599 389/389 2286/2286
f 2286/2286 389/389 811/811
f 3682/3682 3205/3205 1599/1599
f 2996/2996 1599/1599 2286/2286
f 1599/1599 2996/2996 3682/3682
f 1818/1818 2680/2680 3663/3663
f 1923/1923 3264/3264 1805/1805
f 2338/2338 3264/3264 1923/1923
f 1967/1967 2338/2338 59/59
f 2338/2338 1923/1923 59/59
f 2338/2338 1967/1967 3662/3662
f 2274/2274 2338/2338 3662/3662
f 3264/3264 2338/2338 2274/2274
f 2274/2274 2127/2127 3264/3264
f 3264/3264 2127/2127 4671/4671
f 3663/3663 2680/2680 2275/2275
f 2128/2128 2275/2275 2680/2680
f 2680/2680 4498/4498 2128/2128
f 3035/3035 4671/4671 2127/2127
f 828/828 2128/2128 4498/4498
f 2639/2639 2128/2128 828/828
f 2127/2127 2638/2638 3035/3035
f 2580/2580 2639/2639 828/828
f 828/828 1601/1601 4418/4418
f 4418/4418 2580/2580 828/828
f 1813/1813 1621/1621 4208/4208
f 1621/1621 1288/1288 4726/4726
f 1620/1620 1814/1814 2831/2831
f 940/940 1620/1620 2831/2831
f 3676/3676 940/940 2831/2831
f 1287/1287 1620/1620 940/940
f 2092/2092 1287/1287 940/940
f 996/996 4726/4726 1288/1288
f 2092/2092 997/997 1287/1287
f 3676/3676 1651/1651 940/940
f 4743/4743 2092/2092 940/940
f 940/940 1651/1651 4743/4743
f 2873/2873 3738/3738 4726/4726
f 996/996 2873/2873 4726/4726
f 2873/2873 118/118 3738/3738
f 2606/2606 3738/3738 118/118
f 2092/2092 1680/1680 997/997
f 1680/1680 2874/2874 997/997
f 2874/2874 1680/1680 522/522
f 1680/1680 2092/2092 4743/4743
f 2536/2536 1680/1680 4743/4743
f 2536/2536 522/522 1680/1680
f 697/697 4614/4614 522/522
f 4614/4614 2874/2874 522/522
f 4614/4614 119/119 2874/2874
f 3870/3870 2605/2605 119/119
f 119/119 4614/4614 3870/3870
f 1994/1994 3072/3072 3787/3787
f 937/937 1994/1994 3787/3787
f 3901/3901 1415/1415 3787/3787
f 3537/3537 2043/2043 1753/1753
f 1753/1753 3072/3072 801/801
f 1753/1753 801/801 3537/3537
f 3787/3787 3072/3072 1753/1753
f 4743/4743 1651/1651 1000/1000
f 4040/4040 4743/4743 1000/1000
f 412/412 1651/1651 3676/3676
f 3383/3383 1651/1651 412/412
f 1000/1000 1651/1651 316/316
f 1000/1000 316/316 4040/4040
f 3383/3383 316/316 1651/1651
f 4040/4040 2536/2536 4743/4743
f 357/357 4040/4040 316/316
f 4732/4732 357/357 316/316
f 4104/4104 3383/3383 412/412
f 4732/4732 1415/1415 3901/3901
f 3781/3781 4732/4732 4104/4104
f 1089/1089 937/937 1415/1415
f 1415/1415 3781/3781 4104/4104
f 1415/1415 4104/4104 1089/1089
f 1415/1415 937/937 3787/3787
f 4732/4732 3781/3781 1415/1415
f 412/412 3930/3930 4104/4104
f 298/298 357/357 3901/3901
f 357/357 4732/4732 3901/3901
f 4726/4726 3738/3738 1090/1090
f 1090/1090 3738/3738 1087/1087
f 4340/4340 1087/1087 399/399
f 1427/1427 4705/4705 2584/2584
f 4705/4705 4653/4653 4203/4203
f 4653/4653 4705/4705 1427/1427
f 110/110 2861/2861 4705/4705
f 4705/4705 2861/2861 2584/2584
f 4705/4705 4203/4203 110/110
f 110/110 4721/4721 2861/2861
f 4654/4654 2860/2860 2433/2433
f 4653/4653 2432/2432 4203/4203
f 4203/4203 2432/2432 585/585
f 2432/2432 598/598 585/585
f 110/110 4203/4203 585/585
f 4721/4721 110/110 1373/1373
f 1373/1373 3416/3416 4721/4721
f 1373/1373 3487/3487 3416/3416
f 1347/1347 3416/3416 3487/3487
f 2881/2881 598/598 3987/3987
f 585/585 1373/1373 110/110
f 3756/3756 1373/1373 585/585
f 3756/3756 585/585 598/598
f 1263/1263 3756/3756 598/598
f 3756/3756 3224/3224 1373/1373
f 1263/1263 3224/3224 3756/3756
f 3487/3487 1373/1373 3224/3224
f 3487/3487 3224/3224 2441/2441
f 1994/1994 1085/1085 3072/3072
f 4651/4651 1085/1085 1994/1994
f 2437/2437 280/280 937/937
f 280/280 1994/1994 937/937
f 280/280 4651/4651 1994/1994
f 280/280 315/315 4651/4651
f 315/315 4192/4192 1085/1085
f 315/315 1085/1085 4651/4651
f 315/315 2743/2743 4192/4192
f 135/135 2743/2743 315/315
f 135/135 4748/4748 2743/2743
f 3208/3208 4748/4748 135/135
f 135/135 315/315 280/280
f 3315/3315 135/135 280/280
f 3315/3315 3208/3208 135/135
f 4618/4618 3208/3208 3315/3315
f 4748/4748 4281/4281 2743/2743
f 2437/2437 937/937 1089/1089
f 1751/1751 2437/2437 1089/1089
f 1162/1162 280/280 2437/2437
f 1751/1751 1162/1162 2437/2437
f 4680/4680 1162/1162 1751/1751
f 1162/1162 4680/4680 3315/3315
f 1235/1235 1089/1089 4104/4104
f 1235/1235 1751/1751 1089/1089
f 2321/2321 1235/1235 4104/4104
f 1235/1235 2321/2321 1533/1533
f 1751/1751 1235/1235 1533/1533
f 3767/3767 4680/4680 1751/1751
f 1533/1533 3767/3767 1751/1751
f 4680/4680 3767/3767 2056/2056
f 280/280 1162/1162 3315/3315
f 3315/3315 2804/2804 4618/4618
f 3208/3208 4618/4618 4162/4162
f 2804/2804 4162/4162 4618/4618
f 3315/3315 4680/4680 2056/2056
f 3315/3315 2056/2056 2804/2804
f 2095/2095 4638/4638 3208/3208
f 2095/2095 3208/3208 4162/4162
f 2632/2632 2095/2095 4162/4162
f 3591/3591 4162/4162 2804/2804
f 4162/4162 3591/3591 2632/2632
f 1408/1408 3858/3858 2095/2095
f 1408/1408 2095/2095 2632/2632
f 883/883 1408/1408 2632/2632
f 1263/1263 598/598 2881/2881
f 2230/2230 1263/1263 2881/2881
f 2230/2230 1850/1850 1263/1263
f 1850/1850 487/487 3486/3486
f 1263/1263 1850/1850 3224/3224
f 1394/1394 2249/2249 1037/1037
f 1394/1394 1037/1037 984/984
f 4553/4553 668/668 1779/1779
f 2588/2588 4553/4553 1843/1843
f 4258/4258 668/668 4553/4553
f 668/668 4258/4258 559/559
f 2633/2633 1843/1843 4553/4553
f 333/333 1597/1597 2588/2588
f 4766/4766 4258/4258 2588/2588
f 2588/2588 1597/1597 4766/4766
f 36/36 559/559 4258/4258
f 4766/4766 36/36 4258/4258
f 4020/4020 36/36 4766/4766
f 1408/1408 1843/1843 3858/3858
f 333/333 1843/1843 1408/1408
f 1843/1843 333/333 2588/2588
f 1408/1408 883/883 333/333
f 2588/2588 4258/4258 4553/4553
f 668/668 559/559 2249/2249
f 2249/2249 559/559 1037/1037
f 1779/1779 668/668 2249/2249
f 4402/4402 1037/1037 559/559
f 1880/1880 984/984 1037/1037
f 1880/1880 4412/4412 984/984
f 1037/1037 4402/4402 1880/1880
f 559/559 36/36 4402/4402
f 4020/4020 4402/4402 36/36
f 174/174 4402/4402 4020/4020
f 4230/4230 174/174 4020/4020
f 174/174 1880/1880 4402/4402
f 3494/3494 1880/1880 174/174
f 4281/4281 4748/4748 4227/4227
f 3208/3208 4227/4227 4748/4748
f 4227/4227 3208/3208 4638/4638
f 4638/4638 433/433 4227/4227
f 433/433 4251/4251 4227/4227
f 2095/2095 433/433 4638/4638
f 3858/3858 433/433 2095/2095
f 2723/2723 433/433 688/688
f 688/688 2309/2309 2723/2723
f 3858/3858 2721/2721 433/433
f 2721/2721 688/688 433/433
f 3588/3588 688/688 2721/2721
f 688/688 3588/3588 101/101
f 101/101 2309/2309 688/688
f 2721/2721 3858/3858 3588/3588
f 2633/2633 3588/3588 3858/3858
f 101/101 3588/3588 404/404
f 1779/1779 3588/3588 2633/2633
f 1779/1779 404/404 3588/3588
f 2309/2309 4090/4090 2723/2723
f 2309/2309 689/689 4090/4090
f 4090/4090 689/689 1869/1869
f 246/246 1869/1869 689/689
f 4706/4706 246/246 689/689
f 404/404 1779/1779 2249/2249
f 404/404 2249/2249 1394/1394
f 1394/1394 1844/1844 404/404
f 1844/1844 1394/1394 4523/4523
f 101/101 689/689 2309/2309
f 4706/4706 689/689 101/101
f 4471/4471 4706/4706 101/101
f 4311/4311 246/246 4706/4706
f 4471/4471 4311/4311 4706/4706
f 101/101 404/404 4471/4471
f 4471/4471 404/404 1844/1844
f 4523/4523 4471/4471 1844/1844
f 2633/2633 3858/3858 1843/1843
f 1779/1779 2633/2633 4553/4553
f 4291/4291 1809/1809 3767/3767
f 1809/1809 2056/2056 3767/3767
f 4698/4698 4291/4291 3025/3025
f 4698/4698 1809/1809 4291/4291
f 706/706 2056/2056 1809/1809
f 4698/4698 3268/3268 1809/1809
f 1809/1809 3268/3268 706/706
f 3025/3025 1432/1432 4698/4698
f 3268/3268 4698/4698 1432/1432
f 4290/4290 706/706 3268/3268
f 2056/2056 706/706 2804/2804
f 706/706 3591/3591 2804/2804
f 2632/2632 3591/3591 4091/4091
f 4091/4091 883/883 2632/2632
f 1008/1008 883/883 4091/4091
f 184/184 1008/1008 4091/4091
f 167/167 3268/3268 1432/1432
f 1432/1432 1071/1071 167/167
f 3981/3981 3268/3268 1647/1647
f 3268/3268 3981/3981 4290/4290
f 3981/3981 706/706 4290/4290
f 1647/1647 3268/3268 167/167
f 1071/1071 4376/4376 167/167
f 167/167 4376/4376 1647/1647
f 3981/3981 1647/1647 4302/4302
f 1879/1879 706/706 3981/3981
f 1879/1879 4630/4630 3415/3415
f 4091/4091 1879/1879 184/184
f 2145/2145 1008/1008 184/184
f 184/184 1879/1879 2145/2145
f 2145/2145 1879/1879 3415/3415
f 701/701 1597/1597 4095/4095
f 4095/4095 2497/2497 701/701
f 4744/4744 333/333 883/883
f 4744/4744 1597/1597 333/333
f 4095/4095 1597/1597 4744/4744
f 701/701 4020/4020 4766/4766
f 4020/4020 701/701 1265/1265
f 701/701 4766/4766 1597/1597
f 4744/4744 883/883 1008/1008
f 4095/4095 4744/4744 1008/1008
f 2497/2497 1265/1265 701/701
f 4020/4020 1265/1265 4230/4230
f 4230/4230 1265/1265 4155/4155
f 174/174 4230/4230 3494/3494
f 4155/4155 1793/1793 4230/4230
f 4230/4230 1793/1793 3494/3494
f 3484/3484 1265/1265 2497/2497
f 4649/4649 4155/4155 3484/3484
f 3974/3974 255/255 4155/4155
f 3484/3484 4155/4155 1265/1265
f 4095/4095 1008/1008 794/794
f 3057/3057 794/794 1008/1008
f 794/794 2497/2497 4095/4095
f 2497/2497 794/794 2261/2261
f 969/969 794/794 3057/3057
f 1390/1390 2261/2261 794/794
f 1390/1390 794/794 969/969
f 3057/3057 2145/2145 969/969
f 2145/2145 3111/3111 969/969
f 3704/3704 1390/1390 969/969
f 3365/3365 2261/2261 1390/1390
f 3365/3365 4649/4649 2261/2261
f 3890/3890 3365/3365 1390/1390
f 3704/3704 3890/3890 1390/1390
f 3985/3985 2071/2071 3365/3365
f 3365/3365 3890/3890 3985/3985
f 413/413 3985/3985 3890/3890
f 3890/3890 3704/3704 413/413
f 1091/1091 413/413 3704/3704
f 2145/2145 3057/3057 1008/1008
f 3111/3111 2145/2145 3415/3415
f 2261/2261 3484/3484 2497/2497
f 3484/3484 2261/2261 4649/4649
f 4649/4649 3974/3974 4155/4155
f 2071/2071 3974/3974 4649/4649
f 4649/4649 3365/3365 2071/2071
f 3903/3903 3224/3224 1850/1850
f 3903/3903 1850/1850 3486/3486
f 2441/2441 3224/3224 2398/2398
f 2398/2398 3224/3224 3903/3903
f 2441/2441 2398/2398 1082/1082
f 3486/3486 2398/2398 3903/3903
f 1880/1880 286/286 4412/4412
f 1755/1755 286/286 1880/1880
f 3494/3494 1755/1755 1880/1880
f 1755/1755 3494/3494 1793/1793
f 286/286 1755/1755 4178/4178
f 1320/1320 1755/1755 1793/1793
f 4019/4019 4178/4178 1755/1755
f 4019/4019 1755/1755 1320/1320
f 1869/1869 246/246 2160/2160
f 4523/4523 1394/1394 3173/3173
f 3173/3173 1180/1180 4523/4523
f 246/246 4311/4311 2160/2160
f 4523/4523 4311/4311 4471/4471
f 1180/1180 4311/4311 4523/4523
f 4311/4311 265/265 2160/2160
f 4311/4311 1180/1180 67/67
f 4311/4311 67/67 265/265
f 265/265 67/67 4536/4536
f 4536/4536 23/23 265/265
f 265/265 1869/1869 2160/2160
f 2151/2151 2511/2511 1997/1997
f 1997/1997 23/23 2151/2151
f 4005/4005 2286/2286 2511/2511
f 4005/4005 2511/2511 1246/1246
f 2151/2151 1246/1246 2511/2511
f 3360/3360 2151/2151 23/23
f 23/23 4493/4493 3360/3360
f 534/534 1246/1246 3360/3360
f 3360/3360 1246/1246 2151/2151
f 984/984 4412/4412 1394/1394
f 1394/1394 4412/4412 3173/3173
f 3173/3173 4412/4412 286/286
f 3173/3173 286/286 3319/3319
f 3173/3173 3319/3319 1180/1180
f 3319/3319 437/437 67/67
f 3319/3319 67/67 1180/1180
f 4536/4536 67/67 437/437
f 3319/3319 286/286 4178/4178
f 4536/4536 4493/4493 23/23
f 1938/1938 4493/4493 4536/4536
f 437/437 1938/1938 4536/4536
f 1938/1938 4627/4627 4493/4493
f 1327/1327 3319/3319 4178/4178
f 3319/3319 1327/1327 437/437
f 4019/4019 1327/1327 4178/4178
f 1327/1327 750/750 437/437
f 437/437 750/750 1938/1938
f 750/750 4627/4627 1938/1938
f 674/674 3682/3682 2996/2996
f 3682/3682 674/674 2630/2630
f 3682/3682 2630/2630 1818/1818
f 4717/4717 2649/2649 2971/2971
f 2997/2997 2649/2649 4717/4717
f 2286/2286 4005/4005 2996/2996
f 4005/4005 674/674 2996/2996
f 1588/1588 2630/2630 674/674
f 4005/4005 1588/1588 674/674
f 4005/4005 534/534 1588/1588
f 2971/2971 2630/2630 1588/1588
f 1984/1984 2971/2971 1588/1588
f 534/534 4005/4005 1246/1246
f 1984/1984 1588/1588 534/534
f 4469/4469 4498/4498 2680/2680
f 4469/4469 1601/1601 4498/4498
f 1601/1601 828/828 4498/4498
f 2649/2649 4469/4469 2971/2971
f 2649/2649 2656/2656 4469/4469
f 4469/4469 2656/2656 1601/1601
f 1759/1759 1601/1601 2656/2656
f 2047/2047 4418/4418 1601/1601
f 1759/1759 2047/2047 1601/1601
f 2997/2997 2656/2656 2649/2649
f 2997/2997 1759/1759 2656/2656
f 3016/3016 2047/2047 1759/1759
f 4259/4259 4257/4257 990/990
f 2997/2997 990/990 4257/4257
f 3954/3954 4257/4257 4259/4259
f 4257/4257 3608/3608 2997/2997
f 4259/4259 3171/3171 1953/1953
f 3608/3608 4257/4257 3954/3954
f 3954/3954 436/436 3608/3608
f 1953/1953 3954/3954 4259/4259
f 149/149 3954/3954 1953/1953
f 4627/4627 198/198 1878/1878
f 3608/3608 436/436 2997/2997
f 436/436 1759/1759 2997/2997
f 436/436 3016/3016 1759/1759
f 896/896 1793/1793 255/255
f 1320/1320 1793/1793 896/896
f 1793/1793 4155/4155 255/255
f 204/204 1320/1320 896/896
f 255/255 204/204 896/896
f 3124/3124 204/204 255/255
f 3561/3561 4019/4019 1320/1320
f 3579/3579 922/922 3561/3561
f 1327/1327 4019/4019 3561/3561
f 922/922 1327/1327 3561/3561
f 204/204 3561/3561 1320/1320
f 1525/1525 3579/3579 3561/3561
f 2894/2894 3561/3561 204/204
f 1525/1525 3561/3561 2894/2894
f 2071/2071 3985/3985 3568/3568
f 3568/3568 3985/3985 413/413
f 2071/2071 20/20 3974/3974
f 204/204 3124/3124 1795/1795
f 1795/1795 3124/3124 20/20
f 20/20 3124/3124 3974/3974
f 255/255 3974/3974 3124/3124
f 3568/3568 20/20 2071/2071
f 4156/4156 1587/1587 3568/3568
f 4156/4156 3568/3568 413/413
f 3568/3568 1795/1795 20/20
f 1756/1756 1795/1795 3568/3568
f 3568/3568 1587/1587 1756/1756
f 2446/2446 1756/1756 1587/1587
f 1795/1795 2894/2894 204/204
f 2894/2894 1795/1795 1756/1756
f 878/878 1525/1525 2894/2894
f 4588/4588 1525/1525 878/878
f 1756/1756 878/878 2894/2894
f 1756/1756 2603/2603 878/878
f 2603/2603 4588/4588 878/878
f 2446/2446 2603/2603 1756/1756
f 3112/3112 2603/2603 2446/2446
f 2544/2544 3112/3112 2446/2446
f 2998/2998 2505/2505 378/378
f 4667/4667 2505/2505 2998/2998
f 4715/4715 750/750 1327/1327
f 4715/4715 1327/1327 922/922
f 2981/2981 4715/4715 922/922
f 3579/3579 2981/2981 922/922
f 4627/4627 750/750 4715/4715
f 885/885 4627/4627 4715/4715
f 885/885 198/198 4627/4627
f 1525/1525 2981/2981 3579/3579
f 2981/2981 885/885 4715/4715
f 1034/1034 885/885 2981/2981
f 1868/1868 885/885 1034/1034
f 885/885 1868/1868 2232/2232
f 4588/4588 2981/2981 1525/1525
f 1034/1034 2981/2981 4588/4588
f 2452/2452 1034/1034 4588/4588
f 2452/2452 4588/4588 2603/2603
f 2452/2452 3112/3112 1034/1034
f 3112/3112 1868/1868 1034/1034
f 3112/3112 3834/3834 1868/1868
f 3112/3112 2452/2452 2603/2603
f 2063/2063 2150/2150 198/198
f 1160/1160 2598/2598 2219/2219
f 676/676 1160/1160 2219/2219
f 2063/2063 676/676 2150/2150
f 676/676 2219/2219 2150/2150
f 2232/2232 198/198 885/885
f 2232/2232 2063/2063 198/198
f 2862/2862 2063/2063 2232/2232
f 2862/2862 676/676 2063/2063
f 861/861 1160/1160 676/676
f 676/676 2862/2862 861/861
f 662/662 1953/1953 3171/3171
f 662/662 149/149 1953/1953
f 149/149 1773/1773 3954/3954
f 1332/1332 2038/2038 3171/3171
f 861/861 3171/3171 1160/1160
f 861/861 1332/1332 3171/3171
f 662/662 3171/3171 2038/2038
f 2038/2038 149/149 662/662
f 2232/2232 1868/1868 3834/3834
f 2862/2862 2232/2232 3834/3834
f 1231/1231 2862/2862 3834/3834
f 1231/1231 861/861 2862/2862
f 3834/3834 3112/3112 1231/1231
f 3112/3112 3258/3258 1231/1231
f 3084/3084 1332/1332 861/861
f 1965/1965 2038/2038 503/503
f 503/503 2038/2038 1332/1332
f 1332/1332 3084/3084 503/503
f 1965/1965 149/149 2038/2038
f 1965/1965 268/268 149/149
f 503/503 2505/2505 4667/4667
f 1965/1965 503/503 4667/4667
f 4667/4667 3734/3734 1965/1965
f 3734/3734 268/268 1965/1965
f 844/844 3203/3203 4500/4500
f 3203/3203 317/317 4500/4500
f 4671/4671 3203/3203 1236/1236
f 3203/3203 4671/4671 317/317
f 4671/4671 3035/3035 317/317
f 1260/1260 317/317 3035/3035
f 3035/3035 2638/2638 1260/1260
f 458/458 1260/1260 2638/2638
f 2055/2055 2580/2580 4418/4418
f 4500/4500 317/317 2776/2776
f 2055/2055 4418/4418 2047/2047
f 2047/2047 3016/3016 2055/2055
f 1700/1700 2055/2055 3016/3016
f 3954/3954 2655/2655 436/436
f 2655/2655 2595/2595 3016/3016
f 2655/2655 3016/3016 436/436
f 2655/2655 3954/3954 1773/1773
f 149/149 2655/2655 1773/1773
f 2655/2655 149/149 268/268
f 4268/4268 2655/2655 268/268
f 1700/1700 3016/3016 2595/2595
f 4268/4268 2595/2595 2655/2655
f 3153/3153 1700/1700 2595/2595
f 3734/3734 4268/4268 268/268
f 1318/1318 4268/4268 3734/3734
f 1318/1318 2595/2595 4268/4268
f 1318/1318 3153/3153 2595/2595
f 459/459 2639/2639 2580/2580
f 459/459 3540/3540 742/742
f 2933/2933 742/742 3540/3540
f 2580/2580 3540/3540 459/459
f 2055/2055 3540/3540 2580/2580
f 2768/2768 3540/3540 2055/2055
f 2768/2768 2933/2933 3540/3540
f 843/843 2776/2776 317/317
f 317/317 1260/1260 843/843
f 743/743 843/843 1260/1260
f 743/743 1260/1260 458/458
f 2933/2933 2917/2917 742/742
f 4813/4813 2917/2917 2933/2933
f 2917/2917 3219/3219 742/742
f 2917/2917 4813/4813 1009/1009
f 4813/4813 2933/2933 2768/2768
f 1009/1009 3219/3219 2917/2917
f 1009/1009 4351/4351 3219/3219
f 4813/4813 1010/1010 1009/1009
f 3376/3376 2776/2776 843/843
f 843/843 2521/2521 3376/3376
f 2521/2521 254/254 3376/3376
f 3376/3376 254/254 1240/1240
f 455/455 254/254 2521/2521
f 739/739 254/254 455/455
f 743/743 1279/1279 843/843
f 2482/2482 1279/1279 743/743
f 3219/3219 2481/2481 742/742
f 4351/4351 2481/2481 3219/3219
f 4351/4351 796/796 2481/2481
f 2521/2521 843/843 1279/1279
f 2521/2521 1279/1279 2482/2482
f 797/797 2521/2521 2482/2482
f 3833/3833 796/796 4351/4351
f 4351/4351 1009/1009 1010/1010
f 3833/3833 4351/4351 1010/1010
f 3833/3833 1010/1010 1700/1700
f 2521/2521 797/797 1076/1076
f 2218/2218 1075/1075 796/796
f 1076/1076 455/455 2521/2521
f 2218/2218 456/456 1075/1075
f 796/796 3833/3833 2218/2218
f 2218/2218 2936/2936 456/456
f 2936/2936 738/738 456/456
f 1700/1700 2936/2936 2218/2218
f 2218/2218 3833/3833 1700/1700
f 4809/4809 2936/2936 1700/1700
f 1700/1700 2768/2768 2055/2055
f 2768/2768 1700/1700 4813/4813
f 4813/4813 1700/1700 1010/1010
f 1700/1700 2347/2347 2577/2577
f 2577/2577 986/986 1700/1700
f 4624/4624 3537/3537 801/801
f 4624/4624 801/801 3072/3072
f 3487/3487 3249/3249 1347/1347
f 3249/3249 3487/3487 2441/2441
f 761/761 3249/3249 1082/1082
f 3249/3249 2441/2441 1082/1082
f 1082/1082 1257/1257 761/761
f 1836/1836 99/99 1241/1241
f 99/99 1836/1836 2788/2788
f 4713/4713 4192/4192 2743/2743
f 4177/4177 4094/4094 3453/3453
f 2551/2551 1604/1604 1943/1943
f 1604/1604 2508/2508 1943/1943
f 2508/2508 3454/3454 1943/1943
f 3453/3453 2507/2507 4177/4177
f 2901/2901 496/496 3357/3357
f 1838/1838 4177/4177 2797/2797
f 1838/1838 687/687 4177/4177
f 4094/4094 4177/4177 687/687
f 4094/4094 687/687 4149/4149
f 4149/4149 687/687 22/22
f 22/22 3566/3566 4149/4149
f 2415/2415 2552/2552 415/415
f 2552/2552 3988/3988 415/415
f 2551/2551 4527/4527 3987/3987
f 1943/1943 4527/4527 2551/2551
f 3357/3357 496/496 1943/1943
f 3648/3648 687/687 1838/1838
f 2147/2147 3648/3648 1838/1838
f 22/22 687/687 3648/3648
f 2790/2790 3566/3566 22/22
f 644/644 2849/2849 2790/2790
f 2429/2429 3000/3000 2901/2901
f 4643/4643 768/768 2429/2429
f 4148/4148 3565/3565 4643/4643
f 768/768 4643/4643 2342/2342
f 768/768 3000/3000 2429/2429
f 3000/3000 768/768 1837/1837
f 2464/2464 2342/2342 4643/4643
f 4643/4643 3565/3565 2464/2464
f 762/762 2463/2463 3566/3566
f 1837/1837 768/768 203/203
f 203/203 768/768 2342/2342
f 2342/2342 2464/2464 203/203
f 762/762 509/509 2463/2463
f 508/508 1772/1772 2464/2464
f 3618/3618 2901/2901 3000/3000
f 3000/3000 1837/1837 3618/3618
f 3618/3618 1837/1837 4349/4349
f 1257/1257 1082/1082 3675/3675
f 3675/3675 565/565 1257/1257
f 3120/3120 4349/4349 2803/2803
f 3120/3120 2803/2803 565/565
f 3120/3120 565/565 3675/3675
f 1257/1257 565/565 1612/1612
f 3644/3644 1612/1612 565/565
f 565/565 2803/2803 3644/3644
f 1612/1612 3644/3644 554/554
f 2803/2803 4349/4349 1837/1837
f 3644/3644 2803/2803 813/813
f 2803/2803 1837/1837 813/813
f 4337/4337 1837/1837 203/203
f 3644/3644 2308/2308 2476/2476
f 2476/2476 2308/2308 1255/1255
f 2308/2308 50/50 1255/1255
f 50/50 943/943 1255/1255
f 1858/1858 2672/2672 50/50
f 943/943 50/50 230/230
f 50/50 2672/2672 230/230
f 2672/2672 2027/2027 230/230
f 2672/2672 3015/3015 2027/2027
f 943/943 230/230 1922/1922
f 230/230 3996/3996 1922/1922
f 835/835 3566/3566 2790/2790
f 3566/3566 835/835 762/762
f 835/835 2790/2790 2849/2849
f 1893/1893 835/835 2849/2849
f 762/762 3151/3151 509/509
f 835/835 3151/3151 762/762
f 835/835 1893/1893 3151/3151
f 3151/3151 1893/1893 4052/4052
f 3151/3151 4052/4052 811/811
f 811/811 3792/3792 2286/2286
f 3792/3792 2511/2511 2286/2286
f 3205/3205 3682/3682 1818/1818
f 3573/3573 4670/4670 2605/2605
f 3144/3144 3738/3738 2606/2606
f 4670/4670 3143/3143 2605/2605
f 298/298 3573/3573 3870/3870
f 4614/4614 697/697 3621/3621
f 3621/3621 298/298 3870/3870
f 3573/3573 2605/2605 3870/3870
f 3621/3621 3870/3870 4614/4614
f 242/242 2043/2043 3573/3573
f 1753/1753 2043/2043 242/242
f 4804/4804 1428/1428 3537/3537
f 3573/3573 2043/2043 4670/4670
f 4670/4670 2043/2043 3537/3537
f 1428/1428 3143/3143 3537/3537
f 3537/3537 3143/3143 4670/4670
f 3901/3901 242/242 298/298
f 298/298 242/242 3573/3573
f 3787/3787 242/242 3901/3901
f 242/242 3787/3787 1753/1753
f 4040/4040 697/697 2536/2536
f 697/697 522/522 2536/2536
f 357/357 3621/3621 4040/4040
f 3621/3621 697/697 4040/4040
f 298/298 3621/3621 357/357
f 316/316 3383/3383 4732/4732
f 3383/3383 4104/4104 4732/4732
f 2584/2584 1087/1087 3738/3738
f 3738/3738 3144/3144 2584/2584
f 2368/2368 399/399 1087/1087
f 1347/1347 399/399 2368/2368
f 4804/4804 4654/4654 1428/1428
f 3144/3144 1427/1427 2584/2584
f 2861/2861 1087/1087 2584/2584
f 4721/4721 2368/2368 2861/2861
f 2368/2368 1087/1087 2861/2861
f 4654/4654 4804/4804 2860/2860
f 3416/3416 1347/1347 2368/2368
f 2368/2368 4721/4721 3416/3416
f 433/433 2723/2723 4251/4251
f 3591/3591 706/706 4091/4091
f 4630/4630 1879/1879 3981/3981
f 1879/1879 4091/4091 706/706
f 23/23 1997/1997 1869/1869
f 1869/1869 265/265 23/23
f 3360/3360 4493/4493 1878/1878
f 4493/4493 4627/4627 1878/1878
f 2971/2971 4469/4469 2630/2630
f 4469/4469 2680/2680 2630/2630
f 2680/2680 1818/1818 2630/2630
f 4717/4717 2971/2971 1984/1984
f 820/820 4717/4717 1984/1984
f 990/990 2997/2997 4717/4717
f 820/820 990/990 4717/4717
f 3360/3360 1878/1878 534/534
f 1878/1878 672/672 534/534
f 534/534 672/672 1984/1984
f 672/672 820/820 1984/1984
f 2598/2598 820/820 3244/3244
f 2219/2219 3244/3244 2150/2150
f 2598/2598 3244/3244 2219/2219
f 820/820 4259/4259 990/990
f 820/820 2598/2598 4259/4259
f 4259/4259 2598/2598 3171/3171
f 2598/2598 1160/1160 3171/3171
f 4458/4458 672/672 1878/1878
f 2623/2623 4458/4458 1878/1878
f 1878/1878 198/198 2623/2623
f 3244/3244 820/820 672/672
f 672/672 4458/4458 3244/3244
f 2623/2623 3244/3244 4458/4458
f 2150/2150 2623/2623 198/198
f 3244/3244 2623/2623 2150/2150
f 3084/3084 861/861 1231/1231
f 378/378 3084/3084 1513/1513
f 1513/1513 3084/3084 1231/1231
f 1388/1388 1513/1513 1231/1231
f 503/503 3084/3084 2505/2505
f 3084/3084 378/378 2505/2505
f 1696/1696 414/414 219/219
f 1353/1353 1696/1696 219/219
f 4003/4003 1073/1073 2993/2993
f 2470/2470 1822/1822 1073/1073
f 1073/1073 4003/4003 2470/2470
f 3240/3240 2782/2782 656/656
f 3240/3240 656/656 3423/3423
f 2883/2883 3423/3423 656/656
f 656/656 2023/2023 2883/2883
f 549/549 2782/2782 3240/3240
f 260/260 3240/3240 3423/3423
f 2023/2023 3046/3046 3490/3490
f 1460/1460 1143/1143 3423/3423
f 3423/3423 2883/2883 1460/1460
f 2883/2883 4003/4003 1460/1460
f 2883/2883 3490/3490 4003/4003
f 4003/4003 2993/2993 1460/1460
f 2023/2023 3490/3490 2883/2883
f 4003/4003 3490/3490 2470/2470
f 2470/2470 3490/3490 3046/3046
f 3046/3046 3820/3820 3096/3096
f 2470/2470 3046/3046 3096/3096
f 3615/3615 3096/3096 3820/3820
f 3820/3820 4633/4633 3659/3659
f 3659/3659 3615/3615 3820/3820
f 1822/1822 2470/2470 3096/3096
f 1822/1822 3096/3096 3615/3615
f 3615/3615 2001/2001 1822/1822
f 2001/2001 3615/3615 3659/3659
f 3659/3659 4761/4761 2001/2001
f 3659/3659 4633/4633 4774/4774
f 2001/2001 3597/3597 1822/1822
f 3597/3597 2001/2001 4761/4761
f 4761/4761 1215/1215 3597/3597
f 2814/2814 978/978 3161/3161
f 2814/2814 3597/3597 1215/1215
f 4774/4774 2814/2814 1215/1215
f 3161/3161 978/978 1072/1072
f 1215/1215 4761/4761 3659/3659
f 1215/1215 3659/3659 4774/4774
f 1059/1059 3460/3460 281/281
f 3439/3439 3353/3353 963/963
f 245/245 3439/3439 963/963
f 963/963 951/951 1342/1342
f 2013/2013 963/963 1342/1342
f 963/963 2013/2013 245/245
f 1059/1059 3439/3439 245/245
f 245/245 3460/3460 1059/1059
f 3460/3460 245/245 1660/1660
f 2013/2013 1660/1660 245/245
f 2040/2040 281/281 3460/3460
f 1342/1342 1182/1182 4463/4463
f 4463/4463 2013/2013 1342/1342
f 1182/1182 2958/2958 3723/3723
f 3723/3723 4463/4463 1182/1182
f 1539/1539 4463/4463 3723/3723
f 2764/2764 4463/4463 1539/1539
f 928/928 3723/3723 2958/2958
f 1979/1979 1539/1539 3723/3723
f 1979/1979 3723/3723 928/928
f 2062/2062 3194/3194 1979/1979
f 1979/1979 928/928 2062/2062
f 928/928 623/623 2062/2062
f 623/623 3194/3194 2062/2062
f 4533/4533 1660/1660 2013/2013
f 4533/4533 3460/3460 1660/1660
f 2013/2013 4463/4463 2764/2764
f 4533/4533 2013/2013 2764/2764
f 425/425 4533/4533 2764/2764
f 4533/4533 425/425 3460/3460
f 425/425 2764/2764 1539/1539
f 1979/1979 425/425 1539/1539
f 1535/1535 425/425 1979/1979
f 3460/3460 425/425 1535/1535
f 1535/1535 1979/1979 3194/3194
f 2763/2763 1535/1535 3194/3194
f 4102/4102 2958/2958 4170/4170
f 4102/4102 4170/4170 328/328
f 928/928 2958/2958 4102/4102
f 623/623 928/928 4102/4102
f 623/623 4102/4102 328/328
f 623/623 328/328 3194/3194
f 4170/4170 2958/2958 3664/3664
f 2668/2668 4170/4170 3664/3664
f 2668/2668 3664/3664 2676/2676
f 328/328 4170/4170 2668/2668
f 2668/2668 2676/2676 4225/4225
f 4225/4225 1315/1315 2668/2668
f 2676/2676 3664/3664 2397/2397
f 2397/2397 4225/4225 2676/2676
f 2668/2668 1315/1315 328/328
f 3194/3194 328/328 1315/1315
f 1315/1315 4225/4225 2898/2898
f 1535/1535 2040/2040 3460/3460
f 4534/4534 2763/2763 3194/3194
f 2763/2763 2040/2040 1535/1535
f 1026/1026 2041/2041 2440/2440
f 2762/2762 2440/2440 2041/2041
f 3194/3194 2898/2898 4534/4534
f 3194/3194 1315/1315 2898/2898
f 4225/4225 2397/2397 2898/2898
f 2898/2898 2397/2397 2876/2876
f 467/467 2898/2898 2876/2876
f 467/467 4534/4534 2898/2898
f 4535/4535 466/466 3960/3960
f 2213/2213 2762/2762 4535/4535
f 2959/2959 4535/4535 3960/3960
f 2213/2213 4535/4535 2959/2959
f 2213/2213 2959/2959 1411/1411
f 3664/3664 340/340 290/290
f 3664/3664 290/290 2709/2709
f 2709/2709 290/290 1650/1650
f 1650/1650 2244/2244 1013/1013
f 2510/2510 1650/1650 1446/1446
f 1446/1446 1650/1650 1013/1013
f 1014/1014 2243/2243 3367/3367
f 1447/1447 1014/1014 1495/1495
f 1495/1495 1014/1014 3367/3367
f 624/624 3367/3367 2942/2942
f 624/624 2942/2942 1877/1877
f 2397/2397 3664/3664 2709/2709
f 2876/2876 2397/2397 2709/2709
f 2709/2709 3180/3180 2876/2876
f 2510/2510 2709/2709 1650/1650
f 2510/2510 3180/3180 2709/2709
f 3180/3180 2870/2870 2876/2876
f 1446/1446 3180/3180 2510/2510
f 3754/3754 3180/3180 1446/1446
f 2870/2870 3180/3180 3754/3754
f 2870/2870 467/467 2876/2876
f 466/466 2871/2871 4142/4142
f 3048/3048 2871/2871 3755/3755
f 4142/4142 2871/2871 3048/3048
f 466/466 1016/1016 3960/3960
f 2959/2959 3960/3960 1016/1016
f 4142/4142 1016/1016 466/466
f 1495/1495 3048/3048 1447/1447
f 3755/3755 1447/1447 3048/3048
f 624/624 1495/1495 3367/3367
f 3048/3048 1495/1495 624/624
f 4142/4142 3048/3048 624/624
f 1877/1877 4142/4142 624/624
f 1016/1016 6/6 2959/2959
f 2959/2959 6/6 4368/4368
f 1016/1016 4142/4142 6/6
f 6/6 4142/4142 1276/1276
f 1276/1276 4368/4368 6/6
f 1226/1226 4472/4472 1276/1276
f 4368/4368 1276/1276 4472/4472
f 4472/4472 639/639 4368/4368
f 1276/1276 4142/4142 1877/1877
f 1226/1226 1877/1877 2942/2942
f 1276/1276 1877/1877 1226/1226
f 4472/4472 1226/1226 4487/4487
f 1191/1191 4368/4368 639/639
f 639/639 4472/4472 4487/4487
f 4368/4368 1191/1191 2959/2959
f 2959/2959 1191/1191 1411/1411
f 1411/1411 1191/1191 4039/4039
f 4039/4039 2746/2746 1411/1411
f 2070/2070 2746/2746 4488/4488
f 4039/4039 1191/1191 639/639
f 4488/4488 2746/2746 4039/4039
f 4488/4488 4039/4039 639/639
f 639/639 4487/4487 3452/3452
f 639/639 3452/3452 4488/4488
f 1003/1003 3452/3452 4487/4487
f 1003/1003 2070/2070 3452/3452
f 3452/3452 2070/2070 4488/4488
f 2390/2390 3936/3936 2929/2929
f 3936/3936 2390/2390 2691/2691
f 4729/4729 2929/2929 3936/3936
f 638/638 810/810 3572/3572
f 810/810 1059/1059 281/281
f 1392/1392 810/810 281/281
f 1392/1392 281/281 3907/3907
f 3028/3028 4136/4136 2905/2905
f 2905/2905 4103/4103 2575/2575
f 2905/2905 4644/4644 3028/3028
f 4644/4644 2905/2905 2575/2575
f 4644/4644 1135/1135 3028/3028
f 1564/1564 2575/2575 4103/4103
f 4598/4598 1135/1135 2214/2214
f 2214/2214 4644/4644 2575/2575
f 2214/2214 1135/1135 4644/4644
f 1079/1079 4598/4598 2214/2214
f 4555/4555 4356/4356 4420/4420
f 1564/1564 460/460 3800/3800
f 3800/3800 1639/1639 4559/4559
f 4559/4559 3090/3090 3800/3800
f 4559/4559 4284/4284 3090/3090
f 3809/3809 3090/3090 4284/4284
f 3090/3090 3809/3809 1079/1079
f 4284/4284 4559/4559 3729/3729
f 2575/2575 1564/1564 3800/3800
f 2575/2575 1079/1079 2214/2214
f 2575/2575 3800/3800 3090/3090
f 1079/1079 2575/2575 3090/3090
f 4372/4372 3729/3729 4356/4356
f 4356/4356 4555/4555 4372/4372
f 4555/4555 4754/4754 4372/4372
f 4372/4372 4284/4284 3729/3729
f 3809/3809 4284/4284 4372/4372
f 3589/3589 1079/1079 3809/3809
f 4754/4754 3809/3809 4372/4372
f 3809/3809 4754/4754 3589/3589
f 2100/2100 4356/4356 3586/3586
f 4420/4420 4356/4356 2100/2100
f 4598/4598 1079/1079 3589/3589
f 4754/4754 4555/4555 4420/4420
f 4754/4754 4420/4420 1571/1571
f 1571/1571 3589/3589 4754/4754
f 4648/4648 4598/4598 3589/3589
f 4648/4648 3589/3589 1754/1754
f 3300/3300 3170/3170 4598/4598
f 1250/1250 4598/4598 4648/4648
f 2840/2840 1135/1135 4598/4598
f 4718/4718 2865/2865 1031/1031
f 2100/2100 3586/3586 4718/4718
f 2100/2100 4718/4718 1031/1031
f 4420/4420 2100/2100 1031/1031
f 1571/1571 4420/4420 1031/1031
f 1031/1031 2865/2865 932/932
f 1571/1571 1031/1031 932/932
f 1571/1571 932/932 1083/1083
f 1083/1083 932/932 909/909
f 1754/1754 1571/1571 1083/1083
f 1083/1083 909/909 2698/2698
f 1270/1270 2698/2698 909/909
f 932/932 2485/2485 776/776
f 1932/1932 776/776 2485/2485
f 909/909 932/932 776/776
f 909/909 776/776 1099/1099
f 1270/1270 909/909 1099/1099
f 1099/1099 4071/4071 1270/1270
f 1629/1629 1270/1270 4071/4071
f 1571/1571 1754/1754 3589/3589
f 2698/2698 4648/4648 1754/1754
f 1083/1083 2698/2698 1754/1754
f 2957/2957 2698/2698 1270/1270
f 640/640 2698/2698 2957/2957
f 640/640 4648/4648 2698/2698
f 1270/1270 1629/1629 2957/2957
f 1250/1250 4648/4648 640/640
f 1262/1262 640/640 2957/2957
f 4212/4212 1629/1629 1728/1728
f 1728/1728 1629/1629 1787/1787
f 2957/2957 1629/1629 4212/4212
f 2957/2957 567/567 1262/1262
f 4212/4212 567/567 2957/2957
f 1250/1250 640/640 1262/1262
f 567/567 1250/1250 1262/1262
f 3594/3594 1250/1250 567/567
f 3594/3594 567/567 4212/4212
f 3594/3594 4212/4212 1249/1249
f 3594/3594 75/75 1250/1250
f 3300/3300 4598/4598 1250/1250
f 2292/2292 75/75 4032/4032
f 3300/3300 1250/1250 75/75
f 1789/1789 3300/3300 75/75
f 4010/4010 2292/2292 4032/4032
f 1889/1889 2292/2292 4010/4010
f 1889/1889 4010/4010 3213/3213
f 1889/1889 2195/2195 2292/2292
f 1889/1889 3213/3213 4599/4599
f 4599/4599 2195/2195 1889/1889
f 1789/1789 75/75 2292/2292
f 658/658 1789/1789 2195/2195
f 658/658 2504/2504 1789/1789
f 2195/2195 1789/1789 2292/2292
f 1005/1005 4599/4599 4127/4127
f 1005/1005 4127/4127 858/858
f 1804/1804 2504/2504 658/658
f 1005/1005 2195/2195 4599/4599
f 658/658 2195/2195 1005/1005
f 1804/1804 1005/1005 858/858
f 858/858 3338/3338 1804/1804
f 2504/2504 1804/1804 206/206
f 1005/1005 1804/1804 658/658
f 3009/3009 595/595 3234/3234
f 3009/3009 3283/3283 595/595
f 3283/3283 512/512 595/595
f 512/512 2965/2965 595/595
f 616/616 4495/4495 1072/1072
f 4579/4579 595/595 2965/2965
f 2965/2965 912/912 228/228
f 1715/1715 912/912 2965/2965
f 912/912 395/395 228/228
f 395/395 4495/4495 616/616
f 616/616 228/228 395/395
f 799/799 1222/1222 4631/4631
f 1715/1715 2965/2965 2029/2029
f 2029/2029 2965/2965 512/512
f 221/221 1715/1715 2029/2029
f 2029/2029 512/512 547/547
f 547/547 4278/4278 2029/2029
f 368/368 4495/4495 1222/1222
f 4495/4495 3855/3855 1222/1222
f 1416/1416 1222/1222 3855/3855
f 395/395 1712/1712 4495/4495
f 4495/4495 1712/1712 3855/3855
f 1712/1712 395/395 912/912
f 1712/1712 912/912 1715/1715
f 1712/1712 1715/1715 221/221
f 1712/1712 221/221 3855/3855
f 1416/1416 3855/3855 221/221
f 363/363 1416/1416 221/221
f 221/221 4278/4278 363/363
f 1222/1222 1416/1416 4631/4631
f 363/363 4631/4631 1416/1416
f 221/221 2029/2029 4278/4278
f 3283/3283 196/196 512/512
f 1800/1800 3703/3703 1972/1972
f 1800/1800 4736/4736 3703/3703
f 4736/4736 1800/1800 195/195
f 4736/4736 196/196 3703/3703
f 120/120 18/18 1282/1282
f 4793/4793 1282/1282 1800/1800
f 195/195 1800/1800 1282/1282
f 4793/4793 1800/1800 1972/1972
f 1282/1282 4793/4793 120/120
f 18/18 4330/4330 1282/1282
f 3040/3040 727/727 3388/3388
f 2830/2830 3155/3155 479/479
f 4456/4456 1516/1516 2413/2413
f 4456/4456 3388/3388 1516/1516
f 2830/2830 3040/3040 3388/3388
f 4456/4456 2830/2830 3388/3388
f 2830/2830 479/479 3040/3040
f 3155/3155 2830/2830 941/941
f 4456/4456 941/941 2830/2830
f 479/479 498/498 727/727
f 498/498 479/479 3338/3338
f 498/498 3338/3338 858/858
f 3338/3338 206/206 1804/1804
f 206/206 3338/3338 479/479
f 3155/3155 206/206 479/479
f 3040/3040 479/479 727/727
f 547/547 196/196 4736/4736
f 4736/4736 195/195 2182/2182
f 1208/1208 4736/4736 4659/4659
f 547/547 4736/4736 1208/1208
f 1208/1208 4444/4444 547/547
f 4659/4659 815/815 1208/1208
f 815/815 4444/4444 1208/1208
f 4736/4736 2182/2182 4659/4659
f 1496/1496 763/763 2182/2182
f 763/763 815/815 4659/4659
f 4659/4659 2182/2182 763/763
f 2126/2126 3339/3339 4631/4631
f 2126/2126 4704/4704 3339/3339
f 2602/2602 719/719 2749/2749
f 2749/2749 719/719 1361/1361
f 2749/2749 1361/1361 2641/2641
f 1126/1126 815/815 2543/2543
f 815/815 1126/1126 4444/4444
f 815/815 763/763 2602/2602
f 763/763 1496/1496 1511/1511
f 2602/2602 763/763 1511/1511
f 2602/2602 2543/2543 815/815
f 2602/2602 1511/1511 719/719
f 4704/4704 1126/1126 212/212
f 212/212 1126/1126 2641/2641
f 1126/1126 4704/4704 4444/4444
f 2602/2602 1126/1126 2543/2543
f 1126/1126 2602/2602 2749/2749
f 2641/2641 1126/1126 2749/2749
f 547/547 512/512 196/196
f 4278/4278 547/547 3063/3063
f 363/363 4278/4278 3063/3063
f 3063/3063 547/547 4444/4444
f 4704/4704 2126/2126 363/363
f 3063/3063 4704/4704 363/363
f 4631/4631 363/363 2126/2126
f 3063/3063 4444/4444 4704/4704
f 18/18 4088/4088 4403/4403
f 4403/4403 4330/4330 18/18
f 1282/1282 4330/4330 195/195
f 1496/1496 195/195 4330/4330
f 4403/4403 4088/4088 719/719
f 1496/1496 4330/4330 4403/4403
f 1496/1496 2182/2182 195/195
f 719/719 1511/1511 4403/4403
f 1511/1511 1496/1496 4403/4403
f 1331/1331 4322/4322 181/181
f 1927/1927 1526/1526 3845/3845
f 1927/1927 1331/1331 1526/1526
f 1526/1526 4210/4210 3845/3845
f 1526/1526 2355/2355 4210/4210
f 2355/2355 1526/1526 4621/4621
f 1526/1526 1331/1331 181/181
f 4621/4621 499/499 2355/2355
f 1526/1526 181/181 4621/4621
f 219/219 414/414 3170/3170
f 2619/2619 219/219 3170/3170
f 219/219 886/886 1353/1353
f 3702/3702 1353/1353 886/886
f 2619/2619 886/886 219/219
f 3702/3702 886/886 93/93
f 886/886 2619/2619 1018/1018
f 886/886 814/814 93/93
f 814/814 886/886 1018/1018
f 1018/1018 2619/2619 3963/3963
f 814/814 1018/1018 3963/3963
f 2619/2619 3170/3170 4322/4322
f 4322/4322 3963/3963 2619/2619
f 4655/4655 814/814 3963/3963
f 814/814 4655/4655 1927/1927
f 3963/3963 1331/1331 4655/4655
f 3963/3963 4322/4322 1331/1331
f 4655/4655 1331/1331 1927/1927
f 4322/4322 3170/3170 66/66
f 3300/3300 66/66 3170/3170
f 907/907 3685/3685 66/66
f 907/907 537/537 3685/3685
f 537/537 907/907 906/906
f 907/907 66/66 3481/3481
f 66/66 3685/3685 4322/4322
f 537/537 1570/1570 4621/4621
f 537/537 906/906 1570/1570
f 537/537 181/181 4322/4322
f 537/537 4621/4621 181/181
f 537/537 4322/4322 3685/3685
f 1789/1789 2504/2504 3300/3300
f 66/66 3300/3300 2504/2504
f 2504/2504 206/206 3481/3481
f 3481/3481 66/66 2504/2504
f 4633/4633 3234/3234 595/595
f 4579/4579 4774/4774 4633/4633
f 4579/4579 4633/4633 595/595
f 2892/2892 499/499 1570/1570
f 4621/4621 1570/1570 499/499
f 978/978 1734/1734 1072/1072
f 4113/4113 1734/1734 4028/4028
f 4774/4774 4028/4028 2814/2814
f 4028/4028 4774/4774 4579/4579
f 4028/4028 4579/4579 4113/4113
f 978/978 2814/2814 4028/4028
f 978/978 4028/4028 1734/1734
f 4113/4113 4579/4579 2965/2965
f 1072/1072 1734/1734 616/616
f 1734/1734 4113/4113 616/616
f 616/616 4113/4113 228/228
f 2965/2965 228/228 4113/4113
f 1570/1570 451/451 2892/2892
f 906/906 451/451 1570/1570
f 3481/3481 941/941 2629/2629
f 2629/2629 4456/4456 451/451
f 906/906 2629/2629 451/451
f 941/941 4456/4456 2629/2629
f 3481/3481 906/906 907/907
f 3481/3481 2629/2629 906/906
f 3155/3155 941/941 3481/3481
f 3481/3481 206/206 3155/3155
f 4456/4456 2413/2413 451/451
f 1728/1728 1249/1249 4212/4212
f 1249/1249 1728/1728 1825/1825
f 1728/1728 3924/3924 1825/1825
f 3594/3594 1249/1249 75/75
f 1249/1249 1825/1825 75/75
f 75/75 1825/1825 2607/2607
f 2607/2607 1825/1825 3924/3924
f 2416/2416 3924/3924 1728/1728
f 3924/3924 4032/4032 2607/2607
f 2416/2416 4032/4032 3924/3924
f 75/75 2607/2607 4032/4032
f 3213/3213 4010/4010 2416/2416
f 4032/4032 2416/2416 4010/4010
f 3339/3339 2290/2290 3801/3801
f 799/799 4631/4631 3339/3339
f 212/212 2290/2290 3339/3339
f 212/212 3339/3339 4704/4704
f 212/212 2641/2641 1361/1361
f 699/699 1176/1176 3288/3288
f 699/699 3288/3288 2392/2392
f 740/740 699/699 2392/2392
f 740/740 8/8 699/699
f 699/699 8/8 1176/1176
f 4063/4063 442/442 2392/2392
f 740/740 2392/2392 442/442
f 8/8 740/740 1132/1132
f 3778/3778 8/8 1132/1132
f 8/8 3778/3778 453/453
f 1132/1132 740/740 4057/4057
f 740/740 442/442 4057/4057
f 1132/1132 4057/4057 572/572
f 2194/2194 572/572 4057/4057
f 572/572 2194/2194 3042/3042
f 572/572 3778/3778 1132/1132
f 3042/3042 3814/3814 572/572
f 3778/3778 572/572 3708/3708
f 3814/3814 3708/3708 572/572
f 3708/3708 3814/3814 4176/4176
f 2642/2642 4057/4057 442/442
f 2642/2642 2194/2194 4057/4057
f 3295/3295 442/442 4063/4063
f 2642/2642 442/442 3295/3295
f 1745/1745 2194/2194 2642/2642
f 2166/2166 2642/2642 3295/3295
f 1745/1745 2642/2642 2166/2166
f 3042/3042 1273/1273 3814/3814
f 1273/1273 1117/1117 3814/3814
f 2194/2194 1273/1273 3042/3042
f 4176/4176 3814/3814 1117/1117
f 1117/1117 3013/3013 4176/4176
f 577/577 1117/1117 1273/1273
f 1745/1745 1273/1273 2194/2194
f 3872/3872 1403/1403 4294/4294
f 1403/1403 3872/3872 4529/4529
f 4294/4294 2776/2776 3872/3872
f 2895/2895 1403/1403 311/311
f 2895/2895 1314/1314 4491/4491
f 3535/3535 1796/1796 92/92
f 3535/3535 4550/4550 1314/1314
f 92/92 4550/4550 3535/3535
f 3535/3535 2725/2725 1796/1796
f 3535/3535 1314/1314 2725/2725
f 311/311 2725/2725 1314/1314
f 2725/2725 1304/1304 3103/3103
f 311/311 1304/1304 2725/2725
f 1304/1304 205/205 3103/3103
f 311/311 1314/1314 2895/2895
f 1304/1304 2410/2410 205/205
f 4529/4529 311/311 1403/1403
f 311/311 4529/4529 3560/3560
f 311/311 3560/3560 112/112
f 112/112 1304/1304 311/311
f 112/112 2410/2410 1304/1304
f 205/205 2410/2410 546/546
f 2410/2410 775/775 546/546
f 112/112 3560/3560 513/513
f 513/513 2410/2410 112/112
f 513/513 4758/4758 2410/2410
f 4758/4758 513/513 1070/1070
f 4758/4758 775/775 2410/2410
f 3560/3560 892/892 513/513
f 892/892 1070/1070 513/513
f 3560/3560 1577/1577 892/892
f 3356/3356 3175/3175 2117/2117
f 4310/4310 4016/4016 3175/3175
f 3175/3175 4016/4016 2117/2117
f 1434/1434 3356/3356 2456/2456
f 2456/2456 3329/3329 1434/1434
f 3317/3317 3175/3175 1434/1434
f 1434/1434 3175/3175 3356/3356
f 2461/2461 4310/4310 3175/3175
f 3175/3175 3733/3733 2461/2461
f 3317/3317 961/961 3733/3733
f 2715/2715 1434/1434 3329/3329
f 3733/3733 3175/3175 3317/3317
f 3317/3317 1434/1434 2715/2715
f 2461/2461 3733/3733 4478/4478
f 192/192 4478/4478 3733/3733
f 901/901 192/192 3733/3733
f 192/192 2637/2637 4478/4478
f 4602/4602 4478/4478 2637/2637
f 1521/1521 2381/2381 3714/3714
f 3714/3714 3808/3808 1521/1521
f 3356/3356 2117/2117 4752/4752
f 1489/1489 3714/3714 2381/2381
f 1176/1176 1175/1175 2381/2381
f 1489/1489 2381/2381 1175/1175
f 157/157 1489/1489 1175/1175
f 157/157 1175/1175 2612/2612
f 2612/2612 1175/1175 2223/2223
f 4398/4398 1521/1521 3808/3808
f 3288/3288 1521/1521 4398/4398
f 3288/3288 4398/4398 2392/2392
f 3808/3808 4016/4016 4398/4398
f 1521/1521 3288/3288 2381/2381
f 2381/2381 3288/3288 1176/1176
f 1175/1175 1176/1176 933/933
f 4063/4063 2392/2392 4697/4697
f 4752/4752 2456/2456 3356/3356
f 3840/3840 2456/2456 2527/2527
f 2527/2527 2456/2456 4752/4752
f 157/157 2527/2527 4752/4752
f 821/821 2527/2527 157/157
f 3329/3329 2456/2456 3840/3840
f 2527/2527 821/821 3840/3840
f 821/821 157/157 2612/2612
f 821/821 2612/2612 881/881
f 881/881 2612/2612 523/523
f 2223/2223 523/523 2612/2612
f 322/322 881/881 523/523
f 3839/3839 881/881 322/322
f 3840/3840 821/821 1975/1975
f 1975/1975 821/821 881/881
f 1975/1975 881/881 3839/3839
f 2078/2078 3840/3840 1975/1975
f 1763/1763 1975/1975 3839/3839
f 593/593 3839/3839 170/170
f 170/170 3839/3839 322/322
f 1763/1763 3839/3839 593/593
f 805/805 593/593 900/900
f 805/805 900/900 2386/2386
f 900/900 593/593 170/170
f 170/170 3552/3552 900/900
f 4687/4687 900/900 3552/3552
f 1573/1573 942/942 1615/1615
f 663/663 3513/3513 942/942
f 1862/1862 663/663 942/942
f 942/942 1573/1573 1862/1862
f 1271/1271 4740/4740 663/663
f 1862/1862 1271/1271 663/663
f 1436/1436 1271/1271 1862/1862
f 4480/4480 4306/4306 4167/4167
f 4756/4756 4072/4072 4167/4167
f 1857/1857 4072/4072 4756/4756
f 4480/4480 1573/1573 4306/4306
f 1573/1573 4480/4480 4072/4072
f 4480/4480 4167/4167 4072/4072
f 1862/1862 1573/1573 1436/1436
f 4072/4072 1436/1436 1573/1573
f 2699/2699 1436/1436 1857/1857
f 1857/1857 1436/1436 4072/4072
f 3322/3322 901/901 2690/2690
f 901/901 3322/3322 1397/1397
f 92/92 832/832 3311/3311
f 1023/1023 832/832 92/92
f 92/92 1796/1796 1023/1023
f 832/832 3522/3522 1723/1723
f 1723/1723 2690/2690 2296/2296
f 1723/1723 3522/3522 2690/2690
f 832/832 1023/1023 3522/3522
f 1023/1023 3322/3322 3522/3522
f 3980/3980 832/832 1723/1723
f 1723/1723 2296/2296 3980/3980
f 4321/4321 1796/1796 2725/2725
f 1796/1796 4321/4321 4605/4605
f 370/370 4605/4605 4321/4321
f 1397/1397 3322/3322 1023/1023
f 4605/4605 1023/1023 1796/1796
f 1023/1023 4605/4605 1397/1397
f 370/370 1397/1397 4605/4605
f 901/901 3733/3733 961/961
f 2690/2690 961/961 2296/2296
f 961/961 2690/2690 901/901
f 2715/2715 961/961 3317/3317
f 901/901 1397/1397 192/192
f 192/192 1239/1239 2637/2637
f 2637/2637 1239/1239 1520/1520
f 3103/3103 4321/4321 2725/2725
f 4321/4321 3103/3103 370/370
f 377/377 370/370 3103/3103
f 546/546 3103/3103 205/205
f 546/546 377/377 3103/3103
f 370/370 1239/1239 1397/1397
f 1397/1397 1239/1239 192/192
f 3075/3075 1239/1239 370/370
f 370/370 377/377 3075/3075
f 1239/1239 3075/3075 1520/1520
f 4355/4355 1520/1520 3075/3075
f 4602/4602 2637/2637 1520/1520
f 377/377 2334/2334 3075/3075
f 2334/2334 377/377 546/546
f 2334/2334 546/546 1999/1999
f 1976/1976 3840/3840 4076/4076
f 4076/4076 3840/3840 2078/2078
f 2078/2078 2985/2985 4076/4076
f 1975/1975 1763/1763 2078/2078
f 2985/2985 2078/2078 1763/1763
f 1763/1763 805/805 2991/2991
f 2985/2985 1763/1763 2991/2991
f 593/593 805/805 1763/1763
f 2985/2985 3997/3997 4076/4076
f 124/124 2985/2985 2991/2991
f 2985/2985 3082/3082 3997/3997
f 3082/3082 2985/2985 124/124
f 124/124 2991/2991 447/447
f 2991/2991 3021/3021 447/447
f 447/447 4429/4429 124/124
f 4429/4429 447/447 1406/1406
f 1406/1406 447/447 3021/3021
f 4429/4429 1406/1406 2423/2423
f 2386/2386 900/900 1437/1437
f 2991/2991 805/805 1350/1350
f 1350/1350 805/805 2386/2386
f 1350/1350 2386/2386 1437/1437
f 1437/1437 4687/4687 1406/1406
f 1437/1437 900/900 4687/4687
f 3021/3021 2991/2991 1350/1350
f 3021/3021 1350/1350 1406/1406
f 1437/1437 1406/1406 1350/1350
f 3082/3082 124/124 2359/2359
f 3082/3082 2359/2359 3920/3920
f 3920/3920 4541/4541 3082/3082
f 2359/2359 2956/2956 3920/3920
f 124/124 606/606 2359/2359
f 606/606 124/124 4429/4429
f 2956/2956 2359/2359 606/606
f 4429/4429 4299/4299 606/606
f 4299/4299 4429/4429 3467/3467
f 2956/2956 606/606 4299/4299
f 2423/2423 3467/3467 4429/4429
f 4546/4546 3467/3467 2423/2423
f 4546/4546 2423/2423 3623/3623
f 3467/3467 1970/1970 4299/4299
f 1970/1970 3467/3467 4546/4546
f 4723/4723 4541/4541 3920/3920
f 4723/4723 3920/3920 999/999
f 999/999 3920/3920 2956/2956
f 1708/1708 999/999 2956/2956
f 999/999 4405/4405 4723/4723
f 4405/4405 999/999 1708/1708
f 1708/1708 2956/2956 4299/4299
f 4299/4299 1970/1970 1708/1708
f 892/892 4307/4307 1609/1609
f 3139/3139 1609/1609 4307/4307
f 795/795 1609/1609 3139/3139
f 2640/2640 3139/3139 4307/4307
f 1577/1577 2640/2640 4307/4307
f 4438/4438 2640/2640 1577/1577
f 2640/2640 1497/1497 1704/1704
f 2640/2640 1704/1704 3139/3139
f 775/775 1999/1999 546/546
f 2334/2334 1999/1999 2625/2625
f 3877/3877 3333/3333 4355/4355
f 3877/3877 4365/4365 3333/3333
f 2334/2334 2625/2625 3877/3877
f 3877/3877 2625/2625 4365/4365
f 4758/4758 1999/1999 775/775
f 1999/1999 4758/4758 233/233
f 4758/4758 1070/1070 233/233
f 1070/1070 3548/3548 233/233
f 233/233 3548/3548 2625/2625
f 3548/3548 2337/2337 2625/2625
f 2337/2337 4365/4365 2625/2625
f 1070/1070 1609/1609 3548/3548
f 3548/3548 1609/1609 2337/2337
f 2625/2625 1999/1999 233/233
f 1609/1609 1070/1070 892/892
f 1577/1577 4307/4307 892/892
f 1609/1609 795/795 2337/2337
f 4756/4756 4167/4167 2899/2899
f 2899/2899 2999/2999 4756/4756
f 2250/2250 4756/4756 2999/2999
f 1598/1598 1857/1857 4756/4756
f 1455/1455 1598/1598 4756/4756
f 4756/4756 2250/2250 1455/1455
f 2999/2999 2851/2851 2250/2250
f 1657/1657 2851/2851 1890/1890
f 2250/2250 2851/2851 1455/1455
f 2851/2851 1657/1657 1455/1455
f 4739/4739 1598/1598 1455/1455
f 1455/1455 1657/1657 4739/4739
f 1857/1857 1598/1598 1448/1448
f 4200/4200 1229/1229 1448/1448
f 4200/4200 1448/1448 1598/1598
f 1598/1598 4739/4739 4200/4200
f 3499/3499 1497/1497 2640/2640
f 2699/2699 1857/1857 1448/1448
f 1229/1229 4200/4200 1277/1277
f 1920/1920 1448/1448 1229/1229
f 1229/1229 1277/1277 1920/1920
f 1277/1277 4200/4200 4739/4739
f 4529/4529 1577/1577 3560/3560
f 4529/4529 4438/4438 1577/1577
f 3499/3499 2640/2640 4438/4438
f 2734/2734 2904/2904 3499/3499
f 3499/3499 4438/4438 121/121
f 121/121 4341/4341 2734/2734
f 2734/2734 3499/3499 121/121
f 4438/4438 4529/4529 3430/3430
f 121/121 4438/4438 4222/4222
f 4438/4438 3430/3430 4222/4222
f 2136/2136 1708/1708 1970/1970
f 4405/4405 1708/1708 2136/2136
f 2136/2136 1970/1970 3078/3078
f 4405/4405 376/376 1139/1139
f 376/376 4405/4405 2136/2136
f 4529/4529 3872/3872 3430/3430
f 2776/2776 3929/3929 3872/3872
f 3872/3872 2460/2460 3741/3741
f 4186/4186 3872/3872 3741/3741
f 723/723 2460/2460 457/457
f 3741/3741 2460/2460 723/723
f 3741/3741 723/723 714/714
f 714/714 4186/4186 3741/3741
f 714/714 2791/2791 4186/4186
f 3212/3212 765/765 723/723
f 714/714 723/723 765/765
f 714/714 765/765 2791/2791
f 807/807 765/765 3212/3212
f 765/765 2028/2028 2791/2791
f 765/765 807/807 2028/2028
f 3430/3430 3872/3872 2205/2205
f 4295/4295 3430/3430 2205/2205
f 3430/3430 4295/4295 2891/2891
f 2891/2891 4295/4295 931/931
f 1662/1662 2891/2891 931/931
f 2891/2891 1662/1662 3278/3278
f 2205/2205 3872/3872 2134/2134
f 4295/4295 2205/2205 295/295
f 2134/2134 295/295 2205/2205
f 3872/3872 4186/4186 2134/2134
f 2134/2134 4186/4186 1727/1727
f 1727/1727 3239/3239 2134/2134
f 295/295 2134/2134 3239/3239
f 2473/2473 295/295 3239/3239
f 4085/4085 295/295 2473/2473
f 295/295 4085/4085 4295/4295
f 2473/2473 3068/3068 4085/4085
f 3239/3239 1727/1727 2738/2738
f 2738/2738 2473/2473 3239/3239
f 2473/2473 2738/2738 3068/3068
f 3068/3068 2824/2824 4085/4085
f 2738/2738 1727/1727 1936/1936
f 1936/1936 3068/3068 2738/2738
f 3068/3068 3640/3640 2824/2824
f 3068/3068 1936/1936 3640/3640
f 4295/4295 4085/4085 1910/1910
f 4085/4085 2824/2824 1910/1910
f 1910/1910 931/931 4295/4295
f 931/931 1910/1910 964/964
f 3640/3640 1565/1565 2824/2824
f 3430/3430 2891/2891 3514/3514
f 2891/2891 3278/3278 3514/3514
f 3430/3430 3514/3514 3202/3202
f 4046/4046 4222/4222 3430/3430
f 3430/3430 3202/3202 4046/4046
f 551/551 3761/3761 3536/3536
f 972/972 1285/1285 3761/3761
f 3989/3989 1285/1285 972/972
f 1285/1285 3536/3536 3761/3761
f 934/934 4787/4787 3906/3906
f 3906/3906 558/558 934/934
f 4244/4244 4787/4787 934/934
f 4244/4244 934/934 48/48
f 1285/1285 4369/4369 3536/3536
f 4369/4369 3906/3906 3536/3536
f 3536/3536 3906/3906 4787/4787
f 551/551 3536/3536 4787/4787
f 3989/3989 4369/4369 1285/1285
f 4369/4369 3989/3989 1643/1643
f 558/558 3906/3906 1643/1643
f 1643/1643 3906/3906 4369/4369
f 551/551 4787/4787 4244/4244
f 1662/1662 1946/1946 3278/3278
f 2990/2990 3761/3761 551/551
f 551/551 3195/3195 2990/2990
f 1709/1709 3989/3989 972/972
f 3902/3902 4109/4109 486/486
f 3562/3562 1786/1786 4767/4767
f 3562/3562 4767/4767 2911/2911
f 4767/4767 486/486 2911/2911
f 2911/2911 486/486 4109/4109
f 3773/3773 934/934 558/558
f 314/314 3773/3773 558/558
f 314/314 558/558 3216/3216
f 4181/4181 314/314 3216/3216
f 3216/3216 3534/3534 2157/2157
f 4181/4181 3216/3216 2157/2157
f 1801/1801 2157/2157 3534/3534
f 1801/1801 3534/3534 4419/4419
f 164/164 1801/1801 4419/4419
f 1801/1801 2751/2751 2157/2157
f 4419/4419 3534/3534 1951/1951
f 1951/1951 4694/4694 4419/4419
f 3811/3811 2681/2681 3361/3361
f 3361/3361 2681/2681 4694/4694
f 4694/4694 164/164 4419/4419
f 2681/2681 464/464 65/65
f 4186/4186 3459/3459 1727/1727
f 4532/4532 2326/2326 1583/1583
f 841/841 1936/1936 1727/1727
f 841/841 1727/1727 3459/3459
f 841/841 1760/1760 1936/1936
f 1760/1760 3640/3640 1936/1936
f 841/841 3459/3459 582/582
f 2000/2000 2326/2326 4532/4532
f 2326/2326 4199/4199 1583/1583
f 2326/2326 3632/3632 927/927
f 3673/3673 2000/2000 2118/2118
f 3673/3673 3796/3796 2000/2000
f 3796/3796 3632/3632 2000/2000
f 2000/2000 3632/3632 2326/2326
f 4542/4542 927/927 3632/3632
f 2405/2405 4542/4542 3632/3632
f 3632/3632 3796/3796 2405/2405
f 4186/4186 2262/2262 3459/3459
f 955/955 582/582 3459/3459
f 4186/4186 2791/2791 2262/2262
f 2262/2262 2791/2791 2631/2631
f 2631/2631 955/955 2262/2262
f 2262/2262 955/955 3459/3459
f 3673/3673 2631/2631 1423/1423
f 2028/2028 2631/2631 2791/2791
f 3521/3521 2631/2631 2028/2028
f 1423/1423 2631/2631 3521/3521
f 2028/2028 807/807 766/766
f 2907/2907 766/766 807/807
f 766/766 3521/3521 2028/2028
f 2301/2301 3521/3521 766/766
f 70/70 1423/1423 3521/3521
f 70/70 1163/1163 1423/1423
f 2301/2301 70/70 3521/3521
f 4232/4232 2300/2300 2908/2908
f 2907/2907 2301/2301 766/766
f 1054/1054 70/70 2301/2301
f 3673/3673 582/582 955/955
f 955/955 2631/2631 3673/3673
f 1423/1423 3796/3796 3673/3673
f 1423/1423 2405/2405 3796/3796
f 2405/2405 1423/1423 1163/1163
f 288/288 43/43 4289/4289
f 4492/4492 4289/4289 43/43
f 43/43 288/288 3562/3562
f 3926/3926 4492/4492 43/43
f 43/43 3562/3562 622/622
f 622/622 3562/3562 2911/2911
f 622/622 3926/3926 43/43
f 4661/4661 3020/3020 4808/4808
f 4492/4492 3926/3926 4661/4661
f 3020/3020 4661/4661 3926/3926
f 2911/2911 3926/3926 622/622
f 3926/3926 2911/2911 2012/2012
f 3926/3926 2012/2012 3020/3020
f 3020/3020 2012/2012 3927/3927
f 4109/4109 2012/2012 2911/2911
f 334/334 312/312 4601/4601
f 4601/4601 312/312 2652/2652
f 927/927 4542/4542 2380/2380
f 927/927 2380/2380 334/334
f 2405/2405 2380/2380 4542/4542
f 587/587 334/334 2380/2380
f 334/334 587/587 312/312
f 4635/4635 312/312 587/587
f 4635/4635 2652/2652 312/312
f 2652/2652 4629/4629 4601/4601
f 587/587 2380/2380 2405/2405
f 2405/2405 1163/1163 587/587
f 993/993 1163/1163 70/70
f 993/993 587/587 1163/1163
f 561/561 587/587 993/993
f 1054/1054 993/993 70/70
f 2701/2701 993/993 1054/1054
f 2701/2701 561/561 993/993
f 561/561 4635/4635 587/587
f 2032/2032 4635/4635 561/561
f 2652/2652 3811/3811 4629/4629
f 3811/3811 1630/1630 2681/2681
f 1630/1630 3811/3811 2652/2652
f 1630/1630 464/464 2681/2681
f 289/289 464/464 1630/1630
f 4128/4128 1630/1630 2652/2652
f 1172/1172 790/790 1630/1630
f 790/790 1957/1957 1630/1630
f 65/65 464/464 289/289
f 1957/1957 65/65 289/289
f 4014/4014 4204/4204 65/65
f 4014/4014 1219/1219 4204/4204
f 3206/3206 4014/4014 1957/1957
f 1957/1957 4014/4014 65/65
f 1957/1957 790/790 1866/1866
f 1866/1866 3206/3206 1957/1957
f 1867/1867 4552/4552 3207/3207
f 4552/4552 4381/4381 3207/3207
f 3495/3495 61/61 4552/4552
f 4552/4552 1867/1867 3495/3495
f 61/61 2067/2067 4552/4552
f 1957/1957 289/289 1630/1630
f 4380/4380 4014/4014 3206/3206
f 793/793 1867/1867 1352/1352
f 4711/4711 2913/2913 1477/1477
f 2913/2913 4711/4711 1352/1352
f 3720/3720 2913/2913 1352/1352
f 793/793 1352/1352 1341/1341
f 2455/2455 3495/3495 793/793
f 2455/2455 3399/3399 3495/3495
f 793/793 3495/3495 1867/1867
f 3399/3399 61/61 3495/3495
f 2289/2289 3835/3835 3399/3399
f 61/61 3399/3399 3835/3835
f 2289/2289 3399/3399 2455/2455
f 2289/2289 603/603 3835/3835
f 2778/2778 4524/4524 2455/2455
f 4524/4524 2289/2289 2455/2455
f 4524/4524 2714/2714 2289/2289
f 2714/2714 4524/4524 3554/3554
f 3721/3721 1172/1172 2914/2914
f 3721/3721 790/790 1172/1172
f 789/789 3720/3720 1352/1352
f 1867/1867 789/789 1352/1352
f 4244/4244 48/48 3819/3819
f 3681/3681 3902/3902 3819/3819
f 3681/3681 3819/3819 1371/1371
f 1418/1418 3514/3514 3278/3278
f 4393/4393 3514/3514 1418/1418
f 3514/3514 4393/4393 3202/3202
f 3202/3202 4393/4393 1849/1849
f 4393/4393 1418/1418 1468/1468
f 3902/3902 4244/4244 3819/3819
f 4244/4244 3902/3902 486/486
f 2940/2940 3902/3902 3681/3681
f 2012/2012 4109/4109 3902/3902
f 2940/2940 2012/2012 3902/3902
f 122/122 2012/2012 2940/2940
f 1151/1151 3419/3419 1468/1468
f 3419/3419 1151/1151 3091/3091
f 2354/2354 3419/3419 3091/3091
f 122/122 2940/2940 1391/1391
f 1391/1391 1290/1290 122/122
f 2332/2332 2354/2354 3091/3091
f 1290/1290 2354/2354 2332/2332
f 2332/2332 122/122 1290/1290
f 1166/1166 3202/3202 1849/1849
f 3202/3202 1166/1166 1667/1667
f 1166/1166 645/645 1667/1667
f 748/748 1667/1667 645/645
f 1849/1849 1107/1107 1166/1166
f 678/678 1166/1166 1107/1107
f 2518/2518 678/678 1107/1107
f 1166/1166 678/678 645/645
f 2585/2585 678/678 2518/2518
f 2354/2354 3523/3523 4041/4041
f 3523/3523 2354/2354 1992/1992
f 1290/1290 1992/1992 2354/2354
f 1992/1992 1290/1290 1391/1391
f 2426/2426 645/645 678/678
f 645/645 2426/2426 748/748
f 678/678 2585/2585 2426/2426
f 4779/4779 748/748 2426/2426
f 2426/2426 4023/4023 4779/4779
f 48/48 3773/3773 2436/2436
f 3773/3773 48/48 934/934
f 48/48 2436/2436 1148/1148
f 1148/1148 2436/2436 1790/1790
f 3819/3819 48/48 1148/1148
f 3819/3819 1148/1148 2168/2168
f 4181/4181 1592/1592 314/314
f 1371/1371 3819/3819 2168/2168
f 1183/1183 1084/1084 926/926
f 1084/1084 2153/2153 926/926
f 2910/2910 926/926 2153/2153
f 1371/1371 2168/2168 4180/4180
f 3619/3619 1592/1592 4181/4181
f 4181/4181 2157/2157 2751/2751
f 4181/4181 2751/2751 3619/3619
f 2751/2751 945/945 3619/3619
f 3417/3417 945/945 2751/2751
f 1592/1592 3619/3619 1084/1084
f 1084/1084 1183/1183 1592/1592
f 945/945 1084/1084 3619/3619
f 945/945 1851/1851 1084/1084
f 1851/1851 2153/2153 1084/1084
f 1851/1851 2910/2910 2153/2153
f 2808/2808 1851/1851 945/945
f 2808/2808 945/945 3417/3417
f 3681/3681 1371/1371 2940/2940
f 2940/2940 647/647 4415/4415
f 1391/1391 2940/2940 4415/4415
f 2058/2058 1649/1649 2910/2910
f 2910/2910 1851/1851 2058/2058
f 1518/1518 2058/2058 1851/1851
f 1518/1518 698/698 2058/2058
f 698/698 2125/2125 2058/2058
f 698/698 1244/1244 2125/2125
f 1244/1244 698/698 1518/1518
f 1518/1518 1851/1851 191/191
f 3347/3347 191/191 1851/1851
f 2694/2694 2125/2125 1244/1244
f 1992/1992 1391/1391 4415/4415
f 748/748 3293/3293 4331/4331
f 3455/3455 748/748 4779/4779
f 3293/3293 748/748 3455/3455
f 2139/2139 3617/3617 4061/4061
f 2444/2444 1158/1158 3672/3672
f 2444/2444 3617/3617 2139/2139
f 3672/3672 3617/3617 2444/2444
f 1518/1518 1687/1687 1244/1244
f 2694/2694 1244/1244 4265/4265
f 2694/2694 4265/4265 2139/2139
f 1692/1692 2139/2139 4265/4265
f 1692/1692 2444/2444 2139/2139
f 1586/1586 1158/1158 2444/2444
f 1692/1692 1586/1586 2444/2444
f 4265/4265 360/360 1692/1692
f 1244/1244 1687/1687 4265/4265
f 4265/4265 1687/1687 360/360
f 2802/2802 1586/1586 1692/1692
f 1692/1692 360/360 2802/2802
f 2802/2802 360/360 2079/2079
f 4808/4808 2042/2042 1468/1468
f 4808/4808 3020/3020 2042/2042
f 3927/3927 2042/2042 3020/3020
f 2042/2042 1151/1151 1468/1468
f 2042/2042 3927/3927 1151/1151
f 122/122 3927/3927 2012/2012
f 3927/3927 3091/3091 1151/1151
f 122/122 3091/3091 3927/3927
f 2332/2332 3091/3091 122/122
f 1219/1219 4014/4014 4380/4380
f 1316/1316 1219/1219 4380/4380
f 1316/1316 4380/4380 2736/2736
f 4381/4381 4552/4552 2067/2067
f 2067/2067 3114/3114 4381/4381
f 1094/1094 3114/3114 2067/2067
f 1094/1094 2067/2067 61/61
f 3832/3832 1094/1094 61/61
f 61/61 3835/3835 3832/3832
f 89/89 3114/3114 1094/1094
f 2919/2919 3114/3114 89/89
f 3114/3114 2735/2735 4381/4381
f 2735/2735 3114/3114 2919/2919
f 2479/2479 89/89 1094/1094
f 2253/2253 2735/2735 2919/2919
f 2919/2919 519/519 2253/2253
f 89/89 2479/2479 519/519
f 803/803 519/519 2327/2327
f 2714/2714 603/603 2289/2289
f 603/603 2714/2714 1832/1832
f 1832/1832 2714/2714 3745/3745
f 603/603 3832/3832 3835/3835
f 1154/1154 3832/3832 603/603
f 1832/1832 1154/1154 603/603
f 3993/3993 1094/1094 3832/3832
f 1154/1154 3993/3993 3832/3832
f 3837/3837 1154/1154 1832/1832
f 4760/4760 1094/1094 3993/3993
f 4760/4760 2479/2479 1094/1094
f 4760/4760 208/208 2479/2479
f 3407/3407 208/208 4760/4760
f 2327/2327 208/208 3407/3407
f 519/519 2479/2479 208/208
f 2327/2327 519/519 208/208
f 2576/2576 803/803 2327/2327
f 3160/3160 3993/3993 1154/1154
f 2240/2240 4760/4760 3993/3993
f 3160/3160 2240/2240 3993/3993
f 1154/1154 3837/3837 3160/3160
f 2240/2240 3407/3407 4760/4760
f 106/106 2240/2240 3160/3160
f 2236/2236 3407/3407 106/106
f 106/106 3407/3407 2240/2240
f 3725/3725 3407/3407 2236/2236
f 3725/3725 2327/2327 3407/3407
f 33/33 2576/2576 2327/2327
f 3725/3725 33/33 2327/2327
f 3302/3302 33/33 3725/3725
f 4168/4168 165/165 2811/2811
f 165/165 4168/4168 4413/4413
f 4413/4413 4598/4598 3170/3170
f 2670/2670 2811/2811 165/165
f 4413/4413 4115/4115 165/165
f 2670/2670 165/165 4115/4115
f 2010/2010 2811/2811 2670/2670
f 4115/4115 4413/4413 4339/4339
f 2670/2670 4115/4115 147/147
f 147/147 4115/4115 4339/4339
f 505/505 4339/4339 4413/4413
f 3170/3170 505/505 4413/4413
f 1855/1855 505/505 3170/3170
f 4339/4339 2379/2379 147/147
f 2379/2379 4339/4339 1855/1855
f 2379/2379 2670/2670 147/147
f 505/505 1855/1855 4339/4339
f 1855/1855 504/504 2379/2379
f 3170/3170 414/414 1855/1855
f 504/504 1855/1855 3661/3661
f 414/414 3661/3661 1855/1855
f 2333/2333 2670/2670 2379/2379
f 2379/2379 3983/3983 2333/2333
f 2010/2010 2670/2670 2333/2333
f 3983/3983 2379/2379 504/504
f 3376/3376 2934/2934 3929/3929
f 3376/3376 3929/3929 2776/2776
f 1240/1240 2934/2934 3376/3376
f 254/254 739/739 1240/1240
f 3193/3193 2934/2934 1240/1240
f 1240/1240 739/739 3606/3606
f 4049/4049 3605/3605 738/738
f 1240/1240 4751/4751 3193/3193
f 4751/4751 2020/2020 3193/3193
f 3606/3606 2020/2020 4751/4751
f 3606/3606 4751/4751 1240/1240
f 3193/3193 3929/3929 2934/2934
f 3872/3872 3929/3929 2460/2460
f 3193/3193 973/973 3929/3929
f 3929/3929 973/973 2460/2460
f 3193/3193 474/474 973/973
f 2836/2836 973/973 474/474
f 2677/2677 2020/2020 3606/3606
f 2677/2677 238/238 2020/2020
f 3193/3193 2020/2020 474/474
f 238/238 474/474 2020/2020
f 238/238 2836/2836 474/474
f 4049/4049 2678/2678 3605/3605
f 4809/4809 237/237 2678/2678
f 4049/4049 4809/4809 2678/2678
f 4809/4809 2130/2130 237/237
f 4809/4809 4049/4049 2936/2936
f 2936/2936 4049/4049 738/738
f 2980/2980 973/973 2836/2836
f 235/235 2980/2980 2836/2836
f 2131/2131 2836/2836 238/238
f 2131/2131 235/235 2836/2836
f 4809/4809 234/234 2130/2130
f 457/457 2460/2460 973/973
f 457/457 973/973 2980/2980
f 235/235 2923/2923 2980/2980
f 2923/2923 457/457 2980/2980
f 589/589 2922/2922 234/234
f 4100/4100 4111/4111 457/457
f 4600/4600 4112/4112 4099/4099
f 457/457 2923/2923 4100/4100
f 4600/4600 4099/4099 2922/2922
f 2922/2922 589/589 4600/4600
f 589/589 671/671 4600/4600
f 234/234 4809/4809 589/589
f 4809/4809 4594/4594 589/589
f 4111/4111 723/723 457/457
f 1633/1633 3212/3212 4111/4111
f 4111/4111 3212/3212 723/723
f 1633/1633 807/807 3212/3212
f 671/671 4112/4112 4600/4600
f 671/671 1632/1632 4112/4112
f 4594/4594 1632/1632 671/671
f 1566/1566 1632/1632 4594/4594
f 807/807 1633/1633 1567/1567
f 1567/1567 2907/2907 807/807
f 3316/3316 1566/1566 4594/4594
f 4594/4594 671/671 589/589
f 581/581 3316/3316 4594/4594
f 4809/4809 581/581 4594/4594
f 1237/1237 581/581 4809/4809
f 1700/1700 1471/1471 4809/4809
f 2753/2753 4809/4809 1471/1471
f 4809/4809 2753/2753 3227/3227
f 1471/1471 1700/1700 4790/4790
f 986/986 4790/4790 1700/1700
f 986/986 2412/2412 4790/4790
f 2982/2982 4790/4790 2412/2412
f 3053/3053 1471/1471 4790/4790
f 3598/3598 1471/1471 3053/3053
f 2982/2982 3053/3053 4790/4790
f 2267/2267 3598/3598 3053/3053
f 1064/1064 3598/3598 2267/2267
f 2267/2267 4407/4407 1064/1064
f 1471/1471 1064/1064 2753/2753
f 1471/1471 3598/3598 1064/1064
f 3379/3379 4809/4809 3227/3227
f 1064/1064 4407/4407 2753/2753
f 4407/4407 1470/1470 2753/2753
f 1470/1470 3227/3227 2753/2753
f 144/144 3227/3227 1470/1470
f 144/144 3379/3379 3227/3227
f 136/136 3379/3379 144/144
f 136/136 144/144 2752/2752
f 3812/3812 2908/2908 1566/1566
f 3812/3812 4232/4232 2908/2908
f 847/847 1053/1053 2300/2300
f 4232/4232 847/847 2300/2300
f 2003/2003 4232/4232 3812/3812
f 2003/2003 847/847 4232/4232
f 1053/1053 847/847 2003/2003
f 1566/1566 3316/3316 3812/3812
f 1053/1053 2003/2003 1933/1933
f 2003/2003 3812/3812 1933/1933
f 3421/3421 2700/2700 1053/1053
f 4791/4791 1053/1053 1933/1933
f 4791/4791 3421/3421 1053/1053
f 1420/1420 3421/3421 4791/4791
f 3316/3316 1933/1933 3812/3812
f 4137/4137 1933/1933 3316/3316
f 2494/2494 3316/3316 581/581
f 902/902 4791/4791 1933/1933
f 4791/4791 902/902 1420/1420
f 4137/4137 902/902 1933/1933
f 1344/1344 902/902 4137/4137
f 2494/2494 4137/4137 3316/3316
f 2951/2951 4137/4137 2494/2494
f 2951/2951 1344/1344 4137/4137
f 2469/2469 902/902 1344/1344
f 2469/2469 1420/1420 902/902
f 4679/4679 769/769 2469/2469
f 2469/2469 769/769 1420/1420
f 2065/2065 918/918 769/769
f 3421/3421 2031/2031 2700/2700
f 2701/2701 2032/2032 561/561
f 2820/2820 2031/2031 3421/3421
f 1420/1420 2820/2820 3421/3421
f 769/769 3437/3437 1420/1420
f 1477/1477 2031/2031 4711/4711
f 4711/4711 1341/1341 1352/1352
f 2455/2455 793/793 1341/1341
f 3583/3583 1341/1341 4711/4711
f 2820/2820 4711/4711 2031/2031
f 2820/2820 3583/3583 4711/4711
f 3583/3583 1710/1710 1341/1341
f 1641/1641 1710/1710 3583/3583
f 4524/4524 2778/2778 3554/3554
f 2778/2778 2455/2455 1341/1341
f 2778/2778 1341/1341 1710/1710
f 1641/1641 2778/2778 1710/1710
f 4352/4352 3554/3554 2778/2778
f 4352/4352 2648/2648 3554/3554
f 3554/3554 3745/3745 2714/2714
f 2648/2648 3745/3745 3554/3554
f 3745/3745 2648/2648 4050/4050
f 2778/2778 1641/1641 4352/4352
f 4352/4352 1641/1641 4231/4231
f 2313/2313 2648/2648 4352/4352
f 4231/4231 2313/2313 4352/4352
f 1782/1782 2313/2313 4231/4231
f 2345/2345 3583/3583 2820/2820
f 3437/3437 2820/2820 1420/1420
f 2820/2820 3437/3437 2345/2345
f 1450/1450 1641/1641 3583/3583
f 2345/2345 1450/1450 3583/3583
f 918/918 2345/2345 3437/3437
f 918/918 3437/3437 769/769
f 4397/4397 2345/2345 918/918
f 1641/1641 1450/1450 4231/4231
f 1450/1450 2177/2177 4231/4231
f 2522/2522 1782/1782 4267/4267
f 4267/4267 1782/1782 4231/4231
f 2177/2177 1450/1450 3524/3524
f 3524/3524 1450/1450 2345/2345
f 4231/4231 2177/2177 4267/4267
f 4397/4397 3524/3524 2345/2345
f 131/131 2177/2177 3524/3524
f 4267/4267 2177/2177 553/553
f 131/131 553/553 2177/2177
f 4679/4679 2469/2469 1344/1344
f 4679/4679 1344/1344 2951/2951
f 1892/1892 4679/4679 2951/2951
f 2494/2494 1892/1892 2951/2951
f 3450/3450 4679/4679 1892/1892
f 1237/1237 2494/2494 581/581
f 207/207 2494/2494 1237/1237
f 1892/1892 2494/2494 207/207
f 4503/4503 1237/1237 4809/4809
f 4503/4503 3893/3893 1237/1237
f 2493/2493 207/207 1237/1237
f 3893/3893 2493/2493 1237/1237
f 2065/2065 769/769 4679/4679
f 3450/3450 2065/2065 4679/4679
f 1892/1892 207/207 1004/1004
f 1004/1004 3450/3450 1892/1892
f 3476/3476 3450/3450 1004/1004
f 3476/3476 2065/2065 3450/3450
f 4214/4214 1004/1004 207/207
f 4214/4214 3476/3476 1004/1004
f 4214/4214 953/953 3476/3476
f 3893/3893 925/925 2493/2493
f 4214/4214 207/207 2493/2493
f 2493/2493 4045/4045 4214/4214
f 953/953 4214/4214 4045/4045
f 1096/1096 953/953 4045/4045
f 4045/4045 2618/2618 1096/1096
f 4045/4045 2610/2610 2618/2618
f 2610/2610 173/173 2618/2618
f 2610/2610 4045/4045 2493/2493
f 2610/2610 2493/2493 925/925
f 2610/2610 925/925 2777/2777
f 2777/2777 173/173 2610/2610
f 2524/2524 173/173 1848/1848
f 2777/2777 1848/1848 173/173
f 4024/4024 3524/3524 4397/4397
f 4024/4024 131/131 3524/3524
f 4024/4024 4397/4397 2065/2065
f 4024/4024 2030/2030 131/131
f 2030/2030 553/553 131/131
f 2030/2030 4024/4024 1137/1137
f 1137/1137 4024/4024 2524/2524
f 4050/4050 1832/1832 3745/3745
f 2538/2538 2313/2313 1782/1782
f 371/371 2960/2960 2538/2538
f 2313/2313 2538/2538 2648/2648
f 4050/4050 2648/2648 2538/2538
f 4050/4050 2538/2538 4590/4590
f 4590/4590 2538/2538 2960/2960
f 4510/4510 4590/4590 2960/2960
f 1030/1030 1720/1720 4510/4510
f 3485/3485 1720/1720 1030/1030
f 3104/3104 3095/3095 1720/1720
f 3104/3104 1720/1720 3485/3485
f 4050/4050 3837/3837 1832/1832
f 462/462 3160/3160 3837/3837
f 3837/3837 4590/4590 462/462
f 3837/3837 4050/4050 4590/4590
f 3095/3095 1029/1029 2236/2236
f 3095/3095 2236/2236 106/106
f 106/106 1720/1720 3095/3095
f 4510/4510 462/462 4590/4590
f 1720/1720 106/106 462/462
f 1720/1720 462/462 4510/4510
f 3160/3160 462/462 106/106
f 2522/2522 2538/2538 1782/1782
f 2522/2522 371/371 2538/2538
f 2522/2522 342/342 2767/2767
f 342/342 2522/2522 4267/4267
f 4576/4576 371/371 2522/2522
f 2767/2767 4576/4576 2522/2522
f 371/371 4576/4576 1534/1534
f 446/446 1534/1534 4576/4576
f 446/446 4576/4576 2767/2767
f 2960/2960 371/371 2927/2927
f 553/553 342/342 4267/4267
f 342/342 553/553 440/440
f 440/440 2767/2767 342/342
f 2066/2066 446/446 2767/2767
f 2767/2767 1688/1688 2066/2066
f 2767/2767 440/440 1688/1688
f 1534/1534 2927/2927 371/371
f 2599/2599 2927/2927 1534/1534
f 3694/3694 2599/2599 1534/1534
f 1534/1534 446/446 3694/3694
f 2927/2927 4510/4510 2960/2960
f 4510/4510 2927/2927 1030/1030
f 1030/1030 2927/2927 3485/3485
f 2599/2599 3485/3485 2927/2927
f 3485/3485 2599/2599 3712/3712
f 3712/3712 3104/3104 3485/3485
f 3694/3694 3712/3712 2599/2599
f 2066/2066 1688/1688 446/446
f 2064/2064 446/446 1688/1688
f 2064/2064 3694/3694 446/446
f 935/935 2064/2064 1688/1688
f 2064/2064 3712/3712 3694/3694
f 2064/2064 2453/2453 3712/3712
f 935/935 4117/4117 2064/2064
f 2813/2813 3104/3104 3712/3712
f 4117/4117 2453/2453 2064/2064
f 4117/4117 1977/1977 2453/2453
f 153/153 1977/1977 4117/4117
f 153/153 4117/4117 935/935
f 3725/3725 2236/2236 1029/1029
f 1029/1029 4562/4562 3725/3725
f 4256/4256 4562/4562 1029/1029
f 4562/4562 3302/3302 3725/3725
f 570/570 3302/3302 4562/4562
f 4562/4562 4256/4256 570/570
f 1104/1104 570/570 1405/1405
f 2813/2813 1029/1029 3095/3095
f 4256/4256 1029/1029 2813/2813
f 3104/3104 2813/2813 3095/3095
f 3670/3670 4256/4256 2813/2813
f 2453/2453 3670/3670 2813/2813
f 3670/3670 570/570 4256/4256
f 1405/1405 570/570 3670/3670
f 2149/2149 1104/1104 1405/1405
f 2866/2866 2149/2149 1405/1405
f 2143/2143 2149/2149 2866/2866
f 2453/2453 2813/2813 3712/3712
f 1977/1977 3670/3670 2453/2453
f 1405/1405 3670/3670 1977/1977
f 1638/1638 1405/1405 1977/1977
f 1405/1405 1638/1638 2866/2866
f 1575/1575 2866/2866 1638/1638
f 2866/2866 1575/1575 4279/4279
f 3491/3491 1977/1977 153/153
f 153/153 386/386 3491/3491
f 3491/3491 386/386 2438/2438
f 3491/3491 1638/1638 1977/1977
f 1638/1638 3491/3491 2438/2438
f 1575/1575 1638/1638 2438/2438
f 4279/4279 2143/2143 2866/2866
f 4279/4279 875/875 2143/2143
f 4689/4689 875/875 4279/4279
f 4689/4689 3508/3508 875/875
f 1848/1848 2148/2148 2524/2524
f 1848/1848 2777/2777 602/602
f 925/925 602/602 2777/2777
f 602/602 2148/2148 1848/1848
f 4681/4681 2148/2148 602/602
f 2148/2148 2454/2454 3622/3622
f 2454/2454 2916/2916 3622/3622
f 4681/4681 2454/2454 2148/2148
f 2077/2077 2454/2454 4681/4681
f 1355/1355 2916/2916 2454/2454
f 2916/2916 1355/1355 3085/3085
f 3085/3085 256/256 2916/2916
f 2077/2077 2526/2526 2454/2454
f 1918/1918 2526/2526 2077/2077
f 1355/1355 2454/2454 2526/2526
f 2526/2526 3085/3085 1355/1355
f 3085/3085 2526/2526 679/679
f 1918/1918 679/679 2526/2526
f 3085/3085 1258/1258 256/256
f 679/679 1258/1258 3085/3085
f 1137/1137 4806/4806 2030/2030
f 2644/2644 4806/4806 1137/1137
f 440/440 553/553 2030/2030
f 4806/4806 440/440 2030/2030
f 4806/4806 1688/1688 440/440
f 146/146 1688/1688 4806/4806
f 2644/2644 146/146 4806/4806
f 1230/1230 146/146 2644/2644
f 935/935 1688/1688 146/146
f 935/935 146/146 659/659
f 382/382 935/935 659/659
f 659/659 146/146 1230/1230
f 3942/3942 382/382 659/659
f 382/382 153/153 935/935
f 382/382 386/386 153/153
f 1230/1230 2644/2644 3622/3622
f 3622/3622 659/659 1230/1230
f 3942/3942 659/659 3622/3622
f 3942/3942 3622/3622 4747/4747
f 4747/4747 917/917 3942/3942
f 2916/2916 4747/4747 3622/3622
f 256/256 4447/4447 2916/2916
f 4747/4747 2916/2916 4447/4447
f 3152/3152 1254/1254 382/382
f 3152/3152 382/382 3942/3942
f 707/707 2193/2193 3152/3152
f 3152/3152 2193/2193 1254/1254
f 3105/3105 2926/2926 3182/3182
f 2926/2926 3105/3105 4684/4684
f 2193/2193 3182/3182 2926/2926
f 4684/4684 2537/2537 2926/2926
f 3177/3177 2537/2537 4684/4684
f 2537/2537 3177/3177 300/300
f 1254/1254 2438/2438 386/386
f 1254/1254 386/386 382/382
f 2193/2193 2438/2438 1254/1254
f 37/37 2926/2926 2651/2651
f 3713/3713 4689/4689 2651/2651
f 2537/2537 3713/3713 2926/2926
f 2537/2537 4745/4745 3713/3713
f 2651/2651 2926/2926 3713/3713
f 37/37 2193/2193 2926/2926
f 1258/1258 4685/4685 4447/4447
f 4450/4450 3182/3182 1274/1274
f 4685/4685 1258/1258 3616/3616
f 3616/3616 529/529 4685/4685
f 4685/4685 4450/4450 1274/1274
f 4447/4447 4685/4685 1274/1274
f 529/529 4450/4450 4685/4685
f 3942/3942 917/917 3152/3152
f 1274/1274 707/707 917/917
f 707/707 3152/3152 917/917
f 4447/4447 917/917 4747/4747
f 4447/4447 1274/1274 917/917
f 1274/1274 3182/3182 707/707
f 2193/2193 707/707 3182/3182
f 4447/4447 256/256 1258/1258
f 679/679 3616/3616 1258/1258
f 1155/1155 3616/3616 679/679
f 1155/1155 1883/1883 3616/3616
f 3177/3177 3105/3105 4450/4450
f 4450/4450 529/529 3616/3616
f 3616/3616 3177/3177 4450/4450
f 4450/4450 3105/3105 3182/3182
f 3177/3177 4684/4684 3105/3105
f 1883/1883 3177/3177 3616/3616
f 3161/3161 1883/1883 1155/1155
f 1883/1883 300/300 3177/3177
f 3161/3161 300/300 1883/1883
f 3379/3379 136/136 4503/4503
f 2921/2921 4026/4026 4503/4503
f 136/136 2921/2921 4503/4503
f 2752/2752 2921/2921 136/136
f 2187/2187 2663/2663 2921/2921
f 860/860 2187/2187 2752/2752
f 2187/2187 3677/3677 2663/2663
f 3726/3726 3677/3677 2187/2187
f 2502/2502 4792/4792 2187/2187
f 4792/4792 3726/3726 2187/2187
f 981/981 3677/3677 3726/3726
f 4792/4792 981/981 3726/3726
f 4792/4792 3957/3957 981/981
f 62/62 531/531 3533/3533
f 2748/2748 531/531 62/62
f 2748/2748 62/62 4261/4261
f 2748/2748 4404/4404 531/531
f 1205/1205 2748/2748 4261/4261
f 531/531 2082/2082 3533/3533
f 1445/1445 531/531 4404/4404
f 2082/2082 531/531 1445/1445
f 3533/3533 749/749 3765/3765
f 749/749 3533/3533 2082/2082
f 749/749 4662/4662 3765/3765
f 601/601 3765/3765 4560/4560
f 4560/4560 3765/3765 4662/4662
f 569/569 2385/2385 4560/4560
f 2385/2385 601/601 4560/4560
f 3533/3533 3852/3852 62/62
f 3765/3765 3852/3852 3533/3533
f 62/62 3852/3852 4261/4261
f 3079/3079 4261/4261 3852/3852
f 601/601 3852/3852 3765/3765
f 863/863 3852/3852 601/601
f 863/863 3079/3079 3852/3852
f 887/887 863/863 601/601
f 4261/4261 3079/3079 1149/1149
f 296/296 3853/3853 771/771
f 771/771 3853/3853 3273/3273
f 4404/4404 2748/2748 1205/1205
f 1205/1205 2158/2158 4404/4404
f 2854/2854 2158/2158 1205/1205
f 4404/4404 296/296 1445/1445
f 296/296 4404/4404 2158/2158
f 296/296 771/771 1445/1445
f 296/296 2158/2158 3853/3853
f 3234/3234 771/771 3273/3273
f 3273/3273 893/893 3234/3234
f 1904/1904 893/893 3273/3273
f 3273/3273 3853/3853 1904/1904
f 3853/3853 2158/2158 2854/2854
f 2854/2854 1904/1904 3853/3853
f 1149/1149 1205/1205 4261/4261
f 1149/1149 2854/2854 1205/1205
f 1916/1916 2854/2854 1149/1149
f 3983/3983 504/504 3660/3660
f 3661/3661 3660/3660 504/504
f 2333/2333 3983/3983 3660/3660
f 2333/2333 3660/3660 4277/4277
f 4277/4277 3660/3660 2391/2391
f 1113/1113 2333/2333 4277/4277
f 414/414 1696/1696 3661/3661
f 3445/3445 3661/3661 3041/3041
f 2391/2391 3660/3660 3661/3661
f 2391/2391 3661/3661 3445/3445
f 3445/3445 4583/4583 2391/2391
f 4583/4583 3445/3445 1402/1402
f 4277/4277 2391/2391 4583/4583
f 4583/4583 1402/1402 4277/4277
f 1402/1402 1547/1547 4277/4277
f 1696/1696 3041/3041 3661/3661
f 1234/1234 3079/3079 1744/1744
f 1210/1210 1234/1234 1744/1744
f 887/887 601/601 2385/2385
f 3780/3780 887/887 2385/2385
f 2385/2385 2458/2458 3780/3780
f 1744/1744 863/863 887/887
f 1744/1744 3079/3079 863/863
f 1644/1644 1744/1744 887/887
f 1644/1644 887/887 3780/3780
f 1210/1210 1744/1744 1644/1644
f 2514/2514 1210/1210 1644/1644
f 1644/1644 3420/3420 2514/2514
f 3420/3420 1644/1644 3780/3780
f 3420/3420 3780/3780 2458/2458
f 4522/4522 1234/1234 1210/1210
f 2514/2514 4522/4522 1210/1210
f 303/303 1402/1402 3281/3281
f 1547/1547 1402/1402 91/91
f 91/91 1402/1402 303/303
f 303/303 4522/4522 2514/2514
f 91/91 303/303 2514/2514
f 303/303 3281/3281 4522/4522
f 1113/1113 3420/3420 3602/3602
f 2514/2514 3420/3420 91/91
f 3420/3420 1113/1113 91/91
f 1234/1234 1149/1149 3079/3079
f 4086/4086 1149/1149 1234/1234
f 4125/4125 3466/3466 4086/4086
f 605/605 4125/4125 4086/4086
f 1149/1149 4086/4086 1916/1916
f 3466/3466 1916/1916 4086/4086
f 3041/3041 1696/1696 736/736
f 736/736 2449/2449 3041/3041
f 1372/1372 4086/4086 1234/1234
f 3136/3136 1372/1372 1234/1234
f 1234/1234 4522/4522 3136/3136
f 3281/3281 3136/3136 4522/4522
f 3136/3136 3281/3281 2449/2449
f 2449/2449 1372/1372 3136/3136
f 2449/2449 605/605 1372/1372
f 1372/1372 605/605 4086/4086
f 736/736 605/605 2449/2449
f 2295/2295 1402/1402 3445/3445
f 2295/2295 3445/3445 3041/3041
f 2295/2295 3281/3281 1402/1402
f 3281/3281 2295/2295 2449/2449
f 2449/2449 2295/2295 3041/3041
f 736/736 1696/1696 1353/1353
f 4125/4125 605/605 736/736
f 3702/3702 736/736 1353/1353
f 4125/4125 736/736 3702/3702
f 3379/3379 4503/4503 4809/4809
f 3893/3893 4503/4503 4026/4026
f 3894/3894 925/925 3893/3893
f 925/925 3894/3894 2993/2993
f 2993/2993 3894/3894 1460/1460
f 4026/4026 3894/3894 3893/3893
f 869/869 1143/1143 3894/3894
f 4026/4026 869/869 3894/3894
f 1143/1143 869/869 2339/2339
f 1143/1143 2339/2339 260/260
f 1143/1143 1460/1460 3894/3894
f 2663/2663 4026/4026 2921/2921
f 4026/4026 2663/2663 3677/3677
f 3750/3750 4026/4026 3677/3677
f 981/981 3750/3750 3677/3677
f 3750/3750 869/869 4026/4026
f 1664/1664 2339/2339 3750/3750
f 3750/3750 2339/2339 869/869
f 260/260 2339/2339 1664/1664
f 3750/3750 981/981 3957/3957
f 3750/3750 3957/3957 1664/1664
f 263/263 2082/2082 3820/3820
f 3820/3820 2082/2082 1445/1445
f 3046/3046 263/263 3820/3820
f 4681/4681 602/602 925/925
f 4017/4017 4681/4681 925/925
f 4017/4017 2077/2077 4681/4681
f 4017/4017 925/925 2993/2993
f 2077/2077 4017/4017 1918/1918
f 2110/2110 1918/1918 4017/4017
f 1073/1073 4017/4017 2993/2993
f 2110/2110 4017/4017 1073/1073
f 2110/2110 1073/1073 1822/1822
f 749/749 2082/2082 263/263
f 4662/4662 749/749 263/263
f 263/263 2782/2782 4662/4662
f 2782/2782 263/263 656/656
f 263/263 2023/2023 656/656
f 569/569 4560/4560 4662/4662
f 569/569 4662/4662 549/549
f 549/549 4662/4662 2782/2782
f 348/348 569/569 549/549
f 260/260 3423/3423 1143/1143
f 673/673 3240/3240 260/260
f 348/348 549/549 673/673
f 673/673 549/549 3240/3240
f 2023/2023 263/263 3046/3046
f 771/771 3234/3234 4633/4633
f 1445/1445 771/771 3820/3820
f 4633/4633 3820/3820 771/771
f 893/893 1926/1926 3234/3234
f 2110/2110 679/679 1918/1918
f 679/679 2110/2110 1155/1155
f 2110/2110 1822/1822 367/367
f 1155/1155 2110/2110 367/367
f 3161/3161 1155/1155 367/367
f 3597/3597 3161/3161 367/367
f 1822/1822 3597/3597 367/367
f 2814/2814 3161/3161 3597/3597
f 2385/2385 569/569 4476/4476
f 348/348 4476/4476 569/569
f 348/348 3766/3766 4476/4476
f 1664/1664 673/673 260/260
f 3766/3766 673/673 1664/1664
f 348/348 673/673 3766/3766
f 2458/2458 2385/2385 4476/4476
f 3766/3766 2458/2458 4476/4476
f 829/829 2458/2458 3766/3766
f 829/829 3766/3766 1664/1664
f 2976/2976 2458/2458 829/829
f 3957/3957 2559/2559 1664/1664
f 1664/1664 2559/2559 829/829
f 3259/3259 829/829 2559/2559
f 3259/3259 2976/2976 829/829
f 1175/1175 933/933 2223/2223
f 933/933 1176/1176 8/8
f 8/8 453/453 933/933
f 933/933 888/888 2223/2223
f 888/888 933/933 1396/1396
f 1396/1396 453/453 3708/3708
f 1259/1259 1396/1396 3708/3708
f 3708/3708 453/453 3778/3778
f 1259/1259 3708/3708 4176/4176
f 888/888 1396/1396 882/882
f 3178/3178 888/888 882/882
f 882/882 1259/1259 2837/2837
f 1165/1165 882/882 2837/2837
f 2484/2484 882/882 1165/1165
f 523/523 2223/2223 888/888
f 322/322 523/523 2228/2228
f 322/322 2228/2228 170/170
f 3552/3552 170/170 2228/2228
f 523/523 888/888 3911/3911
f 2228/2228 523/523 3911/3911
f 3911/3911 888/888 3178/3178
f 4573/4573 2228/2228 3911/3911
f 3552/3552 2228/2228 4573/4573
f 4573/4573 3911/3911 3178/3178
f 3552/3552 1562/1562 4687/4687
f 1562/1562 3552/3552 1555/1555
f 1555/1555 3552/3552 4573/4573
f 1555/1555 4573/4573 4297/4297
f 1555/1555 2846/2846 1562/1562
f 1555/1555 4297/4297 2846/2846
f 2628/2628 3178/3178 882/882
f 3178/3178 2628/2628 4573/4573
f 2628/2628 4297/4297 4573/4573
f 2628/2628 882/882 2484/2484
f 4707/4707 4297/4297 2628/2628
f 2846/2846 4297/4297 4707/4707
f 2628/2628 2484/2484 4707/4707
f 4707/4707 2484/2484 634/634
f 4176/4176 3013/3013 2098/2098
f 1259/1259 4176/4176 2068/2068
f 2068/2068 4176/4176 2098/2098
f 2837/2837 1259/1259 2068/2068
f 3260/3260 2068/2068 2098/2098
f 2837/2837 2068/2068 3260/3260
f 1508/1508 3260/3260 2098/2098
f 2773/2773 3260/3260 1508/1508
f 670/670 2837/2837 3260/3260
f 530/530 1165/1165 2837/2837
f 2484/2484 1165/1165 530/530
f 274/274 2484/2484 530/530
f 634/634 2484/2484 274/274
f 2061/2061 274/274 530/530
f 670/670 3260/3260 3863/3863
f 3863/3863 3260/3260 2766/2766
f 201/201 3863/3863 2766/2766
f 2061/2061 670/670 3916/3916
f 3916/3916 670/670 3863/3863
f 3916/3916 3863/3863 201/201
f 201/201 2014/2014 4237/4237
f 577/577 1273/1273 1745/1745
f 1365/1365 2166/2166 3295/3295
f 2166/2166 1365/1365 199/199
f 199/199 1745/1745 2166/2166
f 3492/3492 199/199 1365/1365
f 1365/1365 4740/4740 4586/4586
f 1365/1365 4586/4586 3492/3492
f 3267/3267 4740/4740 1271/1271
f 1271/1271 1436/1436 3267/3267
f 3267/3267 1436/1436 350/350
f 1134/1134 3267/3267 350/350
f 3267/3267 4586/4586 4740/4740
f 4470/4470 4586/4586 3267/3267
f 1134/1134 4470/4470 3267/3267
f 199/199 3127/3127 1745/1745
f 1745/1745 3127/3127 577/577
f 3127/3127 199/199 3492/3492
f 3127/3127 2693/2693 577/577
f 31/31 3127/3127 3492/3492
f 31/31 2693/2693 3127/3127
f 31/31 3492/3492 2377/2377
f 3492/3492 4586/4586 2377/2377
f 4470/4470 2377/2377 4586/4586
f 350/350 1436/1436 2699/2699
f 4336/4336 1134/1134 350/350
f 1448/1448 3788/3788 2699/2699
f 3788/3788 350/350 2699/2699
f 4336/4336 350/350 3788/3788
f 3788/3788 1448/1448 2099/2099
f 4048/4048 2099/2099 1448/1448
f 4139/4139 4470/4470 1134/1134
f 4139/4139 1134/1134 4336/4336
f 2099/2099 4336/4336 3788/3788
f 4336/4336 2099/2099 4224/4224
f 3865/3865 4224/4224 2099/2099
f 2099/2099 4048/4048 3865/3865
f 3743/3743 3013/3013 1117/1117
f 577/577 3743/3743 1117/1117
f 3013/3013 4741/4741 2098/2098
f 1508/1508 2098/2098 4741/4741
f 4741/4741 3013/3013 3743/3743
f 3743/3743 577/577 2351/2351
f 3743/3743 2351/2351 4741/4741
f 1508/1508 4741/4741 4746/4746
f 4746/4746 4741/4741 2051/2051
f 4741/4741 3696/3696 2051/2051
f 3225/3225 2773/2773 1508/1508
f 1508/1508 4746/4746 3225/3225
f 2051/2051 1458/1458 4746/4746
f 4746/4746 1458/1458 3225/3225
f 3225/3225 1458/1458 2785/2785
f 584/584 2785/2785 1458/1458
f 966/966 2785/2785 584/584
f 2051/2051 584/584 1458/1458
f 966/966 584/584 1944/1944
f 1335/1335 2785/2785 2535/2535
f 1335/1335 2535/2535 4252/4252
f 966/966 2535/2535 2785/2785
f 966/966 4252/4252 2535/2535
f 2693/2693 2351/2351 577/577
f 4741/4741 2351/2351 3696/3696
f 3696/3696 2351/2351 2693/2693
f 2693/2693 3043/3043 3696/3696
f 4274/4274 2693/2693 31/31
f 3308/3308 3233/3233 584/584
f 2389/2389 2051/2051 3696/3696
f 2389/2389 3308/3308 2051/2051
f 2051/2051 3308/3308 584/584
f 3308/3308 2389/2389 1474/1474
f 3233/3233 3308/3308 1474/1474
f 3233/3233 1944/1944 584/584
f 3233/3233 484/484 1944/1944
f 1474/1474 3823/3823 3233/3233
f 1474/1474 1546/1546 3823/3823
f 484/484 3233/3233 3471/3471
f 3823/3823 3471/3471 3233/3233
f 2766/2766 3260/3260 2773/2773
f 3225/3225 2766/2766 2773/2773
f 3225/3225 1299/1299 2766/2766
f 2785/2785 1299/1299 3225/3225
f 1299/1299 2785/2785 1335/1335
f 2014/2014 2766/2766 1299/1299
f 201/201 2766/2766 2014/2014
f 1335/1335 2014/2014 1299/1299
f 1557/1557 2014/2014 1335/1335
f 4237/4237 2014/2014 4184/4184
f 4184/4184 2014/2014 1557/1557
f 2389/2389 3696/3696 4494/4494
f 4274/4274 3043/3043 2693/2693
f 1015/1015 3043/3043 4274/4274
f 4494/4494 3696/3696 3043/3043
f 3043/3043 1015/1015 4494/4494
f 2801/2801 4494/4494 1015/1015
f 4494/4494 2801/2801 4768/4768
f 2389/2389 4494/4494 1474/1474
f 4768/4768 1546/1546 1474/1474
f 4494/4494 4768/4768 1474/1474
f 2601/2601 2545/2545 1406/1406
f 2545/2545 2601/2601 649/649
f 1406/1406 2545/2545 3623/3623
f 1406/1406 3623/3623 2423/2423
f 3623/3623 2545/2545 3633/3633
f 649/649 3633/3633 2545/2545
f 4687/4687 2601/2601 1406/1406
f 2601/2601 4687/4687 1562/1562
f 649/649 2601/2601 1562/1562
f 1562/1562 2659/2659 649/649
f 2659/2659 1562/1562 2846/2846
f 4707/4707 634/634 2846/2846
f 2659/2659 2846/2846 634/634
f 4025/4025 649/649 2659/2659
f 3633/3633 649/649 4025/4025
f 2703/2703 3633/3633 4025/4025
f 4025/4025 2659/2659 2530/2530
f 2530/2530 2659/2659 634/634
f 3327/3327 2530/2530 634/634
f 3623/3623 4619/4619 4546/4546
f 3623/3623 4298/4298 4619/4619
f 3633/3633 1852/1852 3623/3623
f 2703/2703 1852/1852 3633/3633
f 4298/4298 3623/3623 1852/1852
f 1970/1970 4546/4546 4619/4619
f 171/171 4619/4619 4298/4298
f 3078/3078 1970/1970 4619/4619
f 3078/3078 4619/4619 171/171
f 171/171 4298/4298 1050/1050
f 1050/1050 1852/1852 2703/2703
f 1050/1050 4298/4298 1852/1852
f 3614/3614 2703/2703 2660/2660
f 3614/3614 1050/1050 2703/2703
f 2660/2660 1006/1006 3614/3614
f 3934/3934 3970/3970 3001/3001
f 2660/2660 2703/2703 4025/4025
f 1006/1006 4025/4025 2530/2530
f 1006/1006 2530/2530 3327/3327
f 1006/1006 2660/2660 4025/4025
f 3001/3001 1006/1006 3327/3327
f 3970/3970 1006/1006 3001/3001
f 3614/3614 1006/1006 3970/3970
f 2061/2061 628/628 274/274
f 3327/3327 634/634 846/846
f 634/634 274/274 628/628
f 628/628 846/846 634/634
f 548/548 846/846 628/628
f 178/178 2061/2061 3916/3916
f 524/524 201/201 4237/4237
f 524/524 1295/1295 201/201
f 2061/2061 178/178 628/628
f 1295/1295 178/178 3916/3916
f 178/178 2705/2705 628/628
f 1295/1295 3916/3916 201/201
f 178/178 1295/1295 302/302
f 302/302 1295/1295 524/524
f 3001/3001 548/548 3934/3934
f 548/548 2705/2705 3784/3784
f 3934/3934 548/548 3784/3784
f 179/179 1378/1378 3784/3784
f 3001/3001 846/846 548/548
f 3001/3001 3327/3327 846/846
f 628/628 2705/2705 548/548
f 2705/2705 178/178 179/179
f 3784/3784 2705/2705 179/179
f 179/179 178/178 302/302
f 4196/4196 179/179 302/302
f 1378/1378 179/179 4196/4196
f 1448/1448 1920/1920 4048/4048
f 4048/4048 1920/1920 1544/1544
f 4315/4315 3277/3277 1544/1544
f 4048/4048 1544/1544 3277/3277
f 3277/3277 3865/3865 4048/4048
f 1944/1944 1541/1541 966/966
f 4252/4252 966/966 1541/1541
f 4252/4252 1541/1541 4551/4551
f 962/962 4252/4252 4551/4551
f 484/484 4617/4617 1944/1944
f 2877/2877 1541/1541 1944/1944
f 1541/1541 2877/2877 1168/1168
f 2877/2877 1944/1944 4617/4617
f 484/484 3471/3471 4617/4617
f 2818/2818 4617/4617 3471/3471
f 1168/1168 4551/4551 1541/1541
f 2877/2877 252/252 1168/1168
f 1324/1324 1168/1168 252/252
f 2877/2877 1011/1011 252/252
f 2877/2877 4617/4617 1011/1011
f 3190/3190 1011/1011 4617/4617
f 252/252 1011/1011 4625/4625
f 1324/1324 252/252 2733/2733
f 4551/4551 1168/1168 1324/1324
f 4252/4252 434/434 1335/1335
f 4252/4252 962/962 434/434
f 1557/1557 1335/1335 434/434
f 4237/4237 4184/4184 2682/2682
f 2682/2682 4184/4184 1557/1557
f 2682/2682 1557/1557 434/434
f 4551/4551 1324/1324 1871/1871
f 4238/4238 434/434 962/962
f 962/962 4551/4551 1871/1871
f 252/252 4625/4625 2733/2733
f 1324/1324 2733/2733 3282/3282
f 3282/3282 2733/2733 374/374
f 3282/3282 374/374 2770/2770
f 1871/1871 1324/1324 307/307
f 3282/3282 307/307 1324/1324
f 307/307 3282/3282 2094/2094
f 2094/2094 3282/3282 2770/2770
f 3891/3891 524/524 4237/4237
f 1375/1375 524/524 3891/3891
f 302/302 524/524 1375/1375
f 1375/1375 4196/4196 302/302
f 2774/2774 4196/4196 1591/1591
f 1591/1591 4196/4196 1375/1375
f 1591/1591 1375/1375 1382/1382
f 4238/4238 4067/4067 1382/1382
f 4074/4074 4067/4067 4238/4238
f 3482/3482 4237/4237 2682/2682
f 3891/3891 4237/4237 3482/3482
f 4238/4238 2682/2682 434/434
f 3482/3482 2682/2682 4238/4238
f 1382/1382 3891/3891 3482/3482
f 1375/1375 3891/3891 1382/1382
f 1382/1382 3482/3482 4238/4238
f 4074/4074 4238/4238 962/962
f 4074/4074 962/962 1871/1871
f 4074/4074 1871/1871 4056/4056
f 4056/4056 1871/1871 490/490
f 307/307 490/490 1871/1871
f 490/490 307/307 3885/3885
f 3885/3885 307/307 2094/2094
f 3885/3885 2094/2094 2101/2101
f 2770/2770 2101/2101 2094/2094
f 2101/2101 2770/2770 4194/4194
f 4021/4021 2101/2101 4194/4194
f 4056/4056 4067/4067 4074/4074
f 4508/4508 4253/4253 1576/1576
f 4253/4253 4508/4508 1661/1661
f 4508/4508 1558/1558 1661/1661
f 1558/1558 4508/4508 2251/2251
f 3313/3313 1558/1558 2251/2251
f 3313/3313 2251/2251 648/648
f 2011/2011 3580/3580 4508/4508
f 3580/3580 2251/2251 4508/4508
f 648/648 2251/2251 3580/3580
f 4683/4683 3580/3580 2011/2011
f 3471/3471 3823/3823 21/21
f 3471/3471 21/21 1454/1454
f 1124/1124 4768/4768 2801/2801
f 611/611 1124/1124 2801/2801
f 611/611 3289/3289 1124/1124
f 3328/3328 952/952 3289/3289
f 3328/3328 611/611 4119/4119
f 3289/3289 611/611 3328/3328
f 4676/4676 3328/3328 3313/3313
f 3851/3851 21/21 1546/1546
f 1546/1546 21/21 3823/3823
f 1124/1124 1546/1546 4768/4768
f 1124/1124 3851/3851 1546/1546
f 21/21 3851/3851 1780/1780
f 3289/3289 3851/3851 1124/1124
f 952/952 3851/3851 3289/3289
f 24/24 1780/1780 3851/3851
f 24/24 3851/3851 952/952
f 853/853 1780/1780 24/24
f 853/853 2853/2853 1780/1780
f 648/648 853/853 4676/4676
f 3328/3328 4676/4676 952/952
f 952/952 4676/4676 24/24
f 24/24 4676/4676 853/853
f 3580/3580 853/853 648/648
f 3313/3313 648/648 4676/4676
f 3580/3580 2853/2853 853/853
f 3580/3580 4683/4683 2853/2853
f 2853/2853 1454/1454 21/21
f 2853/2853 21/21 1780/1780
f 1454/1454 2853/2853 3599/3599
f 4683/4683 3599/3599 2853/2853
f 2011/2011 1576/1576 4341/4341
f 4341/4341 121/121 2011/2011
f 1576/1576 2011/2011 4508/4508
f 4222/4222 2011/2011 121/121
f 4683/4683 2011/2011 4222/4222
f 1454/1454 2818/2818 3471/3471
f 2818/2818 3190/3190 4617/4617
f 4625/4625 1011/1011 3190/3190
f 2421/2421 3190/3190 2818/2818
f 1454/1454 3599/3599 2818/2818
f 3599/3599 2421/2421 2818/2818
f 2733/2733 4625/4625 3119/3119
f 2119/2119 3119/3119 4625/4625
f 2119/2119 4625/4625 3190/3190
f 2733/2733 3119/3119 374/374
f 374/374 3119/3119 3876/3876
f 3119/3119 3174/3174 3876/3876
f 3190/3190 3969/3969 2119/2119
f 2564/2564 3119/3119 2119/2119
f 2119/2119 3969/3969 2564/2564
f 3174/3174 3119/3119 2564/2564
f 3969/3969 1769/1769 2564/2564
f 3174/3174 2564/2564 1706/1706
f 1706/1706 2564/2564 1769/1769
f 3876/3876 2770/2770 374/374
f 3174/3174 3256/3256 3876/3876
f 3256/3256 2770/2770 3876/3876
f 3174/3174 1706/1706 3256/3256
f 1706/1706 3962/3962 3256/3256
f 621/621 3969/3969 3190/3190
f 3190/3190 2421/2421 621/621
f 1706/1706 1769/1769 383/383
f 1769/1769 3969/3969 621/621
f 621/621 4229/4229 1769/1769
f 1769/1769 4229/4229 383/383
f 1706/1706 383/383 276/276
f 3962/3962 1706/1706 276/276
f 3962/3962 276/276 1714/1714
f 1161/1161 276/276 383/383
f 3962/3962 521/521 3256/3256
f 2770/2770 3256/3256 4194/4194
f 3256/3256 521/521 4194/4194
f 608/608 4194/4194 521/521
f 3081/3081 521/521 3962/3962
f 1714/1714 276/276 1161/1161
f 3962/3962 1714/1714 2120/2120
f 2173/2173 2120/2120 1714/1714
f 1746/1746 2421/2421 3599/3599
f 621/621 2421/2421 1746/1746
f 383/383 4229/4229 232/232
f 232/232 1161/1161 383/383
f 4229/4229 621/621 1746/1746
f 232/232 38/38 1161/1161
f 232/232 4229/4229 842/842
f 38/38 232/232 3334/3334
f 1714/1714 1161/1161 38/38
f 3080/3080 38/38 3334/3334
f 3080/3080 3334/3334 3030/3030
f 2173/2173 1714/1714 38/38
f 4229/4229 1746/1746 1370/1370
f 842/842 4229/4229 1370/1370
f 3334/3334 232/232 950/950
f 842/842 950/950 232/232
f 3030/3030 3334/3334 950/950
f 950/950 1311/1311 3030/3030
f 4194/4194 608/608 4021/4021
f 2772/2772 608/608 3187/3187
f 3345/3345 608/608 2772/2772
f 3345/3345 2772/2772 4794/4794
f 3917/3917 3187/3187 2173/2173
f 2173/2173 2697/2697 3917/3917
f 3187/3187 3917/3917 2772/2772
f 2173/2173 1419/1419 2697/2697
f 3917/3917 4794/4794 2772/2772
f 2697/2697 4794/4794 3917/3917
f 2697/2697 1419/1419 4794/4794
f 1419/1419 3097/3097 4794/4794
f 3097/3097 4152/4152 4794/4794
f 1419/1419 2173/2173 4221/4221
f 1419/1419 4221/4221 1830/1830
f 3097/3097 1419/1419 1830/1830
f 4771/4771 1830/1830 873/873
f 873/873 3030/3030 1311/1311
f 686/686 873/873 1311/1311
f 3080/3080 3030/3030 873/873
f 1670/1670 873/873 3250/3250
f 3097/3097 1830/1830 4771/4771
f 3758/3758 4152/4152 3097/3097
f 1670/1670 3250/3250 2384/2384
f 1048/1048 1670/1670 2384/2384
f 873/873 1670/1670 4771/4771
f 3097/3097 4771/4771 1670/1670
f 3758/3758 1670/1670 1048/1048
f 3097/3097 1670/1670 3758/3758
f 1167/1167 3078/3078 171/171
f 171/171 3392/3392 1167/1167
f 2136/2136 3078/3078 4807/4807
f 4807/4807 3078/3078 1167/1167
f 376/376 2136/2136 4807/4807
f 4807/4807 1167/1167 3392/3392
f 3392/3392 171/171 1050/1050
f 3571/3571 1050/1050 3614/3614
f 3392/3392 1050/1050 3571/3571
f 264/264 3392/3392 3571/3571
f 1139/1139 376/376 3140/3140
f 1139/1139 3140/3140 2382/2382
f 4807/4807 3140/3140 376/376
f 3140/3140 4807/4807 4309/4309
f 2075/2075 4233/4233 3140/3140
f 4309/4309 2075/2075 3140/3140
f 3392/3392 264/264 4807/4807
f 4309/4309 4807/4807 264/264
f 3358/3358 3571/3571 3614/3614
f 3358/3358 3614/3614 3970/3970
f 264/264 3571/3571 3358/3358
f 2620/2620 3358/3358 3970/3970
f 2620/2620 3970/3970 3158/3158
f 3970/3970 3934/3934 3158/3158
f 3489/3489 3158/3158 3934/3934
f 3489/3489 2620/2620 3158/3158
f 2075/2075 482/482 1940/1940
f 1590/1590 482/482 2075/2075
f 2005/2005 482/482 1590/1590
f 1590/1590 3489/3489 2005/2005
f 4692/4692 482/482 2005/2005
f 4692/4692 1045/1045 482/482
f 2620/2620 1590/1590 4309/4309
f 4309/4309 1590/1590 2075/2075
f 4309/4309 264/264 3358/3358
f 4309/4309 3358/3358 2620/2620
f 3489/3489 1590/1590 2620/2620
f 1045/1045 4692/4692 2805/2805
f 2805/2805 4692/4692 4637/4637
f 3355/3355 1045/1045 2805/2805
f 4632/4632 3934/3934 4531/4531
f 4455/4455 4632/4632 4531/4531
f 1433/1433 4455/4455 4531/4531
f 3934/3934 4632/4632 3489/3489
f 4531/4531 3934/3934 335/335
f 4531/4531 335/335 1433/1433
f 4692/4692 2005/2005 4455/4455
f 4455/4455 4637/4637 4692/4692
f 4632/4632 4455/4455 2005/2005
f 4632/4632 2005/2005 3489/3489
f 4637/4637 4455/4455 1433/1433
f 4637/4637 1433/1433 1501/1501
f 1501/1501 1433/1433 1794/1794
f 335/335 3934/3934 3784/3784
f 335/335 3784/3784 4223/4223
f 1433/1433 335/335 4223/4223
f 4223/4223 3784/3784 1378/1378
f 1794/1794 1433/1433 4223/4223
f 4196/4196 2774/2774 1378/1378
f 2774/2774 2408/2408 4223/4223
f 2805/2805 4637/4637 1501/1501
f 3355/3355 2805/2805 1501/1501
f 4565/4565 1501/1501 2987/2987
f 1501/1501 734/734 2987/2987
f 734/734 1106/1106 2987/2987
f 1794/1794 734/734 1501/1501
f 734/734 1002/1002 3409/3409
f 3409/3409 1002/1002 2408/2408
f 3051/3051 3409/3409 2408/2408
f 4301/4301 3409/3409 3051/3051
f 1106/1106 734/734 3409/3409
f 1106/1106 3409/3409 4301/4301
f 3051/3051 4051/4051 4301/4301
f 2963/2963 607/607 4565/4565
f 2963/2963 4565/4565 2987/2987
f 2616/2616 2987/2987 1106/1106
f 2963/2963 2987/2987 2616/2616
f 2525/2525 2963/2963 2616/2616
f 2616/2616 1106/1106 4301/4301
f 4301/4301 4051/4051 2616/2616
f 2525/2525 2616/2616 4051/4051
f 951/951 2525/2525 4051/4051
f 963/963 2525/2525 951/951
f 2554/2554 2774/2774 1591/1591
f 1374/1374 1591/1591 1382/1382
f 1374/1374 1382/1382 4067/4067
f 2408/2408 2774/2774 2554/2554
f 2554/2554 1591/1591 1374/1374
f 2408/2408 2554/2554 1374/1374
f 1374/1374 4067/4067 956/956
f 956/956 4067/4067 758/758
f 4051/4051 3051/3051 956/956
f 1374/1374 3051/3051 2408/2408
f 1374/1374 956/956 3051/3051
f 758/758 4051/4051 956/956
f 4051/4051 758/758 1182/1182
f 4363/4363 1182/1182 758/758
f 758/758 4067/4067 4363/4363
f 4363/4363 4067/4067 4056/4056
f 4363/4363 340/340 2958/2958
f 4056/4056 340/340 4363/4363
f 340/340 3664/3664 2958/2958
f 490/490 3885/3885 4056/4056
f 951/951 4051/4051 1182/1182
f 1342/1342 951/951 1182/1182
f 2958/2958 1182/1182 4363/4363
f 4152/4152 3758/3758 1593/1593
f 4441/4441 1593/1593 3758/3758
f 2213/2213 2440/2440 2762/2762
f 2440/2440 2213/2213 1186/1186
f 1186/1186 1426/1426 2440/2440
f 1426/1426 1186/1186 2322/2322
f 2322/2322 3156/3156 1426/1426
f 1411/1411 1186/1186 2213/2213
f 1186/1186 1411/1411 3429/3429
f 2322/2322 1186/1186 3429/3429
f 3429/3429 1411/1411 2900/2900
f 3429/3429 1698/1698 2322/2322
f 2322/2322 1698/1698 3586/3586
f 3429/3429 2900/2900 1698/1698
f 3116/3116 4021/4021 1993/1993
f 4518/4518 2101/2101 4021/4021
f 3116/3116 4518/4518 4021/4021
f 744/744 4518/4518 3116/3116
f 608/608 3345/3345 4021/4021
f 1993/1993 4021/4021 3345/3345
f 1993/1993 3345/3345 4794/4794
f 4430/4430 3116/3116 1993/1993
f 4430/4430 1993/1993 4794/4794
f 4430/4430 4794/4794 4152/4152
f 3498/3498 4430/4430 4152/4152
f 2104/2104 3885/3885 3771/3771
f 3771/3771 3885/3885 2101/2101
f 3771/3771 2101/2101 744/744
f 4056/4056 3885/3885 2104/2104
f 744/744 1884/1884 3771/3771
f 744/744 2101/2101 4518/4518
f 744/744 3366/3366 1884/1884
f 3366/3366 744/744 3116/3116
f 340/340 4056/4056 2104/2104
f 340/340 2104/2104 290/290
f 1650/1650 290/290 2104/2104
f 1650/1650 2104/2104 2244/2244
f 2104/2104 3771/3771 2244/2244
f 2244/2244 3771/3771 1884/1884
f 3366/3366 2244/2244 1884/1884
f 3366/3366 3116/3116 2943/2943
f 3498/3498 3116/3116 4430/4430
f 3116/3116 3498/3498 2943/2943
f 4152/4152 2943/2943 3498/3498
f 2943/2943 4152/4152 1227/1227
f 3462/3462 1227/1227 4152/4152
f 4152/4152 1593/1593 3462/3462
f 4487/4487 1226/1226 3463/3463
f 2900/2900 1411/1411 2746/2746
f 2070/2070 330/330 2746/2746
f 330/330 2900/2900 2746/2746
f 1003/1003 330/330 2070/2070
f 1698/1698 2900/2900 330/330
f 2121/2121 3586/3586 1698/1698
f 2121/2121 1698/1698 330/330
f 1401/1401 1003/1003 2025/2025
f 1003/1003 1401/1401 330/330
f 4487/4487 3463/3463 998/998
f 998/998 3463/3463 1594/1594
f 1003/1003 4487/4487 998/998
f 2025/2025 1003/1003 998/998
f 2025/2025 998/998 1594/1594
f 4222/4222 3829/3829 4683/4683
f 4046/4046 3829/3829 4222/4222
f 4683/4683 3829/3829 3599/3599
f 3599/3599 3829/3829 1746/1746
f 4116/4116 842/842 1370/1370
f 1746/1746 3829/3829 2946/2946
f 1746/1746 2946/2946 1370/1370
f 842/842 4116/4116 489/489
f 4116/4116 1370/1370 2946/2946
f 2475/2475 1114/1114 4116/4116
f 686/686 1311/1311 950/950
f 950/950 842/842 489/489
f 2024/2024 950/950 489/489
f 686/686 950/950 2024/2024
f 332/332 686/686 2024/2024
f 3250/3250 686/686 332/332
f 489/489 4116/4116 1114/1114
f 1114/1114 2024/2024 489/489
f 2024/2024 1114/1114 4080/4080
f 332/332 2024/2024 4080/4080
f 210/210 4080/4080 1114/1114
f 2582/2582 332/332 4080/4080
f 210/210 1711/1711 4080/4080
f 229/229 4080/4080 1711/1711
f 1048/1048 2384/2384 143/143
f 2384/2384 3250/3250 332/332
f 332/332 143/143 2384/2384
f 143/143 332/332 2582/2582
f 3758/3758 1048/1048 143/143
f 3098/3098 3758/3758 143/143
f 1678/1678 4080/4080 229/229
f 2582/2582 1065/1065 4812/4812
f 143/143 2582/2582 4812/4812
f 3098/3098 143/143 4812/4812
f 1065/1065 2582/2582 1678/1678
f 3098/3098 4812/4812 1065/1065
f 3829/3829 2272/2272 2946/2946
f 502/502 2946/2946 2272/2272
f 4116/4116 2946/2946 502/502
f 2475/2475 210/210 1114/1114
f 502/502 2475/2475 4116/4116
f 2977/2977 210/210 3827/3827
f 502/502 592/592 2475/2475
f 2475/2475 3827/3827 210/210
f 3827/3827 2475/2475 592/592
f 592/592 637/637 3827/3827
f 2691/2691 592/592 502/502
f 2977/2977 3827/3827 637/637
f 54/54 2977/2977 637/637
f 592/592 694/694 637/637
f 694/694 54/54 637/637
f 84/84 54/54 694/694
f 2977/2977 1711/1711 210/210
f 1711/1711 423/423 229/229
f 423/423 1711/1711 2977/2977
f 423/423 2977/2977 54/54
f 3829/3829 4046/4046 1510/1510
f 3829/3829 1510/1510 2272/2272
f 4516/4516 128/128 2272/2272
f 128/128 502/502 2272/2272
f 502/502 128/128 2691/2691
f 857/857 592/592 2691/2691
f 857/857 694/694 592/592
f 2364/2364 694/694 857/857
f 1157/1157 84/84 694/694
f 1157/1157 694/694 2364/2364
f 3699/3699 857/857 2691/2691
f 2364/2364 857/857 3699/3699
f 128/128 3936/3936 2691/2691
f 2390/2390 2929/2929 2691/2691
f 3699/3699 2691/2691 2929/2929
f 3758/3758 3098/3098 4441/4441
f 1717/1717 4441/4441 3098/3098
f 1717/1717 3098/3098 1065/1065
f 4360/4360 1593/1593 4441/4441
f 3488/3488 84/84 4525/4525
f 1329/1329 3488/3488 4525/4525
f 1899/1899 3488/3488 1329/1329
f 1899/1899 1329/1329 4525/4525
f 1717/1717 1065/1065 3389/3389
f 1717/1717 3389/3389 4096/4096
f 3488/3488 4096/4096 54/54
f 1717/1717 4096/4096 3488/3488
f 1717/1717 3488/3488 1899/1899
f 1899/1899 4525/4525 1169/1169
f 4123/4123 1717/1717 1899/1899
f 4360/4360 4441/4441 1717/1717
f 4123/4123 4360/4360 1717/1717
f 3538/3538 4360/4360 4123/4123
f 3538/3538 4123/4123 337/337
f 3202/3202 954/954 4046/4046
f 1824/1824 954/954 3202/3202
f 1824/1824 3202/3202 1667/1667
f 4331/4331 1824/1824 1667/1667
f 748/748 4331/4331 1667/1667
f 3304/3304 4046/4046 954/954
f 954/954 1824/1824 4182/4182
f 3304/3304 954/954 4182/4182
f 1824/1824 3330/3330 4182/4182
f 3330/3330 1824/1824 4331/4331
f 3330/3330 1768/1768 4182/4182
f 3330/3330 1894/1894 1768/1768
f 1768/1768 1586/1586 4182/4182
f 1894/1894 1586/1586 1768/1768
f 4046/4046 3304/3304 1510/1510
f 1510/1510 3304/3304 3843/3843
f 3293/3293 3330/3330 4331/4331
f 3330/3330 3293/3293 3672/3672
f 1894/1894 3330/3330 3672/3672
f 1158/1158 1586/1586 1894/1894
f 1894/1894 3672/3672 1158/1158
f 3842/3842 4182/4182 1586/1586
f 3842/3842 1586/1586 2802/2802
f 3304/3304 4182/4182 3842/3842
f 1983/1983 2272/2272 1510/1510
f 2272/2272 1983/1983 4516/4516
f 4516/4516 4264/4264 128/128
f 4525/4525 84/84 1157/1157
f 715/715 2364/2364 3699/3699
f 1157/1157 2364/2364 715/715
f 4525/4525 1157/1157 2053/2053
f 2053/2053 1157/1157 715/715
f 3425/3425 2053/2053 715/715
f 3984/3984 3699/3699 2929/2929
f 715/715 3699/3699 3984/3984
f 3984/3984 2929/2929 4729/4729
f 3984/3984 4729/4729 2238/2238
f 1038/1038 1169/1169 2053/2053
f 1169/1169 4525/4525 2053/2053
f 3425/3425 1038/1038 2053/2053
f 1581/1581 1169/1169 1038/1038
f 1581/1581 1899/1899 1169/1169
f 1038/1038 3425/3425 1581/1581
f 3425/3425 4371/4371 1581/1581
f 3088/3088 4729/4729 3936/3936
f 3088/3088 2238/2238 4729/4729
f 2238/2238 3088/3088 2666/2666
f 696/696 3936/3936 1726/1726
f 3088/3088 3936/3936 696/696
f 2666/2666 3088/3088 696/696
f 1726/1726 3936/3936 128/128
f 1726/1726 128/128 3150/3150
f 128/128 4264/4264 3150/3150
f 545/545 1726/1726 3150/3150
f 4371/4371 3425/3425 664/664
f 465/465 4371/4371 664/664
f 2252/2252 2666/2666 696/696
f 2252/2252 696/696 1726/1726
f 2252/2252 1726/1726 545/545
f 2252/2252 1278/1278 465/465
f 476/476 465/465 1278/1278
f 1581/1581 4371/4371 337/337
f 4123/4123 1899/1899 1581/1581
f 1581/1581 337/337 4123/4123
f 3149/3149 337/337 4371/4371
f 1252/1252 2448/2448 476/476
f 476/476 4371/4371 465/465
f 476/476 2448/2448 4371/4371
f 3149/3149 4371/4371 2448/2448
f 4489/4489 3149/3149 2448/2448
f 2448/2448 1213/1213 3226/3226
f 4489/4489 2448/2448 3226/3226
f 4263/4263 810/810 1340/1340
f 1945/1945 703/703 472/472
f 703/703 1945/1945 1761/1761
f 1945/1945 4263/4263 1761/1761
f 1761/1761 4263/4263 1340/1340
f 2657/2657 1761/1761 1340/1340
f 2657/2657 1340/1340 1404/1404
f 3907/3907 1340/1340 810/810
f 1404/1404 1340/1340 3866/3866
f 3444/3444 1404/1404 3866/3866
f 3907/3907 3866/3866 1340/1340
f 240/240 3444/3444 3866/3866
f 4314/4314 3444/3444 240/240
f 824/824 472/472 703/703
f 3986/3986 241/241 703/703
f 824/824 703/703 241/241
f 3986/3986 703/703 1761/1761
f 3986/3986 1761/1761 2657/2657
f 2277/2277 3986/3986 2657/2657
f 3986/3986 2277/2277 241/241
f 1256/1256 824/824 1127/1127
f 241/241 1127/1127 824/824
f 2073/2073 241/241 2277/2277
f 1404/1404 1046/1046 2657/2657
f 2277/2277 2657/2657 1046/1046
f 1046/1046 2789/2789 2277/2277
f 1046/1046 1404/1404 3444/3444
f 2789/2789 1046/1046 117/117
f 117/117 1046/1046 4027/4027
f 1046/1046 3444/3444 4027/4027
f 3444/3444 4314/4314 4027/4027
f 4027/4027 4314/4314 117/117
f 810/810 1392/1392 3907/3907
f 3866/3866 3907/3907 3222/3222
f 281/281 3222/3222 3907/3907
f 1732/1732 117/117 4314/4314
f 2265/2265 240/240 3866/3866
f 4314/4314 240/240 2265/2265
f 4239/4239 2265/2265 3866/3866
f 3222/3222 281/281 2040/2040
f 3866/3866 3222/3222 4239/4239
f 4239/4239 3222/3222 1027/1027
f 1027/1027 3222/3222 2040/2040
f 4239/4239 1027/1027 580/580
f 2265/2265 4239/4239 580/580
f 4314/4314 2265/2265 4367/4367
f 1732/1732 4314/4314 4367/4367
f 580/580 4367/4367 2265/2265
f 241/241 2073/2073 1127/1127
f 2789/2789 2073/2073 2277/2277
f 391/391 2073/2073 2789/2789
f 287/287 2073/2073 391/391
f 391/391 2789/2789 117/117
f 117/117 27/27 391/391
f 2073/2073 287/287 1127/1127
f 4607/4607 1127/1127 287/287
f 287/287 391/391 3905/3905
f 2141/2141 287/287 3905/3905
f 2988/2988 4607/4607 287/287
f 1742/1742 2988/2988 287/287
f 3905/3905 391/391 27/27
f 2141/2141 3905/3905 27/27
f 2141/2141 27/27 359/359
f 1742/1742 287/287 2141/2141
f 1742/1742 2141/2141 1827/1827
f 2037/2037 2141/2141 359/359
f 1827/1827 2141/2141 2037/2037
f 2037/2037 359/359 4135/4135
f 27/27 117/117 1732/1732
f 3019/3019 27/27 1732/1732
f 359/359 27/27 3019/3019
f 359/359 3019/3019 4135/4135
f 3018/3018 1731/1731 1930/1930
f 1930/1930 2905/2905 3018/3018
f 2037/2037 4135/4135 3529/3529
f 3530/3530 4136/4136 3028/3028
f 1135/1135 3530/3530 3028/3028
f 4136/4136 3018/3018 2905/2905
f 2905/2905 1930/1930 4103/4103
f 1930/1930 1731/1731 3898/3898
f 1930/1930 3898/3898 460/460
f 1930/1930 1564/1564 4103/4103
f 1564/1564 1930/1930 460/460
f 580/580 1027/1027 1908/1908
f 1426/1426 1907/1907 1026/1026
f 4367/4367 580/580 1908/1908
f 1907/1907 1426/1426 4544/4544
f 4366/4366 1907/1907 4544/4544
f 2440/2440 1426/1426 1026/1026
f 3686/3686 4366/4366 4544/4544
f 4544/4544 1426/1426 3156/3156
f 4262/4262 4544/4544 3156/3156
f 1731/1731 4366/4366 3898/3898
f 3898/3898 4366/4366 3686/3686
f 4262/4262 3686/3686 4544/4544
f 4262/4262 4356/4356 3729/3729
f 1639/1639 3898/3898 3686/3686
f 460/460 3898/3898 1639/1639
f 1639/1639 3800/3800 460/460
f 4262/4262 1639/1639 3686/3686
f 3729/3729 1639/1639 4262/4262
f 3729/3729 4559/4559 1639/1639
f 4262/4262 3156/3156 2322/2322
f 4356/4356 4262/4262 3586/3586
f 3586/3586 4262/4262 2322/2322
f 3307/3307 2988/2988 1742/1742
f 3378/3378 2988/2988 3307/3307
f 3443/3443 3378/3378 1086/1086
f 1086/1086 3378/3378 3307/3307
f 3422/3422 3307/3307 1742/1742
f 1086/1086 3307/3307 1399/1399
f 1399/1399 3307/3307 3422/3422
f 1399/1399 3422/3422 3464/3464
f 1086/1086 1399/1399 3443/3443
f 3443/3443 1399/1399 1607/1607
f 1607/1607 1399/1399 3464/3464
f 1827/1827 3422/3422 1742/1742
f 3422/3422 1827/1827 2037/2037
f 3422/3422 2037/2037 3529/3529
f 2103/2103 3464/3464 3422/3422
f 3529/3529 2103/2103 3422/3422
f 1608/1608 3465/3465 190/190
f 2533/2533 1608/1608 190/190
f 2533/2533 190/190 1221/1221
f 190/190 3465/3465 2102/2102
f 190/190 2102/2102 2324/2324
f 3530/3530 1135/1135 2102/2102
f 1135/1135 2840/2840 2102/2102
f 163/163 3443/3443 1607/1607
f 162/162 1608/1608 2533/2533
f 2533/2533 2176/2176 162/162
f 2533/2533 1221/1221 958/958
f 2176/2176 2533/2533 958/958
f 2324/2324 2102/2102 2840/2840
f 2324/2324 1221/1221 190/190
f 4413/4413 2324/2324 4598/4598
f 4598/4598 2324/2324 2840/2840
f 958/958 1221/1221 2324/2324
f 958/958 2324/2324 1323/1323
f 4413/4413 1323/1323 2324/2324
f 958/958 1323/1323 439/439
f 439/439 1323/1323 4413/4413
f 2176/2176 958/958 439/439
f 4413/4413 4168/4168 439/439
f 4168/4168 2811/2811 439/439
f 2176/2176 439/439 2811/2811
f 162/162 2176/2176 1767/1767
f 1767/1767 730/730 162/162
f 2176/2176 2010/2010 1767/1767
f 2010/2010 2176/2176 2811/2811
f 4718/4718 2939/2939 2865/2865
f 2939/2939 3586/3586 2121/2121
f 2121/2121 3186/3186 2939/2939
f 3186/3186 2121/2121 330/330
f 3186/3186 330/330 227/227
f 4718/4718 3586/3586 2939/2939
f 227/227 330/330 1401/1401
f 227/227 1401/1401 2025/2025
f 2939/2939 3186/3186 227/227
f 2939/2939 227/227 2485/2485
f 2865/2865 2939/2939 2485/2485
f 227/227 1932/1932 2485/2485
f 2025/2025 1932/1932 227/227
f 1932/1932 2025/2025 4071/4071
f 2485/2485 932/932 2865/2865
f 776/776 1932/1932 1099/1099
f 1594/1594 4359/4359 2025/2025
f 1099/1099 1932/1932 4071/4071
f 4359/4359 1787/1787 2025/2025
f 4071/4071 2025/2025 1787/1787
f 4071/4071 1787/1787 1629/1629
f 1728/1728 1787/1787 4359/4359
f 3538/3538 337/337 4481/4481
f 2340/2340 3538/3538 4481/4481
f 3213/3213 3539/3539 2341/2341
f 4127/4127 3213/3213 1483/1483
f 3213/3213 4127/4127 4599/4599
f 4377/4377 3121/3121 2967/2967
f 4317/4317 3121/3121 4377/4377
f 4785/4785 1253/1253 1328/1328
f 1253/1253 4377/4377 4750/4750
f 1253/1253 60/60 4377/4377
f 4750/4750 4377/4377 2967/2967
f 4317/4317 4377/4377 60/60
f 1328/1328 1253/1253 4750/4750
f 4785/4785 60/60 1253/1253
f 4317/4317 60/60 2841/2841
f 1781/1781 3817/3817 1663/1663
f 1781/1781 1663/1663 3933/3933
f 3817/3817 4785/4785 1328/1328
f 4785/4785 3817/3817 1781/1781
f 1653/1653 4785/4785 1781/1781
f 4689/4689 1663/1663 3508/3508
f 3933/3933 1663/1663 4689/4689
f 4785/4785 283/283 60/60
f 283/283 2841/2841 60/60
f 1653/1653 283/283 4785/4785
f 1781/1781 3933/3933 617/617
f 3713/3713 3933/3933 4689/4689
f 3933/3933 3713/3713 617/617
f 1653/1653 1781/1781 617/617
f 617/617 2519/2519 1653/1653
f 2519/2519 283/283 1653/1653
f 2519/2519 2841/2841 283/283
f 938/938 2519/2519 4275/4275
f 2519/2519 938/938 236/236
f 867/867 802/802 1449/1449
f 3009/3009 867/867 1935/1935
f 867/867 1449/1449 1935/1935
f 3009/3009 3234/3234 867/867
f 2608/2608 3009/3009 1935/1935
f 4065/4065 2608/2608 1935/1935
f 2608/2608 3283/3283 3009/3009
f 2375/2375 3283/3283 2608/2608
f 2375/2375 2608/2608 4789/4789
f 2608/2608 4065/4065 4789/4789
f 4165/4165 2375/2375 4789/4789
f 4165/4165 3283/3283 2375/2375
f 4789/4789 4615/4615 4165/4165
f 2834/2834 4615/4615 4789/4789
f 300/300 4745/4745 2537/2537
f 617/617 3713/3713 4745/4745
f 4275/4275 617/617 4745/4745
f 4275/4275 2519/2519 617/617
f 4275/4275 4745/4745 300/300
f 4275/4275 300/300 938/938
f 3314/3314 938/938 368/368
f 1072/1072 300/300 3161/3161
f 1072/1072 4664/4664 300/300
f 4495/4495 4664/4664 1072/1072
f 4664/4664 938/938 300/300
f 4664/4664 368/368 938/938
f 4495/4495 368/368 4664/4664
f 938/938 2199/2199 236/236
f 2199/2199 938/938 3314/3314
f 1222/1222 799/799 3314/3314
f 1222/1222 3314/3314 368/368
f 4481/4481 337/337 2340/2340
f 2340/2340 337/337 3149/3149
f 1483/1483 2341/2341 2114/2114
f 2115/2115 2340/2340 3149/3149
f 3149/3149 3977/3977 2115/2115
f 4087/4087 3977/3977 3149/3149
f 18/18 3976/3976 4088/4088
f 3323/3323 2427/2427 3226/3226
f 2427/2427 4489/4489 3226/3226
f 4087/4087 4489/4489 675/675
f 675/675 4489/4489 2427/2427
f 675/675 2427/2427 3323/3323
f 718/718 4087/4087 675/675
f 675/675 1261/1261 1360/1360
f 4087/4087 3149/3149 4489/4489
f 4615/4615 2312/2312 4165/4165
f 3283/3283 4165/4165 2312/2312
f 2312/2312 196/196 3283/3283
f 2312/2312 4615/4615 2206/2206
f 2312/2312 3703/3703 196/196
f 3703/3703 2312/2312 2206/2206
f 3703/3703 2206/2206 1972/1972
f 1972/1972 2206/2206 1823/1823
f 2206/2206 2413/2413 1823/1823
f 1776/1776 4615/4615 2834/2834
f 1776/1776 2206/2206 4615/4615
f 451/451 2413/2413 1776/1776
f 1776/1776 2413/2413 2206/2206
f 2114/2114 1797/1797 1483/1483
f 3213/3213 2341/2341 1483/1483
f 1823/1823 4793/4793 1972/1972
f 754/754 120/120 4765/4765
f 120/120 4793/4793 4765/4765
f 3427/3427 754/754 4765/4765
f 1823/1823 4765/4765 4793/4793
f 120/120 2114/2114 3976/3976
f 754/754 2114/2114 120/120
f 3976/3976 18/18 120/120
f 3427/3427 4765/4765 1823/1823
f 2413/2413 3427/3427 1823/1823
f 2413/2413 1184/1184 3427/3427
f 754/754 3427/3427 1797/1797
f 1797/1797 2114/2114 754/754
f 3427/3427 1184/1184 1797/1797
f 727/727 1483/1483 1797/1797
f 3388/3388 727/727 1797/1797
f 4127/4127 1483/1483 498/498
f 4127/4127 498/498 858/858
f 1483/1483 727/727 498/498
f 1516/1516 1184/1184 2413/2413
f 3388/3388 1797/1797 1184/1184
f 3388/3388 1184/1184 1516/1516
f 1360/1360 718/718 675/675
f 1904/1904 2273/2273 893/893
f 416/416 2273/2273 1904/1904
f 2854/2854 416/416 1904/1904
f 2854/2854 4688/4688 416/416
f 2854/2854 1916/1916 3732/3732
f 3845/3845 4688/4688 2854/2854
f 3845/3845 2854/2854 3732/3732
f 4210/4210 2355/2355 3845/3845
f 93/93 4125/4125 3702/3702
f 3466/3466 3732/3732 1916/1916
f 1927/1927 3732/3732 3466/3466
f 3466/3466 4125/4125 93/93
f 93/93 1927/1927 3466/3466
f 1927/1927 93/93 814/814
f 3732/3732 1927/1927 3845/3845
f 2273/2273 1926/1926 893/893
f 2273/2273 802/802 1926/1926
f 3234/3234 1926/1926 802/802
f 867/867 3234/3234 802/802
f 416/416 802/802 2273/2273
f 416/416 1449/1449 802/802
f 416/416 1935/1935 1449/1449
f 416/416 4065/4065 1935/1935
f 4688/4688 4065/4065 416/416
f 2834/2834 4789/4789 4065/4065
f 4065/4065 4688/4688 2834/2834
f 4688/4688 3845/3845 2355/2355
f 2355/2355 2834/2834 4688/4688
f 2834/2834 2892/2892 1776/1776
f 2834/2834 2355/2355 499/499
f 2892/2892 2834/2834 499/499
f 1776/1776 2892/2892 451/451
f 1728/1728 4359/4359 3539/3539
f 1728/1728 3539/3539 4410/4410
f 4410/4410 3539/3539 3213/3213
f 4410/4410 2416/2416 1728/1728
f 2416/2416 4410/4410 3213/3213
f 3438/3438 1801/1801 164/164
f 2591/2591 164/164 4694/4694
f 2681/2681 2591/2591 4694/4694
f 164/164 2591/2591 3438/3438
f 3620/3620 4013/4013 3438/3438
f 3620/3620 3438/3438 2591/2591
f 2591/2591 2681/2681 2708/2708
f 2708/2708 3620/3620 2591/2591
f 4013/4013 2751/2751 1801/1801
f 1801/1801 3438/3438 4013/4013
f 535/535 2751/2751 4013/4013
f 3125/3125 535/535 4013/4013
f 2751/2751 535/535 3417/3417
f 3417/3417 3347/3347 2808/2808
f 3910/3910 3417/3417 535/535
f 3910/3910 3347/3347 3417/3417
f 1851/1851 2808/2808 3347/3347
f 3347/3347 3910/3910 1479/1479
f 3937/3937 535/535 3125/3125
f 3937/3937 3910/3910 535/535
f 3620/3620 3125/3125 4013/4013
f 3125/3125 3620/3620 1716/1716
f 1716/1716 3897/3897 3125/3125
f 4428/4428 3403/3403 4204/4204
f 3125/3125 3897/3897 3937/3937
f 3897/3897 1798/1798 3937/3937
f 1798/1798 3910/3910 3937/3937
f 1798/1798 1479/1479 3910/3910
f 2912/2912 1479/1479 1798/1798
f 3074/3074 1798/1798 3897/3897
f 2912/2912 1798/1798 3074/3074
f 3403/3403 4593/4593 1716/1716
f 4593/4593 3897/3897 1716/1716
f 4593/4593 3074/3074 3897/3897
f 3908/3908 2912/2912 3074/3074
f 3074/3074 4593/4593 3908/3908
f 1479/1479 191/191 3347/3347
f 1518/1518 191/191 4641/4641
f 4641/4641 191/191 1479/1479
f 2401/2401 1687/1687 1518/1518
f 4641/4641 2401/2401 1518/1518
f 2832/2832 1479/1479 2912/2912
f 2832/2832 4641/4641 1479/1479
f 2832/2832 2622/2622 4641/4641
f 2832/2832 3810/3810 2622/2622
f 3908/3908 2832/2832 2912/2912
f 2832/2832 3908/3908 3810/3810
f 4209/4209 3810/3810 3908/3908
f 2401/2401 4641/4641 2622/2622
f 3810/3810 2722/2722 2622/2622
f 2722/2722 2401/2401 2622/2622
f 2722/2722 4240/4240 2401/2401
f 3254/3254 360/360 1687/1687
f 4240/4240 1687/1687 2401/2401
f 1687/1687 4240/4240 3254/3254
f 2520/2520 2802/2802 2079/2079
f 2520/2520 4660/4660 2802/2802
f 360/360 3254/3254 2079/2079
f 2685/2685 2079/2079 3254/3254
f 2685/2685 2520/2520 2079/2079
f 4538/4538 2520/2520 2685/2685
f 2722/2722 2281/2281 4240/4240
f 4538/4538 1961/1961 2520/2520
f 1219/1219 4428/4428 4204/4204
f 1316/1316 4428/4428 1219/1219
f 3066/3066 3403/3403 4428/4428
f 3066/3066 4428/4428 1316/1316
f 3066/3066 1316/1316 2736/2736
f 2122/2122 4593/4593 3403/3403
f 3403/3403 3066/3066 2122/2122
f 384/384 3908/3908 4593/4593
f 2122/2122 384/384 4593/4593
f 3065/3065 2735/2735 2253/2253
f 2123/2123 3065/3065 2253/2253
f 803/803 2123/2123 2253/2253
f 385/385 2123/2123 803/803
f 4528/4528 385/385 803/803
f 803/803 2253/2253 519/519
f 2576/2576 1173/1173 803/803
f 4209/4209 3908/3908 384/384
f 4209/4209 384/384 2211/2211
f 4209/4209 2211/2211 3810/3810
f 2211/2211 2722/2722 3810/3810
f 1173/1173 4528/4528 803/803
f 4528/4528 2210/2210 385/385
f 1100/1100 2210/2210 4528/4528
f 3254/3254 4240/4240 2281/2281
f 3254/3254 2281/2281 2885/2885
f 2885/2885 2685/2685 3254/3254
f 4699/4699 2886/2886 2282/2282
f 4699/4699 4539/4539 2886/2886
f 2885/2885 4538/4538 2685/2685
f 188/188 4539/4539 4699/4699
f 2722/2722 4770/4770 2281/2281
f 2722/2722 2211/2211 4770/4770
f 1986/1986 2282/2282 4769/4769
f 4699/4699 2282/2282 1986/1986
f 1986/1986 188/188 4699/4699
f 1245/1245 1986/1986 1819/1819
f 1245/1245 188/188 1986/1986
f 1819/1819 1986/1986 4769/4769
f 1100/1100 4769/4769 2210/2210
f 1100/1100 1819/1819 4769/4769
f 2373/2373 4528/4528 1173/1173
f 665/665 1173/1173 2576/2576
f 1173/1173 665/665 2373/2373
f 4528/4528 2373/2373 1100/1100
f 33/33 665/665 2576/2576
f 3302/3302 665/665 33/33
f 1104/1104 665/665 3302/3302
f 1104/1104 2373/2373 665/665
f 1100/1100 2373/2373 1104/1104
f 2149/2149 1100/1100 1104/1104
f 4592/4592 923/923 1100/1100
f 923/923 1245/1245 1819/1819
f 745/745 1245/1245 923/923
f 923/923 1819/1819 1100/1100
f 2149/2149 4592/4592 1100/1100
f 4610/4610 4592/4592 2149/2149
f 4592/4592 745/745 923/923
f 1568/1568 1245/1245 745/745
f 4610/4610 745/745 4592/4592
f 570/570 1104/1104 3302/3302
f 4610/4610 2149/2149 2143/2143
f 2143/2143 745/745 4610/4610
f 745/745 2143/2143 875/875
f 3508/3508 2196/2196 745/745
f 745/745 875/875 3508/3508
f 3843/3843 1348/1348 1510/1510
f 4660/4660 3923/3923 3842/3842
f 3304/3304 3842/3842 3923/3923
f 3923/3923 3843/3843 3304/3304
f 1770/1770 3923/3923 2411/2411
f 3842/3842 2802/2802 4660/4660
f 1810/1810 4660/4660 2520/2520
f 1810/1810 2411/2411 4660/4660
f 4660/4660 2411/2411 3923/3923
f 3550/3550 2411/2411 1810/1810
f 1961/1961 1810/1810 2520/2520
f 1810/1810 1961/1961 3550/3550
f 2411/2411 591/591 1770/1770
f 3923/3923 1770/1770 3843/3843
f 1770/1770 1348/1348 3843/3843
f 3550/3550 591/591 2411/2411
f 591/591 3197/3197 1770/1770
f 4672/4672 3197/3197 591/591
f 4506/4506 1348/1348 1770/1770
f 2692/2692 4673/4673 590/590
f 1248/1248 3197/3197 4672/4672
f 461/461 1247/1247 4673/4673
f 461/461 4673/4673 2692/2692
f 1348/1348 1983/1983 1510/1510
f 1983/1983 1348/1348 2784/2784
f 2784/2784 1348/1348 4506/4506
f 4516/4516 1983/1983 4264/4264
f 4264/4264 1983/1983 2784/2784
f 4264/4264 2784/2784 2191/2191
f 4264/4264 2191/2191 3805/3805
f 2784/2784 4506/4506 3874/3874
f 3197/3197 4506/4506 1770/1770
f 3211/3211 4506/4506 3197/3197
f 3211/3211 3874/3874 4506/4506
f 2784/2784 3874/3874 2191/2191
f 3197/3197 1248/1248 3211/3211
f 278/278 3210/3210 1247/1247
f 1247/1247 2579/2579 278/278
f 1247/1247 461/461 2579/2579
f 2191/2191 3874/3874 871/871
f 3211/3211 871/871 3874/3874
f 3805/3805 2191/2191 871/871
f 1915/1915 3805/3805 871/871
f 1915/1915 871/871 1109/1109
f 1485/1485 1915/1915 1109/1109
f 422/422 1915/1915 1485/1485
f 3210/3210 278/278 872/872
f 872/872 278/278 1110/1110
f 1110/1110 278/278 2579/2579
f 188/188 1385/1385 4539/4539
f 1385/1385 1962/1962 4539/4539
f 2692/2692 3549/3549 1962/1962
f 4781/4781 1385/1385 188/188
f 188/188 1245/1245 4781/4781
f 2692/2692 1962/1962 1385/1385
f 2692/2692 590/590 3549/3549
f 236/236 461/461 2692/2692
f 1461/1461 4781/4781 1245/1245
f 1440/1440 1385/1385 4781/4781
f 2129/2129 1385/1385 1440/1440
f 2129/2129 2692/2692 1385/1385
f 1461/1461 1245/1245 1568/1568
f 2196/2196 1461/1461 1568/1568
f 4781/4781 1461/1461 1440/1440
f 3167/3167 2129/2129 1440/1440
f 236/236 2692/2692 2129/2129
f 3167/3167 236/236 2129/2129
f 732/732 2579/2579 461/461
f 732/732 461/461 1092/1092
f 1441/1441 1110/1110 2579/2579
f 732/732 1441/1441 2579/2579
f 4603/4603 422/422 1485/1485
f 1110/1110 1441/1441 1484/1484
f 4604/4604 1484/1484 1441/1441
f 732/732 4604/4604 1441/1441
f 236/236 1092/1092 461/461
f 2370/2370 4604/4604 732/732
f 3150/3150 4264/4264 3805/3805
f 3805/3805 1705/1705 3150/3150
f 545/545 3150/3150 1705/1705
f 854/854 545/545 1705/1705
f 1278/1278 2252/2252 545/545
f 1278/1278 545/545 854/854
f 1915/1915 1705/1705 3805/3805
f 4316/4316 1278/1278 854/854
f 1915/1915 422/422 1705/1705
f 32/32 854/854 1705/1705
f 32/32 1705/1705 422/422
f 476/476 1278/1278 4316/4316
f 834/834 4316/4316 854/854
f 422/422 1881/1881 32/32
f 834/834 32/32 1881/1881
f 1859/1859 834/834 1881/1881
f 834/834 854/854 32/32
f 1252/1252 476/476 4316/4316
f 1213/1213 4316/4316 834/834
f 4316/4316 1213/1213 1252/1252
f 1213/1213 2448/2448 1252/1252
f 2941/2941 1859/1859 1881/1881
f 1213/1213 834/834 1859/1859
f 2135/2135 1213/1213 1859/1859
f 2941/2941 2135/2135 1859/1859
f 1881/1881 422/422 4603/4603
f 1881/1881 4603/4603 2941/2941
f 2809/2809 2135/2135 2941/2941
f 3226/3226 1213/1213 2135/2135
f 3323/3323 3226/3226 2135/2135
f 2809/2809 2941/2941 4603/4603
f 2371/2371 2809/2809 4603/4603
f 2967/2967 1461/1461 2196/2196
f 1568/1568 745/745 2196/2196
f 2967/2967 1440/1440 1461/1461
f 1440/1440 2967/2967 3121/3121
f 3121/3121 3167/3167 1440/1440
f 3121/3121 2048/2048 3167/3167
f 4317/4317 2048/2048 3121/3121
f 2841/2841 2048/2048 4317/4317
f 236/236 3167/3167 2048/2048
f 2519/2519 2048/2048 2841/2841
f 2519/2519 236/236 2048/2048
f 1092/1092 236/236 2199/2199
f 2199/2199 732/732 1092/1092
f 3314/3314 799/799 2199/2199
f 2135/2135 2809/2809 3323/3323
f 279/279 3323/3323 2809/2809
f 279/279 2809/2809 2220/2220
f 2220/2220 2809/2809 2371/2371
f 2370/2370 732/732 2221/2221
f 3679/3679 279/279 2220/2220
f 732/732 3678/3678 2221/2221
f 3801/3801 732/732 2199/2199
f 2290/2290 3678/3678 3801/3801
f 3801/3801 3678/3678 732/732
f 1261/1261 3323/3323 279/279
f 1261/1261 279/279 3679/3679
f 2731/2731 1261/1261 3679/3679
f 3323/3323 1261/1261 675/675
f 2199/2199 799/799 3801/3801
f 799/799 3339/3339 3801/3801
f 1360/1360 1261/1261 2731/2731
f 2731/2731 3679/3679 2291/2291
f 213/213 2731/2731 2291/2291
f 2731/2731 213/213 1360/1360
f 4016/4016 4310/4310 1695/1695
f 111/111 1695/1695 4310/4310
f 2461/2461 4478/4478 4310/4310
f 4602/4602 111/111 4478/4478
f 4478/4478 111/111 4310/4310
f 4602/4602 1520/1520 4073/4073
f 2117/2117 3808/3808 4752/4752
f 3808/3808 2117/2117 4016/4016
f 4752/4752 3808/3808 3714/3714
f 1489/1489 4752/4752 3714/3714
f 4752/4752 1489/1489 157/157
f 2392/2392 4398/4398 4697/4697
f 4016/4016 1695/1695 4398/4398
f 1695/1695 4697/4697 4398/4398
f 1695/1695 111/111 2159/2159
f 2297/2297 111/111 4602/4602
f 3274/3274 2159/2159 111/111
f 3274/3274 111/111 2297/2297
f 3274/3274 1637/1637 2159/2159
f 4073/4073 2297/2297 4602/4602
f 2224/2224 3274/3274 2297/2297
f 2224/2224 2297/2297 4073/4073
f 2224/2224 1637/1637 3274/3274
f 4795/4795 1637/1637 1624/1624
f 1624/1624 1637/1637 2224/2224
f 3513/3513 3295/3295 4697/4697
f 1017/1017 4697/4697 1695/1695
f 1017/1017 1695/1695 2159/2159
f 1615/1615 4697/4697 1017/1017
f 1771/1771 1017/1017 2159/2159
f 1771/1771 1615/1615 1017/1017
f 1615/1615 3513/3513 4697/4697
f 4063/4063 4697/4697 3295/3295
f 1573/1573 1615/1615 1771/1771
f 3513/3513 1615/1615 942/942
f 1365/1365 3295/3295 663/663
f 3295/3295 3513/3513 663/663
f 4740/4740 1365/1365 663/663
f 4306/4306 1771/1771 2159/2159
f 4306/4306 2159/2159 1637/1637
f 2899/2899 4306/4306 1637/1637
f 1637/1637 4795/4795 2899/2899
f 4306/4306 2899/2899 4167/4167
f 1771/1771 4306/4306 1573/1573
f 3522/3522 3322/3322 2690/2690
f 4355/4355 4073/4073 1520/1520
f 3877/3877 3075/3075 2334/2334
f 3877/3877 4355/4355 3075/3075
f 517/517 4073/4073 4776/4776
f 517/517 2224/2224 4073/4073
f 2224/2224 517/517 1624/1624
f 4521/4521 4795/4795 1624/1624
f 4355/4355 4776/4776 4073/4073
f 3333/3333 4776/4776 4355/4355
f 3333/3333 517/517 4776/4776
f 3163/3163 517/517 3333/3333
f 3426/3426 1624/1624 517/517
f 1624/1624 3426/3426 4521/4521
f 3472/3472 4521/4521 3426/3426
f 517/517 3163/3163 3426/3426
f 3163/3163 3860/3860 3426/3426
f 3426/3426 3860/3860 3472/3472
f 795/795 1704/1704 3860/3860
f 3472/3472 3860/3860 1704/1704
f 1704/1704 795/795 3139/3139
f 3163/3163 3333/3333 4365/4365
f 795/795 4365/4365 2337/2337
f 3163/3163 4365/4365 795/795
f 3860/3860 3163/3163 795/795
f 4795/4795 2999/2999 2899/2899
f 4795/4795 4521/4521 2999/2999
f 4521/4521 3472/3472 2383/2383
f 3472/3472 1890/1890 2383/2383
f 1890/1890 2851/2851 2383/2383
f 2851/2851 2999/2999 2383/2383
f 2999/2999 4521/4521 2383/2383
f 1704/1704 1890/1890 3472/3472
f 1890/1890 1704/1704 1497/1497
f 3499/3499 1657/1657 1497/1497
f 1497/1497 1657/1657 1890/1890
f 1657/1657 1277/1277 4739/4739
f 3499/3499 1277/1277 1657/1657
f 3499/3499 2904/2904 1277/1277
f 2904/2904 1500/1500 1277/1277
f 1500/1500 1920/1920 1277/1277
f 1500/1500 2904/2904 2734/2734
f 2824/2824 1565/1565 1910/1910
f 1565/1565 964/964 1910/1910
f 4199/4199 2945/2945 972/972
f 1103/1103 1322/1322 3761/3761
f 1103/1103 3761/3761 4626/4626
f 4626/4626 633/633 1103/1103
f 633/633 4626/4626 288/288
f 1786/1786 288/288 4626/4626
f 3303/3303 3278/3278 1946/1946
f 4808/4808 3278/3278 3303/3303
f 288/288 1786/1786 3562/3562
f 4626/4626 3761/3761 2990/2990
f 4626/4626 2990/2990 3195/3195
f 2945/2945 1709/1709 972/972
f 2945/2945 4703/4703 1709/1709
f 4199/4199 972/972 1322/1322
f 3761/3761 1322/1322 972/972
f 1322/1322 1583/1583 4199/4199
f 3195/3195 1786/1786 4626/4626
f 3195/3195 551/551 486/486
f 486/486 4767/4767 3195/3195
f 486/486 551/551 4244/4244
f 1786/1786 3195/3195 4767/4767
f 1991/1991 4703/4703 2945/2945
f 4703/4703 1991/1991 1985/1985
f 4703/4703 1985/1985 1036/1036
f 1036/1036 1985/1985 4601/4601
f 4629/4629 1036/1036 4601/4601
f 3216/3216 1643/1643 3989/3989
f 4126/4126 3216/3216 3989/3989
f 4126/4126 3534/3534 3216/3216
f 1643/1643 3216/3216 558/558
f 1709/1709 4126/4126 3989/3989
f 4703/4703 4126/4126 1709/1709
f 3534/3534 4126/4126 4703/4703
f 4703/4703 1036/1036 1951/1951
f 3534/3534 4703/4703 1951/1951
f 4629/4629 1951/1951 1036/1036
f 3361/3361 1951/1951 4629/4629
f 4694/4694 1951/1951 3361/3361
f 3361/3361 4629/4629 3811/3811
f 1583/1583 1669/1669 4532/4532
f 2843/2843 1669/1669 944/944
f 944/944 3640/3640 1760/1760
f 1760/1760 2843/2843 944/944
f 2118/2118 1760/1760 582/582
f 1760/1760 841/841 582/582
f 2000/2000 4532/4532 2843/2843
f 1669/1669 2843/2843 4532/4532
f 2843/2843 1760/1760 2118/2118
f 2000/2000 2843/2843 2118/2118
f 2945/2945 4199/4199 2326/2326
f 1991/1991 2945/2945 927/927
f 2945/2945 2326/2326 927/927
f 2118/2118 582/582 3673/3673
f 964/964 1565/1565 3413/3413
f 4124/4124 3413/3413 1669/1669
f 3413/3413 3899/3899 964/964
f 931/931 964/964 3899/3899
f 931/931 3899/3899 1662/1662
f 633/633 3899/3899 4124/4124
f 4124/4124 3899/3899 3413/3413
f 4289/4289 1662/1662 633/633
f 633/633 1662/1662 3899/3899
f 4124/4124 1583/1583 1322/1322
f 4124/4124 1322/1322 1103/1103
f 1669/1669 1583/1583 4124/4124
f 4124/4124 1103/1103 633/633
f 288/288 4289/4289 633/633
f 1565/1565 3640/3640 944/944
f 3413/3413 1565/1565 944/944
f 3413/3413 944/944 1669/1669
f 4492/4492 1946/1946 4289/4289
f 1946/1946 1662/1662 4289/4289
f 3303/3303 1946/1946 4492/4492
f 4661/4661 3303/3303 4492/4492
f 4661/4661 4808/4808 3303/3303
f 1991/1991 927/927 334/334
f 1985/1985 1991/1991 334/334
f 1985/1985 334/334 4601/4601
f 4635/4635 2845/2845 2652/2652
f 2845/2845 4128/4128 2652/2652
f 2845/2845 4635/4635 2032/2032
f 1476/1476 2845/2845 2032/2032
f 2845/2845 1476/1476 4128/4128
f 4128/4128 1172/1172 1630/1630
f 1476/1476 2914/2914 4128/4128
f 2914/2914 1172/1172 4128/4128
f 3278/3278 4808/4808 1418/1418
f 1468/1468 1418/1418 4808/4808
f 1849/1849 4393/4393 1468/1468
f 3419/3419 1849/1849 1468/1468
f 1849/1849 3419/3419 1107/1107
f 2354/2354 4041/4041 1107/1107
f 3419/3419 2354/2354 1107/1107
f 4041/4041 2518/2518 1107/1107
f 4041/4041 3523/3523 2518/2518
f 3523/3523 1992/1992 2081/2081
f 817/817 2518/2518 2081/2081
f 2081/2081 2518/2518 3523/3523
f 2280/2280 2585/2585 2518/2518
f 2518/2518 817/817 2280/2280
f 2280/2280 4023/4023 2585/2585
f 2585/2585 4023/4023 2426/2426
f 1790/1790 2436/2436 3773/3773
f 314/314 1790/1790 3773/3773
f 1592/1592 1790/1790 314/314
f 1790/1790 1592/1592 1183/1183
f 1790/1790 324/324 1148/1148
f 1148/1148 4180/4180 2168/2168
f 1148/1148 324/324 4180/4180
f 4180/4180 324/324 3235/3235
f 926/926 324/324 1183/1183
f 324/324 1790/1790 1183/1183
f 3235/3235 324/324 926/926
f 3235/3235 926/926 2910/2910
f 647/647 2940/2940 1371/1371
f 1371/1371 4180/4180 1457/1457
f 1457/1457 4180/4180 3235/3235
f 647/647 1371/1371 1457/1457
f 1649/1649 3235/3235 2910/2910
f 1457/1457 3235/3235 3649/3649
f 3649/3649 3235/3235 2747/2747
f 647/647 1457/1457 3649/3649
f 3581/3581 3649/3649 2747/2747
f 1649/1649 2747/2747 3235/3235
f 2747/2747 1649/1649 4293/4293
f 4293/4293 1649/1649 2058/2058
f 2747/2747 4293/4293 597/597
f 597/597 4293/4293 2125/2125
f 4293/4293 2058/2058 2125/2125
f 4415/4415 647/647 3581/3581
f 3581/3581 647/647 3649/3649
f 3581/3581 2081/2081 4415/4415
f 2081/2081 1992/1992 4415/4415
f 3581/3581 817/817 2081/2081
f 2747/2747 485/485 3581/3581
f 485/485 2747/2747 1069/1069
f 1069/1069 2747/2747 597/597
f 3581/3581 2280/2280 817/817
f 485/485 4023/4023 2280/2280
f 485/485 2280/2280 3581/3581
f 4023/4023 485/485 3344/3344
f 4023/4023 3344/3344 4779/4779
f 1069/1069 4061/4061 3344/3344
f 1069/1069 3344/3344 485/485
f 4779/4779 3344/3344 3455/3455
f 3344/3344 3617/3617 3455/3455
f 3455/3455 3617/3617 3293/3293
f 3617/3617 3672/3672 3293/3293
f 1069/1069 597/597 3578/3578
f 3578/3578 597/597 2694/2694
f 597/597 2125/2125 2694/2694
f 4061/4061 1069/1069 3578/3578
f 4061/4061 3578/3578 2139/2139
f 3578/3578 2694/2694 2139/2139
f 3617/3617 3344/3344 4061/4061
f 89/89 519/519 2919/2919
f 4397/4397 918/918 2065/2065
f 3476/3476 953/953 2065/2065
f 1096/1096 2065/2065 953/953
f 2524/2524 2065/2065 1096/1096
f 2618/2618 2524/2524 1096/1096
f 2524/2524 2618/2618 173/173
f 2065/2065 2524/2524 4024/4024
f 2651/2651 4279/4279 1575/1575
f 4279/4279 2651/2651 4689/4689
f 2148/2148 3622/3622 2524/2524
f 1137/1137 2524/2524 2644/2644
f 2644/2644 2524/2524 3622/3622
f 2193/2193 37/37 2438/2438
f 2651/2651 1575/1575 2438/2438
f 2651/2651 2438/2438 37/37
f 2921/2921 2752/2752 2187/2187
f 453/453 1396/1396 933/933
f 1396/1396 1259/1259 882/882
f 530/530 2837/2837 2061/2061
f 2837/2837 670/670 2061/2061
f 4224/4224 4139/4139 4336/4336
f 1500/1500 1544/1544 1920/1920
f 4315/4315 1544/1544 1500/1500
f 1576/1576 4253/4253 313/313
f 2864/2864 2377/2377 4470/4470
f 4139/4139 2864/2864 4470/4470
f 3108/3108 31/31 2377/2377
f 3108/3108 2377/2377 2864/2864
f 2513/2513 4139/4139 4224/4224
f 2513/2513 2864/2864 4139/4139
f 2513/2513 4224/4224 313/313
f 4224/4224 3865/3865 313/313
f 2513/2513 313/313 4253/4253
f 4253/4253 1661/1661 2513/2513
f 2864/2864 2513/2513 3108/3108
f 3108/3108 2513/2513 1661/1661
f 3108/3108 1661/1661 3847/3847
f 3847/3847 1661/1661 1558/1558
f 3313/3313 3847/3847 1558/1558
f 4274/4274 31/31 3108/3108
f 151/151 4274/4274 3108/3108
f 151/151 1015/1015 4274/4274
f 4119/4119 151/151 3108/3108
f 3108/3108 3847/3847 4119/4119
f 1015/1015 151/151 2801/2801
f 611/611 2801/2801 151/151
f 611/611 151/151 4119/4119
f 3313/3313 4119/4119 3847/3847
f 3328/3328 4119/4119 3313/3313
f 1576/1576 4315/4315 2734/2734
f 2734/2734 4341/4341 1576/1576
f 2734/2734 4315/4315 1500/1500
f 313/313 3277/3277 1576/1576
f 3277/3277 4315/4315 1576/1576
f 3865/3865 3277/3277 313/313
f 521/521 3081/3081 608/608
f 3081/3081 3187/3187 608/608
f 2120/2120 3081/3081 3962/3962
f 3187/3187 3081/3081 2120/2120
f 3187/3187 2120/2120 2173/2173
f 2173/2173 38/38 3080/3080
f 4221/4221 2173/2173 3080/3080
f 4221/4221 3080/3080 1830/1830
f 686/686 3250/3250 873/873
f 1830/1830 3080/3080 873/873
f 2774/2774 4223/4223 1378/1378
f 4223/4223 1002/1002 1794/1794
f 1002/1002 4223/4223 2408/2408
f 734/734 1794/1794 1002/1002
f 1678/1678 2582/2582 4080/4080
f 3389/3389 1065/1065 1678/1678
f 229/229 3389/3389 1678/1678
f 3389/3389 229/229 423/423
f 4096/4096 423/423 54/54
f 3389/3389 423/423 4096/4096
f 84/84 3488/3488 54/54
f 715/715 3984/3984 3425/3425
f 3984/3984 2238/2238 3425/3425
f 2666/2666 465/465 2238/2238
f 3425/3425 2238/2238 664/664
f 2238/2238 465/465 664/664
f 465/465 2666/2666 2252/2252
f 2196/2196 4750/4750 2967/2967
f 1663/1663 1328/1328 4750/4750
f 1663/1663 2196/2196 3508/3508
f 2196/2196 1663/1663 4750/4750
f 1328/1328 1663/1663 3817/3817
f 3403/3403 2708/2708 65/65
f 2708/2708 2681/2681 65/65
f 3403/3403 65/65 4204/4204
f 1716/1716 3620/3620 2708/2708
f 1716/1716 2708/2708 3403/3403
f 746/746 1465/1465 571/571
f 571/571 1465/1465 3516/3516
f 1845/1845 3027/3027 3543/3543
f 571/571 2597/2597 746/746
f 2597/2597 571/571 356/356
f 2597/2597 2875/2875 752/752
f 2875/2875 2597/2597 356/356
f 356/356 571/571 3516/3516
f 356/356 3516/3516 2875/2875
f 752/752 1310/1310 2597/2597
f 3544/3544 1310/1310 1846/1846
f 1846/1846 1310/1310 752/752
f 752/752 2361/2361 1846/1846
f 3306/3306 752/752 2875/2875
f 2875/2875 876/876 3306/3306
f 1702/1702 3027/3027 1845/1845
f 1703/1703 1846/1846 2361/2361
f 224/224 2361/2361 3306/3306
f 1703/1703 2361/2361 224/224
f 2361/2361 752/752 3306/3306
f 2593/2593 224/224 3306/3306
f 876/876 2875/2875 3716/3716
f 4147/4147 411/411 1156/1156
f 3516/3516 1156/1156 4462/4462
f 1156/1156 411/411 4462/4462
f 852/852 3516/3516 4462/4462
f 2875/2875 3516/3516 852/852
f 297/297 3543/3543 3027/3027
f 876/876 2593/2593 3306/3306
f 876/876 1363/1363 2593/2593
f 876/876 2765/2765 1363/1363
f 2765/2765 876/876 3716/3716
f 2765/2765 3716/3716 2033/2033
f 4422/4422 2765/2765 2033/2033
f 2208/2208 4530/4530 3027/3027
f 4530/4530 1956/1956 3027/3027
f 1956/1956 4530/4530 1816/1816
f 2367/2367 1816/1816 4530/4530
f 1817/1817 2366/2366 2271/2271
f 3700/3700 3027/3027 1702/1702
f 3700/3700 140/140 3027/3027
f 3701/3701 1703/1703 224/224
f 2593/2593 3701/3701 224/224
f 2593/2593 141/141 3701/3701
f 2208/2208 3027/3027 140/140
f 2955/2955 141/141 2593/2593
f 2593/2593 1363/1363 2955/2955
f 2955/2955 1363/1363 3148/3148
f 2765/2765 3148/3148 1363/1363
f 140/140 2367/2367 2208/2208
f 2366/2366 141/141 2955/2955
f 2955/2955 3148/3148 2366/2366
f 2208/2208 2367/2367 4530/4530
f 2366/2366 3148/3148 2315/2315
f 4422/4422 3148/3148 2765/2765
f 3148/3148 4422/4422 2581/2581
f 2839/2839 3148/3148 2581/2581
f 4422/4422 4150/4150 2581/2581
f 2315/2315 3148/3148 2839/2839
f 2315/2315 2271/2271 2366/2366
f 2271/2271 2315/2315 2839/2839
f 1912/1912 1817/1817 4714/4714
f 4714/4714 1817/1817 2271/2271
f 1280/1280 4714/4714 2271/2271
f 4714/4714 64/64 1912/1912
f 4714/4714 1280/1280 64/64
f 3474/3474 64/64 2083/2083
f 2852/2852 2083/2083 64/64
f 1280/1280 2852/2852 64/64
f 2852/2852 1280/1280 4396/4396
f 4273/4273 3797/3797 3473/3473
f 4272/4272 3474/3474 1039/1039
f 3474/3474 1912/1912 64/64
f 3037/3037 2852/2852 4396/4396
f 3474/3474 2083/2083 1039/1039
f 2083/2083 2517/2517 1039/1039
f 2083/2083 3037/3037 2517/2517
f 3037/3037 2083/2083 2852/2852
f 4396/4396 2271/2271 2839/2839
f 4396/4396 2839/2839 4742/4742
f 4742/4742 2581/2581 3461/3461
f 4742/4742 2839/2839 2581/2581
f 1098/1098 2799/2799 4742/4742
f 1280/1280 2271/2271 4396/4396
f 3037/3037 4396/4396 4742/4742
f 1887/1887 87/87 4426/4426
f 4272/4272 152/152 3625/3625
f 4273/4273 4783/4783 3797/3797
f 3625/3625 4784/4784 4272/4272
f 3625/3625 4639/4639 4784/4784
f 2298/2298 4639/4639 3625/3625
f 2517/2517 4272/4272 1039/1039
f 152/152 4272/4272 2517/2517
f 152/152 2517/2517 3037/3037
f 2754/2754 152/152 3037/3037
f 3037/3037 2254/2254 2754/2754
f 2254/2254 3037/3037 4742/4742
f 152/152 2754/2754 3625/3625
f 2754/2754 2298/2298 3625/3625
f 2298/2298 2754/2754 2254/2254
f 812/812 4639/4639 2298/2298
f 2298/2298 2254/2254 812/812
f 812/812 3007/3007 4639/4639
f 4800/4800 3118/3118 3007/3007
f 3118/3118 4800/4800 1462/1462
f 4800/4800 3007/3007 812/812
f 4800/4800 812/812 1164/1164
f 1665/1665 4800/4800 1164/1164
f 1164/1164 812/812 2254/2254
f 4205/4205 1164/1164 2254/2254
f 3610/3610 2254/2254 4742/4742
f 2702/2702 3867/3867 1462/1462
f 4800/4800 2702/2702 1462/1462
f 4800/4800 1665/1665 2702/2702
f 1536/1536 87/87 3867/3867
f 1164/1164 4205/4205 1665/1665
f 2702/2702 1665/1665 2439/2439
f 4205/4205 2439/2439 1665/1665
f 1536/1536 3867/3867 2702/2702
f 1536/1536 2702/2702 2439/2439
f 4426/4426 87/87 1536/1536
f 1536/1536 995/995 4426/4426
f 995/995 1536/1536 2439/2439
f 995/995 2439/2439 4205/4205
f 4205/4205 2254/2254 3610/3610
f 3610/3610 4742/4742 3142/3142
f 239/239 995/995 4205/4205
f 438/438 995/995 239/239
f 4205/4205 3610/3610 239/239
f 3142/3142 239/239 3610/3610
f 4426/4426 995/995 1887/1887
f 443/443 995/995 438/438
f 1887/1887 995/995 443/443
f 239/239 443/443 438/438
f 443/443 2755/2755 1887/1887
f 2755/2755 443/443 239/239
f 349/349 2755/2755 239/239
f 3142/3142 349/349 239/239
f 2799/2799 3142/3142 4742/4742
f 1919/1919 87/87 1887/1887
f 1919/1919 1887/1887 2755/2755
f 3628/3628 3320/3320 1919/1919
f 2586/2586 3628/3628 1919/1919
f 1919/1919 2755/2755 786/786
f 1919/1919 4354/4354 2586/2586
f 786/786 4354/4354 1919/1919
f 786/786 483/483 2307/2307
f 4354/4354 786/786 2307/2307
f 2565/2565 2499/2499 331/331
f 2565/2565 874/874 2499/2499
f 331/331 2499/2499 4354/4354
f 2307/2307 1829/1829 4354/4354
f 4354/4354 1829/1829 331/331
f 2307/2307 3236/3236 1829/1829
f 3073/3073 4347/4347 3236/3236
f 331/331 1829/1829 2565/2565
f 924/924 874/874 2565/2565
f 3236/3236 4347/4347 1829/1829
f 2565/2565 1829/1829 1028/1028
f 4347/4347 1028/1028 1829/1829
f 924/924 2540/2540 2569/2569
f 2540/2540 924/924 2541/2541
f 4350/4350 924/924 2565/2565
f 4350/4350 2565/2565 1028/1028
f 4350/4350 2541/2541 924/924
f 2287/2287 2541/2541 4350/4350
f 3089/3089 2540/2540 2541/2541
f 2287/2287 3089/3089 2541/2541
f 3089/3089 2287/2287 2167/2167
f 1028/1028 2287/2287 4350/4350
f 3010/3010 2287/2287 1028/1028
f 3199/3199 2235/2235 94/94
f 540/540 2234/2234 819/819
f 94/94 2235/2235 541/541
f 819/819 2234/2234 2540/2540
f 2609/2609 819/819 2540/2540
f 540/540 819/819 2609/2609
f 2609/2609 2540/2540 3089/3089
f 2609/2609 3089/3089 2167/2167
f 2167/2167 2287/2287 3010/3010
f 1842/1842 2609/2609 2167/2167
f 2167/2167 959/959 1842/1842
f 959/959 2167/2167 3718/3718
f 349/349 483/483 2755/2755
f 786/786 2755/2755 483/483
f 3073/3073 483/483 349/349
f 3142/3142 3073/3073 349/349
f 483/483 3073/3073 2307/2307
f 3236/3236 2307/2307 3073/3073
f 1108/1108 4347/4347 3073/3073
f 2989/2989 3073/3073 3142/3142
f 1028/1028 4347/4347 1108/1108
f 3073/3073 2989/2989 1108/1108
f 3010/3010 1028/1028 1108/1108
f 3010/3010 1108/1108 2054/2054
f 2989/2989 2054/2054 1108/1108
f 2054/2054 2989/2989 4620/4620
f 1425/1425 2054/2054 4620/4620
f 3412/3412 4620/4620 2944/2944
f 3718/3718 2167/2167 3010/3010
f 1125/1125 3718/3718 3010/3010
f 2054/2054 1425/1425 1125/1125
f 2054/2054 1125/1125 3010/3010
f 1125/1125 1035/1035 3718/3718
f 1125/1125 1425/1425 1035/1035
f 1035/1035 1425/1425 2174/2174
f 1425/1425 4620/4620 3412/3412
f 2944/2944 2278/2278 3412/3412
f 2174/2174 1425/1425 2278/2278
f 1425/1425 3412/3412 2278/2278
f 2989/2989 2944/2944 4620/4620
f 2989/2989 319/319 3394/3394
f 2944/2944 2989/2989 3394/3394
f 2278/2278 2944/2944 3394/3394
f 2278/2278 3394/3394 1905/1905
f 1905/1905 3394/3394 319/319
f 319/319 3719/3719 1905/1905
f 2989/2989 3719/3719 319/319
f 2072/2072 2089/2089 4386/4386
f 2072/2072 646/646 2089/2089
f 2072/2072 4327/4327 646/646
f 3774/3774 4799/4799 4327/4327
f 4053/4053 4799/4799 3774/3774
f 702/702 4799/4799 4053/4053
f 541/541 4386/4386 94/94
f 168/168 4386/4386 541/541
f 540/540 2609/2609 168/168
f 168/168 2609/2609 1842/1842
f 168/168 4327/4327 2072/2072
f 4386/4386 168/168 2072/2072
f 83/83 168/168 1842/1842
f 83/83 1842/1842 959/959
f 83/83 3774/3774 4327/4327
f 4327/4327 168/168 83/83
f 4053/4053 959/959 3582/3582
f 3774/3774 83/83 4053/4053
f 4053/4053 83/83 959/959
f 243/243 3950/3950 2964/2964
f 1847/1847 702/702 1623/1623
f 702/702 3582/3582 3697/3697
f 894/894 3697/3697 3582/3582
f 702/702 1847/1847 4799/4799
f 3950/3950 3697/3697 4029/4029
f 4029/4029 894/894 125/125
f 4029/4029 3697/3697 894/894
f 1623/1623 702/702 3697/3697
f 3582/3582 959/959 1035/1035
f 2174/2174 894/894 1035/1035
f 3582/3582 1035/1035 894/894
f 959/959 3718/3718 1035/1035
f 894/894 2174/2174 125/125
f 2278/2278 125/125 2174/2174
f 702/702 4053/4053 3582/3582
f 220/220 3690/3690 125/125
f 3690/3690 220/220 1185/1185
f 3690/3690 4394/4394 4029/4029
f 3690/3690 4029/4029 125/125
f 3690/3690 1185/1185 2316/2316
f 3690/3690 2316/2316 4394/4394
f 125/125 2278/2278 220/220
f 220/220 2278/2278 1905/1905
f 1905/1905 3719/3719 1185/1185
f 1905/1905 1185/1185 220/220
f 1847/1847 1623/1623 3950/3950
f 3950/3950 1623/1623 3697/3697
f 2964/2964 3950/3950 4029/4029
f 2964/2964 4029/4029 4394/4394
f 2779/2779 3770/3770 2887/2887
f 2887/2887 3770/3770 3922/3922
f 4286/4286 4320/4320 3123/3123
f 3123/3123 4320/4320 2152/2152
f 428/428 4320/4320 1480/1480
f 1337/1337 1480/1480 1595/1595
f 1480/1480 1337/1337 428/428
f 428/428 1337/1337 291/291
f 1337/1337 1595/1595 1297/1297
f 291/291 1337/1337 1297/1297
f 291/291 1297/1297 1368/1368
f 2718/2718 291/291 3822/3822
f 3822/3822 291/291 1368/1368
f 3909/3909 3822/3822 1368/1368
f 3126/3126 818/818 420/420
f 1368/1368 1297/1297 818/818
f 3909/3909 1368/1368 818/818
f 2847/2847 3909/3909 818/818
f 1785/1785 3909/3909 2847/2847
f 1785/1785 3822/3822 3909/3909
f 767/767 3822/3822 1785/1785
f 767/767 1785/1785 4/4
f 2847/2847 818/818 3126/3126
f 2847/2847 3126/3126 1785/1785
f 1785/1785 3126/3126 4234/4234
f 1785/1785 4234/4234 4442/4442
f 4/4 1785/1785 4442/4442
f 2909/2909 411/411 2779/2779
f 4567/4567 411/411 2909/2909
f 4462/4462 411/411 4567/4567
f 4462/4462 4567/4567 852/852
f 2909/2909 2779/2779 4513/4513
f 2779/2779 2887/2887 4513/4513
f 2592/2592 2909/2909 4513/4513
f 1128/1128 4513/4513 2887/2887
f 3922/3922 1093/1093 2887/2887
f 1093/1093 1128/1128 2887/2887
f 1093/1093 3166/3166 1128/1128
f 4567/4567 2909/2909 2592/2592
f 612/612 4567/4567 2592/2592
f 2592/2592 4513/4513 1128/1128
f 2592/2592 1128/1128 612/612
f 612/612 1128/1128 3166/3166
f 631/631 612/612 3166/3166
f 852/852 3740/3740 3716/3716
f 3740/3740 852/852 4567/4567
f 3740/3740 4567/4567 612/612
f 852/852 3716/3716 2875/2875
f 2033/2033 4150/4150 4422/4422
f 3716/3716 3740/3740 2033/2033
f 2665/2665 2033/2033 3740/3740
f 4150/4150 2033/2033 4081/4081
f 2665/2665 4081/4081 2033/2033
f 4150/4150 4081/4081 3461/3461
f 2665/2665 3740/3740 612/612
f 4198/4198 4712/4712 2665/2665
f 4712/4712 4081/4081 2665/2665
f 1482/1482 4081/4081 4712/4712
f 3461/3461 4081/4081 1482/1482
f 3166/3166 1093/1093 525/525
f 3166/3166 525/525 3123/3123
f 3166/3166 3123/3123 2152/2152
f 612/612 631/631 2665/2665
f 2665/2665 631/631 4198/4198
f 51/51 2152/2152 428/428
f 428/428 2152/2152 4320/4320
f 51/51 3166/3166 2152/2152
f 51/51 428/428 3884/3884
f 3884/3884 568/568 51/51
f 51/51 631/631 3166/3166
f 631/631 51/51 568/568
f 4198/4198 631/631 568/568
f 3252/3252 4198/4198 920/920
f 920/920 4198/4198 568/568
f 4325/4325 568/568 3884/3884
f 568/568 4325/4325 920/920
f 3100/3100 920/920 4325/4325
f 3100/3100 4325/4325 1563/1563
f 1563/1563 477/477 3100/3100
f 4712/4712 4198/4198 3252/3252
f 4712/4712 3252/3252 1482/1482
f 1482/1482 3252/3252 3461/3461
f 3252/3252 3966/3966 3461/3461
f 3966/3966 3252/3252 920/920
f 3100/3100 3966/3966 920/920
f 3975/3975 3461/3461 3966/3966
f 3966/3966 3100/3100 3975/3975
f 3975/3975 3100/3100 477/477
f 3461/3461 3975/3975 100/100
f 3461/3461 100/100 1098/1098
f 477/477 100/100 3975/3975
f 4150/4150 3461/3461 2581/2581
f 4742/4742 3461/3461 1098/1098
f 3142/3142 2799/2799 753/753
f 3142/3142 753/753 2140/2140
f 2140/2140 753/753 2799/2799
f 3142/3142 2140/2140 1098/1098
f 1098/1098 2140/2140 2799/2799
f 3884/3884 428/428 2718/2718
f 428/428 291/291 2718/2718
f 3884/3884 2718/2718 4325/4325
f 4325/4325 2718/2718 564/564
f 1563/1563 4325/4325 564/564
f 2718/2718 3822/3822 767/767
f 477/477 1563/1563 1757/1757
f 3609/3609 1757/1757 1563/1563
f 4725/4725 100/100 1757/1757
f 3029/3029 2718/2718 767/767
f 564/564 2718/2718 3029/3029
f 308/308 3029/3029 767/767
f 308/308 1659/1659 3609/3609
f 1563/1563 564/564 3029/3029
f 3609/3609 1563/1563 3029/3029
f 3609/3609 3029/3029 308/308
f 3609/3609 4060/4060 1757/1757
f 4725/4725 1757/1757 4060/4060
f 1659/1659 4060/4060 3609/3609
f 4725/4725 4060/4060 1659/1659
f 1757/1757 100/100 477/477
f 4725/4725 1098/1098 100/100
f 4/4 3067/3067 767/767
f 3067/3067 4/4 478/478
f 308/308 767/767 3067/3067
f 308/308 3067/3067 1659/1659
f 1659/1659 3067/3067 478/478
f 2858/2858 1659/1659 478/478
f 3999/3999 2858/2858 478/478
f 4725/4725 2858/2858 2783/2783
f 2858/2858 4725/4725 1659/1659
f 3999/3999 2783/2783 2858/2858
f 478/478 2930/2930 3999/3999
f 3999/3999 2930/2930 2783/2783
f 712/712 3142/3142 1098/1098
f 2528/2528 712/712 1098/1098
f 2989/2989 3142/3142 712/712
f 74/74 2989/2989 712/712
f 3719/3719 2989/2989 74/74
f 2515/2515 2964/2964 400/400
f 1553/1553 4201/4201 400/400
f 4193/4193 2952/2952 2515/2515
f 4193/4193 2515/2515 400/400
f 400/400 4201/4201 4193/4193
f 3241/3241 2952/2952 4193/4193
f 3309/3309 2305/2305 1820/1820
f 3266/3266 4193/4193 4201/4201
f 3241/3241 4193/4193 3266/3266
f 1820/1820 3631/3631 4201/4201
f 3631/3631 3266/3266 4201/4201
f 3631/3631 1820/1820 2523/2523
f 3719/3719 74/74 1185/1185
f 1185/1185 74/74 4543/4543
f 1185/1185 4543/4543 2316/2316
f 1553/1553 4394/4394 2316/2316
f 1964/1964 1553/1553 2316/2316
f 1820/1820 1553/1553 1964/1964
f 1964/1964 2316/2316 4543/4543
f 1820/1820 1964/1964 3309/3309
f 74/74 712/712 2528/2528
f 4543/4543 74/74 1725/1725
f 1725/1725 74/74 2528/2528
f 4543/4543 3309/3309 1964/1964
f 3309/3309 4543/4543 1725/1725
f 806/806 1725/1725 2528/2528
f 3309/3309 1725/1725 806/806
f 2964/2964 4394/4394 1553/1553
f 2964/2964 1553/1553 400/400
f 1553/1553 1820/1820 4201/4201
f 2528/2528 1098/1098 142/142
f 142/142 806/806 2528/2528
f 806/806 142/142 4780/4780
f 3135/3135 142/142 1098/1098
f 3309/3309 1178/1178 2305/2305
f 1178/1178 3309/3309 806/806
f 2305/2305 2523/2523 1820/1820
f 806/806 4780/4780 1178/1178
f 142/142 3135/3135 4780/4780
f 1552/1552 2142/2142 3036/3036
f 2142/2142 1552/1552 1019/1019
f 4780/4780 2142/2142 1178/1178
f 3036/3036 4780/4780 3135/3135
f 2142/2142 4780/4780 3036/3036
f 2305/2305 1019/1019 2523/2523
f 2305/2305 1178/1178 2142/2142
f 1019/1019 2305/2305 2142/2142
f 2783/2783 1098/1098 4725/4725
f 4375/4375 1243/1243 2823/2823
f 2363/2363 1243/1243 1098/1098
f 3135/3135 1098/1098 1243/1243
f 3036/3036 985/985 1552/1552
f 1826/1826 3036/3036 3135/3135
f 1826/1826 985/985 3036/3036
f 1243/1243 1826/1826 3135/3135
f 4375/4375 1826/1826 1243/1243
f 2516/2516 985/985 1826/1826
f 1232/1232 2636/2636 620/620
f 3815/3815 1232/1232 620/620
f 1232/1232 3815/3815 1041/1041
f 3525/3525 1041/1041 3815/3815
f 2636/2636 3559/3559 620/620
f 3559/3559 884/884 620/620
f 2256/2256 3525/3525 3815/3815
f 1764/1764 259/259 3286/3286
f 620/620 259/259 3815/3815
f 1764/1764 3815/3815 259/259
f 2256/2256 3815/3815 1764/1764
f 259/259 620/620 884/884
f 3836/3836 3526/3526 2257/2257
f 2257/2257 408/408 3836/3836
f 2256/2256 1764/1764 3286/3286
f 3972/3972 3286/3286 1811/1811
f 3972/3972 2256/2256 3286/3286
f 1811/1811 3286/3286 259/259
f 1811/1811 259/259 3424/3424
f 78/78 259/259 884/884
f 3424/3424 259/259 78/78
f 884/884 1334/1334 583/583
f 78/78 884/884 583/583
f 2687/2687 2256/2256 3972/3972
f 1897/1897 3972/3972 1811/1811
f 1897/1897 1811/1811 3424/3424
f 408/408 2257/2257 2688/2688
f 1897/1897 2624/2624 2687/2687
f 2938/2938 1897/1897 3424/3424
f 3972/3972 1897/1897 2687/2687
f 2624/2624 1897/1897 2938/2938
f 365/365 2624/2624 2938/2938
f 365/365 2424/2424 2687/2687
f 365/365 2687/2687 2624/2624
f 408/408 2688/2688 2425/2425
f 2425/2425 1140/1140 408/408
f 215/215 365/365 2935/2935
f 2935/2935 365/365 2938/2938
f 365/365 215/215 2424/2424
f 3424/3424 3830/3830 2938/2938
f 3830/3830 3424/3424 1465/1465
f 3424/3424 78/78 1465/1465
f 78/78 583/583 4147/4147
f 1465/1465 78/78 4147/4147
f 1156/1156 1465/1465 4147/4147
f 2938/2938 3830/3830 746/746
f 746/746 3830/3830 1465/1465
f 2935/2935 2938/2938 746/746
f 1465/1465 1156/1156 3516/3516
f 827/827 2425/2425 214/214
f 1310/1310 215/215 2935/2935
f 1310/1310 3544/3544 215/215
f 297/297 827/827 214/214
f 214/214 3543/3543 297/297
f 746/746 1310/1310 2935/2935
f 1310/1310 746/746 2597/2597
f 4147/4147 583/583 4811/4811
f 4811/4811 411/411 4147/4147
f 4464/4464 2867/2867 4666/4666
f 4465/4465 469/469 2868/2868
f 469/469 4465/4465 2374/2374
f 991/991 469/469 2374/2374
f 4666/4666 2572/2572 1531/1531
f 1531/1531 2572/2572 4243/4243
f 3824/3824 1531/1531 2329/2329
f 1389/1389 3824/3824 2329/2329
f 2822/2822 2374/2374 4465/4465
f 2822/2822 1359/1359 2374/2374
f 3390/3390 1359/1359 2822/2822
f 991/991 2374/2374 1359/1359
f 728/728 991/991 1359/1359
f 4464/4464 4666/4666 3824/3824
f 3824/3824 4666/4666 1531/1531
f 2821/2821 4464/4464 3824/3824
f 3824/3824 2138/2138 2821/2821
f 3391/3391 2821/2821 2138/2138
f 2431/2431 747/747 2409/2409
f 747/747 2431/2431 1122/1122
f 1718/1718 1122/1122 2431/2431
f 1122/1122 1718/1718 4613/4613
f 4613/4613 1640/1640 1122/1122
f 4613/4613 1718/1718 4719/4719
f 991/991 2409/2409 747/747
f 991/991 728/728 2409/2409
f 2409/2409 728/728 2431/2431
f 728/728 1718/1718 2431/2431
f 431/431 1718/1718 728/728
f 2138/2138 2310/2310 3391/3391
f 3824/3824 1389/1389 2138/2138
f 2310/2310 2138/2138 1389/1389
f 3441/3441 1389/1389 1298/1298
f 3441/3441 2310/2310 1389/1389
f 2216/2216 1359/1359 3570/3570
f 3390/3390 3570/3570 1359/1359
f 1041/1041 3391/3391 2310/2310
f 4657/4657 2310/2310 3441/3441
f 1041/1041 2310/2310 4657/4657
f 3570/3570 3390/3390 1042/1042
f 728/728 1359/1359 431/431
f 2216/2216 431/431 1359/1359
f 2088/2088 1718/1718 431/431
f 2088/2088 431/431 4545/4545
f 2216/2216 4545/4545 431/431
f 1750/1750 2216/2216 3570/3570
f 4243/4243 2572/2572 1056/1056
f 1121/1121 1056/1056 2395/2395
f 1504/1504 1056/1056 1121/1121
f 1298/1298 1389/1389 2329/2329
f 4243/4243 1056/1056 1504/1504
f 1298/1298 4243/4243 1504/1504
f 2329/2329 1531/1531 4243/4243
f 2329/2329 4243/4243 1298/1298
f 1523/1523 1298/1298 1504/1504
f 1121/1121 2395/2395 1380/1380
f 1121/1121 1380/1380 1523/1523
f 1380/1380 2970/2970 1523/1523
f 3185/3185 1523/1523 2970/2970
f 2395/2395 3737/3737 1380/1380
f 3864/3864 1380/1380 3737/3737
f 1380/1380 3864/3864 2970/2970
f 3864/3864 3727/3727 778/778
f 619/619 3441/3441 1298/1298
f 619/619 1298/1298 3185/3185
f 1298/1298 1523/1523 3185/3185
f 4657/4657 3441/3441 619/619
f 2970/2970 3031/3031 3185/3185
f 897/897 3185/3185 257/257
f 897/897 257/257 2304/2304
f 257/257 3185/3185 3031/3031
f 3031/3031 4218/4218 257/257
f 1640/1640 3711/3711 1122/1122
f 4719/4719 1640/1640 4613/4613
f 1582/1582 3973/3973 351/351
f 4719/4719 1582/1582 351/351
f 1582/1582 4719/4719 1338/1338
f 4719/4719 351/351 1640/1640
f 1582/1582 1338/1338 366/366
f 1338/1338 4719/4719 2835/2835
f 4719/4719 1718/1718 2835/2835
f 4634/4634 366/366 1338/1338
f 2835/2835 4634/4634 1338/1338
f 4634/4634 2293/2293 366/366
f 4634/4634 787/787 2293/2293
f 2835/2835 3374/3374 4634/4634
f 1722/1722 4568/4568 4058/4058
f 3973/3973 1722/1722 4058/4058
f 684/684 4568/4568 1722/1722
f 3563/3563 4568/4568 684/684
f 3798/3798 1025/1025 4568/4568
f 4390/4390 4216/4216 1025/1025
f 3798/3798 4390/4390 1025/1025
f 4568/4568 3563/3563 3798/3798
f 1395/1395 4390/4390 3798/3798
f 1395/1395 3798/3798 2466/2466
f 787/787 393/393 2293/2293
f 3956/3956 393/393 787/787
f 787/787 3346/3346 3956/3956
f 1362/1362 3956/3956 3346/3346
f 3374/3374 787/787 4634/4634
f 3346/3346 787/787 3374/3374
f 2487/2487 2466/2466 393/393
f 1395/1395 3435/3435 2794/2794
f 3956/3956 2487/2487 393/393
f 1362/1362 2487/2487 3956/3956
f 1123/1123 3435/3435 2487/2487
f 1123/1123 2178/2178 3435/3435
f 2088/2088 2835/2835 1718/1718
f 2088/2088 4427/4427 2835/2835
f 4427/4427 3374/3374 2835/2835
f 4435/4435 4427/4427 2088/2088
f 3060/3060 4427/4427 4435/4435
f 3346/3346 3374/3374 1362/1362
f 3060/3060 3374/3374 4427/4427
f 3060/3060 2314/2314 3374/3374
f 2314/2314 1362/1362 3374/3374
f 1362/1362 1123/1123 2487/2487
f 1123/1123 402/402 2178/2178
f 1362/1362 4778/4778 1123/1123
f 2314/2314 4778/4778 1362/1362
f 1042/1042 3836/3836 3570/3570
f 1750/1750 3570/3570 3836/3836
f 695/695 1750/1750 3836/3836
f 4545/4545 2216/2216 1750/1750
f 1750/1750 1101/1101 4545/4545
f 1101/1101 1750/1750 3109/3109
f 695/695 3109/3109 1750/1750
f 4271/4271 3109/3109 695/695
f 2294/2294 3109/3109 4271/4271
f 3109/3109 2294/2294 3955/3955
f 1291/1291 3955/3955 2294/2294
f 619/619 2636/2636 4657/4657
f 4657/4657 2636/2636 1232/1232
f 4657/4657 1232/1232 1041/1041
f 619/619 3185/3185 3559/3559
f 2636/2636 619/619 3559/3559
f 897/897 3559/3559 3185/3185
f 3526/3526 3836/3836 1042/1042
f 1646/1646 3559/3559 897/897
f 1646/1646 897/897 2318/2318
f 2318/2318 897/897 2304/2304
f 257/257 4068/4068 2304/2304
f 2318/2318 2304/2304 4068/4068
f 4068/4068 1334/1334 2318/2318
f 244/244 1334/1334 4068/4068
f 4218/4218 4068/4068 257/257
f 1334/1334 3559/3559 1646/1646
f 1334/1334 1646/1646 2318/2318
f 3559/3559 1334/1334 884/884
f 994/994 695/695 3836/3836
f 3836/3836 408/408 994/994
f 4678/4678 994/994 408/408
f 2756/2756 695/695 994/994
f 695/695 2756/2756 4271/4271
f 4545/4545 4435/4435 2088/2088
f 4545/4545 1101/1101 4435/4435
f 1101/1101 3060/3060 4435/4435
f 3955/3955 3060/3060 1101/1101
f 3109/3109 3955/3955 1101/1101
f 781/781 1376/1376 3955/3955
f 3955/3955 1376/1376 3060/3060
f 1376/1376 2314/2314 3060/3060
f 1376/1376 3875/3875 2314/2314
f 4206/4206 781/781 3955/3955
f 3401/3401 3955/3955 1291/1291
f 3401/3401 4206/4206 3955/3955
f 4206/4206 3411/3411 781/781
f 1561/1561 3555/3555 2314/2314
f 781/781 3875/3875 1376/1376
f 3411/3411 3875/3875 781/781
f 3411/3411 2/2 3875/3875
f 2/2 2314/2314 3875/3875
f 2/2 1561/1561 2314/2314
f 1040/1040 2/2 3411/3411
f 1040/1040 4580/4580 2/2
f 4580/4580 1561/1561 2/2
f 914/914 3285/3285 3404/3404
f 735/735 914/914 3404/3404
f 3099/3099 4216/4216 172/172
f 914/914 172/172 3285/3285
f 4650/4650 172/172 914/914
f 914/914 735/735 4650/4650
f 4399/4399 172/172 4650/4650
f 4287/4287 2737/2737 172/172
f 3404/3404 1978/1978 735/735
f 2404/2404 4650/4650 735/735
f 604/604 2404/2404 735/735
f 4323/4323 2404/2404 604/604
f 4287/4287 172/172 4399/4399
f 613/613 4323/4323 604/604
f 4323/4323 613/613 2472/2472
f 4323/4323 2472/2472 4507/4507
f 4803/4803 2472/2472 613/613
f 4312/4312 4803/4803 613/613
f 4122/4122 4479/4479 2695/2695
f 4153/4153 4479/4479 4122/4122
f 2949/2949 4479/4479 4153/4153
f 2737/2737 3099/3099 172/172
f 309/309 3099/3099 2737/2737
f 309/309 4122/4122 3099/3099
f 3613/3613 4122/4122 309/309
f 1199/1199 309/309 2737/2737
f 4332/4332 4153/4153 4122/4122
f 3613/3613 4332/4332 4122/4122
f 1199/1199 3613/3613 309/309
f 4153/4153 4332/4332 4042/4042
f 4153/4153 1821/1821 2949/2949
f 4153/4153 4042/4042 1821/1821
f 578/578 2882/2882 1821/1821
f 578/578 1821/1821 4042/4042
f 2737/2737 4287/4287 1199/1199
f 4287/4287 2634/2634 1199/1199
f 3050/3050 1199/1199 2634/2634
f 2465/2465 1199/1199 3050/3050
f 2583/2583 2465/2465 3050/3050
f 3728/3728 2465/2465 2583/2583
f 3728/3728 833/833 2465/2465
f 833/833 916/916 2465/2465
f 49/49 916/916 833/833
f 916/916 3613/3613 1199/1199
f 2465/2465 916/916 1199/1199
f 2650/2650 2472/2472 4803/4803
f 4044/4044 3395/3395 2650/2650
f 3600/3600 833/833 514/514
f 833/833 3395/3395 514/514
f 2076/2076 4332/4332 916/916
f 916/916 4332/4332 3613/3613
f 4749/4749 2076/2076 916/916
f 4749/4749 916/916 49/49
f 2076/2076 4749/4749 4308/4308
f 4308/4308 3217/3217 2076/2076
f 4308/4308 261/261 3217/3217
f 3739/3739 261/261 4308/4308
f 4332/4332 2076/2076 4042/4042
f 4042/4042 2076/2076 3217/3217
f 3217/3217 578/578 4042/4042
f 833/833 3600/3600 49/49
f 3006/3006 49/49 3600/3600
f 3006/3006 4749/4749 49/49
f 3006/3006 1554/1554 4749/4749
f 514/514 3076/3076 3600/3600
f 3600/3600 3076/3076 3006/3006
f 3336/3336 1554/1554 3006/3006
f 3076/3076 3336/3336 3006/3006
f 1554/1554 4308/4308 4749/4749
f 3326/3326 4308/4308 1554/1554
f 4308/4308 3326/3326 3739/3739
f 3739/3739 3326/3326 3083/3083
f 3336/3336 974/974 1554/1554
f 3326/3326 1554/1554 974/974
f 3326/3326 655/655 3083/3083
f 3326/3326 974/974 655/655
f 3083/3083 655/655 410/410
f 2506/2506 4803/4803 4312/4312
f 4044/4044 2650/2650 4803/4803
f 4044/4044 514/514 3395/3395
f 2613/2613 514/514 4044/4044
f 2613/2613 4044/4044 4803/4803
f 4022/4022 4803/4803 2506/2506
f 4022/4022 2613/2613 4803/4803
f 2613/2613 4022/4022 480/480
f 974/974 3336/3336 3076/3076
f 866/866 974/974 3076/3076
f 3076/3076 2613/2613 866/866
f 2613/2613 3076/3076 514/514
f 4668/4668 655/655 974/974
f 4668/4668 974/974 866/866
f 4451/4451 655/655 4668/4668
f 4451/4451 410/410 655/655
f 4640/4640 410/410 4451/4451
f 2713/2713 4640/4640 4451/4451
f 866/866 2613/2613 480/480
f 866/866 480/480 3480/3480
f 3480/3480 4668/4668 866/866
f 4668/4668 2713/2713 4451/4451
f 2713/2713 4668/4668 1339/1339
f 1339/1339 4668/4668 3480/3480
f 1080/1080 1339/1339 3480/3480
f 2713/2713 784/784 4716/4716
f 4022/4022 2506/2506 3671/3671
f 4022/4022 4002/4002 480/480
f 3601/3601 3299/3299 4002/4002
f 3480/3480 480/480 2109/2109
f 1080/1080 3480/3480 2109/2109
f 3759/3759 1080/1080 2109/2109
f 2713/2713 1339/1339 1080/1080
f 2109/2109 480/480 4002/4002
f 2109/2109 4002/4002 3299/3299
f 3759/3759 2109/2109 3299/3299
f 3759/3759 2713/2713 1080/1080
f 2248/2248 3759/3759 3299/3299
f 4731/4731 3635/3635 3759/3759
f 3759/3759 3635/3635 2713/2713
f 3285/3285 4216/4216 4390/4390
f 1395/1395 284/284 4390/4390
f 284/284 1777/1777 4390/4390
f 1777/1777 284/284 4423/4423
f 3285/3285 4390/4390 1777/1777
f 3285/3285 172/172 4216/4216
f 284/284 1395/1395 2794/2794
f 2794/2794 4423/4423 284/284
f 1095/1095 1777/1777 4423/4423
f 1095/1095 4423/4423 2794/2794
f 402/402 823/823 2178/2178
f 3404/3404 3285/3285 1777/1777
f 1777/1777 1095/1095 3404/3404
f 1989/1989 3404/3404 1095/1095
f 1839/1839 3404/3404 1989/1989
f 2695/2695 4216/4216 3099/3099
f 4122/4122 2695/2695 3099/3099
f 2675/2675 2695/2695 989/989
f 2695/2695 4479/4479 989/989
f 4778/4778 402/402 1123/1123
f 809/809 402/402 3569/3569
f 809/809 3569/3569 3242/3242
f 4778/4778 3569/3569 402/402
f 1989/1989 809/809 1839/1839
f 2387/2387 809/809 3242/3242
f 809/809 2387/2387 1839/1839
f 1839/1839 1978/1978 3404/3404
f 1839/1839 2387/2387 1978/1978
f 1681/1681 1978/1978 2387/2387
f 3569/3569 2387/2387 3242/3242
f 364/364 2387/2387 3569/3569
f 1681/1681 2387/2387 364/364
f 735/735 1978/1978 1681/1681
f 1681/1681 364/364 604/604
f 4778/4778 2314/2314 3555/3555
f 3569/3569 4778/4778 364/364
f 3555/3555 364/364 4778/4778
f 4312/4312 604/604 364/364
f 4312/4312 364/364 3555/3555
f 604/604 735/735 1681/1681
f 4312/4312 613/613 604/604
f 989/989 4479/4479 2949/2949
f 2949/2949 1012/1012 3477/3477
f 1821/1821 1012/1012 2949/2949
f 1012/1012 4342/4342 3477/3477
f 4312/4312 3555/3555 2237/2237
f 1561/1561 2039/2039 3555/3555
f 2039/2039 2506/2506 3555/3555
f 2506/2506 4312/4312 2237/2237
f 2506/2506 2237/2237 3555/3555
f 3671/3671 2506/2506 2039/2039
f 2039/2039 4166/4166 3671/3671
f 1561/1561 2833/2833 2039/2039
f 2596/2596 2039/2039 2833/2833
f 1561/1561 4580/4580 2833/2833
f 2039/2039 2596/2596 4166/4166
f 454/454 3671/3671 4166/4166
f 4166/4166 2596/2596 454/454
f 2596/2596 373/373 454/454
f 454/454 4022/4022 3671/3671
f 373/373 1762/1762 454/454
f 1762/1762 4022/4022 454/454
f 3635/3635 784/784 2713/2713
f 3646/3646 1808/1808 784/784
f 777/777 784/784 3635/3635
f 777/777 3646/3646 784/784
f 4645/4645 1808/1808 3646/3646
f 3646/3646 1283/1283 4645/4645
f 2353/2353 1291/1291 2294/2294
f 2756/2756 994/994 4678/4678
f 4597/4597 2756/2756 4678/4678
f 4597/4597 4271/4271 2756/2756
f 1140/1140 4678/4678 408/408
f 4597/4597 4678/4678 1140/1140
f 1242/1242 4597/4597 1140/1140
f 2880/2880 1452/1452 4271/4271
f 2880/2880 4271/4271 4597/4597
f 1452/1452 2294/2294 4271/4271
f 4597/4597 1242/1242 2880/2880
f 1452/1452 4431/4431 3967/3967
f 4431/4431 1452/1452 2880/2880
f 1452/1452 3647/3647 2294/2294
f 2353/2353 2294/2294 3647/3647
f 1452/1452 3967/3967 3647/3647
f 827/827 1140/1140 2425/2425
f 1140/1140 2113/2113 1242/1242
f 827/827 297/297 1524/1524
f 2113/2113 1140/1140 827/827
f 827/827 1524/1524 2113/2113
f 2880/2880 1875/1875 4431/4431
f 831/831 2209/2209 3312/3312
f 1875/1875 2880/2880 1242/1242
f 2113/2113 1875/1875 1242/1242
f 3312/3312 1875/1875 2113/2113
f 1524/1524 3312/3312 2113/2113
f 3312/3312 2209/2209 4431/4431
f 3968/3968 1524/1524 297/297
f 3027/3027 3968/3968 297/297
f 2673/2673 3312/3312 1524/1524
f 831/831 3312/3312 2673/2673
f 1524/1524 3968/3968 2673/2673
f 3968/3968 1021/1021 2673/2673
f 2209/2209 3967/3967 4431/4431
f 2209/2209 3647/3647 3967/3967
f 1431/1431 3647/3647 2209/2209
f 831/831 1431/1431 2209/2209
f 2353/2353 3647/3647 1431/1431
f 4537/4537 1431/1431 831/831
f 1431/1431 4537/4537 1033/1033
f 4537/4537 3128/3128 1033/1033
f 2060/2060 1033/1033 3128/3128
f 2673/2673 1021/1021 831/831
f 3128/3128 4537/4537 831/831
f 831/831 1021/1021 3128/3128
f 1431/1431 1033/1033 2353/2353
f 1033/1033 3515/3515 2353/2353
f 2353/2353 3401/3401 1291/1291
f 2353/2353 3990/3990 3401/3401
f 4206/4206 3401/3401 3990/3990
f 1040/1040 3411/3411 4206/4206
f 3990/3990 1040/1040 4206/4206
f 630/630 3990/3990 1007/1007
f 73/73 3990/3990 630/630
f 3953/3953 4580/4580 1040/1040
f 3953/3953 1040/1040 3990/3990
f 2192/2192 4580/4580 3953/3953
f 804/804 2192/2192 3953/3953
f 1007/1007 3990/3990 2353/2353
f 630/630 1007/1007 3515/3515
f 452/452 630/630 3515/3515
f 1429/1429 73/73 452/452
f 452/452 73/73 630/630
f 1429/1429 4338/4338 73/73
f 1429/1429 452/452 1873/1873
f 1873/1873 3026/3026 1429/1429
f 3953/3953 3990/3990 73/73
f 3742/3742 3953/3953 73/73
f 4338/4338 3742/3742 73/73
f 3742/3742 804/804 3953/3953
f 550/550 2192/2192 804/804
f 1828/1828 550/550 804/804
f 788/788 4338/4338 1429/1429
f 788/788 3742/3742 4338/4338
f 3026/3026 788/788 1429/1429
f 3026/3026 3742/3742 788/788
f 1828/1828 804/804 3742/3742
f 2850/2850 1828/1828 3742/3742
f 2353/2353 3515/3515 1007/1007
f 3797/3797 3515/3515 1033/1033
f 1873/1873 3515/3515 3797/3797
f 1873/1873 452/452 3515/3515
f 1956/1956 3968/3968 3027/3027
f 1956/1956 1021/1021 3968/3968
f 2060/2060 3128/3128 1021/1021
f 2060/2060 1021/1021 1956/1956
f 1913/1913 2060/2060 1956/1956
f 1913/1913 1956/1956 1816/1816
f 2060/2060 1913/1913 1033/1033
f 3797/3797 1033/1033 1913/1913
f 3797/3797 1913/1913 3473/3473
f 4134/4134 3742/3742 3026/3026
f 3742/3742 4134/4134 2850/2850
f 4134/4134 3634/3634 2850/2850
f 4134/4134 759/759 3634/3634
f 1463/1463 4134/4134 3026/3026
f 759/759 4134/4134 3868/3868
f 3634/3634 759/759 86/86
f 4783/4783 1873/1873 3797/3797
f 3117/3117 3026/3026 1873/1873
f 3026/3026 3117/3117 1463/1463
f 3117/3117 1873/1873 4783/4783
f 4784/4784 4639/4639 3118/3118
f 3007/3007 3118/3118 4639/4639
f 3868/3868 4134/4134 1463/1463
f 86/86 759/759 3868/3868
f 2248/2248 3299/3299 3601/3601
f 2248/2248 4731/4731 3759/3759
f 4578/4578 4731/4731 2248/2248
f 10/10 4580/4580 2192/2192
f 10/10 2833/2833 4580/4580
f 2833/2833 4515/4515 2596/2596
f 4515/4515 2833/2833 10/10
f 3965/3965 4515/4515 10/10
f 588/588 10/10 2192/2192
f 10/10 588/588 3965/3965
f 2596/2596 4515/4515 4796/4796
f 4796/4796 373/373 2596/2596
f 1326/1326 1762/1762 373/373
f 4515/4515 3965/3965 4796/4796
f 1067/1067 4796/4796 3965/3965
f 304/304 4796/4796 1067/1067
f 304/304 71/71 4796/4796
f 3710/3710 1326/1326 373/373
f 71/71 373/373 4796/4796
f 3710/3710 373/373 71/71
f 2192/2192 550/550 588/588
f 4358/4358 1067/1067 588/588
f 588/588 550/550 1828/1828
f 4358/4358 588/588 1828/1828
f 588/588 1067/1067 3965/3965
f 1828/1828 2850/2850 4358/4358
f 877/877 1067/1067 4358/4358
f 877/877 4587/4587 1067/1067
f 1067/1067 71/71 304/304
f 71/71 1067/1067 1051/1051
f 939/939 1326/1326 3710/3710
f 1051/1051 3710/3710 71/71
f 1067/1067 4587/4587 1051/1051
f 4131/4131 3710/3710 1051/1051
f 4443/4443 4022/4022 1762/1762
f 1326/1326 4443/4443 1762/1762
f 4663/4663 4002/4002 4022/4022
f 4663/4663 3601/3601 4002/4002
f 4443/4443 4663/4663 4022/4022
f 4663/4663 4443/4443 1170/1170
f 1024/1024 4663/4663 1170/1170
f 262/262 4663/4663 1024/1024
f 468/468 3635/3635 4731/4731
f 2248/2248 3601/3601 4578/4578
f 4731/4731 4578/4578 468/468
f 3791/3791 777/777 468/468
f 3635/3635 468/468 777/777
f 3791/3791 4691/4691 777/777
f 4691/4691 1214/1214 777/777
f 262/262 3601/3601 4663/4663
f 4578/4578 3601/3601 262/262
f 379/379 4578/4578 262/262
f 379/379 468/468 4578/4578
f 4566/4566 379/379 262/262
f 3024/3024 468/468 379/379
f 4691/4691 3791/3791 269/269
f 1214/1214 3509/3509 3646/3646
f 1214/1214 3646/3646 777/777
f 1283/1283 3646/3646 3509/3509
f 269/269 3509/3509 1214/1214
f 269/269 270/270 3509/3509
f 4691/4691 269/269 1214/1214
f 3509/3509 270/270 1528/1528
f 2635/2635 1528/1528 270/270
f 2635/2635 2726/2726 1528/1528
f 269/269 3791/3791 341/341
f 341/341 4171/4171 269/269
f 4171/4171 270/270 269/269
f 4171/4171 2635/2635 270/270
f 1326/1326 939/939 4443/4443
f 939/939 1170/1170 4443/4443
f 1024/1024 1170/1170 939/939
f 4566/4566 262/262 1024/1024
f 1024/1024 4606/4606 4566/4566
f 3710/3710 4131/4131 939/939
f 1024/1024 939/939 4131/4131
f 2781/2781 4606/4606 1024/1024
f 1233/1233 4566/4566 4606/4606
f 1233/1233 4606/4606 2781/2781
f 1603/1603 1233/1233 2781/2781
f 4519/4519 1233/1233 1603/1603
f 379/379 4566/4566 3024/3024
f 1233/1233 3024/3024 4566/4566
f 3024/3024 3791/3791 468/468
f 1197/1197 3791/3791 3024/3024
f 1197/1197 3024/3024 1233/1233
f 4519/4519 1197/1197 1233/1233
f 1197/1197 341/341 3791/3791
f 2727/2727 4171/4171 341/341
f 3849/3849 341/341 1197/1197
f 341/341 3849/3849 2727/2727
f 2635/2635 4171/4171 2726/2726
f 2727/2727 4709/4709 4171/4171
f 3502/3502 4709/4709 2727/2727
f 3502/3502 1733/1733 4709/4709
f 4138/4138 1733/1733 3502/3502
f 4358/4358 4000/4000 877/877
f 3634/3634 4358/4358 2850/2850
f 4000/4000 4358/4358 3634/3634
f 145/145 3979/3979 877/877
f 145/145 877/877 4000/4000
f 3062/3062 145/145 4000/4000
f 3634/3634 3062/3062 4000/4000
f 4260/4260 3062/3062 3634/3634
f 4089/4089 3979/3979 145/145
f 4108/4108 3979/3979 4089/4089
f 4089/4089 145/145 2137/2137
f 275/275 4108/4108 4089/4089
f 145/145 3062/3062 2137/2137
f 2215/2215 4131/4131 1051/1051
f 3305/3305 4131/4131 2215/2215
f 481/481 2215/2215 1051/1051
f 1686/1686 2215/2215 481/481
f 3305/3305 2215/2215 1686/1686
f 481/481 877/877 3979/3979
f 481/481 4587/4587 877/877
f 481/481 1051/1051 4587/4587
f 1885/1885 481/481 1969/1969
f 481/481 3979/3979 1969/1969
f 4108/4108 1969/1969 3979/3979
f 4108/4108 1885/1885 1969/1969
f 3689/3689 481/481 1885/1885
f 481/481 3689/3689 1686/1686
f 1686/1686 3689/3689 3354/3354
f 4260/4260 4582/4582 2137/2137
f 86/86 4260/4260 3634/3634
f 4260/4260 86/86 3321/3321
f 3320/3320 87/87 1919/1919
f 2587/2587 2498/2498 4582/4582
f 2587/2587 4582/4582 4260/4260
f 275/275 3280/3280 977/977
f 2568/2568 977/977 3280/3280
f 3280/3280 275/275 2137/2137
f 2137/2137 4582/4582 3280/3280
f 2568/2568 3280/3280 4582/4582
f 2587/2587 4260/4260 3629/3629
f 4260/4260 3321/3321 3629/3629
f 4354/4354 2499/2499 2586/2586
f 4582/4582 2498/2498 2568/2568
f 2569/2569 2499/2499 874/874
f 1885/1885 4108/4108 275/275
f 977/977 1885/1885 275/275
f 977/977 2534/2534 1885/1885
f 3199/3199 2534/2534 977/977
f 2568/2568 3199/3199 977/977
f 2534/2534 3689/3689 1885/1885
f 2534/2534 3354/3354 3689/3689
f 2356/2356 3354/3354 2534/2534
f 3199/3199 2356/2356 2534/2534
f 94/94 2356/2356 3199/3199
f 924/924 2569/2569 874/874
f 2235/2235 3199/3199 2568/2568
f 2569/2569 2540/2540 2234/2234
f 3305/3305 1024/1024 4131/4131
f 183/183 1024/1024 3305/3305
f 576/576 4519/4519 1603/1603
f 1603/1603 2781/2781 183/183
f 183/183 2781/2781 1024/1024
f 3354/3354 3305/3305 1686/1686
f 3305/3305 3354/3354 183/183
f 3354/3354 1412/1412 183/183
f 183/183 1412/1412 1699/1699
f 2888/2888 1603/1603 1699/1699
f 1699/1699 1603/1603 183/183
f 2888/2888 576/576 1603/1603
f 1197/1197 4519/4519 3849/3849
f 576/576 3849/3849 4519/4519
f 646/646 576/576 2888/2888
f 3478/3478 576/576 646/646
f 3478/3478 3849/3849 576/576
f 1412/1412 3354/3354 2356/2356
f 1136/1136 1699/1699 1412/1412
f 1699/1699 1136/1136 2888/2888
f 2089/2089 2888/2888 1136/1136
f 1136/1136 1412/1412 2356/2356
f 2356/2356 94/94 1136/1136
f 1136/1136 94/94 4386/4386
f 1136/1136 4386/4386 2089/2089
f 646/646 2888/2888 2089/2089
f 3478/3478 1847/1847 3849/3849
f 4799/4799 1847/1847 3478/3478
f 4327/4327 3478/3478 646/646
f 4327/4327 4799/4799 3478/3478
f 3502/3502 2727/2727 3849/3849
f 1847/1847 3502/3502 3849/3849
f 1847/1847 243/243 3502/3502
f 1847/1847 3950/3950 243/243
f 243/243 2964/2964 2515/2515
f 243/243 4138/4138 3502/3502
f 2515/2515 4138/4138 243/243
f 2969/2969 778/778 3727/3727
f 2969/2969 856/856 778/778
f 856/856 2969/2969 3198/3198
f 856/856 3272/3272 778/778
f 856/856 3198/3198 3272/3272
f 3198/3198 2969/2969 3287/3287
f 2970/2970 3864/3864 778/778
f 2970/2970 778/778 3272/3272
f 3031/3031 3272/3272 3198/3198
f 3287/3287 2969/2969 3642/3642
f 3287/3287 3642/3642 2331/2331
f 1995/1995 3198/3198 3287/3287
f 2331/2331 3642/3642 419/419
f 1995/1995 3287/3287 2331/2331
f 3031/3031 3198/3198 1995/1995
f 3031/3031 1995/1995 175/175
f 1995/1995 2331/2331 419/419
f 175/175 1995/1995 419/419
f 4218/4218 3031/3031 4454/4454
f 1493/1493 4218/4218 4454/4454
f 3695/3695 1493/1493 4454/4454
f 3707/3707 4218/4218 1493/1493
f 3707/3707 1493/1493 3695/3695
f 2970/2970 3272/3272 3031/3031
f 4454/4454 3031/3031 15/15
f 3695/3695 4454/4454 15/15
f 15/15 3031/3031 175/175
f 889/889 15/15 175/175
f 3695/3695 15/15 889/889
f 258/258 3707/3707 889/889
f 3707/3707 3695/3695 889/889
f 258/258 244/244 3707/3707
f 419/419 911/911 4157/4157
f 4157/4157 911/911 721/721
f 4157/4157 721/721 1749/1749
f 3271/3271 4157/4157 1749/1749
f 3575/3575 4157/4157 3271/3271
f 3575/3575 3271/3271 4084/4084
f 2171/2171 419/419 4157/4157
f 2171/2171 4157/4157 3575/3575
f 2171/2171 3575/3575 4145/4145
f 4145/4145 3575/3575 4084/4084
f 4084/4084 3045/3045 4145/4145
f 889/889 175/175 4753/4753
f 419/419 2171/2171 175/175
f 175/175 2171/2171 4753/4753
f 4753/4753 2171/2171 4145/4145
f 4145/4145 2457/2457 2611/2611
f 4145/4145 2611/2611 4753/4753
f 4378/4378 4753/4753 2611/2611
f 258/258 889/889 4753/4753
f 258/258 4753/4753 4378/4378
f 244/244 258/258 1488/1488
f 258/258 4378/4378 1488/1488
f 4378/4378 2611/2611 2457/2457
f 2457/2457 4145/4145 2086/2086
f 4378/4378 2457/2457 1488/1488
f 1488/1488 2457/2457 2302/2302
f 2457/2457 2086/2086 2302/2302
f 1488/1488 2302/2302 3255/3255
f 1749/1749 629/629 3271/3271
f 3271/3271 629/629 1118/1118
f 4084/4084 3271/3271 3047/3047
f 1209/1209 1118/1118 3785/3785
f 3785/3785 1118/1118 629/629
f 3047/3047 3271/3271 1118/1118
f 3047/3047 1118/1118 3045/3045
f 3045/3045 1118/1118 1209/1209
f 3045/3045 1209/1209 1202/1202
f 1443/1443 3785/3785 2471/2471
f 3785/3785 1443/1443 1209/1209
f 4305/4305 1202/1202 1443/1443
f 4763/4763 3045/3045 1202/1202
f 4763/4763 4145/4145 3045/3045
f 4763/4763 1202/1202 4305/4305
f 4763/4763 4305/4305 2086/2086
f 4763/4763 2086/2086 4145/4145
f 3707/3707 4068/4068 4218/4218
f 244/244 4068/4068 3707/3707
f 244/244 880/880 1334/1334
f 583/583 1334/1334 4811/4811
f 4811/4811 1334/1334 880/880
f 411/411 4811/4811 2779/2779
f 880/880 244/244 3770/3770
f 4811/4811 880/880 3770/3770
f 2779/2779 4811/4811 3770/3770
f 4286/4286 3922/3922 3770/3770
f 4121/4121 244/244 751/751
f 244/244 1488/1488 751/751
f 751/751 1488/1488 3255/3255
f 3770/3770 244/244 4121/4121
f 3770/3770 4121/4121 4286/4286
f 3922/3922 4286/4286 3123/3123
f 1093/1093 3922/3922 525/525
f 3123/3123 525/525 3922/3922
f 4121/4121 751/751 4286/4286
f 751/751 4320/4320 4286/4286
f 3247/3247 751/751 3255/3255
f 1874/1874 751/751 3247/3247
f 1874/1874 4320/4320 751/751
f 1480/1480 4320/4320 1874/1874
f 3255/3255 2302/2302 4433/4433
f 1861/1861 4433/4433 2302/2302
f 3255/3255 4433/4433 55/55
f 494/494 1443/1443 189/189
f 4305/4305 1443/1443 494/494
f 4305/4305 494/494 98/98
f 494/494 189/189 3341/3341
f 3341/3341 98/98 494/494
f 98/98 3341/3341 840/840
f 1421/1421 97/97 636/636
f 97/97 3341/3341 636/636
f 840/840 3341/3341 97/97
f 2706/2706 840/840 97/97
f 3496/3496 4305/4305 98/98
f 1861/1861 2086/2086 4305/4305
f 4305/4305 3496/3496 1861/1861
f 840/840 3496/3496 98/98
f 2706/2706 3496/3496 840/840
f 1861/1861 3496/3496 1941/1941
f 2706/2706 1941/1941 3496/3496
f 1941/1941 2706/2706 13/13
f 1654/1654 2729/2729 1369/1369
f 1654/1654 1421/1421 2729/2729
f 1369/1369 2729/2729 3107/3107
f 97/97 1421/1421 1654/1654
f 3505/3505 97/97 1654/1654
f 3505/3505 2706/2706 97/97
f 4467/4467 3505/3505 1654/1654
f 4467/4467 1654/1654 1369/1369
f 1369/1369 1812/1812 3861/3861
f 1284/1284 1369/1369 3861/3861
f 1369/1369 1284/1284 4467/4467
f 1284/1284 3861/3861 2330/2330
f 13/13 2706/2706 3505/3505
f 3505/3505 3340/3340 13/13
f 3505/3505 4467/4467 3340/3340
f 2807/2807 4467/4467 1284/1284
f 2807/2807 3340/3340 4467/4467
f 3340/3340 2807/2807 1284/1284
f 1284/1284 3332/3332 3340/3340
f 2302/2302 2086/2086 1861/1861
f 13/13 1861/1861 1941/1941
f 1861/1861 13/13 4433/4433
f 3340/3340 4433/4433 13/13
f 4433/4433 3340/3340 3332/3332
f 3683/3683 4433/4433 3332/3332
f 2330/2330 3861/3861 3270/3270
f 2330/2330 3270/3270 1435/1435
f 2330/2330 1435/1435 685/685
f 685/685 1435/1435 4636/4636
f 1284/1284 2330/2330 685/685
f 1284/1284 685/685 3332/3332
f 1487/1487 685/685 4636/4636
f 1435/1435 3270/3270 4636/4636
f 4636/4636 3270/3270 2328/2328
f 1736/1736 3994/3994 4242/4242
f 2328/2328 4242/4242 3994/3994
f 1487/1487 2328/2328 3994/3994
f 4636/4636 2328/2328 1487/1487
f 3994/3994 1736/1736 347/347
f 347/347 1713/1713 3994/3994
f 347/347 2716/2716 1713/1713
f 347/347 1736/1736 2090/2090
f 1487/1487 3994/3994 1713/1713
f 685/685 1487/1487 3332/3332
f 3683/3683 3332/3332 1487/1487
f 1713/1713 1177/1177 1487/1487
f 1177/1177 1713/1713 150/150
f 150/150 1713/1713 3627/3627
f 3247/3247 3255/3255 55/55
f 55/55 4433/4433 2600/2600
f 2600/2600 4433/4433 4120/4120
f 1874/1874 3247/3247 1595/1595
f 3247/3247 55/55 1595/1595
f 1595/1595 55/55 2600/2600
f 1480/1480 1874/1874 1595/1595
f 1595/1595 2600/2600 1297/1297
f 4433/4433 3683/3683 4120/4120
f 4120/4120 3683/3683 2780/2780
f 3683/3683 4520/4520 2780/2780
f 1487/1487 4520/4520 3683/3683
f 2780/2780 2600/2600 4120/4120
f 2780/2780 1297/1297 2600/2600
f 2021/2021 1297/1297 2780/2780
f 818/818 1297/1297 2021/2021
f 2780/2780 4520/4520 2021/2021
f 2021/2021 4520/4520 2857/2857
f 2857/2857 818/818 2021/2021
f 4520/4520 1487/1487 2857/2857
f 2857/2857 1487/1487 1177/1177
f 1177/1177 420/420 2857/2857
f 2857/2857 420/420 818/818
f 4138/4138 2952/2952 1733/1733
f 2515/2515 2952/2952 4138/4138
f 747/747 1122/1122 3711/3711
f 1121/1121 1523/1523 1504/1504
f 1640/1640 2335/2335 3711/3711
f 3973/3973 2335/2335 351/351
f 351/351 2335/2335 1640/1640
f 366/366 2293/2293 3973/3973
f 3973/3973 1582/1582 366/366
f 2293/2293 1722/1722 3973/3973
f 2293/2293 684/684 1722/1722
f 393/393 684/684 2293/2293
f 3563/3563 684/684 403/403
f 393/393 403/403 684/684
f 403/403 2466/2466 3563/3563
f 3563/3563 2466/2466 3798/3798
f 393/393 2466/2466 403/403
f 3435/3435 2466/2466 2487/2487
f 1395/1395 2466/2466 3435/3435
f 2178/2178 2794/2794 3435/3435
f 3369/3369 4399/4399 4650/4650
f 2404/2404 3369/3369 4650/4650
f 4323/4323 3369/3369 2404/2404
f 4507/4507 4287/4287 4399/4399
f 4507/4507 4399/4399 3369/3369
f 4323/4323 4507/4507 3369/3369
f 4185/4185 2634/2634 4287/4287
f 2472/2472 4185/4185 4507/4507
f 4507/4507 4185/4185 4287/4287
f 2583/2583 3050/3050 4185/4185
f 3050/3050 2634/2634 4185/4185
f 4185/4185 2472/2472 2650/2650
f 4185/4185 2650/2650 2583/2583
f 3728/3728 2583/2583 3395/3395
f 2650/2650 3395/3395 2583/2583
f 833/833 3728/3728 3395/3395
f 3008/3008 1095/1095 2794/2794
f 823/823 2794/2794 2178/2178
f 2794/2794 823/823 3008/3008
f 809/809 3008/3008 823/823
f 402/402 809/809 823/823
f 1989/1989 1095/1095 809/809
f 1095/1095 3008/3008 809/809
f 4431/4431 1875/1875 3312/3312
f 4260/4260 2137/2137 3062/3062
f 4089/4089 2137/2137 275/275
f 3045/3045 4084/4084 3047/3047
f 1202/1202 1209/1209 1443/1443
f 189/189 636/636 3341/3341
f 3126/3126 420/420 2299/2299
f 4234/4234 3126/3126 2299/2299
f 2299/2299 3221/3221 859/859
f 4234/4234 2299/2299 859/859
f 4234/4234 859/859 2372/2372
f 2288/2288 691/691 3398/3398
f 3528/3528 3398/3398 641/641
f 4445/4445 859/859 2288/2288
f 4445/4445 2288/2288 3398/3398
f 2372/2372 859/859 4445/4445
f 4445/4445 3398/3398 3528/3528
f 4514/4514 4445/4445 2430/2430
f 3528/3528 2430/2430 4445/4445
f 1949/1949 4514/4514 2430/2430
f 2372/2372 4442/4442 4234/4234
f 4514/4514 4442/4442 2372/2372
f 3748/3748 4442/4442 4514/4514
f 478/478 4/4 426/426
f 2930/2930 478/478 426/426
f 4442/4442 3748/3748 4/4
f 3748/3748 426/426 4/4
f 4786/4786 426/426 3748/3748
f 4786/4786 2930/2930 426/426
f 2930/2930 4786/4786 2783/2783
f 4514/4514 2372/2372 4445/4445
f 4514/4514 1949/1949 3748/3748
f 3748/3748 1949/1949 1105/1105
f 4786/4786 3748/3748 1105/1105
f 1105/1105 2590/2590 4786/4786
f 3398/3398 691/691 3900/3900
f 641/641 3398/3398 3900/3900
f 641/641 3900/3900 4195/4195
f 641/641 4195/4195 4054/4054
f 2430/2430 3528/3528 641/641
f 2430/2430 641/641 4054/4054
f 1949/1949 2430/2430 4054/4054
f 1105/1105 1949/1949 444/444
f 3900/3900 635/635 406/406
f 406/406 635/635 1765/1765
f 1765/1765 533/533 406/406
f 2590/2590 1105/1105 3301/3301
f 2783/2783 4786/4786 2590/2590
f 3900/3900 406/406 4195/4195
f 1876/1876 4054/4054 4195/4195
f 406/406 533/533 4195/4195
f 4195/4195 533/533 1876/1876
f 4054/4054 1876/1876 1949/1949
f 1503/1503 1949/1949 1876/1876
f 1503/1503 1876/1876 862/862
f 1503/1503 862/862 3918/3918
f 1876/1876 4549/4549 862/862
f 4549/4549 1876/1876 4159/4159
f 3918/3918 862/862 4549/4549
f 4549/4549 2771/2771 3918/3918
f 4549/4549 4159/4159 3359/3359
f 2771/2771 4549/4549 3359/3359
f 3301/3301 1105/1105 444/444
f 3301/3301 444/444 779/779
f 2590/2590 3301/3301 779/779
f 1503/1503 444/444 1949/1949
f 1503/1503 3547/3547 444/444
f 779/779 444/444 3547/3547
f 779/779 4179/4179 2590/2590
f 3547/3547 4802/4802 779/779
f 779/779 4802/4802 4179/4179
f 4179/4179 2783/2783 2590/2590
f 3547/3547 1503/1503 3918/3918
f 3918/3918 4802/4802 3547/3547
f 4802/4802 3918/3918 2771/2771
f 3350/3350 2771/2771 3359/3359
f 2783/2783 4179/4179 2363/2363
f 4179/4179 4802/4802 3350/3350
f 3350/3350 4802/4802 2771/2771
f 533/533 1765/1765 2183/2183
f 429/429 2183/2183 1765/1765
f 3684/3684 2183/2183 429/429
f 3433/3433 4459/4459 429/429
f 154/154 429/429 4459/4459
f 3684/3684 429/429 154/154
f 3684/3684 154/154 2800/2800
f 2532/2532 983/983 3658/3658
f 3658/3658 526/526 2532/2532
f 526/526 3658/3658 661/661
f 2422/2422 526/526 661/661
f 2532/2532 4459/4459 983/983
f 2532/2532 154/154 4459/4459
f 154/154 2532/2532 2422/2422
f 2422/2422 2800/2800 154/154
f 2283/2283 2800/2800 1738/1738
f 1738/1738 2800/2800 2422/2422
f 2532/2532 526/526 2422/2422
f 1738/1738 2422/2422 632/632
f 2204/2204 1738/1738 632/632
f 2204/2204 632/632 445/445
f 2204/2204 445/445 3928/3928
f 432/432 3928/3928 445/445
f 3928/3928 432/432 3325/3325
f 2183/2183 1876/1876 533/533
f 3684/3684 1876/1876 2183/2183
f 4159/4159 1876/1876 3684/3684
f 3826/3826 4159/4159 3684/3684
f 2758/2758 4159/4159 3826/3826
f 3359/3359 4159/4159 2758/2758
f 3359/3359 2810/2810 3350/3350
f 506/506 2758/2758 3826/3826
f 2810/2810 2758/2758 506/506
f 3359/3359 2758/2758 2810/2810
f 2810/2810 4288/4288 4179/4179
f 506/506 4288/4288 2810/2810
f 3826/3826 3684/3684 2800/2800
f 3826/3826 2800/2800 1690/1690
f 506/506 3826/3826 1690/1690
f 1466/1466 4179/4179 4288/4288
f 506/506 1690/1690 1228/1228
f 4288/4288 506/506 1228/1228
f 4288/4288 1228/1228 1466/1466
f 1466/1466 1228/1228 4047/4047
f 4179/4179 3350/3350 2810/2810
f 1690/1690 2800/2800 2283/2283
f 1690/1690 2283/2283 2720/2720
f 1228/1228 1690/1690 2720/2720
f 2720/2720 4047/4047 1228/1228
f 3375/3375 4047/4047 2720/2720
f 2769/2769 4047/4047 3375/3375
f 2283/2283 1738/1738 2204/2204
f 2204/2204 2720/2720 2283/2283
f 2720/2720 2204/2204 3928/3928
f 3928/3928 3375/3375 2720/2720
f 1466/1466 2363/2363 4179/4179
f 1466/1466 948/948 2363/2363
f 2769/2769 1466/1466 4047/4047
f 3928/3928 3325/3325 3375/3375
f 2769/2769 3375/3375 3325/3325
f 1466/1466 2769/2769 899/899
f 1098/1098 2783/2783 2363/2363
f 632/632 2422/2422 1519/1519
f 2422/2422 661/661 1519/1519
f 1519/1519 2052/2052 632/632
f 661/661 58/58 1519/1519
f 2052/2052 1519/1519 58/58
f 2664/2664 4696/4696 58/58
f 58/58 4696/4696 2059/2059
f 58/58 2059/2059 2052/2052
f 2052/2052 2059/2059 3451/3451
f 2740/2740 4556/4556 361/361
f 4556/4556 2740/2740 4735/4735
f 2231/2231 4696/4696 361/361
f 2059/2059 4696/4696 2231/2231
f 361/361 4556/4556 2231/2231
f 2231/2231 4556/4556 4477/4477
f 4477/4477 4556/4556 4735/4735
f 182/182 2059/2059 2231/2231
f 182/182 2231/2231 4477/4477
f 4735/4735 3857/3857 4477/4477
f 4735/4735 895/895 3857/3857
f 445/445 632/632 3451/3451
f 632/632 2052/2052 3451/3451
f 182/182 3451/3451 2059/2059
f 3451/3451 182/182 4211/4211
f 445/445 3451/3451 4211/4211
f 432/432 336/336 3325/3325
f 336/336 432/432 725/725
f 445/445 725/725 432/432
f 336/336 725/725 292/292
f 4211/4211 182/182 760/760
f 760/760 182/182 4477/4477
f 930/930 760/760 4477/4477
f 4477/4477 3857/3857 930/930
f 2878/2878 760/760 930/930
f 2661/2661 930/930 3857/3857
f 2878/2878 930/930 2661/2661
f 2878/2878 4211/4211 760/760
f 3777/3777 4211/4211 2878/2878
f 1481/1481 2878/2878 2661/2661
f 3777/3777 2878/2878 1481/1481
f 1481/1481 2661/2661 2903/2903
f 193/193 1481/1481 2902/2902
f 2661/2661 3857/3857 895/895
f 2661/2661 895/895 2903/2903
f 4211/4211 3777/3777 445/445
f 3925/3925 445/445 3777/3777
f 725/725 445/445 3925/3925
f 3168/3168 725/725 3925/3925
f 3925/3925 3777/3777 1481/1481
f 292/292 3168/3168 1289/1289
f 1289/1289 899/899 292/292
f 3191/3191 193/193 2902/2902
f 193/193 2396/2396 1481/1481
f 3191/3191 654/654 193/193
f 2396/2396 193/193 654/654
f 3925/3925 1481/1481 2396/2396
f 3168/3168 3925/3925 2396/2396
f 3168/3168 2396/2396 3637/3637
f 654/654 3637/3637 2396/2396
f 3919/3919 654/654 3223/3223
f 3637/3637 654/654 3919/3919
f 3168/3168 292/292 725/725
f 1289/1289 3168/3168 3637/3637
f 1289/1289 3637/3637 3919/3919
f 3919/3919 2459/2459 1289/1289
f 1289/1289 2459/2459 4333/4333
f 2459/2459 3919/3919 3223/3223
f 3223/3223 528/528 681/681
f 2459/2459 3223/3223 681/681
f 2459/2459 681/681 1585/1585
f 1585/1585 4333/4333 2459/2459
f 681/681 528/528 1585/1585
f 2769/2769 3325/3325 336/336
f 2769/2769 336/336 899/899
f 899/899 336/336 292/292
f 899/899 1289/1289 4333/4333
f 347/347 2090/2090 2716/2716
f 2549/2549 2716/2716 2090/2090
f 1990/1990 2716/2716 2549/2549
f 1990/1990 2549/2549 1417/1417
f 3627/3627 1713/1713 2716/2716
f 2549/2549 3503/3503 1417/1417
f 158/158 1990/1990 1417/1417
f 3627/3627 2716/2716 1990/1990
f 1111/1111 3627/3627 1990/1990
f 4674/4674 1111/1111 1990/1990
f 150/150 3627/3627 1111/1111
f 3626/3626 1111/1111 4674/4674
f 3626/3626 150/150 1111/1111
f 475/475 150/150 3626/3626
f 4674/4674 158/158 2855/2855
f 1990/1990 158/158 4674/4674
f 2855/2855 158/158 2856/2856
f 475/475 3626/3626 4674/4674
f 3221/3221 475/475 4674/4674
f 4674/4674 2855/2855 3221/3221
f 1417/1417 609/609 158/158
f 4215/4215 323/323 1494/1494
f 1572/1572 158/158 323/323
f 1572/1572 2856/2856 158/158
f 4215/4215 1572/1572 323/323
f 4215/4215 271/271 1572/1572
f 271/271 4215/4215 1494/1494
f 635/635 271/271 1494/1494
f 691/691 2855/2855 2856/2856
f 691/691 2856/2856 271/271
f 271/271 2856/2856 1572/1572
f 691/691 271/271 3900/3900
f 635/635 1494/1494 397/397
f 271/271 635/635 3900/3900
f 420/420 1177/1177 150/150
f 3221/3221 420/420 150/150
f 3221/3221 2299/2299 420/420
f 3221/3221 150/150 475/475
f 691/691 3221/3221 2855/2855
f 2288/2288 859/859 3221/3221
f 3221/3221 691/691 2288/2288
f 1417/1417 3503/3503 2550/2550
f 609/609 323/323 158/158
f 323/323 609/609 2319/2319
f 609/609 4772/4772 2319/2319
f 323/323 2319/2319 1494/1494
f 1494/1494 2319/2319 1422/1422
f 1645/1645 1422/1422 396/396
f 4304/4304 1645/1645 396/396
f 1645/1645 1346/1346 2303/2303
f 1645/1645 4304/4304 1346/1346
f 1422/1422 1645/1645 3087/3087
f 3087/3087 1645/1645 2303/2303
f 1494/1494 1422/1422 397/397
f 397/397 1422/1422 3087/3087
f 397/397 3087/3087 2303/2303
f 4540/4540 397/397 2303/2303
f 635/635 397/397 4540/4540
f 635/635 4540/4540 1765/1765
f 1346/1346 4686/4686 1854/1854
f 1854/1854 4700/4700 176/176
f 1267/1267 1854/1854 176/176
f 2303/2303 1346/1346 1854/1854
f 3912/3912 2303/2303 1854/1854
f 3912/3912 1854/1854 1267/1267
f 176/176 4700/4700 81/81
f 544/544 176/176 81/81
f 1267/1267 176/176 544/544
f 982/982 1267/1267 544/544
f 982/982 544/544 4078/4078
f 983/983 4078/4078 2539/2539
f 544/544 81/81 1721/1721
f 4078/4078 544/544 1721/1721
f 1721/1721 3086/3086 4078/4078
f 4540/4540 2303/2303 3912/3912
f 4540/4540 3912/3912 3433/3433
f 1765/1765 4540/4540 3433/3433
f 3433/3433 429/429 1765/1765
f 3433/3433 3912/3912 1267/1267
f 3433/3433 1267/1267 982/982
f 982/982 4459/4459 3433/3433
f 982/982 4078/4078 983/983
f 983/983 4459/4459 982/982
f 3086/3086 3982/3982 4069/4069
f 3982/3982 3086/3086 80/80
f 2539/2539 3086/3086 1925/1925
f 1925/1925 3086/3086 4069/4069
f 1925/1925 4069/4069 180/180
f 1925/1925 180/180 3658/3658
f 4078/4078 3086/3086 2539/2539
f 2539/2539 1925/1925 3658/3658
f 2539/2539 3658/3658 983/983
f 180/180 4069/4069 680/680
f 3658/3658 180/180 680/680
f 1783/1783 680/680 2447/2447
f 3709/3709 1783/1783 2447/2447
f 1783/1783 3658/3658 680/680
f 661/661 1783/1783 3709/3709
f 3658/3658 1783/1783 661/661
f 58/58 661/661 3709/3709
f 58/58 3709/3709 2664/2664
f 2664/2664 2740/2740 361/361
f 2740/2740 2664/2664 4383/4383
f 2740/2740 4383/4383 2757/2757
f 2664/2664 361/361 4696/4696
f 2757/2757 4735/4735 2740/2740
f 1628/1628 2757/2757 1606/1606
f 1628/1628 1606/1606 3162/3162
f 394/394 1628/1628 3162/3162
f 4735/4735 2757/2757 1628/1628
f 1628/1628 4596/4596 4735/4735
f 4596/4596 1628/1628 394/394
f 4596/4596 895/895 4735/4735
f 4220/4220 4596/4596 394/394
f 3731/3731 2365/2365 3292/3292
f 4219/4219 3162/3162 1613/1613
f 394/394 3162/3162 4219/4219
f 4220/4220 394/394 4219/4219
f 4220/4220 4219/4219 1613/1613
f 1613/1613 3479/3479 2365/2365
f 1613/1613 2365/2365 3731/3731
f 1613/1613 1672/1672 4220/4220
f 4220/4220 3577/3577 4596/4596
f 3033/3033 4596/4596 3577/3577
f 4220/4220 1672/1672 3577/3577
f 1671/1671 3730/3730 4526/4526
f 4526/4526 3730/3730 1806/1806
f 19/19 1671/1671 4526/4526
f 3033/3033 895/895 4596/4596
f 3393/3393 3032/3032 3576/3576
f 3032/3032 3191/3191 2902/2902
f 3191/3191 3032/3032 3393/3393
f 895/895 3033/3033 2903/2903
f 3576/3576 1671/1671 19/19
f 3393/3393 3576/3576 19/19
f 3223/3223 654/654 3191/3191
f 3223/3223 3191/3191 3393/3393
f 528/528 3223/3223 3393/3393
f 1613/1613 3731/3731 1672/1672
f 148/148 12/12 947/947
f 148/148 947/947 3351/3351
f 3698/3698 148/148 3351/3351
f 3698/3698 3192/3192 148/148
f 3192/3192 1410/1410 148/148
f 3192/3192 3698/3698 4183/4183
f 3266/3266 1559/1559 3241/3241
f 3746/3746 1057/1057 2146/2146
f 1559/1559 3266/3266 3746/3746
f 1057/1057 3746/3746 3266/3266
f 1057/1057 3266/3266 3631/3631
f 2146/2146 1559/1559 3746/3746
f 947/947 1057/1057 1737/1737
f 947/947 1737/1737 3351/3351
f 946/946 1737/1737 3631/3631
f 3631/3631 2523/2523 946/946
f 1057/1057 3631/3631 1737/1737
f 946/946 3351/3351 1737/1737
f 946/946 2523/2523 1019/1019
f 3351/3351 946/946 657/657
f 4183/4183 946/946 1019/1019
f 2546/2546 1019/1019 1552/1552
f 2546/2546 4183/4183 1019/1019
f 657/657 946/946 4183/4183
f 3698/3698 3351/3351 657/657
f 4183/4183 3698/3698 657/657
f 3137/3137 3192/3192 4183/4183
f 3192/3192 3137/3137 2093/2093
f 3137/3137 4183/4183 129/129
f 2516/2516 4375/4375 1/1
f 4616/4616 2516/2516 1/1
f 1507/1507 129/129 4183/4183
f 4616/4616 1507/1507 1303/1303
f 3192/3192 2093/2093 1410/1410
f 2093/2093 4114/4114 3915/3915
f 129/129 4114/4114 2093/2093
f 3137/3137 129/129 2093/2093
f 4114/4114 2486/2486 2950/2950
f 2950/2950 2486/2486 3883/3883
f 129/129 2486/2486 4114/4114
f 129/129 4353/4353 2486/2486
f 231/231 2486/2486 4353/4353
f 1507/1507 231/231 4353/4353
f 129/129 1507/1507 4353/4353
f 1/1 4375/4375 2823/2823
f 1/1 3667/3667 4616/4616
f 4616/4616 3667/3667 1507/1507
f 2823/2823 1243/1243 965/965
f 4693/4693 1/1 2823/2823
f 2823/2823 3645/3645 4693/4693
f 965/965 3645/3645 2823/2823
f 231/231 3883/3883 2486/2486
f 1545/1545 3883/3883 231/231
f 1507/1507 1545/1545 231/231
f 3769/3769 3883/3883 851/851
f 3883/3883 1545/1545 851/851
f 3645/3645 194/194 3998/3998
f 194/194 3666/3666 3998/3998
f 1545/1545 2320/2320 851/851
f 1507/1507 2320/2320 1545/1545
f 2320/2320 1507/1507 4710/4710
f 1507/1507 3667/3667 3998/3998
f 2844/2844 1507/1507 3666/3666
f 3998/3998 3666/3666 1507/1507
f 1507/1507 2844/2844 4710/4710
f 4693/4693 3667/3667 1/1
f 3998/3998 4693/4693 3645/3645
f 3667/3667 4693/4693 3998/3998
f 3769/3769 2320/2320 2566/2566
f 851/851 2320/2320 3769/3769
f 2320/2320 4710/4710 2566/2566
f 4710/4710 2229/2229 2566/2566
f 2229/2229 4710/4710 2844/2844
f 2546/2546 1552/1552 985/985
f 985/985 1303/1303 2546/2546
f 4183/4183 2546/2546 1303/1303
f 2516/2516 1303/1303 985/985
f 1826/1826 4375/4375 2516/2516
f 4616/4616 1303/1303 2516/2516
f 4183/4183 1303/1303 1507/1507
f 3387/3387 2717/2717 2882/2882
f 3387/3387 2882/2882 578/578
f 491/491 3387/3387 3386/3386
f 261/261 578/578 3217/3217
f 261/261 3739/3739 1343/1343
f 3386/3386 578/578 261/261
f 3386/3386 3387/3387 578/578
f 491/491 3386/3386 1512/1512
f 217/217 491/491 1512/1512
f 261/261 1343/1343 3386/3386
f 1343/1343 1512/1512 3386/3386
f 217/217 1512/1512 1343/1343
f 798/798 1548/1548 217/217
f 1548/1548 491/491 217/217
f 3739/3739 3083/3083 1343/1343
f 410/410 1343/1343 3083/3083
f 217/217 1343/1343 410/410
f 410/410 798/798 217/217
f 4640/4640 798/798 410/410
f 4640/4640 4716/4716 798/798
f 2713/2713 4716/4716 4640/4640
f 2717/2717 4342/4342 1012/1012
f 2717/2717 2897/2897 4342/4342
f 4082/4082 2897/2897 2717/2717
f 4082/4082 104/104 2897/2897
f 1012/1012 1821/1821 2882/2882
f 2717/2717 1012/1012 2882/2882
f 3387/3387 4082/4082 2717/2717
f 710/710 4082/4082 3387/3387
f 1301/1301 209/209 4082/4082
f 4082/4082 710/710 1301/1301
f 1548/1548 1301/1301 710/710
f 491/491 710/710 3387/3387
f 1548/1548 710/710 491/491
f 1548/1548 209/209 1301/1301
f 209/209 1959/1959 4082/4082
f 209/209 1548/1548 1959/1959
f 1959/1959 104/104 4082/4082
f 2897/2897 1354/1354 579/579
f 2897/2897 104/104 1354/1354
f 4255/4255 1354/1354 104/104
f 4255/4255 2346/2346 1354/1354
f 4589/4589 2346/2346 4255/4255
f 1959/1959 4255/4255 104/104
f 4255/4255 1959/1959 4589/4589
f 2346/2346 555/555 1354/1354
f 2346/2346 1617/1617 555/555
f 4589/4589 1617/1617 2346/2346
f 1959/1959 1548/1548 4589/4589
f 3228/3228 4589/4589 1548/1548
f 1548/1548 798/798 3228/3228
f 4105/4105 2925/2925 4589/4589
f 3228/3228 4105/4105 4589/4589
f 2116/2116 2925/2925 4105/4105
f 1472/1472 2116/2116 4105/4105
f 2653/2653 3228/3228 2496/2496
f 2653/2653 4105/4105 3228/3228
f 3296/3296 1472/1472 4105/4105
f 2495/2495 3296/3296 4105/4105
f 2578/2578 1071/1071 2116/2116
f 798/798 3651/3651 3228/3228
f 4716/4716 1808/1808 798/798
f 784/784 1808/1808 4716/4716
f 1808/1808 3651/3651 798/798
f 3651/3651 1808/1808 987/987
f 987/987 1808/1808 4782/4782
f 3651/3651 2646/2646 3228/3228
f 987/987 2646/2646 3651/3651
f 2646/2646 2496/2496 3228/3228
f 4782/4782 2646/2646 987/987
f 2480/2480 2496/2496 2646/2646
f 282/282 4782/4782 4645/4645
f 282/282 2646/2646 4782/4782
f 282/282 2480/2480 2646/2646
f 4570/4570 4569/4569 2480/2480
f 4569/4569 2496/2496 2480/2480
f 1808/1808 4645/4645 4782/4782
f 1052/1052 282/282 4645/4645
f 709/709 1052/1052 4645/4645
f 1052/1052 2480/2480 282/282
f 1052/1052 4570/4570 2480/2480
f 4570/4570 1052/1052 4569/4569
f 1052/1052 709/709 1153/1153
f 4569/4569 1052/1052 1618/1618
f 4645/4645 1283/1283 709/709
f 3363/3363 709/709 1283/1283
f 3363/3363 1153/1153 709/709
f 855/855 1052/1052 1153/1153
f 855/855 1153/1153 3363/3363
f 3509/3509 3363/3363 1283/1283
f 1528/1528 3363/3363 3509/3509
f 1528/1528 855/855 3363/3363
f 2726/2726 855/855 1528/1528
f 2653/2653 1062/1062 4105/4105
f 2653/2653 3880/3880 1062/1062
f 3880/3880 2653/2653 2496/2496
f 1060/1060 2496/2496 4569/4569
f 226/226 3880/3880 1060/1060
f 1060/1060 3880/3880 2496/2496
f 4554/4554 226/226 1060/1060
f 3880/3880 2645/2645 3881/3881
f 3881/3881 1062/1062 3880/3880
f 4173/4173 1062/1062 3881/3881
f 4173/4173 2036/2036 1062/1062
f 4105/4105 1062/1062 2495/2495
f 3593/3593 3296/3296 2495/2495
f 2036/2036 2495/2495 1062/1062
f 2495/2495 2036/2036 103/103
f 979/979 103/103 2036/2036
f 4569/4569 4554/4554 1060/1060
f 4569/4569 1618/1618 2394/2394
f 2394/2394 4554/4554 4569/4569
f 1129/1129 4554/4554 2394/2394
f 980/980 1129/1129 2394/2394
f 1129/1129 226/226 4554/4554
f 1293/1293 3881/3881 2645/2645
f 4172/4172 1293/1293 343/343
f 1052/1052 855/855 1618/1618
f 980/980 1618/1618 855/855
f 2394/2394 1618/1618 980/980
f 343/343 1129/1129 980/980
f 2571/2571 343/343 980/980
f 2571/2571 4172/4172 343/343
f 4172/4172 3881/3881 1293/1293
f 4172/4172 4173/4173 3881/3881
f 4172/4172 3440/3440 4173/4173
f 2036/2036 4173/4173 1947/1947
f 4173/4173 3440/3440 1947/1947
f 2571/2571 4759/4759 4172/4172
f 108/108 4172/4172 4759/4759
f 108/108 3440/3440 4172/4172
f 108/108 1947/1947 3440/3440
f 2106/2106 1947/1947 108/108
f 2726/2726 980/980 855/855
f 2726/2726 418/418 980/980
f 418/418 3269/3269 980/980
f 4171/4171 418/418 2726/2726
f 3269/3269 418/418 3510/3510
f 980/980 3269/3269 3510/3510
f 3510/3510 2571/2571 980/980
f 4171/4171 3510/3510 418/418
f 4171/4171 4709/4709 3510/3510
f 3510/3510 4759/4759 2571/2571
f 3510/3510 108/108 4759/4759
f 1142/1142 3652/3652 108/108
f 4709/4709 108/108 3510/3510
f 4709/4709 1733/1733 108/108
f 108/108 1733/1733 1142/1142
f 1602/1602 1142/1142 1733/1733
f 1472/1472 2578/2578 2116/2116
f 1472/1472 1384/1384 2578/2578
f 4439/4439 1578/1578 1384/1384
f 1384/1384 1333/1333 4439/4439
f 1384/1384 1960/1960 1333/1333
f 1384/1384 1472/1472 1960/1960
f 1960/1960 1472/1472 1529/1529
f 3944/3944 3887/3887 3296/3296
f 3296/3296 3887/3887 1472/1472
f 3887/3887 1529/1529 1472/1472
f 126/126 4093/4093 1960/1960
f 1529/1529 126/126 1960/1960
f 126/126 1529/1529 642/642
f 642/642 2197/2197 126/126
f 3446/3446 642/642 1529/1529
f 642/642 3446/3446 1152/1152
f 2578/2578 4376/4376 1071/1071
f 5/5 4376/4376 2578/2578
f 5/5 1647/1647 4376/4376
f 1647/1647 5/5 4302/4302
f 3705/3705 5/5 2578/2578
f 3705/3705 4154/4154 5/5
f 2578/2578 1384/1384 3705/3705
f 1578/1578 3705/3705 1384/1384
f 666/666 3981/3981 4302/4302
f 5/5 4154/4154 4302/4302
f 666/666 4302/4302 4154/4154
f 1578/1578 666/666 4154/4154
f 1578/1578 4154/4154 3705/3705
f 666/666 1578/1578 450/450
f 450/450 1578/1578 4439/4439
f 3921/3921 450/450 4439/4439
f 773/773 3415/3415 450/450
f 2786/2786 773/773 450/450
f 773/773 3111/3111 3415/3415
f 2786/2786 450/450 3921/3921
f 773/773 4382/4382 3111/3111
f 4382/4382 773/773 3493/3493
f 2786/2786 3493/3493 773/773
f 3704/3704 3493/3493 1091/1091
f 826/826 969/969 3111/3111
f 826/826 3704/3704 969/969
f 4382/4382 826/826 3111/3111
f 3493/3493 3704/3704 826/826
f 4382/4382 3493/3493 826/826
f 413/413 1091/1091 4156/4156
f 405/405 1091/1091 3493/3493
f 405/405 3493/3493 677/677
f 677/677 3493/3493 3564/3564
f 1333/1333 3921/3921 4439/4439
f 4075/4075 3921/3921 1333/1333
f 1266/1266 4075/4075 1333/1333
f 4093/4093 1266/1266 1333/1333
f 1266/1266 4440/4440 4075/4075
f 2966/2966 3493/3493 2786/2786
f 4075/4075 3253/3253 2786/2786
f 3253/3253 2966/2966 2786/2786
f 1635/1635 3253/3253 4075/4075
f 4440/4440 1635/1635 4075/4075
f 2966/2966 3253/3253 2217/2217
f 1387/1387 2217/2217 3253/3253
f 3253/3253 1635/1635 139/139
f 3253/3253 139/139 1387/1387
f 2966/2966 3564/3564 3493/3493
f 4093/4093 1333/1333 1960/1960
f 4093/4093 4440/4440 1266/1266
f 4093/4093 2589/2589 4440/4440
f 2589/2589 1635/1635 4440/4440
f 2393/2393 2589/2589 4093/4093
f 2589/2589 139/139 1635/1635
f 2197/2197 2393/2393 4093/4093
f 126/126 2197/2197 4093/4093
f 825/825 1587/1587 4156/4156
f 1187/1187 1587/1587 825/825
f 4156/4156 1091/1091 825/825
f 471/471 825/825 405/405
f 405/405 825/825 1091/1091
f 4628/4628 1187/1187 825/825
f 471/471 4628/4628 825/825
f 1187/1187 2446/2446 1587/1587
f 4628/4628 2544/2544 1187/1187
f 2446/2446 1187/1187 2544/2544
f 3023/3023 2544/2544 4628/4628
f 2074/2074 3023/3023 4628/4628
f 677/677 471/471 405/405
f 677/677 4628/4628 471/471
f 677/677 3564/3564 2074/2074
f 2074/2074 4628/4628 677/677
f 3023/3023 3112/3112 2544/2544
f 3258/3258 3112/3112 3023/3023
f 3828/3828 3258/3258 3023/3023
f 2074/2074 682/682 3023/3023
f 1774/1774 3023/3023 682/682
f 1774/1774 3828/3828 3023/3023
f 1387/1387 301/301 2217/2217
f 1387/1387 139/139 1550/1550
f 1550/1550 301/301 1387/1387
f 1550/1550 669/669 301/301
f 669/669 1550/1550 1697/1697
f 1697/1697 1550/1550 3753/3753
f 669/669 1697/1697 864/864
f 1626/1626 864/864 1697/1697
f 1697/1697 3753/3753 1626/1626
f 2190/2190 3172/3172 669/669
f 2190/2190 516/516 3172/3172
f 864/864 2190/2190 669/669
f 3564/3564 2966/2966 2217/2217
f 2217/2217 2074/2074 3564/3564
f 2217/2217 682/682 2074/2074
f 2217/2217 301/301 682/682
f 1701/1701 682/682 301/301
f 2285/2285 682/682 1701/1701
f 516/516 4798/4798 3172/3172
f 1701/1701 3172/3172 2285/2285
f 2285/2285 3172/3172 4798/4798
f 1774/1774 682/682 2285/2285
f 293/293 1774/1774 2285/2285
f 1701/1701 669/669 3172/3172
f 3258/3258 3828/3828 1388/1388
f 1973/1973 378/378 1388/1388
f 4207/4207 3768/3768 4798/4798
f 3828/3828 1774/1774 293/293
f 293/293 4798/4798 3768/3768
f 3828/3828 293/293 3768/3768
f 3768/3768 1973/1973 3828/3828
f 1388/1388 3828/3828 1973/1973
f 3768/3768 4207/4207 4810/4810
f 4432/4432 4810/4810 4207/4207
f 1973/1973 4667/4667 2998/2998
f 2998/2998 378/378 1973/1973
f 4810/4810 1973/1973 3768/3768
f 1973/1973 4810/4810 4667/4667
f 1300/1300 4667/4667 4810/4810
f 1300/1300 3734/3734 4667/4667
f 1968/1968 1068/1068 516/516
f 516/516 2190/2190 1968/1968
f 2190/2190 864/864 1968/1968
f 354/354 1968/1968 864/864
f 4798/4798 293/293 2285/2285
f 1068/1068 4798/4798 516/516
f 1068/1068 4207/4207 4798/4798
f 4432/4432 4207/4207 1068/1068
f 2004/2004 4432/4432 1068/1068
f 1068/1068 1968/1968 2004/2004
f 1968/1968 354/354 2004/2004
f 4432/4432 2004/2004 4408/4408
f 2035/2035 4408/4408 2004/2004
f 4810/4810 4432/4432 1300/1300
f 4408/4408 1300/1300 4432/4432
f 4408/4408 1318/1318 1300/1300
f 4408/4408 4043/4043 1318/1318
f 2428/2428 4043/4043 4408/4408
f 3258/3258 1388/1388 1231/1231
f 1318/1318 3734/3734 1300/1300
f 838/838 2589/2589 2393/2393
f 2589/2589 1550/1550 139/139
f 1550/1550 2589/2589 3753/3753
f 838/838 3753/3753 2589/2589
f 3054/3054 838/838 2393/2393
f 3054/3054 2393/2393 2197/2197
f 2348/2348 3054/3054 2197/2197
f 3753/3753 838/838 354/354
f 354/354 1626/1626 3753/3753
f 2918/2918 354/354 838/838
f 1626/1626 354/354 864/864
f 1469/1469 2035/2035 354/354
f 3054/3054 2918/2918 838/838
f 2348/2348 2918/2918 3054/3054
f 737/737 354/354 2918/2918
f 2918/2918 2348/2348 1542/1542
f 354/354 737/737 1469/1469
f 1542/1542 737/737 2918/2918
f 642/642 2348/2348 2197/2197
f 2348/2348 642/642 1152/1152
f 3889/3889 2348/2348 1152/1152
f 4092/4092 3889/3889 1152/1152
f 2348/2348 2979/2979 1542/1542
f 3889/3889 2979/2979 2348/2348
f 4496/4496 1469/1469 737/737
f 2035/2035 2004/2004 354/354
f 4496/4496 2035/2035 1469/1469
f 4496/4496 2428/2428 2035/2035
f 4408/4408 2035/2035 2428/2428
f 2111/2111 4043/4043 2428/2428
f 4496/4496 2198/2198 2428/2428
f 2198/2198 2111/2111 2428/2428
f 737/737 1542/1542 4496/4496
f 2979/2979 4496/4496 1542/1542
f 2198/2198 4496/4496 3159/3159
f 3593/3593 3944/3944 3296/3296
f 3593/3593 2495/2495 103/103
f 3058/3058 3593/3593 103/103
f 3593/3593 3058/3058 3944/3944
f 3058/3058 3130/3130 3944/3944
f 3944/3944 3130/3130 3887/3887
f 3130/3130 1529/1529 3887/3887
f 2992/2992 1529/1529 3130/3130
f 4248/4248 2992/2992 3130/3130
f 1305/1305 3058/3058 103/103
f 2096/2096 1305/1305 103/103
f 103/103 979/979 2106/2106
f 2106/2106 2096/2096 103/103
f 1305/1305 3130/3130 3058/3058
f 3951/3951 3130/3130 1305/1305
f 3951/3951 4248/4248 3130/3130
f 3951/3951 1305/1305 2096/2096
f 114/114 3951/3951 2096/2096
f 1529/1529 2992/2992 3888/3888
f 2992/2992 1317/1317 3888/3888
f 4248/4248 1317/1317 2992/2992
f 4188/4188 3446/3446 3888/3888
f 2477/2477 3888/3888 1317/1317
f 2477/2477 4188/4188 3888/3888
f 3446/3446 1529/1529 3888/3888
f 3362/3362 1152/1152 3446/3446
f 3446/3446 1055/1055 3362/3362
f 4188/4188 1055/1055 3446/3446
f 1958/1958 3362/3362 1055/1055
f 1055/1055 113/113 1958/1958
f 4248/4248 720/720 1683/1683
f 2403/2403 720/720 114/114
f 1141/1141 720/720 2403/2403
f 1141/1141 1683/1683 720/720
f 2558/2558 1683/1683 1141/1141
f 2558/2558 113/113 1683/1683
f 4248/4248 1683/1683 1317/1317
f 1683/1683 2477/2477 1317/1317
f 113/113 2477/2477 1683/1683
f 4174/4174 1958/1958 113/113
f 113/113 2558/2558 4174/4174
f 979/979 2036/2036 2561/2561
f 1947/1947 2561/2561 2036/2036
f 2561/2561 1947/1947 2106/2106
f 2106/2106 108/108 910/910
f 3652/3652 910/910 108/108
f 2561/2561 2106/2106 979/979
f 2106/2106 114/114 2096/2096
f 910/910 114/114 2106/2106
f 1141/1141 114/114 910/910
f 1141/1141 2403/2403 114/114
f 3952/3952 2558/2558 1141/1141
f 3952/3952 4174/4174 2558/2558
f 910/910 3952/3952 1141/1141
f 1152/1152 3362/3362 39/39
f 1152/1152 39/39 4092/4092
f 4334/4334 39/39 3362/3362
f 1958/1958 4334/4334 3362/3362
f 4334/4334 4092/4092 39/39
f 2570/2570 4092/4092 4334/4334
f 4334/4334 1958/1958 4174/4174
f 4174/4174 4247/4247 4334/4334
f 4334/4334 4247/4247 1224/1224
f 1224/1224 2570/2570 4334/4334
f 4247/4247 2266/2266 1224/1224
f 2266/2266 563/563 1224/1224
f 4174/4174 3952/3952 4247/4247
f 4247/4247 3952/3952 4389/4389
f 4389/4389 3952/3952 3129/3129
f 2266/2266 4247/4247 4389/4389
f 3129/3129 2266/2266 4389/4389
f 910/910 3129/3129 3952/3952
f 2417/2417 3129/3129 910/910
f 2418/2418 3129/3129 2417/2417
f 1675/1675 563/563 2266/2266
f 1675/1675 2266/2266 3129/3129
f 3129/3129 2418/2418 1675/1675
f 2418/2418 4007/4007 1675/1675
f 4254/4254 4571/4571 2418/2418
f 4571/4571 4007/4007 2418/2418
f 2570/2570 2979/2979 3889/3889
f 2570/2570 3889/3889 4092/4092
f 2570/2570 1224/1224 2979/2979
f 3159/3159 4496/4496 2188/2188
f 2979/2979 1224/1224 563/563
f 563/563 4496/4496 2979/2979
f 4496/4496 563/563 2188/2188
f 3958/3958 2188/2188 563/563
f 1675/1675 3958/3958 563/563
f 1318/1318 4043/4043 2924/2924
f 3153/3153 1318/1318 2924/2924
f 4043/4043 2111/2111 2924/2924
f 2848/2848 3153/3153 2924/2924
f 2111/2111 2848/2848 2924/2924
f 2848/2848 2111/2111 1001/1001
f 2350/2350 1700/1700 3153/3153
f 2350/2350 3153/3153 2848/2848
f 1001/1001 2350/2350 2848/2848
f 2503/2503 2349/2349 2350/2350
f 2350/2350 2349/2349 4511/4511
f 3159/3159 2111/2111 2198/2198
f 3159/3159 1001/1001 2111/2111
f 3159/3159 2503/2503 1001/1001
f 2662/2662 3159/3159 4266/4266
f 2662/2662 2503/2503 3159/3159
f 2503/2503 2350/2350 1001/1001
f 2503/2503 3518/3518 2349/2349
f 3518/3518 2503/2503 2662/2662
f 2186/2186 2347/2347 1700/1700
f 1700/1700 2350/2350 2186/2186
f 3069/3069 2347/2347 2186/2186
f 792/792 2349/2349 3518/3518
f 4511/4511 2186/2186 2350/2350
f 792/792 4511/4511 2349/2349
f 4511/4511 792/792 2186/2186
f 2186/2186 792/792 3069/3069
f 2347/2347 3069/3069 2744/2744
f 792/792 2744/2744 3069/3069
f 792/792 3518/3518 2744/2744
f 1682/1682 783/783 225/225
f 1682/1682 225/225 2347/2347
f 2744/2744 1682/1682 2347/2347
f 2744/2744 3590/3590 1682/1682
f 2647/2647 2744/2744 3518/3518
f 3518/3518 1950/1950 2647/2647
f 353/353 1950/1950 3518/3518
f 1306/1306 1950/1950 353/353
f 1939/1939 2647/2647 1950/1950
f 1306/1306 1939/1939 1950/1950
f 2647/2647 3590/3590 2744/2744
f 1939/1939 2467/2467 2647/2647
f 2467/2467 2627/2627 2647/2647
f 2647/2647 2627/2627 3590/3590
f 4646/4646 1675/1675 4007/4007
f 4318/4318 4646/4646 4007/4007
f 4318/4318 4007/4007 4571/4571
f 4646/4646 4318/4318 2560/2560
f 3002/3002 1693/1693 2188/2188
f 127/127 1693/1693 3002/3002
f 2188/2188 1693/1693 3159/3159
f 3159/3159 1693/1693 4266/4266
f 127/127 4266/4266 1693/1693
f 3958/3958 3002/3002 2188/2188
f 3371/3371 3002/3002 3958/3958
f 127/127 3002/3002 3371/3371
f 733/733 127/127 3371/3371
f 3958/3958 733/733 3371/3371
f 733/733 3813/3813 127/127
f 435/435 3813/3813 733/733
f 3813/3813 4266/4266 127/127
f 3813/3813 3592/3592 4266/4266
f 2994/2994 2662/2662 4266/4266
f 2034/2034 2662/2662 2994/2994
f 3592/3592 2994/2994 4266/4266
f 2994/2994 353/353 2034/2034
f 2034/2034 3518/3518 2662/2662
f 3518/3518 2034/2034 353/353
f 650/650 353/353 2994/2994
f 2654/2654 650/650 3813/3813
f 3592/3592 650/650 2994/2994
f 3813/3813 650/650 3592/3592
f 4646/4646 733/733 1675/1675
f 1675/1675 733/733 3958/3958
f 187/187 435/435 4646/4646
f 4646/4646 435/435 733/733
f 435/435 2654/2654 3813/3813
f 2560/2560 187/187 4646/4646
f 187/187 2654/2654 435/435
f 4083/4083 2654/2654 187/187
f 4083/4083 4249/4249 2654/2654
f 34/34 1306/1306 2402/2402
f 650/650 2402/2402 353/353
f 2402/2402 2105/2105 34/34
f 34/34 2105/2105 4561/4561
f 2402/2402 1306/1306 353/353
f 34/34 1939/1939 1306/1306
f 4561/4561 1939/1939 34/34
f 1939/1939 4561/4561 2467/2467
f 1383/1383 2467/2467 1963/1963
f 1948/1948 2627/2627 2467/2467
f 1383/1383 1948/1948 2467/2467
f 4561/4561 1963/1963 2467/2467
f 3802/3802 1963/1963 4561/4561
f 3517/3517 1383/1383 1963/1963
f 4006/4006 3517/3517 1963/1963
f 650/650 2654/2654 2402/2402
f 3802/3802 2105/2105 2402/2402
f 2654/2654 4249/4249 2402/2402
f 3802/3802 2402/2402 770/770
f 562/562 1676/1676 3802/3802
f 3802/3802 4561/4561 2105/2105
f 1676/1676 4006/4006 1963/1963
f 1676/1676 1963/1963 3802/3802
f 1676/1676 3517/3517 4006/4006
f 2577/2577 2347/2347 225/225
f 783/783 2577/2577 225/225
f 986/986 2577/2577 783/783
f 566/566 783/783 1682/1682
f 566/566 986/986 783/783
f 3590/3590 566/566 1682/1682
f 910/910 3652/3652 4409/4409
f 3652/3652 1142/1142 4708/4708
f 4409/4409 3652/3652 4708/4708
f 2165/2165 910/910 4409/4409
f 2165/2165 4409/4409 4004/4004
f 4254/4254 910/910 2165/2165
f 1602/1602 4708/4708 1142/1142
f 4409/4409 4708/4708 1602/1602
f 4409/4409 1602/1602 4004/4004
f 2952/2952 4004/4004 1602/1602
f 2146/2146 4004/4004 2952/2952
f 2146/2146 2165/2165 4004/4004
f 4254/4254 2417/2417 910/910
f 2417/2417 4254/4254 2418/2418
f 4400/4400 4571/4571 4254/4254
f 4400/4400 4318/4318 4571/4571
f 4246/4246 4254/4254 2165/2165
f 2165/2165 2146/2146 2879/2879
f 947/947 2879/2879 2146/2146
f 2879/2879 4246/4246 2165/2165
f 4246/4246 2879/2879 12/12
f 4246/4246 12/12 4400/4400
f 947/947 12/12 2879/2879
f 4400/4400 4254/4254 4246/4246
f 1410/1410 4400/4400 12/12
f 12/12 148/148 1410/1410
f 1602/1602 1733/1733 2952/2952
f 3241/3241 1559/1559 2952/2952
f 1559/1559 2146/2146 2952/2952
f 947/947 2146/2146 1057/1057
f 2950/2950 2560/2560 3184/3184
f 2950/2950 3122/3122 2560/2560
f 2950/2950 3769/3769 3122/3122
f 3915/3915 4318/4318 4400/4400
f 1410/1410 3915/3915 4400/4400
f 4114/4114 3184/3184 3915/3915
f 3184/3184 2560/2560 4318/4318
f 3184/3184 4318/4318 3915/3915
f 2093/2093 3915/3915 1410/1410
f 4114/4114 2950/2950 3184/3184
f 3883/3883 3769/3769 2950/2950
f 187/187 2560/2560 4083/4083
f 4249/4249 4083/4083 2560/2560
f 770/770 2402/2402 4249/4249
f 3122/3122 770/770 4249/4249
f 3122/3122 4249/4249 2560/2560
f 3769/3769 770/770 3122/3122
f 770/770 3574/3574 3802/3802
f 3802/3802 3574/3574 562/562
f 562/562 3574/3574 11/11
f 1676/1676 562/562 11/11
f 3769/3769 3574/3574 770/770
f 3769/3769 11/11 3574/3574
f 3880/3880 226/226 2645/2645
f 226/226 1129/1129 2645/2645
f 2645/2645 1129/1129 343/343
f 1293/1293 2645/2645 343/343
f 666/666 4630/4630 3981/3981
f 450/450 4630/4630 666/666
f 450/450 3415/3415 4630/4630
f 4075/4075 2786/2786 3921/3921
f 669/669 1701/1701 301/301
f 1513/1513 1388/1388 378/378
f 2477/2477 113/113 4188/4188
f 113/113 1055/1055 4188/4188
f 3951/3951 114/114 720/720
f 720/720 4248/4248 3951/3951
f 3434/3434 575/575 4733/4733
f 1466/1466 899/899 948/948
f 4070/4070 948/948 305/305
f 4733/4733 3821/3821 3434/3434
f 1366/1366 3821/3821 4733/4733
f 948/948 2406/2406 305/305
f 705/705 3935/3935 3669/3669
f 3094/3094 705/705 3669/3669
f 3284/3284 705/705 3094/3094
f 705/705 1150/1150 3935/3935
f 3935/3935 4436/4436 1860/1860
f 1150/1150 4436/4436 3935/3935
f 3284/3284 1150/1150 705/705
f 3284/3284 4031/4031 1150/1150
f 1150/1150 3949/3949 4436/4436
f 4031/4031 3949/3949 1150/1150
f 1574/1574 305/305 2406/2406
f 1319/1319 305/305 1574/1574
f 1319/1319 1201/1201 2399/2399
f 1201/1201 1319/1319 1574/1574
f 3368/3368 1201/1201 3181/3181
f 1201/1201 3368/3368 2399/2399
f 3284/3284 3094/3094 305/305
f 1319/1319 3284/3284 305/305
f 3284/3284 1319/1319 4031/4031
f 960/960 3949/3949 4031/4031
f 1319/1319 2399/2399 4031/4031
f 2562/2562 3653/3653 105/105
f 495/495 3434/3434 3821/3821
f 2509/2509 692/692 3841/3841
f 3841/3841 692/692 3904/3904
f 495/495 3821/3821 3841/3841
f 495/495 3612/3612 3434/3434
f 3841/3841 3821/3821 1860/1860
f 3841/3841 1860/1860 2509/2509
f 3904/3904 495/495 3841/3841
f 713/713 4468/4468 401/401
f 72/72 401/401 2050/2050
f 713/713 4805/4805 4468/4468
f 692/692 2509/2509 3895/3895
f 692/692 3406/3406 3904/3904
f 4379/4379 4499/4499 3406/3406
f 3406/3406 692/692 4379/4379
f 4379/4379 692/692 3895/3895
f 72/72 2050/2050 4499/4499
f 3668/3668 4499/4499 4379/4379
f 3668/3668 4379/4379 3895/3895
f 4436/4436 3668/3668 3895/3895
f 3895/3895 1860/1860 4436/4436
f 3895/3895 2509/2509 1860/1860
f 4436/4436 960/960 1631/1631
f 596/596 4187/4187 3408/3408
f 2156/2156 3408/3408 4187/4187
f 3110/3110 3368/3368 3181/3181
f 3110/3110 3181/3181 2156/2156
f 2399/2399 3368/3368 3110/3110
f 960/960 2399/2399 3110/3110
f 3110/3110 2156/2156 1047/1047
f 1047/1047 960/960 3110/3110
f 1047/1047 2492/2492 1631/1631
f 1631/1631 960/960 1047/1047
f 1047/1047 2156/2156 2492/2492
f 251/251 72/72 3668/3668
f 3668/3668 72/72 4499/4499
f 72/72 2567/2567 401/401
f 2567/2567 713/713 401/401
f 3603/3603 713/713 2567/2567
f 72/72 251/251 2567/2567
f 4436/4436 251/251 3668/3668
f 251/251 4436/4436 1631/1631
f 4280/4280 3603/3603 2492/2492
f 4280/4280 2156/2156 4187/4187
f 2156/2156 4280/4280 2492/2492
f 4280/4280 713/713 3603/3603
f 4280/4280 4187/4187 713/713
f 2567/2567 251/251 3603/3603
f 251/251 1631/1631 3603/3603
f 1631/1631 2492/2492 3603/3603
f 3949/3949 960/960 4436/4436
f 960/960 4031/4031 2399/2399
f 2363/2363 948/948 891/891
f 586/586 3693/3693 891/891
f 965/965 1243/1243 2363/2363
f 3645/3645 965/965 2184/2184
f 965/965 2363/2363 891/891
f 2184/2184 194/194 3645/3645
f 2184/2184 965/965 891/891
f 1831/1831 194/194 2184/2184
f 1831/1831 320/320 3666/3666
f 2844/2844 3666/3666 320/320
f 3666/3666 194/194 1831/1831
f 3693/3693 2184/2184 891/891
f 1831/1831 2184/2184 3693/3693
f 1895/1895 320/320 1831/1831
f 586/586 1831/1831 3693/3693
f 1831/1831 586/586 1895/1895
f 4070/4070 891/891 948/948
f 586/586 891/891 4070/4070
f 2566/2566 2369/2369 3769/3769
f 2369/2369 2566/2566 2229/2229
f 2229/2229 2844/2844 2859/2859
f 2229/2229 3475/3475 2369/2369
f 2859/2859 3475/3475 2229/2229
f 2474/2474 2859/2859 2844/2844
f 2474/2474 3475/3475 2859/2859
f 2474/2474 463/463 3475/3475
f 320/320 3638/3638 2844/2844
f 1895/1895 3638/3638 320/320
f 1366/1366 250/250 2336/2336
f 586/586 4070/4070 3384/3384
f 2889/2889 586/586 3384/3384
f 1895/1895 586/586 2889/2889
f 3638/3638 1895/1895 2889/2889
f 2336/2336 2844/2844 3638/3638
f 2844/2844 2336/2336 3747/3747
f 2336/2336 3638/3638 1366/1366
f 2474/2474 1190/1190 463/463
f 3747/3747 1190/1190 2474/2474
f 2844/2844 3747/3747 2474/2474
f 250/250 575/575 463/463
f 1190/1190 3747/3747 2336/2336
f 2336/2336 250/250 1190/1190
f 1190/1190 250/250 463/463
f 575/575 250/250 4348/4348
f 250/250 1366/1366 4348/4348
f 4348/4348 1366/1366 4733/4733
f 4348/4348 4733/4733 575/575
f 845/845 3384/3384 4070/4070
f 845/845 2889/2889 3384/3384
f 2889/2889 3262/3262 3638/3638
f 3262/3262 2889/2889 845/845
f 4070/4070 133/133 845/845
f 845/845 4160/4160 3262/3262
f 133/133 4070/4070 305/305
f 4160/4160 845/845 133/133
f 3094/3094 133/133 305/305
f 3669/3669 133/133 3094/3094
f 1366/1366 3638/3638 3262/3262
f 4160/4160 1891/1891 3262/3262
f 1366/1366 3262/3262 1891/1891
f 1860/1860 1366/1366 1891/1891
f 1860/1860 3821/3821 1366/1366
f 3669/3669 4160/4160 133/133
f 3935/3935 1891/1891 4160/4160
f 1860/1860 1891/1891 3935/3935
f 3935/3935 4160/4160 3669/3669
f 1585/1585 528/528 381/381
f 248/248 3410/3410 4333/4333
f 4333/4333 3410/3410 899/899
f 560/560 430/430 1600/1600
f 3410/3410 248/248 1600/1600
f 3410/3410 711/711 899/899
f 1600/1600 711/711 3410/3410
f 879/879 711/711 1600/1600
f 948/948 899/899 711/711
f 4333/4333 1585/1585 3795/3795
f 1585/1585 381/381 3940/3940
f 3795/3795 1585/1585 3940/3940
f 4333/4333 3795/3795 248/248
f 248/248 3795/3795 3940/3940
f 560/560 3940/3940 88/88
f 248/248 3940/3940 560/560
f 1600/1600 248/248 560/560
f 879/879 1600/1600 430/430
f 430/430 441/441 879/879
f 441/441 430/430 2961/2961
f 2961/2961 904/904 441/441
f 904/904 2961/2961 4734/4734
f 501/501 948/948 711/711
f 501/501 2049/2049 948/948
f 501/501 711/711 879/879
f 441/441 501/501 879/879
f 441/441 2049/2049 501/501
f 2049/2049 441/441 4801/4801
f 4801/4801 441/441 904/904
f 4801/4801 2175/2175 2049/2049
f 904/904 2175/2175 4801/4801
f 2175/2175 2406/2406 2049/2049
f 2175/2175 3501/3501 2406/2406
f 3501/3501 2175/2175 161/161
f 2175/2175 2311/2311 161/161
f 3352/3352 161/161 574/574
f 2406/2406 948/948 2049/2049
f 2406/2406 3501/3501 2069/2069
f 3501/3501 161/161 3352/3352
f 3352/3352 2069/2069 3501/3501
f 2406/2406 2069/2069 4296/4296
f 1840/1840 2069/2069 3352/3352
f 1840/1840 4296/4296 2069/2069
f 1840/1840 3941/3941 4296/4296
f 4296/4296 1574/1574 2406/2406
f 4401/4401 4296/4296 3941/3941
f 4647/4647 4401/4401 3941/3941
f 4296/4296 4401/4401 1574/1574
f 1574/1574 4401/4401 1201/1201
f 4401/4401 3181/3181 1201/1201
f 3181/3181 4401/4401 3408/3408
f 2156/2156 3181/3181 3408/3408
f 782/782 105/105 3590/3590
f 1302/1302 105/105 782/782
f 3044/3044 1302/1302 782/782
f 3044/3044 782/782 3590/3590
f 3590/3590 2627/2627 3044/3044
f 2627/2627 1948/1948 3044/3044
f 4483/4483 3044/3044 1948/1948
f 4483/4483 1302/1302 3044/3044
f 3520/3520 1948/1948 1383/1383
f 2097/2097 1948/1948 3520/3520
f 2097/2097 4483/4483 1948/1948
f 1383/1383 3517/3517 107/107
f 107/107 3520/3520 1383/1383
f 344/344 2097/2097 3520/3520
f 4098/4098 344/344 3520/3520
f 3520/3520 107/107 4098/4098
f 2097/2097 1527/1527 4483/4483
f 4563/4563 1527/1527 791/791
f 1527/1527 2097/2097 791/791
f 791/791 2097/2097 1674/1674
f 1674/1674 2906/2906 791/791
f 2906/2906 4563/4563 791/791
f 1130/1130 3517/3517 1676/1676
f 3511/3511 4098/4098 107/107
f 1130/1130 3511/3511 3517/3517
f 3517/3517 3511/3511 107/107
f 4098/4098 3511/3511 344/344
f 1648/1648 3511/3511 1130/1130
f 1677/1677 2097/2097 344/344
f 1677/1677 1674/1674 2097/2097
f 2906/2906 1674/1674 1677/1677
f 2906/2906 1677/1677 200/200
f 3511/3511 1648/1648 344/344
f 543/543 344/344 1648/1648
f 543/543 1677/1677 344/344
f 543/543 200/200 1677/1677
f 2478/2478 4563/4563 2906/2906
f 200/200 2478/2478 2906/2906
f 4324/4324 2478/2478 200/200
f 2478/2478 3370/3370 4563/4563
f 2019/2019 3370/3370 2478/2478
f 538/538 2019/2019 2478/2478
f 463/463 200/200 543/543
f 4324/4324 200/200 463/463
f 4324/4324 538/538 2478/2478
f 463/463 538/538 4324/4324
f 575/575 538/538 463/463
f 2019/2019 3992/3992 2626/2626
f 538/538 3992/3992 2019/2019
f 538/538 4132/4132 3992/3992
f 575/575 4132/4132 538/538
f 4132/4132 575/575 3434/3434
f 1767/1767 2010/2010 3688/3688
f 527/527 1767/1767 3688/3688
f 2414/2414 3688/3688 3183/3183
f 527/527 3688/3688 2414/2414
f 527/527 2414/2414 2869/2869
f 2869/2869 2414/2414 976/976
f 566/566 2412/2412 986/986
f 2982/2982 2412/2412 566/566
f 3590/3590 105/105 566/566
f 3653/3653 566/566 105/105
f 3053/3053 2982/2982 4407/4407
f 4407/4407 2267/2267 3053/3053
f 4407/4407 2982/2982 566/566
f 3653/3653 4407/4407 566/566
f 2562/2562 105/105 1302/1302
f 1302/1302 4483/4483 2562/2562
f 2008/2008 4407/4407 3653/3653
f 2002/2002 3653/3653 2562/2562
f 4483/4483 2002/2002 2562/2562
f 3653/3653 2002/2002 2008/2008
f 2008/2008 4245/4245 4407/4407
f 1061/1061 4407/4407 4245/4245
f 4245/4245 2884/2884 1061/1061
f 4245/4245 2008/2008 2002/2002
f 4245/4245 2002/2002 1527/1527
f 3519/3519 4245/4245 1527/1527
f 3519/3519 2884/2884 4245/4245
f 1527/1527 2002/2002 4483/4483
f 1061/1061 2983/2983 4407/4407
f 1470/1470 2983/2983 134/134
f 1470/1470 4407/4407 2983/2983
f 144/144 1470/1470 2752/2752
f 2752/2752 1470/1470 134/134
f 3145/3145 134/134 1144/1144
f 2884/2884 2983/2983 1061/1061
f 2884/2884 3519/3519 2983/2983
f 2983/2983 3519/3519 1453/1453
f 500/500 2983/2983 1453/1453
f 500/500 1144/1144 2983/2983
f 1312/1312 3519/3519 1527/1527
f 1453/1453 3519/3519 1312/1312
f 500/500 1453/1453 1312/1312
f 1144/1144 134/134 2983/2983
f 651/651 3145/3145 1144/1144
f 1144/1144 500/500 651/651
f 500/500 1386/1386 651/651
f 1312/1312 1527/1527 4563/4563
f 2812/2812 500/500 1312/1312
f 4563/4563 3370/3370 1312/1312
f 2812/2812 1312/1312 3370/3370
f 2812/2812 3431/3431 500/500
f 1386/1386 500/500 3431/3431
f 2626/2626 1386/1386 3431/3431
f 2626/2626 2812/2812 3370/3370
f 2626/2626 3370/3370 2019/2019
f 2812/2812 2626/2626 3431/3431
f 1673/1673 1386/1386 2626/2626
f 1673/1673 2626/2626 3992/3992
f 4132/4132 1673/1673 3992/3992
f 860/860 2752/2752 134/134
f 2187/2187 860/860 2502/2502
f 860/860 134/134 2018/2018
f 2018/2018 1616/1616 860/860
f 1616/1616 2502/2502 860/860
f 2018/2018 3457/3457 1616/1616
f 4792/4792 2502/2502 1616/1616
f 3957/3957 4792/4792 1616/1616
f 3957/3957 1616/1616 3059/3059
f 3751/3751 3145/3145 651/651
f 643/643 134/134 3145/3145
f 643/643 2018/2018 134/134
f 3145/3145 3751/3751 643/643
f 643/643 3751/3751 3457/3457
f 643/643 3457/3457 2018/2018
f 3059/3059 1616/1616 3457/3457
f 3806/3806 3059/3059 3457/3457
f 3751/3751 3806/3806 3457/3457
f 2010/2010 2333/2333 1113/1113
f 1113/1113 4277/4277 1547/1547
f 2010/2010 1113/1113 3961/3961
f 1113/1113 1547/1547 91/91
f 3957/3957 3059/3059 2559/2559
f 3602/3602 3420/3420 2458/2458
f 2976/2976 3602/3602 2458/2458
f 1954/1954 3602/3602 2976/2976
f 2976/2976 3259/3259 1954/1954
f 4001/4001 1113/1113 3602/3602
f 1954/1954 3259/3259 1853/1853
f 1853/1853 3259/3259 2559/2559
f 1490/1490 4001/4001 3602/3602
f 2108/2108 3602/3602 1954/1954
f 3602/3602 2108/2108 1490/1490
f 2108/2108 1954/1954 1853/1853
f 76/76 2108/2108 1853/1853
f 3961/3961 1113/1113 4001/4001
f 3688/3688 2010/2010 3183/3183
f 3183/3183 2010/2010 3961/3961
f 3961/3961 4001/4001 2263/2263
f 2414/2414 3183/3183 2978/2978
f 976/976 2414/2414 2978/2978
f 2978/2978 3183/3183 3961/3961
f 2107/2107 2559/2559 3059/3059
f 76/76 1853/1853 2559/2559
f 2107/2107 76/76 2559/2559
f 76/76 1551/1551 2108/2108
f 1551/1551 1490/1490 2108/2108
f 3806/3806 2107/2107 3059/3059
f 1882/1882 2107/2107 3806/3806
f 76/76 2107/2107 1882/1882
f 473/473 76/76 1882/1882
f 76/76 473/473 1551/1551
f 4001/4001 1490/1490 2263/2263
f 4490/4490 2263/2263 1490/1490
f 4490/4490 1490/1490 1551/1551
f 488/488 3961/3961 2263/2263
f 488/488 2263/2263 4490/4490
f 3230/3230 488/488 4490/4490
f 1952/1952 4490/4490 1551/1551
f 4490/4490 1952/1952 3230/3230
f 473/473 1952/1952 1551/1551
f 362/362 3751/3751 1074/1074
f 1074/1074 3751/3751 651/651
f 1386/1386 1673/1673 1074/1074
f 1074/1074 651/651 1386/1386
f 1807/1807 362/362 1074/1074
f 1074/1074 2009/2009 1807/1807
f 1377/1377 2009/2009 1074/1074
f 1807/1807 2009/2009 362/362
f 216/216 362/362 2009/2009
f 216/216 2009/2009 1294/1294
f 3751/3751 362/362 3806/3806
f 216/216 3806/3806 362/362
f 3807/3807 3806/3806 216/216
f 3807/3807 216/216 1294/1294
f 1377/1377 1074/1074 1673/1673
f 3612/3612 1377/1377 1673/1673
f 3612/3612 2009/2009 1377/1377
f 1673/1673 4132/4132 3612/3612
f 3612/3612 4132/4132 3434/3434
f 3612/3612 3904/3904 2009/2009
f 495/495 3904/3904 3612/3612
f 2009/2009 3904/3904 1294/1294
f 976/976 2978/2978 913/913
f 913/913 2978/2978 488/488
f 2978/2978 3961/3961 488/488
f 764/764 913/913 488/488
f 976/976 913/913 764/764
f 197/197 3176/3176 2869/2869
f 3176/3176 197/197 4722/4722
f 4722/4722 197/197 596/596
f 197/197 2869/2869 976/976
f 596/596 197/197 976/976
f 596/596 976/976 764/764
f 488/488 4805/4805 764/764
f 4187/4187 596/596 764/764
f 4805/4805 713/713 4187/4187
f 4187/4187 764/764 4805/4805
f 3807/3807 1882/1882 3806/3806
f 3807/3807 2798/2798 1882/1882
f 3848/3848 473/473 1882/1882
f 2798/2798 3848/3848 1882/1882
f 3807/3807 1294/1294 3406/3406
f 3406/3406 2798/2798 3807/3807
f 2798/2798 3406/3406 2050/2050
f 3230/3230 1952/1952 4577/4577
f 4577/4577 1952/1952 3848/3848
f 3848/3848 1952/1952 473/473
f 4805/4805 488/488 3230/3230
f 4468/4468 4805/4805 3230/3230
f 4577/4577 4468/4468 3230/3230
f 2050/2050 1627/1627 2798/2798
f 2798/2798 1627/1627 3848/3848
f 1627/1627 4577/4577 3848/3848
f 4577/4577 1627/1627 4468/4468
f 1627/1627 2050/2050 401/401
f 1627/1627 401/401 4468/4468
f 1294/1294 3904/3904 3406/3406
f 3406/3406 4499/4499 2050/2050
f 1676/1676 11/11 1130/1130
f 2369/2369 1130/1130 11/11
f 1130/1130 2369/2369 1648/1648
f 2369/2369 11/11 3769/3769
f 2369/2369 3475/3475 1648/1648
f 543/543 1648/1648 3475/3475
f 543/543 3475/3475 463/463
f 3291/3291 730/730 1806/1806
f 3730/3730 3291/3291 1806/1806
f 1767/1767 1806/1806 730/730
f 2759/2759 1806/1806 1767/1767
f 3790/3790 4526/4526 1806/1806
f 3790/3790 1806/1806 4652/4652
f 4652/4652 1806/1806 2759/2759
f 2284/2284 4526/4526 3790/3790
f 19/19 4526/4526 2284/2284
f 528/528 3393/3393 19/19
f 3964/3964 19/19 2284/2284
f 528/528 19/19 3964/3964
f 3964/3964 2284/2284 3790/3790
f 3964/3964 3790/3790 4652/4652
f 528/528 88/88 381/381
f 88/88 528/528 3964/3964
f 1307/1307 4652/4652 2759/2759
f 3964/3964 4652/4652 2112/2112
f 1767/1767 1307/1307 2759/2759
f 1307/1307 1767/1767 4283/4283
f 4283/4283 1767/1767 527/527
f 2112/2112 88/88 3964/3964
f 560/560 88/88 2112/2112
f 430/430 560/560 2112/2112
f 381/381 88/88 3940/3940
f 2112/2112 2961/2961 430/430
f 2961/2961 2112/2112 4734/4734
f 574/574 2112/2112 4652/4652
f 2112/2112 574/574 4734/4734
f 1307/1307 574/574 4652/4652
f 574/574 1307/1307 4283/4283
f 4734/4734 574/574 2574/2574
f 2574/2574 904/904 4734/4734
f 904/904 2574/2574 2175/2175
f 2311/2311 2574/2574 574/574
f 2574/2574 2311/2311 2175/2175
f 574/574 4283/4283 4623/4623
f 2311/2311 574/574 161/161
f 372/372 4283/4283 527/527
f 527/527 4037/4037 372/372
f 4623/4623 372/372 3396/3396
f 4623/4623 4283/4283 372/372
f 3396/3396 372/372 4037/4037
f 527/527 3396/3396 4037/4037
f 4623/4623 3396/3396 915/915
f 574/574 4623/4623 915/915
f 3941/3941 574/574 915/915
f 3396/3396 1815/1815 915/915
f 3396/3396 2869/2869 1815/1815
f 1815/1815 2869/2869 3176/3176
f 4722/4722 1815/1815 3176/3176
f 915/915 1815/1815 4722/4722
f 4647/4647 915/915 4722/4722
f 3352/3352 574/574 1840/1840
f 1840/1840 574/574 3941/3941
f 3941/3941 915/915 4647/4647
f 4647/4647 4722/4722 3408/3408
f 4647/4647 3408/3408 4401/4401
f 3408/3408 4722/4722 596/596
f 3396/3396 527/527 2869/2869