o convex_0
v -0.020518 0.010444 -0.014299
v -0.036449 0.009384 -0.024921
v -0.036449 0.009384 -0.023858
v -0.023175 -0.002830 -0.010051
v -0.022645 0.003013 -0.024921
v -0.029545 0.014162 -0.010051
v -0.026893 0.018413 -0.024921
v -0.034323 0.001950 -0.017486
v -0.021583 0.015755 -0.010051
v -0.029013 0.000357 -0.024921
v -0.035385 0.015755 -0.019609
v -0.031669 0.003543 -0.010051
v -0.023175 0.015225 -0.024921
v -0.029013 -0.002298 -0.012707
v -0.021051 0.001420 -0.010051
v -0.032731 0.017880 -0.022796
v -0.021051 0.005136 -0.022796
v -0.033261 0.001950 -0.024921
v -0.022113 -0.001235 -0.016425
v -0.034855 0.016816 -0.024921
v -0.035385 0.014695 -0.018014
v -0.026893 -0.002830 -0.015895
v -0.029013 -0.001768 -0.010051
v -0.033261 0.016816 -0.018547
v -0.026893 -0.000175 -0.023858
v -0.031669 0.007261 -0.010051
v -0.020518 0.006731 -0.010051
v -0.034855 0.003013 -0.018014
v -0.028483 0.017880 -0.020141
v -0.029013 -0.002298 -0.015895
v -0.023707 0.015755 -0.010051
v -0.024769 -0.002830 -0.015895
f 22 25 32 
f 5 2 7 
f 6 4 9 
f 2 5 10 
f 2 3 11 
f 4 6 12 
f 5 7 13 
f 9 1 13 
f 7 9 13 
f 9 4 15 
f 13 1 17 
f 5 13 17 
f 2 10 18 
f 15 4 19 
f 5 17 19 
f 17 15 19 
f 7 2 20 
f 2 11 20 
f 16 7 20 
f 11 16 20 
f 11 3 21 
f 4 14 22 
f 4 12 23 
f 12 8 23 
f 14 4 23 
f 8 14 23 
f 16 11 24 
f 11 21 24 
f 21 6 24 
f 10 5 25 
f 5 19 25 
f 22 10 25 
f 12 6 26 
f 6 21 26 
f 21 12 26 
f 1 9 27 
f 9 15 27 
f 17 1 27 
f 15 17 27 
f 3 2 28 
f 8 12 28 
f 2 18 28 
f 18 8 28 
f 21 3 28 
f 12 21 28 
f 9 7 29 
f 7 16 29 
f 16 24 29 
f 14 8 30 
f 8 18 30 
f 18 10 30 
f 22 14 30 
f 10 22 30 
f 6 9 31 
f 24 6 31 
f 9 29 31 
f 29 24 31 
f 19 4 32 
f 4 22 32 
f 25 19 32 
o convex_1
v -0.033262 0.022662 -0.042449
v -0.023705 0.019476 -0.049350
v -0.023705 0.018944 -0.049350
v -0.033793 0.027439 -0.057846
v -0.034855 0.018944 -0.050412
v -0.027953 0.025315 -0.044571
v -0.030077 0.018944 -0.041916
v -0.030077 0.026910 -0.058378
v -0.034325 0.024785 -0.044041
v -0.030607 0.028502 -0.055191
v -0.035387 0.021068 -0.045102
v -0.031669 0.025847 -0.058378
v -0.028485 0.021068 -0.041916
v -0.023705 0.018944 -0.050412
v -0.032200 0.028502 -0.053067
v -0.034325 0.018944 -0.043510
v -0.029546 0.025847 -0.044041
v -0.029546 0.027439 -0.057846
v -0.035387 0.023725 -0.046166
v -0.032732 0.029034 -0.057846
f 51 41 52 
f 37 35 39 
f 33 41 43 
f 37 36 44 
f 35 34 45 
f 34 38 45 
f 39 35 45 
f 33 39 45 
f 34 35 46 
f 35 37 46 
f 37 44 46 
f 44 40 46 
f 39 33 48 
f 37 39 48 
f 43 37 48 
f 33 43 48 
f 41 33 49 
f 38 42 49 
f 33 45 49 
f 45 38 49 
f 47 41 49 
f 42 47 49 
f 38 34 50 
f 42 38 50 
f 34 46 50 
f 46 40 50 
f 36 37 51 
f 37 43 51 
f 43 41 51 
f 44 36 52 
f 40 44 52 
f 41 47 52 
f 47 42 52 
f 50 40 52 
f 42 50 52 
f 36 51 52 
o convex_2
v -0.023175 -0.009203 -0.037667
v -0.030608 -0.009203 -0.041384
v -0.030608 -0.009203 -0.040322
v -0.025299 -0.011858 -0.035011
v -0.025299 -0.011858 -0.041384
v -0.025299 -0.006548 -0.041384
v -0.027421 -0.009733 -0.035011
v -0.022643 -0.009203 -0.041384
v -0.027952 -0.011327 -0.035011
v -0.027952 -0.006548 -0.040853
f 55 59 62 
f 57 54 58 
f 53 58 59 
f 56 53 59 
f 53 56 60 
f 56 57 60 
f 57 58 60 
f 58 53 60 
f 55 54 61 
f 57 56 61 
f 54 57 61 
f 59 55 61 
f 56 59 61 
f 54 55 62 
f 58 54 62 
f 59 58 62 
o convex_3
v -0.022111 0.011507 -0.037136
v -0.039105 0.008322 -0.040321
v -0.039105 0.008322 -0.039259
v -0.026360 -0.003361 -0.041384
v -0.030079 0.002482 -0.035542
v -0.027955 0.014695 -0.041384
v -0.031668 0.014695 -0.035542
v -0.022111 0.000357 -0.041384
v -0.033794 -0.000705 -0.041384
v -0.022111 0.008852 -0.035542
v -0.036979 0.009384 -0.035542
v -0.023176 0.010976 -0.041384
v -0.032200 0.014163 -0.041384
v -0.026892 0.002482 -0.035542
v -0.022643 0.013101 -0.035542
v -0.038573 0.009912 -0.039259
v -0.029018 -0.003361 -0.040853
v -0.033262 0.003012 -0.036605
v -0.038573 0.009384 -0.040853
f 78 75 81 
f 66 68 70 
f 65 64 71 
f 68 66 71 
f 69 67 72 
f 70 63 72 
f 67 69 73 
f 63 70 74 
f 70 68 74 
f 69 68 75 
f 68 71 75 
f 66 70 76 
f 72 67 76 
f 70 72 76 
f 68 69 77 
f 72 63 77 
f 69 72 77 
f 63 74 77 
f 74 68 77 
f 64 65 78 
f 65 73 78 
f 73 69 78 
f 69 75 78 
f 71 66 79 
f 66 76 79 
f 76 67 79 
f 65 71 80 
f 73 65 80 
f 67 73 80 
f 71 79 80 
f 79 67 80 
f 71 64 81 
f 75 71 81 
f 64 78 81 
o convex_4
v -0.001930 0.038060 -0.053066
v 0.008691 0.032221 -0.043510
v 0.007629 0.034346 -0.042980
v 0.001788 0.030098 -0.043510
v 0.007629 0.029565 -0.050410
v 0.001788 0.039124 -0.057846
v -0.001930 0.036467 -0.057846
v 0.001256 0.037531 -0.044042
v 0.008691 0.034346 -0.049880
v 0.001788 0.029565 -0.050410
v -0.001399 0.033814 -0.045104
v 0.005504 0.037531 -0.045104
v 0.008691 0.029565 -0.043510
v -0.001399 0.039656 -0.053596
v 0.002320 0.033814 -0.041915
v -0.000868 0.035937 -0.044042
v -0.001930 0.039656 -0.057846
v 0.000726 0.036467 -0.057846
v -0.000337 0.031690 -0.047758
v 0.004973 0.031160 -0.041915
v 0.008691 0.032753 -0.050410
f 94 86 102 
f 84 83 90 
f 88 86 91 
f 82 88 92 
f 89 84 93 
f 84 90 93 
f 90 87 93 
f 83 84 94 
f 90 83 94 
f 85 91 94 
f 91 86 94 
f 89 93 95 
f 93 87 95 
f 84 89 96 
f 92 85 96 
f 82 92 97 
f 95 82 97 
f 89 95 97 
f 96 89 97 
f 92 96 97 
f 88 82 98 
f 87 88 98 
f 82 95 98 
f 95 87 98 
f 87 86 99 
f 86 88 99 
f 88 87 99 
f 91 85 100 
f 88 91 100 
f 92 88 100 
f 85 92 100 
f 94 84 101 
f 85 94 101 
f 84 96 101 
f 96 85 101 
f 86 87 102 
f 87 90 102 
f 90 94 102 
o convex_5
v 0.020375 0.015757 -0.049881
v 0.027277 0.000356 -0.058376
v 0.028340 0.000356 -0.058376
v 0.027277 0.005667 -0.035544
v 0.028340 0.015757 -0.055721
v 0.020375 0.007261 -0.056251
v 0.021438 0.006730 -0.041384
v 0.020375 0.015757 -0.042448
v 0.028872 0.009383 -0.038731
v 0.028340 0.015757 -0.047226
v 0.020375 0.014164 -0.054657
v 0.022501 0.006199 -0.058376
v 0.024624 0.005667 -0.036075
v 0.020375 0.007261 -0.044042
v 0.028339 0.008321 -0.036075
v 0.024093 0.015757 -0.042448
v 0.028340 0.010445 -0.057843
v 0.028340 0.000356 -0.056251
v 0.026216 0.007793 -0.035544
v 0.028339 0.006730 -0.036075
f 106 120 122 
f 107 103 110 
f 103 108 110 
f 111 107 112 
f 107 110 112 
f 103 107 113 
f 108 103 113 
f 108 113 114 
f 105 104 114 
f 104 108 114 
f 113 107 114 
f 109 104 115 
f 110 109 115 
f 108 104 116 
f 104 109 116 
f 110 108 116 
f 109 110 116 
f 111 112 117 
f 112 110 118 
f 117 112 118 
f 111 105 119 
f 107 111 119 
f 105 114 119 
f 114 107 119 
f 104 105 120 
f 105 111 120 
f 115 104 120 
f 106 115 120 
f 115 106 121 
f 110 115 121 
f 106 117 121 
f 118 110 121 
f 117 118 121 
f 117 106 122 
f 111 117 122 
f 120 111 122 
o convex_6
v 0.013469 0.016820 -0.038197
v 0.011349 0.030627 -0.031825
v 0.016656 0.029563 -0.031825
v 0.016125 0.017351 -0.031825
v 0.004442 0.022133 -0.031825
v 0.009225 0.027969 -0.038197
v 0.020903 0.021601 -0.038197
v 0.021437 0.029563 -0.035011
v 0.006039 0.021601 -0.038197
v 0.018780 0.018414 -0.031825
v 0.018779 0.015757 -0.038197
v 0.006036 0.028501 -0.032356
v 0.016124 0.028502 -0.038197
v 0.007099 0.019478 -0.031825
v 0.021437 0.029563 -0.033418
v 0.004976 0.022662 -0.036604
v 0.007101 0.019476 -0.036073
f 138 131 139 
f 125 124 126 
f 126 124 127 
f 123 128 129 
f 128 123 131 
f 125 126 132 
f 126 123 133 
f 123 129 133 
f 132 126 133 
f 129 132 133 
f 127 124 134 
f 124 128 134 
f 128 124 135 
f 129 128 135 
f 124 130 135 
f 130 129 135 
f 123 126 136 
f 126 127 136 
f 124 125 137 
f 130 124 137 
f 129 130 137 
f 125 132 137 
f 132 129 137 
f 128 131 138 
f 127 134 138 
f 134 128 138 
f 131 123 139 
f 123 136 139 
f 136 127 139 
f 127 138 139 
o convex_7
v 0.017715 0.024254 -0.013768
v 0.004442 0.021599 -0.030230
v 0.004442 0.021599 -0.029168
v 0.020374 0.011509 -0.013768
v 0.019309 0.026378 -0.031825
v 0.004974 0.027972 -0.018019
v 0.018248 0.017352 -0.031825
v 0.006568 0.018944 -0.013768
v 0.010287 0.031689 -0.028636
v 0.021434 0.029562 -0.027045
v 0.012410 0.029564 -0.015893
v 0.015594 0.012040 -0.016957
v 0.023030 0.015760 -0.015362
v 0.005507 0.028501 -0.031825
v 0.007099 0.019477 -0.031825
v 0.004442 0.023721 -0.013768
v 0.021434 0.018415 -0.027576
v 0.009757 0.031689 -0.021202
v 0.004442 0.029033 -0.027576
v 0.023030 0.021599 -0.018019
v 0.012943 0.030625 -0.031825
v 0.014530 0.015226 -0.027576
v 0.010285 0.015760 -0.022796
v 0.020901 0.012040 -0.016426
v 0.020903 0.030095 -0.026513
v 0.022497 0.017354 -0.013768
v 0.012941 0.013634 -0.013768
v 0.013472 0.030627 -0.018019
v 0.022497 0.020538 -0.024389
v 0.021434 0.029562 -0.028108
v 0.008695 0.028499 -0.015362
v 0.004976 0.020538 -0.030761
v 0.022497 0.013634 -0.016957
v 0.019309 0.016291 -0.029698
v 0.010285 0.026378 -0.013768
v 0.019311 0.011509 -0.016426
v 0.012410 0.031689 -0.021202
v 0.004442 0.022126 -0.013768
v 0.004442 0.029033 -0.021734
v 0.019841 0.020007 -0.031293
v 0.004442 0.023721 -0.031825
v 0.008695 0.031689 -0.025451
f 158 178 181 
f 143 140 147 
f 144 146 153 
f 153 146 154 
f 141 142 155 
f 147 140 155 
f 148 153 158 
f 141 155 158 
f 144 153 160 
f 153 148 160 
f 154 146 161 
f 154 161 162 
f 161 151 162 
f 140 159 164 
f 159 149 164 
f 160 148 164 
f 140 143 165 
f 143 152 165 
f 159 140 165 
f 152 159 165 
f 143 147 166 
f 151 143 166 
f 147 162 166 
f 162 151 166 
f 150 140 167 
f 157 150 167 
f 140 164 167 
f 159 152 168 
f 159 168 169 
f 149 159 169 
f 144 160 169 
f 164 149 169 
f 160 164 169 
f 168 156 169 
f 145 155 170 
f 157 145 170 
f 150 157 170 
f 142 141 171 
f 154 162 171 
f 162 147 171 
f 152 143 172 
f 143 163 172 
f 156 168 172 
f 168 152 172 
f 161 146 173 
f 156 172 173 
f 172 163 173 
f 140 150 174 
f 155 140 174 
f 150 170 174 
f 170 155 174 
f 143 151 175 
f 151 161 175 
f 163 143 175 
f 161 173 175 
f 173 163 175 
f 148 157 176 
f 164 148 176 
f 157 167 176 
f 167 164 176 
f 155 142 177 
f 147 155 177 
f 142 171 177 
f 171 147 177 
f 155 145 178 
f 145 157 178 
f 158 155 178 
f 146 144 179 
f 144 169 179 
f 169 156 179 
f 173 146 179 
f 156 173 179 
f 153 154 180 
f 141 158 180 
f 158 153 180 
f 171 141 180 
f 154 171 180 
f 157 148 181 
f 148 158 181 
f 178 157 181 
o convex_8
v 0.011344 -0.014513 0.041993
v -0.000335 -0.007611 0.040401
v -0.000335 -0.007611 0.041462
v 0.004974 -0.018760 0.040401
v 0.008159 -0.011859 0.034559
v 0.004443 -0.006548 0.045712
v 0.007628 -0.006548 0.039340
v 0.006566 -0.018760 0.044118
v 0.011344 -0.019293 0.040932
v 0.006036 -0.015043 0.034559
v 0.002851 -0.006548 0.037746
v 0.010814 -0.017700 0.044118
v 0.001258 -0.006548 0.044649
v 0.011876 -0.015575 0.039870
v 0.006566 -0.007079 0.044649
v 0.004974 -0.011329 0.045712
v 0.007097 -0.019825 0.040401
v 0.008159 -0.014513 0.034559
v 0.004974 -0.007611 0.036153
v 0.005505 -0.014513 0.034559
f 200 186 201 
f 184 183 185 
f 184 185 189 
f 187 188 192 
f 189 190 193 
f 183 184 194 
f 184 189 194 
f 192 183 194 
f 187 192 194 
f 188 182 195 
f 186 188 195 
f 182 193 195 
f 193 190 195 
f 182 188 196 
f 188 187 196 
f 193 182 196 
f 187 193 196 
f 193 187 197 
f 189 193 197 
f 194 189 197 
f 187 194 197 
f 189 185 198 
f 190 189 198 
f 185 191 198 
f 191 190 198 
f 191 186 199 
f 190 191 199 
f 186 195 199 
f 195 190 199 
f 188 186 200 
f 192 188 200 
f 192 200 201 
f 185 183 201 
f 191 185 201 
f 186 191 201 
f 183 192 201 
o convex_9
v 0.000724 0.008322 0.040399
v -0.007771 0.003011 0.032437
v -0.007771 0.003011 0.032968
v 0.007627 -0.006548 0.041463
v 0.007627 -0.001237 0.031904
v -0.000867 -0.001237 0.046241
v -0.002991 -0.006016 0.033498
v -0.001929 0.010978 0.031904
v -0.006178 0.005135 0.041993
v 0.004972 0.004073 0.041463
v 0.004441 -0.006548 0.045710
v 0.000724 -0.006548 0.031904
v -0.003522 -0.002829 0.041993
v 0.003911 0.007258 0.031904
v 0.001255 0.001419 0.046774
v -0.007239 0.008852 0.031904
v -0.002461 0.007790 0.042524
v 0.000724 -0.006548 0.044116
v 0.006034 -0.004954 0.031904
v -0.005115 -0.002829 0.037747
v -0.006178 0.002477 0.041993
v 0.002848 0.006728 0.041993
v -0.004054 -0.004422 0.031904
v 0.007095 0.000357 0.037215
v 0.006034 -0.006016 0.044649
v -0.006178 0.009384 0.034029
v 0.000194 0.010446 0.032437
f 223 215 228 
f 209 206 213 
f 205 212 213 
f 206 209 215 
f 210 207 216 
f 207 212 216 
f 203 204 217 
f 204 210 217 
f 209 213 217 
f 202 209 218 
f 210 216 218 
f 212 207 219 
f 208 213 219 
f 213 212 219 
f 207 214 219 
f 206 205 220 
f 205 213 220 
f 213 206 220 
f 204 203 221 
f 208 219 221 
f 219 214 221 
f 207 210 222 
f 210 204 222 
f 214 207 222 
f 204 221 222 
f 221 214 222 
f 211 215 223 
f 216 211 223 
f 202 218 223 
f 218 216 223 
f 213 208 224 
f 203 217 224 
f 217 213 224 
f 221 203 224 
f 208 221 224 
f 205 206 225 
f 211 205 225 
f 206 215 225 
f 215 211 225 
f 205 211 226 
f 212 205 226 
f 211 216 226 
f 216 212 226 
f 217 210 227 
f 209 217 227 
f 218 209 227 
f 210 218 227 
f 209 202 228 
f 215 209 228 
f 202 223 228 
o convex_10
v -0.033796 -0.000708 -0.041384
v -0.039105 -0.015043 -0.058378
v -0.037511 -0.015043 -0.058378
v -0.036449 0.000355 -0.055191
v -0.031672 -0.008140 -0.055722
v -0.039635 -0.004955 -0.052005
v -0.034327 -0.011857 -0.050412
v -0.031672 0.000355 -0.041384
v -0.038043 -0.011857 -0.050412
v -0.031672 0.000355 -0.050412
v -0.038043 0.000355 -0.054660
v -0.031672 -0.002832 -0.041916
v -0.031672 -0.009733 -0.052534
v -0.034327 0.000355 -0.041384
v -0.040168 -0.009733 -0.057314
v -0.033265 -0.009201 -0.057314
v -0.039635 -0.008671 -0.052005
v -0.031672 -0.004425 -0.054660
v -0.036981 0.000355 -0.047760
v -0.038573 -0.014511 -0.054660
v -0.040168 -0.012388 -0.056252
f 248 237 249 
f 236 233 238 
f 232 236 238 
f 236 232 239 
f 233 236 240 
f 236 229 240 
f 229 237 240 
f 237 235 240 
f 231 233 241 
f 235 231 241 
f 233 240 241 
f 240 235 241 
f 229 236 242 
f 237 229 242 
f 236 239 242 
f 239 232 243 
f 234 239 243 
f 231 230 244 
f 233 231 244 
f 230 243 244 
f 243 232 244 
f 242 234 245 
f 237 242 245 
f 232 238 246 
f 238 233 246 
f 244 232 246 
f 233 244 246 
f 239 234 247 
f 234 242 247 
f 242 239 247 
f 230 231 248 
f 231 235 248 
f 235 237 248 
f 243 230 249 
f 234 243 249 
f 237 245 249 
f 245 234 249 
f 230 248 249 
o convex_11
v -0.023706 -0.010262 -0.041384
v -0.035919 0.002482 -0.046695
v -0.035919 0.002482 -0.045632
v -0.026362 0.018944 -0.046695
v -0.033261 0.013628 -0.041384
v -0.023175 -0.008667 -0.046695
v -0.023175 0.010975 -0.041384
v -0.030607 -0.009201 -0.041384
v -0.020519 0.001421 -0.046695
v -0.034853 0.018944 -0.046695
v -0.027954 -0.010793 -0.046695
v -0.028481 0.018944 -0.042447
v -0.035384 0.005666 -0.041384
v -0.021584 0.000890 -0.041916
v -0.034853 0.018944 -0.044569
v -0.031670 -0.007606 -0.046695
v -0.025830 -0.011857 -0.041384
v -0.022645 -0.008667 -0.041384
v -0.021053 0.004604 -0.046695
v -0.032200 0.018944 -0.042447
v -0.035384 0.009383 -0.041384
f 254 269 270 
f 251 253 255 
f 254 250 256 
f 250 254 257 
f 255 253 258 
f 251 252 259 
f 253 251 259 
f 251 255 260 
f 256 253 261 
f 254 256 261 
f 253 259 261 
f 252 257 262 
f 257 254 262 
f 258 256 263 
f 259 252 264 
f 261 259 264 
f 252 251 265 
f 257 252 265 
f 251 260 265 
f 260 257 265 
f 255 250 266 
f 250 257 266 
f 260 255 266 
f 257 260 266 
f 250 255 267 
f 256 250 267 
f 255 258 267 
f 263 256 267 
f 258 263 267 
f 253 256 268 
f 258 253 268 
f 256 258 268 
f 254 261 269 
f 261 264 269 
f 269 264 270 
f 252 262 270 
f 262 254 270 
f 264 252 270 
o convex_12
v -0.038039 0.009384 -0.035542
v -0.026896 0.017882 -0.024921
v -0.023178 0.015223 -0.024921
v -0.032731 0.001950 -0.024921
v -0.022114 0.008855 -0.035542
v -0.040164 0.010447 -0.025983
v -0.022643 0.003013 -0.024921
v -0.027425 0.002483 -0.035542
v -0.030609 0.015223 -0.035542
v -0.034321 0.017348 -0.024921
v -0.040697 0.009384 -0.034479
v -0.022647 0.013099 -0.035542
v -0.021049 0.012039 -0.029701
v -0.026896 0.017882 -0.029171
v -0.029015 0.000887 -0.028639
v -0.033262 0.016817 -0.030762
v -0.040697 0.010447 -0.034479
v -0.029015 0.002483 -0.035542
v -0.026363 0.000887 -0.024921
v -0.040164 0.008855 -0.026517
v -0.040697 0.008855 -0.033948
v -0.031669 0.001420 -0.027046
v -0.037510 0.009384 -0.024921
f 276 290 293 
f 273 272 274 
f 273 274 277 
f 275 277 278 
f 271 275 278 
f 275 271 279 
f 274 272 280 
f 275 279 282 
f 273 277 283 
f 277 275 283 
f 282 273 283 
f 275 282 283 
f 272 273 284 
f 280 272 284 
f 273 282 284 
f 282 279 284 
f 280 284 286 
f 284 279 286 
f 279 271 287 
f 276 280 287 
f 271 281 287 
f 286 279 287 
f 280 286 287 
f 271 278 288 
f 281 271 288 
f 278 285 288 
f 277 274 289 
f 278 277 289 
f 285 278 289 
f 276 287 291 
f 287 281 291 
f 281 288 291 
f 274 290 291 
f 290 276 291 
f 288 285 292 
f 289 274 292 
f 285 289 292 
f 274 291 292 
f 291 288 292 
f 274 280 293 
f 280 276 293 
f 290 274 293 
o convex_13
v -0.015738 0.004602 -0.005800
v -0.031669 0.003544 -0.010051
v -0.031669 0.003544 -0.009518
v -0.024766 0.022130 -0.000492
v -0.024236 -0.001764 -0.000492
v -0.021582 0.015752 -0.010051
v -0.015738 -0.006548 -0.010051
v -0.016272 0.003544 0.000571
v -0.029013 0.003544 -0.000492
v -0.029013 0.014694 -0.010051
v -0.029013 0.015752 -0.000492
v -0.019986 0.016286 0.000571
v -0.027951 -0.002298 -0.008457
v -0.015738 0.007261 -0.010051
v -0.015738 -0.004420 -0.002086
v -0.022644 0.022130 -0.001555
v -0.017332 0.010974 0.000571
v -0.020518 0.000891 0.000571
v -0.027951 -0.002298 -0.010051
v -0.019986 0.016286 -0.007394
v -0.031669 0.005669 -0.010051
v -0.016272 -0.006548 -0.009519
v -0.025828 0.021594 -0.001023
v -0.027951 -0.001234 -0.005270
v -0.031137 0.001952 -0.008457
f 317 302 318 
f 295 299 300 
f 299 295 303 
f 296 302 304 
f 297 304 305 
f 294 300 307 
f 300 299 307 
f 300 294 308 
f 294 301 308 
f 299 303 309 
f 297 305 309 
f 307 309 310 
f 301 294 310 
f 305 301 310 
f 294 307 310 
f 309 305 310 
f 302 298 311 
f 304 302 311 
f 301 305 311 
f 305 304 311 
f 298 308 311 
f 308 301 311 
f 295 300 312 
f 307 299 313 
f 299 309 313 
f 309 307 313 
f 295 296 314 
f 303 295 314 
f 296 304 314 
f 304 303 314 
f 298 306 315 
f 300 308 315 
f 308 298 315 
f 312 300 315 
f 306 312 315 
f 304 297 316 
f 303 304 316 
f 297 309 316 
f 309 303 316 
f 298 302 317 
f 306 298 317 
f 306 317 318 
f 296 295 318 
f 302 296 318 
f 295 312 318 
f 312 306 318 
o convex_14
v 0.002319 0.029565 -0.046165
v 0.007627 0.016288 -0.058909
v 0.008691 0.016288 -0.058909
v 0.007627 0.020007 -0.041915
v 0.008691 0.029565 -0.048820
v 0.000194 0.024255 -0.051472
v 0.001256 0.029565 -0.050412
v 0.008691 0.027971 -0.041915
v 0.008158 0.020007 -0.058909
v 0.004443 0.018945 -0.052536
v 0.004972 0.018414 -0.058377
v 0.008691 0.020007 -0.041915
v 0.000194 0.024785 -0.049351
v 0.004972 0.029565 -0.042980
v 0.008159 0.029565 -0.050412
v 0.008158 0.016821 -0.052004
v 0.000194 0.028502 -0.050412
f 324 331 335 
f 319 323 325 
f 321 323 326 
f 321 320 327 
f 323 321 327 
f 328 324 329 
f 327 320 329 
f 325 327 329 
f 320 328 329 
f 321 326 330 
f 326 322 330 
f 328 322 331 
f 324 328 331 
f 323 319 332 
f 322 326 332 
f 326 323 332 
f 319 331 332 
f 331 322 332 
f 325 323 333 
f 323 327 333 
f 327 325 333 
f 320 321 334 
f 328 320 334 
f 322 328 334 
f 321 330 334 
f 330 322 334 
f 319 325 335 
f 329 324 335 
f 325 329 335 
f 331 319 335 
o convex_15
v -0.005648 0.000887 -0.010051
v -0.002993 0.010978 -0.003147
v -0.004055 0.010978 -0.003147
v -0.004586 0.000887 -0.005272
v -0.002993 0.006729 -0.010051
v -0.005648 0.006729 -0.010051
v -0.003524 0.000887 -0.007395
v -0.005648 0.003012 -0.005803
v -0.003524 0.010978 -0.007395
f 340 341 344 
f 337 338 339 
f 340 336 341 
f 337 339 342 
f 339 336 342 
f 336 340 342 
f 340 337 342 
f 339 338 343 
f 336 339 343 
f 338 341 343 
f 341 336 343 
f 338 337 344 
f 337 340 344 
f 341 338 344 
o convex_16
v 0.032058 0.005666 -0.053069
v 0.030996 -0.000706 -0.059440
v 0.032589 -0.000706 -0.059440
v 0.028341 0.008853 -0.058377
v 0.028341 0.003544 -0.049883
v 0.028341 -0.000174 -0.058377
v 0.028341 0.008853 -0.049883
v 0.030996 0.007260 -0.058908
v 0.031527 0.000888 -0.053600
v 0.033651 0.003013 -0.058377
v 0.029935 0.008853 -0.050413
v 0.028872 0.005135 -0.048819
f 355 351 356 
f 348 346 350 
f 349 348 350 
f 348 349 351 
f 347 346 352 
f 346 348 352 
f 346 347 353 
f 350 346 353 
f 349 350 353 
f 352 345 354 
f 347 352 354 
f 345 353 354 
f 353 347 354 
f 348 351 355 
f 345 352 355 
f 352 348 355 
f 351 349 356 
f 353 345 356 
f 349 353 356 
f 345 355 356 
o convex_17
v 0.028341 0.018944 -0.051476
v 0.038962 0.010447 -0.056784
v 0.037899 0.011509 -0.054659
v 0.028341 0.008853 -0.049883
v 0.028341 0.008853 -0.058377
v 0.028873 0.018944 -0.055722
v 0.031527 0.014695 -0.048290
v 0.038962 0.009385 -0.059438
v 0.036837 0.014163 -0.058377
v 0.031527 0.017881 -0.051476
v 0.035244 0.010447 -0.051476
v 0.028341 0.016288 -0.047757
v 0.035244 0.014695 -0.052538
v 0.028873 0.012571 -0.047757
v 0.038430 0.009385 -0.056252
f 367 360 371 
f 360 357 361 
f 361 357 362 
f 360 361 364 
f 359 358 365 
f 361 362 365 
f 358 364 365 
f 364 361 365 
f 362 357 366 
f 365 362 366 
f 359 363 367 
f 357 360 368 
f 366 357 368 
f 363 366 368 
f 363 359 369 
f 359 365 369 
f 366 363 369 
f 365 366 369 
f 367 363 370 
f 360 367 370 
f 368 360 370 
f 363 368 370 
f 358 359 371 
f 364 358 371 
f 360 364 371 
f 359 367 371 
o convex_18
v 0.012941 0.016822 -0.038197
v 0.020372 0.028503 -0.039791
v 0.020372 0.027971 -0.039260
v 0.021967 0.012571 -0.041915
v 0.007629 0.027439 -0.041915
v 0.009225 0.027971 -0.038197
v 0.007099 0.020537 -0.041915
v 0.020904 0.020537 -0.038197
v 0.023561 0.018945 -0.041915
v 0.006036 0.021599 -0.038197
v 0.014004 0.013103 -0.041915
v 0.020372 0.028503 -0.041383
v 0.018780 0.015760 -0.038197
v 0.009225 0.028503 -0.041915
v 0.014004 0.013103 -0.040852
v 0.017186 0.027971 -0.038197
v 0.023561 0.017351 -0.040852
f 379 384 388 
f 376 375 378 
f 377 372 379 
f 373 374 380 
f 375 376 380 
f 377 376 381 
f 372 377 381 
f 376 378 381 
f 381 378 382 
f 378 375 382 
f 373 380 383 
f 379 372 384 
f 377 373 385 
f 376 377 385 
f 380 376 385 
f 373 383 385 
f 383 380 385 
f 372 381 386 
f 381 382 386 
f 382 375 386 
f 375 384 386 
f 384 372 386 
f 374 373 387 
f 373 377 387 
f 379 374 387 
f 377 379 387 
f 374 379 388 
f 380 374 388 
f 375 380 388 
f 384 375 388 
o convex_19
v 0.014529 0.006196 0.000037
v 0.006571 0.005137 -0.014299
v 0.006041 0.003543 -0.013767
v -0.002990 0.010978 -0.003150
v 0.001791 0.000887 -0.001558
v 0.013995 0.010445 -0.010050
v 0.017182 0.000887 -0.009518
v 0.004976 0.010445 0.002163
v -0.002990 0.010978 -0.008455
v 0.011342 0.001419 0.000569
v 0.018248 0.000887 -0.004208
v 0.007629 0.009915 -0.013767
v 0.014529 0.009915 -0.002618
v 0.007629 0.003542 0.002695
v 0.001791 0.010978 0.001630
v -0.000334 0.005136 -0.008987
v 0.007629 0.001419 -0.012175
v 0.011344 0.003543 -0.013767
v 0.011344 0.005669 0.002695
v 0.001791 0.010446 -0.012705
v 0.017716 0.004605 -0.007394
v 0.010810 0.010978 -0.010050
v 0.006571 0.010978 0.001630
v -0.002990 0.008850 -0.004210
v 0.001791 0.001950 -0.000494
v 0.004444 0.000887 -0.007394
v 0.012939 0.006197 -0.012705
v -0.000336 0.008321 -0.011112
v 0.014529 0.010445 -0.004741
v 0.015591 0.000887 -0.001558
v 0.017186 0.005669 -0.004210
f 417 401 419 
f 393 395 399 
f 393 398 402 
f 397 392 403 
f 402 396 403 
f 404 391 405 
f 391 390 406 
f 390 400 406 
f 405 391 406 
f 395 405 406 
f 389 401 407 
f 396 402 407 
f 402 398 407 
f 390 391 408 
f 400 390 408 
f 395 394 409 
f 399 395 409 
f 394 400 410 
f 397 403 410 
f 408 397 410 
f 400 408 410 
f 403 396 411 
f 407 401 411 
f 396 407 411 
f 410 403 411 
f 392 397 412 
f 404 393 412 
f 397 404 412 
f 393 402 413 
f 403 392 413 
f 402 403 413 
f 392 412 413 
f 412 393 413 
f 395 393 414 
f 393 404 414 
f 405 395 414 
f 404 405 414 
f 394 395 415 
f 400 394 415 
f 395 406 415 
f 406 400 415 
f 391 404 416 
f 404 397 416 
f 408 391 416 
f 397 408 416 
f 409 394 417 
f 394 410 417 
f 411 401 417 
f 410 411 417 
f 398 393 418 
f 399 389 418 
f 393 399 418 
f 389 407 418 
f 407 398 418 
f 389 399 419 
f 401 389 419 
f 399 409 419 
f 409 417 419 
o convex_20
v -0.014141 -0.020887 -0.023857
v -0.001401 -0.006548 -0.018548
v 0.001785 -0.010798 -0.016955
v -0.016264 -0.014513 -0.018548
v -0.006182 -0.011328 -0.024388
v 0.003911 -0.013983 -0.016955
v -0.020513 -0.016106 -0.023327
v -0.012018 -0.007610 -0.018548
v 0.000191 -0.012921 -0.022795
v -0.008834 -0.020887 -0.021204
v -0.003527 -0.017699 -0.022795
v -0.019450 -0.019823 -0.022795
v -0.013081 -0.013452 -0.024921
v -0.007242 -0.007080 -0.020673
v -0.012549 -0.018231 -0.024921
v -0.000341 -0.009735 -0.022264
v 0.004971 -0.011859 -0.017486
v 0.001256 -0.015044 -0.016955
v 0.000720 -0.016106 -0.020673
v -0.019982 -0.015576 -0.021204
v -0.019450 -0.019823 -0.023857
v -0.010423 -0.010266 -0.023327
v -0.016264 -0.015044 -0.018548
v -0.008305 -0.020353 -0.023327
v -0.004587 -0.016106 -0.023857
v -0.014141 -0.020887 -0.021734
f 442 431 445 
f 422 421 427 
f 423 422 427 
f 427 421 433 
f 432 424 434 
f 428 424 435 
f 433 421 435 
f 424 433 435 
f 421 422 436 
f 422 425 436 
f 435 421 436 
f 428 435 436 
f 422 423 437 
f 425 422 437 
f 429 425 437 
f 425 429 438 
f 430 428 438 
f 436 425 438 
f 428 436 438 
f 427 426 439 
f 423 427 439 
f 426 431 439 
f 431 426 440 
f 420 431 440 
f 426 432 440 
f 434 420 440 
f 432 434 440 
f 426 427 441 
f 424 432 441 
f 432 426 441 
f 427 433 441 
f 433 424 441 
f 437 423 442 
f 429 437 442 
f 423 439 442 
f 439 431 442 
f 429 420 443 
f 420 434 443 
f 438 429 443 
f 430 438 443 
f 424 428 444 
f 428 430 444 
f 434 424 444 
f 443 434 444 
f 430 443 444 
f 420 429 445 
f 431 420 445 
f 429 442 445 
o convex_21
v -0.002994 0.004605 -0.010051
v -0.009368 0.009383 -0.020672
v -0.010959 0.005137 -0.020140
v -0.020518 0.008852 -0.010051
v -0.019986 0.001418 -0.010051
v -0.001931 0.010447 -0.011113
v -0.004588 0.001418 -0.015361
v -0.015738 0.001418 -0.018015
v -0.002462 0.010447 -0.019077
v -0.012549 0.010447 -0.019077
v -0.003525 0.001418 -0.010051
v -0.019986 0.001949 -0.014300
v -0.007242 0.001418 -0.018015
v -0.013083 0.010447 -0.012706
v -0.005118 0.009915 -0.020672
v -0.001399 0.009915 -0.014300
v -0.002994 0.007791 -0.010051
v -0.013610 0.008321 -0.019077
f 453 457 463 
f 446 449 450 
f 452 450 453 
f 451 454 455 
f 446 450 456 
f 450 452 456 
f 450 449 457 
f 453 450 457 
f 453 448 458 
f 452 453 458 
f 454 452 458 
f 449 451 459 
f 455 449 459 
f 451 455 459 
f 448 447 460 
f 447 455 460 
f 455 454 460 
f 458 448 460 
f 454 458 460 
f 451 446 461 
f 454 451 461 
f 452 454 461 
f 446 456 461 
f 456 452 461 
f 449 446 462 
f 446 451 462 
f 451 449 462 
f 447 448 463 
f 448 453 463 
f 455 447 463 
f 449 455 463 
f 457 449 463 
o convex_22
v -0.012551 -0.000175 0.004290
v -0.005648 0.018942 0.013317
v -0.005648 0.019475 0.008535
v -0.015207 0.019475 0.009068
v -0.005648 -0.006548 0.013317
v -0.015207 -0.005486 0.013317
v -0.005648 -0.006548 0.001633
v -0.015207 0.019475 0.004821
v -0.015207 0.017880 0.013317
v -0.005648 0.013631 0.003228
v -0.015207 -0.002829 0.006945
v -0.007774 -0.006548 0.002165
v -0.008304 0.019475 0.005351
v -0.010428 0.012569 0.003228
v -0.012020 0.004077 0.003228
v -0.010428 -0.006548 0.004821
v -0.010428 -0.006548 0.013317
f 469 479 480 
f 465 466 467 
f 466 465 468 
f 468 465 469 
f 466 468 470 
f 467 466 471 
f 469 467 471 
f 465 467 472 
f 469 465 472 
f 467 469 472 
f 466 470 473 
f 469 471 474 
f 470 468 475 
f 474 464 475 
f 471 466 476 
f 466 473 476 
f 473 471 476 
f 473 470 477 
f 471 473 477 
f 464 474 478 
f 474 471 478 
f 470 475 478 
f 475 464 478 
f 477 470 478 
f 471 477 478 
f 469 474 479 
f 475 468 479 
f 474 475 479 
f 468 469 480 
f 479 468 480 
o convex_23
v -0.003526 0.032220 0.017035
v -0.008304 0.043373 0.018096
v -0.009366 0.041249 0.021282
v -0.018392 0.042310 0.012785
v -0.006712 0.040716 0.012785
v -0.005118 0.032220 0.022345
v -0.005650 0.032752 0.012785
v -0.002463 0.032752 0.021812
v -0.018392 0.043373 0.015442
v -0.010958 0.043373 0.012785
v -0.011489 0.039124 0.021812
v -0.004057 0.034878 0.012785
v -0.014675 0.043373 0.018096
f 489 491 493 
f 486 484 487 
f 484 485 487 
f 481 486 487 
f 482 483 488 
f 485 482 488 
f 486 481 488 
f 483 486 488 
f 484 486 489 
f 485 484 490 
f 482 485 490 
f 489 482 490 
f 484 489 490 
f 486 483 491 
f 489 486 491 
f 481 487 492 
f 487 485 492 
f 488 481 492 
f 485 488 492 
f 483 482 493 
f 482 489 493 
f 491 483 493 
o convex_24
v -0.018394 0.055057 0.006414
v -0.012553 0.041780 -0.000490
v -0.013085 0.042311 -0.000490
v -0.018394 0.043906 0.019158
v -0.008303 0.042311 0.008534
v -0.018394 0.052930 -0.002614
v -0.018394 0.041780 0.008534
v -0.010959 0.043906 0.015440
v -0.015204 0.052930 -0.000490
v -0.010960 0.041780 0.012785
v -0.016799 0.048683 -0.003147
v -0.011492 0.042843 -0.000490
v -0.017861 0.048153 0.015968
v -0.016799 0.054522 0.004290
v -0.008303 0.041780 0.005884
v -0.015737 0.050273 -0.003147
v -0.011491 0.047623 0.002165
v -0.014146 0.043906 0.018095
f 501 506 511 
f 497 494 499 
f 496 495 500 
f 497 499 500 
f 500 495 503 
f 497 500 503 
f 498 501 503 
f 495 496 504 
f 496 500 504 
f 500 499 504 
f 495 504 505 
f 494 497 506 
f 501 494 506 
f 499 494 507 
f 494 501 507 
f 501 498 507 
f 502 499 507 
f 503 495 508 
f 498 503 508 
f 495 505 508 
f 499 502 509 
f 504 499 509 
f 505 504 509 
f 505 509 510 
f 507 498 510 
f 502 507 510 
f 498 508 510 
f 508 505 510 
f 509 502 510 
f 497 503 511 
f 503 501 511 
f 506 497 511 
o convex_25
v 0.000725 0.029563 0.014911
v -0.005648 0.010978 0.003227
v -0.005648 0.031158 0.002169
v -0.005648 0.011510 0.029247
v 0.000725 0.010978 0.004289
v 0.000725 0.011510 0.028716
v -0.005116 0.032220 0.022341
v 0.000725 0.031688 0.002169
v 0.000725 0.018411 0.029247
v 0.000725 0.015228 0.001633
v -0.001932 0.031688 0.022341
v -0.004584 0.010978 0.030311
v -0.005648 0.032220 0.008011
v 0.000725 0.026377 0.024464
v -0.003523 0.020536 0.028183
v -0.005116 0.029031 0.001636
v -0.000868 0.028503 0.024997
v -0.005648 0.024783 0.023400
v -0.001400 0.010978 0.030311
v -0.002461 0.015760 0.001633
v -0.002461 0.032220 0.022341
v -0.005116 0.032220 0.002169
v 0.000725 0.030626 0.001636
f 533 519 534 
f 514 513 515 
f 516 512 517 
f 512 516 519 
f 517 512 520 
f 516 513 521 
f 519 516 521 
f 512 519 522 
f 515 513 523 
f 513 516 523 
f 514 515 524 
f 520 512 525 
f 512 522 525 
f 518 515 526 
f 515 523 526 
f 523 520 526 
f 513 514 527 
f 520 525 528 
f 525 522 528 
f 518 526 528 
f 526 520 528 
f 515 518 529 
f 524 515 529 
f 518 524 529 
f 516 517 530 
f 517 520 530 
f 523 516 530 
f 520 523 530 
f 521 513 531 
f 513 527 531 
f 522 519 532 
f 524 518 532 
f 518 528 532 
f 528 522 532 
f 514 524 533 
f 527 514 533 
f 532 519 533 
f 524 532 533 
f 519 521 534 
f 521 531 534 
f 531 527 534 
f 527 533 534 
o convex_26
v -0.014146 -0.007609 -0.052536
v -0.015208 -0.012921 -0.058378
v -0.016271 -0.012389 -0.057845
v -0.018392 0.000356 -0.055722
v -0.022111 -0.001237 -0.042446
v -0.022111 -0.007609 -0.056251
v -0.018392 -0.010796 -0.051474
v -0.022111 0.000356 -0.049883
v -0.018923 0.000356 -0.047228
v -0.013083 -0.008141 -0.057313
v -0.014677 -0.010263 -0.051474
v -0.022111 -0.007609 -0.048821
v -0.016271 -0.001237 -0.052003
v -0.013614 -0.012921 -0.056251
v -0.019455 -0.008670 -0.057845
v -0.014677 -0.005488 -0.051474
v -0.019455 0.000356 -0.055722
v -0.013083 -0.010796 -0.058378
v -0.021580 -0.000707 -0.042446
f 545 550 553 
f 537 536 541 
f 540 537 541 
f 540 539 542 
f 538 542 543 
f 539 541 545 
f 539 540 546 
f 541 539 546 
f 540 541 546 
f 538 543 547 
f 544 538 547 
f 541 536 548 
f 544 535 548 
f 535 545 548 
f 545 541 548 
f 536 537 549 
f 537 540 549 
f 535 544 550 
f 545 535 550 
f 547 543 550 
f 544 547 550 
f 542 538 551 
f 540 542 551 
f 549 540 551 
f 549 551 552 
f 538 544 552 
f 548 536 552 
f 544 548 552 
f 536 549 552 
f 551 538 552 
f 542 539 553 
f 543 542 553 
f 539 545 553 
f 550 543 553 
o convex_27
v -0.038570 0.005667 -0.056782
v -0.022643 0.018943 -0.049352
v -0.022112 0.018412 -0.049352
v -0.035916 0.000356 -0.046695
v -0.018394 0.000356 -0.055721
v -0.019458 0.000356 -0.046695
v -0.034854 0.018943 -0.046696
v -0.019989 0.009913 -0.058376
v -0.037508 0.018410 -0.049883
v -0.036979 0.002483 -0.058375
v -0.038570 0.008323 -0.058375
v -0.039101 0.012571 -0.049352
v -0.037506 0.000356 -0.055721
v -0.026363 0.018943 -0.046696
v -0.020522 0.006731 -0.058908
v -0.020520 0.015755 -0.050945
v -0.025301 0.018943 -0.050414
v -0.037506 0.000356 -0.050946
v -0.036446 0.018943 -0.049883
v -0.020522 0.003544 -0.058375
v -0.039101 0.016287 -0.049352
v -0.018394 0.001952 -0.052537
v -0.022643 0.016818 -0.047759
v -0.036977 0.015755 -0.047228
f 574 565 577 
f 557 558 559 
f 557 559 560 
f 563 554 564 
f 564 554 565 
f 558 557 566 
f 554 563 566 
f 563 558 566 
f 560 559 567 
f 555 560 567 
f 561 558 568 
f 564 561 568 
f 563 564 568 
f 555 556 569 
f 561 555 569 
f 560 555 570 
f 555 561 570 
f 565 554 571 
f 557 565 571 
f 566 557 571 
f 554 566 571 
f 562 560 572 
f 561 564 572 
f 564 562 572 
f 560 570 572 
f 570 561 572 
f 558 563 573 
f 568 558 573 
f 563 568 573 
f 560 562 574 
f 562 564 574 
f 564 565 574 
f 559 558 575 
f 558 561 575 
f 569 559 575 
f 561 569 575 
f 556 555 576 
f 555 567 576 
f 567 559 576 
f 569 556 576 
f 559 569 576 
f 557 560 577 
f 565 557 577 
f 560 574 577 
o convex_28
v 0.016126 0.011509 -0.043510
v 0.017188 -0.001768 -0.058909
v 0.018781 -0.001768 -0.058909
v 0.012409 0.011509 -0.055721
v 0.020375 0.010446 -0.055721
v 0.020375 0.007790 -0.045103
v 0.013472 0.004076 -0.052004
v 0.016657 0.000888 -0.052004
v 0.010815 0.010977 -0.053065
v 0.020375 0.011509 -0.044572
v 0.014002 0.001419 -0.057845
v 0.019842 0.004076 -0.058376
v 0.011878 0.011509 -0.047759
v 0.020375 0.002482 -0.052535
v 0.016126 0.004606 -0.048290
v 0.011878 0.010977 -0.056252
v 0.011878 0.005664 -0.054658
v 0.018781 -0.000705 -0.054658
v 0.020375 0.011509 -0.050944
v 0.015595 0.010977 -0.043510
f 584 592 597 
f 581 578 587 
f 583 582 587 
f 578 583 587 
f 579 585 588 
f 585 584 588 
f 580 579 589 
f 578 581 590 
f 581 586 590 
f 582 583 591 
f 580 589 591 
f 589 582 591 
f 585 583 592 
f 584 585 592 
f 581 582 593 
f 586 581 593 
f 579 588 593 
f 589 579 593 
f 582 589 593 
f 588 584 594 
f 584 590 594 
f 590 586 594 
f 586 593 594 
f 593 588 594 
f 579 580 595 
f 585 579 595 
f 583 585 595 
f 591 583 595 
f 580 591 595 
f 582 581 596 
f 581 587 596 
f 587 582 596 
f 583 578 597 
f 578 590 597 
f 590 584 597 
f 592 583 597 
o convex_29
v -0.013614 0.017350 0.013317
v -0.010959 0.005139 0.030842
v -0.011490 0.005139 0.030842
v -0.009365 0.000356 0.013317
v -0.009365 0.017882 0.016504
v -0.013614 0.001950 0.013317
v -0.013614 0.016288 0.028716
v -0.009365 0.009381 0.028716
v -0.009365 0.000356 0.026061
v -0.013082 0.000356 0.019690
v -0.009365 0.017882 0.013317
v -0.013614 0.009381 0.029248
v -0.012551 0.004075 0.030310
v -0.012020 0.014694 0.029248
v -0.010959 0.000888 0.027655
v -0.013082 0.016818 0.028186
f 611 602 613 
f 598 601 603 
f 598 603 604 
f 601 602 605 
f 605 599 606 
f 601 605 606 
f 603 601 607 
f 601 606 607 
f 601 598 608 
f 598 602 608 
f 602 601 608 
f 604 603 609 
f 603 607 609 
f 609 607 610 
f 599 600 610 
f 600 604 610 
f 604 609 610 
f 600 599 611 
f 604 600 611 
f 599 605 611 
f 605 602 611 
f 606 599 612 
f 607 606 612 
f 610 607 612 
f 599 610 612 
f 602 598 613 
f 598 604 613 
f 604 611 613 
o convex_30
v 0.020906 0.023191 -0.043509
v 0.027277 0.015757 -0.054659
v 0.028341 0.015757 -0.054659
v 0.020375 0.027441 -0.058377
v 0.020375 0.015757 -0.050412
v 0.028341 0.016820 -0.047227
v 0.020375 0.015757 -0.041915
v 0.020375 0.020007 -0.058909
v 0.028341 0.019476 -0.051472
v 0.028341 0.018945 -0.056253
v 0.025153 0.015757 -0.042980
v 0.020906 0.027441 -0.055722
v 0.023562 0.019476 -0.041915
v 0.020375 0.022129 -0.041915
v 0.023562 0.022129 -0.058909
v 0.027277 0.019476 -0.048288
f 626 619 629 
f 615 616 618 
f 617 618 620 
f 618 616 620 
f 616 615 621 
f 618 617 621 
f 615 618 621 
f 619 616 622 
f 616 621 623 
f 622 616 623 
f 616 619 624 
f 620 616 624 
f 623 617 625 
f 622 623 625 
f 624 619 626 
f 620 624 626 
f 617 620 627 
f 614 625 627 
f 625 617 627 
f 626 614 627 
f 620 626 627 
f 621 617 628 
f 623 621 628 
f 617 623 628 
f 619 622 629 
f 625 614 629 
f 622 625 629 
f 614 626 629 
o convex_31
v 0.001254 -0.003891 -0.010051
v -0.014675 0.000356 -0.018548
v -0.015736 -0.001769 -0.017485
v -0.018391 0.001418 -0.010051
v -0.016797 -0.005486 -0.010051
v -0.002995 -0.005486 -0.015361
v -0.005120 0.001418 -0.015892
v -0.003526 0.001418 -0.010051
v -0.017328 -0.005486 -0.013769
v -0.019452 0.001418 -0.015361
v -0.020516 -0.003891 -0.010051
v 0.001254 -0.005486 -0.013769
v -0.007773 0.001418 -0.018015
v 0.001254 -0.005486 -0.010051
v -0.014142 -0.003891 -0.016954
v -0.010956 -0.000706 -0.018548
f 635 644 645 
f 630 633 634 
f 636 633 637 
f 633 630 637 
f 630 636 637 
f 635 634 638 
f 631 632 639 
f 633 636 639 
f 632 638 639 
f 639 638 640 
f 634 633 640 
f 638 634 640 
f 633 639 640 
f 634 635 641 
f 636 630 641 
f 636 641 642 
f 631 639 642 
f 639 636 642 
f 641 635 642 
f 630 634 643 
f 641 630 643 
f 634 641 643 
f 632 631 644 
f 638 632 644 
f 635 638 644 
f 631 642 645 
f 642 635 645 
f 644 631 645 
o convex_32
v -0.001933 0.020537 -0.009517
v -0.016269 0.024252 -0.000493
v -0.016269 0.024252 0.000571
v -0.000869 0.031155 0.001101
v 0.000725 0.011513 0.000038
v 0.000725 0.010978 -0.010047
v -0.011488 0.025315 -0.007925
v -0.004056 0.010978 -0.006861
v 0.000725 0.027438 -0.004208
v -0.012551 0.028501 -0.005269
v -0.007243 0.016820 -0.010051
v 0.000725 0.015761 0.001631
v -0.013613 0.019477 0.000571
v -0.014143 0.028501 0.000571
v 0.000725 0.030624 0.001632
v -0.012019 0.018414 -0.004739
v -0.004585 0.010978 -0.003148
v -0.008304 0.026909 -0.007394
v -0.003524 0.031155 0.001632
v 0.000725 0.017883 -0.010047
v -0.014674 0.025315 -0.004739
v 0.000725 0.030624 -0.000492
v -0.001933 0.016293 0.001631
v -0.015737 0.026909 -0.002086
v -0.001933 0.010978 -0.010047
v -0.004585 0.019477 -0.010047
f 665 656 671 
f 650 651 654 
f 650 654 657 
f 648 647 658 
f 657 654 660 
f 656 653 661 
f 658 647 661 
f 658 661 662 
f 651 650 662 
f 653 651 662 
f 650 658 662 
f 661 653 662 
f 654 646 663 
f 652 655 663 
f 649 655 664 
f 659 648 664 
f 655 659 664 
f 660 649 664 
f 657 660 664 
f 654 651 665 
f 646 654 665 
f 651 656 665 
f 655 652 666 
f 652 656 666 
f 661 647 666 
f 656 661 666 
f 655 649 667 
f 649 660 667 
f 660 654 667 
f 654 663 667 
f 663 655 667 
f 650 657 668 
f 648 658 668 
f 658 650 668 
f 664 648 668 
f 657 664 668 
f 647 648 669 
f 648 659 669 
f 659 655 669 
f 655 666 669 
f 666 647 669 
f 651 653 670 
f 656 651 670 
f 653 656 670 
f 656 652 671 
f 663 646 671 
f 652 663 671 
f 646 665 671 
o convex_33
v 0.015065 -0.011856 -0.022265
v 0.018781 -0.000175 -0.016955
v 0.021967 -0.001768 -0.016955
v 0.005505 -0.012388 -0.016955
v 0.012942 -0.004426 -0.023858
v 0.029930 -0.007608 -0.022796
v 0.020374 -0.012388 -0.016955
v 0.007100 -0.002831 -0.016955
v 0.029402 -0.002301 -0.021733
v 0.008693 -0.008141 -0.022265
v 0.014002 -0.001239 -0.020672
v 0.020905 -0.004426 -0.024390
v 0.023560 -0.011856 -0.022265
v 0.029402 -0.002831 -0.020142
v 0.016130 -0.007078 -0.024390
v 0.007100 -0.005487 -0.020672
v 0.012942 -0.012921 -0.020142
v 0.009753 -0.009734 -0.022796
v 0.024621 -0.008670 -0.023858
v 0.014002 -0.000175 -0.018548
v 0.029930 -0.007608 -0.021733
v 0.030465 -0.004426 -0.022796
v 0.026744 -0.003894 -0.018548
v 0.010816 -0.002301 -0.020672
v 0.018246 -0.011856 -0.022796
f 686 690 696 
f 674 673 675 
f 674 675 678 
f 675 673 679 
f 682 680 683 
f 676 682 683 
f 673 674 685 
f 680 673 685 
f 676 683 686 
f 675 679 687 
f 681 675 687 
f 676 681 687 
f 678 675 688 
f 684 678 688 
f 675 681 689 
f 681 676 689 
f 676 686 689 
f 672 688 689 
f 688 675 689 
f 677 684 690 
f 686 683 690 
f 679 673 691 
f 673 680 691 
f 680 682 691 
f 684 677 692 
f 678 684 692 
f 685 692 693 
f 683 680 693 
f 680 685 693 
f 677 690 693 
f 690 683 693 
f 692 677 693 
f 674 678 694 
f 685 674 694 
f 678 692 694 
f 692 685 694 
f 682 676 695 
f 687 679 695 
f 676 687 695 
f 679 691 695 
f 691 682 695 
f 688 672 696 
f 684 688 696 
f 672 689 696 
f 689 686 696 
f 690 684 696 
o convex_34
v 0.003382 -0.024073 -0.011644
v 0.015594 -0.017169 -0.010051
v 0.017718 -0.017700 -0.010051
v 0.008163 -0.017700 -0.016424
v 0.006037 -0.017169 -0.010051
v 0.014532 -0.019825 -0.015891
v 0.015594 -0.021417 -0.010051
v 0.003382 -0.022480 -0.015891
v 0.001256 -0.021417 -0.010051
v 0.001788 -0.024073 -0.010051
v 0.003382 -0.020885 -0.015891
v 0.014002 -0.018232 -0.015361
f 702 700 708 
f 699 698 701 
f 698 700 701 
f 699 701 703 
f 697 702 703 
f 702 699 703 
f 702 697 704 
f 700 702 704 
f 703 701 705 
f 705 704 706 
f 697 703 706 
f 704 697 706 
f 703 705 706 
f 701 700 707 
f 700 704 707 
f 705 701 707 
f 704 705 707 
f 698 699 708 
f 700 698 708 
f 699 702 708 
o convex_35
v 0.000193 0.026378 -0.012706
v -0.005117 0.021069 -0.023859
v -0.005117 0.019475 -0.023326
v -0.009365 0.020007 -0.015893
v 0.002849 0.022130 -0.016956
v -0.006179 0.025847 -0.019077
v 0.002849 0.024785 -0.020672
v 0.000725 0.019475 -0.021733
v -0.005117 0.019475 -0.015362
v -0.009896 0.019475 -0.019609
v -0.001401 0.024254 -0.023326
v -0.003524 0.026910 -0.014831
v 0.000725 0.026378 -0.019609
v 0.002849 0.024254 -0.013768
v -0.001401 0.019475 -0.023859
v -0.001933 0.024785 -0.012706
v 0.002849 0.025847 -0.013768
v -0.007240 0.022662 -0.021733
f 714 719 726 
f 715 713 716 
f 711 716 717 
f 716 713 717 
f 710 711 718 
f 712 714 718 
f 711 717 718 
f 717 712 718 
f 714 712 720 
f 719 714 721 
f 715 719 721 
f 720 709 721 
f 714 720 721 
f 713 715 722 
f 717 713 722 
f 711 710 723 
f 716 711 723 
f 715 716 723 
f 710 719 723 
f 719 715 723 
f 712 717 724 
f 709 720 724 
f 720 712 724 
f 722 709 724 
f 717 722 724 
f 721 709 725 
f 715 721 725 
f 709 722 725 
f 722 715 725 
f 710 718 726 
f 718 714 726 
f 719 710 726 
o convex_36
v 0.019310 0.010978 -0.012706
v 0.010287 0.026910 -0.010582
v 0.010287 0.026910 -0.012706
v 0.002849 0.010447 -0.010051
v 0.021966 0.015228 -0.010051
v 0.003913 0.010447 -0.013237
v 0.021435 0.018942 -0.013768
v 0.004444 0.023722 -0.013768
v 0.002849 0.024254 -0.010051
v 0.021435 0.012040 -0.013768
v 0.017186 0.024784 -0.013768
v 0.018250 0.022130 -0.010051
v 0.019841 0.010978 -0.010051
v 0.002849 0.012572 -0.012706
v 0.008162 0.026910 -0.010051
f 735 738 741 
f 730 731 735 
f 727 732 736 
f 733 731 736 
f 732 734 736 
f 734 733 736 
f 729 728 737 
f 733 734 737 
f 734 729 737 
f 731 733 738 
f 735 731 738 
f 737 728 738 
f 733 737 738 
f 731 730 739 
f 732 727 739 
f 730 732 739 
f 727 736 739 
f 736 731 739 
f 732 730 740 
f 734 732 740 
f 730 735 740 
f 735 734 740 
f 728 729 741 
f 729 734 741 
f 734 735 741 
f 738 728 741 
o convex_37
v -0.026891 0.036469 0.020750
v -0.025829 0.032220 0.000572
v -0.024767 0.032220 0.000572
v -0.027422 0.039124 -0.000489
v -0.030608 0.035937 0.016500
v -0.025298 0.039124 0.018092
v -0.024767 0.032220 0.020750
v -0.024236 0.038593 0.010133
v -0.027952 0.032220 0.003228
v -0.028483 0.032220 0.019158
v -0.028483 0.039124 0.014908
v -0.028483 0.039124 0.000572
v -0.024236 0.035937 0.020750
v -0.024236 0.032752 0.001103
v -0.025829 0.038593 -0.000489
v -0.029545 0.034346 0.006416
v -0.030076 0.036999 0.018092
v -0.027422 0.033815 0.021283
f 758 751 759 
f 743 744 748 
f 745 747 749 
f 743 748 750 
f 750 748 751 
f 747 745 752 
f 745 743 753 
f 743 750 753 
f 752 745 753 
f 747 742 754 
f 749 747 754 
f 749 754 755 
f 748 744 755 
f 754 748 755 
f 744 743 756 
f 743 745 756 
f 745 749 756 
f 749 755 756 
f 755 744 756 
f 750 751 757 
f 751 746 757 
f 753 750 757 
f 746 753 757 
f 742 747 758 
f 746 751 758 
f 747 752 758 
f 753 746 758 
f 752 753 758 
f 751 748 759 
f 754 742 759 
f 748 754 759 
f 742 758 759 
o convex_38
v -0.021580 0.032220 0.006944
v -0.018395 0.035938 0.012785
v -0.021050 0.035938 0.012785
v -0.018925 0.040187 0.009068
v -0.024235 0.039655 0.010661
v -0.024235 0.032752 0.012785
v -0.024235 0.032752 0.006944
v -0.018395 0.033284 0.006944
v -0.018395 0.040187 0.011192
v -0.023704 0.040187 0.009068
v -0.018395 0.034345 0.012254
v -0.019988 0.035407 0.006944
f 769 763 771 
f 761 762 765 
f 762 764 765 
f 765 764 766 
f 760 765 766 
f 760 766 767 
f 762 761 768 
f 764 762 768 
f 767 763 768 
f 761 767 768 
f 766 764 769 
f 768 763 769 
f 764 768 769 
f 761 765 770 
f 765 760 770 
f 767 761 770 
f 760 767 770 
f 763 767 771 
f 767 766 771 
f 766 769 771 
o convex_39
v -0.018396 0.045496 0.019687
v -0.031139 0.043903 0.008537
v -0.031139 0.043903 0.009069
v -0.025297 0.039126 0.018095
v -0.018396 0.040187 0.009070
v -0.018396 0.048153 0.011726
v -0.028483 0.048151 0.012786
v -0.027423 0.039126 0.008537
v -0.023704 0.046027 0.020752
v -0.027423 0.048151 0.009600
v -0.018396 0.042843 0.008537
v -0.027423 0.039126 0.016502
v -0.019458 0.048153 0.016502
v -0.018396 0.043904 0.019157
v -0.030607 0.046027 0.008537
v -0.019988 0.044964 0.020752
f 775 785 787 
f 772 776 777 
f 774 773 779 
f 776 775 779 
f 778 777 781 
f 777 776 782 
f 779 773 782 
f 776 779 782 
f 781 777 782 
f 778 774 783 
f 774 779 783 
f 779 775 783 
f 775 780 783 
f 780 778 783 
f 772 777 784 
f 777 778 784 
f 780 772 784 
f 778 780 784 
f 776 772 785 
f 775 776 785 
f 773 774 786 
f 774 778 786 
f 778 781 786 
f 782 773 786 
f 781 782 786 
f 780 775 787 
f 772 780 787 
f 785 772 787 
o convex_40
v -0.025827 0.068331 -0.006331
v -0.027953 0.048153 0.009595
v -0.027420 0.048153 0.009595
v -0.019987 0.053465 -0.004738
v -0.018394 0.048687 0.014907
v -0.027951 0.063553 0.005880
v -0.027953 0.048687 0.002168
v -0.027951 0.066738 -0.007924
v -0.018394 0.055588 0.005878
v -0.025827 0.051340 0.015438
v -0.018394 0.050280 0.002168
v -0.018925 0.058245 -0.003145
v -0.027420 0.068861 -0.001021
v -0.026889 0.064613 -0.008455
v -0.027953 0.048153 0.013314
v -0.018394 0.048153 0.011186
v -0.026890 0.048687 0.001106
v -0.021581 0.053465 0.012783
v -0.025827 0.065676 -0.008455
v -0.018926 0.053465 -0.004738
v -0.027953 0.053995 -0.002081
v -0.027953 0.056648 0.011719
v -0.026358 0.068861 -0.003145
v -0.025296 0.048153 0.015438
v -0.023173 0.051340 0.015438
v -0.027951 0.069393 -0.004207
v -0.019987 0.053995 0.010659
f 800 805 814 
f 796 792 798 
f 796 798 799 
f 789 790 802 
f 794 789 802 
f 798 792 803 
f 802 790 803 
f 790 789 804 
f 789 794 804 
f 803 790 804 
f 798 803 804 
f 800 793 805 
f 795 788 806 
f 788 799 806 
f 801 795 806 
f 801 806 807 
f 799 798 807 
f 791 801 807 
f 804 791 807 
f 798 804 807 
f 806 799 807 
f 801 791 808 
f 795 801 808 
f 794 802 808 
f 804 794 808 
f 791 804 808 
f 802 797 809 
f 808 802 809 
f 796 799 810 
f 799 788 810 
f 800 796 810 
f 797 802 811 
f 803 792 811 
f 802 803 811 
f 792 805 812 
f 805 793 812 
f 793 809 812 
f 809 797 812 
f 811 792 812 
f 797 811 812 
f 788 795 813 
f 793 800 813 
f 795 808 813 
f 809 793 813 
f 808 809 813 
f 810 788 813 
f 800 810 813 
f 792 796 814 
f 796 800 814 
f 805 792 814 
o convex_41
v -0.008304 0.000887 -0.001554
v -0.015738 -0.006548 -0.010051
v -0.008835 -0.006548 -0.010051
v -0.015738 0.007791 -0.010051
v -0.005648 0.006729 -0.010051
v -0.015738 -0.002299 -0.001554
v -0.007243 -0.006548 -0.006332
v -0.013082 0.007791 -0.006864
v -0.015207 0.001416 -0.001554
v -0.012551 -0.006016 -0.003678
v -0.005648 0.005136 -0.006864
v -0.006179 -0.002830 -0.010051
v -0.006711 -0.000705 -0.002616
v -0.009898 -0.004423 -0.002616
v -0.005648 -0.001237 -0.006864
v -0.010429 0.001416 -0.001022
v -0.015738 -0.004953 -0.003147
f 824 828 831 
f 817 816 818 
f 817 818 819 
f 818 816 820 
f 816 817 821 
f 819 818 822 
f 818 820 823 
f 822 818 823 
f 816 821 824 
f 819 822 825 
f 817 819 826 
f 821 817 826 
f 825 815 827 
f 821 827 828 
f 824 821 828 
f 827 815 828 
f 819 825 829 
f 826 819 829 
f 821 826 829 
f 825 827 829 
f 827 821 829 
f 823 820 830 
f 822 823 830 
f 815 825 830 
f 825 822 830 
f 828 815 830 
f 820 828 830 
f 820 816 831 
f 816 824 831 
f 828 820 831 
o convex_42
v -0.002461 -0.009204 -0.001022
v -0.005647 -0.021418 -0.010051
v 0.006036 -0.021418 -0.010051
v -0.005647 -0.006017 -0.010051
v -0.005647 -0.021418 -0.001022
v 0.006036 -0.008144 -0.001022
v 0.006036 -0.021418 -0.001022
v 0.004442 -0.006549 -0.010051
v -0.005647 -0.010268 -0.001022
v 0.000194 -0.006017 -0.003678
v 0.005504 -0.006017 -0.006864
v 0.006036 -0.011328 -0.010051
f 839 842 843 
f 834 833 835 
f 833 834 836 
f 835 833 836 
f 832 836 837 
f 837 836 838 
f 836 834 838 
f 834 837 838 
f 834 835 839 
f 836 832 840 
f 835 836 840 
f 832 837 841 
f 840 832 841 
f 835 840 841 
f 839 835 842 
f 841 837 842 
f 835 841 842 
f 837 834 843 
f 834 839 843 
f 842 837 843 
o convex_43
v 0.019842 0.019480 -0.058909
v 0.012940 0.028502 -0.041915
v 0.008693 0.028502 -0.041915
v 0.016655 0.011509 -0.042447
v 0.008693 0.015763 -0.058909
v 0.010285 0.034345 -0.050412
v 0.019842 0.024252 -0.041915
v 0.020372 0.027438 -0.058909
v 0.020372 0.011509 -0.050943
v 0.008693 0.018418 -0.041915
v 0.010287 0.011509 -0.055720
v 0.016124 0.032749 -0.050941
v 0.020372 0.012041 -0.041915
v 0.008693 0.020012 -0.058909
v 0.008692 0.033813 -0.046165
v 0.011348 0.011509 -0.048291
v 0.020372 0.027970 -0.053064
v 0.020372 0.013634 -0.054656
v 0.008692 0.033813 -0.050412
v 0.010817 0.014701 -0.058909
v 0.014002 0.033813 -0.049351
v 0.013472 0.013105 -0.041915
v 0.017186 0.026908 -0.041915
v 0.020372 0.022131 -0.041915
v 0.009223 0.033281 -0.045102
f 866 864 868 
f 845 846 850 
f 844 848 851 
f 850 846 853 
f 852 847 854 
f 853 848 854 
f 851 849 855 
f 852 851 856 
f 847 852 856 
f 850 853 856 
f 851 848 857 
f 848 853 858 
f 853 846 858 
f 854 847 859 
f 853 854 859 
f 855 850 860 
f 851 855 860 
f 856 851 860 
f 844 851 861 
f 851 852 861 
f 852 854 861 
f 849 851 862 
f 857 848 862 
f 851 857 862 
f 848 858 862 
f 858 849 862 
f 848 844 863 
f 854 848 863 
f 844 861 863 
f 861 854 863 
f 855 849 864 
f 849 858 864 
f 847 856 865 
f 856 853 865 
f 859 847 865 
f 853 859 865 
f 845 850 866 
f 850 855 866 
f 855 864 866 
f 850 856 867 
f 860 850 867 
f 856 860 867 
f 846 845 868 
f 858 846 868 
f 864 858 868 
f 845 866 868 
o convex_44
v -0.017331 -0.026729 -0.011644
v -0.012022 -0.024604 -0.010051
v -0.010428 -0.028322 -0.010051
v -0.014144 -0.024604 -0.012706
v -0.014675 -0.029915 -0.013237
v -0.015738 -0.029383 -0.010051
v -0.016800 -0.024604 -0.010051
v -0.010428 -0.029383 -0.011644
f 874 873 876 
f 869 872 873 
f 871 870 874 
f 869 873 874 
f 869 874 875 
f 870 872 875 
f 872 869 875 
f 874 870 875 
f 870 871 876 
f 872 870 876 
f 873 872 876 
f 871 874 876 
o convex_45
v -0.010958 -0.019293 -0.017485
v 0.001256 -0.005486 -0.010051
v 0.001256 -0.023541 -0.010051
v -0.018394 -0.018230 -0.010051
v -0.002462 -0.006017 -0.018548
v -0.016797 -0.005486 -0.010583
v -0.015737 -0.012393 -0.018548
v 0.001256 -0.015575 -0.018548
v -0.016266 -0.024604 -0.011644
v -0.006180 -0.022476 -0.015892
v -0.012019 -0.007612 -0.018548
v -0.016266 -0.024604 -0.010051
v 0.001256 -0.005486 -0.013769
v -0.016797 -0.005486 -0.010051
v -0.009365 -0.017697 -0.018548
v -0.015207 -0.005486 -0.013237
v 0.001256 -0.023541 -0.011114
v -0.018394 -0.021415 -0.010583
v -0.015207 -0.014515 -0.018548
v -0.014145 -0.024604 -0.012706
v 0.001256 -0.012393 -0.018548
v -0.003524 -0.005486 -0.017485
f 892 889 898 
f 879 878 880 
f 880 882 883 
f 878 879 884 
f 883 881 884 
f 881 883 887 
f 879 880 888 
f 882 878 889 
f 878 884 889 
f 880 878 890 
f 878 882 890 
f 882 880 890 
f 883 884 891 
f 886 877 891 
f 884 886 891 
f 883 882 892 
f 887 883 892 
f 882 889 892 
f 884 879 893 
f 886 884 893 
f 880 883 894 
f 888 880 894 
f 885 888 894 
f 891 877 895 
f 883 891 895 
f 894 883 895 
f 885 894 895 
f 877 886 896 
f 879 888 896 
f 888 885 896 
f 893 879 896 
f 886 893 896 
f 895 877 896 
f 885 895 896 
f 884 881 897 
f 881 889 897 
f 889 884 897 
f 881 887 898 
f 889 881 898 
f 887 892 898 
o convex_46
v 0.021435 -0.012389 -0.016955
v 0.015594 0.001416 -0.010051
v 0.018246 0.000885 -0.010051
v 0.006569 -0.017167 -0.010051
v 0.001256 -0.009733 -0.016955
v 0.025154 -0.014512 -0.010051
v 0.021435 -0.001239 -0.016955
v 0.001256 -0.003893 -0.010051
v 0.006569 -0.000708 -0.014829
v 0.001256 -0.014512 -0.016955
v 0.020901 -0.016636 -0.012707
v 0.025154 -0.004956 -0.011113
v 0.001256 -0.013980 -0.010051
v 0.025154 -0.010795 -0.015360
v 0.013470 -0.000177 -0.016955
v 0.009755 0.001416 -0.010051
v 0.021435 -0.015043 -0.015360
v 0.020901 -0.017167 -0.010051
v 0.007100 -0.017167 -0.011645
v 0.025154 -0.004956 -0.010051
v 0.017715 0.000354 -0.015892
v 0.001256 -0.004425 -0.012707
v 0.007100 -0.002833 -0.016955
v 0.022495 -0.002302 -0.016955
f 910 912 922 
f 901 900 902 
f 901 902 904 
f 899 903 905 
f 902 900 906 
f 903 899 908 
f 906 903 908 
f 902 906 911 
f 908 902 911 
f 906 908 911 
f 910 904 912 
f 905 903 913 
f 913 907 914 
f 906 900 914 
f 907 906 914 
f 908 899 915 
f 904 909 915 
f 909 908 915 
f 899 912 915 
f 912 904 915 
f 904 902 916 
f 909 904 916 
f 909 916 917 
f 902 908 917 
f 908 909 917 
f 916 902 917 
f 901 904 918 
f 905 901 918 
f 904 910 918 
f 910 905 918 
f 900 901 919 
f 901 905 919 
f 905 913 919 
f 913 914 919 
f 914 900 919 
f 903 906 920 
f 907 903 920 
f 906 907 920 
f 903 907 921 
f 913 903 921 
f 907 913 921 
f 899 905 922 
f 905 910 922 
f 912 899 922 
o convex_47
v 0.034714 -0.012919 -0.013237
v 0.021968 -0.016638 -0.010051
v 0.030464 -0.016637 -0.013768
v 0.021968 -0.003361 -0.010051
v 0.031527 -0.014513 -0.008989
v 0.025156 -0.009736 -0.014299
v 0.029933 -0.004424 -0.008457
v 0.021968 -0.016638 -0.008457
v 0.034714 -0.013449 -0.015892
v 0.027282 -0.004957 -0.011644
v 0.021968 -0.003361 -0.008457
v 0.032057 -0.016637 -0.011114
v 0.025156 -0.012388 -0.014299
v 0.034181 -0.014512 -0.011644
f 934 931 936 
f 924 926 928 
f 927 929 930 
f 926 924 930 
f 929 923 931 
f 929 931 932 
f 928 926 932 
f 926 929 932 
f 931 928 932 
f 929 926 933 
f 930 929 933 
f 926 930 933 
f 924 925 934 
f 927 930 934 
f 930 924 934 
f 925 931 934 
f 925 924 935 
f 924 928 935 
f 931 925 935 
f 928 931 935 
f 923 929 936 
f 929 927 936 
f 931 923 936 
f 927 934 936 
o convex_48
v -0.006708 0.019474 -0.014833
v -0.003525 0.018412 -0.023859
v -0.003525 0.019474 -0.023859
v 0.002849 0.016287 -0.010051
v -0.012021 0.010448 -0.019078
v 0.002849 0.010447 -0.012707
v -0.009896 0.013634 -0.011114
v -0.010424 0.019474 -0.019078
v -0.005647 0.010448 -0.021200
v 0.000193 0.019474 -0.022262
v -0.001401 0.010447 -0.010051
v -0.007241 0.017881 -0.010051
v 0.002849 0.015756 -0.018017
v -0.001400 0.012572 -0.020670
v -0.009896 0.013103 -0.021200
v 0.000724 0.017349 -0.010051
v -0.010424 0.016287 -0.013238
v -0.012021 0.010448 -0.017487
v 0.002849 0.010447 -0.010051
v 0.002849 0.017881 -0.016425
v -0.001931 0.019474 -0.016955
v -0.005647 0.010447 -0.011644
v -0.000870 0.018412 -0.023326
v -0.008832 0.019474 -0.021200
f 951 941 960 
f 937 939 944 
f 939 937 946 
f 943 947 948 
f 937 944 948 
f 947 940 948 
f 940 942 949 
f 942 945 950 
f 949 942 950 
f 939 938 951 
f 938 945 951 
f 945 941 951 
f 937 948 952 
f 948 940 952 
f 943 948 953 
f 948 944 953 
f 944 941 954 
f 943 953 954 
f 953 944 954 
f 942 940 955 
f 947 942 955 
f 940 947 955 
f 940 949 956 
f 949 946 956 
f 952 940 956 
f 952 956 957 
f 946 937 957 
f 937 952 957 
f 956 946 957 
f 941 945 958 
f 945 942 958 
f 942 947 958 
f 947 943 958 
f 954 941 958 
f 943 954 958 
f 938 939 959 
f 945 938 959 
f 939 946 959 
f 946 949 959 
f 949 950 959 
f 950 945 959 
f 941 944 960 
f 944 939 960 
f 939 951 960 
o convex_49
v -0.020518 0.030096 0.002696
v -0.005648 0.032220 0.009067
v -0.005648 0.032220 0.002165
v -0.005648 0.019475 0.007475
v -0.020518 0.019475 0.013317
v -0.013613 0.019475 0.000571
v -0.019984 0.031688 0.012252
v -0.005648 0.024256 0.013317
v -0.005648 0.022131 0.000571
v -0.020518 0.025848 0.001102
v -0.009898 0.032220 0.001102
v -0.020518 0.019475 0.005350
v -0.007242 0.032220 0.012252
v -0.019455 0.032220 0.008537
v -0.018921 0.027440 0.000571
v -0.006179 0.019475 0.009067
v -0.020518 0.023194 0.013317
v -0.009368 0.019475 0.000571
v -0.008306 0.029564 0.000571
v -0.017330 0.019475 0.013317
v -0.020518 0.023195 0.001634
v -0.020518 0.031688 0.011721
f 977 967 982 
f 963 962 964 
f 964 965 966 
f 964 962 968 
f 963 964 969 
f 965 961 970 
f 962 963 971 
f 966 965 972 
f 965 970 972 
f 967 968 973 
f 968 962 973 
f 962 971 973 
f 973 971 974 
f 971 961 974 
f 967 973 974 
f 969 966 975 
f 966 970 975 
f 970 961 975 
f 961 971 975 
f 965 964 976 
f 964 968 976 
f 961 965 977 
f 965 968 977 
f 968 967 977 
f 964 966 978 
f 969 964 978 
f 966 969 978 
f 963 969 979 
f 971 963 979 
f 969 975 979 
f 975 971 979 
f 968 965 980 
f 965 976 980 
f 976 968 980 
f 970 966 981 
f 966 972 981 
f 972 970 981 
f 974 961 982 
f 967 974 982 
f 961 977 982 
o convex_50
v 0.004442 0.022660 -0.018017
v 0.003380 0.025847 -0.014299
v 0.002849 0.025847 -0.014299
v 0.003911 0.025315 -0.024921
v 0.002849 0.016288 -0.017487
v 0.002849 0.024785 -0.020140
v 0.004442 0.024785 -0.014831
v 0.004442 0.023722 -0.024921
v 0.004442 0.026910 -0.020670
v 0.003380 0.016288 -0.016957
f 987 990 992 
f 987 985 988 
f 986 987 988 
f 987 986 990 
f 989 983 990 
f 989 990 991 
f 985 984 991 
f 988 985 991 
f 986 988 991 
f 984 989 991 
f 990 986 991 
f 984 985 992 
f 985 987 992 
f 989 984 992 
f 983 989 992 
f 990 983 992 
o convex_51
v 0.006036 -0.044786 0.013315
v 0.011877 -0.041599 0.024469
v 0.007629 -0.041599 0.024469
v 0.009222 -0.041599 0.001633
v 0.011877 -0.049033 0.013847
v 0.004974 -0.042131 0.004821
v 0.010814 -0.044786 0.001633
v 0.008691 -0.046377 0.021811
v 0.004442 -0.041599 0.020749
v 0.011877 -0.041599 0.009600
v 0.011346 -0.049033 0.008540
v 0.007098 -0.046377 0.019688
v 0.011877 -0.047439 0.020749
v 0.008691 -0.044786 0.001633
v 0.006567 -0.041599 0.001633
v 0.011877 -0.049033 0.008540
v 0.004442 -0.042662 0.015441
f 1004 1001 1009 
f 995 994 996 
f 994 995 1000 
f 995 996 1001 
f 1000 995 1001 
f 996 994 1002 
f 994 997 1002 
f 999 996 1002 
f 993 998 1003 
f 1003 997 1004 
f 997 1000 1004 
f 1000 1001 1004 
f 993 1003 1004 
f 997 994 1005 
f 994 1000 1005 
f 1000 997 1005 
f 996 999 1006 
f 999 1003 1006 
f 1003 998 1006 
f 1001 996 1007 
f 998 1001 1007 
f 996 1006 1007 
f 1006 998 1007 
f 1002 997 1008 
f 999 1002 1008 
f 1003 999 1008 
f 997 1003 1008 
f 998 993 1009 
f 1001 998 1009 
f 993 1004 1009 
o convex_52
v -0.000336 -0.021418 0.023405
v -0.000866 0.010978 0.031901
v -0.004583 0.010978 0.031901
v 0.014531 0.010978 0.003230
v -0.005648 0.010978 0.003230
v 0.021968 -0.021418 0.002695
v -0.005648 -0.021418 0.002701
v 0.016656 -0.004957 0.027121
v -0.005648 -0.007075 0.030838
v 0.016126 -0.021418 0.023405
v 0.018248 0.008320 0.013319
v 0.021968 -0.016633 0.017035
v 0.021968 -0.004957 0.002695
v 0.013469 -0.001237 0.030306
v 0.006568 0.010445 0.030306
v 0.001256 -0.006542 0.031901
v 0.008690 -0.020355 0.026589
v -0.005648 -0.020885 0.017038
v 0.020373 -0.000175 0.017035
v -0.005648 0.010445 0.031901
v 0.014002 0.004071 0.027121
v 0.021435 -0.021418 0.018093
v 0.006568 -0.004957 0.031901
v -0.002458 -0.000175 0.002701
v 0.013469 0.010978 0.015974
v 0.019311 -0.019820 0.022341
v 0.014002 -0.003895 0.029777
v 0.021968 -0.007075 0.012790
v -0.005648 -0.015041 0.024465
v 0.003381 0.007791 0.031901
v 0.016126 -0.001237 0.027653
v 0.016656 0.005133 0.021281
v -0.005648 -0.002832 0.031901
v 0.007100 -0.020355 0.026589
v 0.017186 0.009383 0.009602
v 0.010812 0.001417 0.002701
v 0.017718 -0.003362 0.024997
v 0.010282 -0.019293 0.026589
v -0.003523 -0.011321 0.029245
v -0.005115 -0.021418 0.017561
v -0.001398 -0.006542 0.031901
v 0.017718 0.008320 0.014914
v 0.000194 -0.021418 0.023934
f 1043 1048 1052 
f 1012 1011 1013 
f 1012 1013 1014 
f 1015 1010 1016 
f 1014 1016 1018 
f 1010 1015 1019 
f 1021 1015 1022 
f 1015 1016 1022 
f 1011 1012 1025 
f 1018 1016 1027 
f 1022 1020 1028 
f 1012 1014 1029 
f 1014 1018 1029 
f 1025 1012 1029 
f 1024 1023 1030 
f 1019 1015 1031 
f 1015 1021 1031 
f 1011 1025 1032 
f 1025 1026 1032 
f 1016 1014 1033 
f 1022 1016 1033 
f 1013 1011 1034 
f 1011 1024 1034 
f 1019 1031 1035 
f 1031 1021 1035 
f 1023 1032 1036 
f 1035 1017 1036 
f 1019 1035 1036 
f 1021 1022 1037 
f 1028 1021 1037 
f 1022 1028 1037 
f 1018 1027 1038 
f 1023 1024 1039 
f 1024 1011 1039 
f 1011 1032 1039 
f 1032 1023 1039 
f 1030 1023 1040 
f 1036 1017 1040 
f 1023 1036 1040 
f 1024 1030 1041 
f 1040 1028 1041 
f 1030 1040 1041 
f 1029 1018 1042 
f 1025 1029 1042 
f 1026 1025 1043 
f 1022 1013 1044 
f 1020 1022 1044 
f 1013 1034 1044 
f 1034 1020 1044 
f 1014 1013 1045 
f 1013 1022 1045 
f 1033 1014 1045 
f 1022 1033 1045 
f 1021 1028 1046 
f 1017 1035 1046 
f 1035 1021 1046 
f 1040 1017 1046 
f 1028 1040 1046 
f 1026 1019 1047 
f 1032 1026 1047 
f 1019 1036 1047 
f 1036 1032 1047 
f 1018 1038 1048 
f 1016 1010 1049 
f 1027 1016 1049 
f 1010 1038 1049 
f 1038 1027 1049 
f 1042 1018 1050 
f 1025 1042 1050 
f 1043 1025 1050 
f 1018 1048 1050 
f 1048 1043 1050 
f 1028 1020 1051 
f 1020 1034 1051 
f 1034 1024 1051 
f 1024 1041 1051 
f 1041 1028 1051 
f 1010 1019 1052 
f 1019 1026 1052 
f 1038 1010 1052 
f 1026 1043 1052 
f 1048 1038 1052 
o convex_53
v -0.020518 0.009917 0.026062
v -0.024768 -0.001237 -0.000491
v -0.022113 -0.001237 -0.000491
v -0.022113 0.024253 0.000041
v -0.031139 0.016818 0.008008
v -0.023706 0.024785 0.022876
v -0.027421 0.007261 0.018096
v -0.029014 0.003544 -0.000491
v -0.020518 0.024253 0.001102
v -0.020518 0.001950 0.020219
v -0.029544 0.021599 0.004821
v -0.020518 0.022126 0.024999
v -0.020518 0.000358 -0.000491
v -0.029014 0.016288 -0.000491
v -0.026889 0.014164 0.021280
v -0.027952 0.004074 0.010664
v -0.030608 0.009385 0.009069
v -0.023173 0.010982 0.025527
v -0.024768 0.024785 0.021813
v -0.029014 0.015223 0.017030
v -0.024236 0.024253 0.000572
v -0.022643 0.003544 0.021280
v -0.020518 0.024785 0.012255
v -0.020518 0.017350 -0.000491
v -0.022643 0.022126 0.024999
v -0.025829 0.007795 0.021813
v -0.021049 0.006731 0.025527
v -0.029014 0.019475 0.014376
v -0.026359 0.021599 -0.000491
v -0.026889 0.003012 0.011195
v -0.029014 0.012566 0.017030
v -0.031139 0.016818 0.006945
v -0.030077 0.006731 0.008008
v -0.022113 0.024785 0.022876
f 1064 1075 1086 
f 1055 1054 1060 
f 1054 1055 1062 
f 1061 1053 1062 
f 1053 1061 1064 
f 1055 1060 1065 
f 1062 1055 1065 
f 1061 1062 1065 
f 1065 1060 1066 
f 1060 1054 1068 
f 1067 1071 1072 
f 1063 1071 1073 
f 1061 1056 1075 
f 1064 1061 1075 
f 1071 1058 1075 
f 1056 1073 1075 
f 1073 1071 1075 
f 1056 1061 1076 
f 1061 1065 1076 
f 1065 1066 1076 
f 1053 1064 1077 
f 1064 1058 1077 
f 1070 1053 1077 
f 1067 1070 1077 
f 1071 1067 1077 
f 1058 1071 1077 
f 1070 1067 1078 
f 1059 1074 1078 
f 1078 1074 1079 
f 1062 1053 1079 
f 1053 1070 1079 
f 1074 1062 1079 
f 1070 1078 1079 
f 1063 1057 1080 
f 1071 1063 1080 
f 1057 1072 1080 
f 1072 1071 1080 
f 1066 1063 1081 
f 1073 1056 1081 
f 1063 1073 1081 
f 1056 1076 1081 
f 1076 1066 1081 
f 1054 1062 1082 
f 1059 1068 1082 
f 1068 1054 1082 
f 1062 1074 1082 
f 1074 1059 1082 
f 1057 1069 1083 
f 1069 1059 1083 
f 1072 1057 1083 
f 1067 1072 1083 
f 1078 1067 1083 
f 1059 1078 1083 
f 1057 1063 1084 
f 1066 1060 1084 
f 1063 1066 1084 
f 1069 1057 1084 
f 1060 1069 1084 
f 1068 1059 1085 
f 1060 1068 1085 
f 1069 1060 1085 
f 1059 1069 1085 
f 1058 1064 1086 
f 1075 1058 1086 
o convex_54
v -0.028483 0.031688 0.014377
v -0.020519 0.031158 0.012253
v -0.022112 0.025317 0.022342
v -0.021581 0.025848 0.001635
v -0.025828 0.032220 0.000042
v -0.025297 0.026380 0.005352
v -0.024767 0.032220 0.020749
v -0.024767 0.024785 0.021811
v -0.020519 0.029032 0.001104
v -0.020519 0.024785 0.012253
v -0.028483 0.032220 0.018625
v -0.020519 0.031688 0.008538
v -0.027420 0.031688 0.002166
v -0.024765 0.029032 -0.000489
v -0.023174 0.024785 0.011191
v -0.024235 0.032220 0.000042
v -0.020519 0.025848 0.001635
f 1096 1101 1103 
f 1089 1088 1093 
f 1087 1092 1094 
f 1089 1093 1094 
f 1088 1089 1096 
f 1089 1094 1096 
f 1095 1088 1096 
f 1093 1091 1097 
f 1087 1094 1097 
f 1094 1093 1097 
f 1093 1088 1098 
f 1088 1095 1098 
f 1092 1087 1099 
f 1087 1097 1099 
f 1097 1091 1099 
f 1090 1092 1100 
f 1099 1091 1100 
f 1092 1099 1100 
f 1092 1090 1101 
f 1094 1092 1101 
f 1096 1094 1101 
f 1091 1093 1102 
f 1093 1098 1102 
f 1098 1095 1102 
f 1095 1100 1102 
f 1100 1091 1102 
f 1095 1096 1103 
f 1090 1100 1103 
f 1100 1095 1103 
f 1101 1090 1103 
o convex_55
v 0.022499 -0.047439 -0.008989
v 0.028339 -0.037883 0.001633
v 0.024623 -0.037883 0.001633
v 0.026215 -0.046376 0.000570
v 0.020375 -0.049032 -0.004738
v 0.020375 -0.038945 -0.004208
v 0.027277 -0.044253 -0.006863
v 0.025685 -0.037883 -0.003678
v 0.020375 -0.043193 -0.008989
v 0.024093 -0.049032 -0.007395
v 0.027277 -0.046376 0.000570
v 0.020907 -0.037883 -0.002085
v 0.028872 -0.038945 0.000039
v 0.025153 -0.043723 -0.008457
v 0.026215 -0.047439 -0.007395
v 0.020375 -0.049565 -0.007395
f 1113 1108 1119 
f 1105 1106 1107 
f 1107 1106 1108 
f 1106 1105 1111 
f 1108 1109 1112 
f 1109 1111 1112 
f 1105 1107 1114 
f 1107 1108 1114 
f 1108 1113 1114 
f 1108 1106 1115 
f 1109 1108 1115 
f 1106 1111 1115 
f 1111 1109 1115 
f 1111 1105 1116 
f 1110 1111 1116 
f 1114 1110 1116 
f 1105 1114 1116 
f 1111 1110 1117 
f 1112 1111 1117 
f 1104 1112 1117 
f 1113 1104 1118 
f 1110 1114 1118 
f 1114 1113 1118 
f 1117 1110 1118 
f 1104 1117 1118 
f 1112 1104 1119 
f 1108 1112 1119 
f 1104 1113 1119 
o convex_56
v -0.006179 -0.019820 0.013848
v -0.005648 0.009914 0.031904
v -0.005648 0.025309 0.021284
v -0.009365 0.005134 0.030841
v -0.009365 0.017877 0.013317
v -0.009365 -0.016632 0.023404
v -0.005648 -0.007604 0.030310
v -0.005648 0.026905 0.013317
v -0.009365 -0.017163 0.013317
v -0.005648 -0.019820 0.013317
v -0.005648 -0.017163 0.022874
v -0.006710 0.026370 0.018096
v -0.008834 -0.001763 0.030841
v -0.009365 0.016816 0.018629
v -0.007772 0.007787 0.031904
v -0.006710 -0.002829 0.031904
v -0.006179 0.025309 0.021284
v -0.009365 -0.018224 0.020221
v -0.009365 -0.005481 0.029248
f 1126 1135 1138 
f 1123 1124 1125 
f 1122 1121 1126 
f 1122 1126 1127 
f 1125 1124 1128 
f 1124 1127 1128 
f 1128 1127 1129 
f 1127 1126 1129 
f 1120 1128 1129 
f 1129 1126 1130 
f 1126 1125 1130 
f 1120 1129 1130 
f 1127 1124 1131 
f 1122 1127 1131 
f 1124 1123 1133 
f 1131 1124 1133 
f 1123 1132 1134 
f 1134 1132 1135 
f 1126 1121 1135 
f 1121 1134 1135 
f 1121 1122 1136 
f 1122 1131 1136 
f 1133 1123 1136 
f 1131 1133 1136 
f 1134 1121 1136 
f 1123 1134 1136 
f 1128 1120 1137 
f 1125 1128 1137 
f 1120 1130 1137 
f 1130 1125 1137 
f 1123 1125 1138 
f 1125 1126 1138 
f 1132 1123 1138 
f 1135 1132 1138 
o convex_57
v 0.001787 -0.038411 0.011192
v 0.001256 -0.035758 0.001102
v -0.000868 -0.035227 0.001633
v 0.011877 -0.033101 0.002166
v 0.009220 -0.041599 0.001633
v 0.001787 -0.033101 0.006943
v 0.005504 -0.041599 0.009068
v 0.004444 -0.041066 0.001633
v -0.000336 -0.038411 0.009598
v 0.001787 -0.035227 0.011192
v 0.001787 -0.033101 0.002166
v -0.000336 -0.036289 0.011192
v 0.006569 -0.041599 0.008536
v 0.011877 -0.033101 0.001633
v -0.001399 -0.034696 0.003226
v 0.003912 -0.041599 0.006411
f 1147 1146 1154 
f 1141 1140 1146 
f 1140 1143 1146 
f 1145 1139 1147 
f 1141 1146 1147 
f 1142 1144 1148 
f 1140 1141 1149 
f 1144 1142 1149 
f 1147 1139 1150 
f 1148 1144 1150 
f 1139 1148 1150 
f 1143 1142 1151 
f 1139 1145 1151 
f 1145 1143 1151 
f 1142 1148 1151 
f 1148 1139 1151 
f 1142 1143 1152 
f 1143 1140 1152 
f 1140 1149 1152 
f 1149 1142 1152 
f 1141 1147 1153 
f 1149 1141 1153 
f 1144 1149 1153 
f 1150 1144 1153 
f 1147 1150 1153 
f 1143 1145 1154 
f 1146 1143 1154 
f 1145 1147 1154 
o convex_58
v 0.000193 -0.027260 0.017031
v -0.000869 -0.034695 0.001103
v 0.000193 -0.034695 0.001103
v -0.001401 -0.027260 -0.004738
v -0.005648 -0.028854 0.009598
v 0.001787 -0.034163 0.015439
v 0.001787 -0.027260 0.003759
v -0.005648 -0.027260 -0.002081
v 0.001787 -0.034695 0.001636
v -0.004054 -0.032570 0.004290
v -0.001401 -0.030977 0.017562
v 0.001787 -0.027260 0.018092
v -0.005648 -0.027260 0.009067
v -0.002460 -0.030447 -0.003674
v -0.004585 -0.031507 0.000042
v 0.001787 -0.030977 0.019687
v -0.005648 -0.029915 0.008536
v 0.001256 -0.034163 0.015439
f 1171 1164 1172 
f 1158 1155 1161 
f 1155 1158 1162 
f 1156 1157 1163 
f 1161 1160 1163 
f 1158 1161 1163 
f 1161 1155 1166 
f 1160 1161 1166 
f 1155 1162 1167 
f 1162 1159 1167 
f 1165 1155 1167 
f 1159 1165 1167 
f 1157 1156 1168 
f 1162 1158 1168 
f 1163 1157 1168 
f 1158 1163 1168 
f 1156 1164 1169 
f 1168 1156 1169 
f 1162 1168 1169 
f 1155 1165 1170 
f 1166 1155 1170 
f 1160 1166 1170 
f 1159 1162 1171 
f 1165 1159 1171 
f 1162 1169 1171 
f 1169 1164 1171 
f 1156 1163 1172 
f 1163 1160 1172 
f 1164 1156 1172 
f 1170 1165 1172 
f 1160 1170 1172 
f 1165 1171 1172 
o convex_59
v -0.027954 0.046028 0.008536
v -0.027423 0.039125 -0.001021
v -0.029547 0.043373 -0.003146
v -0.031139 0.042842 0.008004
v -0.033264 0.048152 -0.001021
v -0.029547 0.047621 -0.003146
v -0.025829 0.039125 0.008536
v -0.031139 0.040718 0.001634
v -0.026361 0.040187 -0.000491
v -0.031669 0.048152 0.005349
v -0.028485 0.047621 0.002165
v -0.027423 0.039125 0.008536
v -0.025829 0.040718 0.004818
v -0.033264 0.047621 0.002695
v -0.031139 0.044435 0.008536
f 1186 1176 1187 
f 1175 1177 1178 
f 1175 1174 1180 
f 1177 1175 1180 
f 1174 1175 1181 
f 1175 1178 1181 
f 1179 1174 1181 
f 1178 1177 1182 
f 1178 1182 1183 
f 1181 1178 1183 
f 1182 1173 1183 
f 1174 1179 1184 
f 1179 1173 1184 
f 1180 1174 1184 
f 1176 1180 1184 
f 1173 1179 1185 
f 1179 1181 1185 
f 1183 1173 1185 
f 1181 1183 1185 
f 1180 1176 1186 
f 1177 1180 1186 
f 1182 1177 1186 
f 1182 1186 1187 
f 1173 1182 1187 
f 1184 1173 1187 
f 1176 1184 1187 
o convex_60
v 0.008161 -0.041599 0.009599
v 0.021435 -0.035758 0.024998
v 0.008161 -0.033634 0.029780
v 0.018780 -0.033101 0.014383
v 0.021435 -0.041599 0.022872
v 0.021435 -0.041599 0.007475
v 0.007631 -0.041599 0.024998
v 0.006037 -0.033101 0.016507
v 0.021435 -0.033101 0.023937
v 0.006037 -0.041599 0.023402
v 0.021435 -0.040005 0.007475
v 0.006037 -0.034695 0.029780
v 0.019842 -0.039474 0.025529
v 0.006037 -0.041599 0.011195
v 0.011879 -0.033101 0.014383
v 0.021435 -0.033101 0.014913
v 0.006568 -0.033101 0.028714
v 0.006037 -0.034165 0.014911
v 0.017186 -0.041599 0.024468
v 0.020372 -0.040005 0.007475
f 1205 1202 1207 
f 1189 1192 1193 
f 1192 1188 1193 
f 1188 1192 1194 
f 1190 1189 1196 
f 1189 1193 1196 
f 1191 1195 1196 
f 1188 1194 1197 
f 1196 1193 1198 
f 1197 1194 1199 
f 1195 1197 1199 
f 1189 1190 1200 
f 1192 1189 1200 
f 1190 1199 1200 
f 1188 1197 1201 
f 1197 1195 1201 
f 1195 1191 1202 
f 1191 1198 1202 
f 1191 1196 1203 
f 1198 1191 1203 
f 1196 1198 1203 
f 1190 1196 1204 
f 1196 1195 1204 
f 1199 1190 1204 
f 1195 1199 1204 
f 1188 1201 1205 
f 1201 1195 1205 
f 1195 1202 1205 
f 1194 1192 1206 
f 1199 1194 1206 
f 1192 1200 1206 
f 1200 1199 1206 
f 1193 1188 1207 
f 1198 1193 1207 
f 1202 1198 1207 
f 1188 1205 1207 
o convex_61
v -0.036448 0.065147 0.000573
v -0.031672 0.048153 -0.002615
v -0.030077 0.048153 -0.002615
v -0.027953 0.048154 0.012784
v -0.027953 0.064615 0.000573
v -0.035919 0.065147 -0.008457
v -0.033263 0.048154 0.003758
v -0.029017 0.061958 0.008002
v -0.027953 0.054526 -0.002615
v -0.038043 0.063019 -0.006863
v -0.029017 0.051340 0.012784
v -0.030610 0.050279 -0.005270
v -0.033263 0.065147 0.004819
v -0.038043 0.064615 -0.002085
v -0.027953 0.056650 0.011722
v -0.030609 0.049748 0.010659
v -0.027953 0.048154 0.002165
v -0.034854 0.063552 -0.008457
v -0.028485 0.065147 0.003756
v -0.034854 0.052403 -0.002615
v -0.034325 0.056650 -0.006863
v -0.033792 0.061958 0.005351
v -0.032731 0.049217 0.006411
f 1223 1221 1230 
f 1209 1210 1211 
f 1209 1211 1214 
f 1212 1211 1216 
f 1210 1209 1219 
f 1216 1210 1219 
f 1213 1208 1220 
f 1208 1213 1221 
f 1213 1217 1221 
f 1217 1214 1221 
f 1211 1212 1222 
f 1218 1211 1222 
f 1215 1220 1222 
f 1220 1218 1222 
f 1211 1218 1223 
f 1211 1210 1224 
f 1210 1216 1224 
f 1216 1211 1224 
f 1213 1212 1225 
f 1212 1216 1225 
f 1216 1219 1225 
f 1212 1213 1226 
f 1213 1220 1226 
f 1220 1215 1226 
f 1222 1212 1226 
f 1215 1222 1226 
f 1209 1214 1227 
f 1214 1217 1227 
f 1217 1213 1228 
f 1219 1209 1228 
f 1213 1225 1228 
f 1225 1219 1228 
f 1209 1227 1228 
f 1227 1217 1228 
f 1220 1208 1229 
f 1218 1220 1229 
f 1208 1221 1229 
f 1223 1218 1229 
f 1221 1223 1229 
f 1214 1211 1230 
f 1221 1214 1230 
f 1211 1223 1230 
o convex_62
v -0.039104 0.068865 -0.003677
v -0.027953 0.068335 0.000038
v -0.027953 0.066742 0.000038
v -0.028485 0.068866 -0.009519
v -0.031671 0.073643 -0.004208
v -0.036980 0.066210 -0.010051
v -0.033264 0.065148 0.004819
v -0.038042 0.072050 -0.007926
v -0.035919 0.073113 -0.000493
v -0.027953 0.065680 -0.003675
v -0.028485 0.072050 -0.008987
v -0.038042 0.065148 -0.005271
v -0.030077 0.065148 0.004819
v -0.038042 0.069395 -0.010051
v -0.031671 0.071518 0.000038
v -0.035919 0.065680 0.002163
v -0.035919 0.065148 -0.007926
v -0.039104 0.067273 -0.008457
v -0.039104 0.070456 -0.003677
v -0.038042 0.065148 -0.001555
v -0.030609 0.066211 0.004819
v -0.027953 0.071518 -0.006863
v -0.032201 0.073643 -0.006332
v -0.030609 0.072050 -0.009519
f 1238 1253 1254 
f 1232 1233 1240 
f 1233 1232 1243 
f 1240 1233 1243 
f 1237 1242 1243 
f 1234 1236 1244 
f 1232 1235 1245 
f 1235 1239 1245 
f 1237 1239 1246 
f 1236 1234 1247 
f 1234 1240 1247 
f 1242 1236 1247 
f 1240 1243 1247 
f 1243 1242 1247 
f 1236 1242 1248 
f 1244 1236 1248 
f 1238 1244 1248 
f 1239 1238 1249 
f 1246 1239 1249 
f 1248 1231 1249 
f 1238 1248 1249 
f 1242 1237 1250 
f 1237 1246 1250 
f 1231 1248 1250 
f 1248 1242 1250 
f 1246 1249 1250 
f 1249 1231 1250 
f 1239 1237 1251 
f 1243 1232 1251 
f 1237 1243 1251 
f 1232 1245 1251 
f 1245 1239 1251 
f 1235 1232 1252 
f 1232 1240 1252 
f 1240 1234 1252 
f 1241 1235 1252 
f 1234 1241 1252 
f 1239 1235 1253 
f 1238 1239 1253 
f 1235 1241 1253 
f 1253 1241 1254 
f 1241 1234 1254 
f 1234 1244 1254 
f 1244 1238 1254 
o convex_63
v 0.006036 -0.021418 -0.006333
v 0.021968 -0.006017 -0.006333
v 0.021968 -0.006017 -0.010051
v 0.008692 -0.006017 -0.010051
v 0.016124 -0.021418 -0.010051
v 0.021968 -0.018231 -0.006333
v 0.006036 -0.021418 -0.010051
v 0.006036 -0.013981 -0.006333
v 0.021968 -0.016636 -0.010051
v 0.014002 -0.006017 -0.006864
v 0.020374 -0.020355 -0.006333
v 0.006036 -0.011328 -0.010051
v 0.009223 -0.006017 -0.008457
f 1258 1266 1267 
f 1256 1257 1258 
f 1258 1257 1259 
f 1256 1255 1260 
f 1257 1256 1260 
f 1259 1255 1261 
f 1258 1259 1261 
f 1255 1256 1262 
f 1261 1255 1262 
f 1259 1257 1263 
f 1257 1260 1263 
f 1256 1258 1264 
f 1262 1256 1264 
f 1255 1259 1265 
f 1260 1255 1265 
f 1259 1263 1265 
f 1263 1260 1265 
f 1258 1261 1266 
f 1261 1262 1266 
f 1266 1262 1267 
f 1264 1258 1267 
f 1262 1264 1267 
o convex_64
v -0.018393 -0.003890 0.010660
v -0.016801 0.019475 0.013317
v -0.020518 0.019475 0.013317
v -0.020518 0.015756 0.000571
v -0.016270 0.003544 0.000571
v -0.015208 -0.004955 0.013317
v -0.015208 0.019475 0.005350
v -0.020518 -0.000174 0.001102
v -0.019986 -0.003360 0.013317
v -0.015208 0.017880 0.013317
v -0.015208 -0.003890 0.008536
v -0.020518 0.019475 0.005883
v -0.020518 0.001421 0.013317
v -0.017332 0.010976 0.000571
v -0.015208 0.004077 0.004289
v -0.019986 0.000356 0.000571
f 1278 1275 1283 
f 1269 1270 1273 
f 1270 1269 1274 
f 1270 1271 1275 
f 1268 1273 1276 
f 1273 1270 1276 
f 1275 1268 1276 
f 1269 1273 1277 
f 1274 1269 1277 
f 1273 1274 1277 
f 1273 1268 1278 
f 1274 1273 1278 
f 1268 1275 1278 
f 1271 1270 1279 
f 1270 1274 1279 
f 1274 1271 1279 
f 1270 1275 1280 
f 1276 1270 1280 
f 1275 1276 1280 
f 1272 1271 1281 
f 1271 1274 1281 
f 1274 1272 1281 
f 1272 1274 1282 
f 1278 1272 1282 
f 1274 1278 1282 
f 1271 1272 1283 
f 1275 1271 1283 
f 1272 1278 1283 
o convex_65
v 0.021437 -0.028323 0.003226
v 0.004445 -0.033101 0.001633
v 0.001787 -0.033101 0.002696
v 0.001787 -0.027260 0.004289
v 0.002851 -0.033101 0.006943
v 0.011875 -0.027260 0.008006
v 0.019840 -0.027260 0.001633
v 0.019840 -0.031508 0.002165
v 0.001787 -0.027260 0.008006
v 0.009754 -0.027260 0.001633
v 0.013999 -0.033101 0.001633
v 0.020904 -0.029385 0.003758
f 1291 1284 1295 
f 1285 1286 1287 
f 1286 1285 1288 
f 1289 1284 1290 
f 1287 1289 1290 
f 1290 1284 1291 
f 1287 1286 1292 
f 1286 1288 1292 
f 1289 1287 1292 
f 1288 1289 1292 
f 1285 1287 1293 
f 1290 1285 1293 
f 1287 1290 1293 
f 1288 1285 1294 
f 1285 1290 1294 
f 1291 1288 1294 
f 1290 1291 1294 
f 1284 1289 1295 
f 1289 1288 1295 
f 1288 1291 1295 
o convex_66
v -0.003524 0.033815 0.011720
v -0.008305 0.035938 -0.000490
v -0.008305 0.037000 -0.000490
v -0.018394 0.034876 0.012784
v -0.008836 0.041780 0.012784
v -0.018392 0.041780 0.009066
v -0.016800 0.032220 0.006942
v -0.007244 0.041780 0.006412
v -0.004055 0.032220 0.003761
v -0.005649 0.032220 0.012253
v -0.018394 0.034876 0.006942
v -0.010429 0.032220 0.001635
v -0.018394 0.032220 0.011191
v -0.010959 0.041780 0.004289
v -0.013612 0.041780 0.012784
v -0.006180 0.035938 -0.000490
v -0.003524 0.034345 0.006412
v -0.006713 0.040717 0.012784
v -0.004055 0.032753 0.012784
v -0.018392 0.041247 0.010658
v -0.007243 0.032220 0.001103
v -0.016800 0.032220 0.012253
f 1314 1299 1317 
f 1301 1300 1303 
f 1302 1304 1305 
f 1298 1297 1306 
f 1301 1298 1306 
f 1299 1301 1306 
f 1302 1306 1307 
f 1304 1302 1307 
f 1306 1297 1307 
f 1302 1305 1308 
f 1299 1306 1308 
f 1306 1302 1308 
f 1298 1301 1309 
f 1303 1298 1309 
f 1301 1303 1309 
f 1299 1300 1310 
f 1300 1301 1310 
f 1297 1298 1311 
f 1298 1303 1311 
f 1296 1304 1312 
f 1311 1303 1312 
f 1304 1311 1312 
f 1300 1299 1313 
f 1303 1300 1313 
f 1296 1312 1313 
f 1312 1303 1313 
f 1304 1296 1314 
f 1305 1304 1314 
f 1313 1299 1314 
f 1296 1313 1314 
f 1301 1299 1315 
f 1299 1310 1315 
f 1310 1301 1315 
f 1307 1297 1316 
f 1304 1307 1316 
f 1297 1311 1316 
f 1311 1304 1316 
f 1299 1308 1317 
f 1308 1305 1317 
f 1305 1314 1317 
o convex_67
v -0.004586 -0.003363 0.002164
v 0.010812 0.000356 0.002695
v 0.021968 -0.004424 0.002695
v 0.021968 -0.004424 -0.001022
v -0.005648 -0.021418 0.002695
v 0.018781 -0.021418 -0.001022
v -0.005648 -0.009736 -0.001022
v 0.021968 -0.021418 0.002695
v -0.005648 -0.021418 -0.001022
v 0.013466 -0.003363 -0.001022
v -0.005648 -0.004424 0.002695
v -0.000336 -0.000707 0.002164
v 0.021968 -0.020354 -0.001022
f 1325 1323 1330 
f 1319 1320 1321 
f 1320 1319 1322 
f 1321 1323 1324 
f 1321 1320 1325 
f 1320 1322 1325 
f 1322 1323 1325 
f 1323 1322 1326 
f 1322 1324 1326 
f 1324 1323 1326 
f 1319 1321 1327 
f 1321 1324 1327 
f 1322 1319 1328 
f 1318 1324 1328 
f 1324 1322 1328 
f 1324 1318 1329 
f 1319 1327 1329 
f 1327 1324 1329 
f 1328 1319 1329 
f 1318 1328 1329 
f 1323 1321 1330 
f 1321 1325 1330 
o convex_68
v -0.029545 -0.016107 -0.057314
v -0.022111 0.000356 -0.046696
v -0.022111 0.000356 -0.049884
v -0.031670 0.000356 -0.046696
v -0.024767 -0.015575 -0.049884
v -0.028483 0.000356 -0.054659
v -0.022644 -0.017168 -0.057844
v -0.031138 -0.008142 -0.046696
v -0.031670 -0.006550 -0.055721
v -0.022644 -0.010260 -0.057844
v -0.022111 -0.006548 -0.046696
v -0.026359 -0.019291 -0.056251
v -0.022111 -0.003893 -0.055189
v -0.030077 -0.011326 -0.057844
v -0.026891 -0.011858 -0.046696
v -0.029545 -0.015042 -0.052007
v -0.025298 -0.019825 -0.058375
v -0.022111 -0.014511 -0.053596
v -0.031670 -0.009205 -0.052007
v -0.031670 0.000356 -0.050414
v -0.026891 -0.016107 -0.050414
f 1346 1342 1351 
f 1332 1333 1334 
f 1334 1333 1336 
f 1332 1334 1338 
f 1333 1332 1341 
f 1332 1338 1341 
f 1336 1333 1343 
f 1340 1336 1343 
f 1337 1340 1343 
f 1333 1341 1343 
f 1339 1336 1344 
f 1331 1339 1344 
f 1336 1340 1344 
f 1335 1341 1345 
f 1341 1338 1345 
f 1331 1342 1346 
f 1337 1335 1347 
f 1340 1337 1347 
f 1342 1331 1347 
f 1335 1342 1347 
f 1331 1344 1347 
f 1344 1340 1347 
f 1335 1337 1348 
f 1341 1335 1348 
f 1337 1343 1348 
f 1343 1341 1348 
f 1338 1334 1349 
f 1334 1339 1349 
f 1339 1331 1349 
f 1331 1346 1349 
f 1346 1338 1349 
f 1334 1336 1350 
f 1339 1334 1350 
f 1336 1339 1350 
f 1342 1335 1351 
f 1335 1345 1351 
f 1345 1338 1351 
f 1338 1346 1351 
o convex_69
v 0.011876 -0.002299 -0.004741
v 0.000196 -0.006017 -0.010051
v -0.000337 -0.006017 -0.007925
v 0.021968 -0.006017 -0.001022
v 0.021968 -0.002299 -0.010051
v 0.021968 -0.006017 -0.010051
v 0.000196 -0.002830 -0.002085
v 0.000726 -0.002830 -0.010051
v 0.018247 -0.002299 -0.003147
v -0.000337 -0.006017 -0.003678
v 0.021968 -0.004955 -0.001022
v 0.007099 -0.002299 -0.009520
v 0.016125 -0.006017 -0.001022
f 1362 1358 1364 
f 1354 1353 1355 
f 1353 1356 1357 
f 1355 1353 1357 
f 1356 1355 1357 
f 1353 1354 1359 
f 1356 1353 1359 
f 1354 1358 1359 
f 1356 1352 1360 
f 1352 1358 1360 
f 1354 1355 1361 
f 1358 1354 1361 
f 1355 1356 1362 
f 1356 1360 1362 
f 1360 1358 1362 
f 1352 1356 1363 
f 1358 1352 1363 
f 1356 1359 1363 
f 1359 1358 1363 
f 1361 1355 1364 
f 1358 1361 1364 
f 1355 1362 1364 
o convex_70
v 0.028870 -0.030979 0.022873
v 0.021437 -0.041598 0.007475
v 0.021437 -0.040004 0.007475
v 0.021970 -0.028855 0.029248
v 0.026216 -0.027260 0.007475
v 0.030464 -0.041598 0.020218
v 0.021437 -0.041598 0.022873
v 0.030462 -0.033100 0.007475
v 0.021439 -0.027260 0.008538
v 0.029403 -0.041598 0.009069
v 0.030462 -0.027793 0.010663
v 0.031527 -0.039473 0.020750
v 0.024625 -0.028323 0.028715
v 0.026746 -0.040004 0.023935
v 0.021439 -0.027260 0.020220
v 0.029402 -0.027260 0.007475
v 0.030995 -0.040535 0.013319
v 0.024094 -0.029916 0.029248
v 0.026746 -0.041598 0.007475
v 0.025687 -0.027260 0.019156
v 0.021437 -0.038411 0.024998
v 0.031527 -0.037881 0.020218
v 0.026215 -0.028323 0.026062
f 1384 1377 1387 
f 1366 1367 1369 
f 1367 1366 1371 
f 1366 1370 1371 
f 1366 1369 1372 
f 1369 1367 1373 
f 1370 1366 1374 
f 1376 1365 1377 
f 1371 1370 1378 
f 1370 1376 1378 
f 1369 1373 1379 
f 1368 1377 1379 
f 1372 1369 1380 
f 1375 1372 1380 
f 1369 1379 1380 
f 1370 1374 1381 
f 1374 1372 1381 
f 1376 1370 1381 
f 1377 1368 1382 
f 1376 1377 1382 
f 1378 1376 1382 
f 1366 1372 1383 
f 1374 1366 1383 
f 1372 1374 1383 
f 1379 1377 1384 
f 1380 1379 1384 
f 1375 1380 1384 
f 1367 1371 1385 
f 1373 1367 1385 
f 1371 1378 1385 
f 1368 1379 1385 
f 1379 1373 1385 
f 1382 1368 1385 
f 1378 1382 1385 
f 1375 1365 1386 
f 1372 1375 1386 
f 1365 1376 1386 
f 1381 1372 1386 
f 1376 1381 1386 
f 1365 1375 1387 
f 1377 1365 1387 
f 1375 1384 1387 
o convex_71
v 0.006036 -0.008673 -0.002085
v 0.021968 -0.006017 -0.001022
v 0.021968 -0.020355 -0.001022
v 0.021968 -0.019824 -0.006333
v 0.006036 -0.021418 -0.001022
v 0.006036 -0.013453 -0.006333
v 0.021968 -0.008673 -0.006333
v 0.006036 -0.021418 -0.006333
v 0.007101 -0.007610 -0.001022
v 0.017717 -0.021418 -0.001554
v 0.014002 -0.006017 -0.001554
v 0.020374 -0.020886 -0.006333
f 1397 1395 1399 
f 1389 1390 1391 
f 1390 1389 1392 
f 1392 1388 1393 
f 1389 1391 1394 
f 1393 1388 1394 
f 1391 1393 1394 
f 1393 1391 1395 
f 1392 1393 1395 
f 1388 1392 1396 
f 1392 1389 1396 
f 1390 1392 1397 
f 1392 1395 1397 
f 1389 1394 1398 
f 1394 1388 1398 
f 1388 1396 1398 
f 1396 1389 1398 
f 1391 1390 1399 
f 1395 1391 1399 
f 1390 1397 1399 
o convex_72
v -0.019455 -0.003362 0.015972
v -0.009366 0.000356 0.018095
v -0.009366 -0.000175 0.020220
v -0.009366 -0.008672 0.013317
v -0.009366 0.000356 0.013317
v -0.019986 -0.002299 0.013317
v -0.014676 0.000356 0.019158
v -0.016800 -0.002831 0.018627
v -0.009366 -0.004953 0.018095
v -0.009898 -0.008672 0.014379
v -0.019455 -0.003894 0.013317
v -0.012021 0.000356 0.013317
f 1405 1406 1411 
f 1401 1402 1403 
f 1401 1403 1404 
f 1404 1403 1405 
f 1402 1401 1406 
f 1401 1404 1406 
f 1405 1400 1406 
f 1406 1400 1407 
f 1402 1406 1407 
f 1403 1402 1408 
f 1402 1407 1408 
f 1408 1407 1409 
f 1407 1400 1409 
f 1403 1408 1409 
f 1403 1409 1410 
f 1400 1405 1410 
f 1405 1403 1410 
f 1409 1400 1410 
f 1404 1405 1411 
f 1406 1404 1411 
o convex_73
v -0.011491 -0.016106 0.019160
v -0.009365 -0.001238 0.029780
v -0.009365 0.000356 0.025000
v -0.017331 -0.004953 0.026062
v -0.009365 -0.016106 0.013317
v -0.012554 0.000356 0.020222
v -0.009365 -0.016636 0.023405
v -0.015736 -0.006547 0.029780
v -0.010429 -0.017169 0.013317
v -0.009365 -0.000707 0.020222
v -0.016267 -0.003895 0.029246
v -0.010959 -0.016636 0.022874
v -0.017331 -0.006017 0.025530
v -0.013083 -0.007611 0.029246
v -0.016799 -0.004425 0.024468
v -0.016799 -0.006547 0.028716
v -0.016267 -0.002831 0.026592
v -0.009365 -0.002831 0.029780
f 1419 1425 1429 
f 1414 1413 1416 
f 1416 1413 1418 
f 1417 1416 1420 
f 1416 1418 1420 
f 1414 1416 1421 
f 1417 1414 1421 
f 1416 1417 1421 
f 1419 1413 1422 
f 1418 1419 1423 
f 1412 1420 1423 
f 1420 1418 1423 
f 1420 1412 1424 
f 1412 1423 1424 
f 1419 1418 1425 
f 1417 1420 1426 
f 1424 1415 1426 
f 1420 1424 1426 
f 1422 1415 1427 
f 1419 1422 1427 
f 1423 1419 1427 
f 1415 1424 1427 
f 1424 1423 1427 
f 1413 1414 1428 
f 1414 1417 1428 
f 1422 1413 1428 
f 1415 1422 1428 
f 1426 1415 1428 
f 1417 1426 1428 
f 1418 1413 1429 
f 1413 1419 1429 
f 1425 1418 1429 
o convex_74
v 0.005504 -0.033634 0.029249
v 0.005504 -0.041599 0.011193
v 0.003911 -0.041066 0.009068
v 0.006036 -0.033101 0.016505
v 0.001787 -0.033101 0.009599
v 0.001787 -0.038942 0.017568
v 0.006036 -0.041599 0.022872
v 0.002319 -0.033101 0.019158
v 0.001787 -0.040005 0.009068
v 0.005504 -0.040535 0.009068
v 0.003911 -0.036819 0.026058
v 0.004442 -0.041599 0.021282
v 0.006036 -0.034695 0.029249
v 0.006036 -0.041599 0.011193
v 0.003380 -0.035226 0.009068
f 1439 1438 1444 
f 1430 1433 1437 
f 1433 1434 1437 
f 1434 1435 1437 
f 1435 1434 1438 
f 1432 1438 1439 
f 1430 1437 1440 
f 1437 1435 1440 
f 1432 1431 1441 
f 1431 1436 1441 
f 1438 1432 1441 
f 1435 1438 1441 
f 1436 1440 1441 
f 1440 1435 1441 
f 1433 1430 1442 
f 1436 1433 1442 
f 1430 1440 1442 
f 1440 1436 1442 
f 1431 1432 1443 
f 1436 1431 1443 
f 1433 1436 1443 
f 1432 1439 1443 
f 1439 1433 1443 
f 1434 1433 1444 
f 1438 1434 1444 
f 1433 1439 1444 
o convex_75
v 0.017719 0.000887 -0.003147
v -0.005648 -0.000175 -0.010051
v -0.005648 0.000887 -0.010051
v 0.020906 -0.002299 -0.010051
v -0.005115 -0.002299 -0.006332
v 0.018249 -0.002299 -0.003147
v 0.004975 0.000887 -0.001554
v 0.018780 0.000887 -0.010051
v -0.005115 0.000887 -0.005271
v 0.007629 -0.002299 -0.010051
v 0.007629 0.000356 -0.001022
v 0.020906 -0.001768 -0.005802
f 1448 1452 1456 
f 1446 1447 1448 
f 1449 1448 1450 
f 1445 1447 1451 
f 1447 1445 1452 
f 1448 1447 1452 
f 1447 1446 1453 
f 1446 1449 1453 
f 1449 1451 1453 
f 1451 1447 1453 
f 1446 1448 1454 
f 1448 1449 1454 
f 1449 1446 1454 
f 1450 1445 1455 
f 1449 1450 1455 
f 1451 1449 1455 
f 1445 1451 1455 
f 1445 1450 1456 
f 1450 1448 1456 
f 1452 1445 1456 
o convex_76
v -0.005648 -0.006550 -0.008457
v -0.019987 -0.020353 -0.008457
v -0.019987 -0.020353 -0.005271
v -0.005648 -0.026724 -0.005803
v -0.010430 -0.029915 -0.010051
v -0.013613 -0.007083 -0.004740
v -0.016267 -0.007614 -0.010051
v -0.005648 -0.026724 -0.004209
v -0.005648 -0.024071 -0.010051
v -0.015737 -0.029380 -0.010051
v -0.019987 -0.016641 -0.004209
v -0.005648 -0.016110 -0.004209
v -0.005648 -0.006550 -0.010051
v -0.012553 -0.028849 -0.007395
v -0.019987 -0.019822 -0.004209
v -0.008303 -0.006550 -0.005803
v -0.018923 -0.020353 -0.010051
v -0.016267 -0.008144 -0.005803
v -0.014674 -0.006550 -0.010051
f 1463 1474 1475 
f 1460 1457 1464 
f 1461 1460 1464 
f 1457 1460 1465 
f 1460 1461 1465 
f 1461 1463 1465 
f 1459 1458 1466 
f 1463 1461 1466 
f 1458 1459 1467 
f 1463 1458 1467 
f 1467 1464 1468 
f 1464 1457 1468 
f 1462 1467 1468 
f 1457 1465 1469 
f 1465 1463 1469 
f 1461 1464 1470 
f 1466 1461 1470 
f 1466 1470 1471 
f 1459 1466 1471 
f 1467 1459 1471 
f 1464 1467 1471 
f 1470 1464 1471 
f 1468 1457 1472 
f 1462 1468 1472 
f 1457 1469 1472 
f 1458 1463 1473 
f 1466 1458 1473 
f 1463 1466 1473 
f 1463 1467 1474 
f 1467 1462 1474 
f 1469 1463 1475 
f 1462 1472 1475 
f 1472 1469 1475 
f 1474 1462 1475 
o convex_77
v -0.005648 -0.024074 -0.010044
v 0.021968 -0.024604 0.021811
v 0.014529 -0.021418 0.023935
v 0.001259 -0.027258 0.019153
v 0.020373 -0.027258 0.002167
v 0.020373 -0.021418 0.001637
v -0.004583 -0.021418 0.017032
v -0.005648 -0.027258 -0.003675
v 0.005508 -0.021418 -0.010044
v 0.020903 -0.027258 0.021277
v 0.009220 -0.023012 0.026055
v -0.005648 -0.021418 -0.010044
v 0.004976 -0.024604 -0.010044
v -0.005648 -0.027258 0.008536
v 0.021968 -0.021418 0.017032
v -0.000333 -0.021418 0.023401
v 0.021968 -0.027258 0.008006
v 0.001259 -0.025135 0.022871
v -0.000866 -0.027258 -0.005265
v 0.010812 -0.026728 0.023401
v 0.011344 -0.021950 -0.006859
v 0.021968 -0.021418 0.003758
v -0.005648 -0.021418 0.010660
v 0.012937 -0.027258 -0.002611
v 0.011874 -0.021418 0.025525
f 1491 1486 1500 
f 1478 1481 1482 
f 1480 1479 1483 
f 1482 1481 1484 
f 1479 1480 1485 
f 1485 1477 1486 
f 1476 1483 1487 
f 1484 1476 1487 
f 1482 1484 1487 
f 1476 1484 1488 
f 1483 1479 1489 
f 1487 1483 1489 
f 1478 1477 1490 
f 1481 1478 1490 
f 1478 1482 1491 
f 1477 1485 1492 
f 1485 1480 1492 
f 1490 1477 1492 
f 1489 1479 1493 
f 1482 1489 1493 
f 1491 1482 1493 
f 1486 1491 1493 
f 1483 1476 1494 
f 1480 1483 1494 
f 1476 1488 1494 
f 1479 1485 1495 
f 1485 1486 1495 
f 1493 1479 1495 
f 1486 1493 1495 
f 1481 1480 1496 
f 1484 1481 1496 
f 1480 1488 1496 
f 1488 1484 1496 
f 1480 1481 1497 
f 1481 1490 1497 
f 1492 1480 1497 
f 1490 1492 1497 
f 1482 1487 1498 
f 1489 1482 1498 
f 1487 1489 1498 
f 1488 1480 1499 
f 1480 1494 1499 
f 1494 1488 1499 
f 1477 1478 1500 
f 1486 1477 1500 
f 1478 1491 1500 
o convex_78
v 0.009223 0.029563 0.008006
v 0.000727 0.010978 -0.010051
v 0.000727 0.017885 -0.010051
v 0.021966 0.013103 -0.010051
v 0.000727 0.010978 0.028714
v 0.000727 0.031158 0.000578
v 0.014002 0.017883 0.020747
v 0.002852 0.027970 0.020220
v 0.019310 0.021067 -0.010051
v 0.014002 0.010978 0.017562
v 0.009756 0.026908 -0.010051
v 0.000727 0.017885 0.029249
v 0.014532 0.023722 0.012253
v 0.019843 0.010978 -0.010051
v 0.008691 0.025313 0.021282
v 0.004445 0.032220 0.004821
v 0.009756 0.016821 0.025529
v 0.017187 0.018416 0.011192
v 0.000727 0.029563 0.015439
v 0.003382 0.024785 -0.010051
v 0.020903 0.019478 -0.008985
v 0.006038 0.030095 0.014904
v 0.014002 0.012572 0.020216
v 0.007631 0.022660 0.024994
v 0.003382 0.010978 0.028183
v 0.021966 0.013103 -0.008454
v 0.012939 0.020536 0.021282
v 0.010816 0.026375 0.016496
v 0.015062 0.024252 0.008537
v 0.000727 0.031688 0.008010
v 0.005505 0.026377 0.022344
v 0.000727 0.025313 -0.006327
v 0.017718 0.015758 0.009599
v 0.011877 0.013635 0.023405
v 0.010816 0.028500 0.008006
v 0.021966 0.014698 -0.007923
v 0.017187 0.021067 0.007476
v 0.002320 0.015758 0.029249
v 0.007631 0.030624 0.006418
v 0.020373 0.011510 -0.005265
v 0.000727 0.026906 0.020747
v 0.002852 0.030624 0.014377
v 0.009756 0.018416 0.025529
v 0.014532 0.021067 0.017031
f 1518 1537 1544 
f 1502 1503 1504 
f 1503 1502 1505 
f 1503 1505 1506 
f 1504 1503 1509 
f 1505 1502 1510 
f 1509 1503 1511 
f 1506 1505 1512 
f 1502 1504 1514 
f 1510 1502 1514 
f 1511 1506 1516 
f 1506 1512 1519 
f 1511 1503 1520 
f 1506 1511 1520 
f 1504 1509 1521 
f 1505 1510 1525 
f 1510 1523 1525 
f 1514 1504 1526 
f 1523 1510 1526 
f 1515 1524 1527 
f 1522 1515 1528 
f 1515 1527 1528 
f 1528 1513 1529 
f 1516 1506 1530 
f 1506 1519 1530 
f 1522 1508 1531 
f 1515 1522 1531 
f 1512 1524 1531 
f 1524 1515 1531 
f 1503 1506 1532 
f 1520 1503 1532 
f 1506 1520 1532 
f 1518 1507 1533 
f 1507 1523 1533 
f 1523 1526 1533 
f 1523 1507 1534 
f 1517 1525 1534 
f 1525 1523 1534 
f 1521 1509 1535 
f 1501 1522 1535 
f 1522 1528 1535 
f 1529 1521 1535 
f 1528 1529 1535 
f 1504 1521 1536 
f 1521 1518 1536 
f 1526 1504 1536 
f 1518 1533 1536 
f 1533 1526 1536 
f 1518 1521 1537 
f 1521 1529 1537 
f 1529 1513 1537 
f 1512 1505 1538 
f 1505 1525 1538 
f 1525 1517 1538 
f 1509 1511 1539 
f 1511 1516 1539 
f 1522 1501 1539 
f 1516 1522 1539 
f 1501 1535 1539 
f 1535 1509 1539 
f 1510 1514 1540 
f 1514 1526 1540 
f 1526 1510 1540 
f 1519 1512 1541 
f 1508 1519 1541 
f 1531 1508 1541 
f 1512 1531 1541 
f 1519 1508 1542 
f 1508 1522 1542 
f 1522 1516 1542 
f 1516 1530 1542 
f 1530 1519 1542 
f 1524 1512 1543 
f 1507 1527 1543 
f 1527 1524 1543 
f 1534 1507 1543 
f 1517 1534 1543 
f 1512 1538 1543 
f 1538 1517 1543 
f 1507 1518 1544 
f 1527 1507 1544 
f 1513 1528 1544 
f 1528 1527 1544 
f 1537 1513 1544 
o convex_79
v 0.023031 -0.024605 0.021814
v 0.027278 -0.027260 0.001103
v 0.028340 -0.027260 0.001103
v 0.022500 -0.018231 -0.006333
v 0.028872 -0.018231 0.006415
v 0.021968 -0.027260 0.008005
v 0.021968 -0.018231 0.013846
v 0.025685 -0.027260 0.019152
v 0.028872 -0.021948 0.000042
v 0.029403 -0.027260 0.003227
v 0.021968 -0.020357 -0.005799
v 0.021968 -0.027260 0.020750
v 0.026216 -0.021948 0.017031
v 0.026216 -0.022479 -0.004206
v 0.026746 -0.018231 -0.002082
v 0.024092 -0.027260 0.002167
v 0.027278 -0.027260 0.014375
f 1557 1552 1561 
f 1546 1547 1550 
f 1549 1548 1551 
f 1550 1547 1552 
f 1553 1549 1554 
f 1552 1547 1554 
f 1547 1553 1554 
f 1551 1548 1555 
f 1550 1551 1555 
f 1551 1550 1556 
f 1545 1551 1556 
f 1552 1545 1556 
f 1550 1552 1556 
f 1551 1545 1557 
f 1549 1551 1557 
f 1545 1552 1557 
f 1547 1546 1558 
f 1553 1547 1558 
f 1546 1555 1558 
f 1555 1548 1558 
f 1548 1549 1559 
f 1549 1553 1559 
f 1553 1558 1559 
f 1558 1548 1559 
f 1546 1550 1560 
f 1555 1546 1560 
f 1550 1555 1560 
f 1554 1549 1561 
f 1552 1554 1561 
f 1549 1557 1561 
o convex_80
v 0.012410 -0.050625 0.009600
v 0.030463 -0.041599 0.019155
v 0.029932 -0.041599 0.020220
v 0.011879 -0.041599 0.009600
v 0.011879 -0.042131 0.024469
v 0.028870 -0.046378 0.005351
v 0.022497 -0.050094 0.018092
v 0.028338 -0.041599 0.008008
v 0.019845 -0.049563 0.004288
v 0.029401 -0.047971 0.014906
v 0.011879 -0.047440 0.020749
v 0.017720 -0.042662 0.006414
v 0.013473 -0.049563 0.004820
v 0.030463 -0.047440 0.008008
v 0.016658 -0.051158 0.015969
v 0.026745 -0.042131 0.022344
v 0.013473 -0.044254 0.023938
v 0.011879 -0.041599 0.024469
v 0.017720 -0.050625 0.006414
v 0.021966 -0.046378 0.004288
v 0.011879 -0.050094 0.007477
v 0.025153 -0.041599 0.006945
v 0.029932 -0.041599 0.010665
v 0.013473 -0.051158 0.006414
v 0.026214 -0.049033 0.017032
v 0.021966 -0.049563 0.004820
v 0.013473 -0.051158 0.012255
f 1585 1576 1588 
f 1564 1563 1565 
f 1565 1563 1569 
f 1563 1564 1571 
f 1566 1565 1572 
f 1565 1573 1574 
f 1563 1571 1575 
f 1568 1572 1576 
f 1566 1572 1578 
f 1572 1568 1578 
f 1577 1566 1578 
f 1568 1577 1578 
f 1564 1565 1579 
f 1565 1566 1579 
f 1577 1564 1579 
f 1566 1577 1579 
f 1568 1576 1580 
f 1567 1570 1581 
f 1570 1574 1581 
f 1574 1573 1581 
f 1562 1572 1582 
f 1572 1565 1582 
f 1565 1574 1582 
f 1565 1569 1583 
f 1569 1567 1583 
f 1573 1565 1583 
f 1567 1581 1583 
f 1581 1573 1583 
f 1569 1563 1584 
f 1567 1569 1584 
f 1563 1575 1584 
f 1575 1567 1584 
f 1574 1570 1585 
f 1580 1576 1585 
f 1562 1582 1585 
f 1582 1574 1585 
f 1571 1564 1586 
f 1568 1575 1586 
f 1575 1571 1586 
f 1564 1577 1586 
f 1577 1568 1586 
f 1570 1567 1587 
f 1567 1575 1587 
f 1575 1568 1587 
f 1568 1580 1587 
f 1585 1570 1587 
f 1580 1585 1587 
f 1572 1562 1588 
f 1576 1572 1588 
f 1562 1585 1588 
o convex_81
v 0.019840 -0.033101 0.024468
v 0.001787 -0.028854 0.008006
v 0.001787 -0.032570 0.008538
v 0.021437 -0.027791 0.008538
v 0.002851 -0.027260 0.020749
v 0.020904 -0.027260 0.021812
v 0.002320 -0.033101 0.020749
v 0.021437 -0.033101 0.014911
v 0.001787 -0.027260 0.008006
v 0.015061 -0.032570 0.026062
v 0.013470 -0.028854 0.024468
v 0.002851 -0.033101 0.009068
v 0.021437 -0.030445 0.023936
v 0.021437 -0.027260 0.008538
v 0.001787 -0.030976 0.020749
v 0.002851 -0.029916 0.021812
v 0.021437 -0.030976 0.011725
v 0.001787 -0.027260 0.019689
v 0.012937 -0.027260 0.022874
f 1599 1594 1607 
f 1591 1590 1592 
f 1589 1595 1596 
f 1590 1591 1597 
f 1592 1590 1597 
f 1593 1594 1597 
f 1595 1589 1598 
f 1591 1592 1600 
f 1595 1591 1600 
f 1596 1595 1600 
f 1596 1592 1601 
f 1589 1596 1601 
f 1598 1589 1601 
f 1594 1599 1601 
f 1599 1598 1601 
f 1592 1597 1602 
f 1597 1594 1602 
f 1601 1592 1602 
f 1594 1601 1602 
f 1591 1595 1603 
f 1597 1591 1603 
f 1595 1598 1604 
f 1599 1593 1604 
f 1598 1599 1604 
f 1603 1595 1604 
f 1592 1596 1605 
f 1600 1592 1605 
f 1596 1600 1605 
f 1593 1597 1606 
f 1597 1603 1606 
f 1604 1593 1606 
f 1603 1604 1606 
f 1594 1593 1607 
f 1593 1599 1607 
o convex_82
v 0.028340 -0.003893 0.003226
v 0.021968 -0.018231 -0.006860
v 0.021968 -0.017700 -0.008455
v 0.021968 -0.007079 0.012252
v 0.028871 -0.018231 0.006942
v 0.027809 -0.003364 -0.008455
v 0.021968 -0.002831 -0.007391
v 0.021968 -0.017166 0.015970
v 0.029933 -0.009205 -0.008455
v 0.025687 -0.007079 0.011190
v 0.026216 -0.017166 -0.006860
v 0.030465 -0.004426 -0.006330
v 0.029402 -0.013982 0.006942
v 0.024093 -0.002299 -0.002081
v 0.021968 -0.018231 0.010660
v 0.028871 -0.004426 0.003757
v 0.021968 -0.003364 -0.008455
v 0.028871 -0.002831 -0.002081
v 0.022500 -0.016104 0.015970
v 0.026746 -0.018231 -0.003145
v 0.026216 -0.003364 0.003226
v 0.021968 -0.003893 0.002165
v 0.029402 -0.016104 0.006942
f 1620 1626 1630 
f 1610 1609 1611 
f 1610 1611 1614 
f 1611 1609 1615 
f 1610 1613 1616 
f 1609 1610 1618 
f 1610 1616 1618 
f 1616 1613 1619 
f 1613 1614 1621 
f 1609 1612 1622 
f 1615 1609 1622 
f 1612 1615 1622 
f 1608 1617 1623 
f 1620 1619 1623 
f 1617 1620 1623 
f 1613 1610 1624 
f 1610 1614 1624 
f 1614 1613 1624 
f 1619 1613 1625 
f 1613 1621 1625 
f 1608 1623 1625 
f 1623 1619 1625 
f 1611 1615 1626 
f 1615 1612 1626 
f 1617 1611 1626 
f 1620 1617 1626 
f 1612 1609 1627 
f 1616 1612 1627 
f 1609 1618 1627 
f 1618 1616 1627 
f 1617 1608 1628 
f 1611 1617 1628 
f 1608 1625 1628 
f 1625 1621 1628 
f 1614 1611 1629 
f 1621 1614 1629 
f 1611 1628 1629 
f 1628 1621 1629 
f 1612 1616 1630 
f 1616 1619 1630 
f 1619 1620 1630 
f 1626 1612 1630 
o convex_83
v 0.009224 -0.040005 -0.003147
v 0.018779 -0.027260 0.001632
v 0.020371 -0.028853 0.001632
v 0.015594 -0.033634 -0.007394
v 0.001791 -0.034691 0.001632
v 0.017715 -0.040536 -0.002617
v 0.011879 -0.027260 -0.003147
v 0.009224 -0.040536 0.001632
v 0.020373 -0.029917 -0.004740
v 0.007099 -0.032574 -0.004208
v 0.018779 -0.040536 -0.005802
v 0.009224 -0.027260 0.001101
v 0.004445 -0.040536 0.000040
v 0.020371 -0.030979 0.001632
v 0.013469 -0.030979 -0.006863
v 0.020373 -0.037350 -0.002617
v 0.006037 -0.031509 -0.003147
v 0.015062 -0.035222 -0.007394
v 0.008164 -0.034691 -0.004740
v 0.001791 -0.036818 0.001101
v 0.003914 -0.040536 0.001632
v 0.020373 -0.028853 -0.003677
f 1646 1639 1652 
f 1633 1632 1635 
f 1633 1635 1638 
f 1636 1638 1641 
f 1634 1639 1641 
f 1635 1632 1642 
f 1632 1637 1642 
f 1631 1641 1643 
f 1641 1638 1643 
f 1633 1638 1644 
f 1638 1636 1644 
f 1639 1634 1645 
f 1636 1641 1646 
f 1641 1639 1646 
f 1633 1644 1646 
f 1644 1636 1646 
f 1635 1642 1647 
f 1642 1637 1647 
f 1637 1645 1647 
f 1645 1640 1647 
f 1641 1631 1648 
f 1634 1641 1648 
f 1645 1634 1648 
f 1645 1648 1649 
f 1631 1643 1649 
f 1640 1645 1649 
f 1648 1631 1649 
f 1640 1649 1650 
f 1635 1647 1650 
f 1647 1640 1650 
f 1649 1643 1650 
f 1638 1635 1651 
f 1643 1638 1651 
f 1635 1650 1651 
f 1650 1643 1651 
f 1632 1633 1652 
f 1637 1632 1652 
f 1639 1645 1652 
f 1645 1637 1652 
f 1633 1646 1652 
o convex_84
v 0.020375 -0.048502 -0.004739
v 0.017719 -0.046377 -0.009520
v 0.017719 -0.044786 -0.009520
v 0.004442 -0.041068 0.001633
v 0.018247 -0.040537 -0.003678
v 0.016123 -0.049033 0.000039
v 0.013999 -0.047971 -0.007395
v 0.006036 -0.040537 -0.001023
v 0.009222 -0.040537 0.001633
v 0.020375 -0.042131 -0.007395
v 0.020375 -0.049564 -0.007926
v 0.017187 -0.047971 0.000039
v 0.009754 -0.045315 0.001633
v 0.017187 -0.040537 -0.005800
v 0.012937 -0.043724 -0.006864
v 0.015063 -0.049033 -0.002085
v 0.020375 -0.044786 -0.009520
f 1662 1663 1669 
f 1659 1656 1660 
f 1660 1656 1661 
f 1657 1660 1661 
f 1657 1653 1662 
f 1653 1658 1663 
f 1659 1654 1663 
f 1662 1653 1663 
f 1653 1657 1664 
f 1658 1653 1664 
f 1657 1661 1664 
f 1664 1661 1665 
f 1656 1659 1665 
f 1661 1656 1665 
f 1658 1664 1665 
f 1660 1657 1666 
f 1662 1655 1666 
f 1657 1662 1666 
f 1655 1654 1667 
f 1654 1659 1667 
f 1659 1660 1667 
f 1660 1666 1667 
f 1666 1655 1667 
f 1663 1658 1668 
f 1659 1663 1668 
f 1665 1659 1668 
f 1658 1665 1668 
f 1654 1655 1669 
f 1655 1662 1669 
f 1663 1654 1669 
o convex_85
v -0.016268 -0.013984 0.002164
v -0.012022 -0.023010 0.008005
v -0.011491 -0.023010 0.008005
v -0.016800 -0.020885 -0.004209
v -0.012022 -0.015046 -0.004209
v -0.020518 -0.017171 -0.002615
v -0.011491 -0.017700 0.012785
v -0.011491 -0.012391 0.000572
v -0.019455 -0.018230 0.002696
v -0.011491 -0.020885 -0.002085
v -0.017331 -0.013984 -0.004209
v -0.013615 -0.018230 0.011722
v -0.019455 -0.019824 -0.004209
v -0.018924 -0.016108 0.003227
v -0.012022 -0.023010 0.009598
v -0.016268 -0.021948 0.001633
v -0.013615 -0.021948 -0.001552
v -0.012022 -0.012391 0.002164
v -0.016800 -0.014516 0.003759
f 1676 1687 1688 
f 1676 1672 1677 
f 1673 1674 1679 
f 1677 1672 1679 
f 1674 1677 1679 
f 1674 1673 1680 
f 1677 1674 1680 
f 1678 1675 1682 
f 1680 1673 1682 
f 1675 1680 1682 
f 1675 1678 1683 
f 1680 1675 1683 
f 1678 1681 1683 
f 1671 1672 1684 
f 1672 1676 1684 
f 1676 1681 1684 
f 1681 1678 1684 
f 1682 1673 1685 
f 1678 1682 1685 
f 1671 1684 1685 
f 1684 1678 1685 
f 1672 1671 1686 
f 1679 1672 1686 
f 1673 1679 1686 
f 1671 1685 1686 
f 1685 1673 1686 
f 1676 1677 1687 
f 1680 1670 1687 
f 1677 1680 1687 
f 1670 1680 1688 
f 1681 1676 1688 
f 1680 1683 1688 
f 1683 1681 1688 
f 1687 1670 1688 
o convex_86
v -0.010958 -0.025662 0.001102
v -0.005648 -0.006550 0.013317
v -0.005648 -0.006550 0.001634
v -0.005648 -0.029384 0.007474
v -0.011490 -0.017171 0.013317
v -0.011490 -0.011331 0.000574
v -0.005648 -0.027256 -0.004209
v -0.010427 -0.006550 0.013317
v -0.007772 -0.016642 -0.004209
v -0.005648 -0.019822 0.013317
v -0.011490 -0.023009 0.010129
v -0.008834 -0.024071 -0.004209
v -0.009896 -0.006550 0.004290
v -0.005648 -0.016642 -0.004209
v -0.006179 -0.028850 0.009067
v -0.011490 -0.024071 0.000574
v -0.010958 -0.026194 0.007474
v -0.008834 -0.009737 -0.000490
v -0.006710 -0.029384 0.005880
v -0.011490 -0.018760 0.013317
v -0.008304 -0.026194 -0.004209
f 1707 1689 1709 
f 1691 1690 1692 
f 1691 1692 1695 
f 1690 1691 1696 
f 1693 1690 1696 
f 1694 1693 1696 
f 1692 1690 1698 
f 1690 1693 1698 
f 1693 1694 1699 
f 1694 1697 1700 
f 1697 1695 1700 
f 1696 1691 1701 
f 1694 1696 1701 
f 1691 1695 1702 
f 1695 1697 1702 
f 1692 1698 1703 
f 1699 1694 1704 
f 1694 1700 1704 
f 1703 1699 1705 
f 1704 1689 1705 
f 1699 1704 1705 
f 1697 1694 1706 
f 1701 1691 1706 
f 1694 1701 1706 
f 1691 1702 1706 
f 1702 1697 1706 
f 1695 1692 1707 
f 1692 1703 1707 
f 1705 1689 1707 
f 1703 1705 1707 
f 1698 1693 1708 
f 1693 1699 1708 
f 1703 1698 1708 
f 1699 1703 1708 
f 1700 1695 1709 
f 1689 1704 1709 
f 1704 1700 1709 
f 1695 1707 1709 
o convex_87
v 0.028340 -0.040005 0.003227
v 0.028870 -0.027260 0.007475
v 0.029402 -0.027260 0.003227
v 0.020376 -0.028855 -0.004207
v 0.023562 -0.029387 0.007475
v 0.020376 -0.037348 -0.002083
v 0.026216 -0.037881 -0.003146
v 0.029933 -0.035226 0.007475
v 0.028870 -0.033631 -0.000492
v 0.020376 -0.027792 -0.001023
v 0.027809 -0.037879 0.005881
v 0.023562 -0.027260 0.006943
v 0.020376 -0.034694 -0.004740
v 0.028870 -0.027260 0.001633
v 0.021969 -0.029916 -0.004207
v 0.030464 -0.029387 0.006943
v 0.029402 -0.038412 0.002695
v 0.020907 -0.037881 -0.003146
v 0.020907 -0.028855 0.001633
v 0.026216 -0.040005 0.002164
f 1727 1716 1729 
f 1711 1714 1717 
f 1713 1715 1719 
f 1714 1715 1720 
f 1710 1717 1720 
f 1717 1714 1720 
f 1711 1712 1721 
f 1714 1711 1721 
f 1715 1713 1722 
f 1712 1718 1723 
f 1713 1719 1723 
f 1721 1712 1723 
f 1719 1721 1723 
f 1718 1716 1724 
f 1722 1713 1724 
f 1716 1722 1724 
f 1723 1718 1724 
f 1713 1723 1724 
f 1712 1711 1725 
f 1711 1717 1725 
f 1718 1712 1725 
f 1718 1725 1726 
f 1710 1716 1726 
f 1717 1710 1726 
f 1716 1718 1726 
f 1725 1717 1726 
f 1715 1722 1727 
f 1722 1716 1727 
f 1715 1714 1728 
f 1719 1715 1728 
f 1714 1721 1728 
f 1721 1719 1728 
f 1716 1710 1729 
f 1710 1720 1729 
f 1720 1715 1729 
f 1715 1727 1729 
o convex_88
v -0.019986 0.000887 0.013317
v -0.013615 0.012570 0.029780
v -0.014146 0.012570 0.029780
v -0.020517 0.023192 0.013317
v -0.013615 0.017880 0.013317
v -0.020517 0.008854 0.026062
v -0.013615 0.001951 0.018096
v -0.020517 0.021068 0.024468
v -0.015739 0.022129 0.021812
v -0.020517 0.003012 0.022344
v -0.013615 0.001951 0.013317
v -0.013615 0.017880 0.027654
v -0.013615 0.003544 0.022344
v -0.016270 0.023192 0.013848
v -0.014146 0.010979 0.029780
v -0.020517 0.001420 0.013317
v -0.017862 0.000887 0.018096
v -0.015208 0.014695 0.029248
v -0.019986 0.004075 0.023936
v -0.017330 0.023192 0.018096
f 1738 1743 1749 
f 1730 1733 1734 
f 1734 1731 1736 
f 1733 1735 1737 
f 1735 1733 1739 
f 1730 1734 1740 
f 1734 1736 1740 
f 1731 1734 1741 
f 1738 1737 1741 
f 1736 1731 1742 
f 1734 1733 1743 
f 1741 1734 1743 
f 1738 1741 1743 
f 1731 1732 1744 
f 1742 1731 1744 
f 1733 1730 1745 
f 1730 1739 1745 
f 1739 1733 1745 
f 1739 1730 1746 
f 1730 1740 1746 
f 1740 1736 1746 
f 1736 1742 1746 
f 1742 1739 1746 
f 1732 1731 1747 
f 1737 1735 1747 
f 1731 1741 1747 
f 1741 1737 1747 
f 1744 1732 1747 
f 1735 1744 1747 
f 1735 1739 1748 
f 1739 1742 1748 
f 1744 1735 1748 
f 1742 1744 1748 
f 1733 1737 1749 
f 1737 1738 1749 
f 1743 1733 1749 
