# https://github.com/mikedh/trimesh
mtllib material_0.mtl
usemtl material_0
v 0.02006397 -0.00145299 0.03436146
v 0.00767997 -0.00504309 0.04579416
v -0.04657923 -0.02767989 0.00850266
v 0.01476477 0.00055491 0.01540026
v -0.01472643 0.02515641 0.05148576
v -0.04185603 0.00298401 0.00787176
v 0.01948797 0.00261861 0.04183326
v 0.04604157 -0.01680789 -0.00024714
v -0.00821763 -0.02943669 -0.00671904
v 0.02069757 0.01737411 0.00397566
v 0.04016637 0.02490171 0.00760176
v 0.00537597 0.03049071 0.05943636
v 0.00537597 -0.03983349 0.00297396
v -0.00936963 -0.00552549 0.04550436
v -0.00936963 -0.00552549 0.04550436
v -0.00228483 0.00593241 0.05396346
v 0.00479997 0.02421591 0.06211476
v -0.01996803 -0.02689959 -0.03527064
v -0.01524483 -0.00460299 0.01609326
v -0.01524483 -0.00460299 0.01609326
v -0.01818243 0.00241881 0.01796706
v -0.01818243 -0.00328359 0.01694196
v 0.02311677 0.01278141 0.00995616
v -0.05061123 0.00248271 0.00913716
v 0.01073277 -0.00746769 0.01321956
v -0.03350403 -0.01962129 0.00505026
v -0.01875843 0.00730581 0.01257066
v 0.01545597 -0.01261299 0.01187586
v -0.04352643 -0.03094329 -0.00789894
v -0.02405763 0.01549851 0.01173636
v -0.00222723 0.01508541 -0.03487554
v -0.02757123 0.01038381 0.00869886
v -0.01282563 -0.03333279 -0.01017234
v -0.00337923 0.01243131 0.06155136
v -0.00337923 0.02977881 0.06270336
v -0.01340163 -0.00252129 0.01471716
v -0.01633923 -0.01648209 0.01558746
v 0.02023677 0.01749201 0.01636776
v 0.03440637 -0.00743799 0.01512396
v -0.03696003 -0.01386219 0.00655326
v 0.00963837 0.02594571 0.01234296
v 0.02438397 -0.00963489 0.01536606
v -0.01749123 0.02123511 0.01140786
v -0.04755843 0.00635901 0.00203166
v -0.02808963 -0.03458289 -0.00543294
v -0.02630403 -0.02688789 0.00001656
v -0.02630403 -0.03983799 0.00981306
v 0.02029437 -0.03838089 0.00543636
v 0.02029437 0.01209111 0.02472516
v -0.04398723 -0.00002919 -0.01472274
v -0.00504963 -0.02728119 -0.00251154
v 0.02680317 -0.01045479 0.01482696
v -0.02981763 -0.02993259 -0.03408084
v 0.04863357 -0.01618239 0.00500706
v 0.04863357 -0.01054569 0.00458406
v -0.03984003 -0.02412129 -0.03242664
v -0.02273283 -0.04061559 0.00939546
v 0.01148157 -0.00579459 0.04363506
v 0.01562877 -0.03684999 0.00198216
v 0.02271357 0.01926501 0.00214326
v 0.01269117 -0.00068619 0.04629456
v -0.01207683 0.03091191 0.05636196
v 0.00975357 0.03363531 0.05276286
v -0.00499203 -0.00588909 0.01949076
v 0.03100797 -0.02813169 -0.00612234
v 0.04045437 -0.01535349 -0.03435174
v 0.03043197 -0.03983889 0.00961236
v 0.02513277 0.02414391 0.00040896
v -0.01910403 -0.02781129 -0.00110934
v 0.03221757 -0.03785079 0.00271656
v 0.03221757 -0.03833679 0.00387576
v -0.02440323 -0.02415999 0.00476136
v 0.01217277 -0.02915499 -0.00681714
v 0.04402557 0.01025871 0.00153936
v -0.04444803 0.00824451 -0.00961434
v 0.03164157 -0.01816149 0.00848106
v 0.03164157 -0.01816149 0.00848106
v 0.02398077 -0.00024969 0.01488186
v 0.02398077 0.00916071 0.01276416
v -0.02025603 -0.02218449 0.00998946
v 0.03106557 -0.03650709 0.00121986
v -0.01080963 -0.00423579 0.01453356
v -0.02083203 0.01892751 0.01094526
v 0.01102077 -0.00379029 0.01838826
v -0.00666243 -0.02256969 -0.00048114
v -0.02670723 -0.03608859 0.00095886
v -0.03909123 0.00652641 -0.02944494
v -0.00015363 0.01498911 -0.03452094
v -0.01253763 -0.00854949 0.01597626
v -0.02256003 0.01571451 0.00714186
v -0.04496643 -0.00482169 0.00246816
v -0.03552003 -0.02363169 -0.03532194
v -0.02077443 0.01304151 -0.03528774
v -0.01841283 0.00216861 0.01883016
v 0.02052477 0.01915791 0.02107656
v -0.00896643 -0.03274779 -0.01011564
v -0.00424323 -0.00581349 0.04594266
v -0.00424323 0.03755481 0.04876056
v -0.03137283 0.01530501 0.00187866
v -0.00188163 -0.02159679 -0.00099684
v 0.02231037 0.01721571 0.03193326
v -0.03667203 -0.00406749 0.01443276
v 0.00462717 0.02728131 0.01185246
v -0.04963203 -0.01932969 0.00972306
v 0.01171197 -0.00247809 0.01459206
v 0.01171197 -0.04035009 0.00606186
v -0.04018563 0.00054141 0.01031166
v -0.03782403 -0.00907689 0.01223136
v -0.00360963 -0.00614379 -0.03394584
v -0.04548483 -0.03294759 0.00022446
v -0.00890883 -0.00578019 0.01919016
v 0.01292157 -0.03539829 -0.00053424
v -0.03897603 0.00882231 0.00256626
v -0.02423043 0.01525461 -0.03495204
v 0.02945277 -0.02861499 -0.00619614
v -0.02008323 0.00400191 0.01974996
v 0.01176957 -0.00325209 0.01472616
v -0.04721283 -0.00088689 0.00176976
v -0.04721283 -0.00563979 0.00185256
v 0.04598397 0.00619521 0.00233496
v -0.04778883 0.02537511 0.00893556
v -0.04778883 0.02537511 0.00893556
v 0.01355517 0.00379041 0.01610856
v 0.00825597 -0.00795009 0.02707596
v 0.02536317 0.01062681 -0.03394314
v -0.04836483 0.01273911 0.00516906
v -0.00176643 -0.02811549 -0.00307134
v 0.03657447 -0.01438509 -0.03478374
v 0.04129767 0.01521321 0.00618786
v -0.04481433 0.01648761 -0.01192914
v 0.04602087 -0.03183429 -0.00033264
v 0.03599847 -0.02251479 -0.03473064
v -0.00172953 -0.03739449 -0.00002034
v 0.01773927 -0.01121169 0.01653876
v -0.04654233 -0.02208909 0.00107856
v 0.00241767 -0.03601029 0.00095436
v 0.01186407 -0.02797329 -0.00324954
v -0.04711833 -0.03856719 0.00933336
v -0.01526553 -0.00020109 0.01431756
v -0.01526553 -0.00020109 0.01431756
v -0.00051993 -0.01238889 0.03700296
v -0.02764953 0.01636251 0.00295686
v -0.02528793 -0.02542629 0.00435096
v 0.02131047 0.00876021 0.04087296
v -0.04060953 -0.00268239 0.00937926
v -0.03824793 -0.01925949 -0.03325464
v -0.05063193 0.01030281 0.00845946
v -0.03116313 0.01200471 0.00402066
v -0.01405593 0.02946831 0.04546836
v 0.00305127 -0.00289569 0.04905306
v 0.00541287 0.00665601 0.05434236
v 0.01013607 -0.01976889 -0.03402324
v -0.02701593 -0.03313659 -0.01044774
v 0.02194407 0.00562371 0.03807126
v -0.00046233 0.01655331 -0.02880684
v -0.02050713 0.00282111 0.01356246
v 0.00132327 -0.03977859 0.00431766
v 0.00368487 0.02735151 0.06103566
v -0.03819033 0.00798081 0.00417996
v 0.01313127 -0.01272099 0.01075806
v -0.03876633 0.01548681 0.00146196
v -0.00985113 0.03398181 0.03747546
v 0.03674727 0.01155921 0.00489366
v 0.05149287 -0.02458929 0.00982026
v 0.03380967 -0.03786519 0.00297396
v -0.04521753 0.02577111 0.00899586
v -0.04521753 0.02577111 0.00899586
v -0.00098073 0.01752351 0.06522966
v 0.00846567 -0.01245009 -0.03402864
v 0.03795687 -0.01806339 0.00552366
v -0.00627993 0.02700141 0.01173006
v -0.00155673 0.01192731 0.06106896
v -0.01215513 -0.01014519 0.01594206
v -0.02217753 0.01400901 -0.03508704
v 0.02442087 -0.01962669 0.00835416
v -0.03456153 -0.00656679 0.01646136
v -0.01981593 -0.01629039 0.01838196
v -0.00507033 0.02695101 0.06474096
v 0.00201447 0.03580341 0.02925396
v 0.00201447 0.01589721 -0.03200364
v 0.03150567 -0.00975099 0.01556676
v -0.00092313 0.03714081 0.05187816
v -0.00858393 -0.02826849 -0.00319644
v -0.01860633 0.00762261 0.01200366
v -0.02862873 -0.02417889 0.00454626
v 0.03743847 0.02488911 0.00590796
v 0.03980007 0.00582981 0.00841536
v -0.04867353 -0.03301599 0.00180216
v -0.00207513 0.02997591 0.01379826
v -0.04452633 -0.03145719 0.00798516
v 0.04630887 -0.03631989 0.00876186
v -0.03980313 -0.03321219 -0.01108134
v -0.03980313 -0.03321219 -0.01108134
v 0.02390247 0.01407471 -0.03463434
v -0.04746393 0.02485131 0.00866646
v -0.04510233 -0.03434619 0.00143136
v 0.02568807 0.01263921 0.00690426
v -0.03329433 -0.03896229 0.00883296
v 0.00564327 0.02942241 0.05969736
v 0.02038887 -0.03784989 0.00283806
v -0.03859353 -0.02482599 -0.03516354
v 0.00800487 -0.03857709 0.00722556
v -0.04625433 -0.00180669 0.00185886
v -0.04389273 -0.03452619 -0.00055134
v -0.01970073 -0.02861499 -0.00351324
v 0.01451367 -0.02459109 -0.00110484
v -0.00023193 -0.00387939 0.04725126
v 0.01923687 -0.03366939 -0.00894204
v -0.01025433 -0.02829009 -0.00317664
v 0.00155367 -0.00893559 0.04381866
v -0.02321433 0.02114691 -0.00967014
v -0.02085273 -0.01583589 0.01984716
v -0.02085273 -0.01583589 0.01984716
v 0.04049127 0.01799241 -0.02573424
v 0.04285287 -0.00329709 0.00734796
v -0.01612953 0.01620051 0.01149156
v -0.01376793 -0.02558109 0.00235116
v 0.00333927 0.01939011 0.06462846
v -0.04855833 -0.00720669 0.00743706
v 0.04463847 -0.03706239 0.00046746
v -0.01434393 0.01555341 0.05475366
v 0.03225447 -0.03972099 0.00934506
v 0.00748647 -0.03765909 0.00249156
v 0.04170087 -0.00224409 -0.03155724
v 0.04406247 0.01017591 0.00714996
v 0.01693287 0.02503041 0.04335246
v -0.03732633 -0.03289809 -0.01120374
v -0.04734873 -0.02321409 0.00200106
v 0.00812007 -0.03381789 -0.00869094
v -0.01900953 0.00559221 0.01168956
v -0.03433113 -0.01992459 0.00439866
v 0.01462887 0.00076461 0.04653666
v 0.04648167 -0.00480009 0.00247356
v 0.05120487 -0.00328179 0.01037736
v -0.02252313 -0.02337429 -0.03431754
v 0.01169127 0.03426621 0.04804146
v 0.04354407 -0.00881679 0.00359586
v -0.03018393 -0.00763059 0.01770696
v 0.03352167 -0.00970689 0.01462536
v 0.00639207 -0.04056159 0.00659106
v -0.03784473 0.02637951 0.00953136
v -0.03784473 0.02637951 0.00953136
v -0.01365273 -0.03627939 0.00149436
v -0.01129113 -0.03947709 0.00315936
v 0.04003047 -0.03901989 0.00685836
v 0.00051687 -0.02762859 -0.00271854
v 0.04711527 -0.03570249 0.00749196
v -0.01186713 -0.01518249 -0.03426714
v -0.02425113 0.00593331 0.01318446
v -0.00478233 0.01661181 -0.03376584
v -0.00005913 -0.03880029 0.00777816
v -0.03957273 -0.01925589 -0.02877894
v -0.04959513 0.02017581 0.00424926
v 0.01647207 0.02103621 0.05116356
v -0.04251033 -0.01410879 0.00357336
v 0.03830247 -0.00808419 0.01184346
v 0.01825767 -0.03398529 -0.01512774
v -0.01123353 -0.00081669 0.04783266
v -0.03836313 0.00478401 0.00924156
v -0.02655513 -0.03453519 -0.01265814
v -0.02655513 0.02422221 -0.00029214
v -0.01947033 -0.02409879 0.00454086
v -0.01947033 0.00053511 0.01462266
v -0.04659993 -0.03535779 0.00618516
v 0.04306257 0.00278421 -0.02221254
v 0.04306257 0.02051691 -0.01205604
v 0.02301777 -0.02644419 0.00022716
v -0.04598703 0.02638851 0.00908046
v -0.01413423 0.02563161 0.01065906
v -0.01177263 -0.01233489 -0.03409434
v 0.04957137 0.01724541 0.00154476
v -0.01471023 0.02312601 0.05750766
v -0.03711663 -0.00964929 0.01285866
v -0.01528623 -0.03066159 -0.03082644
v 0.01892817 0.01451301 0.00511146
v 0.02071377 0.00498921 0.01040166
v 0.05020497 -0.01108209 0.01037736
v -0.02116143 -0.01580889 0.01573776
v 0.00066897 -0.03621819 -0.00526014
v 0.03252177 0.02526711 0.00921906
v 0.02013777 0.01344921 0.00589266
v -0.03884463 -0.03266589 -0.01104264
v -0.03884463 -0.03266589 -0.01104264
v 0.02249937 0.01201371 0.02837736
v 0.04196817 0.01555161 0.00720936
v -0.00226863 0.03633801 0.03898656
v 0.02664657 -0.04060389 0.00993276
v 0.01426257 0.02245911 0.00767376
v 0.02900817 -0.01062849 0.01458036
v -0.02997423 -0.03644319 0.00147546
v 0.01898577 0.00289581 0.04272066
v 0.03373137 0.01631571 -0.00002574
v -0.00578223 -0.03601569 0.00119106
v 0.00130257 0.02064831 -0.01022724
v -0.00871983 -0.00780339 0.02979036
v -0.00871983 -0.00780339 0.02979036
v -0.02876463 0.01103001 0.00683406
v 0.03257937 -0.00902289 0.01551996
v 0.02019537 0.00525561 0.01131516
v 0.03730257 0.00889971 0.00810756
v 0.00487377 -0.03227169 -0.02217564
v 0.00959697 -0.03631539 0.00130266
v 0.04381137 -0.03757629 0.00084726
v 0.03142737 0.01628421 0.00548496
v -0.02755503 -0.03529119 -0.00205794
v 0.04853457 -0.01969779 0.00418626
v 0.01374417 0.01139901 0.05213376
v -0.02813103 0.01070871 0.00740556
v 0.01846737 -0.03520659 -0.00969984
v 0.00844497 -0.02485209 -0.03482964
v -0.00157743 0.03526431 0.02515896
v 0.01552977 0.00710511 0.04922226
v 0.01259217 0.02818761 0.01758006
v 0.02203857 0.00578391 0.01086156
v 0.03914577 0.00713661 -0.03417894
v -0.04754223 -0.01211169 0.00034326
v -0.04518063 0.00293811 -0.00904464
v 0.04565457 -0.03767529 0.00979686
v 0.00850257 0.03390351 0.05330466
v -0.02098863 -0.02915049 -0.02995254
v 0.00084177 -0.03890649 0.00125316
v 0.02031057 0.01773771 0.01627956
v -0.04927023 -0.03651339 0.00922446
v 0.04392657 -0.02371989 -0.00261954
v -0.04454703 -0.01932339 -0.00872424
v -0.00560943 -0.02803269 -0.00295434
v 0.04098897 0.00726171 -0.02860524
v -0.04748463 0.00819411 0.00175266
v 0.04807377 0.00477771 0.00328266
v 0.00619857 0.02236191 -0.00762624
v -0.00618543 -0.01253019 -0.03415104
v -0.00618543 -0.03648009 0.00183636
v 0.01328337 0.00031641 0.01457946
v 0.00089937 -0.02832519 -0.03330054
v 0.01800657 -0.00926409 0.01748556
v 0.01800657 -0.00926409 0.01748556
v 0.02036817 0.02046561 0.03783546
v 0.02036817 0.01547871 -0.03418164
v 0.01270737 0.01037031 0.05281236
v 0.02745297 0.01850271 -0.02422314
v -0.01678383 0.02758731 0.04187376
v -0.04155183 -0.00781779 0.00968976
v 0.00976977 -0.00887259 0.03047346
v 0.01213137 0.01667211 -0.03333024
v 0.04870737 0.01768011 0.00120366
v 0.01097937 -0.03003339 -0.00780894
v -0.03089583 -0.01340679 0.01403766
v -0.01615023 -0.00085359 0.04486266
v -0.01615023 -0.02354259 0.00478476
v -0.04091823 -0.01012899 0.00819036
v 0.02278737 -0.00843159 0.01569546
v -0.02144943 0.01644891 -0.02885274
v 0.01040337 0.01038741 0.05527206
v 0.02751057 -0.02305839 0.00501336
v 0.04697937 -0.00531669 0.00239886
v 0.04697937 -0.02050419 0.00190926
v -0.02674863 0.01409451 0.00412686
v 0.03931857 0.02712921 0.01048176
v 0.04168017 -0.00041259 0.00906246
v -0.02968623 0.00555441 0.01183626
v 0.01397457 -0.03620289 0.00123696
v -0.04264623 0.00835701 -0.01664064
v -0.04558383 -0.02963559 0.00858276
v -0.02611503 -0.02709669 -0.00074844
v 0.00573777 -0.03766539 0.00266796
v 0.02284497 -0.02926299 -0.02907774
v -0.00428463 -0.01352109 0.01199556
v 0.04231377 0.01651371 -0.02527254
v 0.04939857 -0.03269199 0.00129186
v 0.02226897 -0.02036829 0.00762066
v -0.03671343 0.00290931 0.01270836
v 0.03937617 -0.02964189 -0.03367584
v 0.01460817 0.00635631 0.01652796
v 0.00222417 -0.04056429 0.00794736
v 0.02169297 0.00647421 0.01225296
v -0.04731183 0.00492711 0.00151956
v 0.02877777 0.00705471 0.01192266
v 0.00164817 -0.01538049 -0.03409434
v 0.04824657 -0.00478749 0.00048636
v 0.03586257 -0.02100549 -0.03456954
v -0.05024943 0.00965481 0.00856026
v -0.03550383 -0.03801369 0.00403776
v 0.01109457 -0.04012239 0.00432486
v 0.01109457 -0.00339429 0.01501416
v 0.00343377 -0.04063269 0.00982926
v 0.02290257 -0.01208739 0.01405476
v 0.02290257 -0.01208739 0.01405476
v 0.01288017 -0.03505899 -0.00239544
v 0.01760337 -0.03018549 -0.00772254
v 0.00521937 -0.03111519 -0.00872334
v 0.02704977 -0.00371109 0.01695006
v -0.04195503 -0.00090039 0.00882936
v 0.01938897 0.02503941 0.02997576
v 0.03885777 0.01893831 0.00478566
v 0.00406737 0.02435901 0.00066096
v -0.00595503 -0.03296649 -0.01016784
v 0.03770577 -0.03306909 -0.00792774
v -0.00416943 -0.02787339 -0.00282024
v 0.00055377 -0.00776199 0.00969336
v -0.01183023 0.00575151 0.05116176
v -0.02421423 0.00233151 0.01627146
v 0.02710737 0.01755231 0.00197496
v 0.00942417 -0.03362259 -0.00952344
v -0.02006703 -0.00278499 0.03763566
v 0.03597777 0.01688361 -0.03255984
v -0.00353583 -0.03353439 -0.00934704
v -0.03419973 0.01369761 0.00267696
v -0.02947653 0.01450581 0.00182466
v 0.01712187 0.01456341 0.04775976
v 0.01948347 -0.02061849 0.00669726
v -0.04773573 -0.02829999 0.00433926
v -0.02354373 -0.01512309 0.01625166
v -0.02354373 -0.01512309 0.01625166
v 0.02541627 0.00488571 0.01057356
v -0.00407493 0.01602231 -0.03467754
v -0.02175813 -0.00455799 0.01871406
v -0.04888773 0.02285691 0.00877626
v -0.00228933 -0.00903099 0.02830716
v -0.02941893 -0.03324099 -0.01063584
v 0.01717947 0.00146841 0.04439736
v 0.05139387 0.01537251 0.01019736
v 0.00951867 -0.00467319 0.01421586
v 0.02426427 0.02661891 0.01094886
v 0.01188027 -0.00138279 0.01506366
v 0.04845627 -0.00928209 0.00429336
v -0.01818693 0.02224491 0.00816696
v -0.04353093 0.02390991 0.00013986
v 0.01781307 0.01642731 0.04624506
v 0.02017467 0.00879531 0.01532286
v 0.01487547 -0.02225739 0.00177336
v 0.04908987 -0.03230679 0.00704286
v 0.04085307 -0.00984009 0.00728406
v -0.03287493 -0.03984159 0.00964836
v 0.00133947 -0.01364349 0.00138726
v 0.00133947 -0.03780219 0.00251496
v -0.01104453 -0.01138269 0.01437786
v 0.03261627 -0.00308289 0.01630026
v -0.01162053 0.03223131 0.02274246
v -0.01928133 0.01046301 0.01424466
v 0.01257147 0.03230871 0.02785806
v 0.01257147 -0.02975619 -0.00760284
v -0.00747333 -0.02777079 -0.00280134
v -0.02279493 -0.02019549 0.01189476
v -0.02043333 0.00381831 0.02207376
v 0.01378107 0.00421161 0.01754136
v 0.04799547 -0.03309339 -0.00001854
v -0.01098693 -0.00957549 0.03706056
v -0.02867013 -0.03760419 0.00285876
v 0.03975867 0.00681441 -0.03255264
v -0.04635333 -0.01515999 0.00179496
v 0.04684347 -0.03826569 0.00405666
v 0.00969147 0.00619161 0.05266656
v -0.00505413 -0.01663239 0.00801486
v -0.01743813 0.02841171 0.02402856
v -0.03512133 -0.03313929 -0.01091304
v -0.00090693 0.03055911 0.06145416
v 0.00145467 0.03451641 0.02236896
v 0.03330747 0.01584951 0.00458046
v 0.00087867 -0.03990189 0.00452916
v 0.01798587 0.01415931 0.02173536
v 0.02034747 -0.02841699 -0.03464694
v -0.04865733 0.00338721 0.00067896
v -0.04508613 -0.02838909 -0.00276174
v 0.02040507 0.01668741 -0.02911104
v -0.04209093 0.01209201 -0.02364264
v 0.00156987 -0.02782119 -0.03461994
v -0.04030533 -0.00332589 0.00963036
v -0.03794373 -0.00369219 0.01119636
v -0.03794373 0.01178241 -0.03546594
v -0.01611333 0.02561991 0.01716966
v 0.03284667 -0.02606979 -0.00218124
v 0.03520827 0.02684751 0.01049166
v 0.04995387 -0.03055989 0.00176436
v -0.02377413 -0.04004229 0.00991296
v -0.01905093 -0.00305949 0.03941586
v -0.01432773 0.01923711 0.01212696
v 0.00041787 -0.02721999 -0.03412764
v 0.04701627 -0.03023589 0.00205596
v -0.03909573 0.00477951 0.00788436
v -0.03673413 -0.01945119 -0.03440124
v 0.01458747 -0.04088829 0.00929466
v -0.01490373 0.01902831 0.01148166
v 0.00456507 -0.03509589 -0.00213264
v -0.04497093 -0.02540199 -0.01057284
v -0.01075653 -0.00392799 0.01477656
v 0.04056507 0.00421611 0.00699786
v 0.04764987 0.00593601 0.00282456
v -0.02607813 0.01246101 0.00519246
v 0.01285947 0.02920011 0.05438916
v -0.04612293 0.01667481 0.00087876
v -0.00188613 -0.03938079 0.00933876
v -0.03489093 0.02762511 0.00921186
v 0.01170747 -0.00544809 0.01463346
v 0.01170747 -0.00544809 0.01463346
v -0.01542213 -0.01269579 0.01717146
v 0.01879227 0.02739921 0.00986436
v -0.01599813 -0.03621369 0.00143676
v 0.01821627 0.01588281 -0.03458844
v 0.01821627 0.01567581 0.00443736
v -0.04842693 -0.02206839 0.00676386
v -0.01421253 0.00844251 0.05048856
v 0.01764027 -0.03442179 -0.00613044
v 0.01764027 -0.01202439 0.01529226
v -0.02187333 0.00640221 0.01330866
v -0.00476613 -0.01535079 0.00795456
v -0.01478853 0.03178671 0.02912796
v 0.04125627 0.01083381 -0.03255624
v 0.01648827 0.02537781 0.05073156
v -0.05015493 -0.03391599 0.00925866
v 0.04068027 -0.01682319 0.00292986
v -0.04307013 -0.03672849 -0.00060444
v 0.04776507 0.00410811 0.00787716
v 0.00825147 -0.01923069 -0.03402504
v -0.00413253 -0.00721659 -0.03396474
v 0.02772027 0.01682061 -0.03227184
v -0.01651653 0.02300541 0.00960876
v 0.01769787 0.00757131 0.01460106
v -0.04128453 0.00536271 0.00341136
v 0.00650277 0.01763421 0.06166026
v -0.01354203 0.02923071 0.01893636
v -0.03594843 -0.00748839 0.01552446
v 0.02481957 -0.02685639 -0.00067194
v 0.00477477 -0.02980209 -0.03337164
v 0.00183717 0.00969261 0.05793426
v 0.01894437 0.01707531 0.02092446
v -0.02293083 -0.03376659 -0.00748494
v 0.00892197 0.01634361 -0.03423024
v -0.01878363 0.02554521 0.04099626
v 0.03253797 -0.03350379 -0.00890514
v -0.03646683 0.01392711 0.00243666
v 0.01485477 0.02961141 0.03784176
v 0.04670757 -0.02241579 0.00156006
v -0.02702043 -0.03031959 -0.03261744
v -0.00991323 -0.00627609 0.02783826
v -0.00991323 -0.00627609 0.02783826
v 0.04319397 -0.00808419 0.00446256
v -0.03819483 -0.02014059 -0.03330054
v -0.00398043 -0.02941869 -0.03465864
v 0.02787237 0.02520681 0.00133686
v 0.03201957 -0.01087239 0.01370466
v 0.01197477 0.02619951 0.01125396
v 0.01197477 0.02619951 0.01125396
v 0.01197477 0.02322951 0.01082286
v -0.00570843 0.01023351 0.05606676
v -0.00570843 0.01023351 0.05606676
v -0.01809243 -0.02685639 0.00233856
v 0.03086757 0.01067721 0.00916776
v 0.01848357 -0.04091349 0.00921546
v -0.02160603 0.01687551 0.00723816
v -0.02160603 0.01091841 0.01551726
v -0.02160603 0.01091841 0.01551726
v 0.04446117 0.00937491 0.00712296
v -0.01215963 -0.00095889 0.04734036
v 0.04624677 -0.04047429 0.00982026
v -0.04988763 0.02283171 0.00820476
v 0.04094757 -0.01505739 -0.03376404
v 0.04094757 -0.02084169 -0.02905614
v -0.02097243 0.01156461 0.01534356
v -0.04810203 0.01388661 0.00291456
v -0.03865563 -0.03308979 -0.01110294
v 0.01030437 -0.02157699 -0.00055944
v 0.00736677 -0.03838179 0.00481446
v -0.00501723 0.02936211 0.06344496
v -0.01740123 -0.01357599 0.01774476
v -0.04453083 0.00651651 -0.00893484
v -0.00029403 -0.02976609 -0.02939184
v 0.01681317 0.02519691 0.04499676
v -0.03980763 -0.03992079 0.00954936
v -0.03980763 -0.03992079 0.00954936
v -0.01619163 -0.01086879 0.01827216
v -0.01146843 -0.01956189 0.00661896
v -0.03859803 0.01609881 0.00188586
v 0.00800037 0.02741901 0.00964026
v 0.02274597 0.01371381 0.01247166
v 0.02510757 -0.00625449 0.01673856
v -0.01912923 -0.00149979 0.01579716
v -0.04625883 0.02359671 0.00117486
v 0.00448677 0.02339241 0.06263676
v -0.03502683 -0.00467589 0.01666116
v -0.00553563 -0.01477839 0.00854586
v -0.04268763 -0.03629469 0.00860526
v -0.04798683 0.00645711 0.00306126
v 0.01808037 0.01689531 0.04528386
v 0.02044197 -0.00138009 0.03299436
v 0.02516517 0.00595041 0.01002636
v 0.00984357 -0.03335079 -0.00959274
v 0.01456677 0.02913351 0.05240916
v -0.02730843 -0.04060389 0.00923346
v 0.02165157 0.00139101 0.03341916
v 0.03639717 -0.00119289 0.01334826
v -0.02258523 0.01965561 0.03899016
v -0.02022363 -0.03494379 -0.00354654
v 0.02637477 0.01693581 0.00342216
v 0.04348197 -0.01101819 0.00331596
v -0.01550043 0.00598281 0.04895136
v 0.00396837 0.03379101 0.02113776
v 0.03345957 0.02038821 -0.00135504
v -0.01077723 0.03329871 0.05020416
v -0.03790683 0.00393531 0.00996336
v -0.05029083 0.00688551 0.00881046
v 0.04054437 0.01623381 0.00454806
v 0.04526757 -0.03716499 0.00388116
v 0.04526757 -0.02277849 -0.00262944
v -0.02609883 0.01768101 -0.02870334
v 0.04999077 -0.02317899 0.01029186
v -0.00426843 -0.03840519 0.00578196
v -0.03905883 0.00378591 0.00902466
v -0.01486683 -0.03747999 0.00264366
v -0.01014363 -0.01299729 0.01362726
v 0.01404837 -0.03027099 -0.03247074
v -0.05023323 0.00420621 0.00918396
v 0.04060197 0.01149081 -0.03432204
v 0.04060197 0.01149081 -0.03432204
v -0.02604123 0.01254471 0.00745596
v 0.02055717 0.00905181 0.02648016
v 0.00051237 0.01630761 0.06446646
v 0.00759717 0.02564511 0.00167616
v 0.03944997 0.00154761 -0.03473874
v 0.03944997 0.00154761 -0.03473874
v -0.00478683 -0.01993449 0.00223596
v -0.01717083 -0.02616519 0.00364266
v -0.01480923 0.02941881 0.04246776
v 0.01940517 0.01210461 0.01415196
v -0.02010843 0.01884651 0.00911376
v 0.04595877 -0.02413569 -0.01037484
v 0.05068197 -0.02467929 0.01046286
v 0.00586917 -0.02981289 -0.03402954
v -0.02362203 -0.02274969 0.00900126
v -0.02126043 -0.03753579 0.00253836
v -0.01889883 0.00178971 0.02123586
v -0.00179163 -0.01460109 0.00534816
v 0.03714597 0.00707721 -0.03475044
v 0.01001637 0.02013171 0.06028416
v -0.00472923 -0.02089929 -0.00020844
v -0.04424283 -0.04047429 0.00894996
v 0.00944037 -0.01858719 -0.03413934
v -0.04835313 0.00229911 0.00542106
v 0.03245967 -0.02188029 0.00563886
v 0.03482127 0.00732741 -0.03384774
v 0.03718287 -0.03987129 0.00955026
v 0.02479887 0.01443111 -0.03477294
v -0.00469233 0.02224581 0.06577506
v 0.01241487 0.03204591 0.03873096
v -0.03948273 -0.01426089 0.00501336
v -0.00999153 0.02333301 0.06378876
v 0.03660687 0.02411511 0.00466146
v -0.00762993 0.01504941 0.06217236
v 0.04369167 0.01124241 0.00774036
v -0.00054513 0.03322131 0.06139656
v 0.03130767 -0.01503219 0.01151946
v 0.03309327 -0.03410679 -0.00847854
v -0.04829553 0.02000031 0.00052416
v -0.00169713 0.02116941 -0.00948834
v 0.00066447 -0.01023609 0.00585846
v 0.03251727 -0.03392769 -0.00882594
v -0.04121073 -0.03756549 0.00223326
v -0.04121073 -0.03756549 0.00223326
v -0.02174193 0.00857841 0.04295646
v 0.01011087 -0.01395399 0.00639756
v 0.04196367 -0.02291259 -0.00150804
v 0.04668687 -0.02201619 -0.00687834
v 0.01955727 -0.00742449 0.01801116
v -0.01759473 0.01086441 -0.03446154
v -0.01287153 0.03120621 0.04465566
v -0.04766193 -0.02896869 0.00554706
v -0.01817073 0.01634901 0.01506816
v -0.01874673 -0.00018309 0.02601576
v -0.02168433 -0.03194859 -0.01954044
v 0.01016847 -0.01010649 0.03366126
v 0.01961487 0.02212341 0.02153286
v -0.00987633 -0.01562799 0.01095606
v 0.02433807 0.01479471 -0.03451824
v -0.00515313 0.03707781 0.04444146
v 0.00429327 0.02283801 0.06388056
v 0.03378447 -0.02337339 -0.03397194
v -0.00336753 -0.03320409 -0.00980064
v -0.04524273 -0.03684459 0.00447606
v -0.02813553 -0.02481519 -0.03503844
v 0.04795407 0.00616191 0.00329526
v -0.03815793 -0.03916569 0.00897786
v -0.02341233 -0.03441819 -0.00603414
v -0.05054193 0.02114691 0.00827766
v -0.00394353 -0.03897039 0.00153576
v 0.00077967 -0.03974079 0.00276156
v -0.03930993 -0.03394569 -0.00856224
v -0.03930993 -0.03394569 -0.00856224
v -0.01747953 -0.00580269 0.03712536
v 0.01437327 -0.03832059 0.00592326
v -0.04460913 0.02332311 0.00012546
v 0.04858767 -0.00812199 0.00548676
v -0.02041713 0.00577581 0.01142676
v -0.00094833 -0.03655569 0.00180486
v -0.05048433 0.01237281 0.00861516
v 0.02560527 -0.03949059 0.00902916
v 0.00792207 -0.04020069 0.00988506
v 0.00792207 0.02318721 0.06109326
v 0.00262287 -0.02718669 -0.03512124
v 0.04922127 -0.01694469 0.00747396
v -0.00797553 -0.00222789 -0.03407184
v -0.04748913 -0.00559839 0.00216486
v 0.04806927 -0.03204489 0.00270216
v 0.04806927 -0.03444069 0.00534726
v 0.02093967 -0.03972189 0.00958626
v -0.00855153 -0.03749439 0.00226206
v -0.01857393 0.00377241 0.01519146
v -0.00676593 -0.03621549 0.00139986
v 0.01270287 0.00127851 0.01584846
v -0.02917233 -0.02191539 0.00695556
v 0.00504207 0.03106131 0.06235686
v -0.02266353 -0.01679529 0.01448046
v 0.04576527 -0.01415289 0.00088596
v 0.00861327 -0.01110639 0.03488796
v 0.00861327 -0.04001889 0.00461556
v -0.02087793 0.01490631 -0.03406194
v 0.01333647 0.02154561 0.01033956
v 0.02986767 0.02164101 0.00199926
v -0.04149873 -0.00576669 0.00943506
v 0.00509967 -0.00657759 -0.03378834
v -0.00964593 0.02070681 0.06311196
v -0.01966833 0.01769091 -0.02469114
v 0.04167567 -0.03092349 -0.00578394
v -0.00019953 0.03344451 0.06170436
v 0.00452367 -0.00636159 -0.03349044
v -0.03971313 -0.00687819 0.01146816
v -0.04501233 -0.03636759 0.00741096
v -0.02082033 0.02390361 0.02406816
v -0.01373553 -0.00561009 0.01561716
v 0.01281807 0.00386061 0.04940226
v 0.01517967 -0.03365679 -0.00922644
v -0.04380273 -0.03773559 0.00491076
v 0.04881807 0.02039091 0.00149616
v 0.01166607 0.02735601 0.05694786
v -0.01074033 -0.01302519 -0.03422214
v 0.02111247 0.00791691 0.01484226
v -0.04553073 -0.03465669 0.00966006
v -0.02133873 -0.01306119 0.02042946
v -0.01897713 -0.03022689 -0.02889774
v -0.04374513 0.01589271 0.00101376
v -0.03193713 -0.01881669 0.00889326
v 0.04651407 0.02227821 0.00111456
v 0.04651407 0.02227821 0.00111456
v -0.01010673 -0.02262369 0.00158976
v 0.04121487 0.00124791 -0.03302784
v 0.02117007 0.01472451 0.04039146
v 0.01114767 -0.02736669 -0.00256014
v 0.00112527 -0.04068579 0.00952056
v 0.04006287 0.01087701 -0.00077634
v -0.01891953 -0.03817389 0.00520686
v -0.00417393 -0.01038999 0.04178556
v 0.01293327 0.02257251 0.00905526
v -0.02894193 0.00170781 0.01592406
v -0.01419633 0.02128461 0.01137006
v -0.01419633 0.02128461 0.01137006
v 0.00291087 -0.00873759 0.00773406
v -0.03896433 0.00602781 0.00687096
v -0.03896433 0.00592881 -0.02962854
v -0.02421873 -0.01222329 0.01971126
v -0.02185713 0.01774041 0.00602136
v 0.02946447 -0.01128369 0.01403676
v 0.01944207 0.02471361 0.02668086
v 0.05129487 0.00459951 0.01037106
v -0.03717873 -0.03889209 0.00838476
v 0.04127247 0.00261501 0.00861606
v -0.02537073 -0.02297559 0.00810846
v -0.00590193 0.03574761 0.04018716
v -0.04777713 0.01507461 0.00200916
v 0.04541967 0.00393621 -0.00940374
v 0.00121977 0.03506541 0.05522796
v 0.03071097 -0.01082559 0.01408356
v 0.02068857 -0.03396819 -0.00826434
v -0.01646343 0.00122811 0.01857546
v 0.01538937 -0.00677019 0.03376836
v 0.03013497 -0.03340029 -0.00891414
v 0.01245177 -0.03357849 -0.00936774
v 0.03428217 -0.02080569 0.00594936
v -0.05062023 -0.00350319 0.00920826
v -0.00402183 -0.04042569 0.00974286
v -0.04589703 -0.03320859 0.00148086
v -0.00166023 -0.00947289 0.01018926
v 0.03727737 -0.03711009 0.00233496
v 0.01014777 0.02700951 0.01426716
v -0.01698183 0.01854051 -0.02471904
v -0.00223623 -0.03635859 0.00151596
v 0.04908537 -0.00641469 0.00790416
v 0.02195577 0.02443461 0.00876816
v -0.01283463 0.02372721 0.06113466
v 0.01135737 0.03318711 0.03098646
v -0.01104903 0.03336351 0.04629276
v -0.03581703 -0.01038999 0.01494846
v 0.04499577 0.02498991 0.01065366
v -0.04169223 -0.03857349 0.00845226
v -0.01220103 -0.00493239 0.01456236
v 0.01965177 -0.02930349 -0.00714834
v 0.00726777 0.00211281 0.05159376
v -0.03696903 -0.02152119 -0.03532554
v -0.02222343 0.01460391 0.04227786
v -0.00511623 -0.01776279 0.00784386
v 0.04856697 -0.03556749 0.00207126
v -0.03046023 -0.00406119 0.01701126
v -0.04284423 -0.01063749 0.00379296
v -0.00920583 0.00619521 0.05218416
v -0.00920583 0.00619521 0.05218416
v -0.04635783 0.00978891 0.00115506
v -0.04457223 -0.03353979 -0.00116604
v 0.03624057 -0.03016299 -0.00617724
v -0.02038023 0.01642281 -0.02943414
v -0.02804103 0.00854511 0.01269846
v -0.02331783 0.01756401 -0.02534274
v 0.00853497 -0.03785439 0.00316566
v -0.01859463 -0.03402669 -0.00703494
v -0.01623303 0.01124061 0.04936266
v 0.03272697 0.02335281 0.00267696
v -0.04100103 -0.00830469 0.01052766
v -0.01150983 -0.02328699 0.00232506
v 0.02270457 -0.02654769 -0.03472614
v 0.02270457 0.01252221 -0.03487374
v -0.01917063 -0.02243829 0.00918036
v 0.00265977 -0.01525359 -0.03414474
v -0.01208583 -0.01673589 0.01160046
v 0.04395897 -0.02589609 -0.00413244
v 0.04395897 -0.02589609 -0.00413244
v 0.04395897 0.02479011 0.00147456
v 0.00208377 -0.03303579 -0.00970254
v -0.00793863 -0.01109379 0.03689046
v -0.00793863 -0.01109379 0.03689046
v -0.02798343 -0.03336969 -0.00989064
v -0.02798343 0.01162311 0.01358766
v 0.03278457 -0.03012069 -0.03306834
v 0.02276217 0.01508361 -0.03267054
v -0.03622023 -0.04038609 0.00960786
v -0.03385863 -0.02155179 -0.03455964
v -0.03385863 0.01521141 0.00185796
v 0.01746297 -0.01213779 0.01382796
v -0.00730503 0.03060411 0.06212466
v -0.01496583 -0.02994159 -0.03390534
v 0.05110137 -0.01857819 0.01030536
v 0.00922617 -0.00138819 0.04804866
v -0.03501063 -0.00605829 -0.03529584
v 0.04107897 -0.02783019 -0.03337164
v 0.04107897 0.00675771 0.00229806
v 0.04580217 -0.03537669 0.00311886
v -0.00845703 0.03549561 0.04915386
v 0.02339577 -0.02704179 -0.03433014
v 0.03814137 0.00707811 0.01008936
v 0.02575737 -0.02817759 -0.00399744
v 0.04286457 0.00098871 0.00432306
v 0.01809657 0.01986441 0.01370286
v 0.03756537 -0.00268599 0.01261296
v -0.02141703 -0.00235299 0.01806246
v -0.00430983 0.03558741 0.03110436
v 0.01279737 -0.02752869 -0.00273474
v 0.04228857 0.00394611 -0.02408274
v -0.04382343 -0.03676269 0.00038286
v 0.00277497 -0.01056189 0.03348666
v 0.01752057 0.01430331 0.01869246
v 0.03226617 0.01432581 -0.03483054
v -0.02199303 0.01985001 0.03996846
v -0.00252423 0.02036121 0.06608016
v -0.00252423 0.02036121 0.06608016
v 0.01458297 0.00641751 0.01784196
v -0.01490823 0.02401341 0.01041156
v -0.02493063 -0.00435279 0.01921806
v -0.04497543 -0.03698229 0.00706086
v -0.04025223 0.02578281 0.00099486
v 0.00340857 0.00639321 0.05420106
v 0.05000697 -0.02068869 0.01033326
v -0.03846663 0.00373551 -0.03470094
v 0.02760057 -0.01591419 0.01099476
v 0.01521657 -0.01629669 0.00868986
v 0.01521657 -0.00409899 0.04165146
v -0.02665863 0.00501441 0.01310346
v -0.03725703 -0.00378219 -0.03540294
v 0.03117177 0.02687901 0.01071396
v 0.04827897 0.01374261 0.00007686
v 0.00876537 -0.03737829 0.00247716
v -0.00361863 -0.00531309 0.04610736
v 0.03059577 0.00207951 0.01447056
v 0.01763577 0.02568561 0.02174076
v -0.02187783 0.01504491 -0.03359124
v 0.00997497 0.01584411 -0.03472524
v -0.04900743 -0.03558999 0.00618426
v -0.02481543 0.00691881 0.01482786
v -0.02481543 0.00691881 0.01482786
v -0.01006983 0.01627251 -0.03449934
v -0.00534663 -0.01115049 -0.03397194
v -0.04722183 -0.03452169 0.00550116
v -0.01300743 0.02314131 0.01146996
v -0.01300743 0.02314131 0.01146996
v 0.01118457 0.02224401 0.05939676
v 0.01533177 0.01917681 0.00763686
v 0.04718457 -0.00433839 0.00245916
v -0.02654343 -0.01541919 0.01456776
v 0.00177507 0.03849621 0.04737996
v -0.04246173 -0.00614559 0.00567846
v -0.04776093 -0.00987339 0.00329256
v -0.00352413 -0.00403509 0.04663656
v 0.04779747 -0.03346869 0.00347436
v -0.03831453 0.01568211 0.00153936
v 0.02302947 0.00835611 0.01359396
v -0.04597533 0.02171931 -0.00045054
v -0.04597533 0.00679641 0.00108396
v -0.01648413 -0.03703539 0.00195786
v -0.01648413 0.02276151 -0.00647514
v -0.01706013 -0.00232419 0.04292676
v 0.01479267 0.02950521 0.04292496
v -0.01469853 0.01340151 0.05086026
v 0.03189987 0.01118031 0.00867636
v 0.04664547 0.00581451 0.00771696
v 0.02187747 -0.03604449 -0.00029034
v -0.00761373 -0.01957719 0.00694386
v 0.01421667 0.02065641 0.00931086
v 0.04370787 -0.00482259 0.00384696
v 0.01893987 0.00949101 0.04543866
v 0.00655587 -0.00466599 0.01474146
v 0.00655587 -0.00466599 0.01474146
v 0.00891747 -0.03301239 -0.00956574
v -0.03059613 -0.03867159 0.00803196
v 0.02014947 0.01449681 0.04266036
v 0.03961827 -0.02006859 -0.03313674
v -0.00755613 -0.00495309 0.04608306
v -0.04470813 -0.03914769 0.00519696
v -0.03762333 -0.02055009 -0.03477114
v -0.03762333 -0.01876089 -0.03500514
v -0.03526173 -0.03522819 -0.00230814
v 0.00131427 -0.02256969 -0.00098964
v -0.01343133 -0.00192729 0.04617216
v 0.00603747 -0.01702299 -0.00028584
v 0.00839907 0.03285861 0.02183076
v -0.04822173 0.01712031 0.00367056
v 0.04261347 0.01293531 0.00534996
v 0.01548387 0.02087241 0.00637596
v 0.02256867 0.01640481 -0.02849454
v -0.00219933 -0.00754419 0.01094436
v 0.02199267 -0.04011249 0.00975636
v 0.04146147 -0.01700409 -0.02818224
v -0.01515933 0.01117491 0.05006646
v 0.00430947 -0.03370359 -0.00915984
v -0.01043613 -0.00557139 0.02430306
v -0.01043613 -0.00433389 0.01640736
v 0.03852387 0.00746061 0.00497916
v -0.01337373 0.02932881 0.05537826
v 0.02320227 -0.03449739 -0.00629874
v 0.03794787 0.02507721 0.00652986
v -0.01631133 0.01932711 0.01242306
v -0.00156573 -0.01670079 0.00115866
v 0.00079587 0.02736051 0.01106046
v 0.00079587 0.02736051 0.01106046
v 0.01024227 -0.00676119 0.02351646
v -0.01688733 -0.01472529 0.01746486
v 0.01496547 0.00438891 0.01472706
v 0.00494307 -0.00801759 -0.03388104
v 0.02205027 0.01485231 0.02549556
v 0.02441187 -0.02703639 -0.03494304
v 0.03385827 -0.03378999 -0.00889074
v -0.01567773 -0.00958449 0.01864026
v -0.00093213 0.03246891 0.05887116
v 0.01853667 -0.01166979 0.01436796
v 0.03270627 0.02179401 -0.00001674
v 0.04981347 -0.01700049 0.01004346
v 0.04981347 0.01758651 0.00190926
v -0.03866013 0.00671541 0.00843696
v -0.01740573 -0.00572349 0.03802176
v 0.04866147 -0.00931089 0.00119556
v -0.02328093 -0.00120459 0.01830276
v 0.03806307 -0.01408629 0.00838386
v 0.01329507 -0.03478899 -0.00359964
v 0.04750947 -0.03426789 0.00023346
v 0.02274147 -0.01587459 0.01124766
v 0.01035747 0.03376401 0.03951306
v 0.04693347 -0.00094629 0.00274536
v -0.02207133 -0.01078059 0.01865916
v 0.05108067 -0.00202899 0.01035306
v 0.01392867 -0.00553899 0.01687626
v -0.01320093 0.01223331 0.05249466
v -0.04033053 -0.01223769 0.00644076
v -0.02143773 0.02065281 -0.01082124
v -0.01671453 -0.02902179 -0.03499434
v -0.00254493 -0.00917589 0.01191186
v -0.01256733 -0.03275859 -0.01026684
v 0.01928547 0.00600801 0.01548036
v -0.03497373 -0.01126209 0.01487286
v 0.01870947 0.02162211 -0.00980334
v 0.04290147 -0.01682049 0.00112086
v 0.01813347 0.02563881 0.03660426
v -0.02610333 -0.02985429 -0.00693414
v -0.01135773 0.03085611 0.05448006
v 0.02285667 -0.03969669 0.00953046
v -0.02138013 0.01572621 0.01939986
v -0.02138013 0.00004191 0.03470616
v -0.02667933 0.00379041 0.01495656
v 0.04647267 -0.01856649 0.00098136
v -0.02017053 -0.03796689 0.00417546
v 0.01168227 0.02371911 0.01172916
v 0.04117347 -0.00707259 0.00967896
v 0.04825827 -0.03523809 0.00126306
v 0.03587427 -0.03856449 0.00521856
v 0.01582947 -0.04054269 0.00981126
v 0.04532067 -0.02202879 -0.01005894
v -0.01366173 0.02795001 0.05738706
v -0.01659933 -0.03452439 -0.00504594
v -0.00185373 -0.00659019 -0.03393054
v 0.00995427 -0.00273819 0.04606956
v 0.03944547 0.02741181 0.00998676
v 0.03944547 0.02741181 0.00998676
v 0.01231587 -0.00883029 0.01511406
v -0.01245213 -0.02152839 0.00445626
v 0.01352547 0.02582691 0.01085346
v -0.04073373 0.01921101 -0.01975014
v -0.02598813 0.02655591 0.01013526
v -0.02598813 0.02655591 0.01013526
v -0.02126493 -0.01393869 0.02090286
v 0.02769507 -0.04085589 0.00966366
v 0.00292707 -0.03414909 -0.01072854
v 0.02003427 0.00371931 0.04131576
v 0.01237347 -0.02854389 -0.00539154
v 0.01473507 -0.01042779 0.01626516
v -0.01475613 0.01380021 0.05133096
v 0.04894947 -0.01932699 0.00602496
v 0.00943587 0.02191641 0.06054876
v -0.02122803 0.01415391 0.04389066
v -0.01414323 -0.04019529 0.00983196
v -0.04127283 -0.03295659 -0.01017144
v 0.03717837 0.01331961 -0.00078714
v -0.01471923 -0.03532629 -0.00146754
v 0.05134797 0.00023091 0.00987336
v -0.03476403 0.01129281 0.00320256
v 0.04132557 -0.03917199 0.00685746
v -0.02295603 0.01682331 0.01038186
v -0.01823283 0.01480101 0.04770306
v -0.00348723 0.03471711 0.02346876
v -0.01350963 -0.00497019 0.01529046
v 0.01068237 0.02475411 0.01176606
v 0.02542797 -0.03649089 0.00122616
v -0.01644723 -0.02488719 -0.03504834
v -0.01408563 0.02048001 0.05809716
v 0.00774477 0.00484071 0.05269266
v 0.01719117 -0.00487299 0.03374406
v 0.04610637 -0.02012439 -0.00108414
v -0.01051443 0.03217191 0.05608026
v 0.05082957 -0.01082559 0.01048176
v -0.01345203 -0.02492319 0.00313866
v 0.01546317 0.02794191 0.02105046
v 0.01782477 0.02660271 0.01096326
v 0.01782477 0.02660271 0.01096326
v 0.01016397 0.03553341 0.04768146
v 0.00250317 0.01537791 0.06312096
v 0.01724877 0.02778351 0.02564406
v 0.00958797 0.03124401 0.05577876
v -0.00279603 0.02809311 0.06365556
v -0.04467123 -0.02523099 -0.00293544
v -0.04230963 -0.04075149 0.00901026
v 0.00428877 0.02465871 0.06233436
v -0.02520243 -0.00076089 0.01833786
v -0.02520243 -0.00852249 0.01873746
v 0.00901197 -0.01042329 0.01047906
v -0.04997043 -0.00370569 0.00920556
v 0.00135117 0.01074111 -0.03421944
v -0.02577843 -0.03767529 0.00260856
v 0.03556557 0.01373811 0.00485046
v -0.03580083 -0.03228789 -0.01059714
v 0.04207437 0.01791231 -0.02265264
v 0.04207437 0.01791231 -0.02265264
v 0.00670797 -0.01701939 0.00021366
v -0.00095283 -0.03789399 0.00319806
v -0.02808243 0.01173921 0.00452196
v 0.01793997 -0.02552259 -0.00021474
v 0.02266317 -0.02725959 -0.03393864
v 0.02266317 -0.01263459 0.01300536
v 0.04213197 0.00450051 0.00359496
v -0.00976563 0.01143321 0.05596956
v 0.02681037 0.01628151 0.00552276
v -0.04691763 0.00660651 0.00141786
v 0.04627917 -0.02359929 -0.00098694
v -0.01564083 -0.03316719 -0.01008774
v -0.00089523 -0.00823179 0.01035666
v -0.04277043 -0.03719649 0.00039096
v 0.04806477 0.00358971 0.00977346
v 0.03568077 0.01479831 -0.03478464
v -0.03804723 -0.03765999 0.00041706
v -0.05043123 0.00039111 0.00932796
v -0.02094003 0.01347441 -0.03498714
v -0.00383283 -0.01313499 0.00822996
v -0.04570803 0.02245191 0.00012366
v -0.02151603 0.00580191 0.04252086
v 0.01033677 -0.00460479 0.01672596
v -0.04156083 -0.03854829 0.00079866
v -0.04156083 -0.03854829 0.00079866
v -0.02681523 -0.03700839 0.00184716
v -0.00026163 0.01891041 -0.01813554
v 0.05048397 0.02248791 0.01029096
v 0.02335437 0.01089411 0.00666216
v -0.05037363 0.00286611 0.00931896
v -0.03326643 0.00448431 0.01280286
v -0.04565043 0.00856941 0.00119286
v 0.00509517 0.03274971 0.05976396
v 0.00509517 0.03274971 0.05976396
v -0.02439603 0.01434921 0.03644316
v 0.01217997 -0.01143939 0.01366776
v 0.02162637 0.01525551 0.02420946
v 0.02398797 0.02112441 0.00433836
v 0.01396557 -0.00114969 0.02917836
v 0.00158157 -0.03092259 -0.00870894
v -0.03793203 -0.02902989 -0.03494844
v 0.00866637 -0.03334089 -0.00962604
v -0.03850803 0.00751461 0.00769176
v 0.03758157 -0.03557019 -0.00278514
v 0.02519757 0.00906261 0.00799506
v -0.04616883 0.00044511 0.00201726
v -0.01667763 -0.00461019 0.04097376
v 0.04702797 -0.01981389 0.00210456
v -0.02670003 -0.02692029 0.00267156
v 0.04938957 -0.00641649 0.00932346
v -0.01961523 -0.03400599 -0.01087074
v -0.01961523 -0.03617049 0.00136206
v -0.00308403 -0.04021509 0.00979056
v 0.02583117 -0.03994869 0.00974916
v 0.04293837 -0.03773649 0.00301176
v -0.02370483 0.00626541 0.03589596
v -0.00895923 0.00709881 0.05300226
v 0.04000077 0.00746061 -0.03358674
v 0.04000077 0.00746061 -0.03358674
v 0.01287117 -0.00506379 0.03075426
v 0.02997837 0.02726151 0.01018836
v 0.02997837 0.02726151 0.01018836
v 0.02231757 0.01186611 0.03752496
v 0.03176397 -0.02273079 0.00494406
v 0.02410317 -0.00309459 0.01591866
v 0.01171917 -0.00520419 0.02553786
v 0.02116557 0.01500891 0.01306386
v 0.04771917 -0.02521839 0.00268326
v -0.03839283 0.00654621 -0.03187044
v -0.02186163 -0.03514089 -0.00252864
v -0.00711603 0.03502581 0.03525156
v -0.00475443 0.03596091 0.03931416
v -0.03188403 -0.00588639 0.01742796
v 0.03182157 0.00250791 0.01396476
v 0.04656717 -0.01218549 0.00158166
v 0.03418317 0.02237001 0.00055926
v 0.00411597 -0.01172289 0.00223776
v 0.00411597 0.02444541 0.06335586
v -0.03539763 -0.03274869 -0.01112634
v -0.00118323 0.03222771 0.05951736
v 0.00117837 -0.02874279 -0.03197664
v 0.00472887 0.03372171 0.06030126
v -0.02240073 0.01676751 0.02365146
v 0.01181367 0.00678921 0.05232546
v 0.02655927 -0.01686189 0.01033416
v 0.02892087 0.02235741 0.00315846
v -0.03772233 0.00281391 0.01043676
v -0.05068233 0.00024261 0.00900486
v 0.01538487 0.01682961 0.05254326
v -0.02942793 0.02450751 0.00029556
v 0.01838007 0.00521871 0.01613016
v -0.05062473 0.01365981 0.00859176
v 0.04021047 0.02606991 0.00967626
v 0.00069687 -0.03470259 -0.00330804
v 0.02016567 0.00202911 0.04001166
v -0.00932553 -0.00688809 0.02633796
v -0.00460233 -0.00480459 0.01280556
v -0.04705353 -0.02946819 0.00175536
v -0.00281673 -0.03108639 -0.00887454
v 0.01429047 0.02759361 0.01871676
v -0.04233033 0.01835601 0.00491436
v 0.00426807 -0.04032579 0.00994176
v 0.04850487 0.00359241 0.00117126
v -0.03996873 -0.01736679 -0.02834244
v -0.00339273 -0.00527169 0.01138806
v 0.01371447 0.01611501 -0.03445074
v 0.02079927 0.01799601 0.02183526
v -0.05056713 0.00777201 0.00884016
v -0.02107593 -0.02803719 -0.03372444
v -0.02873673 -0.02701299 -0.00143334
v 0.01786167 0.00174831 0.01640286
v -0.00218313 0.03807951 0.04553136
v 0.00254007 -0.00946209 0.00690066
v 0.01728567 -0.00267339 0.04052106
v -0.03461193 -0.01828479 0.00538596
v -0.01750473 0.02747031 0.04009806
v -0.01041993 -0.04020069 0.00497556
v 0.02143287 -0.00234129 0.01730646
v 0.02379447 0.01474071 -0.03416904
v -0.00569673 -0.01398369 0.00955836
v 0.04562487 0.02250771 0.01070946
v -0.01335753 0.02671611 0.01077336
v -0.01335753 0.02671611 0.01077336
v -0.04048713 0.00181761 0.00983106
v 0.00847287 0.03476661 0.03886056
v 0.04032567 0.02734161 0.01029546
v -0.01923273 0.01654251 0.04622796
v 0.00023607 0.03406731 0.06094476
v 0.01970487 -0.02194779 0.00476856
v -0.03927753 -0.03522009 -0.00981324
v 0.01440567 -0.02903709 -0.00661374
v 0.00674487 -0.00946479 0.04171626
v 0.03859767 -0.02137989 0.00050076
v 0.03859767 -0.02137989 0.00050076
v -0.01329993 -0.02254269 0.00438156
v 0.02327607 -0.02810199 -0.03359574
v 0.03272247 -0.03868239 0.00598176
v -0.03628233 -0.01997589 -0.03498624
v 0.04216887 -0.03125199 -0.02297304
v 0.00029367 -0.02848719 -0.03326004
v 0.01740087 0.02162391 0.04587966
v -0.04688073 0.00040371 0.00167976
v 0.04101687 0.01344561 -0.03374784
v -0.01560393 -0.04059039 0.00905256
v -0.01088073 0.01564521 -0.03506634
v 0.00622647 -0.03572409 0.00029736
v -0.03801033 0.00740931 -0.03486654
v -0.02326473 0.00358341 0.01447866
v -0.02090313 -0.01542639 0.02050686
v -0.02090313 -0.01542639 0.02050686
v -0.00379593 -0.03946449 0.00949986
v 0.01331127 -0.00733989 0.01637136
v 0.01331127 -0.00733989 0.01637136
v -0.01617993 0.02049171 0.05357376
v -0.03858633 -0.02626959 -0.00182754
v -0.01911753 0.00908151 0.01366866
v -0.01439433 0.02338161 0.05836446
v -0.00967113 0.02667471 0.01145916
v -0.00967113 0.02667471 0.01145916
v 0.02454327 0.00689001 0.01004976
v -0.01554633 0.02098941 0.05463486
v 0.01866807 0.01625721 0.02100996
v -0.03559113 0.01072041 0.00626346
v -0.03559113 -0.01334019 0.00922806
v 0.03283767 -0.01309449 0.01279926
v 0.02753847 -0.03893979 0.00115056
v 0.03404727 -0.04108719 0.00922986
v 0.04879287 -0.00615549 0.00676026
v 0.02402487 0.00468681 0.01017936
v 0.04113207 -0.01824789 0.00114156
v 0.00634167 -0.00191739 0.04932396
v -0.03081033 -0.02426799 -0.03449934
v 0.01521207 0.01942611 0.00968166
v 0.00755127 0.02707521 0.01277046
v 0.03704247 0.01259151 -0.03478464
v -0.02193993 0.00204441 0.03946176
v -0.03726153 0.00554901 0.01194156
v 0.01878327 0.00806631 0.01537416
v 0.00876087 -0.04054359 0.00977886
v -0.05022153 -0.02341659 0.00991656
v 0.01348407 0.02775021 0.05487786
v 0.02056887 0.01104081 0.04239396
v -0.03841353 0.00617631 0.00979146
v -0.03841353 -0.02071119 0.00248256
v 0.01290807 0.02224311 0.01024776
v -0.04371273 -0.02043399 0.00117936
v -0.02660553 -0.04043199 0.00969516
v 0.04124727 -0.02507799 -0.03323664
v 0.01884087 0.01010661 0.01430046
v -0.03835593 0.01353291 0.00222696
v 0.02298807 -0.03770769 0.00273726
v -0.00414153 -0.03444789 -0.00490914
v -0.04365513 -0.02974539 -0.00667674
v -0.01946313 0.02045211 -0.01259424
v 0.04188087 0.02522571 0.00146376
v 0.02123937 0.02143851 0.02741616
v -0.03538143 0.00209301 0.01336086
v 0.02302497 -0.03844119 0.00498276
v 0.02659617 -0.02913519 -0.00683874
v 0.01421217 0.02944401 0.02165706
v -0.00053343 -0.00638319 0.04579236
v -0.01291743 -0.03724689 0.00220536
v 0.02129697 0.02652441 0.01102986
v -0.02293983 -0.01589889 0.01500246
v 0.04076577 -0.00846489 0.00801666
v -0.04534623 -0.02901819 -0.00105174
v -0.00877023 -0.04064709 0.00910656
v 0.01069857 0.03076521 0.01965006
v -0.02645343 0.00608091 0.01245726
v 0.03725217 -0.03836289 0.00380556
v -0.00992223 0.03371091 0.04003956
v 0.04848417 -0.02206119 0.00357696
v 0.05084577 0.01720311 0.01037736
v 0.00897057 0.01263471 0.05770656
v -0.02052063 -0.03330489 -0.01014534
v -0.01579743 0.02361021 0.00995526
v -0.02109663 0.01350681 0.01873836
v -0.01873503 -0.02162379 0.01025406
v -0.02875743 -0.00397659 0.01823706
v -0.04880223 0.01312251 0.00061776
v 0.04675617 0.00979881 -0.00686934
v 0.04911777 -0.03083799 0.00813996
v 0.04911777 0.02340591 0.00687996
v 0.04911777 0.02340591 0.00687996
v 0.03673377 0.02246001 0.00372186
v 0.00960417 -0.00601059 0.02037726
v -0.01988703 0.01749471 0.04537296
v 0.03143457 0.00841461 0.01197306
v 0.03143457 0.02311431 0.00338886
v -0.04995423 -0.01911369 0.00986076
v -0.01337823 -0.00189309 0.02187756
v 0.02083617 0.01374711 0.01403046
v -0.03814623 0.00650121 -0.03301434
v 0.01789857 0.02738121 0.02943306
v 0.04738977 0.02607081 0.01024416
v -0.04108383 -0.03471699 -0.00406224
v -0.03399903 -0.01335909 0.01124406
v -0.00450783 -0.03999639 0.00380916
v 0.02913057 0.00967101 0.01002636
v -0.01804383 0.02306031 0.00846396
v 0.00142497 0.03338511 0.05919426
v 0.01853217 -0.02786349 -0.00329454
v 0.00850977 -0.00466959 0.01446516
v 0.00850977 -0.00466959 0.01446516
v 0.02561697 -0.00868989 0.01642986
v -0.01919583 0.00767661 0.01157616
v 0.01265697 0.03073371 0.02191266
v 0.00735777 0.00659751 0.05380506
v 0.03684897 -0.01749549 0.00703926
v -0.04690143 -0.00880059 0.00174186
v 0.01444257 0.02040261 0.00831096
v -0.03981663 -0.01483869 -0.03298554
v -0.01032543 -0.00161949 0.04763376
v 0.02388897 0.01459131 0.00484326
v 0.01150497 0.03208551 0.02368296
v -0.04747743 -0.00642279 0.00238896
v -0.02564703 0.00592881 0.01288116
v 0.03805857 -0.03414999 -0.00732834
v 0.04514337 0.00986271 0.00280206
v 0.01801377 0.01622031 0.00821556
v 0.00562977 -0.02886519 -0.03495204
v 0.02037537 0.01707621 0.01348596
v 0.02509857 -0.02864109 -0.00623574
v 0.03984417 -0.01413849 -0.03475314
v -0.03152223 -0.02834679 -0.03530484
v 0.04871457 -0.01463799 0.00591336
v -0.01026783 0.01385061 0.05868756
v 0.05107617 -0.03089379 0.01047096
v -0.04563423 -0.02925399 0.00808056
v -0.04091103 -0.01248519 0.00546156
v -0.01141983 0.00555261 0.05116986
v 0.00804897 -0.02020719 -0.00115164
v 0.01277217 -0.01630119 -0.03396474
v -0.01435743 -0.02600679 -0.00150174
v -0.02674143 0.01160151 0.00549846
v -0.02674143 -0.02277939 0.00706896
v -0.01199583 0.03090471 0.02011626
v -0.01965663 -0.03308979 -0.01057644
v -0.01729503 0.01486131 0.01184076
v 0.01691937 0.00809421 0.02549376
v 0.02400417 -0.00495579 0.01625616
v -0.02023263 0.01181751 0.01623096
v 0.04583457 -0.03273249 -0.00056934
v 0.00102177 -0.03579519 -0.00014544
v -0.04085343 0.02429151 -0.00051714
v 0.04704417 0.00123441 0.00287946
v -0.03906783 0.00626271 0.00575586
v -0.03964383 0.00536811 0.00623196
v 0.03644577 0.01407561 0.00110016
v 0.03880737 -0.01579809 0.00659196
v 0.00165537 -0.03277749 -0.01574784
v 0.01876257 0.01091391 0.01420326
v -0.05024223 0.00783681 0.00870606
v -0.00364383 0.01644081 -0.03393684
v -0.00364383 -0.01808139 0.00590616
v -0.00894303 0.03160851 0.06010956
v 0.02469537 0.00625911 0.00998856
v 0.02469537 0.01100571 0.00675936
v -0.04667103 -0.02750799 0.00174186
v 0.04652577 -0.03485559 0.00356436
v -0.04488543 0.02689611 0.00911736
v 0.00407457 0.02604741 0.06167556
v 0.03828897 -0.04104399 0.00972396
v 0.01115937 -0.01642899 0.00531936
v 0.03062817 -0.01884549 0.00809136
v 0.01824417 0.01963491 -0.01931904
v 0.04773537 -0.03417789 0.00994536
v -0.02599263 -0.03241299 -0.01046214
v -0.03601503 -0.01168419 0.01194426
v -0.01654623 -0.02439849 0.00463716
v -0.04131423 -0.00806259 0.00699876
v -0.03008223 0.01184811 0.00381366
v -0.01297503 0.02436351 0.01124046
v -0.00176373 -0.02924769 -0.03339774
v -0.03183093 -0.02926839 -0.03494124
v -0.01236213 -0.02594559 -0.00210294
v 0.00474507 -0.01298289 0.00206766
v 0.05134347 0.02065461 0.00966456
v 0.01182987 -0.00065109 0.04679496
v -0.01766133 -0.03793809 0.00442386
v 0.04840587 -0.00794649 0.00379206
v -0.03770613 0.01545441 0.00141876
v -0.02059893 0.02086071 0.00670356
v -0.04772853 -0.02439489 0.00232146
v -0.00349173 -0.01403589 0.00720486
v 0.04310667 -0.00056919 0.00432396
v 0.04782987 0.02490801 0.00736506
v -0.04358133 -0.03815139 0.00631566
v 0.03723147 0.02530851 0.00894456
v -0.04651893 -0.03596709 0.00085176
v 0.03429387 -0.03436239 -0.00796104
v 0.04610187 -0.03678699 0.00431856
v 0.03371787 -0.02728839 -0.00563364
v -0.04001013 -0.00089319 -0.03234294
v -0.03764853 0.00686481 -0.03445524
v -0.02290293 -0.02613909 0.00208296
v 0.04080267 -0.02536689 -0.00413514
v 0.04080267 -0.02536689 -0.00413514
v 0.02075787 -0.03367299 -0.00897084
v 0.03550347 0.02392431 0.00255726
v 0.00307467 -0.00951969 0.00443466
v 0.04967307 -0.00089769 0.01036026
v 0.00779787 -0.00689259 0.04438926
v 0.00249867 0.03185421 0.01686546
v 0.04673547 -0.01630029 0.00148086
v 0.01902987 0.01890321 0.00287046
v 0.03377547 0.01115511 0.00830916
v 0.04086027 -0.03885969 0.00581166
v -0.00337653 -0.00689709 -0.03392514
v -0.00101493 -0.03760329 0.00262746
v 0.03083787 -0.03832149 0.00322236
v 0.00843147 -0.03358839 -0.00952164
v 0.00313227 -0.00476589 0.00974106
v -0.02163573 -0.03595899 0.00082116
v 0.01021707 -0.01536519 -0.03399984
v 0.00491787 0.02187141 0.06259266
v -0.00982773 0.03447411 0.04560156
v 0.05151627 -0.03240669 0.01019736
v 0.01672587 0.00013911 0.01695906
v -0.01276533 -0.01771959 -0.03415824
v 0.05094027 0.00662091 0.01064106
v -0.03753333 -0.03489429 -0.00382644
v 0.00376587 0.02421141 0.06396426
v -0.01097973 -0.00487299 0.02568906
v -0.01097973 -0.00487299 0.02568906
v -0.03810933 0.02759091 0.00942876
v -0.02100213 0.01572171 -0.03089214
v 0.00318987 -0.00932889 0.00681696
v -0.03275253 0.00722301 0.01108206
v -0.03039093 -0.03812079 0.00536616
v -0.01679733 -0.03333279 -0.01025334
v -0.01207413 -0.03856359 0.00661806
v 0.03452427 -0.02431389 0.00126666
v 0.03688587 0.00907251 0.00703206
v -0.03684213 0.02714991 0.00962046
v 0.01684107 0.01712751 0.00595926
v -0.01265013 -0.00739479 0.04169646
v 0.04869387 -0.02353269 0.00432306
v 0.02156427 0.01991481 0.00283446
v 0.04103307 -0.02034939 -0.02836854
v 0.03101067 -0.02612109 -0.00063864
v -0.00614133 0.03130791 0.06171426
v -0.02382453 0.01928661 0.02847366
v 0.04224267 0.00881691 0.00046746
v -0.00199413 0.01599981 -0.03320874
v 0.00036747 0.01468401 -0.03373074
v 0.00923787 -0.01061949 0.03693366
v 0.00100107 -0.01095879 0.04070286
v 0.02755467 -0.02845119 -0.00505404
v 0.01517067 -0.00033249 0.04531356
v -0.03908853 -0.01281099 0.00737676
v 0.01459467 0.00884841 0.05067036
v 0.00693387 -0.03934119 0.00235746
v 0.05117067 -0.02671959 0.01034676
v -0.02019573 0.01465431 0.04539366
v -0.04732533 -0.03271179 0.00041436
v -0.03257973 -0.03920619 0.00927306
v -0.01547253 0.02278041 0.05037516
v -0.02077173 0.02483601 0.03656376
v 0.04529547 -0.03838899 0.00188136
v 0.02525067 -0.03789669 0.00238716
v -0.00424053 0.01119021 0.05969466
v -0.00187893 -0.00863769 0.01088316
v -0.04139253 -0.03837189 0.00954396
v 0.01995147 -0.03887139 0.00691776
v -0.03666933 -0.01526529 0.00542556
v 0.02467467 -0.03317259 -0.00890424
v 0.02703627 -0.04100529 0.00960066
v 0.02703627 -0.03931149 0.00178596
v 0.03175947 0.01766121 -0.00094374
v 0.00462987 0.01288041 0.05997816
v -0.02486133 -0.03631539 0.00147546
v 0.02882187 -0.00446889 0.01713996
v -0.03016053 -0.03489969 -0.00369594
v 0.04592907 -0.02084349 -0.00161874
v 0.00405387 -0.01206849 0.03647286
v -0.02071413 0.01994091 0.04289346
v 0.04299147 -0.00326649 0.00636516
v -0.04548213 -0.02690499 -0.00187974
v 0.01586187 0.00261771 0.01518066
v 0.03003147 -0.02923059 -0.00672084
v -0.01420533 -0.01920729 0.01037646
v -0.01420533 -0.00118659 0.01505916
v 0.01707147 0.02210811 0.00619326
v 0.01707147 -0.03757539 0.00225486
v -0.04721013 -0.01724169 0.00175266
v -0.01771893 -0.01256259 0.01788066
v -0.00061173 0.02898591 0.06218226
v -0.01299573 0.00275001 0.04918626
v -0.02537973 -0.03501039 -0.00946944
v -0.02065653 0.01413591 -0.03505284
v -0.02065653 -0.02442279 0.00391716
v -0.03304053 -0.01179399 0.01570716
v 0.01355787 0.02096151 0.05715396
v 0.00472437 0.03021081 0.06248376
v -0.01768203 0.02689341 0.02131056
v 0.02891637 -0.02364519 0.00425286
v -0.04774923 0.01807341 0.00011466
v 0.00357237 0.03040791 0.06354126
v 0.00357237 0.03040791 0.06354126
v -0.04596363 -0.02021259 -0.00611244
v 0.00063477 0.03747921 0.04187556
v 0.00535797 0.03295041 0.06110946
v 0.00535797 0.03295041 0.06110946
v -0.00938763 0.00761541 0.05310756
v 0.01480437 0.02643531 0.05370426
v -0.03945483 0.00746511 -0.02976894
v -0.00996363 -0.01752249 0.00826326
v 0.02425077 0.01616631 -0.03034764
v -0.01998603 -0.03554499 -0.00120204
v -0.03237003 0.00076551 0.01466406
v 0.01658997 -0.02900289 -0.00664344
v 0.01658997 0.00248361 0.04561686
v -0.00581643 -0.03499959 -0.00301644
v 0.04314357 0.02737311 0.00974286
v 0.03075957 0.01433751 0.00742986
v -0.04296843 0.00586401 0.00221166
v -0.03588363 -0.02969319 -0.03456144
v 0.01071477 -0.01213059 0.01091556
v 0.02782197 0.01608711 -0.03430224
v -0.00696843 -0.02446239 -0.00162504
v 0.02488437 0.01949631 0.00079956
v -0.00460683 -0.03869589 0.00788976
v 0.04671477 0.00722121 -0.00630234
v 0.00483957 0.03650991 0.05156856
v 0.03433077 -0.00135849 -0.03384594
v -0.03939723 -0.02081019 -0.02968164
v 0.02137077 0.01006521 0.01563606
v 0.03611637 0.02454441 0.00667296
v 0.01134837 -0.02289459 -0.00089604
v -0.04054923 0.00874581 -0.02624184
v -0.03876363 -0.02223669 -0.03398274
v -0.01457163 0.01903101 0.01161846
v -0.03461643 0.00135141 0.01389996
v 0.04855797 -0.00264009 0.00526986
v 0.00668277 -0.01411959 -0.03413124
v 0.02557557 0.00051261 0.01505736
v 0.04268277 -0.04005759 0.00474786
v 0.03974517 0.01622391 0.00003006
v 0.04210677 -0.03654489 0.00138006
v 0.04682997 0.00590181 0.00924966
v -0.04164363 -0.03599229 0.00090666
v -0.04164363 -0.03599229 0.00090666
v -0.01981323 0.00923991 0.04561506
v 0.02620917 -0.02855649 -0.03464334
v -0.03277323 -0.03417879 -0.00725454
v 0.01618677 0.01251681 0.04918176
v -0.01094283 -0.00788709 0.01332846
v 0.04510197 -0.01825329 -0.01005714
v -0.04101003 -0.03913959 0.00943146
v 0.04982517 -0.01213419 0.01015686
v -0.04630923 0.02356251 0.00783396
v -0.01681803 0.00045591 0.04516236
v 0.04452597 -0.03317259 -0.00494874
v 0.04158837 0.00654261 0.00209016
v 0.00443637 0.03265521 0.05777586
v -0.00322443 0.01099581 0.05964156
v -0.00322443 -0.01863669 0.00066276
v 0.00386037 0.00881151 0.05711886
v -0.03801483 0.01784751 -0.02827764
v -0.00616203 -0.01170309 0.03641166
v 0.04279797 -0.00225669 0.00537066
v 0.02039157 0.00198771 0.01474416
v 0.02275317 -0.00992289 0.01499076
v 0.01215477 -0.00540939 0.04365666
v -0.00259083 -0.01106229 0.01260036
v 0.00449397 -0.01006959 0.04182606
v 0.02160117 0.00367791 0.03745116
v 0.03634677 0.02469561 0.00798156
v -0.00552843 -0.03175689 -0.02569284
v -0.03795723 0.00483351 0.01129536
v 0.04521717 -0.02545689 -0.00388494
v -0.01376523 0.02455521 0.05949756
v 0.00570357 -0.00704109 0.02369736
v -0.04383243 -0.03817929 0.00779796
v 0.04406517 -0.00855129 0.00324396
v -0.02730123 -0.00819219 0.01847556
v -0.03732363 -0.02216109 0.00230256
v 0.00927477 -0.00515289 0.01688436
v 0.02402037 0.00080151 0.01431306
v 0.02402037 0.01070241 0.00679806
v 0.01399797 0.00235131 0.01457676
v -0.00074763 0.03247791 0.06075576
v -0.00074763 -0.03566289 -0.00041184
v 0.00869877 -0.00809319 0.04274316
v 0.02344437 -0.03576549 -0.00127674
v 0.00103797 0.02121081 -0.00872064
v 0.03289077 -0.01072929 0.01332666
v -0.02609163 0.01290201 0.01322046
v 0.04999797 -0.03393939 0.01044576
v -0.03847563 -0.00146469 0.01065096
v 0.02995317 0.00037041 0.01583586
v 0.00518517 -0.03931329 0.00941796
v 0.03939957 -0.03665109 0.00180306
v 0.04176117 0.00160791 0.00595476
v -0.01013643 -0.00870879 0.04167396
v 0.02171637 0.01591431 0.03741336
v 0.04118517 0.01946031 -0.01914804
v 0.00167157 0.03458571 0.06115896
v 0.02114037 0.00173571 0.03672126
v 0.03824757 -0.03119349 -0.00649044
v -0.01365003 0.02935941 0.04811886
v 0.03294837 -0.02961669 -0.03423474
v -0.04077963 -0.01006419 0.00697896
v -0.03841803 0.00799611 0.00320166
v -0.03899403 -0.00997959 -0.03497094
v 0.02234997 0.01058181 0.03809826
v -0.03663243 -0.02106309 0.00345906
v 0.01232757 0.00605031 0.05161896
v -0.02954763 0.00899061 0.00892746
v -0.01480203 0.02140341 0.01161936
v 0.04832757 0.00347271 0.00554526
v 0.01117557 -0.00400269 0.04528926
v 0.04066677 0.00180501 -0.03413394
v -0.04308363 0.00426471 -0.01494684
v -0.02833803 0.01411161 0.00232866
v -0.03363723 0.01141071 0.00443646
v 0.01296117 -0.03925929 0.00917316
v -0.02891403 -0.02849259 -0.00358164
v 0.04953717 -0.01272639 0.00977076
v 0.00766197 -0.00508989 0.01189566
v -0.05070753 0.00427731 0.00897156
v -0.05070753 0.00654261 0.00876546
v -0.04362273 -0.03363789 -0.00389844
v -0.03889953 -0.00706179 0.01194066
v 0.03955167 0.00322701 -0.03453354
v 0.03955167 0.00322701 -0.03453354
v -0.04656033 -0.03581139 0.00520866
v -0.04183713 -0.01058889 0.00542196
v 0.04899807 -0.01383789 0.00753516
v -0.03711393 -0.01213959 0.00972576
v 0.02423007 -0.02884359 -0.03378294
v -0.02000673 0.00224511 0.02393586
v -0.01056033 -0.01615629 0.01067796
v 0.05078367 -0.02287749 0.01051146
v -0.00583713 -0.01191189 0.03740256
v -0.04771233 0.00426291 0.00169056
v 0.04548447 0.02702211 0.01023156
v 0.02071647 -0.01469649 0.01171206
v 0.04018527 -0.00423579 0.01020726
v 0.02014047 -0.00919119 0.01728846
v -0.03648033 -0.02903799 -0.03511854
v -0.00226593 0.00777921 0.05568066
v -0.02231073 0.00233781 0.03893796
v 0.03903327 -0.03705429 0.00233676
v 0.02901087 0.02659911 0.01071126
v 0.04375647 -0.00347259 0.00379296
v 0.01662687 0.02891481 0.02819556
v 0.04847967 0.00289311 0.00730476
v 0.04847967 -0.03169659 0.00058626
v 0.00602847 -0.00474879 0.01063386
v 0.01075167 -0.00772059 0.02808126
v -0.00163233 -0.04046799 0.00965016
v -0.01165473 -0.03589689 0.00025866
v -0.01695393 -0.03882099 0.00869076
v -0.01459233 -0.04053549 0.00963306
v 0.01726047 0.01645701 0.00466416
v 0.03793887 -0.02067249 0.00259056
v 0.03793887 -0.02067249 0.00259056
v 0.04738527 0.00436551 0.00299376
v -0.00687393 -0.00949359 0.03033756
v 0.04444767 -0.02847909 -0.00466884
v 0.04444767 -0.02847909 -0.00466884
v 0.00021087 -0.03570789 -0.00679284
v -0.02691873 0.01676931 -0.03338514
v 0.00493407 -0.03417069 -0.01368234
v 0.00199647 -0.02926389 -0.00668394
v 0.00199647 -0.01012629 0.00411426
v 0.03621087 -0.03801279 0.00330876
v -0.02277153 -0.02786619 -0.03506454
v 0.01380447 0.03171201 0.04986576
v 0.02088927 -0.02874189 -0.00639954
v -0.01153953 0.01956381 0.06064956
v -0.02922273 -0.02298909 0.00468306
v 0.00263007 -0.00709779 -0.03388554
v 0.00263007 -0.03658719 0.00168876
v -0.02213793 0.01285521 0.01384146
v -0.03216033 -0.02470539 -0.03501774
v -0.02979873 0.00340791 0.01397556
v 0.02152287 -0.03550719 -0.00195174
v 0.03626847 -0.04025739 0.00992646
v 0.01150047 -0.03633159 0.00131616
v -0.01090593 0.03158601 0.05775606
v -0.03803553 0.00037401 -0.03537144
v 0.04041567 -0.01454979 0.00558306
v 0.04277727 -0.03745839 -0.00026244
v 0.01213407 0.02692761 0.01097496
v 0.01213407 0.03115131 0.05318136
v -0.04212513 0.01718871 0.00362466
v -0.04978593 -0.00695559 0.00913266
v 0.01155807 -0.03790119 0.00355356
v 0.04104927 0.00628791 -0.02809224
v 0.01864287 -0.03923859 0.00906786
v -0.01084833 -0.04012239 0.00651366
v 0.04519647 -0.02967429 -0.00411354
v -0.01142433 -0.00454269 0.02194236
v -0.00670113 -0.02216829 0.00019656
v 0.01985247 0.02019111 0.02013606
v -0.00727713 -0.03927549 0.00247986
v 0.04168287 -0.02228619 -0.02714634
v -0.04736673 -0.00764499 0.00215406
v -0.04500513 -0.02494479 -0.00245664
v 0.00159327 0.03474411 0.06064956
v 0.01633887 -0.00849729 0.01767186
v 0.01633887 -0.00849729 0.01767186
v -0.01845153 -0.00440499 0.03636306
v 0.01576287 0.00915171 0.01705446
v -0.03613473 0.00605571 -0.03522924
v 0.03229407 -0.01552719 0.01089396
v -0.01960353 0.01277421 0.01442016
v -0.01724193 -0.03367209 -0.00858834
v 0.00222687 -0.01224309 0.03761676
v -0.03964833 -0.00873399 0.01128006
v 0.03644127 -0.03444789 -0.00706374
v 0.03880287 0.01598901 -0.03429414
v -0.01073313 -0.03716229 0.00194616
v 0.01109727 -0.02917389 -0.03479274
v 0.01109727 0.01196691 0.05560236
v -0.04788513 -0.02542449 0.00382626
v 0.01345887 0.02354361 0.00869436
v 0.03765087 0.00637161 -0.03461634
v -0.01896993 0.00444111 0.01461096
v 0.00522207 -0.01046019 0.00806346
v -0.00480033 -0.01996509 0.00391266
v 0.03413727 0.01056471 0.00868356
v -0.02012193 0.00972051 0.01582596
v -0.04725153 -0.01892109 0.00176166
v -0.04725153 0.01917591 -0.00048384
v -0.02778273 0.01193901 0.00442386
v -0.04074273 0.01473801 0.00171486
v -0.01125153 -0.01242849 0.01451466
v 0.00585567 0.02682771 0.01168416
v 0.00585567 0.02682771 0.01168416
v 0.03240927 0.00575421 0.01334556
v 0.04715487 -0.02032419 -0.00521154
v 0.02002527 0.00727701 0.04307886
v 0.04951647 -0.03010449 0.00937296
v 0.00706527 -0.00681969 0.04456296
v 0.03891807 0.01125501 -0.00066384
v 0.04364127 -0.00636879 0.00389286
v 0.04836447 -0.01974279 0.00059436
v -0.02475063 0.01430421 0.00507816
v 0.00710217 -0.01606719 -0.03399534
v 0.04131657 -0.03235359 -0.00661464
v 0.04603977 0.00213441 -0.00921654
v 0.04074057 0.00425121 0.00639936
v -0.01824183 -0.01625349 0.01530216
v 0.00122697 -0.03547389 -0.00184014
v 0.01539657 0.02947191 0.04720086
v -0.02884023 0.01188321 0.00367866
v 0.03722697 0.00975471 0.00438516
v 0.02484297 0.01757841 -0.02471544
v -0.02705463 0.01276341 0.01014066
v 0.00952137 0.02613651 0.01297026
v 0.02426697 -0.03846819 0.00465606
v -0.00050103 0.03259401 0.05956776
v 0.00894537 -0.00450759 0.04585626
v -0.00580023 -0.01433739 0.00892836
v 0.01130697 0.02424831 0.01098576
v 0.02605257 -0.03550359 -0.00264744
v -0.00343863 -0.04073529 0.00932256
v -0.04531383 -0.03554139 0.00244386
v 0.04258377 -0.03523269 -0.00297954
v -0.01403703 0.01319811 0.05270886
v -0.01697463 -0.02367309 0.00493416
v -0.01991223 0.02105151 -0.00994374
v -0.04231863 -0.03018999 -0.00725274
v 0.04851657 -0.01304589 0.00111726
v 0.02611017 -0.03802449 0.00290016
v 0.03083337 -0.03950139 0.00902286
v -0.01340343 0.02440851 0.00047556
v 0.02081097 0.01465521 0.01365966
v -0.03817143 -0.00238269 0.01068156
v 0.00842697 -0.01999569 -0.00092844
v -0.05055543 -0.02910189 0.00937656
v 0.02259657 0.02135571 -0.00818334
v 0.01021257 -0.00558939 0.02001636
v 0.03970377 0.00598101 0.00536166
v -0.00453303 -0.03313209 -0.00999504
v -0.00453303 -0.00915789 0.01287216
v 0.04442697 0.02687721 0.01060146
v 0.04442697 0.02687721 0.01060146
v -0.01276983 0.02505741 0.06094566
v -0.01276983 0.00377691 0.04986396
v 0.00433737 0.03422481 0.06078996
v -0.03989943 0.00298851 0.00946656
v 0.00669897 -0.00816789 0.04348206
v -0.00568503 0.00003831 0.05032926
v 0.04327497 -0.01937109 -0.01806084
v 0.01850697 -0.02839809 -0.03495924
v 0.00848457 -0.03886869 0.00111006
v -0.03575223 -0.00599349 0.01497186
v -0.03339063 -0.00802029 0.01734876
v -0.01628343 0.02420061 0.00963036
v -0.02630583 -0.02949969 -0.03468294
v 0.00554697 0.03243471 0.06048576
v 0.02265417 -0.03922959 0.00798516
v -0.02158263 0.01314951 -0.03511224
v 0.03976137 -0.00173829 0.01096236
v -0.03396663 -0.03261549 -0.01105524
v 0.00024777 0.01510701 -0.03327084
v -0.03690423 0.00669651 -0.03439224
v 0.00969417 -0.00808689 0.02795256
v -0.01271223 -0.03780669 0.00343296
v 0.00911817 0.03582951 0.04354146
v -0.04986423 -0.01798869 0.00978156
v 0.01384137 -0.00585579 0.04085226
v 0.04333257 -0.04106919 0.00976986
v 0.03803337 -0.02986599 -0.00578844
v 0.04039497 0.01553091 -0.03371184
v 0.04039497 0.01553091 -0.03371184
v 0.01798857 0.01601421 0.00676926
v -0.00441783 -0.00713469 -0.03396834
v 0.02979657 -0.02218809 0.00595386
v 0.01977417 0.00917601 0.04365486
v 0.02685897 -0.03903519 0.00706986
v 0.01447497 0.02093901 0.00747216
v 0.01683657 0.01220451 0.01812186
v -0.03506103 -0.00919569 0.01643886
v -0.01795383 -0.02294319 0.00668376
v 0.01389897 0.00230271 0.04764276
v 0.04339017 0.00039921 0.00407826
v 0.00151497 0.01886181 -0.01833174
v 0.01862217 0.01640391 -0.03368934
v -0.02089143 0.02728851 0.01009926
v 0.04045257 0.00909771 -0.03314304
v -0.04093623 -0.02444529 -0.02799954
v -0.03857463 0.01505751 -0.03505914
v 0.03457737 -0.03684009 0.00207126
v -0.02204343 0.02362551 0.02968236
v 0.01689417 0.01033431 0.02358396
v -0.00787383 -0.03435609 -0.00542214
v -0.03500343 -0.02170479 -0.03526794
v -0.02791863 0.01123881 0.00647316
v -0.02849463 0.01155471 0.00515826
v 0.02046537 0.01465791 0.01402326
v 0.04229577 -0.03697779 0.00219276
v -0.04617783 -0.01653969 0.00156186
v -0.01668663 0.01837311 0.01281276
v -0.01668663 0.01837311 0.01281276
v -0.00724023 0.00452121 0.05216526
v 0.04171977 0.02731461 0.01033146
v 0.04171977 0.02731461 0.01033146
v -0.01490103 0.02604471 0.05272146
v 0.00220617 -0.00384609 0.04728636
v 0.05116617 -0.01241049 0.01048086
v -0.01547703 -0.00781149 0.01848906
v 0.00871497 -0.02722809 -0.00252594
v -0.00603063 -0.03000459 -0.03374334
v -0.02843703 -0.03313479 -0.01069254
v -0.00188343 -0.04013769 0.00474066
v -0.02901303 0.01771251 -0.02938644
v -0.02901303 -0.02620389 0.00015516
v 0.04943817 -0.03103329 0.00993096
v -0.03903543 -0.01946199 0.00249966
v -0.01484343 0.02219721 0.01156716
v 0.01700937 -0.04077759 0.00965016
v 0.01937097 0.01160421 0.01427076
v -0.00539703 0.01879431 0.06540156
v -0.04491063 0.00360141 0.00304956
v -0.00597303 0.02696991 0.01133136
v -0.00597303 0.02696991 0.01133136
v -0.00597303 -0.02098749 0.00289296
v -0.00361143 -0.03784809 0.00295956
v -0.00361143 -0.02018559 -0.00033534
v -0.04312503 -0.01630839 0.00278226
v 0.00347337 0.03746931 0.05101146
v 0.00819657 -0.04051749 0.00766206
v -0.00654903 -0.01253739 0.01392696
v -0.04842423 0.01181391 0.00574596
v -0.04842423 -0.01847829 0.00653976
v -0.01420983 0.02477571 0.01076976
v 0.00053577 0.01301091 -0.03495834
v 0.00053577 -0.01076169 0.04140666
v -0.00948663 -0.00938739 0.04080726
v 0.03947337 0.00777111 -0.03435084
v 0.01234377 -0.00401079 0.01516626
v -0.01478583 0.01810761 0.01236186
v -0.00297783 0.03712911 0.05114736
v 0.01591497 -0.02345169 0.00156726
v 0.03302217 -0.03701109 0.00220716
v 0.01297737 -0.04057959 0.00780606
v -0.02889783 -0.03284409 -0.01083924
v 0.01180467 0.03240771 0.02565126
v -0.00057933 -0.00978789 0.04303476
v -0.01060173 0.01679091 0.06096276
v -0.05011533 -0.03144099 0.00941526
v 0.03069747 -0.03914139 0.00767376
v 0.01537587 0.02745051 0.00991836
v -0.02413773 0.01692591 0.03546846
v -0.04890573 -0.03152469 0.00141246
v -0.04890573 0.01268961 0.00639036
v -0.01469133 -0.00175539 0.01423656
v -0.00760653 0.01052871 0.05521266
v 0.02424627 0.01597011 -0.03134934
v 0.00420147 -0.03784449 0.00287586
v 0.01894707 0.00197691 0.04193946
v -0.04003533 -0.04071909 0.00915336
v -0.04003533 -0.04071909 0.00915336
v -0.02056653 -0.03276219 -0.01044234
v 0.02603187 -0.02857269 -0.00492174
v -0.03058893 -0.01404039 0.01352916
v -0.02586573 -0.03279369 -0.01055034
v 0.03783987 -0.00220989 0.01237986
v -0.03588813 -0.00364989 0.01573326
v -0.04827213 0.01698891 0.00676476
v -0.04827213 0.00706011 0.00477576
v -0.01405773 -0.02028099 0.00881676
v -0.00933453 -0.00796269 0.01257786
v -0.00461133 0.02587551 0.06504876
v 0.01249587 0.02343561 0.00951246
v -0.03174093 -0.00060069 0.01559646
v 0.01958067 0.01720671 0.01752516
v 0.03138867 -0.01407729 0.01233306
v -0.03997773 -0.01124859 0.00913086
v 0.04083507 -0.01859169 -0.02943054
v 0.00604467 0.02537601 0.06129576
v 0.02257587 0.00463371 0.03416616
v -0.00691533 -0.03917109 0.00921186
v -0.00455373 0.02939451 0.01357056
v 0.03202227 -0.04042749 0.00982206
v 0.03616947 -0.00902469 0.01318896
v 0.01140147 -0.00667749 0.02702106
v -0.01808973 0.02120361 0.01085346
v -0.00334413 0.02157261 0.06609906
v -0.00864333 -0.01011189 0.04040586
v -0.00864333 -0.01011189 0.04040586
v -0.05051853 0.00708531 0.00889866
v -0.00628173 0.03328521 0.05896926
v 0.01554867 0.01067001 0.04999806
v -0.00213453 -0.00980859 0.01138086
v -0.02690253 -0.03541179 -0.00887634
v -0.04930893 -0.02583039 0.00999486
v 0.03622707 -0.03375219 -0.00879354
v 0.02620467 0.01540491 0.00588006
v 0.04095027 0.00530961 -0.02875194
v -0.02805453 -0.01268679 0.01774206
v 0.02326707 -0.02987769 -0.02854854
v -0.01152333 0.00406041 0.05013126
v -0.02154573 0.01602951 -0.02937114
v 0.01739187 -0.04042029 0.00990486
v 0.02447667 -0.01281819 0.01297926
v 0.02447667 -0.01281819 0.01297926
v 0.03922227 -0.03801099 0.00081216
v -0.00029133 0.03255261 0.01769256
v 0.04630707 0.00665871 0.00230526
v -0.01267533 -0.03591759 0.00102186
v 0.04809267 -0.02135379 0.00324486
v 0.00857907 -0.00649299 0.02156526
v 0.01330227 -0.01299279 0.00995976
v -0.01382733 0.03131151 0.03921156
v -0.03208653 0.01195431 0.00409716
v -0.04562253 0.00632751 -0.00722844
v 0.02044467 -0.00099939 0.03215736
v 0.03519027 -0.02648379 -0.00538704
v 0.01278387 0.02487111 0.01443096
v 0.01986867 -0.03567099 -0.00754254
v 0.05172147 -0.03301869 0.00963936
v -0.02200653 0.01589811 -0.02990934
v 0.01693107 0.01735251 0.00502236
v -0.04971213 -0.03293769 0.00522216
v -0.04735053 -0.03194769 0.00575226
v 0.04348467 -0.00385149 0.00519336
v -0.04498893 -0.03705609 0.00072846
v -0.02373453 -0.02339409 0.00705006
v 0.04233267 -0.00014169 0.00591606
v 0.03881907 -0.03331839 -0.00760734
v -0.03490893 -0.00135579 0.01509516
v -0.01780173 0.02595381 0.01042956
v 0.04354227 -0.00511509 0.00529506
v -0.01544013 -0.00717609 0.03855366
v 0.00166707 0.03642621 0.05312376
v 0.00166707 -0.01103349 0.03449826
v 0.03058227 0.01795281 -0.00032634
v 0.03058227 -0.02381619 0.00389466
v -0.02603853 -0.02807679 -0.03529044
v 0.00581427 -0.03882999 0.00712476
v 0.01053747 -0.03379989 -0.00892224
v -0.00006093 -0.00459219 0.04653576
v -0.02246733 0.00969081 0.02888136
v 0.04359987 -0.00436899 0.00409086
v -0.00829773 0.01081491 0.05535126
v 0.01589427 0.02411331 0.05239836
v 0.01531827 -0.00240609 0.04324086
v 0.04953267 -0.01002009 0.00964116
v -0.00472653 -0.03342459 -0.00987534
v 0.01710387 0.00977721 0.04800456
v 0.02301597 0.01066641 0.03129606
v 0.04012317 0.01883931 -0.02284164
v 0.03010077 -0.02717949 -0.00367164
v 0.03010077 -0.03388809 -0.00880434
v 0.02243997 0.01086801 -0.03409524
v 0.02480157 0.00330351 0.01149876
v 0.03188637 -0.02796159 -0.00590454
v -0.02709603 0.01579821 0.00268326
v 0.04841757 0.01652181 0.00055386
v 0.00890397 0.00374271 0.05170716
v -0.04771683 -0.01907769 0.00278676
v 0.01598877 -0.02584659 -0.00187704
v -0.04299363 -0.03861849 0.00158616
v -0.00405603 -0.03477999 -0.01104174
v -0.01644003 0.02507631 0.04561236
v -0.01937763 -0.03891999 0.00886446
v -0.04414563 -0.03761499 0.00795006
v -0.02940003 -0.00273549 0.01756836
v -0.01229283 -0.03648459 0.00163026
v 0.01955997 0.02036121 0.01908846
v -0.00284643 0.03599511 0.03756366
v -0.05002083 0.02196951 0.00866736
v -0.03055203 -0.04040859 0.00964026
v -0.00106083 0.02800041 0.06299406
v -0.01344483 0.02072481 0.05933376
v 0.03021597 -0.01336179 0.01303956
v 0.00308637 0.00714021 0.05560416
v -0.00929763 -0.01596819 0.00931086
v -0.00929763 -0.00463449 0.01536786
v -0.00929763 -0.00463449 0.01536786
v -0.00278883 -0.00260949 0.04836816
v 0.00429597 0.02859621 0.06094926
v -0.00572643 -0.02187129 -0.00050814
v -0.00100323 -0.00548589 0.04607586
v 0.03321117 -0.00066099 0.01556316
v -0.01868643 -0.01601139 0.01922796
v 0.03027357 -0.01460289 0.01190916
v 0.02025117 -0.01114959 0.01451016
v -0.04875363 0.02006421 0.00836136
v -0.00215523 0.02737131 0.01109736
v -0.00215523 0.02737131 0.01109736
v -0.02456163 0.00488031 0.01312326
v -0.00509283 0.03531201 0.02840526
v -0.01747683 -0.00979599 0.01886796
v -0.01747683 -0.00979599 0.01886796
v 0.04622877 -0.01749279 0.00001656
v -0.02571363 -0.03573039 0.00014076
v 0.02088477 0.02058711 0.02334096
v -0.05048163 0.02082471 0.00863496
v -0.00388323 0.03324201 0.05891346
v -0.02628963 0.02707791 0.01006866
v 0.03505437 -0.01530669 0.00965826
v 0.02209437 0.01573071 0.00469746
v 0.02209437 -0.03478179 -0.00851544
v 0.03862557 0.01832451 -0.02583684
v -0.04512483 0.02714991 0.00870066
v -0.03861603 -0.03504099 -0.00362304
v -0.01678563 0.02050431 0.05277276
v -0.01442403 -0.00069699 0.01912896
v -0.01206243 0.00924441 0.05208876
v 0.02215197 -0.02420499 0.00318366
v -0.02266083 0.01563801 -0.03346434
v 0.03810717 0.01216761 -0.00081954
v -0.05036643 -0.02216379 0.00981396
v -0.03562083 -0.01712019 0.00516006
v 0.00331677 0.02546061 0.06370596
v -0.02911203 0.01163751 0.00400446
v -0.00728163 -0.03077589 -0.00882324
v -0.00728163 -0.02843139 -0.00367704
v -0.01966563 -0.02825049 -0.00269874
v -0.02024163 0.01586481 -0.03241134
v 0.02048157 0.01569741 0.02283696
v 0.02284317 0.01012731 0.03528216
v 0.03995037 -0.01274439 0.00743706
v 0.02756637 -0.03383409 -0.00889164
v -0.04380003 -0.03694449 0.00265806
v 0.01754397 0.01872051 0.04602366
v 0.02935197 0.01143051 -0.03459384
v -0.00013923 -0.04043379 0.00964656
v 0.01696797 -0.00455889 0.01815426
v 0.00458397 0.00731661 0.05566266
v -0.03965283 -0.00289659 -0.03387564
v 0.00694557 0.00743271 0.05518026
v -0.02018403 0.01848831 0.04444056
v 0.01581597 0.01423941 0.05004846
v 0.03528477 0.00222351 0.01355526
v 0.02290077 -0.03393939 -0.00726354
v 0.04236957 -0.01378839 0.00269856
v -0.04610403 -0.02574669 0.00036126
v 0.03234717 0.01704201 0.00067626
v -0.04904163 -0.02720379 0.01008396
v -0.01718883 -0.02759709 -0.00243774
v 0.00227997 -0.01204779 0.03536496
v 0.00464157 -0.04024479 0.00632646
v -0.03959523 0.01667031 0.00313686
v 0.03885597 -0.04114389 0.00922086
v 0.01644957 -0.00454359 0.03870126
v 0.00406557 -0.01192359 0.03548826
v 0.03355677 -0.00302529 0.01585296
v 0.03827997 -0.01940619 -0.03390534
v 0.00112797 0.01557591 -0.03089484
v 0.04536477 -0.02323479 -0.00282294
v 0.04536477 -0.02662959 -0.00373374
v 0.04536477 0.02453541 0.00196866
v 0.03534237 -0.00149799 -0.03395124
v -0.00417123 -0.02831889 -0.00350964
v 0.04951197 -0.01610679 0.00952776
v 0.02238237 -0.02805609 -0.03413484
v 0.01235997 -0.03990369 0.00409896
v -0.02243043 0.02173641 0.02584386
v 0.02123037 -0.03670419 0.00196416
v -0.02300643 0.01649121 0.01157256
v -0.03539043 0.00128211 -0.03539574
v -0.03420153 -0.00463449 0.01694286
v -0.01709433 -0.03004329 -0.03289464
v 0.04661127 -0.03205029 0.00099936
v -0.03713913 -0.00443739 0.01200096
v 0.01654407 0.01110381 0.01732806
v 0.03601287 0.00319461 -0.03458304
v 0.05075847 0.02253381 0.00994806
v -0.00822393 0.02153931 0.06414696
v 0.01360647 -0.00452379 0.03115386
v 0.02069127 0.00379221 0.01180026
v 0.03543687 -0.03898299 0.00664146
v 0.03249927 0.01833261 -0.00119664
v -0.02469753 -0.01314039 0.01995786
v -0.04710393 -0.03483849 0.00503226
v 0.04373127 0.01201641 0.00322236
v 0.04845447 -0.01348509 0.00370656
v -0.02527353 -0.04062909 0.00936306
v 0.05081607 0.00198951 0.01058706
v 0.01838727 0.01069341 0.01426356
v -0.04825593 0.01556151 0.00520326
v -0.01876473 0.02047641 0.01111446
v 0.02783367 -0.03891639 0.00617346
v 0.00542727 0.03197841 0.06111396
v 0.00778887 -0.00471819 0.01273536
v 0.02489607 -0.03440199 -0.00994824
v -0.01697913 -0.03841329 0.00586926
v -0.03938553 0.02460291 0.00019386
v 0.00721287 0.03475581 0.05302836
v -0.03230073 -0.03767169 0.00301086
v 0.01665927 0.01851081 0.00520866
v -0.02343033 0.00515391 0.03784266
v 0.01078407 -0.02118549 0.00025146
v 0.00312327 0.03298011 0.06240186
v 0.04736007 -0.03358299 0.00299376
v -0.01162233 0.01169691 0.05386986
v -0.01928313 0.00606831 0.04548996
v -0.00217593 -0.03802269 0.00407916
v 0.03440007 -0.00126129 0.01503126
v -0.02458233 -0.01207929 -0.03422754
v -0.04462713 -0.03636849 0.00267426
v 0.04620807 -0.03358479 -0.00559404
v -0.01277433 -0.03888219 0.00141696
v -0.03754233 -0.00729039 0.01276236
v 0.04090887 -0.03124749 -0.02576124
v 0.04327047 0.02667471 0.01034586
v 0.01850247 0.01746951 0.00353916
v 0.03324807 0.02157351 -0.00115074
v 0.02558727 0.01584591 0.00465876
v -0.03339513 -0.02932329 -0.00511884
v -0.03339513 -0.02932329 -0.00511884
v 0.00081927 0.03435621 0.06057756
v -0.04341753 0.01948281 -0.01269774
v -0.02394873 0.01021461 0.01582956
v 0.02207367 -0.02771049 -0.03477744
v 0.00968967 0.00552381 0.05215446
v 0.00202887 0.02194971 0.06521256
v 0.04096647 0.01602051 0.00353286
v -0.01329273 -0.00238449 0.01834056
v -0.01329273 -0.00238449 0.01834056
v 0.00560007 0.02913441 0.01402416
v 0.02034567 -0.00563799 -0.03381084
v 0.03509127 -0.03998199 0.00966816
v -0.00678393 -0.01428519 0.00928476
v -0.00678393 -0.04071819 0.00931626
v -0.00027513 0.03442371 0.05621616
v -0.01087353 -0.02472609 -0.00158904
v 0.00329607 0.01707621 0.06371676
v -0.03857913 0.00586311 -0.03116484
v -0.03857913 -0.00463989 -0.03523194
v 0.02748807 -0.02887149 -0.00651384
v 0.04223367 -0.01510869 -0.02782404
v 0.01510407 0.00311001 0.02723886
v 0.00744327 0.02662071 0.01207746
v 0.03929607 -0.00921909 0.00914436
v -0.02970873 -0.01081659 0.01780956
v 0.00214407 -0.03914859 0.00876636
v 0.04638087 -0.02349759 -0.00835164
v 0.01925127 -0.01237809 0.01275246
v -0.02498553 -0.00598539 0.01920996
v -0.03736953 -0.03269559 -0.01108224
v -0.01553913 0.01603941 0.05391036
v 0.02339847 0.01483971 -0.03349944
v -0.02083833 0.00535461 0.02262006
v -0.01669113 -0.01189839 0.01784106
v -0.02907513 -0.03627309 0.00151056
v -0.02435193 0.01749561 0.03284586
v -0.00960633 -0.01315389 0.01338246
v -0.03731193 0.00143601 0.01214586
v 0.01400967 -0.01265439 0.01399356
v 0.00398727 -0.04061739 0.00822726
v 0.01579527 0.02612391 0.05243166
v 0.04764807 0.02045211 0.00085806
v -0.02371833 -0.03857169 0.00694206
v 0.04234887 -0.03790119 0.00084006
v -0.02193273 -0.02847459 -0.03337074
v -0.03431673 -0.01199739 0.01423386
v 0.01228167 0.02493771 0.01001286
v -0.04670073 0.02052591 -0.00052434
v -0.03195513 -0.03737649 0.00217296
v 0.00462087 0.02118021 0.06281946
v 0.01936647 0.01857291 0.01993176
v 0.01642887 -0.03864819 0.00861516
v -0.04785273 0.00386601 0.00239346
v -0.00949113 0.03082101 0.06058746
v 0.00997767 -0.00945489 0.03939966
v 0.03946887 -0.03072459 -0.00588114
v -0.04900473 0.02431581 0.00848736
v -0.00476793 -0.01370559 0.01263636
v 0.04655367 -0.02097579 0.00049356
v 0.03416967 0.02434731 0.00353646
v 0.03653127 -0.02034759 -0.03485484
v -0.03719673 0.00821031 -0.03540384
v 0.01648647 -0.03308889 -0.00931914
v 0.01648647 0.00218211 0.01616616
v -0.04543353 -0.02138079 -0.00010134
v 0.01591047 -0.03350199 -0.00938034
v 0.04540167 -0.02787339 -0.00227574
v -0.01651833 -0.01589529 0.01674486
v 0.00177777 -0.01239159 0.03595446
v -0.04009743 0.00665511 0.00304056
v -0.04775823 -0.02029989 0.00249876
v 0.03541617 0.00826341 0.01131156
v -0.02120463 0.01579191 -0.02984094
v -0.00645903 -0.00163749 0.04840596
v 0.00062577 -0.02818659 -0.00349434
v -0.03888783 -0.01942149 -0.02953764
v -0.04891023 -0.01385949 0.00842616
v 0.01243377 0.02295321 0.00976086
v -0.01763343 -0.02707869 0.00094356
v 0.02896497 -0.03870939 0.00562536
v 0.01128177 0.01662801 0.05846076
v 0.02602737 -0.03743499 0.00227106
v -0.00876303 0.01052961 0.05467536
v -0.03589263 -0.03925389 0.00926316
v 0.01070577 0.00805821 0.05358906
v 0.02781297 0.02461191 0.00867276
v 0.04255857 0.00221001 0.00426096
v -0.04591503 -0.01307199 0.00203256
v -0.04591503 -0.01798779 -0.00630954
v 0.00304497 0.02971941 0.06337926
v 0.00304497 0.02971941 0.06337926
v -0.00933903 0.03296931 0.05698926
v 0.02251377 0.00412251 0.01100016
v 0.00955377 -0.00464889 0.01515546
v 0.00955377 -0.00464889 0.01515546
v 0.02666097 -0.03501129 -0.00993924
v -0.03232143 -0.02145459 0.00403956
v -0.03232143 -0.02145459 0.00403956
v 0.01663857 -0.03836379 0.00572616
v 0.03374577 0.00653271 0.01296666
v 0.03374577 0.02254641 0.00142326
v 0.04849137 -0.00712749 0.00398016
v 0.02372337 -0.02747289 -0.00310824
v -0.05000463 -0.01493679 0.00976896
v -0.04291983 -0.03567999 0.00846306
v 0.02314737 -0.02836209 -0.00577584
v 0.00310257 -0.03524169 -0.00166374
v -0.01694223 0.01413681 0.01147086
v 0.00252657 0.02365431 0.06468696
v -0.02696463 0.00875571 0.01533726
v 0.03674097 -0.03472059 -0.00634104
v 0.03674097 0.00948471 0.00642366
v -0.01987983 -0.00546699 0.01825776
v -0.00041103 0.00726981 0.05547906
v 0.05091057 -0.03553779 0.00982566
v -0.02045583 0.01646511 0.04470876
v -0.04758543 -0.01740279 0.00212976
v 0.01848177 -0.03389889 -0.00860634
v -0.05052303 0.00581991 0.00914436
v 0.01318257 0.03192531 0.03210966
v -0.01630863 0.01374981 0.01174086
v 0.00552177 -0.01094259 0.00475236
v 0.04209777 0.00532671 -0.02384964
v -0.04637583 -0.03542979 0.00421596
v 0.04918257 -0.03221049 0.01027476
v 0.04918257 -0.00005799 0.00970596
v -0.00035343 0.02224221 -0.00707634
v -0.01037583 -0.00675579 0.04400136
v 0.00673137 -0.00577299 0.01891656
v -0.03514383 -0.03388269 -0.00882594
v 0.01617777 -0.03920799 0.00168696
v 0.04803057 -0.01426719 0.00320796
v -0.01095183 -0.00660729 0.03037896
v -0.02333583 -0.03209529 -0.01022004
v -0.00859023 -0.00731109 0.01253466
v 0.03800817 -0.01263819 0.00923616
v 0.01560177 -0.01230249 0.01524096
v -0.01388943 0.02440311 0.01387836
v 0.00321777 -0.04035369 0.00521136
v 0.01796337 -0.02919189 -0.00681984
v 0.03270897 0.01738041 -0.00093024
v -0.02627343 -0.03361899 -0.00847494
v -0.00916623 -0.02351649 -0.00075474
v 0.01974897 0.01809321 0.02107116
v 0.05160177 0.01580991 0.00985716
v -0.03687183 -0.01697889 0.00409086
v 0.03921777 0.00068181 0.01148436
v -0.01740303 0.01847571 0.01299186
v -0.04453263 -0.02328159 -0.00151884
v -0.04217103 -0.03426339 -0.01064664
v -0.01797903 0.00186981 0.04466016
v 0.01387377 -0.03655839 0.00174546
v 0.02095857 -0.00026499 0.03266676
v 0.02804337 -0.01355529 0.01287396
v -0.01619343 -0.00010569 0.01351476
v 0.02038257 -0.01200999 0.01378206
v 0.02746737 -0.03322119 -0.01858194
v 0.02452977 0.02006871 0.00162756
v -0.03445263 -0.00039819 -0.03513744
v 0.01686897 -0.02180739 0.00367776
v 0.01686897 -0.03540279 -0.00070524
v 0.04636017 -0.02495199 0.00038826
v 0.01923057 -0.00855579 0.01777266
v 0.02395377 0.02053221 -0.01074474
v -0.04505103 -0.03135009 -0.00193104
v 0.00627057 -0.03179289 -0.02535534
v -0.00611343 0.02569731 0.00159336
v 0.02573937 -0.03610029 -0.00048474
v 0.04048497 -0.03813969 0.00302886
v -0.02851983 0.00883311 0.00898956
v 0.03282417 -0.00544359 0.01633716
v -0.03381903 0.00793581 -0.03464064
v -0.04147983 -0.00489369 0.00948186
v -0.00490383 0.00305691 0.05215266
v 0.02931057 -0.02822439 -0.00556434
v -0.00018063 -0.01243839 0.03599676
v 0.01928817 0.02698071 0.01076526
v 0.02164977 -0.01077969 0.01466586
v 0.02164977 -0.01077969 0.01466586
v -0.02258703 0.01516191 -0.03464244
v 0.02401137 0.01018671 0.01311876
v -0.01786383 0.01633821 0.01352016
v -0.01786383 0.01633821 0.01352016
v 0.04348017 -0.01509699 -0.02200284
v -0.01314063 -0.03520479 -0.00243144
v -0.01077903 0.03401781 0.03074166
v 0.02107377 0.02239881 -0.00678024
v 0.02343537 0.01595751 -0.02917944
v -0.01371663 -0.00813279 0.03718926
v -0.03848463 -0.04055979 0.00956466
v -0.02373903 -0.02422929 0.00456066
v 0.02285937 0.01657761 -0.02809314
v 0.03996657 0.00510621 0.00918666
v 0.04232817 -0.03835749 0.00451026
v 0.00753777 0.01236201 0.05858046
v -0.01723023 0.02579451 0.04326876
v -0.00248463 -0.03978579 0.00971136
v -0.04435983 -0.02779419 -0.00463824
v -0.01072143 0.01822011 0.06146136
v -0.01838223 -0.01328079 0.01857816
v -0.00127503 -0.03066249 -0.00862344
v 0.00051057 -0.03806949 0.00387036
v 0.01761777 -0.03492219 -0.00365904
v -0.04136463 0.02534001 0.00048816
v -0.03900303 0.01128651 -0.03503034
v -0.03900303 0.00069531 0.01071936
v -0.02425743 0.01000761 0.03455406
v 0.02942577 0.01050261 0.00888336
v -0.04194063 -0.03791019 0.00878076
v -0.01244943 -0.01622829 0.01349946
v 0.03414897 -0.00494769 0.01565766
v -0.03957903 0.00244941 0.01008396
v -0.00536463 0.01846401 -0.02561994
v -0.03013263 -0.02054379 0.00907326
v 0.03593457 0.02642091 0.01030806
v -0.02068623 0.00359781 0.02330586
v -0.00594063 0.03166791 0.01715976
v 0.01352817 0.01090041 -0.03418074
v -0.05075343 -0.02952939 0.00894906
v 0.02533617 -0.03479709 -0.00611244
v 0.01531377 -0.01339149 0.01068606
v 0.01767537 0.01297131 0.04741416
v -0.01181583 0.01334841 0.05614236
v -0.00236943 -0.00467319 0.04649706
v 0.01709937 -0.03851319 0.00784116
v -0.02713743 -0.02654679 0.00330066
v -0.03952143 -0.02018739 -0.02891214
v 0.02182257 0.01631931 -0.02936664
v 0.01535067 -0.02741709 -0.00265284
v 0.03009627 0.01223241 -0.03480984
v 0.04484187 0.02320431 0.00057456
v 0.04720347 -0.03688599 0.00163656
v 0.00532827 0.01971591 -0.01904544
v 0.04956507 -0.02964369 0.00129816
v -0.04893093 -0.02426349 0.00912186
v -0.04893093 -0.01987419 0.00882126
v -0.00469413 -0.01137459 0.01388286
v 0.01477467 -0.03875079 0.00104796
v -0.01471653 0.02641101 0.01070766
v -0.01765413 0.01084821 0.01159866
v 0.04368987 -0.02178399 -0.01720134
v 0.00653787 -0.00994179 0.04106556
v -0.02059173 0.02088591 0.01948176
v -0.01586853 0.02481171 0.00985716
v 0.01834587 0.00176811 0.01536246
v 0.01834587 -0.03001899 -0.03308544
v -0.02352933 0.02064741 -0.01161954
v -0.05065893 -0.02689419 0.00930996
v 0.02543067 0.02657391 0.01081746
v 0.04962267 -0.00849999 0.00982296
v -0.00463653 0.00683421 0.05378076
v 0.04196187 -0.02776719 -0.02973834
v 0.01719387 0.01166991 0.02228526
v 0.00480987 -0.03901629 0.00870696
v 0.00953307 -0.02781939 -0.00312534
v 0.02427867 -0.03931419 0.00876636
v 0.03902427 -0.03903699 0.00638316
v 0.04847067 0.00100131 0.00553806
v -0.04000293 0.00587481 0.00350496
v -0.03527973 -0.00798249 0.01623996
v 0.04080987 0.01685391 -0.02881674
v 0.04080987 0.01685391 -0.02881674
v -0.04766373 -0.03103329 0.00039906
v -0.01817253 0.02387391 0.04401846
v -0.00106533 0.00738591 0.05560596
v 0.03314907 0.02395131 0.00315936
v -0.04057893 0.00500991 -0.02543994
v -0.01874853 -0.02925309 -0.03367134
v -0.02934693 -0.02915499 -0.00480024
v 0.02197467 0.01850541 0.02983986
v 0.02433627 0.01924701 0.00110196
v 0.01431387 -0.00781869 0.03443526
v -0.02756133 0.01437351 0.00307476
v -0.03994533 -0.03281529 -0.01115694
v -0.03994533 -0.03281529 -0.01115694
v 0.00901467 -0.03365049 -0.00930114
v 0.00371547 0.01847661 0.06404436
v 0.00607707 0.03630291 0.05158656
v -0.01869093 0.02651001 0.03941226
v 0.01316187 0.03281541 0.04780836
v -0.00158373 -0.00819039 0.01072026
v 0.00313947 -0.00975819 0.00347616
v 0.04737627 0.00509901 0.00283626
v -0.03873573 0.01553091 -0.03459024
v -0.04403493 -0.02577549 -0.00341154
v 0.01967067 0.01811211 0.04178376
v 0.01437147 0.02584671 0.05467806
v 0.04386267 -0.00237999 0.00353916
v 0.01143387 0.03284961 0.03525336
v -0.04282533 -0.03307899 -0.01262664
v 0.00613467 0.02529591 0.00110556
v 0.01321947 -0.01282089 0.01254186
v -0.03101733 0.01326831 0.00337626
v -0.01154853 -0.02802999 -0.00287154
v 0.04155867 -0.00710769 -0.03180114
v -0.04691493 -0.02702379 0.00716436
v 0.02151387 0.01748571 0.02272986
v 0.00912987 -0.01489269 0.00446886
v 0.03862107 -0.02620029 -0.00483264
v 0.01149147 0.00096261 0.04855716
v -0.03274533 -0.03297459 -0.01102554
v -0.00855333 -0.00756219 0.01236276
v 0.02566107 -0.00959259 0.01590336
v 0.00089307 0.02466861 0.06490296
v 0.00089307 0.02466861 0.06490296
v 0.01800027 -0.00254919 0.03906306
v -0.01264293 -0.00869439 0.03919176
v 0.01154907 -0.00746499 0.01409886
v -0.03798693 -0.01931349 -0.03388194
v -0.03798693 0.00689271 0.01020906
v -0.00613413 -0.03333549 -0.01009314
v -0.01615653 -0.00031899 0.02189286
v 0.00331227 -0.02892999 -0.03423294
v -0.04858533 -0.01409349 0.00771246
v -0.03913893 0.01819581 -0.02589624
v -0.02203173 0.00397041 0.03046086
v -0.01730853 -0.01596459 0.01773396
v 0.01454427 0.00317391 0.01472076
v -0.04443813 0.01197501 -0.01340514
v -0.01494693 0.02444991 0.04971096
v -0.03735333 -0.00295599 0.01236186
v 0.02635227 -0.01320429 0.01289646
v 0.00158427 0.01408011 -0.03485304
v -0.04322853 -0.03620829 0.00973296
v 0.00573147 0.00018771 0.05075946
v -0.00901413 -0.00905529 0.01296846
v 0.04939227 -0.01850259 0.00918306
v 0.02462427 -0.03814239 0.00299106
v 0.02698587 0.02030091 0.00091746
v 0.01696347 0.02832711 0.03258126
v 0.03407067 0.02291271 0.00191826
v 0.03643227 0.01366881 -0.00027954
v 0.04115547 0.01509891 0.00551106
v -0.01546533 0.00057291 0.01827486
v 0.04587867 -0.02546229 -0.00295254
v -0.03787173 -0.00273999 0.01128006
v -0.05025573 0.01231341 0.00848106
v 0.00106587 -0.01455699 0.00093726
v 0.01817307 -0.02740269 -0.00258624
v 0.05002587 0.01687191 0.00234036
v -0.03844773 0.00748671 -0.03413664
v -0.01247013 -0.02041599 0.00655416
v 0.03648987 -0.01560729 0.00869616
v -0.02779173 -0.02286759 0.00572346
v -0.02543013 -0.02335629 0.00554166
v -0.02306853 0.00592611 0.01302246
v -0.02306853 0.00592611 0.01302246
v -0.03309093 -0.03878139 0.00750546
v 0.01350747 -0.00163839 0.02871306
v 0.03061467 -0.03808389 0.00256086
v -0.02600613 -0.02634519 0.00376416
v 0.02059227 0.00577851 0.01109376
v -0.00889893 -0.01092549 0.03776346
v -0.00889893 -0.01092549 0.03776346
v 0.04478427 0.00176901 -0.01550124
v -0.00475173 -0.02050869 0.00043596
v -0.01713573 -0.01642089 0.01614276
v 0.04656987 -0.03579969 0.00943326
v 0.05129307 0.00744981 0.01040256
v -0.02007333 0.01596561 0.01313676
v 0.03833307 0.00669561 -0.03385134
v -0.00590373 -0.01617429 0.00817776
v -0.01001403 -0.02376129 -0.00090864
v -0.01767483 0.02539851 0.04311216
v 0.01417797 0.02418441 0.05555646
v 0.00121797 0.03824151 0.04484646
v -0.04301883 -0.03761049 0.00387036
v -0.01116603 0.03323841 0.04847436
v -0.05067963 0.00790701 0.00861696
v 0.02247237 -0.02837289 -0.03348864
v 0.03957957 -0.02089929 -0.03433104
v -0.01467963 -0.00069429 0.01674576
v 0.04666437 -0.02518869 -0.00785664
v 0.03134277 0.02296491 0.00299556
v -0.02527803 0.02748921 0.00980946
v 0.00893637 -0.01086519 0.03425256
v 0.02368197 0.01079691 0.00824526
v 0.02840517 -0.03673119 0.00164736
v 0.01602117 -0.00403239 0.04012506
v 0.05023557 -0.02911359 0.00286596
v -0.05062203 -0.02547579 0.00979866
v -0.04826043 -0.03532089 0.00938376
v -0.01168443 -0.03993429 0.00968886
v 0.02725317 0.01679631 0.00499446
v 0.05144517 0.01940001 0.01014066
v -0.01755963 0.02148621 0.00874566
v 0.02903877 0.00559221 0.01248966
v 0.04850757 -0.02054919 0.00382176
v 0.02137797 -0.00460299 0.01768626
v 0.03612357 0.00986811 0.00760266
v -0.04998843 -0.02877879 0.00970956
v -0.01813563 0.02180391 0.04568166
v -0.00102843 -0.00529329 0.01069956
v 0.01607877 0.00407841 0.01480536
v -0.00632763 -0.03987309 0.00971856
v -0.01871163 -0.03562599 -0.00090684
v -0.00926523 0.03001551 0.01646946
v -0.02931003 0.01156461 0.00566046
v 0.04148037 0.01531131 0.00190206
v -0.01514043 -0.00285159 0.01484766
v 0.01613637 0.00389931 0.02758266
v -0.02810043 0.02673321 0.01011906
v -0.02810043 0.02673321 0.01011906
v -0.02101563 -0.04008099 0.00973656
v -0.01865403 -0.00670809 0.01883286
v 0.04505157 -0.02838189 -0.00421074
v -0.01393083 0.02199921 0.01127736
v -0.01393083 0.02199921 0.01127736
v 0.01792197 0.02239251 0.04225986
v -0.02216763 0.01868361 0.04084146
v -0.01980603 0.00582891 0.01133406
v -0.04693563 -0.01151679 0.00190116
v 0.00674757 -0.02272719 -0.00102024
v 0.00380997 0.03481971 0.02407446
v 0.02091717 0.01878981 0.03803436
v -0.00857403 0.02743971 0.00997776
v 0.00853317 -0.00008859 0.04945986
v 0.01504197 -0.00518709 0.04052826
v 0.01504197 0.00125151 0.02863476
v 0.02212677 0.01069611 0.02794356
v -0.03685563 0.00490911 -0.03537954
v 0.04395717 0.02730831 0.01041966
v 0.00680517 -0.00440949 0.04581576
v -0.04745403 0.01728861 -0.00066564
v -0.04803003 -0.02492499 0.00611226
v -0.01853883 0.00449511 0.01261116
v -0.04566843 -0.03255879 0.00989946
v 0.01567557 -0.03923859 0.00946836
v -0.01381563 0.01230531 0.05161356
v 0.03278277 0.00999051 0.01034496
v -0.01911483 0.01349781 0.01493766
v 0.01746117 -0.00439329 0.03676086
v -0.01203003 0.02638851 0.01121706
v -0.01203003 0.02638851 0.01121706
v 0.03692997 -0.02022789 0.00432216
v 0.03692997 -0.02022789 0.00432216
v 0.02160837 0.01954671 0.03218256
v 0.00392517 0.03558651 0.05379426
v -0.01611963 0.01691511 0.05369436
v -0.04088763 -0.03929349 0.00943506
v -0.02614203 -0.03443169 -0.00572274
v -0.03380283 -0.02393769 -0.03507894
v 0.04228677 -0.00971769 0.00545616
v -0.04618683 0.02663961 0.00896256
v -0.02199483 -0.02678889 -0.03500514
v -0.02199483 0.00818871 0.01568646
v -0.03967803 -0.00509799 0.01116666
v 0.05115717 -0.00895359 0.01022796
v -0.01548603 -0.00231249 0.04423446
v -0.02550843 -0.02051409 0.01120266
v -0.00603963 -0.03921879 0.00219816
v 0.01342917 -0.01936479 0.00481716
v 0.00104517 0.02273001 -0.00592974
v 0.05000517 0.02382801 0.00988326
v 0.05000517 0.02382801 0.00988326
v 0.00812997 -0.03840069 0.00541566
v -0.03138363 0.01247181 -0.03548214
v -0.02902203 -0.02008209 0.01032696
v -0.02902203 -0.02008209 0.01032696
v 0.00046917 0.00771711 0.05612526
v 0.03704517 0.01634541 -0.03398004
v -0.00483003 0.00518811 -0.03409524
v 0.04176837 -0.01786539 -0.02613564
v 0.00461637 -0.00969879 0.00835236
v 0.04885317 -0.01171749 0.00658476
v 0.00697797 -0.00193359 0.04908276
v -0.04491963 -0.02417349 -0.00224244
v -0.00068283 0.01471731 -0.03490884
v 0.04591557 0.01066821 -0.01021284
v -0.00834363 -0.02945649 -0.03464514
v -0.03075003 -0.03584109 0.00090036
v 0.03059397 -0.02784369 -0.00581634
v -0.02130363 -0.02918559 -0.02954034
v -0.00419643 -0.02830179 -0.03516444
v 0.03001797 0.01675761 -0.03306294
v -0.01007163 -0.02778789 -0.03523014
v 0.03652677 -0.00813909 0.01334196
v -0.02775483 -0.01252209 0.01828386
v 0.03358917 -0.03834489 0.00396216
v -0.03305403 -0.01962219 -0.03442464
v 0.01590597 0.02958801 0.03239406
v -0.02833083 -0.01729479 0.01272996
v 0.03773637 0.02095341 0.00350316
v 0.04009797 0.02100201 -0.01345554
v -0.01652283 0.02242401 0.05130306
v -0.01179963 0.02873211 0.01655766
v 0.02005317 0.01641741 0.01096866
v 0.02005317 -0.01075089 0.01509516
v -0.03420603 0.02468751 0.00899406
v -0.03774033 -0.02017749 -0.03408264
v -0.05012433 -0.00917409 0.00958716
v -0.00352593 -0.00611319 0.01106676
v -0.03065553 -0.02287749 0.00364176
v -0.01590993 0.02169951 0.05374296
v 0.00828207 0.02646861 0.01172736
v 0.00828207 0.02646861 0.01172736
v 0.00062127 -0.00483429 0.01153206
v -0.01470033 0.02446521 0.01034496
v -0.03002193 0.01538691 -0.03535074
v -0.01055313 -0.00992469 0.01405926
v 0.02366127 -0.03582669 -0.00684864
v -0.04770513 0.01647051 0.00220716
v -0.01642833 0.02326641 0.04710816
v 0.01778607 -0.00159339 0.04051656
v -0.03883473 -0.02817489 -0.03482694
v -0.00934353 -0.01260669 0.01353726
v 0.02250927 0.01162311 0.00576036
v 0.01012527 0.02579361 0.01186686
v -0.04413393 -0.01943769 -0.00959274
v 0.01957167 0.01878351 0.00274806
v 0.02665647 0.02732181 0.00996786
v -0.00283473 0.03314391 0.05801976
v 0.01663407 0.01452111 0.04854366
v 0.04848687 0.00768831 0.01065816
v -0.00813393 -0.00159249 0.04759326
v 0.00367407 0.01171761 0.05927796
v 0.00367407 0.02605191 0.06207426
v -0.02109393 -0.02725779 -0.03419424
v 0.00782127 0.02808321 0.05940126
v -0.04701393 0.00234051 0.00150966
v 0.02907567 0.02241501 0.00539406
v 0.03616047 0.01418001 -0.00076014
v 0.00903087 -0.01182369 0.00745956
v 0.03852207 0.01655061 -0.03347064
v -0.03520593 -0.00389559 0.01634976
v 0.00373167 -0.01220349 0.00154656
v 0.02320047 0.01606461 0.00449586
v -0.05052753 -0.00852519 0.00946836
v -0.00629073 -0.03586179 0.00040536
v -0.02869713 0.01514211 0.00187686
v -0.04108113 -0.03757989 0.00036846
v -0.04108113 -0.03757989 0.00036846
v -0.02927313 -0.00120639 0.01718766
v -0.03457233 -0.00312339 0.01598796
v -0.01982673 -0.00174189 0.03957066
v -0.02748753 0.00716901 0.01150686
v 0.01381167 -0.03936099 0.00948546
v 0.02032047 0.00499191 0.01081926
v 0.03506607 -0.02567379 -0.00434214
v 0.02504367 0.00791691 0.00914796
v -0.01919313 -0.04017189 0.00966636
v 0.02976687 -0.04016649 0.00980046
v 0.04451247 0.02733891 0.01003716
v -0.04159953 0.00357711 0.00719316
v 0.01974447 0.02173011 0.03841596
v 0.03449007 -0.02909289 -0.00601614
v -0.03687633 0.00985011 0.00551286
v -0.03215313 -0.02352459 0.00199386
v -0.03215313 -0.02352459 0.00199386
v 0.04629807 -0.01429599 -0.00907524
v 0.01916847 0.01205871 -0.03489624
v -0.04511313 0.01062951 -0.00979164
v 0.03040047 -0.04077129 0.00972846
v 0.00327087 -0.01046379 0.04154976
v 0.03276207 -0.02663589 -0.00398034
v 0.04986927 -0.01546059 0.01028556
v 0.01507887 -0.00767019 0.01743696
v 0.01507887 -0.00767019 0.01743696
v 0.00033327 0.01266261 0.06139476
v 0.01744047 0.02461641 0.04143636
v -0.01205073 0.02245641 0.06193386
v -0.02443473 0.01592691 0.00416916
v -0.00968913 -0.02890479 -0.03501504
v 0.03927087 0.01497741 -0.03469824
v 0.01450287 -0.00729489 0.03738276
v 0.04635567 0.02202801 0.00038466
v 0.04635567 0.02202801 0.00038466
v 0.02394927 0.01647591 -0.02865654
v -0.00081873 -0.02778519 -0.00273384
v -0.00081873 -0.02697159 -0.03512574
v 0.02101167 0.00781881 0.02767716
v -0.00611793 -0.02136819 0.00190746
v 0.01098927 0.00277431 0.05010876
v -0.01614033 -0.02953659 -0.00659214
v -0.01614033 -0.02874999 -0.03514644
v 0.04520367 -0.03563679 -0.00292554
v 0.03754287 -0.02003439 -0.03476124
v 0.03754287 -0.02003439 -0.03476124
v -0.03618513 -0.00207039 0.01424646
v -0.03618513 -0.01939989 -0.03516984
v -0.04856913 -0.03179649 0.00961596
v 0.01277487 -0.00119829 0.01474326
v 0.00983727 0.01133691 0.05623056
v 0.00926127 0.03036921 0.05676876
v -0.03497553 0.00979251 0.00871596
v 0.01870767 -0.03243909 -0.00886284
v -0.01078353 0.00692151 0.05216436
v -0.05029713 -0.00414489 0.00932346
v -0.00606033 -0.00791409 0.04445226
v 0.02579247 -0.02947179 -0.03271014
v -0.01135953 0.01101201 0.05320566
v 0.03760047 0.02648661 0.01037736
v -0.04851153 0.01512951 0.00643716
v -0.01193553 0.03033411 0.05318226
v -0.00485073 -0.01407819 0.00864576
v 0.01225647 0.03337431 0.05024106
v 0.00165807 -0.03849969 0.00630666
v 0.05061807 -0.02115219 0.01053576
v -0.03077073 -0.00968799 0.01802196
v -0.02840913 0.02752611 0.00917586
v -0.03843153 -0.02083719 -0.03412584
v -0.00421713 0.02184171 -0.00986094
v 0.01525167 -0.03954009 0.00302886
v 0.04474287 0.00951531 0.00572706
v 0.03472047 0.01088331 -0.03449214
v 0.02233647 -0.00892209 0.01541736
v -0.04194513 0.01569021 0.00116766
v -0.00773073 -0.01375419 0.01321956
v 0.03356847 0.02726601 0.01036206
v 0.01352367 -0.00371199 0.04392486
v 0.04537647 -0.03307179 -0.00272574
v 0.03299247 -0.02694279 -0.00498474
v -0.04839633 -0.01258419 0.00764316
v 0.03005487 -0.03590679 -0.00074034
v 0.03420207 -0.03411489 -0.00868014
v -0.04835943 -0.00388119 0.00690066
v 0.04247577 -0.03810009 0.00320616
v 0.00060057 -0.00564609 -0.03377844
v -0.01178343 0.02970321 0.05922576
v 0.02006937 0.00484251 0.04185396
v -0.01944423 -0.03747819 0.00225126
v 0.01240857 0.02937291 0.01904616
v -0.04421223 0.01108221 -0.01388844
v -0.03948903 -0.01225209 -0.03427164
v -0.03712743 -0.02596269 -0.03536694
v -0.00348903 -0.02445789 -0.00165744
v 0.01834137 0.02580261 0.02418336
v 0.00595737 -0.02798139 -0.00310824
v 0.02070297 0.01618791 0.01188306
v 0.01304217 0.00058551 0.01469556
v 0.00538137 0.01576491 -0.03469914
v 0.00538137 -0.03334359 -0.00961704
v -0.01938663 0.01831191 0.04550886
v -0.01996263 0.01949091 0.01086246
v -0.01287783 -0.02565129 -0.00189954
v -0.03056103 -0.02508969 -0.03522114
v 0.04789017 -0.02070759 0.00278046
v 0.04789017 -0.03360819 0.00828846
v 0.01016217 -0.01024149 0.01182816
v 0.01960857 0.01934691 0.01635606
v 0.02433177 0.01110201 0.01023516
v -0.01754343 -0.03597879 0.00071676
v -0.04997223 -0.02048259 0.00979866
v 0.01609497 0.00002481 0.04451616
v -0.02814183 -0.00188499 0.01813806
v 0.00371097 -0.00996519 0.00348066
v 0.01845657 -0.02527149 0.00067626
v 0.01845657 -0.01384059 0.01155996
v -0.05054823 -0.02439759 0.00982566
v 0.04501017 0.00612771 -0.00971154
v -0.01161063 0.03062391 0.05821056
v -0.02399463 -0.02385939 0.00533556
v -0.04876263 0.02210991 0.00420696
v -0.02750823 -0.03747999 0.00212886
v -0.01806183 0.00893211 0.01203786
v -0.00331623 0.03402861 0.02114226
v -0.03044583 0.00157911 0.01480086
v -0.01570023 0.01581621 0.01169406
v -0.03102183 0.01160421 0.00638316
v 0.00555417 -0.00826959 0.02803716
v -0.03632103 0.01545891 0.00154206
v 0.02502297 -0.01575309 0.01135386
v 0.03976857 0.01763061 0.00478116
v -0.03159783 0.00954321 0.00920196
v 0.03625497 -0.01329609 0.01022886
v -0.02272743 0.01599261 0.04111056
v -0.03274983 -0.02051949 0.00453276
v 0.01857177 0.00713211 0.04553946
v -0.02094183 -0.03685899 0.00188946
v 0.04040217 -0.01927209 -0.02928024
v -0.02387943 -0.03949869 0.00981666
v -0.04864743 -0.01545609 0.00809586
v 0.03452697 0.01272831 0.00703746
v 0.01920537 0.00804021 0.01552716
v 0.03395097 0.01604481 0.00261486
v -0.02266983 0.00204891 0.03731166
v 0.02392857 0.02115141 -0.00869994
v -0.02030823 -0.00436269 0.01787076
v -0.01794663 0.02082201 0.00884196
v -0.00083943 -0.03290709 -0.00980244
v 0.03101337 -0.01226469 0.01328436
v -0.02796903 0.01910031 -0.02312334
v 0.00624537 0.03321591 0.02097846
v -0.03799143 0.01468671 0.00201636
v 0.00094617 0.02984181 0.06317136
v 0.04224537 0.02406921 0.00060066
v 0.01983897 -0.03935649 0.00921906
v 0.02456217 0.01446891 0.00506016
v -0.02733543 0.01318911 0.01109286
v -0.01258983 -0.00302259 0.01456866
v -0.00608103 -0.03740259 0.00232326
v 0.02577177 0.00768201 0.00915336
v -0.04795623 0.02018211 0.00634176
v -0.01846503 0.02034411 0.00925776
v -0.04087143 -0.00902649 0.00738216
v -0.01138023 -0.00941889 0.01450476
v -0.01667943 0.01265721 0.01204866
v -0.00193383 -0.03524889 -0.00201744
v -0.04380903 -0.03495549 0.00084186
v -0.01431783 0.00069891 0.04718196
v 0.03700377 -0.01156359 0.01044216
v -0.02197863 0.00714741 0.01453896
v -0.01489383 0.00258261 0.04794156
v -0.02255463 0.01645971 0.00603666
v 0.03349017 -0.02603919 -0.03492504
v -0.02549223 -0.02697249 0.00182106
v 0.03585177 0.00664881 0.01230246
v 0.02346777 0.02610321 0.01065726
v -0.01840743 0.02228541 -0.00809064
v 0.04293657 -0.01034139 0.00407016
v 0.01580697 0.02411061 0.00022176
v 0.01580697 0.00561741 0.02603916
v -0.04847463 0.01669551 0.00509976
v 0.03469977 0.02736411 0.00993906
v 0.03469977 0.02736411 0.00993906
v 0.03706137 0.02472891 0.00768996
v -0.04196583 -0.03689859 0.00162126
v -0.04196583 -0.03689859 0.00162126
v -0.02013543 -0.01508799 0.02070486
v -0.02013543 -0.01508799 0.02070486
v -0.01362663 -0.00355809 0.01513926
v -0.01892583 0.02793651 0.02789046
v -0.01656423 0.02221701 0.05201226
v 0.04184217 -0.00814179 0.00650826
v 0.01707417 0.02562711 0.00175626
v -0.03954663 0.01466151 -0.03362904
v -0.02480103 -0.01835589 0.01306116
v -0.01771623 0.01207491 0.01154916
v -0.00354663 -0.00954129 0.01294866
v 0.01592217 -0.00596919 0.03722346
v 0.00353817 0.03749001 0.04238316
v 0.03539097 0.01009581 0.00826056
v 0.01417347 0.02829831 0.05354226
v 0.04366467 -0.00711759 0.00366606
v 0.04602627 -0.02434719 -0.00209124
v -0.01295613 0.01702131 0.05784696
v -0.03772413 -0.00825519 0.01257966
v -0.03772413 -0.01673589 0.00320346
v -0.03536253 -0.01467759 -0.03534534
v -0.00350973 0.03350931 0.05725296
v -0.01117053 -0.00518529 0.01408086
v -0.02413053 -0.03539559 -0.00781164
v -0.03415293 0.01126671 0.00668466
v 0.03191427 0.00195981 0.01429326
v -0.01232253 0.03277401 0.02572416
v 0.00478467 -0.03761409 0.00247986
v 0.05138307 -0.03402039 0.00994806
v 0.04078467 -0.02757459 -0.03423474
v 0.04078467 0.00252771 0.00961506
v 0.04550787 0.01965381 0.01057356
v 0.04550787 -0.01141239 0.00214146
v 0.04020867 -0.03621189 0.00054306
v 0.02782467 -0.04099269 0.00921456
v 0.00305667 0.01779261 0.06427296
v 0.00541827 0.01751091 -0.02900124
v 0.02016387 0.01064391 -0.03401694
v -0.01698813 0.01839831 0.01301976
v -0.01047933 0.02651091 0.01331676
v 0.01607427 0.02806701 0.03800916
v 0.03081987 -0.03425799 -0.00815364
v 0.03081987 0.00286881 0.01382616
v -0.04290813 -0.03810459 0.00830466
v -0.03818493 -0.00057009 0.01105056
v -0.05056893 -0.00546159 0.00938646
v -0.03582333 -0.02146539 0.00377316
v -0.01929213 0.02496561 0.00985266
v -0.03167613 0.01471911 -0.03548844
v 0.01728387 -0.00020289 0.04269546
v 0.01964547 0.02260761 -0.00630234
v 0.02200707 0.01264911 0.03862026
v -0.00512253 0.03360021 0.05723766
v 0.01198467 -0.00040809 0.01627416
v -0.01278333 0.02795271 0.05926626
v -0.01042173 -0.03149229 -0.00946854
v 0.02379267 -0.02690859 -0.03479994
v 0.00138627 0.00153141 0.05228226
v -0.01393533 0.03068151 0.02219526
v 0.00317187 -0.00948999 0.04298796
v 0.04740867 -0.03443709 0.00424926
v -0.03634173 -0.00407019 0.01544256
v -0.00685053 0.03441741 0.05448456
v 0.01970307 0.02378301 0.03338496
v 0.03681027 0.02236011 0.00132066
v -0.03691773 -0.04066149 0.00907506
v -0.01981053 0.01500711 0.01640826
v -0.01981053 0.00378051 0.01234116
v -0.01981053 0.00378051 0.01234116
v 0.01382787 0.03066621 0.03996126
v 0.00144387 -0.03407529 -0.01000224
v 0.01855107 0.00105711 0.04203936
v -0.02096253 -0.03486999 -0.00450954
v 0.04038147 0.00104631 -0.03448944
v 0.00086787 0.03382971 0.06184656
v 0.02269827 0.00333771 0.01245546
v -0.03156093 0.01182741 0.00559116
v 0.00501507 -0.00204969 0.04927806
v 0.00501507 -0.02185239 -0.00094194
v -0.00736893 -0.01810569 0.00834336
v -0.00264573 -0.01569729 0.00588906
v -0.00086013 0.03784281 0.05052726
v -0.02562813 0.01457241 0.01136556
v -0.02384253 0.00720771 0.03847266
v 0.00801027 0.03678891 0.04813146
v 0.02926467 0.01108041 0.00853056
v 0.00449667 -0.01487289 0.00038736
v 0.01630467 0.02723721 0.04760586
v 0.03577347 -0.01029099 0.01175526
v -0.00846333 0.00949281 0.05427486
v 0.00864387 0.00714921 0.05423526
v -0.02084733 0.01237191 0.01483056
v -0.02084733 0.01237191 0.01483056
v 0.02811267 -0.02848809 -0.03489354
v 0.00098307 -0.02708229 -0.03415914
v 0.01572867 0.00503781 0.01443366
v 0.00334467 0.01526451 -0.03454884
v -0.01140093 0.03103431 0.05345766
v 0.04994307 -0.03209439 0.00202806
v -0.03144573 -0.02136279 0.00490356
v -0.03144573 -0.02136279 0.00490356
v 0.00749187 -0.03318339 -0.00956754
v 0.02223747 0.00912021 0.01502046
v -0.02199933 0.01661451 0.00834876
v -0.02729853 -0.01033779 0.01853136
v 0.04879107 -0.02096409 0.00531756
v -0.01019133 -0.00725439 0.01283886
v 0.02166147 0.01962231 0.00244926
v 0.04113027 -0.02411949 -0.03312054
v 0.02108547 0.00050811 0.03465846
v -0.03789693 -0.01463259 -0.03534804
v 0.01106307 0.03451641 0.04403286
v -0.01842813 -0.00060519 0.01468656
v 0.03997827 -0.02837109 -0.03460104
v -0.01191933 -0.00293889 0.01510056
v -0.01191933 -0.00293889 0.01510056
v -0.03668733 0.00607461 -0.03436074
v 0.01227267 -0.00220089 0.02311056
v 0.01463427 0.02309361 0.05518386
v -0.00011133 0.03485661 0.02322576
v 0.04884867 -0.02997129 0.00482346
v -0.02487933 0.01749741 0.00404946
v 0.05121027 0.00949191 0.01053486
v -0.00541053 -0.03104409 -0.00903924
v -0.01543293 0.02452731 0.05189976
v 0.04533507 -0.03356859 -0.00134694
v -0.02839293 0.01169511 0.01306926
v -0.04077693 -0.00118119 0.00991566
v -0.04843773 -0.02287659 0.00598446
v 0.02413827 -0.00831999 0.01623456
v -0.01065213 0.00825891 0.05254326
v 0.05069187 -0.00957819 0.01044306
v 0.03830787 -0.03631629 0.00100206
v -0.05016573 0.01147461 0.00825876
v 0.02828547 0.00765501 0.01128636
v -0.00650493 -0.00831459 0.02583756
v -0.04838013 0.01808691 0.00541746
v 0.00530307 -0.01426899 0.00123876
v 0.04953987 0.00071601 0.01027746
v -0.03893373 -0.01667649 0.00291996
v -0.02418813 0.01602411 0.03021876
v 0.00766467 -0.02150589 -0.00095004
v -0.01710333 0.01913991 0.05292666
v -0.02063763 -0.02985789 -0.02906694
v 0.02774637 0.02203431 0.00467766
v 0.00061677 -0.00942249 0.04314456
v 0.04485357 0.02113701 -0.00606294
v 0.04485357 0.02113701 -0.00606294
v 0.00297837 0.02180481 -0.00829404
v 0.02008557 0.00002391 0.03126366
v 0.04191597 -0.02922879 -0.02809764
v -0.00232083 0.01145751 -0.03492774
v -0.01291923 0.02929011 0.05746716
v -0.02058003 -0.03448929 -0.00555894
v 0.01363437 -0.00783849 0.03345336
v -0.02824083 0.00730671 0.01019736
v 0.04784877 -0.00604839 0.00321246
v -0.03883923 -0.01852149 -0.03262194
v 0.01012077 0.03229701 0.02221686
v 0.04433517 -0.03760779 0.00392796
v 0.04669677 0.01224501 0.01033956
v -0.00756243 0.03617061 0.04735026
v 0.03903597 0.02467671 0.00664416
v -0.03469203 -0.03593559 0.00084366
v 0.00188397 -0.02916129 -0.03256524
v -0.03762963 -0.01580259 0.00396036
v -0.04822803 0.01915431 0.00572886
v -0.03878163 -0.04070559 0.00924696
v -0.00929043 0.03500961 0.04717116
v 0.01017837 -0.03958419 0.00951876
v -0.04880403 0.01993191 0.00149346
v -0.03405843 0.01426011 0.00241146
v -0.00042003 0.01129101 0.05870286
v 0.01138797 0.02676831 0.01110366
v 0.04030317 0.01867371 0.00641826
v -0.04108563 -0.01759089 0.00227286
v 0.00551277 0.01640391 0.06153606
v -0.00450963 -0.01445349 0.00803286
v 0.01202157 0.02107401 0.05872986
v -0.01038483 -0.00658389 0.01314936
v 0.04093677 0.02560641 0.00198756
v -0.04753683 -0.03254439 0.00338076
v -0.01804563 0.00357711 0.01283436
v -0.04045203 -0.01138629 0.00701496
v 0.00850797 0.00786471 0.05483466
v -0.05047443 0.00826071 0.00887526
v 0.01086957 -0.00516279 0.02088666
v -0.04811283 -0.00974019 0.00501606
v -0.01862163 0.00310821 0.01699236
v 0.04508397 -0.03135459 -0.00492444
v 0.04508397 -0.03135459 -0.00492444
v -0.04338963 -0.03692829 0.00975996
v 0.03269997 -0.02917479 -0.00626274
v 0.02031597 0.00011031 0.03684186
v 0.03920877 -0.03261099 -0.00730224
v -0.04926483 -0.03447939 0.00532836
v -0.00266643 -0.00576039 -0.03384774
v 0.00205677 -0.00480189 0.04651596
v 0.04629357 -0.02233659 -0.00070524
v 0.01916397 0.02418171 0.02354076
v 0.04865517 0.02524101 0.00969696
v -0.00560403 0.03651801 0.05122386
v 0.03805677 -0.00997599 0.01006236
v -0.04805523 0.02358411 0.00850356
v 0.01328877 -0.02069229 0.00235476
v 0.02509677 -0.04098639 0.00925416
v 0.02509677 -0.02541279 0.00286236
v 0.02745837 -0.03684009 0.00190476
v 0.04220397 -0.03583209 -0.00122004
v -0.01677843 0.02229351 0.01008306
v 0.01979757 -0.00068439 0.03679236
v -0.02443923 0.01079871 -0.03453174
v 0.03926637 0.00620241 -0.03325734
v 0.03926637 0.00620241 -0.03325734
v -0.03446163 -0.01260939 0.01194606
v -0.01556883 -0.00571719 0.01750086
v -0.01556883 -0.00571719 0.01750086
v -0.04269843 -0.02142219 -0.01609794
v -0.01320723 -0.00768099 0.03596616
v 0.01334637 0.01473891 0.05464656
v -0.00139923 0.01754961 -0.02538774
v -0.01199763 0.02746581 0.00937656
v 0.00510957 0.01097691 0.05837976
v -0.00963603 -0.03900729 0.00893736
v -0.01729683 -0.02205939 0.00873846
v -0.01729683 0.01573881 0.05227956
v 0.02872557 -0.04061739 0.00979236
v 0.01870317 0.00401001 0.01571616
v -0.02081043 0.01105161 0.01529676
v 0.04053357 -0.04097919 0.00987876
v -0.01608723 -0.00302079 0.01534446
v -0.00134163 -0.01163739 0.03516606
v -0.04615443 -0.03105489 0.00711576
v 0.02227437 0.01760901 0.00385416
v 0.04646637 -0.03744759 0.01032516
v -0.02726163 0.01179771 0.00989046
v -0.02490003 0.02700861 0.01021716
v 0.03880557 0.01034511 0.00089226
v -0.04494483 -0.01538139 -0.00976554
v -0.00128403 0.03152751 0.06035616
v 0.00343917 0.03580791 0.03649716
v 0.00343917 -0.03025389 -0.00814554
v -0.02605203 0.01439511 0.01070316
v -0.00422163 0.03104781 0.01562886
v 0.00050157 -0.02644329 -0.03495474
v -0.00952083 -0.00644349 0.02428956
v -0.00952083 -0.03336699 -0.01008684
v -0.02190483 -0.02916039 -0.02969694
v 0.04180077 -0.01486929 0.00246726
v -0.02248083 0.01902291 0.02241126
v -0.00773523 -0.00661179 0.01301346
v -0.04961043 -0.02169399 0.00978966
v -0.03250323 -0.00854049 0.01795086
v 0.02884077 0.01655961 -0.03363714
v 0.02117997 -0.00942159 0.01605816
v 0.03592557 -0.01574319 -0.03455784
v -0.00594963 -0.01015599 0.03091806
v 0.01115757 -0.03889479 0.00845856
v -0.01833363 -0.03734949 0.00215496
v 0.02060397 -0.03051309 -0.02734164
v 0.04007277 -0.01068789 0.00796986
v -0.02184723 0.01660731 0.00772326
v -0.00001683 0.01281741 0.06179256
v 0.02889837 0.00375081 0.01288836
v 0.00059607 -0.00754779 0.04509036
v -0.02710953 -0.00461379 0.01894806
v 0.00474327 -0.01704459 -0.00024174
v -0.02238633 0.02298021 0.03262536
v 0.03895767 0.00664161 0.00568836
v -0.01766313 0.02175981 -0.00987534
v 0.00180567 0.00683421 0.05469246
v -0.03062313 -0.03727479 0.00203526
v -0.04064553 -0.02157429 -0.02534364
v -0.00879273 0.01671891 0.06262686
v 0.02306007 0.00900501 0.03108366
v 0.02306007 -0.02715159 -0.03398634
v -0.02117673 0.01481181 -0.03385404
v 0.02542167 0.00781701 0.00902736
v 0.01776087 -0.03627129 0.00125946
v 0.00537687 0.03302061 0.06062076
v 0.00537687 0.03302061 0.06062076
v 0.03486807 -0.00984729 0.01353186
v 0.01246167 -0.02101269 0.00112536
v 0.00243927 -0.03348129 -0.00955944
v -0.03471273 0.01122441 0.00545436
v 0.04137687 -0.01514019 -0.03194244
v -0.02762793 0.01072401 0.01025136
v 0.02133207 -0.00110829 0.01689876
v 0.00894807 -0.02137899 -0.00086724
v -0.03528873 -0.02271729 0.00308106
v -0.04058793 -0.00951429 0.01042416
v -0.05061033 0.00336111 0.00924066
v -0.01639593 0.01617261 -0.03472614
v 0.01545687 0.02030181 0.05379066
v 0.01545687 -0.03630459 0.00128106
v 0.01781847 0.00559581 0.04612716
v 0.01781847 -0.00017499 0.01676736
v 0.00543447 0.03578721 0.03838896
v 0.02962647 0.01852341 -0.00032454
v -0.04410153 -0.01393869 -0.01415754
v 0.00249687 0.01474791 0.06180516
v 0.01194327 -0.03779499 0.00066096
v -0.00810153 -0.00934509 0.04181616
v -0.00810153 -0.00934509 0.04181616
v 0.02611287 -0.00697449 0.01685556
v 0.01845207 0.01450401 -0.03498174
v -0.05055273 -0.00079599 0.00940536
v 0.00076887 0.03577911 0.05424696
v 0.04500567 0.00892401 0.00834156
v -0.01397673 0.01577571 -0.03504744
v -0.03638313 -0.00591609 0.01372356
v -0.04876713 0.00882861 0.00658566
v -0.04168233 -0.03869499 0.00786996
v 0.04915287 -0.02555589 0.00733896
v -0.01512873 -0.02466939 0.00420156
v 0.04621527 -0.02982999 -0.00043074
v 0.00434007 -0.03983259 0.00984906
v 0.04563927 -0.02082459 -0.00837954
v 0.04034007 0.01686921 0.00614736
v -0.00389673 -0.01285419 0.01029366
v 0.00082647 0.01679991 -0.02767104
v 0.02029527 0.01766841 0.01631196
v -0.03868713 0.00519711 -0.03318174
v -0.00447273 -0.01190649 0.03816666
v 0.00025047 -0.03605349 0.00104346
v 0.02208087 0.01266081 0.01484316
v 0.02444247 -0.02816679 -0.00451134
v -0.00798633 0.00957561 -0.03406194
v 0.00912087 0.02817501 0.01471626
v -0.04277673 -0.02383689 -0.01934964
v 0.02329047 0.01824981 0.00310806
v 0.04984407 0.00242961 0.01071756
v -0.00677673 0.02864841 0.01354356
v 0.01977687 0.01957281 0.02017296
v -0.04686633 -0.03639189 0.00217656
v -0.00026793 -0.02843769 -0.03448134
v 0.00445527 0.03588981 0.05316606
v 0.00917847 -0.01260309 0.00646056
v 0.03866967 0.02512941 0.00683046
v -0.03799593 0.00185901 0.01055196
v -0.02325033 -0.01505199 0.01941426
v 0.02807127 -0.03603729 -0.00072594
v 0.00566487 -0.02915229 -0.00655704
v 0.03751767 0.00248721 0.01249236
v -0.02440233 0.00918501 0.01635876
v -0.02440233 0.00918501 0.01635876
v 0.03694167 0.00717531 0.01119546
v -0.00729513 -0.01482429 0.00892476
v 0.00981207 -0.03699129 0.00212256
v 0.03930327 0.02489181 0.00691596
v -0.04208553 -0.03877779 0.00974196
v 0.03636567 0.02333661 0.00402876
v -0.01317033 0.02734791 0.01023606
v -0.01317033 0.02493681 0.01332576
v 0.03342807 -0.01724799 0.00953586
v 0.01102167 -0.03364329 -0.00933804
v -0.00902313 0.03285051 0.05479056
v 0.02755287 0.01054671 0.00816786
v 0.03227607 -0.00200469 0.01628406
v 0.03699927 -0.00593409 0.01350936
v -0.00015273 0.01522401 0.06390576
v 0.03820887 -0.03868419 0.00529146
v -0.03551913 0.01513041 0.00174996
v -0.01605033 -0.01736409 0.01332126
v 0.01580247 -0.01269939 0.01416906
v -0.02843433 0.01049631 0.01365516
v 0.01050327 0.02939001 0.05665176
v 0.01286487 -0.00609699 0.01576476
v 0.01286487 -0.00609699 0.01576476
v 0.03590487 0.00843531 -0.03450834
v -0.05020713 -0.01268049 0.00965826
v -0.01835433 -0.03973719 0.00964746
v 0.01586007 -0.02004879 0.00586296
v 0.03296727 0.01694391 -0.00054774
v -0.01126953 0.03359571 0.02795526
v -0.03897513 -0.03809469 0.00500166
v 0.00998487 0.02767821 0.05819256
v 0.01470807 0.01541121 0.05299866
v 0.00468567 0.00584781 0.05389956
v 0.01885527 0.02569281 0.03237336
v 0.01885527 0.00180411 0.01481616
v -0.04306473 -0.03476019 0.00913986
v -0.02595753 0.01637871 -0.03428784
v -0.00648873 0.02048451 0.06531966
v 0.02182977 0.01517271 -0.03417534
v -0.01768383 0.02107851 0.00956826
v 0.01653057 0.02326641 0.05103936
v 0.02361537 0.00651201 0.01090296
v -0.01353663 0.03264351 0.03389706
v 0.04780737 0.00146751 0.00320166
v -0.03830463 -0.01843509 -0.03435084
v -0.05068863 0.01939551 0.00857106
v 0.01065537 0.01486581 0.05803326
v 0.04723137 -0.03640449 0.00122346
v -0.01175103 -0.04018089 0.00525096
v 0.04193217 -0.02032239 -0.02468304
v -0.01468863 -0.00380019 0.01530216
v -0.01468863 -0.00380019 0.01530216
v -0.02707263 0.01108581 0.00785556
v -0.01526463 0.02289651 0.05544846
v -0.00051903 -0.00289389 0.04916736
v 0.00420417 0.02072121 0.06418836
v 0.02131137 0.00756771 0.04063896
v -0.04769343 -0.02123769 0.00246546
v 0.01601217 0.01028391 0.01846026
v 0.04020417 -0.00491349 -0.03457044
v -0.04826943 -0.00734169 0.00664506
v 0.02252097 -0.03063639 -0.02573784
v 0.04198977 0.01406301 0.00132696
v -0.00518463 0.01276971 0.06134706
v -0.00518463 0.01276971 0.06134706
v 0.00190017 -0.03471429 -0.00374364
v -0.02522943 0.00750201 0.01549566
v -0.02522943 0.00750201 0.01549566
v -0.03052863 -0.00055929 0.01582776
v -0.02816703 0.00967641 0.01176966
v 0.02079297 -0.00736869 0.01766466
v -0.03818943 0.00278781 0.01006056
v -0.05057343 0.01527621 0.00875376
v -0.01872063 -0.02702289 0.00094266
v 0.01549377 -0.02981109 -0.00751824
v 0.00783297 0.01404771 0.05942466
v 0.02257857 -0.02861679 -0.03285864
v 0.01255617 0.02357241 0.00946836
v -0.01693503 0.01628061 0.04988286
v -0.00218943 -0.01693749 0.00414486
v -0.04406463 -0.02861589 -0.00549234
v 0.00431937 -0.00721299 -0.03381714
v 0.00431937 0.03808851 0.04841136
v 0.04855617 -0.01678359 0.00403866
v -0.00806463 -0.00591429 0.01903266
v 0.00904257 0.03194151 0.02038356
v -0.04993983 -0.02501319 0.01011546
v -0.01808703 0.01260411 0.01182996
v 0.02851137 0.01514751 0.00702936
v 0.00138177 0.01416471 0.06268356
v 0.00374337 -0.00626979 0.00837396
v -0.02338623 -0.03898569 0.00921276
v -0.04815423 -0.01793919 0.00503136
v -0.00921663 0.02842971 0.01450656
v 0.01025217 -0.00810489 0.04163976
v -0.00270783 -0.00721029 -0.03389724
v -0.03749823 0.01720311 0.00388386
v 0.00910017 -0.00674589 0.04393926
v -0.03335103 0.01081131 -0.03517704
v -0.02862783 0.00490641 0.01284156
v 0.03271617 -0.03760689 -0.00004554
v -0.00915903 0.03362181 0.02375226
v -0.01681983 -0.02961669 -0.03439404
v -0.01445823 -0.00448239 0.01553796
v 0.02684097 -0.00510069 0.01702566
v -0.02505663 0.01303431 0.00574686
v 0.01151937 -0.01133589 -0.03389454
v 0.04101057 -0.00744429 -0.03377304
v 0.00858177 -0.01911279 0.00005436
v 0.04279617 0.01115151 -0.02575764
v 0.01566657 -0.02937369 -0.03461184
v 0.00564417 -0.01054479 0.03401406
v -0.00673983 0.03351921 0.05656176
v 0.03985857 -0.03843219 0.00380196
v -0.04625343 0.01607181 0.00075096
v 0.04930497 -0.01099389 0.00900486
v -0.01969983 0.02486661 0.02249676
v -0.00495423 0.03320601 0.05921046
v 0.04872897 -0.02455509 0.00562806
v -0.00789183 0.03326271 0.05657076
v 0.01393857 -0.03941229 0.00243936
v -0.04504383 -0.03955899 0.00937116
v -0.03559743 -0.02361639 0.00165816
v -0.01612863 0.02131611 0.04985316
v -0.03381183 0.01477671 0.00201366
v -0.03381183 -0.00825609 -0.03451104
v 0.01278657 -0.00467499 0.04363146
v -0.00961983 -0.00496749 0.01417896
v 0.04406337 0.01084731 -0.01928844
v -0.01491903 0.02778081 0.04586706
v 0.00397377 -0.00807789 0.00830196
v 0.03346497 0.01146381 -0.03456504
v -0.00604863 -0.01426539 0.01178226
v -0.02845503 -0.04035909 0.00960246
v 0.01814337 0.00871431 0.01432836
v 0.04999617 -0.01333389 0.01031976
v 0.00046017 0.00709521 0.05556456
v -0.01486143 0.01681431 0.05465556
v 0.04648257 -0.00881139 0.00191736
v 0.02171457 -0.02855109 -0.03430854
v -0.02016063 0.01346991 0.01460646
v -0.02016063 0.01346991 0.01460646
v 0.02879937 -0.03495909 -0.00512244
v 0.01347777 0.03178311 0.02933136
v -0.01365183 0.02271021 0.05987376
v -0.00892863 0.00138381 0.04981626
v -0.00892863 0.00138381 0.04981626
v -0.02188863 -0.01576659 0.01857456
v -0.02188863 -0.01576659 0.01857456
v 0.02470977 -0.00919389 0.01596276
v -0.00241983 -0.03906759 0.00873036
v -0.00241983 0.03517791 0.05519646
v -0.01480383 -0.03702279 0.00214146
v 0.00230337 0.03590691 0.03600396
v 0.01941057 0.01719321 0.04291146
v -0.03957183 -0.01182009 0.00864576
v 0.00938817 -0.00735429 0.02516526
v -0.00299583 0.03802011 0.04686606
v 0.03594177 -0.00666039 -0.03450924
v -0.01359423 0.01615731 0.05617296
v -0.01123263 0.00084291 0.04833126
v -0.00414783 0.01355271 0.06250716
v -0.00414783 0.01355271 0.06250716
v 0.02770497 0.00409461 0.01208376
v -0.02183103 -0.00679989 0.01885896
v 0.01474497 -0.02354169 0.00067266
v 0.00236097 -0.01831539 -0.03404664
v 0.04659777 -0.02836929 0.00099936
v -0.01591893 -0.02252019 0.00607986
v 0.01829547 0.01422771 0.02241396
v 0.00827307 -0.03933399 0.00228906
v -0.05070933 -0.02643429 0.00905256
v 0.04721067 -0.02483319 0.00229896
v -0.03417813 -0.03334809 -0.01003374
v 0.04191147 0.02482971 0.00892116
v -0.01707093 0.01707981 0.04960476
v 0.01714347 0.01776291 0.04734666
v -0.04183893 0.02446431 0.00017406
v -0.02709333 -0.02897229 -0.00414234
v 0.01950507 0.00058731 0.03989196
v -0.00762453 -0.01029729 0.03501936
v -0.00762453 -0.01029729 0.03501936
v -0.04949973 -0.01725969 0.00947916
v 0.01420587 -0.03363249 -0.00930744
v 0.04842027 -0.03036639 0.00005076
v -0.00583893 0.01059711 0.05650236
v -0.00583893 0.01059711 0.05650236
v 0.02837547 0.02183091 -0.00980064
v -0.01586133 0.02789151 0.04303296
v 0.04784427 0.00332871 0.00301266
v -0.02352213 0.02024781 0.03239676
v -0.02116053 0.02215401 0.02202786
v -0.01879893 0.02005791 0.00830916
v 0.04254507 -0.02434539 -0.02659194
v 0.04490667 -0.03388989 -0.00264294
v 0.01247787 0.02333841 0.00955116
v -0.01701333 -0.04043469 0.00957456
v -0.01522773 -0.01692309 0.01364976
v 0.00896427 -0.01169679 0.00948996
v -0.01344213 -0.03918369 0.00240516
v 0.00366507 -0.03735759 0.00232506
v 0.04790187 -0.01148709 0.00295776
v 0.00602667 -0.00646239 0.02153646
v -0.04587093 -0.02098389 0.00036486
v -0.00457173 0.02001921 0.06585606
v -0.01695573 0.00221361 0.01326276
v 0.02964267 0.02109651 0.00079416
v -0.03936213 -0.01884999 -0.02940174
v 0.04853547 -0.00044859 0.00494406
v -0.04759893 0.01808961 0.00445356
v 0.01080747 0.03471981 0.04974786
v -0.01396053 0.01135491 0.05120676
v 0.03499947 0.02529141 0.00145026
v 0.03972267 0.00635721 -0.03234204
v -0.01453653 -0.00115779 0.01425096
v -0.01217493 0.00014181 0.04811976
v 0.00493227 0.03744321 0.05037156
v -0.01038933 0.03216111 0.05350896
v 0.02854827 -0.00094089 0.01652436
v 0.00614187 -0.01198389 0.00364266
v -0.02334933 0.01545261 0.03983076
v 0.01558827 0.02904261 0.04867056
v 0.04507947 -0.02039619 -0.00980694
v -0.03867093 -0.01708779 0.00268416
v 0.02267307 0.01376331 -0.03388284
v -0.01920213 0.01946391 0.00895806
v -0.00739413 -0.00748209 0.02347056
v 0.00205227 0.02871411 0.06241176
v 0.00205227 0.02871411 0.06241176
v 0.01149867 -0.00839109 0.03160476
v -0.04512213 0.02711031 0.00896436
v 0.00383787 -0.03406989 -0.00705384
v 0.04807467 -0.00893919 0.00301446
v 0.03569067 0.02437521 0.00399726
v 0.01800747 0.01534101 0.00517356
v 0.00562347 0.03479361 0.05445216
v -0.00912213 -0.01507449 0.01168956
v 0.01743147 0.00857571 0.01425186
v 0.00740907 0.03124581 0.01785186
v 0.02451627 0.00427191 0.01049976
v 0.02687787 0.02670351 0.01084536
v -0.02501973 0.01231611 -0.03542184
v -0.01027413 0.01085181 -0.03436704
v 0.03632427 0.01008591 0.00689886
v -0.00318933 -0.03755379 0.00244836
v 0.04047147 0.00673341 0.00345906
v -0.02617173 -0.02978049 -0.03415824
v 0.02514987 0.02066631 -0.01111194
v 0.04698027 -0.00816159 0.00208386
v 0.00982827 -0.04034289 0.00580446
v -0.01493973 0.01429881 0.05365926
v 0.04640427 -0.01618779 0.00016056
v 0.04640427 -0.03661959 0.00992016
v 0.03874347 0.00347361 0.01146366
v -0.02023893 0.02680521 0.01040886
v -0.02023893 0.02680521 0.01040886
v 0.03816747 -0.02044749 -0.03467214
v -0.03319893 0.00011301 0.01503936
v -0.02139093 0.00274821 0.02797866
v -0.01902933 -0.01048899 0.01853496
v -0.01430613 -0.03958059 0.00968886
v 0.00280107 0.03478281 0.06074406
v -0.03907413 -0.03530289 -0.00148104
v -0.04673493 -0.03557109 0.00569286
v 0.02935467 -0.03889479 0.00711846
v 0.00458667 0.02194521 -0.00888354
v -0.01015893 -0.01869519 0.00696366
v -0.00543573 -0.01875819 0.00728406
v 0.01167147 -0.04050039 0.00977166
v 0.04352427 0.01481811 -0.02248794
v -0.04258773 -0.04034379 0.00941256
v -0.03786453 -0.01982289 -0.03386934
v 0.02998827 -0.02420319 -0.03405474
v -0.01424853 -0.00173919 0.01445436
v -0.01188693 0.01741101 0.05968296
v 0.00994347 0.02710041 0.01095066
v -0.00244053 -0.01235829 0.03579696
v 0.04415787 0.01114701 0.00208116
v -0.01246293 0.02651901 0.06068826
v 0.00464427 -0.01067259 0.04041576
v 0.02175147 0.00711231 0.03926826
v 0.02175147 -0.00955209 0.01524996
v -0.03486933 -0.01909929 0.00452556
v 0.00406827 -0.01349589 0.00087696
v -0.04782933 -0.01514109 0.00301806
v 0.03534507 -0.02165349 -0.03406374
v -0.04840533 -0.01763679 0.00759456
v -0.03129813 0.00349431 0.01295586
v 0.01766187 0.01174191 0.02350116
v -0.02657493 0.00779271 0.01494936
v -0.02421333 0.01844421 0.03033126
v -0.01949013 0.00635181 0.01435176
v -0.01949013 -0.00085719 0.01556406
v -0.03717333 -0.01066269 0.01191456
v 0.04836267 -0.01261299 0.00370476
v 0.02359467 0.01199841 0.00550746
v -0.02064213 -0.00572709 0.01835856
v -0.02417643 0.01211811 0.03825396
v -0.02181483 -0.02771499 -0.03399354
v 0.02126997 0.02168241 0.00540666
v 0.04488597 0.01048821 0.00860976
v 0.01775637 0.01628331 0.00421956
v 0.01009557 0.03552441 0.04539906
v 0.01188117 0.00864141 0.05293296
v -0.04473963 -0.03605079 0.00027126
v -0.00050283 0.02074641 -0.01007694
v -0.01288683 0.01904181 0.05847426
v -0.01288683 0.02881311 0.05295456
v -0.01582443 0.02268141 0.01116846
v 0.00128277 -0.03342279 -0.00962784
v 0.01838997 0.00084651 0.01593306
v 0.01838997 -0.00325659 0.01812726
v -0.04353003 -0.01174269 0.00312966
v -0.00223083 -0.01032429 0.04214016
v 0.04672917 0.01628061 -0.00737334
v -0.02463723 -0.03585189 -0.00674784
v -0.00989163 -0.03942939 0.00949176
v 0.03670677 0.02688081 0.01052316
v 0.03849237 0.01116771 -0.03480354
v -0.00574443 -0.03951039 0.00953946
v 0.04085397 -0.03374589 -0.00662544
v -0.03287403 -0.02801469 -0.00325044
v -0.03287403 -0.02801469 -0.00325044
v -0.01576683 0.01407831 0.05034276
v -0.01576683 0.02037021 0.01234386
v 0.03083157 0.01045491 -0.03390174
v -0.02636523 0.00646881 0.01302606
v 0.00548757 -0.01055739 0.00576216
v 0.02731797 0.01803651 0.00056646
v 0.02201877 -0.01209369 0.01403406
v -0.02987883 -0.03775719 0.00275796
v 0.04857237 -0.02144829 0.00431586
v 0.02144277 -0.03910719 0.00841896
v 0.03618837 -0.02593749 -0.00480924
v 0.00905877 0.01597011 0.05971986
v -0.01334763 -0.00683229 0.01592586
v -0.03633003 0.01667301 -0.03386844
v 0.02737557 -0.02498259 0.00273546
v -0.02924523 -0.01034769 0.01805166
v 0.01971477 -0.00174549 0.01764216
v -0.01743723 -0.03315729 -0.01039914
v 0.01913877 0.01144941 0.04514886
v 0.01147797 -0.00471639 0.04439196
v -0.00090603 0.01927941 0.06581376
v -0.02567403 -0.02772939 -0.00220374
v -0.02331243 0.00537351 0.01280826
v -0.02331243 0.00537351 0.01280826
v 0.02034837 0.01594401 -0.03293244
v 0.01268757 -0.03971019 0.00965916
v -0.04393323 -0.03273159 0.00870426
v -0.01208043 -0.00668109 0.04313466
v 0.01977237 0.01363551 0.01416636
v 0.01211157 -0.03933309 0.00225666
v 0.03158037 -0.02495379 -0.03476934
v -0.04214763 -0.03296379 -0.00924714
v 0.04868757 0.00207411 0.00993096
v 0.02155797 0.01462551 0.01293336
v -0.02267883 0.01461381 -0.03509424
v -0.03506283 -0.00597369 0.01622646
v -0.04744683 -0.02963829 0.00311166
v -0.01795563 0.01733091 0.05145426
v 0.01625877 0.01652451 -0.03377934
v -0.04802283 0.02140251 0.00121356
v 0.02806677 -0.03988119 0.00962586
v -0.01617003 -0.02541459 0.00408546
v 0.01568277 0.02812731 0.04038246
v 0.03751317 -0.03620199 -0.00009234
v 0.01510677 0.00735081 0.01676736
v 0.00272277 0.01763241 -0.02479734
v -0.04151403 0.01603491 0.00115506
v 0.00744597 0.02958621 0.01546236
v -0.02204523 0.00175191 0.03281706
v -0.01789803 -0.01549929 0.01893726
v -0.00079083 0.03217191 0.06176196
v 0.01631637 0.00920571 0.04885776
v 0.01867797 0.01167621 0.01445976
v 0.00099477 0.02868981 0.06238566
v 0.04523157 -0.01818849 -0.00062694
v -0.00666603 0.03346251 0.02117556
v 0.01044117 -0.00447249 0.01442466
v 0.01044117 -0.00447249 0.01442466
v 0.00041877 0.01727331 -0.02572344
v 0.01752597 0.02593671 0.01070496
v 0.00750357 -0.01939899 -0.00093654
v 0.03935637 0.02540571 0.00773766
v -0.00251883 -0.04023399 0.00526536
v 0.01694997 0.01351581 0.04826466
v -0.01017963 0.03398541 0.02758266
v -0.04733163 -0.03387549 0.00502236
v 0.01401237 -0.00241959 0.04471326
v -0.04497003 0.02450841 0.00104706
v -0.01547883 0.03128091 0.03430836
v -0.02786283 -0.02190729 0.00858186
v 0.00105237 0.01810041 0.06514686
v -0.04318443 -0.01911999 0.00182106
v -0.01369323 0.03211431 0.03639456
v -0.01899243 0.01681251 -0.02908944
v -0.02901483 -0.00747939 0.01803276
v 0.01758357 0.00989241 0.01464156
v 0.02230677 -0.03192159 -0.01984374
v -0.00718443 0.03532371 0.04082616
v 0.02466837 0.00836601 0.00977166
v 0.02702997 -0.02651799 -0.00034164
v 0.03175317 -0.03556209 -0.00244854
v -0.04727403 -0.02068689 0.00164376
v 0.01406997 -0.00428979 0.04276566
v 0.00404757 0.02982741 0.06303546
v 0.00404757 0.03562431 0.02970396
v 0.01879317 0.01825161 0.04323726
v -0.01835883 -0.02900829 -0.03444714
v -0.04548843 -0.01756209 0.00163476
v -0.02129643 0.01704471 0.04312926
v 0.02766357 0.02631741 0.01069326
v 0.00998037 -0.04007109 0.00386226
v 0.04183317 0.01389741 0.00622476
v 0.00704277 -0.00605109 0.04518756
v 0.00704277 -0.01610499 0.00074196
v 0.05127957 0.02094801 0.01005156
v -0.03483243 0.01090581 0.00372366
v -0.00534123 -0.01133499 0.03435066
v -0.01536363 0.01677021 -0.03353994
v 0.04598037 -0.03749439 0.00123966
v -0.01064043 0.03403941 0.03330396
v 0.02121237 0.01916241 0.00256806
v 0.05070357 -0.02001099 0.01057716
v 0.04304277 0.02265081 -0.00444294
v 0.00116757 -0.04014759 0.00971496
v 0.01827477 -0.02215479 0.00351936
v -0.00649323 0.00587301 -0.03396114
v 0.02535957 -0.02250399 0.00478566
v 0.04010517 -0.01682679 -0.03407994
v 0.03008277 0.00861711 0.01148796
v 0.00059157 -0.01130079 0.03478806
v -0.01179243 0.02399361 0.06241716
v -0.01532673 -0.02141139 0.00811566
v -0.01532673 -0.03859599 0.00730566
v -0.00058113 -0.04076499 0.00919656
v -0.00351873 -0.01852419 0.00300006
v 0.01595007 -0.01200369 0.01573506
v -0.01354113 -0.03997659 0.00594756
v 0.01831167 0.01005621 0.01422666
v 0.01065087 0.00646431 0.05284116
v 0.03248127 0.01097871 -0.03407544
v 0.04722687 -0.02847819 0.00192726
v 0.03720447 0.00565881 0.01191906
v -0.00467073 -0.01048359 0.01360476
v 0.00005247 -0.03099999 -0.02380194
v 0.01715967 0.00723741 0.04733856
v -0.01233153 -0.03370359 -0.00847224
v -0.01233153 0.02977701 0.05378256
v -0.00524673 -0.00768009 0.01186326
v 0.01422207 0.00004371 0.02878686
v -0.01290753 -0.01767819 -0.03415914
v 0.02366847 -0.04033209 0.00988506
v -0.03531393 -0.00655329 0.01582956
v -0.00582273 0.01714281 0.06458796
v 0.04077567 0.00779901 0.00163476
v 0.00598527 -0.03808119 0.00388476
v -0.01878273 0.02687541 0.01052676
v -0.01878273 0.02687541 0.01052676
v -0.04591233 -0.01837569 0.00131796
v 0.04728447 0.02246001 0.01049706
v 0.02015487 0.00359601 0.01220076
v 0.02194047 -0.02518059 0.00192726
v 0.02666367 -0.03791829 0.00270216
v 0.00189567 -0.01272819 -0.03406464
v 0.00898047 -0.03970389 0.00277146
v 0.03847167 -0.03943929 0.00208386
v -0.05000193 0.02254551 0.00845496
v 0.02608767 -0.02464419 0.00352296
v -0.03289473 -0.00683859 0.01798596
v -0.03053313 -0.00607719 0.01742256
v -0.04055553 0.00499011 0.00510066
v 0.02078847 0.01158441 0.02526696
v -0.02344833 -0.03502929 -0.00342594
v -0.02108673 0.02446071 0.02636316
v -0.01164033 -0.00398109 0.02421936
v -0.01164033 -0.00398109 0.02421936
v 0.02021247 0.01738221 0.01641096
v 0.03968127 -0.01779159 0.00373176
v -0.01930113 0.00242421 0.01374066
v 0.02965887 -0.03787059 0.00288126
v -0.04700673 -0.01415829 0.00170586
v -0.04464513 0.01774851 0.00433476
v 0.03144447 -0.03767259 0.00244206
v 0.03380607 -0.02158869 0.00531216
v 0.00903807 0.03627681 0.04698486
v -0.01572993 -0.01670439 0.01434816
v -0.04285953 -0.03082089 -0.00805374
v -0.04285953 -0.03468459 -0.00159624
v 0.01082367 -0.00650469 0.02413386
v 0.00552447 -0.03079389 -0.02973564
v 0.01260927 0.00109761 0.01736406
v -0.01452033 0.00445821 0.04896396
v 0.00258687 0.03390891 0.06189066
v 0.03207807 0.02171571 0.00063756
v 0.03443967 -0.01051599 0.01255896
v -0.02218113 -0.02989119 -0.02884194
v -0.03220353 -0.02402229 -0.03445974
v -0.02039553 -0.03749619 0.00233766
v 0.01145727 0.00527181 0.05108436
v 0.02856447 0.00218661 0.01446246
v -0.01567233 0.00337371 0.04748976
v 0.00615807 -0.01292169 0.00278046
v 0.01324287 0.00136941 0.02074896
v -0.00680193 -0.01566759 0.00869886
v -0.03156993 0.01179951 0.00462276
v 0.00028287 -0.01391979 -0.03400434
v 0.00028287 -0.02974089 -0.02895174
v 0.00264447 -0.00603849 0.04588596
v 0.03922047 0.02079321 0.00601776
v -0.04689153 -0.03300519 -0.00014904
v -0.00029313 -0.01065549 0.04144896
v 0.01917567 0.00620781 0.02747106
v 0.04100607 0.00198591 -0.03331584
v 0.04809087 -0.01968249 0.00313056
v -0.03802113 -0.03522819 -0.00214074
v -0.03802113 -0.02962929 -0.03392964
v 0.01330047 -0.03851319 0.00591156
v -0.01382913 -0.00417009 0.04428396
v -0.02385153 -0.03716319 0.00203526
v -0.04389633 -0.03626409 0.00193176
v 0.04930047 -0.02312769 0.00936396
v 0.02453247 0.00067191 0.01444986
v 0.04636287 0.00649221 0.00860976
v 0.04872447 -0.00204969 0.00800496
v 0.00684927 -0.01175259 -0.03392424
v 0.02338047 0.01388571 -0.03393414
v 0.02338047 0.00753171 0.01216926
v 0.03046527 -0.02047269 0.00690426
v 0.02280447 -0.00710679 0.01612206
v 0.04227327 -0.03932319 0.00905976
v -0.01670913 0.03018291 0.02822076
v -0.02436993 0.01579101 0.01118736
v -0.01964673 0.01206681 0.01517256
v -0.01728513 -0.00320529 0.01642266
v -0.02258433 -0.01383519 0.02090286
v 0.00926847 0.01207041 0.05734566
v 0.01635327 0.00659301 0.01433466
v -0.04262913 -0.03624069 0.00939726
v 0.03346047 -0.01187769 0.01254456
v 0.05056767 -0.00269319 0.01055736
v 0.04826367 -0.03943839 0.00953046
v -0.00835713 -0.01481169 0.00983016
v 0.02821887 0.02679441 0.01080576
v 0.04532607 -0.03696519 0.00087516
v -0.02189313 -0.02752419 -0.00152694
v 0.02942847 0.01600431 0.00642636
v -0.01480833 -0.00035859 0.02009196
v -0.02719233 0.00708171 0.01229886
v -0.03012993 -0.03284139 -0.01106334
v -0.02540673 0.01492701 0.01085346
v -0.04781313 0.01883031 0.00514116
v 0.04302207 -0.00648579 0.00583236
v 0.04008447 -0.02266599 -0.03420774
v -0.04366593 0.02755311 0.00888516
v -0.02183553 0.00040641 0.01676376
v -0.02183553 -0.03886869 0.00875466
v -0.03421953 0.01556961 -0.03533994
v -0.01711233 0.00162141 0.01319526
v -0.01711233 0.00162141 0.01319526
v -0.02713473 0.02204961 -0.00982584
v -0.03951873 -0.02695359 -0.03419154
v 0.05131647 -0.02595459 0.01024056
v -0.01120023 0.02266251 0.06279066
v -0.03832983 -0.03444789 -0.00533844
v -0.02122263 0.01921821 -0.01708704
v 0.04012137 0.02568201 0.00816246
v -0.04835223 -0.01715169 0.00653796
v -0.03360663 -0.02142039 0.00397836
v 0.04720617 -0.03108639 0.00231426
v -0.03890583 0.00690171 0.00414216
v -0.03182103 0.01134951 -0.03515994
v -0.00232983 0.02198481 -0.00821754
v -0.00762903 -0.03959769 0.00961596
v 0.01834857 -0.03593019 -0.00700074
v -0.04829463 0.01865661 0.00680526
v -0.00169623 0.01587291 0.06453666
v 0.05141097 0.01113441 0.01035216
v -0.02231703 0.02196951 0.03672846
v -0.00284823 -0.01743339 0.00479916
v 0.05083497 -0.03617409 0.00943326
v -0.03763863 -0.02107839 -0.03505464
v -0.04766103 0.00928311 0.00207936
v -0.03055383 0.02565591 0.00966186
v 0.01604457 0.02058711 0.05254236
v -0.02583063 0.00127131 0.01718766
v -0.05059863 -0.01832079 0.00900486
v -0.00163863 -0.02925849 -0.00653454
v 0.00250857 -0.00480819 -0.03392784
v 0.03199977 0.01227111 0.00817416
v 0.00193257 0.03316461 0.01913976
v 0.04853097 0.02169591 0.00217386
v 0.00665577 0.01917771 -0.02218194
v -0.02047383 0.00021381 0.01569816
v -0.03579543 -0.02008929 -0.03525804
v -0.01868823 0.00994641 0.01160766
v 0.01552617 -0.00425829 0.01765926
v 0.04737897 0.02621391 0.00986616
v -0.02634903 0.01592691 -0.03505374
v -0.00215703 -0.00581619 0.04602276
v -0.04403223 -0.03540459 0.00158706
v -0.01454103 -0.03594999 0.00087606
v 0.01731177 0.00720231 0.01450206
v -0.00509463 -0.02004519 0.00476406
v -0.04696983 -0.01516089 0.00171846
v 0.00199017 0.01480551 -0.03472524
v 0.00435177 0.03060681 0.06318306
v 0.00435177 0.03060681 0.06318306
v -0.03752343 0.00647421 -0.03399534
v 0.03856617 -0.00916599 0.00994986
v -0.00094743 -0.02318619 -0.00107784
v 0.00141417 -0.00264639 0.04953546
v -0.02807703 0.01043421 0.01429596
v 0.01086057 -0.03547299 -0.00152874
v 0.03977577 0.00596931 -0.03253644
v -0.04869783 0.01836051 0.00051336
v 0.05158377 0.01933611 0.00967086
v -0.00739863 0.02906691 0.06327306
v -0.04691223 0.01001931 0.00149076
v -0.03216663 -0.02240589 0.00335826
v -0.03216663 -0.02240589 0.00335826
v -0.00031383 0.03088401 0.06276726
v 0.01679337 0.02747751 0.02309526
v 0.04864617 -0.03027549 0.00361026
v 0.04864617 0.02520321 0.01016586
v 0.04864617 0.02520321 0.01016586
v 0.00677097 -0.03849789 0.00594936
v -0.02035863 0.00164211 0.01445616
v -0.04748823 -0.00061059 0.00222696
v 0.03038697 -0.02316369 0.00472716
v -0.00440343 -0.00180039 0.04957686
v 0.01270377 -0.01286139 -0.03405474
v 0.04927977 -0.01387029 0.00924966
v -0.02444823 0.00616821 0.01353276
v -0.02444823 0.00616821 0.01353276
v -0.02266263 -0.02966529 -0.02993994
v -0.02030103 -0.01356969 0.02030886
v -0.02030103 -0.02923599 -0.03219624
v 0.00152937 0.03326631 0.05772906
v 0.00861417 -0.02420229 -0.03418434
v 0.01097577 0.00881421 -0.03398994
v -0.02911383 -0.01393329 0.01438596
v 0.00982377 -0.02552979 -0.03503664
v 0.00216297 -0.02801019 -0.03489804
v 0.02399337 0.01208931 0.01115046
v -0.01788183 0.00991041 0.01256076
v -0.01845783 0.02489091 0.04259466
v 0.00101097 -0.01338249 0.00248436
v 0.00573417 0.01478481 0.06085836
v -0.01667223 0.01971771 0.01244736
v 0.04939497 -0.02787159 0.00786276
v -0.02197143 0.02129901 -0.00897534
v 0.01932777 0.00217761 0.01416816
v 0.02405097 -0.02555409 0.00208026
v -0.04731543 -0.01420239 0.00199386
v -0.03314583 0.01607181 0.00281736
v -0.01367703 -0.00147729 0.02066526
v 0.00343017 -0.03651519 0.00179676
v 0.00579177 -0.03668799 0.00187776
v -0.02133783 -0.02645499 -0.03504294
v -0.01897623 0.00586311 0.01295856
v 0.01287657 0.03182001 0.05185386
v 0.04472937 0.00824181 -0.01196424
v -0.01425303 -0.00576399 0.01615536
v 0.03470697 -0.02610759 -0.00498924
v -0.03902103 -0.00266439 0.01027296
v 0.04651497 -0.01363449 0.00117486
v 0.00700137 -0.02000379 -0.00123894
v 0.01172457 -0.00172659 0.04619736
v -0.01776663 0.00230091 0.01307736
v -0.01776663 0.00230091 0.01307736
v 0.04830057 -0.01872489 0.00325566
v 0.03827817 0.02016141 0.00132426
v 0.01114857 -0.01975539 0.00121176
v 0.03004137 -0.02624079 -0.00062784
v 0.00763497 -0.00778899 0.01059336
v 0.02238057 -0.02926479 -0.00697824
v -0.03660183 -0.02044029 -0.03510234
v 0.02946537 0.02695821 0.01056366
v 0.04421097 -0.03121599 -0.01672254
v -0.00826263 0.03452721 0.05266926
v 0.03952467 0.00535281 -0.03420324
v 0.03952467 0.00535281 -0.03420324
v 0.00473427 -0.01285779 -0.03408174
v 0.02184147 0.01544181 -0.03363444
v 0.05133267 -0.00635439 0.00999756
v -0.02827053 0.01221891 0.01182366
v 0.00358227 0.03646221 0.05236236
v 0.00830547 -0.01776009 0.00048546
v 0.02305107 0.01139631 0.03388716
v 0.02305107 0.00841821 0.03388986
v 0.03192147 0.01615911 -0.03419604
v 0.04666707 0.00706101 0.00940626
v 0.02189907 -0.02975349 -0.02933334
v -0.00523053 0.03373881 0.05646996
v 0.01659987 0.00125241 0.04486446
v 0.03370707 -0.01082379 0.01278036
v 0.02132307 0.01993011 0.03459906
v -0.00816813 0.03446241 0.02655756
v -0.02055213 0.00666861 0.01193706
v 0.03313107 0.00829221 0.01206576
v 0.02074707 0.00526101 0.04102056
v -0.00874413 -0.03657009 0.00174636
v -0.05061933 -0.00386139 0.00881496
v 0.02547027 0.01696281 -0.02779344
v -0.03881133 -0.03593649 0.00083106
v -0.03644973 -0.00829659 0.01488636
v 0.03963987 0.01615371 -0.03349944
v -0.01461933 0.02387841 0.01115496
v -0.01225773 -0.03962019 0.00306486
v 0.02195667 -0.04089999 0.00929916
v -0.04940973 -0.02288919 0.00961326
v 0.02904147 -0.03535329 -0.00297144
v 0.04614867 -0.01930179 -0.00094464
v -0.04290093 -0.03843129 0.00799056
v 0.01844307 0.01961421 0.04342626
v 0.04793427 0.00359331 0.00912636
v 0.00075987 -0.03641799 0.00158616
v 0.02259027 0.00451491 0.01047726
v 0.01020627 0.00934161 0.05459166
v 0.03969747 0.01031721 -0.00063684
v 0.01965267 0.02207391 -0.00793764
v -0.02458413 0.01305771 0.03556026
v -0.00511533 -0.03373329 -0.00866934
v -0.00039213 0.01558581 -0.03340584
v 0.00196947 -0.00793839 -0.03387744
v -0.01277613 -0.00291819 0.02337426
v -0.00569133 0.00410361 0.05250546
v 0.04090707 -0.01733979 0.00183816
v 0.04326867 -0.00253749 0.00435996
v -0.00096813 -0.01122429 0.04037256
v -0.02337453 0.02290821 -0.00594684
v -0.00626733 0.01154841 0.05912406
v -0.00626733 0.01154841 0.05912406
v 0.04033107 0.00663351 -0.02916324
v 0.04269267 -0.03908469 0.00836856
v -0.01392813 0.02014161 0.01191546
v -0.04105773 -0.01033779 0.00628416
v -0.00684333 -0.01112709 0.03899556
v 0.00260307 -0.00830199 0.00825786
v 0.01971027 0.00354741 0.01253916
v 0.01441107 -0.00579099 0.01725336
v -0.02037933 0.01841181 0.00757656
v -0.02037933 0.00270321 0.04248756
v -0.04750893 -0.02709129 0.00307746
v 0.00381267 -0.03926559 0.00917856
v -0.04042413 -0.03594549 0.00051606
v -0.01093293 -0.01597359 0.01228266
v -0.03806253 -0.00701049 0.01226826
v -0.02331693 -0.03753849 0.00246726
v 0.03802707 0.02487471 0.00599076
v 0.02564307 0.01586301 -0.03333114
v 0.01325907 -0.00284079 0.04478436
v 0.00323667 0.02924871 0.06288156
v 0.00323667 0.02924871 0.06288156
v 0.03272787 -0.01640739 0.01028376
v 0.02270547 0.00622041 0.03164796
v -0.02919213 -0.03899289 0.00903906
v 0.00502227 0.03206661 0.05944356
v -0.00972333 -0.01030539 0.01381086
v 0.01683027 -0.01546149 0.01007046
v 0.03157587 -0.01264359 0.01305666
v 0.01919187 -0.02695269 -0.00216414
v 0.04102227 0.01459671 -0.03321414
v -0.04745133 0.00195441 0.00187506
v 0.02097747 -0.03467109 -0.00911844
v 0.03572307 0.01195521 0.00646416
v -0.03800493 0.01621671 -0.03419874
v -0.05038893 -0.00669459 0.00946296
v -0.05038893 0.01297941 0.00864666
v 0.03042387 -0.01201359 0.01357056
v -0.01381293 -0.03774459 0.00299916
v 0.02512467 -0.03100899 -0.00789444
v -0.01675053 -0.03943749 0.00954936
v 0.05167827 0.01778631 0.00999036
v 0.03929427 -0.00708159 0.01127376
v 0.00450387 -0.01057359 0.00416736
v -0.02262573 -0.02559369 0.00281106
v -0.01790253 -0.00077259 0.04312656
v 0.04050387 0.02677011 0.01052856
v -0.01611693 0.01752261 0.01148436
v -0.02613933 -0.01186419 0.01908936
v 0.03520467 0.02447691 0.00770256
v -0.04854573 -0.01351749 0.00075996
v -0.02907693 0.01258251 0.00320526
v 0.01988307 0.00126141 0.01567746
v 0.00219987 0.00801591 0.05658336
v 0.01694547 0.02118651 0.05000076
v 0.01694547 0.01727691 -0.03068874
v 0.03169107 0.01796721 -0.00111564
v 0.03405267 0.01676031 -0.00103554
v 0.04879827 -0.02238069 0.00677646
v -0.02786733 -0.01313589 0.01609506
v -0.02786733 0.00697371 0.01095066
v 0.00870867 -0.04087929 0.00934146
v -0.03080493 0.00524931 0.01152666
v -0.03138093 0.01494051 0.00175626
v 0.03940947 -0.03960309 0.00912636
v -0.03431853 -0.00857649 0.01694196
v 0.01464147 0.00263031 0.04776156
v 0.04649427 -0.01502139 0.00085536
v 0.04649427 -0.00734529 0.00215946
v 0.02408787 0.01866111 -0.01924524
v -0.01778733 -0.02817489 -0.00294804
v -0.00361773 0.03682221 0.05190696
v 0.02823507 -0.03922419 0.00860346
v 0.04534227 -0.01787529 -0.00941814
v -0.04313133 -0.03800919 0.00071046
v -0.01364013 -0.01059789 -0.03408714
v 0.00582867 -0.00881229 0.04297176
v -0.04843053 0.02486121 0.00882486
v 0.01291347 -0.03592119 0.00044226
v 0.01763667 0.00496581 0.01586826
v 0.03474387 0.01418451 0.00551106
v 0.03946707 -0.01971129 0.00183546
v -0.01951533 -0.01623909 0.01893726
v 0.02178387 0.00645981 0.03854916
v 0.04125267 0.00923451 0.00017046
v 0.01412307 -0.00515019 0.04175226
v -0.04307373 0.02377941 -0.00068184
v 0.01060947 0.03331671 0.03744846
v -0.01652013 -0.03139239 -0.00952794
v 0.01533267 0.00491271 0.04851036
v 0.03243987 -0.02345439 0.00371736
v 0.04954707 -0.02804799 0.00919296
v -0.03892653 -0.02091819 -0.03212064
v -0.01118403 -0.03100539 -0.00908334
v -0.03595203 0.02744601 0.00959256
v -0.00409923 -0.00743259 -0.03396474
v 0.01536957 0.02500791 0.05298246
v 0.01479357 0.00192201 0.04719816
v 0.01951677 0.00039381 0.01646406
v -0.00052803 -0.02782479 -0.03494844
v 0.01894077 -0.03816039 0.00366876
v -0.03768003 0.00589821 -0.03407364
v 0.01364157 -0.00364899 0.01621746
v -0.04534083 -0.02238879 -0.00092484
v -0.00110403 0.02057361 0.06602616
v 0.04549437 0.02311521 0.00112266
v 0.00361917 -0.00672609 -0.03386574
v 0.00598077 0.03767451 0.04710186
v -0.03825603 -0.03831699 0.00562356
v -0.05064003 -0.00679089 0.00906066
v -0.04827843 -0.01104879 0.00594396
v -0.00404163 0.02719941 0.01120446
v -0.00404163 0.02719941 0.01120446
v -0.03117123 -0.02005149 0.00829026
v -0.03117123 -0.02005149 0.00829026
v 0.02015037 0.01721031 0.01644696
v -0.01936323 0.02756661 0.00956016
v -0.01700163 -0.03256509 -0.01033884
v 0.00246717 -0.03865899 0.00098406
v 0.01721277 -0.00427899 0.03275046
v 0.04670397 -0.01998309 -0.00644904
v 0.00482877 0.02753871 0.06072876
v 0.00955197 -0.00704289 0.04344066
v 0.02902077 -0.02470989 0.00299196
v -0.00047043 -0.03930249 0.00921006
v 0.00189117 0.02807331 0.06243786
v 0.00189117 0.02807331 0.06243786
v -0.02760003 -0.03206199 -0.01026234
v 0.01899837 0.00074751 0.04093776
v 0.01899837 0.02241951 0.03954096
v -0.02523843 -0.01448049 0.01756656
v 0.01369917 0.02630121 0.01109196
v 0.01369917 0.02630121 0.01109196
v 0.04555197 -0.02534169 -0.00366534
v 0.00367677 -0.01111089 0.00199476
v -0.02581443 -0.02350119 0.00522486
v -0.01872963 0.02531841 0.02095866
v -0.04113603 -0.03798759 0.00421146
v -0.04113603 -0.03798759 0.00421146
v 0.02020797 0.02018031 0.02076606
v 0.01727037 -0.00128559 0.04167216
v -0.03935043 -0.01489449 -0.03443904
v -0.01988163 -0.03575469 -0.00690444
v -0.04464963 -0.03774999 0.00121356
v -0.04758723 -0.03414819 0.00069876
v -0.03284163 0.01365621 0.00291006
v -0.00335043 -0.03270819 -0.00981504
v 0.01611837 -0.00380469 0.03186576
v -0.02811843 -0.04002069 0.00967446
v 0.03322557 0.01477221 0.00617886
v 0.02084157 0.00433221 0.01070046
v -0.03814083 -0.01971759 -0.03326454
v 0.03501117 0.02302791 0.00209646
v -0.00922563 0.00671361 -0.03400344
v -0.03635523 0.01646331 0.00316116
v 0.02735037 -0.02948529 -0.03425184
v 0.01968957 -0.01049529 0.01642086
v 0.01968957 -0.01049529 0.01642086
v 0.02441277 -0.03629739 0.00079596
v 0.03385917 0.00152331 0.01407636
v 0.02147517 0.02699601 0.01066086
v 0.02147517 0.02699601 0.01066086
v 0.01381437 -0.02286939 0.00066006
v -0.01331523 -0.03315999 -0.01037574
v -0.03336003 0.00845511 0.01035756
v -0.02627523 -0.00309009 0.01895076
v 0.02504637 -0.02072649 0.00713196
v 0.01974717 0.01366161 0.04381596
v -0.03687363 0.01019571 0.00285606
v -0.00738243 -0.02357319 -0.00111114
v -0.01976643 0.00022731 0.04157316
v 0.00206397 0.01528251 -0.03424554
v -0.02506563 0.00368871 0.01501236
v -0.01561923 0.02396931 0.05342166
v 0.00857277 0.02036931 0.06115896
v 0.01271997 0.01423221 0.05539086
v -0.00496323 0.03569091 0.03766176
v -0.02028483 -0.02880039 -0.03403764
v 0.02631357 0.02557851 0.00175536
v -0.03324483 -0.04063809 0.00920826
v -0.00139203 -0.03458919 -0.00909504
v 0.01571517 -0.00166179 0.01718856
v 0.03046077 0.01701591 0.00478026
v 0.04520637 -0.03782199 0.00521766
v -0.02909763 -0.02469909 0.00397746
v -0.02673603 -0.02892099 -0.03511674
v -0.02201283 -0.02878239 -0.03153114
v -0.00254403 -0.00819849 0.01137546
v -0.03969603 -0.01248249 0.00725886
v -0.02022723 0.01533741 -0.03434724
v 0.01398717 -0.04075509 0.00966726
v -0.03024963 -0.02489529 0.00192636
v -0.05029443 0.00130011 0.00932526
v 0.04054077 0.00364641 -0.03277494
v 0.04232637 -0.03627039 0.00040626
v -0.01429443 -0.00119829 0.01472346
v -0.01429443 -0.00119829 0.01472346
v -0.02667843 -0.01805799 0.01283076
v -0.02667843 -0.01805799 0.01283076
v -0.02667843 0.01143771 0.00700866
v -0.03670083 0.01523751 0.00162936
v -0.00720963 0.00038481 0.04983876
v 0.00695997 -0.02769159 -0.00269694
v -0.03727683 0.00542121 -0.03520134
v -0.00306243 -0.01241499 0.01212336
v 0.04825917 0.00215511 0.00398286
v -0.04021443 0.01731291 -0.02655504
v -0.02546883 0.00878271 0.01623006
v -0.02546883 0.00878271 0.01623006
v 0.00874557 -0.00691779 0.02315916
v -0.05023683 -0.00300279 0.00944496
v 0.04295997 0.02585751 0.00352836
v 0.04532157 -0.02922789 -0.00294174
v 0.01053117 -0.03433179 -0.00632034
v -0.03370563 -0.01110909 0.01609686
v -0.03370563 -0.00695199 0.01758006
v 0.04710717 0.00486321 0.00856476
v 0.02233917 -0.03574839 -0.00692604
v 0.00229437 0.03119451 0.06337386
v -0.01245123 0.03148161 0.04848876
v 0.00880317 -0.01548579 0.00356436
v -0.05017923 0.01238361 0.00836676
v -0.00179523 -0.03857979 0.00670176
v 0.01237437 -0.02249949 0.00016056
v -0.00237123 -0.01077609 0.01164546
v -0.01475523 0.02850981 0.01920006
v -0.04188483 -0.01180839 0.00479916
v -0.00294723 0.01032621 0.05738616
v -0.04482243 -0.00293709 0.00288486
v -0.01650393 0.01299561 0.04928436
v -0.01650393 0.00127761 0.04603536
v -0.04127193 -0.03056349 -0.02325024
v -0.02416473 -0.03312849 -0.01072854
v 0.01477287 -0.01219179 -0.03389454
v 0.01713447 -0.03480879 -0.01187694
v 0.03188007 0.02322411 0.00544896
v 0.01183527 -0.01533369 -0.03408624
v 0.04132647 0.02596551 0.00903186
v -0.00054873 0.03217461 0.06233166
v -0.04242393 0.00144951 0.00807786
v -0.01057113 0.01134501 0.05431356
v -0.03533913 -0.00510699 0.01617696
v -0.02059353 -0.00893199 0.01855656
v -0.01823193 0.02627151 0.04074696
v 0.04547367 0.00909231 0.00429606
v 0.02070567 -0.02312679 0.00348966
v 0.02070567 -0.02125029 0.00620046
v -0.04829913 0.00778191 0.00573606
v 0.02249127 0.01325211 -0.03477384
v 0.01010727 -0.00595299 0.02110446
v 0.00008487 -0.02699859 -0.03489624
v -0.02468313 -0.03910989 0.00932796
v 0.05140647 -0.02930169 0.01031076
v -0.00521433 -0.00111909 0.04982256
v 0.00895527 -0.03534249 -0.00061884
v 0.04080807 0.01074921 -0.03387654
v -0.04530393 -0.02410779 -0.00177534
v 0.04553127 0.00860541 0.00215316
v 0.02076327 -0.03399159 -0.00732294
v -0.02347353 0.01129731 0.03969846
v 0.02312487 0.01115421 0.00761976
v -0.03585753 -0.03754569 0.00231426
v -0.04824153 0.00207501 0.00435726
v 0.03020967 -0.01539669 0.01097586
v 0.03435687 0.02419881 0.00279846
v -0.02462553 0.01104891 0.03631896
v 0.03671847 -0.02692929 -0.00527544
v -0.00751833 0.01751541 0.06402366
v -0.01281753 0.03311241 0.03211146
v 0.00901287 -0.00682869 0.01239156
v 0.01845927 -0.03955719 0.00958806
v 0.02082087 0.01946571 -0.01619604
v 0.00077607 -0.03317529 -0.00975384
v 0.00313767 0.02666391 0.06292386
v 0.01788327 -0.00800859 0.01795716
v -0.01160793 -0.01406469 0.01442556
v 0.01022247 0.03366771 0.02802906
v -0.01454553 -0.00347979 0.04413456
v 0.00256167 0.02015511 0.06510276
v 0.03913767 -0.02014149 -0.03372084
v -0.03222873 -0.03823239 0.00595386
v -0.01748313 0.01619061 0.04853016
v -0.01039833 -0.01148979 0.01393956
v 0.04328487 -0.02727759 -0.02395944
v -0.04518873 -0.02179479 -0.00046224
v -0.01569753 -0.00656319 0.01819566
v -0.01569753 -0.00656319 0.01819566
v 0.04564647 -0.02024679 -0.00156834
v -0.01863513 0.00397941 0.01244556
v 0.02030247 -0.04004139 0.00974376
v -0.00682713 -0.02133129 0.00291726
v -0.00446553 -0.03908829 0.00906966
v 0.04685607 -0.00278589 0.00252216
v 0.01972647 -0.03663489 0.00167166
v -0.03925593 0.01991571 -0.01926054
v 0.00970407 -0.00486309 0.01600506
v -0.01978713 -0.01466229 0.02065446
v -0.01978713 -0.01466229 0.02065446
v -0.04691673 -0.00229539 0.00172566
v 0.00676647 -0.00996609 0.03287736
v 0.02151207 0.01305141 0.00815526
v -0.03747033 0.00442041 0.01205406
v 0.03332007 -0.04092159 0.00973116
v -0.00855513 -0.02186319 0.00230886
v 0.02565927 -0.00213519 0.01625616
v -0.04098393 -0.03535779 -0.00124254
v -0.04098393 -0.03535779 -0.00124254
v 0.01033767 -0.01798959 0.00270036
v 0.01269927 0.02383251 0.00934326
v -0.03153753 -0.03384399 -0.00851454
v -0.01443033 -0.00716619 0.01760526
v 0.02450727 -0.02824599 -0.03461364
v 0.02923047 -0.03958059 0.00926406
v 0.04633767 -0.01106859 0.00180846
v -0.04213593 -0.01985169 -0.01786194
v -0.01264473 0.02715801 0.01064106
v 0.04869927 -0.02970039 0.00093546
v 0.02393127 -0.03405459 -0.01060524
v 0.00624807 -0.03977769 0.00977076
v -0.02088153 -0.00156009 0.03760776
v -0.02088153 -0.00095349 0.01697706
v 0.00803367 0.03547041 0.05145966
v 0.03458727 0.01566051 -0.03457494
v 0.02220327 -0.03866979 0.00639306
v 0.02456487 0.00216501 0.01309626
v -0.01967193 0.01954311 0.00985626
v -0.00492633 -0.03536319 -0.00889704
v 0.01690407 -0.01236099 0.01247256
v -0.04207833 0.01643631 0.00166176
v 0.00452007 0.02002641 0.06323076
v 0.03401127 0.02614641 0.01018296
v -0.03735513 -0.03020079 -0.03279744
v 0.02871207 -0.02082369 0.00657576
v -0.00077913 0.02344641 0.06573006
v -0.00077913 0.02344641 0.06573006
v 0.00866727 0.01931991 0.06098346
v -0.03556953 0.01568571 0.00186876
v 0.01339047 -0.03986859 0.00322776
v -0.00135513 -0.01066539 0.04135446
v 0.00100647 0.03820911 0.04947516
v -0.02139993 0.02240061 -0.00717714
v 0.04230567 0.02571711 0.00950256
v 0.03936807 0.00455721 0.01047366
v 0.04409127 -0.02433459 -0.01944504
v 0.00930087 -0.02949519 -0.00726534
v 0.03879207 -0.02254269 -0.00079794
v 0.03879207 -0.02254269 -0.00079794
v -0.02019033 -0.01837749 0.01337706
v -0.02019033 -0.02815689 -0.03492954
v -0.04731993 -0.01233219 -0.00008964
v 0.01638567 0.00620871 0.04801536
v -0.02312793 0.00364371 0.03632886
v -0.01840473 0.01187421 0.04751316
v 0.04293927 0.00817791 0.00094716
v -0.01368153 0.02748471 0.05248746
v 0.00578727 0.03747471 0.04942746
v 0.00699687 -0.03947529 0.00953946
v 0.02174247 0.01963491 0.02612106
v -0.04726233 0.02612391 0.00880056
v -0.01540953 0.01950351 0.01157526
v -0.01540953 0.01950351 0.01157526
v -0.02779353 0.00945591 0.01032606
v -0.01304793 0.01438971 0.05559156
v 0.05008167 -0.00145029 0.01057086
v 0.02295207 0.00682071 0.03233376
v 0.04242087 0.02662161 0.01024146
v 0.04478247 -0.04097379 0.00959166
v 0.01943847 -0.00054399 0.03866616
v 0.01886247 0.02512761 0.03468456
v 0.02358567 0.01124061 0.00611136
v 0.01592487 0.00097431 0.04525326
v -0.01237743 -0.02509149 -0.00005004
v 0.03658257 -0.04107099 0.00989496
v -0.04716783 0.00387681 0.00149346
v -0.03242223 -0.03216369 -0.01044594
v 0.04602897 -0.02660889 -0.00152874
v -0.04538223 -0.02156619 -0.00776304
v 0.00357777 0.01585491 -0.03365784
v -0.03829743 0.00346641 0.00951336
v -0.02119023 0.02087421 0.04115286
v -0.04595823 -0.00971229 0.00201906
v 0.00064017 0.03433191 0.06107526
v -0.04359663 -0.01890309 -0.01154574
v 0.03721617 0.00069441 0.01293156
v 0.01008657 -0.00652089 0.02221326
v -0.00465903 0.03528591 0.05422536
v 0.00006417 0.01620141 -0.02930814
v 0.00006417 -0.03464949 -0.00850734
v 0.01717137 -0.00087069 0.01714446
v 0.04666257 0.02657931 0.00976896
v -0.00523503 0.02752431 0.00973026
v 0.04078737 -0.02466039 -0.03415644
v -0.00344943 -0.01170849 0.03504366
v -0.01640943 0.02630751 0.01063026
v -0.01404783 -0.02139519 0.00650556
v 0.02252817 0.00634461 0.03604986
v -0.00223983 -0.01811379 0.00021546
v 0.03197457 -0.03928269 0.00767016
v 0.01192977 0.02435001 0.01005696
v 0.01665297 0.00629151 0.02651256
v 0.04084497 -0.01954119 -0.02844234
v -0.00339183 -0.00864039 0.01220436
v -0.02815983 -0.03802089 0.00480276
v 0.01843857 -0.03751599 0.00256356
v 0.03554577 0.02156271 -0.00141894
v -0.02107503 -0.02837199 -0.03304404
v 0.01077777 -0.00480639 0.01431846
v 0.01077777 -0.00480639 0.01431846
v -0.04820463 0.01743441 0.00614826
v 0.00075537 0.01469391 -0.03364344
v -0.02401263 0.01426101 0.00709596
v -0.01928943 -0.03175779 -0.00975294
v -0.04405743 -0.03788679 0.00948906
v 0.02200977 0.02573601 0.00229986
v 0.03911697 -0.01145109 0.00873666
v 0.04147857 0.00762801 0.00140346
v 0.02143377 0.00747681 0.01425726
v 0.02379537 -0.01088319 0.01526886
v -0.01393263 -0.00229089 0.01471356
v -0.01393263 -0.00229089 0.01471356
v 0.02972817 0.02242311 0.00285156
v -0.04399983 -0.03355239 0.00808686
v -0.04163823 -0.00519159 0.00790776
v 0.04919697 -0.01967529 0.00894006
v -0.00506223 -0.03650439 0.00166266
v -0.00506223 0.01519521 0.06354666
v -0.00270063 -0.01222419 0.00697536
v -0.04221423 -0.01517979 0.00352206
v -0.01272303 0.02336991 0.01178946
v -0.04987503 -0.02187309 0.00994446
v 0.03566097 0.02718141 0.01036386
v -0.01917423 0.00228291 0.04379796
v 0.02212497 -0.03329229 -0.00907434
v 0.03923217 0.02653431 0.01028826
v -0.01738863 0.01062411 0.01183266
v -0.00028143 -0.01567119 0.00080046
v 0.00444177 0.03326001 0.06191136
v 0.00680337 -0.03002889 -0.00803124
v -0.00794223 -0.00844059 0.02859066
v -0.04981743 0.00479211 0.00855936
v -0.02562543 0.01070871 0.01514736
v 0.01095057 -0.03986049 0.00318816
v 0.00092817 0.02954031 0.01333656
v 0.04516497 -0.02088399 -0.00176094
v -0.04330863 -0.01784649 0.00198936
v -0.00673263 -0.00458139 0.01403046
v 0.02512017 -0.01217199 0.01397556
v 0.00035217 0.01542021 -0.03173994
v 0.00743697 -0.01125759 0.00579546
v 0.03692817 -0.03361179 -0.00837324
v 0.01688337 -0.01212429 0.01557936
v -0.04975983 -0.01303599 0.00945396
v -0.01790703 -0.03477999 -0.00441504
v 0.02575377 0.00877191 0.00818766
v -0.04797423 -0.02367849 0.00748026
v -0.01612143 0.02093631 0.01225026
v -0.01612143 -0.00679899 0.03770496
v -0.04088943 -0.03981639 0.00479196
v -0.04088943 -0.03981639 0.00479196
v 0.04994577 -0.03150039 0.01048446
v 0.02281617 -0.03652959 0.00151326
v -0.02199663 0.00005991 0.03640266
v 0.02696337 -0.02472609 -0.03461364
v -0.00252783 0.00949371 0.05684166
v -0.00016623 -0.00024159 0.05121036
v 0.03640977 0.00893211 0.00977796
v -0.01548783 -0.00117309 0.01388106
v 0.04821777 -0.01066989 0.00325116
v 0.05057937 -0.01204689 0.01064376
v -0.01606383 0.03095871 0.03134556
v -0.04083183 -0.03891099 0.00126036
v -0.04083183 -0.03891099 0.00126036
v -0.04849263 0.02205951 0.00857466
v -0.00425583 -0.01298829 0.01324476
v -0.02902383 -0.02580249 0.00186066
v -0.00483183 -0.00454899 0.01402326
v 0.04412817 0.02188671 -0.00531324
v -0.00068463 -0.00456789 0.01470006
v -0.00068463 -0.00456789 0.01470006
v 0.04827537 -0.02827209 0.00342846
v -0.02072943 -0.02640729 0.00129456
v 0.00818577 0.02717511 0.01051146
v -0.02130543 -0.03178659 -0.00997434
v 0.01054737 -0.01294149 -0.03407094
v -0.01185903 0.03263001 0.03932316
v 0.04948497 -0.00471549 0.00946026
v 0.03946257 0.00678921 -0.03319074
v 0.03946257 0.00678921 -0.03319074
v 0.01233297 0.00466791 0.05021766
v 0.00231057 -0.01126569 0.04011876
v 0.00467217 -0.02977599 -0.00755064
v -0.01007343 -0.03412209 -0.00589914
v -0.01301103 -0.02790219 -0.00273834
v 0.01118097 -0.00732639 0.02847276
v -0.00356463 -0.01188849 0.03873726
v -0.04071663 0.00900141 0.00211086
v -0.00886383 0.03453441 0.04187016
v -0.04837743 0.00022191 0.00658926
v -0.03363183 -0.03538839 -0.00180414
v -0.01652463 -0.03546219 -0.00844704
v 0.04718097 0.02326371 0.00204786
v 0.04718097 0.02326371 0.00204786
v 0.02241297 -0.00363999 0.01709766
v 0.05073147 -0.03215739 0.01058886
v -0.00825093 -0.00714459 0.02360286
v 0.04070907 0.00753351 -0.03018024
v 0.01594107 -0.02074449 0.00499986
v 0.01830267 -0.03521649 -0.00157104
v -0.02593413 -0.02563149 -0.03529764
v -0.01118853 0.02747661 0.01011186
v -0.04834053 -0.02277219 0.00759276
v 0.00770427 -0.01045569 0.03920886
v -0.02708613 0.00952521 0.01532196
v 0.00948987 -0.00549849 0.01843866
v -0.02000133 -0.00281739 0.01704456
v -0.01763973 0.01633281 0.05257926
v -0.04004613 0.00557511 0.00388656
v 0.01363707 0.02170221 0.00846846
v 0.04548987 -0.03813969 0.00811116
v 0.00597627 0.03752871 0.04505706
v 0.05021307 0.00054411 0.01058706
v -0.03826053 -0.01493319 0.00449496
v 0.00303867 0.02841261 0.06173766
v 0.04727547 -0.01155909 0.00249516
v 0.00540027 -0.00975549 0.04175676
v -0.01936773 0.00451491 0.01176696
v -0.03468933 0.00761631 0.01108656
v -0.01049733 0.03172281 0.05437116
v -0.00871173 -0.03326709 -0.01016784
v -0.05058693 -0.01287039 0.00942786
v 0.01075707 0.02483511 0.01237716
v -0.03347973 0.01166721 0.00375696
v -0.01873413 -0.00425289 0.03735666
v 0.02786427 -0.03755379 0.00276876
v -0.03877893 0.00554001 0.00766476
v 0.02256507 0.01881411 -0.01826874
v -0.04643973 -0.00716079 0.00183906
v -0.01222533 0.00779721 0.05158746
v 0.00488187 -0.03615969 0.00120006
v 0.03437307 0.02563521 0.00202896
v 0.00724347 0.03215571 0.05663106
v -0.03699333 -0.00240789 0.01304586
v -0.03699333 -0.00531759 0.01238976
v 0.01196667 -0.01889319 0.00363546
v -0.01516293 -0.00711219 0.03687426
v 0.04854267 -0.02490789 0.00363906
v 0.02377467 -0.01780599 0.01002996
v -0.04995333 0.01229541 0.00766836
v -0.03048453 -0.02004159 0.00940356
v -0.03048453 -0.02004159 0.00940356
v 0.04560507 -0.02344179 -0.00277074
v -0.02576133 -0.01462809 0.01543626
v -0.00865413 -0.01055109 0.01372446
v -0.02103813 0.01395411 -0.03433734
v -0.00393093 0.03711201 0.04289346
v -0.04108293 0.02284521 -0.00629514
v 0.00021627 0.03302601 0.05976666
v 0.03443067 -0.02557029 -0.00260064
v -0.00035973 -0.02937459 -0.03139614
v 0.01910907 0.01500081 0.00473256
v 0.01910907 0.01613211 0.02193606
v 0.04330107 0.00878451 0.00085086
v 0.03091707 0.02306301 0.00624816
v 0.01087227 -0.00869979 0.03071646
v 0.02561787 -0.03366939 -0.00896364
v 0.01323387 0.00126681 0.04713516
v -0.01625733 -0.00242409 0.04366026
v 0.03034107 0.01119291 0.00866916
v 0.04508667 -0.03857169 0.00740826
v 0.02268027 0.01060431 0.01518336
v 0.02268027 -0.03515079 -0.00426384
v 0.01029627 -0.02043579 0.00025776
v 0.01501947 -0.01284339 0.01382076
v 0.04393467 -0.03273519 -0.01414044
v 0.01386747 0.03191901 0.04618296
v -0.01562373 0.02413311 0.00982566
v 0.03333627 0.01280661 0.00765756
v 0.00620667 -0.00815979 0.00948816
v 0.00856827 0.02631471 0.01249056
v 0.00090747 0.02823351 0.06263496
v 0.01565307 0.01005801 0.04956066
v 0.04986747 -0.02959149 0.00993816
v -0.04862853 -0.02191089 0.00795546
v 0.01271547 -0.00878799 0.03686976
v -0.04390533 0.02473791 0.00052506
v 0.04929147 -0.00497919 0.00771516
v 0.04871547 -0.03204489 0.00833886
v -0.03739653 -0.00870969 0.01290006
v 0.01392507 -0.00699789 0.03930246
v 0.04341627 0.01620771 0.00851796
v -0.01084293 -0.01964199 0.00597366
v -0.01084293 0.00989781 0.05295366
v -0.02086533 0.02563431 0.03190086
v -0.04563333 0.00413331 0.00194976
v -0.01378053 0.02719761 0.05135256
v 0.02043387 -0.03892539 0.00111186
v -0.00905733 -0.00613659 0.02116566
v 0.00804987 -0.01627959 0.00170046
v -0.01671813 0.01337631 0.01157706
v 0.03696507 0.02188671 0.00024246
v 0.04168827 -0.03037089 -0.02641194
v -0.01493253 -0.03799389 0.00420066
v -0.00018693 -0.01152669 0.04002156
v 0.05113467 -0.01740099 0.01030986
v -0.03791493 -0.00922629 -0.03538494
v -0.01902213 0.01473621 0.01426986
v -0.01902213 0.01473621 0.01426986
v 0.01519227 0.00357981 0.01459206
v -0.01193733 -0.00373539 0.02459196
v -0.03670533 -0.01064379 0.01266876
v 0.02463867 -0.03405729 -0.00726084
v -0.01723653 0.01121631 0.01240506
v 0.04116987 0.00448521 0.00552096
v 0.04116987 0.00280131 0.00633276
v -0.02783493 -0.03270189 -0.02139084
v 0.03350907 -0.02433009 0.00190476
v -0.01660293 0.02228901 0.01076616
v -0.04137093 -0.02964909 -0.02476494
v -0.02662533 -0.02185959 0.00938646
v 0.00522747 -0.01414929 -0.03411234
v -0.04903173 -0.00519159 0.00162486
v -0.04667013 0.00185541 0.00166536
v -0.03958533 0.00647601 -0.02879784
v -0.03958533 0.01367691 -0.03414474
v -0.02247813 -0.03285669 -0.01047654
v -0.00773253 -0.00661359 0.02099196
v 0.01409787 -0.00269319 0.03043836
v 0.02884347 0.01084011 -0.03401244
v -0.04488453 0.00648141 0.00147636
v -0.02777733 -0.03162009 -0.00972504
v -0.03779973 0.00889521 0.00555786
v -0.05018373 -0.00088239 0.00936126
v -0.00358533 -0.02996859 -0.00771084
v -0.04546053 0.02597631 0.00572346
v -0.04546053 0.00248091 0.00333846
v -0.00888453 0.03464241 0.03303216
v 0.02532987 -0.02944299 -0.00700614
v -0.04839813 -0.01364979 0.00658656
v -0.02714373 0.01310361 0.01261656
v 0.00470907 -0.00487929 0.00915696
v -0.03952773 0.01617711 -0.03088134
v 0.01298277 -0.00715089 0.03251826
v 0.00768357 0.01522401 0.06020766
v 0.03129957 -0.02921979 -0.03459834
v 0.02127717 0.02138631 0.03042306
v -0.04772763 0.00498741 0.00229626
v 0.00359397 -0.03348579 -0.00964404
v 0.02306277 0.01241961 0.03254076
v -0.05066523 0.01796811 0.00865116
v -0.05066523 -0.00148809 0.00904266
v -0.00170523 -0.01118739 0.04064706
v -0.03885723 -0.01057089 0.01081746
v 0.01010277 0.01623201 0.05922126
v 0.02484837 -0.01502319 0.01174626
v 0.02720997 0.02176791 -0.00935154
v -0.01702683 0.02328081 0.01627056
v 0.02191077 0.00313971 0.01307736
v -0.00285723 -0.01165449 -0.03396744
v 0.04374117 -0.03522189 -0.00124974
v -0.02998683 -0.03592389 0.00085266
v -0.04237083 0.02189661 -0.00816174
v -0.00579483 0.03360291 0.05824566
v -0.00579483 -0.04010889 0.00614736
v -0.01817883 0.02457411 0.01888236
v -0.01817883 0.00399561 0.04583286
v -0.05060763 -0.01179399 0.00953676
v 0.01073637 -0.00358509 0.01621566
v -0.04588443 -0.02265249 -0.00660744
v -0.03113883 -0.01030449 0.01767816
v 0.03728997 0.01191741 0.00218916
v -0.00694683 -0.00847659 0.04360086
v -0.00222363 0.03644781 0.05295006
v 0.04143717 0.00902031 -0.02818044
v -0.00279963 -0.00547329 0.04626216
v -0.00101403 0.03096321 0.06112476
v -0.02578203 -0.01428519 0.01634076
v 0.03556197 -0.03485919 -0.00541224
v 0.03792357 0.00583521 0.01127646
v -0.03344283 -0.02332389 -0.03456504
v 0.00313317 0.03059511 0.01508346
v 0.02024037 0.01943421 0.00261216
v -0.02163483 0.00255381 0.02933856
v 0.01730277 0.02580531 0.03897396
v 0.04149477 0.00290481 0.00549936
v 0.02911077 0.01208841 0.00832626
v -0.04755483 0.02341401 0.00795546
v -0.03280923 -0.00944769 0.01728846
v 0.00140517 -0.00959349 0.00774936
v -0.01334043 -0.02422839 0.00362016
v -0.02572443 0.02193081 -0.00956394
v 0.04034277 -0.03975789 0.00948186
v -0.00389403 0.01720221 0.06508026
v -0.00389403 0.01720221 0.06508026
v -0.01627803 0.02635701 0.04456116
v -0.02630043 0.02308911 0.00848106
v -0.04634523 0.00800601 0.00110646
v -0.00210843 -0.00458859 -0.03398544
v 0.04448997 -0.03935919 0.00981666
v 0.00025317 0.03843411 0.04606866
v 0.00261477 -0.03564669 -0.00712674
v 0.01736037 -0.00367419 0.03860226
v -0.00976923 -0.03605529 0.00122706
v -0.01743003 0.01008861 -0.03433644
v -0.02745243 -0.01448319 0.01466856
v -0.01034523 -0.00419619 0.01493946
v -0.02272923 0.00168081 0.01620756
v -0.00326043 -0.01898229 0.00012546
v 0.01327077 0.00143061 0.01492596
v 0.02035557 0.00679191 0.02769246
v 0.04984677 -0.03734769 0.00990666
v 0.02271717 0.01121091 0.00676206
v -0.03626523 -0.01989039 0.00412686
v -0.00441243 -0.01199829 0.01381086
v -0.03684123 0.00900591 0.00842256
v -0.03684123 -0.03426069 -0.00687924
v -0.01973403 -0.00393609 0.01749276
v 0.01920357 -0.00247719 0.03269646
v -0.01028763 0.03187041 0.05509836
v 0.05105637 0.02057271 0.01031256
v -0.02031003 0.00542211 0.04404636
v -0.04035483 0.00166461 -0.03040524
v 0.00624357 -0.04088109 0.00944946
v 0.02335077 0.01290651 0.01085076
v 0.03809637 0.00579561 -0.03445884
v 0.01096677 -0.00312699 0.01556226
v 0.00094437 -0.04026099 0.00656046
v 0.04990437 0.00870981 0.00220986
v -0.00435483 0.00757311 0.05496246
v 0.01747557 0.00197151 0.01664856
v -0.00729243 -0.03803799 0.00382806
v -0.01967643 -0.03929709 0.00941166
v -0.00493083 -0.01393149 -0.03421944
v -0.00020763 -0.03397989 -0.01023984
v -0.01259163 -0.00410259 0.01490256
v -0.03027483 0.01376061 0.00285426
v -0.04265883 -0.02495919 -0.02066904
v -0.04559643 -0.02329059 -0.00067104
v 0.01810917 -0.02663319 -0.00202284
v -0.00665883 0.01843521 0.06482736
v 0.02755557 -0.03534879 -0.00950184
v -0.00193563 -0.03323379 -0.00993744
v 0.00042597 0.01583331 -0.02945754
v 0.00278757 0.02047731 -0.01193544
v 0.00278757 -0.03745209 0.00229266
v 0.04702437 -0.02611029 0.00176886
v 0.00987237 0.01195611 -0.03495744
v -0.01725723 0.01842081 0.05058396
v -0.00602523 0.02960601 0.06321996
v -0.00366363 -0.01697169 0.00682056
v 0.01580517 0.01612761 0.05075766
v -0.03845403 0.00714021 0.00876996
v -0.05083803 0.01906341 0.00823896
v 0.04944357 0.02039001 0.00276966
v -0.03903003 0.01700151 -0.02972574
v -0.00481563 0.01556961 -0.03502044
v 0.00463077 -0.01621029 -0.03399804
v -0.00775323 0.03233391 0.01926666
v -0.00775323 -0.00470199 0.01398726
v -0.02779803 0.01518261 0.00229446
v 0.05065317 -0.00020919 0.01058166
v -0.02601243 0.02036121 -0.01660824
v 0.00820197 -0.01494669 -0.03398994
v 0.01292517 0.00240621 0.01611216
v -0.04605723 0.00587661 -0.00616554
v 0.01528677 0.02632101 0.01097946
v 0.01528677 0.02632101 0.01097946
v 0.03947877 -0.03586269 -0.00116694
v -0.03188763 -0.00053049 -0.03436884
v -0.01714203 0.01720941 0.05030496
v 0.04656357 -0.02521299 0.00112536
v -0.02480283 0.01545621 0.01058166
v -0.04484763 -0.03735309 0.00546426
v 0.01649637 -0.01272909 0.01173546
v 0.02121957 0.01335021 0.02477286
v -0.02301723 0.00529611 0.01266606
v -0.02301723 0.00529611 0.01266606
v -0.00827163 0.03112611 0.01751796
v 0.03832677 0.02024331 0.00489456
v -0.04542363 -0.01726059 -0.00773244
v -0.04836123 0.00421521 0.00507366
v 0.00708687 0.00957741 0.05667786
v -0.00765873 0.03486651 0.03786246
v -0.02770353 -0.03377829 -0.00796914
v 0.00887247 0.03621921 0.04883886
v 0.03836367 -0.01797249 -0.03485574
v 0.03836367 -0.01797249 -0.03485574
v -0.05010993 -0.00613119 0.00941976
v -0.01825713 -0.03631539 0.00142416
v -0.04538673 -0.03549549 0.00026676
v -0.01589553 0.02929551 0.03992796
v 0.03306447 -0.03811359 0.00300456
v 0.01065807 0.03234651 0.05333436
v -0.01410993 0.02004891 0.01157706
v -0.03651633 -0.02303319 0.00201456
v 0.03191247 0.02710401 0.01049436
v -0.01232433 -0.00280029 0.01471266
v 0.01952847 0.01907241 0.04120326
v 0.04901967 -0.01905339 0.00728856
v -0.03473073 -0.04052559 0.00947466
v -0.00287793 -0.01145919 0.01009566
v 0.00420687 -0.00497019 0.04601376
v -0.02528433 0.01543911 0.00391986
v 0.02367567 0.01734171 0.00373626
v -0.04296753 0.00432321 0.00389646
v -0.01347633 -0.00807519 0.01706256
v -0.01111473 -0.02387829 0.00094806
v 0.04256847 -0.04124109 0.00950706
v 0.02252367 0.01585131 -0.02927484
v -0.04648113 -0.01426719 0.00171756
v 0.01958607 0.01875381 0.01893456
v -0.00282033 0.03175881 0.01640916
v 0.02845647 0.01670001 0.00558936
v 0.03790287 -0.01123509 0.00983196
v -0.02107953 0.00354831 0.02535696
v 0.01077327 0.03098121 0.05488776
v -0.04820913 -0.02189559 0.00477126
v -0.01635633 0.01442211 0.01160586
v -0.02637873 -0.01378569 0.01795806
v 0.00783567 0.02570001 0.06038046
v 0.04205007 0.00047391 0.00821826
v 0.01964367 0.00959901 0.01519956
v -0.02459313 0.00536811 0.01287216
v 0.02909007 -0.01249239 0.01364616
v 0.01376847 -0.03084699 -0.00823284
v 0.01376847 0.03088041 0.02453526
v -0.01572273 0.01805361 0.05392836
v 0.04798287 -0.01592139 0.00293976
v 0.03559887 0.00446451 0.01311516
v 0.02321487 0.02530491 0.00132426
v 0.01319247 -0.00862959 0.03558546
v -0.04578993 0.00511161 0.00144846
v 0.00317007 0.01606191 0.06230376
v 0.02263887 0.00695481 0.01222326
v 0.02263887 -0.00131799 0.01637496
v -0.01923633 0.01869441 0.01203516
v -0.00449073 0.00945681 -0.03416544
v 0.02736207 0.01633821 -0.03370014
v -0.01687473 -0.03567189 0.00001026
v -0.00212913 0.03563781 0.02813346
v 0.02972367 -0.03818829 0.00364536
v -0.04400433 -0.00798609 0.00294246
v 0.03444687 -0.01768449 0.00864126
v 0.00731727 -0.04070469 0.00981486
v -0.00506673 -0.03551799 -0.00101664
v 0.04389327 -0.03413559 -0.00397134
v 0.03150927 0.01749111 -0.00040734
v 0.02148687 0.02423301 0.00076806
v -0.02274993 0.00984291 0.04162806
v -0.03513393 0.01372191 -0.03551274
v -0.04751793 0.00359331 0.00174636
v -0.03041073 -0.01275969 0.01517256
v -0.04043313 -0.03207099 -0.01019124
v 0.04746447 -0.03546579 0.00596106
v -0.02390193 0.02649381 0.01027296
v -0.02390193 0.02649381 0.01027296
v -0.03628593 -0.03587349 0.00050526
v -0.01681713 0.01922181 0.04948686
v 0.00973647 -0.00546519 0.04467186
v -0.01503153 0.01966731 0.05541516
v -0.02033073 0.01013271 0.04521996
v -0.01560753 0.01707981 0.01284066
v 0.03571407 0.01412691 0.00372456
v 0.02333007 0.01352301 -0.03422214
v 0.04043727 -0.01700139 -0.03317364
v 0.00328527 -0.00526719 0.00903996
v 0.03513807 0.01943331 -0.00147474
v 0.04458447 -0.03891459 0.00922536
v 0.00213327 0.02222421 -0.00724734
v 0.01687887 0.00589191 0.01447776
v -0.04740273 -0.02918559 0.00620046
v -0.00316593 0.03095781 0.06158106
v -0.00610353 -0.02293509 -0.00090234
v -0.01848753 -0.01153839 0.01822266
v -0.01848753 -0.01153839 0.01822266
v 0.01572687 -0.03505899 -0.00296064
v 0.04521807 -0.00336459 0.00315756
v 0.02223567 0.00226401 0.01408896
v 0.04170447 -0.00637329 0.00918756
v 0.01457487 -0.00765759 0.03585366
v -0.00017073 0.01380651 0.06287436
v 0.01693647 0.02472711 0.04856706
v -0.01255473 0.02517081 0.01283256
v 0.00455247 0.03532191 0.02724336
v 0.02165967 0.01474161 0.01191456
v -0.04734513 0.01250061 0.00183006
v 0.00869967 -0.00302439 0.04643226
v -0.02079153 -0.00726789 0.01862316
v -0.04792113 0.01961241 0.00577206
v -0.01606833 0.01887351 0.01213236
v -0.01606833 0.01887351 0.01213236
v -0.00132273 -0.00560739 0.01061226
v -0.00955953 0.02473161 0.06402186
v -0.00305073 -0.01522479 -0.03414114
v -0.01307313 0.02951331 0.05448366
v 0.00109647 -0.00521229 0.00989946
v 0.00345807 0.00530421 0.05391846
v 0.00524367 0.03113691 0.01662426
v -0.00950193 0.03436521 0.05083776
v -0.01831473 -0.01632549 0.01704186
v 0.00115407 -0.00383439 0.04692636
v -0.01122993 -0.00384339 -0.03407184
v 0.03536847 -0.03123399 -0.00707634
v 0.03536847 0.01528881 -0.00088614
v 0.01060047 -0.02285589 -0.00099954
v -0.01889073 0.00347721 0.01258146
v -0.01889073 0.00347721 0.01258146
v 0.04717647 -0.03577629 0.00536436
v -0.00944433 -0.03780399 0.00317736
v -0.02182833 -0.03385569 -0.01055394
v 0.01474767 0.02036931 0.05520006
v -0.01238193 -0.03998199 0.00431226
v 0.00119097 -0.03927639 0.00227286
v 0.00061497 -0.03358119 -0.00915804
v -0.02179143 0.01551291 -0.03158964
v 0.03955257 -0.01959879 -0.03299274
v 0.00240057 -0.04068309 0.00970236
v 0.04899897 -0.00387849 0.00670356
v -0.00289863 -0.03529479 -0.00849114
v -0.01292103 -0.00526629 0.01497906
v 0.03840057 -0.03392859 -0.00751464
v -0.03532743 0.01144761 0.00288306
v -0.04771143 0.00168171 0.00311886
v 0.01363257 0.01778721 0.05635926
v 0.02837817 -0.02583939 0.00095256
v 0.00124857 -0.02844849 -0.03332034
v -0.04062663 -0.03451899 -0.01218564
v -0.04062663 -0.03451899 -0.01218564
v -0.05064903 0.00241971 0.00897066
v 0.02544057 -0.03132219 -0.02401614
v 0.03252537 -0.03589689 -0.00127044
v -0.03647943 -0.00994089 0.01420686
v 0.04433337 0.02573061 0.01060776
v 0.04848057 -0.00552999 0.00477576
v -0.03763143 -0.01046649 0.01168506
v -0.02052423 -0.04055439 0.00905346
v 0.02607417 0.00711501 0.00978606
v -0.01816263 0.01365891 0.04766346
v -0.01816263 0.01765581 0.05185836
v 0.03079737 -0.00553269 0.01698156
v 0.00366777 -0.01383249 0.00063216
v -0.05059143 0.01198671 0.00791496
v 0.04024377 -0.02004249 0.00098856
v -0.00399303 0.01032981 0.05702076
v -0.02167623 -0.03316539 -0.01054854
v -0.03227463 0.01415571 0.00273366
v -0.03285063 -0.03644229 0.00149436
v -0.01810503 0.00970071 0.04752846
v -0.01574343 0.02339241 0.01060506
v -0.01338183 -0.02423109 -0.03435084
v 0.05032377 -0.01913619 0.01042326
v -0.04817223 -0.00013269 0.00476406
v -0.03342663 -0.02488449 -0.03520134
v 0.03500217 0.00982401 -0.03399354
v 0.04151097 -0.00753249 0.00890586
v -0.00272583 -0.01676469 0.00540846
v -0.02985543 0.01121991 0.00665946
v -0.02277063 0.00172581 0.03616956
v -0.01153863 0.01476771 0.05825466
v -0.00681543 -0.00996609 0.03274236
v -0.00445383 -0.03620469 0.00116046
v -0.00209223 0.03310521 0.01880316
v 0.01737657 0.01896441 0.04692726
v -0.04454343 -0.02088759 -0.00892224
v -0.01505223 0.03104691 0.02565126
v -0.02035143 -0.02527149 0.00295506
v 0.01386297 0.00325671 0.01516716
v -0.00618183 0.00309561 0.05160726
v 0.04041657 0.01421061 -0.03440934
v 0.04041657 0.01421061 -0.03440934
v 0.01328697 -0.00361029 0.03051396
v 0.04277817 -0.01200999 0.00334296
v -0.01148103 -0.00456429 0.01442106
v -0.01914183 0.02047461 0.01074906
v 0.04220217 -0.02175969 -0.02437974
v -0.00733383 -0.03594099 0.00095346
v -0.01735623 0.02447241 0.04456566
v -0.01263303 0.02114151 0.06069096
v -0.04978503 -0.00969429 0.00932526
v 0.04105017 0.01145121 -0.03365064
v -0.04742343 -0.01000749 0.00231336
v -0.04742343 0.01352391 0.00156006
v 0.04341177 -0.01758999 -0.01853604
v -0.01908423 0.01058811 0.01209996
v 0.02751417 0.00982851 0.00851886
v 0.00274617 0.01447611 0.06129216
v -0.00727623 -0.03403569 -0.00714564
v 0.03932217 -0.01930989 -0.03344724
v 0.04404537 -0.03903609 0.00220986
v 0.01397817 0.03066621 0.05148936
v 0.03108537 0.00982311 0.01054926
v -0.01078983 -0.02209629 0.00273636
v 0.02106297 0.01332591 0.00530316
v -0.00842823 0.03544431 0.04466196
v 0.04289337 0.02373171 -0.00040464
v -0.00134343 0.03263631 0.05827356
v -0.02374983 0.00849381 0.01633626
v 0.04231737 -0.00647679 0.00844326
v -0.00191943 -0.03573759 -0.00707904
v 0.00044217 -0.01327539 0.00368766
v -0.04200903 0.00573801 -0.01865574
v -0.02254023 0.01221981 0.04214016
v 0.04825017 -0.00693129 0.00334476
v -0.03550023 0.00577221 -0.03536874
v -0.04846023 -0.01060599 0.00746946
v 0.00286137 -0.03045369 -0.02731194
v -0.00007623 0.03405111 0.02090556
v -0.04195143 -0.00248799 0.00814086
v -0.03722823 -0.03981909 0.00957096
v 0.04122297 -0.03724779 0.00244386
v 0.03356217 -0.02473779 -0.03466134
v -0.02069703 0.01782951 0.00858276
v -0.04782663 -0.03454689 0.00130896
v 0.04300857 -0.03209439 -0.00603054
v -0.01597383 0.02864301 0.02135556
v 0.01294137 -0.00055119 0.01453716
v 0.04243257 -0.00093189 0.00762336
v 0.01766457 -0.03352809 -0.00928674
v -0.02421063 -0.02905689 -0.03426264
v 0.00470457 0.03162471 0.06275376
v 0.00470457 0.03162471 0.06275376
v -0.01004103 -0.03895599 0.00156186
v -0.04483143 -0.04006749 0.00921456
v 0.02950947 -0.03432999 -0.00785484
v 0.01712547 0.02050521 0.04844916
v -0.01236573 0.01577931 0.05798286
v -0.03949533 0.02201091 -0.01044954
v -0.01294173 0.01149351 0.05203926
v -0.01294173 -0.00615279 0.01505736
v 0.03837987 -0.02000739 -0.03387834
v -0.02060253 0.02603571 0.03014496
v 0.01125027 -0.00819309 0.02988396
v 0.04546467 -0.03438759 0.00086256
v -0.04300893 -0.01133859 0.00344646
v 0.01833507 0.01130541 0.02436426
v 0.03544227 -0.02904069 -0.03472344
v -0.04830813 -0.03250299 0.00072846
v -0.02883933 -0.02545059 0.00337356
v -0.02411613 0.01842261 0.02903076
v 0.02248227 0.01566591 0.03390696
v 0.01009827 -0.01060599 0.03449916
v 0.04195107 -0.01383069 0.00345996
v 0.04667427 -0.01044669 0.00192906
v 0.00716067 0.03078501 0.05810166
v 0.05139747 -0.01655049 0.00993546
v 0.01188387 0.03413031 0.04604886
v 0.00658467 -0.01130889 0.03461526
v -0.01818333 -0.00236199 0.04155516
v 0.01366947 -0.00202899 0.02980026
v -0.01109853 0.02659911 0.01141596
v -0.01109853 0.02659911 0.01141596
v 0.02547747 -0.04062819 0.00983646
v -0.03350493 0.00153141 0.01418076
v -0.01167453 0.02705181 0.01458936
v -0.00931293 -0.01128819 0.01379646
v -0.01933533 -0.01435269 0.02025576
v -0.01933533 -0.01435269 0.02025576
v -0.04410333 0.00894741 -0.01119474
v -0.02935773 -0.03830799 0.00585036
v 0.04909347 -0.02160489 0.00839826
v 0.05145507 -0.02774379 0.01021986
v -0.00044253 -0.03984519 0.00966546
v 0.00428067 0.00683691 0.05462856
v -0.03523293 -0.01597539 0.00750546
v -0.00867933 0.00441411 -0.03412764
v -0.00395613 -0.03118539 -0.02782764
v -0.00159453 0.03831531 0.04759326
v -0.02163933 0.00466881 0.01236636
v -0.02163933 0.00466881 0.01236636
v 0.04206627 0.00311811 0.00455616
v 0.01729827 0.01005981 0.02450916
v 0.04915107 -0.03402579 0.00156546
v 0.02202147 0.02620581 0.01074366
v -0.03696093 -0.03212319 -0.02411784
v -0.01985373 -0.01590519 0.01570176
v 0.04385187 -0.03634689 0.00231786
v -0.04462173 -0.02986959 -0.00521604
v -0.02279133 -0.02890479 -0.03374784
v -0.00804573 0.03117741 0.06122106
v -0.05049693 -0.01036119 0.00941976
v -0.03338973 -0.01840269 0.00745146
v -0.04341213 -0.03842589 0.00736776
v 0.04742307 0.00166821 0.00293076
v -0.04105053 0.01655511 -0.02575404
v -0.00919773 -0.00131619 0.04759596
v -0.00919773 -0.00131619 0.04759596
v 0.04212387 -0.03888219 0.00118296
v -0.04162653 -0.01373349 0.00444546
v -0.02981853 0.02722551 0.00993816
v 0.04627107 0.00936591 -0.00802584
v 0.02150307 -0.02690859 -0.03496194
v 0.00618147 0.01546521 -0.03495654
v 0.02328867 -0.00473619 0.01626876
v -0.02860893 -0.03715869 0.00211356
v 0.00502947 -0.03859329 0.00651456
v -0.03920733 -0.02404839 -0.03454254
v -0.02446173 0.00895191 0.03696606
v -0.00735453 -0.03351639 -0.00977634
v -0.00263133 -0.01015149 0.01246266
v -0.02976093 -0.03948519 0.00956826
v -0.03742173 -0.00479559 0.01176156
v -0.03506013 -0.01163289 0.01410516
v 0.00387747 -0.00939729 0.00684216
v -0.03327453 0.01163031 0.00568116
v 0.01332387 0.00477411 0.05017716
v -0.00142173 0.02545341 0.06505236
v 0.02040867 -0.02924949 -0.03335004
v -0.00435933 -0.02335629 -0.00111564
v -0.02440413 0.01728951 0.03104586
v -0.02204253 0.01786371 0.01057806
v -0.02204253 0.01721751 -0.02627334
v -0.04974813 -0.02407359 0.00988326
v -0.01789533 0.00106161 0.04437486
v -0.00078813 0.01162851 0.05919696
v 0.01631907 0.02678091 0.04160016
v 0.04817187 -0.03392229 0.01022076
v -0.00372573 0.01753251 -0.02890764
v -0.01610973 0.00941451 0.04922676
v -0.01610973 -0.03358029 -0.01699344
v -0.00136413 -0.00503229 0.01124856
v -0.00136413 0.03584391 0.03038796
v 0.00099747 -0.02976789 -0.02884104
v -0.02849373 -0.03934029 0.00943056
v 0.01516707 -0.02983719 -0.03397914
v 0.01516707 0.00792411 0.01769346
v 0.04465827 0.01165731 -0.01688634
v 0.04938147 -0.02020089 0.00963216
v -0.00723933 -0.02022069 0.00535806
v -0.04675293 -0.00486669 0.00168696
v -0.04439133 0.00452481 -0.00971064
v 0.02167587 -0.03455679 -0.00576684
v 0.00929187 0.03022251 0.01750356
v 0.01165347 0.01329261 0.05602446
v -0.02786013 0.00821031 0.01081206
v 0.00399267 -0.03935019 0.00250326
v -0.02077533 -0.02814339 -0.03431124
v 0.04056867 0.02553621 0.00813546
v 0.04529187 -0.03813339 0.00944586
v 0.02052387 0.02149611 0.03569166
v -0.03845853 0.00881241 -0.03467664
v -0.04375773 -0.03439839 0.00959166
v 0.00047907 -0.02915679 -0.02933154
v 0.00520227 -0.03280179 -0.00958824
v -0.03667293 0.00427731 0.01260126
v -0.02192733 0.01265001 -0.03532284
v 0.01643427 0.02869071 0.02544966
v -0.01305693 -0.01479009 -0.03428064
v 0.01113507 -0.04088109 0.00922536
v -0.04784733 -0.01741809 0.00275886
v -0.02837853 0.00950901 0.01255176
v 0.00347427 -0.00963399 0.00390276
v -0.02601693 0.00574071 0.01262826
v 0.02058147 -0.03385209 -0.01234044
v -0.00654813 0.02276241 0.06495876
v 0.01055907 0.03447681 0.05078646
v 0.03238947 -0.01848639 0.00856566
v 0.03238947 -0.01848639 0.00856566
v 0.00525987 -0.02742699 -0.00258894
v -0.04663773 -0.01320159 0.00183096
v 0.04655907 0.00382191 -0.00692064
v 0.04655907 -0.02338329 0.00075906
v -0.00297693 -0.00649569 -0.03355434
v -0.02538333 -0.02876979 -0.00374994
v -0.05015133 -0.01033329 0.00959706
v 0.03302307 0.02373531 0.00412776
v -0.05072733 0.00820941 0.00874836
v -0.04364253 -0.02028099 -0.01143864
v 0.00059427 0.03764751 0.05113116
v -0.00294003 -0.01044309 0.01308636
v 0.00178317 0.01644081 -0.02911914
v -0.04245363 -0.00134229 0.00719226
v -0.02770803 -0.02333289 0.00516186
v 0.01889037 -0.00118929 0.01749186
v -0.02534643 -0.01367769 0.01924146
v 0.03835917 -0.03575289 -0.00142794
v 0.01065357 -0.00504489 0.04481946
v -0.03358323 -0.02000559 0.00460206
v -0.01883763 0.00546171 0.01229976
v -0.04124403 0.02154111 -0.01094454
v -0.01175283 -0.03815049 0.00476496
v 0.02188557 0.02073561 -0.00979074
v -0.02235123 0.02691051 0.01034046
v -0.02235123 0.02691051 0.01034046
v 0.03899277 -0.04008909 0.00977526
v -0.01998963 -0.02147259 0.01073916
v 0.04135437 -0.03653769 0.00144936
v -0.04475763 -0.03131229 0.00883926
v 0.03605517 0.01066461 -0.03470904
v -0.05063283 -0.03177039 0.00914166
v 0.04964877 -0.01866549 0.00991656
v -0.03882483 0.00134781 -0.03511044
v 0.02724237 -0.01800669 0.00959616
v 0.04434957 -0.03184419 -0.00566604
v 0.04907277 0.00111561 0.00964476
v -0.03231603 -0.01591059 0.01118466
v -0.04233843 -0.03828099 0.00583146
v -0.04763763 -0.01348869 0.00298386
v -0.01814643 -0.00251859 0.03040416
v 0.02845197 -0.02692569 -0.00152694
v -0.00103923 -0.00435729 0.04684536
v -0.04291443 0.02110911 -0.00966024
v 0.04792077 -0.00238179 0.00344556
v 0.02079117 0.01752801 0.03942306
v -0.04112883 -0.03386379 -0.00745074
v 0.03496077 -0.00897159 0.01419696
v 0.03496077 0.02419251 0.00618336
v 0.04970637 -0.02508429 0.00976896
v 0.00253197 0.02777001 0.06213186
v -0.03934323 -0.02942949 -0.00572904
v -0.00985203 -0.03830079 0.00561546
v 0.04146957 0.01336011 -0.03224394
v -0.02989683 -0.03376569 -0.00809604
v 0.01670157 0.02623281 0.02060406
v -0.00570483 -0.01328799 0.01360296
v -0.01572723 0.01974021 -0.01991304
v -0.05051763 -0.02050419 0.00946566
v -0.05051763 0.01435101 0.00864126
v -0.02102643 0.00293901 0.02611656
v 0.02793357 0.01446351 0.00728406
v -0.00155763 0.03103791 0.06082056
v 0.03029517 0.01774941 0.00044226
v 0.02263437 -0.02886969 -0.03047634
v 0.02499597 0.00715911 0.00957906
v 0.03208077 -0.01994979 0.00765306
v 0.02205837 -0.02790849 -0.00421074
v 0.03916557 -0.01893819 -0.03423024
v 0.02678157 -0.01290639 0.01346436
v 0.01912077 0.00822921 0.04461156
v -0.05046003 -0.01933059 0.00958266
v -0.00679923 -0.02189289 0.00141426
v -0.02448243 0.00770721 0.01589616
v 0.04394637 0.00420351 -0.01568304
v 0.04866957 -0.03186849 0.00923436
v -0.02033523 0.01483071 -0.03489084
v 0.02626317 0.02157261 0.00441576
v -0.04746483 0.01723281 0.00275706
v -0.01797363 0.00392541 0.01335636
v -0.02091123 -0.03548649 -0.00078624
v 0.00564237 0.03114141 0.05859666
v -0.00910323 -0.03870219 0.00103086
v 0.00800397 0.03456861 0.05287356
v 0.00800397 -0.00900129 0.04186476
v -0.03623283 -0.03300429 -0.01127124
v -0.03623283 0.00691251 -0.03528144
v 0.00034317 -0.03756999 0.00242766
v 0.00270477 0.03808401 0.04968396
v 0.02217357 -0.00823989 0.01592226
v 0.01215117 0.01576041 0.05708286
v 0.00212877 0.01575861 0.06376356
v -0.01261683 0.00120021 0.04853106
v 0.02632077 -0.02865729 -0.00621864
v 0.04106637 0.00047301 -0.03364164
v -0.04740723 -0.03089739 -0.00009504
v -0.02793843 -0.03575379 0.00016506
v 0.05051277 -0.01362729 0.01054296
v 0.04049037 -0.03713619 0.00223056
v 0.00333837 0.02670981 0.06165756
v 0.03225357 -0.01137549 0.01324746
v 0.04699917 -0.03266229 0.00213516
v 0.00748557 -0.03795069 0.00305046
v 0.02459277 -0.00119289 0.01548036
v -0.03024243 -0.01170759 0.01659276
v 0.00397197 0.03284961 0.05851836
v 0.00397197 0.03284961 0.05851836
v 0.03818637 0.02732181 0.01031886
v -0.01843443 -0.02832699 -0.03501414
v -0.01371123 -0.03744219 0.00234126
v 0.04999437 -0.03761139 0.00943056
v 0.01284237 -0.00828219 0.03835026
v -0.03139443 -0.02261559 0.00334926
v -0.04141683 0.02566761 0.00090396
v -0.02667123 -0.03784089 0.00338436
v -0.02430963 0.02750901 0.00927486
v -0.01958643 -0.01274709 0.01910646
v -0.01958643 -0.01274709 0.01910646
v -0.01958643 0.01951431 0.01134936
v 0.04175757 0.00534021 0.00299106
v 0.00460557 -0.01020999 0.00759366
v 0.00696717 -0.01142679 0.03581676
v -0.04729203 0.02171661 0.00046926
v 0.02879757 0.00313701 0.01320336
v -0.02546163 -0.03943029 0.00961416
v -0.03784563 -0.03304209 -0.01120104
v -0.05022963 -0.00751629 0.00948906
v 0.01111437 0.02641551 0.01129086
v 0.01111437 0.02641551 0.01129086
v -0.01837683 -0.02838279 -0.00301644
v 0.04296717 -0.02541909 -0.02525724
v -0.04314483 0.02553801 0.00156456
v 0.01819917 -0.03571329 -0.00035244
v 0.01053837 0.02081301 -0.01433934
v -0.04608243 0.02324121 0.00051966
v -0.01659123 0.01616361 0.05334786
v -0.04902003 0.00741111 0.00118116
v 0.04123917 0.00498561 0.00470826
v -0.04251123 -0.01272459 0.00378486
v 0.04832397 -0.03070029 0.00294606
v -0.02540403 -0.02988939 -0.03292164
v -0.05017203 -0.00831459 0.00963306
v -0.03306483 -0.03809199 0.00489726
v -0.04366323 0.00269871 0.00590796
v -0.02891763 -0.03588429 0.00092106
v -0.03894003 -0.01538589 -0.03482514
v -0.02183283 0.01392981 -0.03435714
v 0.01710477 -0.02599869 -0.00186354
v -0.01002483 0.03244101 0.02141316
v 0.00118647 -0.02798949 -0.03388554
v -0.05071113 -0.02273979 0.00934776
v -0.05071113 0.01310811 0.00828666
v -0.02121993 0.01510701 -0.03325464
v -0.00175113 0.02193801 0.06608016
v -0.00175113 0.02193801 0.06608016
v 0.01535607 0.02284431 0.00728136
v -0.01413513 -0.02640459 -0.00206334
v 0.01241847 0.00030651 0.01530396
v -0.01471113 -0.02790399 -0.00278784
v 0.03661047 0.01664421 -0.00127674
v -0.04241673 -0.03720729 0.00966546
v 0.00654327 0.01105161 0.05803326
v 0.00890487 0.02676291 0.05941746
v 0.04075767 -0.04026819 0.00992106
v 0.02837367 0.01737501 0.00418446
v 0.00360567 -0.03300699 -0.00974304
v -0.02116233 0.00178791 0.01477026
v 0.01069047 -0.00307209 0.04588596
v 0.01069047 -0.00505119 0.02015766
v 0.02779767 -0.01040439 0.01473606
v 0.04726647 -0.02204229 0.00260766
v -0.02646153 0.00551751 0.01261116
v -0.03412233 -0.03617499 0.00126306
v 0.03902967 0.01907601 0.00537246
v 0.02664567 -0.02556039 0.00210726
v -0.00342153 -0.00722379 0.01121346
v -0.01580553 0.02158251 0.01183716
v 0.01604727 0.01825611 0.00611676
v 0.00366327 0.02101281 0.06464196
v -0.02346633 0.02713911 0.01014606
v -0.00872073 -0.04054539 0.00955836
v 0.02313207 0.02736321 0.00986526
v -0.00399753 -0.02994339 -0.03358044
v 0.00308727 0.02894811 0.01306566
v -0.00221193 0.02893551 0.01268046
v 0.01725687 0.02319171 0.04530456
v 0.00487287 -0.01149699 0.03484836
v -0.03936393 0.01095981 -0.03448764
v -0.03343113 -0.00171579 0.01581426
v -0.03106953 -0.03626139 0.00140886
v 0.00078327 -0.03854289 0.00636966
v 0.00078327 -0.00689709 -0.03359304
v 0.00550647 -0.04058319 0.00799776
v 0.03442167 0.02462631 0.00825606
v 0.04386807 0.02386401 0.00105426
v 0.04622967 -0.01240599 0.00137556
v 0.04859127 -0.03886419 0.00988326
v -0.04754313 0.01036401 0.00234396
v -0.03043593 -0.03308709 -0.01097064
v -0.01332873 0.03191631 0.02462976
v 0.03563127 0.00974121 -0.03450114
v -0.00860553 0.02596821 0.06428286
v -0.03573513 0.00523761 0.01246266
v 0.04035447 0.01506201 -0.03417534
v 0.04035447 0.01506201 -0.03417534
v -0.04811913 0.01305681 0.00369756
v 0.03033207 0.01748841 0.00333036
v -0.02628873 0.01344201 0.00477666
v 0.02030967 0.00781881 0.01484586
v 0.00734967 -0.00290919 0.04730346
v 0.02445687 0.00863511 0.01131786
v -0.00503433 -0.02215029 -0.00078444
v 0.01207287 0.01784301 0.05814576
v -0.03746313 0.01584501 0.00159966
v 0.00855927 -0.01027839 0.03362166
v 0.01328247 -0.01735779 0.00653706
v -0.01620873 -0.00392349 0.04216536
v -0.01148553 -0.03642159 0.00164466
v -0.01442313 -0.01633089 0.01472706
v 0.04692087 -0.02370279 0.00178326
v 0.03689847 0.02233401 0.00188496
v -0.01972233 0.01912101 0.00818766
v -0.04685193 -0.01866909 0.00152496
v 0.00446967 -0.00567129 0.00858006
v 0.05106807 -0.03213399 0.00674586
v 0.02393847 0.01195521 0.01274616
v 0.02100087 0.01742181 -0.02553264
v 0.02336247 -0.03391149 -0.00836874
v -0.04564233 0.01480371 0.00089946
v -0.01615113 0.02145561 0.04912146
v 0.03753207 -0.03668439 0.00172206
v -0.02145033 -0.01468479 0.02085336
v 0.03989367 -0.02100819 -0.03383604
v -0.04207113 -0.03392049 -0.00617094
v -0.02732553 0.01043241 0.01489086
v 0.00452727 -0.01894989 -0.00093654
v -0.04973193 0.01321611 0.00767646
v 0.04582647 0.02375241 0.00145296
v 0.02105847 0.01656051 0.02257776
v -0.04558473 0.00885561 -0.00767484
v 0.00337527 0.02411601 0.00016506
v 0.01518327 0.03040341 0.03044736
v -0.00958473 -0.02453889 -0.00171594
v -0.03671433 -0.03025929 -0.00737874
v -0.03671433 -0.03025929 -0.00737874
v -0.03729033 -0.03327069 -0.01090944
v 0.02405367 -0.03975429 0.00963216
v -0.04731273 -0.03275049 0.00253116
v 0.02877687 0.00115431 0.01543626
v -0.01309833 0.00528801 0.05029416
v -0.03786633 -0.00046389 0.01173276
v -0.01367433 0.02741721 0.01657296
v -0.00895113 -0.00858189 0.04269366
v -0.00895113 -0.00858189 0.04269366
v 0.01051767 -0.01232499 0.00864846
v -0.01188873 -0.03552699 -0.00100314
v 0.01702647 -0.00707979 0.01812636
v 0.00464247 0.03244011 0.05894586
v 0.00464247 0.03244011 0.05894586
v 0.00700407 0.01307391 0.05920056
v -0.02012553 0.00484521 0.01160046
v -0.04017033 -0.03925029 0.00905706
v -0.04017033 -0.03925029 0.00905706
v 0.02117367 0.01546251 0.01247976
v -0.02070153 0.01818231 0.04362606
v -0.01833993 -0.00497289 0.01809036
v -0.00180873 -0.00912459 0.01065096
v 0.00527607 0.03164991 0.05840586
v 0.00763767 -0.03625239 0.00135756
v 0.02474487 0.01617981 0.00410436
v -0.04425993 -0.02158779 -0.00997704
v 0.02180727 0.02661981 0.01087866
v 0.04363767 0.02524641 0.00199476
v 0.03716577 0.00854151 0.00556056
v -0.04894623 -0.03731619 0.00888066
v -0.03949983 0.00157281 -0.03416004
v -0.01294623 -0.03403299 -0.00631134
v 0.02362977 0.00546531 0.01016046
v -0.01588383 -0.03278019 -0.01027494
v 0.01596897 0.00683511 0.02529666
v 0.00594657 -0.00515019 0.00995616
v 0.04252257 -0.03864279 0.00536436
v -0.03120543 0.02760621 0.00936396
v 0.01539297 -0.00029109 0.01643346
v -0.02412063 0.01583961 -0.03390534
v -0.00701343 -0.00875649 0.02761956
v -0.00758943 -0.01125039 0.03771216
v 0.04137057 0.00422871 -0.02765664
v -0.00286623 -0.00453729 0.01330596
v -0.00580383 -0.01058799 0.03283326
v 0.01366497 0.02673861 0.01103346
v -0.00108063 -0.01069599 0.00729126
v 0.02074977 -0.00003819 0.03190356
v -0.05061663 -0.01357959 0.00908226
v 0.01015137 0.01795281 0.05979096
v -0.00989343 -0.00918129 0.01326276
v 0.00721377 -0.01058709 0.00909756
v -0.00044703 -0.03935829 0.00254826
v 0.01902177 -0.01018389 0.01698156
v 0.01902177 -0.01018389 0.01698156
v 0.02138337 0.01090491 0.04066326
v 0.02374497 -0.02761239 -0.03456234
v 0.03849057 0.01138821 0.00051606
v -0.01576863 0.01456701 0.05104656
v -0.04289823 -0.03489969 0.00869706
v -0.02815263 0.00684681 0.01078956
v -0.01340703 0.02504211 0.01412856
v -0.04053663 0.01560381 0.00139716
v -0.04819743 0.02139261 0.00808956
v 0.01314657 -0.03811899 0.00437346
v -0.01634463 0.01485771 0.01282086
v 0.02023137 -0.02470179 0.00219276
v 0.01257057 -0.00040719 0.01465866
v -0.03166623 -0.00380739 0.01678536
v -0.01455903 0.02337801 0.01144656
v 0.00018657 0.01328091 -0.03501954
v 0.02201697 -0.03846459 0.00466956
v -0.02221983 -0.03864189 0.00096336
v -0.02221983 -0.03345069 -0.00937494
v 0.00963297 -0.03071019 -0.00830574
v 0.01435617 -0.04021599 0.00985896
v 0.03854817 -0.01885989 0.00395136
v -0.00332703 0.02786271 0.01180836
v 0.00375777 0.02265621 0.06439086
v 0.01084257 -0.00227019 0.04626306
v 0.02265057 0.00988341 0.02966526
v -0.01922463 0.02678361 0.02528676
v 0.01735137 -0.03802089 0.00311796
v -0.04163103 -0.04064889 0.00944676
v -0.02216223 -0.00119739 0.01788246
v -0.01743903 0.00074751 0.01339596
v 0.01677537 -0.02960409 -0.00736794
v 0.00675297 -0.03769419 0.00270756
v -0.03748383 -0.01711389 0.00336276
v 0.00853857 0.03609051 0.04997826
v -0.04808223 -0.00320439 0.00453546
v 0.01798497 0.02266341 0.04155696
v 0.01977057 0.02636961 0.01097136
v 0.00974817 -0.01121349 0.01064016
v -0.04451103 -0.01791669 -0.00911934
v -0.04981023 -0.01480359 0.00966456
v 0.04338657 -0.00674049 0.00484686
v 0.04338657 -0.03955359 0.00960066
v 0.04574817 0.01658751 0.01033056
v 0.02806497 -0.02163459 0.00588366
v 0.01568097 -0.03522819 -0.00126054
v -0.02147103 -0.02545779 0.00258066
v 0.01746657 0.00885651 0.04721526
v -0.02440863 0.00067281 0.01752246
v -0.03443103 -0.00002829 0.01470816
v -0.01023903 -0.03965979 0.00310986
v -0.00551583 0.03408621 0.02228976
v -0.04739103 -0.00351219 0.00220536
v -0.00315423 -0.01191549 0.00830016
v 0.01101537 0.02917131 0.01739196
v -0.02849823 0.01161861 0.01180926
v -0.02377503 -0.03760239 0.00053496
v 0.03756897 0.00827691 0.00918306
v 0.01043937 -0.04019439 0.00977526
v 0.01043937 0.02588271 0.01150056
v 0.01516257 0.02802291 0.05251626
v -0.00015903 0.02967801 0.06213096
v 0.02167137 0.01199661 0.00594306
v 0.03877857 -0.02042049 -0.03447234
v 0.01637217 0.01096251 0.04894686
v -0.02786463 0.00823641 0.01142406
v 0.00398817 -0.01008489 0.04179996
v 0.02345697 -0.00026409 0.01498266
v -0.00603423 -0.03968409 0.00272556
v -0.04790943 0.02556141 0.00863766
v 0.00577377 -0.00467859 0.01132236
v 0.03526497 -0.03610479 -0.00049734
v 0.03762657 -0.03937629 0.00804906
v 0.04234977 0.02432571 0.00108306
v -0.01663263 0.01856571 0.05334426
v -0.00188703 -0.03761049 0.00247086
v -0.01190943 -0.01117929 0.01549476
v 0.04943457 -0.02685639 0.00918936
v -0.04906143 -0.02981379 0.00151956
v -0.03961503 -0.01562529 -0.03290814
v -0.00776223 0.03407181 0.02401326
v 0.01406817 0.01540131 0.05418666
v -0.01306143 0.02746401 0.00997596
v -0.03782943 0.00649581 -0.03371904
v -0.04549023 -0.01945479 -0.00721224
v 0.01585377 0.02689161 0.05175756
v 0.01821537 0.01384521 0.02282436
v 0.01291617 0.02259861 0.01169586
v 0.04476897 -0.04017819 0.01016226
v -0.01715103 0.00264471 0.01508976
v -0.03719583 -0.01793289 -0.03527064
v -0.00298143 -0.01171029 0.01311246
v 0.03359457 0.02192631 -0.00092934
v 0.02121057 0.01430151 0.01361196
v -0.00355743 -0.00664869 0.01101546
v 0.04010337 0.00928221 -0.03401694
v 0.04010337 0.00928221 -0.03401694
v -0.01651743 -0.03295479 -0.01040004
v 0.01652427 -0.00204699 0.04198896
v 0.02124747 0.00881241 0.01528596
v 0.01358667 0.03129351 0.04264416
v 0.01830987 0.01542561 0.01811196
v -0.05069493 0.01618341 0.00871506
v 0.04250187 0.00492621 0.00315036
v -0.01411893 0.01304691 0.05173956
v 0.02718027 -0.02664309 -0.03500424
v -0.04654773 -0.03937359 0.00911196
v -0.03180213 -0.03316089 -0.01059084
v -0.02944053 -0.01217649 0.01617516
v -0.00524853 0.00720141 -0.03402144
v 0.00183627 0.03318891 0.05843556
v -0.00640053 -0.00940089 0.04250736
v -0.00640053 0.01082661 0.05774076
v -0.00640053 0.01082661 0.05774076
v -0.03116853 -0.03989829 0.00978246
v 0.01779147 0.02086791 0.00479736
v 0.04964427 0.01885281 0.00192366
v 0.03726027 0.01280661 -0.00030024
v 0.02487627 -0.03373329 -0.00866574
v 0.00719307 -0.04015299 0.00409806
v 0.01663947 0.02036211 0.01250136
v -0.02759733 0.02733801 0.00991476
v -0.02287413 -0.02709219 -0.03525084
v -0.00104373 -0.00482259 0.04644396
v 0.01312587 0.00286521 0.04848876
v -0.00691893 -0.00608709 0.01309086
v -0.01694133 0.02230611 0.00889056
v -0.04464693 -0.03752949 0.00649116
v -0.01573173 0.01557321 0.01232226
v -0.02811573 -0.03632439 0.00135936
v 0.03322827 -0.01502679 0.01107216
v 0.00609867 -0.03388989 -0.01571814
v -0.01630773 -0.01922709 0.01164906
v 0.01496907 -0.00080769 0.04503456
v -0.03929013 -0.02494389 -0.03461004
v -0.01745973 0.02008041 0.01207746
v -0.01509813 -0.00114429 0.04562946
v 0.00200907 -0.03468009 -0.00872694
v 0.03622347 0.02316021 0.00257076
v -0.04516533 -0.01364079 -0.00957384
v 0.02562507 -0.03522729 -0.00428274
v 0.01796427 -0.02396019 0.00209826
v 0.03743307 0.00993381 0.00327996
v -0.01682613 -0.00052599 0.01380276
v 0.00500427 0.03173631 0.05911866
v 0.04924107 -0.02992899 0.00698076
v 0.00206667 0.03415101 0.05967936
v 0.00206667 0.03415101 0.05967936
v 0.00442827 -0.03505359 -0.00944694
v -0.01797813 0.00991311 0.01172016
v 0.04336587 -0.03401319 -0.01190484
v -0.04274613 0.02687361 0.00931356
v 0.02095947 -0.01008939 0.01522206
v 0.02095947 -0.01008939 0.01522206
v -0.01619253 0.01493061 0.05050026
v 0.02038347 0.01781151 0.01563786
v 0.04987467 0.00066921 0.00230076
v -0.04389813 0.01637511 0.00119196
v 0.00033867 0.02243571 0.06571926
v 0.01744587 0.00045861 0.01676826
v -0.01204533 -0.01895619 0.00837396
v -0.03917493 0.00704391 0.00357966
v 0.03691467 0.01304601 0.00173646
v -0.00259893 -0.00649119 -0.03352284
v 0.02337867 0.01163391 0.01430226
v 0.01099467 -0.00728769 0.02647836
v -0.04562613 -0.03132939 -0.00052884
v -0.01141173 0.02624091 0.06218766
v 0.03518667 0.01499091 -0.00037494
v -0.02379573 0.01448691 0.00643716
v -0.02143413 -0.02693379 -0.03439494
v -0.02143413 0.02006151 0.02052846
v 0.01041867 -0.02982819 -0.00771354
v 0.01278027 -0.00646059 0.04148766
v -0.00196533 0.02658831 0.06406146
v -0.00254133 -0.01090839 0.00921456
v -0.03969333 -0.02478819 -0.03356424
v -0.02494773 -0.01113519 0.01902456
v 0.00926667 -0.02081739 -0.00063324
v -0.02022453 0.02628141 0.02793726
v -0.02316213 0.02111811 0.02905866
v 0.01047627 -0.00712479 0.02564496
v 0.03466827 0.00035601 0.01406376
v 0.03466827 -0.01204959 0.01170126
v -0.01780533 0.01750821 0.05267106
v -0.01308213 -0.03913689 0.00926586
v 0.00402507 0.03152301 0.06314526
v -0.05023413 0.01105341 0.00859356
v 0.02585547 -0.02742609 -0.00250434
v 0.01819467 -0.00049449 0.04147596
v -0.03842613 0.00775761 0.00620136
v 0.01998027 0.01974741 0.04008546
v -0.02425653 0.00764241 0.03680676
v 0.03944907 -0.02104689 0.00046206
v 0.02591307 -0.03568359 -0.00776304
v 0.00114507 0.01388931 -0.03411774
v 0.00114507 0.01593681 -0.02936934
v 0.04244427 0.01331961 0.00703836
v -0.01653813 0.02700231 0.01949256
v 0.01531467 0.02907771 0.05053266
v 0.04716747 0.00695211 -0.00485604
v -0.01947573 -0.01201989 0.01860336
v -0.01947573 -0.01201989 0.01860336
v -0.03715893 -0.01952769 0.00382086
v -0.00766773 0.02544261 0.06480396
v -0.03360843 0.02727591 0.00976176
v -0.03360843 0.02727591 0.00976176
v 0.01298997 -0.03874089 0.00733896
v 0.02007477 0.01092201 0.01502046
v -0.04242123 0.01521501 -0.02214054
v -0.02295243 0.00749751 0.04072806
v -0.01586763 0.00120021 0.01673316
v -0.00112203 -0.00354459 0.04766706
v 0.00123957 -0.02922249 -0.02976444
v 0.01598517 0.02234571 0.05233536
v 0.03251637 0.02380281 0.00731736
v -0.04121163 -0.00710769 0.00803466
v -0.03885003 0.00658131 -0.02973924
v -0.00463563 -0.01084089 0.03269286
v -0.01701963 0.01989951 0.04837176
v -0.02704203 0.00641751 0.01193436
v 0.00481077 -0.00945039 0.04235166
v 0.02427957 0.00992751 0.00856026
v 0.02427957 0.01848021 0.00238716
v 0.01189557 -0.01254999 0.01164546
v 0.02900277 0.01764141 0.00295326
v 0.03136437 0.01539591 0.00648036
v -0.00814923 0.01993191 0.06438366
v 0.00602037 0.01463271 -0.03508704
v -0.03585483 -0.01089039 0.01427976
v 0.02255157 0.00506571 0.01029906
v -0.04409163 -0.01522569 0.00287946
v 0.00486837 -0.00519069 0.01694376
v -0.02226123 -0.01159239 0.01919196
v -0.00751563 -0.02283249 -0.00041814
v 0.02433717 -0.03785619 0.00255726
v -0.01989963 -0.03721809 0.00209826
v 0.04616757 -0.01467039 0.00067176
v 0.02376117 -0.00222969 0.01569816
v -0.00336843 -0.01811199 0.00514116
v 0.01610037 0.01832361 0.05130936
v 0.03320757 0.00111741 0.01440846
v 0.04029237 -0.01854489 -0.03231684
v 0.01316277 -0.01051419 0.01507176
v 0.01316277 0.01255821 0.05340096
v 0.01552437 -0.00691419 0.03500586
v -0.02635083 0.01521501 0.00332136
v -0.02398923 -0.03774279 0.00316386
v -0.02986443 0.00724551 0.00981756
v -0.01511883 0.02522841 0.04822686
v -0.00803403 -0.01466499 0.01184796
v 0.01143477 -0.02137179 0.00041886
v -0.01569483 -0.03209169 -0.00999774
v 0.03090357 0.01836681 -0.00064404
v 0.03798837 -0.01976889 -0.03421494
v -0.05048523 -0.00282549 0.00947196
v -0.01627083 0.02149431 0.05042466
v -0.00152523 0.01400541 -0.03518064
v 0.04743477 0.02116311 0.00114876
v 0.04743477 -0.00005979 0.00282456
v -0.02629323 -0.02375859 0.00510696
v 0.01028277 0.00135321 0.04963086
v 0.03977397 0.00851541 0.00261846
v -0.00446283 -0.01710849 0.00762336
v 0.00262197 -0.02089839 -0.00112914
v -0.02686923 -0.02315649 0.00566766
v -0.01978443 -0.03380709 -0.00735894
v 0.04392117 -0.03909639 0.00895716
v -0.02744523 0.01074291 0.00804726
v 0.01915317 0.02115051 0.01925406
v 0.02387637 -0.03676269 0.00176346
v 0.02093877 0.00262221 0.03866976
v -0.03332043 0.00984201 -0.03461544
v -0.00204363 -0.01006329 0.01000386
v -0.00970443 -0.01185339 -0.03404484
v 0.03631797 -0.02407539 -0.00117684
v -0.03741003 0.01564251 -0.03523914
v -0.03032523 -0.02226909 0.00430956
v 0.00152757 -0.03649989 0.00175266
v 0.04812597 0.01602771 0.01067706
v 0.01805877 -0.01956369 0.00729576
v 0.01805877 0.01528431 0.04609926
v -0.02381643 -0.01340949 0.02038716
v -0.00907083 -0.01460289 0.01228176
v -0.00434763 0.03216201 0.06060636
v -0.04386123 -0.02764209 -0.00481734
v 0.03695157 -0.02750979 -0.03498264
v 0.01160757 -0.04078569 0.00728406
v -0.02082123 0.00860631 0.04442076
v -0.03850443 -0.01704819 -0.03459834
v -0.01903563 -0.02357409 0.00547956
v -0.01667403 0.01648851 0.01182096
v -0.00192843 0.01556421 -0.03435084
v -0.02197323 -0.03574479 -0.00672984
v -0.04674123 0.01745421 0.00319716
v -0.01725003 -0.03409059 -0.00609894
v -0.01488843 0.02538591 0.01034496
v -0.00014283 -0.03379629 -0.00796914
v 0.01932597 -0.02882739 -0.00650934
v 0.04351797 -0.00160959 0.00396126
v -0.00365643 -0.03970569 0.00307296
v 0.04294197 -0.03451449 -0.00473094
v 0.00342837 0.03622821 0.03853836
v 0.01051317 -0.00606729 0.02202246
v -0.03136203 0.00535641 0.01153746
v -0.03136203 -0.00863949 0.01808946
v -0.02900043 0.00989781 0.00814716
v -0.04668363 -0.01663869 0.00159426
v 0.04415157 -0.02966349 -0.01927134
v 0.04887477 -0.02704809 0.00550746
v -0.02485323 -0.02845479 -0.03510594
v 0.01172277 -0.03673299 0.00196236
v -0.01540683 -0.03341739 -0.00971604
v -0.01068363 0.02520591 0.06315156
v -0.01834443 -0.01250679 0.01817766
v 0.00348597 -0.02300709 -0.00103644
v 0.04772277 0.00458331 0.00957996
v -0.04075083 -0.03888579 0.00839736
v -0.04075083 -0.03888579 0.00839736
v -0.01125963 -0.02876079 -0.00450054
v -0.02364363 -0.03815499 0.00528246
v 0.04714677 -0.03999369 0.00977706
v -0.00475083 0.01072491 0.05863086
v 0.02710197 -0.03839439 0.00390006
v 0.04420917 -0.03574029 0.00101736
v 0.04657077 -0.03598059 0.00088236
v -0.02479563 -0.02689599 0.00115326
v -0.01005003 -0.00998049 0.03919086
v 0.05129397 -0.02190279 0.01035396
v -0.04484043 -0.02638299 -0.00353034
v -0.01534923 0.02411151 0.01517076
v -0.02773323 0.00939381 0.01479456
v -0.02830923 0.00953421 0.01384686
v 0.01828917 -0.04009809 0.00986796
v 0.02713887 -0.02745309 -0.00279414
v 0.05133087 0.01771431 0.01028016
v 0.05133087 -0.01266339 0.00978426
v 0.01417887 0.00202011 0.01452366
v -0.01531233 -0.00404949 0.04318596
v -0.04831713 0.00544371 0.00614466
v -0.04653153 -0.01781859 0.00143136
v 0.04430367 -0.03471339 -0.00137664
v 0.00479007 0.03211881 0.05845986
v -0.03944673 0.00544731 -0.02938914
v -0.03944673 -0.00077349 0.01058076
v 0.05138847 -0.01832529 0.00977976
v 0.03134367 0.02631111 0.01049706
v -0.00816993 0.03480351 0.02989386
v 0.01366047 -0.02704179 -0.00243504
v 0.02840607 -0.01418169 0.01203966
v 0.02074527 0.01631481 0.01393056
v 0.02546847 0.01697091 0.00328986
v 0.01780767 0.01147371 0.04701816
v 0.03491487 -0.02311959 -0.03404214
v -0.02406753 -0.02172549 0.01024686
v -0.01934433 -0.02676549 0.00146376
v -0.02936673 0.00725271 0.00982206
v 0.05144607 0.00727431 0.01001286
v 0.01193247 0.01104081 0.05416056
v -0.02343393 -0.04045539 0.00975456
v 0.04027167 -0.00848559 0.00869976
v -0.01871073 -0.00405849 0.03819456
v -0.01871073 -0.03067059 -0.00844974
v 0.01314207 -0.03313929 -0.00946764
v 0.00726687 0.03664311 0.04295106
v -0.00747873 0.03350571 0.05538996
v 0.02437407 0.00769371 0.01084446
v -0.03460833 -0.03305559 -0.01103994
v 0.01199007 -0.01777449 0.00513486
v 0.01199007 0.02695911 0.01559556
v 0.03145887 -0.01591779 0.01046646
v -0.02043873 -0.03959319 0.00969156
v -0.03046113 -0.03562509 -0.00051624
v -0.03812193 0.00944061 -0.03519684
v -0.02337633 -0.00316839 0.01893906
v -0.00863073 -0.01518879 0.00927756
v -0.04105953 -0.04005489 0.00965736
v -0.02159073 -0.03934659 0.00953316
v 0.03975327 0.00930471 -0.03436974
v 0.04683807 -0.04028079 0.00940716
v 0.03917727 -0.03518499 -0.00406854
v 0.01204767 0.02489541 0.05789376
v 0.04626207 0.01809411 0.01063746
v -0.02746593 0.01053591 0.00929826
v 0.04332447 -0.01375059 -0.02319714
v 0.02091807 0.00506031 0.02918016
v 0.05040927 -0.03684909 0.00994626
v -0.01387233 -0.02220249 0.00511866
v 0.02034207 -0.02892999 -0.03409434
v -0.02153313 -0.03281439 -0.01054044
v 0.03215007 0.01926591 -0.00095904
v 0.02921247 -0.04094319 0.00956556
v 0.04631967 -0.01625169 -0.00815724
v -0.03743073 -0.03627579 0.00123426
v 0.00916767 -0.01839459 0.00051246
v -0.00321633 0.01852161 0.06568056
v -0.00321633 0.01852161 0.06568056
v -0.02562273 0.00242061 0.01635246
v -0.02089953 -0.02687709 -0.03500514
v 0.04989087 -0.00736149 0.01015326
v 0.04695327 -0.01555059 0.00200286
v 0.00980127 -0.00580899 0.01940436
v 0.00980127 -0.03857169 0.00602226
v -0.02735073 0.01335471 0.01189476
v -0.04739553 -0.02499519 0.00726426
v 0.02339487 -0.02634159 -0.03486564
v -0.04797153 0.01000761 0.00345366
v 0.01337247 -0.00283359 0.02969856
v -0.01669473 -0.03765639 0.00268866
v -0.00960993 -0.01976259 0.00583866
v -0.04912353 0.02384151 0.00880056
v -0.04912353 0.01560741 0.00756846
v 0.03877407 -0.03228789 -0.02357694
v 0.01636767 -0.00117939 0.04347936
v 0.04055967 -0.03535599 -0.00998244
v 0.01343007 -0.00065649 0.04613436
v 0.01343007 0.02437431 0.05663736
v -0.04612833 0.00249981 0.00239976
v -0.01427553 0.02147901 0.05833476
v 0.00047007 0.03558291 0.02680596
v -0.01191393 0.02570091 0.01351926
v -0.00955233 -0.03074979 -0.00869994
v -0.02723553 0.01509621 -0.03540654
v 0.02172447 -0.02903979 -0.03303414
v 0.00934047 -0.02812629 -0.00370674
v -0.03017313 -0.02556849 0.00057186
v 0.00404127 -0.00594309 -0.03379554
v 0.00640287 -0.03350739 -0.00957564
v 0.03825567 0.01163211 0.00060966
v -0.04549473 0.00313521 0.00292896
v -0.00125793 0.03790671 0.04403376
v 0.00582687 -0.00558039 0.04580046
v -0.05079393 0.01552911 0.00843426
v -0.00183393 -0.01724079 0.00061956
v 0.00288927 0.00036411 0.05151816
v -0.01185633 -0.04066329 0.00925866
v 0.01233567 0.02313771 0.05806566
v 0.03652767 0.00942801 0.00772146
v 0.01412127 0.00082221 0.02722086
v 0.01412127 0.00508731 0.01662606
v 0.05069727 -0.01551909 0.01055646
v -0.04779873 0.02113521 0.00684216
v -0.04543713 0.00379221 -0.00808884
v 0.04482207 0.02273271 0.01054836
v 0.04954527 -0.02028189 0.00150696
v -0.03892833 -0.02736309 -0.03495564
v -0.03892833 0.00805011 0.00289386
v -0.00471393 -0.04070289 0.00940806
v 0.02124297 0.00607101 0.04022406
v 0.02124297 0.02129181 -0.00864234
v -0.03773943 -0.02801469 -0.03531834
v 0.02596617 -0.03874449 0.00550566
v -0.04776183 0.01331511 0.00195876
v -0.02120823 -0.02590779 -0.03522204
v -0.04833783 -0.02358939 0.00491166
v -0.01884663 0.02538951 0.00083826
v -0.01176183 -0.00387399 0.01907316
v -0.03652983 -0.01905429 -0.03515364
v -0.03416823 0.01568751 0.00217836
v -0.01469943 0.02391261 0.01440576
v 0.04900617 -0.03075249 0.00526536
v 0.01421577 0.00422691 0.04916556
v 0.04370697 -0.04008099 0.00996696
v -0.03825783 -0.03712269 0.00183906
v -0.01406583 -0.03463779 -0.00429534
v 0.03725577 -0.03898209 0.00117576
v 0.04197897 0.02621751 0.00971856
v -0.01700343 0.02088411 -0.01421244
v 0.03195657 0.01684581 0.00382716
v -0.04177143 0.01094991 -0.02437614
v 0.04140297 -0.03460719 -0.00578934
v 0.04140297 -0.01687629 0.00163836
v -0.03998583 -0.03356679 -0.01007244
v -0.03998583 -0.03356679 -0.01007244
v -0.03762423 -0.01858899 0.00353376
v -0.02287863 -0.03709299 0.00191916
v 0.04318857 0.01161231 0.00695466
v 0.03552777 0.01078791 0.00738756
v 0.02550537 -0.00990489 0.01534536
v -0.00162423 -0.01379919 -0.03417444
v 0.00309897 -0.01039449 0.00290556
v -0.00692343 -0.03965799 0.00301176
v 0.01018377 -0.00429069 0.01499256
v 0.01018377 -0.00429069 0.01499256
v 0.01254537 0.02361111 0.00945126
v -0.01458423 0.02516901 0.05722146
v 0.03909897 -0.02802729 -0.03488544
v 0.03909897 -0.02802729 -0.03488544
v 0.03909897 0.01047831 0.00000126
v -0.01752183 -0.01633719 0.01714266
v -0.04465143 0.00191481 -0.01153314
v -0.01516023 0.02277861 0.01143576
v 0.00787977 0.03466401 0.03682656
v -0.01924983 0.01504761 0.01416816
v 0.01260297 0.03317631 0.04471416
v 0.02734857 -0.03864099 0.00527796
v -0.04637943 0.01819671 -0.00475524
v 0.01968777 0.01977081 0.01944126
v -0.03929463 -0.03740619 -0.00008154
v 0.03679497 0.02121711 -0.00066384
v 0.01202697 -0.00278049 0.01467396
v 0.04387977 0.00771351 0.00123336
v 0.01675017 0.00779721 0.01462446
v 0.03385737 0.00422331 0.01360476
v -0.04989303 -0.01199649 0.00956916
v 0.02619657 0.01434651 0.00660636
v -0.01804023 -0.04057419 0.00921186
v -0.03042423 -0.02592939 -0.00033084
v -0.01567863 -0.03906849 0.00923166
v -0.02806263 -0.02657559 -0.00027774
v 0.03328137 0.02431311 0.00098406
v -0.04044663 0.00412431 0.00762966
v 0.03800457 0.01048191 0.00174546
v -0.02627703 0.01341861 0.00941076
v 0.03742857 0.01278951 0.00108126
v 0.02504457 0.02211801 -0.00739584
v -0.01919223 0.02161761 0.00744066
v -0.01446903 0.02640741 0.05656626
v 0.00263817 0.03338331 0.05868666
v 0.00263817 0.03338331 0.05868666
v 0.04923657 -0.00270039 0.00958266
v -0.03215223 -0.01129719 0.01665576
v -0.01504503 -0.02634699 0.00176256
v 0.04629897 0.00708261 0.00604116
v -0.01798263 0.01892301 0.05192316
v 0.02095497 -0.01679799 0.01041876
v 0.04042377 -0.01202439 -0.03448044
v -0.01855863 0.02087601 0.01044756
v -0.03624183 0.00141171 0.01298196
v -0.00675063 0.00207681 0.05093586
v 0.00505737 0.02146641 -0.01098684
v 0.00505737 -0.01258869 0.00276606
v 0.01980297 -0.04046709 0.00977436
v 0.02452617 -0.04052559 0.00706806
v -0.01498743 0.02588361 0.05354316
v 0.02158857 0.01806441 0.03546846
v -0.00790263 0.03266511 0.05920956
v -0.01556343 -0.00034779 0.01378386
v 0.03103497 -0.00238989 0.01672686
v -0.02322423 -0.03296469 -0.01063854
v 0.04048137 -0.02243199 -0.03310524
v 0.03045897 -0.03371619 -0.00890334
v -0.02909943 0.02579631 0.00133506
v 0.00275337 -0.00165819 0.05028156
v -0.01729143 -0.02723619 -0.00158184
v 0.03403017 -0.01890399 0.00835956
v 0.03403017 -0.01890399 0.00835956
v -0.01020663 -0.02559909 -0.03519414
v 0.00690057 -0.00605109 0.01066986
v -0.03733623 -0.00642279 0.01265256
v 0.01162377 -0.03907299 0.00894006
v -0.00076023 -0.01690329 0.00038016
v -0.02788983 0.00843711 0.01371996
v 0.03581577 -0.03630549 0.00070236
v 0.02815497 -0.03824679 0.00390456
v 0.04290057 -0.00582429 0.00734886
v -0.03848823 -0.00064929 0.01083456
v -0.03612663 0.01573701 0.00178236
v 0.01991817 0.00726981 0.01475046
v 0.03466377 0.01586661 0.00076716
v 0.01461897 -0.03794619 0.00308736
v 0.03172617 -0.02442639 0.00259056
v -0.01251063 -0.00300999 0.02257866
v -0.01251063 -0.00300999 0.02257866
v 0.02170377 0.01451661 -0.03474684
v 0.03881097 0.00760911 -0.03463074
v 0.00165897 -0.01018839 0.04219686
v 0.02112777 0.01547781 0.01107396
v 0.01582857 -0.02510229 -0.00096624
v 0.02291337 0.02661891 0.01086246
v -0.04845303 -0.02082639 0.00608976
v -0.04609143 0.01232781 0.00104076
v 0.01525257 0.00216681 0.01490256
v 0.03235977 -0.01464789 0.01164996
v 0.00523017 0.00485241 0.05345226
v -0.03900663 -0.04029699 0.00962316
v -0.04430583 0.01816161 -0.01241784
v -0.05018103 -0.02637669 0.00984996
v 0.04301577 0.02736141 0.01020996
v 0.00114057 0.01306941 0.06063336
v 0.00350217 -0.02943669 -0.03290994
v -0.04603383 -0.03454329 -0.00017604
v -0.00179703 -0.04020249 0.00631476
v -0.00179703 -0.03612639 0.00117306
v 0.04952457 0.02403321 0.01024686
v -0.03894903 0.00894921 -0.03352374
v 0.01001097 0.01290381 0.05726286
v 0.01237257 -0.00123249 0.01472886
v -0.00001143 0.03170931 0.06291216
v -0.01239543 -0.01567749 0.01408626
v -0.01003383 -0.03649269 0.00160686
v 0.00943497 0.01391451 0.05844366
v -0.00058743 0.03121521 0.06238386
v 0.04011507 0.01014891 -0.00058104
v -0.04835853 -0.02692569 0.00987876
v -0.04835853 0.01395771 0.00592236
v -0.03361293 -0.00609879 0.01764576
v 0.03717747 0.00849831 0.00598626
v 0.01949427 -0.02323299 0.00310896
v 0.05134707 -0.01380909 0.01008756
v -0.00763533 0.03349221 0.05774526
v 0.02894067 -0.03241389 -0.02275434
v 0.00417267 -0.00492699 0.00893826
v 0.00417267 0.01513311 0.06138486
v -0.01057293 0.03099831 0.05933916
v 0.02127987 0.00461661 0.03912066
v 0.01834227 -0.02928999 -0.03454164
v 0.03544947 -0.02208909 0.00350676
v -0.02353293 0.01662801 0.00486396
v -0.01880973 -0.03252099 -0.01037754
v -0.03119373 -0.02466309 0.00120636
v 0.00065907 0.02029371 0.06568596
v -0.01466253 -0.00313419 0.02677986
v 0.01719027 -0.03405819 -0.00740394
v 0.03665907 0.02028021 -0.00111834
v -0.04709133 -0.02826129 0.00243666
v 0.03135987 0.00724641 0.01267686
v 0.01897587 -0.03319059 -0.00910494
v 0.04316787 -0.03592839 -0.00566874
v -0.00872973 0.02982381 0.06207786
v 0.01073907 -0.01270749 0.00800766
v -0.00164493 0.01126491 0.05853276
v -0.04115853 -0.00875739 0.01013256
v 0.03493107 0.01502241 0.00369396
v -0.00930573 0.01092471 0.05470416
v -0.03407373 -0.03991989 0.00966906
v -0.03937293 0.02765301 0.00902826
v -0.00988173 0.01953951 0.06271326
v -0.01990413 0.02265081 -0.00680634
v -0.00043533 -0.03788859 0.00297036
v 0.02375667 -0.03486729 -0.00835704
v -0.01811853 0.00073941 0.02213046
v 0.02847987 -0.01894719 0.00855306
v -0.05054733 0.01056111 0.00870426
v 0.02790387 -0.01266069 0.01371636
v 0.03735027 -0.03524259 -0.00368694
v 0.00255987 -0.00809679 0.04452876
v -0.03931533 0.01579641 0.00140616
v 0.02439027 -0.03519579 -0.00357624
v -0.01984653 0.00808791 0.04547376
v 0.04858227 -0.02200089 0.00106236
v -0.03280653 0.02753691 0.00959976
v -0.00331533 -0.03601209 0.00102906
v 0.05036787 -0.02657649 0.01033236
v -0.02099853 -0.02810109 -0.00247284
v 0.01321587 0.03137361 0.03672036
v 0.04270707 -0.00470739 0.00763866
v 0.03268467 -0.01270299 0.01305396
v -0.01921293 0.02277141 0.00822636
v -0.04161933 -0.01317819 -0.02517984
v 0.01972467 -0.00352479 0.01805886
v 0.02208627 0.01418001 0.01111086
v -0.00032013 0.03304221 0.06049386
v -0.02744973 -0.02673399 0.00263826
v 0.03389427 -0.01812279 0.00887166
v 0.00146547 0.01146471 0.05910786
v 0.00855027 0.03450831 0.03033576
v -0.04807053 0.01805901 0.00466146
v -0.00147213 0.03026211 0.06150186
v -0.03862413 0.01373271 -0.03529224
v -0.03626253 0.00997161 0.00341136
v -0.02151693 0.00286161 0.04067046
v 0.03982707 -0.01925319 -0.03235734
v -0.00440973 -0.01793829 0.00711666
v 0.01978227 0.01022541 0.04396716
v 0.03159027 -0.03678609 0.00179586
v -0.01028493 0.03414831 0.04837086
v -0.03269133 0.01153401 0.00663246
v 0.04575987 -0.04027719 0.01013436
v 0.01096947 -0.02030529 0.00054756
v -0.04565133 0.02695101 0.00873576
v 0.00094707 0.02913801 0.06247296
v -0.01143693 -0.02010189 0.00547146
v 0.03516147 -0.02398989 -0.03466314
v -0.02382093 -0.01526259 0.01553616
v -0.02382093 -0.01526259 0.01553616
v 0.01747827 -0.02308539 0.00250416
v -0.01201293 0.03097581 0.05547456
v 0.05111667 -0.01059159 0.01035486
v 0.02398707 0.01173831 0.01010106
v 0.01160307 -0.00168609 0.01750086
v 0.01102707 0.03358671 0.04094676
v 0.02577267 -0.02898399 -0.03406824
v 0.04051827 -0.01953939 0.00113076
v -0.04795533 -0.00704559 0.00397116
v 0.04287987 -0.03120789 -0.00560124
v -0.04323213 -0.01516089 -0.01729674
v -0.01374093 -0.01598079 -0.03414564
v 0.02047347 0.00460761 0.02895516
v 0.01045107 -0.03640089 0.00154206
v -0.04144653 -0.00694839 0.00736506
v -0.02197773 -0.03724599 0.00212076
v 0.02462067 0.01006521 0.01106316
v 0.01459827 0.01875381 0.05516046
v -0.04438413 0.00229821 0.00509526
v -0.01016973 -0.02349579 0.00005706
v 0.03642867 0.00869721 -0.03470724
v 0.01166067 0.03302241 0.05189976
v -0.04496013 -0.02908569 -0.01080324
v 0.02346867 -0.00936489 0.01530756
v -0.04789773 0.01201191 0.00278586
v -0.04553613 -0.02981649 0.00771606
v -0.00129933 -0.01854579 -0.00010134
v 0.00106227 0.03654501 0.03902256
v 0.00342387 -0.01119009 0.00185076
v -0.00659853 -0.01065639 0.01374246
v 0.02231667 0.01465431 -0.03422574
v -0.03430413 0.00922011 -0.03514644
v -0.04432653 -0.03207459 -0.00470664
v 0.03648627 -0.03406269 -0.00841194
v 0.02646387 -0.00059439 0.01600686
v -0.01541133 -0.02314209 0.00495846
v -0.04017933 -0.02618319 -0.00215244
v 0.03591027 0.02179131 -0.00092574
v 0.01114227 0.02599611 0.01120896
v 0.01822707 -0.00579909 0.01834416
v -0.02364813 -0.02686359 0.00019656
v -0.01184013 -0.03467559 -0.00333144
v -0.00711693 0.02987421 0.01508886
v 0.00999027 0.02452461 0.05958036
v -0.03954573 0.00561741 0.00584766
v 0.03654387 0.01903011 -0.00132534
v -0.00769293 0.01468491 -0.03524904
v -0.02301453 0.01959621 0.00559206
v -0.03833613 -0.02253639 -0.03485394
v -0.00648333 0.03383781 0.05563386
v 0.00472797 -0.00594309 0.04570506
v -0.00293283 -0.00763509 0.04503816
v 0.04838877 -0.03305469 0.00095436
v 0.03600477 -0.00297039 0.01421406
v 0.00887517 -0.01191729 0.00870516
v -0.03536163 -0.01938999 0.00446706
v 0.01359837 -0.02507079 -0.00165924
v 0.00357597 -0.00897429 0.00751266
v 0.01832157 0.02657301 0.02695176
v 0.02304477 0.01963581 0.00193536
v 0.02304477 0.01017411 0.01466856
v -0.02119203 0.01916781 0.00620046
v 0.00299997 0.02264901 -0.00637254
v 0.01008477 -0.03792189 0.00277056
v -0.00466083 -0.00467949 0.01536066
v -0.00466083 -0.00467949 0.01536066
v 0.02719197 -0.03627759 0.00080766
v 0.00950877 0.03451551 0.05187636
v -0.01998243 0.02546691 0.03798216
v -0.00523683 -0.04020609 0.00976896
v 0.01187037 -0.00825609 0.03924396
v -0.03000483 -0.01883559 0.01061766
v 0.00184797 -0.02871939 -0.03409344
v -0.02585763 0.01205241 0.00553716
v 0.03784797 0.02138181 0.00493686
v 0.04020957 -0.02898309 -0.03399354
v 0.01307997 0.02406921 0.01357866
v -0.02407203 0.01673331 -0.02953674
v 0.03963357 0.01838301 0.00559926
v -0.00460323 -0.01942329 0.00521946
v 0.03375837 -0.03904059 0.00643356
v -0.02286243 0.01384251 0.01301436
v -0.00103203 0.00216771 0.05245596
v 0.00605277 -0.04028259 0.00990486
v -0.00869283 0.02363361 0.06450606
v 0.04026717 0.01645521 0.00571086
v -0.01163043 -0.00573519 0.01381626
v 0.00547677 -0.04060839 0.00981936
v -0.03639843 -0.00540489 0.01380906
v -0.00454563 -0.03762579 0.00238806
v -0.03461283 -0.02212239 0.00368136
v 0.02909277 -0.04100889 0.00919296
v 0.01670877 0.01853241 0.04876596
v 0.02143197 0.01238991 0.00560016
v -0.02280483 -0.02854839 -0.03456594
v 0.01377117 -0.01171119 0.01484586
v 0.04562397 0.00581091 -0.00806814
v 0.00611037 -0.03306099 -0.00969264
v -0.02338083 -0.01100289 0.01896786
v 0.04268637 0.00330891 0.00403596
v 0.00081117 0.02771601 0.01151586
v -0.01451043 0.02067711 0.01309446
v 0.00495837 -0.03812439 0.00380196
v 0.00731997 -0.03455949 -0.00430884
v -0.00506403 0.02383611 0.06525846
v -0.01744803 0.02162931 0.01054116
v -0.03985443 -0.02230059 -0.02922624
v -0.04515363 -0.02310699 -0.00895374
v 0.01855197 0.01331601 0.04578426
v 0.03272157 -0.03468099 -0.00627894
v -0.03864483 -0.00859809 0.01197036
v -0.02389923 0.01516731 0.00480726
v 0.00795357 -0.01165809 0.00589176
v -0.04394403 0.00729141 -0.01055934
v 0.00029277 -0.02875539 -0.03231324
v -0.04158243 0.00002211 0.00933876
v -0.00972963 0.02177691 -0.01043874
v -0.03449763 -0.00570279 0.01720206
v -0.04215843 -0.03688779 0.00916686
v -0.01266723 0.02360661 0.01221516
v -0.03743523 0.02765751 0.00921096
v -0.01560483 -0.02620839 0.00302076
v -0.01560483 0.01727511 0.01136556
v 0.00858717 -0.00610149 0.04457376
v 0.02569437 -0.01397019 0.01224036
v 0.02569437 -0.01397019 0.01224036
v -0.01854243 0.01527441 -0.03488184
v 0.04516317 -0.03911439 0.01016406
v -0.01911843 0.00962601 0.04663386
v 0.01509597 0.03027201 0.02679876
v -0.01439523 0.01942251 0.01241316
v 0.04694877 -0.01664769 -0.00604044
v 0.02454237 0.01020831 0.00720576
v -0.01497123 -0.00106959 0.01397466
v 0.04637277 0.02012541 0.01071486
v -0.03265443 0.02616081 0.00977526
v -0.04503843 -0.02321139 -0.00145404
v -0.05033763 -0.00172029 0.00936756
v -0.03559203 0.00021561 0.01379196
v 0.04994397 -0.01005249 0.01014786
v -0.01906083 -0.01532559 0.02019366
v 0.03462237 0.00807171 0.01186686
v -0.00725283 -0.01867539 0.00792756
v 0.04170717 -0.03993519 0.00978966
v -0.02729763 0.00246471 0.01607526
v 0.00455517 -0.00470829 0.00947556
v 0.00397917 0.01956561 0.06420456
v -0.04025763 -0.03622719 0.00093996
v 0.02344797 -0.00611319 0.01618956
v -0.00604323 0.00794121 0.05471136
v -0.00604323 0.00794121 0.05471136
v -0.02608803 0.00876831 0.01576926
v -0.00898083 -0.01664499 0.00862416
v -0.00425763 0.03557481 0.03501306
v 0.01757277 0.02226111 0.01769886
v 0.00518877 0.03138981 0.05985936
v -0.03904803 0.01426641 -0.03494214
v -0.01957923 0.00884211 0.01184076
v -0.04434723 0.02723721 0.00914706
v -0.00011043 -0.01454799 0.00361746
v 0.04884957 -0.01767549 0.00619326
v 0.05121117 0.00113001 0.01029996
v 0.01405917 -0.00899769 0.01649466
v -0.00598563 -0.01401519 0.01025946
v 0.02586717 0.01754871 0.00237816
v 0.01348317 0.00782691 0.05146056
v -0.01600803 0.02169681 -0.01111644
v 0.00346077 -0.00773589 0.00824166
v -0.01422243 -0.00848289 0.01781046
v 0.00052317 -0.01237089 0.03753126
v 0.04418397 0.01014171 0.00768636
v -0.03720483 0.02069691 0.00672336
v 0.03888477 0.00718971 0.00800046
v -0.01065123 0.03221421 0.05669856
v 0.03830877 -0.03809739 0.00294246
v -0.04780323 -0.03845379 0.00917676
v 0.04775517 -0.01302969 0.00282546
v 0.04009437 0.00539691 0.00624906
v -0.03363363 -0.02400159 0.00137826
v 0.04717917 0.01329621 0.01065006
v 0.01238877 0.03250671 0.04181166
v -0.04659363 -0.03418149 0.00039186
v -0.01710243 -0.02329689 0.00528876
v 0.01064007 -0.03495369 -0.00293904
v 0.04013127 -0.04125009 0.00951426
v 0.04013127 0.00600711 -0.03049974
v 0.01772487 0.00398841 0.04532706
v 0.00004167 0.03622371 0.03764826
v 0.00948807 -0.04081809 0.00960966
v 0.01657287 0.01684131 0.04886226
v -0.02530233 -0.04028709 0.00977886
v -0.03768633 0.00893751 0.00322326
v 0.00597447 -0.02942679 -0.03459384
v 0.01069767 -0.04063809 0.00630036
v -0.01879353 0.01330341 0.01325376
v 0.01542087 0.01255191 0.05033106
v 0.04491207 0.02659551 0.00778986
v -0.01170873 -0.00361749 0.01464876
v -0.02996793 0.01495041 0.00173556
v 0.00660807 0.02125941 0.06204546
v 0.03609927 -0.02380629 -0.00038394
v 0.03609927 -0.03557919 -0.00221274
v -0.03762873 0.00867651 0.00407736
v 0.02371527 0.00388311 0.01077966
v -0.02052153 -0.03451269 -0.00891864
v -0.01343673 0.01308831 0.05409576
v -0.01107513 0.01669731 -0.03355974
v -0.02109753 -0.04042749 0.00952326
v -0.02109753 -0.03904419 0.00918486
v -0.02109753 0.00594861 0.01193796
v -0.00928953 -0.00625719 0.01363176
v -0.01931193 0.00366891 0.01756566
v 0.00251847 0.01436721 -0.03502224
v 0.00488007 0.01638231 -0.03342204
v 0.00488007 -0.00573249 -0.03387474
v 0.01962567 0.00277971 0.01349946
v 0.03909447 0.00790161 0.00393786
v 0.00430407 0.02911551 0.06152886
v 0.00666567 0.03388461 0.02299266
v -0.01810233 -0.01660089 0.01440486
v -0.02812473 0.01192821 0.01118736
v 0.02792007 -0.00829659 0.01670076
v 0.02262087 0.00459411 0.03297906
v -0.04874553 0.01808781 0.00777366
v -0.02927673 -0.03538479 -0.00210834
v -0.02691513 -0.02687619 0.00104256
v 0.01968327 0.02290731 0.03655116
v -0.00980793 -0.01453539 0.01277766
v 0.02204487 0.00302451 0.03515616
v -0.02985273 -0.04062729 0.00924156
v -0.03987513 -0.03521289 -0.00247464
v -0.03987513 -0.03521289 -0.00247464
v 0.01144647 -0.00169689 0.01575936
v -0.03279033 -0.01289739 0.01322946
v 0.00142407 0.00722571 0.05562756
v 0.02561607 0.01625631 0.00418446
v -0.01625913 0.00150711 0.01522836
v 0.04508487 0.02560101 0.00473256
v 0.03506247 -0.03356049 -0.00878724
v 0.04980807 -0.03564039 0.01013976
v -0.00208953 0.02369211 0.06581466
v -0.01741113 0.01182201 0.01280016
v -0.00030393 0.02947551 0.06193296
v 0.04099527 -0.03243369 -0.02132784
v -0.01090233 0.03064641 0.01861056
v 0.02095047 -0.00890409 0.01699506
v -0.02328633 0.01665051 0.01113696
v -0.04569273 0.01616451 0.00057186
v 0.00799047 -0.01141779 0.00675936
v 0.00799047 0.00923811 0.05594796
v 0.00799047 -0.03913869 0.00905886
v 0.03748167 -0.02238069 0.00066456
v 0.04220487 0.00096531 0.00522486
v -0.00203193 0.01081131 0.05781906
v 0.03926727 -0.01827849 -0.03458484
v 0.03396807 -0.03528939 -0.00409824
v 0.05107527 -0.00643539 0.01040166
v 0.03869127 0.00499191 -0.03471804
v -0.04742073 -0.02539929 0.00691776
v 0.01628487 0.02700501 0.04957416
v 0.04047687 -0.02980299 -0.03111174
v 0.02043207 0.02090751 -0.01023444
v -0.04857273 0.00317211 0.00664506
v -0.04857273 -0.01967619 0.00774936
v 0.00038727 -0.02897589 -0.03044484
v 0.04698567 -0.01476039 0.00223146
v -0.02674233 -0.01256619 0.01886886
v 0.02221767 -0.03364239 -0.00908694
v -0.02201913 -0.02651439 0.00090486
v 0.01455687 0.03101271 0.04805316
v 0.04877127 -0.03202509 0.00102816
v -0.00784953 -0.03635049 0.00148716
v 0.03874887 0.00724461 0.00888516
v -0.00312633 0.02253471 -0.00693594
v -0.00076473 -0.01108749 0.03405726
v 0.02342727 0.01516551 -0.03290544
v -0.03849273 -0.00511779 0.01179396
v 0.03759687 0.01953951 -0.00067464
v 0.01046727 0.02654151 0.01138176
v 0.01046727 0.02654151 0.01138176
v 0.00044487 -0.00882669 0.00920736
v -0.04436793 -0.03434079 0.00979416
v -0.00013113 -0.03988749 0.00345906
v 0.00165447 -0.02976789 -0.02927844
v 0.04589127 -0.01577739 0.00005526
v -0.01072953 -0.04047429 0.00964656
v 0.02348487 -0.03626409 -0.00567054
v -0.01130553 -0.01696449 0.01042326
v -0.03607353 -0.03264879 -0.01116954
v -0.00064953 -0.00645339 -0.03386574
v 0.00171207 -0.01222329 0.00276966
v 0.03241287 -0.01034769 0.01464156
v -0.03895353 -0.03766989 0.00259146
v -0.03895353 -0.01695459 -0.03373164
v -0.01948473 0.02096961 0.04414176
v 0.01236807 -0.00666129 0.03170106
v 0.02711367 0.02438781 0.00094176
v -0.02950713 0.00016701 0.01646046
v 0.02181447 0.01828671 0.02511666
v 0.00176967 0.01302261 0.06027246
v -0.03774393 -0.00584589 0.01211256
v -0.03891663 -0.01390269 0.00560196
v -0.02180943 0.00583791 0.01222236
v 0.04189617 0.00727971 -0.02488914
v 0.00946737 0.03239781 0.05463846
v 0.01419057 -0.01286499 0.01063656
v -0.01293903 0.02905971 0.05212926
v -0.00585423 -0.01172289 0.03831156
v -0.02883663 0.01456341 0.00177516
v 0.04725297 -0.01742889 0.00238626
v 0.00537777 0.02974551 0.05983416
v -0.03649743 0.00647061 -0.03467034
v 0.00480177 -0.02590959 -0.00204354
v 0.00128817 -0.00334929 0.04866336
v -0.02820303 -0.02641449 0.00122436
v -0.01109583 -0.03348219 -0.00974394
v 0.02311857 0.01485231 -0.03327354
v 0.04258737 -0.01402869 0.00231516
v -0.01460943 -0.03111699 -0.00909684
v 0.01902897 -0.03393489 -0.00743184
v -0.03995343 -0.03705609 0.00161406
v -0.04289103 -0.03205299 -0.00882864
v -0.02163663 -0.03776079 0.00314136
v 0.02732337 -0.03578619 -0.00169344
v -0.04640463 -0.02363079 0.00114066
v 0.03204657 0.02118561 0.00007236
v -0.04698063 -0.03408699 0.00369396
v 0.01672497 0.02810211 0.03518406
v 0.04857777 -0.03420849 0.01052316
v -0.00804303 -0.01857459 0.00795546
v 0.01614897 0.02692581 0.01080126
v 0.00612657 -0.01791129 -0.00091224
v -0.00389583 -0.01311879 0.01267146
v -0.00153423 -0.00996249 0.00945126
v 0.02029617 0.00673341 0.01343556
v 0.02265777 -0.02777439 -0.03375864
v -0.04928463 0.01751541 0.00171756
v -0.04456143 -0.03420489 0.00025506
v 0.02386737 0.02692581 0.01075716
v 0.02386737 0.02692581 0.01075716
v 0.00382257 0.02530851 0.06327666
v -0.02330703 0.00786291 0.01601406
v -0.00147663 -0.01563969 0.00448236
v 0.01563057 0.02359041 0.01615446
v -0.01386063 0.02430951 0.01129716
v 0.04748337 -0.00192729 0.00284166
v 0.01269297 0.02636961 0.01133676
v 0.01269297 0.02636961 0.01133676
v 0.02213937 0.02041251 0.00371286
v 0.00975537 -0.01205049 0.00781866
v 0.03158577 -0.00735519 0.01646136
v 0.02392497 0.00218751 0.01314936
v -0.03505743 0.01077891 0.00432936
v -0.02031183 0.02384511 0.03980196
v -0.03269583 -0.03596079 0.00073836
v 0.00388017 0.03432651 0.06040386
v 0.00860337 0.01704561 0.06045246
v 0.01096497 -0.00829209 0.04035276
v 0.01332657 0.02537061 0.00122526
v -0.01616463 0.00071511 0.01341576
v -0.01616463 0.00071511 0.01341576
v 0.04754097 0.00368601 0.00291906
v -0.00671823 -0.00263829 0.04712976
v 0.02749617 0.02233581 0.00577386
v -0.03027663 -0.03239409 -0.01077264
v 0.01632177 -0.01769079 0.00823806
v -0.03793743 0.00567051 0.01124316
v -0.05032143 -0.01172649 0.00978786
v -0.02376783 -0.03377559 -0.01202004
v 0.02755377 0.00342231 0.01235196
v -0.04381263 -0.03143019 -0.00756504
v -0.02670543 -0.03891729 0.00876096
v -0.03672783 0.00687561 -0.03497994
v 0.03642417 0.02456331 0.00531576
v -0.02255823 -0.03634059 0.00143676
v -0.03021903 0.01603221 -0.03498264
v 0.03584817 0.02402511 0.00355086
v 0.03820977 0.02693571 0.01063296
v -0.02134863 0.00676671 0.01328346
v 0.00756657 -0.03258939 -0.00937224
v 0.03941937 -0.03792459 0.00297036
v -0.04905423 0.01551201 0.00093816
v -0.01720143 0.02508621 0.04436046
v 0.02939697 -0.01391799 0.01283346
v -0.02013903 0.01138011 -0.03508344
v 0.00641457 0.02851071 0.05991246
v -0.00833103 0.02671521 0.01228446
v -0.00124623 -0.04009179 0.00967536
v 0.02766897 0.01574781 0.00643356
v -0.00182223 -0.00639579 0.01064016
v -0.02244303 -0.01504209 0.02025396
v 0.01649457 -0.00275259 0.01770696
v 0.03124017 -0.02522559 0.00124146
v -0.00355023 -0.01079859 0.01353636
v 0.00825777 0.01163661 0.05759406
v -0.00176463 0.03228801 0.05951286
v -0.02004453 -0.00273999 0.03683376
v -0.01768293 0.02389371 0.00916056
v -0.01768293 0.01367331 0.01170216
v -0.01532133 -0.03395109 -0.00675504
v 0.00414747 -0.00954579 0.00531486
v 0.03363867 -0.04029609 0.00988416
v 0.02304027 -0.04080459 0.00975546
v 0.01774107 -0.00423399 0.03597336
v 0.00950427 -0.03895419 0.00779796
v 0.02424987 0.01543551 -0.03368574
v 0.01186587 -0.00305049 0.02204046
v 0.01422747 -0.01851609 0.00631836
v 0.01895067 -0.00200469 0.03194046
v 0.04844187 0.00293541 0.00988236
v -0.04003173 -0.01195149 0.00774216
v -0.03767013 0.00364281 0.01103076
v -0.03767013 0.00117771 0.01093626
v 0.01128987 -0.00379389 0.01476306
v -0.01820133 -0.00049719 0.02536146
v 0.01601307 0.01891581 -0.02326734
v 0.00599067 -0.01648299 -0.03412134
v -0.01641573 -0.01335279 0.01715526
v -0.01405413 0.01726971 0.05582646
v -0.00696933 0.00835791 0.05443866
v 0.00956187 0.01234671 -0.03503754
v -0.02286693 0.00045951 0.01721106
v -0.04999653 -0.03525789 0.00924966
v -0.04527333 -0.03360729 0.00756576
v 0.02079387 0.00651291 0.04118526
v 0.03790107 -0.02124309 -0.03489534
v 0.03790107 -0.02124309 -0.03489534
v 0.01785627 0.00273381 0.04404996
v 0.02257947 -0.02591139 -0.03494394
v -0.01693413 -0.00497829 0.01777266
v 0.01670427 -0.01008309 0.01694286
v -0.01278693 0.03296031 0.02875986
v -0.03519333 0.00693321 -0.03538584
v 0.02321307 0.01544811 -0.03085704
v -0.01866213 0.02090841 0.00787356
v -0.03634533 0.01875021 -0.02516274
v -0.00685413 0.02451471 0.06508836
v 0.01025307 0.02546331 0.01253826
v 0.04210587 0.02106771 -0.01179594
v 0.01497627 -0.02910999 -0.03480984
v 0.05155227 -0.03038889 0.01012266
v 0.01440027 -0.04005759 0.00536526
v 0.01676187 -0.03371709 -0.00906444
v -0.00092133 0.03208191 0.06016446
v 0.04273947 -0.00066639 0.00498726
v -0.01388133 0.01854321 0.05640156
v 0.00322587 0.02747031 0.00966906
v 0.03271707 0.02037561 -0.00100854
v 0.03980187 0.01326651 -0.03471354
v -0.00207333 -0.03728559 0.00203256
v -0.04394853 -0.00628059 0.00332046
v 0.00501147 0.03028011 0.06181866
v -0.00737253 0.01267161 0.05984406
v -0.04688613 0.01549131 0.00127116
v 0.02920347 -0.00302889 0.01699056
v 0.01388187 0.00149631 0.02420676
v 0.00149787 -0.00803109 0.04463946
v 0.01860507 0.01614741 0.04505436
v 0.04809627 -0.01027029 0.00305406
v 0.03571227 -0.02509959 -0.00380394
v 0.01330587 0.02586471 0.00269046
v 0.02805147 0.01537701 -0.03473694
v -0.02856933 0.01085091 0.01301346
v -0.04152933 -0.00469659 0.00863766
v 0.03928347 0.01553631 -0.03450654
v -0.00259173 0.03334101 0.05754636
v 0.01393947 -0.03341649 -0.00945594
v 0.03104667 0.02411871 0.00050346
v -0.03795813 -0.00180039 0.01148526
v -0.00374373 -0.03663039 0.00188496
v -0.00904293 0.03265071 0.05576976
v -0.03381093 0.01144221 -0.03536604
v -0.02672613 -0.02551179 0.00456156
v 0.00455067 -0.00675669 -0.03353724
v -0.03732453 0.00336111 0.01203516
v -0.02257893 0.01971861 0.02331576
v 0.04821147 0.01957461 0.00116316
v -0.04026213 -0.01551369 0.00381276
v 0.00869787 -0.00976629 0.03975876
v 0.01578267 0.02783931 0.04421916
v 0.02759067 -0.00990579 0.01581426
v -0.00956133 0.03216741 0.05861646
v -0.03196773 0.01077081 -0.03464334
v -0.01486053 0.01747941 0.01191816
v 0.02171547 0.02004801 0.02772756
v -0.03726693 0.00710961 -0.03513384
v -0.03726693 -0.03757359 0.00264636
v 0.03882267 0.01348071 -0.00099054
v 0.01169307 -0.00957819 0.03359016
v 0.00875547 0.02896701 0.05827896
v -0.05022693 -0.01806339 0.00973926
v -0.04786533 0.01750281 0.00322596
v 0.01347867 0.01974381 0.05713056
v -0.00656613 -0.01947189 0.00684666
v -0.00184293 0.02753331 0.00980946
v 0.01468827 -0.03875439 0.00879516
v 0.02177307 -0.04055979 0.00973746
v 0.05126427 -0.01966719 0.01032336
v 0.05126427 -0.03508239 0.00946116
v 0.05068827 -0.03389889 0.00633186
v -0.01831653 -0.01840809 0.01307826
v -0.01831653 -0.03331299 -0.01009854
v -0.00414693 0.02466771 0.06513606
v -0.03127653 0.00144411 0.01451286
v 0.02004507 0.00445551 0.01160406
v 0.02240667 0.01148541 -0.03468654
v -0.00472293 0.00852711 0.05548176
v -0.01710693 -0.03260109 -0.02094174
v 0.00472347 0.03261111 0.01890036
v 0.02831877 0.02726151 0.01038996
v 0.02831877 0.02726151 0.01038996
v -0.00117243 -0.01575219 0.00365436
v 0.00591237 -0.00694839 0.00956466
v -0.03832443 0.00523851 -0.03435354
v -0.01885563 0.01576131 -0.03401694
v -0.04598523 -0.01988679 0.00072936
v -0.03417723 -0.03461259 -0.00488124
v -0.03181563 -0.01281729 0.01436166
v 0.03897477 0.00678921 -0.03363084
v -0.02000763 0.01990851 0.01816416
v 0.04605957 0.01201551 -0.01030644
v 0.02365317 -0.00741369 0.01622826
v -0.05007483 -0.01629309 0.00974826
v 0.03016197 0.02636061 0.01049436
v -0.04356603 0.00496221 0.00240876
v -0.04120443 0.01732641 0.00397386
v -0.03175803 -0.03273339 -0.01089324
v -0.00226683 -0.02822619 -0.03500244
v 0.00009477 -0.01498179 0.00124776
v 0.04669317 -0.01778349 -0.00674784
v -0.02288763 -0.02308449 0.00826056
v -0.02052603 -0.01611399 0.01757466
v 0.04554117 0.00750561 0.00821646
v -0.02818683 0.00994641 0.00826956
v -0.03820923 0.00044241 0.01082466
v 0.03788037 -0.03011709 -0.03315924
v -0.01165563 0.02606631 0.01160046
v -0.01165563 0.02606631 0.01160046
v -0.01165563 0.02606631 0.01160046
v -0.02403963 -0.01398459 0.02024676
v 0.01017477 -0.00952419 0.03248046
v 0.00251397 0.00286071 0.05295636
v -0.02697723 -0.00124689 0.01830006
v 0.03379077 -0.03477099 -0.00565434
v -0.02283003 0.00706101 0.01506096
v -0.00572283 -0.04055619 0.00964746
v 0.03321477 -0.01777449 0.00924426
v 0.02555397 -0.03394029 -0.00829494
v -0.03342843 -0.03743949 0.00213156
v -0.01632123 -0.02725869 -0.00238554
v 0.00078597 -0.01249329 0.03660066
v 0.04738437 0.02568201 0.01038636
v 0.04738437 0.02568201 0.01038636
v -0.02634363 0.01632111 0.00318276
v -0.03872763 -0.03623259 0.00125676
v -0.00687483 -0.04047249 0.00970776
v 0.03206277 -0.02736759 -0.00517644
v 0.02204037 0.00006351 0.01598256
v 0.02204037 -0.02291619 0.00395766
v 0.04150917 -0.00794919 0.00735966
v -0.04460283 -0.03230229 -0.00926514
v 0.00435717 0.01894821 0.06321546
v 0.05095557 -0.02831349 0.01051236
v 0.03857157 0.02539941 0.00876726
v 0.01852677 -0.02969409 -0.03393954
v -0.05047803 -0.01473069 0.00955026
v 0.02797317 0.01849281 -0.00005364
v 0.02031237 -0.00567579 0.01799946
v -0.00681723 0.00712761 0.05357916
v -0.00681723 0.00712761 0.05357916
v 0.02739717 -0.04040139 0.00993186
v 0.04686597 0.00754881 0.00333036
v -0.01741563 -0.00478299 0.03458286
v -0.02979963 -0.00606279 0.01766916
v -0.01505403 -0.00715809 0.03947706
v 0.02152197 0.01829751 0.02290806
v -0.00560763 0.01947651 -0.02081934
v -0.00560763 0.00121461 0.05091516
v -0.04748283 0.02078691 0.00644076
v -0.01563003 -0.03725049 0.00213966
v 0.04571397 -0.03216999 -0.00240894
v 0.04571397 0.02083551 0.01062576
v -0.05042043 -0.03444879 0.00889506
v -0.01384443 0.02108031 0.01242576
v 0.04749957 -0.03488889 0.00091116
v 0.02036997 0.00247911 0.01413126
v 0.01979397 -0.03492309 -0.00413694
v -0.00969723 0.01542201 0.06076926
v -0.00261243 0.02456151 0.06543576
v -0.00791163 0.02755041 0.06400656
v 0.01155717 -0.01514199 0.00704646
v -0.04742523 0.00539601 0.00164376
v -0.04270203 0.02744151 0.00926226
v -0.02795643 0.00044331 0.01731456
v -0.00848763 0.03453081 0.03928446
v -0.00376443 0.01976451 -0.01852344
v 0.00332037 0.01684671 -0.02863134
v -0.02617083 0.00705921 0.01432656
v 0.02042757 0.02639391 0.01090206
v 0.01276677 -0.00249789 0.04557546
v 0.04461957 -0.00095979 0.00366426
v -0.04385403 0.01905621 0.00550476
v -0.01200123 -0.03747549 0.00227466
v 0.02929797 -0.03562869 -0.00864504
v 0.00216837 -0.03793809 0.00320976
v 0.01161477 -0.00424029 0.01480446
v 0.04110597 -0.01910829 -0.02811654
v -0.01787643 0.02930991 0.03236616
v -0.01609083 0.01424841 0.01202796
v -0.01194363 -0.00460389 0.02673576
v 0.02227077 -0.00536169 0.01725606
v 0.03701637 -0.00913089 0.01218816
v 0.03937797 -0.03426159 -0.00674784
v -0.00485883 0.01081761 -0.03428694
v -0.01724283 0.01523481 -0.03516894
v -0.02962683 -0.01150059 0.01723806
v -0.00013563 -0.01141419 0.00513936
v -0.02018043 0.01916331 0.00708426
v 0.05060997 -0.03025839 0.01041966
v 0.01581957 0.00166281 0.04607316
v -0.00894843 -0.02306289 -0.00015984
v 0.00049797 0.00504951 0.05389506
v -0.02427003 0.01013451 0.03783546
v -0.00952443 -0.01775379 0.00792036
v 0.01702917 0.01817961 0.01021806
v 0.01702917 -0.03218079 -0.02364804
v 0.00464517 -0.03335889 -0.00974664
v 0.04888197 -0.01259139 0.00620766
v -0.04961403 -0.03634419 0.00876366
v 0.00170757 -0.03329409 -0.00979794
v 0.00643077 0.03466941 0.02575836
v -0.03072123 0.01038741 0.00814536
v 0.01587717 -0.02784189 -0.03507174
v 0.02060037 0.00938031 0.04243086
v 0.02768517 0.00032091 0.01581876
v -0.03895803 -0.03343629 -0.01070964
v -0.00946683 -0.00455979 0.01478826
v -0.03659643 0.02763051 0.00913086
v -0.00002043 0.00673971 0.05448996
v -0.01770363 0.00996981 0.01207656
v -0.03008763 -0.04015929 0.00679716
v -0.00059643 0.03595461 0.03521286
v -0.00059643 -0.03339669 -0.00968274
v 0.04836357 -0.01496469 0.00399636
v -0.02300283 0.00393531 0.03486996
v 0.03834117 0.01253211 -0.00110214
v 0.01121157 -0.02346159 -0.03405384
v -0.02181393 0.01463271 -0.03406014
v -0.00234513 -0.01127109 0.00757206
v -0.02238993 0.01755951 0.01114326
v -0.01766673 -0.01418079 0.01826136
v 0.04367727 0.00115701 -0.02149254
v 0.02127087 -0.01274079 0.01285686
v 0.03601647 -0.02388279 -0.03481434
v -0.01115793 -0.02458119 -0.00108864
v 0.01481967 -0.03584199 -0.00000234
v -0.04416273 -0.03808029 0.00738576
v 0.00007407 -0.01055919 0.00594756
v 0.01954287 -0.03774369 0.00257436
v 0.04903407 0.00227301 0.01041966
v 0.02662767 0.01326741 0.00728046
v -0.04710033 -0.02569899 0.00773316
v -0.04237713 0.02769981 0.00893286
v -0.03765393 0.00845421 0.00808596
v 0.04079727 -0.03571869 -0.00141894
v 0.02075247 0.00239811 0.03042396
v 0.01309167 -0.01353639 0.00924786
v 0.02783727 0.00877371 0.01010106
v 0.01545327 0.02589981 0.01816236
v 0.00543087 0.01993641 0.06258006
v 0.01015407 -0.04101789 0.00837756
v 0.00191727 -0.02959329 -0.03040074
v -0.00631953 0.00095811 0.05036076
v 0.02495727 -0.01048809 0.01484856
v 0.04206447 0.00879801 -0.02548314
v -0.04640913 -0.03950859 0.00873306
v -0.01691793 -0.00887349 0.01900746
v -0.01691793 -0.00887349 0.01900746
v -0.01691793 0.02684841 0.04282686
v 0.01493487 0.00025071 0.04583646
v -0.04226193 0.00233691 0.00800586
v -0.04756113 0.01174641 0.00214506
v 0.04327407 -0.04067679 0.01000746
v 0.03561327 -0.04095849 0.00970956
v 0.02322927 -0.00220989 0.01621296
v 0.04033647 -0.02455959 -0.03457944
v 0.04033647 -0.03293409 -0.00707184
v -0.01628433 0.01524741 0.05316246
v 0.04742127 0.02254191 0.00154566
v 0.04742127 0.02254191 0.00154566
v 0.01499247 -0.02079039 0.00385056
v 0.02973807 0.02075271 0.00045126
v -0.00977553 0.01036761 0.05378346
v 0.02207727 -0.03945729 0.00923436
v -0.02215953 -0.00938469 0.01867446
v -0.00741393 -0.00523659 0.01350306
v 0.00203247 -0.04026819 0.00528066
v -0.04750353 0.02209911 0.00705186
v -0.04041873 -0.01336359 0.00525186
v 0.05041647 -0.00885369 0.01044216
v -0.03569553 -0.01850619 0.00446976
v -0.02094993 -0.01022799 0.01842516
v 0.00088047 0.01637511 -0.02879964
v 0.00796527 0.03683121 0.04573656
v 0.03745647 0.00901491 0.00465246
v 0.03745647 -0.00940899 0.01094526
v 0.02979567 -0.00749559 0.01685376
v -0.01207953 -0.00916329 0.03811266
v -0.02446353 0.00897711 0.03581766
v -0.02446353 0.01509891 0.03445776
v 0.01447407 -0.00291999 0.01680516
v -0.00027153 0.02647311 0.06420816
v 0.04632687 -0.02725419 -0.00016074
v -0.00793233 0.03552171 0.05071626
v 0.04989807 -0.00490629 0.01007946
v 0.02749167 0.00574251 0.01153386
v -0.01438353 -0.00580089 0.04189896
v 0.01983087 -0.04077759 0.00959256
v -0.00729873 -0.00352749 0.04696326
v 0.03400047 -0.02283159 0.00355986
v 0.04817007 -0.02285949 0.00316386
v -0.01081233 0.02387931 0.06328206
v 0.05053167 -0.00608709 0.01045386
v 0.02340207 0.01295511 0.01257066
v 0.02340207 0.02279571 -0.00539874
v -0.03321873 -0.00419259 0.01681866
v -0.04324113 -0.00965019 0.00343836
v 0.03757167 -0.02385849 -0.00228744
v -0.03379473 -0.03376659 -0.00926874
v -0.00194193 -0.03406449 -0.01120644
v 0.00278127 0.03354081 0.05699826
v -0.03437073 0.00294981 0.01342836
v -0.02492433 -0.03063189 -0.00826974
v -0.02020113 -0.03315729 -0.01044054
v 0.01637487 -0.03753399 -0.00010584
v 0.00399087 -0.03986859 0.00421416
v 0.03348207 0.02215851 -0.00815724
v -0.03788433 0.02094621 -0.01512414
v -0.04790673 -0.03846639 0.00881136
v -0.04669713 -0.02688249 0.00769086
v 0.00226287 0.02114961 -0.00924264
v 0.00462447 -0.01141059 0.03883716
v 0.02173167 -0.02715879 -0.00223344
v -0.01778193 0.01650111 0.05183856
v -0.04491153 -0.02974809 -0.00409284
v 0.01821807 0.02435721 0.03926196
v 0.04477167 -0.03029979 -0.00493164
v 0.04477167 -0.03029979 -0.00493164
v 0.00761967 -0.01848369 -0.00022644
v -0.00240273 -0.00179049 0.04975146
v -0.02717073 -0.02696079 0.00219276
v 0.00704367 0.03527691 0.03846996
v 0.00940527 -0.00796449 0.02697876
v 0.03889647 0.01713201 -0.03093534
v 0.01176687 -0.00930639 0.03675096
v 0.01176687 -0.03755289 0.00274626
v 0.03123567 -0.03596439 -0.00048384
v 0.04304367 0.01238991 0.00732726
v -0.00119313 -0.00859809 0.04429296
v 0.01827567 -0.03125289 -0.02747484
v 0.02063727 -0.03530289 -0.00347094
v -0.04717863 -0.01284249 0.00208746
v -0.04775463 0.01327821 0.00016956
v -0.05069223 -0.03204039 0.00852426
v -0.01175463 0.03240141 0.04338756
v 0.04429017 -0.00555339 0.00341496
v -0.04418343 0.01715181 0.00334296
v 0.00477657 -0.04021869 0.00480186
v 0.02660697 0.00160971 0.01465416
v 0.04371417 0.01918401 -0.01451124
v 0.04371417 0.01918401 -0.01451124
v -0.04475943 -0.02186949 -0.00042804
v 0.01658457 0.00882501 0.02445246
v 0.04843737 -0.01806249 0.00365346
v -0.02292903 -0.01464969 0.02051136
v 0.01128537 -0.00227019 0.01517076
v 0.02603097 0.00259431 0.01322676
v 0.01837017 0.01932621 0.00376956
v 0.02073177 0.01561821 0.01390986
v 0.02251737 0.01735701 -0.02521944
v 0.02487897 0.00904641 0.00838926
v -0.03410343 -0.00707979 0.01692486
v 0.02724057 -0.02406999 0.00413496
v -0.04648743 0.02141061 0.00010926
v 0.04670937 0.00182571 -0.00703044
v -0.02701863 -0.03731979 -0.00018594
v -0.01757223 0.02260041 0.00839826
v 0.04849497 -0.01183089 0.00413496
v 0.05085657 -0.02593119 0.01043046
v -0.03761703 -0.04045179 0.00950616
v -0.02344743 0.00648141 0.03916116
v -0.00870183 0.02866911 0.06294006
v 0.02315097 0.02231781 -0.00666774
v 0.03789657 -0.01915239 -0.03465774
v 0.03789657 -0.01915239 -0.03465774
v -0.00634023 -0.00784389 0.01200816
v 0.03023577 0.01276701 0.00821376
v 0.04498137 0.02367771 0.01071126
v -0.00927783 -0.00298749 0.04706766
v -0.00927783 -0.00298749 0.04706766
v -0.03640743 -0.00692949 0.01460556
v 0.02729817 0.01882671 0.00003636
v 0.00253017 -0.03998919 0.00982656
v -0.04170663 -0.02798229 -0.02494764
v -0.03698343 -0.03696069 0.00182016
v 0.00961497 -0.03919899 0.00900126
v -0.01751463 0.02675571 0.01054746
v -0.01751463 0.02675571 0.01054746
v -0.00040743 0.01608081 -0.03106044
v -0.02281383 0.02747301 0.00963756
v 0.00373977 0.01692231 0.06246306
v -0.00864423 -0.03859869 0.00698166
v 0.03795417 0.00689991 -0.03456234
v 0.01790937 -0.01229979 0.01267236
v 0.01790937 0.00082941 0.01624086
v 0.04976217 -0.00252849 0.01022886
v -0.02160423 0.02416191 0.03409056
v 0.01024857 -0.00507099 0.01828926
v -0.01215783 -0.00385419 0.01464066
v 0.05154777 0.01268601 0.00998226
v -0.01981863 -0.01090569 0.01845396
v -0.01981863 0.02613201 0.01043406
v 0.04152537 -0.01218189 -0.03220344
v -0.04458663 -0.02759169 -0.00417384
v -0.00150183 -0.03974619 0.00311616
v 0.01266777 -0.03623079 0.00118296
v 0.01266777 -0.04034019 0.00651276
v -0.01682343 0.00066651 0.01322316
v -0.00501543 0.03127551 0.06171876
v -0.00501543 -0.01361019 0.01009746
v -0.01739943 0.01674141 0.05305626
v -0.03980583 0.00386781 -0.02922264
v 0.01151577 -0.00982299 0.03451986
v 0.01623897 0.00674511 0.02591676
v 0.00385497 0.03818841 0.04608396
v 0.01860057 0.01549221 0.02206386
v -0.01089063 -0.00545889 0.04500126
v 0.03806937 -0.03480609 -0.00555894
v -0.00616743 0.02780331 0.06435576
v -0.04804263 -0.01910199 0.00473256
v 0.00091737 0.01211181 -0.03510414
v 0.03277017 0.00960351 0.01087596
v -0.02621223 0.01175451 0.00706446
v 0.00564057 0.01624011 -0.03433374
v -0.00910503 -0.01414749 0.01267596
v -0.01676583 0.02329881 0.00911736
v 0.01744857 0.02434821 0.00083736
v 0.00506457 0.01878351 0.06259716
v 0.03455577 0.00955041 0.01031616
v 0.00742617 0.03648651 0.05054256
v -0.03444903 -0.03762849 0.00282996
v 0.01865817 0.01765041 -0.02780964
v 0.02101977 0.00542931 0.01052406
v 0.03812697 -0.02965719 -0.03415734
v -0.04798503 0.01999401 0.00722826
v 0.00569817 -0.01164189 0.03729636
v 0.03755097 -0.00071319 0.01277586
v 0.00276057 0.03461361 0.06029136
v -0.01728423 0.01741461 0.01308546
v -0.01728423 0.01741461 0.01308546
v -0.02258343 0.01869081 0.00539046
v -0.04262823 -0.03592389 0.00888066
v 0.01871577 -0.01122339 0.01620036
v -0.05028903 0.00253761 0.00919476
v -0.01371303 -0.00192189 0.01468926
v -0.01371303 -0.00192189 0.01468926
v -0.01371303 -0.00192189 0.01468926
v 0.00575577 -0.00310899 0.04755546
v 0.03524697 -0.03396099 -0.00870534
v -0.02373543 -0.00510249 0.01917576
v -0.02137383 -0.02993979 -0.02856744
v 0.04233177 -0.03924039 0.00171936
v -0.03905703 0.00524481 -0.03134124
v -0.02431143 0.01444461 0.01217826
v -0.02194983 0.02629581 0.01034406
v -0.01486503 -0.01714449 0.01301526
v -0.04199463 0.00183111 -0.02314944
v 0.01934937 0.00318921 0.01330956
v -0.02252583 0.00168621 0.03490236
v -0.04493223 -0.03238869 -0.00173214
v 0.00581337 0.03718491 0.04302486
v -0.02367783 -0.03063459 -0.02646774
v 0.02528217 -0.02638389 0.00086706
v -0.04844583 0.00913461 0.00567306
v -0.01659303 0.03013071 0.03567366
v 0.00051417 0.01380741 -0.03403584
v 0.00287577 -0.04051479 0.00638856
v -0.04136103 -0.00404139 0.00900666
v 0.03945177 -0.02472069 -0.03487914
v 0.03945177 -0.02472069 -0.03487914
v 0.01883097 0.00530511 0.01600686
v 0.04832217 -0.03217359 0.00337806
v 0.00114777 0.01517451 -0.03307374
v 0.01589337 -0.00583779 0.01794816
v 0.00350937 -0.01088049 0.03418956
v -0.01123623 0.01231521 -0.03525084
v 0.00823257 -0.02833239 -0.03510144
v -0.01417383 -0.02283519 0.00472716
v 0.00057177 0.01500531 -0.03324564
v 0.02240217 0.01393251 0.03599136
v 0.03714777 -0.03905679 0.00707796
v -0.03421863 -0.03403029 -0.00749304
v -0.00472743 -0.03928809 0.00245376
v 0.05131737 -0.02454069 0.01026036
v -0.03715623 -0.02967699 -0.03450654
v -0.02241063 0.01744251 0.04076136
v -0.00766503 -0.00615639 0.04554486
v -0.02358333 0.02246451 -0.00738864
v -0.00883773 -0.03586089 0.00028116
v -0.00175293 -0.01264269 0.03636936
v 0.00297027 -0.03847449 0.00573786
v -0.04126653 -0.00294159 0.00871506
v 0.00769347 -0.04024479 0.00517806
v -0.04892733 0.02157801 0.00871056
v -0.01943613 0.01278231 0.04650516
v -0.04656573 0.02050521 0.00617166
v -0.00762813 -0.03314739 -0.01017504
v 0.04075587 0.00849291 0.00094986
v -0.04771773 -0.02299089 0.00259956
v 0.01598787 -0.03760689 0.00258066
v 0.02071107 0.02221071 0.03236886
v 0.01305027 0.00627261 0.05123466
v 0.04254147 -0.00701049 0.00628506
v 0.00538947 -0.01615989 0.00005796
v -0.02410173 -0.02942409 -0.03293064
v 0.02249667 -0.01093179 0.01466586
v -0.01701693 0.01894551 0.05027616
v 0.00717507 0.00589461 0.05318046
v -0.00757053 0.00784761 -0.03410694
v -0.01523133 0.02357601 0.01107126
v -0.04236093 -0.03464319 -0.00280764
v 0.02076867 -0.02740359 -0.00281574
v -0.00636093 -0.00716169 0.01210626
v 0.00544707 -0.00494679 0.04596426
v -0.00929853 -0.03929169 0.00255726
v 0.00014787 0.03111261 0.01530036
v 0.02670147 -0.02805699 -0.00377244
v -0.04466493 -0.03227259 -0.00344754
v -0.01517373 -0.02944659 -0.03469644
v -0.03994173 -0.03454149 -0.00527274
v -0.03994173 -0.03454149 -0.00527274
v 0.03850947 0.02519961 0.00742356
v -0.02341053 -0.02419959 -0.03440034
v -0.01396413 -0.02377029 0.00424026
v -0.01160253 0.02135031 0.06190506
v 0.02025027 0.01357611 0.00535176
v -0.00924093 -0.00704919 0.04430646
v -0.00924093 -0.00704919 0.04430646
v -0.00451773 -0.01215039 0.03610116
v 0.00492867 0.00996891 0.05779566
v -0.01983933 0.02311701 0.02011086
v 0.01437507 0.00625461 0.05005926
v 0.05095107 -0.00130809 0.01052586
v -0.00803133 -0.01547049 0.00891936
v 0.02088387 0.01441581 0.02369466
v 0.02503107 -0.04081719 0.00968616
v -0.04397373 0.00318291 0.00507816
v 0.03862467 -0.04054899 0.00993006
v 0.04570947 -0.01854399 -0.00082764
v -0.04806333 -0.02307369 0.00699426
v 0.02272707 0.01478931 -0.03340044
v -0.00676413 0.03639111 0.04439196
v 0.02745027 -0.02892009 -0.03475494
v 0.04455747 0.02121171 0.01015686
v 0.04455747 -0.02480259 -0.00358794
v 0.00268227 -0.02751069 -0.00264834
v -0.00734013 0.03498351 0.05276106
v -0.00261693 0.03700941 0.04148496
v -0.01500093 -0.03030249 -0.00796734
v 0.04634307 -0.03583119 0.00033696
v -0.02502333 -0.02699679 -0.00003744
v 0.02157507 0.00471651 0.01030446
v 0.00919107 0.03407541 0.03670236
v 0.04519107 -0.02893269 -0.00355554
v -0.02145213 0.01353111 -0.03450114
v -0.00670653 -0.01443909 0.01225566
v 0.01276227 -0.01251129 0.01314216
v 0.01512387 -0.03829809 0.00755676
v -0.04149693 -0.03339669 -0.00901044
v -0.00728253 -0.00694209 0.02207466
v -0.03441213 -0.03717489 0.00202266
v 0.01690947 0.02689071 0.03711186
v 0.04876227 0.00168981 0.00785466
v -0.02024253 0.01418901 -0.03523554
v 0.02635587 0.01858911 0.00043596
v -0.04737213 0.00079611 0.00189846
v -0.01315773 0.02222601 0.01207386
v 0.05054787 -0.01743969 0.01044666
v 0.01339587 0.00377601 0.04901616
v 0.03286467 0.01410531 0.00697896
v 0.04231107 -0.00697809 0.00794376
v -0.01667133 -0.00694119 0.01871586
v -0.01667133 -0.00694119 0.01871586
v 0.02992707 -0.03735309 0.00229086
v 0.00458307 -0.00911829 0.00858186
v -0.02018493 -0.01602129 0.01512666
v -0.04259133 0.01697001 0.00311796
v -0.02784573 -0.01368489 0.01516986
v 0.02583747 -0.01777449 0.00992736
v -0.02842173 -0.02510139 0.00413136
v 0.01817667 0.00652551 0.01556226
v -0.03608253 -0.03633879 0.00144486
v 0.04709187 -0.01363539 0.00230526
v -0.00716733 -0.03757449 0.00239076
v -0.03429693 -0.01984539 -0.03498714
v -0.01955133 -0.01583769 0.01992006
v -0.01718973 -0.02879499 -0.00414954
v -0.02248893 -0.01306479 0.02059146
v -0.02836413 0.01275531 0.00321156
v 0.00055107 -0.00414309 0.04664466
v -0.01183293 -0.00748659 0.01407816
v 0.00999747 0.02750991 0.01001016
v -0.01004733 0.03304221 0.05272236
v -0.02536893 -0.03447759 -0.00579564
v -0.02300733 0.01393071 -0.03536514
v -0.05013693 0.01441671 0.00844506
v -0.03539133 -0.03026919 -0.03302874
v -0.02064573 -0.02381079 0.00546516
v 0.03952557 -0.00812739 0.01063836
v 0.02714157 -0.03445869 -0.00675504
v -0.04658643 -0.03821889 0.00581166
v -0.00234963 -0.03266139 -0.00977904
v 0.01475757 0.00516831 0.01535706
v 0.03186477 0.02217381 0.00192276
v 0.00473517 0.02928111 0.06085206
v -0.03950163 -0.02799219 -0.03368934
v 0.03894957 -0.00548049 0.01171206
v 0.03894957 -0.02115759 -0.03471264
v 0.00594477 -0.01089759 0.00779526
v 0.02069037 0.01385151 0.04147416
v -0.02469843 -0.00980319 0.01877166
v -0.01525203 -0.02826579 -0.00303534
v 0.00657837 0.00703491 0.05485536
v 0.01130157 -0.03340659 -0.00957114
v 0.02840877 -0.03356229 -0.00899424
v 0.00600237 0.03319431 0.05612706
v -0.01876563 -0.03292779 -0.01050534
v -0.00165843 0.02026221 -0.01297224
v -0.03881043 -0.02011359 -0.02998134
v -0.00931923 -0.01541829 0.01010826
v 0.01251117 0.02745501 0.00995436
v -0.01698003 0.01560741 0.01169856
v 0.03906477 0.00555441 -0.03434454
v 0.04142637 -0.03762219 -0.00011304
v -0.00810963 -0.03964449 0.00299376
v 0.01372077 0.00111831 0.01472256
v 0.01844397 0.02521491 0.00120996
v 0.00605997 0.00659841 0.05389236
v 0.03791277 -0.02273529 -0.00064584
v -0.01870803 0.00484791 0.01308546
v -0.01928403 -0.02646129 0.00224766
v -0.04641363 -0.03429849 0.00243756
v -0.01456083 -0.01118829 0.01769706
v -0.02458323 -0.00225489 0.01886616
v 0.03912237 -0.03147699 -0.02687094
v 0.01199277 -0.00802299 0.03239766
v -0.04462803 -0.02406099 -0.01154394
v 0.01671597 -0.02464059 0.00064926
v 0.01850157 0.01771161 0.04422456
v -0.04048083 0.00721131 -0.02546874
v 0.00611757 -0.01793019 -0.03401964
v -0.04814163 -0.00540759 0.00468756
v -0.01392723 0.02820741 0.05387076
v 0.03503277 0.02192091 -0.00131004
v 0.01026477 -0.00213159 0.04654206
v 0.00260397 -0.02813619 -0.00331704
v 0.00968877 -0.00817149 0.04183506
v -0.01980243 -0.03857439 0.00716796
v 0.04805037 0.00579921 0.01030716
v 0.00853677 -0.00918219 0.01043946
v -0.04572243 0.00177621 -0.00747774
v -0.01150803 0.02813181 0.06090156
v 0.03745197 0.00566241 -0.03474144
v 0.00444717 0.00095361 -0.03395844
v 0.03393837 0.01624281 -0.00071604
v 0.05104557 -0.00417459 0.01048896
v 0.02391597 -0.02467209 0.00314316
v 0.01625517 -0.03794349 0.00327726
v 0.04574637 0.00458691 0.00334206
v -0.01381203 0.02630211 0.01554966
v 0.04989357 -0.02484309 0.01007856
v 0.02276397 0.01219011 0.01484136
v -0.03621843 -0.01283349 0.00903726
v 0.01037997 -0.03298449 -0.00947214
v -0.04860243 -0.02593839 0.00077796
v -0.04624083 0.01394601 0.00111096
v 0.02984877 -0.01027299 0.01528776
v 0.00035757 -0.03006579 -0.02804094
v 0.01925037 0.01963671 0.00325566
v -0.04503123 0.00275541 0.00413406
v -0.01139283 0.00225951 0.04907016
v -0.04618323 -0.03133749 0.00101016
v 0.04465197 -0.03826659 0.00120726
v -0.02907603 0.01373541 0.00237996
v 0.01752237 0.01244031 0.01679346
v 0.04701357 -0.00678639 0.00233316
v -0.04146003 0.01574151 -0.02555244
v 0.01988397 -0.03554949 -0.00173304
v 0.01222317 -0.00597099 0.03009906
v -0.04675923 -0.03097839 0.00205596
v -0.01726803 0.02093721 0.05128686
v -0.03731283 -0.01127559 0.01111446
v 0.03111597 -0.01037739 0.01499436
v 0.02109357 0.01580631 0.02322036
v -0.03846483 -0.01756659 0.00267336
v 0.02287917 -0.02523729 -0.03489894
v 0.02760237 -0.03520119 -0.00445824
v -0.01957203 0.02714271 0.03460716
v -0.01012563 -0.02761329 -0.00263754
v 0.00404397 0.02795901 0.06085656
v -0.02308563 0.00475251 0.01302606
v -0.01600083 -0.01418979 0.01675026
v 0.00110637 0.03378381 0.05681916
v 0.02293677 0.01316571 -0.03465144
v 0.01291437 0.00520791 0.05060916
v 0.04240557 -0.01960419 0.00015696
v -0.04370643 -0.04029789 0.00940266
v 0.00289197 0.03316461 0.05807826
v 0.04182957 0.02265801 0.00840456
v -0.01715283 0.01637601 0.04927536
v 0.04655277 -0.01743699 0.00132246
v -0.02245203 0.00906531 0.01624176
v -0.03247443 -0.01384419 0.01230156
v 0.01118637 -0.00910929 0.03238326
v -0.01122003 0.03222141 0.05170896
v 0.00531117 -0.03560889 -0.00794304
v -0.03892563 0.00366081 -0.03363894
v -0.03656403 0.00997791 0.00659646
v -0.02181843 0.00230631 0.03112866
v 0.00413847 -0.02850879 -0.03485124
v 0.01888407 0.01769451 0.01941696
v 0.00886167 -0.03503919 -0.00258354
v -0.01354473 0.03070761 0.04246236
v 0.05016087 -0.02831799 0.01028376
v 0.04013847 0.00382551 -0.03382884
v -0.00173673 0.01669551 -0.02931804
v 0.03011607 0.00108951 0.01542006
v 0.02009367 0.02002011 0.00332766
v -0.03946473 0.00579291 0.00424746
v -0.03710313 -0.01575489 0.00485856
v 0.04134807 -0.02930889 -0.00526824
v 0.01894167 0.00235851 0.01420056
v 0.02366487 0.01318731 -0.03477564
v -0.00582633 -0.00956469 0.02920716
v 0.04077207 -0.00132699 -0.03411324
v 0.00598167 -0.00541119 -0.03388914
v -0.02350953 0.01933341 0.03569436
v -0.02114793 0.01535361 -0.03199464
v -0.00640233 -0.01683939 0.00841086
v 0.00068247 -0.03028449 -0.00823554
v 0.00010647 -0.02541099 -0.03507624
v -0.02702313 -0.03834039 0.00613566
v -0.02229993 -0.02817489 -0.03461634
v 0.03904407 -0.02888499 -0.03471714
v 0.03904407 -0.02888499 -0.03471714
v -0.01757673 -0.03475659 -0.01061514
v 0.04612887 0.00077811 -0.00980964
v 0.03374487 -0.02021979 0.00693666
v 0.02078487 0.01958271 0.03713166
v -0.01872873 0.02847471 0.03101166
v -0.01636713 -0.00596829 0.03926376
v -0.00162153 -0.03107919 -0.02458314
v 0.04497687 -0.03605529 0.00292626
v -0.01400553 0.00604041 0.04987116
v 0.00546327 0.03546681 0.03660876
v -0.00985833 0.00007071 0.04825656
v -0.00985833 0.00007071 0.04825656
v 0.03910167 -0.01976259 -0.03350664
v -0.01043433 -0.00405939 0.01524816
v -0.01043433 -0.00405939 0.01524816
v 0.00609687 -0.01389009 0.00166266
v -0.04580073 0.01097961 -0.00750024
v 0.00079767 0.03294141 0.05832486
v 0.01554327 0.00592791 0.01473426
v 0.04445847 -0.03380979 -0.00347454
v 0.00022167 -0.00459759 0.01275156
v 0.01439127 -0.00133239 0.02976516
v -0.00035433 -0.01169589 0.03514536
v 0.02619927 -0.03334719 -0.00900864
v 0.01853847 -0.02848089 -0.00560034
v 0.00615447 -0.03911169 0.00883296
v -0.03335913 -0.01741899 0.00872136
v 0.00085527 0.01353831 -0.03430854
v 0.01560087 -0.03974529 0.00980856
v 0.04745367 -0.03415269 0.00911556
v 0.01030167 -0.00614919 0.04387536
v -0.03981033 -0.04051659 0.00952146
v -0.03981033 -0.04051659 0.00952146
v 0.01859607 0.02102361 0.04145976
v -0.03566313 0.01035231 0.00736596
v 0.04042647 -0.01992639 -0.02895354
v -0.02621673 -0.03228699 -0.02281284
v 0.04987287 -0.01776099 0.00209466
v -0.00910953 0.02649111 0.01199376
v -0.00910953 0.02649111 0.01199376
v 0.02274327 0.01216491 0.00529146
v 0.04221207 0.00166911 -0.02796804
v -0.00968553 -0.03738999 0.00234486
v 0.03927447 0.00596931 -0.03336534
v 0.03927447 0.00596931 -0.03336534
v 0.02689047 -0.01473609 0.01176876
v 0.02689047 -0.01473609 0.01176876
v 0.04399767 0.02512221 0.01036746
v 0.03161367 -0.03473499 -0.00619704
v -0.02264553 0.00965391 0.01615626
v -0.02264553 0.00965391 0.01615626
v -0.03502953 0.00612681 0.01205406
v 0.01629207 0.01821921 0.00912726
v -0.04032873 -0.02180019 0.00152676
v -0.01377513 -0.01561449 0.01492956
v 0.00333207 -0.01198389 -0.03393054
v 0.01750167 0.02153211 0.04472136
v -0.01198953 -0.03767079 0.00259416
v 0.01986327 0.01934511 0.01812726
v 0.01986327 0.02577471 0.01046196
v 0.02694807 -0.03971559 0.00954846
v -0.04441833 -0.03321039 -0.00208044
v -0.02258793 -0.03322389 -0.01021014
v 0.03875607 -0.03361359 -0.01766034
v -0.01786473 0.00293541 0.01284876
v -0.01077993 0.02035401 0.06200406
v -0.02080233 -0.01139079 0.01852776
v 0.01341207 0.00028221 0.04666896
v -0.04320873 -0.03244449 -0.00808254
v -0.00190953 0.00671811 0.05434146
v 0.00989847 -0.00860799 0.01181826
v -0.02961513 0.01084371 -0.03458214
v -0.00306153 -0.01030269 0.04191966
v 0.03115287 -0.00046119 0.01617516
v -0.00421353 0.02714901 0.06456096
v -0.04372713 -0.03336429 0.00833166
v -0.01717353 0.00713751 0.04798116
v -0.04430313 -0.02980119 -0.00616554
v 0.01704087 0.02351481 0.04903056
v -0.02483433 0.02557131 0.00989406
v -0.01302633 0.02594571 0.01091556
v 0.04065687 -0.00801129 0.00948096
v 0.01531287 0.02945391 0.02412666
v 0.01767447 0.01976001 0.04566456
v 0.02003607 0.01591161 0.01566576
v 0.02239767 0.01360581 0.01392606
v -0.01947753 0.00805101 0.01393686
v -0.01475433 0.02696811 0.01054926
v -0.01475433 0.02696811 0.01054926
v -0.02241513 0.00226041 0.03387726
v -0.04954473 0.01841721 0.00863046
v -0.01533033 0.01693491 0.01152756
v 0.01771137 -0.02149149 0.00495306
v -0.00941823 0.02703021 0.06347556
v -0.03654783 0.01621131 -0.03484764
v -0.00469503 -0.01363089 0.00906606
v 0.04898817 -0.01017309 0.00751266
v 0.00711297 -0.01116939 0.00858546
v -0.00527103 -0.00045129 -0.03402054
v -0.04536063 -0.02072469 0.00028476
v -0.01586943 -0.01609959 0.01598706
v 0.04783617 -0.00806529 0.00294066
v 0.02070657 0.00005811 0.01650276
v 0.01068417 -0.03580869 -0.00054864
v -0.00169983 -0.01601949 -0.03402234
v -0.01408383 0.02793381 0.05513526
v -0.03885183 -0.03192699 -0.02426904
v 0.00774657 0.03356241 0.05462856
v -0.03649023 0.00571731 -0.03517074
v -0.02174463 0.00538251 0.01205316
v -0.03942783 -0.01778889 0.00244026
v 0.03666177 -0.00100479 -0.03474324
v -0.04945023 0.01067541 0.00746676
v 0.04138497 -0.03404649 -0.01486044
v -0.04057983 -0.03949959 0.00940626
v 0.02312577 0.00608181 0.01080936
v 0.01310337 -0.03738459 0.00235836
v -0.00164223 -0.01193169 0.03878586
v -0.00221823 0.01390551 0.06320196
v 0.00014337 0.01216401 0.05977476
v 0.00250497 -0.03973719 0.00300096
v -0.04703103 0.02272731 0.00100926
v -0.00043263 -0.00213699 0.04992426
v 0.00192897 0.00603501 0.05426046
v -0.01045503 0.02901651 0.06137316
v 0.02375937 -0.03072549 -0.02545434
v -0.04760703 0.00056301 0.00029556
v -0.03049983 0.00327201 0.01351386
v 0.00371457 0.03446061 0.06101676
v 0.00371457 0.02717151 0.01124496
v 0.00371457 0.02717151 0.01124496
v -0.05054463 0.00440151 0.00923706
v -0.05054463 0.00947751 0.00869886
v 0.02554497 -0.00433209 0.01671066
v -0.04109823 -0.03254529 -0.01037214
v -0.01160703 0.03246891 0.04165236
v -0.02162943 0.02201901 0.03903606
v -0.01690623 0.02906331 0.03821976
v 0.01966977 0.00537711 0.04304286
v -0.00273663 -0.01199019 0.01230606
v 0.01437057 0.02420151 0.00895176
v 0.04386177 -0.03084699 -0.00540144
v 0.00198657 0.01446171 0.06243246
v 0.00198657 -0.03962829 0.00957276
v 0.04092417 -0.01164189 0.00671436
v 0.04328577 0.02708961 0.01044936
v 0.04328577 0.02708961 0.01044936
v -0.03044223 -0.01634529 0.01225566
v 0.04564737 -0.01901739 -0.00824994
v -0.01684863 0.01534551 0.04917546
v 0.00025857 0.03502581 0.05522256
v -0.01742463 -0.00246909 0.02895426
v 0.04864257 -0.00373629 0.00503406
v 0.02329857 -0.02910009 -0.02960604
v 0.04040577 0.02411961 0.00046476
v 0.04749057 -0.03699039 0.01039896
v -0.00440703 -0.00745779 0.04496526
v 0.04219137 0.01090851 -0.02814264
v 0.00031617 0.03089481 0.06324696
v -0.04155903 -0.00135219 0.00921816
v -0.02681343 0.01155561 0.00831996
v -0.03505023 -0.02057619 0.00423396
v -0.03268863 -0.03322209 -0.01069704
v -0.02796543 0.00911031 0.00959886
v -0.00849663 0.00299391 0.05096466
v -0.00849663 0.00299391 0.05096466
v -0.03562623 -0.00238719 0.01503576
v 0.01097217 -0.00825609 0.02928456
v -0.04092543 0.00395691 -0.02497734
v -0.03620223 0.00694761 0.01132236
v 0.03988737 -0.01858359 -0.03388734
v -0.00198783 -0.03347049 -0.00970614
v 0.01984257 0.01498551 -0.03469734
v -0.02203263 0.01345011 -0.03516354
v -0.00492543 -0.00685569 0.01164726
v -0.00256383 -0.03936819 0.00264636
v 0.01690497 0.02176341 -0.01019574
v 0.02398977 -0.02876439 -0.00663354
v 0.01160577 0.00939921 0.05344956
v -0.00135423 0.01152051 0.06029316
v 0.01045377 -0.00540219 0.01928376
v 0.00515457 -0.00456069 0.04624866
v -0.00722943 0.02659281 0.06461586
v 0.03936897 0.02437881 0.00103896
v -0.03199743 0.01105881 0.00767646
v -0.01725183 0.00292371 0.01357956
v 0.01932417 0.00699261 0.01558836
v -0.01840383 0.00874401 0.01173276
v -0.04553343 -0.01982919 0.00079326
v 0.04766337 -0.02349039 0.00270936
v 0.04000257 0.00667941 -0.03113064
v -0.01425663 -0.02528229 0.00342576
v 0.04944897 0.00110481 0.00158886
v 0.03706497 -0.02391249 -0.00204084
v 0.04414977 0.01656411 -0.01844244
v -0.01010943 -0.01621659 0.00961056
v -0.04726143 0.01656951 0.00148176
v 0.02116737 0.01761171 0.03736836
v -0.05019903 0.00571731 0.00891396
v -0.00653823 -0.01412229 0.01294686
v 0.02767617 -0.02992269 -0.03354984
v -0.01656063 0.02028471 0.05013486
v 0.02473857 0.02105871 0.00308196
v -0.04662783 0.01173291 0.00131616
v 0.04656897 -0.03337329 0.00212166
v 0.02416257 0.00632571 0.01023876
v 0.01886337 -0.01185339 0.01391256
v -0.00826623 -0.01376859 -0.03423834
v 0.01356417 -0.03388449 -0.00855594
v 0.03422187 -0.02498529 -0.00060534
v 0.05132907 0.01252221 0.01043046
v -0.00822933 -0.00849279 0.03128076
v -0.00822933 -0.00849279 0.03128076
v 0.02068587 0.01291011 0.04183056
v 0.05017707 0.01111461 0.01065546
v 0.04015467 -0.03941949 0.00844596
v -0.04595733 -0.02964729 0.00012906
v 0.04723947 -0.02712009 0.00221886
v -0.02648853 -0.03740439 0.00220536
v -0.01704213 0.02929101 0.02548386
v -0.01468053 0.01823811 0.05506776
v 0.00951147 -0.02041419 -0.00014904
v 0.03606507 0.02307561 0.00238626
v -0.04768533 -0.02190999 0.00224136
v -0.00108693 0.03820101 0.04894596
v -0.04826133 0.01554351 0.00412956
v -0.01640853 0.00176271 0.01665216
v 0.01780587 -0.00214329 0.01780236
v 0.02725227 -0.02869329 -0.00609264
v -0.02228373 -0.03629919 -0.00481914
v 0.01429227 -0.02801199 -0.00353394
v 0.02903787 0.02728671 0.00951156
v 0.01371627 0.01356261 0.05357826
v 0.02080107 0.01298211 0.00682776
v -0.03818133 -0.02105499 -0.03462174
v 0.04499307 -0.03254799 -0.00461034
v 0.01786347 0.01734981 0.00385506
v -0.04405653 -0.01734429 -0.01063134
v 0.01728747 -0.00613659 0.01825056
v -0.02988693 0.01642011 -0.03453894
v 0.01907307 -0.02631189 -0.00095634
v 0.00905067 0.03362811 0.02489346
v 0.01141227 0.02538591 0.01068336
v 0.02615787 -0.01152129 0.01439496
v -0.04757013 0.00252951 0.00180306
v -0.01807893 -0.03529659 -0.00852264
v 0.03560427 -0.01920189 0.00659286
v 0.03560427 -0.01920189 0.00659286
v -0.01865493 0.02764581 0.03702096
v -0.04578453 0.00060621 0.00250956
v -0.03103893 -0.03456219 -0.00537624
v 0.00317547 0.03576471 0.05395896
v 0.03266667 -0.01702119 0.00975186
v -0.01923093 0.02171571 0.01793736
v -0.01214613 0.02487471 0.01206666
v -0.00978453 -0.03476649 -0.00353124
v -0.02216853 0.01192191 -0.03530484
v -0.02216853 -0.03450009 -0.00881604
v -0.03985173 0.02742171 0.00944586
v -0.04751253 0.01007601 -0.00014094
v 0.02091627 -0.02622909 -0.00020394
v 0.02327787 0.00074571 0.01464606
v 0.02034027 0.02675751 0.01087506
v 0.02034027 0.02675751 0.01087506
v -0.03864213 0.00422511 0.00899856
v -0.04866453 -0.02972199 0.00075276
v -0.00972693 -0.02419689 -0.00156204
v -0.02741013 0.00598011 0.01183086
v 0.02627307 0.02704731 0.01061046
v 0.02627307 0.02704731 0.01061046
v -0.04509333 0.01294251 0.00111006
v 0.01861227 -0.00329259 0.03345156
v -0.04037013 0.01619691 0.00171306
v -0.04094613 -0.01002009 0.00936666
v 0.02039787 0.01711491 0.01574136
v 0.02039787 0.00986901 0.04301856
v -0.03858453 0.00530691 0.00825156
v -0.04388373 0.00565701 -0.01074294
v 0.03456747 0.02140701 -0.00168714
v 0.00213867 0.02975901 0.06353946
v 0.01688427 0.00155031 0.01667196
v 0.04637547 -0.03728109 0.00656406
v -0.02735253 0.00790431 0.01402146
v 0.04579947 -0.02186139 -0.00182484
v -0.01318293 -0.00218739 0.01488006
v -0.01318293 -0.00218739 0.01488006
v -0.01318293 -0.00218739 0.01488006
v 0.01866987 -0.00068349 0.03989556
v 0.04050027 -0.02369559 -0.03423744
v 0.03520107 -0.03957249 0.00917586
v 0.03520107 -0.01447779 -0.03390804
v 0.01987947 0.01461921 0.00848916
v 0.00985707 -0.00843789 0.02881476
v 0.02166507 -0.00730299 0.01720206
v -0.03495573 -0.02117199 0.00411966
v -0.03023253 0.01015251 -0.03451374
v -0.03789333 0.00377331 -0.03515364
v 0.01815147 -0.03866529 0.00654246
v -0.03610773 0.01036581 0.00490356
v 0.03998187 -0.02688789 -0.03478194
v -0.03374613 0.01105791 0.00741186
v -0.00425493 0.03303771 0.01911546
v 0.01285227 -0.04033749 0.00509256
v -0.04140693 -0.01758459 -0.02185164
v 0.00755307 -0.03528759 -0.00096894
v 0.01227627 -0.00436359 0.04431546
v -0.00010773 -0.00961239 0.00879426
v 0.02172267 0.01398651 0.00967536
v 0.04591467 0.00382101 0.00346086
v 0.00403947 -0.00328539 0.04767966
v 0.01112427 -0.01730559 -0.03408984
v 0.01820907 0.01575861 0.01951596
v 0.03767787 0.02430951 0.00553986
v -0.03132693 0.02689611 0.00988236
v -0.03132693 0.02689611 0.00988236
v 0.03237867 0.00018141 0.01551186
v 0.01999467 0.02729301 0.01019736
v -0.03426453 -0.01019559 0.01657116
v -0.01243413 -0.04026459 0.00964926
v 0.05127147 -0.00911109 0.00951786
v -0.00298773 -0.00022989 0.05080356
v -0.00650133 0.01027041 0.05550246
v -0.00650133 0.03526251 0.03178566
v -0.04837653 0.01098051 0.00466956
v 0.00058347 -0.00629769 0.00964206
v 0.00058347 -0.00577119 0.04603086
v -0.02654613 -0.03425079 -0.00711774
v 0.03479787 0.01162941 -0.03468744
v -0.03893013 -0.02887779 -0.03416004
v -0.00707733 -0.01160049 0.01395936
v -0.04895253 -0.02163729 0.00146826
v 0.00649557 -0.01785549 -0.00074034
v 0.02360277 -0.02369649 0.00385956
v 0.01121877 0.02533551 0.01349856
v -0.00352683 0.02320071 0.06582996
v 0.03068757 -0.04104669 0.00931536
v 0.03541077 -0.00009579 0.01376316
v 0.02302677 -0.02478729 0.00260676
v -0.02121003 -0.01612479 0.01498986
v -0.01648683 0.00387231 0.04726206
v -0.01706283 -0.02710749 0.00034956
v 0.01657557 0.00432411 0.04687686
v 0.02366037 -0.01187499 0.01449846
v -0.02057643 0.00034431 0.03100356
v 0.00125397 0.01488111 -0.03377394
v 0.02308437 0.01314861 0.01368576
v 0.01542357 -0.00600339 0.03290166
v -0.04119723 -0.00680079 0.01029096
v 0.03489237 -0.03787329 0.00295506
v -0.04649643 -0.02560089 0.00098136
v -0.04177323 -0.03703809 -0.00100944
v -0.04177323 -0.03703809 -0.00100944
v 0.04906197 -0.02005239 0.00720486
v 0.02193237 -0.03786519 0.00280746
v -0.03232683 -0.02472609 0.00069696
v -0.03232683 -0.02472609 0.00069696
v -0.01758123 -0.02596809 0.00382896
v 0.01899477 0.01434471 0.02295576
v -0.00813483 -0.01476399 0.01107126
v 0.00897237 -0.00355449 0.04596516
v -0.00577323 -0.01029819 0.04141656
v 0.00131157 0.01317921 -0.03499164
v -0.04822443 0.01623021 0.00611856
v 0.03494997 -0.01400529 0.01062936
v -0.00928683 0.01834071 0.06303276
v 0.03731157 0.01407381 -0.00103464
v -0.00692523 -0.01422849 0.00998136
v -0.01458603 -0.00276519 0.04475376
v 0.00488277 -0.04078659 0.00967356
v 0.04145877 -0.01276599 0.00525456
v 0.04854357 -0.02641989 0.00360666
v -0.04995243 -0.00007329 0.00905616
v -0.00571563 0.01411521 0.06241086
v 0.03973077 0.01121991 -0.03468024
v -0.01689003 0.00257001 0.04629006
v 0.01496277 0.01992921 0.00705276
v 0.00966357 -0.04069839 0.00732726
v -0.04695723 -0.02589069 0.00727776
v -0.04459563 -0.03106389 0.00820386
v -0.00035883 0.02131611 -0.00856494
v -0.01804203 0.01703571 0.01342386
v -0.01804203 0.01866741 0.05137686
v 0.00142677 -0.04078209 0.00914256
v 0.01853397 -0.01748829 0.00931626
v 0.01087317 -0.00542019 0.02185146
v 0.00793557 -0.04027449 0.00632916
v -0.03393963 0.01268421 0.00300096
v -0.04632363 -0.03017019 0.00972036
v 0.03212757 -0.03521559 -0.00362124
v 0.00499797 -0.01184079 0.00326826
v 0.00972117 0.02629131 0.01173276
v 0.00972117 0.02629131 0.01173276
v -0.00502443 -0.01120719 0.03938886
v -0.00502443 -0.00255279 0.04787676
v -0.02743083 -0.03282519 -0.01070244
v 0.04865877 -0.03325359 0.00524556
v -0.03509163 0.00994281 -0.03542724
v -0.03509163 0.01425831 0.00247716
v -0.02800683 -0.01157349 0.01841166
v 0.04808277 -0.02940789 0.00293886
v 0.02095317 -0.01930719 0.00836136
v 0.00326997 -0.00513849 0.04609026
v 0.00326997 -0.03806229 0.00336546
v 0.04986837 -0.00957279 0.00224766
v -0.02149803 0.01212801 0.04390686
v -0.04626603 -0.03243369 0.00131616
v -0.03152043 -0.01775019 0.01047546
v -0.03445803 -0.03844839 0.00657126
v -0.01498923 -0.01429419 0.01605006
v -0.03739563 -0.01322409 0.00728226
v -0.03267243 -0.04041399 0.00958896
v 0.02337237 -0.03902619 0.00726066
v 0.01334997 -0.00180399 0.01528866
v -0.03088683 -0.02385309 0.00250146
v 0.04520277 0.00825261 0.00739296
v -0.02380203 0.00934431 0.03373146
v -0.00669483 -0.01614009 -0.03408354
v -0.00669483 0.01596471 0.06346656
v 0.04462677 -0.03240579 -0.00541494
v -0.03676203 -0.03842679 0.00609606
v 0.02458197 0.00916251 0.00937656
v -0.01729323 0.01437261 -0.03535884
v 0.00453717 0.02196231 0.06310566
v 0.03402837 0.01055931 -0.03397284
v 0.02400597 -0.02981109 -0.02913714
v -0.04736043 -0.02594109 0.00184806
v 0.03109077 -0.03888849 0.00606096
v 0.04583637 -0.03933129 0.01032066
v 0.04819797 0.00504141 0.00375066
v -0.05029803 0.01033431 0.00864306
v -0.01372203 0.02107761 0.01171386
v -0.01136043 -0.00344379 0.04621806
v 0.02521557 -0.03693099 0.00186966
v -0.00191403 -0.03478269 -0.00309204
v -0.01193643 -0.03615789 0.00107226
v 0.02227797 0.00439881 0.03562776
v -0.03434283 -0.02219529 -0.03505284
v -0.00012843 -0.00678189 0.02282796
v 0.02642517 0.00921291 0.00811746
v -0.01838763 -0.01492869 0.01960236
v -0.01838763 -0.03869319 0.00825156
v 0.01582677 0.02166801 0.00628236
v 0.03529557 0.00852891 -0.03394224
v -0.03843243 -0.01942779 -0.03157704
v -0.02368683 0.01751091 0.03712536
v -0.00894123 -0.00475779 0.04615326
v -0.00894123 -0.00475779 0.04615326
v -0.02132523 0.01820391 0.01142766
v -0.01896363 -0.00854139 0.01899216
v 0.00758997 -0.03359829 -0.00928674
v -0.00479403 0.03501591 0.02552076
v 0.01231317 -0.00417909 0.02692836
v -0.02956203 -0.00929109 0.01796886
v 0.03650517 0.01286421 0.00381186
v 0.05125077 -0.01566219 0.01029096
v 0.04358997 0.01150071 -0.02193984
v -0.01066923 0.00801681 -0.03421674
v -0.02069163 -0.02753139 -0.03496734
v 0.02296917 -0.00586119 0.01639206
v -0.03658923 -0.00037389 0.01311876
v -0.03658923 -0.03345699 -0.01020564
v -0.01712043 0.01641471 0.05065686
v 0.01473237 0.00160161 0.02809386
v 0.02181717 0.01066281 0.01557216
v -0.04718763 0.02018391 0.00013536
v -0.03244203 0.00198051 0.01408086
v 0.03126357 -0.02099919 0.00697176
v 0.01534527 0.02218911 0.05408586
v 0.01713087 -0.02066529 0.00583776
v -0.01236033 -0.03878589 0.00843156
v 0.00474687 0.02834421 0.06047046
v 0.05134527 -0.01100919 0.00997416
v -0.00527553 -0.00459489 0.04653216
v 0.00653247 0.03512031 0.02926926
v 0.02127807 0.01126131 0.01533726
v -0.01823553 -0.02405199 0.00459126
v -0.00348993 0.01053231 0.05791806
v 0.04017087 0.00914901 0.00067446
v 0.00301887 -0.03336519 -0.00980604
v -0.01172673 0.02567661 0.01219716
v 0.00774207 -0.00817149 0.04284126
v -0.01702593 0.01655601 -0.03347514
v 0.01955007 -0.00175539 0.03595626
v 0.03901887 -0.00807339 -0.03481344
v 0.03901887 -0.00807339 -0.03481344
v 0.01425087 0.01285251 0.05210856
v 0.00186687 0.03533811 0.02548296
v -0.05060673 -0.01003899 0.00888876
v -0.00164673 -0.03837729 0.00537966
v 0.00071487 -0.03925569 0.00896976
v -0.03643713 -0.01756839 0.00428436
v -0.02169153 0.01796541 0.04207806
v -0.01932993 0.02524641 0.03986496
v -0.01932993 -0.02474319 0.00392346
v 0.00250047 0.02833251 0.06206436
v 0.01194687 -0.01269399 0.00931986
v -0.04703553 -0.00691149 0.00183456
v -0.00043713 0.03531921 0.05505426
v 0.02611647 0.02139531 0.00302256
v -0.01575873 0.02740191 0.00993006
v -0.04582593 -0.02838279 0.00000396
v -0.03874113 0.00669561 -0.03091104
v 0.03971007 0.00573081 0.00679086
v -0.04640193 0.01829751 0.00482796
v 0.02145087 0.01192371 0.02585826
v -0.02042433 -0.02964459 -0.02995614
v 0.01142847 0.02738481 0.01021266
v -0.01570113 0.01931541 0.05426586
v 0.04034367 0.00503781 -0.03228984
v 0.00319167 -0.01226919 0.00135126
v 0.03504447 0.02437971 0.00423846
v -0.01921473 0.00058371 0.04241736
v -0.00032193 0.03637491 0.05333526
v 0.03861567 0.00953781 0.00229086
v -0.02036673 0.00791781 0.01813626
v -0.01800513 -0.03512559 -0.00257184
v 0.04333887 -0.03275859 -0.00586944
v 0.03095487 0.01910211 -0.00037674
v 0.04040127 -0.02088759 -0.03194874
v 0.03037887 -0.03517869 -0.00451854
v 0.00031167 -0.04025739 0.00512226
v -0.04156353 -0.00388209 0.00849906
v -0.01500993 -0.03419679 -0.00539244
v 0.00209727 0.02681151 0.06336666
v 0.00209727 0.02681151 0.06336666
v 0.04633407 0.02641731 0.01034136
v -0.00320193 -0.01227459 0.01290186
v -0.01086273 0.02602221 0.01288656
v -0.03799233 0.00493251 -0.03493584
v 0.02335167 -0.02851779 -0.03281274
v -0.04329153 -0.02932059 -0.00613944
v -0.03856833 -0.01922619 0.00275706
v 0.01039167 -0.00408549 0.01547406
v 0.01275327 0.02603031 0.05668326
v -0.00199233 -0.02881569 -0.03446604
v 0.00036927 -0.02808759 -0.03366684
v -0.04444353 -0.02659719 -0.00412704
v 0.00215487 0.03688521 0.05199966
v 0.00923967 -0.01614549 -0.03408804
v 0.02398527 0.01040991 0.00758376
v -0.04738113 -0.02959149 0.00994266
v -0.01552833 0.01843971 0.01149246
v 0.04051647 -0.01876269 0.00156546
v -0.01846593 0.00166011 0.01380996
v -0.03084993 -0.00213339 0.01639386
v 0.03285567 0.02651721 0.01048446
v -0.02140353 -0.00012279 0.03862296
v 0.02991807 -0.01068429 0.01427886
v -0.01195713 0.03188841 0.05015916
v -0.02434113 -0.03246789 -0.01054134
v 0.03700287 0.02285241 0.00457956
v 0.02934207 -0.01678179 0.01022796
v 0.02934207 -0.01678179 0.01022796
v -0.03493953 -0.01964469 -0.03525894
v 0.03055167 0.00530781 0.01317096
v -0.02843073 0.00310551 0.01503756
v -0.01132353 0.02600151 0.01226466
v -0.00896193 -0.01851519 0.00755676
v -0.01662273 0.02178861 0.01137096
v 0.01523007 0.00521691 0.02437416
v 0.00520767 -0.02936109 -0.03457494
v 0.04944447 -0.03835929 0.00951336
v 0.03942207 -0.02921529 -0.03433014
v -0.02958273 0.01157361 0.00432036
v 0.00227007 0.03609591 0.05343696
v 0.01407807 0.01138731 -0.03467754
v 0.00169407 0.03033141 0.06360786
v 0.02116287 0.01646151 0.03886506
v -0.00596673 0.02564601 0.06512796
v -0.00360513 -0.01118919 0.04008546
v -0.04548033 -0.01497099 -0.00820134
v 0.00584127 -0.04029159 0.00522126
v -0.04605633 -0.02185599 0.00035406
v 0.02473407 0.00749841 0.00980406
v -0.01714113 0.01094811 0.01213776
v 0.03418047 -0.03594279 -0.00087354
v -0.01771713 0.01244031 0.04808376
v 0.00411327 -0.00643989 -0.03354354
v 0.00117567 -0.00464799 0.01495836
v 0.00117567 -0.00464799 0.01495836
v 0.04541247 0.01904721 -0.00960084
v -0.01356993 -0.02847189 -0.00346104
v -0.01120833 0.01201551 0.05534316
v 0.02536767 0.00975831 0.00743256
v 0.05132457 -0.00254289 0.00984006
v 0.00944937 -0.00501429 0.01369656
v -0.00057303 -0.01180299 0.03905676
v -0.02534103 0.01280211 0.00681426
v 0.03836457 0.00602601 -0.03367494
v 0.03836457 0.01932621 0.00018576
v -0.01353303 0.02611221 0.05922396
v 0.04781097 0.00519171 0.00537336
v 0.00299817 0.02773491 0.06129486
v 0.01774377 0.01557501 0.00477846
v 0.00006057 -0.01262019 -0.03410604
v 0.00478377 0.03388731 0.06099066
v -0.03945303 -0.01829379 -0.02981124
v -0.00287703 0.03769881 0.04995396
v 0.01423017 0.02086161 0.01067976
v -0.01289943 -0.00228099 0.01560366
v -0.01289943 -0.00228099 0.01560366
v 0.04078377 0.00509271 -0.02974014
v -0.00109143 0.03147351 0.06052176
v 0.00363177 -0.00723819 0.04503816
v -0.02585943 0.01188051 0.00615816
v 0.00599337 -0.00753519 0.04441266
v -0.03352023 -0.03864729 0.00087336
v 0.01543977 0.00767121 0.02064456
v -0.01405143 -0.03834219 0.00627966
v 0.00305577 -0.00728409 0.00849276
v -0.03881943 -0.01433019 -0.03506814
v -0.01935063 0.02286501 0.04274136
v -0.01698903 0.01191381 0.01179666
v -0.02464983 -0.01529859 0.01510326
v -0.02464983 -0.01529859 0.01510326
v 0.03375657 -0.01334649 0.01182366
v 0.04850217 -0.03412119 0.00615816
v -0.02522583 0.01452651 0.01171656
v 0.02609577 0.02259681 -0.00637704
v -0.01105623 -0.03319869 -0.01018044
v -0.03818583 0.00589551 -0.03312054
v -0.02344023 0.00862341 0.03919176
v -0.01871703 0.01939911 0.04608666
v 0.01785897 0.02140251 0.04292766
v 0.01964457 -0.01284069 0.01243476
v -0.03933783 0.00128481 -0.03457764
v -0.00748503 -0.03519399 -0.00262584
v 0.01434537 -0.00308469 0.04359996
v 0.01670697 0.01174911 0.01942416
v -0.03755223 0.00648411 0.01105416
v -0.04757463 -0.02314029 0.00036396
v -0.01572183 -0.03524169 -0.00214344
v -0.05051223 -0.01626429 0.00939456
v -0.01865943 -0.00020739 0.04283766
v 0.02027817 0.00441141 0.01118736
v 0.04976937 -0.03510939 0.00463176
v 0.03974697 -0.01655859 -0.03447684
v -0.00448983 -0.03980289 0.00970956
v 0.01734057 -0.03512559 -0.00169164
v 0.01970217 0.00816261 0.01544166
v 0.00910377 0.00982581 -0.03400164
v 0.01146537 0.00582171 0.05191056
v 0.03093417 0.02161851 0.00084186
v -0.02332503 -0.03451899 -0.00914454
v -0.00857943 -0.04017909 0.00497376
v -0.00857943 -0.03997839 0.00971316
v 0.02563497 0.01531401 -0.03430584
v -0.01624023 0.01370751 0.01212696
v -0.04336983 -0.03275949 -0.00619524
v -0.03213783 -0.03530379 -0.00156114
v 0.05103657 -0.01398009 0.01044576
v -0.02032983 0.01218561 0.01493046
v -0.03271383 0.00338451 0.01327446
v 0.03335337 0.02371731 0.00675396
v -0.00852183 -0.01735329 0.00839646
v -0.04803543 0.00311901 0.00350406
v 0.03277737 -0.03647379 0.00140526
v -0.02148183 0.00944331 0.01554156
v -0.03150423 0.02173101 0.00751086
v -0.02914263 -0.02249769 0.00508806
v 0.01745577 -0.03655299 0.00166266
v -0.03680343 -0.01990569 -0.03427074
v 0.00979497 -0.03590049 0.00042336
v -0.01733463 0.01176081 0.01160676
v -0.03974103 -0.03085869 -0.02651454
v -0.03974103 -0.03085869 -0.02651454
v -0.03974103 0.01107681 -0.03343464
v 0.01158057 0.01883211 0.05898546
v 0.04579497 -0.01563249 -0.01035684
v -0.02557143 0.00947121 0.01600416
v -0.01848663 -0.02773389 -0.00239994
v 0.02045097 0.01242411 0.04269006
v -0.03616983 0.00997341 0.00398376
v -0.00667863 -0.03888399 0.00853686
v -0.01906263 -0.03785709 0.00338526
v -0.04619223 -0.02825589 0.00749736
v 0.02989737 -0.00123429 0.01659186
v 0.01751337 0.02456331 0.01980396
v 0.03225897 0.01703931 0.00224856
v 0.03225897 0.01081761 0.00907506
v -0.02436183 -0.03528939 -0.00206334
v -0.01963863 0.00501171 0.01595286
v 0.04170537 0.00979791 0.00010656
v 0.03404457 0.02683221 0.01061496
v 0.00691497 0.01680981 -0.03307734
v 0.04349097 0.00389211 0.00375696
v -0.03317463 0.01022811 0.00868446
v 0.00518697 0.03018021 0.06034536
v -0.00955863 -0.02035299 0.00480546
v 0.02229417 0.00769281 0.03772026
v -0.02251863 0.01642731 -0.02941524
v 0.02407977 0.01265811 -0.03491874
v -0.00304983 -0.00931719 0.04343076
v 0.01878057 0.00277611 0.01447506
v -0.05022423 -0.01412769 0.00977436
v -0.04786263 0.02283261 0.00793656
v -0.04550103 0.02673141 0.00912186
v -0.01364823 -0.01727859 0.01196226
v 0.00345897 -0.04087209 0.00944676
v -0.01658583 0.01544001 0.05080356
v 0.03122217 -0.00417279 0.01687716
v 0.03358377 -0.02417169 -0.03410334
v -0.03778263 0.01451121 -0.03546054
v -0.05016663 0.01916691 0.00874746
v -0.00592983 -0.03786789 0.00331686
v -0.01595223 -0.02666649 -0.00193014
v -0.02833623 0.01157361 -0.03528054
v -0.04659543 0.00340881 0.00166626
v 0.01772307 0.01072131 0.04723866
v 0.01006227 -0.03388269 -0.00783504
v 0.02953107 -0.00976269 0.01590696
v -0.03475053 0.01542471 0.00174096
v -0.02530413 -0.03323199 -0.01025064
v -0.04298733 -0.03549189 0.00094356
v 0.03546387 -0.04060569 0.00984816
v 0.02544147 -0.02570979 0.00247716
v -0.00404973 -0.01297389 0.00930996
v -0.04356333 -0.03402219 -0.00227034
v 0.02014227 0.01819041 0.01705356
v 0.02958867 -0.01466229 0.01148166
v 0.03667347 0.02451111 0.00513396
v 0.02901267 0.01893921 -0.02296764
v 0.02371347 -0.03356949 -0.00888714
v -0.00341613 0.01479831 0.06373206
v -0.00341613 0.01479831 0.06373206
v 0.04554387 0.00802311 -0.00872244
v -0.02818413 -0.03896589 0.00148626
v 0.02313747 -0.03808569 0.00378036
v 0.02786067 0.02116491 0.00201636
v -0.01637613 -0.04010169 0.00972486
v 0.02256147 0.01441131 0.03082986
v -0.03642093 0.00782781 0.01033146
v 0.03966867 -0.03040149 -0.03054384
v 0.00015507 -0.03432999 -0.00541944
v 0.01726227 0.00629961 0.04682556
v -0.03463533 -0.01366329 -0.03519684
v -0.00042093 -0.02889309 -0.03365514
v -0.02046573 0.02187861 0.04180446
v 0.00136467 -0.02661609 -0.03498984
v 0.01611027 0.00794121 0.01535076
v 0.00372627 -0.00864759 0.00796176
v -0.03814893 -0.01623549 -0.03514374
v 0.02319507 0.00992751 0.03198996
v -0.05053293 0.01148631 0.00845226
v -0.00629613 0.03239691 0.06033276
v -0.02870253 -0.03493119 -0.00331794
v -0.00923373 -0.03976329 0.00411876
v -0.01925613 -0.03585729 0.00077166
v 0.03442707 -0.03833049 0.00381906
v -0.00272493 -0.04067679 0.00963126
v 0.03148947 -0.03852039 0.00502146
v 0.04623507 -0.01905789 -0.00059364
v -0.04753773 -0.02616789 0.00225216
v -0.04753773 -0.03161379 0.00381276
v -0.04753773 0.01448781 0.00165996
v 0.01380627 0.02636781 0.01671786
v -0.01568493 0.02976261 0.02327436
v -0.01332333 -0.01049529 0.01705356
v -0.02334573 -0.02870589 -0.00352404
v 0.02561427 -0.02382879 0.00422046
v -0.04102893 -0.03885429 0.00904896
v 0.02210067 -0.03421839 -0.00985464
v 0.03920787 -0.01298559 0.00842076
v -0.03452013 -0.01494129 0.00937746
v -0.02743533 0.00855231 0.01467396
v -0.00560493 0.03714441 0.04761666
v -0.01798893 -0.00798969 0.01904976
v 0.04041747 0.00599721 -0.02889144
v 0.03275667 -0.02762679 -0.00573894
v -0.01677933 -0.00628509 0.03699756
v -0.01441773 0.02707701 0.05338566
v -0.02680173 0.00009321 0.01776276
v -0.00969453 -0.01526259 -0.03423474
v -0.00497133 0.03621561 0.05244876
v 0.04162707 0.01371651 0.00070326
v -0.01499373 0.02000481 0.01145916
v -0.01499373 0.02000481 0.01145916
v 0.04635027 0.02189121 0.01069596
v 0.00683667 0.00064311 0.05062716
v -0.00790893 -0.03816309 0.00517266
v 0.04105107 0.02706261 0.01055196
v -0.01793133 -0.02749899 -0.00055134
v -0.00318573 0.02535531 0.06482286
v 0.02866707 -0.02537139 -0.03489894
v 0.04577427 -0.03010629 -0.00263394
v -0.03797613 0.01042521 -0.03537774
v -0.03797613 0.01585581 -0.03488184
v 0.01098387 -0.00646959 0.02535786
v 0.02043027 0.01371111 0.01395036
v -0.00906093 -0.02128989 0.00337086
v -0.04442733 -0.03130779 -0.00539604
v -0.00019053 -0.00818679 -0.03390264
v 0.04640787 0.00794391 0.00268236
v -0.01551213 -0.02677629 -0.00234684
v 0.04819347 0.00377781 0.00366156
v 0.04819347 -0.02771679 0.00309636
v -0.04028013 -0.01989399 -0.02604204
v 0.00867987 0.03419871 0.02709936
v -0.00606573 -0.03435609 -0.00471384
v 0.01340307 0.01504131 -0.03496644
v 0.02048787 -0.03620199 0.00080586
v 0.01282707 0.02328081 0.00907416
v 0.04704147 -0.03216999 0.00207126
v 0.03465747 -0.01663779 0.00921726
v 0.02699667 -0.00905439 0.01640916
v -0.04200813 -0.00694119 0.00664146
v -0.00543213 -0.00513939 0.01277136
v 0.02878227 0.01800141 0.00039996
v -0.04494573 0.02277141 -0.00047574
v 0.00401427 -0.00464349 0.01439136
v 0.00401427 -0.00464349 0.01439136
v 0.04825107 0.01868361 0.00073746
v 0.00637587 0.02711931 0.06056586
v -0.04788333 0.00773511 0.00277146
v 0.04001427 -0.02002359 -0.03098934
v -0.01188333 -0.00625449 0.01388106
v 0.01996947 -0.02262009 0.00388386
v 0.02233107 -0.02985969 -0.02870784
v -0.01718253 -0.02682669 0.00253206
v 0.04652307 -0.02999649 -0.00882054
v -0.04195053 0.02521131 0.00889146
v 0.02175507 0.01599441 -0.03123054
v 0.04594707 -0.02907399 -0.00122904
v 0.02826387 -0.00623199 0.01713996
v -0.01597293 0.01335651 0.04983966
v -0.01361133 0.02501511 0.01110186
v 0.00821907 -0.03974619 0.00973656
v -0.00652653 0.03644061 0.04989456
v -0.04425453 -0.03041679 -0.01313694
v -0.00001773 -0.02754219 -0.03482334
v -0.02478573 -0.03736749 0.00213696
v -0.04483053 -0.00660369 0.00255096
v 0.03834387 0.01543821 -0.00092394
vt 0.18076800 0.26348500
vt 0.15065700 0.23045100
vt 0.83379400 0.12132600
vt 0.24472700 0.27369500
vt 0.06721500 0.40838100
vt 0.90409800 0.19938700
vt 0.15968600 0.26665700
vt 0.36799300 0.28213300
vt 0.47532700 0.10096400
vt 0.25342900 0.35376900
vt 0.30313600 0.39702500
vt 0.07299900 0.31880400
vt 0.52090200 0.19465500
vt 0.02905300 0.49918200
vt 0.13785100 0.18635100
vt 0.10285500 0.22586300
vt 0.07334000 0.29367200
vt 0.65374600 0.22320100
vt 0.98674400 0.16980100
vt 0.40276900 0.01676300
vt 0.12283300 0.51259700
vt 0.97792300 0.17270900
vt 0.24664400 0.32799200
vt 0.85633300 0.20956200
vt 0.36884300 0.08758300
vt 0.90457300 0.12999000
vt 0.14513800 0.50423000
vt 0.37109100 0.11112100
vt 0.87185400 0.09129900
vt 0.96542100 0.23710200
vt 0.70337500 0.34200600
vt 0.94743700 0.22483500
vt 0.49597500 0.10167500
vt 0.07485700 0.24401100
vt 0.04557100 0.36306700
vt 0.39509500 0.02024500
vt 0.43862000 0.02708600
vt 0.21943200 0.32731900
vt 0.30821900 0.28331500
vt 0.90127600 0.14767600
vt 0.20993600 0.37450000
vt 0.28893800 0.26233100
vt 0.97438900 0.26022600
vt 0.88077700 0.21633600
vt 0.53621100 0.08059900
vt 0.49652900 0.04898700
vt 0.56623300 0.11622200
vt 0.46736900 0.20085100
vt 0.20007800 0.30206300
vt 0.78883900 0.22236700
vt 0.45882600 0.09878500
vt 0.29666300 0.26378800
vt 0.66952400 0.19544900
vt 0.37854200 0.29614800
vt 0.36753400 0.30826600
vt 0.70752300 0.18574600
vt 0.56132500 0.12518500
vt 0.15928500 0.23781400
vt 0.46770100 0.18397600
vt 0.25900900 0.36126200
vt 0.14745600 0.24744500
vt 0.06359300 0.38700300
vt 0.09624200 0.33077700
vt 0.23424100 0.20126500
vt 0.40120600 0.18735100
vt 0.50435100 0.38146700
vt 0.45812000 0.22925700
vt 0.74389900 0.46159400
vt 0.48446700 0.06607200
vt 0.43939500 0.22008100
vt 0.44210300 0.22224500
vt 0.48160800 0.04082400
vt 0.43713200 0.14553300
vt 0.32260500 0.35244200
vt 0.81030200 0.24094600
vt 0.35948100 0.15942000
vt 0.32787100 0.25388700
vt 0.27176500 0.28739000
vt 0.25040100 0.31499400
vt 0.46279000 0.03712200
vt 0.43719200 0.21424800
vt 0.39638100 0.02883600
vt 0.96862800 0.25022900
vt 0.23143400 0.25285600
vt 0.45040500 0.08535300
vt 0.54673300 0.09615900
vt 0.75863500 0.25108200
vt 0.70064900 0.34635300
vt 0.41188900 0.02682700
vt 0.95484900 0.24618400
vt 0.88081400 0.18106200
vt 0.69418800 0.19783600
vt 0.72769300 0.30135200
vt 0.12026000 0.51189200
vt 0.20265500 0.32476800
vt 0.48716800 0.10834300
vt 0.14174000 0.20004000
vt 0.09151400 0.37056300
vt 0.92684700 0.24426300
vt 0.44007700 0.09567100
vt 0.17483600 0.30949800
vt 0.92366200 0.17671600
vt 0.20351800 0.39250300
vt 0.83803300 0.14781400
vt 0.24190800 0.25985900
vt 0.50262600 0.20136100
vt 0.91016800 0.19122500
vt 0.91385700 0.16397300
vt 0.66082800 0.29920600
vt 0.85064800 0.09715300
vt 0.23679500 0.19046000
vt 0.46664300 0.17306300
vt 0.90669900 0.22302500
vt 0.73787200 0.29782800
vt 0.40476600 0.18404900
vt 0.12066100 0.50456300
vt 0.24313500 0.25798400
vt 0.87759300 0.19442900
vt 0.87358900 0.18024500
vt 0.33102900 0.34276800
vt 0.87683400 0.28105400
vt 0.87743600 0.27870500
vt 0.23404200 0.27919300
vt 0.20800200 0.23322200
vt 0.64612400 0.39290700
vt 0.87491000 0.23664900
vt 0.45499100 0.10798800
vt 0.56949900 0.36888500
vt 0.32004400 0.37335900
vt 0.81232100 0.26533000
vt 0.39807100 0.24798400
vt 0.55278600 0.35124700
vt 0.54270800 0.18801100
vt 0.35600400 0.10883400
vt 0.86202000 0.12898500
vt 0.49000500 0.15457800
vt 0.42941800 0.13829400
vt 0.80990000 0.10330000
vt 0.12891800 0.52659000
vt 0.98960000 0.18403400
vt 0.17838400 0.20388500
vt 0.93652400 0.24865500
vt 0.48564400 0.04161200
vt 0.15796900 0.28226500
vt 0.90569600 0.18306700
vt 0.71206100 0.20002200
vt 0.86184900 0.23263200
vt 0.93024200 0.23312900
vt 0.08737400 0.40553600
vt 0.13568600 0.22348300
vt 0.11198000 0.24597000
vt 0.60842200 0.30177400
vt 0.52357200 0.07229600
vt 0.16743900 0.27785800
vt 0.71486900 0.35670100
vt 0.97358900 0.19380100
vt 0.52595000 0.18387100
vt 0.06887400 0.30413600
vt 0.91048900 0.21892000
vt 0.37692500 0.10639700
vt 0.90736000 0.24248000
vt 0.11458100 0.39874300
vt 0.29795200 0.33912100
vt 0.40793800 0.29212700
vt 0.43685500 0.22369400
vt 0.87839200 0.29162300
vt 0.88629200 0.27909500
vt 0.06587300 0.26368100
vt 0.62634300 0.31253800
vt 0.34364400 0.26769400
vt 0.18730900 0.42812400
vt 0.07957100 0.24660700
vt 0.41591600 0.02930500
vt 0.73254500 0.30005300
vt 0.37387000 0.14444900
vt 0.92950800 0.16858600
vt 0.44181300 0.01465400
vt 0.03700500 0.37204300
vt 0.14868800 0.37971900
vt 0.70276900 0.35647800
vt 0.30484200 0.27404800
vt 0.08560300 0.35882300
vt 0.46809400 0.09330100
vt 0.14732900 0.50408900
vt 0.49102800 0.03334300
vt 0.29514700 0.39195300
vt 0.30970300 0.32409500
vt 0.79691600 0.12368500
vt 0.18631700 0.41024200
vt 0.83014400 0.10919100
vt 0.42292700 0.25980500
vt 0.87908300 0.07826100
vt 0.54799400 0.04597400
vt 0.65738800 0.39736300
vt 0.87896200 0.27664400
vt 0.84625000 0.09402800
vt 0.26439100 0.33513100
vt 0.57717300 0.09971500
vt 0.07376400 0.31444500
vt 0.46159200 0.19613700
vt 0.69871600 0.18913000
vt 0.49405200 0.17941100
vt 0.87942100 0.19099900
vt 0.85065300 0.09013900
vt 0.49074000 0.07024800
vt 0.41530500 0.13712700
vt 0.13807300 0.21295000
vt 0.43628600 0.17038800
vt 0.47126000 0.08969700
vt 0.15686500 0.21170200
vt 0.79566100 0.33187400
vt 0.44142100 0.00942700
vt 0.96172400 0.13347700
vt 0.65432600 0.45245100
vt 0.33065200 0.30913800
vt 0.16374000 0.48118200
vt 0.46587000 0.06718800
vt 0.07269500 0.27555500
vt 0.85632200 0.17969300
vt 0.45436800 0.27871900
vt 0.04161000 0.42514700
vt 0.45415300 0.23224300
vt 0.48509500 0.16915600
vt 0.47744900 0.40833300
vt 0.33343500 0.36339800
vt 0.13528600 0.31742900
vt 0.54267600 0.05051500
vt 0.85721700 0.12751900
vt 0.45823700 0.14767400
vt 0.14435900 0.50985100
vt 0.90153300 0.12978000
vt 0.14724400 0.25367100
vt 0.34979800 0.31587200
vt 0.37264000 0.33959100
vt 0.66584700 0.22524300
vt 0.11090200 0.33497700
vt 0.34754800 0.30012500
vt 0.94211400 0.16349300
vt 0.31002100 0.27722500
vt 0.51153000 0.18962100
vt 0.90834300 0.28218400
vt 0.86984500 0.31540000
vt 0.52243900 0.12342200
vt 0.55253400 0.16067600
vt 0.43427200 0.24264500
vt 0.44946000 0.11202800
vt 0.41894500 0.25918000
vt 0.65946900 0.26416600
vt 0.96313400 0.20353400
vt 0.71166100 0.34011100
vt 0.51087500 0.16451400
vt 0.72491800 0.19265800
vt 0.85924900 0.26508500
vt 0.11880300 0.29948100
vt 0.88230700 0.15179800
vt 0.32123100 0.28871300
vt 0.53524100 0.25951100
vt 0.03012900 0.48104900
vt 0.91562200 0.20302100
vt 0.61731500 0.16160200
vt 0.82383500 0.33343400
vt 0.47189800 0.05064200
vt 0.97615700 0.18615400
vt 0.83434900 0.09845700
vt 0.44716300 0.40655200
vt 0.68333500 0.48164000
vt 0.40072900 0.15808300
vt 0.87590800 0.28874300
vt 0.97776400 0.27641500
vt 0.66440400 0.27002100
vt 0.36554600 0.40388900
vt 0.05020000 0.40443600
vt 0.91623800 0.16208300
vt 0.63183900 0.22065700
vt 0.24759700 0.34604800
vt 0.25738400 0.30201800
vt 0.38280000 0.31913700
vt 0.44909900 0.01757200
vt 0.54890300 0.20338100
vt 0.27726700 0.39774300
vt 0.24907100 0.34140000
vt 0.54500900 0.04687400
vt 0.88298100 0.07955700
vt 0.18836000 0.29994600
vt 0.32209700 0.37593500
vt 0.11881800 0.37824900
vt 0.46663000 0.22323700
vt 0.23030200 0.36551400
vt 0.30223300 0.26699700
vt 0.55450300 0.09089100
vt 0.15704300 0.26609100
vt 0.28980000 0.35662600
vt 0.50629600 0.13843600
vt 0.75725800 0.39006500
vt 0.20613200 0.18289300
vt 0.07075200 0.53539900
vt 0.94092100 0.22775500
vt 0.30609600 0.27724800
vt 0.25537000 0.30090800
vt 0.30008100 0.32882200
vt 0.57501300 0.24641800
vt 0.47728800 0.17003300
vt 0.45550800 0.27597800
vt 0.28033800 0.34484400
vt 0.54207700 0.08838200
vt 0.38330800 0.28651600
vt 0.12236000 0.27294200
vt 0.94359400 0.22695700
vt 0.52404700 0.24871300
vt 0.60110900 0.28767200
vt 0.15541600 0.39297700
vt 0.13528300 0.26697800
vt 0.19551900 0.36291200
vt 0.25741200 0.30586400
vt 0.61389900 0.41780100
vt 0.81557000 0.17827900
vt 0.80671500 0.22596500
vt 0.42766700 0.25901400
vt 0.09266600 0.33242600
vt 0.64345400 0.20792100
vt 0.53354700 0.18921300
vt 0.21919100 0.32816400
vt 0.81155600 0.11016200
vt 0.37245200 0.25910500
vt 0.78085200 0.16875800
vt 0.46176900 0.09918600
vt 0.45629300 0.42745400
vt 0.88214200 0.22157400
vt 0.33836000 0.34175200
vt 0.75656200 0.40573800
vt 0.65342900 0.28131000
vt 0.50867300 0.13913500
vt 0.24109100 0.27010500
vt 0.60672700 0.26204700
vt 0.26982300 0.25453500
vt 0.35062800 0.10598600
vt 0.15574400 0.31178700
vt 0.66749400 0.39126300
vt 0.12068900 0.26874800
vt 0.67957900 0.42574000
vt 0.09339600 0.41712200
vt 0.90234000 0.16948800
vt 0.19786900 0.23433000
vt 0.68449700 0.37666600
vt 0.36700700 0.40627700
vt 0.44229500 0.14523200
vt 0.92979800 0.14588000
vt 0.04606000 0.48350700
vt 0.46373400 0.05594400
vt 0.89846000 0.16304100
vt 0.28269500 0.26296400
vt 0.74733400 0.31277600
vt 0.11254900 0.26444600
vt 0.37991400 0.15925200
vt 0.35187900 0.31541700
vt 0.37947600 0.27877200
vt 0.94108700 0.24167900
vt 0.29808800 0.40758500
vt 0.32162400 0.31229000
vt 0.94576500 0.20551200
vt 0.46876100 0.17878500
vt 0.79290500 0.24593100
vt 0.83139200 0.11529600
vt 0.49765100 0.05086900
vt 0.48873200 0.16589200
vt 0.55478800 0.29961900
vt 0.41570400 0.05608800
vt 0.43342800 0.44453500
vt 0.44046500 0.28993200
vt 0.37970800 0.14121700
vt 0.92482000 0.19553400
vt 0.52821500 0.34252400
vt 0.23096400 0.28759200
vt 0.51652000 0.17846700
vt 0.25316100 0.30591000
vt 0.88178300 0.21185500
vt 0.27629000 0.31441100
vt 0.63312400 0.29230900
vt 0.40204700 0.35413600
vt 0.55647600 0.35411200
vt 0.86280600 0.23019700
vt 0.57165800 0.08586600
vt 0.50737800 0.20349500
vt 0.24141400 0.25587300
vt 0.51029200 0.17738300
vt 0.29047900 0.25338800
vt 0.35452700 0.12575300
vt 0.46275900 0.16945300
vt 0.43050900 0.16010600
vt 0.45612900 0.13513500
vt 0.28481500 0.28117000
vt 0.90293200 0.18851100
vt 0.17169300 0.33054800
vt 0.30801700 0.37872400
vt 0.78100200 0.41411900
vt 0.48196100 0.11508000
vt 0.40337800 0.21092700
vt 0.45867300 0.10198500
vt 0.39601400 0.06706000
vt 0.03072600 0.45675200
vt 0.96160500 0.18966200
vt 0.27046600 0.35580300
vt 0.45399500 0.14889400
vt 0.06664100 0.49584600
vt 0.64528400 0.43019100
vt 0.47931300 0.12201100
vt 0.92021100 0.23778300
vt 0.93194200 0.24269800
vt 0.13305400 0.28731300
vt 0.38615300 0.13618700
vt 0.84550100 0.11593800
vt 0.94836500 0.13333000
vt 0.45281700 0.01146900
vt 0.26680800 0.30825700
vt 0.70824600 0.33970200
vt 0.96677600 0.16866500
vt 0.87544900 0.26989500
vt 0.20662300 0.20298200
vt 0.52845600 0.06756900
vt 0.15331300 0.25989900
vt 0.34710700 0.38737900
vt 0.36581000 0.07862500
vt 0.25050600 0.39402300
vt 0.24005200 0.26286100
vt 0.36464000 0.31063700
vt 0.96483200 0.26592100
vt 0.84673400 0.28681800
vt 0.13577300 0.29363900
vt 0.24151400 0.30493900
vt 0.40565200 0.13212200
vt 0.41113500 0.26596600
vt 0.33671400 0.29086900
vt 0.57889200 0.10295400
vt 0.41646400 0.08870300
vt 0.49707100 0.15696700
vt 0.41755200 0.03548800
vt 0.29741100 0.28992600
vt 0.15020800 0.42101700
vt 0.14438400 0.49350300
vt 0.16518800 0.35567300
vt 0.43859900 0.14811600
vt 0.46462800 0.09456600
vt 0.46295400 0.02689700
vt 0.11442700 0.50216900
vt 0.22999300 0.27985200
vt 0.44592200 0.29082100
vt 0.05163900 0.52145100
vt 0.55570700 0.09710900
vt 0.46686700 0.43258200
vt 0.86898200 0.15061500
vt 0.44427700 0.27371000
vt 0.12186500 0.25385900
vt 0.42775000 0.06579200
vt 0.13921400 0.43598400
vt 0.53922800 0.05566500
vt 0.04837800 0.35451600
vt 0.16619200 0.38913700
vt 0.28552800 0.34584500
vt 0.52630600 0.18252900
vt 0.20998500 0.30901000
vt 0.57111500 0.30509000
vt 0.83448800 0.21985200
vt 0.86349000 0.10558300
vt 0.67942700 0.40099600
vt 0.77998500 0.25958500
vt 0.60792200 0.26694000
vt 0.90650000 0.18124500
vt 0.91454800 0.17937100
vt 0.75123500 0.26778100
vt 0.15651100 0.44760900
vt 0.38821000 0.18444400
vt 0.28471500 0.40515400
vt 0.43583500 0.29348500
vt 0.56173600 0.12160100
vt 0.06111100 0.49468200
vt 0.16666100 0.46977300
vt 0.61091700 0.26455200
vt 0.39838800 0.25741300
vt 0.91163900 0.20480100
vt 0.70593500 0.20342900
vt 0.49058200 0.20083700
vt 0.16825900 0.47229200
vt 0.47916000 0.15282800
vt 0.76911300 0.15496200
vt 0.39537800 0.02838100
vt 0.31617500 0.32477300
vt 0.33543900 0.34357700
vt 0.94402200 0.23721000
vt 0.09961500 0.31650800
vt 0.88902100 0.24334500
vt 0.51784200 0.16411600
vt 0.86165600 0.32229700
vt 0.36208500 0.08427500
vt 0.24675000 0.25301900
vt 0.42644400 0.02297300
vt 0.77889600 0.46406000
vt 0.52679000 0.11855100
vt 0.67107300 0.38664500
vt 0.24678500 0.34993800
vt 0.84441300 0.13634900
vt 0.03962000 0.45108900
vt 0.44569600 0.17241200
vt 0.35961100 0.11099500
vt 0.15435800 0.51415200
vt 0.42412700 0.06538300
vt 0.13066500 0.42034300
vt 0.45944200 0.44205400
vt 0.11606500 0.31006600
vt 0.81474900 0.11574000
vt 0.35195500 0.27526300
vt 0.78028500 0.11128400
vt 0.34903600 0.34967500
vt 0.61302800 0.29881500
vt 0.65970600 0.29600800
vt 0.65964400 0.41244900
vt 0.97125700 0.26794200
vt 0.23791600 0.29715300
vt 0.90014000 0.21238800
vt 0.08565100 0.27571300
vt 0.15693000 0.43396100
vt 0.92472500 0.16700700
vt 0.39998400 0.16385400
vt 0.59705000 0.26893400
vt 0.09527600 0.24628200
vt 0.20800600 0.31867300
vt 0.52148000 0.08650200
vt 0.68764500 0.36833600
vt 0.09286300 0.42484800
vt 0.41239900 0.19940600
vt 0.91396800 0.23793200
vt 0.14376700 0.33570500
vt 0.38231800 0.27350500
vt 0.66062100 0.19860200
vt 0.07915100 0.53377000
vt 0.21384100 0.18010200
vt 0.34420200 0.30083800
vt 0.71037200 0.19804800
vt 0.61743300 0.25186600
vt 0.74272000 0.47021700
vt 0.31026900 0.27153300
vt 0.79572400 0.45150200
vt 0.21781700 0.37548400
vt 0.21897900 0.36546600
vt 0.08493100 0.22636300
vt 0.01377800 0.43391000
vt 0.47574500 0.06053800
vt 0.27961600 0.32750200
vt 0.48344000 0.20870300
vt 0.95680200 0.24988800
vt 0.97908300 0.22518000
vt 0.16685900 0.50623600
vt 0.33520900 0.36150100
vt 0.03304500 0.48175500
vt 0.43491300 0.26097500
vt 0.87174900 0.26998200
vt 0.50215100 0.38110900
vt 0.50131400 0.35993000
vt 0.16650100 0.50363100
vt 0.88111800 0.23817400
vt 0.54555500 0.04811400
vt 0.41688800 0.12224800
vt 0.49030100 0.17351700
vt 0.04435500 0.36827000
vt 0.43057600 0.01829300
vt 0.81022000 0.23583300
vt 0.60045000 0.25047400
vt 0.13088100 0.31592300
vt 0.59215300 0.08878300
vt 0.81071600 0.08433700
vt 0.42224800 0.01802500
vt 0.44598400 0.05805500
vt 0.90769400 0.24486500
vt 0.79760300 0.43810200
vt 0.23973700 0.32453700
vt 0.28402400 0.27238800
vt 0.97633000 0.17920300
vt 0.85201900 0.27991000
vt 0.07300800 0.29031600
vt 0.93027800 0.17350200
vt 0.42379100 0.06232200
vt 0.82246300 0.09580500
vt 0.87774400 0.21710000
vt 0.13789700 0.29586400
vt 0.18389200 0.26491100
vt 0.26449300 0.31164900
vt 0.45266700 0.14937200
vt 0.10688200 0.31737400
vt 0.57034000 0.11618800
vt 0.18123100 0.27156600
vt 0.30603900 0.30057600
vt 0.09076400 0.44328300
vt 0.52448200 0.10001600
vt 0.26779700 0.35171800
vt 0.35082900 0.29429100
vt 0.04241100 0.46016400
vt 0.17253500 0.38437000
vt 0.28738500 0.36753500
vt 0.08109200 0.38769500
vt 0.91705600 0.20006500
vt 0.86083800 0.22195600
vt 0.31472300 0.37248400
vt 0.41747700 0.24827300
vt 0.37470400 0.26328200
vt 0.75534400 0.30417700
vt 0.40187400 0.29172700
vt 0.51467900 0.15206200
vt 0.91282100 0.20080300
vt 0.52830700 0.12430700
vt 0.42127700 0.04026700
vt 0.57714500 0.28598700
vt 0.85890100 0.21410600
vt 0.46302300 0.44647000
vt 0.62187200 0.42879100
vt 0.94940500 0.23371100
vt 0.19671100 0.29319200
vt 0.07156700 0.26304000
vt 0.77955500 0.42521400
vt 0.59990400 0.40624000
vt 0.48149900 0.42380900
vt 0.43911900 0.08099100
vt 0.47129400 0.05926100
vt 0.09454900 0.40993700
vt 0.23264200 0.31262500
vt 0.96435100 0.25381900
vt 0.45844100 0.32536000
vt 0.40570400 0.28985100
vt 0.59588500 0.27223300
vt 0.47167800 0.03325100
vt 0.54053800 0.11135300
vt 0.11349300 0.50964400
vt 0.42007800 0.07558300
vt 0.61686300 0.41249100
vt 0.09124600 0.28701100
vt 0.44310900 0.08730400
vt 0.80723200 0.09539400
vt 0.61212900 0.30261100
vt 0.86908700 0.20604300
vt 0.36914600 0.16890000
vt 0.62189200 0.40708100
vt 0.44545500 0.24188300
vt 0.65632800 0.39971100
vt 0.02423100 0.37972600
vt 0.13738000 0.34236500
vt 0.89230800 0.14920100
vt 0.03586900 0.38964300
vt 0.29384400 0.38760000
vt 0.01862400 0.40770800
vt 0.33225400 0.36687200
vt 0.05423200 0.34788300
vt 0.31775800 0.26093900
vt 0.41323400 0.20193300
vt 0.84909700 0.26763000
vt 0.76398700 0.38453500
vt 0.40560400 0.07700800
vt 0.41334900 0.20004600
vt 0.57913900 0.07083800
vt 0.83890800 0.08001300
vt 0.06727600 0.46285200
vt 0.39231200 0.10476700
vt 0.36617200 0.25966500
vt 0.44639300 0.32534000
vt 0.27064600 0.26136300
vt 0.71751800 0.30322000
vt 0.09175600 0.40127900
vt 0.84181700 0.11513900
vt 0.15105500 0.47630600
vt 0.09833700 0.50878900
vt 0.62270200 0.18575100
vt 0.18854400 0.23255300
vt 0.19777600 0.33282100
vt 0.43025200 0.04883000
vt 0.65810700 0.39968100
vt 0.10169100 0.37807000
vt 0.07106600 0.28663900
vt 0.55589700 0.34478800
vt 0.47771000 0.12118000
vt 0.83578600 0.09195400
vt 0.67500300 0.21021600
vt 0.33642600 0.34473200
vt 0.58707600 0.09038900
vt 0.52564500 0.08866000
vt 0.87027800 0.26471000
vt 0.54207300 0.17890600
vt 0.53009500 0.18571400
vt 0.87128700 0.07568600
vt 0.55228000 0.05208100
vt 0.06233800 0.50491000
vt 0.47929300 0.18965000
vt 0.84710200 0.28287800
vt 0.36546200 0.31582100
vt 0.14791700 0.51174900
vt 0.49860200 0.14971600
vt 0.86464500 0.23906600
vt 0.46545600 0.21843100
vt 0.50098300 0.18545600
vt 0.08258700 0.29361600
vt 0.60787600 0.27073900
vt 0.38531500 0.29956600
vt 0.67617700 0.29773400
vt 0.87250500 0.18065100
vt 0.40378500 0.25701200
vt 0.41244600 0.25807500
vt 0.47558600 0.21051100
vt 0.51540400 0.13641100
vt 0.13222300 0.51141000
vt 0.50874900 0.13698900
vt 0.23646900 0.27111100
vt 0.48602800 0.02483900
vt 0.06450000 0.31636600
vt 0.45521400 0.01837600
vt 0.36312900 0.28953900
vt 0.18501400 0.22763800
vt 0.51149000 0.19801300
vt 0.73341200 0.30553100
vt 0.22310500 0.36011000
vt 0.27610200 0.37354300
vt 0.90243100 0.17480900
vt 0.64428300 0.31683300
vt 0.03103500 0.39547100
vt 0.75494800 0.32226000
vt 0.39180000 0.21899300
vt 0.05357900 0.34670800
vt 0.64579700 0.31595600
vt 0.90954100 0.17092300
vt 0.82920600 0.09589100
vt 0.13283500 0.44920100
vt 0.40409600 0.02186800
vt 0.13534100 0.25547600
vt 0.44361300 0.16145600
vt 0.83279200 0.08818600
vt 0.36164700 0.41186900
vt 0.09337200 0.30992000
vt 0.66117800 0.27079700
vt 0.24527600 0.30557100
vt 0.81991200 0.10581600
vt 0.96399300 0.14277900
vt 0.63636300 0.20953700
vt 0.89465500 0.24218300
vt 0.91522700 0.13189200
vt 0.36143300 0.41991700
vt 0.70752700 0.51173500
vt 0.45484100 0.07400700
vt 0.47587300 0.41884500
vt 0.15439900 0.29614200
vt 0.42876500 0.13512700
vt 0.51502700 0.17305900
vt 0.31107600 0.35085400
vt 0.54173700 0.12144400
vt 0.16143800 0.19538800
vt 0.22497000 0.36481900
vt 0.94843000 0.18965600
vt 0.98274100 0.26503600
vt 0.17212100 0.46497000
vt 0.39553800 0.07710700
vt 0.91152800 0.20935100
vt 0.75739000 0.25016200
vt 0.95667900 0.14722500
vt 0.95389000 0.25301400
vt 0.30488400 0.26609900
vt 0.18075600 0.33331500
vt 0.36165200 0.35987300
vt 0.58385300 0.09109200
vt 0.31715500 0.31879100
vt 0.47682000 0.03167300
vt 0.11183900 0.38562500
vt 0.88395100 0.24059400
vt 0.41405000 0.39021100
vt 0.07672200 0.34817500
vt 0.30694000 0.26926700
vt 0.43527300 0.17488400
vt 0.11904000 0.51792200
vt 0.18616300 0.24755000
vt 0.41614800 0.19393600
vt 0.44839900 0.15543400
vt 0.36397900 0.17190700
vt 0.85093400 0.19277800
vt 0.52439400 0.16213800
vt 0.84740900 0.09803300
vt 0.40317900 0.06293000
vt 0.42807200 0.22915200
vt 0.20379400 0.37201000
vt 0.75131100 0.32856000
vt 0.50038900 0.14645400
vt 0.36840900 0.32473700
vt 0.24761400 0.38306700
vt 0.04342700 0.39621600
vt 0.15542100 0.35531600
vt 0.09054300 0.39262100
vt 0.92281500 0.15980800
vt 0.31836000 0.40540500
vt 0.81948200 0.08824500
vt 0.40023900 0.02611300
vt 0.42455300 0.16300700
vt 0.12705500 0.24128900
vt 0.70140700 0.19926400
vt 0.07646900 0.45018400
vt 0.43048100 0.06690900
vt 0.44330000 0.28282000
vt 0.94249500 0.17378600
vt 0.88383300 0.16231000
vt 0.09595600 0.20643200
vt 0.02310800 0.45300300
vt 0.88614700 0.22567900
vt 0.85325400 0.09318300
vt 0.39732800 0.20329000
vt 0.74444300 0.31419600
vt 0.95653400 0.21496200
vt 0.75868400 0.31385400
vt 0.48446900 0.17258100
vt 0.51387900 0.09617400
vt 0.04889500 0.44617600
vt 0.28319700 0.37991700
vt 0.90481900 0.16799400
vt 0.45773800 0.07010100
vt 0.56965700 0.31398700
vt 0.65587500 0.39124500
vt 0.46208600 0.04081500
vt 0.63147500 0.29470900
vt 0.43571400 0.04400900
vt 0.37555700 0.21634100
vt 0.37589700 0.25207300
vt 0.71613900 0.50669600
vt 0.46672400 0.13232000
vt 0.04713200 0.52961400
vt 0.17746500 0.18356400
vt 0.52679900 0.07169500
vt 0.96135000 0.22220100
vt 0.54080100 0.32746600
vt 0.66547700 0.39892800
vt 0.58639100 0.09712600
vt 0.69391800 0.20617300
vt 0.92045600 0.24323200
vt 0.36317100 0.11308800
vt 0.05035200 0.37265000
vt 0.63705300 0.22726100
vt 0.39729500 0.30416300
vt 0.14142700 0.23923400
vt 0.72047800 0.23614600
vt 0.52229700 0.34739500
vt 0.31796600 0.33890400
vt 0.41196700 0.24911600
vt 0.08654700 0.38119400
vt 0.56672500 0.31406400
vt 0.30241500 0.32250000
vt 0.40634500 0.17172800
vt 0.33042900 0.32429000
vt 0.22028200 0.34105600
vt 0.31155800 0.29930600
vt 0.96821500 0.17504600
vt 0.13712300 0.39218600
vt 0.42616600 0.13919700
vt 0.45010900 0.41240200
vt 0.78375900 0.11077200
vt 0.19047600 0.21358600
vt 0.21758800 0.31219500
vt 0.64267500 0.41517800
vt 0.08849200 0.44121500
vt 0.05730800 0.26853600
vt 0.01608100 0.37912200
vt 0.22765000 0.28690400
vt 0.97598400 0.27158800
vt 0.95810700 0.16976200
vt 0.82952900 0.09408000
vt 0.84803700 0.29890100
vt 0.10972000 0.24067200
vt 0.39797100 0.29721800
vt 0.74265100 0.25049100
vt 0.35831700 0.14450100
vt 0.38285700 0.11866700
vt 0.16412200 0.24794000
vt 0.95526700 0.20237300
vt 0.72862000 0.23739800
vt 0.27154000 0.40236200
vt 0.37563500 0.39865700
vt 0.48224100 0.17138800
vt 0.14058800 0.20217500
vt 0.28611600 0.30091900
vt 0.19161800 0.34322200
vt 0.73617400 0.30426600
vt 0.68439600 0.36931100
vt 0.80490900 0.11441600
vt 0.16109400 0.52117600
vt 0.96562700 0.20730900
vt 0.71821100 0.32832900
vt 0.65443000 0.28578500
vt 0.83700500 0.10032400
vt 0.98354000 0.27059700
vt 0.17415400 0.45734200
vt 0.09265600 0.29403400
vt 0.23345200 0.35561700
vt 0.35079400 0.31826700
vt 0.93876000 0.13568800
vt 0.10054400 0.35862800
vt 0.89109400 0.17505800
vt 0.86622500 0.16853300
vt 0.13650000 0.20388600
vt 0.40770500 0.25570300
vt 0.90847000 0.24326600
vt 0.24916800 0.31110800
vt 0.84539800 0.27603600
vt 0.88617500 0.21718900
vt 0.52974300 0.11943400
vt 0.79411100 0.35191400
vt 0.05082000 0.48937400
vt 0.13085000 0.32921000
vt 0.04603300 0.43811300
vt 0.28252900 0.32971700
vt 0.34475100 0.35387900
vt 0.45084700 0.19230300
vt 0.43853700 0.06536700
vt 0.22721800 0.35817000
vt 0.34193700 0.31083600
vt 0.14480800 0.27857600
vt 0.36844000 0.07029700
vt 0.24358700 0.23832400
vt 0.45368800 0.14679700
vt 0.57019400 0.10348700
vt 0.14817200 0.29329000
vt 0.51095000 0.36818300
vt 0.13656400 0.19212900
vt 0.79734300 0.10210800
vt 0.70519000 0.19954200
vt 0.70855800 0.20487900
vt 0.55685100 0.07253900
vt 0.43649700 0.10448300
vt 0.03754800 0.48556200
vt 0.41599600 0.10504000
vt 0.17606900 0.37238200
vt 0.88234300 0.24774300
vt 0.32404600 0.36633100
vt 0.23575300 0.36203000
vt 0.67680500 0.40659700
vt 0.39801800 0.05815000
vt 0.47447400 0.21338900
vt 0.49261400 0.36812500
vt 0.04538200 0.44480800
vt 0.46454300 0.13881800
vt 0.22422700 0.18173500
vt 0.24612700 0.18750100
vt 0.30894100 0.33374300
vt 0.06369900 0.39305700
vt 0.43512500 0.18398500
vt 0.29627100 0.39394200
vt 0.98078400 0.25668100
vt 0.42771100 0.08684600
vt 0.81284600 0.42163400
vt 0.20004300 0.40597400
vt 0.21719400 0.24207500
vt 0.43339700 0.02081600
vt 0.23774800 0.28380600
vt 0.64163500 0.31369300
vt 0.19392300 0.30919000
vt 0.56529300 0.31717200
vt 0.41087100 0.20277300
vt 0.41844400 0.01742100
vt 0.06104300 0.35186400
vt 0.35980100 0.11464100
vt 0.28447500 0.37209500
vt 0.39137800 0.30480500
vt 0.36402000 0.40403100
vt 0.91616500 0.20861400
vt 0.06022300 0.50353100
vt 0.40674800 0.34245300
vt 0.96325700 0.17827900
vt 0.33429800 0.27593900
vt 0.45936500 0.16803200
vt 0.44758200 0.28773200
vt 0.36581500 0.13308700
vt 0.13215400 0.34743100
vt 0.34476500 0.32633800
vt 0.96372000 0.15120400
vt 0.37059400 0.34263300
vt 0.25395600 0.25769000
vt 0.03855700 0.43750500
vt 0.89428400 0.15635700
vt 0.79020600 0.33492800
vt 0.64316200 0.22634700
vt 0.40311100 0.05713800
vt 0.49414900 0.10096800
vt 0.24571700 0.29637300
vt 0.92397300 0.15691300
vt 0.72986900 0.43023900
vt 0.35964100 0.27826600
vt 0.15299400 0.32566400
vt 0.51095900 0.06422600
vt 0.06859900 0.38789200
vt 0.47179500 0.21411200
vt 0.13587300 0.47456800
vt 0.07796600 0.49362700
vt 0.95511600 0.19584800
vt 0.37381400 0.28094400
vt 0.54196700 0.11687200
vt 0.21592500 0.36594700
vt 0.32850300 0.29629900
vt 0.44498900 0.28438900
vt 0.43810700 0.23174900
vt 0.48693500 0.20207800
vt 0.45484200 0.33023500
vt 0.05761500 0.39379200
vt 0.51416500 0.10421500
vt 0.65669600 0.30206900
vt 0.14802500 0.23854100
vt 0.74388800 0.51115000
vt 0.29831200 0.40934000
vt 0.36385600 0.09363600
vt 0.45367800 0.06240100
vt 0.22242900 0.37616600
vt 0.79289700 0.27834500
vt 0.85263600 0.34967500
vt 0.94382000 0.28228500
vt 0.96351100 0.14008000
vt 0.46545500 0.22597200
vt 0.55628400 0.21943300
vt 0.16022100 0.26987900
vt 0.43330000 0.14327600
vt 0.35978700 0.10118800
vt 0.04588800 0.43647700
vt 0.38639200 0.29121300
vt 0.08783300 0.29133800
vt 0.07133400 0.44861800
vt 0.54354000 0.14141900
vt 0.87587100 0.08172900
vt 0.30189200 0.35380500
vt 0.51804400 0.11516800
vt 0.36874900 0.34934700
vt 0.91924900 0.23046300
vt 0.43203400 0.24519700
vt 0.96376800 0.24326500
vt 0.06048900 0.44050000
vt 0.15770200 0.39968900
vt 0.40195000 0.02217300
vt 0.21385100 0.37005100
vt 0.44769200 0.20250300
vt 0.65039200 0.23454700
vt 0.04394300 0.40848900
vt 0.12121100 0.24723800
vt 0.18498700 0.25366500
vt 0.37315100 0.27298300
vt 0.06603700 0.38223300
vt 0.38394500 0.32092900
vt 0.46334200 0.06567700
vt 0.18918000 0.35195900
vt 0.23260400 0.38451800
vt 0.78380600 0.46422900
vt 0.10946800 0.33947600
vt 0.07854500 0.26370200
vt 0.17890100 0.34322500
vt 0.08954900 0.32215000
vt 0.03931700 0.36415200
vt 0.86865800 0.11346000
vt 0.80699900 0.09097400
vt 0.07143600 0.29435900
vt 0.95827900 0.17986100
vt 0.95560200 0.15837600
vt 0.38047700 0.09232900
vt 0.85289600 0.19155400
vt 0.68694400 0.34158200
vt 0.54960800 0.10249300
vt 0.29243300 0.34219700
vt 0.53808500 0.05205700
vt 0.42509000 0.44474200
vt 0.65874500 0.46161400
vt 0.41400000 0.10624400
vt 0.50280100 0.15360600
vt 0.93885400 0.23454700
vt 0.40896500 0.14572300
vt 0.56699000 0.31169600
vt 0.35766700 0.12695100
vt 0.32331000 0.33287800
vt 0.02510300 0.43102900
vt 0.26887100 0.34551500
vt 0.88333700 0.21678700
vt 0.38007300 0.26541800
vt 0.50126800 0.09566700
vt 0.39882000 0.06299800
vt 0.78186600 0.10790900
vt 0.35412200 0.35227000
vt 0.63797700 0.42351600
vt 0.61080200 0.11260700
vt 0.85509600 0.20348800
vt 0.72926300 0.30207800
vt 0.41729300 0.06552000
vt 0.84726400 0.27840200
vt 0.06508100 0.46980700
vt 0.23637100 0.24990100
vt 0.61549300 0.10355700
vt 0.78204300 0.10157800
vt 0.54953800 0.09842400
vt 0.74050900 0.37428100
vt 0.33628400 0.40459300
vt 0.25659300 0.33227100
vt 0.85732900 0.21044800
vt 0.93521100 0.20013400
vt 0.88770800 0.22212300
vt 0.06867700 0.32486700
vt 0.05107400 0.32923200
vt 0.09113600 0.45883000
vt 0.36994200 0.09933400
vt 0.19717900 0.31129400
vt 0.25901000 0.37159300
vt 0.20183600 0.25976100
vt 0.46263000 0.12694800
vt 0.69009100 0.18121800
vt 0.45488000 0.14687300
vt 0.91598500 0.21145600
vt 0.41604700 0.22125100
vt 0.26151400 0.32405500
vt 0.88188100 0.19753000
vt 0.05313700 0.49760300
vt 0.37851200 0.28075500
vt 0.49230800 0.04345200
vt 0.37188000 0.32758600
vt 0.60049800 0.17301900
vt 0.53365200 0.11111100
vt 0.52210700 0.16350800
vt 0.46682700 0.22046000
vt 0.41995500 0.24225700
vt 0.08326500 0.47752000
vt 0.02252200 0.44884100
vt 0.46785600 0.43590300
vt 0.61260400 0.42061700
vt 0.19752000 0.24840600
vt 0.26731700 0.40308600
vt 0.76009400 0.49005500
vt 0.16440900 0.29245100
vt 0.37275600 0.16889100
vt 0.27630700 0.27921500
vt 0.21172300 0.24762700
vt 0.23292200 0.32582500
vt 0.39025700 0.27040900
vt 0.75250300 0.25368300
vt 0.52983300 0.09875800
vt 0.12335900 0.39418000
vt 0.11530800 0.38380800
vt 0.93838700 0.16918700
vt 0.28881900 0.30354200
vt 0.36197900 0.29652900
vt 0.28782400 0.37532800
vt 0.40712900 0.09131000
vt 0.06954400 0.29169400
vt 0.53882600 0.05422600
vt 0.05838800 0.35283500
vt 0.60315600 0.25942900
vt 0.05100500 0.33234600
vt 0.12566600 0.46774300
vt 0.12470700 0.25943700
vt 0.36262100 0.14397000
vt 0.27278800 0.37630700
vt 0.91753900 0.19681200
vt 0.85382400 0.20345900
vt 0.11822200 0.28754900
vt 0.82935500 0.32643900
vt 0.24517800 0.29223600
vt 0.86514500 0.24268000
vt 0.30161200 0.40390300
vt 0.48397000 0.14250900
vt 0.16476800 0.26730800
vt 0.21686500 0.18394400
vt 0.39124800 0.04719500
vt 0.85067800 0.10966000
vt 0.47133400 0.11781200
vt 0.19462700 0.35674800
vt 0.89719600 0.25560400
vt 0.50809400 0.17844700
vt 0.38783100 0.37268000
vt 0.72943600 0.19637300
vt 0.39264000 0.05253700
vt 0.67910600 0.37773900
vt 0.20177800 0.32075100
vt 0.86064700 0.22481500
vt 0.65199200 0.21613700
vt 0.50404500 0.04657200
vt 0.25137200 0.28295500
vt 0.10165800 0.36965300
vt 0.39881300 0.07829800
vt 0.16639800 0.25419300
vt 0.90307600 0.13435900
vt 0.09750300 0.42023300
vt 0.54679900 0.15868900
vt 0.26780100 0.27637700
vt 0.65957400 0.39881000
vt 0.42163300 0.05952800
vt 0.32336800 0.39978300
vt 0.97940600 0.27977500
vt 0.83459800 0.38425700
vt 0.90940000 0.19474500
vt 0.13129000 0.35306500
vt 0.30126700 0.40868600
vt 0.06740000 0.43894200
vt 0.05601300 0.34468900
vt 0.39141000 0.14021000
vt 0.63517200 0.12978700
vt 0.43257800 0.15013200
vt 0.16547700 0.22348200
vt 0.36695000 0.19174200
vt 0.35567400 0.26073800
vt 0.45712700 0.06164600
vt 0.56370000 0.31070700
vt 0.44572000 0.22684600
vt 0.70319900 0.20385700
vt 0.50152300 0.32471100
vt 0.60774500 0.26045000
vt 0.13209900 0.30643800
vt 0.87966400 0.19805200
vt 0.45831700 0.44996500
vt 0.54828000 0.14028900
vt 0.71764100 0.32533000
vt 0.48126600 0.16097300
vt 0.74716900 0.25926500
vt 0.96498000 0.19506700
vt 0.44002300 0.00768900
vt 0.96306800 0.13550800
vt 0.52187600 0.16058600
vt 0.25477400 0.25220700
vt 0.35796000 0.09187300
vt 0.05431800 0.41673700
vt 0.88582700 0.11032500
vt 0.14427500 0.49793700
vt 0.04881700 0.40241500
vt 0.18204100 0.44004100
vt 0.83032000 0.39476900
vt 0.26112700 0.31372000
vt 0.05254800 0.41377600
vt 0.20901500 0.31610800
vt 0.92225300 0.22201000
vt 0.90997200 0.14887800
vt 0.31624900 0.26820500
vt 0.48381300 0.24249300
vt 0.45493500 0.23919100
vt 0.36514600 0.32301000
vt 0.26348900 0.30672300
vt 0.35736600 0.27221000
vt 0.13686600 0.23246800
vt 0.68235200 0.20654300
vt 0.22849100 0.35327400
vt 0.20509500 0.38175000
vt 0.63050300 0.42256200
vt 0.06884700 0.48215300
vt 0.92406800 0.20234300
vt 0.24034900 0.30042200
vt 0.50015900 0.18783900
vt 0.83166000 0.13780500
vt 0.10065800 0.31226600
vt 0.15197900 0.28574100
vt 0.91855700 0.20575700
vt 0.88875000 0.12960100
vt 0.22222400 0.36245700
vt 0.87336200 0.13218800
vt 0.56801400 0.11673000
vt 0.51772900 0.35406300
vt 0.23521300 0.30589200
vt 0.90884200 0.23643500
vt 0.45643000 0.20112500
vt 0.48998200 0.12960700
vt 0.87140100 0.09605200
vt 0.78329000 0.33776600
vt 0.71976400 0.50218700
vt 0.18283400 0.32381400
vt 0.92869900 0.19310700
vt 0.46145500 0.20560100
vt 0.41165300 0.17855400
vt 0.18499500 0.35600300
vt 0.14616600 0.20905200
vt 0.52346400 0.12726500
vt 0.24207100 0.38971300
vt 0.45408700 0.01569100
vt 0.33353200 0.29337100
vt 0.85869700 0.10632200
vt 0.53495100 0.15390200
vt 0.18576000 0.36782300
vt 0.95625900 0.20637200
vt 0.43244200 0.23222900
vt 0.10767900 0.39658200
vt 0.38657500 0.27993700
vt 0.34314600 0.39127500
vt 0.10299500 0.26699900
vt 0.51123800 0.08604900
vt 0.97327700 0.27001700
vt 0.13524200 0.48103400
vt 0.45865600 0.03881700
vt 0.94788300 0.17260400
vt 0.84415100 0.24704500
vt 0.39852600 0.40004000
vt 0.41069300 0.27113200
vt 0.71697400 0.52810500
vt 0.34389200 0.41275200
vt 0.29669400 0.38300200
vt 0.22622700 0.24351800
vt 0.07149300 0.43841800
vt 0.28298800 0.31875900
vt 0.27920100 0.38024500
vt 0.83732300 0.14881400
vt 0.10467400 0.52699700
vt 0.23315900 0.31994300
vt 0.74955000 0.25492700
vt 0.16992500 0.33738700
vt 0.73005500 0.52965400
vt 0.85883400 0.08123500
vt 0.91753600 0.14809700
vt 0.53795300 0.17292400
vt 0.27514300 0.32314900
vt 0.96547300 0.26832300
vt 0.06323400 0.34301900
vt 0.41717400 0.15338900
vt 0.36658500 0.07574800
vt 0.24340900 0.24480600
vt 0.28953500 0.26745300
vt 0.14925200 0.50533700
vt 0.18172800 0.36063800
vt 0.11586100 0.25001600
vt 0.33860900 0.26669700
vt 0.87203200 0.17055700
vt 0.23004400 0.35873500
vt 0.72195800 0.20800600
vt 0.02806700 0.48411900
vt 0.26024800 0.34420600
vt 0.17496900 0.36253100
vt 0.87136000 0.17829600
vt 0.95897100 0.20506300
vt 0.40581700 0.21393200
vt 0.32710300 0.35325800
vt 0.23797100 0.34458300
vt 0.59882500 0.27420900
vt 0.22720800 0.33126900
vt 0.41257400 0.17379200
vt 0.50431600 0.38538200
vt 0.67686500 0.19611000
vt 0.37769800 0.30146300
vt 0.02597100 0.41966800
vt 0.41673600 0.27876200
vt 0.83300500 0.11580600
vt 0.89070800 0.15575600
vt 0.02950300 0.45721200
vt 0.41910800 0.11494800
vt 0.61068800 0.31419200
vt 0.47303500 0.07539200
vt 0.94312200 0.23422200
vt 0.48143400 0.03053300
vt 0.15620300 0.42679500
vt 0.50860200 0.08693400
vt 0.16279500 0.48674500
vt 0.20595500 0.28844900
vt 0.27906400 0.27402700
vt 0.14018700 0.48779800
vt 0.39981800 0.24555300
vt 0.49038200 0.14963100
vt 0.84307900 0.29477000
vt 0.34146600 0.33178700
vt 0.90964800 0.21177400
vt 0.90833000 0.20864500
vt 0.29730700 0.35046000
vt 0.34067200 0.27402000
vt 0.56896200 0.22701200
vt 0.23352100 0.30802100
vt 0.86164900 0.22475400
vt 0.70928900 0.34190300
vt 0.43035400 0.07318500
vt 0.05641500 0.37623700
vt 0.26274400 0.31208700
vt 0.26047100 0.33142500
vt 0.85341100 0.11479000
vt 0.41113000 0.25178400
vt 0.87470100 0.29252900
vt 0.07028200 0.29945800
vt 0.44650500 0.24630900
vt 0.39592600 0.11221300
vt 0.36288400 0.15822400
vt 0.70751100 0.41338700
vt 0.41999300 0.26659100
vt 0.51978500 0.07276700
vt 0.91559800 0.15521600
vt 0.46622800 0.05657700
vt 0.89499400 0.16879800
vt 0.93306300 0.23416900
vt 0.98233100 0.27377800
vt 0.61128900 0.25501500
vt 0.67583000 0.19347500
vt 0.46961900 0.08033000
vt 0.40799600 0.09476500
vt 0.34131700 0.40106300
vt 0.14549700 0.24575700
vt 0.53762200 0.12236800
vt 0.36119500 0.31283600
vt 0.91010000 0.24269100
vt 0.95730600 0.26182800
vt 0.85458000 0.12484000
vt 0.41959300 0.06858400
vt 0.33348200 0.32071000
vt 0.72206600 0.52556200
vt 0.82870700 0.08883000
vt 0.29237000 0.40007900
vt 0.78998400 0.11567200
vt 0.41236900 0.20548600
vt 0.41661800 0.25068000
vt 0.39457400 0.19274500
vt 0.74318200 0.23732400
vt 0.74643600 0.25787600
vt 0.48517500 0.05093500
vt 0.36791400 0.24920300
vt 0.37867400 0.20741800
vt 0.43344400 0.17366300
vt 0.29068100 0.38205200
vt 0.40271600 0.08377200
vt 0.36506000 0.34296500
vt 0.15657000 0.22848400
vt 0.18317800 0.39306200
vt 0.37046700 0.28727900
vt 0.24945600 0.35912100
vt 0.28816900 0.33105000
vt 0.43047600 0.24258100
vt 0.65893600 0.29821200
vt 0.50155200 0.15220300
vt 0.44337600 0.21846400
vt 0.45587800 0.14682000
vt 0.38514700 0.06936600
vt 0.53641000 0.10594800
vt 0.61724700 0.31057300
vt 0.07579900 0.28611300
vt 0.09384600 0.38942400
vt 0.42015300 0.27722900
vt 0.25177000 0.27645700
vt 0.65673700 0.25718500
vt 0.35785000 0.36452200
vt 0.55824200 0.06500700
vt 0.06823600 0.28986000
vt 0.08799700 0.53255000
vt 0.22154200 0.17795500
vt 0.86659300 0.31323100
vt 0.74156200 0.31043900
vt 0.39755900 0.08000900
vt 0.93563600 0.20906400
vt 0.56431000 0.09864300
vt 0.50362500 0.09331200
vt 0.53148100 0.13799900
vt 0.37700000 0.18170000
vt 0.30026700 0.33146100
vt 0.86633200 0.31745600
vt 0.24056900 0.35183200
vt 0.04365100 0.50666800
vt 0.39063700 0.27830700
vt 0.25525000 0.36326000
vt 0.49875300 0.36026900
vt 0.38858000 0.17768700
vt 0.05194700 0.36892200
vt 0.11582000 0.45675100
vt 0.31848300 0.34706600
vt 0.70744700 0.34599700
vt 0.70013100 0.34873600
vt 0.17951800 0.22884200
vt 0.16719700 0.20844100
vt 0.40563000 0.17770300
vt 0.15165600 0.25297000
vt 0.89890400 0.15400900
vt 0.12923300 0.26889900
vt 0.51955700 0.19933200
vt 0.41008200 0.28680000
vt 0.06758800 0.44503500
vt 0.79157200 0.12516900
vt 0.57680200 0.10210900
vt 0.06655400 0.41583900
vt 0.10263500 0.43349800
vt 0.45063500 0.27475600
vt 0.45188700 0.20541300
vt 0.07880800 0.23757900
vt 0.40090000 0.06016900
vt 0.81602700 0.08990400
vt 0.47128500 0.20307400
vt 0.89933600 0.14345000
vt 0.42536700 0.18155800
vt 0.46691200 0.22491000
vt 0.48323600 0.24009400
vt 0.28434600 0.36072500
vt 0.09158200 0.26017200
vt 0.54421200 0.10092000
vt 0.29009800 0.28170800
vt 0.54388000 0.07992200
vt 0.37356300 0.27021200
vt 0.18059700 0.21561100
vt 0.08124300 0.43661700
vt 0.33303100 0.31079000
vt 0.86320200 0.11096000
vt 0.24343200 0.28097400
vt 0.40563500 0.18664300
vt 0.44573400 0.04455400
vt 0.12538600 0.52985500
vt 0.23916500 0.36724700
vt 0.46646000 0.18822700
vt 0.86474400 0.14477400
vt 0.42812900 0.01652700
vt 0.04209900 0.35615300
vt 0.03402600 0.46841100
vt 0.60824900 0.15803100
vt 0.72988500 0.30394200
vt 0.47574200 0.04989500
vt 0.92923900 0.15401900
vt 0.10197700 0.29346300
vt 0.06471100 0.31381600
vt 0.14484800 0.44231700
vt 0.37985200 0.16403400
vt 0.84537100 0.26276900
vt 0.06044000 0.31220500
vt 0.03961800 0.34218100
vt 0.78790100 0.16368400
vt 0.11399800 0.36794500
vt 0.06537800 0.32281900
vt 0.04709600 0.33208500
vt 0.02398600 0.44745900
vt 0.10623200 0.30991900
vt 0.75947300 0.25332400
vt 0.43750000 0.05578300
vt 0.66925800 0.40713500
vt 0.52895000 0.10522000
vt 0.93774500 0.18905200
vt 0.42866800 0.15507700
vt 0.14904500 0.26047500
vt 0.49737200 0.13004100
vt 0.73725100 0.51911000
vt 0.27861100 0.33780100
vt 0.89471200 0.21424500
vt 0.68372400 0.18397500
vt 0.37871600 0.09916300
vt 0.65457400 0.40909800
vt 0.45590100 0.08898500
vt 0.26549100 0.36284000
vt 0.51973700 0.15548500
vt 0.40105700 0.39304900
vt 0.09208300 0.34529300
vt 0.60319400 0.38920300
vt 0.71982600 0.19024400
vt 0.24088000 0.31003600
vt 0.29040100 0.39300900
vt 0.41779200 0.12705700
vt 0.76967500 0.25312200
vt 0.70577100 0.19323600
vt 0.16760600 0.47140400
vt 0.93099100 0.19089900
vt 0.35551800 0.32846700
vt 0.62625200 0.30546400
vt 0.27519400 0.29100100
vt 0.44963600 0.26392500
vt 0.30620500 0.36357200
vt 0.41622900 0.23783300
vt 0.34775000 0.35687900
vt 0.84541100 0.08280600
vt 0.57587900 0.06599800
vt 0.05980200 0.45741900
vt 0.55854900 0.31835400
vt 0.54194200 0.06772100
vt 0.13061500 0.28038500
vt 0.40654000 0.03339300
vt 0.44939000 0.33897900
vt 0.81405300 0.08798600
vt 0.38341200 0.31582800
vt 0.88365600 0.27169100
vt 0.04753500 0.47960400
vt 0.39431400 0.23203700
vt 0.31954600 0.33925400
vt 0.07345600 0.33148600
vt 0.08086000 0.23950800
vt 0.43494600 0.08659300
vt 0.10132600 0.24856200
vt 0.77095000 0.27940400
vt 0.17966000 0.18874000
vt 0.33357500 0.31486200
vt 0.25949500 0.28849400
vt 0.28561100 0.25883400
vt 0.15922800 0.23969700
vt 0.40806900 0.05665800
vt 0.16487600 0.21776800
vt 0.17013100 0.27382700
vt 0.29013300 0.39660800
vt 0.60249000 0.23107100
vt 0.92106100 0.20125200
vt 0.37811400 0.25502600
vt 0.04830300 0.39788800
vt 0.21857000 0.22901200
vt 0.82559400 0.09109200
vt 0.34881500 0.30181100
vt 0.94980300 0.16016800
vt 0.89119100 0.12511800
vt 0.23626600 0.24568700
vt 0.27034200 0.29074600
vt 0.25833700 0.33102900
vt 0.23945400 0.27677600
vt 0.05514600 0.35039400
vt 0.49319500 0.14548100
vt 0.16248500 0.22922500
vt 0.44580300 0.19372600
vt 0.76149800 0.39185500
vt 0.31250800 0.27331400
vt 0.96468000 0.22720100
vt 0.42141100 0.27220800
vt 0.91383600 0.18543900
vt 0.28669400 0.29493400
vt 0.50403500 0.17809200
vt 0.42242700 0.23248800
vt 0.32464900 0.32227900
vt 0.03892600 0.51283800
vt 0.16127000 0.30166300
vt 0.66948400 0.46531100
vt 0.05441000 0.34078400
vt 0.17309100 0.26976800
vt 0.39719700 0.20992100
vt 0.08091600 0.40218200
vt 0.54301200 0.33034300
vt 0.89502800 0.16285100
vt 0.90838200 0.22044800
vt 0.72387100 0.22167500
vt 0.16397300 0.28905800
vt 0.89430000 0.12831300
vt 0.12769200 0.25887200
vt 0.94264800 0.21880100
vt 0.98110400 0.26428100
vt 0.34561600 0.34320700
vt 0.15301700 0.23945700
vt 0.47786600 0.42200000
vt 0.79285000 0.23414800
vt 0.93517000 0.24205300
vt 0.92406800 0.22925200
vt 0.48906500 0.19336500
vt 0.50921500 0.05146300
vt 0.38330700 0.31357600
vt 0.37406800 0.07734700
vt 0.85754800 0.21471200
vt 0.85918700 0.22138100
vt 0.85964800 0.08914900
vt 0.91201100 0.17004700
vt 0.60341800 0.40981100
vt 0.47769800 0.42713000
vt 0.83604300 0.09656800
vt 0.88937400 0.16183500
vt 0.37994500 0.30655800
vt 0.90844900 0.15407200
vt 0.56076400 0.31243400
vt 0.10737900 0.50426600
vt 0.43288100 0.04854300
vt 0.40306100 0.29391000
vt 0.17635300 0.18982100
vt 0.88051300 0.20999400
vt 0.73400500 0.52503200
vt 0.36633900 0.12643000
vt 0.32227800 0.30108800
vt 0.27494300 0.25784000
vt 0.68664400 0.18445700
vt 0.09609400 0.23084100
vt 0.07073100 0.48211800
vt 0.42458200 0.23270900
vt 0.26486500 0.39966100
vt 0.34007500 0.31449700
vt 0.17075400 0.34326200
vt 0.35052400 0.34538300
vt 0.44217300 0.29325600
vt 0.37882900 0.07443200
vt 0.20436100 0.23948800
vt 0.51988900 0.16699900
vt 0.51581500 0.12487500
vt 0.54528700 0.13228300
vt 0.54518200 0.14124600
vt 0.24425100 0.35190300
vt 0.36336800 0.18613800
vt 0.35136500 0.26215400
vt 0.33712800 0.33961700
vt 0.20160200 0.18876500
vt 0.38143800 0.22203100
vt 0.38158200 0.24531500
vt 0.55303300 0.20555700
vt 0.74652700 0.29611500
vt 0.55786900 0.22939400
vt 0.45609200 0.12309300
vt 0.40591400 0.08252400
vt 0.43306300 0.22915000
vt 0.65833300 0.21438800
vt 0.11030100 0.32594900
vt 0.42031200 0.16430900
vt 0.03492500 0.40430600
vt 0.49123500 0.02976700
vt 0.64766200 0.31054400
vt 0.49158200 0.15680300
vt 0.97464300 0.23122100
vt 0.68450200 0.20244200
vt 0.94583300 0.19672900
vt 0.44778600 0.18841500
vt 0.44819000 0.24099800
vt 0.47371500 0.17397300
vt 0.06146200 0.38234100
vt 0.73621000 0.24486900
vt 0.34408600 0.27981900
vt 0.45932900 0.27643900
vt 0.79365300 0.45054000
vt 0.09999700 0.32264700
vt 0.89824800 0.25076700
vt 0.85067200 0.18208800
vt 0.47952800 0.17941900
vt 0.45659100 0.42429900
vt 0.47826900 0.20450300
vt 0.54443900 0.15482300
vt 0.38633900 0.24357200
vt 0.23194000 0.18048400
vt 0.44901000 0.08344200
vt 0.20442300 0.32917300
vt 0.54636900 0.17021300
vt 0.49835600 0.35354600
vt 0.87120900 0.17445400
vt 0.86756000 0.11506600
vt 0.05583200 0.34029200
vt 0.26443900 0.25415800
vt 0.35185900 0.10045000
vt 0.06662900 0.50267400
vt 0.22713300 0.29674300
vt 0.74104400 0.25881400
vt 0.32142300 0.26168400
vt 0.16544300 0.49795400
vt 0.50789600 0.09572200
vt 0.17711400 0.21086800
vt 0.90864100 0.16614100
vt 0.40993100 0.21144900
vt 0.63596900 0.43275200
vt 0.51872200 0.13117200
vt 0.58774800 0.28492500
vt 0.11103700 0.26910800
vt 0.84941600 0.12361800
vt 0.22638600 0.36812400
vt 0.61423800 0.41232500
vt 0.13481400 0.50978400
vt 0.39163200 0.08593700
vt 0.43758400 0.07672200
vt 0.28951700 0.32957100
vt 0.13870200 0.49381600
vt 0.86295700 0.13966300
vt 0.84435700 0.26697900
vt 0.93936700 0.23540900
vt 0.90242200 0.23956600
vt 0.42087900 0.03588200
vt 0.20600200 0.38853300
vt 0.80614300 0.43600600
vt 0.28751600 0.31195800
vt 0.43956500 0.32676300
vt 0.15308400 0.27632800
vt 0.41172700 0.27538100
vt 0.15549200 0.22690500
vt 0.30798400 0.35055700
vt 0.34387100 0.30659100
vt 0.42414100 0.31961200
vt 0.94667000 0.24280400
vt 0.62155200 0.30256100
vt 0.39638300 0.21993900
vt 0.41596700 0.38525500
vt 0.31734700 0.32609300
vt 0.44353100 0.02417600
vt 0.48639500 0.14674000
vt 0.12032100 0.32326600
vt 0.93601200 0.23550100
vt 0.30293900 0.33781200
vt 0.68247500 0.41854400
vt 0.95495100 0.22904200
vt 0.20793200 0.37442600
vt 0.45853200 0.20754600
vt 0.05931700 0.35010500
vt 0.15077800 0.23395100
vt 0.42309000 0.06076300
vt 0.21700500 0.36872300
vt 0.43809200 0.19677700
vt 0.52436900 0.16431500
vt 0.84209300 0.09277500
vt 0.40504500 0.23161100
vt 0.04124800 0.43475400
vt 0.46550400 0.05422000
vt 0.79021000 0.33955600
vt 0.87499100 0.09354300
vt 0.41276200 0.33407500
vt 0.45131600 0.20802100
vt 0.45594600 0.22879300
vt 0.80645700 0.36862800
vt 0.23176400 0.32324400
vt 0.91390900 0.18294600
vt 0.41784500 0.11534000
vt 0.82149700 0.12592500
vt 0.72664500 0.44137000
vt 0.22701700 0.24605800
vt 0.31351000 0.33097300
vt 0.47965700 0.11844200
vt 0.40435900 0.05074100
vt 0.31433500 0.40954300
vt 0.73712600 0.52408700
vt 0.04595900 0.39382400
vt 0.03325200 0.46451000
vt 0.05104600 0.33442700
vt 0.91088600 0.19806100
vt 0.15962800 0.22462400
vt 0.11802400 0.20631600
vt 0.47114300 0.34791300
vt 0.57499900 0.30172900
vt 0.51929600 0.20509100
vt 0.92463800 0.17108700
vt 0.93287200 0.16415100
vt 0.97132100 0.27175000
vt 0.66320800 0.20408900
vt 0.06756100 0.32256500
vt 0.46872700 0.21063200
vt 0.72955200 0.30010100
vt 0.31693300 0.30532000
vt 0.53585000 0.05690700
vt 0.70205300 0.34975900
vt 0.74457800 0.25806200
vt 0.20498100 0.23639300
vt 0.52593200 0.13035400
vt 0.11898500 0.34681900
vt 0.83881900 0.15174600
vt 0.16711100 0.24302700
vt 0.43857100 0.25560700
vt 0.39388900 0.20753800
vt 0.63347600 0.43704300
vt 0.45532600 0.45530400
vt 0.24118400 0.34673400
vt 0.66038000 0.29557100
vt 0.37334300 0.16255800
vt 0.14987300 0.27993900
vt 0.45892800 0.21725400
vt 0.23171000 0.36123100
vt 0.22142700 0.30599200
vt 0.92741600 0.16235100
vt 0.46396700 0.04838000
vt 0.14210100 0.25477200
vt 0.33287600 0.32372300
vt 0.73721800 0.37781900
vt 0.67260700 0.38921500
vt 0.84345800 0.36273600
vt 0.46405900 0.43895900
vt 0.72008200 0.17845200
vt 0.75627300 0.27255700
vt 0.43244600 0.22305500
vt 0.11793700 0.44481600
vt 0.20938700 0.29591700
vt 0.49624300 0.12104700
vt 0.69669800 0.20297400
vt 0.94232700 0.22995100
vt 0.93884400 0.23240500
vt 0.23037700 0.32226200
vt 0.41813200 0.23949100
vt 0.86838000 0.14610600
vt 0.98146600 0.25352400
vt 0.17126500 0.47946400
vt 0.10254400 0.20954100
vt 0.74093700 0.51688300
vt 0.30579300 0.40892800
vt 0.06505600 0.40497500
vt 0.14031300 0.21915100
vt 0.38725900 0.31789100
vt 0.41374500 0.01621300
vt 0.43311800 0.12951900
vt 0.61931100 0.24556300
vt 0.52619500 0.06917700
vt 0.53099500 0.17641600
vt 0.75812600 0.29765900
vt 0.50126900 0.04239500
vt 0.41425100 0.27440500
vt 0.88749200 0.13336800
vt 0.97969600 0.26611900
vt 0.48531900 0.20495400
vt 0.23348300 0.31101800
vt 0.01826400 0.38987000
vt 0.88968900 0.20618300
vt 0.82423200 0.40410400
vt 0.18886400 0.42758200
vt 0.44259200 0.07759800
vt 0.50746800 0.14780300
vt 0.43968000 0.08912300
vt 0.87828700 0.14540800
vt 0.09251800 0.34984600
vt 0.50593700 0.19117100
vt 0.41505300 0.04778700
vt 0.87289100 0.23434600
vt 0.84896100 0.14628200
vt 0.97806200 0.27396000
vt 0.69432400 0.34461700
vt 0.16494800 0.20746900
vt 0.03970100 0.51668400
vt 0.61506100 0.41944700
vt 0.24618300 0.25760300
vt 0.16418000 0.47291800
vt 0.08600100 0.36479600
vt 0.40595800 0.13659200
vt 0.43582800 0.22018500
vt 0.49666100 0.20051500
vt 0.52650400 0.06765900
vt 0.17000300 0.35990900
vt 0.15890800 0.20552200
vt 0.02842300 0.40876400
vt 0.81882000 0.12029400
vt 0.45322900 0.22599700
vt 0.78514200 0.45622800
vt 0.09631900 0.45424700
vt 0.79784400 0.12764400
vt 0.87146300 0.23753000
vt 0.98956300 0.17921000
vt 0.01965500 0.43512800
vt 0.66673000 0.40535600
vt 0.49225100 0.16332000
vt 0.15964500 0.26461400
vt 0.59472100 0.09025000
vt 0.80680400 0.08500900
vt 0.50978200 0.08452200
vt 0.40806200 0.17396900
vt 0.92911500 0.14366000
vt 0.52041000 0.07385900
vt 0.31177700 0.30082900
vt 0.92786900 0.17682600
vt 0.87568500 0.25045100
vt 0.87329200 0.21978000
vt 0.44926000 0.04892800
vt 0.40495300 0.03778800
vt 0.03360300 0.37263600
vt 0.22287900 0.36705300
vt 0.93946400 0.18452300
vt 0.21672100 0.32427300
vt 0.31533500 0.26336300
vt 0.90211600 0.15969800
vt 0.49857300 0.36634000
vt 0.07602900 0.29895300
vt 0.17773700 0.27881600
vt 0.52709700 0.15358800
vt 0.18372600 0.41817600
vt 0.45643600 0.23343000
vt 0.31638400 0.28294300
vt 0.20738400 0.24323000
vt 0.97225000 0.25968700
vt 0.02040700 0.37798300
vt 0.16362200 0.18260400
vt 0.03901900 0.52006900
vt 0.86028100 0.22275900
vt 0.06100600 0.36836900
vt 0.12990600 0.27471600
vt 0.40446900 0.05950800
vt 0.60976200 0.15358900
vt 0.82991600 0.13078800
vt 0.40722500 0.20794300
vt 0.26701000 0.34328600
vt 0.45976800 0.42282900
vt 0.94389900 0.14776700
vt 0.55237100 0.29900700
vt 0.02978100 0.46317800
vt 0.74591300 0.31169100
vt 0.48373600 0.20489200
vt 0.29697700 0.25295300
vt 0.35506700 0.13134800
vt 0.46414700 0.26731400
vt 0.17713200 0.39945800
vt 0.33133400 0.34434600
vt 0.51932800 0.12422900
vt 0.38434500 0.28054900
vt 0.22330800 0.23924800
vt 0.37886300 0.10786700
vt 0.10521100 0.40840900
vt 0.92772200 0.23217300
vt 0.81499300 0.23405100
vt 0.18562600 0.26616500
vt 0.39049300 0.19544100
vt 0.20829000 0.36172500
vt 0.51701100 0.24711700
vt 0.42223800 0.27717100
vt 0.74526000 0.31007300
vt 0.24245000 0.35366300
vt 0.80591500 0.12136600
vt 0.83865500 0.10728800
vt 0.33705600 0.31125800
vt 0.78708100 0.11131800
vt 0.47574400 0.03716300
vt 0.32848500 0.31869200
vt 0.40248600 0.21411400
vt 0.93031400 0.18310400
vt 0.96741600 0.27775700
vt 0.33861200 0.30795600
vt 0.05548000 0.50779800
vt 0.08421300 0.35057600
vt 0.18739200 0.21020900
vt 0.28073100 0.36069200
vt 0.37805800 0.16846100
vt 0.66516500 0.20774500
vt 0.49809600 0.17489300
vt 0.45313200 0.15233200
vt 0.14111000 0.21223200
vt 0.10486500 0.47973900
vt 0.34059800 0.31164000
vt 0.02148900 0.43411300
vt 0.11256300 0.30558700
vt 0.15871500 0.25032400
vt 0.37872400 0.31974500
vt 0.48069400 0.11859200
vt 0.13693200 0.27564300
vt 0.18151800 0.29473400
vt 0.66221500 0.45657600
vt 0.39709600 0.18100600
vt 0.41732700 0.19466900
vt 0.65178200 0.38706600
vt 0.26778600 0.30232200
vt 0.39914600 0.18912100
vt 0.93790300 0.24688400
vt 0.37034200 0.40449800
vt 0.12626300 0.24757400
vt 0.85944400 0.14048000
vt 0.41606800 0.14310700
vt 0.78601800 0.10335900
vt 0.57010100 0.20518000
vt 0.08097300 0.41764400
vt 0.55045800 0.12789700
vt 0.82609600 0.09263100
vt 0.94624200 0.17660300
vt 0.52023800 0.12660900
vt 0.20708200 0.33133600
vt 0.12191500 0.38132400
vt 0.87232100 0.26708600
vt 0.57561200 0.10876200
vt 0.03853700 0.35912600
vt 0.04160800 0.40557000
vt 0.31085600 0.26294100
vt 0.10538100 0.24267400
vt 0.43198400 0.05388800
vt 0.39276100 0.03202100
vt 0.24804800 0.19147000
vt 0.13080100 0.20866600
vt 0.06920100 0.30896400
vt 0.44722400 0.08668600
vt 0.14310900 0.20879400
vt 0.29601800 0.29631400
vt 0.43816200 0.01464100
vt 0.31440800 0.25985600
vt 0.35614300 0.11804100
vt 0.87497100 0.26102500
vt 0.19536300 0.41535400
vt 0.81756300 0.41388000
vt 0.96161400 0.20086800
vt 0.14324800 0.39722500
vt 0.97718100 0.15270000
vt 0.42087700 0.01325600
vt 0.36989300 0.28118900
vt 0.54295600 0.09639100
vt 0.19468800 0.32610400
vt 0.87085000 0.26361500
vt 0.06123500 0.36141700
vt 0.85173400 0.34814500
vt 0.32836000 0.26757900
vt 0.25619800 0.34822000
vt 0.51511000 0.25412000
vt 0.65732800 0.44806600
vt 0.87317700 0.29146400
vt 0.56082700 0.06327600
vt 0.05648500 0.41832200
vt 0.11449700 0.52510000
vt 0.03325000 0.44566900
vt 0.39360600 0.15026300
vt 0.73855000 0.30321800
vt 0.30524900 0.35204200
vt 0.83269000 0.14129000
vt 0.90067600 0.13790500
vt 0.06614500 0.29336100
vt 0.93580200 0.23434300
vt 0.47895500 0.10759600
vt 0.46667400 0.09704400
vt 0.48881500 0.06849600
vt 0.73701400 0.31008500
vt 0.20191600 0.31333200
vt 0.17152800 0.29046000
vt 0.33791100 0.28257400
vt 0.42157300 0.18897100
vt 0.83930100 0.08747000
vt 0.13417500 0.29932400
vt 0.64142200 0.40347800
vt 0.51694100 0.16997000
vt 0.26025100 0.26474000
vt 0.10726500 0.24645900
vt 0.73672600 0.23484100
vt 0.11149500 0.25154100
vt 0.07526800 0.43751500
vt 0.12671400 0.28352800
vt 0.29861700 0.30638400
vt 0.43329200 0.18136900
vt 0.35278800 0.28540400
vt 0.85925900 0.11758000
vt 0.28518200 0.35637300
vt 0.82815700 0.12738600
vt 0.48254500 0.07277100
vt 0.18368200 0.21134900
vt 0.51543300 0.18662900
vt 0.90500100 0.24883700
vt 0.44666900 0.24830000
vt 0.17210400 0.25050700
vt 0.18337500 0.21588500
vt 0.29976700 0.29144400
vt 0.51386300 0.37232100
vt 0.70670600 0.35602500
vt 0.37551000 0.26196300
vt 0.38079400 0.25241500
vt 0.71474800 0.51066400
vt 0.60103700 0.39109100
vt 0.46045500 0.10350000
vt 0.38848400 0.30554400
vt 0.56688700 0.30931800
vt 0.50562700 0.20658900
vt 0.12539900 0.45340500
vt 0.45701700 0.19521900
vt 0.96678100 0.24098800
vt 0.73214400 0.25064900
vt 0.93259000 0.17331600
vt 0.63976200 0.22111500
vt 0.40074800 0.25116200
vt 0.91713700 0.17690400
vt 0.22454800 0.30314700
vt 0.60999200 0.40225900
vt 0.33741200 0.40522700
vt 0.02938000 0.38995600
vt 0.19610200 0.25051900
vt 0.25843000 0.29767800
vt 0.44214500 0.23336500
vt 0.28591200 0.36238700
vt 0.95485600 0.14475300
vt 0.83762000 0.09912800
vt 0.32300100 0.35940400
vt 0.37075700 0.29958800
vt 0.56623800 0.12009600
vt 0.36391800 0.35240200
vt 0.23322700 0.30674700
vt 0.87736900 0.24487600
vt 0.97203600 0.25672700
vt 0.45523500 0.21755900
vt 0.06673100 0.32043500
vt 0.37171300 0.07625800
vt 0.51258300 0.26266500
vt 0.53941800 0.12669900
vt 0.84316400 0.29964500
vt 0.09131400 0.33642500
vt 0.56322300 0.09021800
vt 0.24105700 0.35653500
vt 0.07717800 0.47728000
vt 0.41388300 0.12231100
vt 0.04741100 0.33970100
vt 0.40720800 0.25393500
vt 0.03240200 0.43564300
vt 0.05587500 0.46516600
vt 0.50702700 0.15287700
vt 0.29994600 0.29677100
vt 0.68920400 0.24416600
vt 0.84030800 0.09015900
vt 0.46090600 0.29675900
vt 0.55919000 0.16114700
vt 0.91626100 0.16879100
vt 0.50955700 0.32780800
vt 0.31100700 0.40763100
vt 0.24796500 0.35510300
vt 0.28664100 0.37030000
vt 0.26523900 0.34696500
vt 0.89904900 0.09582900
vt 0.52108500 0.04562900
vt 0.05725900 0.34259700
vt 0.81136600 0.27488200
vt 0.97396300 0.22005600
vt 0.56914500 0.31000600
vt 0.12375500 0.25250800
vt 0.06584100 0.28040800
vt 0.31398300 0.36971200
vt 0.11490800 0.53119100
vt 0.24423200 0.17659100
vt 0.19685100 0.38722800
vt 0.61878600 0.35125400
vt 0.44976000 0.23834300
vt 0.42456800 0.05801200
vt 0.53076200 0.15757000
vt 0.07194800 0.35141900
vt 0.46386100 0.08095400
vt 0.07688600 0.26943300
vt 0.75352000 0.25159500
vt 0.73031400 0.23361800
vt 0.40914100 0.18000600
vt 0.48809900 0.37219100
vt 0.20527600 0.27268900
vt 0.20725300 0.38260700
vt 0.32977600 0.28866900
vt 0.94099200 0.15413700
vt 0.50871100 0.17090800
vt 0.45235200 0.32401800
vt 0.36308900 0.11891600
vt 0.95736700 0.16533500
vt 0.54228500 0.04997100
vt 0.04567400 0.42577000
vt 0.66198700 0.39864500
vt 0.11520500 0.49759600
vt 0.42553400 0.01844800
vt 0.55254100 0.09252100
vt 0.10325300 0.45614600
vt 0.42111300 0.04201100
vt 0.92150800 0.19217700
vt 0.36785500 0.10479500
vt 0.51272500 0.18164200
vt 0.11070700 0.31024500
vt 0.36428600 0.41427700
vt 0.55448200 0.11509000
vt 0.45834100 0.27316200
vt 0.65277400 0.21290900
vt 0.92373400 0.15400800
vt 0.22084600 0.37130900
vt 0.84484300 0.27160300
vt 0.56075600 0.08917700
vt 0.07585000 0.28358000
vt 0.20800700 0.32456500
vt 0.48100700 0.19876800
vt 0.87845900 0.20912800
vt 0.05441200 0.37821100
vt 0.17257200 0.23103000
vt 0.39403400 0.21260800
vt 0.87416200 0.27502900
vt 0.41609700 0.05401300
vt 0.37769100 0.27454500
vt 0.28687400 0.38389300
vt 0.55646700 0.35692600
vt 0.74593900 0.26200800
vt 0.43986600 0.16317700
vt 0.24701000 0.28114700
vt 0.86740400 0.12860700
vt 0.44179600 0.16261700
vt 0.38593000 0.25209000
vt 0.43638800 0.02381900
vt 0.18175100 0.20987900
vt 0.90332300 0.21662100
vt 0.85885200 0.13662100
vt 0.29369400 0.32145600
vt 0.74427100 0.31155500
vt 0.12457800 0.20040500
vt 0.45137000 0.11403300
vt 0.72193700 0.19360800
vt 0.84780000 0.16141000
vt 0.22238800 0.36545400
vt 0.47740900 0.06428300
vt 0.45193100 0.21878500
vt 0.10047700 0.27989200
vt 0.44960600 0.20629400
vt 0.02316800 0.43642800
vt 0.58326100 0.09550100
vt 0.11912900 0.26003400
vt 0.26371600 0.39090700
vt 0.32776800 0.32699400
vt 0.87167700 0.15691800
vt 0.79001000 0.16955100
vt 0.06075000 0.30970400
vt 0.03858200 0.34480800
vt 0.06489600 0.37772500
vt 0.26187400 0.30189200
vt 0.36362600 0.07703700
vt 0.24106000 0.24807600
vt 0.50874200 0.26592600
vt 0.90497500 0.12420400
vt 0.49798000 0.02253500
vt 0.47465600 0.19390400
vt 0.29041500 0.31487500
vt 0.28632200 0.37689800
vt 0.36029300 0.31520000
vt 0.40747000 0.16515600
vt 0.84177600 0.16017900
vt 0.82358700 0.09750900
vt 0.41474800 0.16833400
vt 0.48298300 0.15077600
vt 0.16029300 0.48725800
vt 0.06524800 0.28623500
vt 0.96489900 0.21449900
vt 0.41071800 0.21334600
vt 0.29993000 0.33323300
vt 0.97207300 0.16594100
vt 0.10014700 0.23434300
vt 0.42597400 0.27295800
vt 0.07192600 0.44192600
vt 0.86307600 0.14478600
vt 0.43865100 0.16954400
vt 0.85944200 0.21890500
vt 0.15518600 0.34899600
vt 0.15834000 0.48666200
vt 0.39926800 0.09074300
vt 0.44755000 0.41546000
vt 0.83854200 0.09619900
vt 0.41686800 0.27244300
vt 0.36167000 0.34353800
vt 0.76830200 0.39153700
vt 0.03432000 0.50405400
vt 0.23162300 0.23601100
vt 0.54357500 0.05993100
vt 0.50353000 0.21909500
vt 0.37086800 0.29647500
vt 0.07301100 0.52845200
vt 0.51372100 0.07746100
vt 0.40229600 0.03909200
vt 0.33108500 0.27883200
vt 0.36283600 0.10664400
vt 0.16751500 0.45147100
vt 0.52036200 0.18581700
vt 0.42679900 0.15861900
vt 0.28700800 0.36015600
vt 0.52613600 0.07788600
vt 0.45736400 0.08161700
vt 0.20536800 0.32171200
vt 0.34748500 0.38895400
vt 0.89604400 0.13882700
vt 0.31179200 0.30919200
vt 0.97954500 0.25249200
vt 0.86950300 0.12071800
vt 0.75638300 0.13052700
vt 0.05155000 0.47650500
vt 0.47023800 0.17972800
vt 0.18392300 0.26788700
vt 0.30662100 0.25819500
vt 0.98601700 0.18483600
vt 0.35873400 0.12006500
vt 0.52364300 0.28590000
vt 0.26362500 0.36482000
vt 0.72766500 0.24876300
vt 0.39793900 0.13456900
vt 0.45891100 0.18083900
vt 0.38508000 0.26515800
vt 0.27156500 0.25816300
vt 0.71804300 0.44005900
vt 0.85768800 0.09877300
vt 0.57841400 0.25562200
vt 0.80014500 0.39000100
vt 0.44341400 0.20005900
vt 0.42469800 0.23749500
vt 0.94569500 0.21926700
vt 0.30097100 0.28508000
vt 0.73846500 0.26690900
vt 0.90296500 0.17707600
vt 0.10893300 0.21362000
vt 0.40331900 0.18254200
vt 0.18143000 0.20481900
vt 0.78021400 0.46685800
vt 0.28467800 0.25490500
vt 0.35309600 0.12079500
vt 0.73586800 0.30114200
vt 0.24789100 0.31665200
vt 0.98160200 0.24615500
vt 0.16920600 0.48675300
vt 0.47369900 0.36377700
vt 0.51297900 0.11645900
vt 0.13119500 0.40797700
vt 0.73330400 0.44061300
vt 0.67336600 0.40700600
vt 0.05589900 0.51438600
vt 0.59091800 0.09268800
vt 0.48064900 0.04261500
vt 0.67734000 0.40800600
vt 0.31002100 0.32150200
vt 0.42479200 0.24336900
vt 0.09949200 0.26404000
vt 0.08761500 0.41971500
vt 0.52010000 0.16394000
vt 0.86916000 0.10419700
vt 0.03037400 0.40488500
vt 0.43060500 0.01445100
vt 0.46739900 0.12029000
vt 0.50148000 0.15790700
vt 0.45113900 0.17693500
vt 0.84787500 0.29516100
vt 0.75294600 0.26555500
vt 0.91371900 0.19124600
vt 0.09096400 0.47091300
vt 0.27513600 0.32695900
vt 0.81953000 0.09072600
vt 0.43306000 0.03871500
vt 0.30378400 0.28812600
vt 0.91216600 0.19609900
vt 0.73151200 0.35193200
vt 0.48302200 0.01789500
vt 0.28730900 0.40423300
vt 0.11096500 0.50109000
vt 0.17156800 0.41546000
vt 0.66692700 0.36762500
vt 0.81983100 0.12564300
vt 0.43185600 0.18908600
vt 0.37484800 0.11277700
vt 0.13590900 0.28410900
vt 0.03178400 0.42689500
vt 0.13930700 0.20624400
vt 0.47821800 0.19870100
vt 0.49187400 0.04133400
vt 0.72297100 0.19068600
vt 0.67607100 0.40338300
vt 0.42115800 0.14474500
vt 0.64196400 0.40663800
vt 0.71038900 0.50677300
vt 0.44716600 0.27994400
vt 0.72965500 0.38570000
vt 0.43590200 0.29619700
vt 0.83485000 0.13339500
vt 0.84074400 0.14498800
vt 0.41044400 0.05092800
vt 0.50774300 0.21789900
vt 0.97600100 0.27852100
vt 0.15397800 0.49556100
vt 0.47248400 0.34086900
vt 0.16752300 0.22263800
vt 0.14157100 0.46084100
vt 0.97258100 0.27357800
vt 0.25368600 0.28535900
vt 0.57048100 0.29640100
vt 0.79150600 0.32911300
vt 0.82438000 0.13098700
vt 0.25404200 0.39540100
vt 0.37668200 0.32370800
vt 0.09787600 0.22094500
vt 0.51272500 0.34268400
vt 0.21133600 0.30097200
vt 0.50323700 0.17590200
vt 0.43347100 0.13283400
vt 0.46729500 0.21523400
vt 0.43508000 0.23993600
vt 0.34988800 0.33756000
vt 0.90366200 0.21426100
vt 0.92709600 0.16540900
vt 0.64563100 0.44782300
vt 0.44153100 0.45170900
vt 0.79368900 0.12968000
vt 0.08333900 0.42418300
vt 0.09870900 0.23311100
vt 0.28426500 0.38201500
vt 0.76729400 0.24406100
vt 0.64522800 0.21985100
vt 0.51270400 0.05325900
vt 0.17920600 0.31447500
vt 0.26397400 0.36195100
vt 0.18514400 0.24367200
vt 0.93788400 0.24266400
vt 0.87974400 0.07939200
vt 0.54743200 0.04491300
vt 0.45522000 0.14841300
vt 0.07543200 0.27381600
vt 0.09377500 0.34259700
vt 0.09788100 0.42453200
vt 0.11401600 0.33103000
vt 0.39935900 0.06070500
vt 0.40447400 0.08547200
vt 0.33589700 0.34128600
vt 0.75758900 0.27310000
vt 0.87030600 0.11113000
vt 0.14704000 0.30246500
vt 0.10394000 0.30770000
vt 0.33897300 0.31765500
vt 0.14475400 0.34957200
vt 0.75324300 0.13690800
vt 0.78032000 0.42073200
vt 0.37232200 0.10469600
vt 0.92916400 0.23692800
vt 0.47292100 0.08619800
vt 0.48549800 0.39720100
vt 0.83822500 0.12185800
vt 0.19912600 0.31833300
vt 0.39883300 0.10564000
vt 0.38430200 0.20348200
vt 0.13939100 0.24772500
vt 0.53419600 0.06004300
vt 0.40302400 0.03950800
vt 0.29149800 0.26515500
vt 0.05985200 0.28693200
vt 0.02523600 0.35969500
vt 0.17000000 0.25616500
vt 0.04907900 0.51341800
vt 0.36570700 0.08884900
vt 0.71004900 0.20121600
vt 0.92079700 0.20690400
vt 0.48305300 0.11538100
vt 0.10789900 0.51848600
vt 0.60227700 0.26839100
vt 0.84985400 0.16000200
vt 0.77724300 0.27833100
vt 0.09355800 0.49056400
vt 0.43710600 0.02024500
vt 0.23911000 0.27991400
vt 0.80498700 0.25379400
vt 0.07045200 0.41241300
vt 0.91878600 0.18074900
vt 0.30217300 0.25552800
vt 0.69471900 0.34927700
vt 0.81948500 0.09819600
vt 0.13001100 0.23460400
vt 0.40791100 0.03922200
vt 0.39168600 0.29953100
vt 0.45432900 0.20527200
vt 0.27017100 0.36655900
vt 0.16020500 0.33677900
vt 0.28710900 0.37861400
vt 0.29943300 0.35329300
vt 0.31896900 0.37185700
vt 0.11868500 0.52136500
vt 0.38028800 0.25710100
vt 0.91554600 0.18177100
vt 0.86455000 0.23847800
vt 0.41905700 0.08990600
vt 0.41588300 0.15112800
vt 0.36396200 0.40167100
vt 0.74892900 0.25798800
vt 0.44936900 0.05687600
vt 0.33278000 0.26974000
vt 0.48617900 0.03072800
vt 0.48185600 0.03640300
vt 0.15401500 0.51789400
vt 0.96637300 0.20300900
vt 0.57408700 0.09754600
vt 0.20327000 0.25812400
vt 0.44240800 0.21688300
vt 0.48891600 0.04233700
vt 0.25536600 0.30267900
vt 0.17352300 0.18106200
vt 0.04600100 0.52586200
vt 0.43203000 0.39380900
vt 0.44182400 0.08556400
vt 0.43950300 0.02438200
vt 0.42283300 0.26202900
vt 0.35776100 0.36720300
vt 0.97612700 0.24236000
vt 0.61312500 0.41529100
vt 0.42766900 0.06328400
vt 0.45966100 0.08042600
vt 0.08751900 0.42132900
vt 0.10317300 0.30292100
vt 0.10664100 0.36298400
vt 0.83497300 0.08545600
vt 0.08499200 0.39055400
vt 0.86007600 0.22543600
vt 0.56486100 0.30825800
vt 0.51507200 0.36694900
vt 0.12144400 0.52658100
vt 0.45352700 0.31939000
vt 0.27923900 0.37906300
vt 0.84907000 0.35031000
vt 0.18674500 0.22879200
vt 0.25489500 0.32805000
vt 0.44322800 0.20957700
vt 0.16805000 0.25001500
vt 0.43096300 0.29502300
vt 0.82760500 0.13362600
vt 0.81528600 0.10998700
vt 0.53831000 0.14586900
vt 0.27004100 0.34744100
vt 0.34207900 0.39746800
vt 0.96740300 0.26372700
vt 0.27803900 0.31037700
vt 0.38419000 0.28385600
vt 0.27102500 0.27065400
vt 0.29650100 0.33117600
vt 0.82343600 0.12563900
vt 0.07643700 0.42669100
vt 0.39060900 0.05918900
vt 0.24098600 0.28508500
vt 0.52771900 0.15644700
vt 0.52708800 0.10836900
vt 0.16916400 0.42658400
vt 0.93752500 0.23026300
vt 0.31307300 0.36487400
vt 0.98789400 0.17582100
vt 0.20301200 0.27547200
vt 0.85515600 0.34351200
vt 0.93758100 0.28325700
vt 0.55678500 0.12747900
vt 0.97501600 0.16175900
vt 0.38307000 0.24686300
vt 0.98222800 0.26688800
vt 0.17330700 0.46256300
vt 0.14089800 0.31223300
vt 0.08502800 0.44292100
vt 0.14675300 0.51057500
vt 0.86982500 0.16235000
vt 0.42668900 0.11681700
vt 0.16426600 0.38149300
vt 0.15695500 0.30767700
vt 0.82462800 0.39531100
vt 0.13600200 0.24001200
vt 0.16778500 0.24632300
vt 0.20228200 0.26724700
vt 0.19063800 0.29689300
vt 0.74054700 0.25543800
vt 0.73726600 0.52214300
vt 0.14813600 0.22920300
vt 0.84263600 0.26099300
vt 0.84365700 0.12725400
vt 0.14030800 0.51214700
vt 0.82396100 0.11015000
vt 0.48444600 0.19918200
vt 0.04144500 0.43913700
vt 0.28562700 0.32497000
vt 0.14656500 0.48441600
vt 0.17698600 0.25327500
vt 0.98307800 0.27985500
vt 0.83402700 0.38857000
vt 0.36136400 0.18052400
vt 0.34679700 0.26128200
vt 0.17198700 0.31480100
vt 0.08460700 0.34340600
vt 0.04817300 0.42435300
vt 0.81348900 0.08754300
vt 0.53169600 0.08384300
vt 0.68970200 0.20071000
vt 0.34271600 0.29455800
vt 0.87499800 0.28805000
vt 0.65805800 0.21843700
vt 0.16234700 0.51241900
vt 0.90967200 0.17566300
vt 0.38188600 0.32610600
vt 0.04525400 0.48831200
vt 0.46994500 0.02334000
vt 0.54460900 0.17327500
vt 0.39735700 0.12249400
vt 0.76915000 0.39666800
vt 0.33482900 0.40840800
vt 0.72208900 0.53540300
vt 0.49007100 0.17619300
vt 0.74204200 0.27971300
vt 0.92271300 0.12557600
vt 0.47817900 0.01735100
vt 0.09961300 0.23792300
vt 0.63994700 0.42971400
vt 0.68526500 0.31847300
vt 0.48899400 0.36302900
vt 0.39158000 0.08301500
vt 0.37415500 0.30957500
vt 0.13798100 0.23377600
vt 0.86825300 0.11736100
vt 0.70037100 0.34454400
vt 0.40551300 0.40733300
vt 0.62575100 0.24274500
vt 0.55438600 0.08777800
vt 0.40097500 0.18576900
vt 0.64326900 0.20651300
vt 0.61996300 0.25379200
vt 0.65404500 0.41622300
vt 0.63238800 0.24258700
vt 0.31568700 0.28536800
vt 0.94565900 0.14838200
vt 0.43967400 0.22512500
vt 0.69503500 0.21182700
vt 0.15875600 0.34066400
vt 0.93035600 0.13262800
vt 0.30113200 0.38000200
vt 0.68536000 0.47250900
vt 0.06270300 0.41615500
vt 0.16532000 0.43435500
vt 0.23360100 0.33540700
vt 0.35468600 0.11646600
vt 0.91919800 0.27752100
vt 0.70764000 0.19974100
vt 0.84726200 0.17621500
vt 0.39501100 0.05315700
vt 0.49615200 0.02847600
vt 0.05588400 0.41377700
vt 0.20938000 0.38007400
vt 0.80246000 0.44245600
vt 0.38546800 0.06107200
vt 0.97625000 0.27296000
vt 0.74547400 0.28695300
vt 0.41267800 0.03546400
vt 0.50838500 0.25330400
vt 0.88481000 0.24449400
vt 0.07476700 0.41980300
vt 0.16559500 0.25689200
vt 0.69349500 0.18074800
vt 0.41917100 0.04172300
vt 0.25519700 0.33614600
vt 0.21211800 0.37337600
vt 0.77810800 0.16940200
vt 0.25086400 0.35896400
vt 0.76530700 0.48217100
vt 0.06376900 0.35812900
vt 0.13076900 0.28616700
vt 0.35044000 0.36424300
vt 0.12401800 0.19523200
vt 0.09285500 0.25526900
vt 0.06885000 0.29852300
vt 0.65428200 0.21812800
vt 0.08038700 0.31010700
vt 0.88116100 0.20398600
vt 0.27087800 0.38190800
vt 0.29862100 0.35499600
vt 0.38931800 0.09770600
vt 0.63872800 0.43388100
vt 0.92999400 0.17566500
vt 0.40959500 0.09161300
vt 0.25909000 0.34895400
vt 0.84671600 0.17843600
vt 0.50562300 0.13588500
vt 0.93374400 0.24451700
vt 0.61676200 0.10655000
vt 0.77884300 0.10386200
vt 0.94699100 0.18092000
vt 0.93150500 0.17797300
vt 0.06272900 0.49114100
vt 0.95267500 0.21125900
vt 0.48811900 0.19567800
vt 0.25651700 0.30110300
vt 0.38773100 0.19324300
vt 0.26165500 0.31867100
vt 0.55350600 0.13143400
vt 0.46014400 0.22867800
vt 0.73545300 0.52256200
vt 0.90398300 0.20187200
vt 0.15277500 0.31421300
vt 0.39752700 0.19726100
vt 0.91764600 0.22087500
vt 0.90476200 0.11817000
vt 0.50266300 0.02942700
vt 0.44021500 0.34646200
vt 0.66070700 0.38239700
vt 0.81279000 0.24766900
vt 0.46022800 0.23103300
vt 0.16546000 0.21456000
vt 0.39237200 0.18748700
vt 0.38921700 0.30857400
vt 0.26010700 0.25436100
vt 0.35326200 0.09611500
vt 0.08130600 0.25224600
vt 0.14084600 0.31846800
vt 0.03916100 0.39669100
vt 0.94572600 0.24787100
vt 0.62958100 0.24121100
vt 0.63262500 0.43195500
vt 0.17714200 0.24345700
vt 0.36342300 0.42013600
vt 0.70614000 0.51017100
vt 0.67408300 0.40942500
vt 0.45223900 0.10928900
vt 0.61552900 0.26350400
vt 0.19389700 0.28950800
vt 0.44457000 0.07984900
vt 0.13329600 0.24993200
vt 0.49037400 0.08391700
vt 0.64261400 0.22805700
vt 0.45892000 0.28748300
vt 0.51740700 0.37265900
vt 0.55515700 0.35960800
vt 0.92556600 0.18189700
vt 0.70371300 0.20567600
vt 0.82110300 0.11706200
vt 0.24232300 0.26525300
vt 0.10871900 0.26552600
vt 0.08697400 0.31911900
vt 0.92692500 0.21653700
vt 0.43424100 0.16687300
vt 0.02794300 0.45151300
vt 0.85146600 0.19063400
vt 0.14868500 0.19288400
vt 0.55504900 0.31295100
vt 0.03190200 0.43872100
vt 0.29274000 0.40513400
vt 0.87407600 0.24471900
vt 0.07072500 0.39152000
vt 0.42094800 0.06309400
vt 0.10648100 0.33016200
vt 0.50441700 0.16498100
vt 0.40002900 0.29740500
vt 0.93921000 0.15814500
vt 0.85215400 0.34080900
vt 0.70725300 0.19706300
vt 0.76763100 0.37821900
vt 0.50244000 0.21455900
vt 0.33269200 0.35876500
vt 0.63029500 0.41409700
vt 0.28270400 0.26085300
vt 0.89914300 0.24214400
vt 0.41995200 0.04712200
vt 0.27918200 0.40537800
vt 0.15746200 0.24477900
vt 0.39706500 0.23932400
vt 0.39414900 0.18982200
vt 0.85159100 0.16420900
vt 0.43483700 0.20864400
vt 0.41107700 0.20409300
vt 0.86057000 0.18891400
vt 0.42157400 0.24168700
vt 0.65420600 0.30908300
vt 0.05602300 0.38567000
vt 0.15802800 0.27193700
vt 0.53650500 0.11449100
vt 0.19024600 0.36301500
vt 0.80294400 0.25166200
vt 0.72258800 0.21553800
vt 0.69348500 0.18968000
vt 0.44957500 0.09701500
vt 0.18559500 0.33953700
vt 0.44045500 0.12510800
vt 0.23262100 0.33190000
vt 0.24012800 0.27032700
vt 0.69176700 0.35977200
vt 0.46121300 0.13992400
vt 0.07200100 0.43588100
vt 0.96965000 0.25296300
vt 0.46986800 0.07859500
vt 0.68012300 0.20474500
vt 0.38220400 0.28100700
vt 0.41624800 0.26496900
vt 0.37566100 0.09358500
vt 0.21573500 0.33295000
vt 0.25140500 0.32363600
vt 0.52825400 0.11397400
vt 0.83567000 0.14521400
vt 0.15372700 0.25545300
vt 0.95023800 0.17797100
vt 0.40386500 0.08677000
vt 0.40594000 0.14573000
vt 0.36884300 0.12014000
vt 0.82937300 0.13600200
vt 0.41179900 0.39598800
vt 0.05931400 0.38479500
vt 0.47959800 0.04027000
vt 0.86041900 0.27131500
vt 0.55199500 0.09814000
vt 0.14953600 0.50012100
vt 0.16400600 0.40238400
vt 0.94345000 0.19102600
vt 0.16200800 0.48088800
vt 0.93387700 0.22716800
vt 0.20631100 0.22507600
vt 0.91375700 0.24309300
vt 0.36172800 0.13802900
vt 0.31151400 0.37588500
vt 0.93651200 0.21781000
vt 0.32701900 0.27406000
vt 0.08129300 0.44884100
vt 0.90497200 0.12678400
vt 0.14641600 0.27285200
vt 0.53799000 0.11012000
vt 0.49977800 0.36441800
vt 0.56086700 0.12041800
vt 0.84744000 0.15648900
vt 0.28940700 0.33625000
vt 0.24136700 0.30111500
vt 0.28827200 0.35019800
vt 0.07457000 0.48478800
vt 0.72310800 0.44342100
vt 0.97140000 0.16947200
vt 0.96688900 0.26164000
vt 0.47211300 0.12590500
vt 0.31061400 0.26668700
vt 0.77115000 0.30631400
vt 0.17576500 0.37879200
vt 0.90964400 0.23987900
vt 0.04201900 0.34972000
vt 0.71558100 0.50083800
vt 0.47652100 0.20729700
vt 0.26187300 0.34325300
vt 0.95766400 0.22847200
vt 0.39575500 0.02283200
vt 0.51062900 0.14136900
vt 0.26424200 0.31834000
vt 0.88058500 0.25955700
vt 0.96715900 0.25934400
vt 0.89610900 0.16587200
vt 0.41222100 0.03254200
vt 0.15580100 0.48935400
vt 0.49199100 0.13989200
vt 0.84676600 0.08970600
vt 0.03889900 0.47678000
vt 0.32599300 0.27911700
vt 0.15823600 0.51355300
vt 0.04007200 0.47057600
vt 0.95265500 0.24915400
vt 0.54990400 0.33879700
vt 0.49153900 0.04727200
vt 0.29582600 0.31726700
vt 0.24884700 0.39154800
vt 0.79296300 0.34554300
vt 0.34749000 0.29484900
vt 0.75969200 0.44018500
vt 0.20697200 0.28053000
vt 0.87890800 0.24808600
vt 0.28264800 0.40736100
vt 0.75159100 0.50031600
vt 0.29255000 0.39629000
vt 0.57879000 0.06758800
vt 0.84180700 0.08248400
vt 0.43770000 0.00842100
vt 0.96577200 0.13626500
vt 0.39827300 0.02055000
vt 0.12795700 0.43468900
vt 0.06074400 0.41566300
vt 0.33799200 0.29696100
vt 0.76290500 0.44674000
vt 0.75928300 0.27075300
vt 0.46344100 0.01875300
vt 0.15691300 0.49317800
vt 0.40496100 0.05342500
vt 0.17678200 0.24799300
vt 0.11558400 0.36088400
vt 0.29370000 0.33005000
vt 0.10420500 0.31458900
vt 0.34536900 0.30479900
vt 0.37958100 0.26136400
vt 0.03684900 0.41578400
vt 0.91510500 0.16623000
vt 0.89265400 0.13978200
vt 0.70849600 0.21762000
vt 0.06615500 0.36055400
vt 0.39943200 0.02942400
vt 0.60223000 0.15740800
vt 0.92640100 0.22326500
vt 0.28972500 0.30209800
vt 0.14201800 0.41824700
vt 0.49020100 0.16364400
vt 0.42329600 0.27511800
vt 0.52411100 0.34916000
vt 0.31486800 0.31667200
vt 0.32693700 0.39230500
vt 0.35756800 0.29678600
vt 0.41789600 0.23227500
vt 0.46621400 0.22713100
vt 0.07470400 0.27099800
vt 0.70550600 0.36967600
vt 0.65509500 0.38167300
vt 0.98063600 0.25291300
vt 0.17583500 0.43964000
vt 0.14563200 0.33105200
vt 0.41771600 0.19747800
vt 0.28565300 0.30366200
vt 0.82263000 0.09078800
vt 0.91586300 0.18765700
vt 0.84956600 0.18709900
vt 0.89649900 0.12708400
vt 0.96278400 0.27537900
vt 0.74639200 0.28296100
vt 0.15889200 0.25767400
vt 0.73696300 0.43820800
vt 0.16093800 0.29317200
vt 0.06598800 0.36551000
vt 0.23617200 0.26492200
vt 0.05366100 0.39037200
vt 0.48689000 0.10263100
vt 0.56662200 0.31592400
vt 0.11976100 0.22724200
vt 0.14858700 0.42838200
vt 0.16056100 0.21505000
vt 0.41096600 0.25505800
vt 0.92630200 0.17611400
vt 0.07329700 0.37229200
vt 0.16406300 0.32404200
vt 0.29465800 0.37756200
vt 0.58896000 0.09680600
vt 0.14402700 0.47901000
vt 0.97619500 0.19777600
vt 0.14320800 0.51590600
vt 0.13662300 0.33634800
vt 0.55780700 0.21505500
vt 0.16001300 0.26221400
vt 0.52401600 0.09665500
vt 0.48014400 0.42106300
vt 0.05288200 0.34383300
vt 0.26366300 0.29757000
vt 0.93129200 0.22874600
vt 0.13582300 0.22918400
vt 0.42819500 0.11149400
vt 0.43413800 0.06222900
vt 0.42345800 0.07352700
vt 0.08971600 0.36044000
vt 0.96181900 0.23327700
vt 0.07813100 0.47191700
vt 0.10539600 0.34401200
vt 0.27454500 0.32872000
vt 0.41415400 0.09803700
vt 0.12204800 0.31760000
vt 0.32003300 0.27947200
vt 0.02204600 0.43984700
vt 0.11613400 0.25418600
vt 0.97926100 0.23064200
vt 0.16773300 0.50129300
vt 0.55537800 0.32282500
vt 0.61027200 0.26589900
vt 0.23833900 0.28696700
vt 0.69448000 0.35503500
vt 0.07104500 0.38887900
vt 0.43746600 0.29019900
vt 0.49449700 0.02271200
vt 0.90775800 0.12323500
vt 0.45686400 0.14413700
vt 0.24449300 0.31000200
vt 0.95903500 0.24731600
vt 0.94856600 0.15420800
vt 0.38785500 0.28606000
vt 0.40395700 0.03499000
vt 0.25598600 0.36198900
vt 0.51611400 0.35638300
vt 0.17877200 0.26841200
vt 0.71451500 0.21366700
vt 0.12047500 0.34127200
vt 0.97907800 0.18278300
vt 0.52734700 0.34779300
vt 0.39408500 0.02451400
vt 0.25150000 0.18340200
vt 0.74363000 0.25734200
vt 0.21805300 0.25733100
vt 0.10561300 0.30062300
vt 0.16211900 0.39186600
vt 0.40327400 0.26597900
vt 0.94433800 0.25198800
vt 0.35453800 0.37219400
vt 0.47620100 0.11226100
vt 0.06475800 0.40984800
vt 0.40068200 0.24178700
vt 0.95976800 0.22248700
vt 0.90720200 0.18712600
vt 0.84588100 0.13320600
vt 0.28550100 0.26585400
vt 0.02834600 0.44706500
vt 0.38162700 0.32364100
vt 0.42267000 0.22892300
vt 0.86445400 0.23572200
vt 0.27414100 0.31640100
vt 0.21539400 0.19288400
vt 0.88008500 0.25239800
vt 0.41054900 0.09829900
vt 0.36208900 0.34678900
vt 0.88936200 0.14088700
vt 0.10803400 0.46262200
vt 0.42239000 0.11660400
vt 0.05419000 0.42120300
vt 0.64037200 0.20655100
vt 0.26806900 0.37829800
vt 0.15868400 0.20880200
vt 0.69414300 0.49587500
vt 0.38025600 0.42799400
vt 0.75988000 0.39720900
vt 0.18790100 0.26856700
vt 0.51093300 0.33682700
vt 0.69522800 0.33558400
vt 0.05919500 0.39010700
vt 0.52098300 0.09523900
vt 0.18816200 0.24291000
vt 0.94830200 0.21342100
vt 0.35606700 0.31594600
vt 0.71572700 0.20044800
vt 0.17721500 0.36753000
vt 0.41954800 0.24639200
vt 0.33985200 0.37408500
vt 0.09200000 0.38068700
vt 0.29997700 0.39414800
vt 0.56215900 0.07991400
vt 0.60224200 0.26212000
vt 0.89439100 0.14229900
vt 0.88064000 0.25579100
vt 0.59215700 0.09265700
vt 0.09060800 0.38583600
vt 0.49531500 0.18872300
vt 0.85180000 0.26649400
vt 0.92035300 0.23972900
vt 0.08755700 0.24450400
vt 0.79548200 0.44909600
vt 0.31300100 0.38129500
vt 0.88257000 0.13973900
vt 0.08569400 0.27091000
vt 0.42159500 0.06517400
vt 0.09644500 0.29186500
vt 0.40239400 0.03360700
vt 0.72280200 0.50105200
vt 0.84350100 0.10357900
vt 0.13832800 0.51501500
vt 0.89566600 0.15901600
vt 0.11386200 0.25549100
vt 0.86125700 0.22615500
vt 0.22442600 0.24797200
vt 0.86133000 0.17034000
vt 0.12649900 0.51119100
vt 0.38737200 0.22911900
vt 0.38900900 0.23693000
vt 0.81771100 0.09722100
vt 0.40073700 0.19293400
vt 0.17376900 0.26547300
vt 0.40011000 0.21430900
vt 0.80419500 0.11772000
vt 0.65984800 0.30200700
vt 0.14354900 0.21741800
vt 0.37807700 0.26883600
vt 0.18966600 0.33581000
vt 0.72590800 0.53146700
vt 0.08377500 0.37133200
vt 0.32676800 0.28453300
vt 0.87782100 0.27224000
vt 0.40481100 0.12570500
vt 0.47110600 0.22172400
vt 0.39098500 0.15868000
vt 0.44557700 0.20812000
vt 0.40993700 0.23389200
vt 0.97205800 0.26526600
vt 0.17436400 0.26330400
vt 0.72811900 0.28975400
vt 0.46977700 0.43247500
vt 0.61015000 0.41688400
vt 0.91830400 0.15087500
vt 0.98455400 0.16503600
vt 0.40743900 0.01525100
vt 0.75754000 0.17164400
vt 0.05910000 0.51715600
vt 0.11314000 0.27914900
vt 0.72487300 0.36052000
vt 0.82834800 0.38540600
vt 0.09783700 0.25621500
vt 0.53175100 0.14754400
vt 0.45846000 0.04471600
vt 0.05109700 0.42963600
vt 0.46300500 0.22747300
vt 0.24878900 0.29053600
vt 0.16531500 0.50438100
vt 0.44233900 0.25016900
vt 0.98496900 0.17502300
vt 0.18481200 0.20199800
vt 0.83481300 0.11032200
vt 0.25730400 0.35415700
vt 0.42739000 0.26141800
vt 0.95262200 0.22695000
vt 0.85001200 0.35213900
vt 0.30808400 0.34601400
vt 0.78339100 0.17955200
vt 0.05422400 0.35409100
vt 0.13156700 0.36780800
vt 0.45724000 0.12940900
vt 0.95950400 0.23301100
vt 0.17802200 0.41335800
vt 0.61346600 0.26725500
vt 0.22295800 0.18502600
vt 0.48960700 0.10844600
vt 0.64469500 0.20563500
vt 0.35328000 0.28182200
vt 0.13115900 0.46346500
vt 0.39906200 0.04023100
vt 0.83539500 0.14151000
vt 0.93551100 0.16234900
vt 0.65465500 0.41266800
vt 0.27958800 0.25824200
vt 0.56775600 0.36475000
vt 0.19885900 0.19117800
vt 0.49081800 0.18824300
vt 0.53404800 0.11641000
vt 0.55487100 0.29042400
vt 0.33495500 0.28724800
vt 0.95758600 0.24836400
vt 0.07974400 0.25228000
vt 0.27898300 0.30520300
vt 0.15088400 0.21068600
vt 0.95223200 0.16990400
vt 0.41839600 0.10236400
vt 0.10995200 0.44323600
vt 0.31049100 0.33121200
vt 0.78741900 0.34546300
vt 0.10579400 0.23792000
vt 0.55778000 0.09150100
vt 0.73125200 0.18255300
vt 0.02326100 0.40409500
vt 0.18302200 0.29100900
vt 0.56662500 0.31264700
vt 0.73417200 0.30497400
vt 0.26296300 0.31874000
vt 0.46173700 0.18662000
vt 0.06631200 0.32375300
vt 0.04846500 0.33099900
vt 0.31449000 0.27897500
vt 0.40917100 0.12505900
vt 0.46718400 0.13404000
vt 0.92318300 0.22528600
vt 0.49808300 0.37822200
vt 0.95176400 0.22341800
vt 0.26582000 0.27952300
vt 0.41944200 0.11908100
vt 0.89697400 0.12329300
vt 0.90480600 0.16481800
vt 0.85728600 0.21198100
vt 0.72730200 0.31539600
vt 0.11228900 0.29516600
vt 0.46615500 0.18198100
vt 0.14593800 0.26830900
vt 0.25501600 0.27775200
vt 0.12882100 0.36095300
vt 0.27805700 0.36211100
vt 0.77317500 0.18766300
vt 0.08214100 0.26136200
vt 0.51507200 0.21440000
vt 0.15754900 0.18482700
vt 0.03475700 0.51700800
vt 0.28758400 0.27220900
vt 0.66745400 0.38489100
vt 0.85380200 0.20026700
vt 0.07966100 0.35106300
vt 0.33877700 0.36245400
vt 0.72262200 0.31938200
vt 0.92096800 0.17204200
vt 0.86894600 0.22617200
vt 0.82099500 0.08694300
vt 0.39997000 0.28038100
vt 0.46459700 0.06036600
vt 0.39345600 0.25209900
vt 0.50695700 0.17766100
vt 0.44889600 0.33066500
vt 0.31576100 0.37682500
vt 0.41527000 0.06067700
vt 0.71550400 0.36133500
vt 0.21928100 0.32792700
vt 0.74787800 0.25190100
vt 0.17405500 0.19351300
vt 0.49440400 0.15037500
vt 0.23796600 0.31745600
vt 0.40969300 0.16937200
vt 0.69954900 0.32014600
vt 0.20005700 0.37552700
vt 0.74561000 0.16909600
vt 0.26005800 0.35665800
vt 0.36084300 0.35212800
vt 0.18081800 0.42550400
vt 0.20543100 0.32730300
vt 0.79319100 0.11381900
vt 0.61149300 0.26080900
vt 0.08718500 0.34331100
vt 0.39209200 0.10014200
vt 0.29832500 0.39505900
vt 0.91665200 0.19433400
vt 0.95589800 0.13779600
vt 0.43862000 0.20455300
vt 0.44886700 0.13087800
vt 0.30451100 0.31006100
vt 0.97351900 0.21620500
vt 0.16837400 0.51684100
vt 0.29859600 0.32039700
vt 0.42673800 0.05787400
vt 0.47910800 0.17245000
vt 0.30045500 0.39523800
vt 0.81411300 0.09135300
vt 0.29453100 0.38481200
vt 0.83222200 0.38357200
vt 0.17042000 0.44959400
vt 0.32825200 0.26037000
vt 0.45126500 0.15253400
vt 0.07048400 0.37918300
vt 0.26911300 0.32763800
vt 0.29522200 0.29185200
vt 0.31351100 0.29077600
vt 0.07263600 0.25892400
vt 0.43403800 0.23651700
vt 0.91603300 0.24238200
vt 0.44268800 0.03341200
vt 0.36516000 0.10871200
vt 0.96020000 0.21944400
vt 0.09039700 0.31589700
vt 0.35858100 0.08778300
vt 0.25127900 0.25410300
vt 0.62218200 0.41218700
vt 0.84366800 0.16650600
vt 0.55091300 0.13223800
vt 0.39251300 0.12809000
vt 0.28777000 0.35875100
vt 0.13767900 0.41258700
vt 0.58035900 0.08076100
vt 0.08742200 0.30987800
vt 0.11775300 0.28317300
vt 0.11309700 0.24263000
vt 0.16446800 0.32980200
vt 0.25519300 0.28694300
vt 0.82319800 0.10058200
vt 0.74303900 0.29648800
vt 0.02357400 0.38785500
vt 0.66454800 0.39389400
vt 0.96912700 0.26179700
vt 0.11718700 0.30490400
vt 0.25850400 0.31058300
vt 0.12006900 0.41164500
vt 0.34320800 0.33389500
vt 0.71128600 0.20376900
vt 0.86971800 0.25945000
vt 0.10231400 0.27485100
vt 0.44759500 0.28148200
vt 0.54878600 0.15551800
vt 0.48923100 0.35503200
vt 0.39978500 0.01797300
vt 0.98881500 0.17272100
vt 0.94695200 0.22856800
vt 0.05415800 0.40837500
vt 0.13194800 0.21501400
vt 0.07320100 0.28044000
vt 0.15949200 0.27979400
vt 0.85793800 0.13387300
vt 0.22257900 0.29928600
vt 0.48976900 0.40718800
vt 0.85857800 0.17864800
vt 0.54807500 0.29126900
vt 0.31455100 0.36122000
vt 0.01041200 0.41260400
vt 0.07175100 0.23980200
vt 0.48078200 0.14420300
vt 0.16405600 0.52136100
vt 0.96717900 0.20957700
vt 0.94282000 0.18429900
vt 0.95456100 0.21868400
vt 0.27374200 0.26315900
vt 0.91586700 0.19715200
vt 0.86684300 0.24733300
vt 0.47954000 0.06213600
vt 0.43329700 0.15462800
vt 0.09628500 0.26856700
vt 0.56305400 0.30696100
vt 0.22296100 0.36752500
vt 0.05673100 0.43323100
vt 0.42694800 0.07868200
vt 0.87015500 0.10073900
vt 0.64437100 0.31390400
vt 0.10044000 0.35182900
vt 0.37768100 0.29281000
vt 0.23670400 0.19290800
vt 0.18120800 0.37192200
vt 0.82996600 0.13363200
vt 0.15892000 0.49301200
vt 0.27286800 0.34023500
vt 0.07884800 0.25863500
vt 0.38864000 0.07417900
vt 0.55843500 0.12005400
vt 0.85394600 0.14624900
vt 0.17456000 0.43141300
vt 0.16586800 0.23270500
vt 0.65708500 0.29902700
vt 0.91044500 0.25161600
vt 0.15823900 0.23152100
vt 0.74234700 0.27316000
vt 0.94923800 0.20248400
vt 0.47801600 0.25653600
vt 0.15058600 0.41306400
vt 0.64184100 0.22465400
vt 0.40154300 0.01911300
vt 0.28631800 0.27760700
vt 0.94701600 0.23882000
vt 0.62307300 0.32125100
vt 0.49082700 0.39942000
vt 0.41448700 0.11395000
vt 0.44257100 0.43218800
vt 0.57854800 0.29385600
vt 0.18869600 0.22088600
vt 0.06733700 0.37068400
vt 0.42768800 0.23744800
vt 0.88873000 0.24190800
vt 0.37865900 0.31610800
vt 0.13846300 0.44768200
vt 0.06035300 0.36457400
vt 0.39487400 0.27885000
vt 0.06683100 0.37411500
vt 0.50615500 0.21313400
vt 0.80948600 0.09788800
vt 0.89526300 0.11973500
vt 0.06553800 0.42046400
vt 0.92075500 0.24181800
vt 0.71405600 0.23414500
vt 0.15877800 0.24200100
vt 0.39646800 0.03296700
vt 0.42736900 0.42162800
vt 0.08408200 0.40971300
vt 0.39131400 0.07810200
vt 0.63397000 0.41243800
vt 0.41997100 0.05366000
vt 0.57152300 0.11295300
vt 0.23652400 0.30100300
vt 0.38596000 0.31355700
vt 0.10158600 0.23638100
vt 0.04445100 0.42252900
vt 0.35624100 0.30538300
vt 0.56791900 0.30726900
vt 0.97988000 0.23470500
vt 0.16830700 0.49775800
vt 0.42779300 0.19828000
vt 0.16268800 0.35157200
vt 0.04443500 0.40088600
vt 0.11196600 0.19870800
vt 0.02218200 0.47118600
vt 0.95677200 0.13301600
vt 0.44556400 0.01032600
vt 0.28857600 0.26458400
vt 0.51743700 0.16169400
vt 0.07411500 0.35890600
vt 0.52673300 0.12306500
vt 0.13157300 0.37105000
vt 0.14474000 0.29920600
vt 0.90140100 0.15768400
vt 0.21291400 0.23812000
vt 0.09750600 0.36985800
vt 0.58801200 0.38264300
vt 0.03906900 0.42101200
vt 0.02948900 0.47528000
vt 0.00822800 0.40703600
vt 0.07003800 0.24529700
vt 0.27475600 0.30616400
vt 0.96592000 0.16233500
vt 0.40978500 0.13473700
vt 0.62597900 0.28811600
vt 0.39287800 0.25879500
vt 0.46002500 0.05305700
vt 0.20795500 0.30866000
vt 0.51715800 0.20216200
vt 0.82434600 0.13238100
vt 0.38843200 0.26993700
vt 0.53910200 0.05928700
vt 0.30879500 0.40032300
vt 0.05902400 0.43172800
vt 0.13141800 0.29550300
vt 0.84598600 0.29254800
vt 0.50700800 0.05657200
vt 0.16593500 0.26370500
vt 0.05272400 0.53265600
vt 0.18577500 0.18400500
vt 0.84091500 0.15321900
vt 0.44528600 0.15927200
vt 0.44151100 0.29693700
vt 0.08332300 0.22728800
vt 0.01392700 0.43197700
vt 0.71346000 0.45218300
vt 0.09105000 0.41385800
vt 0.33994100 0.33802100
vt 0.10739000 0.45016200
vt 0.13600400 0.45560300
vt 0.96425600 0.25939900
vt 0.49972100 0.34714000
vt 0.39948100 0.23774300
vt 0.22276400 0.36674600
vt 0.54979300 0.13635200
vt 0.43976300 0.03377700
vt 0.38394800 0.09543900
vt 0.55831400 0.15777600
vt 0.49173900 0.16083200
vt 0.36503000 0.30233000
vt 0.22456600 0.23180600
vt 0.86615600 0.13080100
vt 0.01903500 0.38469700
vt 0.13496700 0.51941100
vt 0.27663800 0.36988000
vt 0.72376700 0.19466800
vt 0.35100600 0.33300200
vt 0.88333800 0.25196800
vt 0.10526300 0.33481200
vt 0.04118000 0.44220100
vt 0.73107900 0.48664600
vt 0.46718000 0.43116800
vt 0.99033100 0.18069800
vt 0.03233400 0.47748900
vt 0.09588400 0.34761600
vt 0.07236400 0.38482400
vt 0.28492200 0.28977300
vt 0.40174600 0.09466600
vt 0.08394500 0.45187500
vt 0.11717300 0.32058400
vt 0.45198300 0.33377200
vt 0.88962600 0.13945300
vt 0.66018400 0.39486100
vt 0.96511300 0.25680300
vt 0.22305400 0.19202500
vt 0.06197300 0.30470700
vt 0.03715000 0.34988700
vt 0.19440900 0.23871900
vt 0.87394200 0.29172800
vt 0.46996700 0.14182500
vt 0.36097400 0.30877600
vt 0.29095000 0.38590000
vt 0.24527700 0.34833600
vt 0.08511700 0.33755700
vt 0.42679100 0.04812200
vt 0.23540900 0.29939000
vt 0.18667800 0.37858600
vt 0.26526600 0.30589100
vt 0.25819100 0.39756500
vt 0.73261900 0.29164900
vt 0.70591500 0.31792500
vt 0.29739800 0.33293900
vt 0.50542000 0.14750500
vt 0.31581000 0.33614100
vt 0.66188900 0.20327300
vt 0.71527300 0.44222100
vt 0.35637900 0.30799500
vt 0.50669000 0.19806600
vt 0.04279200 0.43016300
vt 0.36784300 0.28465500
vt 0.42519700 0.26158300
vt 0.30701800 0.31427100
vt 0.96079000 0.28119500
vt 0.84391800 0.36527200
vt 0.51702300 0.37055400
vt 0.93537000 0.18689700
vt 0.09806000 0.49686700
vt 0.97252700 0.15112200
vt 0.54261600 0.13992300
vt 0.05388900 0.33766800
vt 0.56596500 0.06648800
vt 0.83536500 0.09771200
vt 0.45441700 0.22227000
vt 0.75597400 0.40010300
vt 0.44173000 0.05906800
vt 0.43330900 0.06802700
vt 0.49457300 0.19366700
vt 0.42907700 0.43583600
vt 0.80882500 0.09158800
vt 0.70894500 0.20016900
vt 0.56136700 0.33513000
vt 0.99092200 0.17889100
vt 0.03320900 0.41084600
vt 0.79737300 0.44504100
vt 0.18194700 0.19896800
vt 0.32279200 0.35533500
vt 0.04863700 0.39093900
vt 0.16912300 0.21761300
vt 0.16335100 0.28012400
vt 0.28246900 0.25831900
vt 0.90079300 0.13225300
vt 0.41190100 0.09466800
vt 0.86249900 0.15245300
vt 0.55653600 0.35136300
vt 0.84682700 0.14979500
vt 0.94099000 0.19833500
vt 0.20785900 0.30039100
vt 0.96391500 0.21181300
vt 0.11031600 0.45681200
vt 0.13831300 0.50459000
vt 0.97554100 0.18130700
vt 0.91371300 0.15912900
vt 0.36908500 0.30154200
vt 0.25805900 0.33662900
vt 0.96982500 0.16532700
vt 0.08422700 0.46144000
vt 0.65450300 0.21564200
vt 0.25073900 0.37115800
vt 0.33669100 0.36661800
vt 0.24588000 0.35177500
vt 0.11530000 0.34241500
vt 0.12131100 0.26348400
vt 0.78525400 0.11407700
vt 0.76047800 0.38631000
vt 0.03912700 0.41034400
vt 0.06921700 0.39639900
vt 0.97624900 0.26641200
vt 0.46921900 0.13144600
vt 0.25502600 0.28224800
vt 0.26164300 0.26986800
vt 0.88035800 0.15944500
vt 0.16119400 0.20065700
vt 0.39014000 0.41619200
vt 0.60080600 0.15418900
vt 0.53370400 0.14840500
vt 0.28962500 0.40597500
vt 0.62476000 0.42325400
vt 0.52578000 0.15684500
vt 0.40044500 0.22049100
vt 0.51594800 0.04246000
vt 0.90092700 0.10166000
vt 0.05007100 0.43751200
vt 0.98026700 0.25999300
vt 0.63599300 0.40437500
vt 0.95816900 0.20751100
vt 0.39686500 0.08896200
vt 0.27187200 0.35965100
vt 0.35591200 0.12374400
vt 0.55802400 0.09462800
vt 0.38677900 0.28285500
vt 0.47182500 0.20893700
vt 0.38725200 0.19690500
vt 0.09537700 0.27513600
vt 0.40748600 0.02350200
vt 0.75750700 0.27877900
vt 0.38693000 0.16367600
vt 0.94284500 0.15522700
vt 0.26257200 0.27543600
vt 0.50447200 0.09162400
vt 0.14391800 0.28346900
vt 0.15613500 0.23918100
vt 0.06277400 0.26848000
vt 0.49975700 0.05489300
vt 0.96548600 0.20171900
vt 0.15291400 0.51924200
vt 0.67055700 0.39383000
vt 0.49099800 0.19415200
vt 0.82685200 0.10606700
vt 0.03960100 0.50333200
vt 0.23076300 0.31783500
vt 0.50999300 0.20988000
vt 0.55603800 0.33668500
vt 0.87314300 0.08374300
vt 0.35775700 0.34899500
vt 0.23472300 0.32524200
vt 0.73448100 0.29982100
vt 0.92846700 0.17039900
vt 0.84722400 0.11091900
vt 0.05549400 0.42781600
vt 0.67661500 0.38435500
vt 0.85167000 0.27150800
vt 0.46251000 0.22470600
vt 0.46783500 0.05948400
vt 0.13920600 0.32870300
vt 0.42191100 0.22554900
vt 0.22955100 0.29095200
vt 0.71962900 0.37025400
vt 0.90012000 0.24322200
vt 0.19464900 0.38036900
vt 0.08494200 0.49223900
vt 0.43622200 0.01630800
vt 0.05180900 0.35024700
vt 0.13477100 0.27290100
vt 0.23172100 0.30997500
vt 0.03875700 0.35261100
vt 0.36819000 0.27705800
vt 0.16003900 0.41073100
vt 0.36356900 0.08013300
vt 0.24303200 0.25192500
vt 0.72096700 0.36376100
vt 0.23279800 0.38230100
vt 0.41832600 0.11237100
vt 0.29997700 0.39791000
vt 0.53111000 0.17410400
vt 0.13266500 0.28416900
vt 0.13983600 0.41035300
vt 0.83862500 0.10162700
vt 0.15452800 0.24753200
vt 0.85140200 0.28457600
vt 0.11669800 0.41666800
vt 0.48025900 0.02485300
vt 0.06924600 0.26864100
vt 0.87569500 0.13634400
vt 0.11318600 0.40994700
vt 0.74355800 0.31766900
vt 0.94538300 0.16311100
vt 0.23282800 0.30302900
vt 0.53696500 0.27845100
vt 0.10882100 0.38813300
vt 0.25894700 0.31855600
vt 0.39525400 0.16833600
vt 0.42810100 0.20932100
vt 0.86120300 0.13429000
vt 0.16109100 0.24522600
vt 0.06291200 0.31176400
vt 0.14978000 0.37448600
vt 0.14246000 0.30131700
vt 0.64584900 0.22229600
vt 0.86972400 0.14243100
vt 0.07698800 0.44311500
vt 0.26089400 0.39750800
vt 0.51039800 0.20217000
vt 0.32298700 0.37049600
vt 0.15293500 0.22775700
vt 0.41118200 0.10510300
vt 0.34005600 0.40130100
vt 0.91966200 0.22870100
vt 0.18690700 0.19138400
vt 0.72852400 0.31950400
vt 0.45024200 0.27811100
vt 0.12476000 0.40482600
vt 0.25498500 0.36041600
vt 0.39845700 0.30006900
vt 0.70202800 0.49421100
vt 0.51371400 0.17196500
vt 0.39652400 0.13838400
vt 0.68944800 0.31630800
vt 0.38284600 0.15370300
vt 0.50675300 0.37791800
vt 0.27899500 0.31916800
vt 0.18633100 0.20722700
vt 0.04095900 0.39270600
vt 0.45441800 0.04900200
vt 0.53920700 0.13280800
vt 0.51899500 0.17019700
vt 0.43337200 0.08044800
vt 0.36106300 0.10656000
vt 0.55091700 0.15057400
vt 0.23426300 0.30484900
vt 0.12252800 0.25659000
vt 0.63426100 0.40897900
vt 0.39492100 0.26120700
vt 0.30038100 0.31671500
vt 0.40822200 0.05066100
vt 0.58823700 0.23987200
vt 0.14095900 0.27039000
vt 0.49850600 0.10592800
vt 0.06861800 0.39250800
vt 0.40014200 0.04854800
vt 0.20272900 0.26323200
vt 0.65708600 0.25696600
vt 0.47167200 0.21704500
vt 0.92690700 0.16917300
vt 0.01657800 0.39593100
vt 0.31603200 0.34180100
vt 0.49093800 0.16886600
vt 0.96499400 0.28076900
vt 0.84176700 0.36919000
vt 0.86776900 0.13991800
vt 0.32790600 0.40154300
vt 0.25720700 0.29622800
vt 0.39765600 0.15227300
vt 0.44984100 0.20873100
vt 0.63788000 0.29802400
vt 0.51460200 0.20237800
vt 0.46180800 0.26160800
vt 0.87208000 0.26889100
vt 0.38714000 0.15939400
vt 0.93542500 0.16682100
vt 0.94182200 0.16805300
vt 0.90412100 0.20924600
vt 0.19812800 0.30063600
vt 0.53112900 0.09382700
vt 0.12742100 0.44579900
vt 0.09407200 0.53166100
vt 0.22654600 0.17664100
vt 0.21955800 0.32694800
vt 0.34948300 0.27141900
vt 0.97687800 0.19208300
vt 0.44447900 0.21512700
vt 0.86776700 0.15414000
vt 0.89138700 0.25287600
vt 0.44009300 0.21793700
vt 0.36706500 0.17229000
vt 0.10969500 0.34310500
vt 0.43953800 0.03114300
vt 0.87353900 0.09092500
vt 0.85298900 0.08704100
vt 0.21542300 0.24350800
vt 0.58844600 0.26290700
vt 0.23260400 0.26954600
vt 0.03899800 0.46405900
vt 0.05071800 0.33983000
vt 0.28247000 0.37268400
vt 0.31653400 0.27649600
vt 0.64314900 0.20285700
vt 0.68584200 0.20426200
vt 0.53849300 0.11274200
vt 0.12846900 0.25546400
vt 0.28071100 0.29906100
vt 0.04299300 0.46902700
vt 0.40447000 0.09694900
vt 0.22344100 0.26924500
vt 0.42783300 0.06016400
vt 0.92990800 0.23118800
vt 0.63855200 0.29229400
vt 0.59839300 0.25091200
vt 0.14784800 0.21739100
vt 0.30692900 0.38508200
vt 0.78945200 0.12464500
vt 0.16431300 0.20538100
vt 0.19805800 0.28419600
vt 0.47555100 0.42108800
vt 0.38105300 0.28414400
vt 0.56259500 0.06734100
vt 0.68875600 0.17854000
vt 0.48141100 0.18753300
vt 0.04129200 0.49395400
vt 0.54431600 0.10490800
vt 0.84206900 0.08828600
vt 0.39949700 0.28961800
vt 0.27184500 0.29089800
vt 0.34500300 0.35720800
vt 0.36094100 0.33528900
vt 0.63070000 0.31046800
vt 0.65932100 0.39623900
vt 0.25383600 0.31140300
vt 0.36780800 0.16095500
vt 0.28011700 0.26656700
vt 0.43499500 0.25056100
vt 0.13040100 0.42709800
vt 0.96363100 0.23784100
vt 0.14363900 0.48815200
vt 0.98075300 0.17335300
vt 0.96029100 0.14130000
vt 0.10484300 0.26624700
vt 0.23686800 0.29212400
vt 0.82043200 0.09666500
vt 0.31631200 0.27193200
vt 0.37008900 0.33997000
vt 0.43288800 0.26551000
vt 0.42762300 0.05402500
vt 0.26221800 0.39937700
vt 0.45230700 0.27916400
vt 0.49068800 0.06108800
vt 0.27523500 0.34281300
vt 0.11228100 0.52296800
vt 0.95523800 0.21022700
vt 0.52890300 0.06515300
vt 0.96101900 0.23488000
vt 0.88222400 0.25452000
vt 0.33876200 0.30332600
vt 0.51721000 0.36210700
vt 0.87202400 0.29629600
vt 0.96789400 0.18366100
vt 0.55470800 0.12252100
vt 0.75120700 0.27997000
vt 0.13552800 0.52105700
vt 0.98350100 0.19008900
vt 0.80176700 0.32218300
vt 0.69761500 0.18172600
vt 0.40912000 0.28856300
vt 0.03737500 0.39401300
vt 0.55672700 0.06036300
vt 0.77515500 0.32813900
vt 0.30208700 0.39960100
vt 0.85033500 0.15004600
vt 0.90200200 0.12559400
vt 0.40061700 0.25653400
vt 0.90784300 0.21619300
vt 0.74081900 0.27692500
vt 0.76858900 0.38514900
vt 0.52969900 0.15330800
vt 0.51871900 0.24287700
vt 0.87754300 0.25543300
vt 0.06780200 0.25793900
vt 0.35284900 0.37666300
vt 0.09889100 0.44074800
vt 0.42852600 0.07652000
vt 0.42762200 0.27272400
vt 0.70384200 0.19865500
vt 0.88160100 0.22479100
vt 0.93006100 0.28057700
vt 0.11552900 0.29710700
vt 0.95701900 0.18633600
vt 0.83506500 0.15229000
vt 0.46258500 0.11488700
vt 0.65253500 0.31477200
vt 0.28240900 0.33267800
vt 0.17574200 0.39183300
vt 0.35828600 0.41452200
vt 0.71991500 0.38367100
vt 0.97254100 0.18422500
vt 0.70152400 0.20479500
vt 0.15350400 0.49955300
vt 0.25622100 0.26336800
vt 0.72941400 0.52872500
vt 0.74179900 0.29451000
vt 0.14316000 0.20547900
vt 0.84441500 0.08977700
vt 0.52269400 0.12026400
vt 0.23766700 0.29548600
vt 0.43738000 0.07433700
vt 0.86710900 0.15101900
vt 0.69556900 0.35146200
vt 0.06220700 0.31401300
vt 0.03940800 0.33949400
vt 0.74629400 0.25651600
vt 0.32694400 0.28718900
vt 0.44193100 0.10041400
vt 0.13270000 0.22022400
vt 0.96199000 0.21898600
vt 0.46860900 0.16707100
vt 0.46823000 0.43045500
vt 0.84819400 0.26263200
vt 0.34322800 0.39783800
vt 0.04553900 0.37462000
vt 0.88442000 0.22653000
vt 0.90518900 0.12193900
vt 0.49955400 0.02545500
vt 0.04665900 0.35091500
vt 0.18546900 0.34632700
vt 0.40190100 0.26266400
vt 0.72677800 0.53247900
vt 0.32862700 0.41020600
vt 0.49378000 0.17448400
vt 0.97363500 0.18951000
vt 0.87634200 0.19557900
vt 0.37596900 0.16636600
vt 0.12494700 0.20695800
vt 0.61782700 0.32078100
vt 0.38390500 0.30987100
vt 0.15662700 0.52135100
vt 0.96303800 0.20449000
vt 0.64657700 0.20389800
vt 0.96660700 0.14100200
vt 0.64596900 0.21399500
vt 0.06816600 0.34371400
vt 0.60252100 0.28984000
vt 0.66660500 0.35838200
vt 0.93399700 0.14255400
vt 0.59709000 0.28923800
vt 0.60672200 0.26826400
vt 0.24726800 0.32380300
vt 0.14977000 0.49671000
vt 0.08816200 0.42403500
vt 0.41568300 0.08559500
vt 0.08939000 0.26708300
vt 0.97926900 0.25700400
vt 0.40509000 0.27678600
vt 0.79550300 0.33556600
vt 0.25615700 0.28933000
vt 0.39436400 0.15731300
vt 0.86657900 0.15431100
vt 0.92208500 0.24734100
vt 0.10885500 0.52668900
vt 0.49010400 0.15848400
vt 0.48598500 0.16358500
vt 0.65722800 0.22066400
vt 0.14147800 0.50770400
vt 0.10413400 0.32479900
vt 0.41404100 0.40432100
vt 0.40536000 0.02012300
vt 0.39001500 0.19354600
vt 0.91104600 0.18253600
vt 0.36418000 0.29237400
vt 0.42068000 0.11249400
vt 0.14815700 0.24385200
vt 0.98163000 0.19219800
vt 0.13748400 0.51893700
vt 0.37970200 0.28677800
vt 0.30055400 0.37385000
vt 0.40921000 0.11999000
vt 0.39036600 0.17552900
vt 0.37964900 0.08390600
vt 0.41948500 0.16903900
vt 0.70283000 0.20218700
vt 0.26605100 0.40119400
vt 0.48492500 0.31696300
vt 0.07730100 0.37770900
vt 0.47325600 0.43135600
vt 0.60785500 0.41400500
vt 0.63235000 0.30380100
vt 0.66577700 0.39516200
vt 0.37837400 0.33283000
vt 0.95762400 0.22476900
vt 0.08840800 0.34692900
vt 0.41204000 0.11071400
vt 0.17427500 0.29445900
vt 0.17624700 0.28769500
vt 0.64787100 0.41807000
vt 0.34605300 0.35992200
vt 0.55680700 0.29753500
vt 0.06806200 0.36622300
vt 0.15203400 0.25840800
vt 0.31511600 0.27455400
vt 0.16517500 0.31345200
vt 0.14464000 0.40681200
vt 0.15054400 0.51031600
vt 0.28758700 0.31925200
vt 0.16010600 0.27403700
vt 0.51362200 0.13398100
vt 0.84952200 0.19213400
vt 0.67391100 0.41449800
vt 0.57017600 0.07160900
vt 0.92222600 0.16530200
vt 0.63617200 0.43597000
vt 0.97818900 0.27092100
vt 0.55445500 0.15876600
vt 0.47675800 0.21535100
vt 0.83475100 0.13798100
vt 0.43194400 0.20255900
vt 0.37184700 0.27512400
vt 0.82325300 0.08970500
vt 0.14064500 0.30432000
vt 0.35268000 0.35108200
vt 0.49475300 0.15264900
vt 0.26115800 0.30379300
vt 0.11488600 0.26183900
vt 0.31075500 0.34926800
vt 0.73284400 0.43546700
vt 0.09185300 0.46280700
vt 0.48395400 0.12022700
vt 0.70372500 0.34837000
vt 0.64714100 0.30751500
vt 0.09882400 0.52846800
vt 0.10501700 0.21336200
vt 0.35503800 0.27428500
vt 0.33675800 0.31585300
vt 0.16766300 0.20320100
vt 0.80558200 0.33546300
vt 0.01344300 0.42211300
vt 0.07597300 0.23227500
vt 0.45913800 0.42695300
vt 0.43267200 0.25024500
vt 0.16853200 0.46692100
vt 0.89281900 0.16209000
vt 0.17015600 0.18716500
vt 0.39477000 0.07489800
vt 0.25609400 0.29519200
vt 0.25574900 0.25794100
vt 0.95980300 0.25450400
vt 0.06067500 0.47704000
vt 0.84993900 0.11797200
vt 0.50625100 0.17494500
vt 0.57279700 0.06782000
vt 0.43116000 0.04398400
vt 0.91444300 0.16986600
vt 0.54441400 0.10709100
vt 0.29680100 0.39253000
vt 0.65982500 0.40532800
vt 0.15427500 0.24541400
vt 0.03664000 0.34565500
vt 0.06260000 0.30888200
vt 0.32453300 0.26075500
vt 0.18334400 0.28406800
vt 0.56958400 0.10832600
vt 0.07071400 0.32417200
vt 0.41286100 0.03807400
vt 0.37658400 0.12001000
vt 0.31264000 0.26684100
vt 0.41268200 0.15255300
vt 0.45539500 0.45186900
vt 0.87921600 0.20313700
vt 0.51838200 0.25310300
vt 0.29358400 0.33639800
vt 0.75825200 0.27516500
vt 0.84883900 0.18345900
vt 0.86498600 0.24062400
vt 0.30863900 0.26620400
vt 0.52716300 0.12729200
vt 0.41906300 0.17854600
vt 0.54712100 0.13481300
vt 0.34462400 0.39369300
vt 0.32264100 0.29265400
vt 0.40165700 0.08874600
vt 0.48282200 0.04953300
vt 0.05272900 0.48501700
vt 0.30206800 0.40699900
vt 0.16680900 0.47848500
vt 0.95121400 0.14927000
vt 0.28674700 0.39503800
vt 0.81690600 0.17365300
vt 0.93466000 0.23727800
vt 0.25893400 0.28493000
vt 0.10095400 0.24298800
vt 0.12186100 0.30108400
vt 0.68257000 0.39129800
vt 0.28407300 0.36151200
vt 0.29097600 0.35955700
vt 0.39316900 0.28590600
vt 0.94038000 0.14425500
vt 0.95048800 0.21141100
vt 0.50141900 0.18885700
vt 0.94225500 0.20493900
vt 0.92697600 0.24315800
vt 0.44047600 0.24529000
vt 0.93001000 0.16336300
vt 0.14241400 0.25686100
vt 0.36647100 0.28860500
vt 0.35392300 0.30929800
vt 0.69707600 0.42607600
vt 0.48539000 0.07294300
vt 0.08348000 0.36557100
vt 0.45963400 0.22279100
vt 0.44717600 0.33888800
vt 0.78407500 0.10610300
vt 0.67106900 0.26955400
vt 0.16118200 0.22197400
vt 0.87578900 0.27691800
vt 0.46901600 0.17507500
vt 0.24397300 0.29025500
vt 0.28957500 0.34148600
vt 0.35437500 0.26653800
vt 0.44036500 0.01395900
vt 0.16556900 0.27926300
vt 0.31560200 0.34743000
vt 0.16441800 0.24433000
vt 0.84418600 0.28740500
vt 0.13800700 0.34900400
vt 0.49848800 0.08979300
vt 0.13897000 0.26228700
vt 0.37484300 0.17271500
vt 0.40789100 0.27929200
vt 0.71272100 0.19376300
vt 0.48704000 0.09988400
vt 0.86430700 0.31973700
vt 0.65923500 0.29565600
vt 0.10977100 0.30712800
vt 0.14460200 0.25592900
vt 0.25896900 0.28145800
vt 0.61344700 0.26193600
vt 0.46610300 0.19478400
vt 0.74570100 0.25529000
vt 0.24960000 0.26139100
vt 0.86750300 0.12440500
vt 0.06020900 0.27156000
vt 0.71035300 0.50927400
vt 0.64667600 0.31333600
vt 0.10565300 0.34991000
vt 0.58026500 0.08347600
vt 0.84740000 0.18366700
vt 0.85760800 0.16727100
vt 0.82082200 0.40903700
vt 0.19219200 0.42147600
vt 0.48656700 0.01632100
vt 0.91490600 0.12778000
vt 0.21965500 0.32635800
vt 0.83971900 0.36604100
vt 0.50239000 0.09141900
vt 0.53120600 0.19324300
vt 0.18748800 0.25532300
vt 0.44227200 0.32943700
vt 0.07180000 0.30598300
vt 0.16005300 0.23224000
vt 0.38343000 0.16684000
vt 0.51484800 0.16671700
vt 0.03582800 0.35120600
vt 0.06219700 0.30279200
vt 0.52205000 0.06860900
vt 0.16309700 0.26279500
vt 0.14870300 0.31491000
vt 0.94835700 0.13956900
vt 0.22217400 0.37773100
vt 0.79208700 0.45532200
vt 0.37870000 0.25593000
vt 0.40764200 0.08951900
vt 0.48322700 0.03629200
vt 0.14355400 0.44732000
vt 0.83221100 0.08044100
vt 0.58299400 0.07489500
vt 0.20252900 0.32805500
vt 0.16232400 0.25611100
vt 0.71830600 0.21038400
vt 0.59196100 0.16441900
vt 0.78758400 0.10865400
vt 0.79210900 0.12126500
vt 0.92393700 0.23769400
vt 0.47652500 0.12021400
vt 0.19135000 0.25519500
vt 0.57012000 0.11293700
vt 0.28510800 0.34105100
vt 0.25821400 0.30076200
vt 0.71111900 0.19902700
vt 0.28971200 0.37945000
vt 0.69562300 0.31232500
vt 0.91358600 0.24865500
vt 0.55440200 0.31906200
vt 0.35234100 0.11312400
vt 0.27675400 0.25369300
vt 0.44858600 0.19956400
vt 0.29550500 0.30312500
vt 0.77610400 0.47172200
vt 0.24192700 0.39136400
vt 0.41048500 0.13155100
vt 0.49643100 0.10019300
vt 0.93291900 0.21244400
vt 0.95493300 0.17367200
vt 0.37659900 0.14846300
vt 0.14576100 0.29008700
vt 0.91294600 0.22713300
vt 0.45439100 0.08605500
vt 0.05970300 0.48407700
vt 0.69701500 0.35276000
vt 0.95962900 0.19504200
vt 0.06030700 0.40921400
vt 0.08695000 0.28596000
vt 0.11124200 0.27682900
vt 0.11938400 0.38625200
vt 0.64940900 0.21804300
vt 0.74667700 0.46758800
vt 0.58170800 0.10412200
vt 0.56120300 0.20728400
vt 0.25248500 0.27008900
vt 0.27806700 0.34752200
vt 0.42094000 0.25001300
vt 0.49332100 0.03428700
vt 0.66533500 0.20462300
vt 0.64879200 0.20916800
vt 0.40019700 0.05725300
vt 0.89752100 0.15552100
vt 0.73228400 0.30719100
vt 0.49086500 0.19887500
vt 0.49966300 0.03525400
vt 0.85616200 0.20596400
vt 0.47203600 0.42465400
vt 0.41351700 0.23677700
vt 0.99178400 0.18045700
vt 0.12637500 0.52997200
vt 0.46730500 0.01501600
vt 0.93341400 0.12856600
vt 0.94602400 0.23131100
vt 0.91282800 0.24231200
vt 0.11620400 0.20220300
vt 0.43748200 0.12645800
vt 0.74219700 0.25549800
vt 0.41175600 0.05733400
vt 0.34426900 0.33716800
vt 0.77593800 0.27473200
vt 0.16838300 0.52019300
vt 0.97001500 0.21391500
vt 0.21875300 0.23811600
vt 0.85258300 0.19381200
vt 0.72305200 0.50811600
vt 0.38741400 0.24739800
vt 0.45878800 0.15722300
vt 0.92883200 0.15657400
vt 0.93304400 0.16704300
vt 0.34848600 0.35320100
vt 0.51111400 0.25084900
vt 0.04335400 0.34416700
vt 0.08274700 0.39581800
vt 0.40192400 0.10652200
vt 0.86507800 0.23853200
vt 0.51190000 0.15887900
vt 0.41337800 0.12808100
vt 0.40721600 0.05901000
vt 0.15447100 0.43710200
vt 0.88743800 0.15825000
vt 0.08716200 0.23522100
vt 0.88329600 0.18642100
vt 0.05185300 0.44193700
vt 0.04582700 0.47640700
vt 0.72594100 0.15660000
vt 0.51748500 0.07773800
vt 0.61546300 0.32651900
vt 0.53090900 0.25042100
vt 0.27851300 0.38584300
vt 0.61437400 0.31409500
vt 0.30556300 0.40255400
vt 0.05040700 0.34935000
vt 0.90215300 0.19522600
vt 0.02887100 0.43549800
vt 0.92850100 0.17271200
vt 0.96864100 0.15600800
vt 0.09437400 0.42288500
vt 0.33147500 0.35444100
vt 0.39384000 0.14521300
vt 0.38608300 0.14020300
vt 0.87102800 0.22244400
vt 0.65819700 0.39202900
vt 0.22400600 0.24447900
vt 0.61336700 0.26501700
vt 0.56129300 0.11776300
vt 0.41473300 0.28240400
vt 0.12216500 0.20584500
vt 0.47405700 0.16467400
vt 0.46281100 0.44394900
vt 0.86692600 0.11845600
vt 0.32796500 0.34915300
vt 0.43716500 0.17673500
vt 0.07939700 0.46120500
vt 0.25424400 0.33065300
vt 0.56879200 0.08175200
vt 0.87192400 0.20480900
vt 0.31688300 0.25739800
vt 0.28762800 0.38231700
vt 0.08781900 0.46627800
vt 0.38906000 0.19984200
vt 0.02095700 0.39825100
vt 0.12547300 0.41159000
vt 0.37266700 0.08347000
vt 0.47986700 0.20527900
vt 0.71009700 0.42415600
vt 0.46957100 0.12982900
vt 0.06549200 0.29791200
vt 0.26751300 0.25759900
vt 0.42583500 0.03685000
vt 0.16151800 0.36163200
vt 0.04318100 0.49191800
vt 0.06953100 0.27632100
vt 0.51300800 0.36921300
vt 0.56910400 0.09612500
vt 0.06009100 0.43556400
vt 0.41711100 0.03761700
vt 0.49717700 0.33623300
vt 0.86804100 0.12672600
vt 0.41045000 0.01481000
vt 0.98360100 0.16201100
vt 0.37208700 0.27132300
vt 0.14042700 0.51375900
vt 0.47751500 0.20991700
vt 0.44475500 0.07627700
vt 0.52201400 0.15815400
vt 0.34755200 0.32163100
vt 0.45922700 0.19163900
vt 0.79322000 0.28285600
vt 0.23860100 0.24793600
vt 0.43613300 0.00879300
vt 0.96710800 0.13737200
vt 0.87713900 0.19002200
vt 0.19189500 0.22457200
vt 0.24719000 0.33426200
vt 0.92307100 0.19967800
vt 0.45511500 0.23683500
vt 0.44975700 0.07480200
vt 0.27914300 0.28356000
vt 0.85129600 0.08155300
vt 0.57013900 0.06312300
vt 0.40467800 0.11460500
vt 0.22342200 0.36840200
vt 0.53691200 0.06760700
vt 0.41079100 0.01904000
vt 0.56225900 0.31516200
vt 0.45942600 0.22614900
vt 0.35945400 0.29916100
vt 0.75455000 0.17761700
vt 0.83251500 0.38562100
vt 0.43824700 0.29721600
vt 0.51582700 0.26221400
vt 0.50323200 0.18130500
vt 0.06867300 0.49282400
vt 0.97041300 0.17972000
vt 0.09677200 0.33803200
vt 0.64187400 0.42266900
vt 0.46600700 0.20656300
vt 0.26956700 0.29651700
vt 0.96726000 0.25486100
vt 0.56736500 0.19905500
vt 0.36735300 0.11371400
vt 0.89867800 0.24502100
vt 0.07649100 0.27963400
vt 0.28126800 0.40226300
vt 0.68377200 0.17753000
vt 0.37172800 0.15763700
vt 0.05690700 0.28002800
vt 0.02252700 0.36678100
vt 0.08857300 0.28319800
vt 0.91575700 0.24415400
vt 0.50537600 0.21029200
vt 0.16412400 0.20259700
vt 0.09432100 0.35762000
vt 0.79954200 0.33902400
vt 0.30900500 0.40353000
vt 0.30799600 0.31813500
vt 0.48161800 0.33725900
vt 0.44372500 0.14020900
vt 0.37096600 0.19489100
vt 0.35785000 0.25715600
vt 0.45317600 0.02694200
vt 0.65125800 0.22044500
vt 0.81404800 0.17808300
vt 0.13975600 0.26676600
vt 0.07899300 0.48266300
vt 0.05702500 0.44803800
vt 0.32096000 0.34575500
vt 0.06834900 0.40088500
vt 0.09939500 0.34717900
vt 0.50105800 0.18208300
vt 0.18812800 0.32052700
vt 0.87533900 0.28364900
vt 0.98341800 0.25910700
vt 0.17023900 0.47251400
vt 0.95054900 0.21969400
vt 0.03638700 0.42598700
vt 0.36704300 0.34233500
vt 0.18117500 0.28511100
vt 0.30841400 0.40690000
vt 0.43729700 0.25849400
vt 0.16971300 0.26208100
vt 0.15894000 0.32613900
vt 0.25761600 0.33386000
vt 0.15089900 0.25664100
vt 0.46545900 0.07492100
vt 0.44918300 0.24289700
vt 0.88189800 0.20862800
vt 0.53146800 0.05884200
vt 0.38503000 0.25714900
vt 0.78147600 0.16190000
vt 0.69667300 0.35738500
vt 0.91514800 0.19946700
vt 0.08676100 0.43700500
vt 0.87410400 0.16713800
vt 0.05572500 0.34337900
vt 0.77327600 0.17277000
vt 0.30573300 0.30571700
vt 0.22076800 0.24289200
vt 0.07560000 0.36614500
vt 0.71258600 0.35678800
vt 0.55727600 0.20915200
vt 0.25461300 0.27459100
vt 0.73073500 0.52684800
vt 0.81896400 0.40380800
vt 0.51958900 0.35649800
vt 0.18478300 0.19642100
vt 0.97137900 0.27850000
vt 0.45401900 0.05482900
vt 0.17204100 0.28128600
vt 0.43246900 0.08879500
vt 0.45094400 0.22857600
vt 0.22022100 0.36934500
vt 0.20473900 0.28273100
vt 0.49782500 0.36252000
vt 0.40219500 0.05422600
vt 0.55874300 0.10198200
vt 0.46431500 0.19137200
vt 0.29160900 0.37103000
vt 0.65033000 0.21429800
vt 0.36358700 0.08140200
vt 0.24423200 0.25225200
vt 0.87757800 0.25122500
vt 0.69967700 0.34971500
vt 0.95218600 0.24098300
vt 0.50465600 0.08475600
vt 0.81465400 0.09734200
vt 0.75546200 0.45878400
vt 0.33266300 0.28358100
vt 0.31798300 0.34246700
vt 0.24739100 0.30591200
vt 0.28972300 0.25863100
vt 0.39497000 0.01863200
vt 0.99148000 0.17703200
vt 0.27511000 0.37649900
vt 0.82756500 0.10345700
vt 0.89848000 0.17683900
vt 0.39294600 0.29629200
vt 0.50625900 0.14117400
vt 0.01231900 0.40195500
vt 0.41406600 0.06970600
vt 0.88235700 0.14845300
vt 0.17366700 0.45582000
vt 0.83437200 0.14142000
vt 0.28602400 0.40647600
vt 0.05568200 0.47648800
vt 0.43008000 0.17598300
vt 0.29808800 0.40569200
vt 0.15290900 0.49539800
vt 0.42369100 0.08886600
vt 0.04724700 0.33576600
vt 0.45042200 0.13636800
vt 0.20835000 0.18680800
vt 0.86120400 0.21534100
vt 0.96881800 0.22029500
vt 0.51003600 0.20546800
vt 0.19210700 0.40208000
vt 0.37183000 0.26883600
vt 0.87612800 0.14036000
vt 0.39185500 0.04011400
vt 0.29625500 0.25674300
vt 0.70578400 0.35295000
vt 0.39487500 0.09452200
vt 0.40579200 0.20955400
vt 0.36020800 0.10891900
vt 0.84478800 0.16501600
vt 0.51811900 0.10289800
vt 0.26332100 0.32293000
vt 0.84060100 0.13223800
vt 0.97863200 0.26088700
vt 0.05861800 0.50758200
vt 0.60550300 0.09691800
vt 0.79253400 0.09285400
vt 0.41619600 0.27516600
vt 0.45310100 0.19759800
vt 0.07412500 0.49046000
vt 0.56562500 0.32721300
vt 0.09037900 0.23419300
vt 0.12332200 0.22044100
vt 0.29642600 0.32552600
vt 0.98760600 0.18141000
vt 0.36453700 0.30514400
vt 0.38529400 0.31763100
vt 0.12355100 0.42135700
vt 0.78259100 0.09828600
vt 0.61289400 0.10393800
vt 0.87635600 0.26727600
vt 0.41367900 0.05358700
vt 0.49785500 0.03908100
vt 0.38880100 0.04463100
vt 0.69770200 0.49530200
vt 0.24642000 0.21627800
vt 0.38041800 0.05295400
vt 0.39760000 0.26597500
vt 0.48243300 0.05686900
vt 0.79938700 0.43998000
vt 0.50896700 0.08094600
vt 0.62156900 0.31601300
vt 0.10731900 0.40262300
vt 0.36942000 0.33201900
vt 0.46862000 0.43355500
vt 0.61097400 0.41840200
vt 0.13208000 0.25601800
vt 0.16958800 0.21152900
vt 0.45328100 0.13077600
vt 0.49947400 0.11558300
vt 0.47534400 0.08271900
vt 0.20335500 0.24108800
vt 0.17241200 0.19599300
vt 0.90173600 0.22335000
vt 0.10427800 0.39148600
vt 0.86451600 0.20063800
vt 0.55467300 0.07680600
vt 0.58876600 0.17434500
vt 0.71039300 0.51501200
vt 0.35700700 0.42008800
vt 0.27229000 0.27461700
vt 0.41844000 0.27595700
vt 0.22346200 0.18949400
vt 0.45962800 0.43068200
vt 0.39509900 0.12993500
vt 0.45439000 0.18216600
vt 0.66878300 0.21298700
vt 0.82888500 0.38857800
vt 0.84120500 0.13522100
vt 0.17313500 0.22505100
vt 0.96520000 0.21638100
vt 0.23182400 0.24508600
vt 0.97299100 0.17446200
vt 0.05172600 0.42798900
vt 0.90386000 0.21304200
vt 0.22783400 0.36266400
vt 0.42606900 0.25524700
vt 0.11101600 0.35239600
vt 0.36432800 0.34762200
vt 0.89419400 0.14548300
vt 0.06537800 0.30594800
vt 0.36335800 0.30050800
vt 0.16507700 0.22011900
vt 0.14356800 0.51303600
vt 0.93018000 0.20885900
vt 0.06996300 0.38476600
vt 0.48778500 0.10986500
vt 0.84214800 0.16651800
vt 0.21224400 0.36941700
vt 0.92350000 0.23129500
vt 0.06461800 0.50044700
vt 0.44723100 0.21097000
vt 0.91266400 0.20698900
vt 0.70198400 0.42438900
vt 0.87454700 0.17518000
vt 0.03289700 0.45049300
vt 0.48590200 0.16010500
vt 0.73367700 0.48630500
vt 0.08235700 0.32611800
vt 0.92132600 0.18180700
vt 0.91760300 0.17437200
vt 0.40146500 0.11919200
vt 0.05930600 0.51113200
vt 0.39192400 0.27381200
vt 0.36927400 0.13909600
vt 0.86685600 0.23761800
vt 0.48288100 0.01596000
vt 0.91825800 0.12729600
vt 0.37636000 0.26180800
vt 0.94257200 0.13705500
vt 0.41234600 0.04093100
vt 0.73155400 0.30319000
vt 0.10684200 0.37713600
vt 0.82778900 0.28861000
vt 0.05982600 0.34705500
vt 0.38561600 0.18862800
vt 0.60474000 0.25434500
vt 0.24848500 0.34752200
vt 0.20639800 0.31488100
vt 0.32132000 0.34771300
vt 0.27520800 0.38654900
vt 0.19682800 0.23711400
vt 0.42465600 0.18445100
vt 0.14364500 0.25170300
vt 0.04785800 0.48900900
vt 0.27783200 0.32908100
vt 0.42615100 0.25305900
vt 0.24242000 0.31348700
vt 0.44066300 0.18667100
vt 0.41353000 0.11988100
vt 0.36707000 0.10742000
vt 0.48140300 0.30951700
vt 0.11954400 0.33063300
vt 0.97334600 0.27167600
vt 0.28592900 0.33498900
vt 0.38477600 0.08253600
vt 0.20790100 0.37814000
vt 0.03736700 0.35363700
vt 0.13156300 0.27370000
vt 0.41207700 0.27791100
vt 0.84107300 0.13823200
vt 0.17919600 0.23824400
vt 0.84938800 0.28730500
vt 0.36563000 0.32790300
vt 0.41323100 0.26870700
vt 0.91616100 0.16481900
vt 0.17199600 0.24207800
vt 0.32548700 0.38009300
vt 0.44583400 0.06069600
vt 0.02984700 0.44192900
vt 0.11489800 0.43711400
vt 0.88667800 0.20881600
vt 0.07055600 0.40307500
vt 0.49696500 0.22865200
vt 0.23131500 0.18874600
vt 0.40795000 0.10716300
vt 0.15818100 0.48835400
vt 0.29490500 0.37468200
vt 0.50881600 0.33153000
vt 0.53186600 0.12741400
vt 0.16925400 0.20509900
vt 0.39544000 0.30679900
vt 0.72230400 0.22500500
vt 0.98115600 0.23983500
vt 0.16845200 0.49285700
vt 0.23978200 0.28220200
vt 0.09357600 0.53025000
vt 0.91622700 0.15904500
vt 0.43023200 0.18517500
vt 0.15251700 0.49302000
vt 0.31897800 0.32839500
vt 0.32095700 0.32379400
vt 0.63855500 0.17571300
vt 0.37754500 0.17838900
vt 0.97404000 0.26476400
vt 0.72279900 0.16111900
vt 0.47633700 0.02588100
vt 0.62887900 0.30231200
vt 0.82835000 0.19530500
vt 0.88170700 0.20224300
vt 0.76053300 0.25031700
vt 0.75745600 0.26885600
vt 0.51384500 0.08086500
vt 0.23070200 0.19267400
vt 0.19819500 0.25571300
vt 0.64044300 0.40083900
vt 0.88923700 0.21610900
vt 0.52092000 0.06693400
vt 0.91497100 0.21829500
vt 0.85460000 0.19979200
vt 0.46917600 0.11315700
vt 0.86539300 0.28705900
vt 0.88797300 0.20239500
vt 0.12731200 0.40080300
vt 0.41466800 0.17614300
vt 0.85358300 0.16017600
vt 0.96142500 0.22696800
vt 0.38385900 0.07339400
vt 0.76596400 0.27344600
vt 0.19169300 0.24353200
vt 0.09318000 0.27126000
vt 0.54738600 0.32796700
vt 0.17491900 0.32074400
vt 0.87930100 0.21240300
vt 0.46482300 0.13635500
vt 0.17705700 0.29785900
vt 0.86877900 0.25527200
vt 0.85231400 0.19858900
vt 0.16662300 0.20135300
vt 0.90826900 0.16072300
vt 0.09766800 0.27728800
vt 0.36014100 0.13629200
vt 0.71641000 0.45024400
vt 0.15604000 0.45533300
vt 0.26223400 0.29505800
vt 0.64882500 0.29007300
vt 0.40622900 0.23733200
vt 0.55287000 0.08929600
vt 0.82343400 0.28301000
vt 0.06313800 0.36713300
vt 0.53556900 0.16578100
vt 0.14885900 0.45059800
vt 0.05143100 0.46972100
vt 0.84346700 0.16934800
vt 0.23772400 0.25385300
vt 0.78365000 0.15791800
vt 0.93755500 0.15671400
vt 0.30139100 0.34524800
vt 0.15142600 0.18966100
vt 0.08129600 0.36077500
vt 0.45232700 0.43086900
vt 0.14140400 0.20431200
vt 0.05049900 0.35422800
vt 0.94456800 0.13896200
vt 0.41481000 0.21245500
vt 0.30235700 0.31838000
vt 0.68989700 0.20325500
vt 0.18957500 0.39340500
vt 0.25237000 0.36088000
vt 0.09440900 0.49537800
vt 0.14603000 0.32406300
vt 0.32268000 0.32570300
vt 0.27417600 0.33140700
vt 0.87996700 0.27116200
vt 0.93353000 0.16012700
vt 0.40015200 0.07433800
vt 0.46139300 0.06443500
vt 0.80022200 0.32587300
vt 0.43961900 0.24764700
vt 0.06038300 0.25747600
vt 0.01215900 0.39235400
vt 0.08527100 0.41589800
vt 0.94193400 0.27178300
vt 0.88561100 0.22067500
vt 0.66110000 0.30539900
vt 0.43261600 0.25606000
vt 0.10252400 0.36356500
vt 0.54908800 0.21121300
vt 0.17188600 0.25346800
vt 0.51414600 0.13054700
vt 0.71561700 0.30216300
vt 0.93770500 0.13918800
vt 0.39486700 0.02974600
vt 0.96572300 0.18777400
vt 0.43613800 0.08787100
vt 0.23911300 0.27291900
vt 0.19517000 0.28651900
vt 0.42872000 0.26934500
vt 0.25473300 0.33320100
vt 0.89638600 0.13124900
vt 0.41158200 0.05199400
vt 0.92185600 0.21425000
vt 0.55078600 0.06036400
vt 0.97328600 0.17087500
vt 0.18582700 0.26143400
vt 0.06849700 0.38325200
vt 0.33977300 0.40008900
vt 0.05980800 0.46865200
vt 0.75125800 0.24077300
vt 0.50595600 0.18382500
vt 0.24509500 0.32615300
vt 0.61191300 0.41213400
vt 0.23947700 0.25597400
vt 0.52183500 0.17853900
vt 0.37611200 0.38226600
vt 0.09463800 0.22443800
vt 0.24998800 0.28251200
vt 0.51639400 0.14211400
vt 0.55244300 0.12858200
vt 0.64841900 0.28121900
vt 0.56142100 0.21218800
vt 0.39864500 0.02390900
vt 0.93053900 0.23918100
vt 0.74051500 0.16785000
vt 0.86542900 0.12251400
vt 0.41381800 0.14936500
vt 0.02037000 0.39360400
vt 0.50603900 0.26666500
vt 0.47477000 0.12408800
vt 0.71122900 0.35716800
vt 0.75086700 0.39081900
vt 0.49351900 0.15913800
vt 0.38993800 0.26588600
vt 0.67596300 0.36220900
vt 0.05929900 0.42696100
vt 0.04582800 0.37057800
vt 0.42738400 0.07070400
vt 0.12345400 0.28756100
vt 0.91766100 0.20914200
vt 0.86862700 0.25866800
vt 0.35824400 0.40996300
vt 0.76837200 0.27583100
vt 0.70818400 0.33733000
vt 0.62588200 0.29702200
vt 0.16370400 0.41666800
vt 0.39363100 0.03773200
vt 0.93615100 0.24500200
vt 0.36661200 0.34645500
vt 0.78386700 0.31770000
vt 0.62179000 0.30708800
vt 0.23502000 0.27446000
vt 0.81740100 0.23208900
vt 0.78901900 0.45886500
vt 0.22632600 0.38004800
vt 0.41556100 0.22800900
vt 0.72168000 0.25332300
vt 0.05778400 0.43035500
vt 0.38687400 0.26622100
vt 0.96142200 0.23717100
vt 0.83267900 0.09142200
vt 0.37000800 0.11391300
vt 0.19768000 0.30574100
vt 0.96643700 0.20173300
vt 0.15220500 0.51863600
vt 0.16767000 0.42142600
vt 0.30503800 0.38153500
vt 0.78679000 0.17281100
vt 0.87113900 0.21148700
vt 0.10597300 0.25666700
vt 0.11596500 0.39273300
vt 0.53012900 0.07612800
vt 0.10470500 0.34099200
vt 0.51331500 0.37775700
vt 0.55826000 0.36555000
vt 0.85016500 0.18479800
vt 0.53126900 0.11410100
vt 0.78649800 0.11626600
vt 0.10042600 0.41459000
vt 0.43864400 0.22242900
vt 0.09661100 0.32645900
vt 0.16916100 0.46784800
vt 0.89304100 0.12219900
vt 0.27383900 0.40365300
vt 0.39487700 0.02323700
vt 0.14756200 0.30532100
vt 0.38846600 0.29441200
vt 0.58392900 0.10052100
vt 0.41035500 0.06240500
vt 0.14661600 0.22237100
vt 0.94364000 0.24627900
vt 0.26076500 0.35317000
vt 0.89614100 0.20792900
vt 0.41209000 0.02274800
vt 0.45971000 0.07424700
vt 0.44030700 0.25463900
vt 0.67454800 0.40495600
vt 0.86912800 0.15350200
vt 0.21033900 0.32673200
vt 0.17756300 0.40813100
vt 0.27299000 0.34577000
vt 0.32831100 0.28156200
vt 0.10572400 0.49861500
vt 0.09379700 0.32157200
vt 0.85047100 0.13466600
vt 0.15995100 0.48533600
vt 0.94728600 0.14332500
vt 0.08094000 0.30172200
vt 0.32235300 0.31561400
vt 0.23871300 0.30586700
vt 0.96170200 0.20231000
vt 0.30635000 0.26286100
vt 0.43918600 0.15291800
vt 0.17590300 0.35546300
vt 0.04883100 0.42113400
vt 0.37354000 0.29222600
vt 0.29706700 0.31175300
vt 0.75088800 0.45977200
vt 0.18249600 0.23987400
vt 0.88620500 0.21204200
vt 0.08083700 0.26621600
vt 0.25370600 0.30883300
vt 0.26952800 0.28113500
vt 0.97397700 0.25107900
vt 0.69374000 0.32707200
vt 0.65673400 0.40919100
vt 0.52536000 0.11382100
vt 0.14712800 0.39063700
vt 0.44619600 0.21670900
vt 0.88139700 0.17097800
vt 0.33218700 0.26148800
vt 0.50311300 0.18517300
vt 0.50021300 0.13554500
vt 0.39904400 0.23268100
vt 0.28347300 0.35963100
vt 0.75109600 0.45390700
vt 0.07277900 0.46192800
vt 0.74925200 0.27548700
vt 0.88044100 0.20798900
vt 0.93341100 0.14773900
vt 0.87907300 0.08308300
vt 0.41569400 0.25704300
vt 0.95007800 0.28159300
vt 0.84984000 0.35550500
vt 0.56461200 0.07605900
vt 0.06313400 0.42654000
vt 0.15528600 0.23446600
vt 0.04821700 0.41508700
vt 0.06239200 0.45597600
vt 0.16078400 0.47566400
vt 0.29329800 0.34503700
vt 0.65813800 0.39521200
vt 0.50477400 0.37588200
vt 0.38670400 0.07112900
vt 0.29200100 0.36624600
vt 0.43067700 0.25532500
vt 0.76398500 0.39702700
vt 0.23909800 0.29124300
vt 0.83982300 0.11498500
vt 0.05037400 0.36075600
vt 0.45052900 0.08778100
vt 0.97368300 0.14790000
vt 0.42615500 0.01342400
vt 0.45621100 0.17431500
vt 0.34399200 0.31732100
vt 0.26409200 0.29188400
vt 0.32935800 0.29890700
vt 0.18129100 0.24370600
vt 0.07621100 0.25500300
vt 0.12232100 0.31076600
vt 0.17284400 0.44858500
vt 0.15673700 0.37615600
vt 0.23661700 0.32803300
vt 0.88393500 0.23353700
vt 0.14656000 0.23542800
vt 0.96875300 0.16081800
vt 0.88135500 0.25733000
vt 0.98242200 0.25630900
vt 0.17049000 0.47623200
vt 0.39182500 0.05887700
vt 0.03778400 0.38601300
vt 0.64239700 0.28267800
vt 0.06607400 0.39330500
vt 0.38868500 0.06505100
vt 0.11241800 0.23883400
vt 0.18763300 0.38577400
vt 0.08105000 0.38282400
vt 0.44065700 0.02025100
vt 0.14005600 0.21617900
vt 0.67896400 0.28798900
vt 0.40158100 0.20246200
vt 0.29559300 0.35692800
vt 0.41928500 0.12541800
vt 0.97867400 0.19623400
vt 0.14068900 0.51537000
vt 0.41548900 0.25518300
vt 0.51911000 0.13646400
vt 0.60418600 0.16801100
vt 0.10826100 0.29395600
vt 0.55196700 0.15606500
vt 0.53068200 0.18783400
vt 0.47156000 0.13098900
vt 0.74101000 0.30781500
vt 0.50989300 0.36934300
vt 0.51241100 0.17548100
vt 0.36123000 0.32841600
vt 0.56264400 0.20251400
vt 0.40207000 0.02425900
vt 0.40456300 0.21406000
vt 0.91740100 0.23095500
vt 0.87545600 0.20288900
vt 0.10682000 0.28604100
vt 0.38970500 0.16910200
vt 0.60587600 0.26273800
vt 0.64290900 0.13149200
vt 0.74995500 0.13015600
vt 0.85576700 0.20956100
vt 0.53873900 0.29347600
vt 0.42911900 0.21302000
vt 0.92024600 0.16120100
vt 0.31548600 0.40650600
vt 0.35925800 0.32052800
vt 0.91245200 0.16003900
vt 0.55771800 0.13028300
vt 0.26596300 0.31592300
vt 0.05872900 0.44323400
vt 0.05510700 0.42648600
vt 0.29617600 0.28203000
vt 0.41340400 0.09453100
vt 0.86197300 0.23817300
vt 0.35736500 0.26661200
vt 0.08600800 0.23212500
vt 0.51282100 0.08298000
vt 0.92516500 0.23940400
vt 0.56012700 0.08514200
vt 0.05376900 0.45323500
vt 0.97493400 0.26879300
vt 0.64607900 0.24296200
vt 0.39630500 0.30134800
vt 0.86935200 0.19852400
vt 0.68703700 0.19941500
vt 0.62722900 0.41221700
vt 0.33107500 0.29628700
vt 0.42640800 0.07501600
vt 0.93761500 0.22719000
vt 0.07698300 0.48698600
vt 0.03035200 0.41917400
vt 0.19360000 0.18728700
vt 0.50383000 0.14121500
vt 0.17178000 0.40258700
vt 0.13162900 0.29893900
vt 0.77848300 0.16505500
vt 0.13882000 0.42582600
vt 0.47765100 0.05314700
vt 0.23708200 0.27874300
vt 0.10803900 0.20980800
vt 0.62904300 0.43352400
vt 0.45908800 0.45319100
vt 0.19851700 0.25248700
vt 0.35049600 0.29057300
vt 0.39829000 0.02756000
vt 0.97066800 0.25644600
vt 0.49054200 0.35099600
vt 0.50878700 0.13486000
vt 0.08270600 0.42123300
vt 0.03928500 0.40182800
vt 0.84797000 0.17436900
vt 0.46111400 0.44519200
vt 0.86906800 0.16738600
vt 0.88462900 0.23628400
vt 0.46947900 0.35278200
vt 0.15614000 0.49935500
vt 0.26899900 0.32540000
vt 0.08387000 0.26080600
vt 0.49144200 0.11886500
vt 0.51073400 0.37101700
vt 0.45215500 0.27151300
vt 0.10726100 0.32196700
vt 0.28096700 0.32355200
vt 0.45379200 0.06975000
vt 0.25226800 0.34169500
vt 0.09778000 0.38638400
vt 0.71206800 0.50061200
vt 0.06278000 0.35322300
vt 0.16585500 0.51607900
vt 0.33179800 0.30004000
vt 0.55773500 0.20165200
vt 0.41529300 0.08200300
vt 0.78507000 0.24071800
vt 0.07414400 0.45583300
vt 0.35842100 0.31438700
vt 0.73912500 0.25940800
vt 0.85361400 0.16981000
vt 0.58974000 0.25272000
vt 0.16840500 0.39470000
vt 0.90039100 0.18439000
vt 0.58712400 0.09399000
vt 0.42089600 0.23764500
vt 0.55271400 0.34146000
vt 0.96156900 0.25162200
vt 0.79354200 0.11988300
vt 0.39322800 0.22460100
vt 0.14759400 0.43638100
vt 0.24158000 0.26726200
vt 0.32618000 0.31380000
vt 0.43866800 0.16649100
vt 0.65867500 0.20846000
vt 0.06252900 0.31722800
vt 0.04204500 0.33703500
vt 0.55364900 0.16643300
vt 0.80824700 0.09701600
vt 0.42063000 0.19512900
vt 0.12640500 0.30104000
vt 0.03372800 0.41792600
vt 0.81548800 0.28920600
vt 0.03778400 0.44009000
vt 0.40456000 0.02498600
vt 0.51440800 0.37094000
vt 0.11972700 0.43794800
vt 0.19912600 0.23902500
vt 0.40630200 0.24543300
vt 0.88242000 0.16030100
vt 0.20504900 0.29892300
vt 0.53948100 0.33702200
vt 0.79444300 0.12565600
vt 0.49435600 0.03676900
vt 0.11344500 0.45820400
vt 0.17091400 0.30421400
vt 0.18602300 0.23157500
vt 0.35046200 0.28451500
vt 0.35934500 0.30147600
vt 0.07945900 0.32056600
vt 0.39516500 0.30958700
vt 0.11630800 0.33694900
vt 0.18587300 0.22267400
vt 0.05553700 0.49072200
vt 0.20051200 0.25700200
vt 0.18015600 0.44448600
vt 0.83251800 0.39102100
vt 0.46892500 0.22111600
vt 0.93444700 0.19128100
vt 0.17049900 0.43981000
vt 0.41528500 0.04013500
vt 0.96891600 0.13838200
vt 0.43467800 0.01014400
vt 0.80707800 0.24390300
vt 0.56329400 0.10168600
vt 0.39502000 0.29093800
vt 0.41234200 0.28546300
vt 0.51629400 0.16818500
vt 0.10955100 0.24380400
vt 0.90668500 0.14154900
vt 0.69009600 0.30902100
vt 0.60381500 0.23866700
vt 0.09687000 0.36574500
vt 0.14847300 0.51702700
vt 0.97079800 0.20040000
vt 0.32476900 0.32822500
vt 0.20691000 0.29468400
vt 0.44175100 0.28676200
vt 0.24459500 0.38983300
vt 0.66243900 0.16172900
vt 0.44635000 0.02016400
vt 0.41483500 0.24317100
vt 0.86714700 0.09816600
vt 0.65508000 0.21097400
vt 0.05330600 0.37404100
vt 0.84490400 0.17330600
vt 0.90978600 0.13396900
vt 0.82565600 0.08959800
vt 0.34169700 0.33348400
vt 0.77789400 0.27194800
vt 0.12210500 0.19280800
vt 0.02472500 0.48364800
vt 0.45730200 0.27045900
vt 0.88633000 0.15245800
vt 0.85632200 0.33794200
vt 0.40218000 0.40085300
vt 0.57180400 0.31090400
vt 0.68963200 0.36071400
vt 0.27699700 0.27360800
vt 0.55376500 0.09550800
vt 0.49829000 0.17207700
vt 0.70197100 0.18922500
vt 0.08392000 0.47001200
vt 0.48610900 0.11351700
vt 0.40583800 0.05656500
vt 0.57212900 0.10854400
vt 0.91601900 0.17613700
vt 0.92215300 0.15569700
vt 0.39632700 0.08182100
vt 0.92706100 0.22675400
vt 0.13339200 0.25828100
vt 0.02917600 0.36519100
vt 0.56772800 0.30217200
vt 0.44841900 0.09276900
vt 0.10735800 0.45871900
vt 0.96590100 0.24654100
vt 0.75449800 0.31524000
vt 0.83214000 0.13546000
vt 0.05142300 0.47889700
vt 0.08551700 0.24492800
vt 0.13777500 0.32381700
vt 0.41988300 0.26807900
vt 0.72092500 0.35007400
vt 0.04667100 0.45094300
vt 0.60565600 0.19202300
vt 0.38964200 0.05742100
vt 0.14211800 0.38618900
vt 0.59671400 0.25226600
vt 0.56930600 0.11074400
vt 0.57801000 0.29131600
vt 0.22672200 0.29204400
vt 0.42023700 0.41984200
vt 0.39526200 0.29650600
vt 0.44095500 0.06968100
vt 0.87551600 0.18223400
vt 0.80623400 0.23097900
vt 0.43904200 0.18164200
vt 0.19048800 0.37344200
vt 0.10947600 0.27295700
vt 0.95099800 0.21534300
vt 0.52485700 0.19305300
vt 0.65180600 0.21811300
vt 0.30355700 0.39954900
vt 0.42847700 0.25741200
vt 0.16056700 0.31616500
vt 0.74986000 0.26109200
vt 0.82268200 0.10277500
vt 0.59907400 0.25267700
vt 0.46028500 0.13849500
vt 0.92556700 0.19892900
vt 0.72881100 0.29834400
vt 0.17786700 0.34629400
vt 0.66244700 0.26244700
vt 0.49696600 0.19389600
vt 0.86108900 0.14544300
vt 0.95662000 0.21770300
vt 0.40320400 0.08541300
vt 0.95745200 0.20482500
vt 0.52548200 0.25908200
vt 0.02868100 0.38319700
vt 0.10235000 0.33353000
vt 0.35881300 0.16167200
vt 0.32978100 0.25529300
vt 0.44011600 0.12222200
vt 0.86935700 0.15697000
vt 0.40770900 0.38584600
vt 0.38275300 0.26961200
vt 0.65895200 0.29994000
vt 0.50275600 0.05917400
vt 0.84609800 0.17295700
vt 0.28298800 0.38409000
vt 0.86065100 0.22616500
vt 0.77191900 0.16929800
vt 0.08931100 0.35626000
vt 0.40698600 0.05502200
vt 0.71034100 0.36092300
vt 0.89797600 0.18804200
vt 0.48727100 0.03243300
vt 0.25964100 0.27587300
vt 0.95191400 0.14358700
vt 0.41726400 0.22514500
vt 0.15512700 0.23698400
vt 0.90350400 0.12893500
vt 0.14254800 0.50955000
vt 0.81545900 0.28392000
vt 0.52694000 0.13496800
vt 0.72378800 0.43710300
vt 0.84667600 0.35929700
vt 0.95472400 0.28220800
vt 0.44299900 0.24586600
vt 0.46034600 0.03552600
vt 0.41781300 0.23623900
vt 0.82848600 0.11054600
vt 0.62748600 0.41674800
vt 0.81716300 0.12045500
vt 0.39367900 0.30072400
vt 0.73934600 0.24569800
vt 0.36466100 0.14770700
vt 0.39064700 0.22837000
vt 0.35936900 0.34619500
vt 0.92007800 0.14021600
vt 0.82834800 0.08539400
vt 0.86429600 0.15738700
vt 0.08366700 0.50860400
vt 0.39555400 0.17359900
vt 0.13912600 0.21018100
vt 0.81953500 0.27979300
vt 0.35040500 0.32535300
vt 0.15431600 0.30346500
vt 0.86815100 0.08079000
vt 0.31250500 0.28101900
vt 0.28713400 0.39095400
vt 0.40391100 0.28655900
vt 0.06434300 0.30266400
vt 0.88301100 0.09701000
vt 0.52507300 0.14047800
vt 0.45480800 0.44735100
vt 0.53435600 0.07163700
vt 0.19328400 0.34718800
vt 0.41576900 0.05054700
vt 0.76080100 0.33783100
vt 0.83373100 0.14604800
vt 0.86596200 0.24464800
vt 0.10294400 0.49911200
vt 0.27130600 0.33843900
vt 0.05176400 0.35552000
vt 0.27965400 0.35871800
vt 0.55797300 0.30220000
vt 0.26238300 0.31565300
vt 0.36330200 0.16362200
vt 0.41298300 0.16310900
vt 0.51156800 0.37369600
vt 0.30196800 0.25767600
vt 0.14794200 0.27650900
vt 0.83550900 0.14891300
vt 0.44736900 0.08015700
vt 0.16432200 0.51898500
vt 0.42916800 0.40038600
vt 0.41453200 0.27062600
vt 0.73079400 0.30581900
vt 0.26461200 0.37534400
vt 0.88518500 0.24722400
vt 0.13716000 0.51373600
vt 0.53158200 0.10410500
vt 0.07482700 0.32259100
vt 0.55309100 0.16947700
vt 0.09298700 0.33489600
vt 0.16523500 0.22679000
vt 0.54085900 0.05289400
vt 0.74245800 0.26056000
vt 0.49856100 0.15460100
vt 0.09542200 0.35357800
vt 0.28073100 0.26260400
vt 0.10536900 0.27922400
vt 0.07632100 0.26428800
vt 0.03321800 0.47377500
vt 0.41042600 0.17666800
vt 0.47852400 0.41801100
vt 0.79232400 0.13038000
vt 0.54741700 0.09201200
vt 0.38774900 0.31398100
vt 0.42171700 0.23573400
vt 0.06799100 0.30105200
vt 0.31209700 0.27080200
vt 0.40388800 0.25305100
vt 0.48636100 0.17031500
vt 0.27476900 0.28510900
vt 0.93709500 0.15128900
vt 0.05611000 0.32931200
vt 0.07053800 0.33219300
vt 0.29430500 0.40788700
vt 0.64777700 0.22386600
vt 0.52547500 0.12611100
vt 0.42989200 0.26998500
vt 0.17510700 0.23862100
vt 0.49806500 0.02712200
vt 0.84909900 0.29544200
vt 0.55295200 0.10224100
vt 0.84633800 0.35229000
vt 0.42969900 0.01052700
vt 0.96988500 0.14434800
vt 0.97142100 0.25307400
vt 0.32140000 0.33542500
vt 0.39345100 0.08446800
vt 0.18255400 0.22322000
vt 0.84941700 0.27358700
vt 0.27941900 0.30330300
vt 0.56368100 0.11705000
vt 0.54388500 0.04965800
vt 0.84853800 0.18098300
vt 0.79687200 0.44915200
vt 0.21555400 0.37524000
vt 0.48696400 0.07197100
vt 0.49783300 0.34260400
vt 0.85215400 0.29081100
vt 0.45733100 0.18439200
vt 0.73271300 0.40484700
vt 0.84982700 0.27945200
vt 0.04856700 0.42687900
vt 0.84027200 0.23031800
vt 0.31927900 0.33094700
vt 0.88346800 0.15590800
vt 0.40165000 0.26023200
vt 0.65806400 0.20289500
vt 0.84786500 0.17868400
vt 0.56860700 0.09240200
vt 0.89663500 0.20048600
vt 0.55085800 0.09150300
vt 0.71625600 0.21022100
vt 0.73251700 0.30189500
vt 0.41435700 0.14592600
vt 0.15546800 0.41902800
vt 0.60769600 0.26431800
vt 0.83047200 0.14054000
vt 0.86383100 0.24122900
vt 0.73595900 0.30610000
vt 0.05664400 0.27416100
vt 0.01913400 0.37296100
vt 0.23320700 0.36762900
vt 0.47395200 0.07723500
vt 0.23834000 0.26822900
vt 0.47869400 0.07910300
vt 0.29763900 0.36103800
vt 0.81807700 0.09443000
vt 0.10065000 0.25911200
vt 0.08385000 0.30607200
vt 0.44038000 0.24949800
vt 0.27305600 0.34979400
vt 0.46374900 0.13546400
vt 0.97118400 0.18972700
vt 0.14982500 0.23968200
vt 0.22654500 0.24826800
vt 0.29903700 0.26541000
vt 0.38372000 0.27681700
vt 0.95592400 0.20450400
vt 0.56196000 0.08197100
vt 0.30881400 0.38007200
vt 0.39003900 0.16332100
vt 0.39787800 0.05412300
vt 0.97826300 0.26319700
vt 0.23841900 0.35499400
vt 0.07116300 0.28028800
vt 0.84753600 0.35585900
vt 0.53388100 0.15309700
vt 0.77120700 0.47400600
vt 0.61528100 0.24966900
vt 0.19631100 0.39594800
vt 0.18982500 0.41266100
vt 0.13210200 0.31079800
vt 0.18538900 0.21824500
vt 0.75390000 0.26424200
vt 0.93475200 0.18157700
vt 0.55631500 0.08837200
vt 0.50626300 0.16338300
vt 0.65137900 0.30706100
vt 0.51035100 0.18515400
vt 0.28392900 0.39602500
vt 0.71367000 0.50536300
vt 0.36146500 0.29516000
vt 0.43133800 0.26601200
vt 0.88159300 0.22796500
vt 0.52993600 0.06494200
vt 0.14347000 0.42258200
vt 0.62589900 0.41403100
vt 0.03890200 0.38177200
vt 0.92827100 0.20147300
vt 0.63164000 0.43530500
vt 0.45718100 0.45488200
vt 0.87879100 0.23644700
vt 0.27824000 0.35138600
vt 0.94296800 0.23985600
vt 0.24455800 0.30330500
vt 0.14338400 0.23271400
vt 0.25480900 0.31631900
vt 0.44678300 0.08900500
vt 0.10097000 0.28388800
vt 0.91069400 0.24387600
vt 0.18915200 0.22852300
vt 0.39143600 0.11766900
vt 0.05009400 0.49472100
vt 0.51856500 0.12812300
vt 0.43559800 0.03247300
vt 0.38527900 0.27122700
vt 0.29534500 0.37871500
vt 0.96246100 0.25620700
vt 0.86460200 0.13990500
vt 0.38612200 0.07450000
vt 0.42691000 0.28348500
vt 0.24487400 0.32068400
vt 0.68702800 0.40871700
vt 0.43002200 0.18045100
vt 0.88976800 0.23880900
vt 0.06740300 0.42113200
vt 0.42594200 0.22851400
vt 0.96248000 0.13819000
vt 0.51384500 0.36595400
vt 0.86482200 0.08365100
vt 0.96450300 0.21880200
vt 0.42303900 0.10538800
vt 0.86806100 0.24025800
vt 0.71193000 0.51083900
vt 0.20076400 0.31608200
vt 0.81640500 0.24134200
vt 0.78077200 0.41163600
vt 0.16247400 0.34533900
vt 0.46109700 0.08355300
vt 0.88967100 0.09083100
vt 0.53215800 0.04323400
vt 0.54359300 0.05148000
vt 0.46968400 0.21660900
vt 0.84513200 0.10204300
vt 0.28282700 0.29576500
vt 0.03451000 0.45967300
vt 0.91817000 0.18757400
vt 0.16228000 0.44058900
vt 0.03444000 0.51254500
vt 0.15235700 0.18358800
vt 0.38489600 0.10103100
vt 0.51355200 0.12183300
vt 0.26410800 0.25871600
vt 0.05376000 0.32809800
vt 0.07105600 0.32719200
vt 0.09657900 0.26480900
vt 0.14577800 0.51334600
vt 0.59115600 0.08649600
vt 0.81392900 0.08518000
vt 0.23326300 0.32836500
vt 0.07704400 0.43955100
vt 0.97656800 0.16697400
vt 0.40220700 0.06130300
vt 0.07421900 0.32519800
vt 0.48106600 0.16607500
vt 0.26319200 0.34918800
vt 0.77466600 0.16438400
vt 0.24342100 0.39067500
vt 0.71822700 0.50693800
vt 0.30373500 0.33398300
vt 0.80995300 0.10864300
vt 0.74218400 0.24467000
vt 0.50421400 0.10894600
vt 0.26144800 0.30818200
vt 0.50074600 0.09425100
vt 0.20813400 0.28440800
vt 0.38072900 0.07550300
vt 0.42647900 0.24507000
vt 0.85667400 0.33309300
vt 0.24880400 0.27289800
vt 0.74027200 0.30007300
vt 0.21025300 0.19031400
vt 0.17454500 0.18476400
vt 0.45854800 0.41857500
vt 0.38721500 0.05036100
vt 0.19252200 0.19040500
vt 0.79121000 0.45444000
vt 0.40767200 0.07110800
vt 0.18578800 0.26867100
vt 0.84043500 0.16493500
vt 0.09475300 0.28157100
vt 0.40928800 0.03702500
vt 0.38639400 0.08976800
vt 0.53317500 0.18392100
vt 0.27403900 0.25368500
vt 0.35165000 0.11033100
vt 0.15684100 0.28728600
vt 0.56483800 0.31436700
vt 0.30595500 0.34817000
vt 0.04939000 0.43515700
vt 0.82381000 0.09970700
vt 0.94940600 0.21121700
vt 0.16820300 0.44865600
vt 0.90273500 0.24239600
vt 0.87734300 0.26487500
vt 0.47835000 0.18425000
vt 0.15725800 0.48230800
vt 0.39930400 0.14753900
vt 0.24060800 0.26688400
vt 0.93939900 0.17504800
vt 0.97907200 0.26956000
vt 0.69550100 0.34421600
vt 0.46265700 0.20300800
vt 0.57823300 0.14282700
vt 0.51621800 0.08418900
vt 0.44663800 0.14373800
vt 0.48901500 0.19852700
vt 0.34827200 0.26715100
vt 0.19136000 0.41797500
vt 0.06954500 0.28508200
vt 0.14794700 0.24117100
vt 0.18637500 0.29397200
vt 0.13338500 0.44013900
vt 0.46792600 0.19054500
vt 0.80831500 0.08907700
vt 0.96639500 0.17842200
vt 0.98262000 0.18752300
vt 0.43045400 0.15708400
vt 0.48688600 0.16802200
vt 0.89333700 0.13876100
vt 0.10135300 0.33996100
vt 0.86774100 0.18931600
vt 0.14249700 0.31362800
vt 0.23810000 0.38702500
vt 0.37982600 0.09543300
vt 0.78150900 0.17260500
vt 0.84253900 0.16029500
vt 0.34178000 0.30416600
vt 0.43440100 0.25363500
vt 0.33167100 0.38446600
vt 0.37523300 0.15781800
vt 0.45991300 0.17733200
vt 0.48070200 0.05197700
vt 0.13989800 0.27447100
vt 0.96067900 0.18409700
vt 0.93168600 0.18676300
vt 0.55048600 0.16279000
vt 0.15847100 0.40621500
vt 0.87427200 0.18684800
vt 0.41314800 0.06622400
vt 0.19353200 0.36819900
vt 0.95686600 0.22335500
vt 0.58351100 0.14180400
vt 0.30045800 0.32584000
vt 0.49622800 0.19054900
vt 0.21358500 0.37366300
vt 0.10822100 0.31457800
vt 0.04368800 0.35373700
vt 0.25296700 0.33728000
vt 0.51568600 0.36928600
vt 0.13285200 0.27701900
vt 0.95274900 0.21479500
vt 0.16467500 0.21652500
vt 0.27052200 0.28656700
vt 0.54314300 0.17195500
vt 0.87553100 0.28034900
vt 0.37746200 0.07289400
vt 0.42547300 0.22013900
vt 0.44128100 0.24004800
vt 0.71670800 0.50192800
vt 0.05193100 0.42144700
vt 0.50302200 0.15023800
vt 0.41833200 0.03165900
vt 0.40574200 0.28163700
vt 0.80017100 0.13163200
vt 0.72068800 0.20645700
vt 0.15151700 0.40926400
vt 0.11437400 0.28183500
vt 0.83137900 0.38344600
vt 0.74744000 0.25592400
vt 0.78554300 0.16674100
vt 0.11171600 0.31259800
vt 0.20746000 0.30710200
vt 0.21820100 0.36107700
vt 0.43476000 0.25746800
vt 0.13054500 0.51653500
vt 0.70833300 0.20740500
vt 0.40982900 0.05536800
vt 0.28714600 0.37142500
vt 0.23348800 0.32263400
vt 0.39637400 0.05350200
vt 0.61711800 0.42385100
vt 0.46607000 0.44076900
vt 0.50229400 0.09315400
vt 0.16192500 0.25343800
vt 0.24326200 0.30738700
vt 0.12901500 0.33432600
vt 0.21765400 0.31700500
vt 0.86736100 0.25006000
vt 0.32382600 0.33488800
vt 0.04285900 0.43722700
vt 0.56102600 0.32404400
vt 0.80846300 0.10147100
vt 0.53307100 0.06270600
vt 0.93775300 0.14863700
vt 0.69020300 0.32132600
vt 0.06641700 0.34212500
vt 0.15653600 0.19005100
vt 0.07938300 0.22894500
vt 0.01450000 0.42745600
vt 0.57574800 0.10653600
vt 0.24322800 0.36381800
vt 0.36224100 0.40709800
vt 0.30226800 0.35202500
vt 0.42650300 0.18315100
vt 0.51517000 0.19609100
vt 0.22131400 0.34712900
vt 0.85284800 0.34409900
vt 0.65976100 0.21610200
vt 0.14089500 0.20947300
vt 0.13879200 0.25428100
vt 0.39678300 0.04181400
vt 0.96883500 0.26619600
vt 0.83000600 0.09192900
vt 0.16010300 0.48066600
vt 0.55047000 0.09426000
vt 0.32224600 0.26467700
vt 0.55963500 0.23585100
vt 0.44834400 0.03817700
vt 0.15262500 0.25185600
vt 0.70039600 0.18722800
vt 0.97661800 0.25697700
vt 0.04240600 0.48358200
vt 0.55397000 0.21351500
vt 0.29317100 0.38113000
vt 0.78622700 0.18369700
vt 0.43534500 0.19297100
vt 0.40222700 0.14151200
vt 0.30424400 0.34031800
vt 0.98408500 0.18359400
vt 0.07204400 0.32410800
vt 0.40697800 0.27074000
vt 0.05776300 0.33693500
vt 0.06179100 0.34014600
vt 0.55035300 0.21970100
vt 0.15212100 0.49805100
vt 0.47881700 0.30276400
vt 0.87336100 0.29939700
vt 0.35199400 0.11803300
vt 0.28147000 0.25579000
vt 0.05186700 0.43529000
vt 0.22069900 0.32936600
vt 0.38746700 0.36267200
vt 0.89427700 0.24360300
vt 0.06095000 0.27903600
vt 0.25291300 0.27871600
vt 0.44371100 0.05269200
vt 0.90650900 0.21725900
vt 0.29921700 0.34772900
vt 0.65835400 0.30062900
vt 0.24261600 0.31730000
vt 0.20875600 0.24135900
vt 0.85433200 0.10086000
vt 0.04492500 0.38819900
vt 0.29513900 0.35547400
vt 0.95108600 0.24262800
vt 0.65571100 0.21844600
vt 0.13748700 0.46228900
vt 0.44286100 0.14362300
vt 0.16573400 0.23995200
vt 0.03405200 0.36418100
vt 0.40898400 0.06478100
vt 0.70321700 0.18576900
vt 0.95504400 0.15093800
vt 0.41745100 0.11862600
vt 0.12563100 0.43944300
vt 0.11652300 0.45171300
vt 0.21126100 0.24088200
vt 0.29911700 0.30146600
vt 0.32019600 0.27371800
vt 0.05314700 0.42554400
vt 0.53905400 0.14126200
vt 0.04214300 0.33934000
vt 0.86359900 0.23448300
vt 0.40247900 0.16931000
vt 0.16258000 0.25904600
vt 0.91363200 0.21451200
vt 0.15032600 0.30794300
vt 0.08277300 0.47308300
vt 0.35717000 0.26269500
vt 0.50582400 0.25971000
vt 0.69659400 0.34837800
vt 0.71046300 0.35873000
vt 0.32605100 0.37053500
vt 0.15078500 0.44256500
vt 0.11229000 0.31880200
vt 0.39781000 0.39017200
vt 0.42754200 0.01101400
vt 0.97063700 0.14683300
vt 0.89394500 0.13252500
vt 0.03620900 0.38047600
vt 0.86146400 0.32680900
vt 0.92096700 0.28516600
vt 0.48502700 0.18968100
vt 0.23665600 0.31007500
vt 0.78599000 0.26668800
vt 0.07244700 0.46834500
vt 0.12382400 0.52055700
vt 0.13574200 0.21137100
vt 0.59843200 0.25488400
vt 0.11439200 0.30147200
vt 0.27877100 0.39148500
vt 0.89799400 0.17137100
vt 0.75778200 0.25151700
vt 0.19262900 0.19373700
vt 0.06673500 0.42658500
vt 0.95403300 0.20828300
vt 0.16292300 0.21898500
vt 0.25714200 0.32509900
vt 0.26289200 0.35797200
vt 0.37584800 0.10202000
vt 0.27505900 0.35286600
vt 0.28012500 0.34147700
vt 0.02601700 0.39310500
vt 0.68813200 0.35888400
vt 0.92126400 0.15842200
vt 0.26013600 0.30525100
vt 0.87638700 0.14930000
vt 0.23806800 0.23164100
vt 0.96267400 0.14864300
vt 0.45250300 0.08368000
vt 0.45376100 0.20375800
vt 0.53678900 0.11300700
vt 0.36498600 0.28867300
vt 0.27411500 0.28118900
vt 0.43052900 0.07527200
vt 0.12049100 0.29263000
vt 0.29421200 0.30133900
vt 0.50560600 0.37095000
vt 0.36457600 0.09870900
vt 0.11777500 0.27424900
vt 0.18297600 0.24689100
vt 0.94054600 0.24551300
vt 0.54720000 0.10712400
vt 0.94355600 0.21300300
vt 0.07496800 0.41266900
vt 0.42393000 0.04970800
vt 0.41277700 0.12393500
vt 0.49875300 0.09315200
vt 0.28153000 0.36209300
vt 0.51536200 0.37222400
vt 0.85221900 0.19450100
vt 0.06429100 0.41937700
vt 0.69962800 0.34167300
vt 0.36257700 0.41597300
vt 0.34454000 0.32935000
vt 0.48467900 0.03590500
vt 0.13542800 0.24600700
vt 0.31202400 0.34028800
vt 0.42835100 0.06792600
vt 0.43058600 0.10454000
vt 0.48449100 0.03304100
vt 0.51549700 0.09306000
vt 0.43163900 0.25358900
vt 0.94643100 0.22693900
vt 0.20527100 0.33371800
vt 0.45186800 0.20037600
vt 0.16777900 0.27018400
vt 0.74054400 0.27140700
vt 0.40544500 0.06332300
vt 0.66136000 0.27530800
vt 0.37789000 0.19028100
vt 0.75547800 0.27495900
vt 0.49387300 0.02699500
vt 0.49362800 0.15453200
vt 0.33816900 0.38550500
vt 0.38574000 0.13105200
vt 0.13730400 0.29111800
vt 0.95723800 0.14339800
vt 0.42496100 0.04658900
vt 0.05532700 0.36320800
vt 0.87074400 0.10422600
vt 0.53977500 0.34318800
vt 0.50018600 0.19860100
vt 0.06301200 0.46074100
vt 0.71339100 0.20683300
vt 0.46885800 0.04922400
vt 0.16554300 0.48208600
vt 0.70459900 0.34381800
vt 0.59564800 0.15973900
vt 0.88664900 0.24910600
vt 0.51308900 0.10068800
vt 0.97549300 0.27546300
vt 0.47559400 0.13171300
vt 0.42333500 0.16093300
vt 0.33650500 0.31892600
vt 0.53798800 0.17617500
vt 0.40026300 0.22901000
vt 0.12610300 0.36548400
vt 0.22125300 0.24480400
vt 0.94061100 0.20491600
vt 0.93841700 0.16132900
vt 0.94275200 0.22282500
vt 0.86682800 0.14618000
vt 0.48876700 0.32417700
vt 0.39915700 0.27335500
vt 0.66190500 0.20920000
vt 0.47491900 0.17587600
vt 0.50183300 0.09708800
vt 0.04100100 0.38790700
vt 0.42840600 0.01459000
vt 0.43346200 0.11013100
vt 0.35172300 0.35429000
vt 0.59076600 0.08389900
vt 0.81772700 0.08563000
vt 0.47621300 0.09014500
vt 0.55087700 0.11197700
vt 0.43385700 0.26291200
vt 0.08070500 0.23415000
vt 0.45169800 0.21191000
vt 0.41075200 0.24203000
vt 0.44950200 0.28249000
vt 0.49128700 0.04981300
vt 0.04453300 0.51978100
vt 0.40263500 0.29700600
vt 0.86791500 0.10960000
vt 0.16183800 0.45261100
vt 0.96289800 0.21636200
vt 0.96004900 0.21713200
vt 0.48142800 0.20607500
vt 0.40085900 0.17278800
vt 0.34368000 0.39304000
vt 0.38929500 0.31860800
vt 0.24034800 0.27628200
vt 0.04637900 0.49416000
vt 0.86894800 0.21570400
vt 0.86638900 0.14226300
vt 0.40420300 0.23856000
vt 0.07281500 0.32744600
vt 0.75774400 0.24855500
vt 0.91169100 0.18762100
vt 0.39835800 0.30593500
vt 0.27242200 0.40098100
vt 0.13615000 0.40267300
vt 0.42328100 0.14012500
vt 0.30955800 0.25673000
vt 0.22787600 0.32794200
vt 0.26550100 0.35236700
vt 0.13824600 0.28101300
vt 0.55425800 0.34757800
vt 0.46966400 0.02913700
vt 0.47961500 0.05966700
vt 0.94494600 0.21331000
vt 0.35903900 0.36729900
vt 0.11614400 0.26864600
vt 0.56193700 0.12307100
vt 0.33133500 0.29211100
vt 0.06276300 0.49880700
vt 0.49996400 0.08275200
vt 0.44608900 0.15605300
vt 0.11820300 0.35185900
vt 0.07003800 0.37383400
vt 0.25758200 0.31473500
vt 0.53794700 0.05642800
vt 0.39673800 0.11655700
vt 0.20176800 0.36536600
vt 0.32096300 0.25881500
vt 0.55468800 0.12773300
vt 0.55098500 0.08562500
vt 0.74929700 0.26306500
vt 0.96254400 0.17266700
vt 0.42935800 0.05481000
vt 0.81061100 0.08764000
vt 0.55622100 0.12479600
vt 0.61811000 0.42287300
vt 0.43503400 0.26272700
vt 0.41007100 0.22240700
vt 0.09436800 0.30254300
vt 0.33092700 0.38902100
vt 0.94920300 0.22442400
vt 0.47451400 0.36870100
vt 0.19130500 0.28191900
vt 0.42792000 0.27074800
vt 0.45671600 0.05870200
vt 0.56958100 0.30355700
vt 0.51185200 0.08270200
vt 0.28443100 0.36472700
vt 0.46289200 0.22917800
vt 0.44096700 0.34063200
vt 0.56853200 0.07538700
vt 0.41161100 0.11359600
vt 0.05909600 0.26234400
vt 0.01323800 0.38625600
vt 0.95777900 0.19015500
vt 0.65538900 0.22084500
vt 0.37579200 0.32718200
vt 0.37001500 0.29015500
vt 0.22883300 0.24501500
vt 0.48823700 0.18079500
vt 0.95968000 0.22791000
vt 0.83985900 0.12789400
vt 0.56878700 0.31617700
vt 0.87818700 0.22761200
vt 0.20074200 0.25466800
vt 0.53212400 0.12088200
vt 0.44397700 0.06353700
vt 0.87450100 0.27316300
vt 0.87155900 0.24711300
vt 0.50993700 0.31864500
vt 0.15757700 0.25411700
vt 0.48112400 0.29275300
vt 0.14863100 0.24899600
vt 0.09964000 0.30241000
vt 0.88486000 0.20345600
vt 0.04548300 0.40620900
vt 0.15336200 0.38618200
vt 0.17267100 0.44480700
vt 0.48296600 0.10251700
vt 0.74112200 0.29156700
vt 0.56491100 0.30477800
vt 0.43530300 0.13357600
vt 0.50240000 0.03853300
vt 0.64755800 0.31579500
vt 0.45955200 0.14234200
vt 0.30503300 0.34827000
vt 0.88777100 0.20476300
vt 0.10642700 0.36949100
vt 0.14983600 0.22554000
vt 0.86610200 0.24827700
vt 0.42967000 0.08798700
vt 0.12504100 0.22871100
vt 0.54057400 0.14736700
vt 0.09616400 0.29786500
vt 0.29796400 0.33037900
vt 0.20657900 0.26581600
vt 0.23175200 0.28331200
vt 0.39125900 0.31008800
vt 0.88042900 0.26298700
vt 0.81013900 0.22764100
vt 0.32088200 0.39944400
vt 0.42109200 0.31585200
vt 0.69492900 0.18274500
vt 0.90680100 0.22072400
vt 0.52661500 0.16156600
vt 0.16160500 0.27676400
vt 0.72785000 0.43765400
vt 0.69126700 0.18400800
vt 0.45723900 0.21257800
vt 0.88328700 0.23598700
vt 0.65823500 0.22234200
vt 0.84820200 0.13006700
vt 0.81694700 0.35575600
vt 0.24021500 0.18147300
vt 0.70513300 0.20590200
vt 0.91950500 0.24494900
vt 0.16458400 0.45329400
vt 0.40549500 0.26549100
vt 0.13715800 0.25889200
vt 0.43549900 0.25510100
vt 0.57225600 0.07570700
vt 0.51076000 0.11079400
vt 0.46581500 0.26140200
vt 0.30736900 0.40484400
vt 0.77610400 0.34200500
vt 0.28219700 0.34904400
vt 0.77703800 0.25726800
vt 0.40187400 0.22380700
vt 0.35588500 0.27610000
vt 0.87577800 0.07772300
vt 0.55050200 0.04770000
vt 0.89278500 0.13503600
vt 0.54214000 0.10660700
vt 0.32968800 0.36648900
vt 0.29393200 0.33276400
vt 0.29218300 0.26346900
vt 0.64239200 0.28847600
vt 0.40621100 0.08664100
vt 0.54432400 0.16966900
vt 0.36267200 0.07869600
vt 0.24137300 0.25124800
vt 0.22306300 0.36759700
vt 0.05400400 0.40059900
vt 0.52944300 0.34970300
vt 0.53430100 0.34663800
vt 0.30903800 0.34808400
vt 0.43873300 0.02138700
vt 0.79914000 0.22494400
vt 0.97814100 0.26727600
vt 0.13599200 0.35677300
vt 0.98016400 0.24036300
vt 0.12115400 0.33614500
vt 0.45415900 0.21490300
vt 0.83241400 0.26622600
vt 0.20714200 0.32899300
vt 0.61433700 0.11110700
vt 0.29464300 0.37187300
vt 0.24303900 0.25972900
vt 0.32382200 0.34527700
vt 0.23523000 0.29595200
vt 0.29269600 0.30938400
vt 0.84537600 0.16801400
vt 0.26670000 0.33963400
vt 0.55260700 0.13501400
vt 0.50471000 0.04001600
vt 0.54399200 0.13594600
vt 0.50043600 0.04552600
vt 0.73143800 0.48100800
vt 0.90768800 0.20305800
vt 0.30570800 0.34426200
vt 0.95489500 0.23241500
vt 0.30114900 0.34877300
vt 0.72487400 0.44850700
vt 0.96157200 0.26399700
vt 0.05721000 0.39882600
vt 0.05866900 0.33283700
vt 0.06674700 0.33898600
vt 0.36595700 0.33690200
vt 0.93307300 0.15484000
vt 0.47015200 0.06674500
vt 0.33893800 0.35328600
vt 0.05649300 0.42374800
vt 0.37151400 0.13104300
vt 0.49971700 0.38962700
vt 0.97067100 0.25861000
vt 0.92550200 0.19158400
vt 0.11082700 0.20644200
vt 0.74998200 0.39784000
vt 0.40570500 0.09428700
vt 0.47935400 0.20977100
vt 0.47672000 0.22479000
vt 0.06295600 0.40437600
vt 0.16454000 0.30837200
vt 0.05967800 0.37298500
vt 0.98781500 0.18379200
vt 0.29265500 0.28929900
vt 0.51549700 0.07946100
vt 0.51389000 0.36113600
vt 0.41630100 0.19516800
vt 0.83317400 0.32925900
vt 0.13087100 0.22502400
vt 0.48091400 0.07059900
vt 0.33376700 0.25814700
vt 0.35734700 0.16632700
vt 0.63662400 0.24641800
vt 0.37879500 0.07880600
vt 0.91685800 0.17121200
vt 0.49100100 0.19016100
vt 0.42734900 0.09002300
vt 0.95943200 0.21436700
vt 0.42694200 0.22323900
vt 0.44959400 0.21394700
vt 0.33409800 0.30323400
vt 0.91467800 0.18758100
vt 0.91423900 0.24413400
vt 0.24541600 0.30128600
vt 0.29160800 0.35383700
vt 0.47288700 0.18484800
vt 0.37935900 0.17336200
vt 0.23215200 0.17493300
vt 0.10095100 0.53002600
vt 0.66266000 0.39218200
vt 0.61579900 0.41750000
vt 0.16271500 0.21077200
vt 0.23615600 0.33181300
vt 0.41351100 0.14085300
vt 0.24660700 0.39223700
vt 0.84773500 0.13917100
vt 0.88775700 0.23251300
vt 0.24257100 0.27868900
vt 0.31914400 0.26388200
vt 0.11645500 0.24193000
vt 0.59142000 0.09114500
vt 0.81183000 0.27035200
vt 0.82693200 0.13105400
vt 0.73852200 0.51967500
vt 0.08411900 0.25379800
vt 0.59920300 0.26571100
vt 0.78699100 0.11995500
vt 0.52753900 0.17350900
vt 0.49867700 0.14652900
vt 0.33266900 0.40805500
vt 0.75268700 0.25959300
vt 0.10510000 0.26935700
vt 0.24138000 0.26434800
vt 0.04795100 0.34878300
vt 0.43122400 0.03721600
vt 0.51585800 0.13114700
vt 0.10076600 0.27077900
vt 0.04827800 0.35123400
vt 0.31187600 0.34916300
vt 0.83012400 0.12681000
vt 0.87416700 0.24081300
vt 0.93378600 0.16909700
vt 0.30329900 0.33306300
vt 0.39674100 0.14299800
vt 0.39042600 0.31548100
vt 0.06401100 0.37248300
vt 0.52862500 0.29766700
vt 0.38503500 0.07265400
vt 0.08532500 0.26524500
vt 0.05738500 0.38117200
vt 0.16533700 0.27443700
vt 0.57358100 0.29943900
vt 0.36823100 0.17927800
vt 0.94864800 0.24986100
vt 0.50579700 0.08760400
vt 0.50276800 0.03423700
vt 0.06474500 0.27371500
vt 0.09017900 0.52117900
vt 0.44372700 0.16906300
vt 0.29499300 0.36936100
vt 0.85057000 0.11382500
vt 0.28362400 0.31533800
vt 0.43557600 0.16886200
vt 0.46809500 0.28871800
vt 0.04971200 0.37705500
vt 0.38652500 0.10265800
vt 0.08590300 0.24135500
vt 0.90360000 0.16697800
vt 0.29058600 0.34636800
vt 0.02484300 0.43550300
vt 0.58135800 0.10066800
vt 0.86720700 0.30913800
vt 0.02979900 0.39896800
vt 0.79833900 0.34315000
vt 0.50135600 0.15422500
vt 0.51164000 0.25705400
vt 0.10946800 0.51220700
vt 0.36585300 0.15278400
vt 0.86267600 0.23320900
vt 0.30387000 0.26040700
vt 0.41461500 0.21918000
vt 0.15448300 0.21499600
vt 0.90586100 0.24321800
vt 0.43905000 0.19152700
vt 0.05886200 0.46040300
vt 0.42631500 0.31382200
vt 0.85960000 0.32880800
vt 0.50121500 0.14313300
vt 0.40817900 0.28534600
vt 0.49102300 0.06520300
vt 0.14377500 0.34251500
vt 0.33175000 0.30541300
vt 0.31509200 0.26874400
vt 0.96205400 0.26784400
vt 0.74493900 0.20197500
vt 0.26526600 0.27097500
vt 0.24001500 0.32870400
vt 0.05692000 0.34823200
vt 0.49365600 0.04200200
vt 0.33151700 0.25947900
vt 0.08981000 0.24973300
vt 0.15343600 0.36311200
vt 0.88194200 0.25162900
vt 0.04783800 0.35640800
vt 0.75467100 0.27036800
vt 0.91510500 0.22618100
vt 0.06631900 0.47884800
vt 0.50749300 0.36919500
vt 0.43032500 0.06950300
vt 0.14828500 0.28207300
vt 0.43753600 0.21642200
vt 0.08644700 0.38761400
vt 0.92990400 0.22506000
vt 0.43426200 0.25960900
vt 0.41163400 0.12082800
vt 0.87389800 0.28980400
vt 0.04004100 0.35188100
vt 0.44828200 0.06105200
vt 0.55123400 0.34642900
vt 0.45458300 0.01234500
vt 0.94629500 0.13262100
vt 0.40104700 0.13873700
vt 0.06570000 0.38771600
vt 0.38430500 0.32206500
vt 0.24980300 0.32523100
vt 0.23331700 0.26019400
vt 0.12924600 0.34411000
vt 0.55793200 0.31596900
vt 0.35726900 0.26823200
vt 0.86632500 0.17754600
vt 0.39082300 0.22278700
vt 0.76292700 0.18812900
vt 0.66166400 0.25861200
vt 0.19250500 0.28071500
vt 0.47618200 0.17224800
vt 0.89616000 0.17198400
vt 0.54091000 0.10891200
vt 0.25247300 0.31997300
vt 0.10965700 0.28992000
vt 0.89331500 0.20019200
vt 0.45828900 0.07786600
vt 0.62189700 0.41397800
vt 0.10168400 0.32829700
vt 0.76432800 0.14590300
vt 0.28621700 0.26149700
vt 0.88072600 0.23285800
vt 0.83323800 0.11395500
vt 0.43201900 0.09171700
vt 0.12222400 0.37042400
vt 0.40831600 0.08928600
vt 0.41044900 0.04607300
vt 0.66269400 0.39433500
vt 0.74169800 0.26833600
vt 0.86318500 0.09298100
vt 0.40747100 0.20914800
vt 0.27919300 0.28845600
vt 0.46142700 0.05672600
vt 0.88141800 0.11073300
vt 0.29236100 0.37221600
vt 0.21586800 0.37411600
vt 0.26506500 0.26347300
vt 0.49065000 0.05384900
vt 0.50832400 0.11711500
vt 0.17583900 0.42305000
vt 0.08776500 0.29971800
vt 0.90813200 0.20992100
vt 0.29558500 0.36643500
vt 0.71066800 0.33006300
vt 0.95003600 0.25841600
vt 0.70280300 0.19421400
vt 0.06995100 0.37053600
vt 0.14976300 0.22252800
vt 0.14880800 0.20162000
vt 0.44341200 0.28970400
vt 0.30663400 0.29555700
vt 0.38610900 0.09621500
vt 0.89926100 0.13195800
vt 0.41862300 0.13620000
vt 0.39491500 0.07958400
vt 0.17747700 0.33804200
vt 0.25988000 0.36262600
vt 0.24432500 0.31362700
vt 0.95547600 0.25706000
vt 0.76492400 0.40047800
vt 0.48087300 0.17508600
vt 0.38548800 0.04287200
vt 0.24610100 0.20448200
vt 0.44349800 0.20538200
vt 0.09801500 0.33374600
vt 0.09999800 0.42979600
vt 0.52630800 0.15930000
vt 0.17252800 0.23637200
vt 0.92215500 0.13005700
vt 0.60523200 0.26552300
vt 0.94492500 0.23605800
vt 0.30206200 0.38360800
vt 0.52659300 0.34525300
vt 0.21158700 0.36071800
vt 0.74985100 0.30677700
vt 0.31127600 0.37903600
vt 0.43502300 0.07382700
vt 0.44489100 0.22980800
vt 0.97125900 0.23358900
vt 0.11515500 0.22239600
vt 0.50466700 0.18190000
vt 0.03401600 0.38606200
vt 0.31573800 0.37525200
vt 0.40160200 0.02924000
vt 0.50643300 0.18141400
vt 0.92149700 0.17330800
vt 0.50802000 0.14477100
vt 0.89914600 0.12468600
vt 0.46392100 0.22962900
vt 0.12700700 0.29576600
vt 0.25276600 0.33884900
vt 0.65696300 0.21250500
vt 0.36550300 0.10222500
vt 0.40811200 0.39271800
vt 0.45918100 0.14091400
vt 0.95971800 0.15082900
vt 0.32645400 0.33006400
vt 0.19859300 0.40527500
vt 0.16561900 0.46439300
vt 0.49277800 0.16668000
vt 0.46918200 0.15429100
vt 0.02886900 0.37740000
vt 0.97227300 0.26214000
vt 0.71912600 0.18590600
vt 0.77627400 0.15918900
vt 0.14022400 0.28694200
vt 0.41842900 0.20485800
vt 0.91196100 0.16581300
vt 0.94782800 0.24589500
vt 0.39424000 0.09623000
vt 0.80680900 0.23900500
vt 0.60556400 0.25825600
vt 0.90521500 0.19062400
vt 0.77460500 0.36449900
vt 0.93152300 0.17061000
vt 0.81989100 0.09412100
vt 0.17293000 0.45452000
vt 0.86516900 0.31495100
vt 0.46929900 0.06311300
vt 0.16549300 0.47779500
vt 0.15551000 0.23116400
vt 0.30276600 0.25218500
vt 0.35612700 0.13634900
vt 0.72892000 0.30990100
vt 0.43164800 0.25786700
vt 0.05715300 0.45496800
vt 0.17184600 0.34951000
vt 0.16606700 0.46886800
vt 0.43613300 0.33654200
vt 0.25957500 0.32872500
vt 0.98904600 0.18135900
vt 0.32851200 0.39446300
vt 0.92387000 0.28213400
vt 0.86805200 0.12122300
vt 0.85351900 0.19749100
vt 0.92760100 0.18802600
vt 0.38036400 0.32093300
vt 0.43684600 0.01161400
vt 0.29163600 0.31988100
vt 0.43536900 0.06362700
vt 0.43807800 0.25083100
vt 0.95322700 0.19103300
vt 0.38333800 0.07262600
vt 0.07428300 0.27704100
vt 0.57351900 0.06914900
vt 0.27975400 0.27015100
vt 0.01422800 0.44213400
vt 0.09199000 0.22025600
vt 0.96770800 0.21410900
vt 0.43359300 0.05635800
vt 0.12702800 0.38760800
vt 0.20683300 0.34135900
vt 0.07071900 0.32104200
vt 0.75623200 0.27073000
vt 0.15285500 0.50370300
vt 0.87355100 0.29421600
vt 0.41906200 0.08182500
vt 0.38375100 0.29523800
vt 0.36637900 0.35097300
vt 0.35853100 0.09698000
vt 0.42145000 0.05741000
vt 0.26704000 0.35533500
vt 0.12740300 0.26462200
vt 0.78209800 0.34824900
vt 0.39189400 0.07623800
vt 0.41415800 0.02054000
vt 0.17705300 0.20656600
vt 0.33458700 0.36425300
vt 0.91089100 0.26445300
vt 0.30629000 0.32676300
vt 0.06451000 0.38185700
vt 0.42852900 0.23299800
vt 0.80933100 0.10484500
vt 0.36746000 0.29831900
vt 0.31427900 0.32816900
vt 0.90046700 0.11727800
vt 0.33968100 0.37742400
vt 0.12909400 0.33914900
vt 0.78933200 0.12075800
vt 0.46469800 0.05296100
vt 0.46585200 0.16381400
vt 0.44400600 0.25015400
vt 0.46321700 0.42750000
vt 0.14916500 0.26526100
vt 0.12479900 0.37442500
vt 0.49936300 0.18987500
vt 0.12804500 0.29149800
vt 0.56518200 0.11903400
vt 0.91079200 0.22309500
vt 0.59691800 0.27373700
vt 0.50388900 0.19869200
vt 0.16353400 0.49423800
vt 0.12716600 0.27883800
vt 0.72951200 0.51962500
vt 0.39611200 0.02573900
vt 0.93054100 0.24364900
vt 0.08077800 0.28611400
vt 0.37644600 0.18829700
vt 0.42015100 0.21901300
vt 0.91212100 0.22106900
vt 0.26434400 0.30355500
vt 0.59809600 0.16740600
vt 0.03778300 0.43198500
vt 0.72196500 0.32801100
vt 0.55779000 0.12811900
vt 0.55433500 0.12495100
vt 0.14999200 0.51294000
vt 0.39949100 0.03553100
vt 0.12587900 0.50836600
vt 0.69358700 0.35144700
vt 0.69570500 0.36105400
vt 0.64643200 0.31802700
vt 0.25641000 0.29190600
vt 0.31045200 0.33656800
vt 0.06750300 0.31042800
vt 0.17059700 0.37568800
vt 0.44488700 0.02659200
vt 0.95582400 0.22493500
vt 0.29393600 0.27191000
vt 0.18068400 0.27954300
vt 0.87443700 0.25455700
vt 0.54543200 0.08488700
vt 0.49573100 0.04585600
vt 0.15659100 0.31878400
vt 0.42547900 0.04404500
vt 0.17618400 0.27430600
vt 0.57518300 0.11101600
vt 0.56555000 0.06296800
vt 0.85414200 0.07820000
vt 0.23820700 0.26082400
vt 0.92433500 0.14886300
vt 0.10275800 0.23887400
vt 0.26542900 0.34887900
vt 0.12853400 0.52043000
vt 0.72195400 0.51479200
vt 0.40848000 0.20515500
vt 0.42504200 0.27039200
vt 0.02441300 0.37015900
vt 0.15209200 0.49098400
vt 0.04344700 0.35461900
vt 0.50109900 0.31815800
vt 0.16144800 0.42672300
vt 0.27680100 0.25957100
vt 0.96527400 0.24138700
vt 0.89002100 0.24209900
vt 0.39199500 0.09524700
vt 0.10916400 0.25752200
vt 0.49802000 0.18301600
vt 0.37022400 0.18909800
vt 0.32778900 0.32236100
vt 0.08718300 0.23867600
vt 0.51110900 0.37580600
vt 0.42057200 0.21136000
vt 0.37729800 0.33175000
vt 0.60898100 0.41135000
vt 0.84057300 0.12642200
vt 0.11731900 0.31493300
vt 0.52060100 0.33909000
vt 0.72536400 0.43324700
vt 0.86620500 0.20927900
vt 0.84417400 0.14425700
vt 0.60143400 0.25465700
vt 0.36881300 0.29236600
vt 0.94889500 0.14764900
vt 0.43064900 0.17672100
vt 0.48577300 0.05524300
vt 0.11612700 0.32600900
vt 0.44130500 0.29199500
vt 0.51117500 0.13510700
vt 0.30481100 0.32505300
vt 0.77315400 0.38538200
vt 0.18854000 0.20384400
vt 0.66378000 0.40006800
vt 0.91328200 0.17518200
vt 0.29790000 0.36896700
vt 0.79801000 0.44744700
vt 0.21390100 0.37557900
vt 0.39894700 0.06874400
vt 0.82198400 0.10410700
vt 0.53038300 0.18249500
vt 0.59617000 0.25455200
vt 0.36612400 0.28480700
vt 0.53753600 0.14883100
vt 0.50632300 0.25039100
vt 0.43613200 0.04819800
vt 0.53987300 0.05264300
vt 0.65483300 0.30487000
vt 0.41206300 0.08543400
vt 0.30870100 0.27401500
vt 0.57545700 0.07606600
vt 0.71586400 0.20522800
vt 0.07924500 0.43172700
vt 0.19469300 0.24390100
vt 0.74186300 0.46702900
vt 0.94651900 0.18523800
vt 0.19203800 0.31811500
vt 0.08591400 0.25463400
vt 0.91534800 0.17307900
vt 0.89497500 0.14972700
vt 0.15114600 0.51484200
vt 0.44714000 0.42166900
vt 0.09135700 0.32650800
vt 0.37596100 0.10936600
vt 0.07133400 0.39700800
vt 0.17322400 0.18984900
vt 0.93345700 0.24311500
vt 0.37466000 0.28692200
vt 0.07271000 0.31536900
vt 0.74314400 0.25854600
vt 0.43755200 0.11841600
vt 0.13551500 0.21855000
vt 0.49773300 0.04248700
vt 0.49338000 0.10591800
vt 0.66300800 0.39828500
vt 0.35416600 0.28516200
vt 0.49380300 0.09285900
vt 0.44013800 0.17284100
vt 0.57510200 0.07182800
vt 0.87269000 0.08705100
vt 0.54258900 0.11183800
vt 0.43788700 0.20122100
vt 0.86000100 0.12460300
vt 0.28276700 0.37049600
vt 0.84121400 0.09956200
vt 0.15346200 0.33364400
vt 0.42086300 0.26880100
vt 0.43643500 0.06189900
vt 0.78604200 0.45975800
vt 0.41808600 0.10699100
vt 0.41387000 0.05518100
vt 0.40469500 0.06524600
vt 0.24913000 0.30214700
vt 0.56585000 0.31034500
vt 0.85090900 0.25906100
vt 0.84913700 0.09259400
vt 0.77213000 0.47736300
vt 0.24896100 0.39441400
vt 0.06799400 0.29395100
vt 0.16362700 0.51583100
vt 0.42278500 0.07841400
vt 0.20756700 0.35027100
vt 0.97998500 0.27273300
vt 0.34781800 0.32501700
vt 0.79407700 0.45298200
vt 0.21938700 0.37687600
vt 0.25546900 0.36673300
vt 0.38774500 0.09946500
vt 0.30080400 0.27928600
vt 0.26807200 0.29566100
vt 0.92009300 0.22694900
vt 0.09363800 0.43141100
vt 0.55801900 0.08370400
vt 0.05265500 0.33470900
vt 0.09206700 0.27720300
vt 0.16949000 0.23420600
vt 0.76814300 0.43725800
vt 0.13284100 0.52398800
vt 0.98634000 0.18720100
vt 0.33861300 0.33829300
vt 0.12911800 0.19734600
vt 0.26624900 0.38095700
vt 0.52820200 0.06398100
vt 0.38398300 0.12369200
vt 0.92172500 0.20320600
vt 0.84442500 0.16921400
vt 0.61086500 0.16676900
vt 0.27509700 0.30401800
vt 0.87031600 0.09084800
vt 0.56410000 0.11267100
vt 0.74379800 0.25952400
vt 0.29248400 0.38965300
vt 0.53969200 0.10551100
vt 0.74717200 0.28772200
vt 0.29174500 0.38453800
vt 0.29456800 0.40662100
vt 0.15428800 0.51229100
vt 0.45530700 0.14313900
vt 0.42626300 0.23509800
vt 0.84718900 0.25379100
vt 0.08405900 0.42001600
vt 0.31019700 0.26023000
vt 0.72318900 0.29949800
vt 0.07601400 0.31097700
vt 0.18226300 0.43435500
vt 0.51833800 0.16701200
vt 0.27088600 0.34260200
vt 0.39443300 0.05830600
vt 0.95918700 0.13782300
vt 0.25626100 0.26851400
vt 0.38365700 0.17478300
vt 0.40825900 0.05338600
vt 0.10336900 0.26350000
vt 0.05828400 0.35476300
vt 0.06855400 0.49699300
vt 0.96700500 0.27101900
vt 0.16052800 0.48987000
vt 0.50793600 0.10325000
vt 0.39938700 0.08493400
vt 0.45319100 0.23626700
vt 0.47382100 0.21668400
vt 0.17886600 0.25437100
vt 0.49259600 0.18370600
vt 0.66076400 0.40127000
vt 0.22116300 0.25476300
vt 0.39199700 0.12182800
vt 0.18802700 0.26240500
vt 0.35592700 0.35095900
vt 0.89827300 0.15750700
vt 0.91975800 0.19845200
vt 0.91772800 0.19233800
vt 0.24291700 0.25556500
vt 0.09942300 0.51097300
vt 0.70187100 0.40200200
vt 0.62280200 0.29939000
vt 0.42925500 0.02129100
vt 0.04208400 0.41924700
vt 0.01718000 0.44186300
vt 0.67736000 0.36223000
vt 0.96489300 0.18354000
vt 0.81285000 0.11315200
vt 0.83090300 0.10336300
vt 0.15866200 0.27668000
vt 0.51935300 0.36955500
vt 0.55181100 0.35764000
vt 0.15333300 0.26356000
vt 0.57152000 0.31525700
vt 0.98058200 0.16690800
vt 0.35494100 0.10447400
vt 0.13394800 0.41543300
vt 0.74020500 0.26221200
vt 0.66940400 0.40335700
vt 0.96357600 0.26206200
vt 0.77653600 0.28559800
vt 0.03294700 0.38028200
vt 0.21060600 0.37171600
vt 0.68594000 0.47981900
vt 0.58045200 0.29306300
vt 0.41695700 0.28091500
vt 0.49911600 0.20820800
vt 0.44092400 0.16505400
vt 0.05613800 0.35212800
vt 0.33178000 0.31922700
vt 0.04305300 0.41537300
vt 0.80569300 0.42593800
vt 0.28544300 0.36755500
vt 0.62770600 0.43013600
vt 0.50227500 0.14882600
vt 0.88333100 0.17594700
vt 0.06662700 0.31467800
vt 0.01673700 0.41818500
vt 0.88671100 0.24093400
vt 0.28911200 0.28549900
vt 0.21413500 0.26869600
vt 0.15337700 0.21242200
vt 0.13967100 0.29436700
vt 0.36331700 0.30563400
vt 0.38496900 0.19377000
vt 0.77176500 0.43968000
vt 0.65240200 0.40809700
vt 0.95883500 0.22058100
vt 0.90081100 0.17797600
vt 0.63401300 0.43298900
vt 0.06539400 0.35751000
vt 0.44522200 0.15824300
vt 0.73397400 0.47509900
vt 0.91656200 0.18421600
vt 0.50420800 0.14428600
vt 0.06804400 0.37849700
vt 0.74402900 0.27352300
vt 0.48841500 0.03888100
vt 0.64506300 0.31533900
vt 0.92252700 0.19707600
vt 0.12954800 0.46087500
vt 0.36461000 0.41129800
vt 0.88772500 0.14599800
vt 0.17147200 0.22782500
vt 0.12982000 0.32330500
vt 0.29643600 0.26749200
vt 0.06035600 0.37791900
vt 0.73975900 0.27540200
vt 0.16425700 0.47530400
vt 0.18346700 0.32006300
vt 0.74517100 0.25970300
vt 0.57217100 0.07949500
vt 0.30582100 0.35588700
vt 0.18831400 0.23651700
vt 0.08381600 0.31383300
vt 0.83770600 0.15197900
vt 0.88396700 0.24820700
vt 0.10309500 0.29036900
vt 0.43678900 0.06733000
vt 0.81393800 0.41288300
vt 0.48463700 0.19572700
vt 0.47587200 0.21388000
vt 0.39924200 0.30195800
vt 0.42582800 0.27448800
vt 0.43064800 0.28093200
vt 0.44953100 0.03093300
vt 0.50691600 0.09054200
vt 0.02997500 0.37353500
vt 0.94094500 0.19105700
vt 0.25619000 0.29874800
vt 0.65388400 0.38856700
vt 0.09121500 0.22552400
vt 0.61577200 0.19775100
vt 0.17993900 0.38484500
vt 0.26206900 0.40113000
vt 0.76336000 0.48664500
vt 0.42321300 0.08081600
vt 0.38372900 0.07944500
vt 0.74497100 0.25326600
vt 0.73157500 0.31081800
vt 0.86658000 0.13466100
vt 0.54947600 0.06960000
vt 0.92874900 0.14873800
vt 0.61224300 0.41702300
vt 0.14445400 0.46437300
vt 0.40363800 0.41061200
vt 0.28266500 0.26721200
vt 0.84008800 0.15658300
vt 0.26872600 0.40000900
vt 0.89299500 0.21139600
vt 0.90057000 0.25178700
vt 0.53180800 0.06164400
vt 0.61617500 0.25779300
vt 0.42133000 0.08803400
vt 0.43967000 0.33497800
vt 0.47172300 0.03627400
vt 0.44455800 0.01504900
vt 0.34158600 0.35903200
vt 0.94508800 0.22366800
vt 0.91591900 0.19045200
vt 0.53032500 0.33802300
vt 0.98473500 0.27931200
vt 0.83466900 0.39023100
vt 0.17823600 0.44605600
vt 0.95620500 0.14208900
vt 0.19205600 0.23376600
vt 0.11742200 0.23226300
vt 0.95353200 0.17913600
vt 0.41772500 0.20824800
vt 0.15996500 0.51577300
vt 0.52798000 0.15899200
vt 0.32916100 0.25885100
vt 0.42633300 0.18544800
vt 0.56362000 0.08624300
vt 0.48018800 0.07419700
vt 0.17979700 0.20725000
vt 0.73042800 0.53077000
vt 0.32435800 0.40995100
vt 0.94007100 0.24850800
vt 0.57102400 0.07275800
vt 0.52999100 0.15650500
vt 0.39669300 0.18810400
vt 0.26613600 0.28408200
vt 0.39043900 0.14750500
vt 0.33540300 0.29621400
vt 0.76465200 0.13577500
vt 0.07758000 0.27620800
vt 0.41221900 0.28319400
vt 0.29675600 0.40027600
vt 0.57190500 0.29846200
vt 0.84054900 0.16130800
vt 0.27376300 0.36155200
vt 0.26991500 0.26658900
vt 0.01633300 0.44630500
vt 0.09477500 0.21538600
vt 0.46491600 0.22441100
vt 0.33335900 0.34833900
vt 0.06977600 0.50740500
vt 0.94382800 0.16761000
vt 0.05278000 0.50679700
vt 0.19795100 0.32028500
vt 0.74325200 0.35876800
vt 0.11436600 0.20842500
vt 0.88167900 0.26175400
vt 0.52868600 0.12169600
vt 0.39535100 0.24205600
vt 0.32582300 0.39555800
vt 0.81307700 0.11534800
vt 0.16853700 0.46335600
vt 0.44697200 0.28553100
vt 0.25891600 0.29059700
vt 0.44611700 0.18066600
vt 0.02486100 0.41141700
vt 0.02763700 0.36989800
vt 0.04180500 0.37782900
vt 0.39011100 0.10973600
vt 0.88147200 0.21330900
vt 0.87206200 0.29949000
vt 0.95122600 0.18461900
vt 0.11133900 0.39339000
vt 0.74575700 0.36621800
vt 0.70935700 0.36519000
vt 0.96231200 0.20935200
vt 0.23988800 0.38804700
vt 0.15174600 0.24483900
vt 0.33839100 0.32236200
vt 0.89265800 0.25788000
vt 0.52206600 0.12949800
vt 0.50100800 0.26821100
vt 0.49689500 0.15993000
vt 0.24458800 0.25549700
vt 0.49612900 0.36302800
vt 0.11853200 0.42584000
vt 0.15858800 0.48483700
vt 0.08629600 0.52884300
vt 0.27459800 0.27009500
vt 0.31980800 0.28423400
vt 0.40408700 0.21767300
vt 0.69727200 0.32877400
vt 0.72653100 0.31206500
vt 0.93980900 0.15177500
vt 0.41026400 0.07733100
vt 0.95918500 0.25702100
vt 0.41482700 0.27876800
vt 0.14829600 0.25748100
vt 0.45545800 0.08047600
vt 0.10877500 0.23136100
vt 0.08304900 0.46630900
vt 0.43762200 0.05751900
vt 0.23007000 0.34620400
vt 0.55428000 0.27458900
vt 0.46252800 0.13826700
vt 0.37480600 0.30679400
vt 0.81071000 0.11124200
vt 0.46799300 0.13198600
vt 0.16282300 0.37335500
vt 0.93755400 0.22200600
vt 0.58110400 0.29745700
vt 0.15328000 0.28194600
vt 0.28117800 0.29223800
vt 0.54720900 0.04850800
vt 0.39440800 0.03236900
vt 0.86383200 0.31727200
vt 0.10351700 0.23314700
vt 0.15123600 0.49706200
vt 0.58076600 0.11523500
vt 0.13044200 0.37875100
vt 0.47276700 0.12738800
vt 0.37404500 0.29672800
vt 0.08285900 0.48420000
vt 0.30550800 0.35326300
vt 0.59887500 0.29683700
vt 0.73446700 0.30322500
vt 0.41079400 0.06878700
vt 0.96673800 0.24468100
vt 0.43250700 0.01723600
vt 0.44769400 0.40129900
vt 0.36024900 0.12396100
vt 0.54970200 0.34845000
vt 0.46356000 0.07926500
vt 0.46446700 0.17816900
vt 0.82701600 0.09123700
vt 0.40710600 0.07585400
vt 0.46256000 0.19390600
vt 0.35887200 0.35048600
vt 0.26746900 0.33590300
vt 0.83783000 0.12619900
vt 0.87085600 0.30042100
vt 0.91920200 0.21321400
vt 0.41225500 0.23043800
vt 0.18884500 0.27500100
vt 0.38132900 0.10870500
vt 0.27160400 0.32043500
vt 0.19903200 0.35220400
vt 0.07931500 0.28068700
vt 0.50059100 0.19358500
vt 0.59784000 0.25750700
vt 0.11491000 0.20564900
vt 0.29233000 0.26093300
vt 0.44609300 0.42614500
vt 0.80744800 0.10126100
vt 0.97910800 0.15513300
vt 0.41796600 0.01336100
vt 0.09013600 0.41772700
vt 0.14960900 0.25344700
vt 0.90300500 0.19755500
vt 0.88256400 0.23172800
vt 0.43753700 0.25491800
vt 0.45107800 0.24121100
vt 0.27245900 0.27994500
vt 0.52090500 0.35765800
vt 0.39930000 0.21772900
vt 0.04724700 0.42906500
vt 0.35917200 0.41849600
vt 0.70789500 0.51468000
vt 0.39912800 0.12872100
vt 0.27718500 0.36864200
vt 0.02662600 0.43884100
vt 0.47252900 0.21190000
vt 0.96396200 0.15513100
vt 0.39492800 0.03952500
vt 0.52244500 0.18325900
vt 0.88101600 0.26620300
vt 0.89101400 0.15281500
vt 0.37974200 0.32481900
vt 0.89890000 0.13435600
vt 0.96718500 0.15243600
vt 0.71254500 0.35944500
vt 0.11156400 0.34714700
vt 0.30446300 0.33638800
vt 0.32347000 0.28450200
vt 0.29679900 0.27642400
vt 0.05068300 0.51698500
vt 0.08669300 0.47141400
vt 0.09676100 0.45959000
vt 0.25111300 0.26480300
vt 0.03189100 0.36018500
vt 0.38867700 0.25873900
vt 0.08302700 0.37819400
vt 0.37159100 0.33300800
vt 0.27275400 0.31095800
vt 0.04668600 0.50097900
vt 0.48006300 0.21054400
vt 0.13139500 0.19471100
vt 0.37162800 0.17619900
vt 0.38710800 0.27708300
vt 0.03852700 0.39046100
vt 0.37536000 0.33152600
vt 0.24231200 0.32281900
vt 0.73273900 0.44816900
vt 0.93525200 0.17437700
vt 0.88287300 0.16549900
vt 0.37757400 0.19527900
vt 0.54000500 0.06172700
vt 0.56655400 0.21037000
vt 0.07243200 0.33976900
vt 0.93200700 0.19535300
vt 0.51182000 0.06957700
vt 0.50990300 0.08607300
vt 0.50841800 0.22479300
vt 0.52116500 0.18954600
vt 0.70902200 0.46635000
vt 0.80233600 0.28959200
vt 0.80853300 0.10522100
vt 0.83673800 0.12265700
vt 0.75835900 0.39384900
vt 0.17392300 0.21715700
vt 0.40875600 0.15893300
vt 0.05348000 0.42880700
vt 0.86474000 0.10014100
vt 0.14725700 0.31991000
vt 0.38554300 0.22604300
vt 0.38590500 0.24003700
vt 0.41545200 0.11088400
vt 0.12673200 0.21197200
vt 0.49398800 0.04343400
vt 0.13054900 0.35701000
vt 0.20773200 0.23638600
vt 0.64423600 0.43952900
vt 0.17968000 0.23571600
vt 0.47726400 0.17813400
vt 0.43317300 0.21159000
vt 0.32885900 0.36889000
vt 0.15351200 0.20510900
vt 0.55943600 0.28513400
vt 0.44611600 0.18381900
vt 0.86783300 0.15852500
vt 0.84146400 0.24835400
vt 0.81549100 0.12058500
vt 0.09671500 0.39859800
vt 0.34484300 0.31003400
vt 0.89301100 0.24973600
vt 0.51829200 0.18983300
vt 0.27649500 0.29525600
vt 0.67545700 0.47932700
vt 0.40350100 0.43541600
vt 0.86929200 0.12638700
vt 0.20850400 0.29088400
vt 0.37925400 0.28911800
vt 0.95860700 0.13949600
vt 0.23999700 0.25929500
vt 0.27297900 0.29896300
vt 0.24657800 0.36001200
vt 0.22925400 0.32582100
vt 0.68510400 0.41250100
vt 0.26027100 0.32322000
vt 0.93101400 0.16697300
vt 0.38339200 0.16071600
vt 0.84698000 0.27426500
vt 0.41084800 0.38115200
vt 0.59129800 0.13662400
vt 0.96660400 0.26693300
vt 0.36868200 0.30427600
vt 0.40809400 0.28763400
vt 0.58923100 0.09440800
vt 0.07546400 0.47263400
vt 0.04616200 0.37829000
vt 0.72994000 0.44545200
vt 0.51528300 0.37444900
vt 0.55639400 0.36221800
vt 0.40138800 0.04546700
vt 0.27732000 0.33324600
vt 0.32008100 0.40206100
vt 0.02620700 0.48960000
vt 0.12766000 0.19029000
vt 0.92229600 0.16887800
vt 0.27196200 0.36222200
vt 0.51073500 0.17438400
vt 0.72443600 0.16550600
vt 0.56952400 0.07803800
vt 0.49498400 0.18631200
vt 0.84012000 0.37271900
vt 0.96844700 0.27993400
vt 0.70933000 0.35268200
vt 0.84504700 0.35683100
vt 0.08046200 0.26953400
vt 0.52566900 0.14563400
vt 0.61514400 0.41417000
vt 0.36526500 0.11580200
vt 0.25369000 0.28111400
vt 0.36766700 0.33882900
vt 0.10779300 0.43845500
vt 0.23193700 0.24800700
vt 0.39733100 0.02488100
vt 0.35158600 0.38106300
vt 0.97015800 0.15016400
vt 0.96176600 0.27918000
vt 0.49403100 0.38559800
vt 0.86809200 0.10543300
vt 0.53373000 0.18045600
vt 0.47118300 0.17607200
vt 0.49992800 0.20244000
vt 0.98439400 0.18729800
vt 0.05146800 0.36587300
vt 0.41906700 0.05943400
vt 0.05105100 0.42644100
vt 0.75646000 0.24489800
vt 0.18580700 0.23544900
vt 0.20649800 0.28396700
vt 0.10601500 0.35579000
vt 0.20741500 0.31267500
vt 0.03350300 0.49850400
vt 0.40937500 0.21739900
vt 0.04040300 0.37337700
vt 0.85367800 0.14255800
vt 0.69144500 0.34360100
vt 0.28581500 0.32337700
vt 0.94714300 0.23257700
vt 0.69261000 0.36132000
vt 0.42358300 0.04531400
vt 0.96960800 0.26896500
vt 0.75844000 0.44498200
vt 0.08005000 0.27685200
vt 0.29076900 0.32499100
vt 0.09847000 0.34167900
vt 0.56703900 0.08553700
vt 0.68625000 0.39981400
vt 0.25708800 0.30316100
vt 0.53201700 0.34092300
vt 0.87827200 0.25991800
vt 0.17845500 0.21975900
vt 0.30855900 0.30330700
vt 0.05496200 0.33698800
vt 0.98149600 0.24999100
vt 0.17019300 0.48293600
vt 0.95112200 0.25570600
vt 0.82208500 0.09698900
vt 0.35525900 0.11155100
vt 0.85737500 0.20942500
vt 0.39381200 0.01882700
vt 0.99231100 0.17786900
vt 0.12578600 0.53252800
vt 0.14173000 0.22876000
vt 0.40909100 0.20611500
vt 0.96109700 0.16743800
vt 0.64087500 0.20404300
vt 0.45587600 0.26944700
vt 0.75254300 0.25005900
vt 0.96623000 0.23395300
vt 0.95567000 0.28036100
vt 0.44019300 0.03603600
vt 0.76976900 0.23448200
vt 0.25523100 0.29287900
vt 0.07991600 0.48904600
vt 0.85593500 0.09608700
vt 0.11628400 0.35510300
vt 0.64114000 0.19492800
vt 0.39562800 0.16243300
vt 0.87168400 0.22643700
vt 0.11165000 0.41889500
vt 0.69740800 0.34733200
vt 0.51855000 0.18282000
vt 0.90251500 0.17959000
vt 0.54111300 0.35386300
vt 0.52329300 0.35885000
vt 0.24584800 0.29336900
vt 0.40505600 0.25841400
vt 0.70104500 0.35211200
vt 0.25960400 0.26013300
vt 0.18818400 0.21516100
vt 0.71117500 0.31901100
vt 0.59490400 0.28066300
vt 0.45886200 0.05941000
vt 0.70140300 0.35041700
vt 0.16679800 0.29849000
vt 0.43996500 0.23741500
vt 0.54432600 0.06435900
vt 0.54155800 0.17543500
vt 0.40686100 0.29138600
vt 0.68688800 0.18128700
vt 0.08374300 0.44583000
vt 0.14078200 0.19051400
vt 0.80236600 0.33343500
vt 0.51034200 0.13055400
vt 0.18015400 0.20071600
vt 0.50070100 0.16649200
vt 0.90272500 0.18270500
vt 0.51201600 0.19500700
vt 0.87496100 0.26589900
vt 0.06175600 0.44762800
vt 0.88433100 0.26134000
vt 0.48549600 0.11191100
vt 0.31522400 0.34427400
vt 0.85549400 0.12903200
vt 0.46905100 0.18650900
vt 0.16875300 0.32098400
vt 0.12915000 0.26063400
vt 0.33786800 0.30093200
vt 0.41521500 0.10213300
vt 0.65564900 0.20616900
vt 0.28699800 0.25587800
vt 0.06093400 0.42610300
vt 0.11776000 0.24806100
vt 0.69529300 0.31779500
vt 0.97687500 0.26942200
vt 0.85598100 0.08528100
vt 0.41183400 0.15762900
vt 0.39960800 0.04497300
vt 0.14778100 0.22541500
vt 0.55002600 0.16595100
vt 0.18472000 0.40155300
vt 0.40416200 0.17353900
vt 0.86003600 0.09430700
vt 0.63917400 0.22857400
vt 0.86186600 0.07770800
vt 0.56005300 0.05730800
vt 0.29745900 0.39659700
vt 0.66637000 0.22176700
vt 0.46088200 0.06164700
vt 0.03660200 0.39844500
vt 0.25023700 0.34261700
vt 0.03137000 0.50561000
vt 0.14448200 0.18479400
vt 0.18078500 0.19341200
vt 0.10007400 0.25351300
vt 0.14275100 0.45427700
vt 0.13315300 0.26309000
vt 0.36899800 0.34414100
vt 0.42930000 0.05686900
vt 0.19994800 0.30934700
vt 0.47025800 0.22070900
vt 0.89491000 0.20260200
vt 0.44471600 0.24599600
vt 0.36984200 0.27662700
vt 0.84260800 0.13346800
vt 0.66335500 0.39712600
vt 0.10021400 0.38219100
vt 0.55570800 0.32064300
vt 0.32205600 0.39502300
vt 0.37573000 0.25618800
vt 0.44513800 0.11664300
vt 0.07782700 0.37492900
vt 0.11182800 0.37591200
vt 0.49155100 0.08933700
vt 0.45079400 0.28335900
vt 0.49402600 0.05167400
vt 0.25914700 0.30289500
vt 0.13799900 0.35362000
vt 0.38559600 0.24674400
vt 0.73102000 0.30170600
vt 0.42069300 0.05147000
vt 0.37124800 0.10274900
vt 0.48116500 0.19416400
vt 0.87245400 0.08178000
vt 0.22727900 0.19322400
vt 0.56506800 0.08379200
vt 0.14956000 0.32883900
vt 0.35411600 0.34377900
vt 0.72914000 0.30465900
vt 0.26950500 0.36109600
vt 0.87844800 0.19958500
vt 0.17132900 0.45951700
vt 0.39406800 0.30551600
vt 0.13693100 0.25641800
vt 0.28426500 0.33843700
vt 0.33346500 0.29931100
vt 0.41256100 0.01224500
vt 0.98053500 0.16065900
vt 0.44226100 0.21424000
vt 0.39075300 0.08164500
vt 0.44805300 0.02075500
vt 0.89716600 0.24922200
vt 0.93831300 0.14197800
vt 0.36604100 0.14385800
vt 0.49203900 0.03590300
vt 0.24196400 0.29531300
vt 0.56630600 0.07845600
vt 0.36681800 0.29514300
vt 0.51304200 0.13945600
vt 0.69799900 0.20858100
vt 0.43875000 0.01163800
vt 0.48710500 0.07682100
vt 0.96096200 0.14336700
vt 0.93634000 0.23819500
vt 0.14055100 0.21424100
vt 0.40667300 0.03015600
vt 0.79495400 0.44356700
vt 0.07518700 0.38364200
vt 0.53001700 0.08524800
vt 0.73321300 0.29815400
vt 0.86721900 0.24447600
vt 0.67943900 0.18183200
vt 0.47248300 0.04645000
vt 0.32548200 0.29104300
vt 0.42710200 0.19173200
vt 0.80063100 0.10641300
vt 0.47437500 0.12214400
vt 0.23511300 0.28519800
vt 0.28113000 0.37594600
vt 0.06966900 0.31202000
vt 0.69690700 0.17860800
vt 0.31926000 0.29548300
vt 0.51710100 0.36763000
vt 0.39139300 0.08850600
vt 0.15201100 0.29305000
vt 0.95641500 0.15463400
vt 0.48069200 0.07871100
vt 0.11209600 0.24982500
vt 0.45006500 0.15259300
vt 0.41948600 0.19034700
vt 0.08085900 0.33164100
vt 0.50664500 0.08851700
vt 0.75537400 0.37932500
vt 0.71976300 0.19276000
vt 0.43001500 0.05180200
vt 0.79038200 0.44958000
vt 0.16380900 0.48440600
vt 0.60916300 0.41336100
vt 0.46171900 0.27356400
vt 0.54662300 0.16732700
vt 0.24085000 0.27302300
vt 0.75891400 0.44874300
vt 0.11384700 0.24702100
vt 0.37233200 0.19268300
vt 0.13952400 0.51054900
vt 0.47787900 0.05802300
vt 0.84360300 0.09720300
vt 0.42139400 0.02270200
vt 0.95956000 0.17542800
vt 0.51551800 0.32656900
vt 0.19231100 0.24019800
vt 0.76779100 0.15944400
vt 0.40802800 0.14090800
vt 0.14022400 0.29896200
vt 0.76971300 0.24903400
vt 0.61965400 0.29683300
vt 0.86554900 0.18292600
vt 0.06557300 0.39785200
vt 0.29030300 0.37154500
vt 0.14655000 0.24017400
vt 0.44723500 0.11806300
vt 0.16521300 0.23137000
vt 0.54757200 0.12359400
vt 0.35175400 0.35861200
vt 0.37993800 0.08855900
vt 0.80968600 0.22170200
vt 0.05036100 0.38624800
vt 0.61293400 0.41026900
vt 0.66095700 0.32985700
vt 0.29101900 0.35801700
vt 0.37358500 0.33710900
vt 0.39142600 0.15484600
vt 0.47020300 0.18850800
vt 0.33269400 0.33761000
vt 0.16437500 0.44451500
vt 0.40420700 0.28779000
vt 0.24009200 0.31711900
vt 0.90841600 0.15064900
vt 0.45085800 0.14987000
vt 0.80263600 0.14174300
vt 0.88796600 0.23675500
vt 0.30252300 0.27000900
vt 0.59634300 0.24914100
vt 0.24923800 0.36126200
vt 0.89064500 0.20239900
vt 0.02959700 0.47001200
vt 0.85072700 0.10301600
vt 0.45284400 0.27520300
vt 0.93354600 0.24064000
vt 0.22462200 0.30878400
vt 0.35435600 0.31175600
vt 0.77814400 0.26960300
vt 0.45126000 0.18539500
vt 0.19924400 0.24553100
vt 0.84860300 0.10568900
vt 0.06063100 0.41991400
vt 0.91151100 0.15734400
vt 0.30566200 0.27182700
vt 0.19986300 0.31347500
vt 0.88987500 0.13810700
vt 0.57234700 0.31736900
vt 0.43141300 0.19691800
vt 0.11017100 0.42970000
vt 0.46914000 0.08837000
vt 0.06941600 0.30660400
vt 0.96610100 0.19994900
vt 0.43118000 0.02359100
vt 0.07085200 0.34598800
vt 0.65732700 0.39313700
vt 0.13146500 0.25831700
vt 0.36256000 0.26994600
vt 0.80859600 0.09418100
vt 0.06935300 0.33792300
vt 0.31174600 0.39449500
vt 0.05851400 0.43393800
vt 0.37228400 0.28422200
vt 0.16540600 0.51209900
vt 0.92275900 0.14572100
vt 0.19204300 0.23663500
vt 0.07633800 0.38850600
vt 0.54549900 0.21834500
vt 0.74532100 0.24895800
vt 0.92021500 0.21931400
vt 0.08969900 0.49349500
vt 0.60222500 0.27155100
vt 0.21093300 0.32235900
vt 0.47000600 0.16082700
vt 0.09649600 0.40554900
vt 0.41072700 0.28142300
vt 0.47452100 0.42681000
vt 0.71594900 0.35332400
vt 0.28622000 0.29710100
vt 0.25104700 0.36307800
vt 0.90577000 0.21333700
vt 0.89724800 0.14245700
vt 0.38798700 0.21555200
vt 0.25498200 0.28939200
vt 0.65590700 0.39483600
vt 0.20440200 0.19258600
vt 0.48255900 0.41458900
vt 0.64508700 0.32097500
vt 0.09842200 0.44840900
vt 0.73905000 0.30832900
vt 0.42992200 0.06267300
vt 0.46258500 0.12356300
vt 0.61650900 0.26873000
vt 0.55929400 0.10688600
vt 0.65641400 0.21418200
vt 0.53042800 0.34658400
vt 0.53205300 0.34485800
vt 0.59544600 0.17653000
vt 0.41932000 0.38282300
vt 0.36227300 0.16874100
vt 0.15854100 0.31038700
vt 0.12072400 0.43002000
vt 0.05577400 0.50327900
vt 0.59292700 0.23779700
vt 0.41381600 0.24658200
vt 0.03778300 0.45837400
vt 0.13360400 0.36291200
vt 0.02584000 0.47803700
vt 0.11679800 0.19317800
vt 0.51199300 0.37010600
vt 0.39409300 0.02921800
vt 0.24939700 0.18816500
vt 0.40800400 0.09901200
vt 0.81905300 0.24708000
vt 0.06519400 0.34596900
vt 0.23615900 0.28883100
vt 0.39838100 0.23507500
vt 0.38329700 0.05818600
vt 0.19996000 0.25960600
vt 0.18477900 0.20459400
vt 0.42292600 0.18515800
vt 0.42254000 0.15747500
vt 0.50097700 0.17887700
vt 0.91265100 0.13680300
vt 0.69594400 0.34704500
vt 0.48578700 0.20015200
vt 0.41880900 0.26500600
vt 0.15839600 0.23486500
vt 0.59341800 0.08991000
vt 0.80845400 0.08436800
vt 0.14452900 0.30976900
vt 0.92359100 0.21928700
vt 0.49996200 0.36248700
vt 0.63839600 0.18190100
vt 0.41565100 0.32044000
vt 0.18156000 0.43743900
vt 0.83085100 0.39700100
vt 0.25612000 0.33786600
vt 0.46287000 0.41231300
vt 0.51761900 0.13415600
vt 0.47037800 0.43215800
vt 0.60967400 0.41632000
vt 0.30746400 0.25256700
vt 0.35622000 0.14057300
vt 0.31521100 0.40445200
vt 0.42056400 0.20257600
vt 0.97803300 0.21996300
vt 0.16692200 0.51137500
vt 0.92995200 0.20419600
vt 0.23200000 0.34971000
vt 0.88264200 0.12704400
vt 0.43268500 0.03280500
vt 0.63668900 0.30253800
vt 0.13514300 0.30751200
vt 0.52280400 0.13023700
vt 0.21142100 0.32980300
vt 0.23933200 0.38528300
vt 0.46416300 0.22213600
vt 0.85579300 0.09297200
vt 0.51516700 0.08167300
vt 0.49904100 0.30576200
vt 0.13780200 0.51697600
vt 0.03342400 0.39947200
vt 0.96721400 0.14915300
vt 0.14623000 0.25046100
vt 0.87049300 0.08732800
vt 0.10103300 0.22833500
vt 0.37430600 0.08908800
vt 0.73628000 0.27978400
vt 0.16143100 0.19839600
vt 0.29065300 0.29403400
vt 0.03692800 0.36955600
vt 0.82683100 0.10400900
vt 0.04851500 0.45884900
vt 0.86940800 0.09684600
vt 0.12228000 0.30749100
vt 0.94701600 0.27917300
vt 0.98069400 0.27790400
vt 0.32931400 0.29363000
vt 0.17959700 0.35098300
vt 0.13435300 0.30223100
vt 0.22388600 0.32352200
vt 0.23753800 0.32118600
vt 0.14185900 0.50047200
vt 0.97585300 0.28014000
vt 0.83568200 0.37994500
vt 0.08312300 0.48947700
vt 0.87200800 0.25617300
vt 0.16423500 0.47783900
vt 0.39347300 0.13492600
vt 0.04280100 0.38208500
vt 0.75566100 0.27715300
vt 0.41938900 0.06232300
vt 0.37374700 0.31505500
vt 0.38816800 0.09101800
vt 0.67474200 0.30664300
vt 0.86791100 0.13108300
vt 0.43644700 0.02683500
vt 0.35897000 0.31053600
vt 0.26259700 0.28190800
vt 0.47113000 0.16866200
vt 0.63828500 0.28397800
vt 0.06239100 0.39706800
vt 0.66635400 0.15801300
vt 0.08803100 0.33126500
vt 0.74131100 0.25750900
vt 0.14997800 0.51543700
vt 0.88709500 0.13812000
vt 0.59930500 0.39537300
vt 0.86694400 0.23242800
vt 0.48837400 0.30480100
vt 0.81274900 0.08652500
vt 0.25863500 0.30869300
vt 0.47384300 0.18006400
vt 0.17266000 0.20106700
vt 0.07173200 0.25132000
vt 0.08526400 0.24878100
vt 0.52641700 0.18881000
vt 0.85142700 0.27650100
vt 0.12914400 0.21662700
vt 0.10819200 0.23659800
vt 0.05043800 0.38236900
vt 0.54504900 0.29322500
vt 0.82869500 0.21304100
vt 0.94344600 0.19707800
vt 0.05173400 0.33608200
vt 0.80859800 0.42969200
vt 0.20381000 0.39623900
vt 0.85837400 0.21491900
vt 0.86179500 0.22991100
vt 0.28201700 0.27771500
vt 0.87707700 0.08223500
vt 0.10134500 0.40000500
vt 0.09336200 0.43742600
vt 0.10409400 0.41846600
vt 0.15455800 0.27187400
vt 0.41033400 0.05721100
vt 0.22788500 0.37130000
vt 0.38855700 0.22481700
vt 0.08008500 0.26022800
vt 0.51094900 0.17247500
vt 0.33983800 0.28701100
vt 0.31074800 0.40879600
vt 0.73890500 0.52093500
vt 0.92576200 0.13741600
vt 0.44592800 0.33459300
vt 0.05634800 0.43646200
vt 0.07575600 0.35094900
vt 0.08703300 0.51176900
vt 0.35691000 0.32543000
vt 0.55503500 0.30156300
vt 0.71835100 0.49638900
vt 0.42662600 0.26407500
vt 0.14758000 0.19780800
vt 0.44874800 0.43530600
vt 0.04542400 0.34920500
vt 0.90418200 0.18708500
vt 0.94899600 0.22923000
vt 0.89916800 0.12889200
vt 0.53483200 0.06093500
vt 0.94821100 0.21958100
vt 0.10635700 0.20321300
vt 0.02069500 0.46469200
vt 0.92802200 0.18056700
vt 0.20078200 0.23857200
vt 0.76736500 0.24121000
vt 0.92644000 0.20641400
vt 0.50931800 0.37365100
vt 0.47556000 0.12453800
vt 0.66663500 0.38888300
vt 0.73090300 0.29954900
vt 0.39773100 0.04916200
vt 0.53698500 0.17941700
vt 0.73214400 0.42569600
vt 0.41535700 0.17181700
vt 0.11901100 0.26458900
vt 0.08197300 0.24534300
vt 0.22901700 0.24730200
vt 0.14626200 0.22520800
vt 0.03842300 0.37766400
vt 0.72155900 0.49500700
vt 0.93316600 0.22286600
vt 0.13499500 0.51699400
vt 0.24367400 0.29871900
vt 0.15009000 0.50143100
vt 0.86798500 0.13462000
vt 0.38703000 0.27423300
vt 0.46371900 0.43003500
vt 0.46501200 0.06395500
vt 0.38889000 0.36506800
vt 0.37799400 0.19365400
vt 0.41674000 0.43388400
vt 0.43347300 0.05188400
vt 0.88636800 0.24380800
vt 0.15973000 0.30564300
vt 0.86034100 0.21837800
vt 0.41903900 0.05039600
vt 0.55216400 0.31815700
vt 0.06333200 0.42290900
vt 0.26240300 0.36965400
vt 0.88592700 0.23110700
vt 0.40553000 0.25115900
vt 0.26107300 0.31137600
vt 0.36050400 0.11614700
vt 0.65508900 0.27451900
vt 0.44817100 0.15936000
vt 0.38166700 0.18453000
vt 0.35065600 0.38002300
vt 0.06551300 0.53512100
vt 0.20065500 0.18336600
vt 0.15190200 0.29057400
vt 0.34978900 0.37507900
vt 0.43759400 0.24554600
vt 0.85489000 0.10647400
vt 0.39269400 0.26471400
vt 0.55001400 0.10013100
vt 0.13645000 0.43218100
vt 0.04579200 0.41854200
vt 0.41546600 0.11832500
vt 0.29270900 0.38054200
vt 0.85774900 0.13169400
vt 0.09378700 0.36294400
vt 0.87970000 0.24387400
vt 0.12491700 0.51852000
vt 0.25846600 0.27193600
vt 0.40854400 0.17870200
vt 0.59208800 0.15537400
vt 0.42548100 0.14420100
vt 0.76015000 0.48679900
vt 0.11704900 0.27730900
vt 0.24869800 0.33789300
vt 0.70550400 0.19740400
vt 0.39271400 0.23459500
vt 0.24619900 0.35463000
vt 0.77795000 0.17549200
vt 0.26335300 0.26137800
vt 0.74790200 0.28916900
vt 0.40961200 0.15014600
vt 0.16834700 0.36782300
vt 0.21753800 0.37226100
vt 0.29728400 0.26021200
vt 0.87957800 0.20489300
vt 0.59199400 0.17135700
vt 0.33969600 0.26079700
vt 0.35802600 0.17312600
vt 0.10502100 0.42491700
vt 0.88375800 0.19751600
vt 0.54223500 0.07486900
vt 0.08330200 0.34526900
vt 0.32615200 0.25919200
vt 0.14760400 0.45937700
vt 0.17523600 0.44983900
vt 0.50397900 0.12094000
vt 0.72753100 0.29653100
vt 0.60103400 0.16388400
vt 0.86910600 0.30827700
vt 0.83738300 0.23960500
vt 0.40489800 0.15351400
vt 0.26862700 0.28910500
vt 0.23913100 0.38887600
vt 0.77885300 0.46967600
vt 0.91408100 0.20194800
vt 0.79806900 0.13234700
vt 0.46064100 0.08252300
vt 0.95258200 0.20729300
vt 0.25599500 0.39787900
vt 0.76753000 0.48248500
vt 0.89065600 0.23397600
vt 0.18449500 0.25869900
vt 0.90309300 0.24453000
vt 0.90167200 0.16367400
vt 0.22173600 0.32722200
vt 0.15136500 0.28243700
vt 0.91378200 0.20555900
vt 0.80467400 0.23483300
vt 0.28959500 0.36998900
vt 0.04014600 0.34676900
vt 0.24955400 0.28031800
vt 0.42092900 0.25454500
vt 0.96046700 0.21256000
vt 0.37490000 0.26733200
vt 0.39389600 0.02051500
vt 0.12463600 0.53386200
vt 0.25344400 0.17973500
vt 0.16663200 0.26014200
vt 0.51851000 0.35916300
vt 0.44817500 0.23736800
vt 0.57232900 0.36522700
vt 0.24175300 0.33835300
vt 0.20244400 0.23595600
vt 0.27615700 0.26448400
vt 0.89897400 0.12738300
vt 0.73609600 0.27736100
vt 0.74107000 0.25163200
vt 0.47364000 0.19863000
vt 0.91858800 0.22374200
vt 0.52547500 0.35206000
vt 0.92837700 0.22189700
vt 0.16832300 0.40773500
vt 0.50250500 0.20550000
vt 0.74656000 0.18771900
vt 0.47594400 0.16116100
vt 0.15649200 0.24130500
vt 0.40195900 0.06906500
vt 0.24266500 0.33194800
vt 0.33420900 0.33595200
vt 0.14024400 0.22448900
vt 0.61165800 0.30870000
vt 0.21363000 0.31615600
vt 0.29662100 0.39043400
vt 0.92785900 0.28419000
vt 0.85923400 0.33400600
vt 0.29295400 0.29733500
vt 0.77753700 0.46740500
vt 0.92883600 0.15944100
vt 0.54049600 0.14507100
vt 0.38396100 0.32711600
vt 0.12086100 0.21318100
vt 0.01635800 0.43499600
vt 0.13304900 0.39651600
vt 0.87524200 0.23120300
vt 0.39212700 0.06540300
vt 0.14525800 0.21253600
vt 0.52971500 0.08028000
vt 0.63194600 0.41573100
vt 0.69306200 0.17729000
vt 0.41340700 0.04563000
vt 0.81000700 0.15179200
vt 0.41716300 0.10758500
vt 0.38925100 0.15222200
vt 0.20902200 0.36775900
vt 0.02493200 0.37488900
vt 0.46078600 0.23250400
vt 0.30179600 0.30148200
vt 0.39406300 0.15352700
vt 0.45061900 0.01921700
vt 0.04550000 0.46805000
vt 0.47725300 0.06657800
vt 0.14435700 0.26360300
vt 0.29160500 0.25563700
vt 0.08710500 0.49921700
vt 0.69885800 0.35093400
vt 0.23999400 0.32097600
vt 0.18849300 0.24941900
vt 0.90448900 0.17184900
vt 0.43480700 0.22588200
vt 0.85766400 0.11903200
vt 0.62105600 0.10783100
vt 0.77700700 0.10908100
vt 0.39000200 0.29200200
vt 0.45871400 0.19924400
vt 0.90379300 0.11423400
vt 0.50597600 0.03315300
vt 0.47155300 0.05801000
vt 0.20548900 0.30882200
vt 0.42541600 0.05132800
vt 0.14858200 0.23525800
vt 0.16158900 0.19094000
vt 0.69322700 0.34665600
vt 0.87617400 0.24767300
vt 0.32485300 0.27008800
vt 0.02641600 0.40031000
vt 0.30161200 0.35581400
vt 0.42394300 0.05624700
vt 0.04232000 0.48920200
vt 0.50800400 0.18065600
vt 0.34486500 0.28586100
vt 0.39461200 0.27047500
vt 0.85629400 0.20174800
vt 0.01282900 0.40758300
vt 0.62285600 0.42618900
vt 0.04701500 0.47270600
vt 0.23390000 0.35870600
vt 0.50376700 0.19469000
vt 0.83876000 0.12516500
vt 0.83010600 0.11039900
vt 0.76409500 0.38896300
vt 0.98015300 0.24767700
vt 0.05732100 0.42506100
vt 0.51533900 0.17445100
vt 0.37830400 0.12748300
vt 0.22172400 0.24707500
vt 0.50919400 0.19328700
vt 0.92128800 0.23467200
vt 0.82796700 0.11610400
vt 0.42492900 0.20809500
vt 0.40392600 0.09255100
vt 0.80033500 0.44625500
vt 0.21167900 0.37538100
vt 0.16932600 0.19217400
vt 0.12925000 0.20259100
vt 0.52357400 0.07062600
vt 0.40987200 0.26044700
vt 0.74403800 0.26849900
vt 0.91761000 0.23924400
vt 0.94573500 0.15116000
vt 0.39884300 0.26239200
vt 0.37891200 0.13621700
vt 0.14596400 0.21992500
vt 0.49514200 0.16246400
vt 0.40297500 0.33908000
vt 0.06905300 0.45344300
vt 0.84859100 0.10045800
vt 0.91954800 0.13461300
vt 0.57477800 0.09291400
vt 0.43052900 0.02710800
vt 0.90210800 0.15021900
vt 0.57971100 0.10447100
vt 0.46579000 0.21063100
vt 0.24504700 0.26499600
vt 0.49933700 0.03143200
vt 0.33840600 0.35918800
vt 0.09233500 0.47365200
vt 0.64769200 0.27316700
vt 0.01719500 0.40199300
vt 0.39151200 0.23098500
vt 0.57833400 0.08740200
vt 0.25783400 0.32138800
vt 0.72482900 0.31045600
vt 0.07415800 0.28548900
vt 0.63056300 0.41147200
vt 0.55202200 0.30185500
vt 0.85422700 0.11984900
vt 0.44903900 0.22388600
vt 0.43196300 0.25953300
vt 0.33908600 0.34316800
vt 0.86296900 0.23233400
vt 0.17047000 0.46419700
vt 0.03262500 0.49087000
vt 0.44971300 0.20343700
vt 0.48950200 0.13767600
vt 0.51815000 0.12599900
vt 0.17425700 0.27713500
vt 0.69424400 0.20336200
vt 0.22289800 0.21296600
vt 0.26525000 0.32425700
vt 0.43534700 0.01370500
vt 0.54714900 0.12856100
vt 0.23632500 0.36453200
vt 0.62379100 0.41048400
vt 0.71634100 0.19678600
vt 0.09293200 0.45079600
vt 0.02692800 0.49630000
vt 0.13472500 0.18862200
vt 0.96902200 0.24740700
vt 0.97350900 0.15669100
vt 0.45785400 0.14533200
vt 0.15096900 0.40010200
vt 0.20816500 0.25062400
vt 0.94270400 0.15841300
vt 0.29658100 0.34314500
vt 0.39287700 0.31089700
vt 0.43277500 0.42719500
vt 0.70063900 0.31182900
vt 0.65340600 0.22035300
vt 0.27808200 0.27006900
vt 0.92371600 0.18698100
vt 0.54368500 0.05430600
vt 0.05540500 0.43156600
vt 0.20390500 0.26803100
vt 0.24061200 0.31201500
vt 0.84659800 0.26976000
vt 0.93761500 0.19273500
vt 0.36745900 0.16360500
vt 0.10978100 0.29948900
vt 0.39147600 0.13177600
vt 0.53580200 0.14096100
vt 0.07129200 0.30904500
vt 0.38605600 0.32198000
vt 0.13671400 0.19870300
vt 0.15373900 0.36919500
vt 0.23858400 0.31267300
vt 0.46912600 0.05276800
vt 0.08479500 0.23524800
vt 0.31304300 0.34536600
vt 0.46557700 0.13484600
vt 0.17615100 0.44648600
vt 0.16171500 0.22695900
vt 0.73086500 0.31600100
vt 0.17713600 0.26138100
vt 0.49743400 0.40139300
vt 0.57914800 0.38647700
vt 0.12161300 0.27706900
vt 0.15834000 0.38447500
vt 0.84364200 0.17478800
vt 0.50882500 0.15656200
vt 0.51200400 0.16856900
vt 0.89717700 0.13711700
vt 0.08093000 0.44264000
vt 0.09520700 0.42730700
vt 0.47336600 0.05277100
vt 0.06386900 0.30453800
vt 0.38188100 0.10455500
vt 0.87307000 0.17633500
vt 0.07599000 0.35325400
vt 0.26583400 0.37165900
vt 0.83531300 0.37619500
vt 0.85688400 0.10972800
vt 0.75521000 0.25298000
vt 0.31220600 0.32752900
vt 0.88628300 0.25389500
vt 0.19565000 0.30134200
vt 0.64170300 0.20900400
vt 0.79293200 0.44740100
vt 0.05042200 0.41791100
vt 0.46892300 0.42738700
vt 0.41087200 0.09074300
vt 0.28892900 0.38620400
vt 0.05731800 0.48229400
vt 0.08161600 0.35524000
vt 0.30810400 0.34203100
vt 0.13021900 0.49622100
vt 0.52214300 0.10638600
vt 0.39437900 0.22673100
vt 0.28115200 0.36419100
vt 0.50886200 0.36373900
vt 0.42631200 0.20280600
vt 0.52601200 0.18005400
vt 0.90096000 0.18030400
vt 0.51015100 0.10659400
vt 0.03137900 0.35292600
vt 0.06227400 0.29716700
vt 0.73245500 0.52757600
vt 0.41127500 0.05557300
vt 0.17618200 0.44216700
vt 0.74308800 0.25346800
vt 0.56139200 0.30867600
vt 0.87229400 0.09788200
vt 0.88909000 0.13375000
vt 0.23998400 0.25205900
vt 0.09697900 0.30655600
vt 0.61409500 0.25668400
vt 0.60881800 0.26205400
vt 0.86925700 0.10798600
vt 0.08797600 0.35104400
vt 0.61745400 0.30695600
vt 0.25737500 0.32865100
vt 0.82714800 0.11933700
vt 0.16801700 0.47518100
vt 0.35587300 0.27021700
vt 0.97925000 0.18982000
vt 0.94182300 0.17962800
vt 0.27721500 0.40270700
vt 0.06820400 0.48814400
vt 0.30477100 0.26818200
vt 0.07938000 0.39225700
vt 0.51664500 0.07624000
vt 0.29721000 0.38542000
vt 0.31851000 0.25261900
vt 0.35815200 0.15041400
vt 0.70004000 0.20757700
vt 0.28276000 0.30987200
vt 0.95001400 0.19429100
vt 0.17697600 0.44448500
vt 0.43848100 0.06032800
vt 0.97554700 0.26295000
vt 0.21167000 0.27998400
vt 0.59847600 0.27225200
vt 0.43100400 0.26832700
vt 0.52946200 0.34483300
vt 0.93502900 0.23319500
vt 0.08376400 0.34842300
vt 0.66756900 0.37004100
vt 0.04207200 0.34690900
vt 0.15681500 0.30158200
vt 0.03446300 0.37625100
vt 0.16762100 0.19614800
vt 0.78837500 0.17902800
vt 0.51542000 0.19117800
vt 0.86464700 0.12833800
vt 0.26077100 0.31606700
vt 0.15286000 0.49399800
vt 0.42675000 0.21719500
vt 0.05547500 0.44548100
vt 0.64630100 0.31503200
vt 0.24498300 0.22160000
vt 0.37669200 0.05677700
vt 0.39175800 0.42684800
vt 0.47840400 0.08319900
vt 0.02983900 0.43146800
vt 0.26197700 0.32685500
vt 0.37284400 0.34231500
vt 0.36735100 0.07958300
vt 0.17204900 0.20390500
vt 0.94884800 0.23639100
vt 0.61156900 0.41447100
vt 0.30041700 0.37013600
vt 0.05120200 0.39494400
vt 0.34206900 0.34686400
vt 0.06674500 0.30419900
vt 0.24540200 0.34961700
vt 0.64150200 0.29434100
vt 0.04964900 0.33371100
vt 0.72378000 0.19651900
vt 0.08954500 0.36589300
vt 0.22371400 0.35652500
vt 0.12243300 0.53399100
vt 0.25125900 0.17982500
vt 0.46253800 0.42378300
vt 0.05356600 0.35364200
vt 0.15261400 0.21845400
vt 0.94596100 0.23481900
vt 0.15616900 0.22367900
vt 0.59991200 0.11981600
vt 0.21947200 0.28954700
vt 0.53453800 0.13329300
vt 0.39171600 0.07408200
vt 0.71719800 0.21282800
vt 0.08518100 0.42907300
vt 0.15512800 0.49185200
vt 0.45685800 0.01140300
vt 0.94381000 0.13349300
vt 0.31988400 0.26927200
vt 0.41292700 0.26056700
vt 0.96335300 0.23339300
vt 0.72574000 0.45264200
vt 0.49219900 0.10494600
vt 0.74854900 0.25383200
vt 0.07760100 0.46777000
vt 0.07199400 0.43213600
vt 0.13996300 0.30919200
vt 0.36375000 0.12070300
vt 0.74085000 0.24462500
vt 0.50151700 0.12749200
vt 0.15800200 0.24737500
vt 0.21863900 0.30334300
vt 0.92275100 0.20523200
vt 0.80280600 0.14986900
vt 0.51860000 0.11182800
vt 0.83847000 0.15733900
vt 0.05500300 0.48379100
vt 0.25699700 0.29953500
vt 0.43647300 0.28091600
vt 0.50774000 0.37938300
vt 0.52403700 0.15999000
vt 0.45587900 0.17993700
vt 0.24207100 0.30244100
vt 0.67194500 0.35627900
vt 0.12620600 0.25685300
vt 0.27964900 0.37193500
vt 0.60386900 0.16208200
vt 0.54329900 0.16240900
vt 0.53237300 0.15220300
vt 0.65711800 0.40336900
vt 0.15747700 0.48622000
vt 0.86588700 0.08853600
vt 0.55213800 0.08020300
vt 0.38957400 0.31421200
vt 0.16615400 0.50086600
vt 0.93687900 0.19708600
vt 0.28170800 0.39075000
vt 0.43451000 0.05859800
vt 0.87496600 0.20743300
vt 0.43428200 0.21808200
vt 0.16366600 0.50900400
vt 0.92681200 0.26828200
vt 0.49004300 0.02846500
vt 0.46332900 0.18690000
vt 0.70571700 0.20229900
vt 0.47487800 0.16859800
vt 0.15553300 0.49299300
vt 0.67358400 0.16031100
vt 0.71477800 0.15968700
vt 0.75633300 0.26328100
vt 0.09759100 0.28559300
vt 0.44560200 0.34533800
vt 0.96978600 0.21612500
vt 0.48529200 0.07009800
vt 0.15006500 0.28856100
vt 0.91627000 0.22514500
vt 0.52512900 0.15262900
vt 0.53819600 0.11756300
vt 0.83568300 0.11837900
vt 0.28853700 0.29062300
vt 0.19807500 0.34341300
vt 0.28380200 0.35275500
vt 0.28375000 0.32854000
vt 0.53574100 0.09471600
vt 0.13206800 0.50632100
vt 0.31630300 0.34929500
vt 0.28096100 0.40439100
vt 0.69363300 0.36623300
vt 0.32780900 0.33278300
vt 0.93148000 0.21866600
vt 0.07079500 0.31616800
vt 0.44618700 0.06627200
vt 0.16694300 0.28291500
vt 0.74762200 0.30985400
vt 0.65380300 0.39455200
vt 0.15584200 0.19953300
vt 0.25353000 0.28965500
vt 0.84212000 0.16258000
vt 0.87907000 0.26929600
vt 0.87516900 0.29050300
vt 0.43928700 0.04070600
vt 0.51115400 0.17826300
vt 0.05267400 0.43352000
vt 0.29535000 0.28556100
vt 0.55451300 0.34286400
vt 0.75416100 0.27276200
vt 0.87095400 0.25858300
vt 0.51265300 0.14382200
vt 0.47788000 0.07364600
vt 0.73607500 0.28398600
vt 0.88335400 0.20695100
vt 0.13839700 0.27898500
vt 0.45634200 0.15333500
vt 0.30036200 0.27101600
vt 0.91799000 0.24347200
vt 0.52051800 0.07612400
vt 0.84578800 0.08686700
vt 0.45051000 0.24023100
vt 0.39150000 0.16016600
vt 0.41656400 0.06275600
vt 0.85536200 0.08943600
vt 0.21634000 0.32823400
vt 0.31367900 0.25771700
vt 0.29340200 0.38926700
vt 0.68014600 0.43144400
vt 0.42797800 0.18007700
vt 0.00768900 0.40084400
vt 0.06712000 0.25130700
vt 0.40639500 0.39886600
vt 0.58831500 0.12945100
vt 0.45856200 0.20348800
vt 0.27116300 0.37100400
vt 0.54778800 0.13690600
vt 0.18009400 0.30389400
vt 0.92498700 0.20942400
vt 0.52137900 0.33587400
vt 0.48050600 0.13732700
vt 0.14308800 0.26875400
vt 0.70830500 0.22101400
vt 0.60970200 0.25878100
vt 0.08635900 0.43345400
vt 0.61141700 0.26894800
vt 0.23279400 0.29493000
vt 0.39329600 0.07890100
vt 0.71303800 0.20965600
vt 0.18013800 0.29252900
vt 0.86305700 0.23612100
vt 0.05667500 0.36858400
vt 0.54173200 0.08354900
vt 0.54651700 0.16291200
vt 0.53160100 0.11054800
vt 0.43778200 0.22654800
vt 0.52235200 0.16512700
vt 0.44596000 0.22276700
vt 0.37194900 0.27642300
vt 0.85287200 0.11981100
vt 0.84355700 0.10643300
vt 0.88466900 0.23879800
vt 0.20096600 0.35855500
vt 0.14358800 0.43169400
vt 0.41825800 0.02556700
vt 0.49817600 0.06284700
vt 0.38552700 0.15664500
vt 0.81611900 0.08757400
vt 0.51783400 0.25703700
vt 0.33497600 0.28036700
vt 0.91221000 0.14411300
vt 0.96245900 0.21425200
vt 0.09321600 0.37525900
vt 0.97643500 0.15793900
vt 0.45935400 0.42515500
vt 0.39687500 0.19078200
vt 0.06146200 0.50688500
vt 0.06510100 0.40141900
vt 0.95425500 0.18298500
vt 0.65511100 0.26858400
vt 0.08081300 0.36855800
vt 0.31342400 0.35954400
vt 0.98346800 0.26098600
vt 0.17062000 0.47018000
vt 0.32612100 0.39899900
vt 0.13070900 0.23774700
vt 0.52038100 0.14349600
vt 0.30375300 0.40787400
vt 0.48083600 0.06702400
vt 0.03100200 0.36967400
vt 0.56081400 0.32959600
vt 0.39021800 0.24612200
vt 0.74991200 0.26518600
vt 0.75678100 0.27451700
vt 0.21206800 0.24344600
vt 0.23220200 0.31928000
vt 0.44855600 0.07108300
vt 0.86565600 0.09419300
vt 0.65060800 0.30245800
vt 0.33104300 0.34827000
vt 0.47767200 0.07529100
vt 0.34091300 0.34029200
vt 0.39599600 0.26635600
vt 0.73151700 0.18754900
vt 0.16198800 0.36646500
vt 0.49409800 0.12603800
vt 0.67696100 0.37502300
vt 0.45575200 0.19139700
vt 0.22445800 0.36688300
vt 0.40265000 0.25380200
vt 0.33010700 0.26401700
vt 0.29326100 0.26875800
vt 0.89366500 0.17243700
vt 0.39309400 0.04540900
vt 0.27570000 0.35960400
vt 0.84534700 0.28070000
vt 0.37316100 0.06427600
vt 0.24557500 0.23037500
vt 0.36693600 0.40968400
vt 0.07618200 0.30553300
vt 0.87902700 0.22069000
vt 0.50525000 0.36520900
vt 0.40324200 0.02912000
vt 0.39361700 0.14251700
vt 0.55459400 0.29725100
vt 0.47368400 0.06176600
vt 0.46309300 0.30964600
vt 0.89616000 0.27801000
vt 0.67164800 0.39968400
vt 0.39043500 0.25186900
vt 0.29133800 0.27701800
vt 0.05037600 0.44003700
vt 0.97994800 0.27491100
vt 0.49947700 0.18520400
vt 0.08648000 0.37513300
vt 0.75609000 0.14509100
vt 0.61271900 0.26338600
vt 0.54656500 0.10342600
vt 0.87985400 0.17567400
vt 0.30296400 0.36001000
f 7179/7179 4574/4574 5616/5616
f 2154/2154 1008/1008 4157/4157
f 2154/2154 4157/4157 5033/5033
f 5983/5983 5033/5033 7179/7179
f 5983/5983 2154/2154 5033/5033
f 5876/5876 1533/1533 362/362
f 8024/8024 2436/2436 3985/3985
f 4704/4704 1562/1562 3985/3985
f 3985/3985 1562/1562 3553/3553
f 4574/4574 6239/6239 2357/2357
f 6239/6239 2436/2436 1830/1830
f 6239/6239 1830/1830 6066/6066
f 8024/8024 1830/1830 2436/2436
f 2878/2878 2436/2436 6239/6239
f 2878/2878 6239/6239 4574/4574
f 4574/4574 5294/5294 7904/7904
f 2878/2878 4591/4591 2436/2436
f 4591/4591 3985/3985 2436/2436
f 4704/4704 3985/3985 4591/4591
f 5683/5683 1830/1830 8024/8024
f 7332/7332 5683/5683 8024/8024
f 3775/3775 7940/7940 5683/5683
f 7332/7332 8024/8024 3985/3985
f 3553/3553 7332/7332 3985/3985
f 7332/7332 3775/3775 5683/5683
f 6066/6066 2357/2357 6239/6239
f 469/469 6066/6066 7940/7940
f 4799/4799 469/469 7940/7940
f 7940/7940 1830/1830 5683/5683
f 6066/6066 1830/1830 7940/7940
f 7940/7940 3775/3775 4799/4799
f 5294/5294 4574/4574 2357/2357
f 469/469 2357/2357 6066/6066
f 469/469 8023/8023 2357/2357
f 4799/4799 3775/3775 2919/2919
f 7634/7634 469/469 4799/4799
f 7634/7634 4799/4799 6554/6554
f 7634/7634 8023/8023 469/469
f 4799/4799 2919/2919 2609/2609
f 3775/3775 7332/7332 7477/7477
f 7477/7477 6458/6458 3775/3775
f 3553/3553 7477/7477 7332/7332
f 2651/2651 2919/2919 3775/3775
f 6458/6458 2651/2651 3775/3775
f 2609/2609 6554/6554 4799/4799
f 6554/6554 3315/3315 7634/7634
f 3315/3315 6554/6554 2609/2609
f 3315/3315 6114/6114 7634/7634
f 6114/6114 3315/3315 5679/5679
f 2609/2609 3789/3789 3315/3315
f 6565/6565 3315/3315 3789/3789
f 6565/6565 5679/5679 3315/3315
f 5679/5679 6565/6565 7533/7533
f 5679/5679 7533/7533 4718/4718
f 2609/2609 7944/7944 3789/3789
f 3789/3789 7309/7309 6565/6565
f 7309/7309 3789/3789 7944/7944
f 7309/7309 7533/7533 6565/6565
f 5829/5829 2609/2609 2919/2919
f 2609/2609 3458/3458 7944/7944
f 7309/7309 7944/7944 3082/3082
f 3082/3082 7533/7533 7309/7309
f 2878/2878 7179/7179 4591/4591
f 2878/2878 4574/4574 7179/7179
f 5033/5033 4591/4591 7179/7179
f 4157/4157 4591/4591 5033/5033
f 4157/4157 4704/4704 4591/4591
f 2467/2467 1562/1562 4704/4704
f 3553/3553 1562/1562 6518/6518
f 6518/6518 2834/2834 3553/3553
f 1562/1562 4245/4245 6518/6518
f 4704/4704 4157/4157 2467/2467
f 1008/1008 2467/2467 4157/4157
f 1562/1562 2467/2467 4245/4245
f 1667/1667 7477/7477 3553/3553
f 1854/1854 1667/1667 3553/3553
f 3816/3816 5829/5829 6458/6458
f 5829/5829 2651/2651 6458/6458
f 3816/3816 6458/6458 7477/7477
f 5829/5829 2919/2919 2651/2651
f 7097/7097 5829/5829 3816/3816
f 3253/3253 3816/3816 7477/7477
f 3253/3253 7477/7477 1667/1667
f 3458/3458 2609/2609 5829/5829
f 3253/3253 114/114 3816/3816
f 114/114 3253/3253 5391/5391
f 3816/3816 114/114 7097/7097
f 2332/2332 114/114 5391/5391
f 3574/3574 7097/7097 114/114
f 3574/3574 114/114 2332/2332
f 7097/7097 3458/3458 5829/5829
f 3253/3253 1667/1667 604/604
f 604/604 5391/5391 3253/3253
f 7944/7944 3458/3458 6467/6467
f 6467/6467 3082/3082 7944/7944
f 4653/4653 7533/7533 3082/3082
f 3553/3553 2834/2834 1854/1854
f 604/604 1667/1667 1854/1854
f 2834/2834 604/604 1854/1854
f 6160/6160 5391/5391 604/604
f 6160/6160 2051/2051 5391/5391
f 6160/6160 7928/7928 2051/2051
f 808/808 6160/6160 604/604
f 808/808 7928/7928 6160/6160
f 7928/7928 1961/1961 2051/2051
f 1961/1961 7928/7928 1942/1942
f 352/352 1942/1942 7928/7928
f 2225/2225 1961/1961 1942/1942
f 5060/5060 7928/7928 808/808
f 5060/5060 352/352 7928/7928
f 352/352 806/806 1942/1942
f 352/352 5060/5060 806/806
f 4052/4052 4154/4154 6596/6596
f 7534/7534 2573/2573 5140/5140
f 6596/6596 867/867 7209/7209
f 7209/7209 867/867 5382/5382
f 7534/7534 4154/4154 2573/2573
f 7534/7534 7766/7766 4154/4154
f 7534/7534 867/867 7766/7766
f 7766/7766 6596/6596 4154/4154
f 6596/6596 7766/7766 867/867
f 7534/7534 5140/5140 867/867
f 7209/7209 5382/5382 4671/4671
f 7863/7863 867/867 5140/5140
f 867/867 7863/7863 5382/5382
f 5780/5780 2357/2357 8023/8023
f 2357/2357 5780/5780 5294/5294
f 5780/5780 5089/5089 5294/5294
f 5089/5089 5992/5992 5294/5294
f 7904/7904 5294/5294 5992/5992
f 5992/5992 5089/5089 2493/2493
f 5780/5780 8023/8023 2214/2214
f 5089/5089 5780/5780 1209/1209
f 2214/2214 1209/1209 5780/5780
f 1209/1209 2493/2493 5089/5089
f 2214/2214 6568/6568 1209/1209
f 8023/8023 7634/7634 2214/2214
f 7634/7634 6515/6515 2214/2214
f 1397/1397 1209/1209 6568/6568
f 5490/5490 1209/1209 1397/1397
f 1209/1209 5490/5490 2493/2493
f 5490/5490 1397/1397 3826/3826
f 5193/5193 6568/6568 2214/2214
f 6455/6455 6568/6568 5193/5193
f 6455/6455 5193/5193 6394/6394
f 6568/6568 1804/1804 1397/1397
f 1804/1804 6568/6568 6455/6455
f 1804/1804 6455/6455 6394/6394
f 1804/1804 6394/6394 2987/2987
f 4154/4154 4052/4052 2987/2987
f 2987/2987 7346/7346 4154/4154
f 1397/1397 1804/1804 3826/3826
f 2987/2987 4052/4052 3826/3826
f 2987/2987 3826/3826 1804/1804
f 2493/2493 1509/1509 5992/5992
f 6596/6596 7209/7209 3193/3193
f 7209/7209 6955/6955 3193/3193
f 6914/6914 7209/7209 4671/4671
f 87/87 1509/1509 5624/5624
f 756/756 5750/5750 87/87
f 2170/2170 6955/6955 5750/5750
f 5750/5750 756/756 2170/2170
f 87/87 5624/5624 756/756
f 6955/6955 7209/7209 6914/6914
f 6955/6955 6914/6914 5750/5750
f 5382/5382 7863/7863 2071/2071
f 4671/4671 5382/5382 2071/2071
f 4671/4671 2071/2071 1396/1396
f 7346/7346 1710/1710 2573/2573
f 4154/4154 7346/7346 2573/2573
f 4953/4953 2573/2573 1710/1710
f 2573/2573 4953/4953 2102/2102
f 2102/2102 4953/4953 2311/2311
f 1686/1686 5140/5140 2573/2573
f 2573/2573 2102/2102 1686/1686
f 7634/7634 6114/6114 6515/6515
f 2214/2214 6515/6515 5193/5193
f 2311/2311 6515/6515 6114/6114
f 2324/2324 2311/2311 6114/6114
f 6114/6114 5679/5679 2324/2324
f 2324/2324 5679/5679 4718/4718
f 6515/6515 1710/1710 5193/5193
f 5193/5193 1710/1710 6394/6394
f 4953/4953 1710/1710 6515/6515
f 7346/7346 6394/6394 1710/1710
f 7346/7346 2987/2987 6394/6394
f 6515/6515 2311/2311 4953/4953
f 3342/3342 2311/2311 2324/2324
f 4718/4718 3342/3342 2324/2324
f 4653/4653 4718/4718 7533/7533
f 2171/2171 5140/5140 1686/1686
f 2171/2171 7863/7863 5140/5140
f 1686/1686 872/872 2171/2171
f 872/872 1686/1686 2102/2102
f 1608/1608 7863/7863 2171/2171
f 1608/1608 2071/2071 7863/7863
f 2171/2171 872/872 4555/4555
f 2071/2071 1608/1608 2776/2776
f 4555/4555 1608/1608 2171/2171
f 2102/2102 2311/2311 838/838
f 872/872 2102/2102 838/838
f 838/838 4555/4555 872/872
f 2891/2891 4555/4555 838/838
f 7973/7973 2891/2891 838/838
f 838/838 2311/2311 7973/7973
f 3342/3342 7973/7973 2311/2311
f 7904/7904 465/465 4574/4574
f 7904/7904 5876/5876 465/465
f 5876/5876 7904/7904 1533/1533
f 7904/7904 5992/5992 1533/1533
f 1509/1509 1533/1533 5992/5992
f 465/465 5616/5616 4574/4574
f 1533/1533 1509/1509 7142/7142
f 7142/7142 1509/1509 4573/4573
f 2419/2419 4950/4950 7142/7142
f 87/87 4573/4573 1509/1509
f 7142/7142 4573/4573 5750/5750
f 4573/4573 87/87 5750/5750
f 6914/6914 2419/2419 5750/5750
f 7142/7142 5750/5750 2419/2419
f 6914/6914 7406/7406 2419/2419
f 362/362 1533/1533 7142/7142
f 362/362 7142/7142 4950/4950
f 4671/4671 7406/7406 6914/6914
f 1396/1396 6959/6959 4671/4671
f 4671/4671 6959/6959 7406/7406
f 6056/6056 50/50 1396/1396
f 1617/1617 4950/4950 7406/7406
f 4950/4950 2419/2419 7406/7406
f 1617/1617 7406/7406 6959/6959
f 5897/5897 1617/1617 6959/6959
f 6959/6959 1396/1396 50/50
f 6959/6959 50/50 5897/5897
f 3163/3163 6209/6209 6597/6597
f 3163/3163 6697/6697 6209/6209
f 3163/3163 3180/3180 6697/6697
f 3180/3180 7659/7659 6697/6697
f 6597/6597 2060/2060 3613/3613
f 7719/7719 3163/3163 6597/6597
f 7719/7719 6597/6597 3613/3613
f 3637/3637 3163/3163 7719/7719
f 884/884 3163/3163 3637/3637
f 6289/6289 884/884 3637/3637
f 3180/3180 3163/3163 884/884
f 174/174 3574/3574 2332/2332
f 174/174 7097/7097 3574/3574
f 174/174 7411/7411 7097/7097
f 7097/7097 7494/7494 3458/3458
f 3458/3458 7494/7494 6467/6467
f 7097/7097 5094/5094 7494/7494
f 7411/7411 5094/5094 7097/7097
f 7411/7411 1800/1800 5094/5094
f 1800/1800 1081/1081 93/93
f 1800/1800 7057/7057 1081/1081
f 1800/1800 93/93 5094/5094
f 5094/5094 93/93 7494/7494
f 93/93 7659/7659 7494/7494
f 7494/7494 7659/7659 6978/6978
f 7494/7494 6978/6978 6467/6467
f 663/663 3082/3082 6467/6467
f 2332/2332 5391/5391 2051/2051
f 6730/6730 174/174 2332/2332
f 4140/4140 5183/5183 714/714
f 5253/5253 7411/7411 174/174
f 7411/7411 5253/5253 7057/7057
f 174/174 6730/6730 5253/5253
f 4504/4504 714/714 1081/1081
f 7057/7057 1800/1800 7411/7411
f 4504/4504 1081/1081 7057/7057
f 3147/3147 5253/5253 6730/6730
f 4504/4504 3147/3147 714/714
f 5253/5253 3147/3147 7057/7057
f 7057/7057 3147/3147 4504/4504
f 4140/4140 714/714 5259/5259
f 2060/2060 4140/4140 5259/5259
f 7066/7066 93/93 1493/1493
f 5183/5183 7066/7066 1493/1493
f 6697/6697 7066/7066 5183/5183
f 5183/5183 4140/4140 6209/6209
f 714/714 5183/5183 1493/1493
f 6209/6209 6697/6697 5183/5183
f 1081/1081 1493/1493 93/93
f 1493/1493 1081/1081 714/714
f 7066/7066 7659/7659 93/93
f 7659/7659 7066/7066 6697/6697
f 4140/4140 6597/6597 6209/6209
f 4140/4140 2060/2060 6597/6597
f 4653/4653 3082/3082 663/663
f 3459/3459 663/663 6467/6467
f 3022/3022 3459/3459 6467/6467
f 4653/4653 663/663 3459/3459
f 806/806 2225/2225 1942/1942
f 2060/2060 806/806 3613/3613
f 884/884 1207/1207 3180/3180
f 7659/7659 3180/3180 1207/1207
f 6129/6129 7659/7659 1207/1207
f 6129/6129 6978/6978 7659/7659
f 4705/4705 1207/1207 884/884
f 6129/6129 1207/1207 4705/4705
f 415/415 250/250 1356/1356
f 415/415 1356/1356 5699/5699
f 5699/5699 31/31 415/415
f 415/415 4705/4705 884/884
f 6289/6289 250/250 884/884
f 250/250 415/415 884/884
f 6978/6978 6129/6129 5664/5664
f 31/31 4705/4705 415/415
f 6129/6129 4705/4705 5664/5664
f 31/31 5664/5664 4705/4705
f 1057/1057 6696/6696 3022/3022
f 3022/3022 6467/6467 6978/6978
f 5014/5014 7336/7336 4653/4653
f 4653/4653 3459/3459 7694/7694
f 4653/4653 7694/7694 5014/5014
f 4104/4104 7694/7694 3459/3459
f 4104/4104 3459/3459 3198/3198
f 3198/3198 7011/7011 4104/4104
f 7011/7011 3645/3645 4104/4104
f 5516/5516 3198/3198 4786/4786
f 5516/5516 7011/7011 3198/3198
f 3459/3459 6696/6696 3198/3198
f 3022/3022 6696/6696 3459/3459
f 3198/3198 6696/6696 4786/4786
f 7694/7694 4104/4104 5014/5014
f 5014/5014 4104/4104 3645/3645
f 5516/5516 3645/3645 7011/7011
f 5014/5014 3645/3645 2614/2614
f 2141/2141 4718/4718 4026/4026
f 4026/4026 6094/6094 2141/2141
f 7336/7336 4718/4718 4653/4653
f 4026/4026 4718/4718 4851/4851
f 699/699 4718/4718 7336/7336
f 4851/4851 4718/4718 699/699
f 1008/1008 2154/2154 5150/5150
f 5128/5128 1008/1008 5150/5150
f 4976/4976 4245/4245 5128/5128
f 4611/4611 5128/5128 5150/5150
f 4506/4506 4976/4976 5128/5128
f 4976/4976 6820/6820 4245/4245
f 4976/4976 4506/4506 1347/1347
f 1347/1347 4506/4506 4037/4037
f 261/261 4976/4976 1347/1347
f 4976/4976 261/261 6820/6820
f 5983/5983 5616/5616 130/130
f 5983/5983 7179/7179 5616/5616
f 465/465 130/130 5616/5616
f 465/465 5876/5876 2775/2775
f 130/130 465/465 2471/2471
f 2775/2775 2471/2471 465/465
f 2775/2775 5876/5876 362/362
f 5007/5007 2775/2775 362/362
f 2775/2775 2704/2704 2471/2471
f 130/130 2471/2471 7254/7254
f 7254/7254 2471/2471 2704/2704
f 6196/6196 362/362 4950/4950
f 1617/1617 7515/7515 4950/4950
f 2775/2775 5007/5007 2704/2704
f 5007/5007 75/75 2704/2704
f 75/75 5346/5346 2704/2704
f 7254/7254 2704/2704 5346/5346
f 5346/5346 75/75 565/565
f 5346/5346 565/565 1955/1955
f 5079/5079 5849/5849 565/565
f 1955/1955 565/565 5849/5849
f 1955/1955 5849/5849 4714/4714
f 5849/5849 7153/7153 4714/4714
f 5007/5007 362/362 6196/6196
f 7515/7515 6196/6196 4950/4950
f 75/75 5007/5007 6196/6196
f 75/75 6196/6196 565/565
f 6196/6196 7515/7515 565/565
f 5079/5079 1617/1617 5897/5897
f 1617/1617 5079/5079 7515/7515
f 565/565 7515/7515 5079/5079
f 317/317 5897/5897 7153/7153
f 7153/7153 5897/5897 50/50
f 5079/5079 5897/5897 317/317
f 317/317 5849/5849 5079/5079
f 5849/5849 317/317 7153/7153
f 130/130 2576/2576 5903/5903
f 2576/2576 130/130 7497/7497
f 1500/1500 652/652 7702/7702
f 1500/1500 3833/3833 652/652
f 652/652 3833/3833 3041/3041
f 1282/1282 6464/6464 3833/3833
f 3041/3041 3833/3833 6419/6419
f 6464/6464 6419/6419 3833/3833
f 900/900 2200/2200 6866/6866
f 5983/5983 900/900 2154/2154
f 1730/1730 5983/5983 5903/5903
f 1730/1730 5903/5903 2576/2576
f 7702/7702 1730/1730 1500/1500
f 2200/2200 1730/1730 7702/7702
f 1500/1500 1730/1730 2576/2576
f 7497/7497 6845/6845 2576/2576
f 1500/1500 1282/1282 3833/3833
f 6845/6845 1282/1282 1500/1500
f 2576/2576 6845/6845 1500/1500
f 6845/6845 7497/7497 7364/7364
f 1282/1282 5243/5243 6464/6464
f 7364/7364 1282/1282 6845/6845
f 1282/1282 7364/7364 462/462
f 1282/1282 462/462 5243/5243
f 130/130 5903/5903 5983/5983
f 130/130 7254/7254 7497/7497
f 7254/7254 5346/5346 4714/4714
f 5346/5346 1955/1955 4714/4714
f 7497/7497 7254/7254 4714/4714
f 3394/3394 4037/4037 427/427
f 3394/3394 1347/1347 4037/4037
f 5238/5238 4535/4535 3607/3607
f 427/427 4535/4535 3394/3394
f 3394/3394 4535/4535 2356/2356
f 4535/4535 5220/5220 2356/2356
f 5238/5238 5220/5220 4535/4535
f 864/864 2356/2356 5220/5220
f 864/864 5220/5220 6745/6745
f 5949/5949 864/864 6745/6745
f 6745/6745 6033/6033 5949/5949
f 3394/3394 2356/2356 2129/2129
f 2129/2129 1347/1347 3394/3394
f 864/864 5862/5862 2356/2356
f 5862/5862 2129/2129 2356/2356
f 261/261 1347/1347 2129/2129
f 1152/1152 261/261 2129/2129
f 5862/5862 1152/1152 2129/2129
f 5949/5949 5862/5862 864/864
f 3772/3772 6745/6745 5238/5238
f 7496/7496 6033/6033 6745/6745
f 6203/6203 5949/5949 6033/6033
f 5949/5949 6203/6203 6720/6720
f 492/492 5389/5389 5949/5949
f 5949/5949 5389/5389 2752/2752
f 5241/5241 5229/5229 7359/7359
f 5241/5241 1083/1083 5229/5229
f 5229/5229 6866/6866 7702/7702
f 652/652 5229/5229 7702/7702
f 5229/5229 652/652 3579/3579
f 7359/7359 5229/5229 3579/3579
f 3579/3579 652/652 3041/3041
f 7359/7359 577/577 5241/5241
f 3607/3607 5476/5476 4584/4584
f 3607/3607 577/577 5476/5476
f 7359/7359 3579/3579 2805/2805
f 2209/2209 7359/7359 2805/2805
f 3041/3041 2805/2805 3579/3579
f 3041/3041 6419/6419 253/253
f 2805/2805 3041/3041 253/253
f 6419/6419 4702/4702 253/253
f 5150/5150 8046/8046 4037/4037
f 900/900 8046/8046 2154/2154
f 8046/8046 5150/5150 2154/2154
f 8046/8046 1083/1083 689/689
f 3607/3607 4535/4535 5241/5241
f 4535/4535 689/689 5241/5241
f 1083/1083 5241/5241 689/689
f 577/577 3607/3607 5241/5241
f 689/689 4037/4037 8046/8046
f 427/427 4037/4037 689/689
f 689/689 4535/4535 427/427
f 6866/6866 1083/1083 900/900
f 1083/1083 8046/8046 900/900
f 1083/1083 6866/6866 5229/5229
f 7702/7702 6866/6866 2200/2200
f 4584/4584 5238/5238 3607/3607
f 5476/5476 7359/7359 2209/2209
f 5476/5476 577/577 7359/7359
f 555/555 2209/2209 2805/2805
f 4309/4309 4584/4584 5476/5476
f 4028/4028 5476/5476 2209/2209
f 4028/4028 122/122 5476/5476
f 2045/2045 5238/5238 4584/4584
f 2805/2805 253/253 555/555
f 555/555 253/253 682/682
f 253/253 4702/4702 682/682
f 6419/6419 6464/6464 5243/5243
f 5258/5258 5243/5243 4891/4891
f 4702/4702 6419/6419 5243/5243
f 5258/5258 4891/4891 7981/7981
f 147/147 4891/4891 2521/2521
f 2521/2521 7370/7370 147/147
f 4891/4891 5243/5243 2521/2521
f 5243/5243 5258/5258 5839/5839
f 4702/4702 5243/5243 5839/5839
f 5839/5839 5258/5258 3289/3289
f 7538/7538 7272/7272 2737/2737
f 2045/2045 4584/4584 6077/6077
f 4309/4309 6077/6077 4584/4584
f 6077/6077 4309/4309 2596/2596
f 3772/3772 5238/5238 2045/2045
f 7924/7924 7538/7538 2737/2737
f 7924/7924 2737/2737 4477/4477
f 7969/7969 2462/2462 7867/7867
f 7969/7969 4477/4477 2737/2737
f 4477/4477 7969/7969 7407/7407
f 7407/7407 7969/7969 7867/7867
f 7407/7407 7867/7867 1239/1239
f 1239/1239 5309/5309 7407/7407
f 7407/7407 7289/7289 4477/4477
f 7289/7289 7407/7407 5309/5309
f 6820/6820 2834/2834 6518/6518
f 6820/6820 6518/6518 4245/4245
f 261/261 2834/2834 6820/6820
f 4711/4711 604/604 2834/2834
f 806/806 5060/5060 720/720
f 808/808 604/604 4711/4711
f 2399/2399 808/808 4711/4711
f 3783/3783 5060/5060 808/808
f 3783/3783 720/720 5060/5060
f 261/261 3778/3778 2834/2834
f 2834/2834 3778/3778 4711/4711
f 3778/3778 4640/4640 4711/4711
f 4711/4711 4640/4640 2399/2399
f 211/211 2399/2399 4640/4640
f 211/211 4640/4640 6990/6990
f 3783/3783 808/808 2399/2399
f 3783/3783 2399/2399 976/976
f 3783/3783 1256/1256 720/720
f 5874/5874 782/782 1256/1256
f 1256/1256 3783/3783 976/976
f 976/976 2399/2399 211/211
f 976/976 1768/1768 1256/1256
f 3869/3869 976/976 211/211
f 3869/3869 1768/1768 976/976
f 6035/6035 1768/1768 3869/3869
f 782/782 5874/5874 5164/5164
f 6249/6249 5164/5164 5874/5874
f 3140/3140 5874/5874 1256/1256
f 1768/1768 3140/3140 1256/1256
f 3140/3140 6249/6249 5874/5874
f 782/782 7719/7719 3613/3613
f 782/782 3637/3637 7719/7719
f 3613/3613 720/720 782/782
f 3637/3637 782/782 5164/5164
f 6289/6289 3637/3637 6659/6659
f 3637/3637 5164/5164 6659/6659
f 720/720 3613/3613 806/806
f 782/782 720/720 1256/1256
f 6289/6289 6659/6659 2365/2365
f 6289/6289 2365/2365 250/250
f 5066/5066 1356/1356 250/250
f 5699/5699 1356/1356 1447/1447
f 7218/7218 1356/1356 5066/5066
f 7218/7218 1447/1447 1356/1356
f 5066/5066 250/250 2365/2365
f 7218/7218 3091/3091 155/155
f 6678/6678 5066/5066 2365/2365
f 3091/3091 5066/5066 6678/6678
f 3091/3091 7218/7218 5066/5066
f 6199/6199 6659/6659 5164/5164
f 6249/6249 6199/6199 5164/5164
f 6659/6659 6199/6199 2754/2754
f 6678/6678 2365/2365 6659/6659
f 7120/7120 3091/3091 6678/6678
f 3091/3091 1089/1089 3598/3598
f 1825/1825 3598/3598 1089/1089
f 1089/1089 3091/3091 7120/7120
f 3949/3949 3778/3778 261/261
f 6990/6990 4640/4640 3778/3778
f 6990/6990 3778/3778 3949/3949
f 211/211 6990/6990 3869/3869
f 3869/3869 4291/4291 6035/6035
f 6990/6990 4291/4291 3869/3869
f 2861/2861 1768/1768 6035/6035
f 6990/6990 3949/3949 4291/4291
f 4291/4291 3949/3949 6035/6035
f 261/261 6035/6035 3949/3949
f 1768/1768 2861/2861 3140/3140
f 2861/2861 6249/6249 3140/3140
f 6249/6249 2861/2861 903/903
f 6035/6035 903/903 2861/2861
f 6199/6199 6249/6249 903/903
f 6035/6035 261/261 903/903
f 261/261 6199/6199 903/903
f 5222/5222 5949/5949 2752/2752
f 1152/1152 5862/5862 1773/1773
f 5222/5222 4067/4067 5949/5949
f 1773/1773 261/261 1152/1152
f 2319/2319 5862/5862 5949/5949
f 4067/4067 3092/3092 5949/5949
f 2319/2319 5949/5949 3092/3092
f 7422/7422 7538/7538 7924/7924
f 4477/4477 4115/4115 7924/7924
f 7422/7422 7924/7924 2816/2816
f 7422/7422 2816/2816 6714/6714
f 4115/4115 2816/2816 7924/7924
f 1612/1612 6714/6714 2816/2816
f 4115/4115 1431/1431 2816/2816
f 2816/2816 1431/1431 1612/1612
f 4115/4115 4477/4477 1431/1431
f 1431/1431 4477/4477 7289/7289
f 1431/1431 7289/7289 1093/1093
f 1431/1431 1093/1093 5711/5711
f 1093/1093 4013/4013 5711/5711
f 5655/5655 1431/1431 5711/5711
f 6234/6234 2262/2262 3506/3506
f 2754/2754 6199/6199 6356/6356
f 6678/6678 6659/6659 2754/2754
f 7120/7120 6678/6678 2754/2754
f 3522/3522 1089/1089 7120/7120
f 1089/1089 294/294 1825/1825
f 294/294 4693/4693 1825/1825
f 2754/2754 653/653 7120/7120
f 3790/3790 653/653 2754/2754
f 294/294 1089/1089 3522/3522
f 1589/1589 294/294 3522/3522
f 7120/7120 653/653 3522/3522
f 7617/7617 3522/3522 653/653
f 7617/7617 1589/1589 3522/3522
f 3790/3790 2279/2279 7617/7617
f 2605/2605 2279/2279 6356/6356
f 6356/6356 3790/3790 2754/2754
f 6356/6356 2279/2279 3790/3790
f 653/653 3790/3790 7617/7617
f 2279/2279 1589/1589 7617/7617
f 4818/4818 1589/1589 2279/2279
f 330/330 5937/5937 3482/3482
f 6823/6823 4693/4693 294/294
f 4693/4693 5937/5937 2385/2385
f 294/294 1589/1589 6823/6823
f 3482/3482 4693/4693 6823/6823
f 3019/3019 6823/6823 1589/1589
f 4818/4818 3019/3019 1589/1589
f 3019/3019 3482/3482 6823/6823
f 3482/3482 3019/3019 6145/6145
f 3482/3482 5937/5937 4693/4693
f 5347/5347 6356/6356 6199/6199
f 5347/5347 1773/1773 395/395
f 5862/5862 395/395 1773/1773
f 5347/5347 6199/6199 261/261
f 1773/1773 5347/5347 261/261
f 2605/2605 4818/4818 2279/2279
f 5347/5347 2605/2605 6356/6356
f 6145/6145 4818/4818 2605/2605
f 6145/6145 3019/3019 4818/4818
f 330/330 3482/3482 6145/6145
f 5347/5347 6145/6145 2605/2605
f 2443/2443 2319/2319 617/617
f 395/395 5862/5862 2443/2443
f 5862/5862 2319/2319 2443/2443
f 330/330 6145/6145 5347/5347
f 1961/1961 4864/4864 2051/2051
f 2225/2225 4864/4864 1961/1961
f 2493/2493 1131/1131 1509/1509
f 1295/1295 1131/1131 2493/2493
f 6596/6596 7858/7858 4052/4052
f 5490/5490 3826/3826 4052/4052
f 4052/4052 7858/7858 5490/5490
f 1295/1295 2493/2493 5490/5490
f 1295/1295 5490/5490 7858/7858
f 7739/7739 1509/1509 1131/1131
f 7858/7858 6596/6596 3193/3193
f 6955/6955 7858/7858 3193/3193
f 7858/7858 1131/1131 1295/1295
f 7858/7858 2170/2170 1131/1131
f 2170/2170 7858/7858 6955/6955
f 2170/2170 7739/7739 1131/1131
f 5624/5624 1509/1509 7739/7739
f 2170/2170 5624/5624 7739/7739
f 2170/2170 756/756 5624/5624
f 2051/2051 879/879 2332/2332
f 879/879 6730/6730 2332/2332
f 4864/4864 879/879 2051/2051
f 5259/5259 6730/6730 879/879
f 5259/5259 879/879 4864/4864
f 3147/3147 5259/5259 714/714
f 5259/5259 3147/3147 6730/6730
f 5259/5259 4864/4864 7230/7230
f 2060/2060 5259/5259 7230/7230
f 7230/7230 1429/1429 2060/2060
f 806/806 2060/2060 1429/1429
f 4864/4864 1429/1429 7230/7230
f 4864/4864 2225/2225 1429/1429
f 2225/2225 806/806 1429/1429
f 4245/4245 2467/2467 1008/1008
f 1008/1008 5128/5128 4245/4245
f 4506/4506 5128/5128 4611/4611
f 5150/5150 4037/4037 4611/4611
f 4506/4506 4611/4611 4037/4037
f 900/900 5983/5983 2200/2200
f 1730/1730 2200/2200 5983/5983
f 5335/5335 3331/3331 6536/6536
f 6330/6330 3331/3331 5335/5335
f 7992/7992 4931/4931 7168/7168
f 4931/4931 7992/7992 5859/5859
f 4835/4835 4931/4931 5859/5859
f 5859/5859 6764/6764 4835/4835
f 7168/7168 5978/5978 7508/7508
f 7168/7168 4931/4931 4835/4835
f 4835/4835 7441/7441 7168/7168
f 4835/4835 6764/6764 7441/7441
f 5978/5978 7168/7168 7441/7441
f 6764/6764 3836/3836 7441/7441
f 3836/3836 6764/6764 5304/5304
f 6107/6107 5304/5304 6764/6764
f 803/803 5978/5978 7441/7441
f 803/803 7441/7441 3836/3836
f 1094/1094 5978/5978 803/803
f 3836/3836 328/328 803/803
f 4646/4646 803/803 328/328
f 3836/3836 5304/5304 3800/3800
f 8051/8051 328/328 3800/3800
f 5813/5813 3800/3800 5304/5304
f 5813/5813 8051/8051 3800/3800
f 3800/3800 328/328 3836/3836
f 582/582 44/44 8051/8051
f 1072/1072 328/328 44/44
f 44/44 328/328 8051/8051
f 1072/1072 44/44 6674/6674
f 7508/7508 5978/5978 1094/1094
f 4646/4646 1094/1094 803/803
f 1094/1094 4446/4446 7508/7508
f 1072/1072 901/901 4646/4646
f 328/328 1072/1072 4646/4646
f 1094/1094 4646/4646 901/901
f 6674/6674 376/376 1072/1072
f 901/901 376/376 4324/4324
f 376/376 901/901 1072/1072
f 1094/1094 901/901 4579/4579
f 4781/4781 4579/4579 901/901
f 4579/4579 4446/4446 1094/1094
f 4579/4579 1519/1519 4446/4446
f 555/555 5817/5817 2209/2209
f 5817/5817 4028/4028 2209/2209
f 3262/3262 682/682 4702/4702
f 3262/3262 2038/2038 682/682
f 7941/7941 2038/2038 3262/3262
f 5817/5817 555/555 3685/3685
f 3685/3685 2011/2011 5817/5817
f 5817/5817 2011/2011 417/417
f 3685/3685 555/555 682/682
f 682/682 2011/2011 3685/3685
f 2011/2011 682/682 2038/2038
f 2011/2011 2038/2038 7941/7941
f 2011/2011 7941/7941 417/417
f 6745/6745 5220/5220 5238/5238
f 6745/6745 3772/3772 6675/6675
f 7496/7496 6745/6745 6675/6675
f 6675/6675 5558/5558 7496/7496
f 6203/6203 6033/6033 1428/1428
f 1428/1428 6033/6033 7496/7496
f 1437/1437 1428/1428 7496/7496
f 6203/6203 1428/1428 1437/1437
f 7496/7496 242/242 1437/1437
f 4045/4045 6720/6720 6203/6203
f 6203/6203 1437/1437 4045/4045
f 4045/4045 492/492 6720/6720
f 5949/5949 6720/6720 492/492
f 241/241 8058/8058 2641/2641
f 242/242 4045/4045 1437/1437
f 6048/6048 5389/5389 492/492
f 492/492 5612/5612 6048/6048
f 4045/4045 5612/5612 492/492
f 4045/4045 242/242 5612/5612
f 5613/5613 241/241 6218/6218
f 2641/2641 6218/6218 241/241
f 7551/7551 5613/5613 6218/6218
f 5612/5612 7552/7552 6048/6048
f 6048/6048 5038/5038 5389/5389
f 5038/5038 6048/6048 7552/7552
f 5038/5038 7552/7552 2554/2554
f 2641/2641 3801/3801 6218/6218
f 3801/3801 7551/7551 6218/6218
f 7551/7551 3801/3801 2555/2555
f 5528/5528 5389/5389 5038/5038
f 5528/5528 2752/2752 5389/5389
f 5528/5528 5038/5038 2554/2554
f 2527/2527 2752/2752 5528/5528
f 2040/2040 5528/5528 2554/2554
f 2555/2555 3801/3801 7317/7317
f 6064/6064 929/929 6574/6574
f 3426/3426 6064/6064 6574/6574
f 3037/3037 6064/6064 3769/3769
f 3769/3769 4838/4838 3037/3037
f 6064/6064 3037/3037 3007/3007
f 3769/3769 6064/6064 3426/3426
f 3426/3426 7741/7741 3769/3769
f 6064/6064 3007/3007 929/929
f 2654/2654 766/766 7434/7434
f 7434/7434 766/766 3331/3331
f 766/766 6536/6536 3331/3331
f 3331/3331 490/490 7434/7434
f 2654/2654 7434/7434 5185/5185
f 6574/6574 2654/2654 5185/5185
f 2654/2654 6574/6574 929/929
f 490/490 5185/5185 7434/7434
f 490/490 5701/5701 5185/5185
f 6574/6574 5185/5185 5701/5701
f 6330/6330 490/490 3331/3331
f 5564/5564 490/490 6330/6330
f 5564/5564 6330/6330 738/738
f 5335/5335 738/738 6330/6330
f 5701/5701 490/490 5564/5564
f 5701/5701 5564/5564 4279/4279
f 6574/6574 5701/5701 3426/3426
f 3700/3700 7741/7741 3426/3426
f 3700/3700 5701/5701 6849/6849
f 7741/7741 3700/3700 6684/6684
f 3700/3700 6849/6849 7079/7079
f 121/121 4309/4309 5476/5476
f 4028/4028 5817/5817 122/122
f 122/122 3074/3074 195/195
f 4636/4636 195/195 3074/3074
f 195/195 4636/4636 1554/1554
f 1554/1554 4636/4636 6780/6780
f 6998/6998 8058/8058 1554/1554
f 1554/1554 167/167 195/195
f 167/167 1554/1554 8058/8058
f 5848/5848 5415/5415 6937/6937
f 2028/2028 6937/6937 5415/5415
f 2028/2028 6306/6306 6937/6937
f 6998/6998 4838/4838 3769/3769
f 6661/6661 2845/2845 4838/4838
f 6661/6661 4838/4838 6998/6998
f 6661/6661 6780/6780 5848/5848
f 6937/6937 2845/2845 5848/5848
f 6661/6661 5848/5848 2845/2845
f 3037/3037 2845/2845 3793/3793
f 6937/6937 3793/3793 2845/2845
f 4838/4838 2845/2845 3037/3037
f 3793/3793 3007/3007 3037/3037
f 4359/4359 3007/3007 3793/3793
f 7741/7741 6998/6998 3769/3769
f 417/417 4423/4423 3074/3074
f 4423/4423 417/417 6996/6996
f 6996/6996 2028/2028 4423/4423
f 4636/4636 7933/7933 6780/6780
f 7933/7933 5848/5848 6780/6780
f 4636/4636 3074/3074 7933/7933
f 4423/4423 5415/5415 7933/7933
f 7933/7933 3074/3074 4423/4423
f 7933/7933 5415/5415 5848/5848
f 5415/5415 4423/4423 2028/2028
f 122/122 5817/5817 417/417
f 3074/3074 122/122 417/417
f 417/417 7941/7941 6996/6996
f 6996/6996 7941/7941 7328/7328
f 6996/6996 7328/7328 2028/2028
f 6998/6998 1554/1554 6780/6780
f 6998/6998 7741/7741 6684/6684
f 8058/8058 6998/6998 6684/6684
f 8058/8058 6684/6684 6254/6254
f 2865/2865 7463/7463 929/929
f 2865/2865 929/929 3007/3007
f 2122/2122 7463/7463 2865/2865
f 4359/4359 2865/2865 3007/3007
f 7600/7600 2122/2122 2865/2865
f 7600/7600 2865/2865 4359/4359
f 1908/1908 7600/7600 4359/4359
f 2122/2122 7600/7600 2745/2745
f 6002/6002 5818/5818 5343/5343
f 6002/6002 2122/2122 2745/2745
f 5818/5818 6002/6002 2745/2745
f 5343/5343 1894/1894 6002/6002
f 3004/3004 4498/4498 4172/4172
f 4498/4498 1894/1894 5343/5343
f 7350/7350 4498/4498 3004/3004
f 7350/7350 3004/3004 5594/5594
f 1894/1894 4498/4498 7350/7350
f 147/147 6040/6040 4891/4891
f 6040/6040 7981/7981 4891/4891
f 6040/6040 147/147 7667/7667
f 7370/7370 7667/7667 147/147
f 5594/5594 381/381 7350/7350
f 5594/5594 7667/7667 381/381
f 381/381 7667/7667 7370/7370
f 766/766 7992/7992 6536/6536
f 7992/7992 7168/7168 6536/6536
f 7168/7168 5335/5335 6536/6536
f 7992/7992 766/766 5859/5859
f 5859/5859 766/766 559/559
f 766/766 929/929 7463/7463
f 559/559 6107/6107 5859/5859
f 5312/5312 6107/6107 559/559
f 6002/6002 5312/5312 7463/7463
f 7463/7463 2122/2122 6002/6002
f 126/126 5312/5312 6002/6002
f 126/126 6002/6002 1894/1894
f 7561/7561 6107/6107 126/126
f 7561/7561 5813/5813 6107/6107
f 7561/7561 6966/6966 5813/5813
f 6966/6966 7561/7561 1872/1872
f 4198/4198 8051/8051 6966/6966
f 3182/3182 4198/4198 6966/6966
f 3182/3182 5746/5746 4198/4198
f 6966/6966 8051/8051 5813/5813
f 4198/4198 1909/1909 8051/8051
f 1872/1872 7561/7561 126/126
f 1894/1894 1872/1872 126/126
f 7350/7350 1872/1872 1894/1894
f 7350/7350 3182/3182 1872/1872
f 3182/3182 7350/7350 381/381
f 3182/3182 6966/6966 1872/1872
f 3182/3182 381/381 4390/4390
f 4702/4702 4599/4599 3262/3262
f 3262/3262 4599/4599 7941/7941
f 4702/4702 5509/5509 4599/4599
f 7941/7941 4599/4599 5509/5509
f 6306/6306 2028/2028 7328/7328
f 6306/6306 7328/7328 7098/7098
f 5509/5509 4702/4702 5839/5839
f 5509/5509 5839/5839 3289/3289
f 3289/3289 5258/5258 5166/5166
f 7098/7098 3289/3289 5166/5166
f 1154/1154 5166/5166 5258/5258
f 7328/7328 5509/5509 3289/3289
f 7098/7098 7328/7328 3289/3289
f 5509/5509 7328/7328 7941/7941
f 3793/3793 1908/1908 4359/4359
f 6306/6306 1908/1908 3793/3793
f 1908/1908 5818/5818 2745/2745
f 6306/6306 7098/7098 1908/1908
f 5818/5818 1908/1908 7098/7098
f 7600/7600 1908/1908 2745/2745
f 7098/7098 5343/5343 5818/5818
f 3987/3987 1154/1154 5258/5258
f 7098/7098 5166/5166 1154/1154
f 3987/3987 7098/7098 1154/1154
f 4172/4172 7098/7098 3987/3987
f 5343/5343 7098/7098 4172/4172
f 4172/4172 4498/4498 5343/5343
f 693/693 5258/5258 2489/2489
f 693/693 3987/3987 5258/5258
f 4172/4172 3987/3987 693/693
f 4172/4172 693/693 2489/2489
f 2489/2489 5258/5258 7981/7981
f 2489/2489 3004/3004 4172/4172
f 2489/2489 7981/7981 3004/3004
f 5594/5594 3004/3004 7981/7981
f 5594/5594 7981/7981 6040/6040
f 7667/7667 5594/5594 6040/6040
f 738/738 3586/3586 5564/5564
f 4279/4279 5564/5564 3586/3586
f 5335/5335 1732/1732 738/738
f 2759/2759 3586/3586 738/738
f 1732/1732 2759/2759 738/738
f 7510/7510 3586/3586 5414/5414
f 3586/3586 2759/2759 1732/1732
f 3586/3586 1732/1732 5414/5414
f 6849/6849 5701/5701 4279/4279
f 4279/4279 7079/7079 6849/6849
f 7510/7510 4279/4279 3586/3586
f 4279/4279 7510/7510 7079/7079
f 6608/6608 1691/1691 2084/2084
f 2084/2084 7079/7079 7510/7510
f 572/572 7510/7510 6044/6044
f 5414/5414 6044/6044 7510/7510
f 6044/6044 5414/5414 161/161
f 5414/5414 1732/1732 161/161
f 2836/2836 161/161 1732/1732
f 572/572 6044/6044 898/898
f 898/898 5320/5320 572/572
f 5320/5320 898/898 1384/1384
f 5320/5320 2084/2084 572/572
f 2084/2084 5320/5320 4105/4105
f 1384/1384 4151/4151 5320/5320
f 2813/2813 5320/5320 4151/4151
f 5964/5964 5320/5320 2813/2813
f 4105/4105 5320/5320 5964/5964
f 898/898 6044/6044 161/161
f 161/161 1384/1384 898/898
f 161/161 2836/2836 1384/1384
f 2836/2836 1732/1732 1252/1252
f 1384/1384 2836/2836 4151/4151
f 530/530 2836/2836 1252/1252
f 3233/3233 2813/2813 4151/4151
f 4287/4287 5964/5964 2813/2813
f 4287/4287 2813/2813 3233/3233
f 3233/3233 7949/7949 4287/4287
f 832/832 7949/7949 3341/3341
f 3341/3341 7949/7949 3233/3233
f 2836/2836 3233/3233 4151/4151
f 2836/2836 7635/7635 3233/3233
f 7635/7635 2836/2836 530/530
f 1252/1252 4871/4871 530/530
f 3341/3341 3233/3233 7635/7635
f 530/530 4871/4871 7624/7624
f 6608/6608 3313/3313 1163/1163
f 1163/1163 1691/1691 6608/6608
f 6254/6254 6684/6684 1163/1163
f 3313/3313 6254/6254 1163/1163
f 3873/3873 3313/3313 4105/4105
f 5964/5964 4287/4287 4105/4105
f 4105/4105 4287/4287 5865/5865
f 5865/5865 3873/3873 4105/4105
f 7635/7635 3042/3042 3341/3341
f 7635/7635 407/407 3042/3042
f 7624/7624 407/407 7635/7635
f 7624/7624 7635/7635 530/530
f 7508/7508 1252/1252 1732/1732
f 1252/1252 7508/7508 4446/4446
f 518/518 1519/1519 6607/6607
f 1252/1252 4446/4446 4871/4871
f 1026/1026 4871/4871 4119/4119
f 4871/4871 4446/4446 4119/4119
f 6274/6274 6067/6067 4119/4119
f 7910/7910 6067/6067 6285/6285
f 1026/1026 4119/4119 6067/6067
f 113/113 4446/4446 1519/1519
f 113/113 2222/2222 5853/5853
f 2222/2222 113/113 1519/1519
f 1519/1519 2411/2411 2222/2222
f 518/518 2411/2411 1519/1519
f 4467/4467 7221/7221 2411/2411
f 4467/4467 2411/2411 518/518
f 5853/5853 5568/5568 1607/1607
f 5568/5568 5853/5853 2222/2222
f 5568/5568 2222/2222 2411/2411
f 5568/5568 2411/2411 7221/7221
f 3788/3788 5568/5568 7221/7221
f 3689/3689 4467/4467 518/518
f 3689/3689 7221/7221 4467/4467
f 6127/6127 7221/7221 3689/3689
f 3689/3689 1350/1350 6127/6127
f 6274/6274 113/113 5853/5853
f 6274/6274 5853/5853 1607/1607
f 6274/6274 1607/1607 159/159
f 3788/3788 1607/1607 5568/5568
f 159/159 1607/1607 3788/3788
f 6285/6285 6274/6274 159/159
f 6285/6285 159/159 4581/4581
f 3635/3635 1026/1026 6067/6067
f 2699/2699 7910/7910 6285/6285
f 2699/2699 6285/6285 4581/4581
f 7536/7536 7910/7910 2699/2699
f 6435/6435 3635/3635 6067/6067
f 6435/6435 6067/6067 7910/7910
f 7536/7536 6435/6435 7910/7910
f 2699/2699 7210/7210 1225/1225
f 1225/1225 7536/7536 2699/2699
f 7210/7210 2699/2699 4581/4581
f 3155/3155 6435/6435 7536/7536
f 1225/1225 3155/3155 7536/7536
f 7272/7272 1225/1225 7210/7210
f 2895/2895 3155/3155 1225/1225
f 1225/1225 7272/7272 2895/2895
f 7272/7272 7538/7538 2895/2895
f 6746/6746 4581/4581 1105/1105
f 5597/5597 1105/1105 4581/4581
f 1349/1349 1105/1105 5597/5597
f 1105/1105 755/755 961/961
f 755/755 1105/1105 1349/1349
f 4701/4701 1105/1105 961/961
f 961/961 755/755 4485/4485
f 7210/7210 4581/4581 6746/6746
f 4664/4664 6746/6746 2462/2462
f 4701/4701 6746/6746 1105/1105
f 1245/1245 961/961 7514/7514
f 6746/6746 4701/4701 2462/2462
f 4701/4701 961/961 1245/1245
f 2462/2462 4701/4701 1245/1245
f 1245/1245 6449/6449 2462/2462
f 7272/7272 7210/7210 6746/6746
f 7272/7272 6746/6746 4664/4664
f 7272/7272 4664/4664 2737/2737
f 4664/4664 7969/7969 2737/2737
f 4664/4664 2462/2462 7969/7969
f 121/121 2596/2596 4309/4309
f 2596/2596 7934/7934 6077/6077
f 3447/3447 2045/2045 6077/6077
f 3447/3447 6077/6077 7934/7934
f 268/268 2596/2596 121/121
f 2596/2596 268/268 7934/7934
f 7934/7934 268/268 166/166
f 166/166 268/268 121/121
f 7934/7934 166/166 1363/1363
f 1363/1363 3447/3447 7934/7934
f 122/122 195/195 167/167
f 3447/3447 6241/6241 2045/2045
f 3772/3772 2045/2045 6241/6241
f 3447/3447 1363/1363 6241/6241
f 1363/1363 166/166 6241/6241
f 6675/6675 3772/3772 6241/6241
f 166/166 5558/5558 6241/6241
f 5558/5558 6675/6675 6241/6241
f 5558/5558 166/166 242/242
f 5558/5558 242/242 7496/7496
f 6254/6254 2641/2641 8058/8058
f 3313/3313 7896/7896 6254/6254
f 2641/2641 6254/6254 7896/7896
f 3801/3801 2641/2641 7896/7896
f 7896/7896 4645/4645 3801/3801
f 2462/2462 6449/6449 7867/7867
f 2527/2527 6892/6892 5222/5222
f 5286/5286 6892/6892 2527/2527
f 6892/6892 4067/4067 5222/5222
f 3801/3801 4645/4645 7317/7317
f 2527/2527 5222/5222 2752/2752
f 2040/2040 2527/2527 5528/5528
f 2554/2554 1009/1009 2040/2040
f 2040/2040 3107/3107 2527/2527
f 3107/3107 2040/2040 1009/1009
f 1009/1009 4805/4805 3107/3107
f 2527/2527 3107/3107 5286/5286
f 7317/7317 4645/4645 2918/2918
f 6130/6130 6055/6055 2918/2918
f 6055/6055 6130/6130 1385/1385
f 6055/6055 1385/1385 5923/5923
f 5923/5923 6144/6144 6517/6517
f 5923/5923 1385/1385 6144/6144
f 6055/6055 1302/1302 2918/2918
f 6869/6869 1302/1302 426/426
f 426/426 1302/1302 6055/6055
f 6480/6480 2918/2918 1302/1302
f 6928/6928 1302/1302 6869/6869
f 6480/6480 1302/1302 6928/6928
f 6928/6928 6869/6869 5533/5533
f 6055/6055 5923/5923 426/426
f 426/426 5923/5923 6517/6517
f 2831/2831 6517/6517 3409/3409
f 2831/2831 3409/3409 2846/2846
f 6869/6869 426/426 6517/6517
f 5533/5533 6869/6869 6517/6517
f 5533/5533 6517/6517 2538/2538
f 2831/2831 3256/3256 2538/2538
f 2538/2538 6517/6517 2831/2831
f 3256/3256 2831/2831 2846/2846
f 832/832 99/99 5865/5865
f 99/99 3873/3873 5865/5865
f 832/832 4014/4014 99/99
f 832/832 3341/3341 4014/4014
f 3341/3341 4895/4895 4014/4014
f 3341/3341 3042/3042 4895/4895
f 407/407 4096/4096 3042/3042
f 4096/4096 407/407 7624/7624
f 4096/4096 7624/7624 4482/4482
f 4895/4895 3042/3042 4096/4096
f 2445/2445 4895/4895 4096/4096
f 4096/4096 1954/1954 2445/2445
f 408/408 4014/4014 4895/4895
f 142/142 99/99 2682/2682
f 4014/4014 6281/6281 99/99
f 6281/6281 2682/2682 99/99
f 408/408 6281/6281 4014/4014
f 99/99 142/142 3873/3873
f 4895/4895 4685/4685 408/408
f 4685/4685 4895/4895 2445/2445
f 6391/6391 6281/6281 408/408
f 6391/6391 2682/2682 6281/6281
f 7176/7176 408/408 4685/4685
f 1954/1954 148/148 2445/2445
f 7176/7176 4685/4685 4002/4002
f 2445/2445 4002/4002 4685/4685
f 148/148 1374/1374 2445/2445
f 2445/2445 1374/1374 4002/4002
f 1374/1374 1752/1752 4002/4002
f 2056/2056 1374/1374 7801/7801
f 4709/4709 1997/1997 2682/2682
f 142/142 2682/2682 1997/1997
f 6636/6636 1997/1997 5653/5653
f 2714/2714 6636/6636 5653/5653
f 6391/6391 4709/4709 2682/2682
f 6391/6391 1618/1618 4709/4709
f 408/408 7176/7176 6391/6391
f 1618/1618 6391/6391 7176/7176
f 7176/7176 7091/7091 1618/1618
f 7091/7091 7176/7176 4002/4002
f 2425/2425 4709/4709 1618/1618
f 1618/1618 7091/7091 2425/2425
f 7091/7091 1731/1731 2425/2425
f 5653/5653 4709/4709 2425/2425
f 4709/4709 5653/5653 1997/1997
f 2425/2425 357/357 5653/5653
f 357/357 2425/2425 1731/1731
f 5314/5314 357/357 1731/1731
f 4002/4002 1752/1752 7091/7091
f 1752/1752 1374/1374 2056/2056
f 2056/2056 7801/7801 1837/1837
f 1752/1752 1731/1731 7091/7091
f 1065/1065 1752/1752 2056/2056
f 1837/1837 1065/1065 2056/2056
f 1752/1752 1065/1065 1731/1731
f 1337/1337 1065/1065 1837/1837
f 1065/1065 1337/1337 1731/1731
f 7624/7624 4871/4871 1026/1026
f 4482/4482 7624/7624 1026/1026
f 6435/6435 1619/1619 3635/3635
f 1026/1026 3635/3635 4482/4482
f 1619/1619 3723/3723 4482/4482
f 3155/3155 1619/1619 6435/6435
f 1619/1619 4482/4482 3635/3635
f 1954/1954 4096/4096 4482/4482
f 3723/3723 1954/1954 4482/4482
f 5053/5053 1619/1619 3155/3155
f 5053/5053 3155/3155 2895/2895
f 1619/1619 5053/5053 3723/3723
f 2947/2947 3723/3723 5053/5053
f 6074/6074 2895/2895 7538/7538
f 6074/6074 2947/2947 5053/5053
f 6074/6074 5053/5053 2895/2895
f 7422/7422 6074/6074 7538/7538
f 7422/7422 2811/2811 6074/6074
f 2811/2811 2947/2947 6074/6074
f 3723/3723 148/148 1954/1954
f 7801/7801 1374/1374 3723/3723
f 3723/3723 1374/1374 148/148
f 2947/2947 7801/7801 3723/3723
f 2550/2550 7801/7801 2947/2947
f 2811/2811 2550/2550 2947/2947
f 2550/2550 1837/1837 7801/7801
f 1836/1836 1837/1837 2550/2550
f 7896/7896 6130/6130 4645/4645
f 6130/6130 142/142 2992/2992
f 6636/6636 2992/2992 142/142
f 2992/2992 6636/6636 2714/2714
f 6130/6130 7896/7896 142/142
f 6943/6943 6130/6130 2992/2992
f 6943/6943 2992/2992 6015/6015
f 4752/4752 2714/2714 5653/5653
f 6015/6015 2992/2992 2714/2714
f 4752/4752 6194/6194 2714/2714
f 2714/2714 6194/6194 6015/6015
f 6144/6144 1385/1385 6943/6943
f 6015/6015 2856/2856 758/758
f 2856/2856 6015/6015 6194/6194
f 2856/2856 6194/6194 90/90
f 549/549 758/758 2856/2856
f 90/90 549/549 2856/2856
f 4752/4752 5653/5653 357/357
f 1731/1731 488/488 5314/5314
f 1837/1837 1836/1836 1337/1337
f 7842/7842 1337/1337 4150/4150
f 1744/1744 4752/4752 357/357
f 1744/1744 6194/6194 4752/4752
f 1744/1744 357/357 5314/5314
f 5576/5576 1744/1744 3322/3322
f 1744/1744 5314/5314 488/488
f 3322/3322 488/488 6156/6156
f 6156/6156 488/488 1731/1731
f 6156/6156 1731/1731 1337/1337
f 1337/1337 7842/7842 6156/6156
f 3322/3322 1744/1744 488/488
f 7842/7842 3322/3322 6156/6156
f 4361/4361 3322/3322 7842/7842
f 7825/7825 4361/4361 7842/7842
f 6925/6925 7825/7825 7842/7842
f 614/614 6925/6925 7398/7398
f 5920/5920 614/614 1755/1755
f 5576/5576 3322/3322 4361/4361
f 5576/5576 4361/4361 90/90
f 614/614 4361/4361 7825/7825
f 7825/7825 6925/6925 614/614
f 549/549 3132/3132 4961/4961
f 3132/3132 549/549 90/90
f 90/90 2974/2974 3132/3132
f 4961/4961 3132/3132 2974/2974
f 5059/5059 2974/2974 1028/1028
f 4923/4923 4276/4276 2786/2786
f 4276/4276 624/624 83/83
f 2786/2786 4276/4276 83/83
f 6732/6732 1028/1028 6329/6329
f 6732/6732 5059/5059 1028/1028
f 5059/5059 4961/4961 2974/2974
f 624/624 4961/4961 5059/5059
f 83/83 624/624 5059/5059
f 6732/6732 83/83 5059/5059
f 6732/6732 7685/7685 83/83
f 2101/2101 7685/7685 6732/6732
f 2512/2512 7685/7685 2101/2101
f 4721/4721 1028/1028 614/614
f 4721/4721 3768/3768 2953/2953
f 3113/3113 5920/5920 2841/2841
f 4721/4721 614/614 5920/5920
f 3113/3113 4721/4721 5920/5920
f 3113/3113 2953/2953 3768/3768
f 2953/2953 3113/3113 5810/5810
f 3768/3768 4721/4721 3113/3113
f 1028/1028 4361/4361 614/614
f 90/90 4361/4361 2974/2974
f 2974/2974 4361/4361 1028/1028
f 3750/3750 6329/6329 1028/1028
f 6329/6329 3750/3750 2101/2101
f 3750/3750 4721/4721 2953/2953
f 3750/3750 1028/1028 4721/4721
f 30/30 3750/3750 7855/7855
f 2101/2101 3750/3750 30/30
f 4589/4589 2953/2953 5810/5810
f 7855/7855 2953/2953 4589/4589
f 7855/7855 4589/4589 1591/1591
f 3750/3750 2953/2953 7855/7855
f 6956/6956 30/30 7855/7855
f 6956/6956 6164/6164 30/30
f 1591/1591 6956/6956 7855/7855
f 2101/2101 6732/6732 6329/6329
f 2512/2512 2101/2101 30/30
f 2512/2512 30/30 6164/6164
f 6164/6164 6956/6956 1591/1591
f 4906/4906 2811/2811 7422/7422
f 2811/2811 4906/4906 2550/2550
f 297/297 2550/2550 4906/4906
f 6714/6714 4906/4906 7422/7422
f 297/297 4906/4906 6714/6714
f 5713/5713 297/297 6714/6714
f 6714/6714 1612/1612 5713/5713
f 1612/1612 1431/1431 5655/5655
f 5655/5655 5711/5711 4013/4013
f 4013/4013 5763/5763 5655/5655
f 297/297 1836/1836 2550/2550
f 308/308 1836/1836 297/297
f 5713/5713 308/308 297/297
f 5713/5713 6616/6616 308/308
f 5675/5675 308/308 6616/6616
f 5675/5675 1836/1836 308/308
f 4150/4150 1836/1836 5675/5675
f 1836/1836 4150/4150 1337/1337
f 3269/3269 4150/4150 5675/5675
f 6925/6925 7842/7842 4150/4150
f 4150/4150 3269/3269 6925/6925
f 5713/5713 2322/2322 6616/6616
f 1612/1612 2322/2322 5713/5713
f 2322/2322 1612/1612 5655/5655
f 32/32 5675/5675 6616/6616
f 32/32 6616/6616 2322/2322
f 32/32 2322/2322 7401/7401
f 5083/5083 7401/7401 4011/4011
f 5472/5472 4312/4312 5083/5083
f 2322/2322 5655/5655 5763/5763
f 5763/5763 3026/3026 2322/2322
f 7401/7401 2322/2322 3026/3026
f 5412/5412 3026/3026 5763/5763
f 5412/5412 5763/5763 360/360
f 360/360 5763/5763 4013/4013
f 4011/4011 7401/7401 3026/3026
f 4011/4011 3026/3026 5412/5412
f 5083/5083 2688/2688 5472/5472
f 4011/4011 2688/2688 5083/5083
f 5412/5412 7505/7505 4011/4011
f 5412/5412 360/360 7505/7505
f 7505/7505 360/360 3316/3316
f 5810/5810 2841/2841 3904/3904
f 2997/2997 5810/5810 3904/3904
f 4589/4589 5810/5810 2997/2997
f 2997/2997 3904/3904 5462/5462
f 2997/2997 5462/5462 6545/6545
f 2997/2997 6545/6545 3236/3236
f 3236/3236 6545/6545 5739/5739
f 6545/6545 5099/5099 5739/5739
f 4589/4589 2997/2997 827/827
f 1591/1591 4589/4589 827/827
f 2997/2997 3830/3830 827/827
f 3830/3830 2997/2997 3236/3236
f 1591/1591 827/827 5341/5341
f 5341/5341 827/827 3830/3830
f 3830/3830 3236/3236 5739/5739
f 5738/5738 3830/3830 5739/5739
f 3830/3830 5738/5738 5341/5341
f 5341/5341 5738/5738 4463/4463
f 5739/5739 5099/5099 807/807
f 5959/5959 5739/5739 807/807
f 5738/5738 5739/5739 5959/5959
f 4391/4391 1591/1591 5341/5341
f 7907/7907 4391/4391 5341/5341
f 5099/5099 5472/5472 807/807
f 807/807 5472/5472 3766/3766
f 5959/5959 807/807 3766/3766
f 3766/3766 5472/5472 2688/2688
f 4011/4011 5627/5627 2688/2688
f 5627/5627 4011/4011 7505/7505
f 3766/3766 2688/2688 5627/5627
f 3766/3766 5627/5627 1271/1271
f 3543/3543 3766/3766 1271/1271
f 7520/7520 5959/5959 3766/3766
f 7520/7520 3766/3766 3543/3543
f 3316/3316 871/871 7505/7505
f 871/871 5278/5278 7505/7505
f 990/990 871/871 3316/3316
f 1271/1271 5627/5627 7505/7505
f 3543/3543 1271/1271 5101/5101
f 1319/1319 3543/3543 5101/5101
f 1319/1319 6680/6680 3543/3543
f 3852/3852 1319/1319 249/249
f 249/249 1319/1319 4772/4772
f 7505/7505 5278/5278 1271/1271
f 1271/1271 5278/5278 5101/5101
f 5278/5278 2031/2031 5101/5101
f 871/871 2031/2031 5278/5278
f 4772/4772 1319/1319 5101/5101
f 4772/4772 5101/5101 2031/2031
f 5959/5959 8002/8002 5738/5738
f 8002/8002 5959/5959 7520/7520
f 7520/7520 3506/3506 8002/8002
f 3543/3543 3506/3506 7520/7520
f 3543/3543 6680/6680 3506/3506
f 4463/4463 5738/5738 2262/2262
f 2262/2262 5738/5738 8002/8002
f 2262/2262 8002/8002 3506/3506
f 3284/3284 3506/3506 6680/6680
f 3284/3284 6234/6234 3506/3506
f 6680/6680 1319/1319 883/883
f 883/883 1319/1319 3852/3852
f 3284/3284 6680/6680 883/883
f 882/882 5180/5180 3283/3283
f 6627/6627 882/882 3851/3851
f 4123/4123 2031/2031 871/871
f 990/990 4123/4123 871/871
f 6517/6517 6144/6144 6700/6700
f 3960/3960 6700/6700 758/758
f 6700/6700 6144/6144 758/758
f 549/549 3960/3960 758/758
f 5328/5328 3409/3409 6700/6700
f 6700/6700 3409/3409 6517/6517
f 4961/4961 624/624 5328/5328
f 549/549 4961/4961 3960/3960
f 3442/3442 3409/3409 5328/5328
f 2846/2846 3409/3409 3442/3442
f 4276/4276 3442/3442 624/624
f 2846/2846 3442/3442 4276/4276
f 5934/5934 2846/2846 4923/4923
f 4276/4276 4923/4923 2846/2846
f 2392/2392 7901/7901 2880/2880
f 7901/7901 2392/2392 4385/4385
f 1308/1308 3813/3813 6240/6240
f 1308/1308 7425/7425 3813/3813
f 6461/6461 6240/6240 4933/4933
f 3813/3813 5556/5556 2392/2392
f 3813/3813 3304/3304 4933/4933
f 3304/3304 3813/3813 2880/2880
f 3813/3813 2392/2392 2880/2880
f 3813/3813 4933/4933 6240/6240
f 5556/5556 3813/3813 7425/7425
f 691/691 6240/6240 3917/3917
f 6240/6240 691/691 1308/1308
f 691/691 2563/2563 1308/1308
f 6240/6240 6461/6461 3917/3917
f 27/27 1218/1218 3863/3863
f 1218/1218 27/27 7324/7324
f 27/27 3878/3878 7324/7324
f 4726/4726 7347/7347 6385/6385
f 4772/4772 2031/2031 7193/7193
f 3562/3562 4772/4772 7193/7193
f 4725/4725 3562/3562 7193/7193
f 6385/6385 7347/7347 6292/6292
f 691/691 6292/6292 7347/7347
f 4726/4726 5017/5017 7347/7347
f 5367/5367 7347/7347 5017/5017
f 691/691 5367/5367 2563/2563
f 691/691 7347/7347 5367/5367
f 3852/3852 249/249 2499/2499
f 2498/2498 6627/6627 3851/3851
f 6385/6385 2498/2498 4726/4726
f 1210/1210 7193/7193 2031/2031
f 1210/1210 2031/2031 4123/4123
f 6385/6385 6292/6292 6461/6461
f 3917/3917 6461/6461 6292/6292
f 6461/6461 504/504 6385/6385
f 6385/6385 504/504 2498/2498
f 691/691 3917/3917 6292/6292
f 5017/5017 2939/2939 5367/5367
f 3508/3508 3878/3878 7919/7919
f 4385/4385 2392/2392 5556/5556
f 4385/4385 5556/5556 6722/6722
f 2807/2807 5556/5556 7425/7425
f 2807/2807 7425/7425 184/184
f 6722/6722 5556/5556 2807/2807
f 3863/3863 6722/6722 2807/2807
f 184/184 7425/7425 1308/1308
f 184/184 1308/1308 230/230
f 5127/5127 184/184 230/230
f 184/184 27/27 2807/2807
f 27/27 184/184 5127/5127
f 27/27 5127/5127 3878/3878
f 230/230 1308/1308 2563/2563
f 5367/5367 2939/2939 4476/4476
f 2939/2939 4856/4856 4476/4476
f 4476/4476 4856/4856 4239/4239
f 7919/7919 3878/3878 7132/7132
f 4856/4856 7302/7302 4239/4239
f 4239/4239 7302/7302 3053/3053
f 3888/3888 7302/7302 4856/4856
f 4855/4855 3697/3697 3887/3887
f 3887/3887 3697/3697 7781/7781
f 3053/3053 3422/3422 5186/5186
f 3422/3422 3053/3053 7302/7302
f 7423/7423 5186/5186 3422/3422
f 3888/3888 3776/3776 7302/7302
f 3777/3777 3887/3887 7781/7781
f 3777/3777 7781/7781 5437/5437
f 7302/7302 3776/3776 3422/3422
f 3777/3777 5437/5437 6910/6910
f 6319/6319 7423/7423 3422/3422
f 3776/3776 6442/6442 3422/3422
f 6443/6443 3777/3777 6910/6910
f 139/139 3422/3422 6442/6442
f 5335/5335 7168/7168 7508/7508
f 1519/1519 4579/4579 4781/4781
f 4781/4781 6607/6607 1519/1519
f 3700/3700 3426/3426 5701/5701
f 1691/1691 3700/3700 7079/7079
f 6998/6998 6780/6780 6661/6661
f 3793/3793 6937/6937 6306/6306
f 1163/1163 6684/6684 3700/3700
f 1691/1691 1163/1163 3700/3700
f 929/929 766/766 2654/2654
f 7463/7463 559/559 766/766
f 5859/5859 6107/6107 6764/6764
f 559/559 7463/7463 5312/5312
f 126/126 6107/6107 5312/5312
f 5304/5304 6107/6107 5813/5813
f 7079/7079 2084/2084 1691/1691
f 7510/7510 572/572 2084/2084
f 2084/2084 3313/3313 6608/6608
f 4105/4105 3313/3313 2084/2084
f 3873/3873 7896/7896 3313/3313
f 7949/7949 5865/5865 4287/4287
f 7949/7949 832/832 5865/5865
f 5335/5335 7508/7508 1732/1732
f 4446/4446 113/113 4119/4119
f 6274/6274 4119/4119 113/113
f 6285/6285 6067/6067 6274/6274
f 1349/1349 159/159 3788/3788
f 1349/1349 3788/3788 7221/7221
f 6127/6127 1349/1349 7221/7221
f 5597/5597 4581/4581 159/159
f 159/159 1349/1349 5597/5597
f 1349/1349 6127/6127 755/755
f 755/755 6127/6127 1350/1350
f 4485/4485 755/755 1350/1350
f 7514/7514 961/961 4485/4485
f 241/241 167/167 8058/8058
f 7317/7317 1010/1010 2555/2555
f 7317/7317 4804/4804 1010/1010
f 4645/4645 6130/6130 2918/2918
f 7896/7896 3873/3873 142/142
f 1997/1997 6636/6636 142/142
f 6144/6144 6943/6943 758/758
f 6943/6943 6015/6015 758/758
f 6943/6943 1385/1385 6130/6130
f 1744/1744 5576/5576 6194/6194
f 90/90 6194/6194 5576/5576
f 5920/5920 1755/1755 2841/2841
f 2841/2841 5810/5810 3113/3113
f 7398/7398 6925/6925 3269/3269
f 5675/5675 32/32 3269/3269
f 32/32 7398/7398 3269/3269
f 32/32 5790/5790 7398/7398
f 3106/3106 614/614 7398/7398
f 3106/3106 7398/7398 5790/5790
f 3106/3106 1755/1755 614/614
f 5790/5790 3157/3157 3106/3106
f 7401/7401 5790/5790 32/32
f 3157/3157 5790/5790 4312/4312
f 4312/4312 5790/5790 7401/7401
f 4312/4312 3286/3286 3157/3157
f 5083/5083 4312/4312 7401/7401
f 5472/5472 3286/3286 4312/4312
f 3106/3106 6303/6303 1755/1755
f 6303/6303 3904/3904 2841/2841
f 2841/2841 1755/1755 6303/6303
f 6303/6303 3106/3106 3157/3157
f 6303/6303 3157/3157 5462/5462
f 6303/6303 5462/5462 3904/3904
f 5462/5462 3157/3157 3286/3286
f 6545/6545 5462/5462 3286/3286
f 5099/5099 6545/6545 3286/3286
f 5099/5099 3286/3286 5472/5472
f 6700/6700 3960/3960 5328/5328
f 4961/4961 5328/5328 3960/3960
f 3442/3442 5328/5328 624/624
f 2499/2499 249/249 4772/4772
f 2499/2499 4772/4772 3562/3562
f 4726/4726 2498/2498 3563/3563
f 504/504 6627/6627 2498/2498
f 6461/6461 6627/6627 504/504
f 6627/6627 6461/6461 2854/2854
f 5018/5018 4725/4725 7193/7193
f 1210/1210 5018/5018 7193/7193
f 5018/5018 1210/1210 5273/5273
f 156/156 2938/2938 5018/5018
f 156/156 5018/5018 5273/5273
f 3863/3863 2807/2807 27/27
f 4476/4476 2563/2563 5367/5367
f 230/230 2563/2563 4476/4476
f 4239/4239 230/230 4476/4476
f 5127/5127 230/230 2578/2578
f 2578/2578 230/230 4239/4239
f 3053/3053 2578/2578 4239/4239
f 7132/7132 3878/3878 5127/5127
f 7132/7132 5127/5127 2578/2578
f 5186/5186 7132/7132 2578/2578
f 5186/5186 2578/2578 3053/3053
f 1724/1724 7132/7132 5186/5186
f 2938/2938 156/156 3697/3697
f 2938/2938 3697/3697 4855/4855
f 7848/7848 2776/2776 1608/1608
f 2776/2776 7848/7848 4092/4092
f 2981/2981 7848/7848 1608/1608
f 1608/1608 4555/4555 2981/2981
f 4555/4555 2891/2891 2981/2981
f 4092/4092 7848/7848 5252/5252
f 6376/6376 5486/5486 4092/4092
f 5252/5252 6376/6376 4092/4092
f 5252/5252 5696/5696 6376/6376
f 5252/5252 7848/7848 7979/7979
f 2981/2981 7979/7979 7848/7848
f 5696/5696 5252/5252 7979/7979
f 5696/5696 7979/7979 923/923
f 5497/5497 923/923 7979/7979
f 923/923 3261/3261 5696/5696
f 6376/6376 5696/5696 3261/3261
f 6376/6376 3261/3261 3028/3028
f 3028/3028 3261/3261 146/146
f 146/146 3261/3261 2461/2461
f 5497/5497 2981/2981 2891/2891
f 7979/7979 2981/2981 5497/5497
f 2461/2461 3261/3261 923/923
f 480/480 2461/2461 923/923
f 7899/7899 2461/2461 480/480
f 923/923 5497/5497 5864/5864
f 2891/2891 7791/7791 5497/5497
f 5497/5497 7791/7791 5864/5864
f 5864/5864 7791/7791 2732/2732
f 480/480 923/923 5864/5864
f 2732/2732 480/480 5864/5864
f 7899/7899 1200/1200 3895/3895
f 480/480 2732/2732 1200/1200
f 1200/1200 7899/7899 480/480
f 6131/6131 201/201 5045/5045
f 5541/5541 5045/5045 201/201
f 795/795 201/201 6131/6131
f 922/922 7472/7472 2753/2753
f 7472/7472 1534/1534 2753/2753
f 1534/1534 7472/7472 6131/6131
f 7472/7472 922/922 3799/3799
f 3895/3895 795/795 3799/3799
f 3799/3799 922/922 3895/3895
f 6131/6131 7472/7472 3799/3799
f 3799/3799 795/795 6131/6131
f 2642/2642 2753/2753 537/537
f 2642/2642 922/922 2753/2753
f 7899/7899 3488/3488 2461/2461
f 4043/4043 2753/2753 1534/1534
f 4043/4043 1534/1534 6189/6189
f 2642/2642 3895/3895 922/922
f 7899/7899 3895/3895 2642/2642
f 7899/7899 2642/2642 3488/3488
f 5045/5045 1534/1534 6131/6131
f 56/56 1534/1534 5045/5045
f 6189/6189 1534/1534 56/56
f 5852/5852 5541/5541 201/201
f 5541/5541 5852/5852 3779/3779
f 2657/2657 7108/7108 3779/3779
f 5583/5583 5541/5541 3779/3779
f 5583/5583 5045/5045 5541/5541
f 56/56 5045/5045 5583/5583
f 5583/5583 1829/1829 56/56
f 6886/6886 1829/1829 5583/5583
f 5583/5583 3779/3779 6886/6886
f 6886/6886 3779/3779 7108/7108
f 4568/4568 6886/6886 7108/7108
f 4182/4182 7566/7566 7903/7903
f 7108/7108 7566/7566 4182/4182
f 4568/4568 7108/7108 4182/4182
f 7973/7973 7791/7791 2891/2891
f 3812/3812 1200/1200 2732/2732
f 1200/1200 3812/3812 3895/3895
f 3812/3812 2732/2732 7791/7791
f 7973/7973 7087/7087 7791/7791
f 3812/3812 7791/7791 1835/1835
f 7087/7087 1835/1835 7791/7791
f 3342/3342 831/831 7087/7087
f 795/795 3895/3895 3812/3812
f 3812/3812 1835/1835 795/795
f 795/795 1835/1835 92/92
f 1835/1835 7087/7087 7674/7674
f 2777/2777 795/795 92/92
f 92/92 1835/1835 2594/2594
f 7674/7674 2594/2594 1835/1835
f 831/831 7674/7674 7087/7087
f 2632/2632 4629/4629 831/831
f 831/831 4629/4629 7674/7674
f 7674/7674 4629/4629 2594/2594
f 3715/3715 4629/4629 2632/2632
f 92/92 2594/2594 4902/4902
f 2777/2777 92/92 4902/4902
f 5857/5857 5852/5852 201/201
f 201/201 795/795 2777/2777
f 2777/2777 5857/5857 201/201
f 2657/2657 5852/5852 5857/5857
f 2657/2657 5857/5857 1103/1103
f 2657/2657 3779/3779 5852/5852
f 7566/7566 7108/7108 2657/2657
f 2657/2657 1103/1103 7566/7566
f 1103/1103 3734/3734 7566/7566
f 6987/6987 3734/3734 1103/1103
f 5857/5857 2777/2777 1327/1327
f 1644/1644 1103/1103 5857/5857
f 1644/1644 6987/6987 1103/1103
f 1644/1644 1520/1520 6987/6987
f 1327/1327 1644/1644 5857/5857
f 1377/1377 1644/1644 1327/1327
f 1520/1520 1644/1644 1377/1377
f 6987/6987 1520/1520 7099/7099
f 2777/2777 4902/4902 2788/2788
f 2594/2594 4629/4629 3715/3715
f 3715/3715 1680/1680 2594/2594
f 1680/1680 4902/4902 2594/2594
f 1680/1680 3715/3715 1234/1234
f 1680/1680 2788/2788 4902/4902
f 1234/1234 2788/2788 1680/1680
f 2777/2777 2788/2788 4459/4459
f 1327/1327 2777/2777 4459/4459
f 53/53 7099/7099 1520/1520
f 1377/1377 53/53 1520/1520
f 5023/5023 7099/7099 53/53
f 4136/4136 1377/1377 1327/1327
f 1327/1327 1978/1978 4136/4136
f 1797/1797 1377/1377 4136/4136
f 53/53 1377/1377 1797/1797
f 4282/4282 3734/3734 6987/6987
f 7566/7566 3734/3734 7902/7902
f 3734/3734 4282/4282 7902/7902
f 4282/4282 6987/6987 7099/7099
f 1396/1396 2071/2071 2776/2776
f 2776/2776 1314/1314 1396/1396
f 6056/6056 1396/1396 1314/1314
f 2776/2776 4092/4092 1314/1314
f 1314/1314 4092/4092 5486/5486
f 6376/6376 1166/1166 5486/5486
f 6376/6376 3028/3028 7834/7834
f 1314/1314 5486/5486 1166/1166
f 1166/1166 6376/6376 7834/7834
f 252/252 1166/1166 7834/7834
f 1166/1166 252/252 7541/7541
f 7541/7541 252/252 8034/8034
f 1529/1529 4043/4043 6189/6189
f 3028/3028 7681/7681 2228/2228
f 3424/3424 7834/7834 3028/3028
f 3028/3028 2228/2228 3424/3424
f 2228/2228 7121/7121 2379/2379
f 3424/3424 252/252 7834/7834
f 252/252 3424/3424 2228/2228
f 252/252 2228/2228 2379/2379
f 2379/2379 7121/7121 1529/1529
f 1529/1529 3143/3143 2379/2379
f 6189/6189 3143/3143 1529/1529
f 8034/8034 2379/2379 3143/3143
f 2379/2379 8034/8034 252/252
f 6189/6189 56/56 1829/1829
f 4686/4686 1829/1829 6886/6886
f 1166/1166 7541/7541 1314/1314
f 3143/3143 6189/6189 1829/1829
f 1829/1829 4686/4686 3200/3200
f 1829/1829 3200/3200 3143/3143
f 3088/3088 3143/3143 3200/3200
f 3088/3088 8034/8034 3143/3143
f 3170/3170 50/50 6056/6056
f 6056/6056 1314/1314 6093/6093
f 1314/1314 7541/7541 6093/6093
f 6093/6093 3170/3170 6056/6056
f 3170/3170 6093/6093 3109/3109
f 7475/7475 7541/7541 4333/4333
f 4333/4333 7541/7541 4265/4265
f 4333/4333 4265/4265 5116/5116
f 4265/4265 3088/3088 5116/5116
f 6093/6093 7541/7541 7475/7475
f 7541/7541 8034/8034 4265/4265
f 4265/4265 8034/8034 3088/3088
f 8066/8066 4568/4568 4182/4182
f 4182/4182 7903/7903 2442/2442
f 3200/3200 4686/4686 7139/7139
f 484/484 7139/7139 4686/4686
f 7139/7139 3088/3088 3200/3200
f 3088/3088 7139/7139 5377/5377
f 5377/5377 7139/7139 6190/6190
f 6190/6190 7139/7139 484/484
f 4686/4686 6105/6105 484/484
f 4686/4686 6886/6886 6105/6105
f 8066/8066 6105/6105 6886/6886
f 8066/8066 4182/4182 6643/6643
f 4876/4876 7902/7902 7344/7344
f 2302/2302 2442/2442 7903/7903
f 2302/2302 7903/7903 4877/4877
f 7344/7344 5023/5023 4876/4876
f 2442/2442 6643/6643 4182/4182
f 5023/5023 1192/1192 4876/4876
f 3342/3342 4718/4718 2632/2632
f 4718/4718 2141/2141 2632/2632
f 3342/3342 7087/7087 7973/7973
f 2632/2632 2141/2141 235/235
f 2632/2632 831/831 3342/3342
f 235/235 3715/3715 2632/2632
f 3715/3715 235/235 1234/1234
f 2788/2788 1234/1234 678/678
f 7025/7025 678/678 1234/1234
f 235/235 7025/7025 1234/1234
f 2788/2788 678/678 4459/4459
f 6094/6094 235/235 2141/2141
f 7025/7025 1034/1034 678/678
f 4459/4459 678/678 1034/1034
f 4459/4459 1978/1978 1327/1327
f 4459/4459 5529/5529 1978/1978
f 1978/1978 5529/5529 5717/5717
f 3463/3463 53/53 1797/1797
f 5023/5023 53/53 533/533
f 533/533 53/53 3463/3463
f 533/533 4565/4565 5023/5023
f 5717/5717 4136/4136 1978/1978
f 4136/4136 5717/5717 1797/1797
f 4968/4968 1797/1797 5717/5717
f 3463/3463 1797/1797 4968/4968
f 3463/3463 5247/5247 533/533
f 5247/5247 3463/3463 4968/4968
f 5247/5247 4968/4968 7007/7007
f 7274/7274 4565/4565 533/533
f 6964/6964 5247/5247 7007/7007
f 5247/5247 7274/7274 533/533
f 6964/6964 7274/7274 5247/5247
f 4459/4459 1034/1034 5860/5860
f 5529/5529 4459/4459 5860/5860
f 5529/5529 5860/5860 2597/2597
f 3877/3877 2597/2597 5860/5860
f 1672/1672 5717/5717 5529/5529
f 6177/6177 5717/5717 1672/1672
f 5717/5717 6177/6177 4968/4968
f 5529/5529 2597/2597 1672/1672
f 7235/7235 1672/1672 2597/2597
f 3515/3515 7235/7235 2597/2597
f 7235/7235 6177/6177 1672/1672
f 5027/5027 6177/6177 7235/7235
f 5954/5954 5860/5860 1034/1034
f 3515/3515 2597/2597 5577/5577
f 3877/3877 5577/5577 2597/2597
f 2197/2197 5027/5027 7235/7235
f 3853/3853 5027/5027 2197/2197
f 5954/5954 18/18 5860/5860
f 18/18 3877/3877 5860/5860
f 18/18 5805/5805 3877/3877
f 5805/5805 2670/2670 3877/3877
f 5577/5577 3877/3877 2670/2670
f 2670/2670 5805/5805 7695/7695
f 5805/5805 18/18 7695/7695
f 7695/7695 18/18 4299/4299
f 5085/5085 2670/2670 7695/7695
f 5085/5085 1171/1171 2670/2670
f 5085/5085 7695/7695 4299/4299
f 2670/2670 3515/3515 5577/5577
f 1171/1171 3515/3515 2670/2670
f 4356/4356 1171/1171 5085/5085
f 2197/2197 3515/3515 1171/1171
f 4299/4299 4128/4128 5085/5085
f 3855/3855 4128/4128 2420/2420
f 2420/2420 737/737 3855/3855
f 4968/4968 6177/6177 5027/5027
f 7007/7007 4968/4968 5027/5027
f 3853/3853 7007/7007 5027/5027
f 3853/3853 6964/6964 7007/7007
f 3714/3714 6964/6964 3853/3853
f 3853/3853 3118/3118 3714/3714
f 320/320 3014/3014 2625/2625
f 3014/3014 320/320 7743/7743
f 7743/7743 3855/3855 737/737
f 3118/3118 2625/2625 6953/6953
f 3714/3714 3118/3118 6953/6953
f 3014/3014 6953/6953 2625/2625
f 3714/3714 668/668 6964/6964
f 3714/3714 6953/6953 668/668
f 3014/3014 7743/7743 737/737
f 1113/1113 3014/3014 737/737
f 1113/1113 668/668 6953/6953
f 1113/1113 6953/6953 3014/3014
f 737/737 6590/6590 1113/1113
f 4282/4282 7344/7344 7902/7902
f 7344/7344 4282/4282 5023/5023
f 5023/5023 4282/4282 7099/7099
f 1192/1192 5023/5023 4565/4565
f 4565/4565 7274/7274 260/260
f 6451/6451 7274/7274 6964/6964
f 6451/6451 6964/6964 668/668
f 4714/4714 7153/7153 4300/4300
f 4571/4571 5243/5243 4001/4001
f 7364/7364 4001/4001 462/462
f 4001/4001 5243/5243 462/462
f 4300/4300 7153/7153 50/50
f 7364/7364 7497/7497 4300/4300
f 7497/7497 4714/4714 4300/4300
f 316/316 7364/7364 4300/4300
f 7364/7364 316/316 4001/4001
f 4001/4001 7568/7568 4571/4571
f 3921/3921 4571/4571 4060/4060
f 4060/4060 4571/4571 7725/7725
f 7725/7725 4571/4571 5400/5400
f 4300/4300 7868/7868 316/316
f 7868/7868 4001/4001 316/316
f 5400/5400 4571/4571 7568/7568
f 3804/3804 5400/5400 7568/7568
f 3804/3804 7568/7568 5257/5257
f 2371/2371 7568/7568 6846/6846
f 5257/5257 7568/7568 3388/3388
f 3388/3388 7568/7568 2371/2371
f 7370/7370 2521/2521 5115/5115
f 7370/7370 5115/5115 3056/3056
f 2521/2521 1170/1170 5115/5115
f 1170/1170 2521/2521 1930/1930
f 1625/1625 2521/2521 1624/1624
f 2521/2521 5243/5243 1624/1624
f 1624/1624 5243/5243 4571/4571
f 2271/2271 1625/1625 1624/1624
f 2271/2271 1624/1624 7369/7369
f 4571/4571 4600/4600 1150/1150
f 3921/3921 4600/4600 4571/4571
f 3288/3288 2364/2364 3210/3210
f 2358/2358 3210/3210 2364/2364
f 2364/2364 1186/1186 107/107
f 2358/2358 2364/2364 107/107
f 1593/1593 5963/5963 5751/5751
f 3883/3883 1593/1593 5751/5751
f 1593/1593 3883/3883 1775/1775
f 5357/5357 6551/6551 4492/4492
f 1239/1239 7867/7867 6449/6449
f 4252/4252 6449/6449 1573/1573
f 1239/1239 6449/6449 4252/4252
f 5309/5309 1239/1239 5093/5093
f 1239/1239 4252/4252 5093/5093
f 4252/4252 371/371 5093/5093
f 5935/5935 371/371 2190/2190
f 1259/1259 5093/5093 371/371
f 1259/1259 371/371 5935/5935
f 5357/5357 7697/7697 2190/2190
f 5935/5935 2190/2190 7697/7697
f 7697/7697 5357/5357 4492/4492
f 2371/2371 6846/6846 5138/5138
f 7808/7808 50/50 5546/5546
f 50/50 7808/7808 4300/4300
f 3170/3170 5546/5546 50/50
f 5546/5546 3170/3170 7808/7808
f 7808/7808 3170/3170 3109/3109
f 7475/7475 5446/5446 3109/3109
f 7808/7808 3109/3109 4729/4729
f 4729/4729 3109/3109 5446/5446
f 4729/4729 5446/5446 325/325
f 4729/4729 2241/2241 7808/7808
f 5491/5491 2241/2241 4729/4729
f 3109/3109 6093/6093 7475/7475
f 7475/7475 4333/4333 2661/2661
f 5446/5446 7475/7475 2661/2661
f 325/325 5446/5446 2661/2661
f 4300/4300 7808/7808 2241/2241
f 5491/5491 325/325 4913/4913
f 5491/5491 4729/4729 325/325
f 4327/4327 5491/5491 4913/4913
f 2241/2241 5491/5491 1503/1503
f 4618/4618 1503/1503 4327/4327
f 1503/1503 5491/5491 4327/4327
f 4618/4618 6105/6105 5202/5202
f 5377/5377 4913/4913 2661/2661
f 2661/2661 4333/4333 5116/5116
f 2661/2661 5116/5116 5377/5377
f 5116/5116 3088/3088 5377/5377
f 325/325 2661/2661 4913/4913
f 4913/4913 5377/5377 6190/6190
f 4913/4913 6190/6190 4327/4327
f 6190/6190 4618/4618 4327/4327
f 4618/4618 6190/6190 484/484
f 4618/4618 484/484 6105/6105
f 4300/4300 2241/2241 1503/1503
f 4618/4618 4300/4300 1503/1503
f 5202/5202 4300/4300 4618/4618
f 7167/7167 7568/7568 4001/4001
f 7868/7868 7167/7167 4001/4001
f 5202/5202 6105/6105 8066/8066
f 6643/6643 2442/2442 4739/4739
f 4739/4739 2442/2442 3521/3521
f 7868/7868 7503/7503 7167/7167
f 7167/7167 5485/5485 7568/7568
f 5485/5485 7167/7167 7503/7503
f 5202/5202 7868/7868 4300/4300
f 2415/2415 4986/4986 7503/7503
f 1458/1458 4986/4986 2415/2415
f 5202/5202 1458/1458 2415/2415
f 4095/4095 4986/4986 1458/1458
f 4095/4095 4962/4962 4986/4986
f 5485/5485 1893/1893 6846/6846
f 7868/7868 2415/2415 7503/7503
f 2415/2415 7868/7868 5202/5202
f 7503/7503 1893/1893 5485/5485
f 1893/1893 7503/7503 4986/4986
f 4986/4986 188/188 1893/1893
f 4962/4962 3066/3066 188/188
f 4962/4962 188/188 4986/4986
f 188/188 1963/1963 1893/1893
f 1963/1963 188/188 3066/3066
f 6643/6643 5988/5988 3728/3728
f 5202/5202 3728/3728 1458/1458
f 4095/4095 1458/1458 6264/6264
f 6264/6264 1458/1458 3728/3728
f 5988/5988 6264/6264 3728/3728
f 6264/6264 5988/5988 4739/4739
f 4739/4739 4095/4095 6264/6264
f 4095/4095 4739/4739 1392/1392
f 5988/5988 6643/6643 4739/4739
f 7588/7588 4876/4876 1192/1192
f 2442/2442 2302/2302 3521/3521
f 5905/5905 7588/7588 1192/1192
f 1079/1079 5905/5905 5463/5463
f 5905/5905 1192/1192 6868/6868
f 6783/6783 7728/7728 4662/4662
f 6846/6846 7568/7568 5485/5485
f 6846/6846 1893/1893 1963/1963
f 4662/4662 6138/6138 6783/6783
f 2054/2054 6783/6783 3499/3499
f 3499/3499 6783/6783 6138/6138
f 6138/6138 231/231 3499/3499
f 4662/4662 7399/7399 6138/6138
f 5463/5463 5905/5905 6868/6868
f 260/260 1492/1492 1934/1934
f 1192/1192 1934/1934 6868/6868
f 1934/1934 1192/1192 4565/4565
f 4565/4565 260/260 1934/1934
f 3532/3532 1934/1934 1492/1492
f 3532/3532 6868/6868 1934/1934
f 260/260 7274/7274 6451/6451
f 260/260 6451/6451 1492/1492
f 6451/6451 7881/7881 1492/1492
f 7881/7881 6451/6451 4859/4859
f 7881/7881 4859/4859 7495/7495
f 668/668 4859/4859 6451/6451
f 4859/4859 668/668 1113/1113
f 7238/7238 6590/6590 4450/4450
f 4450/4450 6590/6590 5068/5068
f 7495/7495 4859/4859 6287/6287
f 6287/6287 5700/5700 7495/7495
f 6590/6590 7238/7238 1113/1113
f 1113/1113 6287/6287 4859/4859
f 7483/7483 1113/1113 7238/7238
f 7483/7483 7238/7238 4450/4450
f 4093/4093 6287/6287 7483/7483
f 6287/6287 1113/1113 7483/7483
f 2894/2894 3532/3532 1492/1492
f 2894/2894 1492/1492 7881/7881
f 2894/2894 7881/7881 7495/7495
f 2894/2894 7495/7495 5700/5700
f 3532/3532 2894/2894 5700/5700
f 7467/7467 3532/3532 5700/5700
f 6868/6868 3532/3532 7467/7467
f 5700/5700 6287/6287 4093/4093
f 7467/7467 5700/5700 4093/4093
f 7467/7467 4093/4093 4450/4450
f 4450/4450 4093/4093 7483/7483
f 5424/5424 7844/7844 5463/5463
f 7844/7844 5424/5424 7964/7964
f 4450/4450 6868/6868 7467/7467
f 1206/1206 6723/6723 7964/7964
f 5424/5424 5463/5463 5189/5189
f 6868/6868 4450/4450 133/133
f 5463/5463 6868/6868 133/133
f 2144/2144 7964/7964 5189/5189
f 3416/3416 7964/7964 2144/2144
f 7964/7964 5424/5424 5189/5189
f 7289/7289 5309/5309 1093/1093
f 6814/6814 1093/1093 5309/5309
f 7890/7890 1093/1093 6814/6814
f 7890/7890 4013/4013 1093/1093
f 6814/6814 5309/5309 5093/5093
f 6814/6814 5093/5093 1259/1259
f 1536/1536 6814/6814 1259/1259
f 6814/6814 7703/7703 7890/7890
f 6814/6814 5002/5002 7703/7703
f 5002/5002 6814/6814 1536/1536
f 4013/4013 7890/7890 3504/3504
f 3504/3504 7890/7890 7703/7703
f 4013/4013 3504/3504 360/360
f 3504/3504 7365/7365 360/360
f 3504/3504 6586/6586 7365/7365
f 7703/7703 5002/5002 1513/1513
f 7703/7703 6586/6586 3504/3504
f 7697/7697 6221/6221 5935/5935
f 4492/4492 2932/2932 2731/2731
f 2731/2731 7697/7697 4492/4492
f 1259/1259 5935/5935 6221/6221
f 6221/6221 1536/1536 1259/1259
f 1970/1970 6221/6221 7697/7697
f 6221/6221 5456/5456 1536/1536
f 1536/1536 5456/5456 5002/5002
f 5002/5002 5456/5456 3474/3474
f 5456/5456 6221/6221 1970/1970
f 1970/1970 7697/7697 2731/2731
f 2932/2932 7404/7404 2731/2731
f 2731/2731 7404/7404 1970/1970
f 1970/1970 5295/5295 5456/5456
f 5295/5295 1970/1970 2686/2686
f 1970/1970 7404/7404 2686/2686
f 5002/5002 3474/3474 1513/1513
f 5456/5456 5295/5295 3474/3474
f 2686/2686 6808/6808 5295/5295
f 2809/2809 7365/7365 6586/6586
f 1681/1681 7365/7365 2809/2809
f 7703/7703 1513/1513 6586/6586
f 6586/6586 3285/3285 2809/2809
f 5295/5295 1914/1914 3474/3474
f 1513/1513 3474/3474 1914/1914
f 1513/1513 1914/1914 6586/6586
f 1914/1914 3285/3285 6586/6586
f 1914/1914 5295/5295 7782/7782
f 6808/6808 7782/7782 5295/5295
f 7782/7782 6808/6808 5420/5420
f 1681/1681 360/360 7365/7365
f 1681/1681 2809/2809 751/751
f 751/751 2809/2809 6380/6380
f 6380/6380 2809/2809 3285/3285
f 6227/6227 7793/7793 751/751
f 6227/6227 751/751 6676/6676
f 6380/6380 6676/6676 751/751
f 3803/3803 6227/6227 6676/6676
f 8009/8009 3803/3803 6676/6676
f 3285/3285 1914/1914 7782/7782
f 2685/2685 6380/6380 3285/3285
f 2007/2007 2685/2685 3285/3285
f 2007/2007 3285/3285 7782/7782
f 2007/2007 7782/7782 799/799
f 6676/6676 2685/2685 2797/2797
f 6676/6676 6380/6380 2685/2685
f 2797/2797 2685/2685 2007/2007
f 6625/6625 6676/6676 2797/2797
f 2007/2007 1281/1281 2797/2797
f 6625/6625 2797/2797 4116/4116
f 1281/1281 3136/3136 2797/2797
f 2932/2932 1907/1907 7404/7404
f 2677/2677 7404/7404 1907/1907
f 2677/2677 2686/2686 7404/7404
f 2103/2103 2677/2677 579/579
f 1907/1907 2932/2932 579/579
f 1907/1907 579/579 2677/2677
f 2686/2686 2677/2677 2103/2103
f 6808/6808 2686/2686 2103/2103
f 2103/2103 579/579 6200/6200
f 1135/1135 6808/6808 3687/3687
f 6003/6003 2103/2103 6200/6200
f 6808/6808 2103/2103 6003/6003
f 6003/6003 6200/6200 4166/4166
f 3687/3687 6808/6808 6003/6003
f 6864/6864 4166/4166 6200/6200
f 4166/4166 6864/6864 1795/1795
f 4166/4166 1795/1795 3123/3123
f 6003/6003 4166/4166 3687/3687
f 5420/5420 6808/6808 1135/1135
f 799/799 7782/7782 5420/5420
f 3688/3688 5420/5420 1135/1135
f 3688/3688 799/799 5420/5420
f 2007/2007 799/799 1281/1281
f 799/799 6656/6656 1281/1281
f 6656/6656 799/799 3688/3688
f 4166/4166 3123/3123 3687/3687
f 238/238 3688/3688 1135/1135
f 238/238 1135/1135 3687/3687
f 238/238 3687/3687 5712/5712
f 6656/6656 3688/3688 238/238
f 6656/6656 238/238 3614/3614
f 3614/3614 238/238 7690/7690
f 1281/1281 6656/6656 3614/3614
f 3136/3136 1281/1281 3614/3614
f 3123/3123 1795/1795 4637/4637
f 3123/3123 5712/5712 3687/3687
f 3123/3123 4637/4637 4619/4619
f 4619/4619 2751/2751 3123/3123
f 2751/2751 5712/5712 3123/3123
f 2751/2751 4619/4619 2177/2177
f 2177/2177 4619/4619 5211/5211
f 2177/2177 5211/5211 6698/6698
f 7690/7690 238/238 5712/5712
f 7690/7690 5712/5712 2751/2751
f 3555/3555 7690/7690 2751/2751
f 2177/2177 3555/3555 2751/2751
f 3859/3859 1904/1904 7385/7385
f 2634/2634 3859/3859 7385/7385
f 2634/2634 892/892 3859/3859
f 892/892 4654/4654 3859/3859
f 4502/4502 4654/4654 892/892
f 7852/7852 892/892 4149/4149
f 710/710 1266/1266 7851/7851
f 1266/1266 710/710 7576/7576
f 3136/3136 3614/3614 1579/1579
f 3136/3136 1579/1579 2181/2181
f 2181/2181 1579/1579 1054/1054
f 3614/3614 2975/2975 1579/1579
f 7113/7113 1579/1579 2975/2975
f 1054/1054 1579/1579 7113/7113
f 7113/7113 6777/6777 1054/1054
f 2630/2630 2177/2177 6698/6698
f 3555/3555 3614/3614 7690/7690
f 3614/3614 3555/3555 2975/2975
f 3555/3555 2177/2177 7636/7636
f 2975/2975 3555/3555 7636/7636
f 7636/7636 2177/2177 2630/2630
f 6349/6349 7636/7636 2630/2630
f 5584/5584 7113/7113 2975/2975
f 2975/2975 7636/7636 3999/3999
f 2975/2975 3999/3999 5584/5584
f 5584/5584 6181/6181 7113/7113
f 5584/5584 757/757 6181/6181
f 6349/6349 2630/2630 5123/5123
f 6349/6349 3999/3999 7636/7636
f 6349/6349 2115/2115 3999/3999
f 5584/5584 3999/3999 2115/2115
f 6349/6349 5123/5123 2115/2115
f 971/971 6777/6777 7113/7113
f 6784/6784 6777/6777 971/971
f 6784/6784 971/971 7304/7304
f 757/757 5640/5640 6181/6181
f 6181/6181 971/971 7113/7113
f 971/971 6181/6181 5640/5640
f 7304/7304 971/971 5640/5640
f 757/757 5584/5584 2115/2115
f 757/757 2115/2115 5689/5689
f 5123/5123 6622/6622 2115/2115
f 5689/5689 2115/2115 6622/6622
f 2366/2366 708/708 3609/3609
f 6154/6154 4500/4500 2610/2610
f 7385/7385 6154/6154 2634/2634
f 2611/2611 2366/2366 3609/3609
f 4569/4569 2611/2611 3609/3609
f 2634/2634 6154/6154 2610/2610
f 4569/4569 2602/2602 2611/2611
f 5761/5761 2602/2602 4569/4569
f 4149/4149 2634/2634 2610/2610
f 2611/2611 2602/2602 4148/4148
f 2634/2634 4149/4149 892/892
f 7851/7851 4148/4148 2879/2879
f 4148/4148 2602/2602 2879/2879
f 7851/7851 2879/2879 710/710
f 710/710 2879/2879 443/443
f 710/710 4298/4298 7576/7576
f 6500/6500 495/495 2186/2186
f 7646/7646 6500/6500 7194/7194
f 7646/7646 495/495 6500/6500
f 495/495 7646/7646 7135/7135
f 4226/4226 7995/7995 7135/7135
f 7135/7135 7646/7646 7292/7292
f 7292/7292 4226/4226 7135/7135
f 5996/5996 4226/4226 7292/7292
f 1484/1484 1910/1910 5567/5567
f 2189/2189 2760/2760 2658/2658
f 5004/5004 4233/4233 2658/2658
f 5004/5004 2658/2658 7567/7567
f 2658/2658 1871/1871 7567/7567
f 2760/2760 1871/1871 2658/2658
f 6927/6927 2760/2760 2189/2189
f 2760/2760 6927/6927 5690/5690
f 5761/5761 4569/4569 628/628
f 443/443 2602/2602 5761/5761
f 5761/5761 628/628 80/80
f 80/80 628/628 6613/6613
f 80/80 443/443 5761/5761
f 80/80 5134/5134 443/443
f 1280/1280 5134/5134 80/80
f 817/817 80/80 6613/6613
f 4885/4885 6723/6723 1206/1206
f 5913/5913 4885/4885 1206/1206
f 1206/1206 7964/7964 3656/3656
f 3656/3656 7964/7964 3416/3416
f 1206/1206 3656/3656 5842/5842
f 5842/5842 3656/3656 1696/1696
f 2602/2602 443/443 2879/2879
f 4298/4298 443/443 5134/5134
f 6583/6583 4298/4298 5134/5134
f 710/710 443/443 4298/4298
f 881/881 3066/3066 4962/4962
f 4962/4962 3205/3205 881/881
f 1392/1392 4962/4962 4095/4095
f 1392/1392 4739/4739 3521/3521
f 1966/1966 1392/1392 3521/3521
f 1966/1966 4094/4094 1392/1392
f 1966/1966 3521/3521 853/853
f 853/853 4025/4025 1966/1966
f 4094/4094 1966/1966 4025/4025
f 3205/3205 4962/4962 1392/1392
f 4094/4094 3205/3205 1392/1392
f 4094/4094 7103/7103 3205/3205
f 921/921 7103/7103 4094/4094
f 4094/4094 2002/2002 921/921
f 853/853 3521/3521 511/511
f 853/853 511/511 1076/1076
f 1076/1076 511/511 7589/7589
f 1076/1076 4025/4025 853/853
f 4025/4025 2002/2002 4094/4094
f 1076/1076 2684/2684 4025/4025
f 2684/2684 1076/1076 7589/7589
f 2002/2002 4025/4025 1087/1087
f 1087/1087 4025/4025 2684/2684
f 2002/2002 1087/1087 4421/4421
f 635/635 2002/2002 4421/4421
f 5905/5905 2683/2683 7588/7588
f 7844/7844 1086/1086 2683/2683
f 2683/2683 1079/1079 7844/7844
f 7844/7844 4422/4422 1086/1086
f 4408/4408 4422/4422 7964/7964
f 1079/1079 2683/2683 5905/5905
f 7844/7844 7964/7964 4422/4422
f 1079/1079 5463/5463 7844/7844
f 1963/1963 3066/3066 6665/6665
f 6665/6665 3066/3066 881/881
f 5381/5381 881/881 3205/3205
f 5381/5381 3205/3205 6821/6821
f 6665/6665 6846/6846 1963/1963
f 6665/6665 881/881 6711/6711
f 5381/5381 6711/6711 881/881
f 3205/3205 7103/7103 6821/6821
f 6758/6758 7103/7103 921/921
f 921/921 635/635 6758/6758
f 2002/2002 635/635 921/921
f 4409/4409 635/635 4421/4421
f 1051/1051 635/635 4409/4409
f 6723/6723 4408/4408 7964/7964
f 1051/1051 4409/4409 1901/1901
f 6723/6723 1900/1900 4408/4408
f 2936/2936 1900/1900 6723/6723
f 2936/2936 6723/6723 4130/4130
f 6312/6312 4130/4130 6723/6723
f 588/588 6723/6723 2119/2119
f 6312/6312 6723/6723 588/588
f 146/146 2461/2461 4102/4102
f 3488/3488 4102/4102 2461/2461
f 4102/4102 3488/3488 537/537
f 2642/2642 537/537 3488/3488
f 537/537 2753/2753 4043/4043
f 3028/3028 146/146 7681/7681
f 7121/7121 537/537 4043/4043
f 7681/7681 537/537 7121/7121
f 4043/4043 1529/1529 7121/7121
f 7681/7681 146/146 4102/4102
f 7681/7681 4102/4102 537/537
f 2228/2228 7681/7681 7121/7121
f 4568/4568 8066/8066 6886/6886
f 7306/7306 6404/6404 6453/6453
f 3571/3571 6404/6404 7306/7306
f 7372/7372 1022/1022 2426/2426
f 7372/7372 2426/2426 4802/4802
f 192/192 2426/2426 1022/1022
f 6404/6404 1022/1022 7372/7372
f 7372/7372 4802/4802 29/29
f 6404/6404 7372/7372 29/29
f 4802/4802 3705/3705 29/29
f 1022/1022 6404/6404 3571/3571
f 7061/7061 1022/1022 3571/3571
f 1022/1022 7061/7061 5879/5879
f 5153/5153 5879/5879 7061/7061
f 560/560 2427/2427 193/193
f 4802/4802 2426/2426 283/283
f 282/282 2427/2427 560/560
f 6718/6718 560/560 193/193
f 282/282 2182/2182 5351/5351
f 2182/2182 282/282 5232/5232
f 2182/2182 5232/5232 227/227
f 2182/2182 1060/1060 5351/5351
f 560/560 5232/5232 282/282
f 560/560 6718/6718 5352/5352
f 5352/5352 5232/5232 560/560
f 5879/5879 192/192 1022/1022
f 6718/6718 193/193 5880/5880
f 5153/5153 685/685 5879/5879
f 686/686 6718/6718 5880/5880
f 2182/2182 227/227 5192/5192
f 5352/5352 5192/5192 227/227
f 5352/5352 227/227 5232/5232
f 6371/6371 2182/2182 5192/5192
f 1060/1060 2182/2182 6371/6371
f 6718/6718 7698/7698 5352/5352
f 7698/7698 5192/5192 5352/5352
f 6371/6371 1141/1141 1060/1060
f 5192/5192 1141/1141 6371/6371
f 5774/5774 1141/1141 455/455
f 455/455 1141/1141 5192/5192
f 455/455 5192/5192 7698/7698
f 7235/7235 3515/3515 2197/2197
f 4356/4356 2197/2197 1171/1171
f 4137/4137 2197/2197 4356/4356
f 4356/4356 5085/5085 4128/4128
f 4356/4356 4128/4128 3855/3855
f 3853/3853 2197/2197 4137/4137
f 3118/3118 4137/4137 4356/4356
f 320/320 3118/3118 4356/4356
f 3118/3118 3853/3853 4137/4137
f 320/320 2625/2625 3118/3118
f 320/320 4356/4356 3855/3855
f 3855/3855 7743/7743 320/320
f 6674/6674 44/44 582/582
f 582/582 4596/4596 6674/6674
f 7893/7893 4596/4596 582/582
f 2205/2205 4596/4596 7893/7893
f 4213/4213 7893/7893 4730/4730
f 376/376 1639/1639 4324/4324
f 4324/4324 1639/1639 4800/4800
f 4800/4800 7482/7482 4324/4324
f 7945/7945 4324/4324 2672/2672
f 2672/2672 4324/4324 7482/7482
f 3982/3982 2672/2672 7482/7482
f 7945/7945 2672/2672 4572/4572
f 3982/3982 7068/7068 2672/2672
f 4572/4572 2672/2672 1204/1204
f 1204/1204 2672/2672 7068/7068
f 4572/4572 1204/1204 1108/1108
f 4596/4596 376/376 6674/6674
f 4596/4596 1639/1639 376/376
f 1639/1639 4596/4596 2205/2205
f 2205/2205 4800/4800 1639/1639
f 7945/7945 4781/4781 901/901
f 901/901 4324/4324 7945/7945
f 5836/5836 4544/4544 7945/7945
f 7482/7482 4800/4800 2205/2205
f 7893/7893 7482/7482 2205/2205
f 4872/4872 3982/3982 7482/7482
f 7482/7482 7893/7893 4872/4872
f 5824/5824 7945/7945 4572/4572
f 5824/5824 4572/4572 1108/1108
f 5836/5836 7945/7945 5824/5824
f 4872/4872 7068/7068 3982/3982
f 7893/7893 4213/4213 4872/4872
f 4585/4585 5824/5824 1108/1108
f 4585/4585 1108/1108 7487/7487
f 7068/7068 118/118 1204/1204
f 118/118 7068/7068 3846/3846
f 5442/5442 3846/3846 4872/4872
f 4249/4249 1204/1204 118/118
f 203/203 1204/1204 4249/4249
f 1108/1108 1204/1204 203/203
f 1108/1108 203/203 4179/4179
f 4249/4249 118/118 5459/5459
f 203/203 4249/4249 5078/5078
f 3846/3846 5459/5459 118/118
f 5442/5442 5459/5459 3846/3846
f 7068/7068 4872/4872 3846/3846
f 4213/4213 4901/4901 4872/4872
f 637/637 4901/4901 4213/4213
f 4448/4448 4901/4901 637/637
f 4901/4901 5442/5442 4872/4872
f 7487/7487 1108/1108 4179/4179
f 5120/5120 7487/7487 4179/4179
f 91/91 203/203 5078/5078
f 894/894 4179/4179 6533/6533
f 1312/1312 7734/7734 1703/1703
f 4331/4331 4487/4487 1312/1312
f 1312/1312 1703/1703 4930/4930
f 1312/1312 4930/4930 2564/2564
f 4930/4930 6844/6844 2564/2564
f 895/895 5146/5146 4930/4930
f 6844/6844 4930/4930 5146/5146
f 6844/6844 5146/5146 3872/3872
f 6844/6844 3699/3699 5108/5108
f 3872/3872 3699/3699 6844/6844
f 3872/3872 3822/3822 3699/3699
f 5108/5108 3699/3699 4759/4759
f 4759/4759 2240/2240 5108/5108
f 4759/4759 3699/3699 3822/3822
f 6844/6844 5108/5108 2564/2564
f 450/450 2240/2240 4759/4759
f 4249/4249 119/119 5078/5078
f 700/700 119/119 4249/4249
f 5459/5459 700/700 4249/4249
f 119/119 7734/7734 5078/5078
f 119/119 700/700 1318/1318
f 7734/7734 119/119 1703/1703
f 1318/1318 1703/1703 119/119
f 7144/7144 1318/1318 700/700
f 7144/7144 700/700 5459/5459
f 5459/5459 5442/5442 7144/7144
f 1703/1703 1318/1318 6091/6091
f 4930/4930 1703/1703 895/895
f 6091/6091 895/895 1703/1703
f 6091/6091 1318/1318 7144/7144
f 2768/2768 7144/7144 5442/5442
f 219/219 3277/3277 2768/2768
f 3277/3277 6091/6091 7144/7144
f 2768/2768 3277/3277 7144/7144
f 3058/3058 895/895 6091/6091
f 3058/3058 6091/6091 3277/3277
f 3058/3058 3277/3277 4954/4954
f 4954/4954 4061/4061 3058/3058
f 7734/7734 4487/4487 5078/5078
f 8069/8069 91/91 5078/5078
f 8069/8069 5078/5078 4487/4487
f 8069/8069 6533/6533 91/91
f 4791/4791 6533/6533 8069/8069
f 4487/4487 7734/7734 1312/1312
f 4487/4487 4331/4331 8069/8069
f 8069/8069 4331/4331 4791/4791
f 4179/4179 91/91 6533/6533
f 6809/6809 6533/6533 4791/4791
f 6533/6533 6809/6809 894/894
f 894/894 6809/6809 1631/1631
f 4588/4588 5146/5146 895/895
f 4588/4588 895/895 4061/4061
f 3058/3058 4061/4061 895/895
f 2240/2240 3529/3529 4331/4331
f 5638/5638 3529/3529 2240/2240
f 4331/4331 3529/3529 4791/4791
f 6809/6809 4791/4791 3529/3529
f 800/800 6809/6809 3529/3529
f 1840/1840 5714/5714 5747/5747
f 5747/5747 5714/5714 1488/1488
f 1488/1488 5329/5329 5747/5747
f 5329/5329 1488/1488 2269/2269
f 5146/5146 3501/3501 3872/3872
f 2824/2824 5098/5098 3501/3501
f 3822/3822 3872/3872 2269/2269
f 2269/2269 3872/3872 3501/3501
f 1488/1488 3822/3822 2269/2269
f 1840/1840 450/450 3822/3822
f 4759/4759 3822/3822 450/450
f 3822/3822 1488/1488 5714/5714
f 3822/3822 5714/5714 1840/1840
f 5098/5098 2269/2269 3501/3501
f 5098/5098 1729/1729 2269/2269
f 3621/3621 1729/1729 2223/2223
f 1729/1729 2000/2000 2223/2223
f 3621/3621 2223/2223 3274/3274
f 4766/4766 7001/7001 7461/7461
f 5977/5977 2223/2223 2000/2000
f 3309/3309 6922/6922 5098/5098
f 1873/1873 5977/5977 6922/6922
f 4766/4766 3274/3274 5977/5977
f 7001/7001 4766/4766 1386/1386
f 5861/5861 1386/1386 4766/4766
f 5400/5400 6648/6648 4480/4480
f 7932/7932 4480/4480 6648/6648
f 2765/2765 4061/4061 4954/4954
f 4588/4588 4061/4061 2765/2765
f 4588/4588 2765/2765 2466/2466
f 5911/5911 2229/2229 2765/2765
f 2229/2229 5911/5911 4402/4402
f 2229/2229 4402/4402 5447/5447
f 2229/2229 2466/2466 2765/2765
f 2824/2824 2466/2466 2229/2229
f 6648/6648 5400/5400 7870/7870
f 2256/2256 7932/7932 6648/6648
f 6648/6648 6605/6605 2256/2256
f 6648/6648 7870/7870 6605/6605
f 5447/5447 2256/2256 6605/6605
f 5447/5447 2824/2824 2229/2229
f 2824/2824 5447/5447 3399/3399
f 3399/3399 5447/5447 6605/6605
f 7870/7870 5400/5400 3804/3804
f 7870/7870 3804/3804 5178/5178
f 6605/6605 7870/7870 6573/6573
f 6605/6605 6573/6573 1808/1808
f 6573/6573 7870/7870 5178/5178
f 1808/1808 104/104 3399/3399
f 6605/6605 1808/1808 3399/3399
f 5257/5257 5165/5165 3804/3804
f 5178/5178 3804/3804 5165/5165
f 2795/2795 5178/5178 5165/5165
f 6573/6573 5178/5178 1292/1292
f 6573/6573 1292/1292 1808/1808
f 104/104 1808/1808 1292/1292
f 2795/2795 1292/1292 5178/5178
f 4588/4588 3501/3501 5146/5146
f 3501/3501 4588/4588 2824/2824
f 3503/3503 3785/3785 2824/2824
f 3503/3503 5977/5977 1873/1873
f 5977/5977 3503/3503 6346/6346
f 3503/3503 1873/1873 3785/3785
f 4533/4533 500/500 6346/6346
f 4766/4766 5977/5977 500/500
f 500/500 2999/2999 4766/4766
f 500/500 5977/5977 6346/6346
f 2388/2388 3503/3503 2824/2824
f 3399/3399 2388/2388 2824/2824
f 2388/2388 3399/3399 104/104
f 104/104 3122/3122 2388/2388
f 3122/3122 104/104 2795/2795
f 104/104 1292/1292 2795/2795
f 2577/2577 1721/1721 5861/5861
f 2577/2577 5861/5861 2999/2999
f 4533/4533 3929/3929 2387/2387
f 2801/2801 5257/5257 2533/2533
f 5257/5257 3388/3388 2533/2533
f 7042/7042 2999/2999 500/500
f 4533/4533 4461/4461 500/500
f 500/500 4461/4461 7042/7042
f 7042/7042 2577/2577 2999/2999
f 2577/2577 7042/7042 5811/5811
f 2577/2577 5811/5811 6341/6341
f 7042/7042 4405/4405 5811/5811
f 6744/6744 5811/5811 4405/4405
f 2387/2387 4461/4461 4533/4533
f 2387/2387 4405/4405 4461/4461
f 4461/4461 4405/4405 7042/7042
f 4405/4405 2387/2387 6744/6744
f 5257/5257 2053/2053 5165/5165
f 2795/2795 5165/5165 2053/2053
f 3122/3122 2795/2795 4380/4380
f 2795/2795 2053/2053 4380/4380
f 2053/2053 5257/5257 1242/1242
f 3122/3122 4380/4380 1242/1242
f 2053/2053 1242/1242 4380/4380
f 3929/3929 2388/2388 3122/3122
f 2388/2388 3929/3929 4533/4533
f 2387/2387 3929/3929 5061/5061
f 1242/1242 3929/3929 3122/3122
f 5984/5984 3303/3303 2533/2533
f 5061/5061 6001/6001 2387/2387
f 6001/6001 5061/5061 3303/3303
f 6001/6001 3303/3303 1935/1935
f 2400/2400 3388/3388 2371/2371
f 2533/2533 3388/3388 2400/2400
f 2533/2533 2400/2400 5984/5984
f 1777/1777 2400/2400 2371/2371
f 2543/2543 2080/2080 5984/5984
f 5984/5984 2400/2400 1777/1777
f 2543/2543 5984/5984 1777/1777
f 2371/2371 5138/5138 1777/1777
f 1777/1777 5138/5138 2543/2543
f 1889/1889 2543/2543 5138/5138
f 1889/1889 2733/2733 2543/2543
f 5984/5984 1935/1935 3303/3303
f 5984/5984 2080/2080 1935/1935
f 6001/6001 1935/1935 2080/2080
f 6001/6001 2080/2080 7778/7778
f 3056/3056 381/381 7370/7370
f 1170/1170 3056/3056 5115/5115
f 1355/1355 4390/4390 381/381
f 381/381 3056/3056 1355/1355
f 1355/1355 3056/3056 1170/1170
f 1355/1355 600/600 4390/4390
f 1625/1625 1930/1930 2521/2521
f 2271/2271 600/600 1625/1625
f 600/600 1930/1930 1625/1625
f 1170/1170 1930/1930 1355/1355
f 1355/1355 1930/1930 600/600
f 582/582 8051/8051 1909/1909
f 1909/1909 5746/5746 582/582
f 582/582 5746/5746 4730/4730
f 582/582 4730/4730 7893/7893
f 1909/1909 4198/4198 5746/5746
f 637/637 4730/4730 5746/5746
f 637/637 4213/4213 4730/4730
f 5746/5746 6345/6345 637/637
f 5746/5746 3182/3182 4390/4390
f 7436/7436 600/600 2271/2271
f 4390/4390 600/600 7436/7436
f 4390/4390 6345/6345 5746/5746
f 2271/2271 7369/7369 7436/7436
f 4390/4390 7436/7436 611/611
f 611/611 7436/7436 7369/7369
f 7609/7609 4448/4448 6345/6345
f 637/637 6345/6345 4448/4448
f 2768/2768 4448/4448 7609/7609
f 3162/3162 1624/1624 4878/4878
f 3162/3162 4878/4878 1092/1092
f 24/24 1092/1092 4878/4878
f 1092/1092 4390/4390 611/611
f 4878/4878 1624/1624 4571/4571
f 4878/4878 4571/4571 1150/1150
f 24/24 6946/6946 1092/1092
f 4390/4390 1092/1092 6946/6946
f 4878/4878 4143/4143 24/24
f 6946/6946 24/24 4143/4143
f 4390/4390 6946/6946 4143/4143
f 4143/4143 7609/7609 4390/4390
f 1624/1624 611/611 7369/7369
f 611/611 1624/1624 3162/3162
f 1092/1092 611/611 3162/3162
f 1150/1150 1080/1080 4878/4878
f 1080/1080 4143/4143 4878/4878
f 7609/7609 4143/4143 1080/1080
f 1150/1150 4600/4600 3177/3177
f 1150/1150 3177/3177 1080/1080
f 6345/6345 4390/4390 7609/7609
f 1080/1080 4582/4582 7609/7609
f 4582/4582 1080/1080 3177/3177
f 5662/5662 4600/4600 776/776
f 776/776 4600/4600 3921/3921
f 5662/5662 776/776 4161/4161
f 1056/1056 2768/2768 7609/7609
f 776/776 2740/2740 4161/4161
f 776/776 3921/3921 2916/2916
f 1056/1056 4161/4161 2740/2740
f 2740/2740 776/776 2916/2916
f 2916/2916 3921/3921 4060/4060
f 1692/1692 1056/1056 4737/4737
f 2740/2740 4737/4737 1056/1056
f 2916/2916 4737/4737 2740/2740
f 3177/3177 4600/4600 6220/6220
f 6220/6220 4582/4582 3177/3177
f 7609/7609 4582/4582 6220/6220
f 6220/6220 4161/4161 7609/7609
f 1056/1056 7609/7609 4161/4161
f 6220/6220 4600/4600 5662/5662
f 5662/5662 4161/4161 6220/6220
f 4060/4060 3986/3986 2916/2916
f 2916/2916 3986/3986 4737/4737
f 4060/4060 2680/2680 3986/3986
f 7039/7039 4754/4754 1862/1862
f 1862/1862 4754/4754 6607/6607
f 4754/4754 518/518 6607/6607
f 2696/2696 4754/4754 7039/7039
f 1862/1862 5836/5836 7172/7172
f 7172/7172 5836/5836 4585/4585
f 7039/7039 7172/7172 6101/6101
f 7172/7172 4585/4585 7487/7487
f 6101/6101 7172/7172 7487/7487
f 7487/7487 5120/5120 6101/6101
f 7172/7172 7039/7039 1862/1862
f 6101/6101 5250/5250 7039/7039
f 5250/5250 6101/6101 4190/4190
f 2696/2696 7039/7039 5250/5250
f 6763/6763 5250/5250 4190/4190
f 5250/5250 6/6 2696/2696
f 6/6 5250/5250 6763/6763
f 5442/5442 4901/4901 4448/4448
f 4754/4754 3689/3689 518/518
f 2696/2696 3689/3689 4754/4754
f 1350/1350 3689/3689 2696/2696
f 5120/5120 4179/4179 894/894
f 4957/4957 5120/5120 8043/8043
f 894/894 8043/8043 5120/5120
f 6994/6994 4957/4957 7759/7759
f 479/479 5918/5918 607/607
f 1788/1788 607/607 5918/5918
f 607/607 7502/7502 479/479
f 4190/4190 1186/1186 6763/6763
f 1788/1788 5918/5918 6/6
f 6763/6763 1788/1788 6/6
f 1788/1788 6763/6763 1186/1186
f 1245/1245 7514/7514 259/259
f 6449/6449 1245/1245 1573/1573
f 1573/1573 1245/1245 259/259
f 599/599 1573/1573 259/259
f 1788/1788 2364/2364 607/607
f 2364/2364 1788/1788 1186/1186
f 607/607 4329/4329 7502/7502
f 7502/7502 4329/4329 259/259
f 599/599 259/259 4329/4329
f 599/599 4329/4329 1149/1149
f 4329/4329 607/607 3288/3288
f 3288/3288 607/607 2364/2364
f 4329/4329 3288/3288 1149/1149
f 1149/1149 3288/3288 3210/3210
f 3210/3210 6495/6495 1149/1149
f 2190/2190 1149/1149 6495/6495
f 1186/1186 4190/4190 6198/6198
f 6198/6198 4190/4190 392/392
f 6198/6198 392/392 7397/7397
f 2998/2998 6198/6198 7397/7397
f 107/107 1186/1186 6198/6198
f 107/107 6198/6198 2998/2998
f 7397/7397 392/392 4957/4957
f 6994/6994 7397/7397 4957/4957
f 7397/7397 145/145 2998/2998
f 145/145 6994/6994 467/467
f 6994/6994 6970/6970 467/467
f 3883/3883 2998/2998 145/145
f 5751/5751 2998/2998 3883/3883
f 467/467 3883/3883 145/145
f 467/467 2599/2599 3883/3883
f 6617/6617 2358/2358 5963/5963
f 107/107 2998/2998 5751/5751
f 5751/5751 2358/2358 107/107
f 2358/2358 5751/5751 5963/5963
f 2915/2915 5963/5963 1593/1593
f 2915/2915 1593/1593 1775/1775
f 6617/6617 3210/3210 2358/2358
f 6495/6495 3210/3210 6617/6617
f 6617/6617 2915/2915 6495/6495
f 2190/2190 6495/6495 5357/5357
f 2915/2915 6617/6617 5963/5963
f 5357/5357 6495/6495 2915/2915
f 2915/2915 1775/1775 6551/6551
f 6551/6551 1775/1775 2488/2488
f 5357/5357 2915/2915 6551/6551
f 1692/1692 219/219 2768/2768
f 2768/2768 1056/1056 1692/1692
f 1692/1692 4928/4928 219/219
f 4737/4737 3986/3986 5233/5233
f 5233/5233 3986/3986 2680/2680
f 1692/1692 4737/4737 5233/5233
f 5233/5233 5248/5248 1692/1692
f 5248/5248 5233/5233 2680/2680
f 1692/1692 5248/5248 4928/4928
f 2680/2680 4060/4060 7725/7725
f 5248/5248 2680/2680 2643/2643
f 2680/2680 7725/7725 5029/5029
f 5029/5029 7725/7725 4616/4616
f 2680/2680 5029/5029 5113/5113
f 5113/5113 2643/2643 2680/2680
f 4928/4928 4954/4954 219/219
f 5113/5113 4928/4928 2643/2643
f 5248/5248 2643/2643 4928/4928
f 4954/4954 4928/4928 2765/2765
f 6097/6097 8043/8043 1373/1373
f 1373/1373 8043/8043 3955/3955
f 6097/6097 1373/1373 5623/5623
f 8043/8043 4373/4373 7759/7759
f 4373/4373 8043/8043 6097/6097
f 5623/5623 4373/4373 6097/6097
f 4373/4373 6546/6546 7759/7759
f 6994/6994 7759/7759 6970/6970
f 6970/6970 7759/7759 6546/6546
f 6970/6970 6546/6546 2325/2325
f 6546/6546 4373/4373 5623/5623
f 717/717 6546/6546 5623/5623
f 2325/2325 6546/6546 717/717
f 717/717 5623/5623 342/342
f 2325/2325 467/467 6970/6970
f 2325/2325 2599/2599 467/467
f 2599/2599 2325/2325 7585/7585
f 2599/2599 7585/7585 724/724
f 2599/2599 6359/6359 3883/3883
f 1573/1573 599/599 6494/6494
f 6494/6494 6557/6557 1573/1573
f 1573/1573 6557/6557 4252/4252
f 6557/6557 6494/6494 1149/1149
f 6557/6557 1149/1149 2190/2190
f 4252/4252 6557/6557 371/371
f 6557/6557 2190/2190 371/371
f 4616/4616 7725/7725 5400/5400
f 4616/4616 6450/6450 5029/5029
f 5911/5911 2765/2765 4928/4928
f 5113/5113 5029/5029 6450/6450
f 4928/4928 5113/5113 6450/6450
f 5911/5911 4928/4928 6450/6450
f 4616/4616 5400/5400 4480/4480
f 4616/4616 4480/4480 3241/3241
f 3241/3241 6450/6450 4616/4616
f 6450/6450 3241/3241 5911/5911
f 4480/4480 7932/7932 3241/3241
f 4402/4402 5911/5911 3241/3241
f 4402/4402 3241/3241 7932/7932
f 5447/5447 4402/4402 7932/7932
f 2256/2256 5447/5447 7932/7932
f 5138/5138 6846/6846 6665/6665
f 5138/5138 6665/6665 509/509
f 509/509 1889/1889 5138/5138
f 800/800 3529/3529 4983/4983
f 4983/4983 3529/3529 5245/5245
f 255/255 3529/3529 5638/5638
f 255/255 5638/5638 4378/4378
f 255/255 5245/5245 3529/3529
f 5245/5245 255/255 5037/5037
f 5037/5037 255/255 4378/4378
f 1631/1631 6809/6809 800/800
f 1631/1631 800/800 4177/4177
f 800/800 4983/4983 5245/5245
f 4177/4177 800/800 5245/5245
f 3955/3955 4177/4177 1332/1332
f 3955/3955 1631/1631 4177/4177
f 4177/4177 5245/5245 5037/5037
f 5037/5037 1332/1332 4177/4177
f 5037/5037 4378/4378 6781/6781
f 1332/1332 5037/5037 6781/6781
f 3010/3010 3440/3440 2890/2890
f 4472/4472 3010/3010 3036/3036
f 2890/2890 3036/3036 3010/3010
f 4472/4472 3036/3036 7222/7222
f 40/40 4472/4472 1468/1468
f 1468/1468 4472/4472 7222/7222
f 1468/1468 7222/7222 2054/2054
f 2890/2890 2298/2298 3036/3036
f 7222/7222 3036/3036 2298/2298
f 2350/2350 7774/7774 6906/6906
f 7774/7774 2350/2350 5692/5692
f 7768/7768 2437/2437 5692/5692
f 7774/7774 5692/5692 2437/2437
f 2078/2078 1481/1481 1704/1704
f 6219/6219 2619/2619 2301/2301
f 6219/6219 4207/4207 2619/2619
f 2437/2437 2301/2301 2619/2619
f 4687/4687 4207/4207 6219/6219
f 7810/7810 4054/4054 2217/2217
f 4054/4054 4235/4235 2217/2217
f 4235/4235 4054/4054 6854/6854
f 6219/6219 4054/4054 4687/4687
f 4054/4054 7810/7810 4687/4687
f 6219/6219 2301/2301 4054/4054
f 6854/6854 4054/4054 2301/2301
f 6854/6854 2301/2301 7291/7291
f 2078/2078 4207/4207 4687/4687
f 4207/4207 1704/1704 2619/2619
f 1704/1704 4207/4207 2078/2078
f 6407/6407 2078/2078 4687/4687
f 2437/2437 1050/1050 7774/7774
f 7774/7774 1050/1050 5736/5736
f 7774/7774 5736/5736 6906/6906
f 2437/2437 2619/2619 1050/1050
f 1050/1050 2619/2619 1704/1704
f 1050/1050 1704/1704 5736/5736
f 1481/1481 5736/5736 1704/1704
f 6119/6119 2437/2437 7768/7768
f 2301/2301 2437/2437 7291/7291
f 6119/6119 7291/7291 2437/2437
f 1255/1255 29/29 3705/3705
f 3705/3705 1769/1769 1255/1255
f 7315/7315 29/29 1255/1255
f 7768/7768 3297/3297 1255/1255
f 7315/7315 1255/1255 3297/3297
f 2350/2350 5026/5026 3297/3297
f 5026/5026 7315/7315 3297/3297
f 5692/5692 2350/2350 3297/3297
f 5692/5692 3297/3297 7768/7768
f 6827/6827 5026/5026 2350/2350
f 3728/3728 8066/8066 6643/6643
f 3728/3728 5202/5202 8066/8066
f 1626/1626 7886/7886 6115/6115
f 7020/7020 1626/1626 6115/6115
f 7299/7299 1626/1626 7020/7020
f 1481/1481 2078/2078 7738/7738
f 2078/2078 7587/7587 1361/1361
f 1361/1361 7738/7738 2078/2078
f 7991/7991 5354/5354 7182/7182
f 3052/3052 5354/5354 7991/7991
f 6409/6409 5354/5354 3052/3052
f 1268/1268 463/463 1481/1481
f 1268/1268 7454/7454 5573/5573
f 5573/5573 2317/2317 1268/1268
f 6962/6962 2317/2317 5573/5573
f 6962/6962 5573/5573 110/110
f 7299/7299 7020/7020 6962/6962
f 804/804 7299/7299 6962/6962
f 7955/7955 7299/7299 804/804
f 7955/7955 1626/1626 7299/7299
f 3706/3706 7955/7955 804/804
f 6962/6962 110/110 804/804
f 6420/6420 804/804 110/110
f 6420/6420 204/204 804/804
f 204/204 3706/3706 804/804
f 7951/7951 3706/3706 204/204
f 7174/7174 110/110 5573/5573
f 7454/7454 7174/7174 5573/5573
f 7643/7643 110/110 7174/7174
f 778/778 110/110 7643/7643
f 110/110 778/778 6420/6420
f 196/196 6420/6420 778/778
f 5354/5354 6409/6409 7134/7134
f 6420/6420 196/196 2851/2851
f 2851/2851 196/196 3818/3818
f 3818/3818 196/196 1764/1764
f 2851/2851 204/204 6420/6420
f 204/204 2851/2851 7951/7951
f 3818/3818 7951/7951 2851/2851
f 7951/7951 3818/3818 3738/3738
f 1060/1060 4325/4325 5351/5351
f 5158/5158 5350/5350 2151/2151
f 7768/7768 1217/1217 6119/6119
f 7768/7768 5158/5158 1217/1217
f 3539/3539 1217/1217 5158/5158
f 3539/3539 5158/5158 2151/2151
f 2152/2152 5351/5351 985/985
f 6453/6453 6404/6404 29/29
f 1769/1769 3705/3705 4802/4802
f 5340/5340 3571/3571 7306/7306
f 7886/7886 5340/5340 7306/7306
f 6453/6453 6115/6115 7306/7306
f 7886/7886 7306/7306 6115/6115
f 5350/5350 4802/4802 283/283
f 1769/1769 4802/4802 5350/5350
f 3571/3571 5340/5340 7061/7061
f 1769/1769 5158/5158 1255/1255
f 7768/7768 1255/1255 5158/5158
f 5158/5158 1769/1769 5350/5350
f 7886/7886 1626/1626 5340/5340
f 5340/5340 1626/1626 7013/7013
f 7955/7955 7013/7013 1626/1626
f 5340/5340 7013/7013 1298/1298
f 4877/4877 7589/7589 2302/2302
f 2302/2302 7589/7589 511/511
f 7022/7022 5153/5153 5340/5340
f 1298/1298 7022/7022 5340/5340
f 6314/6314 7022/7022 1298/1298
f 7698/7698 6718/6718 686/686
f 4665/4665 7698/7698 686/686
f 1060/1060 1141/1141 1802/1802
f 2282/2282 455/455 7698/7698
f 2282/2282 7698/7698 4665/4665
f 3782/3782 686/686 7023/7023
f 6599/6599 2282/2282 4665/4665
f 6984/6984 2282/2282 6599/6599
f 7955/7955 3706/3706 7013/7013
f 7013/7013 3706/3706 4256/4256
f 2302/2302 511/511 3521/3521
f 7951/7951 4256/4256 3706/3706
f 4256/4256 1298/1298 7013/7013
f 4256/4256 6314/6314 1298/1298
f 7023/7023 6313/6313 2046/2046
f 3733/3733 6313/6313 3479/3479
f 3733/3733 2046/2046 6313/6313
f 3479/3479 6313/6313 4257/4257
f 1544/1544 4256/4256 7951/7951
f 1545/1545 3964/3964 4257/4257
f 2870/2870 1544/1544 7951/7951
f 6230/6230 3964/3964 1545/1545
f 3479/3479 4257/4257 3964/3964
f 3733/3733 3479/3479 3923/3923
f 6230/6230 1545/1545 2869/2869
f 6403/6403 6230/6230 2869/2869
f 3923/3923 3479/3479 3964/3964
f 3923/3923 3964/3964 6230/6230
f 4665/4665 3782/3782 1424/1424
f 6599/6599 4665/4665 1424/1424
f 924/924 4449/4449 6599/6599
f 3733/3733 1424/1424 2046/2046
f 924/924 1424/1424 3733/3733
f 4806/4806 924/924 3733/3733
f 4806/4806 3733/3733 3923/3923
f 4806/4806 4449/4449 924/924
f 7426/7426 6598/6598 7337/7337
f 1840/1840 5747/5747 3627/3627
f 3627/3627 5747/5747 3677/3677
f 6598/6598 3677/3677 5329/5329
f 1729/1729 3621/3621 5329/5329
f 6598/6598 5329/5329 3621/3621
f 7426/7426 3677/3677 6598/6598
f 7426/7426 7337/7337 1248/1248
f 3677/3677 7426/7426 1248/1248
f 3627/3627 3677/3677 3611/3611
f 4395/4395 3627/3627 3611/3611
f 1868/1868 4395/4395 3046/3046
f 4395/4395 3611/3611 3046/3046
f 3420/3420 3621/3621 135/135
f 7461/7461 135/135 3621/3621
f 7337/7337 3420/3420 2217/2217
f 7337/7337 6598/6598 3420/3420
f 135/135 4687/4687 7810/7810
f 7810/7810 3420/3420 135/135
f 3621/3621 3420/3420 6598/6598
f 3621/3621 3274/3274 7461/7461
f 135/135 7461/7461 228/228
f 4687/4687 135/135 6407/6407
f 228/228 6407/6407 135/135
f 228/228 7461/7461 7001/7001
f 7337/7337 2217/2217 6854/6854
f 6854/6854 2217/2217 4235/4235
f 2217/2217 3420/3420 7810/7810
f 7291/7291 1248/1248 6854/6854
f 7337/7337 6854/6854 1248/1248
f 7587/7587 2078/2078 6407/6407
f 1248/1248 7291/7291 3611/3611
f 3046/3046 3611/3611 1857/1857
f 1857/1857 3611/3611 1246/1246
f 7348/7348 3046/3046 1857/1857
f 1246/1246 3611/3611 7291/7291
f 1246/1246 7291/7291 1580/1580
f 4378/4378 5638/5638 1868/1868
f 7348/7348 3010/3010 3046/3046
f 7348/7348 3440/3440 3010/3010
f 3440/3440 7348/7348 7187/7187
f 2890/2890 3440/3440 7187/7187
f 5440/5440 2890/2890 5881/5881
f 7187/7187 5881/5881 2890/2890
f 7769/7769 5881/5881 7187/7187
f 1857/1857 1246/1246 7769/7769
f 5610/5610 5881/5881 7769/7769
f 5610/5610 7769/7769 1246/1246
f 2890/2890 5440/5440 2298/2298
f 2298/2298 5440/5440 5881/5881
f 7728/7728 2298/2298 5881/5881
f 5610/5610 7728/7728 5881/5881
f 7728/7728 5610/5610 4662/4662
f 2298/2298 2054/2054 7222/7222
f 2054/2054 2298/2298 7728/7728
f 6783/6783 2054/2054 7728/7728
f 1386/1386 5861/5861 1721/1721
f 1721/1721 3962/3962 7990/7990
f 1721/1721 411/411 3962/3962
f 411/411 6022/6022 3962/3962
f 2577/2577 411/411 1721/1721
f 411/411 2577/2577 665/665
f 6341/6341 4820/4820 2577/2577
f 2577/2577 4820/4820 665/665
f 2448/2448 4820/4820 6341/6341
f 665/665 7991/7991 411/411
f 7991/7991 3576/3576 411/411
f 3576/3576 7991/7991 7182/7182
f 1964/1964 3052/3052 7991/7991
f 3605/3605 6409/6409 3052/3052
f 7991/7991 665/665 1964/1964
f 3605/3605 3052/3052 1964/1964
f 1964/1964 886/886 3605/3605
f 4820/4820 1964/1964 665/665
f 4820/4820 264/264 1964/1964
f 4820/4820 3103/3103 264/264
f 6506/6506 264/264 3103/3103
f 7615/7615 2448/2448 6341/6341
f 5811/5811 7615/7615 6341/6341
f 6744/6744 7615/7615 5811/5811
f 6822/6822 7615/7615 6744/6744
f 7913/7913 4820/4820 2448/2448
f 6822/6822 2448/2448 7615/7615
f 2448/2448 6822/6822 7913/7913
f 1331/1331 7913/7913 6822/6822
f 3/3 6822/6822 6744/6744
f 2387/2387 3/3 6744/6744
f 3/3 2387/2387 7625/7625
f 7625/7625 363/363 3/3
f 2733/2733 7778/7778 2543/2543
f 3103/3103 7913/7913 6108/6108
f 1331/1331 6108/6108 7913/7913
f 190/190 3103/3103 6108/6108
f 1331/1331 190/190 6108/6108
f 190/190 1331/1331 7616/7616
f 3/3 363/363 1331/1331
f 363/363 7616/7616 1331/1331
f 3103/3103 190/190 6506/6506
f 363/363 7625/7625 5136/5136
f 2579/2579 7625/7625 7778/7778
f 2733/2733 2579/2579 7778/7778
f 363/363 5136/5136 7616/7616
f 5090/5090 7625/7625 2579/2579
f 3252/3252 5136/5136 7625/7625
f 2387/2387 6001/6001 7625/7625
f 7625/7625 6001/6001 7778/7778
f 4372/4372 6506/6506 190/190
f 7313/7313 4372/4372 190/190
f 3566/3566 190/190 7616/7616
f 190/190 3566/3566 7313/7313
f 7616/7616 5136/5136 3566/3566
f 5136/5136 3252/3252 3566/3566
f 5411/5411 7313/7313 3566/3566
f 1580/1580 7291/7291 4744/4744
f 7291/7291 6119/6119 4744/4744
f 1217/1217 3539/3539 3339/3339
f 5610/5610 1246/1246 1610/1610
f 2917/2917 1610/1610 1580/1580
f 2917/2917 1580/1580 3160/3160
f 2917/2917 3160/3160 6173/6173
f 2054/2054 3499/3499 1177/1177
f 5126/5126 3499/3499 231/231
f 1177/1177 3499/3499 5126/5126
f 26/26 1177/1177 5126/5126
f 4662/4662 5610/5610 1610/1610
f 4662/4662 1610/1610 7399/7399
f 2917/2917 7399/7399 1610/1610
f 231/231 6138/6138 7399/7399
f 7532/7532 7399/7399 2917/2917
f 7532/7532 2917/2917 6173/6173
f 231/231 7399/7399 3786/3786
f 7532/7532 3786/3786 7399/7399
f 3786/3786 7532/7532 6173/6173
f 231/231 3786/3786 5126/5126
f 2819/2819 5126/5126 2249/2249
f 5126/5126 3786/3786 2249/2249
f 26/26 5126/5126 2819/2819
f 26/26 2819/2819 2971/2971
f 2971/2971 2819/2819 2249/2249
f 3160/3160 1580/1580 4744/4744
f 5684/5684 2970/2970 2250/2250
f 1676/1676 5684/5684 2645/2645
f 2645/2645 4135/4135 1676/1676
f 1676/1676 4135/4135 185/185
f 7082/7082 185/185 4135/4135
f 6230/6230 6637/6637 3923/3923
f 6230/6230 6403/6403 6637/6637
f 5870/5870 6637/6637 6403/6403
f 6637/6637 5800/5800 3923/3923
f 3923/3923 5800/5800 4806/4806
f 5870/5870 5800/5800 6637/6637
f 5870/5870 6887/6887 5800/5800
f 6569/6569 6887/6887 5870/5870
f 7084/7084 4806/4806 5800/5800
f 5800/5800 6887/6887 7084/7084
f 4212/4212 6887/6887 6569/6569
f 7084/7084 6887/6887 4212/4212
f 4449/4449 4806/4806 3034/3034
f 3034/3034 6437/6437 4449/4449
f 3034/3034 5279/5279 6437/6437
f 3034/3034 4806/4806 7084/7084
f 7084/7084 4212/4212 3034/3034
f 3034/3034 7063/7063 5279/5279
f 4212/4212 7063/7063 3034/3034
f 6933/6933 7063/7063 4212/4212
f 7063/7063 4896/4896 5279/5279
f 6631/6631 4896/4896 7063/7063
f 6631/6631 7063/7063 6933/6933
f 2131/2131 6631/6631 6933/6933
f 382/382 2131/2131 6933/6933
f 6737/6737 1336/1336 2787/2787
f 6737/6737 2787/2787 2168/2168
f 2168/2168 2787/2787 1378/1378
f 2168/2168 1378/1378 5349/5349
f 6609/6609 1802/1802 2453/2453
f 4325/4325 1802/1802 6609/6609
f 5514/5514 2453/2453 7400/7400
f 6447/6447 4325/4325 6609/6609
f 5514/5514 6609/6609 2453/2453
f 5514/5514 5305/5305 6609/6609
f 6447/6447 6609/6609 3767/3767
f 3767/3767 6609/6609 5305/5305
f 4580/4580 4325/4325 6447/6447
f 985/985 5351/5351 4580/4580
f 5305/5305 4260/4260 419/419
f 6447/6447 3767/3767 1885/1885
f 419/419 3767/3767 5305/5305
f 419/419 1885/1885 3767/3767
f 1885/1885 419/419 1852/1852
f 4580/4580 6447/6447 4078/4078
f 826/826 1852/1852 419/419
f 826/826 419/419 5161/5161
f 1885/1885 7632/7632 6447/6447
f 7632/7632 1885/1885 1852/1852
f 1852/1852 153/153 7632/7632
f 826/826 153/153 1852/1852
f 5161/5161 4733/4733 826/826
f 2294/2294 826/826 4733/4733
f 4183/4183 7787/7787 1370/1370
f 153/153 7950/7950 7632/7632
f 826/826 7950/7950 153/153
f 4183/4183 1370/1370 1905/1905
f 7950/7950 4183/4183 1905/1905
f 2294/2294 7950/7950 826/826
f 1621/1621 2152/2152 2421/2421
f 985/985 2421/2421 2152/2152
f 7096/7096 526/526 2294/2294
f 681/681 526/526 7096/7096
f 5774/5774 1802/1802 1141/1141
f 3390/3390 5774/5774 455/455
f 2453/2453 1802/1802 5774/5774
f 3390/3390 455/455 2282/2282
f 3390/3390 7400/7400 5774/5774
f 5774/5774 7400/7400 2453/2453
f 6811/6811 7400/7400 3390/3390
f 3390/3390 2282/2282 6811/6811
f 4260/4260 5514/5514 7400/7400
f 4260/4260 5305/5305 5514/5514
f 6984/6984 6811/6811 2282/2282
f 6811/6811 6984/6984 1548/1548
f 4260/4260 7400/7400 6811/6811
f 1548/1548 6984/6984 6599/6599
f 5161/5161 419/419 4260/4260
f 7488/7488 1548/1548 6599/6599
f 7488/7488 6599/6599 4449/4449
f 5161/5161 4260/4260 7488/7488
f 1476/1476 4449/4449 7887/7887
f 1476/1476 7488/7488 4449/4449
f 1476/1476 45/45 7488/7488
f 7983/7983 45/45 1476/1476
f 305/305 7983/7983 1476/1476
f 5161/5161 7488/7488 45/45
f 7564/7564 4733/4733 45/45
f 7564/7564 2294/2294 4733/4733
f 7564/7564 45/45 2593/2593
f 7564/7564 7096/7096 2294/2294
f 305/305 45/45 7983/7983
f 7096/7096 7564/7564 2593/2593
f 7918/7918 2593/2593 45/45
f 7918/7918 7096/7096 2593/2593
f 681/681 7096/7096 3691/3691
f 7096/7096 7918/7918 3691/3691
f 4183/4183 5946/5946 7787/7787
f 2286/2286 7787/7787 5946/5946
f 2286/2286 5946/5946 4575/4575
f 7300/7300 5946/5946 4183/4183
f 5425/5425 4183/4183 7950/7950
f 985/985 4433/4433 5769/5769
f 6815/6815 2286/2286 4433/4433
f 5946/5946 7300/7300 4575/4575
f 4433/4433 985/985 6815/6815
f 526/526 5425/5425 7950/7950
f 7300/7300 4183/4183 5425/5425
f 526/526 7950/7950 2294/2294
f 2286/2286 4575/4575 5796/5796
f 5796/5796 4575/4575 4894/4894
f 4433/4433 2286/2286 5796/5796
f 4575/4575 7300/7300 4894/4894
f 5425/5425 4894/4894 7300/7300
f 1277/1277 5796/5796 4894/4894
f 5425/5425 1277/1277 4894/4894
f 1340/1340 6016/6016 1902/1902
f 4433/4433 1902/1902 6016/6016
f 6816/6816 5796/5796 1277/1277
f 6816/6816 1902/1902 5796/5796
f 5796/5796 1902/1902 4433/4433
f 1340/1340 1902/1902 6816/6816
f 4433/4433 6016/6016 4362/4362
f 5769/5769 4433/4433 4362/4362
f 1277/1277 5425/5425 5673/5673
f 1713/1713 1277/1277 5673/5673
f 526/526 5673/5673 5425/5425
f 526/526 681/681 3024/3024
f 3024/3024 5673/5673 526/526
f 810/810 5673/5673 3024/3024
f 4039/4039 5769/5769 4362/4362
f 6016/6016 4039/4039 4362/4362
f 6016/6016 4068/4068 4039/4039
f 4039/4039 7051/7051 5769/5769
f 4039/4039 4068/4068 5659/5659
f 5385/5385 5659/5659 4068/4068
f 7051/7051 4039/4039 6401/6401
f 5659/5659 5385/5385 979/979
f 4114/4114 979/979 5385/5385
f 2926/2926 6401/6401 5659/5659
f 7119/7119 6016/6016 1340/1340
f 1340/1340 6816/6816 1277/1277
f 6584/6584 7119/7119 1340/1340
f 6584/6584 1340/1340 1277/1277
f 6584/6584 1277/1277 1713/1713
f 3557/3557 6016/6016 7119/7119
f 6584/6584 3557/3557 7119/7119
f 3557/3557 4068/4068 6016/6016
f 1433/1433 3557/3557 6584/6584
f 1713/1713 1433/1433 6584/6584
f 5504/5504 4068/4068 3557/3557
f 5504/5504 3557/3557 1433/1433
f 5504/5504 5385/5385 4068/4068
f 810/810 1713/1713 5673/5673
f 1713/1713 5719/5719 1433/1433
f 1074/1074 4114/4114 5385/5385
f 5719/5719 4114/4114 1074/1074
f 3665/3665 5719/5719 1713/1713
f 3691/3691 3024/3024 681/681
f 2152/2152 1621/1621 3538/3538
f 1172/1172 3538/3538 1621/1621
f 3395/3395 5112/5112 3561/3561
f 3561/3561 1621/1621 3395/3395
f 985/985 5112/5112 3395/3395
f 5112/5112 985/985 7996/7996
f 985/985 205/205 7996/7996
f 3561/3561 5112/5112 7996/7996
f 3763/3763 3561/3561 7996/7996
f 6555/6555 7082/7082 2378/2378
f 2378/2378 2503/2503 6555/6555
f 6307/6307 1476/1476 5779/5779
f 305/305 1476/1476 6307/6307
f 305/305 6307/6307 5779/5779
f 6437/6437 7887/7887 4449/4449
f 7887/7887 5779/5779 1476/1476
f 6437/6437 5779/5779 7887/7887
f 6437/6437 5279/5279 4896/4896
f 2623/2623 5779/5779 6437/6437
f 5251/5251 5779/5779 4610/4610
f 4896/4896 5296/5296 6437/6437
f 4896/4896 2201/2201 5296/5296
f 5296/5296 2623/2623 6437/6437
f 4896/4896 6631/6631 2201/2201
f 2201/2201 6631/6631 2131/2131
f 3142/3142 5296/5296 2201/2201
f 3547/3547 2201/2201 2131/2131
f 2623/2623 4610/4610 5779/5779
f 2623/2623 5296/5296 4610/4610
f 290/290 4610/4610 5296/5296
f 5296/5296 3142/3142 290/290
f 2187/2187 4610/4610 290/290
f 5251/5251 305/305 5779/5779
f 4610/4610 2187/2187 5251/5251
f 5203/5203 5251/5251 5536/5536
f 290/290 5043/5043 2187/2187
f 5536/5536 5251/5251 2187/2187
f 2187/2187 5043/5043 5536/5536
f 3547/3547 3142/3142 2201/2201
f 3142/3142 5043/5043 290/290
f 3547/3547 5043/5043 3142/3142
f 448/448 5043/5043 3547/3547
f 2806/2806 5043/5043 448/448
f 305/305 7918/7918 45/45
f 2036/2036 7918/7918 305/305
f 2036/2036 305/305 5203/5203
f 2036/2036 5203/5203 86/86
f 86/86 1474/1474 2036/2036
f 1416/1416 7918/7918 2036/2036
f 1474/1474 1416/1416 2036/2036
f 5203/5203 305/305 5251/5251
f 5536/5536 86/86 5203/5203
f 1088/1088 86/86 5536/5536
f 5536/5536 5043/5043 1088/1088
f 5043/5043 2806/2806 1088/1088
f 1474/1474 86/86 1088/1088
f 2131/2131 1432/1432 3547/3547
f 1432/1432 2131/2131 5249/5249
f 1432/1432 5249/5249 4231/4231
f 5008/5008 3547/3547 1432/1432
f 4353/4353 448/448 3547/3547
f 5008/5008 4353/4353 3547/3547
f 4353/4353 5008/5008 7234/7234
f 1474/1474 6457/6457 1416/1416
f 1088/1088 7456/7456 1474/1474
f 2806/2806 7456/7456 1088/1088
f 5221/5221 7456/7456 2806/2806
f 1058/1058 7456/7456 5221/5221
f 5221/5221 448/448 4353/4353
f 448/448 5221/5221 2806/2806
f 4353/4353 7234/7234 5221/5221
f 5727/5727 1058/1058 5221/5221
f 7234/7234 5727/5727 5221/5221
f 8068/8068 1474/1474 7456/7456
f 1474/1474 8068/8068 3737/3737
f 8068/8068 7456/7456 1058/1058
f 5654/5654 8068/8068 1058/1058
f 6457/6457 1474/1474 3737/3737
f 3737/3737 5882/5882 6457/6457
f 3967/3967 5882/5882 3737/3737
f 5654/5654 3737/3737 8068/8068
f 5654/5654 1058/1058 5727/5727
f 5654/5654 3967/3967 3737/3737
f 7234/7234 5008/5008 6454/6454
f 2195/2195 5727/5727 7234/7234
f 205/205 985/985 2726/2726
f 985/985 5769/5769 2726/2726
f 2059/2059 205/205 5236/5236
f 5236/5236 205/205 7089/7089
f 3691/3691 2943/2943 3024/3024
f 4403/4403 810/810 3024/3024
f 592/592 4403/4403 3024/3024
f 7051/7051 2726/2726 5769/5769
f 5702/5702 1713/1713 810/810
f 810/810 4403/4403 5702/5702
f 1000/1000 5702/5702 4403/4403
f 6482/6482 3665/3665 1713/1713
f 6482/6482 7760/7760 5383/5383
f 6482/6482 1713/1713 5702/5702
f 7760/7760 6482/6482 1000/1000
f 6482/6482 5702/5702 1000/1000
f 1000/1000 5871/5871 7760/7760
f 7760/7760 5871/5871 5383/5383
f 7908/7908 2059/2059 5236/5236
f 69/69 2059/2059 7908/7908
f 7908/7908 5951/5951 8019/8019
f 8019/8019 69/69 7908/7908
f 5265/5265 8031/8031 6632/6632
f 7943/7943 6632/6632 8031/8031
f 4021/4021 5236/5236 7089/7089
f 7908/7908 4021/4021 2081/2081
f 4021/4021 7908/7908 5236/5236
f 6632/6632 2081/2081 7114/7114
f 2081/2081 4021/4021 7114/7114
f 7943/7943 2081/2081 6632/6632
f 6632/6632 7114/7114 5265/5265
f 7578/7578 2231/2231 8019/8019
f 2231/2231 69/69 8019/8019
f 1336/1336 7943/7943 8031/8031
f 5951/5951 7943/7943 5929/5929
f 5929/5929 7943/7943 1336/1336
f 7114/7114 4443/4443 5265/5265
f 7114/7114 7089/7089 7819/7819
f 7819/7819 7089/7089 2726/2726
f 4443/4443 7114/7114 7819/7819
f 7819/7819 2446/2446 4443/4443
f 2446/2446 7819/7819 5726/5726
f 1336/1336 8031/8031 5263/5263
f 8031/8031 5265/5265 5263/5263
f 5265/5265 1378/1378 5263/5263
f 1378/1378 2787/2787 5263/5263
f 5263/5263 2787/2787 1336/1336
f 5265/5265 4443/4443 1378/1378
f 4322/4322 5929/5929 1336/1336
f 4322/4322 1336/1336 6737/6737
f 4443/4443 7191/7191 1378/1378
f 7191/7191 4443/4443 2446/2446
f 1378/1378 7191/7191 5349/5349
f 1024/1024 2337/2337 5871/5871
f 1132/1132 2943/2943 3691/3691
f 592/592 2943/2943 1132/1132
f 592/592 3024/3024 2943/2943
f 5187/5187 1512/1512 1132/1132
f 5187/5187 1132/1132 1416/1416
f 1416/1416 3691/3691 7918/7918
f 3691/3691 1416/1416 1132/1132
f 1512/1512 592/592 1132/1132
f 592/592 7753/7753 4403/4403
f 7753/7753 592/592 1512/1512
f 1512/1512 2548/2548 7753/7753
f 1000/1000 4403/4403 7753/7753
f 7869/7869 7753/7753 4788/4788
f 1000/1000 7753/7753 7869/7869
f 1416/1416 6457/6457 1114/1114
f 2821/2821 6457/6457 6098/6098
f 7985/7985 2548/2548 1512/1512
f 2794/2794 2548/2548 7985/7985
f 1512/1512 5187/5187 1416/1416
f 7985/7985 1512/1512 1416/1416
f 1416/1416 1114/1114 7985/7985
f 6457/6457 2821/2821 1114/1114
f 3716/3716 5643/5643 2821/2821
f 2821/2821 5643/5643 1114/1114
f 4738/4738 7985/7985 1114/1114
f 2794/2794 7985/7985 4738/4738
f 4738/4738 1114/1114 5643/5643
f 5643/5643 2773/2773 4738/4738
f 3129/3129 4738/4738 2773/2773
f 2773/2773 7912/7912 3129/3129
f 3967/3967 6098/6098 5882/5882
f 6098/6098 6457/6457 5882/5882
f 6098/6098 3967/3967 6405/6405
f 6405/6405 3967/3967 5654/5654
f 6098/6098 629/629 2821/2821
f 6098/6098 6405/6405 629/629
f 2821/2821 629/629 3716/3716
f 5654/5654 5727/5727 6405/6405
f 6405/6405 3716/3716 629/629
f 5727/5727 992/992 6405/6405
f 992/992 3716/3716 6405/6405
f 5643/5643 3716/3716 2773/2773
f 2773/2773 3716/3716 992/992
f 992/992 7912/7912 2773/2773
f 748/748 7912/7912 992/992
f 4788/4788 7753/7753 2548/2548
f 2794/2794 4788/4788 2548/2548
f 4788/4788 2794/2794 497/497
f 4788/4788 1024/1024 7869/7869
f 1024/1024 4788/4788 3819/3819
f 497/497 2794/2794 4738/4738
f 902/902 4738/4738 3129/3129
f 5815/5815 3129/3129 7912/7912
f 3129/3129 5815/5815 902/902
f 4738/4738 902/902 497/497
f 902/902 6662/6662 497/497
f 5815/5815 6662/6662 902/902
f 497/497 3819/3819 4788/4788
f 3819/3819 2337/2337 1024/1024
f 3819/3819 497/497 243/243
f 243/243 1949/1949 3819/3819
f 243/243 497/497 3369/3369
f 3369/3369 497/497 6662/6662
f 6662/6662 608/608 3369/3369
f 3369/3369 608/608 5216/5216
f 608/608 6662/6662 5815/5815
f 3369/3369 5216/5216 243/243
f 243/243 5216/5216 1264/1264
f 1382/1382 5815/5815 7912/7912
f 468/468 1775/1775 3883/3883
f 2488/2488 1775/1775 468/468
f 6551/6551 2488/2488 2473/2473
f 6551/6551 2473/2473 4492/4492
f 2488/2488 468/468 2106/2106
f 2473/2473 2488/2488 2106/2106
f 1373/1373 3955/3955 2847/2847
f 5623/5623 1373/1373 2847/2847
f 8043/8043 1631/1631 3955/3955
f 1606/1606 3955/3955 3054/3054
f 2847/2847 3955/3955 1606/1606
f 2847/2847 1606/1606 350/350
f 350/350 1606/1606 3054/3054
f 350/350 3054/3054 7511/7511
f 5623/5623 2847/2847 342/342
f 350/350 342/342 2847/2847
f 350/350 7511/7511 342/342
f 1468/1468 5013/5013 40/40
f 5013/5013 1468/1468 2054/2054
f 40/40 1226/1226 7165/7165
f 1226/1226 40/40 5013/5013
f 8001/8001 1226/1226 5013/5013
f 724/724 1715/1715 1627/1627
f 468/468 3883/3883 6359/6359
f 5050/5050 468/468 6359/6359
f 6359/6359 2599/2599 1627/1627
f 1627/1627 6383/6383 6359/6359
f 2106/2106 468/468 5050/5050
f 2106/2106 102/102 2473/2473
f 6359/6359 6383/6383 5050/5050
f 2106/2106 5050/5050 4493/4493
f 4493/4493 5050/5050 6383/6383
f 4493/4493 6383/6383 5956/5956
f 4493/4493 6171/6171 2106/2106
f 1627/1627 2599/2599 724/724
f 3966/3966 6383/6383 1627/1627
f 6193/6193 3966/3966 1627/1627
f 3966/3966 6193/6193 2889/2889
f 5956/5956 6383/6383 3966/3966
f 5956/5956 3966/3966 2145/2145
f 2145/2145 6883/6883 5956/5956
f 3966/3966 2889/2889 2145/2145
f 6193/6193 1627/1627 1715/1715
f 6193/6193 1715/1715 3161/3161
f 6193/6193 3161/3161 4884/4884
f 3161/3161 4602/4602 4884/4884
f 108/108 6193/6193 4884/4884
f 108/108 2889/2889 6193/6193
f 2889/2889 108/108 4538/4538
f 108/108 273/273 4538/4538
f 1299/1299 7165/7165 1226/1226
f 8001/8001 1299/1299 1226/1226
f 5144/5144 1299/1299 8001/8001
f 7205/7205 1299/1299 5144/5144
f 6316/6316 3085/3085 1299/1299
f 6316/6316 1299/1299 7205/7205
f 6316/6316 7205/7205 347/347
f 1904/1904 7205/7205 7385/7385
f 4492/4492 2473/2473 102/102
f 1681/1681 3316/3316 360/360
f 7793/7793 3316/3316 1681/1681
f 990/990 3316/3316 7793/7793
f 990/990 7793/7793 6227/6227
f 7793/7793 1681/1681 751/751
f 990/990 5804/5804 4123/4123
f 990/990 6227/6227 5804/5804
f 4123/4123 5804/5804 401/401
f 6227/6227 3803/3803 5804/5804
f 8009/8009 6676/6676 6625/6625
f 2106/2106 6171/6171 102/102
f 4493/4493 3181/3181 6171/6171
f 102/102 2932/2932 4492/4492
f 2932/2932 102/102 6171/6171
f 3181/3181 1794/1794 6171/6171
f 4192/4192 6171/6171 1794/1794
f 3181/3181 4493/4493 5956/5956
f 1794/1794 3181/3181 6883/6883
f 521/521 6883/6883 3924/3924
f 2412/2412 521/521 3924/3924
f 6171/6171 4192/4192 2932/2932
f 4192/4192 579/579 2932/2932
f 3671/3671 1794/1794 6883/6883
f 3575/3575 4192/4192 1794/1794
f 3575/3575 1794/1794 3671/3671
f 3575/3575 3671/3671 176/176
f 6883/6883 521/521 3671/3671
f 3671/3671 521/521 2412/2412
f 6864/6864 3671/3671 2412/2412
f 579/579 4192/4192 6200/6200
f 6200/6200 4192/4192 3575/3575
f 6200/6200 3575/3575 176/176
f 176/176 3671/3671 6864/6864
f 6864/6864 6200/6200 176/176
f 3924/3924 789/789 1821/1821
f 789/789 7555/7555 1821/1821
f 2412/2412 3924/3924 1821/1821
f 2412/2412 1821/1821 4016/4016
f 4016/4016 6864/6864 2412/2412
f 1795/1795 6864/6864 4016/4016
f 7555/7555 4165/4165 5928/5928
f 4637/4637 1795/1795 4016/4016
f 7555/7555 4016/4016 1821/1821
f 7555/7555 4637/4637 4016/4016
f 4637/4637 7555/7555 5928/5928
f 4637/4637 5928/5928 4619/4619
f 4619/4619 5928/5928 5211/5211
f 4123/4123 401/401 1210/1210
f 4656/4656 1210/1210 401/401
f 576/576 2983/2983 3509/3509
f 347/347 7205/7205 1904/1904
f 3859/3859 347/347 1904/1904
f 6698/6698 5211/5211 5515/5515
f 6698/6698 5515/5515 4010/4010
f 7080/7080 3859/3859 4654/4654
f 7080/7080 4654/4654 4502/4502
f 4010/4010 7080/7080 4502/4502
f 4502/4502 4626/4626 4010/4010
f 4502/4502 892/892 7852/7852
f 6082/6082 4502/4502 7852/7852
f 6081/6081 7851/7851 1266/1266
f 6081/6081 1266/1266 7576/7576
f 6698/6698 1939/1939 2630/2630
f 1939/1939 6698/6698 4010/4010
f 4010/4010 4768/4768 1939/1939
f 4768/4768 4010/4010 4626/4626
f 2630/2630 1939/1939 4768/4768
f 4768/4768 5123/5123 2630/2630
f 5123/5123 4768/4768 3211/3211
f 413/413 6081/6081 278/278
f 278/278 6081/6081 7576/7576
f 3211/3211 4768/4768 4081/4081
f 3211/3211 4081/4081 3364/3364
f 3211/3211 6622/6622 5123/5123
f 6857/6857 6622/6622 3211/3211
f 6857/6857 3211/3211 6473/6473
f 3211/3211 213/213 6473/6473
f 213/213 3211/3211 3364/3364
f 5013/5013 2054/2054 1177/1177
f 5030/5030 5013/5013 1177/1177
f 26/26 5030/5030 1177/1177
f 4065/4065 26/26 2971/2971
f 5030/5030 7264/7264 5013/5013
f 26/26 4065/4065 5030/5030
f 7264/7264 8001/8001 5013/5013
f 4065/4065 4500/4500 739/739
f 4499/4499 4064/4064 2366/2366
f 2970/2970 708/708 4064/4064
f 7897/7897 5684/5684 1676/1676
f 185/185 5121/5121 1676/1676
f 7897/7897 1676/1676 5121/5121
f 2496/2496 7897/7897 5121/5121
f 6555/6555 5121/5121 185/185
f 7897/7897 2496/2496 708/708
f 2366/2366 4064/4064 708/708
f 3609/3609 708/708 1338/1338
f 1338/1338 764/764 3609/3609
f 7082/7082 6555/6555 185/185
f 7385/7385 7205/7205 5144/5144
f 2611/2611 4499/4499 2366/2366
f 4569/4569 3609/3609 764/764
f 2295/2295 7504/7504 5349/5349
f 5349/5349 7504/7504 2168/2168
f 1006/1006 4345/4345 5794/5794
f 3651/3651 3385/3385 4345/4345
f 4345/4345 5567/5567 1910/1910
f 1910/1910 3651/3651 4345/4345
f 571/571 2494/2494 6079/6079
f 5567/5567 2494/2494 571/571
f 6079/6079 2494/2494 1006/1006
f 4345/4345 2494/2494 5567/5567
f 5816/5816 7795/7795 3483/3483
f 5944/5944 6443/6443 2307/2307
f 140/140 6443/6443 5944/5944
f 5944/5944 2307/2307 4417/4417
f 4417/4417 2307/2307 5550/5550
f 6216/6216 5944/5944 4417/4417
f 4417/4417 1895/1895 6216/6216
f 1895/1895 4417/4417 2552/2552
f 3050/3050 2893/2893 6169/6169
f 3050/3050 6169/6169 8053/8053
f 89/89 2848/2848 7093/7093
f 3050/3050 8053/8053 2977/2977
f 6293/6293 2893/2893 3050/3050
f 2977/2977 8053/8053 1550/1550
f 2454/2454 2977/2977 1911/1911
f 2977/2977 2287/2287 3050/3050
f 2287/2287 2977/2977 2454/2454
f 6293/6293 3050/3050 2287/2287
f 1911/1911 2977/2977 1550/1550
f 2848/2848 436/436 2652/2652
f 5402/5402 1911/1911 1550/1550
f 5402/5402 1550/1550 2848/2848
f 5402/5402 2848/2848 2652/2652
f 2652/2652 4233/4233 3977/3977
f 4298/4298 6583/6583 6302/6302
f 1484/1484 3651/3651 1910/1910
f 6583/6583 3234/3234 6302/6302
f 3234/3234 6583/6583 5539/5539
f 3234/3234 5539/5539 6958/6958
f 5539/5539 1484/1484 6958/6958
f 6958/6958 1484/1484 7935/7935
f 7576/7576 7078/7078 278/278
f 4298/4298 6302/6302 7576/7576
f 7078/7078 7576/7576 6302/6302
f 2509/2509 1749/1749 3704/3704
f 4849/4849 1749/1749 2509/2509
f 3365/3365 6614/6614 177/177
f 212/212 3365/3365 177/177
f 212/212 177/177 4033/4033
f 4033/4033 177/177 5896/5896
f 2025/2025 4033/4033 5896/5896
f 6500/6500 1489/1489 564/564
f 564/564 7194/7194 6500/6500
f 949/949 564/564 6733/6733
f 3589/3589 949/949 6733/6733
f 949/949 2220/2220 7194/7194
f 949/949 7194/7194 564/564
f 5896/5896 4849/4849 2509/2509
f 2469/2469 5896/5896 2220/2220
f 2025/2025 5896/5896 2469/2469
f 949/949 3589/3589 2220/2220
f 2220/2220 3589/3589 2469/2469
f 4226/4226 609/609 1733/1733
f 436/436 2848/2848 5483/5483
f 5483/5483 1733/1733 436/436
f 7995/7995 1733/1733 5483/5483
f 4233/4233 2652/2652 436/436
f 4233/4233 436/436 1733/1733
f 7995/7995 4226/4226 1733/1733
f 5325/5325 37/37 3704/3704
f 7338/7338 37/37 5325/5325
f 3704/3704 6302/6302 3414/3414
f 2509/2509 3704/3704 37/37
f 3704/3704 3414/3414 5325/5325
f 5325/5325 3414/3414 6958/6958
f 7292/7292 5325/5325 5996/5996
f 5325/5325 6958/6958 2362/2362
f 5996/5996 5325/5325 2362/2362
f 7292/7292 7646/7646 7338/7338
f 7646/7646 2220/2220 7338/7338
f 7292/7292 7338/7338 5325/5325
f 7646/7646 7194/7194 2220/2220
f 5896/5896 2509/2509 37/37
f 5896/5896 37/37 7338/7338
f 2220/2220 5896/5896 7338/7338
f 5532/5532 3121/3121 7015/7015
f 7412/7412 7015/7015 6878/6878
f 3667/3667 7412/7412 6878/6878
f 5282/5282 3667/3667 1782/1782
f 6878/6878 2454/2454 1911/1911
f 3121/3121 6293/6293 2287/2287
f 3121/3121 2287/2287 7015/7015
f 2478/2478 1911/1911 5402/5402
f 1911/1911 2478/2478 6878/6878
f 6878/6878 2287/2287 2454/2454
f 6878/6878 7015/7015 2287/2287
f 6878/6878 2478/2478 4503/4503
f 2652/2652 3977/3977 5402/5402
f 3977/3977 2478/2478 5402/5402
f 5004/5004 3977/3977 4233/4233
f 5004/5004 4503/4503 3977/3977
f 4503/4503 2478/2478 3977/3977
f 6878/6878 4503/4503 6112/6112
f 5004/5004 7567/7567 4503/4503
f 3667/3667 6878/6878 1782/1782
f 6112/6112 4503/4503 7567/7567
f 6472/6472 2644/2644 5501/5501
f 5501/5501 2644/2644 7412/7412
f 7412/7412 5282/5282 5501/5501
f 5282/5282 7412/7412 3667/3667
f 933/933 6472/6472 5501/5501
f 779/779 7544/7544 6363/6363
f 779/779 6416/6416 7544/7544
f 7562/7562 6472/6472 933/933
f 1075/1075 399/399 7562/7562
f 1075/1075 5373/5373 779/779
f 6363/6363 1075/1075 779/779
f 1075/1075 2433/2433 5373/5373
f 5398/5398 6416/6416 6731/6731
f 7764/7764 6415/6415 4155/4155
f 779/779 5680/5680 6416/6416
f 7764/7764 4155/4155 7377/7377
f 6706/6706 6235/6235 1510/1510
f 6235/6235 6706/6706 7892/7892
f 7795/7795 7892/7892 6706/6706
f 5782/5782 6235/6235 7036/7036
f 5782/5782 7036/7036 3218/3218
f 3760/3760 3218/3218 2165/2165
f 3760/3760 5782/5782 3218/3218
f 2017/2017 7433/7433 1510/1510
f 2017/2017 6235/6235 5782/5782
f 1510/1510 6235/6235 2017/2017
f 7122/7122 7433/7433 2017/2017
f 7122/7122 2017/2017 5782/5782
f 7122/7122 5782/5782 3760/3760
f 1510/1510 5567/5567 571/571
f 3483/3483 6706/6706 1510/1510
f 1484/1484 5567/5567 6370/6370
f 7935/7935 1484/1484 6370/6370
f 819/819 7935/7935 6370/6370
f 1636/1636 819/819 6370/6370
f 7892/7892 7795/7795 6412/6412
f 7892/7892 6412/6412 2950/2950
f 2950/2950 6412/6412 6225/6225
f 3484/3484 6225/6225 6576/6576
f 2514/2514 3722/3722 7231/7231
f 2165/2165 3218/3218 1760/1760
f 3722/3722 3218/3218 7036/7036
f 3722/3722 580/580 3218/3218
f 1760/1760 3218/3218 580/580
f 2514/2514 505/505 3722/3722
f 7036/7036 6235/6235 7892/7892
f 7231/7231 3722/3722 7036/7036
f 7231/7231 7036/7036 2950/2950
f 2950/2950 7036/7036 7892/7892
f 453/453 505/505 2514/2514
f 7231/7231 2950/2950 797/797
f 453/453 2514/2514 7231/7231
f 797/797 453/453 7231/7231
f 6225/6225 3484/3484 2950/2950
f 797/797 2950/2950 3484/3484
f 797/797 3484/3484 6070/6070
f 910/910 7795/7795 5816/5816
f 3483/3483 7795/7795 6706/6706
f 6412/6412 7795/7795 910/910
f 910/910 6576/6576 6225/6225
f 5996/5996 2362/2362 6310/6310
f 2362/2362 3965/3965 5690/5690
f 6310/6310 2362/2362 5690/5690
f 5657/5657 7058/7058 5690/5690
f 7058/7058 5657/5657 7596/7596
f 671/671 3453/3453 3965/3965
f 5690/5690 3965/3965 3453/3453
f 5657/5657 3453/3453 7596/7596
f 6927/6927 6310/6310 5690/5690
f 5690/5690 3453/3453 5657/5657
f 4233/4233 1733/1733 609/609
f 2658/2658 4233/4233 609/609
f 609/609 2189/2189 2658/2658
f 2189/2189 6310/6310 6927/6927
f 6310/6310 2189/2189 609/609
f 4226/4226 6310/6310 609/609
f 6310/6310 4226/4226 5996/5996
f 7437/7437 5690/5690 7058/7058
f 7437/7437 2760/2760 5690/5690
f 2760/2760 7437/7437 5163/5163
f 2760/2760 5163/5163 1871/1871
f 2362/2362 819/819 3965/3965
f 3965/3965 819/819 1636/1636
f 2210/2210 7058/7058 3349/3349
f 7437/7437 7058/7058 2210/2210
f 5163/5163 7437/7437 2210/2210
f 5163/5163 2210/2210 4424/4424
f 4424/4424 2210/2210 6415/6415
f 6555/6555 5667/5667 5121/5121
f 5667/5667 6555/6555 4086/4086
f 4086/4086 6555/6555 143/143
f 5672/5672 4086/4086 2497/2497
f 2497/2497 4086/4086 72/72
f 2497/2497 72/72 2804/2804
f 143/143 72/72 4086/4086
f 764/764 2497/2497 1967/1967
f 764/764 1967/1967 6613/6613
f 2804/2804 6613/6613 1967/1967
f 2503/2503 143/143 6555/6555
f 7133/7133 7594/7594 4915/4915
f 7731/7731 4915/4915 7594/7594
f 5697/5697 262/262 7713/7713
f 6265/6265 5697/5697 7713/7713
f 7713/7713 7731/7731 7594/7594
f 4569/4569 764/764 628/628
f 628/628 764/764 6613/6613
f 817/817 6613/6613 7100/7100
f 1822/1822 7100/7100 5697/5697
f 1822/1822 5697/5697 6265/6265
f 3385/3385 1822/1822 6265/6265
f 817/817 7100/7100 1822/1822
f 3095/3095 817/817 1822/1822
f 3095/3095 1822/1822 3385/3385
f 80/80 817/817 1280/1280
f 3095/3095 1280/1280 817/817
f 1280/1280 3095/3095 1484/1484
f 3308/3308 2195/2195 7234/7234
f 7150/7150 2195/2195 3774/3774
f 7594/7594 7133/7133 546/546
f 7594/7594 546/546 621/621
f 7594/7594 1767/1767 7713/7713
f 1767/1767 7594/7594 1372/1372
f 6265/6265 7713/7713 1767/1767
f 1372/1372 349/349 1767/1767
f 1767/1767 349/349 6265/6265
f 6118/6118 349/349 3185/3185
f 1372/1372 3581/3581 3185/3185
f 1372/1372 3185/3185 349/349
f 7594/7594 621/621 3581/3581
f 621/621 6204/6204 3581/3581
f 7594/7594 3581/3581 1372/1372
f 6118/6118 3185/3185 7026/7026
f 3385/3385 6265/6265 6118/6118
f 6118/6118 6265/6265 349/349
f 6980/6980 6118/6118 7026/7026
f 3095/3095 3385/3385 3651/3651
f 7150/7150 992/992 5727/5727
f 7150/7150 5727/5727 2195/2195
f 748/748 992/992 7150/7150
f 748/748 1382/1382 7912/7912
f 2128/2128 1382/1382 748/748
f 7150/7150 2128/2128 748/748
f 6291/6291 2005/2005 3774/3774
f 4681/4681 2005/2005 6291/6291
f 1657/1657 2128/2128 7678/7678
f 3413/3413 3242/3242 2693/2693
f 4552/4552 608/608 5815/5815
f 608/608 3989/3989 5216/5216
f 1806/1806 1264/1264 5216/5216
f 1806/1806 5216/5216 3989/3989
f 3989/3989 608/608 4552/4552
f 3989/3989 5129/5129 1806/1806
f 5129/5129 3989/3989 4552/4552
f 2128/2128 5815/5815 1382/1382
f 2128/2128 4552/4552 5815/5815
f 3652/3652 4552/4552 2128/2128
f 1657/1657 3652/3652 2128/2128
f 7707/7707 3652/3652 1657/1657
f 7846/7846 4552/4552 3652/3652
f 7846/7846 5129/5129 4552/4552
f 1434/1434 5129/5129 7846/7846
f 3652/3652 1434/1434 7846/7846
f 7707/7707 1434/1434 3652/3652
f 3413/3413 7967/7967 3242/3242
f 5915/5915 3477/3477 5592/5592
f 1021/1021 3477/3477 3991/3991
f 3413/3413 5913/5913 1206/1206
f 3413/3413 1206/1206 1658/1658
f 7967/7967 3413/3413 1021/1021
f 7967/7967 1021/1021 3991/3991
f 1021/1021 3413/3413 1658/1658
f 1206/1206 5842/5842 1658/1658
f 1021/1021 1658/1658 5842/5842
f 2535/2535 3477/3477 1021/1021
f 2535/2535 1021/1021 7556/7556
f 5842/5842 7556/7556 1021/1021
f 6583/6583 5134/5134 1280/1280
f 1764/1764 2142/2142 3818/3818
f 3738/3738 3818/3818 2142/2142
f 2142/2142 677/677 2065/2065
f 2065/2065 3738/3738 2142/2142
f 2065/2065 2870/2870 3738/3738
f 3738/3738 2870/2870 7951/7951
f 2065/2065 657/657 2870/2870
f 6403/6403 2869/2869 656/656
f 2116/2116 6409/6409 3605/3605
f 3605/3605 886/886 2116/2116
f 3480/3480 2116/2116 886/886
f 264/264 3480/3480 886/886
f 6665/6665 6505/6505 509/509
f 509/509 6505/6505 2534/2534
f 6711/6711 6505/6505 6665/6665
f 6505/6505 6711/6711 323/323
f 2534/2534 6505/6505 323/323
f 264/264 886/886 1964/1964
f 5381/5381 323/323 6711/6711
f 6258/6258 323/323 5381/5381
f 323/323 138/138 2534/2534
f 6258/6258 138/138 323/323
f 5381/5381 6821/6821 6258/6258
f 6258/6258 6821/6821 5513/5513
f 5513/5513 138/138 6258/6258
f 2116/2116 2276/2276 6409/6409
f 6409/6409 2276/2276 7134/7134
f 2276/2276 2116/2116 1630/1630
f 1630/1630 677/677 2276/2276
f 3480/3480 1630/1630 2116/2116
f 4722/4722 677/677 1630/1630
f 5534/5534 1630/1630 3480/3480
f 677/677 1764/1764 2276/2276
f 1764/1764 677/677 2142/2142
f 2519/2519 2065/2065 677/677
f 4722/4722 2519/2519 677/677
f 2519/2519 4722/4722 730/730
f 5145/5145 2519/2519 730/730
f 1390/1390 730/730 4722/4722
f 5145/5145 730/730 1390/1390
f 2006/2006 725/725 6506/6506
f 863/863 3480/3480 264/264
f 863/863 5534/5534 3480/3480
f 725/725 863/863 264/264
f 1390/1390 5534/5534 6739/6739
f 4722/4722 5534/5534 1390/1390
f 2006/2006 863/863 725/725
f 2006/2006 6739/6739 863/863
f 5031/5031 1390/1390 6739/6739
f 6739/6739 2006/2006 1577/1577
f 1577/1577 5031/5031 6739/6739
f 1577/1577 2006/2006 2914/2914
f 5145/5145 1390/1390 5031/5031
f 3932/3932 5031/5031 1577/1577
f 2914/2914 3932/3932 1577/1577
f 6821/6821 7103/7103 6758/6758
f 5513/5513 6821/6821 6758/6758
f 138/138 5513/5513 3338/3338
f 5513/5513 6758/6758 635/635
f 3338/3338 5513/5513 4972/4972
f 635/635 4972/4972 5513/5513
f 1889/1889 509/509 2733/2733
f 2534/2534 2733/2733 509/509
f 2733/2733 2534/2534 2579/2579
f 2534/2534 735/735 2579/2579
f 6364/6364 2579/2579 735/735
f 6506/6506 4372/4372 2006/2006
f 3252/3252 7625/7625 5090/5090
f 6364/6364 5090/5090 2579/2579
f 3252/3252 5411/5411 3566/3566
f 735/735 2534/2534 4363/4363
f 138/138 4363/4363 2534/2534
f 6364/6364 735/735 3062/3062
f 4363/4363 3062/3062 735/735
f 2257/2257 4372/4372 7313/7313
f 4372/4372 2257/2257 2006/2006
f 581/581 2257/2257 5411/5411
f 5411/5411 2257/2257 7313/7313
f 6944/6944 581/581 5411/5411
f 3756/3756 5411/5411 3252/3252
f 5411/5411 3756/3756 6944/6944
f 3756/3756 3252/3252 5090/5090
f 2006/2006 2257/2257 2914/2914
f 581/581 2914/2914 2257/2257
f 581/581 2361/2361 2914/2914
f 6201/6201 6944/6944 3756/3756
f 5090/5090 6364/6364 2476/2476
f 3062/3062 4363/4363 3221/3221
f 581/581 6944/6944 6201/6201
f 6201/6201 2361/2361 581/581
f 3221/3221 5267/5267 3062/3062
f 6201/6201 5267/5267 1466/1466
f 3221/3221 1466/1466 5267/5267
f 3338/3338 4972/4972 7199/7199
f 635/635 7199/7199 4972/4972
f 7199/7199 635/635 1051/1051
f 7199/7199 3221/3221 3338/3338
f 3487/3487 3221/3221 7199/7199
f 2519/2519 657/657 2065/2065
f 4088/4088 657/657 2519/2519
f 5145/5145 4088/4088 2519/2519
f 6375/6375 6403/6403 656/656
f 4089/4089 6375/6375 656/656
f 5870/5870 6403/6403 6375/6375
f 4089/4089 3246/3246 6375/6375
f 4088/4088 5145/5145 3183/3183
f 5725/5725 4088/4088 3183/3183
f 3183/3183 5145/5145 5031/5031
f 4059/4059 6569/6569 3246/3246
f 5724/5724 3246/3246 4089/4089
f 4059/4059 3246/3246 5724/5724
f 6569/6569 5870/5870 6375/6375
f 6569/6569 6375/6375 3246/3246
f 382/382 4212/4212 6569/6569
f 4059/4059 7657/7657 6569/6569
f 7657/7657 382/382 6569/6569
f 382/382 6933/6933 4212/4212
f 5249/5249 2131/2131 382/382
f 3932/3932 2914/2914 791/791
f 791/791 3183/3183 3932/3932
f 2361/2361 791/791 2914/2914
f 7998/7998 2361/2361 6201/6201
f 1466/1466 7998/7998 6201/6201
f 7998/7998 791/791 2361/2361
f 7998/7998 5725/5725 791/791
f 5724/5724 762/762 4059/4059
f 7657/7657 4059/4059 762/762
f 5368/5368 680/680 5724/5724
f 3487/3487 7199/7199 1051/1051
f 3487/3487 1051/1051 5435/5435
f 5435/5435 1051/1051 1901/1901
f 1552/1552 7998/7998 1466/1466
f 5783/5783 1466/1466 3221/3221
f 1552/1552 1466/1466 5783/5783
f 3487/3487 5783/5783 3221/3221
f 5435/5435 5783/5783 3487/3487
f 1552/1552 7352/7352 7998/7998
f 7352/7352 5369/5369 7998/7998
f 5435/5435 7270/7270 5783/5783
f 7270/7270 5435/5435 1901/1901
f 568/568 7269/7269 5982/5982
f 7269/7269 1900/1900 3038/3038
f 3038/3038 1900/1900 2936/2936
f 5982/5982 7269/7269 3038/3038
f 3038/3038 2342/2342 5982/5982
f 2342/2342 3038/3038 2936/2936
f 2342/2342 4958/4958 5982/5982
f 4958/4958 2342/2342 6872/6872
f 6872/6872 2342/2342 2936/2936
f 7645/7645 7657/7657 762/762
f 7645/7645 382/382 7657/7657
f 5249/5249 382/382 7645/7645
f 2500/2500 7645/7645 198/198
f 4231/4231 5249/5249 7645/7645
f 2500/2500 4231/4231 7645/7645
f 2236/2236 762/762 680/680
f 198/198 762/762 2236/2236
f 7645/7645 762/762 198/198
f 1459/1459 198/198 2236/2236
f 1459/1459 2236/2236 6032/6032
f 830/830 6032/6032 4958/4958
f 4749/4749 6032/6032 830/830
f 6032/6032 4749/4749 7648/7648
f 7648/7648 4749/4749 4130/4130
f 830/830 4958/4958 6872/6872
f 830/830 6872/6872 2936/2936
f 4749/4749 830/830 2936/2936
f 4749/4749 2936/2936 4130/4130
f 1432/1432 4231/4231 917/917
f 917/917 4231/4231 2500/2500
f 198/198 917/917 2500/2500
f 917/917 5008/5008 1432/1432
f 3975/3975 917/917 198/198
f 7648/7648 4130/4130 6312/6312
f 7648/7648 2012/2012 5521/5521
f 2012/2012 7648/7648 6312/6312
f 5072/5072 3975/3975 5049/5049
f 3350/3350 2012/2012 6312/6312
f 3350/3350 6312/6312 588/588
f 47/47 4099/4099 1249/1249
f 1249/1249 588/588 2119/2119
f 47/47 1249/1249 6273/6273
f 6273/6273 1249/1249 2119/2119
f 3350/3350 1249/1249 4099/4099
f 1249/1249 3350/3350 588/588
f 6273/6273 2119/2119 5766/5766
f 5766/5766 2119/2119 57/57
f 2119/2119 6723/6723 57/57
f 2556/2556 2823/2823 474/474
f 2556/2556 474/474 5766/5766
f 57/57 6723/6723 4885/4885
f 2556/2556 5766/5766 6290/6290
f 5766/5766 57/57 6290/6290
f 6290/6290 57/57 4885/4885
f 6290/6290 2693/2693 2556/2556
f 6290/6290 4885/4885 5913/5913
f 2693/2693 6290/6290 5913/5913
f 5913/5913 3413/3413 2693/2693
f 7945/7945 4544/4544 4781/4781
f 6607/6607 4781/4781 4544/4544
f 1862/1862 6607/6607 4544/4544
f 1862/1862 4544/4544 5836/5836
f 5836/5836 5824/5824 4585/4585
f 203/203 91/91 4179/4179
f 2564/2564 2240/2240 1312/1312
f 2240/2240 4331/4331 1312/1312
f 5108/5108 2240/2240 2564/2564
f 450/450 5638/5638 2240/2240
f 219/219 4954/4954 3277/3277
f 1631/1631 8043/8043 894/894
f 2269/2269 1729/1729 5329/5329
f 1729/1729 5098/5098 2000/2000
f 5098/5098 2824/2824 3309/3309
f 3274/3274 2223/2223 5977/5977
f 6922/6922 2000/2000 5098/5098
f 2000/2000 6922/6922 5977/5977
f 4766/4766 7461/7461 3274/3274
f 2999/2999 5861/5861 4766/4766
f 2824/2824 3785/3785 3309/3309
f 4588/4588 2466/2466 2824/2824
f 3785/3785 1873/1873 3309/3309
f 3309/3309 1873/1873 6922/6922
f 3503/3503 2388/2388 6346/6346
f 4533/4533 6346/6346 2388/2388
f 1242/1242 5061/5061 3929/3929
f 5257/5257 2801/2801 1242/1242
f 3303/3303 5061/5061 2801/2801
f 5061/5061 1242/1242 2801/2801
f 2801/2801 2533/2533 3303/3303
f 7778/7778 2080/2080 2543/2543
f 5442/5442 4448/4448 2768/2768
f 6101/6101 5120/5120 4190/4190
f 4190/4190 5120/5120 392/392
f 5120/5120 4957/4957 392/392
f 4957/4957 8043/8043 7759/7759
f 1350/1350 2696/2696 5918/5918
f 5918/5918 2696/2696 6/6
f 1350/1350 5918/5918 479/479
f 4485/4485 1350/1350 479/479
f 7514/7514 4485/4485 479/479
f 7502/7502 7514/7514 479/479
f 259/259 7514/7514 7502/7502
f 6494/6494 599/599 1149/1149
f 6994/6994 145/145 7397/7397
f 6029/6029 342/342 7511/7511
f 3161/3161 6029/6029 7511/7511
f 7585/7585 2325/2325 717/717
f 7585/7585 717/717 342/342
f 342/342 813/813 7585/7585
f 7585/7585 813/813 724/724
f 813/813 1715/1715 724/724
f 6029/6029 813/813 342/342
f 813/813 6029/6029 3161/3161
f 4378/4378 1868/1868 6560/6560
f 6560/6560 6781/6781 4378/4378
f 6560/6560 644/644 6781/6781
f 6384/6384 6781/6781 644/644
f 4472/4472 644/644 3010/3010
f 644/644 6560/6560 3010/3010
f 4472/4472 6384/6384 644/644
f 29/29 7315/7315 6453/6453
f 7315/7315 5026/5026 6453/6453
f 8028/8028 6453/6453 5026/5026
f 8028/8028 6115/6115 6453/6453
f 6827/6827 2350/2350 6906/6906
f 463/463 6827/6827 6906/6906
f 7020/7020 8028/8028 5026/5026
f 7020/7020 6115/6115 8028/8028
f 6827/6827 7020/7020 5026/5026
f 7020/7020 6827/6827 2317/2317
f 6022/6022 7738/7738 1361/1361
f 6022/6022 1160/1160 7738/7738
f 1160/1160 7454/7454 7738/7738
f 3576/3576 7182/7182 1160/1160
f 7454/7454 1160/1160 7182/7182
f 7182/7182 7174/7174 7454/7454
f 7182/7182 5354/5354 7174/7174
f 1481/1481 463/463 5736/5736
f 5736/5736 463/463 6906/6906
f 463/463 1268/1268 2317/2317
f 6827/6827 463/463 2317/2317
f 7738/7738 1268/1268 1481/1481
f 1268/1268 7738/7738 7454/7454
f 2317/2317 6962/6962 7020/7020
f 5354/5354 7643/7643 7174/7174
f 778/778 7643/7643 5354/5354
f 778/778 5354/5354 196/196
f 196/196 5354/5354 7134/7134
f 196/196 7134/7134 1764/1764
f 1802/1802 4325/4325 1060/1060
f 7061/7061 5340/5340 5153/5153
f 685/685 5153/5153 7022/7022
f 3782/3782 4665/4665 686/686
f 2046/2046 3782/3782 7023/7023
f 6599/6599 1424/1424 924/924
f 3782/3782 2046/2046 1424/1424
f 5747/5747 5329/5329 3677/3677
f 450/450 1840/1840 5638/5638
f 3627/3627 5638/5638 1840/1840
f 1868/1868 5638/5638 3627/3627
f 4395/4395 1868/1868 3627/3627
f 1248/1248 3611/3611 3677/3677
f 7001/7001 1386/1386 228/228
f 6407/6407 228/228 7587/7587
f 228/228 1386/1386 7587/7587
f 1868/1868 3046/3046 6560/6560
f 1857/1857 7187/7187 7348/7348
f 6560/6560 3046/3046 3010/3010
f 7769/7769 7187/7187 1857/1857
f 1386/1386 7663/7663 7587/7587
f 7990/7990 7663/7663 1386/1386
f 3962/3962 1361/1361 7663/7663
f 3962/3962 7663/7663 7990/7990
f 1386/1386 1721/1721 7990/7990
f 7587/7587 7663/7663 1361/1361
f 1361/1361 3962/3962 6022/6022
f 1160/1160 6022/6022 3576/3576
f 3576/3576 6022/6022 411/411
f 3103/3103 4820/4820 7913/7913
f 3/3 1331/1331 6822/6822
f 1217/1217 4744/4744 6119/6119
f 1217/1217 3339/3339 4744/4744
f 6261/6261 3339/3339 3539/3539
f 3539/3539 7592/7592 6261/6261
f 3538/3538 5914/5914 7593/7593
f 5832/5832 7593/7593 5914/5914
f 5832/5832 5914/5914 1855/1855
f 1610/1610 1246/1246 1580/1580
f 3837/3837 6173/6173 3160/3160
f 3837/3837 3160/3160 6261/6261
f 6173/6173 3837/3837 3786/3786
f 3837/3837 2249/2249 3786/3786
f 3339/3339 3160/3160 4744/4744
f 3160/3160 3339/3339 6261/6261
f 3837/3837 6261/6261 2700/2700
f 5219/5219 3838/3838 2701/2701
f 2645/2645 5219/5219 7651/7651
f 3838/3838 5219/5219 2250/2250
f 2250/2250 5219/5219 5684/5684
f 5684/5684 5219/5219 2645/2645
f 2645/2645 7651/7651 4135/4135
f 7592/7592 2700/2700 6261/6261
f 2701/2701 7593/7593 6017/6017
f 4142/4142 4987/4987 7651/7651
f 4987/4987 4142/4142 4425/4425
f 7651/7651 4987/4987 4135/4135
f 4135/4135 4987/4987 7082/7082
f 4325/4325 4580/4580 5351/5351
f 6447/6447 7632/7632 4078/4078
f 1370/1370 4580/4580 4078/4078
f 4580/4580 1370/1370 7787/7787
f 1370/1370 4078/4078 7632/7632
f 1905/1905 1370/1370 7632/7632
f 7632/7632 7950/7950 1905/1905
f 2421/2421 985/985 3395/3395
f 3395/3395 1621/1621 2421/2421
f 985/985 4580/4580 6815/6815
f 6815/6815 4580/4580 2286/2286
f 2286/2286 4580/4580 7787/7787
f 4260/4260 6811/6811 1548/1548
f 1548/1548 7488/7488 4260/4260
f 45/45 4733/4733 5161/5161
f 6401/6401 4039/4039 5659/5659
f 5385/5385 5504/5504 1074/1074
f 5504/5504 1433/1433 1074/1074
f 1433/1433 5719/5719 1074/1074
f 5914/5914 3538/3538 1172/1172
f 5916/5916 5914/5914 1172/1172
f 1855/1855 5914/5914 5916/5916
f 1172/1172 1621/1621 3561/3561
f 1172/1172 364/364 5916/5916
f 1172/1172 3561/3561 364/364
f 6051/6051 3763/3763 7996/7996
f 6051/6051 7996/7996 205/205
f 6060/6060 4425/4425 6397/6397
f 6833/6833 6397/6397 6308/6308
f 6060/6060 6397/6397 6833/6833
f 46/46 5916/5916 364/364
f 3561/3561 7053/7053 364/364
f 7053/7053 46/46 364/364
f 6308/6308 2858/2858 6833/6833
f 4987/4987 4425/4425 6060/6060
f 4987/4987 6060/6060 2378/2378
f 6060/6060 6833/6833 1111/1111
f 6060/6060 1111/1111 2378/2378
f 1111/1111 2503/2503 2378/2378
f 4987/4987 2378/2378 7082/7082
f 1111/1111 6833/6833 2858/2858
f 2503/2503 1111/1111 2858/2858
f 2503/2503 2858/2858 1398/1398
f 3995/3995 2503/2503 1398/1398
f 6123/6123 3561/3561 3763/3763
f 4431/4431 3763/3763 69/69
f 69/69 3290/3290 4431/4431
f 5762/5762 4431/4431 3290/3290
f 4915/4915 4431/4431 7133/7133
f 7133/7133 4431/4431 5762/5762
f 6123/6123 7053/7053 3561/3561
f 6051/6051 205/205 2059/2059
f 2726/2726 7089/7089 205/205
f 1000/1000 7869/7869 5871/5871
f 7869/7869 1024/1024 5871/5871
f 3763/3763 6051/6051 69/69
f 69/69 6051/6051 2059/2059
f 4021/4021 7089/7089 7114/7114
f 5951/5951 7908/7908 2081/2081
f 7943/7943 5951/5951 2081/2081
f 3290/3290 69/69 2231/2231
f 8019/8019 5951/5951 7578/7578
f 5929/5929 7578/7578 5951/5951
f 7819/7819 2726/2726 5726/5726
f 975/975 3955/3955 1332/1332
f 3054/3054 3955/3955 975/975
f 6493/6493 3054/3054 975/975
f 7511/7511 3054/3054 6493/6493
f 975/975 1332/1332 6781/6781
f 4139/4139 975/975 6781/6781
f 4139/4139 6781/6781 1453/1453
f 1453/1453 6781/6781 6384/6384
f 6493/6493 975/975 4139/4139
f 1453/1453 6493/6493 4139/4139
f 1917/1917 7511/7511 6493/6493
f 6493/6493 3372/3372 1917/1917
f 1917/1917 3161/3161 7511/7511
f 1917/1917 3372/3372 1633/1633
f 3372/3372 6493/6493 1453/1453
f 1633/1633 3372/3372 1453/1453
f 40/40 6384/6384 4472/4472
f 1453/1453 6384/6384 7647/7647
f 6384/6384 40/40 7647/7647
f 7165/7165 7647/7647 40/40
f 1633/1633 1453/1453 7647/7647
f 7165/7165 1633/1633 7647/7647
f 2889/2889 4538/4538 2145/2145
f 4538/4538 3924/3924 2145/2145
f 1715/1715 813/813 3161/3161
f 3161/3161 1917/1917 4602/4602
f 7184/7184 1917/1917 1633/1633
f 4602/4602 1917/1917 7184/7184
f 4884/4884 4602/4602 7184/7184
f 3510/3510 4884/4884 7184/7184
f 3510/3510 7184/7184 1371/1371
f 1371/1371 7184/7184 1633/1633
f 3510/3510 108/108 4884/4884
f 273/273 108/108 3510/3510
f 273/273 3510/3510 4560/4560
f 4560/4560 3510/3510 1371/1371
f 273/273 4881/4881 4538/4538
f 4881/4881 273/273 4560/4560
f 5636/5636 4560/4560 1371/1371
f 4881/4881 4560/4560 5636/5636
f 1371/1371 1633/1633 7165/7165
f 7165/7165 3085/3085 1371/1371
f 7165/7165 1299/1299 3085/3085
f 1371/1371 5051/5051 5636/5636
f 5051/5051 1371/1371 3085/3085
f 3085/3085 2198/2198 5051/5051
f 3085/3085 6316/6316 2198/2198
f 3181/3181 5956/5956 6883/6883
f 2145/2145 3924/3924 6883/6883
f 3924/3924 4538/4538 4881/4881
f 4881/4881 789/789 3924/3924
f 4881/4881 5636/5636 789/789
f 5636/5636 981/981 789/789
f 7555/7555 789/789 981/981
f 981/981 5636/5636 5051/5051
f 981/981 5051/5051 2198/2198
f 7555/7555 981/981 4165/4165
f 4165/4165 981/981 1495/1495
f 1495/1495 981/981 2198/2198
f 6316/6316 6600/6600 2198/2198
f 347/347 6600/6600 6316/6316
f 1495/1495 2198/2198 6600/6600
f 1495/1495 6600/6600 4801/4801
f 4801/4801 6600/6600 347/347
f 4165/4165 1495/1495 5928/5928
f 1495/1495 5211/5211 5928/5928
f 5211/5211 1495/1495 4801/4801
f 5211/5211 4801/4801 5515/5515
f 5273/5273 1210/1210 4656/4656
f 5273/5273 3845/3845 156/156
f 3845/3845 5273/5273 3811/3811
f 3697/3697 156/156 3845/3845
f 3845/3845 7781/7781 3697/3697
f 263/263 7781/7781 3845/3845
f 263/263 3845/3845 3811/3811
f 3811/3811 3509/3509 263/263
f 263/263 5437/5437 7781/7781
f 2983/2983 263/263 3509/3509
f 263/263 5550/5550 5437/5437
f 5550/5550 263/263 2983/2983
f 6910/6910 5437/5437 5550/5550
f 6910/6910 2307/2307 6443/6443
f 2307/2307 6910/6910 5550/5550
f 5550/5550 2983/2983 3101/3101
f 3859/3859 4801/4801 347/347
f 3859/3859 5515/5515 4801/4801
f 7080/7080 5515/5515 3859/3859
f 5515/5515 7080/7080 4010/4010
f 6082/6082 4626/4626 4502/4502
f 4626/4626 4081/4081 4768/4768
f 412/412 4626/4626 6082/6082
f 4081/4081 4626/4626 412/412
f 4081/4081 412/412 3364/3364
f 3365/3365 413/413 278/278
f 3365/3365 278/278 6614/6614
f 7264/7264 5030/5030 739/739
f 5030/5030 4065/4065 739/739
f 5684/5684 7897/7897 2970/2970
f 7897/7897 708/708 2970/2970
f 2496/2496 5121/5121 5672/5672
f 1338/1338 708/708 2496/2496
f 1338/1338 2496/2496 5672/5672
f 5144/5144 8001/8001 7264/7264
f 7644/7644 7264/7264 739/739
f 5144/5144 7264/7264 7644/7644
f 7644/7644 739/739 6154/6154
f 7385/7385 7644/7644 6154/6154
f 739/739 4500/4500 6154/6154
f 5144/5144 7644/7644 7385/7385
f 4322/4322 6737/6737 6102/6102
f 6102/6102 4756/4756 4322/4322
f 6102/6102 2515/2515 6703/6703
f 2515/2515 7504/7504 2295/2295
f 6703/6703 2515/2515 2295/2295
f 2168/2168 2515/2515 6737/6737
f 2515/2515 2168/2168 7504/7504
f 2515/2515 6102/6102 6737/6737
f 1041/1041 4756/4756 814/814
f 742/742 6102/6102 6703/6703
f 5641/5641 4241/4241 6703/6703
f 4254/4254 6703/6703 4241/4241
f 742/742 4756/4756 6102/6102
f 4345/4345 3385/3385 5794/5794
f 3385/3385 6118/6118 5794/5794
f 6980/6980 7026/7026 1197/1197
f 5794/5794 6118/6118 6980/6980
f 5794/5794 6980/6980 1197/1197
f 1197/1197 814/814 1006/1006
f 1006/1006 5794/5794 1197/1197
f 1197/1197 7026/7026 4639/4639
f 1197/1197 4639/4639 814/814
f 2494/2494 4345/4345 1006/1006
f 4541/4541 3483/3483 571/571
f 3483/3483 1510/1510 571/571
f 6079/6079 4541/4541 571/571
f 6079/6079 1006/1006 4941/4941
f 6079/6079 4941/4941 8027/8027
f 1006/1006 814/814 4941/4941
f 8027/8027 4254/4254 4241/4241
f 5816/5816 4541/4541 7926/7926
f 8027/8027 7926/7926 6079/6079
f 7926/7926 4541/4541 6079/6079
f 3483/3483 4541/4541 5816/5816
f 7926/7926 910/910 5816/5816
f 8027/8027 5077/5077 7926/7926
f 910/910 7926/7926 5077/5077
f 5077/5077 8027/8027 4241/4241
f 5077/5077 4241/4241 6576/6576
f 5550/5550 2552/2552 4417/4417
f 5550/5550 3101/3101 2552/2552
f 7093/7093 1550/1550 8053/8053
f 1550/1550 7093/7093 2848/2848
f 819/819 6958/6958 7935/7935
f 7078/7078 5024/5024 278/278
f 6614/6614 278/278 5024/5024
f 5024/5024 7078/7078 6302/6302
f 1749/1749 5024/5024 6302/6302
f 3704/3704 1749/1749 6302/6302
f 5024/5024 1749/1749 4849/4849
f 4849/4849 6614/6614 5024/5024
f 5896/5896 177/177 4849/4849
f 177/177 6614/6614 4849/4849
f 3234/3234 3414/3414 6302/6302
f 3414/3414 3234/3234 6958/6958
f 6958/6958 819/819 2362/2362
f 1082/1082 1387/1387 4377/4377
f 1387/1387 1082/1082 3048/3048
f 5501/5501 5282/5282 933/933
f 5282/5282 4138/4138 933/933
f 7562/7562 933/933 1075/1075
f 933/933 2433/2433 1075/1075
f 2433/2433 933/933 4138/4138
f 4138/4138 1465/1465 2433/2433
f 978/978 5373/5373 1465/1465
f 978/978 1465/1465 4138/4138
f 1465/1465 5373/5373 2433/2433
f 1182/1182 2747/2747 7333/7333
f 6912/6912 1182/1182 7333/7333
f 367/367 6912/6912 3190/3190
f 5460/5460 4377/4377 6731/6731
f 5460/5460 5582/5582 4750/4750
f 5680/5680 6731/6731 6416/6416
f 5680/5680 5582/5582 6731/6731
f 5582/5582 5460/5460 6731/6731
f 7333/7333 2747/2747 1082/1082
f 1082/1082 2747/2747 3048/3048
f 6912/6912 7333/7333 7954/7954
f 7954/7954 7333/7333 1082/1082
f 4377/4377 5460/5460 1082/1082
f 5680/5680 4750/4750 5582/5582
f 1933/1933 5680/5680 779/779
f 1933/1933 779/779 5373/5373
f 4175/4175 5680/5680 1933/1933
f 5373/5373 978/978 1933/1933
f 4175/4175 4750/4750 5680/5680
f 7377/7377 4750/4750 4175/4175
f 4155/4155 3190/3190 4750/4750
f 3190/3190 4155/4155 367/367
f 7377/7377 4155/4155 4750/4750
f 367/367 4155/4155 6415/6415
f 6370/6370 1510/1510 7433/7433
f 7122/7122 1636/1636 7433/7433
f 1636/1636 7122/7122 671/671
f 1636/1636 6370/6370 7433/7433
f 1510/1510 6370/6370 5567/5567
f 3484/3484 6576/6576 3821/3821
f 3722/3722 505/505 580/580
f 580/580 2747/2747 1760/1760
f 505/505 2951/2951 1387/1387
f 453/453 5670/5670 505/505
f 4699/4699 505/505 5670/5670
f 2747/2747 580/580 3048/3048
f 3048/3048 580/580 505/505
f 1387/1387 3048/3048 505/505
f 5670/5670 797/797 6070/6070
f 5670/5670 453/453 797/797
f 6412/6412 910/910 6225/6225
f 5077/5077 6576/6576 910/910
f 1636/1636 671/671 3965/3965
f 7604/7604 7596/7596 3760/3760
f 7122/7122 3760/3760 671/671
f 3760/3760 7596/7596 671/671
f 671/671 7596/7596 3453/3453
f 7604/7604 3760/3760 2165/2165
f 1182/1182 7604/7604 2165/2165
f 6246/6246 7604/7604 1182/1182
f 1182/1182 2165/2165 1760/1760
f 1182/1182 1760/1760 2747/2747
f 6912/6912 6246/6246 1182/1182
f 3349/3349 7596/7596 6246/6246
f 6246/6246 7596/7596 7604/7604
f 7058/7058 7596/7596 3349/3349
f 367/367 6246/6246 6912/6912
f 3349/3349 6246/6246 367/367
f 3349/3349 367/367 2210/2210
f 367/367 6415/6415 2210/2210
f 5672/5672 5121/5121 5667/5667
f 4086/4086 5672/5672 5667/5667
f 143/143 3995/3995 2343/2343
f 72/72 2343/2343 2804/2804
f 2804/2804 2343/2343 7100/7100
f 7100/7100 2343/2343 1494/1494
f 2343/2343 72/72 143/143
f 1338/1338 5672/5672 2497/2497
f 2497/2497 764/764 1338/1338
f 2497/2497 2804/2804 1967/1967
f 2503/2503 3995/3995 143/143
f 2343/2343 3995/3995 5453/5453
f 1494/1494 2343/2343 5453/5453
f 1494/1494 5453/5453 4915/4915
f 2804/2804 7100/7100 6613/6613
f 1494/1494 5697/5697 7100/7100
f 4915/4915 262/262 1494/1494
f 7713/7713 262/262 7731/7731
f 262/262 4915/4915 7731/7731
f 5697/5697 1494/1494 262/262
f 1484/1484 3095/3095 3651/3651
f 3774/3774 2195/2195 3308/3308
f 3774/3774 3308/3308 5784/5784
f 7133/7133 5762/5762 546/546
f 5762/5762 3290/3290 546/546
f 8056/8056 2231/2231 7578/7578
f 7578/7578 5929/5929 8056/8056
f 546/546 3290/3290 2231/2231
f 2231/2231 8056/8056 546/546
f 621/621 8056/8056 6204/6204
f 546/546 8056/8056 621/621
f 6204/6204 5929/5929 217/217
f 5929/5929 6204/6204 8056/8056
f 217/217 7429/7429 6204/6204
f 1041/1041 7429/7429 217/217
f 3581/3581 7429/7429 3185/3185
f 7026/7026 3185/3185 7429/7429
f 4639/4639 7026/7026 7429/7429
f 7429/7429 1041/1041 4639/4639
f 6204/6204 7429/7429 3581/3581
f 217/217 5929/5929 4322/4322
f 217/217 4322/4322 4756/4756
f 1041/1041 217/217 4756/4756
f 5784/5784 6291/6291 3774/3774
f 2005/2005 7150/7150 3774/3774
f 5784/5784 5778/5778 6291/6291
f 4681/4681 6291/6291 5778/5778
f 2693/2693 4681/4681 5778/5778
f 7150/7150 7678/7678 2128/2128
f 7150/7150 2005/2005 7678/7678
f 1657/1657 7678/7678 2005/2005
f 1657/1657 2005/2005 3991/3991
f 2693/2693 3242/3242 4681/4681
f 3991/3991 2005/2005 3242/3242
f 2005/2005 4681/4681 3242/3242
f 7707/7707 1657/1657 5915/5915
f 5915/5915 5592/5592 7707/7707
f 5915/5915 1657/1657 3991/3991
f 3991/3991 3242/3242 7967/7967
f 3477/3477 5915/5915 3991/3991
f 5592/5592 3477/3477 2535/2535
f 1280/1280 1484/1484 5539/5539
f 6583/6583 1280/1280 5539/5539
f 1764/1764 7134/7134 2276/2276
f 1630/1630 5534/5534 4722/4722
f 725/725 264/264 6506/6506
f 863/863 6739/6739 5534/5534
f 3062/3062 2476/2476 6364/6364
f 5090/5090 2476/2476 3756/3756
f 3756/3756 2476/2476 3062/3062
f 3062/3062 5267/5267 3756/3756
f 3756/3756 5267/5267 6201/6201
f 3338/3338 4363/4363 138/138
f 4363/4363 3338/3338 3221/3221
f 5031/5031 3932/3932 3183/3183
f 791/791 5725/5725 3183/3183
f 5369/5369 5725/5725 7998/7998
f 5724/5724 680/680 762/762
f 4958/4958 680/680 5368/5368
f 4958/4958 2236/2236 680/680
f 7352/7352 1552/1552 2592/2592
f 1552/1552 5783/5783 2592/2592
f 5783/5783 7352/7352 2592/2592
f 569/569 5369/5369 7352/7352
f 7352/7352 5783/5783 569/569
f 5783/5783 7270/7270 569/569
f 568/568 4958/4958 5368/5368
f 4958/4958 568/568 5982/5982
f 4958/4958 6032/6032 2236/2236
f 1459/1459 6032/6032 433/433
f 6032/6032 7648/7648 433/433
f 198/198 1459/1459 3975/3975
f 1459/1459 5049/5049 3975/3975
f 1459/1459 433/433 5521/5521
f 7648/7648 5521/5521 433/433
f 5049/5049 1459/1459 5521/5521
f 5049/5049 5521/5521 4099/4099
f 4099/4099 5521/5521 2012/2012
f 5008/5008 917/917 6454/6454
f 917/917 3975/3975 6454/6454
f 5049/5049 4099/4099 5072/5072
f 5072/5072 47/47 3975/3975
f 5072/5072 4099/4099 47/47
f 3350/3350 4099/4099 2012/2012
f 3975/3975 5231/5231 6454/6454
f 5231/5231 3975/3975 47/47
f 3308/3308 7234/7234 6454/6454
f 6454/6454 4202/4202 3308/3308
f 4202/4202 6454/6454 5231/5231
f 5231/5231 2823/2823 4202/4202
f 2823/2823 5231/5231 6273/6273
f 6273/6273 5231/5231 47/47
f 2823/2823 3308/3308 4202/4202
f 2823/2823 6273/6273 474/474
f 6273/6273 5766/5766 474/474
f 5784/5784 3308/3308 2823/2823
f 2823/2823 2556/2556 5784/5784
f 5778/5778 5784/5784 2556/2556
f 2693/2693 5778/5778 2556/2556
f 5219/5219 2701/2701 7651/7651
f 2701/2701 6017/6017 7651/7651
f 7593/7593 5832/5832 6017/6017
f 5832/5832 4142/4142 6017/6017
f 1855/1855 4425/4425 5832/5832
f 4425/4425 4142/4142 5832/5832
f 7651/7651 6017/6017 4142/4142
f 6397/6397 4425/4425 1855/1855
f 6397/6397 1855/1855 5916/5916
f 46/46 6308/6308 5916/5916
f 6308/6308 6397/6397 5916/5916
f 46/46 2858/2858 6308/6308
f 2858/2858 46/46 5733/5733
f 46/46 7053/7053 5733/5733
f 3763/3763 6351/6351 6123/6123
f 1398/1398 6123/6123 6351/6351
f 1398/1398 6351/6351 3995/3995
f 6351/6351 5453/5453 3995/3995
f 6351/6351 3763/3763 4431/4431
f 4915/4915 5453/5453 4431/4431
f 5453/5453 6351/6351 4431/4431
f 5733/5733 7053/7053 6123/6123
f 2858/2858 5733/5733 1398/1398
f 5733/5733 6123/6123 1398/1398
f 742/742 814/814 4756/4756
f 4639/4639 1041/1041 814/814
f 4941/4941 814/814 742/742
f 6703/6703 4254/4254 742/742
f 742/742 8027/8027 4941/4941
f 8027/8027 742/742 4254/4254
f 5460/5460 7954/7954 1082/1082
f 7954/7954 5460/5460 3190/3190
f 5460/5460 4750/4750 3190/3190
f 6912/6912 7954/7954 3190/3190
f 2620/2620 5664/5664 31/31
f 6923/6923 6978/6978 5664/5664
f 6923/6923 3022/3022 6978/6978
f 5422/5422 2620/2620 88/88
f 5664/5664 2620/2620 5422/5422
f 5664/5664 5422/5422 6923/6923
f 1875/1875 6923/6923 5422/5422
f 1057/1057 4786/4786 6696/6696
f 5516/5516 4786/4786 2614/2614
f 4786/4786 1057/1057 2614/2614
f 2614/2614 1057/1057 7156/7156
f 5516/5516 2614/2614 3645/3645
f 7156/7156 5014/5014 2614/2614
f 5014/5014 7156/7156 7336/7336
f 1057/1057 3858/3858 7156/7156
f 248/248 5096/5096 4026/4026
f 4026/4026 270/270 248/248
f 4026/4026 5096/5096 6094/6094
f 5096/5096 248/248 6094/6094
f 7654/7654 6094/6094 248/248
f 4851/4851 699/699 885/885
f 699/699 1815/1815 885/885
f 885/885 1815/1815 4046/4046
f 699/699 4046/4046 1815/1815
f 109/109 1411/1411 699/699
f 514/514 699/699 1411/1411
f 514/514 4046/4046 699/699
f 4046/4046 514/514 1411/1411
f 4046/4046 1411/1411 885/885
f 1411/1411 3312/3312 885/885
f 4647/4647 699/699 7336/7336
f 3806/3806 4647/4647 7336/7336
f 3806/3806 7336/7336 7156/7156
f 3806/3806 2770/2770 4647/4647
f 109/109 699/699 4647/4647
f 4647/4647 3067/3067 109/109
f 5111/5111 109/109 3067/3067
f 5111/5111 1411/1411 109/109
f 5111/5111 3067/3067 5570/5570
f 5111/5111 3312/3312 1411/1411
f 5111/5111 5570/5570 3312/3312
f 3067/3067 4647/4647 1001/1001
f 1001/1001 5570/5570 3067/3067
f 1001/1001 3312/3312 5570/5570
f 2770/2770 6372/6372 4647/4647
f 4647/4647 6372/6372 1001/1001
f 1001/1001 6372/6372 8029/8029
f 3312/3312 1001/1001 885/885
f 8029/8029 885/885 1001/1001
f 5681/5681 4026/4026 4851/4851
f 4026/4026 5681/5681 270/270
f 885/885 7445/7445 5681/5681
f 885/885 5681/5681 4851/4851
f 733/733 270/270 5681/5681
f 248/248 270/270 733/733
f 5681/5681 8010/8010 733/733
f 8010/8010 248/248 733/733
f 5681/5681 7445/7445 8010/8010
f 7654/7654 248/248 8010/8010
f 331/331 7445/7445 885/885
f 331/331 885/885 4682/4682
f 885/885 4608/4608 4682/4682
f 4608/4608 4843/4843 4682/4682
f 8010/8010 7445/7445 7654/7654
f 331/331 7654/7654 7445/7445
f 7654/7654 331/331 4682/4682
f 4843/4843 7654/7654 4682/4682
f 8029/8029 4608/4608 885/885
f 4057/4057 3806/3806 5833/5833
f 3806/3806 6297/6297 5833/5833
f 7815/7815 4057/4057 5833/5833
f 723/723 7815/7815 5833/5833
f 6297/6297 723/723 5833/5833
f 5298/5298 8029/8029 6372/6372
f 6372/6372 2770/2770 5298/5298
f 3806/3806 5298/5298 2770/2770
f 3806/3806 1677/1677 5298/5298
f 3943/3943 8029/8029 5298/5298
f 8029/8029 3943/3943 4608/4608
f 1677/1677 3943/3943 5298/5298
f 4057/4057 1677/1677 3806/3806
f 1677/1677 4057/4057 3298/3298
f 951/951 1677/1677 3298/3298
f 951/951 3943/3943 1677/1677
f 4608/4608 3943/3943 7293/7293
f 3943/3943 951/951 7293/7293
f 3298/3298 4057/4057 7815/7815
f 7815/7815 723/723 6556/6556
f 6556/6556 3298/3298 7815/7815
f 3806/3806 7156/7156 7228/7228
f 3806/3806 7228/7228 6297/6297
f 718/718 723/723 6297/6297
f 718/718 6297/6297 7228/7228
f 2163/2163 7228/7228 7156/7156
f 7228/7228 2163/2163 951/951
f 7293/7293 951/951 3743/3743
f 3901/3901 7293/7293 3743/3743
f 723/723 718/718 6556/6556
f 6556/6556 718/718 3298/3298
f 718/718 951/951 3298/3298
f 951/951 718/718 7228/7228
f 3743/3743 951/951 3323/3323
f 5886/5886 4608/4608 7832/7832
f 4608/4608 5886/5886 4843/4843
f 4608/4608 7293/7293 7832/7832
f 3724/3724 5886/5886 7832/7832
f 7832/7832 3682/3682 3724/3724
f 378/378 3724/3724 3682/3682
f 378/378 5886/5886 3724/3724
f 7342/7342 7654/7654 4843/4843
f 6729/6729 7654/7654 7342/7342
f 5886/5886 7342/7342 4843/4843
f 5886/5886 378/378 7342/7342
f 3682/3682 818/818 378/378
f 3383/3383 6729/6729 7342/7342
f 378/378 3383/3383 7342/7342
f 378/378 818/818 3383/3383
f 818/818 4706/4706 3383/3383
f 4706/4706 7143/7143 3383/3383
f 7832/7832 7293/7293 3682/3682
f 7293/7293 818/818 3682/3682
f 4570/4570 3901/3901 1538/1538
f 169/169 1538/1538 3743/3743
f 3901/3901 3743/3743 1538/1538
f 7293/7293 4570/4570 818/818
f 7293/7293 3901/3901 4570/4570
f 818/818 4570/4570 4706/4706
f 4706/4706 4570/4570 6499/6499
f 951/951 2163/2163 3323/3323
f 3743/3743 3323/3323 169/169
f 4434/4434 169/169 3323/3323
f 3323/3323 4187/4187 4434/4434
f 3849/3849 4187/4187 3323/3323
f 3849/3849 3323/3323 4184/4184
f 4184/4184 4187/4187 3849/3849
f 4184/4184 1335/1335 4187/4187
f 7143/7143 513/513 3383/3383
f 513/513 6729/6729 3383/3383
f 6729/6729 513/513 152/152
f 4712/4712 1538/1538 169/169
f 169/169 7776/7776 4712/4712
f 6499/6499 4570/4570 1538/1538
f 1538/1538 1745/1745 6499/6499
f 7143/7143 1745/1745 513/513
f 1745/1745 4712/4712 513/513
f 4712/4712 1745/1745 1538/1538
f 1417/1417 7776/7776 4434/4434
f 1417/1417 1335/1335 7776/7776
f 513/513 7776/7776 636/636
f 7776/7776 513/513 4712/4712
f 7548/7548 636/636 7776/7776
f 4434/4434 7776/7776 169/169
f 4187/4187 1417/1417 4434/4434
f 4187/4187 1335/1335 1417/1417
f 4706/4706 6499/6499 7143/7143
f 6499/6499 1745/1745 7143/7143
f 7776/7776 1335/1335 7548/7548
f 1335/1335 152/152 7548/7548
f 1335/1335 4184/4184 2163/2163
f 636/636 152/152 513/513
f 152/152 636/636 7548/7548
f 1335/1335 6729/6729 152/152
f 6729/6729 1335/1335 2163/2163
f 3860/3860 7188/7188 6715/6715
f 5040/5040 6715/6715 7188/7188
f 3860/3860 310/310 7188/7188
f 7188/7188 6511/6511 5040/5040
f 4413/4413 7188/7188 310/310
f 3857/3857 4413/4413 310/310
f 6511/6511 7188/7188 5812/5812
f 5040/5040 6511/6511 815/815
f 5040/5040 815/815 2156/2156
f 815/815 6511/6511 5812/5812
f 953/953 5812/5812 7188/7188
f 5812/5812 953/953 2927/2927
f 5812/5812 843/843 815/815
f 2927/2927 843/843 5812/5812
f 2927/2927 5408/5408 843/843
f 815/815 3146/3146 1067/1067
f 5512/5512 953/953 7188/7188
f 815/815 843/843 3146/3146
f 7188/7188 8021/8021 5512/5512
f 4413/4413 8021/8021 7188/7188
f 2927/2927 953/953 5408/5408
f 4262/4262 5408/5408 953/953
f 953/953 2964/2964 4262/4262
f 953/953 5512/5512 2964/2964
f 1547/1547 2964/2964 7045/7045
f 3578/3578 1168/1168 344/344
f 498/498 1168/1168 3578/3578
f 498/498 8037/8037 1168/1168
f 8037/8037 498/498 3176/3176
f 3578/3578 344/344 4006/4006
f 1826/1826 498/498 3578/3578
f 3578/3578 4006/4006 1826/1826
f 4006/4006 6934/6934 1826/1826
f 4006/4006 6498/6498 1368/1368
f 4006/4006 1368/1368 6934/6934
f 5333/5333 464/464 6934/6934
f 498/498 7410/7410 3176/3176
f 1826/1826 338/338 498/498
f 338/338 7410/7410 498/498
f 1826/1826 3564/3564 338/338
f 5971/5971 338/338 3255/3255
f 7410/7410 338/338 5971/5971
f 3176/3176 7410/7410 5971/5971
f 6113/6113 5971/5971 3255/3255
f 5971/5971 816/816 3176/3176
f 4199/4199 816/816 5971/5971
f 3564/3564 3902/3902 338/338
f 3902/3902 3255/3255 338/338
f 3255/3255 3902/3902 6113/6113
f 7043/7043 6113/6113 3902/3902
f 6113/6113 4199/4199 5971/5971
f 4199/4199 3441/3441 7196/7196
f 3441/3441 4813/4813 7196/7196
f 7225/7225 4813/4813 194/194
f 7196/7196 4813/4813 7225/7225
f 2184/2184 6488/6488 1181/1181
f 3441/3441 4199/4199 6113/6113
f 3441/3441 3744/3744 4813/4813
f 6113/6113 7043/7043 3441/3441
f 2184/2184 3744/3744 3441/3441
f 3744/3744 2184/2184 1181/1181
f 194/194 1181/1181 672/672
f 672/672 641/641 194/194
f 641/641 7225/7225 194/194
f 641/641 7929/7929 7225/7225
f 6488/6488 672/672 1181/1181
f 7884/7884 672/672 6488/6488
f 7884/7884 641/641 672/672
f 4813/4813 1181/1181 194/194
f 3744/3744 1181/1181 4813/4813
f 7884/7884 6544/6544 641/641
f 6544/6544 7929/7929 641/641
f 3564/3564 1826/1826 6934/6934
f 6934/6934 464/464 3564/3564
f 3564/3564 8059/8059 3902/3902
f 3564/3564 464/464 8059/8059
f 2380/2380 8059/8059 464/464
f 2380/2380 464/464 5333/5333
f 932/932 4758/4758 2380/2380
f 2340/2340 2720/2720 1511/1511
f 2340/2340 6516/6516 4758/4758
f 4758/4758 2344/2344 2340/2340
f 3969/3969 7884/7884 6488/6488
f 6358/6358 6488/6488 2184/2184
f 6358/6358 1897/1897 6488/6488
f 1897/1897 3969/3969 6488/6488
f 6544/6544 7884/7884 1522/1522
f 3969/3969 1522/1522 7884/7884
f 515/515 4787/4787 3969/3969
f 3969/3969 4787/4787 1522/1522
f 3124/3124 1522/1522 4787/4787
f 3124/3124 4787/4787 515/515
f 1897/1897 3922/3922 3969/3969
f 3969/3969 3922/3922 515/515
f 1897/1897 1511/1511 3922/3922
f 2720/2720 3922/3922 1511/1511
f 2627/2627 3124/3124 515/515
f 5333/5333 932/932 2380/2380
f 5333/5333 6862/6862 2344/2344
f 2344/2344 932/932 5333/5333
f 932/932 2344/2344 4758/4758
f 2720/2720 2340/2340 2344/2344
f 2720/2720 2344/2344 1754/1754
f 2720/2720 1754/1754 3922/3922
f 1754/1754 2344/2344 6862/6862
f 340/340 515/515 3922/3922
f 2627/2627 515/515 7959/7959
f 3922/3922 1754/1754 340/340
f 7959/7959 515/515 340/340
f 2627/2627 3909/3909 3124/3124
f 856/856 2382/2382 7929/7929
f 7929/7929 6544/6544 856/856
f 1522/1522 3909/3909 6544/6544
f 3124/3124 3909/3909 1522/1522
f 3909/3909 4273/4273 6544/6544
f 4273/4273 856/856 6544/6544
f 3659/3659 4578/4578 2067/2067
f 1078/1078 856/856 4273/4273
f 2613/2613 3909/3909 2627/2627
f 2613/2613 4273/4273 3909/3909
f 4273/4273 2716/2716 1078/1078
f 3348/3348 2067/2067 2382/2382
f 856/856 7565/7565 2382/2382
f 7565/7565 3348/3348 2382/2382
f 3659/3659 2067/2067 3348/3348
f 7661/7661 3659/3659 3348/3348
f 7661/7661 3542/3542 3659/3659
f 856/856 5137/5137 7565/7565
f 2757/2757 3348/3348 7565/7565
f 2757/2757 7661/7661 3348/3348
f 2757/2757 4903/4903 7661/7661
f 7661/7661 4903/4903 639/639
f 7565/7565 5137/5137 2757/2757
f 4903/4903 2757/2757 5307/5307
f 5307/5307 2757/2757 5137/5137
f 5137/5137 856/856 1078/1078
f 7959/7959 405/405 2627/2627
f 2613/2613 2627/2627 405/405
f 2676/2676 2613/2613 405/405
f 405/405 2044/2044 6836/6836
f 2044/2044 405/405 7959/7959
f 6836/6836 2676/2676 405/405
f 6836/6836 214/214 2413/2413
f 6934/6934 1368/1368 5333/5333
f 5922/5922 7856/7856 4605/4605
f 4605/4605 7856/7856 3404/3404
f 6862/6862 4486/4486 1754/1754
f 5333/5333 4486/4486 6862/6862
f 4020/4020 1754/1754 4486/4486
f 3464/3464 340/340 1754/1754
f 3464/3464 1754/1754 4020/4020
f 7959/7959 2636/2636 2044/2044
f 6836/6836 2044/2044 214/214
f 1991/1991 214/214 2044/2044
f 2636/2636 1991/1991 2044/2044
f 1600/1600 214/214 1991/1991
f 4605/4605 340/340 3464/3464
f 7959/7959 340/340 4605/4605
f 4605/4605 3404/3404 7959/7959
f 6819/6819 7959/7959 3404/3404
f 7959/7959 6819/6819 2636/2636
f 2636/2636 1600/1600 1991/1991
f 1600/1600 1062/1062 214/214
f 1600/1600 2636/2636 6521/6521
f 6521/6521 1062/1062 1600/1600
f 6853/6853 368/368 1061/1061
f 2620/2620 31/31 5699/5699
f 88/88 2620/2620 5699/5699
f 3942/3942 5699/5699 1447/1447
f 3942/3942 88/88 5699/5699
f 4122/4122 3823/3823 7582/7582
f 3823/3823 2475/2475 7582/7582
f 6975/6975 4122/4122 7582/7582
f 6891/6891 3942/3942 1447/1447
f 7218/7218 6891/6891 1447/1447
f 155/155 6891/6891 7218/7218
f 4122/4122 180/180 4328/4328
f 4122/4122 6975/6975 180/180
f 6679/6679 4328/4328 180/180
f 6968/6968 5422/5422 88/88
f 88/88 1448/1448 6968/6968
f 7265/7265 1875/1875 5422/5422
f 7265/7265 7599/7599 1875/1875
f 6968/6968 7265/7265 5422/5422
f 7265/7265 6968/6968 5602/5602
f 5602/5602 2475/2475 7599/7599
f 5602/5602 7599/7599 7265/7265
f 6923/6923 1875/1875 7599/7599
f 1448/1448 4360/4360 6968/6968
f 4360/4360 5602/5602 6968/6968
f 1448/1448 6981/6981 4360/4360
f 7582/7582 2475/2475 5602/5602
f 4360/4360 7582/7582 5602/5602
f 2475/2475 3823/3823 6295/6295
f 6923/6923 6295/6295 5635/5635
f 4328/4328 2967/2967 4122/4122
f 6926/6926 2967/2967 4328/4328
f 2967/2967 6295/6295 3823/3823
f 2967/2967 3823/3823 4122/4122
f 6295/6295 2967/2967 2783/2783
f 2967/2967 6926/6926 2783/2783
f 6295/6295 2783/2783 5041/5041
f 5041/5041 5635/5635 6295/6295
f 5635/5635 6503/6503 6923/6923
f 7922/7922 6926/6926 6296/6296
f 2907/2907 7922/7922 6296/6296
f 6926/6926 4328/4328 6296/6296
f 6679/6679 6296/6296 4328/4328
f 6296/6296 6679/6679 2907/2907
f 2783/2783 6926/6926 5041/5041
f 880/880 5041/5041 6926/6926
f 7922/7922 527/527 6926/6926
f 527/527 880/880 6926/6926
f 2475/2475 6295/6295 7599/7599
f 6923/6923 7599/7599 6295/6295
f 3022/3022 6923/6923 6503/6503
f 5603/5603 180/180 2090/2090
f 5119/5119 180/180 5603/5603
f 180/180 5119/5119 6679/6679
f 6785/6785 3191/3191 5119/5119
f 3585/3585 5119/5119 3191/3191
f 6679/6679 5119/5119 3585/3585
f 4337/4337 6891/6891 155/155
f 6891/6891 4337/4337 4692/4692
f 5603/5603 2090/2090 4692/4692
f 4692/4692 4337/4337 6785/6785
f 6785/6785 5603/5603 4692/4692
f 155/155 6785/6785 4337/4337
f 5603/5603 6785/6785 5119/5119
f 3191/3191 155/155 3091/3091
f 3598/3598 3191/3191 3091/3091
f 3191/3191 6785/6785 155/155
f 7922/7922 2907/2907 3810/3810
f 5041/5041 880/880 5635/5635
f 5635/5635 880/880 8037/8037
f 5635/5635 8037/8037 6503/6503
f 7803/7803 4696/4696 6503/6503
f 7878/7878 3858/3858 1057/1057
f 4696/4696 3022/3022 6503/6503
f 2370/2370 1057/1057 3022/3022
f 1057/1057 2370/2370 7878/7878
f 7803/7803 3022/3022 4696/4696
f 2370/2370 3022/3022 7803/7803
f 3858/3858 7878/7878 2370/2370
f 7922/7922 344/344 527/527
f 1168/1168 880/880 527/527
f 344/344 1168/1168 527/527
f 6498/6498 344/344 7922/7922
f 8037/8037 880/880 1168/1168
f 3176/3176 6503/6503 8037/8037
f 6503/6503 3176/3176 2703/2703
f 7156/7156 3858/3858 2163/2163
f 3585/3585 2907/2907 6679/6679
f 3585/3585 2385/2385 2907/2907
f 2907/2907 2385/2385 3810/3810
f 3585/3585 3191/3191 3598/3598
f 1825/1825 3585/3585 3598/3598
f 6498/6498 7922/7922 3810/3810
f 3585/3585 4693/4693 2385/2385
f 4693/4693 3585/3585 1825/1825
f 3810/3810 5240/5240 6498/6498
f 4006/4006 344/344 6498/6498
f 3176/3176 816/816 2703/2703
f 7803/7803 6503/6503 2703/2703
f 3858/3858 2370/2370 2908/2908
f 6588/6588 7803/7803 2703/2703
f 7803/7803 6588/6588 2370/2370
f 2908/2908 2370/2370 6588/6588
f 6588/6588 1994/1994 2908/2908
f 7196/7196 816/816 4199/4199
f 2703/2703 816/816 7929/7929
f 6588/6588 2703/2703 7929/7929
f 816/816 7196/7196 7225/7225
f 7225/7225 7929/7929 816/816
f 6588/6588 125/125 1994/1994
f 125/125 2908/2908 1994/1994
f 6588/6588 7929/7929 2382/2382
f 3858/3858 2908/2908 125/125
f 3858/3858 125/125 2163/2163
f 2067/2067 6588/6588 2382/2382
f 2067/2067 4578/4578 6588/6588
f 6588/6588 4578/4578 125/125
f 3542/3542 2163/2163 125/125
f 1528/1528 2163/2163 639/639
f 3542/3542 125/125 4578/4578
f 3659/3659 3542/3542 4578/4578
f 3542/3542 7661/7661 639/639
f 3542/3542 639/639 2163/2163
f 7680/7680 639/639 4903/4903
f 5307/5307 7680/7680 4903/4903
f 3323/3323 2163/2163 4184/4184
f 3810/3810 2385/2385 5937/5937
f 330/330 3810/3810 5937/5937
f 3810/3810 330/330 5240/5240
f 7414/7414 6498/6498 5240/5240
f 1368/1368 4222/4222 5333/5333
f 5333/5333 4222/4222 4486/4486
f 6498/6498 7414/7414 1368/1368
f 2316/2316 4020/4020 4486/4486
f 3464/3464 4020/4020 2316/2316
f 5347/5347 5240/5240 330/330
f 5347/5347 2863/2863 5240/5240
f 2863/2863 4797/4797 7414/7414
f 7414/7414 5240/5240 2863/2863
f 982/982 1368/1368 7414/7414
f 6344/6344 4222/4222 1368/1368
f 6344/6344 1368/1368 982/982
f 982/982 3939/3939 6344/6344
f 5856/5856 6344/6344 3939/3939
f 6344/6344 5856/5856 5130/5130
f 4222/4222 5130/5130 4486/4486
f 4222/4222 6344/6344 5130/5130
f 2316/2316 4486/4486 5130/5130
f 5130/5130 2829/2829 2316/2316
f 2921/2921 3939/3939 7414/7414
f 2339/2339 3939/3939 2921/2921
f 982/982 7414/7414 3939/3939
f 5856/5856 3939/3939 2339/2339
f 1778/1778 5856/5856 2339/2339
f 6875/6875 1778/1778 2339/2339
f 4797/4797 2921/2921 7414/7414
f 6875/6875 2339/2339 6807/6807
f 6807/6807 2921/2921 4797/4797
f 6807/6807 2339/2339 2921/2921
f 1778/1778 5130/5130 5856/5856
f 1778/1778 2829/2829 5130/5130
f 1778/1778 6875/6875 2829/2829
f 3464/3464 2316/2316 2829/2829
f 4605/4605 3464/3464 2829/2829
f 5922/5922 2829/2829 6875/6875
f 7856/7856 5922/5922 6875/6875
f 7856/7856 6875/6875 6807/6807
f 2829/2829 5922/5922 4605/4605
f 3535/3535 1078/1078 2716/2716
f 2716/2716 4273/4273 6547/6547
f 1717/1717 4273/4273 2613/2613
f 4273/4273 1717/1717 6547/6547
f 2613/2613 2676/2676 1717/1717
f 3535/3535 2716/2716 6531/6531
f 5310/5310 4918/4918 2716/2716
f 2716/2716 4918/4918 6531/6531
f 6103/6103 5307/5307 5137/5137
f 5137/5137 3535/3535 6103/6103
f 1237/1237 5137/5137 1078/1078
f 3535/3535 1237/1237 1078/1078
f 5137/5137 1237/1237 3535/3535
f 3535/3535 6531/6531 7611/7611
f 613/613 7611/7611 6531/6531
f 613/613 6531/6531 4918/4918
f 4206/4206 612/612 4929/4929
f 5972/5972 3535/3535 7611/7611
f 5785/5785 5972/5972 7611/7611
f 5785/5785 7611/7611 613/613
f 5972/5972 5785/5785 1878/1878
f 5502/5502 5785/5785 613/613
f 5503/5503 612/612 4206/4206
f 1828/1828 5503/5503 4206/4206
f 1121/1121 5785/5785 5502/5502
f 1828/1828 1120/1120 5503/5503
f 1717/1717 3925/3925 6547/6547
f 1717/1717 2676/2676 3925/3925
f 6547/6547 3925/3925 1812/1812
f 1812/1812 5310/5310 6547/6547
f 6547/6547 5310/5310 2716/2716
f 6836/6836 3925/3925 2676/2676
f 3981/3981 4919/4919 5311/5311
f 5311/5311 1813/1813 3981/3981
f 3981/3981 1205/1205 4919/4919
f 3981/3981 5160/5160 1205/1205
f 368/368 3981/3981 1813/1813
f 2413/2413 1812/1812 3925/3925
f 1813/1813 2414/2414 368/368
f 2413/2413 3925/3925 6836/6836
f 7432/7432 3981/3981 368/368
f 7432/7432 5160/5160 3981/3981
f 1205/1205 612/612 4919/4919
f 1205/1205 4929/4929 612/612
f 5160/5160 4929/4929 1205/1205
f 507/507 4206/4206 4929/4929
f 4929/4929 5160/5160 507/507
f 507/507 1828/1828 4206/4206
f 4623/4623 1828/1828 507/507
f 7395/7395 4623/4623 507/507
f 5160/5160 7395/7395 507/507
f 1061/1061 368/368 2414/2414
f 1062/1062 2413/2413 214/214
f 3486/3486 5160/5160 7432/7432
f 3326/3326 7395/7395 5160/5160
f 3486/3486 3326/3326 5160/5160
f 7693/7693 3326/3326 3486/3486
f 5075/5075 7693/7693 3486/3486
f 7818/7818 7432/7432 368/368
f 7818/7818 368/368 6853/6853
f 7432/7432 3531/3531 3486/3486
f 3531/3531 5075/5075 3486/3486
f 3375/3375 2094/2094 2108/2108
f 7349/7349 3375/3375 2108/2108
f 2094/2094 7528/7528 1528/1528
f 1528/1528 7528/7528 2163/2163
f 128/128 3375/3375 7349/7349
f 2094/2094 3375/3375 7528/7528
f 128/128 7349/7349 7722/7722
f 7721/7721 3276/3276 1326/1326
f 3324/3324 5933/5933 3276/3276
f 3276/3276 5933/5933 1326/1326
f 6103/6103 3240/3240 5307/5307
f 3240/3240 7680/7680 5307/5307
f 3240/3240 2108/2108 2094/2094
f 6103/6103 2108/2108 3240/3240
f 7680/7680 3240/3240 2094/2094
f 7680/7680 2094/2094 639/639
f 6103/6103 3535/3535 632/632
f 632/632 2108/2108 6103/6103
f 5972/5972 632/632 3535/3535
f 632/632 5972/5972 6895/6895
f 632/632 6895/6895 1723/1723
f 2108/2108 7155/7155 7349/7349
f 7349/7349 7155/7155 6340/6340
f 2108/2108 632/632 7155/7155
f 632/632 1723/1723 7155/7155
f 6340/6340 7155/7155 4674/4674
f 4674/4674 7155/7155 1723/1723
f 7826/7826 4674/4674 1723/1723
f 7125/7125 6340/6340 4674/4674
f 3900/3900 6340/6340 7125/7125
f 618/618 7349/7349 6340/6340
f 6895/6895 2513/2513 1723/1723
f 7826/7826 1723/1723 2513/2513
f 1878/1878 315/315 5972/5972
f 1878/1878 5785/5785 1121/1121
f 1121/1121 315/315 1878/1878
f 315/315 6895/6895 5972/5972
f 2513/2513 6895/6895 315/315
f 315/315 6601/6601 2513/2513
f 2513/2513 3084/3084 7826/7826
f 2513/2513 6601/6601 3084/3084
f 4438/4438 3084/3084 6601/6601
f 4438/4438 6601/6601 315/315
f 4438/4438 315/315 1121/1121
f 7826/7826 7125/7125 4674/4674
f 7282/7282 7125/7125 7826/7826
f 3084/3084 7282/7282 7826/7826
f 639/639 2094/2094 1528/1528
f 1628/1628 618/618 6340/6340
f 3900/3900 1628/1628 6340/6340
f 3899/3899 7217/7217 1629/1629
f 3900/3900 7125/7125 7282/7282
f 3832/3832 3899/3899 7281/7281
f 7746/7746 7217/7217 3899/3899
f 7746/7746 4144/4144 7217/7217
f 4144/4144 3731/3731 7217/7217
f 7746/7746 3899/3899 3832/3832
f 7217/7217 1616/1616 1629/1629
f 1616/1616 2944/2944 1629/1629
f 1629/1629 2944/2944 619/619
f 7349/7349 618/618 7722/7722
f 3276/3276 7721/7721 619/619
f 5201/5201 2944/2944 1616/1616
f 619/619 2944/2944 3276/3276
f 7227/7227 3276/3276 2944/2944
f 5201/5201 7227/7227 2944/2944
f 5201/5201 3324/3324 7227/7227
f 3731/3731 1616/1616 7217/7217
f 7279/7279 3731/3731 4144/4144
f 5201/5201 1616/1616 743/743
f 743/743 1616/1616 3731/3731
f 224/224 5201/5201 743/743
f 1120/1120 1828/1828 4456/4456
f 4623/4623 4456/4456 1828/1828
f 327/327 4456/4456 4623/4623
f 327/327 3952/3952 4456/4456
f 8005/8005 1938/1938 6268/6268
f 1694/1694 1938/1938 8005/8005
f 327/327 1694/1694 3952/3952
f 1694/1694 8005/8005 3952/3952
f 4144/4144 7746/7746 7839/7839
f 1938/1938 7839/7839 6268/6268
f 5394/5394 1938/1938 1694/1694
f 5394/5394 7279/7279 4144/4144
f 7279/7279 743/743 3731/3731
f 743/743 7279/7279 224/224
f 5394/5394 4144/4144 7839/7839
f 5394/5394 7839/7839 1938/1938
f 224/224 7279/7279 6734/6734
f 3324/3324 3276/3276 7227/7227
f 3324/3324 5201/5201 224/224
f 6734/6734 2447/2447 224/224
f 3324/3324 224/224 2447/2447
f 2447/2447 6905/6905 3324/3324
f 3375/3375 128/128 3126/3126
f 3126/3126 7528/7528 3375/3375
f 2163/2163 7528/7528 6729/6729
f 3857/3857 6729/6729 3489/3489
f 6729/6729 675/675 3489/3489
f 6729/6729 7528/7528 675/675
f 7939/7939 3570/3570 3489/3489
f 675/675 7939/7939 3489/3489
f 4960/4960 3570/3570 7939/7939
f 3857/3857 3489/3489 4413/4413
f 8021/8021 4413/4413 3570/3570
f 3570/3570 4413/4413 3489/3489
f 2857/2857 5512/5512 8021/8021
f 8021/8021 3570/3570 2857/2857
f 2857/2857 2964/2964 5512/5512
f 2964/2964 4594/4594 7045/7045
f 380/380 3126/3126 2213/2213
f 2213/2213 3126/3126 128/128
f 6509/6509 2213/2213 2730/2730
f 7722/7722 4736/4736 128/128
f 7721/7721 1326/1326 4735/4735
f 1326/1326 66/66 4735/4735
f 7874/7874 4735/4735 66/66
f 7874/7874 66/66 3647/3647
f 556/556 66/66 5933/5933
f 3324/3324 556/556 5933/5933
f 3324/3324 6905/6905 556/556
f 3156/3156 556/556 6905/6905
f 1326/1326 5933/5933 66/66
f 556/556 3647/3647 66/66
f 4814/4814 3647/3647 556/556
f 3156/3156 4814/4814 556/556
f 2213/2213 128/128 4736/4736
f 380/380 3502/3502 3126/3126
f 7528/7528 3126/3126 3502/3502
f 4735/4735 6337/6337 6876/6876
f 4735/4735 7874/7874 6337/6337
f 3647/3647 6337/6337 7874/7874
f 7408/7408 6337/6337 3647/3647
f 5175/5175 6876/6876 6337/6337
f 2089/2089 6876/6876 5175/5175
f 6337/6337 7408/7408 5175/5175
f 4937/4937 5175/5175 7408/7408
f 6877/6877 2213/2213 4736/4736
f 6877/6877 2730/2730 2213/2213
f 6876/6876 5661/5661 2729/2729
f 2729/2729 5661/5661 3473/3473
f 2089/2089 5661/5661 6876/6876
f 4979/4979 3473/3473 5661/5661
f 6508/6508 2729/2729 3473/3473
f 4979/4979 5470/5470 3473/3473
f 6508/6508 3473/3473 7110/7110
f 5470/5470 7110/7110 3473/3473
f 2523/2523 7110/7110 5470/5470
f 4979/4979 5661/5661 2089/2089
f 7250/7250 4979/4979 2089/2089
f 4937/4937 2089/2089 5175/5175
f 5470/5470 4979/4979 4230/4230
f 7250/7250 4230/4230 4979/4979
f 5470/5470 4230/4230 2523/2523
f 919/919 2523/2523 4230/4230
f 2089/2089 4937/4937 7250/7250
f 4814/4814 7408/7408 3647/3647
f 5649/5649 7408/7408 4814/4814
f 7110/7110 2523/2523 3771/3771
f 919/919 5339/5339 2523/2523
f 5947/5947 5339/5339 7756/7756
f 7756/7756 5339/5339 919/919
f 3570/3570 4960/4960 2857/2857
f 3502/3502 675/675 7528/7528
f 3502/3502 5760/5760 675/675
f 132/132 3502/3502 380/380
f 2213/2213 132/132 380/380
f 132/132 5760/5760 3502/3502
f 7939/7939 6080/6080 4960/4960
f 5760/5760 6080/6080 7939/7939
f 6080/6080 2857/2857 4960/4960
f 2857/2857 6080/6080 6736/6736
f 7939/7939 675/675 5760/5760
f 6080/6080 5760/5760 132/132
f 132/132 6509/6509 6736/6736
f 2213/2213 6509/6509 132/132
f 6080/6080 132/132 6736/6736
f 5693/5693 6736/6736 6509/6509
f 2857/2857 6736/6736 5693/5693
f 5693/5693 2964/2964 2857/2857
f 4985/4985 4594/4594 2964/2964
f 2964/2964 5693/5693 4985/4985
f 4985/4985 1605/1605 4594/4594
f 6618/6618 828/828 1605/1605
f 6508/6508 7110/7110 6972/6972
f 5693/5693 6509/6509 6971/6971
f 5693/5693 6971/6971 5894/5894
f 6972/6972 7537/7537 5893/5893
f 6768/6768 7537/7537 6972/6972
f 6768/6768 2900/2900 7537/7537
f 7237/7237 4985/4985 5693/5693
f 5894/5894 7237/7237 5693/5693
f 6936/6936 1605/1605 4985/4985
f 6936/6936 6618/6618 1605/1605
f 6936/6936 4985/4985 7237/7237
f 2984/2984 5893/5893 7537/7537
f 2900/2900 2984/2984 7537/7537
f 5893/5893 2984/2984 7236/7236
f 6158/6158 7236/7236 2984/2984
f 6158/6158 7800/7800 7236/7236
f 372/372 7800/7800 6158/6158
f 6158/6158 2984/2984 2900/2900
f 7237/7237 7800/7800 6936/6936
f 372/372 6936/6936 7800/7800
f 6618/6618 6936/6936 372/372
f 6768/6768 6972/6972 7110/7110
f 5339/5339 3771/3771 2523/2523
f 7110/7110 3771/3771 6768/6768
f 3771/3771 7526/7526 6768/6768
f 5947/5947 7526/7526 3771/3771
f 4342/4342 6768/6768 7526/7526
f 5947/5947 3771/3771 5339/5339
f 2979/2979 7526/7526 5947/5947
f 4342/4342 7526/7526 2979/2979
f 2900/2900 6768/6768 4342/4342
f 1250/1250 2900/2900 4342/4342
f 4342/4342 2979/2979 1250/1250
f 557/557 5947/5947 7756/7756
f 7137/7137 6618/6618 7970/7970
f 2900/2900 1250/1250 839/839
f 839/839 6158/6158 2900/2900
f 3021/3021 6158/6158 839/839
f 2404/2404 839/839 1250/1250
f 6343/6343 6158/6158 3021/3021
f 372/372 6343/6343 7970/7970
f 6343/6343 372/372 6158/6158
f 7970/7970 6618/6618 372/372
f 3021/3021 839/839 2404/2404
f 3156/3156 6905/6905 2173/2173
f 6905/6905 5791/5791 2173/2173
f 5649/5649 4814/4814 1918/1918
f 935/935 4814/4814 3156/3156
f 1918/1918 6689/6689 2822/2822
f 8052/8052 7273/7273 557/557
f 1442/1442 557/557 7273/7273
f 4351/4351 7273/7273 2822/2822
f 4814/4814 935/935 1918/1918
f 1918/1918 935/935 2615/2615
f 2173/2173 935/935 3156/3156
f 2173/2173 2615/2615 935/935
f 6689/6689 1918/1918 2615/2615
f 4351/4351 2822/2822 6689/6689
f 4351/4351 1442/1442 7273/7273
f 1442/1442 4351/4351 6689/6689
f 1442/1442 6689/6689 3266/3266
f 3266/3266 6689/6689 2615/2615
f 2447/2447 5791/5791 6905/6905
f 2173/2173 5791/5791 2336/2336
f 2173/2173 2336/2336 2615/2615
f 4932/4932 2615/2615 2336/2336
f 4932/4932 1791/1791 2615/2615
f 2979/2979 5947/5947 3410/3410
f 1702/1702 3410/3410 5947/5947
f 3410/3410 1250/1250 2979/2979
f 557/557 1442/1442 1702/1702
f 557/557 1702/1702 5947/5947
f 4924/4924 1442/1442 3266/3266
f 4924/4924 1702/1702 1442/1442
f 2404/2404 1250/1250 5237/5237
f 4234/4234 2404/2404 5237/5237
f 5237/5237 1250/1250 3410/3410
f 2404/2404 4234/4234 5715/5715
f 3021/3021 2404/2404 5715/5715
f 3021/3021 5715/5715 3897/3897
f 1791/1791 3266/3266 2615/2615
f 3410/3410 1702/1702 4924/4924
f 4924/4924 4294/4294 3410/3410
f 2393/2393 4294/4294 4924/4924
f 4924/4924 3266/3266 2393/2393
f 4294/4294 5237/5237 3410/3410
f 4294/4294 4234/4234 5237/5237
f 6386/6386 327/327 4623/4623
f 4623/4623 7395/7395 6757/6757
f 6757/6757 6386/6386 4623/4623
f 327/327 6386/6386 1694/1694
f 2275/2275 1694/1694 6386/6386
f 7395/7395 3326/3326 6757/6757
f 5394/5394 1694/1694 2275/2275
f 2275/2275 852/852 5394/5394
f 7279/7279 5394/5394 852/852
f 6734/6734 7279/7279 852/852
f 3345/3345 3326/3326 7693/7693
f 3345/3345 6757/6757 3326/3326
f 3345/3345 3880/3880 6757/6757
f 3880/3880 6386/6386 6757/6757
f 3345/3345 7693/7693 5075/5075
f 2275/2275 6386/6386 2802/2802
f 265/265 852/852 5181/5181
f 265/265 6734/6734 852/852
f 5181/5181 6734/6734 265/265
f 5181/5181 852/852 2275/2275
f 6734/6734 5181/5181 2507/2507
f 5181/5181 2275/2275 2802/2802
f 2447/2447 6734/6734 379/379
f 2621/2621 3345/3345 5075/5075
f 2621/2621 3880/3880 3345/3345
f 2802/2802 6386/6386 3880/3880
f 3531/3531 6603/6603 5075/5075
f 6603/6603 2621/2621 5075/5075
f 2802/2802 767/767 5181/5181
f 6179/6179 767/767 2802/2802
f 1747/1747 2507/2507 5181/5181
f 7239/7239 2507/2507 1747/1747
f 7239/7239 6734/6734 2507/2507
f 1747/1747 5181/5181 767/767
f 5109/5109 1747/1747 767/767
f 6867/6867 7239/7239 1747/1747
f 6734/6734 7239/7239 379/379
f 379/379 5791/5791 2447/2447
f 2702/2702 2336/2336 5791/5791
f 379/379 2702/2702 5791/5791
f 7906/7906 2336/2336 2702/2702
f 7906/7906 4932/4932 2336/2336
f 3266/3266 1791/1791 2393/2393
f 1551/1551 1791/1791 4932/4932
f 2393/2393 1791/1791 3439/3439
f 3439/3439 998/998 2393/2393
f 625/625 4294/4294 2393/2393
f 2525/2525 4234/4234 4294/4294
f 2525/2525 4294/4294 625/625
f 8057/8057 4234/4234 2525/2525
f 625/625 2393/2393 998/998
f 7906/7906 1551/1551 4932/4932
f 1551/1551 7906/7906 4024/4024
f 1791/1791 1551/1551 3439/3439
f 5799/5799 4024/4024 7906/7906
f 7386/7386 3439/3439 1551/1551
f 1551/1551 4024/4024 7386/7386
f 3188/3188 998/998 3439/3439
f 3188/3188 3439/3439 7386/7386
f 2179/2179 998/998 3188/3188
f 2179/2179 625/625 998/998
f 2525/2525 625/625 2179/2179
f 661/661 2179/2179 3188/3188
f 2702/2702 5799/5799 7906/7906
f 5799/5799 2702/2702 6214/6214
f 6214/6214 6612/6612 5799/5799
f 6612/6612 7386/7386 5799/5799
f 5799/5799 7386/7386 4024/4024
f 4071/4071 7386/7386 6612/6612
f 6214/6214 4071/4071 6612/6612
f 6214/6214 2702/2702 1743/1743
f 4071/4071 3188/3188 7386/7386
f 1737/1737 4071/4071 6214/6214
f 1737/1737 6214/6214 1743/1743
f 661/661 3188/3188 4071/4071
f 661/661 4071/4071 1737/1737
f 2179/2179 661/661 2525/2525
f 661/661 1737/1737 2525/2525
f 1737/1737 1743/1743 2525/2525
f 829/829 7043/7043 3902/3902
f 6399/6399 3441/3441 7043/7043
f 3441/3441 6399/6399 2184/2184
f 829/829 3902/3902 8059/8059
f 4758/4758 829/829 8059/8059
f 6516/6516 829/829 4758/4758
f 4758/4758 8059/8059 2380/2380
f 1511/1511 1897/1897 6516/6516
f 2340/2340 1511/1511 6516/6516
f 6358/6358 6399/6399 829/829
f 6358/6358 2184/2184 6399/6399
f 7043/7043 829/829 6399/6399
f 829/829 6516/6516 6358/6358
f 1897/1897 6358/6358 6516/6516
f 1062/1062 6521/6521 266/266
f 266/266 6852/6852 1062/1062
f 3942/3942 1803/1803 88/88
f 1803/1803 1448/1448 88/88
f 6975/6975 4360/4360 6981/6981
f 6975/6975 7582/7582 4360/4360
f 4398/4398 3942/3942 6891/6891
f 3942/3942 4398/4398 1803/1803
f 6981/6981 4398/4398 6975/6975
f 2090/2090 6975/6975 4398/4398
f 6975/6975 2090/2090 180/180
f 1803/1803 6981/6981 1448/1448
f 4692/4692 4398/4398 6891/6891
f 2090/2090 4398/4398 4692/4692
f 4398/4398 6981/6981 1803/1803
f 3307/3307 7847/7847 6250/6250
f 3307/3307 6250/6250 5330/5330
f 449/449 3083/3083 4437/4437
f 449/449 4437/4437 1120/1120
f 3430/3430 3083/3083 449/449
f 3832/3832 7281/7281 3083/3083
f 3430/3430 3832/3832 3083/3083
f 4456/4456 449/449 1120/1120
f 7428/7428 3430/3430 449/449
f 7428/7428 449/449 4456/4456
f 3430/3430 7428/7428 3832/3832
f 7428/7428 6268/6268 3832/3832
f 7428/7428 3952/3952 6268/6268
f 3952/3952 7428/7428 4456/4456
f 8005/8005 6268/6268 3952/3952
f 6268/6268 7746/7746 3832/3832
f 7746/7746 6268/6268 7839/7839
f 4865/4865 7250/7250 4937/4937
f 919/919 4230/4230 7250/7250
f 7250/7250 4865/4865 919/919
f 5649/5649 6069/6069 7408/7408
f 6069/6069 4865/4865 4937/4937
f 6069/6069 4937/4937 7408/7408
f 8052/8052 4865/4865 6069/6069
f 4865/4865 8052/8052 919/919
f 8052/8052 7756/7756 919/919
f 4551/4551 6343/6343 3021/3021
f 2822/2822 6069/6069 1918/1918
f 2822/2822 8052/8052 6069/6069
f 1918/1918 6069/6069 5649/5649
f 7273/7273 8052/8052 2822/2822
f 8052/8052 557/557 7756/7756
f 4892/4892 603/603 4394/4394
f 4394/4394 603/603 4238/4238
f 6094/6094 3669/3669 235/235
f 1422/1422 3669/3669 6094/6094
f 7654/7654 1422/1422 6094/6094
f 1422/1422 7654/7654 235/235
f 1422/1422 235/235 3669/3669
f 235/235 7654/7654 6729/6729
f 4899/4899 7025/7025 235/235
f 4899/4899 1034/1034 7025/7025
f 235/235 6729/6729 4899/4899
f 6729/6729 3857/3857 4899/4899
f 3857/3857 1034/1034 4899/4899
f 5215/5215 18/18 2727/2727
f 5215/5215 4299/4299 18/18
f 5215/5215 3626/3626 4299/4299
f 5215/5215 977/977 3626/3626
f 4128/4128 4299/4299 3626/3626
f 2420/2420 4128/4128 3626/3626
f 2727/2727 977/977 5215/5215
f 977/977 3319/3319 3626/3626
f 3626/3626 3319/3319 2420/2420
f 3319/3319 2104/2104 2420/2420
f 5954/5954 2628/2628 18/18
f 2628/2628 2727/2727 18/18
f 3319/3319 977/977 7021/7021
f 7021/7021 835/835 3319/3319
f 2104/2104 3319/3319 835/835
f 7021/7021 977/977 2727/2727
f 2715/2715 2727/2727 2628/2628
f 737/737 2420/2420 2104/2104
f 274/274 2104/2104 835/835
f 274/274 6590/6590 2104/2104
f 737/737 2104/2104 6590/6590
f 7021/7021 2727/2727 2715/2715
f 2622/2622 7021/7021 2715/2715
f 835/835 7021/7021 2622/2622
f 1572/1572 274/274 835/835
f 2628/2628 2626/2626 2715/2715
f 2628/2628 5954/5954 2626/2626
f 310/310 5954/5954 1034/1034
f 3857/3857 310/310 1034/1034
f 538/538 2715/2715 2626/2626
f 2722/2722 2626/2626 5954/5954
f 2722/2722 5954/5954 7233/7233
f 6610/6610 2626/2626 2722/2722
f 2626/2626 6610/6610 538/538
f 7772/7772 5289/5289 538/538
f 7772/7772 6610/6610 4050/4050
f 7772/7772 538/538 6610/6610
f 1376/1376 5289/5289 7772/7772
f 6610/6610 2722/2722 4050/4050
f 2722/2722 4201/4201 4050/4050
f 8067/8067 4050/4050 4201/4201
f 4050/4050 8067/8067 3206/3206
f 3206/3206 7772/7772 4050/4050
f 835/835 2622/2622 1851/1851
f 538/538 2622/2622 2715/2715
f 1572/1572 835/835 1851/1851
f 1851/1851 2622/2622 538/538
f 1572/1572 1851/1851 5289/5289
f 5289/5289 1851/1851 538/538
f 274/274 5068/5068 6590/6590
f 1572/1572 5068/5068 274/274
f 5954/5954 310/310 7233/7233
f 310/310 3860/3860 7233/7233
f 3115/3115 7233/7233 7976/7976
f 697/697 7976/7976 7233/7233
f 697/697 7233/7233 3860/3860
f 7233/7233 3115/3115 2722/2722
f 2722/2722 3115/3115 4201/4201
f 4201/4201 3115/3115 477/477
f 7976/7976 2965/2965 3115/3115
f 477/477 3115/3115 2965/2965
f 477/477 8067/8067 4201/4201
f 7773/7773 8067/8067 477/477
f 3206/3206 8067/8067 7773/7773
f 7773/7773 477/477 2965/2965
f 5256/5256 7773/7773 2965/2965
f 2965/2965 466/466 5256/5256
f 334/334 7773/7773 5256/5256
f 7772/7772 7974/7974 1376/1376
f 7974/7974 7772/7772 3206/3206
f 3206/3206 7773/7773 1202/1202
f 1202/1202 7974/7974 3206/3206
f 4509/4509 1376/1376 7974/7974
f 7974/7974 6197/6197 4509/4509
f 5091/5091 6347/6347 5620/5620
f 5620/5620 6754/6754 6366/6366
f 1572/1572 5289/5289 5015/5015
f 5289/5289 1376/1376 5015/5015
f 7244/7244 5015/5015 1376/1376
f 7244/7244 1376/1376 4509/4509
f 566/566 7244/7244 4509/4509
f 6347/6347 5091/5091 566/566
f 7170/7170 3663/3663 7244/7244
f 566/566 3725/3725 7170/7170
f 566/566 5091/5091 3725/3725
f 5091/5091 5071/5071 3725/3725
f 566/566 7170/7170 7244/7244
f 5620/5620 6366/6366 5091/5091
f 5071/5071 5091/5091 6366/6366
f 7170/7170 3725/3725 5071/5071
f 7170/7170 5071/5071 4955/4955
f 4955/4955 5071/5071 6366/6366
f 4955/4955 3663/3663 7170/7170
f 1353/1353 3663/3663 4955/4955
f 697/697 3860/3860 6979/6979
f 3861/3861 7976/7976 697/697
f 466/466 2965/2965 7976/7976
f 3861/3861 466/466 7976/7976
f 6155/6155 5256/5256 466/466
f 6155/6155 466/466 3861/3861
f 2465/2465 6155/6155 3861/3861
f 2465/2465 3861/3861 7212/7212
f 4875/4875 5256/5256 6155/6155
f 5987/5987 3035/3035 6155/6155
f 5987/5987 6155/6155 2465/2465
f 3861/3861 697/697 7212/7212
f 2465/2465 7212/7212 7798/7798
f 1323/1323 7212/7212 697/697
f 1323/1323 7798/7798 7212/7212
f 7798/7798 1323/1323 627/627
f 627/627 1323/1323 6275/6275
f 2465/2465 7798/7798 523/523
f 5987/5987 2465/2465 523/523
f 523/523 7798/7798 627/627
f 5987/5987 6754/6754 3035/3035
f 523/523 4955/4955 5987/5987
f 3708/3708 523/523 627/627
f 6979/6979 3860/3860 6715/6715
f 6715/6715 1719/1719 6979/6979
f 1323/1323 697/697 6979/6979
f 6275/6275 1323/1323 1719/1719
f 1323/1323 6979/6979 1719/1719
f 1719/1719 627/627 6275/6275
f 3708/3708 627/627 610/610
f 6754/6754 5987/5987 4955/4955
f 3708/3708 610/610 2318/2318
f 6708/6708 2318/2318 610/610
f 4955/4955 6366/6366 6754/6754
f 3708/3708 4955/4955 523/523
f 3708/3708 301/301 4955/4955
f 6715/6715 6522/6522 1719/1719
f 5073/5073 1719/1719 6522/6522
f 1719/1719 5073/5073 627/627
f 6522/6522 3327/3327 5073/5073
f 610/610 627/627 5073/5073
f 610/610 5073/5073 2398/2398
f 6522/6522 6715/6715 1792/1792
f 1792/1792 6013/6013 6522/6522
f 6013/6013 3327/3327 6522/6522
f 5073/5073 3327/3327 6013/6013
f 5073/5073 6013/6013 6647/6647
f 2398/2398 5073/5073 6647/6647
f 5040/5040 1792/1792 6715/6715
f 1792/1792 5040/5040 2156/2156
f 1792/1792 2156/2156 461/461
f 1792/1792 461/461 6013/6013
f 5795/5795 6013/6013 461/461
f 6647/6647 6013/6013 5795/5795
f 5830/5830 5795/5795 3356/3356
f 2398/2398 6647/6647 5056/5056
f 5795/5795 5056/5056 6647/6647
f 5830/5830 5056/5056 5795/5795
f 5056/5056 3130/3130 2398/2398
f 3130/3130 6842/6842 2398/2398
f 5056/5056 5830/5830 3130/3130
f 6842/6842 610/610 2398/2398
f 2097/2097 3356/3356 2156/2156
f 1067/1067 2156/2156 815/815
f 2097/2097 2156/2156 1067/1067
f 3356/3356 461/461 2156/2156
f 5795/5795 461/461 3356/3356
f 2522/2522 3356/3356 2097/2097
f 2522/2522 5830/5830 3356/3356
f 2097/2097 1067/1067 6418/6418
f 6418/6418 2522/2522 2097/2097
f 3146/3146 6418/6418 1067/1067
f 1198/1198 2522/2522 6418/6418
f 3146/3146 843/843 1198/1198
f 1198/1198 6418/6418 3146/3146
f 5408/5408 1198/1198 843/843
f 1634/1634 7767/7767 1198/1198
f 4262/4262 1634/1634 5408/5408
f 5408/5408 1634/1634 1198/1198
f 4262/4262 2964/2964 1547/1547
f 1547/1547 1634/1634 4262/4262
f 6089/6089 2742/2742 1634/1634
f 1547/1547 6089/6089 1634/1634
f 7045/7045 6089/6089 1547/1547
f 7045/7045 4106/4106 6089/6089
f 2003/2003 5015/5015 7244/7244
f 1572/1572 5015/5015 2003/2003
f 2003/2003 7244/7244 6812/6812
f 6812/6812 7244/7244 4683/4683
f 4683/4683 7244/7244 3663/3663
f 4683/4683 3663/3663 1353/1353
f 4683/4683 1353/1353 2941/2941
f 1353/1353 1013/1013 2941/2941
f 4277/4277 4450/4450 5068/5068
f 4277/4277 5068/5068 1572/1572
f 1572/1572 2003/2003 4277/4277
f 4450/4450 4277/4277 133/133
f 5463/5463 133/133 3172/3172
f 3416/3416 2144/2144 3927/3927
f 5463/5463 3172/3172 5189/5189
f 2144/2144 5189/5189 4971/4971
f 4868/4868 4277/4277 2003/2003
f 4277/4277 4868/4868 4948/4948
f 6812/6812 4131/4131 4868/4868
f 6812/6812 4868/4868 2003/2003
f 4683/4683 4131/4131 6812/6812
f 4948/4948 4868/4868 4131/4131
f 4131/4131 4338/4338 4948/4948
f 4683/4683 4338/4338 4131/4131
f 4338/4338 4683/4683 2941/2941
f 2941/2941 5544/5544 4338/4338
f 1013/1013 5544/5544 2941/2941
f 1013/1013 1668/1668 5555/5555
f 4948/4948 4338/4338 1666/1666
f 133/133 4277/4277 4948/4948
f 279/279 4948/4948 1666/1666
f 279/279 133/133 4948/4948
f 4650/4650 4338/4338 5544/5544
f 4650/4650 1666/1666 4338/4338
f 4650/4650 279/279 1666/1666
f 4650/4650 7208/7208 279/279
f 1013/1013 5555/5555 5544/5544
f 5544/5544 5555/5555 4650/4650
f 4650/4650 5555/5555 7208/7208
f 133/133 279/279 7208/7208
f 301/301 3708/3708 2318/2318
f 1353/1353 4955/4955 1013/1013
f 4955/4955 301/301 1013/1013
f 5538/5538 2318/2318 6708/6708
f 5538/5538 301/301 2318/2318
f 301/301 1668/1668 1013/1013
f 301/301 5538/5538 1668/1668
f 6708/6708 610/610 6842/6842
f 3911/3911 3130/3130 5830/5830
f 3130/3130 3911/3911 8055/8055
f 8055/8055 1940/1940 3278/3278
f 3278/3278 3130/3130 8055/8055
f 3130/3130 5102/5102 6842/6842
f 3278/3278 3616/3616 3130/3130
f 7363/7363 3616/3616 3278/3278
f 3616/3616 5102/5102 3130/3130
f 6842/6842 257/257 6708/6708
f 4185/4185 5538/5538 6708/6708
f 257/257 4185/4185 6708/6708
f 257/257 6842/6842 5102/5102
f 7999/7999 5102/5102 3616/3616
f 309/309 4185/4185 257/257
f 5102/5102 309/309 257/257
f 309/309 3792/3792 4185/4185
f 7999/7999 3616/3616 4268/4268
f 4879/4879 2127/2127 4268/4268
f 5555/5555 1668/1668 5538/5538
f 5555/5555 5538/5538 7208/7208
f 7208/7208 5538/5538 4185/4185
f 7208/7208 4185/4185 6817/6817
f 3008/3008 1063/1063 3633/3633
f 3633/3633 1063/1063 3906/3906
f 3325/3325 3906/3906 6831/6831
f 5801/5801 3906/3906 3325/3325
f 4548/4548 3906/3906 5801/5801
f 5801/5801 3325/3325 6076/6076
f 7459/7459 6076/6076 3325/3325
f 6076/6076 7459/7459 4522/4522
f 6076/6076 4522/4522 2134/2134
f 6076/6076 2134/2134 5658/5658
f 3153/3153 6076/6076 5658/5658
f 2604/2604 3075/3075 6773/6773
f 6490/6490 5322/5322 2604/2604
f 6448/6448 6490/6490 3243/3243
f 3927/3927 2144/2144 244/244
f 244/244 2144/2144 4971/4971
f 244/244 4971/4971 5457/5457
f 7017/7017 5457/5457 4971/4971
f 5457/5457 1179/1179 244/244
f 5457/5457 7017/7017 7984/7984
f 4861/4861 3656/3656 3416/3416
f 4861/4861 3416/3416 3927/3927
f 3265/3265 3656/3656 4861/4861
f 3265/3265 3927/3927 244/244
f 3265/3265 4861/4861 3927/3927
f 3265/3265 244/244 1179/1179
f 3656/3656 3265/3265 1696/1696
f 1179/1179 5457/5457 7984/7984
f 7984/7984 7882/7882 1179/1179
f 4613/4613 1696/1696 7882/7882
f 7017/7017 4971/4971 5189/5189
f 1701/1701 7017/7017 5189/5189
f 7127/7127 7017/7017 1701/1701
f 7984/7984 7017/7017 7882/7882
f 7017/7017 7127/7127 7882/7882
f 1701/1701 5189/5189 2603/2603
f 2603/2603 5888/5888 1701/1701
f 5888/5888 2603/2603 5475/5475
f 5888/5888 7127/7127 1701/1701
f 7882/7882 7127/7127 5888/5888
f 2603/2603 5189/5189 683/683
f 6985/6985 2603/2603 683/683
f 7882/7882 5888/5888 5475/5475
f 4613/4613 7882/7882 5475/5475
f 683/683 5707/5707 6985/6985
f 5475/5475 2603/2603 6985/6985
f 5475/5475 6985/6985 1300/1300
f 1300/1300 4613/4613 5475/5475
f 6985/6985 5707/5707 1300/1300
f 5707/5707 3602/3602 1300/1300
f 1269/1269 5842/5842 1696/1696
f 1269/1269 1696/1696 4613/4613
f 1763/1763 4613/4613 5989/5989
f 2166/2166 4613/4613 1763/1763
f 4069/4069 1793/1793 321/321
f 5084/5084 321/321 1455/1455
f 1455/1455 321/321 1793/1793
f 1793/1793 4069/4069 3172/3172
f 683/683 5189/5189 321/321
f 4069/4069 5189/5189 3172/3172
f 683/683 321/321 7413/7413
f 5707/5707 683/683 7413/7413
f 321/321 5189/5189 4069/4069
f 7413/7413 321/321 5404/5404
f 6907/6907 7413/7413 5404/5404
f 5707/5707 7413/7413 3602/3602
f 6907/6907 3602/3602 7413/7413
f 6907/6907 5404/5404 6365/6365
f 5404/5404 684/684 6365/6365
f 4862/4862 5404/5404 321/321
f 4862/4862 684/684 5404/5404
f 321/321 5084/5084 4862/4862
f 1853/1853 3602/3602 6907/6907
f 6365/6365 684/684 7358/7358
f 157/157 459/459 6365/6365
f 6365/6365 7358/7358 157/157
f 1853/1853 6907/6907 6365/6365
f 7758/7758 1853/1853 6365/6365
f 459/459 7758/7758 6365/6365
f 5989/5989 1853/1853 7758/7758
f 7758/7758 459/459 157/157
f 7758/7758 157/157 6779/6779
f 1763/1763 5989/5989 3653/3653
f 3653/3653 5989/5989 4676/4676
f 374/374 4676/4676 6779/6779
f 7620/7620 3653/3653 4676/4676
f 7620/7620 4676/4676 374/374
f 5084/5084 7358/7358 4862/4862
f 7358/7358 684/684 4862/4862
f 2291/2291 157/157 7358/7358
f 6779/6779 157/157 2291/2291
f 7358/7358 5084/5084 2291/2291
f 6818/6818 2291/2291 5084/5084
f 1455/1455 13/13 5084/5084
f 13/13 6818/6818 5084/5084
f 6850/6850 6818/6818 13/13
f 6850/6850 2291/2291 6818/6818
f 6779/6779 2291/2291 6969/6969
f 374/374 6779/6779 6969/6969
f 2083/2083 6969/6969 2291/2291
f 7809/7809 2291/2291 6850/6850
f 6850/6850 13/13 7809/7809
f 5526/5526 7809/7809 13/13
f 2083/2083 2291/2291 7809/7809
f 240/240 2083/2083 7809/7809
f 7809/7809 5526/5526 6995/6995
f 240/240 7809/7809 6995/6995
f 7936/7936 7620/7620 374/374
f 2192/2192 6969/6969 2083/2083
f 2192/2192 374/374 6969/6969
f 2083/2083 5299/5299 2192/2192
f 7936/7936 374/374 2192/2192
f 2083/2083 240/240 5299/5299
f 2192/2192 5299/5299 4672/4672
f 1870/1870 4672/4672 5299/5299
f 3792/3792 6817/6817 4185/4185
f 1959/1959 309/309 3983/3983
f 3983/3983 309/309 5102/5102
f 3792/3792 309/309 1959/1959
f 6817/6817 3792/3792 6369/6369
f 7999/7999 3983/3983 5102/5102
f 3983/3983 7999/7999 2043/2043
f 1959/1959 3983/3983 2043/2043
f 6037/6037 7999/7999 4268/4268
f 4168/4168 2043/2043 6037/6037
f 6037/6037 2653/2653 4168/4168
f 1959/1959 2043/2043 4168/4168
f 4168/4168 3792/3792 1959/1959
f 6369/6369 3792/3792 4168/4168
f 6369/6369 4168/4168 2653/2653
f 2043/2043 7999/7999 6037/6037
f 6037/6037 4268/4268 2127/2127
f 6037/6037 2127/2127 5601/5601
f 2653/2653 6037/6037 5601/5601
f 5601/5601 6369/6369 2653/2653
f 6817/6817 6369/6369 3317/3317
f 430/430 3153/3153 4174/4174
f 3075/3075 3153/3153 430/430
f 3075/3075 430/430 6773/6773
f 430/430 6083/6083 2312/2312
f 2604/2604 6773/6773 4457/4457
f 3243/3243 2604/2604 4457/4457
f 7330/7330 4457/4457 2312/2312
f 6490/6490 2604/2604 3243/3243
f 3243/3243 4457/4457 7706/7706
f 5687/5687 6448/6448 3243/3243
f 5687/5687 3243/3243 7706/7706
f 7706/7706 4457/4457 7330/7330
f 7330/7330 410/410 7706/7706
f 410/410 7330/7330 4197/4197
f 8054/8054 3644/3644 6005/6005
f 4196/4196 8054/8054 6005/6005
f 6641/6641 4196/4196 2050/2050
f 2050/2050 7570/7570 6641/6641
f 4197/4197 7330/7330 1191/1191
f 8054/8054 6641/6641 1191/1191
f 1191/1191 6641/6641 4197/4197
f 7570/7570 3646/3646 6641/6641
f 430/430 4174/4174 4113/4113
f 4113/4113 3382/3382 430/430
f 430/430 3382/3382 1882/1882
f 6083/6083 430/430 1882/1882
f 5548/5548 6005/6005 6083/6083
f 6005/6005 5548/5548 5418/5418
f 6005/6005 5418/5418 4196/4196
f 4196/4196 5418/5418 2050/2050
f 3680/3680 2050/2050 5418/5418
f 2050/2050 7159/7159 7570/7570
f 7997/7997 7570/7570 7159/7159
f 7570/7570 7997/7997 3646/3646
f 7997/7997 6865/6865 354/354
f 7575/7575 7159/7159 2050/2050
f 6817/6817 133/133 7208/7208
f 1455/1455 1793/1793 3387/3387
f 3387/3387 3683/3683 1455/1455
f 2390/2390 1793/1793 3172/3172
f 3172/3172 133/133 6817/6817
f 3387/3387 1793/1793 3569/3569
f 3569/3569 4392/4392 3387/3387
f 3387/3387 4392/4392 3683/3683
f 3683/3683 4392/4392 3630/3630
f 4392/4392 383/383 3630/3630
f 2283/2283 1793/1793 2390/2390
f 3337/3337 3569/3569 2283/2283
f 3569/3569 1793/1793 2283/2283
f 4392/4392 3569/3569 2098/2098
f 2098/2098 3569/3569 4288/4288
f 383/383 4392/4392 2098/2098
f 4288/4288 3569/3569 3337/3337
f 4288/4288 7540/7540 2098/2098
f 2755/2755 4288/4288 3337/3337
f 2755/2755 3337/3337 2283/2283
f 5526/5526 13/13 1455/1455
f 1455/1455 3683/3683 5526/5526
f 713/713 3683/3683 3630/3630
f 3172/3172 4546/4546 2390/2390
f 383/383 7540/7540 106/106
f 7540/7540 383/383 2098/2098
f 6909/6909 6524/6524 1884/1884
f 548/548 6524/6524 2755/2755
f 1884/1884 6524/6524 548/548
f 7623/7623 240/240 6995/6995
f 1870/1870 240/240 7623/7623
f 3466/3466 7623/7623 6995/6995
f 3466/3466 6995/6995 713/713
f 1870/1870 7623/7623 3466/3466
f 3466/3466 7614/7614 1870/1870
f 3630/3630 3466/3466 713/713
f 3466/3466 3630/3630 383/383
f 106/106 3466/3466 383/383
f 7614/7614 3466/3466 6276/6276
f 6276/6276 3466/3466 106/106
f 6909/6909 6276/6276 106/106
f 6753/6753 1870/1870 7614/7614
f 4012/4012 1870/1870 6753/6753
f 4012/4012 4672/4672 1870/1870
f 5694/5694 6276/6276 6909/6909
f 1884/1884 5694/5694 6909/6909
f 1884/1884 548/548 481/481
f 2283/2283 2390/2390 4546/4546
f 2283/2283 4546/4546 1471/1471
f 5940/5940 2755/2755 2283/2283
f 548/548 2755/2755 5940/5940
f 1471/1471 5940/5940 2283/2283
f 3172/3172 6817/6817 3317/3317
f 4546/4546 3172/3172 1228/1228
f 1471/1471 4546/4546 1228/1228
f 3928/3928 548/548 5940/5940
f 2905/2905 3076/3076 5940/5940
f 7391/7391 366/366 5171/5171
f 366/366 3911/3911 5171/5171
f 3911/3911 366/366 8055/8055
f 1940/1940 8055/8055 366/366
f 1940/1940 366/366 7391/7391
f 7391/7391 1634/1634 7662/7662
f 7662/7662 1634/1634 4879/4879
f 1940/1940 7391/7391 7662/7662
f 1940/1940 7662/7662 4879/4879
f 2742/2742 4879/4879 1634/1634
f 2742/2742 7438/7438 4879/4879
f 7438/7438 6089/6089 4106/4106
f 2742/2742 6089/6089 7438/7438
f 7438/7438 4106/4106 1605/1605
f 7045/7045 1605/1605 4106/4106
f 7045/7045 4594/4594 1605/1605
f 828/828 7438/7438 1605/1605
f 828/828 6008/6008 7438/7438
f 7363/7363 3278/3278 1940/1940
f 7363/7363 1940/1940 4879/4879
f 2309/2309 4879/4879 7438/7438
f 7438/7438 6008/6008 2309/2309
f 5819/5819 828/828 6618/6618
f 6008/6008 828/828 5819/5819
f 5819/5819 6618/6618 7137/7137
f 4268/4268 3616/3616 7363/7363
f 7363/7363 4879/4879 4268/4268
f 2146/2146 6343/6343 4551/4551
f 2146/2146 6326/6326 7137/7137
f 7137/7137 6326/6326 5819/5819
f 3021/3021 3897/3897 4551/4551
f 7301/7301 3317/3317 6008/6008
f 5819/5819 7301/7301 6008/6008
f 1201/1201 4551/4551 3897/3897
f 4551/4551 1201/1201 2146/2146
f 1201/1201 6326/6326 2146/2146
f 1201/1201 5557/5557 6326/6326
f 4524/4524 1201/1201 3897/3897
f 4524/4524 5557/5557 1201/1201
f 7351/7351 5819/5819 6326/6326
f 7351/7351 7301/7301 5819/5819
f 2309/2309 2248/2248 2127/2127
f 4879/4879 2309/2309 2127/2127
f 2309/2309 4690/4690 2248/2248
f 4690/4690 2309/2309 6008/6008
f 6686/6686 4690/4690 6008/6008
f 5601/5601 2127/2127 2248/2248
f 4690/4690 5601/5601 2248/2248
f 4690/4690 6686/6686 5601/5601
f 6686/6686 6008/6008 3317/3317
f 6686/6686 6369/6369 5601/5601
f 3317/3317 6369/6369 6686/6686
f 3317/3317 7301/7301 5821/5821
f 5715/5715 4234/4234 8057/8057
f 5821/5821 7301/7301 7351/7351
f 6025/6025 5821/5821 7351/7351
f 3172/3172 3317/3317 1946/1946
f 2143/2143 5715/5715 446/446
f 4524/4524 3897/3897 2143/2143
f 5715/5715 8057/8057 446/446
f 1743/1743 8057/8057 2525/2525
f 1652/1652 446/446 8057/8057
f 3317/3317 5821/5821 7126/7126
f 1688/1688 5821/5821 6025/6025
f 7126/7126 5821/5821 1688/1688
f 2728/2728 5557/5557 4524/4524
f 1946/1946 5872/5872 3172/3172
f 7126/7126 1946/1946 3317/3317
f 1946/1946 7126/7126 2196/2196
f 5872/5872 6954/6954 3684/3684
f 5036/5036 5872/5872 1946/1946
f 5036/5036 1946/1946 2196/2196
f 6954/6954 5872/5872 5036/5036
f 1540/1540 3684/3684 6954/6954
f 2143/2143 2728/2728 4524/4524
f 6025/6025 5557/5557 2728/2728
f 220/220 6025/6025 2728/2728
f 7052/7052 2143/2143 967/967
f 7052/7052 2728/2728 2143/2143
f 7052/7052 220/220 2728/2728
f 3762/3762 7052/7052 5732/5732
f 3762/3762 220/220 7052/7052
f 3762/3762 5732/5732 3638/3638
f 6667/6667 7052/7052 967/967
f 1688/1688 2196/2196 7126/7126
f 1688/1688 303/303 2196/2196
f 303/303 1688/1688 220/220
f 2196/2196 303/303 7175/7175
f 3762/3762 303/303 220/220
f 303/303 3762/3762 7175/7175
f 7175/7175 5036/5036 2196/2196
f 5036/5036 7175/7175 6954/6954
f 4938/4938 6954/6954 7175/7175
f 3638/3638 7175/7175 3762/3762
f 7175/7175 1462/1462 4938/4938
f 3638/3638 1462/1462 7175/7175
f 5872/5872 1228/1228 3172/3172
f 1471/1471 1228/1228 5872/5872
f 1229/1229 5940/5940 1471/1471
f 2905/2905 5940/5940 6174/6174
f 6174/6174 5940/5940 1229/1229
f 3684/3684 1229/1229 1471/1471
f 3684/3684 1471/1471 5872/5872
f 1229/1229 3684/3684 2085/2085
f 1202/1202 7773/7773 334/334
f 6197/6197 7974/7974 1202/1202
f 6197/6197 1202/1202 334/334
f 5256/5256 4875/4875 334/334
f 1143/1143 334/334 4875/4875
f 6197/6197 334/334 1143/1143
f 6347/6347 4509/4509 6197/6197
f 6347/6347 6197/6197 1143/1143
f 3035/3035 6754/6754 1143/1143
f 5620/5620 6347/6347 1143/1143
f 1143/1143 6754/6754 5620/5620
f 6347/6347 566/566 4509/4509
f 6155/6155 3035/3035 4875/4875
f 1143/1143 4875/4875 3035/3035
f 1198/1198 3293/3293 2522/2522
f 3293/3293 5830/5830 2522/2522
f 7767/7767 3293/3293 1198/1198
f 5349/5349 7191/7191 51/51
f 51/51 442/442 326/326
f 9/9 4583/4583 3805/3805
f 2095/2095 326/326 2058/2058
f 398/398 326/326 2095/2095
f 3805/3805 2095/2095 9/9
f 4583/4583 1161/1161 2353/2353
f 1102/1102 2353/2353 2832/2832
f 7232/7232 4583/4583 2353/2353
f 3805/3805 4583/4583 7232/7232
f 7232/7232 2353/2353 1102/1102
f 1669/1669 3805/3805 7232/7232
f 1669/1669 2227/2227 3805/3805
f 1669/1669 7232/7232 3112/3112
f 1102/1102 823/823 5272/5272
f 5272/5272 390/390 1102/1102
f 3112/3112 7232/7232 1102/1102
f 1102/1102 390/390 3112/3112
f 5272/5272 5092/5092 390/390
f 6709/6709 5272/5272 4597/4597
f 6709/6709 5092/5092 5272/5272
f 5092/5092 6709/6709 2784/2784
f 2784/2784 6709/6709 937/937
f 2784/2784 6180/6180 5092/5092
f 5834/5834 2784/2784 937/937
f 390/390 5092/5092 6180/6180
f 4441/4441 1669/1669 3112/3112
f 2780/2780 1669/1669 3213/3213
f 3213/3213 1669/1669 4441/4441
f 390/390 4388/4388 4441/4441
f 3213/3213 4441/4441 4388/4388
f 979/979 2926/2926 5659/5659
f 3665/3665 6398/6398 33/33
f 979/979 4114/4114 7857/7857
f 7857/7857 4114/4114 33/33
f 33/33 6398/6398 7857/7857
f 96/96 979/979 4479/4479
f 4479/4479 979/979 3117/3117
f 3117/3117 979/979 7857/7857
f 6398/6398 3117/3117 7857/7857
f 5719/5719 33/33 4114/4114
f 5719/5719 3665/3665 33/33
f 2726/2726 7051/7051 9/9
f 7051/7051 6401/6401 4044/4044
f 7051/7051 4044/4044 9/9
f 5828/5828 9/9 4044/4044
f 6401/6401 2926/2926 4044/4044
f 3665/3665 3117/3117 6398/6398
f 5726/5726 2726/2726 9/9
f 6482/6482 5383/5383 3665/3665
f 4442/4442 3665/3665 5383/5383
f 6124/6124 5383/5383 5871/5871
f 6124/6124 4442/4442 5383/5383
f 2337/2337 6124/6124 5871/5871
f 7864/7864 1834/1834 4442/4442
f 7493/7493 7864/7864 4442/4442
f 2926/2926 979/979 96/96
f 2926/2926 96/96 396/396
f 2057/2057 5828/5828 2926/2926
f 396/396 2994/2994 2926/2926
f 2926/2926 2994/2994 2057/2057
f 6999/6999 96/96 4479/4479
f 3117/3117 5047/5047 4479/4479
f 3665/3665 5047/5047 3117/3117
f 4479/4479 5047/5047 6999/6999
f 6999/6999 396/396 96/96
f 4936/4936 5047/5047 3665/3665
f 1781/1781 396/396 1988/1988
f 396/396 6999/6999 2463/2463
f 2463/2463 6999/6999 5047/5047
f 2463/2463 5047/5047 3941/3941
f 1988/1988 396/396 2463/2463
f 3941/3941 1988/1988 2463/2463
f 4583/4583 2057/2057 2994/2994
f 9/9 2057/2057 4583/4583
f 3941/3941 5047/5047 4936/4936
f 4442/4442 4936/4936 3665/3665
f 1834/1834 4936/4936 4442/4442
f 8036/8036 4936/4936 1834/1834
f 2058/2058 5726/5726 9/9
f 2446/2446 5726/5726 209/209
f 183/183 5726/5726 2058/2058
f 183/183 209/209 5726/5726
f 7191/7191 209/209 183/183
f 7191/7191 2446/2446 209/209
f 442/442 7191/7191 183/183
f 51/51 7191/7191 442/442
f 442/442 183/183 2058/2058
f 5362/5362 7493/7493 6124/6124
f 7864/7864 7493/7493 6991/6991
f 5362/5362 6991/6991 7493/7493
f 2095/2095 2058/2058 9/9
f 1516/1516 1834/1834 7864/7864
f 8036/8036 1834/1834 1516/1516
f 8036/8036 3941/3941 4936/4936
f 1254/1254 3941/3941 8036/8036
f 1254/1254 8036/8036 1516/1516
f 4794/4794 1254/1254 1516/1516
f 2337/2337 1949/1949 5362/5362
f 1949/1949 2337/2337 3819/3819
f 1656/1656 5362/5362 1949/1949
f 6991/6991 5362/5362 1656/1656
f 1656/1656 1949/1949 7672/7672
f 2008/2008 1949/1949 243/243
f 2008/2008 243/243 1264/1264
f 2008/2008 7672/7672 1949/1949
f 5324/5324 7672/7672 2008/2008
f 4652/4652 1656/1656 7672/7672
f 4652/4652 7672/7672 5324/5324
f 4652/4652 6991/6991 1656/1656
f 1781/1781 4097/4097 396/396
f 676/676 4097/4097 1781/1781
f 406/406 1781/1781 1988/1988
f 406/406 676/676 1781/1781
f 406/406 1988/1988 3941/3941
f 1161/1161 4097/4097 7104/7104
f 1161/1161 7104/7104 2353/2353
f 7409/7409 4097/4097 676/676
f 406/406 7409/7409 676/676
f 7104/7104 4097/4097 4691/4691
f 7409/7409 4691/4691 4097/4097
f 4691/4691 2832/2832 7104/7104
f 5704/5704 406/406 3941/3941
f 5704/5704 7409/7409 406/406
f 7104/7104 2832/2832 2353/2353
f 6725/6725 2832/2832 4691/4691
f 7409/7409 6725/6725 4691/4691
f 4223/4223 2832/2832 6725/6725
f 4863/4863 6725/6725 7409/7409
f 7409/7409 5704/5704 4863/4863
f 823/823 2832/2832 4223/4223
f 6725/6725 3526/3526 4223/4223
f 4863/4863 3526/3526 6725/6725
f 823/823 4223/4223 6712/6712
f 6712/6712 4223/4223 3526/3526
f 3154/3154 823/823 6712/6712
f 3154/3154 6712/6712 3526/3526
f 3154/3154 3526/3526 4863/4863
f 3154/3154 7716/7716 823/823
f 7716/7716 5272/5272 823/823
f 7716/7716 3154/3154 4597/4597
f 937/937 4597/4597 3154/3154
f 7716/7716 4597/4597 5272/5272
f 1254/1254 5704/5704 3941/3941
f 7971/7971 5704/5704 1254/1254
f 3448/3448 5704/5704 7971/7971
f 7671/7671 1156/1156 7971/7971
f 1156/1156 3282/3282 7971/7971
f 4794/4794 7671/7671 1254/1254
f 7671/7671 7971/7971 1254/1254
f 7671/7671 2850/2850 1750/1750
f 937/937 4863/4863 5704/5704
f 4863/4863 937/937 3154/3154
f 5704/5704 7947/7947 937/937
f 3448/3448 7947/7947 5704/5704
f 937/937 6709/6709 4597/4597
f 6186/6186 3448/3448 7971/7971
f 3282/3282 6186/6186 7971/7971
f 2784/2784 5834/5834 6180/6180
f 390/390 6180/6180 6462/6462
f 4388/4388 390/390 6462/6462
f 7687/7687 5834/5834 229/229
f 2972/2972 6462/6462 6180/6180
f 6462/6462 2972/2972 916/916
f 916/916 2972/2972 1104/1104
f 916/916 5426/5426 6462/6462
f 5834/5834 7687/7687 2972/2972
f 5834/5834 2972/2972 6180/6180
f 1104/1104 2972/2972 1414/1414
f 7687/7687 1414/1414 2972/2972
f 586/586 916/916 403/403
f 403/403 916/916 1104/1104
f 229/229 1414/1414 7687/7687
f 2428/2428 1104/1104 1414/1414
f 2428/2428 1414/1414 229/229
f 2428/2428 403/403 1104/1104
f 403/403 1980/1980 586/586
f 403/403 2428/2428 229/229
f 5426/5426 4388/4388 6462/6462
f 5426/5426 5579/5579 4295/4295
f 5770/5770 5426/5426 7166/7166
f 5426/5426 346/346 5579/5579
f 586/586 7166/7166 916/916
f 5770/5770 7166/7166 7116/7116
f 3226/3226 7166/7166 586/586
f 1980/1980 3226/3226 586/586
f 229/229 1980/1980 403/403
f 7947/7947 1980/1980 229/229
f 5426/5426 5770/5770 4774/4774
f 7116/7116 7166/7166 3226/3226
f 5770/5770 7116/7116 774/774
f 7116/7116 3226/3226 774/774
f 7446/7446 774/774 3226/3226
f 7446/7446 3226/3226 1980/1980
f 6549/6549 5770/5770 774/774
f 7947/7947 7446/7446 1980/1980
f 3400/3400 729/729 6549/6549
f 2218/2218 5770/5770 6549/6549
f 6549/6549 729/729 2218/2218
f 5770/5770 2215/2215 4774/4774
f 6549/6549 774/774 3400/3400
f 7446/7446 3400/3400 774/774
f 7446/7446 729/729 3400/3400
f 5770/5770 2218/2218 2215/2215
f 729/729 6525/6525 2218/2218
f 7446/7446 6525/6525 729/729
f 6525/6525 2215/2215 2218/2218
f 937/937 229/229 5834/5834
f 229/229 937/937 7947/7947
f 4164/4164 7947/7947 3448/3448
f 6186/6186 4164/4164 3448/3448
f 5840/5840 4347/4347 5958/5958
f 4347/4347 6109/6109 5958/5958
f 5840/5840 5958/5958 4386/4386
f 945/945 5840/5840 4386/4386
f 6611/6611 945/945 4386/4386
f 3654/3654 945/945 6594/6594
f 6611/6611 6594/6594 945/945
f 3137/3137 6109/6109 5342/5342
f 100/100 5342/5342 6109/6109
f 4890/4890 4386/4386 5958/5958
f 434/434 6611/6611 2490/2490
f 4386/4386 2490/2490 6611/6611
f 2490/2490 4386/4386 4890/4890
f 4890/4890 7747/7747 2490/2490
f 2957/2957 4890/4890 6109/6109
f 2957/2957 6109/6109 3137/3137
f 1699/1699 2022/2022 634/634
f 2508/2508 1699/1699 634/634
f 100/100 5318/5318 5057/5057
f 634/634 5318/5318 1867/1867
f 634/634 2022/2022 5318/5318
f 5318/5318 100/100 1867/1867
f 5641/5641 2295/2295 5349/5349
f 4120/4120 5349/5349 1523/1523
f 5349/5349 4120/4120 5641/5641
f 4822/4822 4120/4120 5057/5057
f 2778/2778 5057/5057 1523/1523
f 1523/1523 5057/5057 4120/4120
f 1523/1523 51/51 2778/2778
f 85/85 5641/5641 4120/4120
f 85/85 4120/4120 4822/4822
f 1699/1699 85/85 2022/2022
f 4822/4822 2022/2022 85/85
f 2022/2022 4822/4822 5318/5318
f 5318/5318 4822/4822 5057/5057
f 5057/5057 3828/3828 100/100
f 51/51 326/326 398/398
f 398/398 2095/2095 127/127
f 51/51 398/398 127/127
f 127/127 2095/2095 3805/3805
f 51/51 127/127 2721/2721
f 2778/2778 3828/3828 5057/5057
f 2724/2724 5179/5179 2508/2508
f 2724/2724 1726/1726 1865/1865
f 1560/1560 620/620 2508/2508
f 620/620 2724/2724 2508/2508
f 1726/1726 2724/2724 620/620
f 4657/4657 2508/2508 634/634
f 634/634 1867/1867 4657/4657
f 1867/1867 4347/4347 4657/4657
f 1560/1560 2508/2508 4657/4657
f 1867/1867 6109/6109 4347/4347
f 6109/6109 1867/1867 100/100
f 1560/1560 4347/4347 5840/5840
f 1560/1560 4657/4657 4347/4347
f 945/945 1560/1560 5840/5840
f 1560/1560 3654/3654 620/620
f 3821/3821 1865/1865 1726/1726
f 1726/1726 620/620 3654/3654
f 6576/6576 4241/4241 3821/3821
f 6162/6162 3821/3821 1726/1726
f 3654/3654 1560/1560 945/945
f 3296/3296 3654/3654 6594/6594
f 5179/5179 1865/1865 4241/4241
f 1865/1865 5179/5179 2724/2724
f 100/100 5671/5671 5342/5342
f 5671/5671 100/100 925/925
f 3828/3828 925/925 100/100
f 3137/3137 5342/5342 6414/6414
f 2957/2957 3137/3137 7006/7006
f 1063/1063 7006/7006 927/927
f 927/927 3137/3137 6414/6414
f 3137/3137 927/927 7006/7006
f 7569/7569 927/927 6414/6414
f 1063/1063 7569/7569 6831/6831
f 1063/1063 927/927 7569/7569
f 3906/3906 1063/1063 6831/6831
f 6414/6414 5342/5342 3885/3885
f 3600/3600 3885/3885 1334/1334
f 3012/3012 3885/3885 2949/2949
f 6831/6831 7569/7569 3600/3600
f 6831/6831 3600/3600 3325/3325
f 3325/3325 3600/3600 1776/1776
f 1776/1776 3600/3600 1334/1334
f 1334/1334 3885/3885 3012/3012
f 1334/1334 3012/3012 3159/3159
f 1776/1776 1334/1334 3159/3159
f 1776/1776 7459/7459 3325/3325
f 7459/7459 1776/1776 5585/5585
f 5585/5585 1776/1776 3159/3159
f 5585/5585 3159/3159 561/561
f 7459/7459 5585/5585 561/561
f 2134/2134 561/561 5658/5658
f 3805/3805 2227/2227 127/127
f 2721/2721 127/127 2227/2227
f 2227/2227 246/246 2721/2721
f 2227/2227 7148/7148 246/246
f 7148/7148 2227/2227 2780/2780
f 2778/2778 51/51 6395/6395
f 246/246 51/51 2721/2721
f 6395/6395 246/246 7048/7048
f 6395/6395 51/51 246/246
f 7048/7048 246/246 7148/7148
f 7048/7048 5107/5107 6395/6395
f 5107/5107 7048/7048 2780/2780
f 5107/5107 2780/2780 4153/4153
f 4153/4153 1850/1850 5107/5107
f 4153/4153 2780/2780 2407/2407
f 4153/4153 2407/2407 1850/1850
f 2949/2949 5671/5671 925/925
f 3885/3885 5671/5671 2949/2949
f 5722/5722 2949/2949 925/925
f 925/925 3828/3828 5722/5722
f 5722/5722 3828/3828 2778/2778
f 5722/5722 2778/2778 6395/6395
f 2565/2565 2949/2949 5722/5722
f 3012/3012 2949/2949 2565/2565
f 6395/6395 1850/1850 745/745
f 3159/3159 3012/3012 2565/2565
f 2565/2565 4854/4854 3159/3159
f 6139/6139 4854/4854 6395/6395
f 6395/6395 4854/4854 2565/2565
f 561/561 3159/3159 4854/4854
f 561/561 4854/4854 1532/1532
f 1850/1850 6395/6395 5107/5107
f 1403/1403 1670/1670 2434/2434
f 1403/1403 654/654 1670/1670
f 6699/6699 6373/6373 1670/1670
f 1670/1670 6740/6740 6699/6699
f 654/654 6740/6740 1670/1670
f 2951/2951 6425/6425 631/631
f 6242/6242 6611/6611 3865/3865
f 6611/6611 6242/6242 6594/6594
f 6242/6242 4949/4949 631/631
f 6699/6699 4949/4949 6373/6373
f 3865/3865 4949/4949 6242/6242
f 6425/6425 6594/6594 6242/6242
f 631/631 6425/6425 6242/6242
f 631/631 4949/4949 4377/4377
f 4377/4377 4949/4949 6699/6699
f 434/434 7747/7747 6111/6111
f 6111/6111 7747/7747 2678/2678
f 6373/6373 434/434 6111/6111
f 1670/1670 6373/6373 6111/6111
f 4085/4085 6111/6111 2678/2678
f 1139/1139 4085/4085 2678/2678
f 7747/7747 4890/4890 3500/3500
f 3500/3500 4890/4890 2957/2957
f 1379/1379 3500/3500 3008/3008
f 2957/2957 3008/3008 3500/3500
f 7747/7747 3500/3500 2678/2678
f 1379/1379 2678/2678 3500/3500
f 1139/1139 2678/2678 1379/1379
f 7627/7627 1139/1139 1379/1379
f 1379/1379 3008/3008 7253/7253
f 3720/3720 1379/1379 7253/7253
f 5887/5887 1670/1670 6111/6111
f 5887/5887 6111/6111 4085/4085
f 1670/1670 5887/5887 2434/2434
f 1139/1139 3994/3994 4085/4085
f 1403/1403 2434/2434 5100/5100
f 5100/5100 2434/2434 2798/2798
f 4085/4085 3994/3994 2798/2798
f 6483/6483 2798/2798 3994/3994
f 2274/2274 3994/3994 7627/7627
f 1139/1139 7627/7627 3994/3994
f 7627/7627 1379/1379 5938/5938
f 5938/5938 3720/3720 7627/7627
f 5938/5938 1379/1379 3720/3720
f 3436/3436 7627/7627 3720/3720
f 2274/2274 7627/7627 3436/3436
f 3865/3865 6611/6611 434/434
f 5398/5398 6731/6731 6740/6740
f 654/654 5398/5398 6740/6740
f 7544/7544 6416/6416 5398/5398
f 7544/7544 5398/5398 4638/4638
f 1175/1175 654/654 1403/1403
f 5398/5398 654/654 1175/1175
f 7562/7562 399/399 3307/3307
f 3307/3307 399/399 7847/7847
f 3957/3957 7847/7847 399/399
f 7544/7544 754/754 6363/6363
f 3957/3957 399/399 6363/6363
f 3957/3957 6363/6363 754/754
f 3347/3347 5330/5330 6250/6250
f 5330/5330 3347/3347 6595/6595
f 6595/6595 3347/3347 7077/7077
f 5100/5100 2798/2798 6483/6483
f 6483/6483 3994/3994 2274/2274
f 3544/3544 6483/6483 2274/2274
f 3544/3544 2274/2274 4399/4399
f 4399/4399 2274/2274 3436/3436
f 6195/6195 4399/4399 3436/3436
f 2616/2616 5227/5227 1725/1725
f 7111/7111 5227/5227 3544/3544
f 1725/1725 5227/5227 7111/7111
f 6331/6331 3544/3544 4399/4399
f 6195/6195 6331/6331 4399/4399
f 7111/7111 7335/7335 1725/1725
f 7111/7111 6137/6137 7335/7335
f 5403/5403 1725/1725 7335/7335
f 5646/5646 3654/3654 3797/3797
f 3654/3654 3296/3296 3797/3797
f 4905/4905 3797/3797 3296/3296
f 4905/4905 3296/3296 6425/6425
f 5646/5646 1726/1726 3654/3654
f 6162/6162 1726/1726 5646/5646
f 1357/1357 6070/6070 3484/3484
f 3633/3633 7253/7253 3008/3008
f 3633/3633 4548/4548 7253/7253
f 3720/3720 7253/7253 4548/4548
f 3008/3008 2957/2957 7006/7006
f 3008/3008 7006/7006 1063/1063
f 3906/3906 4548/4548 3633/3633
f 4548/4548 5801/5801 4258/4258
f 4548/4548 4171/4171 3720/3720
f 4171/4171 4548/4548 4258/4258
f 2450/2450 4171/4171 4258/4258
f 561/561 4522/4522 7459/7459
f 5801/5801 6076/6076 3891/3891
f 4258/4258 5801/5801 3891/3891
f 561/561 2134/2134 4522/4522
f 5658/5658 561/561 4174/4174
f 5658/5658 4174/4174 3153/3153
f 6076/6076 3153/3153 3891/3891
f 4494/4494 2450/2450 4258/4258
f 4494/4494 4258/4258 3891/3891
f 3891/3891 3153/3153 3075/3075
f 4494/4494 3891/3891 3075/3075
f 4494/4494 3075/3075 2604/2604
f 3720/3720 6195/6195 3436/3436
f 2450/2450 6195/6195 3720/3720
f 3720/3720 4171/4171 2450/2450
f 3208/3208 6195/6195 2450/2450
f 3208/3208 2450/2450 659/659
f 2675/2675 6195/6195 3208/3208
f 6195/6195 2675/2675 6331/6331
f 6137/6137 6331/6331 2675/2675
f 6432/6432 2675/2675 3208/3208
f 6432/6432 3208/3208 6027/6027
f 3208/3208 6673/6673 6027/6027
f 659/659 6673/6673 3208/3208
f 1366/1366 5775/5775 5322/5322
f 5322/5322 5775/5775 2604/2604
f 4494/4494 2604/2604 5775/5775
f 6673/6673 1366/1366 5322/5322
f 4174/4174 561/561 1532/1532
f 6354/6354 4925/4925 6991/6991
f 4925/4925 7864/7864 6991/6991
f 4925/4925 2681/2681 7864/7864
f 2681/2681 4925/4925 706/706
f 7864/7864 2681/2681 4794/4794
f 2681/2681 293/293 4794/4794
f 4925/4925 6354/6354 706/706
f 293/293 2681/2681 706/706
f 706/706 332/332 293/293
f 4375/4375 293/293 332/332
f 4910/4910 4794/4794 293/293
f 293/293 4375/4375 4910/4910
f 4794/4794 4910/4910 6049/6049
f 6552/6552 4910/4910 4375/4375
f 6049/6049 4910/4910 6552/6552
f 6552/6552 783/783 6049/6049
f 6552/6552 3461/3461 783/783
f 2008/2008 1264/1264 5324/5324
f 4652/4652 5324/5324 5997/5997
f 1264/1264 6685/6685 5324/5324
f 5324/5324 6685/6685 1718/1718
f 6685/6685 7295/7295 1718/1718
f 5997/5997 5324/5324 1718/1718
f 1264/1264 7295/7295 6685/6685
f 1806/1806 7295/7295 1264/1264
f 1806/1806 5129/5129 7295/7295
f 4858/4858 7295/7295 5129/5129
f 4858/4858 5129/5129 5159/5159
f 4652/4652 5997/5997 3920/3920
f 1718/1718 7280/7280 5997/5997
f 7280/7280 1718/1718 7295/7295
f 6354/6354 6991/6991 4652/4652
f 3920/3920 6354/6354 4652/4652
f 704/704 3920/3920 5997/5997
f 704/704 5997/5997 7280/7280
f 704/704 7280/7280 4858/4858
f 4858/4858 7086/7086 704/704
f 4858/4858 7280/7280 7295/7295
f 5159/5159 5129/5129 1434/1434
f 6894/6894 5159/5159 1434/1434
f 8017/8017 4858/4858 5159/5159
f 4858/4858 8017/8017 4680/4680
f 8017/8017 5159/5159 6894/6894
f 3265/3265 1179/1179 1696/1696
f 1179/1179 7882/7882 1696/1696
f 3920/3920 704/704 6354/6354
f 7086/7086 6354/6354 704/704
f 6354/6354 332/332 706/706
f 6354/6354 7086/7086 332/332
f 7086/7086 2843/2843 332/332
f 2843/2843 7086/7086 7942/7942
f 4680/4680 7086/7086 4858/4858
f 7942/7942 7086/7086 4680/4680
f 332/332 2843/2843 4375/4375
f 6172/6172 2843/2843 7942/7942
f 8017/8017 7942/7942 4680/4680
f 2843/2843 6172/6172 4375/4375
f 6552/6552 4375/4375 6172/6172
f 6172/6172 3461/3461 6552/6552
f 1866/1866 3461/3461 6172/6172
f 1866/1866 7942/7942 606/606
f 2139/2139 3461/3461 1866/1866
f 1866/1866 6172/6172 7942/7942
f 606/606 2139/2139 1866/1866
f 6894/6894 3094/3094 7911/7911
f 1434/1434 7707/7707 6894/6894
f 5592/5592 3094/3094 7707/7707
f 3533/3533 5592/5592 2535/2535
f 6368/6368 7556/7556 5842/5842
f 6368/6368 2535/2535 7556/7556
f 5842/5842 5287/5287 6368/6368
f 3094/3094 6894/6894 7707/7707
f 5287/5287 5842/5842 1269/1269
f 2535/2535 7883/7883 3533/3533
f 6368/6368 7883/7883 2535/2535
f 2166/2166 1269/1269 4613/4613
f 5287/5287 1269/1269 2166/2166
f 7883/7883 5287/5287 6638/6638
f 6638/6638 5287/5287 2166/2166
f 6894/6894 7911/7911 8017/8017
f 8017/8017 606/606 7942/7942
f 8017/8017 7911/7911 606/606
f 606/606 7911/7911 1525/1525
f 7726/7726 2139/2139 606/606
f 4173/4173 7726/7726 606/606
f 3602/3602 4613/4613 1300/1300
f 4613/4613 3602/3602 5989/5989
f 3367/3367 4173/4173 606/606
f 4242/4242 3367/3367 1525/1525
f 491/491 4242/4242 1213/1213
f 3536/3536 1921/1921 2547/2547
f 6628/6628 6638/6638 2166/2166
f 6628/6628 2547/2547 6638/6638
f 6152/6152 777/777 7875/7875
f 6628/6628 2166/2166 5854/5854
f 6152/6152 6628/6628 5854/5854
f 4242/4242 7875/7875 1213/1213
f 5854/5854 2166/2166 1763/1763
f 777/777 6152/6152 5854/5854
f 777/777 5854/5854 1763/1763
f 1763/1763 7987/7987 777/777
f 6049/6049 5990/5990 2850/2850
f 1586/1586 1750/1750 2850/2850
f 5990/5990 1586/1586 2850/2850
f 6049/6049 783/783 5990/5990
f 1750/1750 1156/1156 7671/7671
f 1156/1156 1750/1750 3282/3282
f 692/692 1586/1586 5990/5990
f 5990/5990 783/783 692/692
f 6532/6532 783/783 3461/3461
f 692/692 783/783 6532/6532
f 6532/6532 1412/1412 692/692
f 6532/6532 5482/5482 1412/1412
f 3195/3195 1586/1586 692/692
f 1346/1346 1586/1586 3195/3195
f 1346/1346 1750/1750 1586/1586
f 136/136 2259/2259 1346/1346
f 1346/1346 3195/3195 3935/3935
f 136/136 1346/1346 3935/3935
f 5685/5685 1678/1678 136/136
f 3195/3195 692/692 3935/3935
f 3935/3935 692/692 5194/5194
f 5194/5194 435/435 3935/3935
f 1412/1412 5194/5194 692/692
f 1412/1412 6036/6036 5194/5194
f 5685/5685 136/136 3935/3935
f 5685/5685 3935/3935 435/435
f 1750/1750 2259/2259 3282/3282
f 483/483 3282/3282 2259/2259
f 2259/2259 1750/1750 1346/1346
f 1208/1208 483/483 4489/4489
f 2354/2354 5194/5194 6036/6036
f 2354/2354 435/435 5194/5194
f 6687/6687 435/435 2354/2354
f 3875/3875 136/136 1678/1678
f 4489/4489 136/136 3875/3875
f 3876/3876 4489/4489 3875/3875
f 5685/5685 4694/4694 1678/1678
f 4694/4694 5685/5685 435/435
f 1678/1678 4694/4694 3875/3875
f 4694/4694 3417/3417 3875/3875
f 6687/6687 4694/4694 435/435
f 3876/3876 3875/3875 3417/3417
f 6687/6687 7640/7640 4694/4694
f 7640/7640 6687/6687 6993/6993
f 4694/4694 1898/1898 3417/3417
f 3417/3417 1898/1898 2898/2898
f 4694/4694 7640/7640 1898/1898
f 6185/6185 2898/2898 1898/1898
f 1208/1208 4489/4489 3876/3876
f 5375/5375 1208/1208 3876/3876
f 365/365 5439/5439 3876/3876
f 3417/3417 2898/2898 3876/3876
f 2898/2898 365/365 3876/3876
f 365/365 2898/2898 6185/6185
f 1898/1898 7640/7640 6993/6993
f 3674/3674 365/365 6185/6185
f 5209/5209 223/223 5439/5439
f 5209/5209 5439/5439 3674/3674
f 3674/3674 5439/5439 365/365
f 562/562 5209/5209 3674/3674
f 5044/5044 3674/3674 6185/6185
f 3844/3844 3674/3674 5044/5044
f 3844/3844 562/562 3674/3674
f 3461/3461 5482/5482 6532/6532
f 3461/3461 2139/2139 5482/5482
f 5482/5482 1064/1064 1412/1412
f 1412/1412 1064/1064 6036/6036
f 1064/1064 5482/5482 2139/2139
f 7726/7726 1064/1064 2139/2139
f 7726/7726 6036/6036 1064/1064
f 7726/7726 2354/2354 6036/6036
f 1853/1853 5989/5989 3602/3602
f 7758/7758 4676/4676 5989/5989
f 4173/4173 5297/5297 7726/7726
f 5297/5297 2354/2354 7726/7726
f 4173/4173 251/251 5297/5297
f 4075/4075 4173/4173 3367/3367
f 4075/4075 251/251 4173/4173
f 5297/5297 2749/2749 6687/6687
f 6687/6687 2354/2354 5297/5297
f 6993/6993 6687/6687 2749/2749
f 7758/7758 6779/6779 4676/4676
f 6993/6993 6185/6185 1898/1898
f 1115/1115 777/777 7987/7987
f 1655/1655 2349/2349 1115/1115
f 7987/7987 1655/1655 1115/1115
f 2608/2608 562/562 3844/3844
f 491/491 4075/4075 3367/3367
f 7727/7727 251/251 4075/4075
f 5011/5011 6470/6470 2068/2068
f 2178/2178 2749/2749 5297/5297
f 6993/6993 2749/2749 2178/2178
f 5297/5297 251/251 7727/7727
f 2178/2178 5297/5297 7727/7727
f 746/746 2068/2068 3653/3653
f 746/746 3653/3653 7620/7620
f 746/746 3643/3643 2068/2068
f 7381/7381 2178/2178 7727/7727
f 3643/3643 746/746 4866/4866
f 4866/4866 746/746 7620/7620
f 4866/4866 7620/7620 7936/7936
f 4866/4866 6885/6885 3643/3643
f 7987/7987 1763/1763 3653/3653
f 1655/1655 7987/7987 3653/3653
f 2068/2068 1655/1655 3653/3653
f 5044/5044 6993/6993 2406/2406
f 5044/5044 6185/6185 6993/6993
f 2406/2406 1979/1979 5044/5044
f 3963/3963 6993/6993 2178/2178
f 3963/3963 2406/2406 6993/6993
f 7263/7263 1979/1979 2406/2406
f 7381/7381 3963/3963 2178/2178
f 6885/6885 4866/4866 385/385
f 385/385 4866/4866 7936/7936
f 7936/7936 2192/2192 4672/4672
f 5044/5044 1979/1979 3844/3844
f 240/240 1870/1870 5299/5299
f 385/385 1164/1164 6885/6885
f 7936/7936 7606/7606 385/385
f 1164/1164 385/385 7606/7606
f 7606/7606 6170/6170 1164/1164
f 7606/7606 7936/7936 4672/4672
f 6170/6170 7606/7606 4672/4672
f 6166/6166 6170/6170 4793/4793
f 4793/4793 6170/6170 4672/4672
f 4793/4793 4672/4672 4012/4012
f 1015/1015 7468/7468 137/137
f 4388/4388 4295/4295 3213/3213
f 3213/3213 1015/1015 2780/2780
f 1015/1015 3213/3213 4295/4295
f 1015/1015 4295/4295 73/73
f 73/73 4295/4295 5579/5579
f 73/73 5579/5579 346/346
f 4774/4774 441/441 346/346
f 73/73 346/346 441/441
f 441/441 1193/1193 73/73
f 4774/4774 3291/3291 441/441
f 1193/1193 441/441 3291/3291
f 1193/1193 3291/3291 1514/1514
f 3291/3291 389/389 5438/5438
f 3291/3291 4774/4774 389/389
f 1015/1015 73/73 1193/1193
f 1015/1015 1193/1193 1514/1514
f 2292/2292 5438/5438 389/389
f 5438/5438 2292/2292 1514/1514
f 7262/7262 1015/1015 1514/1514
f 2292/2292 7262/7262 1514/1514
f 6020/6020 7446/7446 7947/7947
f 502/502 7947/7947 4164/4164
f 966/966 502/502 4164/4164
f 745/745 1850/1850 2407/2407
f 745/745 2407/2407 137/137
f 137/137 851/851 745/745
f 851/851 137/137 7468/7468
f 5755/5755 745/745 851/851
f 745/745 5755/5755 6139/6139
f 6139/6139 2001/2001 206/206
f 5755/5755 2001/2001 6139/6139
f 2381/2381 7468/7468 1304/1304
f 7468/7468 1015/1015 7262/7262
f 1304/1304 7468/7468 7262/7262
f 2491/2491 2001/2001 2381/2381
f 5254/5254 2001/2001 2491/2491
f 2491/2491 4688/4688 5254/5254
f 5755/5755 2381/2381 2001/2001
f 1304/1304 2491/2491 2381/2381
f 4688/4688 2491/2491 3980/3980
f 6825/6825 3980/3980 7014/7014
f 1261/1261 1483/1483 2172/2172
f 2738/2738 389/389 4774/4774
f 3990/3990 389/389 2738/2738
f 4383/4383 3990/3990 2738/2738
f 7262/7262 2292/2292 5705/5705
f 1674/1674 5705/5705 793/793
f 2292/2292 389/389 793/793
f 3990/3990 793/793 389/389
f 5705/5705 2292/2292 793/793
f 793/793 3894/3894 1674/1674
f 3894/3894 793/793 3990/3990
f 6525/6525 4967/4967 2215/2215
f 2738/2738 2215/2215 6024/6024
f 4967/4967 6024/6024 2215/2215
f 4967/4967 6525/6525 2270/2270
f 2270/2270 6525/6525 7446/7446
f 6402/6402 2270/2270 6020/6020
f 6020/6020 2270/2270 7446/7446
f 4967/4967 208/208 6024/6024
f 208/208 4967/4967 2270/2270
f 2738/2738 6024/6024 4383/4383
f 1401/1401 208/208 2270/2270
f 770/770 2270/2270 6402/6402
f 4383/4383 6024/6024 1401/1401
f 208/208 1401/1401 6024/6024
f 770/770 1401/1401 2270/2270
f 502/502 6402/6402 6020/6020
f 2355/2355 502/502 966/966
f 2355/2355 6669/6669 502/502
f 770/770 6402/6402 4209/4209
f 4209/4209 6402/6402 502/502
f 6669/6669 5080/5080 502/502
f 7261/7261 3990/3990 1469/1469
f 7960/7960 1469/1469 4383/4383
f 4383/4383 1469/1469 3990/3990
f 7960/7960 5525/5525 1469/1469
f 7261/7261 1469/1469 4515/4515
f 1469/1469 5525/5525 4515/4515
f 6630/6630 4515/4515 5525/5525
f 2064/2064 4515/4515 6630/6630
f 6350/6350 4383/4383 1401/1401
f 770/770 6350/6350 1401/1401
f 5334/5334 6350/6350 770/770
f 7960/7960 4383/4383 6350/6350
f 4209/4209 2076/2076 770/770
f 5334/5334 770/770 2076/2076
f 6350/6350 5334/5334 7960/7960
f 5080/5080 2076/2076 4209/4209
f 5080/5080 4209/4209 502/502
f 942/942 4561/4561 2076/2076
f 5080/5080 942/942 2076/2076
f 7960/7960 5334/5334 5525/5525
f 6630/6630 5525/5525 5334/5334
f 4561/4561 5334/5334 2076/2076
f 4561/4561 6630/6630 5334/5334
f 1674/1674 7262/7262 5705/5705
f 7262/7262 1674/1674 2258/2258
f 7262/7262 2258/2258 1304/1304
f 1674/1674 3894/3894 2258/2258
f 7415/7415 2258/2258 3894/3894
f 5174/5174 1304/1304 2258/2258
f 5174/5174 2258/2258 3197/3197
f 5080/5080 6669/6669 6843/6843
f 6843/6843 4521/4521 5080/5080
f 1682/1682 4521/4521 6843/6843
f 3990/3990 7415/7415 3894/3894
f 7415/7415 3990/3990 4587/4587
f 2258/2258 7415/7415 1325/1325
f 5200/5200 1325/1325 1261/1261
f 1261/1261 2172/2172 5200/5200
f 4587/4587 3990/3990 1261/1261
f 3197/3197 2258/2258 1325/1325
f 3197/3197 1325/1325 1903/1903
f 1903/1903 1325/1325 5200/5200
f 7466/7466 5200/5200 2172/2172
f 5200/5200 7466/7466 1903/1903
f 4521/4521 942/942 5080/5080
f 4521/4521 4561/4561 942/942
f 2372/2372 4561/4561 4521/4521
f 7102/7102 4561/4561 2372/2372
f 5547/5547 7102/7102 2372/2372
f 4521/4521 6045/6045 2372/2372
f 5547/5547 2372/2372 6045/6045
f 1682/1682 1588/1588 4521/4521
f 5547/5547 1762/1762 7102/7102
f 1762/1762 5547/5547 6045/6045
f 1762/1762 6045/6045 1588/1588
f 2320/2320 1762/1762 1588/1588
f 2312/2312 6773/6773 430/430
f 4457/4457 6773/6773 2312/2312
f 6083/6083 3644/3644 2312/2312
f 2312/2312 3644/3644 7330/7330
f 6083/6083 6005/6005 3644/3644
f 8054/8054 1191/1191 3644/3644
f 7330/7330 3644/3644 1191/1191
f 8054/8054 4196/4196 6641/6641
f 4174/4174 1532/1532 206/206
f 206/206 4113/4113 4174/4174
f 4113/4113 206/206 3382/3382
f 206/206 1882/1882 3382/3382
f 1882/1882 206/206 7140/7140
f 5548/5548 6083/6083 1882/1882
f 2799/2799 7140/7140 1066/1066
f 7478/7478 3980/3980 6825/6825
f 2799/2799 1066/1066 7478/7478
f 7478/7478 6825/6825 7498/7498
f 2799/2799 7478/7478 7498/7498
f 1882/1882 7140/7140 5548/5548
f 5548/5548 7140/7140 2799/2799
f 5418/5418 5548/5548 2799/2799
f 2799/2799 7498/7498 5418/5418
f 7498/7498 3680/3680 5418/5418
f 4874/4874 5148/5148 3892/3892
f 3554/3554 7953/7953 5281/5281
f 3077/3077 7997/7997 7159/7159
f 3686/3686 3077/3077 7953/7953
f 3077/3077 3686/3686 7997/7997
f 7997/7997 3686/3686 6865/6865
f 7953/7953 3554/3554 3686/3686
f 3554/3554 6865/6865 3686/3686
f 1499/1499 6865/6865 3554/3554
f 5281/5281 3619/3619 4874/4874
f 5148/5148 4874/4874 3619/3619
f 4874/4874 3554/3554 5281/5281
f 3892/3892 6475/6475 4874/4874
f 6475/6475 3892/3892 1443/1443
f 3554/3554 4874/4874 4074/4074
f 1499/1499 3554/3554 4074/4074
f 6475/6475 4074/4074 4874/4874
f 1499/1499 4074/4074 1977/1977
f 1977/1977 4074/4074 6475/6475
f 1977/1977 6475/6475 5968/5968
f 6825/6825 267/267 7498/7498
f 6825/6825 2255/2255 522/522
f 6825/6825 522/522 267/267
f 3680/3680 7498/7498 267/267
f 6965/6965 3871/3871 267/267
f 845/845 7019/7019 5595/5595
f 5741/5741 5595/5595 7019/7019
f 522/522 2255/2255 5595/5595
f 5595/5595 3619/3619 522/522
f 6406/6406 1762/1762 2320/2320
f 6149/6149 6406/6406 2320/2320
f 3680/3680 7575/7575 2050/2050
f 7575/7575 3680/3680 3871/3871
f 3871/3871 3680/3680 267/267
f 3871/3871 7159/7159 7575/7575
f 7159/7159 3871/3871 3077/3077
f 6965/6965 7953/7953 3871/3871
f 3077/3077 3871/3871 7953/7953
f 6965/6965 3619/3619 5281/5281
f 7953/7953 6965/6965 5281/5281
f 6266/6266 4164/4164 6186/6186
f 7542/7542 7214/7214 6186/6186
f 4205/4205 7214/7214 7542/7542
f 4205/4205 7341/7341 7214/7214
f 7214/7214 6266/6266 6186/6186
f 966/966 4164/4164 6266/6266
f 3831/3831 388/388 6266/6266
f 388/388 966/966 6266/6266
f 3831/3831 6266/6266 7214/7214
f 2355/2355 966/966 4825/4825
f 5375/5375 7542/7542 1208/1208
f 302/302 7900/7900 4205/4205
f 7341/7341 3831/3831 7214/7214
f 4205/4205 7900/7900 7341/7341
f 112/112 388/388 3831/3831
f 6096/6096 7900/7900 302/302
f 7341/7341 7900/7900 1684/1684
f 7341/7341 112/112 3831/3831
f 4029/4029 112/112 7341/7341
f 4029/4029 7341/7341 1684/1684
f 1684/1684 7900/7900 6096/6096
f 6908/6908 4029/4029 1684/1684
f 5718/5718 6908/6908 1684/1684
f 302/302 4205/4205 5375/5375
f 223/223 5375/5375 3876/3876
f 3876/3876 5439/5439 223/223
f 875/875 5375/5375 223/223
f 809/809 875/875 223/223
f 5375/5375 875/875 3219/3219
f 5375/5375 3219/3219 302/302
f 6146/6146 875/875 809/809
f 809/809 223/223 5209/5209
f 809/809 5209/5209 562/562
f 809/809 562/562 2608/2608
f 809/809 2608/2608 6146/6146
f 6096/6096 302/302 3219/3219
f 3219/3219 6146/6146 6096/6096
f 6146/6146 3219/3219 875/875
f 5718/5718 1684/1684 6096/6096
f 5718/5718 6096/6096 6146/6146
f 6146/6146 6838/6838 5718/5718
f 1693/1693 6838/6838 6146/6146
f 6838/6838 7354/7354 5718/5718
f 5452/5452 388/388 112/112
f 6738/6738 5452/5452 112/112
f 4825/4825 966/966 388/388
f 4825/4825 388/388 5452/5452
f 4825/4825 5452/5452 2355/2355
f 7876/7876 2355/2355 5452/5452
f 7354/7354 6908/6908 5718/5718
f 361/361 4029/4029 6908/6908
f 2304/2304 361/361 6908/6908
f 361/361 112/112 4029/4029
f 6738/6738 112/112 361/361
f 6738/6738 361/361 3165/3165
f 6908/6908 7354/7354 2304/2304
f 3165/3165 361/361 59/59
f 361/361 2304/2304 59/59
f 6738/6738 2313/2313 5452/5452
f 3165/3165 5239/5239 2313/2313
f 7898/7898 3165/3165 59/59
f 5239/5239 3165/3165 3149/3149
f 3149/3149 3165/3165 7898/7898
f 1693/1693 5967/5967 6838/6838
f 3683/3683 713/713 5526/5526
f 713/713 6995/6995 5526/5526
f 4458/4458 2355/2355 7876/7876
f 2355/2355 4458/4458 6669/6669
f 7180/7180 6669/6669 4458/4458
f 8038/8038 909/909 1682/1682
f 909/909 1588/1588 1682/1682
f 5809/5809 6146/6146 2608/2608
f 5809/5809 1693/1693 6146/6146
f 3735/3735 1693/1693 5809/5809
f 3735/3735 5416/5416 1693/1693
f 7898/7898 59/59 1487/1487
f 7002/7002 5434/5434 1487/1487
f 4288/4288 2755/2755 7540/7540
f 7540/7540 6909/6909 106/106
f 6524/6524 7540/7540 2755/2755
f 7540/7540 6524/6524 6909/6909
f 5967/5967 7002/7002 7354/7354
f 5967/5967 7160/7160 7002/7002
f 5694/5694 7614/7614 6276/6276
f 6333/6333 8064/8064 3040/3040
f 5097/5097 4012/4012 6753/6753
f 5465/5465 1241/1241 6271/6271
f 5097/5097 3485/3485 6271/6271
f 6271/6271 3485/3485 5465/5465
f 695/695 4793/4793 1241/1241
f 1241/1241 4793/4793 4012/4012
f 4012/4012 6271/6271 1241/1241
f 4012/4012 5097/5097 6271/6271
f 7614/7614 5694/5694 6753/6753
f 5097/5097 5694/5694 1884/1884
f 6753/6753 5694/5694 5097/5097
f 3485/3485 5097/5097 4141/4141
f 4141/4141 5097/5097 481/481
f 2689/2689 3565/3565 5427/5427
f 4141/4141 5427/5427 3485/3485
f 481/481 5097/5097 1884/1884
f 4141/4141 997/997 5427/5427
f 997/997 4141/4141 1859/1859
f 1859/1859 4141/4141 481/481
f 1859/1859 1943/1943 997/997
f 1859/1859 481/481 548/548
f 4244/4244 8038/8038 3149/3149
f 1487/1487 5434/5434 4051/4051
f 4051/4051 4354/4354 1487/1487
f 4354/4354 6741/6741 4244/4244
f 4354/4354 4051/4051 6741/6741
f 2100/2100 8038/8038 4244/4244
f 4411/4411 8038/8038 2100/2100
f 6741/6741 200/200 2100/2100
f 6741/6741 2100/2100 4244/4244
f 200/200 6741/6741 4051/4051
f 200/200 7591/7591 2100/2100
f 5423/5423 200/200 48/48
f 5423/5423 7591/7591 200/200
f 7535/7535 4051/4051 5434/5434
f 4051/4051 7535/7535 48/48
f 4411/4411 909/909 8038/8038
f 4109/4109 1588/1588 909/909
f 4411/4411 4109/4109 909/909
f 4109/4109 2320/2320 1588/1588
f 5677/5677 4411/4411 2100/2100
f 5677/5677 4109/4109 4411/4411
f 1033/1033 2320/2320 4109/4109
f 6149/6149 2320/2320 1033/1033
f 5677/5677 2100/2100 1253/1253
f 7670/7670 5677/5677 5642/5642
f 7965/7965 2480/2480 1253/1253
f 5642/5642 5677/5677 1253/1253
f 2480/2480 5642/5642 1253/1253
f 5423/5423 1260/1260 7965/7965
f 1757/1757 2480/2480 7965/7965
f 5677/5677 1033/1033 4109/4109
f 7670/7670 1033/1033 5677/5677
f 5642/5642 1463/1463 7670/7670
f 1463/1463 2234/2234 7670/7670
f 6149/6149 1033/1033 3078/3078
f 3078/3078 7670/7670 2234/2234
f 1771/1771 2234/2234 1463/1463
f 1771/1771 3681/3681 2234/2234
f 5642/5642 2480/2480 1463/1463
f 1771/1771 1463/1463 2480/2480
f 2480/2480 5730/5730 1771/1771
f 5730/5730 3681/3681 1771/1771
f 1695/1695 1467/1467 7535/7535
f 1467/1467 48/48 7535/7535
f 4274/4274 1260/1260 5423/5423
f 3549/3549 1467/1467 1695/1695
f 7649/7649 4274/4274 1799/1799
f 1799/1799 4274/4274 3549/3549
f 4221/4221 2839/2839 1695/1695
f 6800/6800 5740/5740 1943/1943
f 6800/6800 1859/1859 548/548
f 5740/5740 6800/6800 5939/5939
f 6579/6579 4240/4240 5939/5939
f 6800/6800 6579/6579 5939/5939
f 6776/6776 1799/1799 3549/3549
f 2408/2408 7649/7649 1799/1799
f 2408/2408 1799/1799 6776/6776
f 6776/6776 987/987 2408/2408
f 4240/4240 6579/6579 703/703
f 6800/6800 548/548 3928/3928
f 987/987 6776/6776 934/934
f 934/934 6579/6579 6485/6485
f 3928/3928 6579/6579 6800/6800
f 6579/6579 3928/3928 6485/6485
f 7965/7965 1260/1260 1757/1757
f 7649/7649 2408/2408 1757/1757
f 2408/2408 5858/5858 1757/1757
f 1757/1757 5730/5730 2480/2480
f 5730/5730 1757/1757 5858/5858
f 5961/5961 5730/5730 5902/5902
f 5858/5858 5902/5902 5730/5730
f 2408/2408 5902/5902 5858/5858
f 1818/1818 5902/5902 2408/2408
f 5902/5902 1818/1818 2124/2124
f 3481/3481 2124/2124 1818/1818
f 1757/1757 1260/1260 4274/4274
f 5353/5353 694/694 2408/2408
f 3928/3928 5940/5940 3076/3076
f 6485/6485 3928/3928 3076/3076
f 7038/7038 3670/3670 6485/6485
f 7038/7038 6485/6485 3076/3076
f 694/694 1818/1818 2408/2408
f 1859/1859 6800/6800 1943/1943
f 5171/5171 5830/5830 3293/3293
f 5171/5171 3293/3293 7767/7767
f 3911/3911 5830/5830 5171/5171
f 7767/7767 7391/7391 5171/5171
f 7391/7391 7767/7767 1634/1634
f 6343/6343 2146/2146 7970/7970
f 7137/7137 7970/7970 2146/2146
f 2624/2624 1483/1483 65/65
f 2624/2624 65/65 1996/1996
f 2327/2327 115/115 2624/2624
f 115/115 1483/1483 2624/2624
f 3063/3063 1996/1996 65/65
f 65/65 1483/1483 3063/3063
f 1483/1483 4852/4852 3063/3063
f 4852/4852 1483/1483 6321/6321
f 2064/2064 7261/7261 4515/4515
f 7261/7261 7117/7117 3990/3990
f 6630/6630 4973/4973 2064/2064
f 4973/4973 6630/6630 7102/7102
f 7117/7117 7261/7261 2064/2064
f 3990/3990 7117/7117 773/773
f 1993/1993 773/773 7117/7117
f 2064/2064 1993/1993 7117/7117
f 1993/1993 5948/5948 773/773
f 7102/7102 6630/6630 4561/4561
f 3990/3990 1483/1483 1261/1261
f 773/773 1483/1483 3990/3990
f 1483/1483 773/773 529/529
f 2064/2064 4973/4973 1993/1993
f 2912/2912 1993/1993 4973/4973
f 5948/5948 1993/1993 2912/2912
f 4973/4973 7286/7286 2912/2912
f 3359/3359 7102/7102 7189/7189
f 7286/7286 7102/7102 3359/3359
f 7286/7286 4973/4973 7102/7102
f 1762/1762 7189/7189 7102/7102
f 3930/3930 3359/3359 7189/7189
f 7189/7189 1762/1762 6406/6406
f 3930/3930 7757/7757 3359/3359
f 954/954 529/529 655/655
f 1483/1483 529/529 6321/6321
f 5948/5948 655/655 773/773
f 529/529 773/773 655/655
f 2912/2912 655/655 5948/5948
f 655/655 2912/2912 651/651
f 651/651 2912/2912 7286/7286
f 6192/6192 651/651 7286/7286
f 655/655 2767/2767 954/954
f 529/529 954/954 6321/6321
f 6321/6321 954/954 6951/6951
f 6951/6951 954/954 2767/2767
f 1393/1393 6951/6951 2767/2767
f 1936/1936 6321/6321 6951/6951
f 4852/4852 6321/6321 1936/1936
f 6116/6116 6951/6951 1393/1393
f 651/651 2767/2767 655/655
f 2767/2767 651/651 1393/1393
f 7626/7626 6192/6192 7286/7286
f 1393/1393 651/651 6192/6192
f 6626/6626 1393/1393 6192/6192
f 6626/6626 6192/6192 7626/7626
f 1716/1716 1393/1393 6626/6626
f 4627/4627 6626/6626 6338/6338
f 1716/1716 6626/6626 4627/4627
f 7626/7626 7286/7286 7757/7757
f 7626/7626 6338/6338 6626/6626
f 5557/5557 7351/7351 6326/6326
f 3897/3897 5715/5715 2143/2143
f 6116/6116 1936/1936 6951/6951
f 4852/4852 1936/1936 4400/4400
f 4400/4400 397/397 4852/4852
f 4400/4400 1936/1936 6116/6116
f 1716/1716 6116/6116 1393/1393
f 1320/1320 6116/6116 1716/1716
f 1969/1969 397/397 4400/4400
f 4400/4400 4870/4870 1969/1969
f 3065/3065 397/397 1969/1969
f 1969/1969 6769/6769 3065/3065
f 4870/4870 4400/4400 6116/6116
f 4870/4870 6116/6116 1320/1320
f 6920/6920 1320/1320 1716/1716
f 1320/1320 6695/6695 4870/4870
f 6695/6695 1320/1320 6920/6920
f 2263/2263 6920/6920 1716/1716
f 3537/3537 1969/1969 4870/4870
f 6695/6695 3537/3537 4870/4870
f 7351/7351 5557/5557 6025/6025
f 6639/6639 2624/2624 1996/1996
f 6639/6639 1996/1996 8006/8006
f 3063/3063 8006/8006 1996/1996
f 3063/3063 1395/1395 8006/8006
f 1992/1992 1443/1443 3892/3892
f 4508/4508 2691/2691 6542/6542
f 2691/2691 3550/3550 6542/6542
f 1395/1395 3063/3063 2698/2698
f 4852/4852 805/805 2698/2698
f 4217/4217 1957/1957 1811/1811
f 805/805 1811/1811 2698/2698
f 805/805 4852/4852 397/397
f 805/805 397/397 1603/1603
f 1603/1603 1811/1811 805/805
f 1957/1957 2698/2698 1811/1811
f 2691/2691 3882/3882 3550/3550
f 3550/3550 3882/3882 1957/1957
f 6014/6014 1435/1435 6283/6283
f 6334/6334 6014/6014 6283/6283
f 7131/7131 6334/6334 6283/6283
f 6475/6475 471/471 1435/1435
f 1435/1435 471/471 7447/7447
f 6542/6542 5682/5682 4508/4508
f 4566/4566 6475/6475 1435/1435
f 5968/5968 6475/6475 4566/4566
f 5682/5682 6542/6542 7431/7431
f 6810/6810 7431/7431 6542/6542
f 3550/3550 6810/6810 6542/6542
f 7131/7131 5682/5682 7431/7431
f 4296/4296 7431/7431 6810/6810
f 4296/4296 7131/7131 7431/7431
f 3930/3930 6406/6406 3212/3212
f 3930/3930 7189/7189 6406/6406
f 6149/6149 3212/3212 6406/6406
f 2766/2766 3930/3930 3212/3212
f 3930/3930 2766/2766 7757/7757
f 7626/7626 7757/7757 3620/3620
f 2766/2766 3620/3620 7757/7757
f 6839/6839 3620/3620 2766/2766
f 6839/6839 4880/4880 3620/3620
f 2530/2530 3212/3212 6149/6149
f 2766/2766 3212/3212 2530/2530
f 81/81 2766/2766 2530/2530
f 81/81 2530/2530 6072/6072
f 2766/2766 81/81 6839/6839
f 81/81 4880/4880 6839/6839
f 4627/4627 2263/2263 1716/1716
f 6920/6920 2263/2263 4627/4627
f 6042/6042 4627/4627 6338/6338
f 4880/4880 7626/7626 3620/3620
f 7813/7813 7626/7626 4880/4880
f 7813/7813 6338/6338 7626/7626
f 7894/7894 4880/4880 81/81
f 4880/4880 7894/7894 7813/7813
f 6284/6284 6338/6338 7813/7813
f 6284/6284 6042/6042 6338/6338
f 6042/6042 6284/6284 1106/1106
f 5478/5478 6284/6284 7813/7813
f 5960/5960 5478/5478 7813/7813
f 5124/5124 6284/6284 5478/5478
f 3583/3583 5124/5124 5478/5478
f 7894/7894 81/81 6072/6072
f 6072/6072 1883/1883 7894/7894
f 1831/1831 7813/7813 7894/7894
f 1831/1831 5960/5960 7813/7813
f 1831/1831 7894/7894 1883/1883
f 7586/7586 1831/1831 165/165
f 3583/3583 5478/5478 5960/5960
f 5337/5337 3583/3583 5960/5960
f 1831/1831 780/780 5337/5337
f 5337/5337 5960/5960 1831/1831
f 1831/1831 7586/7586 1671/1671
f 1671/1671 780/780 1831/1831
f 6257/6257 780/780 1671/1671
f 1272/1272 6257/6257 1671/1671
f 1603/1603 397/397 3065/3065
f 2208/2208 1603/1603 3065/3065
f 1603/1603 2208/2208 1811/1811
f 2208/2208 3065/3065 1746/1746
f 1746/1746 3065/3065 6769/6769
f 2208/2208 1746/1746 721/721
f 1746/1746 6769/6769 7754/7754
f 1811/1811 2451/2451 4217/4217
f 2451/2451 1811/1811 7223/7223
f 7223/7223 820/820 2451/2451
f 2208/2208 7223/7223 1811/1811
f 820/820 7223/7223 7379/7379
f 7379/7379 7223/7223 721/721
f 4963/4963 1746/1746 7754/7754
f 6092/6092 721/721 4963/4963
f 721/721 6092/6092 7379/7379
f 4963/4963 5142/5142 6092/6092
f 5142/5142 7379/7379 6092/6092
f 4963/4963 721/721 1746/1746
f 5142/5142 4963/4963 7754/7754
f 5142/5142 7754/7754 7656/7656
f 5142/5142 6829/6829 7379/7379
f 6829/6829 5142/5142 3060/3060
f 3060/3060 5142/5142 7656/7656
f 7473/7473 3061/3061 7656/7656
f 7656/7656 7754/7754 1556/1556
f 7473/7473 7656/7656 1556/1556
f 2143/2143 446/446 967/967
f 1399/1399 7047/7047 4297/4297
f 2451/2451 820/820 1400/1400
f 821/821 1574/1574 1399/1399
f 1574/1574 7047/7047 1399/1399
f 324/324 660/660 4297/4297
f 4892/4892 660/660 324/324
f 603/603 4892/4892 324/324
f 324/324 4297/4297 7047/7047
f 7047/7047 2091/2091 324/324
f 603/603 324/324 2091/2091
f 1574/1574 4501/4501 2091/2091
f 4084/4084 4501/4501 1574/1574
f 2091/2091 7047/7047 1574/1574
f 4084/4084 2487/2487 4501/4501
f 4501/4501 603/603 2091/2091
f 2887/2887 4501/4501 2487/2487
f 821/821 1665/1665 1574/1574
f 1574/1574 1665/1665 2558/2558
f 2092/2092 4084/4084 1574/1574
f 2092/2092 1574/1574 2558/2558
f 2092/2092 2558/2558 7056/7056
f 2487/2487 4084/4084 2092/2092
f 4326/4326 2487/2487 2092/2092
f 2092/2092 2219/2219 4326/4326
f 2558/2558 1665/1665 6830/6830
f 2558/2558 6830/6830 1697/1697
f 1697/1697 6830/6830 3061/3061
f 7056/7056 2558/2558 1697/1697
f 2219/2219 2092/2092 7056/7056
f 1697/1697 4163/4163 7056/7056
f 4163/4163 1697/1697 8022/8022
f 7473/7473 2763/2763 6663/6663
f 4163/4163 2219/2219 7056/7056
f 4163/4163 8060/8060 2219/2219
f 8060/8060 4163/4163 8022/8022
f 6042/6042 6920/6920 4627/4627
f 5787/5787 6920/6920 6042/6042
f 5787/5787 6695/6695 6920/6920
f 1969/1969 3537/3537 6769/6769
f 6695/6695 5877/5877 3537/3537
f 7754/7754 6769/6769 3537/3537
f 5787/5787 5877/5877 6695/6695
f 5787/5787 6042/6042 1106/1106
f 1765/1765 5787/5787 6747/6747
f 7754/7754 3537/3537 5877/5877
f 5877/5877 5708/5708 7754/7754
f 1765/1765 5708/5708 5877/5877
f 5708/5708 1556/1556 7754/7754
f 7257/7257 1556/1556 4795/4795
f 4795/4795 5708/5708 1765/1765
f 6747/6747 3079/3079 1765/1765
f 3583/3583 4717/4717 5124/5124
f 3003/3003 3583/3583 5337/5337
f 2904/2904 4717/4717 3583/3583
f 3003/3003 2904/2904 3583/3583
f 4717/4717 2904/2904 6747/6747
f 3079/3079 6747/6747 4145/4145
f 3003/3003 5337/5337 1596/1596
f 1647/1647 1596/1596 5337/5337
f 5205/5205 2904/2904 1596/1596
f 780/780 1647/1647 5337/5337
f 780/780 6257/6257 1647/1647
f 5205/5205 1596/1596 1647/1647
f 1272/1272 3330/3330 6257/6257
f 1272/1272 3232/3232 3330/3330
f 1647/1647 6257/6257 6463/6463
f 1647/1647 6463/6463 5205/5205
f 6463/6463 2321/2321 5205/5205
f 6463/6463 6257/6257 3330/3330
f 3330/3330 2321/2321 6463/6463
f 2904/2904 5135/5135 6747/6747
f 5205/5205 5135/5135 2904/2904
f 1542/1542 6747/6747 5135/5135
f 4145/4145 6747/6747 1542/1542
f 1839/1839 1542/1542 5135/5135
f 5205/5205 4959/4959 5135/5135
f 5135/5135 4959/4959 1839/1839
f 5205/5205 2321/2321 4959/4959
f 4959/4959 2321/2321 1839/1839
f 2769/2769 1839/1839 2321/2321
f 1556/1556 7257/7257 7473/7473
f 3411/3411 7473/7473 7257/7257
f 5748/5748 7257/7257 4795/4795
f 7257/7257 5748/5748 3411/3411
f 2763/2763 7473/7473 3411/3411
f 4609/4609 5748/5748 4795/4795
f 4609/4609 4795/4795 1765/1765
f 1765/1765 3079/3079 4609/4609
f 4982/4982 2996/2996 5748/5748
f 5748/5748 4609/4609 5731/5731
f 4982/4982 5748/5748 5731/5731
f 1688/1688 6025/6025 220/220
f 4609/4609 3079/3079 4145/4145
f 5731/5731 4609/4609 4145/4145
f 1542/1542 5731/5731 4145/4145
f 5025/5025 1542/1542 1839/1839
f 5025/5025 5731/5731 1542/1542
f 2530/2530 6149/6149 3078/3078
f 7076/7076 6072/6072 2530/2530
f 3681/3681 5961/5961 4484/4484
f 3681/3681 5730/5730 5961/5961
f 5961/5961 3698/3698 4484/4484
f 4790/4790 3698/3698 5961/5961
f 7988/7988 4790/4790 2232/2232
f 2232/2232 5961/5961 5902/5902
f 2124/2124 2232/2232 5902/5902
f 2232/2232 4790/4790 5961/5961
f 3698/3698 2502/2502 7076/7076
f 3701/3701 7076/7076 2502/2502
f 1413/1413 2502/2502 4790/4790
f 4790/4790 2502/2502 3698/3698
f 2502/2502 70/70 3701/3701
f 70/70 6072/6072 3701/3701
f 4790/4790 7988/7988 1413/1413
f 4741/4741 70/70 71/71
f 1413/1413 70/70 2502/2502
f 71/71 70/70 1413/1413
f 7988/7988 2232/2232 7664/7664
f 3481/3481 7664/7664 2232/2232
f 1413/1413 7988/7988 71/71
f 1199/1199 71/71 7988/7988
f 4348/4348 7664/7664 3481/3481
f 7664/7664 1199/1199 7988/7988
f 4348/4348 1199/1199 7664/7664
f 1883/1883 6072/6072 70/70
f 4741/4741 1883/1883 70/70
f 4741/4741 165/165 1883/1883
f 2631/2631 165/165 4741/4741
f 2631/2631 4741/4741 71/71
f 2631/2631 71/71 1199/1199
f 7986/7986 165/165 2631/2631
f 7586/7586 165/165 7986/7986
f 1199/1199 6163/6163 2631/2631
f 2631/2631 2113/2113 7986/7986
f 2113/2113 996/996 7986/7986
f 7986/7986 1671/1671 7586/7586
f 996/996 1671/1671 7986/7986
f 1671/1671 996/996 1272/1272
f 1272/1272 996/996 3232/3232
f 1102/1102 2832/2832 823/823
f 1669/1669 2780/2780 2227/2227
f 3112/3112 390/390 4441/4441
f 4044/4044 2926/2926 5828/5828
f 2057/2057 9/9 5828/5828
f 2994/2994 1161/1161 4583/4583
f 2058/2058 326/326 442/442
f 7493/7493 4442/4442 6124/6124
f 2337/2337 5362/5362 6124/6124
f 7864/7864 4794/4794 1516/1516
f 2850/2850 7671/7671 4794/4794
f 2994/2994 396/396 4097/4097
f 4097/4097 1161/1161 2994/2994
f 4295/4295 4388/4388 5426/5426
f 5426/5426 916/916 7166/7166
f 2490/2490 7747/7747 434/434
f 6109/6109 4890/4890 5958/5958
f 5179/5179 1699/1699 2508/2508
f 6703/6703 2295/2295 5641/5641
f 51/51 1523/1523 5349/5349
f 85/85 1699/1699 5641/5641
f 5179/5179 4241/4241 5641/5641
f 5179/5179 5641/5641 1699/1699
f 1865/1865 3821/3821 4241/4241
f 3885/3885 7569/7569 6414/6414
f 7569/7569 3885/3885 3600/3600
f 2780/2780 7048/7048 7148/7148
f 2407/2407 2780/2780 5831/5831
f 5671/5671 3885/3885 5342/5342
f 5722/5722 6395/6395 2565/2565
f 6731/6731 6699/6699 6740/6740
f 3865/3865 6373/6373 4949/4949
f 6425/6425 3296/3296 6594/6594
f 6731/6731 4377/4377 6699/6699
f 631/631 4377/4377 2951/2951
f 4377/4377 1387/1387 2951/2951
f 6373/6373 3865/3865 434/434
f 2434/2434 5887/5887 2798/2798
f 5887/5887 4085/4085 2798/2798
f 1430/1430 1175/1175 1403/1403
f 5052/5052 1430/1430 1403/1403
f 4638/4638 5398/5398 1175/1175
f 4638/4638 754/754 7544/7544
f 1075/1075 6363/6363 399/399
f 6250/6250 3957/3957 754/754
f 754/754 1175/1175 1430/1430
f 1430/1430 6140/6140 754/754
f 6140/6140 1430/1430 5052/5052
f 6250/6250 754/754 7978/7978
f 6140/6140 7978/7978 754/754
f 5227/5227 2616/2616 6140/6140
f 2616/2616 7978/7978 6140/6140
f 3957/3957 6250/6250 7847/7847
f 7978/7978 3347/3347 6250/6250
f 7978/7978 7077/7077 3347/3347
f 7978/7978 2616/2616 7077/7077
f 1175/1175 754/754 4638/4638
f 1403/1403 5100/5100 6483/6483
f 6483/6483 5052/5052 1403/1403
f 6483/6483 3544/3544 5052/5052
f 5227/5227 6140/6140 5052/5052
f 5227/5227 5052/5052 3544/3544
f 3544/3544 6331/6331 7111/7111
f 7111/7111 6331/6331 6137/6137
f 6070/6070 1357/1357 4699/4699
f 6425/6425 2951/2951 4905/4905
f 4905/4905 2951/2951 4699/4699
f 1357/1357 5646/5646 4905/4905
f 4905/4905 5646/5646 3797/3797
f 4905/4905 4699/4699 1357/1357
f 1357/1357 6162/6162 5646/5646
f 1357/1357 3484/3484 6162/6162
f 3484/3484 3821/3821 6162/6162
f 4699/4699 2951/2951 505/505
f 5670/5670 6070/6070 4699/4699
f 1366/1366 659/659 2450/2450
f 6673/6673 659/659 1366/1366
f 1366/1366 2450/2450 5775/5775
f 2450/2450 4494/4494 5775/5775
f 2850/2850 4794/4794 6049/6049
f 5592/5592 3533/3533 3094/3094
f 3094/3094 3533/3533 3791/3791
f 3533/3533 7883/7883 3791/3791
f 7883/7883 6368/6368 5287/5287
f 1921/1921 3094/3094 3791/3791
f 7911/7911 3094/3094 1921/1921
f 7883/7883 6638/6638 3791/3791
f 7911/7911 1921/1921 4242/4242
f 4242/4242 1525/1525 7911/7911
f 3367/3367 606/606 1525/1525
f 3367/3367 4242/4242 491/491
f 3791/3791 2547/2547 1921/1921
f 4242/4242 1921/1921 3536/3536
f 2547/2547 3791/3791 6638/6638
f 3536/3536 7875/7875 4242/4242
f 7875/7875 3536/3536 6152/6152
f 3536/3536 2547/2547 6152/6152
f 2547/2547 6628/6628 6152/6152
f 483/483 6186/6186 3282/3282
f 6186/6186 483/483 7542/7542
f 1208/1208 7542/7542 483/483
f 136/136 4489/4489 2259/2259
f 4489/4489 483/483 2259/2259
f 491/491 1213/1213 2349/2349
f 1213/1213 7875/7875 1115/1115
f 1213/1213 1115/1115 2349/2349
f 1115/1115 7875/7875 777/777
f 202/202 2608/2608 3844/3844
f 491/491 2349/2349 6470/6470
f 491/491 6470/6470 5011/5011
f 491/491 5011/5011 4075/4075
f 4075/4075 5011/5011 3643/3643
f 3643/3643 5011/5011 2068/2068
f 4075/4075 7381/7381 7727/7727
f 7381/7381 4075/4075 3643/3643
f 3643/3643 6885/6885 7381/7381
f 6470/6470 2349/2349 1655/1655
f 2068/2068 6470/6470 1655/1655
f 202/202 3844/3844 1979/1979
f 7263/7263 202/202 1979/1979
f 3963/3963 1595/1595 2406/2406
f 7263/7263 2406/2406 1595/1595
f 7381/7381 6885/6885 3187/3187
f 7381/7381 3187/3187 3963/3963
f 3187/3187 1595/1595 3963/3963
f 3187/3187 6885/6885 1164/1164
f 6170/6170 3187/3187 1164/1164
f 4269/4269 1595/1595 3187/3187
f 3187/3187 6166/6166 4269/4269
f 6166/6166 3187/3187 6170/6170
f 1595/1595 4307/4307 7263/7263
f 4307/4307 1595/1595 4269/4269
f 6333/6333 7263/7263 4307/4307
f 6333/6333 202/202 7263/7263
f 4269/4269 695/695 4307/4307
f 4307/4307 8064/8064 6333/6333
f 8064/8064 4307/4307 695/695
f 6166/6166 4793/4793 4269/4269
f 695/695 4269/4269 4793/4793
f 5426/5426 4774/4774 346/346
f 2780/2780 1015/1015 5831/5831
f 1015/1015 137/137 5831/5831
f 2407/2407 5831/5831 137/137
f 3291/3291 5438/5438 1514/1514
f 502/502 6020/6020 7947/7947
f 5755/5755 851/851 2381/2381
f 7468/7468 2381/2381 851/851
f 4854/4854 6139/6139 1532/1532
f 6139/6139 206/206 1532/1532
f 745/745 6139/6139 6395/6395
f 5975/5975 206/206 2001/2001
f 5975/5975 2001/2001 5254/5254
f 1304/1304 7014/7014 2491/2491
f 2491/2491 7014/7014 3980/3980
f 1451/1451 7466/7466 2172/2172
f 2327/2327 1451/1451 2172/2172
f 4774/4774 2215/2215 2738/2738
f 7014/7014 1304/1304 5174/5174
f 5174/5174 2255/2255 7014/7014
f 5174/5174 3197/3197 2255/2255
f 7180/7180 6843/6843 6669/6669
f 6843/6843 7180/7180 1682/1682
f 1325/1325 7415/7415 4587/4587
f 1261/1261 1325/1325 4587/4587
f 1903/1903 845/845 3197/3197
f 3197/3197 845/845 2255/2255
f 845/845 1903/1903 7019/7019
f 1451/1451 1903/1903 7466/7466
f 1903/1903 1451/1451 7019/7019
f 6045/6045 4521/4521 1588/1588
f 206/206 5975/5975 7140/7140
f 7140/7140 5975/5975 1066/1066
f 1066/1066 5975/5975 5254/5254
f 4688/4688 1066/1066 5254/5254
f 3980/3980 7478/7478 4688/4688
f 1066/1066 4688/4688 7478/7478
f 5741/5741 7019/7019 1451/1451
f 5741/5741 1451/1451 1992/1992
f 2327/2327 1992/1992 1451/1451
f 5148/5148 5741/5741 1992/1992
f 3892/3892 5148/5148 1992/1992
f 5148/5148 3619/3619 5741/5741
f 6825/6825 7014/7014 2255/2255
f 522/522 6965/6965 267/267
f 3619/3619 6965/6965 522/522
f 845/845 5595/5595 2255/2255
f 5595/5595 5741/5741 3619/3619
f 4205/4205 7542/7542 5375/5375
f 59/59 2304/2304 7354/7354
f 5452/5452 2313/2313 7876/7876
f 6738/6738 3165/3165 2313/2313
f 59/59 7354/7354 7002/7002
f 7354/7354 6838/6838 5967/5967
f 2313/2313 4458/4458 7876/7876
f 4458/4458 2313/2313 5239/5239
f 4458/4458 5239/5239 7180/7180
f 3149/3149 8038/8038 5239/5239
f 8038/8038 7180/7180 5239/5239
f 7180/7180 8038/8038 1682/1682
f 202/202 5809/5809 2608/2608
f 6487/6487 5809/5809 202/202
f 3128/3128 5809/5809 6487/6487
f 3735/3735 5809/5809 5614/5614
f 3128/3128 5614/5614 5809/5809
f 5614/5614 3128/3128 1620/1620
f 3128/3128 5957/5957 1620/1620
f 1487/1487 59/59 7002/7002
f 5967/5967 1693/1693 5416/5416
f 688/688 5416/5416 3735/3735
f 688/688 5967/5967 5416/5416
f 5434/5434 7002/7002 7160/7160
f 7060/7060 688/688 3735/3735
f 7060/7060 3735/3735 5614/5614
f 6578/6578 7060/7060 5614/5614
f 2251/2251 5967/5967 688/688
f 5967/5967 2251/2251 7160/7160
f 2251/2251 5434/5434 7160/7160
f 7535/7535 5434/5434 2251/2251
f 688/688 7060/7060 2251/2251
f 6578/6578 5614/5614 1620/1620
f 6578/6578 1620/1620 2689/2689
f 6578/6578 2204/2204 7060/7060
f 2689/2689 2580/2580 6578/6578
f 7266/7266 2580/2580 2689/2689
f 2377/2377 2251/2251 7060/7060
f 7535/7535 2251/2251 2377/2377
f 2204/2204 2377/2377 7060/7060
f 2580/2580 2204/2204 6578/6578
f 2377/2377 2204/2204 1695/1695
f 2580/2580 4221/4221 2204/2204
f 4221/4221 1695/1695 2204/2204
f 2580/2580 7266/7266 4221/4221
f 7266/7266 5740/5740 4221/4221
f 5740/5740 7266/7266 1943/1943
f 6888/6888 6487/6487 202/202
f 6888/6888 202/202 6333/6333
f 3040/3040 6888/6888 6333/6333
f 695/695 1241/1241 8064/8064
f 3040/3040 8064/8064 5465/5465
f 8064/8064 1241/1241 5465/5465
f 6888/6888 3128/3128 6487/6487
f 3040/3040 5957/5957 3128/3128
f 3040/3040 3128/3128 6888/6888
f 5957/5957 3040/3040 3565/3565
f 3565/3565 3040/3040 5465/5465
f 1620/1620 5957/5957 3565/3565
f 5465/5465 3485/3485 3565/3565
f 2689/2689 1620/1620 3565/3565
f 5427/5427 3565/3565 3485/3485
f 7266/7266 2689/2689 5427/5427
f 997/997 7266/7266 5427/5427
f 1943/1943 7266/7266 997/997
f 4244/4244 3149/3149 7898/7898
f 4354/4354 7898/7898 1487/1487
f 4354/4354 4244/4244 7898/7898
f 200/200 4051/4051 48/48
f 7591/7591 1253/1253 2100/2100
f 5423/5423 48/48 4274/4274
f 7591/7591 5423/5423 1253/1253
f 1253/1253 5423/5423 7965/7965
f 3078/3078 1033/1033 7670/7670
f 3078/3078 2234/2234 3681/3681
f 3681/3681 4484/4484 3078/3078
f 7535/7535 2377/2377 1695/1695
f 1467/1467 4274/4274 48/48
f 1467/1467 3549/3549 4274/4274
f 5939/5939 4221/4221 5740/5740
f 2839/2839 4221/4221 4240/4240
f 703/703 6776/6776 2839/2839
f 703/703 2839/2839 4240/4240
f 4240/4240 4221/4221 5939/5939
f 1695/1695 2839/2839 3549/3549
f 2839/2839 6776/6776 3549/3549
f 703/703 934/934 6776/6776
f 703/703 6579/6579 934/934
f 934/934 3670/3670 987/987
f 3670/3670 934/934 6485/6485
f 4023/4023 3481/3481 1818/1818
f 1757/1757 4274/4274 7649/7649
f 987/987 5353/5353 2408/2408
f 987/987 3670/3670 5353/5353
f 2327/2327 2172/2172 115/115
f 2172/2172 1483/1483 115/115
f 2698/2698 3063/3063 4852/4852
f 3359/3359 7757/7757 7286/7286
f 1992/1992 2327/2327 2624/2624
f 1992/1992 2624/2624 6639/6639
f 2707/2707 1992/1992 6639/6639
f 2707/2707 6639/6639 2764/2764
f 6639/6639 8006/8006 2764/2764
f 2707/2707 2764/2764 2691/2691
f 1957/1957 3882/3882 1395/1395
f 3882/3882 2764/2764 1395/1395
f 8006/8006 1395/1395 2764/2764
f 2691/2691 2764/2764 3882/3882
f 1992/1992 2707/2707 1443/1443
f 2707/2707 471/471 1443/1443
f 471/471 2707/2707 4508/4508
f 2691/2691 4508/4508 2707/2707
f 1400/1400 3550/3550 2451/2451
f 1395/1395 2698/2698 1957/1957
f 1957/1957 4217/4217 3550/3550
f 4217/4217 2451/2451 3550/3550
f 5682/5682 7131/7131 6283/6283
f 1443/1443 471/471 6475/6475
f 471/471 4508/4508 7447/7447
f 7447/7447 4508/4508 5682/5682
f 7447/7447 5682/5682 6283/6283
f 1435/1435 7447/7447 6283/6283
f 6810/6810 3550/3550 1400/1400
f 4296/4296 6810/6810 1400/1400
f 1196/1196 4297/4297 5600/5600
f 1195/1195 7131/7131 4296/4296
f 1883/1883 165/165 1831/1831
f 820/820 7379/7379 1664/1664
f 7223/7223 2208/2208 721/721
f 1664/1664 7379/7379 6829/6829
f 2887/2887 2487/2487 4326/4326
f 7473/7473 6663/6663 3061/3061
f 6663/6663 8022/8022 3061/3061
f 1697/1697 3061/3061 8022/8022
f 8060/8060 4326/4326 2219/2219
f 3186/3186 8060/8060 8022/8022
f 6663/6663 3186/3186 8022/8022
f 2763/2763 1345/1345 6663/6663
f 131/131 3186/3186 6663/6663
f 5787/5787 1106/1106 5124/5124
f 4717/4717 5787/5787 5124/5124
f 4717/4717 6747/6747 5787/5787
f 1765/1765 5877/5877 5787/5787
f 6284/6284 5124/5124 1106/1106
f 5708/5708 4795/4795 1556/1556
f 3003/3003 1596/1596 2904/2904
f 3411/3411 2996/2996 2763/2763
f 2996/2996 1345/1345 2763/2763
f 2996/2996 3411/3411 5748/5748
f 6663/6663 1345/1345 131/131
f 3078/3078 3698/3698 2530/2530
f 3078/3078 4484/4484 3698/3698
f 2530/2530 3698/3698 7076/7076
f 3701/3701 6072/6072 7076/7076
f 2124/2124 3481/3481 2232/2232
f 3481/3481 1890/1890 4348/4348
f 3203/3203 1922/1922 171/171
f 7162/7162 470/470 5358/5358
f 5003/5003 5827/5827 7162/7162
f 5003/5003 2910/2910 5827/5827
f 5358/5358 5003/5003 7162/7162
f 2638/2638 5003/5003 5358/5358
f 3203/3203 6469/6469 3310/3310
f 3310/3310 6469/6469 2910/2910
f 3310/3310 2910/2910 5003/5003
f 3203/3203 3310/3310 6125/6125
f 3203/3203 171/171 6469/6469
f 438/438 1339/1339 2929/2929
f 2897/2897 438/438 5306/5306
f 4707/4707 4727/4727 6327/6327
f 3203/3203 6125/6125 1922/1922
f 2369/2369 6125/6125 4727/4727
f 4727/4727 6125/6125 2549/2549
f 4707/4707 2369/2369 4727/4727
f 2369/2369 4761/4761 3114/3114
f 3114/3114 6125/6125 2369/2369
f 6125/6125 3114/3114 1922/1922
f 5255/5255 6327/6327 1339/1339
f 5255/5255 4707/4707 6327/6327
f 5255/5255 3318/3318 3595/3595
f 3595/3595 4707/4707 5255/5255
f 5487/5487 3595/3595 3318/3318
f 7539/7539 2369/2369 4707/4707
f 7539/7539 4761/4761 2369/2369
f 4911/4911 4761/4761 7539/7539
f 4707/4707 3595/3595 7539/7539
f 2808/2808 7539/7539 3595/3595
f 4911/4911 7539/7539 2808/2808
f 2549/2549 3310/3310 2638/2638
f 3310/3310 5003/5003 2638/2638
f 520/520 6327/6327 2638/2638
f 520/520 1339/1339 6327/6327
f 6327/6327 2549/2549 2638/2638
f 6327/6327 4727/4727 2549/2549
f 2549/2549 6125/6125 3310/3310
f 438/438 5255/5255 1339/1339
f 3318/3318 5255/5255 438/438
f 2897/2897 3318/3318 438/438
f 4341/4341 6577/6577 2319/2319
f 4341/4341 2319/2319 3092/3092
f 4063/4063 171/171 5429/5429
f 171/171 1922/1922 5429/5429
f 5429/5429 1922/1922 5291/5291
f 5429/5429 2029/2029 4063/4063
f 6183/6183 2029/2029 5429/5429
f 5291/5291 6183/6183 5429/5429
f 2319/2319 6577/6577 6529/6529
f 2030/2030 946/946 6577/6577
f 946/946 6529/6529 6577/6577
f 947/947 2029/2029 6183/6183
f 4063/4063 1864/1864 171/171
f 6529/6529 617/617 2319/2319
f 573/573 617/617 6529/6529
f 7123/7123 6543/6543 617/617
f 7123/7123 617/617 573/573
f 5291/5291 1922/1922 189/189
f 3114/3114 189/189 1922/1922
f 4393/4393 5291/5291 189/189
f 4761/4761 189/189 3114/3114
f 7018/7018 189/189 4761/4761
f 7018/7018 4393/4393 189/189
f 4393/4393 6183/6183 5291/5291
f 6183/6183 4393/4393 5290/5290
f 103/103 7368/7368 6183/6183
f 5290/5290 103/103 6183/6183
f 6183/6183 7368/7368 947/947
f 4630/4630 4393/4393 7018/7018
f 5290/5290 4393/4393 4630/4630
f 2162/2162 5290/5290 4630/4630
f 4956/4956 3808/3808 1947/1947
f 4761/4761 4911/4911 1947/1947
f 1947/1947 7018/7018 4761/4761
f 1406/1406 7018/7018 1947/1947
f 7018/7018 1406/1406 4630/4630
f 3808/3808 1406/1406 1947/1947
f 4911/4911 4956/4956 1947/1947
f 6591/6591 1406/1406 3808/3808
f 6591/6591 4847/4847 1406/1406
f 3455/3455 4847/4847 6591/6591
f 4847/4847 4630/4630 1406/1406
f 4630/4630 4847/4847 2162/2162
f 4847/4847 3587/3587 2162/2162
f 1735/1735 573/573 7367/7367
f 7368/7368 103/103 1734/1734
f 2162/2162 103/103 5290/5290
f 1734/1734 103/103 1236/1236
f 1236/1236 103/103 2162/2162
f 1236/1236 2175/2175 1734/1734
f 1236/1236 4529/4529 2175/2175
f 2162/2162 3199/3199 1236/1236
f 781/781 4529/4529 1236/1236
f 3199/3199 781/781 1236/1236
f 7123/7123 573/573 7094/7094
f 3455/3455 3587/3587 4847/4847
f 3587/3587 3455/3455 5081/5081
f 3587/3587 3199/3199 2162/2162
f 5081/5081 3199/3199 3587/3587
f 5461/5461 3199/3199 5081/5081
f 5776/5776 781/781 3199/3199
f 5461/5461 5776/5776 3199/3199
f 313/313 5776/5776 5461/5461
f 7993/7993 5776/5776 313/313
f 3604/3604 3318/3318 2897/2897
f 5487/5487 5458/5458 3595/3595
f 2808/2808 3595/3595 5458/5458
f 1030/1030 2808/2808 5458/5458
f 7688/7688 1030/1030 5458/5458
f 2808/2808 1030/1030 2990/2990
f 1030/1030 311/311 2990/2990
f 1030/1030 7688/7688 311/311
f 7724/7724 2990/2990 311/311
f 311/311 5826/5826 7724/7724
f 311/311 4789/4789 5826/5826
f 6110/6110 6270/6270 286/286
f 6270/6270 6110/6110 5709/5709
f 286/286 1134/1134 7050/7050
f 2990/2990 457/457 4956/4956
f 457/457 3808/3808 4956/4956
f 457/457 596/596 3808/3808
f 2990/2990 2566/2566 457/457
f 2990/2990 7724/7724 2566/2566
f 2566/2566 596/596 457/457
f 4956/4956 4911/4911 2808/2808
f 2990/2990 4956/4956 2808/2808
f 596/596 6591/6591 3808/3808
f 3455/3455 6591/6591 2835/2835
f 2835/2835 6591/6591 596/596
f 6301/6301 596/596 2566/2566
f 6301/6301 2835/2835 596/596
f 6301/6301 928/928 2835/2835
f 7724/7724 4833/4833 2566/2566
f 6301/6301 2566/2566 6713/6713
f 6713/6713 7479/7479 6301/6301
f 7479/7479 928/928 6301/6301
f 3029/3029 928/928 7479/7479
f 5081/5081 3455/3455 3302/3302
f 3302/3302 3455/3455 2835/2835
f 1270/1270 5081/5081 3302/3302
f 928/928 3302/3302 2835/2835
f 3029/3029 1270/1270 3302/3302
f 3302/3302 928/928 3029/3029
f 1309/1309 1270/1270 3029/3029
f 2774/2774 5461/5461 1270/1270
f 1270/1270 5461/5461 5081/5081
f 1270/1270 1309/1309 2774/2774
f 313/313 5461/5461 2774/2774
f 1162/1162 313/313 2774/2774
f 1162/1162 7993/7993 313/313
f 2774/2774 1262/1262 1162/1162
f 1262/1262 1042/1042 1162/1162
f 1317/1317 3029/3029 7479/7479
f 1309/1309 3029/3029 1317/1317
f 1886/1886 1317/1317 7479/7479
f 3168/3168 7247/7247 3111/3111
f 1504/1504 286/286 7050/7050
f 5837/5837 1504/1504 7050/7050
f 2518/2518 1504/1504 5837/5837
f 1504/1504 6110/6110 286/286
f 1504/1504 2883/2883 6110/6110
f 2883/2883 5709/5709 6110/6110
f 2883/2883 1504/1504 2518/2518
f 4649/4649 2518/2518 5837/5837
f 2518/2518 6917/6917 2883/2883
f 6963/6963 2883/2883 6917/6917
f 4470/4470 6963/6963 6917/6917
f 7750/7750 7735/7735 3178/3178
f 6548/6548 7735/7735 3368/3368
f 7735/7735 2167/2167 7388/7388
f 3178/3178 7735/7735 7388/7388
f 768/768 3178/3178 7388/7388
f 999/999 941/941 7343/7343
f 5924/5924 7343/7343 5941/5941
f 7343/7343 5924/5924 999/999
f 2875/2875 7183/7183 5931/5931
f 2875/2875 2646/2646 4124/4124
f 2875/2875 2047/2047 2646/2646
f 2875/2875 5931/5931 2047/2047
f 2047/2047 1216/1216 2646/2646
f 1216/1216 1223/1223 2646/2646
f 2047/2047 5931/5931 3013/3013
f 5931/5931 4888/4888 5591/5591
f 3013/3013 5931/5931 5591/5591
f 5481/5481 5591/5591 6913/6913
f 5591/5591 4466/4466 6913/6913
f 5481/5481 3013/3013 5591/5591
f 1216/1216 2047/2047 3013/3013
f 1216/1216 3013/3013 7745/7745
f 1223/1223 1216/1216 7745/7745
f 5481/5481 7745/7745 3013/3013
f 7745/7745 5481/5481 4776/4776
f 5242/5242 6913/6913 4466/4466
f 5242/5242 2591/2591 6913/6913
f 5481/5481 6913/6913 2591/2591
f 4776/4776 5481/5481 2591/2591
f 4466/4466 6770/6770 5242/5242
f 2183/2183 2591/2591 5242/5242
f 6770/6770 2183/2183 5242/5242
f 6770/6770 221/221 2183/2183
f 221/221 6770/6770 3467/3467
f 2183/2183 3354/3354 2591/2591
f 4776/4776 2591/2591 3354/3354
f 3354/3354 2183/2183 221/221
f 4313/4313 221/221 3467/3467
f 3270/3270 4124/4124 2646/2646
f 3270/3270 2646/2646 1223/1223
f 1223/1223 272/272 3270/3270
f 4809/4809 5825/5825 1223/1223
f 5892/5892 3270/3270 272/272
f 5825/5825 272/272 1223/1223
f 1223/1223 7745/7745 4809/4809
f 7745/7745 4776/4776 7458/7458
f 4809/4809 7745/7745 7458/7458
f 3354/3354 7458/7458 4776/4776
f 6501/6501 7458/7458 3354/3354
f 6528/6528 4809/4809 7458/7458
f 7458/7458 6501/6501 6528/6528
f 6501/6501 3354/3354 3376/3376
f 4809/4809 6528/6528 3523/3523
f 2888/2888 6528/6528 6501/6501
f 3523/3523 6528/6528 2888/2888
f 1035/1035 5825/5825 4809/4809
f 1035/1035 4809/4809 3523/3523
f 3523/3523 2014/2014 1035/1035
f 3376/3376 3354/3354 221/221
f 221/221 4313/4313 3376/3376
f 3376/3376 2888/2888 6501/6501
f 3376/3376 4313/4313 4975/4975
f 2888/2888 3376/3376 4975/4975
f 4975/4975 1888/1888 3491/3491
f 1685/1685 6256/6256 62/62
f 1685/1685 62/62 2803/2803
f 1685/1685 6564/6564 6256/6256
f 6011/6011 2803/2803 2771/2771
f 1685/1685 6011/6011 6564/6564
f 6011/6011 1685/1685 2803/2803
f 2244/2244 6256/6256 6564/6564
f 6564/6564 6007/6007 2244/2244
f 999/999 3023/3023 941/941
f 2925/2925 3023/3023 999/999
f 2803/2803 62/62 3023/3023
f 7828/7828 999/999 5924/5924
f 2925/2925 999/999 7828/7828
f 2771/2771 2803/2803 3023/3023
f 2925/2925 2771/2771 3023/3023
f 6011/6011 2771/2771 7362/7362
f 7154/7154 2771/2771 2925/2925
f 7154/7154 7362/7362 2771/2771
f 7828/7828 3495/3495 2925/2925
f 2925/2925 3495/3495 7154/7154
f 5943/5943 6007/6007 6564/6564
f 5943/5943 6564/6564 1358/1358
f 1358/1358 6564/6564 6011/6011
f 6011/6011 2206/2206 1358/1358
f 1358/1358 2206/2206 5028/5028
f 1358/1358 5028/5028 5943/5943
f 5943/5943 5028/5028 7982/7982
f 834/834 5028/5028 6026/6026
f 834/834 1444/1444 5028/5028
f 2206/2206 6011/6011 7362/7362
f 3495/3495 5574/5574 7154/7154
f 7362/7362 6026/6026 2206/2206
f 5028/5028 2206/2206 6026/6026
f 7154/7154 5574/5574 7362/7362
f 5574/5574 7331/7331 7362/7362
f 6026/6026 7362/7362 6874/6874
f 834/834 6026/6026 3835/3835
f 6026/6026 6874/6874 3835/3835
f 3835/3835 6874/6874 6672/6672
f 7362/7362 7331/7331 6874/6874
f 6672/6672 6874/6874 7331/7331
f 7331/7331 5308/5308 6672/6672
f 1931/1931 6007/6007 5943/5943
f 4612/4612 6007/6007 1931/1931
f 3334/3334 1931/1931 7982/7982
f 5943/5943 7982/7982 1931/1931
f 3334/3334 4612/4612 1931/1931
f 3334/3334 2039/2039 4612/4612
f 7982/7982 5691/5691 3334/3334
f 6911/6911 5691/5691 7982/7982
f 5028/5028 1444/1444 7982/7982
f 7982/7982 1444/1444 6911/6911
f 4698/4698 1444/1444 834/834
f 6911/6911 1444/1444 563/563
f 563/563 35/35 6911/6911
f 5691/5691 2039/2039 3334/3334
f 5691/5691 6478/6478 2039/2039
f 4821/4821 6478/6478 5691/5691
f 5691/5691 6911/6911 4821/4821
f 4821/4821 6911/6911 35/35
f 4698/4698 834/834 3835/3835
f 6672/6672 6921/6921 3835/3835
f 6921/6921 4698/4698 3835/3835
f 563/563 1444/1444 4698/4698
f 6921/6921 6672/6672 7420/7420
f 7828/7828 5924/5924 5892/5892
f 1575/1575 5892/5892 1219/1219
f 1219/1219 5892/5892 272/272
f 7828/7828 5892/5892 1575/1575
f 1575/1575 1219/1219 3361/3361
f 3361/3361 1219/1219 5825/5825
f 2014/2014 5825/5825 1035/1035
f 3361/3361 5825/5825 2014/2014
f 3361/3361 2014/2014 4927/4927
f 7828/7828 1575/1575 1785/1785
f 1785/1785 1575/1575 786/786
f 3495/3495 7828/7828 1785/1785
f 1785/1785 5574/5574 3495/3495
f 5574/5574 1785/1785 3650/3650
f 3650/3650 1785/1785 786/786
f 3361/3361 786/786 1575/1575
f 3361/3361 4927/4927 2713/2713
f 2713/2713 786/786 3361/3361
f 3650/3650 786/786 2713/2713
f 2713/2713 4927/4927 7027/7027
f 3781/3781 2713/2713 7027/7027
f 1675/1675 2014/2014 3523/3523
f 4927/4927 2014/2014 1675/1675
f 1675/1675 7303/7303 4927/4927
f 7027/7027 4927/4927 7303/7303
f 3523/3523 2888/2888 3491/3491
f 1675/1675 3523/3523 3491/3491
f 4975/4975 3491/3491 2888/2888
f 1888/1888 4975/4975 4908/4908
f 6670/6670 1888/1888 4908/4908
f 1675/1675 6034/6034 7303/7303
f 6034/6034 1675/1675 2351/2351
f 1675/1675 3491/3491 2351/2351
f 2351/2351 3491/3491 1888/1888
f 2351/2351 1888/1888 7602/7602
f 6034/6034 2351/2351 7602/7602
f 7602/7602 1888/1888 3144/3144
f 6670/6670 3144/3144 1888/1888
f 3144/3144 6670/6670 647/647
f 7331/7331 5574/5574 5720/5720
f 5574/5574 3650/3650 5720/5720
f 6804/6804 5720/5720 3650/3650
f 4842/4842 5720/5720 6804/6804
f 3781/3781 6804/6804 3650/3650
f 3650/3650 2713/2713 3781/3781
f 7027/7027 719/719 3781/3781
f 6804/6804 3781/3781 645/645
f 645/645 3781/3781 719/719
f 4842/4842 7331/7331 5720/5720
f 7331/7331 4842/4842 5308/5308
f 4842/4842 645/645 6167/6167
f 645/645 4842/4842 6804/6804
f 7303/7303 719/719 7027/7027
f 6167/6167 645/645 2110/2110
f 645/645 719/719 2110/2110
f 5308/5308 4842/4842 5611/5611
f 6672/6672 5308/5308 7420/7420
f 5611/5611 7420/7420 5308/5308
f 5611/5611 4842/4842 6167/6167
f 6167/6167 6519/6519 5611/5611
f 6167/6167 2110/2110 5103/5103
f 6519/6519 6167/6167 5103/5103
f 3254/3254 5103/5103 2110/2110
f 3254/3254 642/642 5103/5103
f 719/719 7303/7303 6034/6034
f 719/719 6034/6034 5634/5634
f 5634/5634 2110/2110 719/719
f 6034/6034 7602/7602 5634/5634
f 7602/7602 4218/4218 5634/5634
f 7602/7602 3144/3144 4218/4218
f 4218/4218 3144/3144 647/647
f 4218/4218 3672/3672 4689/4689
f 7655/7655 4218/4218 647/647
f 2110/2110 5634/5634 3254/3254
f 4689/4689 3254/3254 5634/5634
f 3421/3421 3254/3254 1861/1861
f 3254/3254 4689/4689 1861/1861
f 4689/4689 5634/5634 4218/4218
f 6478/6478 4821/4821 5169/5169
f 3110/3110 6478/6478 5169/5169
f 6526/6526 7840/7840 4625/4625
f 5169/5169 4625/4625 3110/3110
f 4625/4625 5169/5169 6065/6065
f 4821/4821 6065/6065 5169/5169
f 6065/6065 456/456 4625/4625
f 3672/3672 7655/7655 4376/4376
f 5803/5803 1861/1861 4643/4643
f 3672/3672 4218/4218 7655/7655
f 3672/3672 1861/1861 4689/4689
f 1861/1861 3672/3672 4643/4643
f 3672/3672 4376/4376 7961/7961
f 4643/4643 3672/3672 7961/7961
f 4642/4642 7962/7962 3794/3794
f 3794/3794 5802/5802 4642/4642
f 3133/3133 2711/2711 3306/3306
f 7356/7356 3794/3794 7962/7962
f 7356/7356 4830/4830 3231/3231
f 616/616 3794/3794 3231/3231
f 168/168 3794/3794 616/616
f 3231/3231 3794/3794 7356/7356
f 1046/1046 2169/2169 5198/5198
f 5198/5198 3231/3231 4830/4830
f 5198/5198 4830/4830 3306/3306
f 4830/4830 3133/3133 3306/3306
f 7380/7380 3306/3306 2711/2711
f 616/616 3231/3231 5198/5198
f 3306/3306 1046/1046 5198/5198
f 3168/3168 3111/3111 5709/5709
f 5709/5709 2883/2883 3168/3168
f 3168/3168 6963/6963 6834/6834
f 5771/5771 6834/6834 6963/6963
f 7247/7247 3168/3168 6834/6834
f 3168/3168 2883/2883 6963/6963
f 6834/6834 5771/5771 1187/1187
f 2736/2736 6572/6572 3247/3247
f 2237/2237 3658/3658 1146/1146
f 5054/5054 5868/5868 7034/7034
f 7034/7034 5868/5868 4040/4040
f 6248/6248 7034/7034 1454/1454
f 7004/7004 1611/1611 7197/7197
f 6248/6248 1146/1146 1611/1611
f 7034/7034 6248/6248 7004/7004
f 6248/6248 1611/1611 7004/7004
f 312/312 1454/1454 7034/7034
f 7004/7004 5054/5054 7034/7034
f 5054/5054 7004/7004 7197/7197
f 2668/2668 7032/7032 3093/3093
f 5268/5268 3093/3093 4731/4731
f 4935/4935 1473/1473 6010/6010
f 6893/6893 6010/6010 3047/3047
f 6010/6010 6893/6893 4935/4935
f 3866/3866 3047/3047 6010/6010
f 3047/3047 3866/3866 4593/4593
f 4286/4286 519/519 6439/6439
f 4286/4286 6439/6439 5401/5401
f 633/633 4286/4286 5401/5401
f 5998/5998 3551/3551 3292/3292
f 5998/5998 4603/4603 3551/3551
f 4603/4603 5998/5998 3263/3263
f 5366/5366 3292/3292 3866/3866
f 5366/5366 2347/2347 3292/3292
f 1276/1276 5998/5998 2347/2347
f 2347/2347 5268/5268 6477/6477
f 6477/6477 3754/3754 1276/1276
f 6477/6477 1276/1276 2347/2347
f 5993/5993 5998/5998 1276/1276
f 1276/1276 3754/3754 5993/5993
f 5998/5998 3292/3292 2347/2347
f 3866/3866 3292/3292 4593/4593
f 353/353 3055/3055 3937/3937
f 3937/3937 3055/3055 2237/2237
f 339/339 7416/7416 3520/3520
f 3937/3937 7416/7416 5765/5765
f 353/353 3937/3937 5765/5765
f 7416/7416 2237/2237 3520/3520
f 3658/3658 2237/2237 3055/3055
f 2237/2237 1146/1146 3520/3520
f 7416/7416 3937/3937 2237/2237
f 1720/1720 353/353 5765/5765
f 1454/1454 339/339 3520/3520
f 6248/6248 1454/1454 3520/3520
f 3520/3520 1146/1146 6248/6248
f 1190/1190 722/722 4332/4332
f 722/722 1190/1190 649/649
f 2945/2945 1601/1601 4332/4332
f 4332/4332 722/722 2945/2945
f 2945/2945 3711/3711 1601/1601
f 2945/2945 2135/2135 3711/3711
f 4387/4387 7366/7366 3711/3711
f 2135/2135 4387/4387 3711/3711
f 5593/5593 4387/4387 2135/2135
f 4387/4387 4970/4970 1506/1506
f 4970/4970 4387/4387 5593/5593
f 35/35 6065/6065 4821/4821
f 6921/6921 563/563 4698/4698
f 7312/7312 563/563 6921/6921
f 6921/6921 178/178 7312/7312
f 5611/5611 7806/7806 7420/7420
f 7806/7806 6921/6921 7420/7420
f 563/563 1049/1049 35/35
f 7312/7312 1049/1049 563/563
f 6921/6921 7806/7806 178/178
f 178/178 7806/7806 1912/1912
f 7312/7312 178/178 1912/1912
f 8020/8020 7312/7312 1912/1912
f 5611/5611 6519/6519 7806/7806
f 7806/7806 6519/6519 6187/6187
f 1912/1912 7806/7806 6187/6187
f 6585/6585 1912/1912 6187/6187
f 5103/5103 6187/6187 6519/6519
f 8020/8020 1912/1912 6585/6585
f 6187/6187 7572/7572 6585/6585
f 7572/7572 6187/6187 642/642
f 642/642 6187/6187 5103/5103
f 3254/3254 3421/3421 642/642
f 4189/4189 649/649 3590/3590
f 3590/3590 4625/4625 5999/5999
f 4625/4625 456/456 5999/5999
f 722/722 649/649 4189/4189
f 4189/4189 5995/5995 722/722
f 4189/4189 3590/3590 5999/5999
f 3839/3839 4189/4189 5999/5999
f 2945/2945 722/722 5995/5995
f 2945/2945 5995/5995 4169/4169
f 2135/2135 2945/2945 4169/4169
f 5995/5995 4189/4189 3839/3839
f 6065/6065 35/35 1490/1490
f 5468/5468 456/456 6325/6325
f 6065/6065 6325/6325 456/456
f 6325/6325 6065/6065 1490/1490
f 5999/5999 456/456 3839/3839
f 3839/3839 456/456 5468/5468
f 2013/2013 1490/1490 35/35
f 3839/3839 5468/5468 7396/7396
f 7396/7396 5995/5995 3839/3839
f 7396/7396 5468/5468 2837/2837
f 6078/6078 5468/5468 6325/6325
f 6325/6325 3593/3593 6078/6078
f 1490/1490 4530/4530 6325/6325
f 4530/4530 3593/3593 6325/6325
f 2837/2837 5468/5468 6078/6078
f 7517/7517 2837/2837 6078/6078
f 6078/6078 3593/3593 3445/3445
f 4076/4076 3593/3593 4530/4530
f 4076/4076 3445/3445 3593/3593
f 3444/3444 4077/4077 7732/7732
f 7517/7517 6078/6078 3445/3445
f 3445/3445 3971/3971 7517/7517
f 4169/4169 5995/5995 7396/7396
f 5593/5593 2135/2135 4169/4169
f 1502/1502 5593/5593 4169/4169
f 1502/1502 4169/4169 7804/7804
f 7804/7804 4169/4169 7396/7396
f 7804/7804 7396/7396 2837/2837
f 2837/2837 7517/7517 7804/7804
f 2243/2243 7517/7517 3971/3971
f 7517/7517 1502/1502 7804/7804
f 1049/1049 2013/2013 35/35
f 2013/2013 1049/1049 5581/5581
f 7312/7312 5581/5581 1049/1049
f 4530/4530 1490/1490 2013/2013
f 6794/6794 2013/2013 5581/5581
f 7312/7312 8020/8020 5581/5581
f 8020/8020 5055/5055 5581/5581
f 5581/5581 5055/5055 6794/6794
f 6794/6794 4530/4530 2013/2013
f 6794/6794 7761/7761 4530/4530
f 4076/4076 4530/4530 7761/7761
f 2457/2457 6794/6794 5055/5055
f 2457/2457 7761/7761 6794/6794
f 3972/3972 3444/3444 4473/4473
f 3444/3444 7732/7732 4473/4473
f 7732/7732 4077/4077 5157/5157
f 3623/3623 3972/3972 6300/6300
f 3824/3824 1501/1501 3623/3623
f 1505/1505 709/709 2125/2125
f 4969/4969 709/709 1505/1505
f 709/709 4969/4969 3824/3824
f 1497/1497 709/709 3824/3824
f 1497/1497 3824/3824 3623/3623
f 5593/5593 3825/3825 4970/4970
f 3825/3825 5593/5593 1502/1502
f 2242/2242 3972/3972 3623/3623
f 2243/2243 1502/1502 7517/7517
f 3623/3623 1501/1501 2242/2242
f 4077/4077 7762/7762 4224/4224
f 4224/4224 5157/5157 4077/4077
f 7762/7762 2055/2055 4224/4224
f 2055/2055 7762/7762 2456/2456
f 6423/6423 2669/2669 4224/4224
f 4224/4224 2055/2055 6423/6423
f 578/578 1140/1140 674/674
f 674/674 1140/1140 1425/1425
f 2261/2261 2055/2055 2456/2456
f 1425/1425 2055/2055 2261/2261
f 2055/2055 1425/1425 6423/6423
f 1425/1425 1140/1140 6423/6423
f 5430/5430 1425/1425 2261/2261
f 1425/1425 5430/5430 674/674
f 7572/7572 8020/8020 6585/6585
f 8020/8020 7572/7572 6671/6671
f 8020/8020 6671/6671 5055/5055
f 7572/7572 6323/6323 6671/6671
f 5055/5055 6671/6671 6323/6323
f 4285/4285 6323/6323 5261/5261
f 3421/3421 1927/1927 642/642
f 1927/1927 7572/7572 642/642
f 6323/6323 7572/7572 1927/1927
f 5261/5261 6323/6323 1927/1927
f 5261/5261 1927/1927 859/859
f 858/858 4055/4055 5260/5260
f 5565/5565 4055/4055 6018/6018
f 6018/6018 4055/4055 3560/3560
f 5055/5055 6323/6323 4285/4285
f 5055/5055 4285/4285 2457/2457
f 5565/5565 4284/4284 5260/5260
f 2456/2456 4284/4284 5565/5565
f 4055/4055 5565/5565 5260/5260
f 3421/3421 859/859 1927/1927
f 3421/3421 5803/5803 859/859
f 1861/1861 5803/5803 3421/3421
f 168/168 5802/5802 3794/3794
f 168/168 3560/3560 5802/5802
f 3560/3560 858/858 5802/5802
f 4055/4055 858/858 3560/3560
f 3560/3560 3610/3610 6018/6018
f 6018/6018 3610/3610 4229/4229
f 3272/3272 674/674 5430/5430
f 218/218 5285/5285 4229/4229
f 4229/4229 3610/3610 218/218
f 218/218 2429/2429 6229/6229
f 218/218 6229/6229 3272/3272
f 3272/3272 5285/5285 218/218
f 218/218 3610/3610 2906/2906
f 2906/2906 2429/2429 218/218
f 2261/2261 2456/2456 5565/5565
f 5565/5565 2158/2158 2261/2261
f 2158/2158 5565/5565 6018/6018
f 6018/6018 4229/4229 2158/2158
f 5430/5430 2261/2261 2158/2158
f 2158/2158 5285/5285 5430/5430
f 4229/4229 5285/5285 2158/2158
f 3272/3272 5430/5430 5285/5285
f 168/168 3610/3610 3560/3560
f 616/616 3610/3610 168/168
f 2906/2906 3610/3610 5198/5198
f 3610/3610 616/616 5198/5198
f 2169/2169 2906/2906 5198/5198
f 2429/2429 2906/2906 2169/2169
f 4993/4993 2671/2671 6572/6572
f 3247/3247 6572/6572 2671/2671
f 4769/4769 696/696 6126/6126
f 696/696 4769/4769 1919/1919
f 696/696 17/17 6282/6282
f 7374/7374 1461/1461 3796/3796
f 591/591 857/857 7374/7374
f 1827/1827 6892/6892 5286/5286
f 1827/1827 5286/5286 5131/5131
f 3107/3107 4805/4805 5286/5286
f 4804/4804 7317/7317 6957/6957
f 4805/4805 5131/5131 5286/5286
f 4804/4804 6957/6957 5132/5132
f 4067/4067 6892/6892 1827/1827
f 5131/5131 3472/3472 1827/1827
f 3471/3471 5132/5132 6957/6957
f 3471/3471 6957/6957 6904/6904
f 1827/1827 3472/3472 3676/3676
f 4067/4067 1827/1827 7737/7737
f 3676/3676 7737/7737 1827/1827
f 6904/6904 3675/3675 3471/3471
f 1971/1971 3675/3675 6904/6904
f 6890/6890 3675/3675 1971/1971
f 7737/7737 3092/3092 4067/4067
f 3676/3676 6889/6889 7737/7737
f 7317/7317 2918/2918 6957/6957
f 6957/6957 2918/2918 6904/6904
f 1971/1971 6904/6904 2918/2918
f 4614/4614 4606/4606 7491/7491
f 4614/4614 470/470 4606/4606
f 3092/3092 2568/2568 4341/4341
f 2396/2396 5703/5703 1971/1971
f 7737/7737 6889/6889 7326/7326
f 6890/6890 4344/4344 7325/7325
f 2391/2391 7325/7325 4344/4344
f 2391/2391 1184/1184 7325/7325
f 4344/4344 1971/1971 5703/5703
f 4344/4344 5703/5703 2391/2391
f 5489/5489 3092/3092 7737/7737
f 7326/7326 5489/5489 7737/7737
f 4266/4266 7326/7326 1185/1185
f 5489/5489 4460/4460 3092/3092
f 4266/4266 4460/4460 5489/5489
f 4266/4266 1185/1185 2586/2586
f 5703/5703 269/269 2391/2391
f 269/269 5703/5703 2650/2650
f 1874/1874 8063/8063 269/269
f 1874/1874 269/269 2650/2650
f 8063/8063 1874/1874 6427/6427
f 1184/1184 2391/2391 269/269
f 269/269 7318/7318 1184/1184
f 269/269 8063/8063 7318/7318
f 2585/2585 1184/1184 7318/7318
f 7318/7318 8063/8063 1375/1375
f 1375/1375 8063/8063 6427/6427
f 1375/1375 2585/2585 7318/7318
f 1375/1375 887/887 2585/2585
f 6928/6928 5533/5533 516/516
f 3080/3080 516/516 5533/5533
f 1971/1971 2918/2918 6480/6480
f 1971/1971 6480/6480 1796/1796
f 1796/1796 2396/2396 1971/1971
f 2396/2396 1796/1796 4526/4526
f 4526/4526 5703/5703 2396/2396
f 4567/4567 4898/4898 516/516
f 4898/4898 4567/4567 3525/3525
f 5934/5934 2123/2123 1926/1926
f 5533/5533 2538/2538 3256/3256
f 3080/3080 5533/5533 3256/3256
f 6188/6188 3256/3256 2846/2846
f 43/43 1926/1926 2123/2123
f 4567/4567 1926/1926 43/43
f 7796/7796 4567/4567 43/43
f 5703/5703 4526/4526 2650/2650
f 2650/2650 4526/4526 861/861
f 1278/1278 861/861 4526/4526
f 861/861 1278/1278 4898/4898
f 43/43 4406/4406 7796/7796
f 7012/7012 861/861 4898/4898
f 861/861 7012/7012 3926/3926
f 861/861 3926/3926 2650/2650
f 1874/1874 2650/2650 3926/3926
f 6427/6427 1874/1874 3926/3926
f 6427/6427 3926/3926 5421/5421
f 7012/7012 4898/4898 3525/3525
f 3525/3525 5898/5898 7012/7012
f 7012/7012 5421/5421 3926/3926
f 7012/7012 5898/5898 5421/5421
f 5421/5421 5898/5898 1858/1858
f 2559/2559 5421/5421 1858/1858
f 1375/1375 6427/6427 5421/5421
f 5421/5421 2559/2559 1375/1375
f 887/887 1375/1375 2559/2559
f 6202/6202 4379/4379 7069/7069
f 6202/6202 7069/7069 6184/6184
f 5283/5283 7796/7796 4406/4406
f 5283/5283 4406/4406 1858/1858
f 1858/1858 4406/4406 3541/3541
f 1613/1613 1858/1858 3541/3541
f 8013/8013 752/752 1613/1613
f 1858/1858 752/752 2559/2559
f 752/752 1858/1858 1613/1613
f 7668/7668 2560/2560 753/753
f 888/888 2560/2560 7668/7668
f 3541/3541 8013/8013 1613/1613
f 753/753 8014/8014 482/482
f 4743/4743 753/753 482/482
f 482/482 1535/1535 4743/4743
f 7668/7668 753/753 4743/4743
f 7069/7069 7668/7668 6666/6666
f 7069/7069 6666/6666 6184/6184
f 6666/6666 7668/7668 3954/3954
f 6666/6666 3954/3954 6213/6213
f 6666/6666 6213/6213 6184/6184
f 2568/2568 3092/3092 4460/4460
f 888/888 7069/7069 4379/4379
f 7668/7668 4743/4743 3954/3954
f 7069/7069 888/888 7668/7668
f 4832/4832 7717/7717 7492/7492
f 5827/5827 4832/4832 3224/3224
f 5827/5827 7717/7717 4832/4832
f 7765/7765 7717/7717 5827/5827
f 5866/5866 5737/5737 2290/2290
f 4606/4606 6184/6184 666/666
f 5737/5737 5866/5866 4606/4606
f 6184/6184 4606/4606 5866/5866
f 4832/4832 7492/7492 6202/6202
f 3224/3224 4832/4832 6202/6202
f 6202/6202 2290/2290 3224/3224
f 5866/5866 6202/6202 6184/6184
f 5413/5413 3224/3224 2290/2290
f 5737/5737 5413/5413 2290/2290
f 3224/3224 5413/5413 5827/5827
f 470/470 7162/7162 5737/5737
f 5737/5737 7162/7162 5413/5413
f 5737/5737 4606/4606 470/470
f 7162/7162 5827/5827 5413/5413
f 5000/5000 2586/2586 6620/6620
f 6619/6619 2585/2585 887/887
f 7717/7717 6621/6621 888/888
f 7794/7794 6621/6621 7717/7717
f 7717/7717 888/888 7492/7492
f 7492/7492 888/888 4379/4379
f 7765/7765 7794/7794 7717/7717
f 7276/7276 1220/1220 7794/7794
f 7276/7276 7794/7794 7765/7765
f 6469/6469 7276/7276 7765/7765
f 6469/6469 7765/7765 2910/2910
f 7277/7277 2568/2568 1221/1221
f 7276/7276 6469/6469 171/171
f 2910/2910 7765/7765 5827/5827
f 7492/7492 4379/4379 6202/6202
f 7994/7994 2929/2929 4964/4964
f 4176/4176 4964/4964 2929/2929
f 520/520 4176/4176 2929/2929
f 520/520 2929/2929 1339/1339
f 1498/1498 5605/5605 4614/4614
f 4087/4087 1498/1498 4614/4614
f 5605/5605 470/470 4614/4614
f 5358/5358 470/470 4176/4176
f 4176/4176 470/470 5605/5605
f 1498/1498 4964/4964 5605/5605
f 454/454 4964/4964 1498/1498
f 1498/1498 4087/4087 3333/3333
f 1498/1498 3333/3333 5433/5433
f 5605/5605 4964/4964 4176/4176
f 2874/2874 7457/7457 454/454
f 3749/3749 7457/7457 2874/2874
f 2874/2874 5433/5433 5586/5586
f 2874/2874 454/454 5433/5433
f 4914/4914 2929/2929 7994/7994
f 438/438 2929/2929 5306/5306
f 5306/5306 2929/2929 4914/4914
f 7994/7994 4964/4964 454/454
f 7457/7457 7994/7994 454/454
f 5433/5433 454/454 1498/1498
f 7994/7994 7457/7457 4914/4914
f 3749/3749 4914/4914 7457/7457
f 4176/4176 520/520 5358/5358
f 520/520 2638/2638 5358/5358
f 2786/2786 5225/5225 4923/4923
f 5225/5225 2786/2786 83/83
f 5225/5225 83/83 7685/7685
f 7685/7685 4785/4785 5225/5225
f 7685/7685 7618/7618 4785/4785
f 1679/1679 2512/2512 6164/6164
f 666/666 7491/7491 4606/4606
f 6602/6602 7491/7491 666/666
f 2395/2395 7033/7033 7491/7491
f 6602/6602 2395/2395 7491/7491
f 6602/6602 5578/5578 2395/2395
f 3408/3408 7033/7033 2395/2395
f 4614/4614 7491/7491 7033/7033
f 2937/2937 6602/6602 666/666
f 2937/2937 1344/1344 988/988
f 3120/3120 5578/5578 988/988
f 1145/1145 3120/3120 988/988
f 1145/1145 988/988 1279/1279
f 4463/4463 7907/7907 5341/5341
f 7907/7907 3215/3215 4391/4391
f 2155/2155 1591/1591 4391/4391
f 4391/4391 3215/3215 2155/2155
f 6164/6164 1591/1591 2155/2155
f 1679/1679 6164/6164 2155/2155
f 1679/1679 550/550 2962/2962
f 2155/2155 550/550 1679/1679
f 7288/7288 3216/3216 7204/7204
f 2155/2155 7287/7287 550/550
f 3215/3215 7287/7287 2155/2155
f 2262/2262 6234/6234 4463/4463
f 7907/7907 4463/4463 6234/6234
f 7907/7907 6234/6234 4159/4159
f 4159/4159 6234/6234 3284/3284
f 3215/3215 7907/7907 4159/4159
f 5180/5180 4158/4158 3283/3283
f 882/882 6627/6627 5180/5180
f 6424/6424 5180/5180 6627/6627
f 4946/4946 3216/3216 4158/4158
f 5180/5180 4946/4946 4158/4158
f 4946/4946 7204/7204 3216/3216
f 6424/6424 7204/7204 4946/4946
f 4946/4946 5180/5180 6424/6424
f 2598/2598 7204/7204 6424/6424
f 988/988 1344/1344 1279/1279
f 1982/1982 1279/1279 7752/7752
f 7752/7752 2185/2185 1982/1982
f 2123/2123 5934/5934 4923/4923
f 2123/2123 4923/4923 5225/5225
f 2123/2123 5225/5225 4785/4785
f 2123/2123 5542/5542 43/43
f 4311/4311 7779/7779 8014/8014
f 482/482 8014/8014 7779/7779
f 4840/4840 7779/7779 4311/4311
f 7779/7779 4840/4840 3998/3998
f 6205/6205 482/482 7779/7779
f 1535/1535 482/482 7329/7329
f 6205/6205 7329/7329 482/482
f 2335/2335 7124/7124 5698/5698
f 5698/5698 216/216 3998/3998
f 3998/3998 216/216 6205/6205
f 6205/6205 7779/7779 3998/3998
f 7329/7329 6205/6205 216/216
f 216/216 5698/5698 7124/7124
f 7329/7329 216/216 2810/2810
f 43/43 5542/5542 4406/4406
f 4406/4406 5542/5542 3867/3867
f 3867/3867 5542/5542 2300/2300
f 2300/2300 2909/2909 3867/3867
f 2909/2909 2300/2300 7618/7618
f 7618/7618 6941/6941 2909/2909
f 6941/6941 7618/7618 2334/2334
f 944/944 4310/4310 8013/8013
f 3541/3541 944/944 8013/8013
f 944/944 4839/4839 4310/4310
f 3541/3541 4406/4406 3867/3867
f 944/944 3541/3541 3867/3867
f 944/944 3867/3867 2909/2909
f 944/944 2909/2909 1841/1841
f 1841/1841 4839/4839 944/944
f 3998/3998 4840/4840 1842/1842
f 4811/4811 1880/1880 6566/6566
f 6213/6213 1880/1880 4811/4811
f 1880/1880 6213/6213 476/476
f 666/666 6184/6184 4811/4811
f 4811/4811 6184/6184 6213/6213
f 6942/6942 3998/3998 1842/1842
f 6941/6941 1841/1841 2909/2909
f 6942/6942 5698/5698 3998/3998
f 5698/5698 6942/6942 2335/2335
f 4811/4811 6566/6566 5535/5535
f 5535/5535 5417/5417 4811/4811
f 7618/7618 2512/2512 5900/5900
f 1712/1712 6277/6277 2335/2335
f 1679/1679 3357/3357 2512/2512
f 5900/5900 2512/2512 3357/3357
f 5900/5900 3357/3357 4556/4556
f 3357/3357 1679/1679 2962/2962
f 4557/4557 3358/3358 7889/7889
f 2963/2963 7889/7889 3358/3358
f 1712/1712 4557/4557 7889/7889
f 6277/6277 6481/6481 1341/1341
f 7124/7124 2260/2260 216/216
f 1341/1341 2260/2260 7124/7124
f 216/216 2260/2260 4767/4767
f 4767/4767 2810/2810 216/216
f 1341/1341 6481/6481 2260/2260
f 6481/6481 2880/2880 2260/2260
f 4767/4767 2260/2260 4549/4549
f 2335/2335 1341/1341 7124/7124
f 6277/6277 1341/1341 2335/2335
f 5535/5535 6691/6691 5417/5417
f 5417/5417 6691/6691 7885/7885
f 5417/5417 7885/7885 6324/6324
f 6481/6481 6277/6277 3304/3304
f 1712/1712 4933/4933 6277/6277
f 3304/3304 6277/6277 4933/4933
f 2880/2880 6481/6481 3304/3304
f 4549/4549 2260/2260 2880/2880
f 4549/4549 2880/2880 7901/7901
f 6324/6324 2849/2849 4562/4562
f 666/666 5417/5417 6324/6324
f 5900/5900 4556/4556 7618/7618
f 2334/2334 7618/7618 4556/4556
f 1712/1712 2335/2335 4557/4557
f 3751/3751 1344/1344 2937/2937
f 2583/2583 3751/3751 2937/2937
f 666/666 6324/6324 2583/2583
f 666/666 2583/2583 2937/2937
f 6324/6324 3751/3751 2583/2583
f 666/666 4811/4811 5417/5417
f 6566/6566 1535/1535 7329/7329
f 6566/6566 7329/7329 2810/2810
f 2810/2810 5535/5535 6566/6566
f 4743/4743 1535/1535 476/476
f 476/476 1535/1535 6566/6566
f 3954/3954 4743/4743 476/476
f 476/476 6213/6213 3954/3954
f 6566/6566 1880/1880 476/476
f 6691/6691 2810/2810 4767/4767
f 6691/6691 4767/4767 2273/2273
f 2273/2273 4767/4767 4549/4549
f 2273/2273 7885/7885 6691/6691
f 2273/2273 4549/4549 2849/2849
f 7885/7885 2273/2273 2849/2849
f 5535/5535 2810/2810 6691/6691
f 7850/7850 4549/4549 7901/7901
f 2849/2849 4549/4549 7850/7850
f 7885/7885 2849/2849 6324/6324
f 7901/7901 7812/7812 7850/7850
f 7850/7850 4562/4562 2849/2849
f 4562/4562 7850/7850 7812/7812
f 7812/7812 7901/7901 4385/4385
f 7895/7895 6461/6461 1712/1712
f 551/551 558/558 2963/2963
f 7889/7889 2963/2963 558/558
f 7889/7889 558/558 3099/3099
f 1712/1712 7889/7889 3099/3099
f 558/558 551/551 3099/3099
f 7895/7895 1712/1712 3099/3099
f 439/439 1344/1344 3751/3751
f 439/439 1728/1728 1344/1344
f 6461/6461 7895/7895 2598/2598
f 551/551 7288/7288 3099/3099
f 7288/7288 7204/7204 3099/3099
f 7895/7895 3099/3099 7204/7204
f 7895/7895 7204/7204 2598/2598
f 7324/7324 1728/1728 439/439
f 1712/1712 6461/6461 4933/4933
f 6324/6324 3863/3863 439/439
f 3863/3863 6324/6324 4562/4562
f 3751/3751 6324/6324 439/439
f 439/439 1218/1218 7324/7324
f 3878/3878 3508/3508 7324/7324
f 1728/1728 7324/7324 7752/7752
f 7324/7324 3508/3508 7752/7752
f 1279/1279 1344/1344 1728/1728
f 1279/1279 1728/1728 7752/7752
f 2854/2854 6461/6461 2598/2598
f 7752/7752 3508/3508 7919/7919
f 6294/6294 7919/7919 1724/1724
f 116/116 7919/7919 6294/6294
f 7752/7752 7919/7919 116/116
f 7812/7812 4385/4385 6722/6722
f 6722/6722 3863/3863 7812/7812
f 7812/7812 3863/3863 4562/4562
f 7132/7132 1724/1724 7919/7919
f 6294/6294 1724/1724 705/705
f 5496/5496 1724/1724 5186/5186
f 705/705 1724/1724 5496/5496
f 6294/6294 705/705 3059/3059
f 7464/7464 705/705 5496/5496
f 705/705 7464/7464 3059/3059
f 5496/5496 5186/5186 7423/7423
f 5496/5496 7423/7423 6319/6319
f 6319/6319 3422/3422 139/139
f 5496/5496 6319/6319 7464/7464
f 21/21 3059/3059 7464/7464
f 2185/2185 7752/7752 116/116
f 726/726 3333/3333 3408/3408
f 3692/3692 726/726 2099/2099
f 3408/3408 2099/2099 726/726
f 3120/3120 6558/6558 5578/5578
f 3120/3120 1445/1445 6558/6558
f 1445/1445 2099/2099 6558/6558
f 4614/4614 7033/7033 4087/4087
f 3333/3333 4087/4087 7033/7033
f 3408/3408 3333/3333 7033/7033
f 2395/2395 5578/5578 3408/3408
f 1832/1832 3692/3692 2099/2099
f 3333/3333 726/726 5433/5433
f 726/726 3692/3692 5433/5433
f 5586/5586 5433/5433 3692/3692
f 1832/1832 5586/5586 3692/3692
f 4980/4980 5586/5586 1832/1832
f 1832/1832 2099/2099 5587/5587
f 5587/5587 2099/2099 1445/1445
f 3507/3507 1445/1445 4988/4988
f 3507/3507 5587/5587 1445/1445
f 1982/1982 3120/3120 1145/1145
f 1279/1279 1982/1982 1145/1145
f 3120/3120 1982/1982 3011/3011
f 3407/3407 5587/5587 3507/3507
f 3940/3940 3011/3011 2359/2359
f 7653/7653 3011/3011 1982/1982
f 4341/4341 2568/2568 1863/1863
f 4341/4341 1863/1863 4062/4062
f 4062/4062 6577/6577 4341/4341
f 2030/2030 6577/6577 4062/4062
f 7367/7367 573/573 6529/6529
f 946/946 7367/7367 6529/6529
f 1863/1863 2568/2568 7277/7277
f 171/171 1864/1864 7276/7276
f 4432/4432 573/573 1735/1735
f 2175/2175 2647/2647 1734/1734
f 4529/4529 2647/2647 2175/2175
f 7123/7123 7094/7094 7744/7744
f 3492/3492 7744/7744 7094/7094
f 7744/7744 3492/3492 3044/3044
f 1689/1689 7744/7744 3044/3044
f 1689/1689 7123/7123 7744/7744
f 1689/1689 5397/5397 7123/7123
f 7094/7094 573/573 4432/4432
f 3492/3492 7094/7094 4432/4432
f 2199/2199 7480/7480 4349/4349
f 543/543 2230/2230 1761/1761
f 4529/4529 41/41 2647/2647
f 2660/2660 7629/7629 41/41
f 3492/3492 6361/6361 3044/3044
f 7628/7628 6361/6361 3492/3492
f 7629/7629 5466/5466 6362/6362
f 5466/5466 7629/7629 2660/2660
f 6520/6520 2660/2660 41/41
f 5466/5466 5235/5235 6362/6362
f 1756/1756 4529/4529 781/781
f 1756/1756 41/41 4529/4529
f 6520/6520 41/41 1756/1756
f 7571/7571 6520/6520 1756/1756
f 781/781 7571/7571 1756/1756
f 6520/6520 1032/1032 2660/2660
f 1032/1032 6520/6520 4481/4481
f 7571/7571 4481/4481 6520/6520
f 6361/6361 5234/5234 3044/3044
f 5234/5234 541/541 3044/3044
f 542/542 5235/5235 6121/6121
f 1689/1689 3044/3044 6429/6429
f 6429/6429 3044/3044 541/541
f 5466/5466 7480/7480 6121/6121
f 2660/2660 7480/7480 5466/5466
f 542/542 6121/6121 7480/7480
f 4349/4349 7480/7480 2660/2660
f 5235/5235 5466/5466 6121/6121
f 5397/5397 1689/1689 6429/6429
f 6430/6430 542/542 1007/1007
f 7480/7480 1007/1007 542/542
f 1007/1007 7480/7480 2199/2199
f 5397/5397 6429/6429 4083/4083
f 1032/1032 1761/1761 2660/2660
f 781/781 5776/5776 7571/7571
f 7571/7571 1958/1958 6159/6159
f 5776/5776 1958/1958 7571/7571
f 6426/6426 6159/6159 1958/1958
f 5776/5776 7993/7993 1958/1958
f 7993/7993 6426/6426 1958/1958
f 2649/2649 5069/5069 1415/1415
f 7242/7242 3749/3749 2874/2874
f 7242/7242 7190/7190 6690/6690
f 4420/4420 506/506 3749/3749
f 4420/4420 3749/3749 7242/7242
f 4420/4420 7242/7242 6690/6690
f 2897/2897 5306/5306 4914/4914
f 506/506 4914/4914 3749/3749
f 2897/2897 4914/4914 506/506
f 6514/6514 2897/2897 506/506
f 2897/2897 6514/6514 3245/3245
f 3604/3604 2897/2897 3245/3245
f 6514/6514 2338/2338 3245/3245
f 6967/6967 6690/6690 7190/7190
f 3608/3608 4420/4420 6690/6690
f 3259/3259 4420/4420 3608/3608
f 4219/4219 4420/4420 3259/3259
f 6967/6967 3608/3608 6690/6690
f 3612/3612 3608/3608 6967/6967
f 3612/3612 3259/3259 3608/3608
f 6514/6514 4219/4219 2338/2338
f 4219/4219 6514/6514 506/506
f 4219/4219 506/506 4420/4420
f 3245/3245 2338/2338 3604/3604
f 3604/3604 2338/2338 5754/5754
f 3639/3639 4219/4219 3259/3259
f 3639/3639 2338/2338 4219/4219
f 4586/4586 5754/5754 2338/2338
f 2338/2338 3639/3639 4586/4586
f 3916/3916 5487/5487 3318/3318
f 7688/7688 5458/5458 5487/5487
f 3318/3318 3604/3604 3916/3916
f 7688/7688 5487/5487 3916/3916
f 2032/2032 7688/7688 3916/3916
f 5754/5754 3916/3916 3604/3604
f 3916/3916 5754/5754 2032/2032
f 5754/5754 7560/7560 2032/2032
f 850/850 2032/2032 7560/7560
f 7688/7688 2032/2032 4789/4789
f 4789/4789 311/311 7688/7688
f 4789/4789 2032/2032 850/850
f 5070/5070 4789/4789 850/850
f 5826/5826 4789/4789 5070/5070
f 5070/5070 179/179 5826/5826
f 7560/7560 5754/5754 4586/4586
f 1953/1953 3612/3612 6967/6967
f 1953/1953 6967/6967 7375/7375
f 4435/4435 3612/3612 1953/1953
f 162/162 3639/3639 3259/3259
f 162/162 3259/3259 3612/3612
f 1133/1133 7560/7560 4586/4586
f 162/162 4586/4586 3639/3639
f 1133/1133 4586/4586 162/162
f 4732/4732 1133/1133 162/162
f 4732/4732 162/162 6677/6677
f 4435/4435 162/162 3612/3612
f 1953/1953 7215/7215 7373/7373
f 1953/1953 7373/7373 4435/4435
f 1419/1419 6847/6847 788/788
f 6847/6847 7373/7373 7215/7215
f 6847/6847 7215/7215 664/664
f 788/788 6847/6847 664/664
f 4435/4435 1273/1273 162/162
f 1273/1273 6677/6677 162/162
f 6677/6677 765/765 4732/4732
f 6677/6677 3617/3617 765/765
f 4447/4447 3617/3617 6677/6677
f 4447/4447 6677/6677 1273/1273
f 4447/4447 1273/1273 7373/7373
f 7373/7373 1273/1273 4435/4435
f 4447/4447 7373/7373 6847/6847
f 6236/6236 850/850 7560/7560
f 6724/6724 5070/5070 850/850
f 6236/6236 6724/6724 850/850
f 6236/6236 7560/7560 1133/1133
f 6724/6724 179/179 5070/5070
f 3370/3370 179/179 6724/6724
f 2010/2010 6236/6236 4127/4127
f 6236/6236 2010/2010 6724/6724
f 6724/6724 2010/2010 6270/6270
f 2010/2010 286/286 6270/6270
f 6724/6724 6270/6270 3370/3370
f 5709/5709 3370/3370 6270/6270
f 3111/3111 3370/3370 5709/5709
f 4127/4127 1133/1133 4732/4732
f 1133/1133 4127/4127 6236/6236
f 4127/4127 765/765 1134/1134
f 765/765 4127/4127 4732/4732
f 1134/1134 2010/2010 4127/4127
f 286/286 2010/2010 1134/1134
f 1134/1134 765/765 7050/7050
f 5586/5586 4980/4980 2874/2874
f 7242/7242 2874/2874 4980/4980
f 7242/7242 4980/4980 4543/4543
f 4543/4543 4980/4980 1832/1832
f 3138/3138 4543/4543 1832/1832
f 7242/7242 4543/4543 7190/7190
f 7190/7190 4543/4543 6899/6899
f 6899/6899 4543/4543 3138/3138
f 3138/3138 1832/1832 5587/5587
f 3407/3407 3138/3138 5587/5587
f 1461/1461 6899/6899 3796/3796
f 3138/3138 3796/3796 6899/6899
f 3407/3407 7229/7229 3138/3138
f 3796/3796 3138/3138 7229/7229
f 7190/7190 7486/7486 6967/6967
f 1461/1461 7190/7190 6899/6899
f 7486/7486 7190/7190 1461/1461
f 7375/7375 6967/6967 7486/7486
f 7486/7486 1461/1461 6151/6151
f 7730/7730 7486/7486 6151/6151
f 6151/6151 1461/1461 6436/6436
f 6436/6436 1461/1461 7374/7374
f 6436/6436 7374/7374 4330/4330
f 7229/7229 3407/3407 2188/2188
f 7229/7229 2188/2188 1892/1892
f 3940/3940 2359/2359 4216/4216
f 4330/4330 7374/7374 857/857
f 857/857 591/591 2562/2562
f 3437/3437 6988/6988 2562/2562
f 4330/4330 857/857 2562/2562
f 7729/7729 4330/4330 2562/2562
f 7729/7729 2562/2562 6988/6988
f 6988/6988 3628/3628 7729/7729
f 2818/2818 6988/6988 3437/3437
f 2818/2818 3628/3628 6988/6988
f 2818/2818 3437/3437 796/796
f 796/796 3628/3628 2818/2818
f 7375/7375 7486/7486 1178/1178
f 4740/4740 7375/7375 1178/1178
f 2431/2431 7486/7486 7730/7730
f 1178/1178 7486/7486 2431/2431
f 1178/1178 2431/2431 4194/4194
f 4740/4740 1953/1953 7375/7375
f 341/341 4740/4740 1178/1178
f 3405/3405 4740/4740 341/341
f 1178/1178 6761/6761 341/341
f 3405/3405 622/622 4740/4740
f 7730/7730 6151/6151 6436/6436
f 7730/7730 4194/4194 2431/2431
f 528/528 4194/4194 7730/7730
f 3864/3864 7730/7730 6436/6436
f 3864/3864 528/528 7730/7730
f 3864/3864 6436/6436 7849/7849
f 7849/7849 2416/2416 3864/3864
f 7849/7849 6436/6436 7975/7975
f 7849/7849 7975/7975 6377/6377
f 4194/4194 528/528 3864/3864
f 6761/6761 1178/1178 4194/4194
f 2516/2516 6761/6761 4194/4194
f 2516/2516 4194/4194 3864/3864
f 2516/2516 2348/2348 6761/6761
f 2416/2416 2516/2516 3864/3864
f 3405/3405 341/341 6761/6761
f 4644/4644 3405/3405 6761/6761
f 622/622 1953/1953 4740/4740
f 7215/7215 1953/1953 622/622
f 622/622 149/149 7215/7215
f 3346/3346 3405/3405 4644/4644
f 664/664 7215/7215 149/149
f 3346/3346 149/149 622/622
f 3346/3346 622/622 3405/3405
f 2348/2348 4644/4644 6761/6761
f 2348/2348 2004/2004 4644/4644
f 6465/6465 2348/2348 2516/2516
f 4926/4926 2516/2516 2416/2416
f 6465/6465 2516/2516 4926/4926
f 2004/2004 2348/2348 6465/6465
f 2004/2004 6465/6465 4926/4926
f 7849/7849 2544/2544 2416/2416
f 2655/2655 4926/4926 2416/2416
f 2004/2004 4926/4926 2655/2655
f 2544/2544 2655/2655 2416/2416
f 3346/3346 4644/4644 2004/2004
f 3346/3346 2004/2004 2655/2655
f 3346/3346 2655/2655 5656/5656
f 7975/7975 6436/6436 4330/4330
f 6377/6377 7975/7975 1479/1479
f 1479/1479 4330/4330 7729/7729
f 1479/1479 7729/7729 5371/5371
f 1479/1479 5371/5371 2073/2073
f 1479/1479 2073/2073 6377/6377
f 2785/2785 6377/6377 2073/2073
f 5371/5371 3628/3628 2073/2073
f 6377/6377 2785/2785 7860/7860
f 2785/2785 2073/2073 1289/1289
f 5371/5371 7729/7729 3628/3628
f 2268/2268 3628/3628 1020/1020
f 1020/1020 796/796 4951/4951
f 1020/1020 4951/4951 7642/7642
f 2073/2073 3628/3628 2268/2268
f 2073/2073 2268/2268 1289/1289
f 1457/1457 2268/2268 1020/1020
f 1189/1189 1289/1289 2268/2268
f 1189/1189 2785/2785 1289/1289
f 1189/1189 2268/2268 1457/1457
f 1189/1189 1457/1457 1029/1029
f 1457/1457 6997/6997 4887/4887
f 2544/2544 6377/6377 7860/7860
f 2785/2785 1189/1189 7860/7860
f 2544/2544 7860/7860 2655/2655
f 4232/4232 1189/1189 1029/1029
f 1029/1029 1457/1457 4887/4887
f 7387/7387 1029/1029 4887/4887
f 7387/7387 4887/4887 8062/8062
f 8062/8062 4887/4887 4180/4180
f 8062/8062 906/906 3540/3540
f 179/179 7724/7724 5826/5826
f 179/179 4833/4833 7724/7724
f 2566/2566 4833/4833 6713/6713
f 8035/8035 7479/7479 6713/6713
f 4833/4833 7711/7711 6713/6713
f 8035/8035 6713/6713 7711/7711
f 4227/4227 7479/7479 8035/8035
f 6751/6751 7993/7993 1162/1162
f 1262/1262 2774/2774 1309/1309
f 1162/1162 1042/1042 6751/6751
f 1886/1886 7479/7479 4227/4227
f 4775/4775 1317/1317 1886/1886
f 1309/1309 1317/1317 4775/4775
f 1886/1886 440/440 4775/4775
f 4775/4775 1262/1262 1309/1309
f 7320/7320 1042/1042 1262/1262
f 1042/1042 7320/7320 3840/3840
f 7320/7320 1262/1262 4775/4775
f 6212/6212 7320/7320 4775/4775
f 5095/5095 3840/3840 7320/7320
f 7320/7320 6212/6212 5095/5095
f 1047/1047 3840/3840 5095/5095
f 4833/4833 3624/3624 7711/7711
f 3624/3624 4833/4833 179/179
f 3111/3111 3624/3624 179/179
f 179/179 3370/3370 3111/3111
f 7711/7711 3624/3624 3111/3111
f 6063/6063 8035/8035 7711/7711
f 8035/8035 6063/6063 4227/4227
f 787/787 4227/4227 6063/6063
f 7711/7711 3111/3111 7247/7247
f 7711/7711 7247/7247 5899/5899
f 6834/6834 5899/5899 7247/7247
f 6063/6063 7711/7711 5899/5899
f 6063/6063 7055/7055 787/787
f 2441/2441 787/787 7055/7055
f 6063/6063 5899/5899 7055/7055
f 7055/7055 4038/4038 2441/2441
f 440/440 1886/1886 4227/4227
f 440/440 6212/6212 4775/4775
f 3360/3360 6212/6212 440/440
f 787/787 3360/3360 440/440
f 787/787 440/440 4227/4227
f 1650/1650 5095/5095 6212/6212
f 5348/5348 1650/1650 6212/6212
f 1650/1650 1047/1047 5095/5095
f 6141/6141 1047/1047 1650/1650
f 6212/6212 3360/3360 5348/5348
f 5348/5348 2633/2633 1650/1650
f 1296/1296 6141/6141 1650/1650
f 2633/2633 1296/1296 1650/1650
f 2272/2272 3360/3360 787/787
f 2441/2441 2272/2272 787/787
f 2272/2272 5348/5348 3360/3360
f 2633/2633 5348/5348 2272/2272
f 2633/2633 2272/2272 6052/6052
f 2272/2272 2441/2441 6052/6052
f 531/531 2633/2633 6052/6052
f 2482/2482 1296/1296 2633/2633
f 2482/2482 3250/3250 1296/1296
f 3250/3250 2482/2482 4319/4319
f 2633/2633 6410/6410 2482/2482
f 6410/6410 4319/4319 2482/2482
f 984/984 4319/4319 6410/6410
f 2520/2520 664/664 4170/4170
f 2520/2520 788/788 664/664
f 788/788 6073/6073 1419/1419
f 3039/3039 1419/1419 6073/6073
f 3039/3039 6073/6073 842/842
f 6073/6073 788/788 2520/2520
f 7786/7786 2520/2520 4170/4170
f 4943/4943 7044/7044 4447/4447
f 7044/7044 673/673 3617/3617
f 765/765 3617/3617 673/673
f 7044/7044 3617/3617 4447/4447
f 3032/3032 4943/4943 3039/3039
f 3032/3032 7044/7044 4943/4943
f 7044/7044 3032/3032 8003/8003
f 7044/7044 8003/8003 673/673
f 1419/1419 4447/4447 6847/6847
f 4943/4943 4447/4447 1419/1419
f 3039/3039 4943/4943 1419/1419
f 3039/3039 842/842 3032/3032
f 6796/6796 842/842 4848/4848
f 4848/4848 842/842 6073/6073
f 7786/7786 598/598 2520/2520
f 598/598 7786/7786 7207/7207
f 2520/2520 598/598 6073/6073
f 4848/4848 6073/6073 598/598
f 3898/3898 6796/6796 4848/4848
f 4848/4848 598/598 7207/7207
f 7207/7207 7095/7095 4848/4848
f 7095/7095 3898/3898 4848/4848
f 3898/3898 7095/7095 3227/3227
f 842/842 8065/8065 3032/3032
f 8065/8065 8003/8003 3032/3032
f 673/673 8003/8003 3374/3374
f 3374/3374 8003/8003 98/98
f 842/842 6796/6796 8065/8065
f 98/98 8003/8003 8065/8065
f 6796/6796 3072/3072 8065/8065
f 5016/5016 3374/3374 98/98
f 7835/7835 5016/5016 98/98
f 3072/3072 98/98 8065/8065
f 3072/3072 7835/7835 98/98
f 7049/7049 3072/3072 6796/6796
f 3898/3898 7049/7049 6796/6796
f 4649/4649 5837/5837 1174/1174
f 5016/5016 4649/4649 1174/1174
f 893/893 4649/4649 5016/5016
f 4649/4649 893/893 2518/2518
f 2518/2518 893/893 6917/6917
f 6917/6917 893/893 3299/3299
f 4470/4470 6917/6917 4058/4058
f 3299/3299 4058/4058 6917/6917
f 4505/4505 7050/7050 765/765
f 765/765 673/673 4505/4505
f 4505/4505 5837/5837 7050/7050
f 1174/1174 5837/5837 4505/4505
f 1174/1174 4505/4505 673/673
f 3374/3374 1174/1174 673/673
f 5016/5016 1174/1174 3374/3374
f 7462/7462 893/893 5016/5016
f 7835/7835 7462/7462 5016/5016
f 7462/7462 4290/4290 893/893
f 3227/3227 5772/5772 3898/3898
f 1881/1881 3072/3072 4022/4022
f 4022/4022 3072/3072 8011/8011
f 1881/1881 7835/7835 3072/3072
f 2952/2952 7835/7835 1881/1881
f 4022/4022 8011/8011 4622/4622
f 4622/4622 1881/1881 4022/4022
f 7049/7049 4336/4336 8011/8011
f 7049/7049 2933/2933 4336/4336
f 8011/8011 3072/3072 7049/7049
f 2933/2933 7049/7049 3898/3898
f 6132/6132 2933/2933 5772/5772
f 5772/5772 2933/2933 3898/3898
f 6132/6132 4336/4336 2933/2933
f 4336/4336 4622/4622 8011/8011
f 3336/3336 3329/3329 5772/5772
f 3329/3329 6132/6132 5772/5772
f 3329/3329 3912/3912 6132/6132
f 3912/3912 4336/4336 6132/6132
f 2923/2923 3912/3912 3329/3329
f 2923/2923 3329/3329 6007/6007
f 3368/3368 4336/4336 3912/3912
f 4336/4336 3368/3368 4622/4622
f 3912/3912 2892/2892 3368/3368
f 3368/3368 2892/2892 6548/6548
f 4612/4612 2923/2923 6007/6007
f 2039/2039 2923/2923 4612/4612
f 2923/2923 2892/2892 3912/3912
f 2923/2923 2664/2664 2892/2892
f 6548/6548 2892/2892 2664/2664
f 2664/2664 2923/2923 2039/2039
f 3299/3299 893/893 5195/5195
f 3299/3299 5195/5195 3433/3433
f 3299/3299 3433/3433 4306/4306
f 4306/4306 4058/4058 3299/3299
f 2955/2955 4058/4058 4306/4306
f 2955/2955 4306/4306 6932/6932
f 2952/2952 4290/4290 7462/7462
f 2952/2952 7462/7462 7835/7835
f 5117/5117 2952/2952 182/182
f 182/182 2952/2952 1881/1881
f 182/182 1881/1881 4622/4622
f 4290/4290 5195/5195 893/893
f 5195/5195 5117/5117 1869/1869
f 4622/4622 7750/7750 182/182
f 7750/7750 4622/4622 3368/3368
f 182/182 7750/7750 5117/5117
f 7750/7750 7775/7775 5117/5117
f 7750/7750 3178/3178 1974/1974
f 7775/7775 1869/1869 5117/5117
f 1974/1974 7775/7775 7750/7750
f 7775/7775 1974/1974 7802/7802
f 7802/7802 1974/1974 3178/3178
f 3368/3368 7735/7735 7750/7750
f 1869/1869 7775/7775 3905/3905
f 1869/1869 1527/1527 3433/3433
f 1869/1869 3905/3905 1527/1527
f 3905/3905 7775/7775 7802/7802
f 7489/7489 3905/3905 7802/7802
f 3207/3207 1527/1527 3905/3905
f 3433/3433 1527/1527 2430/2430
f 6932/6932 3433/3433 2430/2430
f 6932/6932 4306/4306 3433/3433
f 2430/2430 1527/1527 3207/3207
f 7802/7802 3178/3178 768/768
f 7489/7489 7802/7802 768/768
f 7735/7735 6548/6548 2167/2167
f 2167/2167 768/768 7388/7388
f 2664/2664 4945/4945 6548/6548
f 6548/6548 4945/4945 2167/2167
f 6813/6813 7489/7489 768/768
f 7195/7195 768/768 2167/2167
f 7195/7195 6813/6813 768/768
f 2167/2167 4945/4945 7195/7195
f 3856/3856 7195/7195 4945/4945
f 6813/6813 7195/7195 3856/3856
f 956/956 4945/4945 1142/1142
f 2153/2153 1303/1303 4507/4507
f 4945/4945 7255/7255 3856/3856
f 1303/1303 5517/5517 4507/4507
f 5926/5926 5517/5517 1303/1303
f 5554/5554 5926/5926 1303/1303
f 1303/1303 2153/2153 5554/5554
f 4507/4507 5517/5517 1758/1758
f 5926/5926 7200/7200 5517/5517
f 3905/3905 7489/7489 2590/2590
f 6813/6813 2590/2590 7489/7489
f 2590/2590 3207/3207 3905/3905
f 3452/3452 3207/3207 2590/2590
f 2590/2590 6813/6813 3452/3452
f 3452/3452 2430/2430 3207/3207
f 2130/2130 2430/2430 3452/3452
f 2130/2130 4272/4272 2430/2430
f 2130/2130 3452/3452 5190/5190
f 7345/7345 5190/5190 3452/3452
f 7345/7345 3452/3452 7118/7118
f 3452/3452 6813/6813 7118/7118
f 6813/6813 1558/1558 7118/7118
f 7200/7200 5926/5926 5213/5213
f 5374/5374 1558/1558 5749/5749
f 5365/5365 5749/5749 5213/5213
f 5365/5365 5551/5551 5749/5749
f 7118/7118 4491/4491 7345/7345
f 7118/7118 1558/1558 4491/4491
f 4491/4491 1558/1558 5374/5374
f 5188/5188 4491/4491 5374/5374
f 12/12 5188/5188 5374/5374
f 5749/5749 5551/5551 5374/5374
f 12/12 5374/5374 5551/5551
f 5188/5188 4993/4993 4491/4491
f 199/199 4993/4993 5188/5188
f 149/149 4170/4170 664/664
f 4170/4170 149/149 1604/1604
f 1604/1604 149/149 3346/3346
f 7786/7786 4170/4170 1604/1604
f 1604/1604 6389/6389 7786/7786
f 6389/6389 1604/1604 4545/4545
f 3346/3346 5656/5656 4545/4545
f 5656/5656 2472/2472 4545/4545
f 4545/4545 2472/2472 1460/1460
f 1846/1846 5/5 2995/2995
f 1846/1846 2995/2995 5941/5941
f 5941/5941 2995/2995 2637/2637
f 2637/2637 4124/4124 5941/5941
f 5/5 4545/4545 1460/1460
f 3666/3666 2746/2746 3524/3524
f 7207/7207 7786/7786 2746/2746
f 2746/2746 7786/7786 6389/6389
f 3524/3524 2746/2746 6389/6389
f 3666/3666 3524/3524 4844/4844
f 986/986 3666/3666 6084/6084
f 6084/6084 3666/3666 4844/4844
f 6084/6084 4844/4844 941/941
f 7095/7095 7207/7207 3434/3434
f 2968/2968 3434/3434 7207/7207
f 2968/2968 7207/7207 2746/2746
f 3227/3227 7095/7095 3434/3434
f 4478/4478 3434/3434 2968/2968
f 986/986 4478/4478 2968/2968
f 986/986 2746/2746 3666/3666
f 986/986 2968/2968 2746/2746
f 4545/4545 4305/4305 6389/6389
f 1846/1846 4305/4305 5/5
f 5/5 4305/4305 4545/4545
f 8008/8008 4305/4305 1846/1846
f 5941/5941 7343/7343 8008/8008
f 3524/3524 6389/6389 4305/4305
f 3524/3524 4305/4305 7145/7145
f 4844/4844 3524/3524 7145/7145
f 7145/7145 4305/4305 8008/8008
f 1846/1846 5941/5941 8008/8008
f 5924/5924 5941/5941 4124/4124
f 8008/8008 7343/7343 7145/7145
f 941/941 7145/7145 7343/7343
f 941/941 4844/4844 7145/7145
f 2637/2637 1460/1460 5663/5663
f 7619/7619 7439/7439 7009/7009
f 7439/7439 7183/7183 5663/5663
f 2637/2637 5663/5663 7183/7183
f 2875/2875 2637/2637 7183/7183
f 5931/5931 7183/7183 7619/7619
f 7183/7183 7439/7439 7619/7619
f 1460/1460 2472/2472 5336/5336
f 1460/1460 5336/5336 3340/3340
f 3340/3340 5663/5663 1460/1460
f 3340/3340 7439/7439 5663/5663
f 4807/4807 7009/7009 7439/7439
f 5/5 1460/1460 2995/2995
f 1460/1460 2637/2637 2995/2995
f 2637/2637 2875/2875 4124/4124
f 7619/7619 7009/7009 4697/4697
f 4888/4888 7619/7619 3577/3577
f 4697/4697 3577/3577 7619/7619
f 5931/5931 7619/7619 4888/4888
f 6826/6826 4888/4888 3577/3577
f 5591/5591 4888/4888 4466/4466
f 4466/4466 4888/4888 6826/6826
f 4466/4466 6826/6826 3096/3096
f 4719/4719 7009/7009 4807/4807
f 7009/7009 4719/4719 4697/4697
f 4719/4719 3577/3577 4697/4697
f 3096/3096 6770/6770 4466/4466
f 3096/3096 3467/3467 6770/6770
f 5892/5892 5924/5924 4124/4124
f 4124/4124 3270/3270 5892/5892
f 5825/5825 1219/1219 272/272
f 1039/1039 6084/6084 6256/6256
f 6084/6084 941/941 62/62
f 941/941 3023/3023 62/62
f 6256/6256 6084/6084 62/62
f 3227/3227 3434/3434 4478/4478
f 4668/4668 3227/3227 4478/4478
f 4668/4668 4478/4478 986/986
f 4668/4668 1039/1039 6553/6553
f 1039/1039 4668/4668 6084/6084
f 6256/6256 2244/2244 1039/1039
f 1039/1039 2244/2244 6553/6553
f 6553/6553 3227/3227 4668/4668
f 5772/5772 3227/3227 6553/6553
f 4668/4668 986/986 6084/6084
f 6553/6553 2244/2244 3336/3336
f 6553/6553 3336/3336 5772/5772
f 6007/6007 3336/3336 2244/2244
f 6007/6007 3329/3329 3336/3336
f 2664/2664 2039/2039 6478/6478
f 6478/6478 4945/4945 2664/2664
f 6478/6478 1142/1142 4945/4945
f 1758/1758 956/956 1142/1142
f 6526/6526 1758/1758 1142/1142
f 3110/3110 1142/1142 6478/6478
f 6526/6526 1142/1142 3110/3110
f 6059/6059 1758/1758 1585/1585
f 1585/1585 1758/1758 6526/6526
f 6526/6526 3110/3110 7840/7840
f 3110/3110 4625/4625 7840/7840
f 7380/7380 1046/1046 3306/3306
f 1187/1187 5899/5899 6834/6834
f 5771/5771 1807/1807 1187/1187
f 7055/7055 5899/5899 1187/1187
f 969/969 7055/7055 1187/1187
f 969/969 4038/4038 7055/7055
f 4038/4038 643/643 2441/2441
f 4038/4038 969/969 643/643
f 969/969 1187/1187 1807/1807
f 6088/6088 969/969 1807/1807
f 6088/6088 643/643 969/969
f 6088/6088 2940/2940 643/643
f 6963/6963 4470/4470 5771/5771
f 5771/5771 4470/4470 6786/6786
f 6786/6786 1807/1807 5771/5771
f 6786/6786 4470/4470 4058/4058
f 1807/1807 6786/6786 3519/3519
f 3703/3703 3519/3519 6786/6786
f 2982/2982 6263/6263 6088/6088
f 2982/2982 6088/6088 1807/1807
f 5901/5901 6263/6263 2982/2982
f 2982/2982 1807/1807 3519/3519
f 4995/4995 5901/5901 2982/2982
f 3519/3519 4995/4995 2982/2982
f 2940/2940 6088/6088 6263/6263
f 2940/2940 6263/6263 5507/5507
f 5901/5901 5507/5507 6263/6263
f 4995/4995 4525/4525 5901/5901
f 4525/4525 5507/5507 5901/5901
f 2441/2441 643/643 6052/6052
f 2940/2940 6052/6052 643/643
f 531/531 6052/6052 2940/2940
f 6410/6410 2633/2633 531/531
f 2940/2940 2911/2911 531/531
f 3582/3582 2911/2911 2940/2940
f 3582/3582 4633/4633 2911/2911
f 7064/7064 984/984 6410/6410
f 2911/2911 6410/6410 531/531
f 7064/7064 6410/6410 2911/2911
f 4633/4633 984/984 7064/7064
f 2911/2911 4633/4633 7064/7064
f 6828/6828 984/984 4633/4633
f 4633/4633 3582/3582 5064/5064
f 4319/4319 4080/4080 6309/6309
f 984/984 4080/4080 4319/4319
f 6828/6828 4080/4080 984/984
f 2712/2712 6828/6828 4633/4633
f 5443/5443 4080/4080 2712/2712
f 2561/2561 7271/7271 5443/5443
f 7271/7271 4080/4080 5443/5443
f 905/905 2940/2940 5507/5507
f 3582/3582 2940/2940 905/905
f 905/905 5064/5064 3582/3582
f 905/905 6562/6562 5064/5064
f 6562/6562 226/226 5064/5064
f 4525/4525 905/905 5507/5507
f 1751/1751 6562/6562 4525/4525
f 905/905 4525/4525 6562/6562
f 6562/6562 567/567 226/226
f 2958/2958 567/567 6562/6562
f 1751/1751 2958/2958 6562/6562
f 5064/5064 2712/2712 4633/4633
f 226/226 2712/2712 5064/5064
f 2561/2561 5443/5443 2712/2712
f 2712/2712 5292/5292 2561/2561
f 5292/5292 2712/2712 226/226
f 5292/5292 7861/7861 2561/2561
f 7271/7271 2561/2561 7861/7861
f 567/567 5292/5292 226/226
f 5292/5292 7294/7294 7861/7861
f 1203/1203 7294/7294 5292/5292
f 2955/2955 6786/6786 4058/4058
f 2955/2955 3703/3703 6786/6786
f 2955/2955 4734/4734 3703/3703
f 4734/4734 1045/1045 3703/3703
f 5441/5441 4734/4734 2955/2955
f 3703/3703 1045/1045 3519/3519
f 4995/4995 3519/3519 1045/1045
f 236/236 4995/4995 1045/1045
f 2955/2955 6932/6932 5441/5441
f 6932/6932 2430/2430 4272/4272
f 5441/5441 6932/6932 4272/4272
f 6150/6150 5441/5441 4272/4272
f 4272/4272 5190/5190 6150/6150
f 4734/4734 3427/3427 1045/1045
f 5441/5441 3427/3427 4734/4734
f 5104/5104 3427/3427 5441/5441
f 1045/1045 3427/3427 236/236
f 5441/5441 6150/6150 5104/5104
f 2748/2748 3427/3427 5104/5104
f 236/236 2432/2432 4995/4995
f 4525/4525 4995/4995 2432/2432
f 6352/6352 4525/4525 2432/2432
f 2748/2748 236/236 3427/3427
f 2748/2748 2432/2432 236/236
f 3879/3879 1673/1673 2748/2748
f 1673/1673 6352/6352 2432/2432
f 1673/1673 2432/2432 2748/2748
f 4939/4939 1673/1673 3879/3879
f 1673/1673 4939/4939 5606/5606
f 5190/5190 4272/4272 2130/2130
f 7345/7345 319/319 5190/5190
f 5190/5190 319/319 6150/6150
f 6150/6150 319/319 63/63
f 7345/7345 63/63 319/319
f 7345/7345 6387/6387 63/63
f 6387/6387 4742/4742 63/63
f 4765/4765 4742/4742 6387/6387
f 4491/4491 6387/6387 7345/7345
f 6387/6387 4491/4491 4993/4993
f 2736/2736 1048/1048 6387/6387
f 6387/6387 4993/4993 2736/2736
f 4993/4993 6572/6572 2736/2736
f 6387/6387 1048/1048 4765/4765
f 4765/4765 1048/1048 2736/2736
f 489/489 4765/4765 3237/3237
f 3237/3237 4765/4765 2736/2736
f 3247/3247 3237/3237 2736/2736
f 732/732 3237/3237 3247/3247
f 4742/4742 4765/4765 1690/1690
f 587/587 4939/4939 3879/3879
f 3879/3879 1690/1690 587/587
f 2885/2885 587/587 1690/1690
f 587/587 5606/5606 4939/4939
f 1690/1690 489/489 2885/2885
f 1690/1690 4765/4765 489/489
f 3237/3237 732/732 489/489
f 732/732 1243/1243 489/489
f 1751/1751 4525/4525 6352/6352
f 6352/6352 3438/3438 1751/1751
f 1673/1673 5606/5606 6352/6352
f 3438/3438 6352/6352 5606/5606
f 2958/2958 1751/1751 3438/3438
f 2958/2958 3438/3438 6342/6342
f 4831/4831 2958/2958 6342/6342
f 4831/4831 567/567 2958/2958
f 5606/5606 6342/6342 3438/3438
f 5492/5492 6342/6342 5606/5606
f 508/508 4831/4831 6342/6342
f 7316/7316 4831/4831 508/508
f 508/508 6342/6342 5492/5492
f 4831/4831 5292/5292 567/567
f 4831/4831 1203/1203 5292/5292
f 7861/7861 3933/3933 7271/7271
f 3933/3933 7861/7861 7294/7294
f 7321/7321 3933/3933 7294/7294
f 2438/2438 3933/3933 3625/3625
f 7141/7141 3933/3933 7321/7321
f 3933/3933 7141/7141 3625/3625
f 7321/7321 7294/7294 1203/1203
f 1203/1203 4912/4912 7321/7321
f 2066/2066 4912/4912 3393/3393
f 2066/2066 7141/7141 7321/7321
f 2066/2066 7321/7321 4912/4912
f 428/428 2066/2066 3393/3393
f 2066/2066 583/583 7141/7141
f 583/583 428/428 6540/6540
f 583/583 2066/2066 428/428
f 3393/3393 5688/5688 428/428
f 5688/5688 3393/3393 409/409
f 409/409 6191/6191 5688/5688
f 2665/2665 3603/3603 409/409
f 2074/2074 3603/3603 2665/2665
f 2374/2374 409/409 3603/3603
f 5759/5759 2374/2374 1549/1549
f 5471/5471 5759/5759 1549/1549
f 3603/3603 2074/2074 1549/1549
f 6278/6278 5471/5471 1549/1549
f 2374/2374 3603/3603 1549/1549
f 1989/1989 5471/5471 3591/3591
f 5471/5471 1932/1932 4531/4531
f 1932/1932 5471/5471 6278/6278
f 1454/1454 4531/4531 1932/1932
f 5471/5471 4531/4531 3591/3591
f 3591/3591 4531/4531 1454/1454
f 1454/1454 312/312 3591/3591
f 5788/5788 732/732 3247/3247
f 7771/7771 732/732 5788/5788
f 7771/7771 2439/2439 1243/1243
f 1243/1243 732/732 7771/7771
f 5823/5823 2517/2517 7771/7771
f 2439/2439 7771/7771 2517/2517
f 1496/1496 2517/2517 5823/5823
f 1496/1496 5823/5823 5843/5843
f 3049/3049 5843/5843 889/889
f 1496/1496 5843/5843 3049/3049
f 1496/1496 3049/3049 6575/6575
f 3049/3049 633/633 7905/7905
f 7905/7905 5319/5319 6575/6575
f 6575/6575 3049/3049 7905/7905
f 7357/7357 3043/3043 6382/6382
f 6382/6382 5986/5986 7357/7357
f 6382/6382 3043/3043 6062/6062
f 2668/2668 6062/6062 524/524
f 6382/6382 6062/6062 2668/2668
f 2668/2668 3093/3093 1473/1473
f 4731/4731 3093/3093 7032/7032
f 5268/5268 1473/1473 3093/3093
f 2735/2735 3754/3754 6477/6477
f 6332/6332 5268/5268 4731/4731
f 6477/6477 5268/5268 6332/6332
f 2735/2735 6477/6477 6332/6332
f 3047/3047 6930/6930 6893/6893
f 519/519 6930/6930 3047/3047
f 4593/4593 519/519 3047/3047
f 6382/6382 4935/4935 5986/5986
f 7380/7380 2711/2711 5986/5986
f 7380/7380 5986/5986 3171/3171
f 3171/3171 5986/5986 4935/4935
f 6382/6382 1473/1473 4935/4935
f 1473/1473 3866/3866 6010/6010
f 6382/6382 2668/2668 1473/1473
f 4782/4782 4935/4935 6893/6893
f 1046/1046 3171/3171 4782/4782
f 4935/4935 4782/4782 3171/3171
f 6893/6893 2169/2169 4782/4782
f 4782/4782 2169/2169 1046/1046
f 1046/1046 7380/7380 3171/3171
f 3263/3263 5998/5998 5993/5993
f 3263/3263 5197/5197 2233/2233
f 3551/3551 4603/4603 5401/5401
f 3551/3551 4593/4593 3292/3292
f 3551/3551 6439/6439 4593/4593
f 6439/6439 519/519 4593/4593
f 6439/6439 3551/3551 5401/5401
f 5401/5401 2233/2233 5319/5319
f 5401/5401 5319/5319 7905/7905
f 2233/2233 5401/5401 4603/4603
f 633/633 5401/5401 7905/7905
f 4603/4603 3263/3263 2233/2233
f 3866/3866 1473/1473 5366/5366
f 5268/5268 2347/2347 1473/1473
f 2347/2347 5366/5366 1473/1473
f 3257/3257 7316/7316 508/508
f 254/254 4005/4005 3257/3257
f 1985/1985 3257/3257 508/508
f 5621/5621 254/254 3257/3257
f 3802/3802 254/254 5621/5621
f 5647/5647 3802/3802 3164/3164
f 1151/1151 5647/5647 3164/3164
f 4873/4873 3248/3248 1151/1151
f 3248/3248 4700/4700 1151/1151
f 5488/5488 3248/3248 4873/4873
f 4974/4974 4912/4912 1203/1203
f 1203/1203 4831/4831 7316/7316
f 4005/4005 1203/1203 7316/7316
f 4974/4974 1203/1203 4005/4005
f 6175/6175 3393/3393 4912/4912
f 6175/6175 4912/4912 4974/4974
f 4005/4005 6175/6175 4974/4974
f 4005/4005 7316/7316 3257/3257
f 6272/6272 3393/3393 6175/6175
f 409/409 3393/3393 6272/6272
f 4700/4700 6272/6272 5647/5647
f 409/409 6272/6272 2665/2665
f 2665/2665 6272/6272 4700/4700
f 2665/2665 4700/4700 2074/2074
f 3248/3248 2074/2074 4700/4700
f 4700/4700 5647/5647 1151/1151
f 4047/4047 1985/1985 2193/2193
f 2439/2439 4047/4047 1508/1508
f 4047/4047 2439/2439 2517/2517
f 1985/1985 4047/4047 2989/2989
f 2989/2989 4047/4047 2517/2517
f 2989/2989 7705/7705 1985/1985
f 2989/2989 3164/3164 7705/7705
f 1985/1985 508/508 2193/2193
f 3257/3257 1985/1985 5621/5621
f 7705/7705 5621/5621 1985/1985
f 3164/3164 3802/3802 5621/5621
f 5621/5621 7705/7705 3164/3164
f 2989/2989 2517/2517 1496/1496
f 4860/4860 3164/3164 2989/2989
f 2989/2989 1496/1496 4860/4860
f 4860/4860 1496/1496 6575/6575
f 6575/6575 6100/6100 4860/4860
f 6100/6100 6575/6575 4873/4873
f 3164/3164 4860/4860 6100/6100
f 4873/4873 1151/1151 6100/6100
f 3164/3164 6100/6100 1151/1151
f 4873/4873 6575/6575 5319/5319
f 307/307 7723/7723 5651/5651
f 307/307 5651/5651 339/339
f 5993/5993 1720/1720 5082/5082
f 5082/5082 1720/1720 4126/4126
f 7470/7470 3248/3248 5488/5488
f 3248/3248 7470/7470 7723/7723
f 7470/7470 5488/5488 3090/3090
f 7470/7470 3090/3090 4126/4126
f 5651/5651 7723/7723 7470/7470
f 7470/7470 4126/4126 5651/5651
f 5651/5651 5765/5765 339/339
f 5765/5765 7416/7416 339/339
f 5993/5993 3754/3754 2735/2735
f 5993/5993 2735/2735 1720/1720
f 1720/1720 2735/2735 353/353
f 2735/2735 6332/6332 353/353
f 6332/6332 3055/3055 353/353
f 4126/4126 5765/5765 5651/5651
f 4126/4126 1720/1720 5765/5765
f 6278/6278 1549/1549 2074/2074
f 7723/7723 6278/6278 2074/2074
f 3248/3248 7723/7723 2074/2074
f 6278/6278 307/307 1932/1932
f 1932/1932 307/307 1454/1454
f 7723/7723 307/307 6278/6278
f 1454/1454 307/307 339/339
f 5197/5197 4126/4126 4873/4873
f 3263/3263 4126/4126 5197/5197
f 3263/3263 5993/5993 5082/5082
f 5082/5082 4126/4126 3263/3263
f 4873/4873 3090/3090 5488/5488
f 3090/3090 4873/4873 4126/4126
f 5197/5197 4873/4873 5319/5319
f 5197/5197 5319/5319 2233/2233
f 1190/1190 6059/6059 649/649
f 2153/2153 1190/1190 4332/4332
f 1705/1705 2153/2153 4332/4332
f 1190/1190 2153/2153 4507/4507
f 1190/1190 4507/4507 6059/6059
f 4332/4332 1601/1601 1705/1705
f 6940/6940 5553/5553 1705/1705
f 6438/6438 5925/5925 6940/6940
f 3478/3478 6940/6940 1705/1705
f 6940/6940 3478/3478 6438/6438
f 7366/7366 6438/6438 3478/3478
f 1787/1787 6438/6438 7366/7366
f 5553/5553 2153/2153 1705/1705
f 6940/6940 5925/5925 5553/5553
f 6438/6438 5212/5212 5925/5925
f 1601/1601 3478/3478 1705/1705
f 3478/3478 1601/1601 3711/3711
f 3711/3711 7366/7366 3478/3478
f 1787/1787 1144/1144 6438/6438
f 1787/1787 7366/7366 7833/7833
f 1144/1144 5212/5212 6438/6438
f 1096/1096 5364/5364 5212/5212
f 3976/3976 5365/5365 1095/1095
f 3976/3976 5551/5551 5365/5365
f 1096/1096 5212/5212 1144/1144
f 1798/1798 3976/3976 1095/1095
f 6238/6238 5551/5551 3976/3976
f 1798/1798 6238/6238 3976/3976
f 1144/1144 1787/1787 7833/7833
f 3151/3151 1096/1096 1144/1144
f 1095/1095 3150/3150 1798/1798
f 1144/1144 7833/7833 3151/3151
f 1506/1506 3151/3151 7833/7833
f 2125/2125 6238/6238 1798/1798
f 1505/1505 1798/1798 3150/3150
f 1505/1505 2125/2125 1798/1798
f 6238/6238 12/12 5551/5551
f 7833/7833 7366/7366 4387/4387
f 7833/7833 4387/4387 1506/1506
f 1585/1585 649/649 6059/6059
f 649/649 1585/1585 3590/3590
f 1585/1585 4625/4625 3590/3590
f 1585/1585 6526/6526 4625/4625
f 6534/6534 7925/7925 2125/2125
f 3623/3623 6300/6300 1497/1497
f 6534/6534 7107/7107 7925/7925
f 1497/1497 6300/6300 6534/6534
f 6534/6534 6300/6300 7107/7107
f 7830/7830 4473/4473 7732/7732
f 5157/5157 7830/7830 7732/7732
f 4473/4473 7830/7830 2021/2021
f 7830/7830 7192/7192 2021/2021
f 7830/7830 158/158 7192/7192
f 158/158 7830/7830 5206/5206
f 3972/3972 4473/4473 2021/2021
f 3972/3972 2021/2021 6300/6300
f 6300/6300 2021/2021 7107/7107
f 6393/6393 5188/5188 12/12
f 6393/6393 199/199 5188/5188
f 6238/6238 7925/7925 12/12
f 7925/7925 6393/6393 12/12
f 7708/7708 199/199 6393/6393
f 7107/7107 6393/6393 7925/7925
f 7107/7107 7708/7708 6393/6393
f 7708/7708 7107/7107 2021/2021
f 199/199 6468/6468 4993/4993
f 2125/2125 7925/7925 6238/6238
f 7708/7708 4072/4072 199/199
f 2021/2021 7192/7192 7708/7708
f 7708/7708 7192/7192 4072/4072
f 4072/4072 7192/7192 158/158
f 4072/4072 158/158 1364/1364
f 1364/1364 8050/8050 4072/4072
f 6468/6468 199/199 4072/4072
f 4072/4072 8050/8050 6468/6468
f 6534/6534 2125/2125 709/709
f 1497/1497 6534/6534 709/709
f 5157/5157 5206/5206 7830/7830
f 1364/1364 158/158 5206/5206
f 5206/5206 2669/2669 1364/1364
f 4224/4224 5206/5206 5157/5157
f 4224/4224 2669/2669 5206/5206
f 1052/1052 1364/1364 2669/2669
f 1052/1052 17/17 1364/1364
f 1364/1364 1919/1919 8050/8050
f 1919/1919 1364/1364 17/17
f 17/17 696/696 1919/1919
f 2669/2669 6423/6423 1052/1052
f 1052/1052 6423/6423 1140/1140
f 1140/1140 578/578 1052/1052
f 17/17 1052/1052 578/578
f 674/674 7660/7660 578/578
f 17/17 578/578 1418/1418
f 7660/7660 1418/1418 578/578
f 3272/3272 7660/7660 674/674
f 7660/7660 2202/2202 1418/1418
f 3272/3272 2202/2202 7660/7660
f 4280/4280 2202/2202 3272/3272
f 3272/3272 6229/6229 4280/4280
f 2671/2671 4993/4993 6468/6468
f 8050/8050 2671/2671 6468/6468
f 4769/4769 8050/8050 1919/1919
f 2671/2671 8050/8050 4769/4769
f 5269/5269 2671/2671 4769/4769
f 3247/3247 2671/2671 5269/5269
f 4769/4769 6126/6126 5269/5269
f 6126/6126 3247/3247 5269/5269
f 6282/6282 17/17 1418/1418
f 6126/6126 696/696 1019/1019
f 696/696 6282/6282 4125/4125
f 1019/1019 696/696 4125/4125
f 3247/3247 6126/6126 5788/5788
f 6126/6126 5843/5843 5788/5788
f 889/889 6126/6126 1019/1019
f 5843/5843 6126/6126 889/889
f 1019/1019 633/633 889/889
f 4125/4125 4286/4286 633/633
f 633/633 1019/1019 4125/4125
f 3049/3049 889/889 633/633
f 2202/2202 6282/6282 1418/1418
f 6752/6752 2202/2202 4280/4280
f 6282/6282 2202/2202 6752/6752
f 6930/6930 6644/6644 6893/6893
f 2429/2429 6893/6893 6644/6644
f 4280/4280 6229/6229 6644/6644
f 6644/6644 6229/6229 2429/2429
f 6752/6752 4286/4286 6282/6282
f 6930/6930 519/519 4286/4286
f 4286/4286 6752/6752 6930/6930
f 4286/4286 4125/4125 6282/6282
f 2169/2169 6893/6893 2429/2429
f 591/591 7229/7229 7682/7682
f 3796/3796 7229/7229 591/591
f 591/591 7374/7374 3796/3796
f 1971/1971 4344/4344 6890/6890
f 7326/7326 4266/4266 3223/3223
f 4266/4266 5489/5489 3223/3223
f 5489/5489 7326/7326 3223/3223
f 1796/1796 6480/6480 6928/6928
f 4526/4526 1796/1796 1278/1278
f 1796/1796 6928/6928 1278/1278
f 4898/4898 1278/1278 516/516
f 1278/1278 6928/6928 516/516
f 3080/3080 4567/4567 516/516
f 6188/6188 2846/2846 5934/5934
f 6188/6188 5934/5934 1926/1926
f 3256/3256 6188/6188 3080/3080
f 4567/4567 3080/3080 6188/6188
f 1926/1926 4567/4567 6188/6188
f 3525/3525 4567/4567 7796/7796
f 5283/5283 3525/3525 7796/7796
f 5898/5898 3525/3525 5283/5283
f 5898/5898 5283/5283 1858/1858
f 2290/2290 6202/6202 5866/5866
f 4266/4266 5000/5000 4460/4460
f 4266/4266 2586/2586 5000/5000
f 2568/2568 4460/4460 1221/1221
f 4460/4460 5000/5000 1221/1221
f 7794/7794 4999/4999 6621/6621
f 1220/1220 4999/4999 7794/7794
f 7685/7685 2512/2512 7618/7618
f 2937/2937 988/988 5578/5578
f 5578/5578 6602/6602 2937/2937
f 4785/4785 5542/5542 2123/2123
f 2300/2300 5542/5542 4785/4785
f 7618/7618 2300/2300 4785/4785
f 1218/1218 439/439 3863/3863
f 6627/6627 2598/2598 6424/6424
f 6627/6627 2854/2854 2598/2598
f 6558/6558 3408/3408 5578/5578
f 3408/3408 6558/6558 2099/2099
f 4988/4988 1445/1445 3120/3120
f 3120/3120 3011/3011 4988/4988
f 3507/3507 4988/4988 5058/5058
f 3011/3011 5058/5058 4988/4988
f 2188/2188 3507/3507 5058/5058
f 3407/3407 3507/3507 2188/2188
f 5058/5058 3011/3011 6792/6792
f 3940/3940 6792/6792 3011/3011
f 4432/4432 1735/1735 2648/2648
f 2648/2648 3492/3492 4432/4432
f 1761/1761 2230/2230 4349/4349
f 3492/3492 2648/2648 7628/7628
f 2647/2647 41/41 7629/7629
f 4349/4349 2660/2660 1761/1761
f 993/993 1761/1761 1032/1032
f 993/993 1032/1032 4481/4481
f 543/543 1761/1761 993/993
f 993/993 4481/4481 7571/7571
f 2188/2188 5058/5058 6792/6792
f 1892/1892 2188/2188 6792/6792
f 1892/1892 7682/7682 7229/7229
f 7682/7682 1892/1892 1097/1097
f 1097/1097 6792/6792 3940/3940
f 1097/1097 3940/3940 4216/4216
f 1097/1097 4216/4216 3514/3514
f 3437/3437 1097/1097 3514/3514
f 591/591 7682/7682 3437/3437
f 591/591 3437/3437 2562/2562
f 7682/7682 1097/1097 3437/3437
f 3514/3514 4210/4210 3437/3437
f 3437/3437 4210/4210 4951/4951
f 3437/3437 4951/4951 796/796
f 2655/2655 5336/5336 5656/5656
f 7975/7975 4330/4330 1479/1479
f 7849/7849 6377/6377 2544/2544
f 3628/3628 796/796 1020/1020
f 5626/5626 7860/7860 1189/1189
f 1189/1189 4232/4232 5626/5626
f 5626/5626 2655/2655 7860/7860
f 5626/5626 5336/5336 2655/2655
f 5626/5626 4807/4807 5336/5336
f 5626/5626 3392/3392 4807/4807
f 7202/7202 5626/5626 4232/4232
f 3392/3392 5626/5626 7202/7202
f 3392/3392 4719/4719 4807/4807
f 7202/7202 3295/3295 3392/3392
f 4719/4719 3392/3392 7699/7699
f 7699/7699 3392/3392 3295/3295
f 4232/4232 1029/1029 7387/7387
f 7202/7202 4232/4232 7387/7387
f 3295/3295 7202/7202 7387/7387
f 3540/3540 3295/3295 7387/7387
f 7699/7699 3295/3295 7937/7937
f 7937/7937 3295/3295 5561/5561
f 5561/5561 3295/3295 3540/3540
f 8062/8062 3540/3540 7387/7387
f 4290/4290 2952/2952 5117/5117
f 4290/4290 5117/5117 5195/5195
f 1869/1869 3433/3433 5195/5195
f 956/956 7255/7255 4945/4945
f 1758/1758 7255/7255 956/956
f 4507/4507 1758/1758 6059/6059
f 5517/5517 3856/3856 7255/7255
f 1758/1758 5517/5517 7255/7255
f 6813/6813 3856/3856 7200/7200
f 3856/3856 5517/5517 7200/7200
f 7200/7200 1558/1558 6813/6813
f 1558/1558 7200/7200 5213/5213
f 5213/5213 5749/5749 1558/1558
f 1604/1604 3346/3346 4545/4545
f 2472/2472 5656/5656 5336/5336
f 5336/5336 7439/7439 3340/3340
f 5336/5336 4807/4807 7439/7439
f 4719/4719 7699/7699 3577/3577
f 3577/3577 7699/7699 6826/6826
f 6826/6826 7699/7699 7937/7937
f 7937/7937 3096/3096 6826/6826
f 5410/5410 7937/7937 5561/5561
f 3096/3096 7937/7937 5410/5410
f 5410/5410 5561/5561 3540/3540
f 3540/3540 906/906 5410/5410
f 906/906 1017/1017 5410/5410
f 1017/1017 3096/3096 5410/5410
f 6828/6828 2712/2712 4080/4080
f 63/63 5104/5104 6150/6150
f 63/63 6104/6104 5104/5104
f 4742/4742 6104/6104 63/63
f 5104/5104 6104/6104 2748/2748
f 6104/6104 3879/3879 2748/2748
f 6104/6104 4742/4742 1690/1690
f 3879/3879 6104/6104 1690/1690
f 2885/2885 5467/5467 587/587
f 489/489 1243/1243 2885/2885
f 2885/2885 1243/1243 2439/2439
f 587/587 5467/5467 5606/5606
f 5492/5492 5606/5606 5467/5467
f 5492/5492 5467/5467 2193/2193
f 2193/2193 508/508 5492/5492
f 2885/2885 1508/1508 5467/5467
f 1508/1508 2193/2193 5467/5467
f 4047/4047 2193/2193 1508/1508
f 2885/2885 2439/2439 1508/1508
f 5788/5788 5823/5823 7771/7771
f 5788/5788 5843/5843 5823/5823
f 254/254 6175/6175 4005/4005
f 6175/6175 254/254 5647/5647
f 6175/6175 5647/5647 6272/6272
f 254/254 3802/3802 5647/5647
f 4280/4280 6644/6644 6752/6752
f 6930/6930 6752/6752 6644/6644
f 1097/1097 1892/1892 6792/6792
f 5455/5455 3803/3803 1053/1053
f 1053/1053 6625/6625 4116/4116
f 2797/2797 3136/3136 4116/4116
f 1053/1053 964/964 5455/5455
f 1053/1053 4116/4116 7136/7136
f 964/964 1053/1053 7136/7136
f 5781/5781 964/964 7136/7136
f 862/862 4116/4116 3136/3136
f 862/862 7136/7136 4116/4116
f 5781/5781 7136/7136 862/862
f 5781/5781 862/862 6952/6952
f 3381/3381 416/416 6952/6952
f 416/416 5781/5781 6952/6952
f 416/416 3381/3381 3513/3513
f 862/862 3136/3136 2181/2181
f 6952/6952 862/862 2181/2181
f 3381/3381 6952/6952 2181/2181
f 2181/2181 6777/6777 3381/3381
f 2181/2181 1054/1054 6777/6777
f 3513/3513 3381/3381 4837/4837
f 2265/2265 3513/3513 4837/4837
f 4193/4193 4837/4837 3381/3381
f 6777/6777 4193/4193 3381/3381
f 2557/2557 2265/2265 4837/4837
f 6784/6784 4193/4193 6777/6777
f 2557/2557 7686/7686 8004/8004
f 7686/7686 2557/2557 4837/4837
f 4193/4193 7686/7686 4837/4837
f 7686/7686 6759/6759 8004/8004
f 6784/6784 6903/6903 4193/4193
f 6903/6903 6784/6784 7304/7304
f 4193/4193 3476/3476 7686/7686
f 3476/3476 4193/4193 6903/6903
f 4823/4823 6903/6903 5609/5609
f 2033/2033 7686/7686 3476/3476
f 7090/7090 757/757 5689/5689
f 5689/5689 6622/6622 3753/3753
f 5689/5689 3753/3753 7090/7090
f 1011/1011 7090/7090 3753/3753
f 3753/3753 6622/6622 6857/6857
f 5338/5338 3753/3753 6857/6857
f 7304/7304 5609/5609 6903/6903
f 5224/5224 5609/5609 7304/7304
f 5338/5338 6857/6857 6473/6473
f 7090/7090 1011/1011 736/736
f 5338/5338 1011/1011 3753/3753
f 736/736 1011/1011 3854/3854
f 1011/1011 4248/4248 3854/3854
f 5005/5005 3854/3854 4248/4248
f 4248/4248 1011/1011 2872/2872
f 5338/5338 2872/2872 1011/1011
f 1212/1212 2872/2872 5338/5338
f 2557/2557 8004/8004 7075/7075
f 7075/7075 8004/8004 6759/6759
f 2033/2033 6759/6759 7686/7686
f 955/955 6760/6760 2034/2034
f 3476/3476 6903/6903 4823/4823
f 4823/4823 2033/2033 3476/3476
f 2186/2186 4824/4824 1489/1489
f 4824/4824 2186/2186 2034/2034
f 7135/7135 7995/7995 6251/6251
f 6251/6251 955/955 7135/7135
f 495/495 7135/7135 2186/2186
f 2186/2186 7135/7135 570/570
f 955/955 570/570 7135/7135
f 5721/5721 4824/4824 5608/5608
f 1489/1489 4824/4824 5721/5721
f 1871/1871 2389/2389 7567/7567
f 1786/1786 7173/7173 1941/1941
f 5356/5356 1333/1333 400/400
f 1333/1333 5356/5356 1786/1786
f 1941/1941 802/802 1333/1333
f 1333/1333 1786/1786 1941/1941
f 7403/7403 1941/1941 7173/7173
f 802/802 1941/1941 7403/7403
f 3363/3363 7403/7403 7173/7173
f 7402/7402 3362/3362 5936/5936
f 5199/5199 2852/2852 3432/3432
f 5199/5199 7173/7173 1491/1491
f 7173/7173 5199/5199 3377/3377
f 3432/3432 3377/3377 5199/5199
f 258/258 3377/3377 3432/3432
f 5035/5035 3377/3377 258/258
f 5035/5035 258/258 1315/1315
f 7173/7173 3377/3377 7248/7248
f 3363/3363 7173/7173 7248/7248
f 7248/7248 3377/3377 5035/5035
f 5034/5034 2667/2667 7249/7249
f 6445/6445 2667/2667 5034/5034
f 7249/7249 2667/2667 4204/4204
f 4204/4204 2667/2667 2226/2226
f 3362/3362 7249/7249 4204/4204
f 4204/4204 4152/4152 3362/3362
f 97/97 7394/7394 3817/3817
f 6134/6134 3817/3817 7394/7394
f 876/876 97/97 3817/3817
f 2226/2226 2667/2667 6445/6445
f 2226/2226 6445/6445 7631/7631
f 7631/7631 6445/6445 896/896
f 7631/7631 896/896 2020/2020
f 4204/4204 2226/2226 3848/3848
f 3848/3848 2226/2226 7631/7631
f 6755/6755 4152/4152 1790/1790
f 4204/4204 1790/1790 4152/4152
f 7631/7631 2020/2020 3848/3848
f 3848/3848 7558/7558 4204/4204
f 6832/6832 3848/3848 2020/2020
f 5619/5619 2020/2020 896/896
f 5149/5149 5619/5619 896/896
f 876/876 2376/2376 896/896
f 4624/4624 2376/2376 876/876
f 2376/2376 4624/4624 3817/3817
f 3817/3817 4624/4624 876/876
f 2376/2376 5149/5149 896/896
f 207/207 5149/5149 1981/1981
f 5149/5149 5530/5530 1981/1981
f 3817/3817 5530/5530 2376/2376
f 5530/5530 3817/3817 2023/2023
f 2023/2023 3817/3817 1263/1263
f 2023/2023 1263/1263 7563/7563
f 5530/5530 5149/5149 2376/2376
f 2023/2023 7563/7563 5530/5530
f 7563/7563 1981/1981 5530/5530
f 3271/3271 2020/2020 5619/5619
f 6832/6832 2020/2020 3271/3271
f 5619/5619 5149/5149 207/207
f 6396/6396 207/207 4850/4850
f 207/207 3271/3271 5619/5619
f 6396/6396 3271/3271 207/207
f 4850/4850 1847/1847 6396/6396
f 5316/5316 6950/6950 2575/2575
f 5316/5316 2575/2575 4836/4836
f 2575/2575 7597/7597 4836/4836
f 6539/6539 210/210 2930/2930
f 2930/2930 6043/6043 6539/6539
f 5973/5973 210/210 3016/3016
f 6539/6539 3016/3016 210/210
f 7841/7841 6133/6133 3726/3726
f 7639/7639 3726/3726 6133/6133
f 6043/6043 7841/7841 6539/6539
f 3726/3726 6539/6539 7841/7841
f 7639/7639 1847/1847 3068/3068
f 1847/1847 150/150 6396/6396
f 150/150 1847/1847 7547/7547
f 4751/4751 7419/7419 7639/7639
f 6133/6133 7419/7419 4751/4751
f 6133/6133 7016/7016 7419/7419
f 6133/6133 4751/4751 7639/7639
f 7547/7547 1847/1847 7639/7639
f 7547/7547 7639/7639 6950/6950
f 6950/6950 7639/7639 7419/7419
f 7419/7419 2575/2575 6950/6950
f 5838/5838 7841/7841 7843/7843
f 6133/6133 7841/7841 5838/5838
f 6133/6133 5838/5838 7016/7016
f 7419/7419 7016/7016 2575/2575
f 5838/5838 2575/2575 7016/7016
f 5838/5838 2/2 2575/2575
f 5838/5838 3632/3632 2/2
f 3467/3467 3096/3096 6288/6288
f 4313/4313 3467/3467 6288/6288
f 4313/4313 6288/6288 2375/2375
f 6288/6288 7820/7820 2375/2375
f 1329/1329 2375/2375 7820/7820
f 4975/4975 4313/4313 4908/4908
f 4908/4908 4313/4313 2375/2375
f 2375/2375 1329/1329 4908/4908
f 1329/1329 7820/7820 1070/1070
f 2739/2739 400/400 1333/1333
f 1333/1333 1119/1119 2739/2739
f 1507/1507 2739/2739 1119/1119
f 1119/1119 1333/1333 802/802
f 1843/1843 801/801 7402/7402
f 2403/2403 801/801 1843/1843
f 802/802 6651/6651 1119/1119
f 2403/2403 6652/6652 801/801
f 2403/2403 1843/1843 3945/3945
f 3950/3950 6535/6535 1070/1070
f 3950/3950 1070/1070 5520/5520
f 4678/4678 6652/6652 2403/2403
f 7307/7307 4678/4678 2403/2403
f 16/16 2403/2403 3945/3945
f 6670/6670 4908/4908 1329/1329
f 1329/1329 1070/1070 6535/6535
f 6670/6670 1329/1329 647/647
f 647/647 1329/1329 6535/6535
f 3280/3280 6535/6535 3950/3950
f 3951/3951 1464/1464 3281/3281
f 647/647 6535/6535 7610/7610
f 7610/7610 6535/6535 3280/3280
f 5729/5729 1464/1464 3951/3951
f 7417/7417 1559/1559 7714/7714
f 34/34 1464/1464 1559/1559
f 7417/7417 172/172 1559/1559
f 3281/3281 1464/1464 34/34
f 172/172 34/34 1559/1559
f 7655/7655 647/647 7610/7610
f 7655/7655 7610/7610 4376/4376
f 7610/7610 3378/3378 4376/4376
f 3280/3280 3378/3378 7610/7610
f 34/34 3379/3379 3281/3281
f 4376/4376 3378/3378 7961/7961
f 3379/3379 34/34 7356/7356
f 7356/7356 34/34 172/172
f 7356/7356 7962/7962 3379/3379
f 4830/4830 7356/7356 172/172
f 172/172 7417/7417 2711/2711
f 3133/3133 172/172 2711/2711
f 172/172 3133/3133 4830/4830
f 2326/2326 6660/6660 1790/1790
f 2326/2326 1790/1790 7558/7558
f 6165/6165 7558/7558 4415/4415
f 16/16 3945/3945 2326/2326
f 16/16 2326/2326 6165/6165
f 2326/2326 7558/7558 6165/6165
f 4415/4415 2928/2928 6165/6165
f 4415/4415 5841/5841 2928/2928
f 5841/5841 4415/4415 5950/5950
f 16/16 7307/7307 2403/2403
f 16/16 6721/6721 7307/7307
f 6704/6704 6721/6721 16/16
f 7361/7361 6721/6721 6704/6704
f 4414/4414 2417/2417 524/524
f 2612/2612 2417/2417 2266/2266
f 2417/2417 2612/2612 524/524
f 7361/7361 3141/3141 6721/6721
f 6165/6165 6704/6704 16/16
f 7361/7361 6704/6704 6624/6624
f 7361/7361 6624/6624 4846/4846
f 7361/7361 4846/4846 865/865
f 4846/4846 3249/3249 865/865
f 4846/4846 5981/5981 3249/3249
f 7010/7010 7130/7130 3249/3249
f 5981/5981 7010/7010 3249/3249
f 6624/6624 6165/6165 2928/2928
f 6704/6704 6165/6165 6624/6624
f 6624/6624 2928/2928 5841/5841
f 5841/5841 794/794 6624/6624
f 6624/6624 5981/5981 4846/4846
f 6624/6624 794/794 5981/5981
f 7558/7558 1790/1790 4204/4204
f 3848/3848 6832/6832 7558/7558
f 7558/7558 6832/6832 7360/7360
f 7360/7360 6832/6832 3271/3271
f 4415/4415 7558/7558 7360/7360
f 3829/3829 7360/7360 3271/3271
f 3271/3271 6396/6396 3829/3829
f 7360/7360 3829/3829 5950/5950
f 5950/5950 4415/4415 7360/7360
f 150/150 7547/7547 2948/2948
f 150/150 2948/2948 5950/5950
f 7547/7547 6950/6950 2948/2948
f 1233/1233 2948/2948 6950/6950
f 1233/1233 6950/6950 2618/2618
f 5316/5316 2618/2618 6950/6950
f 5950/5950 2477/2477 5841/5841
f 2477/2477 5950/5950 2948/2948
f 2948/2948 1233/1233 2477/2477
f 2477/2477 1233/1233 8016/8016
f 8016/8016 1233/1233 2618/2618
f 61/61 1381/1381 3886/3886
f 4516/4516 1823/1823 5531/5531
f 7305/7305 4516/4516 1381/1381
f 2452/2452 1381/1381 4516/4516
f 2452/2452 4516/4516 5531/5531
f 2618/2618 5316/5316 837/837
f 7147/7147 837/837 1002/1002
f 1002/1002 5431/5431 7147/7147
f 5431/5431 1002/1002 5274/5274
f 5274/5274 6682/6682 5431/5431
f 3886/3886 5431/5431 6682/6682
f 1381/1381 837/837 7147/7147
f 7147/7147 5431/5431 1381/1381
f 1381/1381 5431/5431 3886/3886
f 7597/7597 1002/1002 4836/4836
f 837/837 4836/4836 1002/1002
f 5316/5316 4836/4836 837/837
f 2569/2569 2618/2618 837/837
f 5668/5668 837/837 2452/2452
f 5668/5668 2569/2569 837/837
f 837/837 1381/1381 2452/2452
f 3717/3717 2157/2157 1999/1999
f 1999/1999 2157/2157 1036/1036
f 3717/3717 1999/1999 2725/2725
f 7010/7010 1036/1036 2157/2157
f 452/452 7010/7010 2157/2157
f 1036/1036 5981/5981 794/794
f 5981/5981 1036/1036 7010/7010
f 1999/1999 1036/1036 794/794
f 3658/3658 2961/2961 452/452
f 3658/3658 452/452 7879/7879
f 2477/2477 794/794 5841/5841
f 4439/4439 3717/3717 2725/2725
f 5668/5668 2452/2452 2725/2725
f 728/728 2725/2725 5531/5531
f 728/728 4439/4439 2725/2725
f 7071/7071 728/728 5531/5531
f 4017/4017 5868/5868 5531/5531
f 5531/5531 5868/5868 7071/7071
f 5531/5531 1823/1823 4017/4017
f 5868/5868 728/728 7071/7071
f 5054/5054 4439/4439 728/728
f 728/728 5868/5868 5054/5054
f 2725/2725 2452/2452 5531/5531
f 452/452 3717/3717 7879/7879
f 452/452 2157/2157 3717/3717
f 3717/3717 4439/4439 7197/7197
f 3717/3717 7197/7197 1611/1611
f 7879/7879 3717/3717 1611/1611
f 7879/7879 1146/1146 3658/3658
f 1611/1611 1146/1146 7879/7879
f 5054/5054 7197/7197 4439/4439
f 150/150 3829/3829 6396/6396
f 5950/5950 3829/3829 150/150
f 524/524 7032/7032 2668/2668
f 1561/1561 2070/2070 2072/2072
f 4731/4731 1561/1561 2072/2072
f 2072/2072 6332/6332 4731/4731
f 524/524 1561/1561 7032/7032
f 3055/3055 2961/2961 3658/3658
f 5455/5455 5804/5804 3803/3803
f 8009/8009 1053/1053 3803/3803
f 8009/8009 6625/6625 1053/1053
f 5804/5804 5455/5455 401/401
f 6504/6504 401/401 5455/5455
f 401/401 6504/6504 4656/4656
f 6504/6504 5455/5455 964/964
f 5436/5436 6504/6504 964/964
f 3773/3773 4656/4656 6504/6504
f 3773/3773 6504/6504 5436/5436
f 3773/3773 5436/5436 4271/4271
f 849/849 4271/4271 5436/5436
f 5781/5781 849/849 964/964
f 964/964 849/849 5436/5436
f 849/849 5781/5781 416/416
f 3509/3509 4271/4271 4465/4465
f 576/576 3509/3509 4465/4465
f 5618/5618 6319/6319 2524/2524
f 2524/2524 6319/6319 139/139
f 7464/7464 6319/6319 5618/5618
f 576/576 22/22 3752/3752
f 6294/6294 3059/3059 21/21
f 771/771 21/21 7464/7464
f 6294/6294 21/21 94/94
f 21/21 771/771 94/94
f 5618/5618 2524/2524 2486/2486
f 7464/7464 2486/2486 771/771
f 5618/5618 2486/2486 7464/7464
f 2048/2048 2486/2486 2524/2524
f 849/849 4465/4465 4271/4271
f 4465/4465 849/849 2830/2830
f 576/576 4465/4465 4666/4666
f 22/22 576/576 4666/4666
f 2830/2830 4666/4666 4465/4465
f 2830/2830 849/849 416/416
f 3513/3513 2830/2830 416/416
f 2830/2830 2265/2265 4666/4666
f 2265/2265 2830/2830 3513/3513
f 4666/4666 5372/5372 22/22
f 22/22 6512/6512 3752/3752
f 5372/5372 6512/6512 22/22
f 5372/5372 4666/4666 2265/2265
f 2265/2265 2557/2557 5372/5372
f 5372/5372 7075/7075 6512/6512
f 7075/7075 5372/5372 2557/2557
f 2185/2185 116/116 444/444
f 116/116 94/94 630/630
f 1635/1635 116/116 630/630
f 2368/2368 2185/2185 444/444
f 2185/2185 2368/2368 4764/4764
f 4764/4764 2368/2368 1635/1635
f 5167/5167 4764/4764 1635/1635
f 667/667 1635/1635 630/630
f 6038/6038 630/630 94/94
f 6038/6038 94/94 2464/2464
f 2464/2464 94/94 771/771
f 2464/2464 771/771 2486/2486
f 2048/2048 3765/3765 2486/2486
f 2464/2464 2486/2486 3765/3765
f 6038/6038 667/667 630/630
f 6497/6497 667/667 6038/6038
f 3765/3765 1293/1293 2464/2464
f 6497/6497 6038/6038 2464/2464
f 1293/1293 6019/6019 2464/2464
f 757/757 7090/7090 5640/5640
f 7090/7090 736/736 5640/5640
f 5640/5640 5224/5224 7304/7304
f 5640/5640 736/736 5224/5224
f 5224/5224 736/736 3854/3854
f 6473/6473 213/213 1212/1212
f 5338/5338 6473/6473 1212/1212
f 4764/4764 1982/1982 2185/2185
f 2468/2468 1982/1982 4764/4764
f 2468/2468 4764/4764 3475/3475
f 7653/7653 2359/2359 3011/3011
f 7653/7653 1982/1982 1118/1118
f 2468/2468 4632/4632 7211/7211
f 2468/2468 7211/7211 3588/3588
f 7327/7327 2468/2468 3588/3588
f 1982/1982 2468/2468 7327/7327
f 6727/6727 1982/1982 7327/7327
f 6727/6727 4302/4302 1118/1118
f 6727/6727 7327/7327 6961/6961
f 6961/6961 4302/4302 6727/6727
f 6961/6961 4907/4907 4302/4302
f 3588/3588 6961/6961 7327/7327
f 3475/3475 4764/4764 5167/5167
f 3475/3475 5167/5167 7581/7581
f 667/667 7581/7581 5167/5167
f 667/667 6497/6497 7389/7389
f 7581/7581 4632/4632 3475/3475
f 7211/7211 4632/4632 7581/7581
f 7581/7581 667/667 5147/5147
f 6497/6497 2464/2464 7389/7389
f 7389/7389 2464/2464 6019/6019
f 1708/1708 7581/7581 5147/5147
f 989/989 7581/7581 1708/1708
f 1708/1708 6479/6479 989/989
f 6655/6655 1708/1708 5147/5147
f 7389/7389 6019/6019 6655/6655
f 5147/5147 7389/7389 6655/6655
f 6655/6655 3089/3089 8007/8007
f 6019/6019 2285/2285 3089/3089
f 140/140 5944/5944 6216/6216
f 140/140 6216/6216 3431/3431
f 6216/6216 1895/1895 3431/3431
f 1895/1895 3490/3490 3431/3431
f 140/140 3431/3431 4146/4146
f 4146/4146 3431/3431 3490/3490
f 4146/4146 3490/3490 6948/6948
f 1485/1485 4147/4147 6949/6949
f 2524/2524 139/139 4147/4147
f 1485/1485 2524/2524 4147/4147
f 1895/1895 4370/4370 3490/3490
f 4370/4370 1895/1895 2552/2552
f 6949/6949 7523/7523 1485/1485
f 6948/6948 3490/3490 4370/4370
f 4369/4369 2873/2873 36/36
f 6947/6947 4369/4369 36/36
f 7522/7522 6947/6947 36/36
f 2842/2842 36/36 2873/2873
f 2552/2552 3268/3268 4370/4370
f 2873/2873 4369/4369 3267/3267
f 2842/2842 7522/7522 36/36
f 4746/4746 7522/7522 2842/2842
f 7837/7837 1485/1485 7523/7523
f 2160/2160 1485/1485 7837/7837
f 7522/7522 4746/4746 2985/2985
f 7838/7838 7524/7524 2986/2986
f 939/939 7838/7838 2986/2986
f 2048/2048 2524/2524 2160/2160
f 5863/5863 2161/2161 7838/7838
f 5863/5863 7838/7838 939/939
f 4237/4237 6512/6512 7075/7075
f 3086/3086 6512/6512 4237/4237
f 3087/3087 4236/4236 4261/4261
f 4261/4261 4755/4755 3552/3552
f 6251/6251 4261/4261 1849/1849
f 4261/4261 6251/6251 4755/4755
f 4236/4236 7074/7074 1849/1849
f 1849/1849 4261/4261 4236/4236
f 6280/6280 4746/4746 2842/2842
f 6280/6280 2842/2842 6901/6901
f 6280/6280 4922/4922 2893/2893
f 82/82 6280/6280 2893/2893
f 4922/4922 6169/6169 2893/2893
f 82/82 2893/2893 3344/3344
f 2985/2985 4746/4746 6280/6280
f 2985/2985 6280/6280 485/485
f 485/485 6280/6280 82/82
f 7251/7251 2985/2985 485/485
f 939/939 2986/2986 7252/7252
f 485/485 4655/4655 7251/7251
f 4655/4655 2018/2018 7251/7251
f 3344/3344 2893/2893 6293/6293
f 2018/2018 4655/4655 6719/6719
f 2018/2018 6719/6719 4396/4396
f 2019/2019 939/939 7252/7252
f 64/64 2019/2019 6148/6148
f 2848/2848 89/89 173/173
f 173/173 5483/5483 2848/2848
f 111/111 5863/5863 939/939
f 111/111 939/939 2019/2019
f 3301/3301 2019/2019 64/64
f 3765/3765 2048/2048 3874/3874
f 3765/3765 3874/3874 1293/1293
f 3874/3874 2048/2048 2160/2160
f 1698/1698 2161/2161 5863/5863
f 5970/5970 1293/1293 3874/3874
f 6019/6019 1293/1293 3944/3944
f 3944/3944 1293/1293 5970/5970
f 5970/5970 3874/3874 2160/2160
f 5969/5969 2161/2161 1698/1698
f 5969/5969 1698/1698 3694/3694
f 2019/2019 3301/3301 111/111
f 3301/3301 4576/4576 111/111
f 1698/1698 4547/4547 3116/3116
f 3116/3116 4547/4547 4455/4455
f 4576/4576 4547/4547 111/111
f 4576/4576 4455/4455 4547/4547
f 570/570 2034/2034 2186/2186
f 1849/1849 955/955 6251/6251
f 1489/1489 6500/6500 2186/2186
f 955/955 2034/2034 570/570
f 6760/6760 1849/1849 7074/7074
f 955/955 1849/1849 6760/6760
f 5223/5223 2352/2352 5608/5608
f 5608/5608 2352/2352 5721/5721
f 5006/5006 2352/2352 5223/5223
f 2352/2352 564/564 5721/5721
f 564/564 1489/1489 5721/5721
f 2352/2352 6733/6733 564/564
f 5005/5005 5224/5224 3854/3854
f 212/212 7088/7088 1211/1211
f 7088/7088 212/212 4033/4033
f 2871/2871 1211/1211 7088/7088
f 2871/2871 7088/7088 6223/6223
f 7677/7677 2352/2352 5006/5006
f 3589/3589 7677/7677 6223/6223
f 7088/7088 4033/4033 2025/2025
f 6223/6223 2025/2025 3589/3589
f 6223/6223 7088/7088 2025/2025
f 4247/4247 6223/6223 5006/5006
f 7677/7677 5006/5006 6223/6223
f 6223/6223 4247/4247 2871/2871
f 7677/7677 3589/3589 6733/6733
f 6733/6733 2352/2352 7677/7677
f 3589/3589 2025/2025 2469/2469
f 89/89 4755/4755 173/173
f 5483/5483 173/173 7995/7995
f 4755/4755 6251/6251 7995/7995
f 173/173 4755/4755 7995/7995
f 5532/5532 6293/6293 3121/3121
f 5532/5532 6778/6778 6293/6293
f 3344/3344 6293/6293 6778/6778
f 5532/5532 8044/8044 6778/6778
f 4708/4708 3344/3344 6778/6778
f 6778/6778 8044/8044 4708/4708
f 4708/4708 8044/8044 4396/4396
f 8044/8044 7412/7412 2644/2644
f 8044/8044 2644/2644 1167/1167
f 1159/1159 8044/8044 1167/1167
f 8044/8044 5532/5532 7412/7412
f 5532/5532 7015/7015 7412/7412
f 2018/2018 4396/4396 6147/6147
f 5395/5395 6147/6147 4426/4426
f 6112/6112 1782/1782 6878/6878
f 6112/6112 3662/3662 1782/1782
f 6112/6112 2389/2389 3662/3662
f 2389/2389 6112/6112 7567/7567
f 5069/5069 1167/1167 2545/2545
f 2644/2644 4841/4841 1167/1167
f 1159/1159 1167/1167 5069/5069
f 5395/5395 1159/1159 5069/5069
f 2545/2545 1167/1167 4841/4841
f 6472/6472 4841/4841 2644/2644
f 7258/7258 5069/5069 2649/2649
f 5395/5395 5069/5069 7258/7258
f 4138/4138 5282/5282 4352/4352
f 978/978 4138/4138 4352/4352
f 4841/4841 4845/4845 2545/2545
f 7562/7562 4841/4841 6472/6472
f 4841/4841 7562/7562 4845/4845
f 5069/5069 2545/2545 4845/4845
f 4429/4429 5395/5395 7258/7258
f 4429/4429 6147/6147 5395/5395
f 7817/7817 4429/4429 7258/7258
f 4352/4352 5282/5282 1782/1782
f 1782/1782 2881/2881 4352/4352
f 1782/1782 3662/3662 2881/2881
f 3662/3662 6476/6476 2881/2881
f 4352/4352 2881/2881 978/978
f 978/978 2881/2881 5118/5118
f 978/978 5118/5118 5048/5048
f 2881/2881 6476/6476 5118/5118
f 6476/6476 3662/3662 2389/2389
f 1871/1871 4663/4663 2389/2389
f 6476/6476 2389/2389 4663/4663
f 5498/5498 5118/5118 6476/6476
f 4424/4424 5498/5498 4663/4663
f 5498/5498 4424/4424 7764/7764
f 4424/4424 6415/6415 7764/7764
f 4663/4663 5498/5498 6476/6476
f 5118/5118 1568/1568 5048/5048
f 1568/1568 7377/7377 4175/4175
f 5498/5498 7377/7377 1568/1568
f 7377/7377 5498/5498 7764/7764
f 5118/5118 5498/5498 1568/1568
f 64/64 4576/4576 3301/3301
f 7675/7675 4428/4428 7816/7816
f 7675/7675 6148/6148 4428/4428
f 5163/5163 4663/4663 1871/1871
f 4424/4424 4663/4663 5163/5163
f 5970/5970 4559/4559 3944/3944
f 3944/3944 4559/4559 6019/6019
f 6692/6692 6019/6019 4559/4559
f 4559/4559 5970/5970 3693/3693
f 1426/1426 4559/4559 3693/3693
f 1427/1427 3694/3694 938/938
f 1426/1426 6692/6692 4559/4559
f 6692/6692 1426/1426 534/534
f 1427/1427 938/938 1158/1158
f 3443/3443 4455/4455 7062/7062
f 64/64 3443/3443 7062/7062
f 4455/4455 5392/5392 3116/3116
f 5392/5392 4455/4455 3443/3443
f 535/535 1427/1427 1158/1158
f 535/535 1158/1158 4389/4389
f 6692/6692 534/534 2285/2285
f 296/296 2285/2285 534/534
f 2285/2285 296/296 7449/7449
f 295/295 535/535 4389/4389
f 1663/1663 4389/4389 5392/5392
f 1663/1663 295/295 4389/4389
f 1663/1663 7450/7450 295/295
f 5392/5392 3127/3127 1663/1663
f 3127/3127 5392/5392 7226/7226
f 7450/7450 4909/4909 3398/3398
f 7450/7450 1663/1663 4909/4909
f 1663/1663 3127/3127 4909/4909
f 3127/3127 5396/5396 4909/4909
f 5396/5396 3127/3127 5625/5625
f 64/64 7675/7675 418/418
f 1576/1576 7675/7675 3419/3419
f 418/418 7675/7675 854/854
f 1576/1576 2812/2812 7675/7675
f 2812/2812 854/854 7675/7675
f 64/64 418/418 3006/3006
f 418/418 7226/7226 3006/3006
f 418/418 5625/5625 7226/7226
f 5625/5625 3127/3127 7226/7226
f 4216/4216 2359/2359 6791/6791
f 6791/6791 2359/2359 7653/7653
f 6791/6791 7653/7653 1118/1118
f 1238/1238 6068/6068 1646/1646
f 4951/4951 4798/4798 658/658
f 4951/4951 658/658 7642/7642
f 1084/1084 5695/5695 658/658
f 5617/5617 6873/6873 1084/1084
f 4670/4670 1084/1084 3961/3961
f 4670/4670 3961/3961 4382/4382
f 4670/4670 4382/4382 2138/2138
f 4121/4121 7749/7749 4382/4382
f 7749/7749 4121/4121 7871/7871
f 4382/4382 7749/7749 7871/7871
f 2303/2303 4382/4382 5062/5062
f 5062/5062 4382/4382 7871/7871
f 404/404 6479/6479 4483/4483
f 6479/6479 1708/1708 4483/4483
f 4495/4495 8007/8007 3089/3089
f 4495/4495 3089/3089 2341/2341
f 4997/4997 7871/7871 4121/4121
f 7871/7871 4997/4997 3996/3996
f 5323/5323 4997/4997 1109/1109
f 4997/4997 5323/5323 904/904
f 5062/5062 7871/7871 3996/3996
f 5062/5062 3996/3996 1555/1555
f 1555/1555 3996/3996 348/348
f 4997/4997 904/904 3996/3996
f 904/904 348/348 3996/3996
f 348/348 904/904 4517/4517
f 4517/4517 904/904 5323/5323
f 5323/5323 5745/5745 4517/4517
f 2601/2601 348/348 4517/4517
f 2601/2601 4517/4517 7605/7605
f 5745/5745 7605/7605 4517/4517
f 7605/7605 5745/5745 4228/4228
f 3736/3736 4228/4228 5745/5745
f 7605/7605 4228/4228 3736/3736
f 5745/5745 5323/5323 6799/6799
f 5745/5745 6799/6799 3736/3736
f 3736/3736 3567/3567 6919/6919
f 6919/6919 3567/3567 2280/2280
f 1457/1457 1020/1020 7642/7642
f 4810/4810 6997/6997 7642/7642
f 4810/4810 7642/7642 658/658
f 4810/4810 658/658 5695/5695
f 5695/5695 6046/6046 4810/4810
f 1546/1546 4810/4810 6046/6046
f 1546/1546 6046/6046 6211/6211
f 7642/7642 6997/6997 1457/1457
f 4897/4897 6997/6997 6211/6211
f 6211/6211 6997/6997 4810/4810
f 4897/4897 4303/4303 6997/6997
f 6211/6211 4810/4810 1546/1546
f 4897/4897 6211/6211 6046/6046
f 7314/7314 4897/4897 6046/6046
f 5067/5067 4897/4897 7314/7314
f 4615/4615 2138/2138 4382/4382
f 7612/7612 4382/4382 2303/2303
f 7577/7577 4615/4615 7612/7612
f 7314/7314 6046/6046 2138/2138
f 7577/7577 7314/7314 4615/4615
f 7577/7577 595/595 7314/7314
f 595/595 7577/7577 3710/3710
f 4887/4887 6997/6997 4303/4303
f 7814/7814 4887/4887 4303/4303
f 4303/4303 4897/4897 7814/7814
f 7814/7814 4897/4897 5067/5067
f 4180/4180 4887/4887 7814/7814
f 4180/4180 7814/7814 811/811
f 5067/5067 811/811 7814/7814
f 4180/4180 811/811 936/936
f 8062/8062 936/936 906/906
f 936/936 811/811 5067/5067
f 3428/3428 906/906 936/936
f 936/936 5067/5067 501/501
f 501/501 3428/3428 936/936
f 5067/5067 7314/7314 595/595
f 501/501 5067/5067 595/595
f 7577/7577 7612/7612 3719/3719
f 3719/3719 7612/7612 2855/2855
f 3719/3719 3710/3710 7577/7577
f 595/595 3710/3710 7246/7246
f 2855/2855 3710/3710 3719/3719
f 3710/3710 2855/2855 1491/1491
f 3710/3710 1491/1491 1786/1786
f 1491/1491 7173/7173 1786/1786
f 7246/7246 501/501 595/595
f 5356/5356 7246/7246 3710/3710
f 4488/4488 501/501 7246/7246
f 400/400 2739/2739 4488/4488
f 400/400 7246/7246 5356/5356
f 4488/4488 7246/7246 400/400
f 1786/1786 5356/5356 3710/3710
f 5936/5936 3362/3362 4152/4152
f 2303/2303 5062/5062 1555/1555
f 4181/4181 2303/2303 1555/1555
f 4181/4181 7612/7612 2303/2303
f 4181/4181 1555/1555 5543/5543
f 348/348 5543/5543 1555/1555
f 2601/2601 7605/7605 348/348
f 5543/5543 7605/7605 926/926
f 2852/2852 5543/5543 926/926
f 2855/2855 7612/7612 4181/4181
f 5543/5543 2852/2852 4181/4181
f 5199/5199 2855/2855 2852/2852
f 926/926 553/553 2852/2852
f 2852/2852 553/553 3432/3432
f 926/926 7605/7605 3736/3736
f 258/258 3432/3432 553/553
f 553/553 926/926 7669/7669
f 7669/7669 258/258 553/553
f 258/258 7669/7669 1315/1315
f 1315/1315 7669/7669 6881/6881
f 6881/6881 5035/5035 1315/1315
f 7683/7683 6881/6881 7669/7669
f 6919/6919 14/14 7669/7669
f 1491/1491 2855/2855 5199/5199
f 3089/3089 447/447 2341/2341
f 447/447 824/824 2506/2506
f 447/447 3397/3397 824/824
f 825/825 3398/3398 1563/1563
f 3398/3398 5396/5396 3636/3636
f 1563/1563 3398/3398 3636/3636
f 3956/3956 5393/5393 6390/6390
f 6390/6390 5393/5393 1638/1638
f 3174/3174 1877/1877 1929/1929
f 2280/2280 1439/1439 1598/1598
f 2280/2280 1598/1598 5359/5359
f 7029/7029 2280/2280 5359/5359
f 5359/5359 1598/1598 3174/3174
f 3173/3173 4621/4621 5360/5360
f 1598/1598 1877/1877 3174/3174
f 7630/7630 3956/3956 6390/6390
f 3194/3194 7630/7630 6390/6390
f 3194/3194 4445/4445 7630/7630
f 7807/7807 7630/7630 4445/4445
f 5518/5518 7598/7598 749/749
f 5518/5518 749/749 7310/7310
f 4250/4250 854/854 2812/2812
f 5625/5625 418/418 6357/6357
f 6357/6357 3102/3102 5625/5625
f 5625/5625 7031/7031 3636/3636
f 4343/4343 7031/7031 5625/5625
f 4343/4343 5625/5625 3102/3102
f 3493/3493 4343/4343 3102/3102
f 4343/4343 3493/3493 7031/7031
f 6357/6357 7260/7260 3102/3102
f 3493/3493 3102/3102 7260/7260
f 7260/7260 6357/6357 3649/3649
f 3493/3493 7260/7260 2082/2082
f 2082/2082 2328/2328 3493/3493
f 6992/6992 3493/3493 2328/2328
f 3649/3649 6357/6357 1975/1975
f 2082/2082 3649/3649 1975/1975
f 854/854 4250/4250 3328/3328
f 6977/6977 1975/1975 854/854
f 6977/6977 2082/2082 1975/1975
f 3328/3328 6977/6977 854/854
f 5293/5293 6977/6977 3328/3328
f 6977/6977 5293/5293 2082/2082
f 2082/2082 7260/7260 3649/3649
f 2221/2221 6633/6633 2328/2328
f 2221/2221 2328/2328 2082/2082
f 6992/6992 7355/7355 4445/4445
f 4445/4445 7355/7355 7807/7807
f 6992/6992 141/141 7355/7355
f 7824/7824 141/141 6252/6252
f 7824/7824 6252/6252 1714/1714
f 7355/7355 4601/4601 7807/7807
f 7355/7355 3948/3948 4601/4601
f 3530/3530 7310/7310 7807/7807
f 3530/3530 7807/7807 4601/4601
f 4601/4601 4289/4289 3530/3530
f 3729/3729 4601/4601 3948/3948
f 4289/4289 4601/4601 3729/3729
f 3948/3948 7355/7355 7824/7824
f 7824/7824 4553/4553 3948/3948
f 1714/1714 4553/4553 7824/7824
f 3948/3948 4553/4553 3729/3729
f 3729/3729 4553/4553 1876/1876
f 1450/1450 4553/4553 4440/4440
f 2087/2087 5293/5293 4996/4996
f 5293/5293 2087/2087 2082/2082
f 6938/6938 1478/1478 5228/5228
f 1478/1478 6938/6938 6824/6824
f 1714/1714 6824/6824 3496/3496
f 1714/1714 4440/4440 4553/4553
f 3496/3496 4440/4440 1714/1714
f 6989/6989 920/920 7684/7684
f 6801/6801 5034/5034 6882/6882
f 6882/6882 7684/7684 6801/6801
f 6801/6801 7684/7684 920/920
f 6989/6989 7710/7710 920/920
f 6801/6801 920/920 7710/7710
f 7710/7710 6989/6989 97/97
f 7394/7394 97/97 6989/6989
f 14/14 6919/6919 2280/2280
f 14/14 7683/7683 7669/7669
f 7029/7029 14/14 2280/2280
f 6989/6989 15/15 7030/7030
f 7684/7684 15/15 6989/6989
f 3817/3817 6134/6134 1263/1263
f 6134/6134 2741/2741 7930/7930
f 7930/7930 5518/5518 7310/7310
f 7930/7930 7310/7310 3530/3530
f 6841/6841 7930/7930 3530/3530
f 2741/2741 6134/6134 7394/7394
f 6134/6134 7930/7930 6841/6841
f 6134/6134 6841/6841 1263/1263
f 5034/5034 6801/6801 6445/6445
f 7710/7710 6445/6445 6801/6801
f 896/896 6445/6445 7710/7710
f 7710/7710 97/97 876/876
f 876/876 896/896 7710/7710
f 7092/7092 207/207 1981/1981
f 7563/7563 7092/7092 1981/1981
f 207/207 7092/7092 4850/4850
f 1759/1759 7597/7597 2575/2575
f 1759/1759 2575/2575 2/2
f 2/2 6206/6206 1759/1759
f 1759/1759 6206/6206 3314/3314
f 1759/1759 3314/3314 4808/4808
f 5274/5274 7597/7597 1759/1759
f 5274/5274 1759/1759 1615/1615
f 1615/1615 1759/1759 5125/5125
f 1759/1759 4808/4808 5125/5125
f 7841/7841 6043/6043 2930/2930
f 4289/4289 1887/1887 3530/3530
f 1887/1887 4289/4289 3729/3729
f 3729/3729 3016/3016 1887/1887
f 3016/3016 3729/3729 1876/1876
f 1876/1876 4553/4553 1450/1450
f 1450/1450 5973/5973 1876/1876
f 5973/5973 1450/1450 4440/4440
f 1876/1876 5973/5973 3016/3016
f 3530/3530 1887/1887 6841/6841
f 3135/3135 1887/1887 6539/6539
f 1887/1887 3016/3016 6539/6539
f 6841/6841 3135/3135 1263/1263
f 1887/1887 3135/3135 6841/6841
f 2930/2930 210/210 5973/5973
f 5473/5473 2930/2930 2706/2706
f 1569/1569 5473/5473 3496/3496
f 2394/2394 3496/3496 6824/6824
f 2394/2394 6824/6824 4462/4462
f 4475/4475 1569/1569 3496/3496
f 2930/2930 5473/5473 5628/5628
f 5628/5628 5473/5473 1569/1569
f 4475/4475 5628/5628 1569/1569
f 2930/2930 5628/5628 4027/4027
f 4027/4027 7843/7843 2930/2930
f 7718/7718 5191/5191 1587/1587
f 4475/4475 3496/3496 1194/1194
f 4027/4027 5628/5628 4475/4475
f 4475/4475 1194/1194 4027/4027
f 1194/1194 3496/3496 2394/2394
f 4027/4027 1194/1194 5191/5191
f 4027/4027 5191/5191 7718/7718
f 1789/1789 4027/4027 7718/7718
f 2706/2706 4440/4440 3496/3496
f 2706/2706 3496/3496 5473/5473
f 5973/5973 4440/4440 2930/2930
f 2930/2930 4440/4440 2706/2706
f 7092/7092 7563/7563 3068/3068
f 7563/7563 7639/7639 3068/3068
f 3135/3135 7563/7563 1263/1263
f 3726/3726 7563/7563 3135/3135
f 6539/6539 3726/3726 3135/3135
f 3726/3726 7639/7639 7563/7563
f 4850/4850 7092/7092 3068/3068
f 1847/1847 4850/4850 3068/3068
f 7843/7843 3632/3632 5838/5838
f 3632/3632 7843/7843 1740/1740
f 7841/7841 2930/2930 7843/7843
f 7843/7843 4027/4027 1789/1789
f 1405/1405 1789/1789 3314/3314
f 3314/3314 7718/7718 1587/1587
f 3314/3314 1789/1789 7718/7718
f 3632/3632 1740/1740 1405/1405
f 1740/1740 1789/1789 1405/1405
f 1740/1740 7843/7843 1789/1789
f 6206/6206 1405/1405 3314/3314
f 2/2 3632/3632 6206/6206
f 3632/3632 1405/1405 6206/6206
f 5511/5511 906/906 2581/2581
f 2581/2581 906/906 3428/3428
f 1017/1017 906/906 5511/5511
f 3096/3096 1766/1766 6288/6288
f 7820/7820 6288/6288 974/974
f 2137/2137 7820/7820 974/974
f 2137/2137 4191/4191 7820/7820
f 4488/4488 2049/2049 501/501
f 3001/3001 2049/2049 4488/4488
f 2739/2739 3001/3001 4488/4488
f 6031/6031 6775/6775 2235/2235
f 1507/1507 4542/4542 3001/3001
f 6775/6775 4542/4542 2960/2960
f 2235/2235 6775/6775 2960/2960
f 1507/1507 2960/2960 4542/4542
f 2739/2739 1507/1507 3001/3001
f 1119/1119 6651/6651 1507/1507
f 6502/6502 1507/1507 6651/6651
f 5936/5936 4917/4917 7402/7402
f 5936/5936 6755/6755 6660/6660
f 1843/1843 7402/7402 4917/4917
f 4917/4917 5936/5936 2326/2326
f 4917/4917 3945/3945 1843/1843
f 2326/2326 3945/3945 4917/4917
f 4191/4191 1070/1070 7820/7820
f 1070/1070 4191/4191 6031/6031
f 6031/6031 1984/1984 1070/1070
f 1984/1984 2235/2235 1896/1896
f 5520/5520 1070/1070 1984/1984
f 3403/3403 1984/1984 1896/1896
f 5520/5520 1984/1984 3403/3403
f 3403/3403 1896/1896 7559/7559
f 1896/1896 2235/2235 2960/2960
f 1896/1896 2960/2960 6502/6502
f 6502/6502 2960/2960 1507/1507
f 7559/7559 1896/1896 6502/6502
f 6502/6502 6651/6651 6232/6232
f 6233/6233 6652/6652 4678/4678
f 7559/7559 6502/6502 6232/6232
f 545/545 7559/7559 6232/6232
f 6589/6589 544/544 6233/6233
f 6589/6589 6233/6233 4678/4678
f 1645/1645 4678/4678 7307/7307
f 3403/3403 7559/7559 545/545
f 3402/3402 544/544 4893/4893
f 4893/4893 544/544 4414/4414
f 6589/6589 4414/4414 544/544
f 1645/1645 6589/6589 4678/4678
f 6589/6589 1645/1645 4414/4414
f 5729/5729 3402/3402 7714/7714
f 3951/3951 5519/5519 5729/5729
f 7714/7714 3402/3402 4893/4893
f 5729/5729 1559/1559 1464/1464
f 1559/1559 5729/5729 7714/7714
f 3402/3402 5729/5729 5519/5519
f 4414/4414 6336/6336 4178/4178
f 7714/7714 6336/6336 6028/6028
f 6336/6336 3043/3043 6028/6028
f 5063/5063 6028/6028 3043/3043
f 6336/6336 4414/4414 3043/3043
f 5063/5063 7417/7417 6028/6028
f 7417/7417 7714/7714 6028/6028
f 7417/7417 5063/5063 7357/7357
f 7357/7357 5063/5063 3043/3043
f 7357/7357 2711/2711 7417/7417
f 5986/5986 2711/2711 7357/7357
f 6755/6755 1790/1790 6660/6660
f 2326/2326 5936/5936 6660/6660
f 1645/1645 7307/7307 2417/2417
f 6721/6721 3353/3353 2266/2266
f 2417/2417 7307/7307 6721/6721
f 6721/6721 2266/2266 2417/2417
f 4414/4414 1645/1645 2417/2417
f 6721/6721 3141/3141 3353/3353
f 2612/2612 2266/2266 3353/3353
f 6317/6317 3353/3353 3141/3141
f 2612/2612 3353/3353 6317/6317
f 3141/3141 2016/2016 6317/6317
f 865/865 3141/3141 7361/7361
f 2016/2016 3141/3141 5012/5012
f 5012/5012 3141/3141 865/865
f 5012/5012 865/865 3249/3249
f 151/151 5012/5012 3249/3249
f 151/151 3249/3249 7130/7130
f 2016/2016 5012/5012 2070/2070
f 2070/2070 5012/5012 151/151
f 151/151 7115/7115 2070/2070
f 7115/7115 151/151 7130/7130
f 7115/7115 7130/7130 1310/1310
f 8016/8016 2569/2569 5668/5668
f 8016/8016 2618/2618 2569/2569
f 5274/5274 1002/1002 7597/7597
f 5668/5668 2725/2725 1999/1999
f 794/794 5668/5668 1999/1999
f 7115/7115 1310/1310 2961/2961
f 2961/2961 1310/1310 452/452
f 1310/1310 7130/7130 7010/7010
f 1310/1310 7010/7010 452/452
f 8016/8016 794/794 2477/2477
f 5668/5668 794/794 8016/8016
f 3043/3043 4414/4414 524/524
f 524/524 2612/2612 4004/4004
f 1561/1561 4004/4004 2016/2016
f 1561/1561 524/524 4004/4004
f 6317/6317 4004/4004 2612/2612
f 6317/6317 2016/2016 4004/4004
f 3043/3043 524/524 6062/6062
f 2070/2070 1561/1561 2016/2016
f 2072/2072 2070/2070 7115/7115
f 4731/4731 7032/7032 1561/1561
f 2072/2072 7115/7115 2961/2961
f 2072/2072 2961/2961 3055/3055
f 2072/2072 3055/3055 6332/6332
f 5273/5273 4656/4656 3773/3773
f 5273/5273 3773/3773 3811/3811
f 4271/4271 3811/3811 3773/3773
f 3811/3811 4271/4271 3509/3509
f 2983/2983 576/576 3752/3752
f 2983/2983 3752/3752 3101/3101
f 6294/6294 94/94 116/116
f 1635/1635 444/444 116/116
f 2368/2368 444/444 1635/1635
f 3475/3475 4632/4632 2468/2468
f 6727/6727 1118/1118 1982/1982
f 3588/3588 7211/7211 7581/7581
f 3588/3588 989/989 6961/6961
f 4907/4907 6961/6961 4412/4412
f 4412/4412 6961/6961 989/989
f 1635/1635 667/667 5167/5167
f 7389/7389 5147/5147 667/667
f 3588/3588 7581/7581 989/989
f 6479/6479 4412/4412 989/989
f 6655/6655 687/687 1708/1708
f 6019/6019 3089/3089 6655/6655
f 687/687 6655/6655 8007/8007
f 1485/1485 2160/2160 2524/2524
f 3268/3268 2552/2552 3101/3101
f 3320/3320 2873/2873 3267/3267
f 2873/2873 4684/4684 2842/2842
f 4684/4684 6901/6901 2842/2842
f 4684/4684 2873/2873 3320/3320
f 3320/3320 1031/1031 4684/4684
f 1031/1031 4869/4869 4684/4684
f 3752/3752 19/19 3101/3101
f 3268/3268 3101/3101 19/19
f 20/20 3320/3320 3267/3267
f 6512/6512 3086/3086 3752/3752
f 19/19 3752/3752 3086/3086
f 3881/3881 3320/3320 20/20
f 1031/1031 3320/3320 727/727
f 727/727 3320/3320 3881/3881
f 4869/4869 1031/1031 4978/4978
f 4978/4978 1031/1031 727/727
f 3552/3552 727/727 3881/3881
f 4978/4978 727/727 3552/3552
f 3881/3881 20/20 3087/3087
f 4261/4261 3881/3881 3087/3087
f 4261/4261 3552/3552 3881/3881
f 6169/6169 4922/4922 792/792
f 4684/4684 4922/4922 6901/6901
f 4922/4922 6280/6280 6901/6901
f 792/792 4922/4922 4684/4684
f 792/792 4684/4684 4869/4869
f 485/485 82/82 4655/4655
f 82/82 3344/3344 4655/4655
f 4396/4396 6719/6719 4708/4708
f 4655/4655 3344/3344 6719/6719
f 3344/3344 4708/4708 6719/6719
f 4869/4869 8053/8053 792/792
f 4869/4869 4978/4978 8053/8053
f 6169/6169 792/792 8053/8053
f 3552/3552 7093/7093 4978/4978
f 4978/4978 7093/7093 8053/8053
f 89/89 7093/7093 3552/3552
f 4755/4755 89/89 3552/3552
f 1698/1698 938/938 3694/3694
f 5863/5863 111/111 4547/4547
f 4547/4547 1698/1698 5863/5863
f 938/938 1698/1698 3116/3116
f 4576/4576 7062/7062 4455/4455
f 4576/4576 64/64 7062/7062
f 4396/4396 8044/8044 1159/1159
f 4426/4426 4396/4396 1159/1159
f 5395/5395 4426/4426 1159/1159
f 4396/4396 4426/4426 6147/6147
f 4175/4175 1933/1933 5048/5048
f 1933/1933 978/978 5048/5048
f 4175/4175 5048/5048 1568/1568
f 64/64 6148/6148 7675/7675
f 1158/1158 938/938 3116/3116
f 3006/3006 5392/5392 3443/3443
f 3006/3006 3443/3443 64/64
f 4389/4389 1158/1158 3116/3116
f 4389/4389 3116/3116 5392/5392
f 7226/7226 5392/5392 3006/3006
f 6019/6019 6692/6692 2285/2285
f 3089/3089 2285/2285 7449/7449
f 3397/3397 3089/3089 7449/7449
f 5625/5625 3636/3636 5396/5396
f 854/854 6357/6357 418/418
f 4216/4216 6791/6791 5046/5046
f 6705/6705 4216/4216 5046/5046
f 5599/5599 6791/6791 1118/1118
f 5046/5046 6791/6791 5599/5599
f 3514/3514 4216/4216 6705/6705
f 6705/6705 4210/4210 3514/3514
f 6705/6705 5046/5046 2954/2954
f 4210/4210 6705/6705 7859/7859
f 7859/7859 6705/6705 2954/2954
f 2954/2954 5046/5046 5599/5599
f 2133/2133 2954/2954 5599/5599
f 5617/5617 7859/7859 2954/2954
f 5599/5599 1118/1118 2133/2133
f 2133/2133 6873/6873 2954/2954
f 4302/4302 2133/2133 1118/1118
f 4302/4302 2828/2828 2133/2133
f 2828/2828 1646/1646 2133/2133
f 2828/2828 4302/4302 4907/4907
f 2828/2828 4907/4907 4412/4412
f 1646/1646 2828/2828 7784/7784
f 2133/2133 1646/1646 6873/6873
f 1238/1238 1646/1646 7784/7784
f 6068/6068 6873/6873 1646/1646
f 4951/4951 4210/4210 4798/4798
f 4798/4798 4210/4210 5617/5617
f 5617/5617 4210/4210 7859/7859
f 5617/5617 2954/2954 6873/6873
f 4798/4798 5617/5617 658/658
f 1084/1084 658/658 5617/5617
f 1084/1084 6873/6873 6068/6068
f 3961/3961 1084/1084 6068/6068
f 4382/4382 3961/3961 4121/4121
f 2828/2828 4412/4412 7784/7784
f 7784/7784 4412/4412 4270/4270
f 7784/7784 4270/4270 2687/2687
f 1238/1238 4121/4121 6068/6068
f 4121/4121 1238/1238 7784/7784
f 4121/4121 7784/7784 2687/2687
f 3961/3961 6068/6068 4121/4121
f 4270/4270 4412/4412 6479/6479
f 4270/4270 6479/6479 404/404
f 5768/5768 404/404 4483/4483
f 5768/5768 475/475 404/404
f 4483/4483 1708/1708 687/687
f 5768/5768 4483/4483 687/687
f 5768/5768 687/687 962/962
f 2687/2687 4270/4270 404/404
f 2687/2687 404/404 475/475
f 2687/2687 4997/4997 4121/4121
f 4997/4997 2687/2687 475/475
f 4997/4997 475/475 1109/1109
f 475/475 5768/5768 962/962
f 1109/1109 475/475 962/962
f 962/962 687/687 4407/4407
f 687/687 8007/8007 4407/4407
f 4407/4407 1973/1973 962/962
f 4407/4407 8007/8007 4495/4495
f 4495/4495 2341/2341 4407/4407
f 7243/7243 962/962 1973/1973
f 1973/1973 6657/6657 7243/7243
f 1109/1109 962/962 7243/7243
f 7243/7243 6799/6799 1109/1109
f 6799/6799 7243/7243 6657/6657
f 1973/1973 4407/4407 2341/2341
f 6657/6657 1973/1973 2459/2459
f 6790/6790 1973/1973 2341/2341
f 6790/6790 2459/2459 1973/1973
f 5323/5323 1109/1109 6799/6799
f 6799/6799 6657/6657 1439/1439
f 1439/1439 6657/6657 2459/2459
f 3736/3736 6799/6799 3567/3567
f 6799/6799 1439/1439 3567/3567
f 1084/1084 4670/4670 5695/5695
f 4670/4670 6046/6046 5695/5695
f 4670/4670 2138/2138 6046/6046
f 7612/7612 4615/4615 4382/4382
f 7314/7314 2138/2138 4615/4615
f 936/936 8062/8062 4180/4180
f 348/348 7605/7605 5543/5543
f 2855/2855 4181/4181 2852/2852
f 7669/7669 926/926 6919/6919
f 926/926 3736/3736 6919/6919
f 3397/3397 447/447 3089/3089
f 2341/2341 447/447 6790/6790
f 2459/2459 6790/6790 2506/2506
f 5734/5734 2459/2459 2506/2506
f 6790/6790 447/447 2506/2506
f 3398/3398 4909/4909 5396/5396
f 825/825 5393/5393 2505/2505
f 825/825 1563/1563 5393/5393
f 1563/1563 1638/1638 5393/5393
f 5393/5393 3956/3956 2505/2505
f 7031/7031 1563/1563 3636/3636
f 1638/1638 1563/1563 7031/7031
f 6390/6390 1638/1638 3194/3194
f 1439/1439 2459/2459 1598/1598
f 1598/1598 2459/2459 5734/5734
f 1877/1877 1598/1598 5734/5734
f 1877/1877 5734/5734 1929/1929
f 1929/1929 5734/5734 2506/2506
f 3567/3567 1439/1439 2280/2280
f 3956/3956 1928/1928 2505/2505
f 7630/7630 7598/7598 3956/3956
f 7598/7598 1928/1928 3956/3956
f 7807/7807 7598/7598 7630/7630
f 3173/3173 5518/5518 4621/4621
f 1928/1928 7598/7598 3173/3173
f 7598/7598 5518/5518 3173/3173
f 7310/7310 749/749 7807/7807
f 7807/7807 749/749 7598/7598
f 6992/6992 7031/7031 3493/3493
f 3194/3194 1638/1638 7031/7031
f 6992/6992 3194/3194 7031/7031
f 141/141 6992/6992 2328/2328
f 6633/6633 141/141 2328/2328
f 854/854 1975/1975 6357/6357
f 3194/3194 6992/6992 4445/4445
f 6633/6633 6252/6252 141/141
f 7355/7355 141/141 7824/7824
f 6633/6633 1714/1714 6252/6252
f 1714/1714 6633/6633 2221/2221
f 2087/2087 2221/2221 2082/2082
f 1714/1714 2221/2221 1478/1478
f 1478/1478 2221/2221 2087/2087
f 1714/1714 1478/1478 6824/6824
f 7030/7030 5360/5360 4621/4621
f 2741/2741 7030/7030 4621/4621
f 6989/6989 7030/7030 2741/2741
f 2741/2741 7394/7394 6989/6989
f 5518/5518 7930/7930 4621/4621
f 2741/2741 4621/4621 7930/7930
f 3096/3096 1017/1017 1766/1766
f 1766/1766 1017/1017 5511/5511
f 2581/2581 3428/3428 4977/4977
f 974/974 5511/5511 2581/2581
f 1766/1766 5511/5511 974/974
f 974/974 2581/2581 4977/4977
f 3428/3428 501/501 2049/2049
f 974/974 6288/6288 1766/1766
f 2743/2743 974/974 4977/4977
f 2743/2743 2137/2137 974/974
f 4977/4977 3428/3428 4542/4542
f 2049/2049 4542/4542 3428/3428
f 4542/4542 2049/2049 3001/3001
f 2743/2743 4977/4977 4542/4542
f 2137/2137 2743/2743 4191/4191
f 4191/4191 2743/2743 6775/6775
f 6031/6031 4191/4191 6775/6775
f 2743/2743 4542/4542 6775/6775
f 4152/4152 6755/6755 5936/5936
f 1984/1984 6031/6031 2235/2235
f 4178/4178 4893/4893 4414/4414
f 7714/7714 4893/4893 4178/4178
f 6336/6336 7714/7714 4178/4178
f 539/539 6379/6379 4779/4779
f 4129/4129 539/539 4779/4779
f 7856/7856 68/68 6550/6550
f 6379/6379 6550/6550 68/68
f 4490/4490 539/539 4129/4129
f 4490/4490 3429/3429 539/539
f 6379/6379 539/539 3429/3429
f 6379/6379 3429/3429 5917/5917
f 6379/6379 5917/5917 6550/6550
f 4364/4364 7469/7469 4129/4129
f 7469/7469 4490/4490 4129/4129
f 2867/2867 4490/4490 7469/7469
f 6819/6819 3404/3404 7856/7856
f 6550/6550 6819/6819 7856/7856
f 7392/7392 6819/6819 6550/6550
f 3017/3017 6852/6852 266/266
f 3018/3018 7818/7818 6853/6853
f 7392/7392 2636/2636 6819/6819
f 3642/3642 6521/6521 2636/2636
f 2636/2636 7392/7392 4944/4944
f 2636/2636 4944/4944 3642/3642
f 6521/6521 3642/3642 4427/4427
f 7392/7392 6550/6550 5917/5917
f 3429/3429 7421/7421 5917/5917
f 7421/7421 7392/7392 5917/5917
f 3051/3051 3429/3429 4490/4490
f 3429/3429 3051/3051 1257/1257
f 2867/2867 1003/1003 4490/4490
f 1517/1517 3051/3051 4490/4490
f 4162/4162 3051/3051 1517/1517
f 4490/4490 1003/1003 1517/1517
f 5379/5379 1257/1257 3051/3051
f 1257/1257 5379/5379 822/822
f 2838/2838 4944/4944 7392/7392
f 7421/7421 2838/2838 7392/7392
f 1257/1257 7421/7421 3429/3429
f 7421/7421 1257/1257 5480/5480
f 5480/5480 2838/2838 7421/7421
f 5301/5301 2838/2838 5480/5480
f 5301/5301 4944/4944 2838/2838
f 4944/4944 5301/5301 2383/2383
f 1257/1257 822/822 5480/5480
f 822/822 5301/5301 5480/5480
f 4056/4056 2383/2383 5301/5301
f 822/822 4056/4056 5301/5301
f 5344/5344 4056/4056 822/822
f 3017/3017 4427/4427 2383/2383
f 2383/2383 2719/2719 3017/3017
f 2718/2718 7818/7818 3018/3018
f 4056/4056 2719/2719 2383/2383
f 741/741 2719/2719 4056/4056
f 6772/6772 4056/4056 5344/5344
f 4056/4056 6772/6772 741/741
f 740/740 6771/6771 5665/5665
f 2194/2194 7818/7818 2718/2718
f 5665/5665 2718/2718 740/740
f 5665/5665 2194/2194 2718/2718
f 2194/2194 7432/7432 7818/7818
f 2194/2194 8049/8049 7432/7432
f 2194/2194 6559/6559 8049/8049
f 5665/5665 6559/6559 2194/2194
f 5665/5665 731/731 6559/6559
f 4162/4162 5379/5379 3051/3051
f 822/822 5379/5379 2093/2093
f 5379/5379 6320/6320 2093/2093
f 3815/3815 2093/2093 6320/6320
f 4162/4162 6279/6279 6320/6320
f 4162/4162 6320/6320 5379/5379
f 2093/2093 5344/5344 822/822
f 2093/2093 4451/4451 5344/5344
f 4451/4451 6772/6772 5344/5344
f 4451/4451 2093/2093 3815/3815
f 731/731 5665/5665 6771/6771
f 6771/6771 4452/4452 3809/3809
f 3809/3809 731/731 6771/6771
f 1389/1389 4451/4451 3815/3815
f 1286/1286 3809/3809 4452/4452
f 6279/6279 4162/4162 1517/1517
f 6279/6279 1517/1517 2695/2695
f 6279/6279 3815/3815 6320/6320
f 4340/4340 6279/6279 2695/2695
f 4340/4340 3815/3815 6279/6279
f 1389/1389 1285/1285 4451/4451
f 4703/4703 3809/3809 1286/1286
f 3815/3815 3071/3071 1389/1389
f 1285/1285 1389/1389 3071/3071
f 3071/3071 2607/2607 1285/1285
f 2109/2109 4703/4703 1286/1286
f 2109/2109 1380/1380 4703/4703
f 2606/2606 2109/2109 1286/1286
f 6441/6441 395/395 2443/2443
f 395/395 2863/2863 5347/5347
f 617/617 6441/6441 2443/2443
f 6543/6543 6441/6441 617/617
f 2877/2877 6441/6441 6543/6543
f 6929/6929 2863/2863 395/395
f 395/395 6441/6441 6929/6929
f 2877/2877 7129/7129 6441/6441
f 7129/7129 6929/6929 6441/6441
f 6929/6929 4797/4797 2863/2863
f 2877/2877 6543/6543 7123/7123
f 1891/1891 2877/2877 7123/7123
f 4364/4364 2877/2877 5288/5288
f 68/68 6807/6807 4797/4797
f 7856/7856 6807/6807 68/68
f 6929/6929 7129/7129 4797/4797
f 4797/4797 7129/7129 4779/4779
f 2877/2877 4779/4779 7129/7129
f 4364/4364 4779/4779 2877/2877
f 6379/6379 68/68 4797/4797
f 4797/4797 4779/4779 6379/6379
f 4779/4779 4364/4364 4129/4129
f 4753/4753 5376/5376 5758/5758
f 496/496 2877/2877 1891/1891
f 496/496 5288/5288 2877/2877
f 4364/4364 5288/5288 7469/7469
f 6471/6471 5912/5912 5168/5168
f 5912/5912 6743/6743 5168/5168
f 4635/4635 5168/5168 6743/6743
f 6743/6743 3228/3228 4635/4635
f 7499/7499 4827/4827 6640/6640
f 7499/7499 6640/6640 4784/4784
f 7499/7499 78/78 1582/1582
f 7499/7499 5474/5474 78/78
f 78/78 3740/3740 1582/1582
f 3740/3740 78/78 1539/1539
f 2709/2709 5363/5363 6976/6976
f 5363/5363 7476/7476 6976/6976
f 6976/6976 2069/2069 3814/3814
f 2069/2069 6976/6976 7476/7476
f 2069/2069 7476/7476 6122/6122
f 5474/5474 7499/7499 4784/4784
f 4784/4784 5645/5645 5474/5474
f 5474/5474 5645/5645 78/78
f 4225/4225 6122/6122 5363/5363
f 7476/7476 5363/5363 6122/6122
f 4225/4225 662/662 6122/6122
f 6650/6650 662/662 3287/3287
f 3747/3747 7696/7696 6693/6693
f 7531/7531 3747/3747 6693/6693
f 6328/6328 3125/3125 5196/5196
f 3287/3287 1643/1643 6328/6328
f 3287/3287 662/662 2315/2315
f 6328/6328 5196/5196 7531/7531
f 3287/3287 7531/7531 6693/6693
f 6328/6328 7531/7531 3287/3287
f 3528/3528 6057/6057 3556/3556
f 6122/6122 3528/3528 2069/2069
f 3158/3158 6640/6640 7340/7340
f 6057/6057 1180/1180 3556/3556
f 1180/1180 3158/3158 3556/3556
f 4784/4784 3158/3158 1180/1180
f 6057/6057 2541/2541 1180/1180
f 4453/4453 1180/1180 2541/2541
f 4784/4784 6640/6640 3158/3158
f 5645/5645 4784/4784 6767/6767
f 5210/5210 78/78 5645/5645
f 4784/4784 1180/1180 4453/4453
f 6767/6767 4784/4784 4453/4453
f 5645/5645 6767/6767 5042/5042
f 4453/4453 5042/5042 6767/6767
f 6057/6057 3528/3528 6122/6122
f 6057/6057 6122/6122 6650/6650
f 6650/6650 2541/2541 6057/6057
f 6122/6122 662/662 6650/6650
f 4453/4453 2541/2541 6693/6693
f 6693/6693 5042/5042 4453/4453
f 7696/7696 5042/5042 6693/6693
f 3287/3287 2541/2541 6650/6650
f 6693/6693 2541/2541 3287/3287
f 5633/5633 304/304 3764/3764
f 304/304 458/458 5875/5875
f 4133/4133 304/304 5875/5875
f 304/304 5633/5633 4100/4100
f 4100/4100 5633/5633 7072/7072
f 458/458 4031/4031 6030/6030
f 3305/3305 1518/1518 3764/3764
f 6879/6879 3305/3305 5168/5168
f 5633/5633 3764/3764 1518/1518
f 6879/6879 1518/1518 3305/3305
f 2956/2956 4635/4635 3228/3228
f 4635/4635 6879/6879 5168/5168
f 4518/4518 4635/4635 2956/2956
f 1518/1518 7072/7072 5633/5633
f 4527/4527 7072/7072 1518/1518
f 4527/4527 1518/1518 3807/3807
f 4635/4635 4518/4518 6879/6879
f 3807/3807 1518/1518 6879/6879
f 3807/3807 6879/6879 4518/4518
f 907/907 3807/3807 4518/4518
f 907/907 4518/4518 7917/7917
f 7821/7821 3228/3228 6743/6743
f 2956/2956 3228/3228 2360/2360
f 2360/2360 3228/3228 4934/4934
f 2956/2956 2360/2360 4518/4518
f 547/547 4518/4518 2360/2360
f 7917/7917 4518/4518 547/547
f 2825/2825 4100/4100 7072/7072
f 4527/4527 2825/2825 7072/7072
f 2825/2825 3984/3984 4031/4031
f 2825/2825 4527/4527 1409/1409
f 3807/3807 1409/1409 4527/4527
f 907/907 1409/1409 3807/3807
f 5884/5884 3984/3984 2825/2825
f 3460/3460 163/163 3984/3984
f 5884/5884 2825/2825 1409/1409
f 3984/3984 5884/5884 3460/3460
f 4940/4940 6924/6924 2582/2582
f 4940/4940 1290/1290 6924/6924
f 6924/6924 1290/1290 3918/3918
f 3648/3648 1290/1290 4940/4940
f 377/377 3648/3648 3005/3005
f 3648/3648 6023/6023 1290/1290
f 6924/6924 6224/6224 6931/6931
f 6224/6224 6924/6924 3918/3918
f 3918/3918 1290/1290 6023/6023
f 2252/2252 6023/6023 1736/1736
f 3918/3918 6023/6023 2252/2252
f 6931/6931 6224/6224 2224/2224
f 4416/4416 6931/6931 2224/2224
f 3217/3217 4416/4416 2224/2224
f 3918/3918 2252/2252 6224/6224
f 6224/6224 2859/2859 2224/2224
f 2859/2859 6224/6224 2252/2252
f 2224/2224 2859/2859 3217/3217
f 3217/3217 844/844 4416/4416
f 3217/3217 4628/4628 844/844
f 4293/4293 2345/2345 844/844
f 4628/4628 4293/4293 844/844
f 2345/2345 4293/4293 2901/2901
f 3661/3661 4628/4628 3217/3217
f 3217/3217 2859/2859 3661/3661
f 3661/3661 2859/2859 4778/4778
f 4628/4628 3470/3470 4293/4293
f 2817/2817 2495/2495 965/965
f 2539/2539 6798/6798 3380/3380
f 2539/2539 377/377 6798/6798
f 377/377 2539/2539 7792/7792
f 377/377 6023/6023 3648/3648
f 7792/7792 6023/6023 377/377
f 1736/1736 6023/6023 7792/7792
f 3134/3134 2539/2539 3380/3380
f 7792/7792 2539/2539 3134/3134
f 2913/2913 3134/3134 5230/5230
f 7792/7792 3134/3134 2913/2913
f 78/78 5210/5210 1539/1539
f 6117/6117 1539/1539 5210/5210
f 6851/6851 1539/1539 6117/6117
f 6851/6851 6717/6717 5355/5355
f 6717/6717 6851/6851 6117/6117
f 877/877 5230/5230 3718/3718
f 7219/7219 877/877 3718/3718
f 3435/3435 6717/6717 6117/6117
f 5355/5355 7219/7219 3718/3718
f 6717/6717 3435/3435 5355/5355
f 5355/5355 1594/1594 7219/7219
f 5355/5355 3435/3435 1594/1594
f 3435/3435 7914/7914 1594/1594
f 7792/7792 2913/2913 1736/1736
f 1136/1136 1736/1736 2913/2913
f 5910/5910 1736/1736 1136/1136
f 5910/5910 1136/1136 4110/4110
f 1136/1136 2896/2896 4110/4110
f 1736/1736 5910/5910 2252/2252
f 4778/4778 2252/2252 5910/5910
f 4778/4778 2859/2859 2252/2252
f 4110/4110 4778/4778 5910/5910
f 4778/4778 4110/4110 2075/2075
f 877/877 2913/2913 5230/5230
f 1136/1136 2913/2913 877/877
f 1136/1136 877/877 2896/2896
f 2896/2896 877/877 7219/7219
f 7553/7553 7219/7219 1594/1594
f 2896/2896 7219/7219 7553/7553
f 1594/1594 7914/7914 7311/7311
f 1594/1594 7311/7311 7553/7553
f 2024/2024 7553/7553 7311/7311
f 7914/7914 5945/5945 7311/7311
f 7311/7311 3229/3229 2024/2024
f 3229/3229 7311/7311 5945/5945
f 5648/5648 4110/4110 2896/2896
f 2896/2896 7553/7553 5648/5648
f 4110/4110 5648/5648 5589/5589
f 5589/5589 5648/5648 7553/7553
f 5589/5589 2075/2075 4110/4110
f 7553/7553 2024/2024 5589/5589
f 2088/2088 2024/2024 3229/3229
f 3229/3229 437/437 2088/2088
f 2140/2140 5589/5589 2024/2024
f 2088/2088 2140/2140 2024/2024
f 2758/2758 3498/3498 1566/1566
f 1566/1566 6106/6106 2758/2758
f 5042/5042 6231/6231 1343/1343
f 6231/6231 3747/3747 6604/6604
f 6231/6231 5042/5042 7696/7696
f 7696/7696 3747/3747 6231/6231
f 6231/6231 6604/6604 575/575
f 6231/6231 575/575 1343/1343
f 3000/3000 575/575 6604/6604
f 351/351 3747/3747 5196/5196
f 3125/3125 3498/3498 5196/5196
f 5196/5196 3498/3498 2758/2758
f 2758/2758 351/351 5196/5196
f 6106/6106 351/351 2758/2758
f 3000/3000 6106/6106 42/42
f 351/351 6106/6106 3000/3000
f 3747/3747 7531/7531 5196/5196
f 351/351 6604/6604 3747/3747
f 6604/6604 351/351 3000/3000
f 1566/1566 4368/4368 6106/6106
f 4368/4368 42/42 6106/6106
f 3366/3366 42/42 5885/5885
f 42/42 4368/4368 6756/6756
f 6756/6756 5885/5885 42/42
f 5885/5885 6756/6756 52/52
f 1307/1307 3000/3000 3366/3366
f 42/42 3366/3366 3000/3000
f 1307/1307 3366/3366 2455/2455
f 2455/2455 3366/3366 5885/5885
f 1307/1307 2455/2455 8042/8042
f 7481/7481 52/52 6756/6756
f 2455/2455 5885/5885 52/52
f 6563/6563 2455/2455 52/52
f 6041/6041 5276/5276 52/52
f 6563/6563 52/52 5276/5276
f 8042/8042 2455/2455 6563/6563
f 759/759 6041/6041 4773/4773
f 289/289 5276/5276 759/759
f 5276/5276 6041/6041 759/759
f 759/759 4773/4773 3988/3988
f 289/289 759/759 7785/7785
f 759/759 769/769 7785/7785
f 7948/7948 6563/6563 7169/7169
f 6563/6563 5276/5276 289/289
f 7169/7169 7785/7785 769/769
f 7185/7185 7169/7169 769/769
f 5210/5210 4255/4255 6117/6117
f 5645/5645 1127/1127 5210/5210
f 4255/4255 5210/5210 1127/1127
f 4255/4255 391/391 6117/6117
f 1127/1127 5645/5645 5042/5042
f 1127/1127 5042/5042 1343/1343
f 1127/1127 7371/7371 4255/4255
f 7371/7371 1127/1127 1343/1343
f 391/391 4255/4255 7371/7371
f 3435/3435 6117/6117 391/391
f 3321/3321 391/391 7371/7371
f 6537/6537 391/391 1475/1475
f 1475/1475 391/391 3321/3321
f 8061/8061 1475/1475 3321/3321
f 6537/6537 7914/7914 3435/3435
f 391/391 6537/6537 3435/3435
f 1343/1343 575/575 7371/7371
f 3321/3321 575/575 3175/3175
f 3000/3000 3175/3175 575/575
f 3175/3175 8042/8042 6304/6304
f 575/575 3321/3321 7371/7371
f 3321/3321 3175/3175 8061/8061
f 1307/1307 3175/3175 3000/3000
f 3175/3175 1307/1307 8042/8042
f 5945/5945 7914/7914 6537/6537
f 437/437 3229/3229 5945/5945
f 6537/6537 7938/7938 5945/5945
f 8061/8061 4889/4889 1475/1475
f 1475/1475 4889/4889 7938/7938
f 7938/7938 6537/6537 1475/1475
f 437/437 5945/5945 7938/7938
f 2323/2323 437/437 7938/7938
f 2088/2088 437/437 2323/2323
f 4889/4889 2323/2323 7938/7938
f 4889/4889 6433/6433 2323/2323
f 3175/3175 6304/6304 8061/8061
f 8061/8061 6304/6304 6789/6789
f 8061/8061 6789/6789 4889/4889
f 6304/6304 8042/8042 7948/7948
f 7948/7948 8042/8042 6563/6563
f 7948/7948 181/181 6789/6789
f 6433/6433 6789/6789 181/181
f 181/181 298/298 6433/6433
f 6789/6789 6304/6304 7948/7948
f 181/181 7948/7948 7169/7169
f 181/181 7169/7169 7185/7185
f 6789/6789 6433/6433 4889/4889
f 6053/6053 359/359 1801/1801
f 6053/6053 1801/1801 1642/1642
f 4828/4828 1642/1642 7109/7109
f 4828/4828 7109/7109 994/994
f 994/994 7109/7109 3993/3993
f 3470/3470 2901/2901 4293/4293
f 3214/3214 2299/2299 3470/3470
f 6939/6939 2299/2299 4334/4334
f 3661/3661 4778/4778 3214/3214
f 3214/3214 3470/3470 3661/3661
f 3470/3470 4628/4628 3661/3661
f 2075/2075 3214/3214 4778/4778
f 4334/4334 2075/2075 7574/7574
f 4334/4334 3214/3214 2075/2075
f 2299/2299 3214/3214 4334/4334
f 590/590 1906/1906 6939/6939
f 590/590 848/848 1906/1906
f 1801/1801 2299/2299 6939/6939
f 6939/6939 1906/1906 1801/1801
f 848/848 590/590 6136/6136
f 7109/7109 848/848 6136/6136
f 6136/6136 3230/3230 7109/7109
f 2075/2075 5589/5589 7574/7574
f 7574/7574 5589/5589 2140/2140
f 6939/6939 4334/4334 7574/7574
f 2140/2140 590/590 7574/7574
f 590/590 2140/2140 6136/6136
f 590/590 6939/6939 7574/7574
f 6136/6136 2140/2140 2088/2088
f 2088/2088 2363/2363 6136/6136
f 359/359 2901/2901 2299/2299
f 2901/2901 3470/3470 2299/2299
f 1801/1801 359/359 2299/2299
f 2901/2901 359/359 4770/4770
f 1801/1801 1906/1906 1642/1642
f 1906/1906 848/848 1642/1642
f 1642/1642 848/848 7109/7109
f 2833/2833 2015/2015 3979/3979
f 3988/3988 769/769 759/759
f 769/769 5207/5207 540/540
f 3988/3988 5207/5207 769/769
f 5207/5207 3988/3988 2833/2833
f 540/540 5207/5207 1590/1590
f 5207/5207 2833/2833 3979/3979
f 3713/3713 3914/3914 5590/5590
f 5590/5590 2959/2959 3713/3713
f 1590/1590 3914/3914 3713/3713
f 5207/5207 3757/3757 3914/3914
f 3914/3914 1590/1590 5207/5207
f 3757/3757 5207/5207 6054/6054
f 5207/5207 3979/3979 6054/6054
f 6054/6054 3979/3979 1916/1916
f 6054/6054 1227/1227 3757/3757
f 6054/6054 1916/1916 1227/1227
f 3757/3757 5590/5590 3914/3914
f 7853/7853 5590/5590 3757/3757
f 2288/2288 4365/4365 4763/4763
f 1924/1924 6694/6694 256/256
f 7101/7101 3993/3993 256/256
f 994/994 7101/7101 7319/7319
f 994/994 3993/3993 7101/7101
f 6788/6788 3073/3073 3827/3827
f 6694/6694 6788/6788 3827/3827
f 6694/6694 3827/3827 7101/7101
f 6694/6694 7101/7101 256/256
f 2817/2817 2959/2959 5590/5590
f 2853/2853 2959/2959 2817/2817
f 7601/7601 7853/7853 5537/5537
f 7853/7853 7601/7601 5590/5590
f 7601/7601 2817/2817 5590/5590
f 2817/2817 965/965 2288/2288
f 2817/2817 2288/2288 2853/2853
f 4763/4763 2853/2853 2288/2288
f 2495/2495 7601/7601 2041/2041
f 6433/6433 298/298 39/39
f 2363/2363 3230/3230 6136/6136
f 2363/2363 39/39 3230/3230
f 5154/5154 1924/1924 2629/2629
f 39/39 5154/5154 2629/2629
f 2629/2629 3230/3230 39/39
f 2363/2363 2088/2088 2323/2323
f 39/39 2363/2363 2323/2323
f 2323/2323 6433/6433 39/39
f 181/181 239/239 298/298
f 239/239 181/181 6374/6374
f 181/181 7185/7185 6374/6374
f 5154/5154 239/239 3152/3152
f 239/239 5154/5154 298/298
f 5154/5154 39/39 298/298
f 3152/3152 239/239 6374/6374
f 1924/1924 5154/5154 3152/3152
f 6694/6694 1924/1924 3152/3152
f 3230/3230 3993/3993 7109/7109
f 3993/3993 3230/3230 256/256
f 256/256 2629/2629 1924/1924
f 256/256 3230/3230 2629/2629
f 6559/6559 731/731 345/345
f 6559/6559 345/345 8049/8049
f 271/271 345/345 731/731
f 3809/3809 4703/4703 731/731
f 4703/4703 5523/5523 731/731
f 5523/5523 271/271 731/731
f 960/960 271/271 5523/5523
f 2492/2492 960/960 5523/5523
f 4703/4703 1380/1380 5523/5523
f 2492/2492 5523/5523 1380/1380
f 3634/3634 3834/3834 1380/1380
f 6603/6603 1283/1283 2621/2621
f 1283/1283 6603/6603 3531/3531
f 3880/3880 2621/2621 7963/7963
f 5039/5039 7963/7963 2621/2621
f 1526/1526 7963/7963 5039/5039
f 7963/7963 2802/2802 3880/3880
f 6179/6179 2802/2802 7963/7963
f 1526/1526 6179/6179 7963/7963
f 1283/1283 5039/5039 2621/2621
f 5039/5039 1283/1283 1526/1526
f 5607/5607 1526/1526 1283/1283
f 3531/3531 5607/5607 1283/1283
f 379/379 5607/5607 3531/3531
f 6179/6179 1526/1526 5109/5109
f 767/767 6179/6179 5109/5109
f 6867/6867 1747/1747 5109/5109
f 5607/5607 5109/5109 1526/1526
f 6867/6867 5109/5109 5607/5607
f 379/379 6867/6867 5607/5607
f 7239/7239 6867/6867 379/379
f 874/874 3531/3531 1998/1998
f 379/379 3531/3531 874/874
f 379/379 874/874 1998/1998
f 1998/1998 3531/3531 8049/8049
f 345/345 1165/1165 1998/1998
f 345/345 1998/1998 8049/8049
f 271/271 1165/1165 345/345
f 1165/1165 379/379 1998/1998
f 1165/1165 271/271 7430/7430
f 2492/2492 7430/7430 271/271
f 4677/4677 7430/7430 2492/2492
f 271/271 960/960 2492/2492
f 4677/4677 5563/5563 7430/7430
f 4677/4677 5764/5764 5563/5563
f 5563/5563 5764/5764 1025/1025
f 965/965 2495/2495 1352/1352
f 379/379 1743/1743 2702/2702
f 379/379 1165/1165 1770/1770
f 1743/1743 379/379 1770/1770
f 1165/1165 7430/7430 963/963
f 1165/1165 963/963 1770/1770
f 963/963 7430/7430 1770/1770
f 7275/7275 7430/7430 7641/7641
f 5851/5851 1770/1770 7430/7430
f 7430/7430 7275/7275 5851/5851
f 1770/1770 6047/6047 1743/1743
f 5851/5851 6047/6047 1770/1770
f 4828/4828 6053/6053 1642/1642
f 4828/4828 994/994 4947/4947
f 7641/7641 7430/7430 5563/5563
f 7822/7822 7641/7641 5563/5563
f 7641/7641 7822/7822 3903/3903
f 7822/7822 5563/5563 1025/1025
f 432/432 1267/1267 2176/2176
f 432/432 2176/2176 3131/3131
f 3131/3131 7382/7382 432/432
f 2176/2176 4365/4365 3131/3131
f 8000/8000 2288/2288 965/965
f 7641/7641 3903/3903 7557/7557
f 7275/7275 7641/7641 164/164
f 164/164 7641/7641 5752/5752
f 4994/4994 5752/5752 7641/7641
f 7709/7709 7641/7641 7557/7557
f 5743/5743 7641/7641 7709/7709
f 6006/6006 4994/4994 7641/7641
f 1380/1380 3834/3834 2492/2492
f 3834/3834 3992/3992 2492/2492
f 2537/2537 3992/3992 3834/3834
f 2492/2492 3992/3992 2297/2297
f 4677/4677 2492/2492 5764/5764
f 6902/6902 5764/5764 2492/2492
f 2492/2492 2297/2297 6902/6902
f 6593/6593 7469/7469 2663/2663
f 1124/1124 7469/7469 6593/6593
f 1124/1124 2867/2867 7469/7469
f 3896/3896 1123/1123 6592/6592
f 873/873 1123/1123 3896/3896
f 1123/1123 4745/4745 2866/2866
f 873/873 4745/4745 1123/1123
f 5753/5753 7783/7783 873/873
f 7783/7783 5753/5753 280/280
f 2253/2253 5499/5499 1138/1138
f 5499/5499 7516/7516 7146/7146
f 7146/7146 7516/7516 4355/4355
f 4355/4355 7516/7516 6128/6128
f 6128/6128 6021/6021 4355/4355
f 6120/6120 7146/7146 4355/4355
f 4550/4550 7146/7146 6120/6120
f 4355/4355 5906/5906 6120/6120
f 5906/5906 4355/4355 6021/6021
f 6021/6021 6360/6360 5906/5906
f 4550/4550 6120/6120 5906/5906
f 3017/3017 266/266 6521/6521
f 4427/4427 3017/3017 6521/6521
f 812/812 2418/2418 1291/1291
f 812/812 7106/7106 2483/2483
f 2253/2253 1138/1138 2483/2483
f 812/812 2483/2483 4215/4215
f 2418/2418 812/812 4215/4215
f 4103/4103 1402/1402 4215/4215
f 4215/4215 2483/2483 4103/4103
f 5114/5114 1291/1291 2418/2418
f 5114/5114 2418/2418 2212/2212
f 2212/2212 7748/7748 5114/5114
f 2212/2212 2418/2418 4215/4215
f 1402/1402 3450/3450 4215/4215
f 2212/2212 4215/4215 3450/3450
f 3450/3450 7748/7748 2212/2212
f 3450/3450 1402/1402 6459/6459
f 5155/5155 5114/5114 7748/7748
f 3450/3450 7958/7958 7748/7748
f 7748/7748 6456/6456 5155/5155
f 1138/1138 2935/2935 2483/2483
f 2935/2935 7146/7146 4550/4550
f 4103/4103 2483/2483 2935/2935
f 7460/7460 4103/4103 2935/2935
f 7460/7460 1402/1402 4103/4103
f 5327/5327 7460/7460 2935/2935
f 5545/5545 7460/7460 5327/5327
f 5327/5327 2935/2935 4550/4550
f 5327/5327 4550/4550 3890/3890
f 5545/5545 6459/6459 1402/1402
f 1402/1402 7460/7460 5545/5545
f 1287/1287 5545/5545 5327/5327
f 3222/3222 6459/6459 5545/5545
f 3222/3222 5545/5545 1287/1287
f 3450/3450 6459/6459 646/646
f 7958/7958 3450/3450 646/646
f 646/646 6459/6459 3222/3222
f 7788/7788 3222/3222 1287/1287
f 7788/7788 646/646 3222/3222
f 6456/6456 7748/7748 7958/7958
f 4281/4281 280/280 5300/5300
f 6646/6646 1571/1571 2868/2868
f 1391/1391 1571/1571 6646/6646
f 646/646 7788/7788 7550/7550
f 7958/7958 186/186 6456/6456
f 186/186 7958/7958 7550/7550
f 646/646 7550/7550 7958/7958
f 186/186 7550/7550 3968/3968
f 1531/1531 186/186 943/943
f 943/943 186/186 3968/3968
f 3033/3033 3968/3968 7550/7550
f 3209/3209 943/943 3968/3968
f 2868/2868 943/943 7024/7024
f 7024/7024 943/943 3209/3209
f 3209/3209 3968/3968 3033/3033
f 3209/3209 3033/3033 3220/3220
f 3601/3601 3209/3209 3220/3220
f 6646/6646 2868/2868 7024/7024
f 7024/7024 3209/3209 3601/3601
f 3220/3220 3784/3784 3601/3601
f 3784/3784 3220/3220 11/11
f 3601/3601 6646/6646 7024/7024
f 11/11 3220/3220 3033/3033
f 7201/7201 11/11 3033/3033
f 5086/5086 3784/3784 11/11
f 2383/2383 3642/3642 4944/4944
f 2383/2383 4427/4427 3642/3642
f 2866/2866 4745/4745 2761/2761
f 7783/7783 4745/4745 873/873
f 4745/4745 7783/7783 7921/7921
f 4745/4745 7921/7921 2761/2761
f 2866/2866 2761/2761 4381/4381
f 4381/4381 2761/2761 7921/7921
f 7921/7921 472/472 4381/4381
f 472/472 7921/7921 2367/2367
f 7921/7921 7783/7783 4281/4281
f 4281/4281 2367/2367 7921/7921
f 2367/2367 3534/3534 472/472
f 472/472 3534/3534 4381/4381
f 5214/5214 1004/1004 2866/2866
f 4381/4381 5214/5214 2866/2866
f 6460/6460 5214/5214 4381/4381
f 358/358 5214/5214 6460/6460
f 4381/4381 3534/3534 6460/6460
f 2367/2367 2744/2744 3534/3534
f 3534/3534 2744/2744 6460/6460
f 2744/2744 2367/2367 1391/1391
f 1004/1004 5214/5214 358/358
f 358/358 6460/6460 4384/4384
f 358/358 4384/4384 3997/3997
f 3997/3997 4384/4384 1155/1155
f 6646/6646 3601/3601 3784/3784
f 2744/2744 1391/1391 1155/1155
f 2744/2744 4384/4384 6460/6460
f 4384/4384 2744/2744 1155/1155
f 1155/1155 6646/6646 3784/3784
f 3784/3784 5086/5086 4188/4188
f 1155/1155 3784/3784 4188/4188
f 4292/4292 4188/4188 5086/5086
f 4188/4188 5873/5873 1155/1155
f 5873/5873 4188/4188 4292/4292
f 5086/5086 11/11 3391/3391
f 1188/1188 1004/1004 358/358
f 358/358 3997/3997 1188/1188
f 1004/1004 1188/1188 1845/1845
f 1188/1188 3997/3997 8018/8018
f 1845/1845 1188/1188 8018/8018
f 3997/3997 1155/1155 4316/4316
f 1003/1003 1844/1844 1517/1517
f 1844/1844 5985/5985 1517/1517
f 7383/7383 1845/1845 2147/2147
f 4316/4316 1155/1155 5873/5873
f 8018/8018 3997/3997 4316/4316
f 8018/8018 2147/2147 1845/1845
f 4316/4316 2147/2147 8018/8018
f 7384/7384 5985/5985 1844/1844
f 1517/1517 5985/5985 2695/2695
f 4292/4292 4316/4316 5873/5873
f 3391/3391 2147/2147 4292/4292
f 4292/4292 2147/2147 4316/4316
f 5985/5985 7384/7384 2574/2574
f 2574/2574 2695/2695 5985/5985
f 5850/5850 3391/3391 7201/7201
f 7285/7285 2147/2147 3391/3391
f 7384/7384 1784/1784 2574/2574
f 1783/1783 7383/7383 4882/4882
f 2695/2695 2574/2574 1640/1640
f 1784/1784 1640/1640 2574/2574
f 1640/1640 1784/1784 7763/7763
f 7383/7383 2147/2147 4882/4882
f 7285/7285 4882/4882 2147/2147
f 2695/2695 1640/1640 4340/4340
f 7763/7763 1784/1784 6634/6634
f 1783/1783 4882/4882 790/790
f 6635/6635 1783/1783 790/790
f 7285/7285 3391/3391 5850/5850
f 7285/7285 5850/5850 6880/6880
f 5850/5850 7201/7201 7046/7046
f 790/790 4882/4882 7285/7285
f 6880/6880 790/790 7285/7285
f 1640/1640 3815/3815 4340/4340
f 1640/1640 7763/7763 3815/3815
f 3815/3815 7763/7763 1297/1297
f 1297/1297 7763/7763 6634/6634
f 3842/3842 3815/3815 1297/1297
f 3842/3842 3071/3071 3815/3815
f 3678/3678 790/790 6880/6880
f 3678/3678 6880/6880 1183/1183
f 5850/5850 1183/1183 6880/6880
f 5991/5991 6635/6635 3678/3678
f 3842/3842 2607/2607 3071/3071
f 5991/5991 3678/3678 1090/1090
f 3634/3634 1380/1380 2109/2109
f 1297/1297 6634/6634 3842/3842
f 5991/5991 3843/3843 6635/6635
f 3843/3843 5991/5991 2606/2606
f 2606/2606 5991/5991 1090/1090
f 2606/2606 1090/1090 2109/2109
f 2109/2109 1090/1090 3634/3634
f 4669/4669 3634/3634 1090/1090
f 1722/1722 288/288 5262/5262
f 288/288 7679/7679 5262/5262
f 5262/5262 7679/7679 1486/1486
f 1819/1819 288/288 4468/4468
f 7679/7679 288/288 1819/1819
f 1408/1408 6860/6860 7474/7474
f 7171/7171 5522/5522 6860/6860
f 5522/5522 1486/1486 7679/7679
f 931/931 6860/6860 7679/7679
f 931/931 1819/1819 7613/7613
f 2132/2132 931/931 7613/7613
f 6860/6860 5522/5522 7679/7679
f 2148/2148 7474/7474 3518/3518
f 7474/7474 1659/1659 3518/3518
f 7831/7831 3518/3518 1659/1659
f 2132/2132 7474/7474 6860/6860
f 7474/7474 2132/2132 1962/1962
f 1962/1962 1659/1659 7474/7474
f 7613/7613 5284/5284 2132/2132
f 890/890 5284/5284 7613/7613
f 890/890 1438/1438 5284/5284
f 1322/1322 890/890 7290/7290
f 890/890 1322/1322 1438/1438
f 1322/1322 1814/1814 1438/1438
f 5522/5522 7171/7171 7220/7220
f 7220/7220 7171/7171 4631/4631
f 1486/1486 5522/5522 7220/7220
f 1441/1441 7220/7220 4631/4631
f 1441/1441 4631/4631 2978/2978
f 2978/2978 4631/4631 3640/3640
f 1441/1441 6431/6431 7220/7220
f 4631/4631 1408/1408 2662/2662
f 7474/7474 2148/2148 1408/1408
f 2662/2662 1408/1408 2148/2148
f 10/10 2662/2662 2148/2148
f 3640/3640 4631/4631 2662/2662
f 1408/1408 7171/7171 6860/6860
f 1408/1408 4631/4631 7171/7171
f 2662/2662 10/10 3640/3640
f 1441/1441 2978/2978 6142/6142
f 60/60 2978/2978 3640/3640
f 3640/3640 3201/3201 60/60
f 3640/3640 3104/3104 3201/3201
f 2310/2310 1441/1441 6142/6142
f 6142/6142 2978/2978 60/60
f 60/60 3201/3201 5630/5630
f 3104/3104 3640/3640 10/10
f 1486/1486 7220/7220 3516/3516
f 7220/7220 6431/6431 3516/3516
f 6431/6431 1441/1441 1100/1100
f 1441/1441 2310/2310 7440/7440
f 1100/1100 1441/1441 7440/7440
f 3516/3516 6431/6431 1100/1100
f 4753/4753 3201/3201 3104/3104
f 3104/3104 2042/2042 4753/4753
f 2481/2481 2310/2310 1524/1524
f 7736/7736 2310/2310 2481/2481
f 1524/1524 6884/6884 2481/2481
f 6884/6884 6774/6774 2481/2481
f 7440/7440 2310/2310 7736/7736
f 7440/7440 5184/5184 1100/1100
f 5184/5184 7440/7440 7736/7736
f 5184/5184 7736/7736 1148/1148
f 7966/7966 2481/2481 3423/3423
f 7966/7966 7736/7736 2481/2481
f 3423/3423 2481/2481 6774/6774
f 7966/7966 3423/3423 716/716
f 4371/4371 1148/1148 7966/7966
f 7966/7966 716/716 4371/4371
f 1524/1524 6142/6142 2423/2423
f 6142/6142 60/60 2423/2423
f 1524/1524 2423/2423 7067/7067
f 7067/7067 6884/6884 1524/1524
f 2310/2310 6142/6142 1524/1524
f 5630/5630 2423/2423 60/60
f 5630/5630 3201/3201 5758/5758
f 6247/6247 2423/2423 5630/5630
f 6247/6247 5630/5630 5758/5758
f 6247/6247 7067/7067 2423/2423
f 3545/3545 7067/7067 6247/6247
f 6884/6884 7067/7067 6649/6649
f 7067/7067 3545/3545 6649/6649
f 402/402 3545/3545 6247/6247
f 8045/8045 3545/3545 402/402
f 3201/3201 4753/4753 5758/5758
f 2679/2679 4753/4753 2042/2042
f 5376/5376 4753/4753 2679/2679
f 5376/5376 6318/6318 5758/5758
f 5271/5271 5632/5632 402/402
f 593/593 402/402 6247/6247
f 6247/6247 5758/5758 593/593
f 6318/6318 593/593 5758/5758
f 2536/2536 593/593 6318/6318
f 2536/2536 6318/6318 2150/2150
f 1071/1071 2536/2536 2150/2150
f 5271/5271 402/402 593/593
f 2536/2536 5271/5271 593/593
f 3518/3518 499/499 2148/2148
f 10/10 2148/2148 499/499
f 7831/7831 499/499 3518/3518
f 499/499 4510/4510 10/10
f 7831/7831 275/275 499/499
f 3451/3451 275/275 7831/7831
f 275/275 4510/4510 499/499
f 1814/1814 275/275 3451/3451
f 7028/7028 4510/4510 275/275
f 281/281 7028/7028 275/275
f 4510/4510 7028/7028 4942/4942
f 2042/2042 4510/4510 4942/4942
f 1814/1814 3451/3451 7831/7831
f 275/275 1814/1814 7471/7471
f 281/281 275/275 7471/7471
f 1322/1322 7471/7471 1814/1814
f 7529/7529 7471/7471 1322/1322
f 10/10 2042/2042 3104/3104
f 2042/2042 10/10 4510/4510
f 2042/2042 4942/4942 7278/7278
f 7028/7028 281/281 6176/6176
f 6176/6176 4942/4942 7028/7028
f 4251/4251 7471/7471 7529/7529
f 1316/1316 2042/2042 7278/7278
f 2679/2679 2042/2042 1316/1316
f 5376/5376 2679/2679 1316/1316
f 5376/5376 2840/2840 6318/6318
f 1316/1316 2840/2840 5376/5376
f 2840/2840 1316/1316 3512/3512
f 2150/2150 6318/6318 2840/2840
f 2840/2840 1937/1937 2150/2150
f 6176/6176 7278/7278 4942/4942
f 3512/3512 1316/1316 7278/7278
f 5912/5912 1937/1937 2840/2840
f 5912/5912 2840/2840 197/197
f 197/197 3512/3512 1360/1360
f 3512/3512 197/197 2840/2840
f 6176/6176 5469/5469 2659/2659
f 2659/2659 7278/7278 6176/6176
f 4320/4320 7278/7278 2659/2659
f 3512/3512 7278/7278 4320/4320
f 1360/1360 3512/3512 4320/4320
f 1583/1583 1360/1360 4320/4320
f 6215/6215 1360/1360 1583/1583
f 1583/1583 7777/7777 6215/6215
f 7123/7123 6413/6413 1891/1891
f 5397/5397 6413/6413 7123/7123
f 6413/6413 5397/5397 4715/4715
f 3599/3599 1043/1043 4716/4716
f 4715/4715 1044/1044 6413/6413
f 6413/6413 496/496 1891/1891
f 4259/4259 8039/8039 1722/1722
f 4349/4349 1722/1722 2199/2199
f 4259/4259 1722/1722 4349/4349
f 2199/2199 1722/1722 7378/7378
f 5891/5891 8039/8039 4259/4259
f 3412/3412 8039/8039 1913/1913
f 1913/1913 8039/8039 5891/5891
f 8039/8039 3412/3412 2230/2230
f 2230/2230 750/750 8039/8039
f 750/750 4468/4468 8039/8039
f 8039/8039 288/288 1722/1722
f 288/288 8039/8039 4468/4468
f 1247/1247 750/750 2230/2230
f 1247/1247 4468/4468 750/750
f 543/543 1247/1247 2230/2230
f 5494/5494 1247/1247 543/543
f 1247/1247 5494/5494 715/715
f 7378/7378 1722/1722 5262/5262
f 1486/1486 7297/7297 7378/7378
f 1486/1486 7378/7378 5262/5262
f 715/715 4468/4468 1247/1247
f 7378/7378 1007/1007 2199/2199
f 1007/1007 7378/7378 3599/3599
f 1007/1007 4082/4082 6430/6430
f 4715/4715 5397/5397 4083/4083
f 4716/4716 4082/4082 1007/1007
f 4716/4716 1007/1007 3599/3599
f 5494/5494 543/543 993/993
f 7571/7571 5494/5494 993/993
f 5494/5494 7836/7836 715/715
f 6159/6159 5494/5494 7571/7571
f 3599/3599 7378/7378 7297/7297
f 7297/7297 1486/1486 785/785
f 3516/3516 785/785 1486/1486
f 2329/2329 496/496 6413/6413
f 2329/2329 6413/6413 1044/1044
f 5527/5527 6159/6159 6426/6426
f 5527/5527 6426/6426 847/847
f 6426/6426 7993/7993 6751/6751
f 5288/5288 496/496 7554/7554
f 7554/7554 4111/4111 5288/5288
f 2329/2329 7554/7554 496/496
f 7501/7501 2329/2329 1044/1044
f 1043/1043 5444/5444 7500/7500
f 1043/1043 3599/3599 5444/5444
f 5444/5444 3599/3599 7297/7297
f 7554/7554 2329/2329 7501/7501
f 7554/7554 7501/7501 4111/4111
f 5444/5444 7297/7297 6681/6681
f 6681/6681 7500/7500 5444/5444
f 1265/1265 6681/6681 7297/7297
f 4112/4112 7500/7500 1265/1265
f 1265/1265 7500/7500 6681/6681
f 6421/6421 5288/5288 4111/4111
f 4112/4112 5378/5378 6422/6422
f 5378/5378 5976/5976 6422/6422
f 5378/5378 4112/4112 1265/1265
f 5378/5378 1265/1265 5022/5022
f 7297/7297 5022/5022 1265/1265
f 5976/5976 5378/5378 5022/5022
f 5976/5976 5022/5022 2860/2860
f 1313/1313 4468/4468 911/911
f 911/911 4468/4468 715/715
f 1235/1235 1313/1313 911/911
f 7836/7836 911/911 715/715
f 7836/7836 1235/1235 911/911
f 6707/6707 1235/1235 7836/7836
f 5494/5494 6707/6707 7836/7836
f 1235/1235 6707/6707 7290/7290
f 6707/6707 1322/1322 7290/7290
f 6707/6707 7529/7529 1322/1322
f 5527/5527 2639/2639 6707/6707
f 847/847 2639/2639 5527/5527
f 847/847 6426/6426 6237/6237
f 2792/2792 847/847 6237/6237
f 2792/2792 1324/1324 847/847
f 5562/5562 1324/1324 2792/2792
f 7512/7512 5757/5757 5562/5562
f 7512/7512 6861/6861 5757/5757
f 7322/7322 6861/6861 7512/7512
f 7956/7956 322/322 5562/5562
f 3192/3192 7512/7512 5562/5562
f 3192/3192 5562/5562 322/322
f 3695/3695 4066/4066 7512/7512
f 1915/1915 7322/7322 7512/7512
f 7512/7512 4066/4066 1915/1915
f 3568/3568 1838/1838 7322/7322
f 7177/7177 3592/3592 3568/3568
f 7177/7177 3615/3615 3592/3592
f 5508/5508 855/855 7177/7177
f 7322/7322 7177/7177 3568/3568
f 5508/5508 7322/7322 1915/1915
f 5508/5508 7177/7177 7322/7322
f 6446/6446 3516/3516 1100/1100
f 2238/2238 3516/3516 6446/6446
f 6446/6446 1100/1100 5184/5184
f 1148/1148 3015/3015 5184/5184
f 6446/6446 5184/5184 3015/3015
f 2673/2673 1148/1148 1291/1291
f 1291/1291 4186/4186 2673/2673
f 2673/2673 3015/3015 1148/1148
f 2673/2673 4186/4186 4513/4513
f 5622/5622 6446/6446 4513/4513
f 6446/6446 2673/2673 4513/4513
f 4762/4762 5271/5271 2536/2536
f 4762/4762 2536/2536 1071/1071
f 1071/1071 6471/6471 4762/4762
f 423/423 6422/6422 5976/5976
f 2860/2860 423/423 5976/5976
f 5288/5288 6421/6421 7507/7507
f 2663/2663 5288/5288 7507/7507
f 2860/2860 785/785 2238/2238
f 2663/2663 7469/7469 5288/5288
f 2238/2238 3629/3629 2860/2860
f 2401/2401 6422/6422 423/423
f 7506/7506 6422/6422 2401/2401
f 2401/2401 423/423 2860/2860
f 3457/3457 7506/7506 2401/2401
f 2401/2401 2860/2860 3629/3629
f 3629/3629 3457/3457 2401/2401
f 6593/6593 2663/2663 7507/7507
f 6592/6592 7506/7506 3761/3761
f 3761/3761 7506/7506 3457/3457
f 3761/3761 3457/3457 3629/3629
f 3896/3896 6592/6592 3761/3761
f 3761/3761 1648/1648 3896/3896
f 3629/3629 1648/1648 3761/3761
f 2238/2238 6446/6446 5622/5622
f 5622/5622 280/280 2238/2238
f 3629/3629 2238/2238 6606/6606
f 6606/6606 3896/3896 1648/1648
f 3629/3629 6606/6606 1648/1648
f 6606/6606 873/873 3896/3896
f 6606/6606 5753/5753 873/873
f 5753/5753 2238/2238 280/280
f 6606/6606 2238/2238 5753/5753
f 2639/2639 7529/7529 6707/6707
f 7545/7545 4251/4251 7529/7529
f 6058/6058 7545/7545 5974/5974
f 2781/2781 5974/5974 2639/2639
f 2781/2781 2639/2639 847/847
f 4834/4834 6058/6058 5974/5974
f 5370/5370 5974/5974 2781/2781
f 4834/4834 5974/5974 5370/5370
f 4673/4673 23/23 7545/7545
f 1071/1071 2150/2150 1937/1937
f 5912/5912 6471/6471 1937/1937
f 6471/6471 1071/1071 1937/1937
f 3305/3305 6471/6471 5168/5168
f 6743/6743 5912/5912 197/197
f 2529/2529 23/23 6086/6086
f 6215/6215 7821/7821 1360/1360
f 6743/6743 197/197 1360/1360
f 6743/6743 1360/1360 7821/7821
f 6863/6863 6215/6215 7777/7777
f 7777/7777 5629/5629 6863/6863
f 7821/7821 6215/6215 1107/1107
f 6863/6863 1107/1107 6215/6215
f 7821/7821 1107/1107 4404/4404
f 1107/1107 6863/6863 2692/2692
f 1107/1107 2692/2692 3148/3148
f 1107/1107 3148/3148 4404/4404
f 7676/7676 7821/7821 4404/4404
f 7658/7658 6863/6863 5629/5629
f 2793/2793 7658/7658 5629/5629
f 3618/3618 6863/6863 7658/7658
f 6863/6863 3618/3618 2692/2692
f 3618/3618 7811/7811 2692/2692
f 4404/4404 2844/2844 7676/7676
f 3148/3148 2844/2844 4404/4404
f 4673/4673 6086/6086 23/23
f 3862/3862 6086/6086 4673/4673
f 6086/6086 3862/3862 2793/2793
f 5332/5332 2333/2333 6099/6099
f 2333/2333 5317/5317 6099/6099
f 79/79 5317/5317 2333/2333
f 2793/2793 6099/6099 7658/7658
f 6099/6099 3618/3618 7658/7658
f 3618/3618 5317/5317 5773/5773
f 3618/3618 6099/6099 5317/5317
f 2781/2781 1324/1324 5370/5370
f 5370/5370 1324/1324 5757/5757
f 1129/1129 3573/3573 5370/5370
f 5370/5370 3573/3573 4834/4834
f 1838/1838 3568/3568 8026/8026
f 1838/1838 8026/8026 1774/1774
f 1294/1294 1774/1774 8026/8026
f 3568/3568 623/623 8026/8026
f 1294/1294 5500/5500 1774/1774
f 3573/3573 5500/5500 7323/7323
f 7322/7322 1838/1838 6861/6861
f 1294/1294 3196/3196 5500/5500
f 7323/7323 5500/5500 3196/3196
f 8026/8026 623/623 1294/1294
f 3592/3592 1354/1354 623/623
f 623/623 1354/1354 1860/1860
f 1354/1354 1251/1251 1860/1860
f 623/623 3568/3568 3592/3592
f 1860/1860 5615/5615 623/623
f 3196/3196 1294/1294 7712/7712
f 623/623 5615/5615 1294/1294
f 5615/5615 7712/7712 1294/1294
f 7164/7164 7323/7323 3196/3196
f 7583/7583 7323/7323 7164/7164
f 7164/7164 5571/5571 7583/7583
f 7712/7712 7701/7701 3196/3196
f 7164/7164 3196/3196 7701/7701
f 4520/4520 7164/7164 7701/7701
f 2333/2333 5571/5571 6143/6143
f 5571/5571 7164/7164 4520/4520
f 5571/5571 4520/4520 6143/6143
f 7583/7583 5571/5571 5332/5332
f 5332/5332 5571/5571 2333/2333
f 6143/6143 79/79 2333/2333
f 4845/4845 3307/3307 4815/4815
f 1415/1415 5069/5069 4845/4845
f 1415/1415 4845/4845 4815/4815
f 6009/6009 3307/3307 5330/5330
f 1415/1415 4815/4815 6009/6009
f 6009/6009 6228/6228 1415/1415
f 4590/4590 6009/6009 5330/5330
f 6228/6228 6009/6009 4590/4590
f 3307/3307 6009/6009 4815/4815
f 5477/5477 1415/1415 6228/6228
f 5330/5330 5387/5387 4590/4590
f 4590/4590 1653/1653 6228/6228
f 1653/1653 4590/4590 5387/5387
f 5387/5387 5330/5330 6595/6595
f 2649/2649 5477/5477 7258/7258
f 5477/5477 2649/2649 1415/1415
f 8047/8047 7817/7817 7258/7258
f 8047/8047 7258/7258 5477/5477
f 5955/5955 5387/5387 6595/6595
f 5955/5955 6595/6595 4528/4528
f 1623/1623 5955/5955 3893/3893
f 2126/2126 1653/1653 5387/5387
f 5955/5955 1623/1623 5387/5387
f 5477/5477 1653/1653 2126/2126
f 1623/1623 2126/2126 5387/5387
f 4220/4220 1623/1623 3893/3893
f 5639/5639 8048/8048 915/915
f 914/914 8047/8047 5477/5477
f 2126/2126 914/914 5477/5477
f 2126/2126 1623/1623 7823/7823
f 4220/4220 7823/7823 1623/1623
f 1305/1305 914/914 2126/2126
f 2126/2126 7823/7823 422/422
f 1305/1305 2126/2126 422/422
f 7823/7823 4220/4220 25/25
f 2246/2246 1305/1305 422/422
f 2246/2246 422/422 5889/5889
f 915/915 1306/1306 1581/1581
f 4246/4246 2247/2247 5890/5890
f 5890/5890 7770/7770 4246/4246
f 1085/1085 4246/4246 7770/7770
f 1306/1306 2247/2247 1581/1581
f 4246/4246 1581/1581 2247/2247
f 105/105 6858/6858 384/384
f 5907/5907 105/105 117/117
f 384/384 4358/4358 6496/6496
f 6496/6496 4358/4358 6688/6688
f 4675/4675 7770/7770 384/384
f 117/117 105/105 384/384
f 384/384 6496/6496 117/117
f 117/117 6496/6496 6688/6688
f 1879/1879 117/117 6688/6688
f 3596/3596 422/422 7823/7823
f 3596/3596 7823/7823 4357/4357
f 5889/5889 422/422 3596/3596
f 25/25 4357/4357 7823/7823
f 493/493 4357/4357 25/25
f 5890/5890 3597/3597 384/384
f 384/384 3597/3597 4358/4358
f 7770/7770 5890/5890 384/384
f 6688/6688 4358/4358 494/494
f 1879/1879 6688/6688 494/494
f 2121/2121 3615/3615 3657/3657
f 3615/3615 3454/3454 3657/3657
f 7977/7977 3755/3755 5909/5909
f 7977/7977 5909/5909 3615/3615
f 3454/3454 3615/3615 5909/5909
f 4916/4916 2470/2470 950/950
f 1584/1584 2470/2470 4916/4916
f 2470/2470 1584/1584 5744/5744
f 2470/2470 5744/5744 5979/5979
f 2470/2470 5979/5979 4558/4558
f 445/445 123/123 5846/5846
f 7105/7105 950/950 7256/7256
f 7256/7256 3755/3755 7977/7977
f 7256/7256 2966/2966 3755/3755
f 2966/2966 7256/7256 950/950
f 4819/4819 3755/3755 2966/2966
f 2546/2546 4819/4819 2966/2966
f 3584/3584 373/373 7977/7977
f 7105/7105 4916/4916 950/950
f 4916/4916 7105/7105 123/123
f 7105/7105 5846/5846 123/123
f 2966/2966 950/950 2470/2470
f 4558/4558 2966/2966 2470/2470
f 4558/4558 2546/2546 2966/2966
f 5979/5979 2546/2546 4558/4558
f 3592/3592 3615/3615 2121/2121
f 2107/2107 3615/3615 7177/7177
f 1709/1709 3584/3584 7977/7977
f 1820/1820 2107/2107 7177/7177
f 3275/3275 2107/2107 1820/1820
f 7866/7866 3275/3275 1820/1820
f 855/855 1820/1820 7177/7177
f 2107/2107 3275/3275 5074/5074
f 3275/3275 7866/7866 2405/2405
f 860/860 373/373 3584/3584
f 860/860 5846/5846 373/373
f 860/860 3584/3584 5074/5074
f 7845/7845 860/860 5074/5074
f 445/445 5846/5846 860/860
f 3721/3721 860/860 7845/7845
f 7845/7845 5074/5074 3275/3275
f 7797/7797 3721/3721 7845/7845
f 2924/2924 6315/6315 5264/5264
f 7128/7128 2782/2782 333/333
f 4658/4658 7128/7128 1584/1584
f 4713/4713 4658/4658 4916/4916
f 1584/1584 4916/4916 4658/4658
f 4713/4713 707/707 4658/4658
f 707/707 5264/5264 4658/4658
f 2782/2782 7128/7128 4658/4658
f 2782/2782 4658/4658 5264/5264
f 5744/5744 1584/1584 7128/7128
f 5979/5979 5744/5744 7128/7128
f 7128/7128 4/4 5979/5979
f 333/333 4/4 7128/7128
f 4965/4965 5419/5419 2734/2734
f 2734/2734 5419/5419 5994/5994
f 5419/5419 2782/2782 5264/5264
f 4965/4965 333/333 5419/5419
f 5419/5419 333/333 2782/2782
f 5994/5994 5419/5419 424/424
f 5994/5994 424/424 105/105
f 5907/5907 5994/5994 105/105
f 2734/2734 5994/5994 5907/5907
f 424/424 5419/5419 5264/5264
f 6315/6315 424/424 5264/5264
f 4/4 333/333 4965/4965
f 4965/4965 2734/2734 4/4
f 5390/5390 4/4 7650/7650
f 445/445 4713/4713 123/123
f 3709/3709 707/707 4713/4713
f 3721/3721 4713/4713 445/445
f 4713/4713 3721/3721 3709/3709
f 6489/6489 2924/2924 3709/3709
f 4713/4713 4916/4916 123/123
f 6315/6315 4675/4675 6858/6858
f 4617/4617 4675/4675 6315/6315
f 6087/6087 6315/6315 2924/2924
f 6087/6087 4617/4617 6315/6315
f 84/84 4617/4617 6087/6087
f 4617/4617 7770/7770 4675/4675
f 1085/1085 7770/7770 4617/4617
f 6900/6900 1581/1581 4246/4246
f 6900/6900 4246/4246 1085/1085
f 84/84 1085/1085 4617/4617
f 6900/6900 1085/1085 84/84
f 6858/6858 105/105 424/424
f 6315/6315 6858/6858 424/424
f 4675/4675 384/384 6858/6858
f 5907/5907 4053/4053 7650/7650
f 3239/3239 4053/4053 494/494
f 6489/6489 6087/6087 2924/2924
f 6489/6489 84/84 6087/6087
f 7418/7418 6900/6900 84/84
f 5275/5275 7418/7418 84/84
f 6489/6489 5275/5275 84/84
f 3057/3057 5275/5275 6489/6489
f 3709/3709 3721/3721 6489/6489
f 6538/6538 3721/3721 7797/7797
f 3721/3721 2988/2988 6489/6489
f 7689/7689 6489/6489 2988/2988
f 6587/6587 7872/7872 2690/2690
f 6417/6417 2504/2504 375/375
f 2504/2504 299/299 2690/2690
f 299/299 6587/6587 2690/2690
f 6417/6417 299/299 2504/2504
f 2121/2121 3657/3657 1354/1354
f 1251/1251 1354/1354 3657/3657
f 3351/3351 1251/1251 3657/3657
f 3351/3351 3657/3657 3454/3454
f 3454/3454 517/517 3351/3351
f 517/517 3454/3454 3820/3820
f 3351/3351 517/517 1240/1240
f 517/517 3820/3820 4819/4819
f 517/517 4819/4819 7083/7083
f 1240/1240 517/517 7083/7083
f 5965/5965 299/299 6417/6417
f 980/980 299/299 5965/5965
f 4367/4367 6417/6417 375/375
f 734/734 6417/6417 4367/4367
f 6587/6587 3679/3679 7872/7872
f 6587/6587 299/299 3958/3958
f 6587/6587 3958/3958 3679/3679
f 6960/6960 3958/3958 299/299
f 7931/7931 6960/6960 299/299
f 6960/6960 6298/6298 3958/3958
f 6298/6298 3679/3679 3958/3958
f 3755/3755 4819/4819 3820/3820
f 7083/7083 4819/4819 4030/4030
f 2546/2546 4030/4030 4819/4819
f 2216/2216 2546/2546 1482/1482
f 2546/2546 2216/2216 4030/4030
f 4030/4030 2216/2216 7518/7518
f 4030/4030 7518/7518 1153/1153
f 1173/1173 3098/3098 6973/6973
f 7518/7518 4679/4679 1153/1153
f 980/980 7931/7931 299/299
f 7931/7931 980/980 3098/3098
f 7224/7224 7931/7931 3251/3251
f 2397/2397 3251/3251 7931/7931
f 7224/7224 6960/6960 7931/7931
f 6298/6298 6960/6960 3870/3870
f 6960/6960 7224/7224 3870/3870
f 6668/6668 6298/6298 3870/3870
f 3870/3870 1565/1565 6668/6668
f 7224/7224 3251/3251 3870/3870
f 4003/4003 3251/3251 3527/3527
f 3870/3870 3251/3251 1565/1565
f 4003/4003 1565/1565 3251/3251
f 7054/7054 276/276 4101/4101
f 276/276 6935/6935 2504/2504
f 2690/2690 276/276 2504/2504
f 7054/7054 6935/6935 276/276
f 314/314 6935/6935 5637/5637
f 5637/5637 6935/6935 7054/7054
f 4101/4101 2245/2245 7054/7054
f 3936/3936 5637/5637 7054/7054
f 2245/2245 3936/3936 7054/7054
f 6935/6935 314/314 2504/2504
f 375/375 2504/2504 314/314
f 7353/7353 314/314 5384/5384
f 314/314 5637/5637 5384/5384
f 4783/4783 314/314 7353/7353
f 7811/7811 3618/3618 5773/5773
f 5773/5773 1222/1222 7811/7811
f 7353/7353 5384/5384 7443/7443
f 7443/7443 1359/1359 1222/1222
f 7443/7443 5384/5384 1359/1359
f 3258/3258 7353/7353 7443/7443
f 3258/3258 7443/7443 1222/1222
f 2692/2692 7811/7811 5172/5172
f 3148/3148 2692/2692 5172/5172
f 5172/5172 7811/7811 1222/1222
f 1222/1222 1359/1359 5172/5172
f 3148/3148 5172/5172 585/585
f 585/585 5172/5172 1359/1359
f 2844/2844 3148/3148 585/585
f 2844/2844 585/585 4886/4886
f 1359/1359 5384/5384 1231/1231
f 585/585 1359/1359 1231/1231
f 1231/1231 5637/5637 3936/3936
f 5637/5637 1231/1231 5384/5384
f 3936/3936 6286/6286 1231/1231
f 2245/2245 6286/6286 3936/3936
f 6286/6286 3456/3456 1231/1231
f 1231/1231 414/414 585/585
f 1231/1231 3456/3456 414/414
f 3456/3456 6286/6286 1995/1995
f 3745/3745 3258/3258 5773/5773
f 3258/3258 4783/4783 7353/7353
f 3745/3745 4783/4783 3258/3258
f 4367/4367 4783/4783 899/899
f 3745/3745 899/899 4783/4783
f 79/79 5773/5773 5317/5317
f 3745/3745 5773/5773 79/79
f 375/375 314/314 4783/4783
f 4367/4367 375/375 4783/4783
f 5773/5773 3258/3258 1222/1222
f 6298/6298 4607/4607 3679/3679
f 2245/2245 4101/4101 4607/4607
f 4607/4607 4101/4101 2112/2112
f 2946/2946 2245/2245 4607/4607
f 2946/2946 6286/6286 2245/2245
f 4827/4827 2946/2946 4607/4607
f 6298/6298 6668/6668 4607/4607
f 4827/4827 4607/4607 6668/6668
f 1565/1565 4827/4827 6668/6668
f 1565/1565 7340/7340 4827/4827
f 4003/4003 7340/7340 1565/1565
f 6434/6434 6286/6286 2946/2946
f 2946/2946 4827/4827 6434/6434
f 1995/1995 6286/6286 4275/4275
f 4275/4275 6286/6286 6434/6434
f 6434/6434 4827/4827 1582/1582
f 4827/4827 7499/7499 1582/1582
f 4275/4275 6434/6434 1582/1582
f 1582/1582 3740/3740 4275/4275
f 1354/1354 3592/3592 2121/2121
f 4771/4771 1860/1860 1251/1251
f 1860/1860 4771/4771 5615/5615
f 1240/1240 1251/1251 3351/3351
f 4771/4771 1240/1240 2826/2826
f 429/429 4771/4771 2826/2826
f 4771/4771 1530/1530 5615/5615
f 7712/7712 5615/5615 1530/1530
f 429/429 1530/1530 4771/4771
f 5965/5965 7877/7877 7424/7424
f 429/429 2826/2826 7877/7877
f 1153/1153 1240/1240 7083/7083
f 2826/2826 1240/1240 1153/1153
f 7877/7877 2826/2826 7424/7424
f 7424/7424 2826/2826 1153/1153
f 5506/5506 429/429 734/734
f 734/734 4367/4367 2973/2973
f 2973/2973 4367/4367 899/899
f 7701/7701 7712/7712 1530/1530
f 7701/7701 1530/1530 2973/2973
f 429/429 5506/5506 1530/1530
f 5506/5506 2973/2973 1530/1530
f 2973/2973 899/899 6143/6143
f 4520/4520 7701/7701 2973/2973
f 2973/2973 6143/6143 4520/4520
f 5506/5506 734/734 2973/2973
f 5315/5315 5965/5965 6417/6417
f 5965/5965 5315/5315 7877/7877
f 6417/6417 734/734 5315/5315
f 429/429 7877/7877 5315/5315
f 429/429 5315/5315 734/734
f 4030/4030 1153/1153 7083/7083
f 980/980 7424/7424 6973/6973
f 1153/1153 6973/6973 7424/7424
f 6973/6973 3098/3098 980/980
f 1153/1153 1173/1173 6973/6973
f 1173/1173 1153/1153 4679/4679
f 79/79 6143/6143 899/899
f 79/79 899/899 3745/3745
f 1482/1482 5979/5979 2216/2216
f 2216/2216 5979/5979 4/4
f 2216/2216 4/4 5390/5390
f 2216/2216 5390/5390 7518/7518
f 5566/5566 6897/6897 1173/1173
f 4679/4679 5566/5566 1173/1173
f 7518/7518 1421/1421 4679/4679
f 5566/5566 4679/4679 1421/1421
f 3167/3167 5566/5566 1421/1421
f 4132/4132 7518/7518 5390/5390
f 4132/4132 1421/1421 7518/7518
f 4339/4339 1421/1421 4132/4132
f 3167/3167 1421/1421 4339/4339
f 4339/4339 4132/4132 7465/7465
f 6474/6474 7465/7465 4132/4132
f 6897/6897 3527/3527 2397/2397
f 1173/1173 6897/6897 2397/2397
f 3251/3251 2397/2397 3527/3527
f 6897/6897 5566/5566 3167/3167
f 3527/3527 6897/6897 3167/3167
f 4003/4003 3527/3527 4049/4049
f 4049/4049 3527/3527 3167/3167
f 5122/5122 3167/3167 4339/4339
f 7465/7465 5122/5122 4339/4339
f 4053/4053 6793/6793 7650/7650
f 4053/4053 3239/3239 973/973
f 3239/3239 1214/1214 973/973
f 4053/4053 973/973 6793/6793
f 973/973 1214/1214 3959/3959
f 6793/6793 5390/5390 7650/7650
f 4132/4132 5390/5390 6793/6793
f 6793/6793 3814/3814 4132/4132
f 3814/3814 6474/6474 4132/4132
f 3814/3814 6793/6793 973/973
f 3959/3959 3814/3814 973/973
f 2709/2709 6976/6976 3959/3959
f 3528/3528 7465/7465 6474/6474
f 3528/3528 6474/6474 2069/2069
f 6474/6474 3814/3814 2069/2069
f 3814/3814 3959/3959 6976/6976
f 7340/7340 4003/4003 4049/4049
f 3167/3167 5122/5122 4049/4049
f 7340/7340 4049/4049 5122/5122
f 3556/3556 5122/5122 7465/7465
f 3528/3528 3556/3556 7465/7465
f 7340/7340 6640/6640 4827/4827
f 7340/7340 5122/5122 3556/3556
f 3158/3158 7340/7340 3556/3556
f 3169/3169 6884/6884 6649/6649
f 1976/1976 3169/3169 6649/6649
f 6884/6884 7755/7755 6774/6774
f 6884/6884 3169/3169 7755/7755
f 7755/7755 6408/6408 6774/6774
f 2149/2149 6530/6530 597/597
f 5797/5797 2114/2114 6530/6530
f 2114/2114 597/597 6530/6530
f 6408/6408 5797/5797 6530/6530
f 2293/2293 4007/4007 1472/1472
f 3169/3169 5660/5660 7755/7755
f 3169/3169 1976/1976 5660/5660
f 4007/4007 5660/5660 1976/1976
f 5797/5797 6408/6408 7755/7755
f 4007/4007 1976/1976 1472/1472
f 4796/4796 1472/1472 1976/1976
f 716/716 3423/3423 7880/7880
f 7880/7880 3423/3423 6774/6774
f 7880/7880 7106/7106 716/716
f 958/958 3712/3712 6408/6408
f 7880/7880 6774/6774 6408/6408
f 3712/3712 7880/7880 6408/6408
f 958/958 2149/2149 5499/5499
f 958/958 6408/6408 2149/2149
f 2149/2149 6408/6408 6530/6530
f 5499/5499 2149/2149 7516/7516
f 958/958 5499/5499 2253/2253
f 8045/8045 6649/6649 3545/3545
f 8045/8045 1976/1976 6649/6649
f 8045/8045 5170/5170 1976/1976
f 1976/1976 5170/5170 4796/4796
f 5632/5632 8045/8045 402/402
f 5313/5313 5632/5632 5271/5271
f 5313/5313 8045/8045 5632/5632
f 7916/7916 4796/4796 5170/5170
f 5313/5313 5170/5170 8045/8045
f 5170/5170 5313/5313 7916/7916
f 4796/4796 7916/7916 2079/2079
f 2149/2149 597/597 7516/7516
f 597/597 4816/4816 7516/7516
f 597/597 2114/2114 4816/4816
f 2114/2114 4007/4007 2293/2293
f 1472/1472 4796/4796 2293/2293
f 3244/3244 2293/2293 4796/4796
f 2293/2293 3244/3244 4008/4008
f 4816/4816 2114/2114 5266/5266
f 2114/2114 2293/2293 4008/4008
f 3244/3244 7157/7157 4008/4008
f 5266/5266 2114/2114 4008/4008
f 6128/6128 4816/4816 5266/5266
f 4853/4853 5266/5266 4008/4008
f 6128/6128 7516/7516 4816/4816
f 6360/6360 6021/6021 6128/6128
f 4550/4550 5906/5906 6360/6360
f 4550/4550 6360/6360 7827/7827
f 2079/2079 3244/3244 4796/4796
f 292/292 7157/7157 3244/3244
f 5575/5575 7157/7157 292/292
f 4853/4853 4008/4008 7157/7157
f 5575/5575 4853/4853 7157/7157
f 2674/2674 4853/4853 5575/5575
f 2484/2484 2674/2674 5575/5575
f 3244/3244 2079/2079 292/292
f 5966/5966 2079/2079 7916/7916
f 5966/5966 292/292 2079/2079
f 5966/5966 5575/5575 292/292
f 2827/2827 5966/5966 7916/7916
f 1351/1351 2484/2484 5575/5575
f 5966/5966 1351/1351 5575/5575
f 6030/6030 1351/1351 5966/5966
f 6030/6030 4812/4812 1351/1351
f 6360/6360 1541/1541 7827/7827
f 6128/6128 5266/5266 8070/8070
f 6360/6360 6128/6128 8070/8070
f 5266/5266 6570/6570 8070/8070
f 6360/6360 8070/8070 1541/1541
f 7603/7603 5266/5266 4853/4853
f 2674/2674 7603/7603 4853/4853
f 2674/2674 2484/2484 1023/1023
f 2484/2484 5524/5524 1023/1023
f 2052/2052 6728/6728 1023/1023
f 1023/1023 5524/5524 2052/2052
f 6728/6728 2052/2052 1741/1741
f 6570/6570 6728/6728 747/747
f 6728/6728 1741/1741 3938/3938
f 747/747 6728/6728 3938/3938
f 747/747 3938/3938 6000/6000
f 2484/2484 1351/1351 5524/5524
f 5524/5524 5835/5835 2052/2052
f 5835/5835 5524/5524 5921/5921
f 1351/1351 5921/5921 5524/5524
f 1351/1351 5569/5569 5921/5921
f 1351/1351 4812/4812 5569/5569
f 7691/7691 5569/5569 4812/4812
f 4620/4620 5921/5921 5569/5569
f 4620/4620 5835/5835 5921/5921
f 8012/8012 8070/8070 6570/6570
f 8012/8012 6570/6570 747/747
f 1541/1541 8070/8070 8012/8012
f 3108/3108 1741/1741 5409/5409
f 5409/5409 2052/2052 5835/5835
f 5409/5409 1741/1741 2052/2052
f 1741/1741 5895/5895 3938/3938
f 3108/3108 5895/5895 1741/1741
f 7920/7920 747/747 6000/6000
f 74/74 747/747 7920/7920
f 8012/8012 747/747 74/74
f 74/74 7920/7920 4512/4512
f 7715/7715 3938/3938 5895/5895
f 3108/3108 7715/7715 5895/5895
f 7751/7751 3108/3108 5919/5919
f 3108/3108 7751/7751 5669/5669
f 3108/3108 5669/5669 7715/7715
f 3938/3938 7715/7715 6000/6000
f 7000/7000 4035/4035 6000/6000
f 7000/7000 6000/6000 7715/7715
f 6000/6000 4035/4035 7920/7920
f 3673/3673 7000/7000 7715/7715
f 4035/4035 1446/1446 7920/7920
f 7000/7000 4366/4366 4035/4035
f 4366/4366 1446/1446 4035/4035
f 4366/4366 7000/7000 3673/3673
f 1557/1557 4366/4366 3673/3673
f 3673/3673 840/840 1557/1557
f 4512/4512 7920/7920 1446/1446
f 1446/1446 4304/4304 4512/4512
f 1446/1446 4366/4366 4304/4304
f 5908/5908 4304/4304 4366/4366
f 1148/1148 4371/4371 2526/2526
f 2526/2526 4371/4371 7106/7106
f 7106/7106 4371/4371 716/716
f 7106/7106 2253/2253 2483/2483
f 4186/4186 1291/1291 5114/5114
f 5155/5155 4186/4186 5114/5114
f 5313/5313 5271/5271 4133/4133
f 4133/4133 5271/5271 4762/4762
f 304/304 4133/4133 3764/3764
f 3764/3764 4133/4133 4762/4762
f 3764/3764 4762/4762 6471/6471
f 5875/5875 7916/7916 5313/5313
f 5313/5313 4133/4133 5875/5875
f 4100/4100 458/458 304/304
f 3890/3890 4550/4550 7827/7827
f 2635/2635 5327/5327 3890/3890
f 3890/3890 2159/2159 2635/2635
f 2635/2635 1287/1287 5327/5327
f 4728/4728 6157/6157 1287/1287
f 4728/4728 1287/1287 2635/2635
f 394/394 2635/2635 2159/2159
f 4728/4728 2635/2635 394/394
f 7916/7916 5875/5875 2827/2827
f 458/458 2827/2827 5875/5875
f 6030/6030 5966/5966 2827/2827
f 6030/6030 2827/2827 458/458
f 1059/1059 6030/6030 4031/4031
f 6030/6030 1059/1059 4812/4812
f 4812/4812 1059/1059 7691/7691
f 458/458 4100/4100 4031/4031
f 4100/4100 2825/2825 4031/4031
f 7891/7891 4513/4513 4186/4186
f 5622/5622 4513/4513 7891/7891
f 280/280 5622/5622 5300/5300
f 3727/3727 7550/7550 7788/7788
f 6157/6157 4728/4728 3727/3727
f 5280/5280 4728/4728 394/394
f 5280/5280 394/394 6161/6161
f 5280/5280 3727/3727 4728/4728
f 3045/3045 3727/3727 5280/5280
f 3045/3045 5280/5280 6161/6161
f 3764/3764 6471/6471 3305/3305
f 3228/3228 7821/7821 7676/7676
f 3228/3228 7676/7676 4934/4934
f 4934/4934 7676/7676 4886/4886
f 4886/4886 7676/7676 2844/2844
f 6750/6750 4934/4934 4886/4886
f 1301/1301 4934/4934 6750/6750
f 4934/4934 1301/1301 2360/2360
f 6750/6750 4886/4886 3005/3005
f 6750/6750 3648/3648 1301/1301
f 3005/3005 3648/3648 6750/6750
f 547/547 2360/2360 1301/1301
f 4940/4940 547/547 1301/1301
f 7917/7917 547/547 4940/4940
f 163/163 7691/7691 1059/1059
f 7917/7917 1409/1409 907/907
f 1409/1409 7917/7917 1727/1727
f 4031/4031 3984/3984 1059/1059
f 1059/1059 3984/3984 163/163
f 2884/2884 5884/5884 1409/1409
f 1727/1727 2884/2884 1409/1409
f 2542/2542 3460/3460 5884/5884
f 2884/2884 2542/2542 5884/5884
f 3460/3460 2542/2542 1436/1436
f 2884/2884 5844/5844 2542/2542
f 4940/4940 1301/1301 3648/3648
f 4940/4940 2582/2582 7917/7917
f 6931/6931 1727/1727 7917/7917
f 7917/7917 2582/2582 6931/6931
f 1727/1727 4416/4416 2884/2884
f 300/300 5844/5844 2884/2884
f 4416/4416 300/300 2884/2884
f 2582/2582 6924/6924 6931/6931
f 4416/4416 1727/1727 6931/6931
f 3890/3890 7827/7827 2551/2551
f 3279/3279 7827/7827 1541/1541
f 7827/7827 3279/3279 2551/2551
f 2159/2159 3890/3890 2551/2551
f 1541/1541 8012/8012 3279/3279
f 394/394 2159/2159 2815/2815
f 7691/7691 4620/4620 5569/5569
f 6168/6168 2815/2815 601/601
f 2485/2485 601/601 930/930
f 601/601 2159/2159 930/930
f 2551/2551 3279/3279 3494/3494
f 3494/3494 2117/2117 2551/2551
f 8012/8012 3494/3494 3279/3279
f 74/74 3494/3494 8012/8012
f 2117/2117 2159/2159 2551/2551
f 930/930 2159/2159 2117/2117
f 1321/1321 2117/2117 3494/3494
f 930/930 2117/2117 4195/4195
f 2117/2117 1321/1321 4195/4195
f 6161/6161 2815/2815 6168/6168
f 3189/3189 3045/3045 6161/6161
f 6168/6168 3189/3189 6161/6161
f 7201/7201 3727/3727 4540/4540
f 3727/3727 3045/3045 4540/4540
f 3189/3189 4540/4540 3045/3045
f 2485/2485 6168/6168 601/601
f 3631/3631 2485/2485 930/930
f 2485/2485 129/129 6168/6168
f 3189/3189 6168/6168 129/129
f 129/129 2485/2485 3631/3631
f 5604/5604 129/129 3631/3631
f 285/285 3189/3189 129/129
f 285/285 129/129 5604/5604
f 4540/4540 3189/3189 285/285
f 285/285 5604/5604 4540/4540
f 6840/6840 5604/5604 5883/5883
f 6840/6840 4540/4540 5604/5604
f 4540/4540 6840/6840 648/648
f 3517/3517 4540/4540 648/648
f 3031/3031 4540/4540 3517/3517
f 1753/1753 5549/5549 4620/4620
f 6787/6787 5549/5549 1753/1753
f 163/163 4620/4620 7691/7691
f 1753/1753 4620/4620 163/163
f 1753/1753 5380/5380 6787/6787
f 6787/6787 5380/5380 940/940
f 5919/5919 5549/5549 7751/7751
f 6299/6299 7751/7751 5549/5549
f 7751/7751 6299/6299 5669/5669
f 6787/6787 6299/6299 5549/5549
f 5669/5669 6299/6299 3462/3462
f 940/940 3462/3462 6299/6299
f 940/940 6299/6299 6787/6787
f 6004/6004 940/940 5380/5380
f 2264/2264 1753/1753 163/163
f 5380/5380 1753/1753 2264/2264
f 3460/3460 2264/2264 163/163
f 6004/6004 5380/5380 2264/2264
f 1436/1436 2264/2264 3460/3460
f 1436/1436 6004/6004 2264/2264
f 5844/5844 1436/1436 2542/2542
f 300/300 1436/1436 5844/5844
f 300/300 6004/6004 1436/1436
f 3139/3139 940/940 6004/6004
f 3139/3139 3462/3462 940/940
f 3139/3139 6260/6260 1780/1780
f 3462/3462 840/840 5669/5669
f 5669/5669 840/840 3673/3673
f 5226/5226 840/840 3462/3462
f 5226/5226 3462/3462 5244/5244
f 74/74 4512/4512 4208/4208
f 5908/5908 4512/4512 4304/4304
f 1557/1557 5908/5908 4366/4366
f 840/840 5226/5226 1557/1557
f 1557/1557 5510/5510 5908/5908
f 5510/5510 1557/1557 5226/5226
f 2756/2756 4195/4195 5930/5930
f 1780/1780 3462/3462 3139/3139
f 1780/1780 5244/5244 3462/3462
f 5226/5226 5244/5244 1069/1069
f 5226/5226 1069/1069 5510/5510
f 120/120 5510/5510 7923/7923
f 6182/6182 5510/5510 1069/1069
f 5244/5244 5019/5019 1069/1069
f 5019/5019 5244/5244 4563/4563
f 6182/6182 1069/1069 5019/5019
f 7923/7923 5510/5510 6182/6182
f 4634/4634 2239/2239 5019/5019
f 4634/4634 1597/1597 2239/2239
f 6182/6182 5019/5019 2239/2239
f 6335/6335 846/846 2239/2239
f 1597/1597 6335/6335 2239/2239
f 1780/1780 6260/6260 5244/5244
f 7740/7740 1748/1748 6260/6260
f 486/486 1748/1748 7740/7740
f 4563/4563 5244/5244 6260/6260
f 6260/6260 1748/1748 4563/4563
f 1748/1748 5019/5019 4563/4563
f 1748/1748 486/486 4564/4564
f 4634/4634 5019/5019 1748/1748
f 4564/4564 4634/4634 1748/1748
f 4634/4634 4564/4564 1597/1597
f 300/300 4416/4416 5464/5464
f 300/300 6355/6355 6255/6255
f 6355/6355 300/300 5464/5464
f 844/844 5464/5464 4416/4416
f 844/844 6355/6355 5464/5464
f 6355/6355 187/187 6255/6255
f 2345/2345 187/187 6355/6355
f 2345/2345 6355/6355 844/844
f 225/225 930/930 2756/2756
f 5883/5883 930/930 225/225
f 6840/6840 5883/5883 648/648
f 6253/6253 5883/5883 225/225
f 648/648 5883/5883 6253/6253
f 2756/2756 5930/5930 7652/7652
f 552/552 225/225 2756/2756
f 6253/6253 225/225 552/552
f 552/552 3179/3179 6253/6253
f 3179/3179 552/552 7652/7652
f 552/552 2756/2756 7652/7652
f 7652/7652 908/908 6615/6615
f 3741/3741 6615/6615 908/908
f 3517/3517 648/648 6253/6253
f 3517/3517 6253/6253 3179/3179
f 3179/3179 7652/7652 6615/6615
f 3910/3910 3179/3179 6615/6615
f 3910/3910 3517/3517 3179/3179
f 763/763 187/187 2345/2345
f 2901/2901 763/763 2345/2345
f 585/585 414/414 4886/4886
f 4886/4886 377/377 3005/3005
f 6798/6798 377/377 4886/4886
f 414/414 6798/6798 4886/4886
f 414/414 3380/3380 6798/6798
f 3380/3380 414/414 3456/3456
f 3380/3380 3456/3456 6452/6452
f 6452/6452 3456/3456 1995/1995
f 6452/6452 3134/3134 3380/3380
f 3134/3134 6452/6452 5230/5230
f 6859/6859 1995/1995 4275/4275
f 6859/6859 6452/6452 1995/1995
f 4275/4275 6851/6851 6859/6859
f 6859/6859 3718/3718 6452/6452
f 6851/6851 4275/4275 3740/3740
f 3718/3718 6859/6859 6851/6851
f 6851/6851 5355/5355 3718/3718
f 3740/3740 1539/1539 6851/6851
f 5230/5230 6452/6452 3718/3718
f 289/289 7169/7169 6563/6563
f 7785/7785 7169/7169 289/289
f 846/846 6335/6335 1388/1388
f 6335/6335 1597/1597 1968/1968
f 763/763 1597/1597 4564/4564
f 4770/4770 4966/4966 1968/1968
f 4770/4770 359/359 4966/4966
f 359/359 215/215 4966/4966
f 6053/6053 215/215 359/359
f 4770/4770 763/763 2901/2901
f 6374/6374 1590/1590 3152/3152
f 6374/6374 540/540 1590/1590
f 769/769 6374/6374 7185/7185
f 6374/6374 769/769 540/540
f 1590/1590 3713/3713 3152/3152
f 6694/6694 3152/3152 3713/3713
f 3757/3757 1227/1227 7853/7853
f 2959/2959 2853/2853 4763/4763
f 3073/3073 4365/4365 2176/2176
f 4365/4365 3073/3073 4763/4763
f 6694/6694 2959/2959 6788/6788
f 5767/5767 3827/3827 2176/2176
f 5767/5767 7319/7319 3827/3827
f 7319/7319 7101/7101 3827/3827
f 2176/2176 3827/3827 3073/3073
f 3073/3073 2959/2959 4763/4763
f 3073/3073 6788/6788 2959/2959
f 2495/2495 2817/2817 7601/7601
f 3713/3713 2959/2959 6694/6694
f 6426/6426 6751/6751 7915/7915
f 5162/5162 6751/6751 1042/1042
f 5162/5162 7915/7915 6751/6751
f 5162/5162 878/878 7915/7915
f 5162/5162 1042/1042 3840/3840
f 878/878 5162/5162 3840/3840
f 3840/3840 2779/2779 878/878
f 878/878 2779/2779 3070/3070
f 7915/7915 878/878 3070/3070
f 3070/3070 670/670 7915/7915
f 1047/1047 2779/2779 3840/3840
f 2779/2779 1047/1047 6141/6141
f 6237/6237 6426/6426 7915/7915
f 6237/6237 5676/5676 2792/2792
f 7915/7915 5676/5676 6237/6237
f 670/670 5676/5676 7915/7915
f 2009/2009 2792/2792 5676/5676
f 7296/7296 2792/2792 2009/2009
f 7213/7213 1915/1915 7956/7956
f 4760/4760 7213/7213 7956/7956
f 2203/2203 4760/4760 5904/5904
f 7213/7213 4760/4760 2203/2203
f 2792/2792 7296/7296 5562/5562
f 7296/7296 7956/7956 5562/5562
f 1700/1700 2009/2009 5676/5676
f 4090/4090 5676/5676 670/670
f 4090/4090 1700/1700 5676/5676
f 2009/2009 5904/5904 7296/7296
f 2009/2009 1700/1700 5904/5904
f 5904/5904 1700/1700 3204/3204
f 3204/3204 2203/2203 5904/5904
f 2296/2296 2203/2203 3204/3204
f 95/95 3204/3204 1700/1700
f 4090/4090 95/95 1700/1700
f 3204/3204 95/95 2296/2296
f 1169/1169 2296/2296 95/95
f 1915/1915 7213/7213 5508/5508
f 7549/7549 855/855 5508/5508
f 1224/1224 460/460 7549/7549
f 460/460 855/855 7549/7549
f 525/525 7213/7213 2203/2203
f 525/525 4511/4511 1224/1224
f 2296/2296 4511/4511 525/525
f 6918/6918 460/460 1224/1224
f 4511/4511 6918/6918 1224/1224
f 4511/4511 2061/2061 6918/6918
f 6918/6918 2061/2061 7595/7595
f 460/460 6918/6918 3386/3386
f 7595/7595 3386/3386 6918/6918
f 6141/6141 760/760 2779/2779
f 670/670 3070/3070 2037/2037
f 3070/3070 1258/1258 2037/2037
f 3070/3070 2779/2779 760/760
f 3070/3070 760/760 1258/1258
f 2037/2037 4090/4090 670/670
f 6658/6658 4090/4090 2037/2037
f 6658/6658 95/95 4090/4090
f 1169/1169 2449/2449 5345/5345
f 5345/5345 4511/4511 1169/1169
f 4511/4511 5345/5345 2061/2061
f 7186/7186 2061/2061 5345/5345
f 2449/2449 7186/7186 5345/5345
f 7595/7595 2061/2061 7037/7037
f 7595/7595 7037/7037 49/49
f 7186/7186 7037/7037 2061/2061
f 7037/7037 7186/7186 1099/1099
f 7037/7037 1099/1099 4724/4724
f 952/952 4724/4724 1099/1099
f 952/952 6381/6381 7968/7968
f 1296/1296 393/393 6141/6141
f 4595/4595 1258/1258 760/760
f 6141/6141 393/393 760/760
f 393/393 4595/4595 760/760
f 7003/7003 4595/4595 393/393
f 6567/6567 7968/7968 6381/6381
f 3250/3250 393/393 1296/1296
f 2934/2934 393/393 3250/3250
f 4319/4319 2934/2934 3250/3250
f 2934/2934 7003/7003 393/393
f 2934/2934 5088/5088 7003/7003
f 7003/7003 3915/3915 4595/4595
f 4319/4319 5088/5088 2934/2934
f 6309/6309 5088/5088 4319/4319
f 3915/3915 7003/7003 5088/5088
f 337/337 3915/3915 5088/5088
f 5942/5942 3915/3915 2567/2567
f 7845/7845 2405/2405 1833/1833
f 5493/5493 460/460 3386/3386
f 3505/3505 2405/2405 5493/5493
f 7595/7595 5493/5493 3386/3386
f 7595/7595 4984/4984 5493/5493
f 4984/4984 3505/3505 5493/5493
f 2405/2405 3505/3505 1833/1833
f 1833/1833 3505/3505 5020/5020
f 5020/5020 3505/3505 4984/4984
f 7845/7845 3275/3275 2405/2405
f 7845/7845 1833/1833 6855/6855
f 5386/5386 7797/7797 7845/7845
f 5386/5386 7845/7845 6855/6855
f 6855/6855 1833/1833 5020/5020
f 1342/1342 6855/6855 5020/5020
f 5386/5386 1342/1342 6916/6916
f 2864/2864 7797/7797 5386/5386
f 2864/2864 5386/5386 6916/6916
f 49/49 4984/4984 7595/7595
f 4724/4724 49/49 7037/7037
f 4724/4724 3690/3690 49/49
f 3690/3690 615/615 49/49
f 7742/7742 4724/4724 952/952
f 284/284 2572/2572 952/952
f 7742/7742 3690/3690 4724/4724
f 3690/3690 7742/7742 615/615
f 5020/5020 4984/4984 1342/1342
f 4350/4350 1342/1342 4984/4984
f 4350/4350 6916/6916 1342/1342
f 3730/3730 4350/4350 4984/4984
f 3730/3730 4984/4984 49/49
f 49/49 615/615 3730/3730
f 2723/2723 615/615 7742/7742
f 615/615 4659/4659 3730/3730
f 6095/6095 3730/3730 4659/4659
f 2864/2864 6916/6916 4350/4350
f 7700/7700 5845/5845 2174/2174
f 7689/7689 2988/2988 3721/3721
f 7689/7689 3721/3721 6538/6538
f 6538/6538 5845/5845 2501/2501
f 6538/6538 2501/2501 7689/7689
f 1101/1101 2501/2501 3668/3668
f 2553/2553 2174/2174 4350/4350
f 2174/2174 2553/2553 7700/7700
f 7700/7700 2553/2553 2571/2571
f 3730/3730 2553/2553 4350/4350
f 3730/3730 2571/2571 2553/2553
f 3668/3668 5845/5845 7700/7700
f 2571/2571 3668/3668 7700/7700
f 2501/2501 1101/1101 4998/4998
f 7259/7259 1101/1101 3668/3668
f 3668/3668 2571/2571 7259/7259
f 7259/7259 4998/4998 1101/1101
f 2571/2571 6491/6491 7259/7259
f 7259/7259 6491/6491 4098/4098
f 2723/2723 7742/7742 2572/2572
f 2723/2723 4659/4659 615/615
f 4659/4659 2723/2723 6095/6095
f 3020/3020 3730/3730 6095/6095
f 6748/6748 3020/3020 6095/6095
f 7968/7968 284/284 952/952
f 1990/1990 284/284 7968/7968
f 7435/7435 4989/4989 5942/5942
f 7435/7435 1599/1599 4989/4989
f 1609/1609 2062/2062 1125/1125
f 4034/4034 4346/4346 7927/7927
f 4346/4346 4034/4034 154/154
f 4034/4034 7927/7927 3497/3497
f 154/154 1570/1570 4346/4346
f 5678/5678 1570/1570 6012/6012
f 6012/6012 1570/1570 154/154
f 3919/3919 6012/6012 5855/5855
f 6012/6012 154/154 4034/4034
f 5678/5678 1602/1602 1570/1570
f 4318/4318 7720/7720 3081/3081
f 3064/3064 4318/4318 3081/3081
f 3396/3396 4318/4318 3064/3064
f 1602/1602 5678/5678 3064/3064
f 1157/1157 5678/5678 1014/1014
f 1014/1014 5678/5678 6012/6012
f 4318/4318 3396/3396 7525/7525
f 4079/4079 7525/7525 3396/3396
f 3064/3064 1157/1157 3396/3396
f 1157/1157 3064/3064 5678/5678
f 1157/1157 1899/1899 4079/4079
f 4079/4079 3396/3396 1157/1157
f 5432/5432 2572/2572 284/284
f 5432/5432 3974/3974 2572/2572
f 3974/3974 2723/2723 2572/2572
f 284/284 1990/1990 5432/5432
f 3145/3145 5432/5432 1990/1990
f 3974/3974 6748/6748 5792/5792
f 3974/3974 5399/5399 6748/6748
f 5399/5399 3020/3020 6748/6748
f 3064/3064 7720/7720 1/1
f 3081/3081 7720/7720 3064/3064
f 1570/1570 6311/6311 7673/7673
f 7673/7673 4346/4346 1570/1570
f 1570/1570 1602/1602 6311/6311
f 4540/4540 7046/7046 7201/7201
f 2902/2902 4540/4540 5450/5450
f 5850/5850 7046/7046 6664/6664
f 6664/6664 1183/1183 5850/5850
f 6664/6664 2902/2902 6217/6217
f 1183/1183 6664/6664 8015/8015
f 6217/6217 8015/8015 6664/6664
f 2902/2902 7046/7046 4540/4540
f 5789/5789 6217/6217 2902/2902
f 8015/8015 6217/6217 3678/3678
f 5686/5686 3678/3678 6217/6217
f 5789/5789 5686/5686 6217/6217
f 1090/1090 3678/3678 1275/1275
f 5686/5686 1275/1275 3678/3678
f 1090/1090 1275/1275 4669/4669
f 4669/4669 2537/2537 3634/3634
f 4669/4669 1275/1275 2537/2537
f 3031/3031 5789/5789 5450/5450
f 5450/5450 4540/4540 3031/3031
f 5789/5789 3031/3031 6262/6262
f 5686/5686 6262/6262 2666/2666
f 5686/5686 5789/5789 6262/6262
f 3031/3031 2666/2666 6262/6262
f 7432/7432 8049/8049 3531/3531
f 4208/4208 4512/4512 1948/1948
f 4512/4512 5908/5908 1948/1948
f 1948/1948 5908/5908 120/120
f 4208/4208 1948/1948 487/487
f 8030/8030 4208/4208 487/487
f 1948/1948 120/120 2435/2435
f 487/487 1948/1948 2435/2435
f 2435/2435 120/120 7161/7161
f 7161/7161 1662/1662 2435/2435
f 3406/3406 1662/1662 6444/6444
f 4195/4195 6654/6654 7829/7829
f 7829/7829 5930/5930 4195/4195
f 6654/6654 8030/8030 679/679
f 679/679 8030/8030 487/487
f 329/329 487/487 2435/2435
f 679/679 487/487 329/329
f 7666/7666 679/679 329/329
f 329/329 2435/2435 1662/1662
f 329/329 1662/1662 3406/3406
f 329/329 3406/3406 8032/8032
f 7666/7666 329/329 8032/8032
f 7829/7829 6654/6654 679/679
f 7829/7829 679/679 7666/7666
f 7923/7923 7546/7546 7161/7161
f 7546/7546 7923/7923 6182/6182
f 7161/7161 7546/7546 1662/1662
f 1824/1824 2239/2239 846/846
f 1824/1824 6182/6182 2239/2239
f 7546/7546 6182/6182 1824/1824
f 1662/1662 1348/1348 6444/6444
f 1348/1348 1662/1662 7546/7546
f 3406/3406 6444/6444 1348/1348
f 1348/1348 5032/5032 3406/3406
f 1348/1348 6683/6683 970/970
f 7546/7546 1824/1824 6683/6683
f 7546/7546 6683/6683 1348/1348
f 1614/1614 7666/7666 8032/8032
f 7829/7829 7666/7666 1614/1614
f 1614/1614 8032/8032 4156/4156
f 3260/3260 3406/3406 5032/5032
f 4156/4156 3406/3406 3260/3260
f 5032/5032 1348/1348 5666/5666
f 1348/1348 970/970 5666/5666
f 5666/5666 970/970 6428/6428
f 5151/5151 5666/5666 6428/6428
f 3260/3260 5032/5032 5666/5666
f 4156/4156 3260/3260 5151/5151
f 8032/8032 3406/3406 4156/4156
f 7065/7065 1614/1614 4156/4156
f 4156/4156 5151/5151 3425/3425
f 2410/2410 4156/4156 3425/3425
f 7065/7065 4156/4156 2410/2410
f 2410/2410 3425/3425 3742/3742
f 5930/5930 908/908 7652/7652
f 3741/3741 3910/3910 6615/6615
f 3910/3910 3741/3741 1543/1543
f 1651/1651 7829/7829 1614/1614
f 1651/1651 1614/1614 7065/7065
f 908/908 5930/5930 7829/7829
f 7829/7829 1651/1651 512/512
f 7829/7829 512/512 908/908
f 4167/4167 908/908 512/512
f 1543/1543 3741/3741 4167/4167
f 908/908 4167/4167 3741/3741
f 1543/1543 4167/4167 3934/3934
f 5723/5723 1543/1543 3934/3934
f 7151/7151 1543/1543 5723/5723
f 7151/7151 3910/3910 1543/1543
f 4167/4167 512/512 3934/3934
f 3934/3934 1077/1077 5723/5723
f 7151/7151 5723/5723 1077/1077
f 3934/3934 512/512 1651/1651
f 1651/1651 3572/3572 3934/3934
f 1651/1651 5143/5143 3572/3572
f 1651/1651 7065/7065 5143/5143
f 3934/3934 6492/6492 1077/1077
f 6742/6742 1077/1077 6492/6492
f 6742/6742 7151/7151 1077/1077
f 6492/6492 3934/3934 3572/3572
f 3572/3572 6742/6742 6492/6492
f 3742/3742 7065/7065 2410/2410
f 3572/3572 5143/5143 3009/3009
f 6742/6742 3572/3572 3009/3009
f 4471/4471 6742/6742 3009/3009
f 4826/4826 2440/2440 1649/1649
f 1983/1983 912/912 1649/1649
f 4826/4826 1649/1649 6848/6848
f 6848/6848 1649/1649 912/912
f 5448/5448 1742/1742 912/912
f 1742/1742 2886/2886 6848/6848
f 6848/6848 912/912 1742/1742
f 2886/2886 1742/1742 5448/5448
f 1578/1578 2886/2886 237/237
f 2886/2886 5448/5448 536/536
f 2886/2886 536/536 237/237
f 2595/2595 2862/2862 536/536
f 233/233 4243/4243 4826/4826
f 233/233 4826/4826 6848/6848
f 891/891 4243/4243 233/233
f 891/891 233/233 355/355
f 355/355 233/233 4019/4019
f 891/891 355/355 7178/7178
f 4992/4992 3355/3355 4264/4264
f 4264/4264 3355/3355 2903/2903
f 6848/6848 1578/1578 4019/4019
f 233/233 6848/6848 4019/4019
f 1578/1578 6848/6848 2886/2886
f 1578/1578 3355/3355 4019/4019
f 237/237 594/594 1578/1578
f 1578/1578 594/594 3355/3355
f 3465/3465 4019/4019 3355/3355
f 3465/3465 3355/3355 4992/4992
f 7178/7178 4019/4019 3465/3465
f 3449/3449 3465/3465 4992/4992
f 7178/7178 355/355 4019/4019
f 3027/3027 891/891 7178/7178
f 7339/7339 7178/7178 3465/3465
f 3027/3027 7178/7178 7339/7339
f 3027/3027 7339/7339 4952/4952
f 7339/7339 3465/3465 3449/3449
f 1383/1383 7339/7339 3449/3449
f 4992/4992 4474/4474 6541/6541
f 3449/3449 4992/4992 6541/6541
f 983/983 6400/6400 5878/5878
f 711/711 983/983 6367/6367
f 3119/3119 5878/5878 6400/6400
f 5878/5878 3119/3119 3946/3946
f 510/510 3946/3946 3119/3119
f 7780/7780 4032/4032 6090/6090
f 3696/3696 4032/4032 7780/7780
f 5428/5428 4032/4032 3696/3696
f 5878/5878 3946/3946 1232/1232
f 1232/1232 3946/3946 7780/7780
f 3696/3696 7780/7780 510/510
f 3946/3946 510/510 7780/7780
f 2595/2595 432/432 7382/7382
f 7607/7607 7382/7382 2063/2063
f 1311/1311 170/170 1352/1352
f 1687/1687 3696/3696 510/510
f 3696/3696 170/170 5428/5428
f 1352/1352 3696/3696 1687/1687
f 3696/3696 1352/1352 170/170
f 2063/2063 1352/1352 1687/1687
f 8000/8000 1352/1352 2063/2063
f 1352/1352 2495/2495 1311/1311
f 1352/1352 8000/8000 965/965
f 2063/2063 1687/1687 7607/7607
f 4991/4991 2077/2077 4921/4921
f 4991/4991 3119/3119 2077/2077
f 2077/2077 3119/3119 6400/6400
f 6400/6400 2903/2903 594/594
f 594/594 4921/4921 6400/6400
f 6400/6400 4921/4921 2077/2077
f 711/711 5302/5302 2903/2903
f 2903/2903 983/983 711/711
f 1137/1137 5302/5302 3884/3884
f 4992/4992 4264/4264 5302/5302
f 5302/5302 4264/4264 2903/2903
f 4992/4992 5302/5302 1137/1137
f 4474/4474 4992/4992 1137/1137
f 2903/2903 6400/6400 983/983
f 2862/2862 594/594 237/237
f 3119/3119 4991/4991 510/510
f 3418/3418 6541/6541 4474/4474
f 4418/4418 6541/6541 3418/3418
f 425/425 6541/6541 4418/4418
f 3594/3594 8/8 6367/6367
f 5644/5644 711/711 6367/6367
f 5644/5644 6367/6367 3468/3468
f 4018/4018 5644/5644 3468/3468
f 3468/3468 6367/6367 8/8
f 3468/3468 8/8 2035/2035
f 7041/7041 3594/3594 4238/4238
f 7041/7041 4238/4238 3931/3931
f 7989/7989 7041/7041 3931/3931
f 3594/3594 7198/7198 4394/4394
f 4892/4892 4394/4394 7198/7198
f 4394/4394 4238/4238 3594/3594
f 3931/3931 4238/4238 1038/1038
f 7521/7521 1477/1477 4238/4238
f 7521/7521 4238/4238 603/603
f 7521/7521 603/603 4501/4501
f 1038/1038 4238/4238 1477/1477
f 1477/1477 7521/7521 3069/3069
f 1038/1038 1477/1477 3069/3069
f 2211/2211 1038/1038 3069/3069
f 6367/6367 983/983 3594/3594
f 7041/7041 8/8 3594/3594
f 8/8 7041/7041 2035/2035
f 7989/7989 2035/2035 7041/7041
f 1407/1407 3468/3468 2035/2035
f 1407/1407 2035/2035 7203/7203
f 7203/7203 2035/2035 991/991
f 991/991 2035/2035 7989/7989
f 7989/7989 3931/3931 1038/1038
f 1038/1038 2211/2211 7989/7989
f 356/356 7989/7989 2211/2211
f 356/356 991/991 7989/7989
f 1110/1110 991/991 356/356
f 3884/3884 5302/5302 5644/5644
f 5644/5644 5302/5302 711/711
f 1137/1137 3884/3884 7085/7085
f 3884/3884 5644/5644 4018/4018
f 6348/6348 3884/3884 4018/4018
f 4018/4018 5807/5807 6348/6348
f 3468/3468 1407/1407 4018/4018
f 5807/5807 4018/4018 1407/1407
f 7085/7085 3884/3884 6348/6348
f 2284/2284 6348/6348 4777/4777
f 6348/6348 5807/5807 4777/4777
f 4777/4777 5807/5807 6392/6392
f 3418/3418 4474/4474 6259/6259
f 3418/3418 6259/6259 2118/2118
f 7085/7085 4474/4474 1137/1137
f 4474/4474 7085/7085 6259/6259
f 6259/6259 7085/7085 2284/2284
f 6259/6259 2284/2284 2118/2118
f 3418/3418 6870/6870 4418/4418
f 3418/3418 3511/3511 6870/6870
f 3511/3511 3418/3418 2118/2118
f 55/55 4418/4418 6870/6870
f 1328/1328 3511/3511 2118/2118
f 2284/2284 7085/7085 6348/6348
f 4777/4777 3300/3300 6726/6726
f 1328/1328 2118/2118 6726/6726
f 4777/4777 6392/6392 6856/6856
f 6856/6856 6392/6392 3889/3889
f 6392/6392 1110/1110 3732/3732
f 1110/1110 356/356 2789/2789
f 3732/3732 1110/1110 2789/2789
f 356/356 5277/5277 2789/2789
f 1950/1950 2789/2789 5277/5277
f 3889/3889 6392/6392 3732/3732
f 3732/3732 2789/2789 2540/2540
f 2540/2540 2789/2789 1950/1950
f 1950/1950 3548/3548 2540/2540
f 3300/3300 4777/4777 6856/6856
f 3889/3889 306/306 6856/6856
f 54/54 3300/3300 6243/6243
f 6243/6243 3300/3300 6856/6856
f 306/306 6243/6243 6856/6856
f 306/306 3889/3889 3732/3732
f 306/306 3732/3732 2540/2540
f 2976/2976 2540/2540 3548/3548
f 2540/2540 2976/2976 306/306
f 1018/1018 6243/6243 306/306
f 1824/1824 846/846 1388/1388
f 5706/5706 2440/2440 6683/6683
f 3947/3947 2440/2440 5706/5706
f 1388/1388 5706/5706 1824/1824
f 6527/6527 3947/3947 1388/1388
f 6683/6683 1824/1824 5706/5706
f 1388/1388 3947/3947 5706/5706
f 1388/1388 6335/6335 6527/6527
f 1968/1968 6527/6527 6335/6335
f 3947/3947 6527/6527 1564/1564
f 3947/3947 1564/1564 1965/1965
f 3947/3947 1649/1649 2440/2440
f 1649/1649 3947/3947 1965/1965
f 1965/1965 1983/1983 1649/1649
f 1983/1983 1965/1965 1972/1972
f 6642/6642 2876/2876 7005/7005
f 7073/7073 7005/7005 5962/5962
f 7073/7073 6642/6642 7005/7005
f 4904/4904 6642/6642 7073/7073
f 1972/1972 912/912 1983/1983
f 912/912 1972/1972 5448/5448
f 2876/2876 2595/2595 536/536
f 6053/6053 5962/5962 215/215
f 5962/5962 6053/6053 4947/4947
f 4947/4947 6053/6053 4828/4828
f 4947/4947 994/994 4904/4904
f 4947/4947 7073/7073 5962/5962
f 4904/4904 7073/7073 4947/4947
f 970/970 4243/4243 6428/6428
f 4243/4243 6683/6683 4826/4826
f 891/891 6428/6428 4243/4243
f 5151/5151 6428/6428 891/891
f 1537/1537 5151/5151 7390/7390
f 5151/5151 891/891 3027/3027
f 5151/5151 4883/4883 7390/7390
f 4883/4883 5151/5151 3027/3027
f 3425/3425 5151/5151 1537/1537
f 7390/7390 4867/4867 1537/1537
f 3742/3742 1537/1537 4867/4867
f 4883/4883 4867/4867 7390/7390
f 4883/4883 3027/3027 4952/4952
f 2254/2254 4883/4883 4952/4952
f 4952/4952 1383/1383 2254/2254
f 1383/1383 4952/4952 7339/7339
f 3449/3449 425/425 1383/1383
f 425/425 3449/3449 6541/6541
f 5143/5143 7065/7065 2278/2278
f 2278/2278 3009/3009 5143/5143
f 4710/4710 7035/7035 6244/6244
f 7035/7035 4710/4710 4314/4314
f 1025/1025 6244/6244 7035/7035
f 7822/7822 1025/1025 972/972
f 1025/1025 7035/7035 972/972
f 972/972 3758/3758 234/234
f 972/972 234/234 7822/7822
f 234/234 3758/3758 7158/7158
f 7158/7158 3903/3903 234/234
f 234/234 3903/3903 7822/7822
f 6339/6339 7158/7158 6805/6805
f 6797/6797 5806/5806 6805/6805
f 7158/7158 6339/6339 3903/3903
f 6339/6339 6805/6805 6782/6782
f 2595/2595 2876/2876 432/432
f 1267/1267 2876/2876 6642/6642
f 2876/2876 1267/1267 432/432
f 5767/5767 2176/2176 1267/1267
f 4904/4904 5767/5767 1267/1267
f 4904/4904 1267/1267 6642/6642
f 4365/4365 2063/2063 3131/3131
f 7382/7382 3131/3131 2063/2063
f 7319/7319 5767/5767 4904/4904
f 4904/4904 994/994 7319/7319
f 2063/2063 4365/4365 8000/8000
f 2288/2288 8000/8000 4365/4365
f 55/55 425/425 4418/4418
f 2600/2600 7557/7557 3903/3903
f 6085/6085 7709/7709 2600/2600
f 2600/2600 7709/7709 7557/7557
f 6339/6339 2600/2600 3903/3903
f 6339/6339 6782/6782 3002/3002
f 2600/2600 6339/6339 3002/3002
f 3002/3002 6085/6085 2600/2600
f 2617/2617 55/55 6870/6870
f 6710/6710 2617/2617 6870/6870
f 1328/1328 6870/6870 3511/3511
f 6710/6710 6870/6870 1328/1328
f 698/698 54/54 6243/6243
f 866/866 3641/3641 4900/4900
f 164/164 5752/5752 6580/6580
f 6085/6085 3002/3002 1040/1040
f 277/277 1040/1040 3002/3002
f 5743/5743 7709/7709 1848/1848
f 6085/6085 1848/1848 7709/7709
f 6085/6085 1040/1040 4419/4419
f 1848/1848 6085/6085 4419/4419
f 1848/1848 6006/6006 5743/5743
f 5204/5204 7888/7888 1848/1848
f 6006/6006 1848/1848 7888/7888
f 5743/5743 6006/6006 7641/7641
f 5204/5204 2708/2708 5847/5847
f 7692/7692 4994/4994 6006/6006
f 4554/4554 7692/7692 5847/5847
f 4554/4554 5847/5847 7070/7070
f 4554/4554 5752/5752 4994/4994
f 4994/4994 7692/7692 4554/4554
f 6006/6006 7888/7888 7692/7692
f 7692/7692 7888/7888 5847/5847
f 4554/4554 836/836 5752/5752
f 4554/4554 7070/7070 836/836
f 5752/5752 836/836 6580/6580
f 6580/6580 836/836 3641/3641
f 2537/2537 3834/3834 3634/3634
f 2537/2537 5742/5742 3992/3992
f 1275/1275 5742/5742 2537/2537
f 3992/3992 421/421 2297/2297
f 421/421 3992/3992 5742/5742
f 421/421 5742/5742 1275/1275
f 5686/5686 2666/2666 7452/7452
f 2297/2297 421/421 6902/6902
f 7452/7452 1275/1275 5686/5686
f 1275/1275 7448/7448 421/421
f 7452/7452 7448/7448 1275/1275
f 6902/6902 421/421 7448/7448
f 7448/7448 3795/3795 6902/6902
f 7448/7448 7452/7452 2993/2993
f 3795/3795 5764/5764 6902/6902
f 7448/7448 2993/2993 3795/3795
f 3795/3795 2993/2993 5764/5764
f 2666/2666 3031/3031 7151/7151
f 1423/1423 7452/7452 2666/2666
f 3517/3517 3910/3910 7151/7151
f 3031/3031 3517/3517 7151/7151
f 2993/2993 7452/7452 1423/1423
f 2993/2993 2511/2511 5764/5764
f 3202/3202 1423/1423 2666/2666
f 2511/2511 2993/2993 1423/1423
f 7151/7151 3202/3202 2666/2666
f 2120/2120 1423/1423 3202/3202
f 6742/6742 3202/3202 7151/7151
f 4471/4471 3202/3202 6742/6742
f 5764/5764 2511/2511 761/761
f 2511/2511 1423/1423 761/761
f 761/761 1423/1423 2120/2120
f 5764/5764 761/761 6244/6244
f 6244/6244 1025/1025 5764/5764
f 2120/2120 6244/6244 761/761
f 6309/6309 337/337 5088/5088
f 2697/2697 337/337 6309/6309
f 6309/6309 4080/4080 2697/2697
f 5598/5598 337/337 2697/2697
f 7241/7241 3915/3915 337/337
f 7241/7241 2567/2567 3915/3915
f 337/337 2567/2567 7241/7241
f 7271/7271 5598/5598 4080/4080
f 2567/2567 7435/7435 5942/5942
f 5152/5152 2567/2567 5598/5598
f 7271/7271 4747/4747 5598/5598
f 4747/4747 7271/7271 3933/3933
f 337/337 5598/5598 2567/2567
f 5152/5152 5598/5598 4747/4747
f 2438/2438 5152/5152 4747/4747
f 3371/3371 7805/7805 5152/5152
f 3371/3371 5152/5152 2438/2438
f 3371/3371 744/744 7805/7805
f 3371/3371 918/918 744/744
f 918/918 7112/7112 744/744
f 744/744 7112/7112 7451/7451
f 7451/7451 7112/7112 918/918
f 7451/7451 918/918 4118/4118
f 1244/1244 5407/5407 7451/7451
f 7909/7909 7451/7451 4118/4118
f 7909/7909 4118/4118 3558/3558
f 7909/7909 1244/1244 7451/7451
f 7909/7909 6071/6071 1244/1244
f 7909/7909 3558/3558 6071/6071
f 7435/7435 7805/7805 1599/1599
f 5407/5407 1125/1125 2922/2922
f 5407/5407 2922/2922 744/744
f 1609/1609 1125/1125 5407/5407
f 144/144 1609/1609 5407/5407
f 144/144 7927/7927 1609/1609
f 7451/7451 5407/5407 744/744
f 3933/3933 2438/2438 4747/4747
f 3625/3625 3371/3371 2438/2438
f 7141/7141 3371/3371 3625/3625
f 3371/3371 7141/7141 918/918
f 918/918 5688/5688 4118/4118
f 6540/6540 918/918 7141/7141
f 6540/6540 5688/5688 918/918
f 6540/6540 7141/7141 583/583
f 428/428 5688/5688 6540/6540
f 2374/2374 5759/5759 6191/6191
f 6191/6191 4118/4118 5688/5688
f 6191/6191 3558/3558 4118/4118
f 3558/3558 6191/6191 5759/5759
f 6191/6191 409/409 2374/2374
f 6071/6071 7513/7513 1244/1244
f 1817/1817 6716/6716 7513/7513
f 1738/1738 1817/1817 913/913
f 6716/6716 1817/1817 1738/1738
f 913/913 1817/1817 6071/6071
f 7513/7513 6071/6071 1817/1817
f 1738/1738 913/913 5177/5177
f 7376/7376 1738/1738 2820/2820
f 7376/7376 2820/2820 3166/3166
f 3166/3166 6269/6269 7376/7376
f 420/420 6510/6510 6269/6269
f 1515/1515 420/420 6269/6269
f 7579/7579 1515/1515 6269/6269
f 3273/3273 144/144 6507/6507
f 3919/3919 6507/6507 2772/2772
f 7376/7376 2772/2772 6507/6507
f 144/144 3497/3497 7927/7927
f 3273/3273 3497/3497 144/144
f 3497/3497 3273/3273 6507/6507
f 5855/5855 6012/6012 4034/4034
f 4034/4034 3497/3497 5855/5855
f 6507/6507 5855/5855 3497/3497
f 5855/5855 6507/6507 3919/3919
f 1014/1014 6012/6012 3919/3919
f 6716/6716 1244/1244 7513/7513
f 5407/5407 1244/1244 6716/6716
f 6716/6716 144/144 5407/5407
f 6716/6716 1738/1738 144/144
f 1738/1738 6507/6507 144/144
f 6507/6507 1738/1738 7376/7376
f 1157/1157 1014/1014 7/7
f 291/291 7/7 1014/1014
f 7376/7376 6269/6269 291/291
f 2772/2772 7376/7376 1014/1014
f 1014/1014 7376/7376 291/291
f 7/7 1899/1899 1157/1157
f 291/291 1899/1899 7/7
f 4079/4079 1899/1899 2942/2942
f 2942/2942 1899/1899 291/291
f 6510/6510 291/291 6269/6269
f 291/291 420/420 2942/2942
f 6510/6510 420/420 291/291
f 2772/2772 1014/1014 3919/3919
f 5759/5759 913/913 3558/3558
f 913/913 5759/5759 7946/7946
f 7946/7946 5454/5454 913/913
f 3664/3664 2820/2820 5454/5454
f 6071/6071 3558/3558 913/913
f 913/913 2820/2820 5177/5177
f 2820/2820 1738/1738 5177/5177
f 5454/5454 2820/2820 913/913
f 5759/5759 5471/5471 7946/7946
f 7946/7946 5471/5471 1989/1989
f 7946/7946 1989/1989 5454/5454
f 5454/5454 1989/1989 3591/3591
f 3664/3664 7972/7972 2820/2820
f 4301/4301 7972/7972 3664/3664
f 4301/4301 7579/7579 7972/7972
f 312/312 3664/3664 5454/5454
f 4301/4301 3664/3664 312/312
f 4301/4301 312/312 4040/4040
f 312/312 7034/7034 4040/4040
f 7579/7579 4301/4301 4040/4040
f 7972/7972 7579/7579 3166/3166
f 2820/2820 7972/7972 3166/3166
f 3166/3166 7579/7579 6269/6269
f 5454/5454 3591/3591 312/312
f 4281/4281 7783/7783 280/280
f 7146/7146 1138/1138 5499/5499
f 2935/2935 1138/1138 7146/7146
f 4000/4000 5155/5155 1531/1531
f 186/186 1531/1531 6456/6456
f 1531/1531 5155/5155 6456/6456
f 1531/1531 1571/1571 4000/4000
f 4000/4000 1571/1571 5300/5300
f 1571/1571 1391/1391 5300/5300
f 1531/1531 2868/2868 1571/1571
f 1391/1391 4281/4281 5300/5300
f 3033/3033 7550/7550 3727/3727
f 943/943 2868/2868 1531/1531
f 3033/3033 3727/3727 7201/7201
f 2367/2367 4281/4281 1391/1391
f 1391/1391 6646/6646 1155/1155
f 3391/3391 4292/4292 5086/5086
f 3391/3391 11/11 7201/7201
f 3678/3678 6635/6635 790/790
f 1183/1183 8015/8015 3678/3678
f 4468/4468 1313/1313 1819/1819
f 931/931 7679/7679 1819/1819
f 1313/1313 7613/7613 1819/1819
f 931/931 2132/2132 6860/6860
f 1313/1313 890/890 7613/7613
f 1962/1962 2132/2132 5284/5284
f 1438/1438 1962/1962 5284/5284
f 1438/1438 1659/1659 1962/1962
f 7831/7831 1659/1659 1438/1438
f 7831/7831 1438/1438 1814/1814
f 7736/7736 7966/7966 1148/1148
f 5469/5469 6176/6176 281/281
f 5469/5469 281/281 7471/7471
f 5469/5469 7471/7471 4661/4661
f 5469/5469 4661/4661 2659/2659
f 4661/4661 1091/1091 2659/2659
f 2659/2659 1091/1091 4320/4320
f 4211/4211 4661/4661 7471/7471
f 1091/1091 1583/1583 4320/4320
f 7777/7777 1091/1091 4211/4211
f 4211/4211 1091/1091 4661/4661
f 1091/1091 7777/7777 1583/1583
f 2230/2230 3412/3412 4349/4349
f 5891/5891 4259/4259 3294/3294
f 4259/4259 4349/4349 3294/3294
f 4349/4349 3412/3412 3294/3294
f 3412/3412 1913/1913 3294/3294
f 1913/1913 5891/5891 3294/3294
f 6159/6159 5527/5527 5494/5494
f 5022/5022 7297/7297 785/785
f 2860/2860 5022/5022 785/785
f 890/890 1313/1313 1235/1235
f 5494/5494 5527/5527 6707/6707
f 1235/1235 7290/7290 890/890
f 1324/1324 2781/2781 847/847
f 3192/3192 322/322 38/38
f 322/322 4066/4066 38/38
f 4066/4066 3695/3695 38/38
f 3695/3695 3192/3192 38/38
f 1915/1915 4066/4066 7956/7956
f 4066/4066 322/322 7956/7956
f 3695/3695 7512/7512 3192/3192
f 3516/3516 2238/2238 785/785
f 2673/2673 6446/6446 3015/3015
f 7545/7545 7529/7529 5974/5974
f 7529/7529 2639/2639 5974/5974
f 23/23 4251/4251 7545/7545
f 4673/4673 7545/7545 6058/6058
f 574/574 6058/6058 4834/4834
f 574/574 4673/4673 6058/6058
f 574/574 6806/6806 4673/4673
f 4251/4251 4211/4211 7471/7471
f 2529/2529 4211/4211 4251/4251
f 4211/4211 2529/2529 7777/7777
f 7777/7777 2529/2529 5629/5629
f 23/23 2529/2529 4251/4251
f 5629/5629 2529/2529 2793/2793
f 2529/2529 6086/6086 2793/2793
f 3862/3862 4673/4673 6806/6806
f 6806/6806 5332/5332 3862/3862
f 6099/6099 3862/3862 5332/5332
f 3862/3862 6099/6099 2793/2793
f 6861/6861 1129/1129 5370/5370
f 5757/5757 6861/6861 5370/5370
f 1324/1324 5562/5562 5757/5757
f 1129/1129 6861/6861 1774/1774
f 1774/1774 5500/5500 1129/1129
f 5500/5500 3573/3573 1129/1129
f 1838/1838 1774/1774 6861/6861
f 3573/3573 574/574 4834/4834
f 3573/3573 7323/7323 574/574
f 7583/7583 574/574 7323/7323
f 6806/6806 574/574 7583/7583
f 5332/5332 6806/6806 7583/7583
f 6228/6228 1653/1653 5477/5477
f 1879/1879 5907/5907 117/117
f 4053/4053 1879/1879 494/494
f 3820/3820 3454/3454 5909/5909
f 3755/3755 3820/3820 5909/5909
f 373/373 7105/7105 7977/7977
f 7105/7105 7256/7256 7977/7977
f 373/373 5846/5846 7105/7105
f 1709/1709 5074/5074 3584/3584
f 2107/2107 5074/5074 1709/1709
f 7977/7977 3615/3615 2107/2107
f 7977/7977 2107/2107 1709/1709
f 1820/1820 855/855 7866/7866
f 445/445 860/860 3721/3721
f 2924/2924 707/707 3709/3709
f 7650/7650 2734/2734 5907/5907
f 7650/7650 4/4 2734/2734
f 707/707 2924/2924 5264/5264
f 4464/4464 1581/1581 6900/6900
f 4053/4053 5907/5907 1879/1879
f 2546/2546 5979/5979 1482/1482
f 1173/1173 7931/7931 3098/3098
f 2397/2397 7931/7931 1173/1173
f 7872/7872 4101/4101 2690/2690
f 4101/4101 276/276 2690/2690
f 2112/2112 4101/4101 7872/7872
f 2112/2112 7872/7872 3679/3679
f 2112/2112 3679/3679 4607/4607
f 1251/1251 1240/1240 4771/4771
f 7424/7424 980/980 5965/5965
f 7755/7755 5660/5660 5797/5797
f 5660/5660 4007/4007 5797/5797
f 5797/5797 4007/4007 2114/2114
f 7880/7880 3712/3712 7106/7106
f 3712/3712 958/958 2253/2253
f 3712/3712 2253/2253 7106/7106
f 5266/5266 7603/7603 6570/6570
f 7603/7603 2674/2674 1023/1023
f 6570/6570 7603/7603 6728/6728
f 7603/7603 1023/1023 6728/6728
f 5409/5409 5835/5835 3108/3108
f 5835/5835 4620/4620 5919/5919
f 5549/5549 5919/5919 4620/4620
f 3108/3108 5835/5835 5919/5919
f 3673/3673 7715/7715 5669/5669
f 7106/7106 812/812 2526/2526
f 1291/1291 1148/1148 2526/2526
f 2526/2526 812/812 1291/1291
f 6157/6157 7788/7788 1287/1287
f 4186/4186 5155/5155 7891/7891
f 5622/5622 7891/7891 5300/5300
f 7891/7891 4000/4000 5300/5300
f 5155/5155 4000/4000 7891/7891
f 6157/6157 3727/3727 7788/7788
f 2159/2159 601/601 2815/2815
f 4208/4208 3494/3494 74/74
f 3494/3494 4208/4208 1321/1321
f 394/394 2815/2815 6161/6161
f 5883/5883 3631/3631 930/930
f 3631/3631 5883/5883 5604/5604
f 6255/6255 3139/3139 6004/6004
f 6255/6255 7740/7740 3139/3139
f 6260/6260 3139/3139 7740/7740
f 300/300 6255/6255 6004/6004
f 187/187 7740/7740 6255/6255
f 486/486 7740/7740 187/187
f 120/120 5908/5908 5510/5510
f 2756/2756 930/930 4195/4195
f 763/763 4564/4564 486/486
f 763/763 486/486 187/187
f 1968/1968 1597/1597 4770/4770
f 4770/4770 1597/1597 763/763
f 4760/4760 7956/7956 7296/7296
f 5904/5904 4760/4760 7296/7296
f 7213/7213 7549/7549 5508/5508
f 1224/1224 7549/7549 525/525
f 7549/7549 7213/7213 525/525
f 2203/2203 2296/2296 525/525
f 2296/2296 1169/1169 4511/4511
f 2449/2449 1169/1169 95/95
f 2449/2449 95/95 6658/6658
f 4308/4308 6658/6658 2037/2037
f 4308/4308 2037/2037 1258/1258
f 6381/6381 2449/2449 6658/6658
f 6381/6381 952/952 2449/2449
f 2449/2449 1099/1099 7186/7186
f 2449/2449 952/952 1099/1099
f 4308/4308 6381/6381 6658/6658
f 6567/6567 4308/4308 1258/1258
f 6567/6567 1258/1258 4595/4595
f 6567/6567 6381/6381 4308/4308
f 7968/7968 6567/6567 2422/2422
f 2589/2589 6567/6567 4595/4595
f 2589/2589 2422/2422 6567/6567
f 2589/2589 101/101 2422/2422
f 4598/4598 7968/7968 101/101
f 7968/7968 2422/2422 101/101
f 5942/5942 2589/2589 3915/3915
f 3915/3915 2589/2589 4595/4595
f 101/101 2589/2589 4989/4989
f 2589/2589 5942/5942 4989/4989
f 460/460 7866/7866 855/855
f 460/460 2405/2405 7866/7866
f 2405/2405 460/460 5493/5493
f 5386/5386 6855/6855 1342/1342
f 952/952 2572/2572 7742/7742
f 7797/7797 5845/5845 6538/6538
f 2174/2174 2864/2864 4350/4350
f 7797/7797 2174/2174 5845/5845
f 7797/7797 2864/2864 2174/2174
f 7689/7689 2501/2501 5814/5814
f 2501/2501 5845/5845 3668/3668
f 3020/3020 6491/6491 3730/3730
f 6491/6491 2571/2571 3730/3730
f 3974/3974 5792/5792 2723/2723
f 6095/6095 2723/2723 5792/5792
f 6748/6748 6095/6095 5792/5792
f 7968/7968 4598/4598 1990/1990
f 7980/7980 1990/1990 4598/4598
f 4989/4989 4598/4598 101/101
f 3907/3907 7980/7980 4598/4598
f 4989/4989 6982/6982 4598/4598
f 6982/6982 3907/3907 4598/4598
f 1599/1599 6982/6982 4989/4989
f 2062/2062 3907/3907 6982/6982
f 2062/2062 3908/3908 3907/3907
f 3907/3907 3908/3908 7980/7980
f 3908/3908 2062/2062 7927/7927
f 1125/1125 2062/2062 6982/6982
f 7927/7927 2062/2062 1609/1609
f 5432/5432 3145/3145 3974/3974
f 1990/1990 7980/7980 3145/3145
f 3974/3974 3145/3145 4315/4315
f 3145/3145 7980/7980 4315/4315
f 6305/6305 3974/3974 4315/4315
f 7980/7980 3908/3908 4315/4315
f 4346/4346 4315/4315 3908/3908
f 7927/7927 4346/4346 3908/3908
f 6305/6305 4315/4315 1920/1920
f 6305/6305 589/589 3974/3974
f 6311/6311 6305/6305 1920/1920
f 6311/6311 589/589 6305/6305
f 3020/3020 5399/5399 1956/1956
f 2305/2305 1956/1956 5399/5399
f 2305/2305 5399/5399 3974/3974
f 589/589 2305/2305 3974/3974
f 1956/1956 6491/6491 3020/3020
f 4667/4667 6491/6491 1956/1956
f 584/584 4667/4667 1956/1956
f 584/584 1956/1956 2305/2305
f 2980/2980 2305/2305 589/589
f 2980/2980 584/584 2305/2305
f 6311/6311 2980/2980 589/589
f 1/1 584/584 2980/2980
f 3064/3064 1/1 2980/2980
f 4315/4315 4346/4346 1920/1920
f 1920/1920 4346/4346 7673/7673
f 7673/7673 6311/6311 1920/1920
f 2980/2980 1602/1602 3064/3064
f 1602/1602 2980/2980 6311/6311
f 6664/6664 7046/7046 2902/2902
f 2902/2902 5450/5450 5789/5789
f 8030/8030 1321/1321 4208/4208
f 8030/8030 6654/6654 1321/1321
f 4195/4195 1321/1321 6654/6654
f 120/120 7923/7923 7161/7161
f 5151/5151 3260/3260 5666/5666
f 2862/2862 237/237 536/536
f 594/594 2903/2903 3355/3355
f 7198/7198 6090/6090 4892/4892
f 5878/5878 1232/1232 983/983
f 6090/6090 7198/7198 1232/1232
f 6090/6090 1232/1232 7780/7780
f 983/983 1232/1232 7198/7198
f 7607/7607 4991/4991 4921/4921
f 7607/7607 4921/4921 2862/2862
f 7382/7382 7607/7607 2595/2595
f 7607/7607 2862/2862 2595/2595
f 1687/1687 510/510 4991/4991
f 7607/7607 1687/1687 4991/4991
f 594/594 2862/2862 4921/4921
f 983/983 7198/7198 3594/3594
f 1110/1110 7203/7203 991/991
f 5807/5807 1407/1407 6392/6392
f 6726/6726 2118/2118 2284/2284
f 2284/2284 4777/4777 6726/6726
f 3300/3300 54/54 6726/6726
f 7203/7203 6392/6392 1407/1407
f 1110/1110 6392/6392 7203/7203
f 2976/2976 1018/1018 306/306
f 2976/2976 7590/7590 1018/1018
f 1968/1968 1564/1564 6527/6527
f 1480/1480 1965/1965 1564/1564
f 6683/6683 2440/2440 4826/4826
f 1480/1480 1564/1564 4966/4966
f 1564/1564 1968/1968 4966/4966
f 4966/4966 215/215 1480/1480
f 1480/1480 1972/1972 1965/1965
f 215/215 1972/1972 1480/1480
f 5962/5962 1972/1972 215/215
f 5448/5448 1972/1972 3770/3770
f 5962/5962 3770/3770 1972/1972
f 3770/3770 536/536 5448/5448
f 536/536 3770/3770 2876/2876
f 3770/3770 7005/7005 2876/2876
f 5962/5962 7005/7005 3770/3770
f 970/970 6683/6683 4243/4243
f 3742/3742 3425/3425 1537/1537
f 1230/1230 4536/4536 4867/4867
f 2254/2254 690/690 4883/4883
f 2254/2254 1383/1383 690/690
f 690/690 1383/1383 425/425
f 690/690 425/425 55/55
f 4867/4867 4883/4883 1230/1230
f 1230/1230 4883/4883 690/690
f 1230/1230 784/784 4536/4536
f 784/784 1230/1230 690/690
f 7334/7334 690/690 55/55
f 7334/7334 55/55 2617/2617
f 784/784 690/690 2402/2402
f 2402/2402 690/690 7334/7334
f 2402/2402 7334/7334 1987/1987
f 3742/3742 2278/2278 7065/7065
f 3742/3742 4867/4867 4436/4436
f 5927/5927 3742/3742 4436/4436
f 4436/4436 4867/4867 4536/4536
f 2278/2278 3742/3742 5927/5927
f 1404/1404 3009/3009 2278/2278
f 3009/3009 1404/1404 4471/4471
f 4471/4471 1404/1404 4710/4710
f 4710/4710 1404/1404 4314/4314
f 1404/1404 2278/2278 5927/5927
f 1404/1404 5927/5927 6898/6898
f 5927/5927 4436/4436 6797/6797
f 6898/6898 5927/5927 6797/6797
f 6898/6898 4314/4314 1404/1404
f 4314/4314 6898/6898 3758/3758
f 3758/3758 7035/7035 4314/4314
f 6898/6898 6797/6797 6805/6805
f 7035/7035 3758/3758 972/972
f 6898/6898 6805/6805 3758/3758
f 3758/3758 6805/6805 7158/7158
f 4536/4536 784/784 4436/4436
f 4436/4436 784/784 1112/1112
f 1112/1112 784/784 2402/2402
f 5806/5806 4436/4436 1112/1112
f 2402/2402 5806/5806 1112/1112
f 6782/6782 5806/5806 2402/2402
f 6797/6797 4436/4436 5806/5806
f 6805/6805 5806/5806 6782/6782
f 7334/7334 3332/3332 1987/1987
f 2402/2402 1987/1987 6222/6222
f 6222/6222 6782/6782 2402/2402
f 1328/1328 6726/6726 54/54
f 1632/1632 6710/6710 1328/1328
f 3332/3332 7334/7334 2617/2617
f 2617/2617 6710/6710 1632/1632
f 3850/3850 2617/2617 1632/1632
f 3850/3850 1632/1632 2096/2096
f 1328/1328 54/54 698/698
f 698/698 1632/1632 1328/1328
f 6243/6243 1018/1018 4748/4748
f 1018/1018 7590/7590 4748/4748
f 4748/4748 698/698 6243/6243
f 698/698 4748/4748 2479/2479
f 4374/4374 4748/4748 7590/7590
f 2096/2096 1632/1632 698/698
f 2479/2479 2096/2096 698/698
f 2479/2479 4748/4748 4374/4374
f 5076/5076 2479/2479 4374/4374
f 2096/2096 2479/2479 5139/5139
f 959/959 2096/2096 5139/5139
f 5139/5139 2479/2479 5076/5076
f 959/959 5139/5139 4900/4900
f 5139/5139 866/866 4900/4900
f 1622/1622 3332/3332 2617/2617
f 1553/1553 1987/1987 3332/3332
f 1553/1553 3332/3332 1622/1622
f 6782/6782 6222/6222 3002/3002
f 6222/6222 277/277 3002/3002
f 6222/6222 1987/1987 1553/1553
f 6222/6222 1553/1553 277/277
f 4419/4419 277/277 1553/1553
f 277/277 4419/4419 1040/1040
f 1622/1622 2617/2617 3850/3850
f 1622/1622 3850/3850 2708/2708
f 1553/1553 1622/1622 3352/3352
f 3352/3352 1622/1622 2708/2708
f 3352/3352 2708/2708 5204/5204
f 1553/1553 3352/3352 4419/4419
f 4419/4419 3352/3352 5204/5204
f 5204/5204 1848/1848 4419/4419
f 2708/2708 3850/3850 2096/2096
f 2708/2708 2096/2096 959/959
f 7888/7888 5204/5204 5847/5847
f 7070/7070 2708/2708 959/959
f 7070/7070 5847/5847 2708/2708
f 4900/4900 7070/7070 959/959
f 7070/7070 4900/4900 836/836
f 3641/3641 836/836 4900/4900
f 2120/2120 3202/3202 4471/4471
f 4710/4710 2120/2120 4471/4471
f 2120/2120 4710/4710 6244/6244
f 2697/2697 4080/4080 5598/5598
f 5152/5152 7435/7435 2567/2567
f 7435/7435 5152/5152 7805/7805
f 7805/7805 744/744 1599/1599
f 6982/6982 1599/1599 744/744
f 2922/2922 6982/6982 744/744
f 1125/1125 6982/6982 2922/2922
f 1055/1055 7152/7152 5403/5403
f 7308/7308 7152/7152 1055/1055
f 869/869 2373/2373 6749/6749
f 869/869 6673/6673 5322/5322
f 6749/6749 6673/6673 869/869
f 869/869 5322/5322 6490/6490
f 6490/6490 6448/6448 869/869
f 3978/3978 869/869 6448/6448
f 869/869 3978/3978 2373/2373
f 6178/6178 5650/5650 1098/1098
f 3655/3655 6178/6178 2191/2191
f 1016/1016 5650/5650 6178/6178
f 6245/6245 5650/5650 1016/1016
f 1016/1016 6178/6178 3655/3655
f 2800/2800 2373/2373 3978/3978
f 3655/3655 2191/2191 2289/2289
f 4401/4401 3655/3655 2289/2289
f 2027/2027 7444/7444 2308/2308
f 3655/3655 6513/6513 1016/1016
f 1706/1706 5363/5363 2709/2709
f 6513/6513 134/134 336/336
f 6945/6945 4401/4401 503/503
f 6945/6945 134/134 4401/4401
f 6513/6513 3655/3655 134/134
f 134/134 3655/3655 4401/4401
f 2027/2027 2640/2640 7444/7444
f 4108/4108 5560/5560 3125/3125
f 5559/5559 4107/4107 2640/2640
f 6945/6945 5406/5406 134/134
f 1706/1706 4225/4225 5363/5363
f 4225/4225 1706/1706 335/335
f 6513/6513 336/336 1707/1707
f 336/336 134/134 5406/5406
f 5405/5405 2315/2315 335/335
f 4225/4225 335/335 2315/2315
f 2315/2315 662/662 4225/4225
f 5405/5405 1643/1643 2315/2315
f 6328/6328 1643/1643 4108/4108
f 1643/1643 5405/5405 4108/4108
f 5406/5406 6945/6945 4107/4107
f 6328/6328 4108/4108 3125/3125
f 3287/3287 2315/2315 1643/1643
f 7621/7621 6448/6448 5687/5687
f 5687/5687 7706/7706 410/410
f 410/410 7638/7638 5687/5687
f 7621/7621 5687/5687 7638/7638
f 6448/6448 7621/7621 3978/3978
f 2800/2800 3978/3978 1641/1641
f 1641/1641 3978/3978 7621/7621
f 1641/1641 7621/7621 5932/5932
f 5932/5932 7621/7621 7638/7638
f 370/370 410/410 4197/4197
f 370/370 7638/7638 410/410
f 4197/4197 6641/6641 3646/3646
f 4117/4117 370/370 4197/4197
f 3646/3646 4117/4117 4197/4197
f 370/370 4117/4117 175/175
f 370/370 4497/4497 7638/7638
f 4497/4497 5932/5932 7638/7638
f 968/968 5932/5932 4497/4497
f 4497/4497 370/370 175/175
f 2800/2800 1641/1641 7862/7862
f 5932/5932 968/968 1641/1641
f 6735/6735 7862/7862 1641/1641
f 1068/1068 6735/6735 968/968
f 6735/6735 1641/1641 968/968
f 4604/4604 1945/1945 968/968
f 1068/1068 968/968 1945/1945
f 1945/1945 4604/4604 6208/6208
f 6208/6208 4604/4604 2814/2814
f 6208/6208 2814/2814 7284/7284
f 7284/7284 2814/2814 868/868
f 2814/2814 1147/1147 868/868
f 4283/4283 3746/3746 1367/1367
f 3646/3646 4283/4283 4117/4117
f 3646/3646 5451/5451 4283/4283
f 3646/3646 7997/7997 354/354
f 5451/5451 3646/3646 354/354
f 1816/1816 5451/5451 354/354
f 5141/5141 4117/4117 6039/6039
f 4283/4283 6039/6039 4117/4117
f 4283/4283 5451/5451 3746/3746
f 3746/3746 5451/5451 1816/1816
f 1367/1367 6039/6039 4283/4283
f 7704/7704 3746/3746 1816/1816
f 7790/7790 5141/5141 6039/6039
f 1367/1367 7790/7790 6039/6039
f 76/76 7790/7790 1367/1367
f 7283/7283 7789/7789 7957/7957
f 7957/7957 7789/7789 4214/4214
f 2026/2026 7957/7957 4214/4214
f 7790/7790 868/868 5141/5141
f 1147/1147 5141/5141 868/868
f 7790/7790 7284/7284 868/868
f 5777/5777 4214/4214 77/77
f 4214/4214 5777/5777 650/650
f 1711/1711 5777/5777 3973/3973
f 4214/4214 7789/7789 77/77
f 3746/3746 76/76 1367/1367
f 3746/3746 5105/5105 76/76
f 5105/5105 3746/3746 5173/5173
f 5105/5105 5173/5173 5953/5953
f 3225/3225 6629/6629 4792/4792
f 6629/6629 6061/6061 4792/4792
f 8041/8041 3225/3225 4792/4792
f 3973/3973 5777/5777 7490/7490
f 3225/3225 3973/3973 7490/7490
f 1711/1711 3973/3973 5537/5537
f 5537/5537 3973/3973 8041/8041
f 2041/2041 8041/8041 2495/2495
f 8041/8041 3973/3973 3225/3225
f 7490/7490 77/77 5106/5106
f 7490/7490 5106/5106 6629/6629
f 7490/7490 5777/5777 77/77
f 6629/6629 5106/5106 5952/5952
f 6629/6629 5952/5952 6061/6061
f 3225/3225 7490/7490 6629/6629
f 8041/8041 7484/7484 2495/2495
f 8041/8041 4792/4792 7484/7484
f 5952/5952 4792/4792 6061/6061
f 7704/7704 5173/5173 3746/3746
f 3546/3546 387/387 2331/2331
f 3546/3546 2331/2331 2027/2027
f 7008/7008 2330/2330 386/386
f 2640/2640 2027/2027 5559/5559
f 2027/2027 2331/2331 5559/5559
f 5560/5560 2330/2330 3498/3498
f 3498/3498 2330/2330 1566/1566
f 3125/3125 5560/5560 3498/3498
f 2330/2330 7008/7008 1566/1566
f 1566/1566 7008/7008 4368/4368
f 4368/4368 7008/7008 7580/7580
f 386/386 7580/7580 7008/7008
f 4368/4368 7580/7580 4397/4397
f 6756/6756 4368/4368 4397/4397
f 7481/7481 6756/6756 4397/4397
f 7481/7481 4397/4397 5176/5176
f 6466/6466 2306/2306 5756/5756
f 6041/6041 5176/5176 2306/2306
f 7481/7481 5176/5176 6041/6041
f 2306/2306 6466/6466 6041/6041
f 6466/6466 4773/4773 6041/6041
f 6041/6041 52/52 7481/7481
f 4773/4773 6466/6466 2015/2015
f 6466/6466 1916/1916 2015/2015
f 3988/3988 4773/4773 2015/2015
f 2015/2015 2833/2833 3988/3988
f 1916/1916 6466/6466 2026/2026
f 2015/2015 1916/1916 3979/3979
f 5980/5980 1916/1916 650/650
f 2026/2026 4214/4214 650/650
f 650/650 5777/5777 1711/1711
f 5980/5980 1711/1711 5537/5537
f 1227/1227 1916/1916 5980/5980
f 1227/1227 5980/5980 7853/7853
f 7853/7853 5980/5980 5537/5537
f 7601/7601 5537/5537 8041/8041
f 2041/2041 7601/7601 8041/8041
f 473/473 2386/2386 5851/5851
f 8057/8057 1743/1743 3401/3401
f 3401/3401 1652/1652 8057/8057
f 4267/4267 3401/3401 1743/1743
f 4267/4267 1652/1652 3401/3401
f 6353/6353 1652/1652 4267/4267
f 6353/6353 6135/6135 1652/1652
f 2386/2386 6353/6353 4267/4267
f 2386/2386 369/369 6353/6353
f 6047/6047 4267/4267 1743/1743
f 2386/2386 4267/4267 6047/6047
f 6047/6047 5851/5851 2386/2386
f 473/473 369/369 2386/2386
f 5851/5851 7275/7275 473/473
f 7275/7275 2532/2532 473/473
f 164/164 2532/2532 7275/7275
f 164/164 5331/5331 2532/2532
f 446/446 6667/6667 967/967
f 6135/6135 6667/6667 446/446
f 1652/1652 6135/6135 446/446
f 369/369 6135/6135 6353/6353
f 6667/6667 6135/6135 369/369
f 6667/6667 369/369 995/995
f 5732/5732 7052/7052 6667/6667
f 5732/5732 6667/6667 3264/3264
f 6667/6667 995/995 3264/3264
f 3264/3264 995/995 2384/2384
f 3264/3264 3638/3638 5732/5732
f 2384/2384 798/798 7799/7799
f 1540/1540 6954/6954 4938/4938
f 2384/2384 3638/3638 3264/3264
f 2384/2384 1462/1462 3638/3638
f 451/451 1462/1462 2384/2384
f 451/451 2384/2384 7799/7799
f 1462/1462 5786/5786 4938/4938
f 5786/5786 1462/1462 451/451
f 5331/5331 164/164 1960/1960
f 3759/3759 451/451 7799/7799
f 5786/5786 451/451 3759/3759
f 7573/7573 6174/6174 1229/1229
f 3684/3684 1540/1540 2085/2085
f 4757/4757 2085/2085 1540/1540
f 4757/4757 6267/6267 2085/2085
f 2969/2969 369/369 473/473
f 2969/2969 473/473 2532/2532
f 5331/5331 2969/2969 2532/2532
f 5021/5021 995/995 369/369
f 798/798 2384/2384 995/995
f 5021/5021 798/798 995/995
f 2969/2969 5021/5021 369/369
f 7873/7873 5021/5021 2969/2969
f 6582/6582 7873/7873 2969/2969
f 5021/5021 7873/7873 798/798
f 7799/7799 798/798 7873/7873
f 5331/5331 6582/6582 2969/2969
f 6581/6581 7873/7873 6582/6582
f 3798/3798 7873/7873 6581/6581
f 1960/1960 6581/6581 6582/6582
f 5331/5331 1960/1960 6582/6582
f 3798/3798 5217/5217 7873/7873
f 5217/5217 7799/7799 7873/7873
f 5540/5540 1452/1452 5822/5822
f 5822/5822 1452/1452 6762/6762
f 7305/7305 232/232 4048/4048
f 6762/6762 6702/6702 232/232
f 4048/4048 1823/1823 4516/4516
f 4017/4017 1823/1823 4048/4048
f 4048/4048 6702/6702 1515/1515
f 4017/4017 4048/4048 1515/1515
f 4048/4048 232/232 6702/6702
f 232/232 5822/5822 6762/6762
f 1515/1515 6702/6702 3913/3913
f 3913/3913 6702/6702 4321/4321
f 61/61 3886/3886 5822/5822
f 5822/5822 3886/3886 6682/6682
f 7562/7562 3307/3307 4845/4845
f 6595/6595 7077/7077 4528/4528
f 2616/2616 4528/4528 7077/7077
f 4528/4528 2616/2616 5403/5403
f 5955/5955 4528/4528 3893/3893
f 3893/3893 4528/4528 7152/7152
f 7152/7152 4528/4528 5403/5403
f 2616/2616 1725/1725 5403/5403
f 1055/1055 5403/5403 7335/7335
f 3415/3415 7335/7335 6137/6137
f 5445/5445 7335/7335 3415/3415
f 7335/7335 5445/5445 1055/1055
f 3893/3893 7152/7152 7308/7308
f 4220/4220 3893/3893 7308/7308
f 2791/2791 7308/7308 1055/1055
f 5639/5639 7675/7675 7816/7816
f 2281/2281 5639/5639 915/915
f 2281/2281 915/915 4464/4464
f 7308/7308 25/25 4220/4220
f 2460/2460 25/25 7308/7308
f 4464/4464 915/915 1581/1581
f 6137/6137 2675/2675 6432/6432
f 5361/5361 6137/6137 6432/6432
f 5361/5361 6432/6432 6027/6027
f 1521/1521 3415/3415 6137/6137
f 5445/5445 3415/3415 1521/1521
f 6673/6673 6749/6749 6027/6027
f 6137/6137 5361/5361 7733/7733
f 6027/6027 7733/7733 5361/5361
f 6749/6749 7733/7733 6027/6027
f 5445/5445 2791/2791 1055/1055
f 1521/1521 6137/6137 5631/5631
f 5445/5445 1521/1521 1098/1098
f 5631/5631 6137/6137 7733/7733
f 160/160 7733/7733 1952/1952
f 6388/6388 160/160 1952/1952
f 2444/2444 5631/5631 160/160
f 2444/2444 160/160 28/28
f 1952/1952 7733/7733 6749/6749
f 6749/6749 6388/6388 1952/1952
f 6388/6388 6749/6749 2373/2373
f 28/28 160/160 6388/6388
f 28/28 6388/6388 4723/4723
f 4723/4723 6388/6388 2373/2373
f 2460/2460 7308/7308 2791/2791
f 1005/1005 2460/2460 2791/2791
f 1098/1098 2791/2791 5445/5445
f 1005/1005 2791/2791 1098/1098
f 7059/7059 1521/1521 5631/5631
f 5631/5631 2444/2444 7059/7059
f 1098/1098 1521/1521 7059/7059
f 2191/2191 7059/7059 2444/2444
f 1098/1098 7059/7059 6178/6178
f 2191/2191 2444/2444 4523/4523
f 6178/6178 7059/7059 2191/2191
f 493/493 25/25 2460/2460
f 3238/3238 493/493 2460/2460
f 3238/3238 2460/2460 1005/1005
f 1215/1215 3238/3238 1005/1005
f 5650/5650 6245/6245 1005/1005
f 1098/1098 5650/5650 1005/1005
f 4523/4523 2444/2444 28/28
f 4723/4723 4278/4278 28/28
f 4723/4723 6896/6896 4278/4278
f 4723/4723 2373/2373 2800/2800
f 2800/2800 7862/7862 4723/4723
f 2191/2191 4523/4523 2289/2289
f 4278/4278 833/833 28/28
f 28/28 833/833 3235/3235
f 2289/2289 4523/4523 3235/3235
f 2289/2289 3235/3235 4401/4401
f 4401/4401 3235/3235 503/503
f 3235/3235 833/833 503/503
f 833/833 4278/4278 6896/6896
f 6896/6896 957/957 833/833
f 4723/4723 2180/2180 6896/6896
f 7862/7862 2180/2180 4723/4723
f 7444/7444 6896/6896 2180/2180
f 833/833 957/957 503/503
f 957/957 6896/6896 7444/7444
f 2308/2308 7444/7444 2180/2180
f 3419/3419 7675/7675 5639/5639
f 3419/3419 5639/5639 2281/2281
f 3419/3419 2281/2281 4464/4464
f 1288/1288 1951/1951 4464/4464
f 7418/7418 4464/4464 6900/6900
f 5808/5808 4464/4464 7418/7418
f 1779/1779 5808/5808 7418/7418
f 5275/5275 1779/1779 7418/7418
f 1288/1288 5808/5808 1779/1779
f 4200/4200 1951/1951 1288/1288
f 4200/4200 1779/1779 5275/5275
f 3057/3057 4200/4200 5275/5275
f 1951/1951 1576/1576 3419/3419
f 4160/4160 1576/1576 1951/1951
f 124/124 4160/4160 3373/3373
f 1576/1576 4160/4160 124/124
f 1576/1576 124/124 2812/2812
f 6835/6835 124/124 3373/3373
f 4335/4335 1951/1951 4200/4200
f 3057/3057 7622/7622 5710/5710
f 7622/7622 3057/3057 6489/6489
f 5710/5710 4200/4200 3057/3057
f 4335/4335 4200/4200 5710/5710
f 4160/4160 1951/1951 4335/4335
f 5710/5710 948/948 4335/4335
f 4160/4160 4335/4335 948/948
f 3373/3373 4160/4160 948/948
f 5710/5710 3707/3707 948/948
f 1128/1128 3707/3707 6489/6489
f 8025/8025 3707/3707 1128/1128
f 3707/3707 5588/5588 948/948
f 8025/8025 5588/5588 3707/3707
f 3373/3373 948/948 5588/5588
f 5588/5588 8025/8025 5572/5572
f 5572/5572 3373/3373 5588/5588
f 8025/8025 1128/1128 5572/5572
f 6835/6835 3373/3373 5572/5572
f 1215/1215 1005/1005 6245/6245
f 2709/2709 3959/3959 1214/1214
f 2710/2710 1215/1215 6245/6245
f 1016/1016 1707/1707 6245/6245
f 1707/1707 2710/2710 6245/6245
f 1707/1707 1016/1016 6513/6513
f 6945/6945 503/503 957/957
f 957/957 7444/7444 2640/2640
f 6945/6945 957/957 2640/2640
f 4107/4107 6945/6945 2640/2640
f 6735/6735 1068/1068 2308/2308
f 2308/2308 3546/3546 2027/2027
f 3546/3546 2308/2308 1068/1068
f 6735/6735 2308/2308 2180/2180
f 6735/6735 2180/2180 7862/7862
f 2814/2814 4604/4604 968/968
f 2814/2814 7081/7081 1147/1147
f 1147/1147 7081/7081 5141/5141
f 6207/6207 2474/2474 1944/1944
f 7283/7283 5756/5756 6207/6207
f 4497/4497 2814/2814 968/968
f 7081/7081 4497/4497 175/175
f 5141/5141 7081/7081 4117/4117
f 6865/6865 1816/1816 354/354
f 5173/5173 7704/7704 7240/7240
f 638/638 3702/3702 775/775
f 775/775 7240/7240 638/638
f 1126/1126 3847/3847 4041/4041
f 3847/3847 1126/1126 1816/1816
f 3847/3847 1499/1499 1977/1977
f 1816/1816 6865/6865 1499/1499
f 1816/1816 1499/1499 3847/3847
f 4041/4041 3847/3847 1977/1977
f 5968/5968 4041/4041 1977/1977
f 4041/4041 5968/5968 4566/4566
f 638/638 4041/4041 6802/6802
f 1126/1126 4041/4041 638/638
f 638/638 1816/1816 1126/1126
f 638/638 7704/7704 1816/1816
f 638/638 6802/6802 3702/3702
f 7240/7240 7704/7704 638/638
f 5756/5756 7283/7283 7957/7957
f 5953/5953 5173/5173 7240/7240
f 5953/5953 7240/7240 775/775
f 7485/7485 5953/5953 775/775
f 7484/7484 4792/4792 5952/5952
f 1311/1311 2495/2495 7484/7484
f 387/387 3546/3546 1068/1068
f 387/387 1068/1068 1945/1945
f 7580/7580 386/386 1944/1944
f 7580/7580 1944/1944 4397/4397
f 4397/4397 1944/1944 2474/2474
f 2474/2474 5176/5176 4397/4397
f 2474/2474 6207/6207 5756/5756
f 2306/2306 5176/5176 2474/2474
f 5756/5756 2306/2306 2474/2474
f 6466/6466 7957/7957 2026/2026
f 5756/5756 7957/7957 6466/6466
f 650/650 1916/1916 2026/2026
f 650/650 1711/1711 5980/5980
f 1116/1116 694/694 5353/5353
f 1116/1116 5353/5353 3670/3670
f 1116/1116 3670/3670 5001/5001
f 5001/5001 3670/3670 7038/7038
f 5001/5001 287/287 1116/1116
f 4023/4023 694/694 7298/7298
f 1116/1116 7298/7298 694/694
f 1116/1116 6653/6653 7298/7298
f 6653/6653 1116/1116 287/287
f 694/694 4023/4023 1818/1818
f 4263/4263 7298/7298 3580/3580
f 3580/3580 7298/7298 6653/6653
f 1012/1012 6653/6653 287/287
f 287/287 5001/5001 7038/7038
f 7038/7038 3076/3076 1470/1470
f 1470/1470 3076/3076 2905/2905
f 287/287 7038/7038 1470/1470
f 1470/1470 1012/1012 287/287
f 1012/1012 1470/1470 2905/2905
f 7530/7530 124/124 1805/1805
f 124/124 6835/6835 1805/1805
f 4250/4250 2812/2812 6623/6623
f 343/343 2812/2812 7530/7530
f 343/343 7530/7530 4514/4514
f 6489/6489 7689/7689 1128/1128
f 1654/1654 5572/5572 1925/1925
f 1128/1128 7689/7689 1925/1925
f 1925/1925 5572/5572 1128/1128
f 5814/5814 7181/7181 7689/7689
f 2501/2501 4998/4998 5814/5814
f 1654/1654 1805/1805 6835/6835
f 5572/5572 1654/1654 6835/6835
f 4444/4444 7405/7405 1654/1654
f 7530/7530 1805/1805 1654/1654
f 7405/7405 7530/7530 1654/1654
f 4981/4981 7405/7405 4444/4444
f 4981/4981 4514/4514 7405/7405
f 7181/7181 4981/4981 4444/4444
f 3446/3446 4981/4981 7181/7181
f 3446/3446 4514/4514 4981/4981
f 4920/4920 7181/7181 5814/5814
f 4577/4577 5814/5814 4998/4998
f 4998/4998 7259/7259 4577/4577
f 4577/4577 4920/4920 5814/5814
f 7259/7259 4098/4098 4577/4577
f 2111/2111 4920/4920 4577/4577
f 4920/4920 1122/1122 7181/7181
f 7584/7584 4592/4592 2111/2111
f 2111/2111 4098/4098 7584/7584
f 7584/7584 4098/4098 4070/4070
f 7584/7584 4070/4070 772/772
f 6378/6378 3446/3446 7181/7181
f 3446/3446 6378/6378 7138/7138
f 4592/4592 7138/7138 6378/6378
f 7138/7138 4592/4592 3025/3025
f 6623/6623 4514/4514 7206/7206
f 3446/3446 7138/7138 7206/7206
f 6571/6571 6623/6623 7206/7206
f 6571/6571 669/669 6623/6623
f 7206/7206 7138/7138 6571/6571
f 4990/4990 669/669 6571/6571
f 6915/6915 4990/4990 6571/6571
f 6571/6571 7138/7138 3025/3025
f 4592/4592 7584/7584 3025/3025
f 772/772 3025/3025 7584/7584
f 3328/3328 5321/5321 4996/4996
f 2528/2528 4996/4996 5321/5321
f 5293/5293 3328/3328 4996/4996
f 5228/5228 2087/2087 4996/4996
f 5228/5228 1478/1478 2087/2087
f 4996/4996 712/712 5228/5228
f 5321/5321 669/669 2528/2528
f 712/712 4996/4996 2528/2528
f 4990/4990 712/712 2528/2528
f 669/669 4990/4990 2528/2528
f 6824/6824 6938/6938 4462/4462
f 4539/4539 6153/6153 5218/5218
f 3311/3311 6440/6440 5580/5580
f 6153/6153 5580/5580 6440/6440
f 5580/5580 6153/6153 4539/4539
f 2086/2086 2584/2584 4651/4651
f 6837/6837 4780/4780 4534/4534
f 6837/6837 4534/4534 5218/5218
f 6153/6153 6837/6837 5218/5218
f 4780/4780 5218/5218 4534/4534
f 5218/5218 4780/4780 4829/4829
f 2717/2717 5218/5218 4829/4829
f 2882/2882 4829/4829 5652/5652
f 5820/5820 1986/1986 5505/5505
f 1809/1809 2570/2570 4036/4036
f 5580/5580 4539/4539 1809/1809
f 1567/1567 58/58 5580/5580
f 5580/5580 1809/1809 4036/4036
f 5125/5125 58/58 3559/3559
f 4808/4808 3314/3314 7268/7268
f 5125/5125 4808/4808 7268/7268
f 5125/5125 7268/7268 58/58
f 3559/3559 58/58 1567/1567
f 5125/5125 3559/3559 1615/1615
f 1615/1615 3559/3559 7543/7543
f 6682/6682 1615/1615 7543/7543
f 7543/7543 3559/3559 1567/1567
f 3343/3343 7543/7543 1567/1567
f 3622/3622 3343/3343 5580/5580
f 3343/3343 3622/3622 2762/2762
f 3622/3622 4036/4036 870/870
f 7865/7865 870/870 1986/1986
f 7865/7865 3622/3622 870/870
f 4036/4036 3622/3622 5580/5580
f 2762/2762 7865/7865 3606/3606
f 3606/3606 3970/3970 2762/2762
f 3343/3343 2762/2762 7543/7543
f 3622/3622 7865/7865 2762/2762
f 3970/3970 7543/7543 2762/2762
f 5580/5580 3343/3343 1567/1567
f 2531/2531 2086/2086 4651/4651
f 1176/1176 2531/2531 4651/4651
f 7525/7525 2458/2458 4318/4318
f 2656/2656 2458/2458 7525/7525
f 1176/1176 2458/2458 2656/2656
f 1176/1176 4651/4651 2458/2458
f 4091/4091 2656/2656 5596/5596
f 4079/4079 5596/5596 7525/7525
f 2920/2920 4091/4091 5596/5596
f 5596/5596 4079/4079 2942/2942
f 1176/1176 5505/5505 1986/1986
f 1176/1176 1986/1986 870/870
f 4091/4091 1176/1176 2656/2656
f 1176/1176 4091/4091 5505/5505
f 5820/5820 4091/4091 2920/2920
f 5820/5820 5505/5505 4091/4091
f 7525/7525 5596/5596 2656/2656
f 2570/2570 1809/1809 4539/4539
f 870/870 2570/2570 2531/2531
f 2531/2531 2570/2570 2086/2086
f 4036/4036 2570/2570 870/870
f 2531/2531 1176/1176 870/870
f 2394/2394 4462/4462 1194/1194
f 6561/6561 1194/1194 4462/4462
f 6837/6837 6153/6153 2207/2207
f 5191/5191 6561/6561 6440/6440
f 6440/6440 6561/6561 2207/2207
f 7149/7149 1587/1587 5191/5191
f 7149/7149 6440/6440 3311/3311
f 5191/5191 6440/6440 7149/7149
f 5191/5191 1194/1194 6561/6561
f 2207/2207 6153/6153 6440/6440
f 4073/4073 3314/3314 7149/7149
f 4073/4073 7149/7149 3311/3311
f 3314/3314 1587/1587 7149/7149
f 4073/4073 3311/3311 58/58
f 3311/3311 5580/5580 58/58
f 3314/3314 4073/4073 7268/7268
f 7268/7268 4073/4073 58/58
f 1660/1660 6334/6334 1195/1195
f 1661/1661 1196/1196 4032/4032
f 775/775 3702/3702 6014/6014
f 6014/6014 3702/3702 6802/6802
f 1660/1660 2587/2587 6014/6014
f 7485/7485 775/775 6014/6014
f 7485/7485 6014/6014 2587/2587
f 4032/4032 5428/5428 1661/1661
f 1661/1661 5428/5428 2588/2588
f 170/170 2588/2588 5428/5428
f 6802/6802 4566/4566 6014/6014
f 4041/4041 4566/4566 6802/6802
f 6014/6014 4566/4566 1435/1435
f 6334/6334 7131/7131 1195/1195
f 4297/4297 660/660 5600/5600
f 4032/4032 1196/1196 4892/4892
f 7484/7484 2588/2588 170/170
f 1311/1311 7484/7484 170/170
f 3069/3069 7521/7521 4501/4501
f 3069/3069 4501/4501 2887/2887
f 2887/2887 1073/1073 3069/3069
f 2211/2211 3069/3069 532/532
f 532/532 3069/3069 5110/5110
f 356/356 2211/2211 532/532
f 356/356 532/532 5277/5277
f 532/532 5110/5110 5326/5326
f 5277/5277 532/532 5326/5326
f 5277/5277 5326/5326 7427/7427
f 4695/4695 4720/4720 6795/6795
f 7427/7427 3389/3389 1130/1130
f 4695/4695 1130/1130 3389/3389
f 7455/7455 6795/6795 3384/3384
f 7455/7455 4695/4695 6795/6795
f 7455/7455 3384/3384 3660/3660
f 8033/8033 7455/7455 3660/3660
f 8033/8033 3660/3660 7637/7637
f 7637/7637 478/478 3787/3787
f 7637/7637 3787/3787 5246/5246
f 5246/5246 3787/3787 701/701
f 3841/3841 4430/4430 7637/7637
f 3841/3841 7637/7637 5246/5246
f 6974/6974 5246/5246 701/701
f 3841/3841 5246/5246 6974/6974
f 2991/2991 3841/3841 6974/6974
f 1950/1950 5277/5277 6803/6803
f 6803/6803 5277/5277 7427/7427
f 1274/1274 1950/1950 6803/6803
f 1274/1274 3548/3548 1950/1950
f 3548/3548 1274/1274 1440/1440
f 2976/2976 3548/3548 1440/1440
f 1274/1274 6803/6803 1440/1440
f 1440/1440 6803/6803 4496/4496
f 6803/6803 7427/7427 1130/1130
f 6803/6803 1130/1130 4496/4496
f 4496/4496 1130/1130 7608/7608
f 7608/7608 1130/1130 4695/4695
f 7608/7608 4695/4695 7455/7455
f 7608/7608 7455/7455 8033/8033
f 3335/3335 7608/7608 5716/5716
f 5716/5716 7608/7608 4430/4430
f 5716/5716 4430/4430 2991/2991
f 3841/3841 2991/2991 4430/4430
f 5552/5552 2991/2991 5867/5867
f 3868/3868 5716/5716 5552/5552
f 2769/2769 2321/2321 3330/3330
f 3330/3330 2346/2346 2769/2769
f 2769/2769 1117/1117 1839/1839
f 1410/1410 2346/2346 3330/3330
f 5388/5388 2346/2346 1410/1410
f 1345/1345 7442/7442 2105/2105
f 7442/7442 1345/1345 2996/2996
f 7442/7442 2996/2996 4982/4982
f 478/478 2105/2105 8040/8040
f 8040/8040 2105/2105 5208/5208
f 5208/5208 2105/2105 7442/7442
f 3787/3787 478/478 8040/8040
f 841/841 4982/4982 7245/7245
f 7245/7245 4982/4982 5731/5731
f 7442/7442 4982/4982 841/841
f 3787/3787 8040/8040 701/701
f 701/701 8040/8040 5208/5208
f 5208/5208 7442/7442 2136/2136
f 701/701 5208/5208 2136/2136
f 1839/1839 1117/1117 5025/5025
f 7245/7245 5025/5025 1117/1117
f 1117/1117 602/602 7245/7245
f 1117/1117 3030/3030 602/602
f 7245/7245 5731/5731 5025/5025
f 3030/3030 1117/1117 2769/2769
f 3030/3030 2769/2769 2346/2346
f 4134/4134 1394/1394 602/602
f 7519/7519 1394/1394 4134/4134
f 4519/4519 3030/3030 5388/5388
f 4134/4134 602/602 3030/3030
f 4519/4519 4134/4134 3030/3030
f 7519/7519 4134/4134 4519/4519
f 7519/7519 4857/4857 1394/1394
f 6974/6974 5867/5867 2991/2991
f 5867/5867 6974/6974 7633/7633
f 7633/7633 2931/2931 702/702
f 7854/7854 7633/7633 702/702
f 702/702 4857/4857 4803/4803
f 7854/7854 702/702 4803/4803
f 7854/7854 4803/4803 247/247
f 431/431 7633/7633 7854/7854
f 5182/5182 1284/1284 4537/4537
f 5182/5182 4537/4537 2790/2790
f 2790/2790 7267/7267 5182/5182
f 1369/1369 5182/5182 7267/7267
f 431/431 4537/4537 1284/1284
f 2790/2790 431/431 247/247
f 247/247 431/431 7854/7854
f 2790/2790 4537/4537 431/431
f 7519/7519 4519/4519 4469/4469
f 5087/5087 4469/4469 4817/4817
f 247/247 7519/7519 4469/4469
f 191/191 247/247 4469/4469
f 4469/4469 4519/4519 4817/4817
f 4469/4469 5087/5087 191/191
f 4803/4803 4857/4857 7519/7519
f 247/247 4803/4803 7519/7519
f 1369/1369 7267/7267 2510/2510
f 1369/1369 2510/2510 3469/3469
f 3469/3469 3105/3105 1369/1369
f 1369/1369 6411/6411 5065/5065
f 6411/6411 1369/1369 3105/3105
f 7393/7393 6411/6411 3105/3105
f 191/191 318/318 2510/2510
f 318/318 191/191 5087/5087
f 3469/3469 2510/2510 318/318
f 6210/6210 3105/3105 318/318
f 7393/7393 3105/3105 7665/7665
f 7393/7393 7665/7665 5303/5303
f 5303/5303 4660/4660 7393/7393
f 3759/3759 7799/7799 5303/5303
f 866/866 605/605 2750/2750
f 2750/2750 5735/5735 6580/6580
f 6580/6580 5735/5735 164/164
f 5735/5735 1637/1637 626/626
f 1637/1637 605/605 626/626
f 164/164 5735/5735 6986/6986
f 6986/6986 5735/5735 626/626
f 6986/6986 6871/6871 3780/3780
f 6986/6986 3780/3780 164/164
f 1456/1456 3780/3780 6871/6871
f 6050/6050 7216/7216 6645/6645
f 164/164 3780/3780 1456/1456
f 164/164 1456/1456 5010/5010
f 5010/5010 1456/1456 6645/6645
f 6645/6645 4203/4203 5010/5010
f 164/164 5010/5010 4203/4203
f 4203/4203 6523/6523 164/164
f 6580/6580 3641/3641 2750/2750
f 1739/1739 1284/1284 5182/5182
f 5182/5182 2277/2277 1856/1856
f 2277/2277 5182/5182 1369/1369
f 4410/4410 1856/1856 2277/2277
f 6523/6523 1960/1960 164/164
f 1960/1960 6523/6523 1420/1420
f 1330/1330 1420/1420 6523/6523
f 1420/1420 1330/1330 4454/4454
f 5065/5065 6411/6411 2277/2277
f 2899/2899 1592/1592 6322/6322
f 4410/4410 2277/2277 6411/6411
f 4454/4454 4410/4410 6411/6411
f 4454/4454 6411/6411 1592/1592
f 4454/4454 1592/1592 1420/1420
f 2899/2899 1420/1420 1592/1592
f 7393/7393 6322/6322 1592/1592
f 7393/7393 1592/1592 6411/6411
f 7393/7393 4660/4660 6322/6322
f 5793/5793 6322/6322 4660/4660
f 4263/4263 3481/3481 4023/4023
f 1890/1890 3481/3481 4263/4263
f 1772/1772 1890/1890 4263/4263
f 1772/1772 4348/4348 1890/1890
f 222/222 4348/4348 1772/1772
f 1012/1012 2905/2905 6174/6174
f 3097/3097 6653/6653 1012/1012
f 3097/3097 1012/1012 6174/6174
f 6174/6174 5798/5798 3097/3097
f 2705/2705 2694/2694 3097/3097
f 67/67 1772/1772 4263/4263
f 7573/7573 5798/5798 6174/6174
f 2705/2705 3097/3097 5798/5798
f 7573/7573 2705/2705 5798/5798
f 222/222 1772/1772 67/67
f 2694/2694 2705/2705 1923/1923
f 1923/1923 2705/2705 4253/4253
f 2705/2705 7573/7573 4253/4253
f 1229/1229 4253/4253 7573/7573
f 4253/4253 6484/6484 1923/1923
f 6163/6163 2113/2113 2631/2631
f 2113/2113 6163/6163 7527/7527
f 4348/4348 6163/6163 1199/1199
f 7527/7527 6163/6163 4348/4348
f 3232/3232 996/996 2113/2113
f 6983/6983 2113/2113 7527/7527
f 6983/6983 3232/3232 2113/2113
f 5479/5479 2409/2409 6983/6983
f 7527/7527 222/222 6484/6484
f 2164/2164 7527/7527 6484/6484
f 5479/5479 6983/6983 7527/7527
f 640/640 5479/5479 7527/7527
f 7527/7527 1683/1683 640/640
f 4323/4323 1683/1683 7952/7952
f 4015/4015 5479/5479 640/640
f 1365/1365 4323/4323 2085/2085
f 1683/1683 4323/4323 7040/7040
f 7040/7040 4323/4323 1365/1365
f 6484/6484 4253/4253 7952/7952
f 7952/7952 4253/4253 6766/6766
f 6766/6766 4253/4253 1229/1229
f 7952/7952 6766/6766 4323/4323
f 4323/4323 6766/6766 1229/1229
f 4323/4323 1229/1229 2085/2085
f 2409/2409 3330/3330 3232/3232
f 2409/2409 3232/3232 6983/6983
f 2409/2409 245/245 1410/1410
f 1410/1410 3330/3330 2409/2409
f 4015/4015 2409/2409 5479/5479
f 245/245 2409/2409 7453/7453
f 7453/7453 1027/1027 245/245
f 4015/4015 7453/7453 2409/2409
f 5133/5133 4015/4015 640/640
f 1365/1365 2085/2085 6267/6267
f 5388/5388 1410/1410 1027/1027
f 1027/1027 4519/4519 5388/5388
f 3953/3953 1027/1027 7453/7453
f 4519/4519 1027/1027 3953/3953
f 4641/4641 7453/7453 4015/4015
f 4015/4015 5133/5133 4641/4641
f 1365/1365 3100/3100 7040/7040
f 3100/3100 1365/1365 6267/6267
f 3748/3748 7453/7453 4641/4641
f 3748/3748 3953/3953 7453/7453
f 6226/6226 3748/3748 4641/4641
f 5449/5449 3748/3748 6226/6226
f 6765/6765 6226/6226 5270/5270
f 6765/6765 5270/5270 3100/3100
f 3100/3100 6267/6267 4757/4757
f 4757/4757 1810/1810 3100/3100
f 4317/4317 1540/1540 4938/4938
f 4938/4938 5786/5786 4317/4317
f 5495/5495 1810/1810 6075/6075
f 6075/6075 1810/1810 4317/4317
f 554/554 4317/4317 5786/5786
f 6075/6075 4317/4317 554/554
f 1540/1540 4317/4317 4757/4757
f 4317/4317 1810/1810 4757/4757
f 7665/7665 3105/3105 6210/6210
f 5728/5728 554/554 5786/5786
f 5303/5303 7665/7665 6075/6075
f 6075/6075 5728/5728 5303/5303
f 6075/6075 554/554 5728/5728
f 5728/5728 5786/5786 3759/3759
f 3759/3759 5303/5303 5728/5728
f 4660/4660 5217/5217 5793/5793
f 5793/5793 5217/5217 3798/3798
f 4660/4660 5303/5303 7799/7799
f 4660/4660 7799/7799 5217/5217
f 2899/2899 6322/6322 2267/2267
f 1960/1960 2899/2899 6581/6581
f 2899/2899 2267/2267 6581/6581
f 1420/1420 2899/2899 1960/1960
f 2267/2267 3798/3798 6581/6581
f 3798/3798 2267/2267 5793/5793
f 5793/5793 2267/2267 6322/6322
f 5822/5822 232/232 61/61
f 2796/2796 2920/2920 420/420
f 3913/3913 4321/4321 2796/2796
f 2796/2796 4321/4321 6762/6762
f 420/420 3913/3913 2796/2796
f 3606/3606 5540/5540 5822/5822
f 1986/1986 5540/5540 7865/7865
f 5540/5540 3606/3606 7865/7865
f 5540/5540 5820/5820 2796/2796
f 5540/5540 1986/1986 5820/5820
f 2796/2796 5820/5820 2920/2920
f 2796/2796 6762/6762 1452/1452
f 1452/1452 5540/5540 2796/2796
f 7305/7305 4048/4048 4516/4516
f 7579/7579 4017/4017 1515/1515
f 61/61 7305/7305 1381/1381
f 7305/7305 61/61 232/232
f 6762/6762 4321/4321 6702/6702
f 420/420 1515/1515 3913/3913
f 1615/1615 6682/6682 5274/5274
f 3606/3606 5822/5822 6682/6682
f 3606/3606 6682/6682 3970/3970
f 6682/6682 7543/7543 3970/3970
f 420/420 2920/2920 2942/2942
f 5596/5596 2942/2942 2920/2920
f 5868/5868 4017/4017 4040/4040
f 7579/7579 4040/4040 4017/4017
f 5639/5639 7816/7816 8048/8048
f 7733/7733 160/160 5631/5631
f 3235/3235 4523/4523 28/28
f 1951/1951 3419/3419 4464/4464
f 5808/5808 1288/1288 4464/4464
f 4200/4200 1288/1288 1779/1779
f 6489/6489 3707/3707 7622/7622
f 7622/7622 3707/3707 5710/5710
f 4117/4117 7081/7081 175/175
f 7081/7081 2814/2814 4497/4497
f 7298/7298 4263/4263 4023/4023
f 7530/7530 2812/2812 124/124
f 343/343 6623/6623 2812/2812
f 4444/4444 1925/1925 7689/7689
f 4444/4444 1654/1654 1925/1925
f 4444/4444 7689/7689 7181/7181
f 7530/7530 7405/7405 4514/4514
f 4514/4514 6623/6623 343/343
f 4098/4098 2111/2111 4577/4577
f 7181/7181 1122/1122 6378/6378
f 2111/2111 1122/1122 4920/4920
f 6378/6378 1122/1122 2111/2111
f 6378/6378 2111/2111 4592/4592
f 6491/6491 4070/4070 4098/4098
f 1037/1037 4070/4070 4667/4667
f 1037/1037 772/772 4070/4070
f 1037/1037 5652/5652 772/772
f 4514/4514 3446/3446 7206/7206
f 6571/6571 3025/3025 2424/2424
f 4780/4780 6915/6915 6571/6571
f 4780/4780 6571/6571 2424/2424
f 4829/4829 4780/4780 2424/2424
f 772/772 2424/2424 3025/3025
f 2424/2424 772/772 5652/5652
f 5652/5652 4829/4829 2424/2424
f 4250/4250 5321/5321 3328/3328
f 712/712 1449/1449 5228/5228
f 5321/5321 4250/4250 6623/6623
f 5321/5321 6623/6623 669/669
f 1449/1449 712/712 4990/4990
f 1449/1449 6938/6938 5228/5228
f 6938/6938 1449/1449 4462/4462
f 1449/1449 4990/4990 6837/6837
f 6837/6837 4990/4990 6915/6915
f 6915/6915 4780/4780 6837/6837
f 4667/4667 4070/4070 6491/6491
f 6486/6486 5652/5652 1037/1037
f 2882/2882 5652/5652 6486/6486
f 2882/2882 6486/6486 2584/2584
f 4651/4651 2584/2584 6486/6486
f 2882/2882 2717/2717 4829/4829
f 2570/2570 2882/2882 2086/2086
f 4539/4539 2717/2717 2882/2882
f 2882/2882 2570/2570 4539/4539
f 4539/4539 5218/5218 2717/2717
f 2584/2584 2086/2086 2882/2882
f 2458/2458 4651/4651 6486/6486
f 2458/2458 6486/6486 7720/7720
f 7720/7720 4318/4318 2458/2458
f 6561/6561 4462/4462 1449/1449
f 1449/1449 6837/6837 2207/2207
f 2207/2207 6561/6561 1449/1449
f 584/584 7509/7509 4667/4667
f 4667/4667 7509/7509 1037/1037
f 6486/6486 1037/1037 7509/7509
f 1/1 7509/7509 584/584
f 6486/6486 7509/7509 1/1
f 7720/7720 6486/6486 1/1
f 1660/1660 6014/6014 6334/6334
f 4892/4892 5600/5600 660/660
f 1196/1196 5600/5600 4892/4892
f 4892/4892 6090/6090 4032/4032
f 1073/1073 5110/5110 3069/3069
f 1073/1073 2887/2887 2314/2314
f 5110/5110 1073/1073 2314/2314
f 2314/2314 2887/2887 4326/4326
f 2314/2314 4720/4720 5110/5110
f 5326/5326 5110/5110 4720/4720
f 3389/3389 7427/7427 5326/5326
f 4720/4720 3389/3389 5326/5326
f 6795/6795 2314/2314 4326/4326
f 4720/4720 2314/2314 6795/6795
f 3389/3389 4720/4720 4695/4695
f 4326/4326 3384/3384 6795/6795
f 3384/3384 4326/4326 8060/8060
f 3384/3384 8060/8060 3186/3186
f 3384/3384 3186/3186 478/478
f 478/478 3186/3186 131/131
f 1345/1345 2105/2105 131/131
f 2105/2105 478/478 131/131
f 4430/4430 8033/8033 7637/7637
f 478/478 3660/3660 3384/3384
f 3660/3660 478/478 7637/7637
f 7590/7590 2976/2976 4009/4009
f 4009/4009 2976/2976 1440/1440
f 3335/3335 4009/4009 1440/1440
f 4496/4496 7608/7608 3335/3335
f 4496/4496 3335/3335 1440/1440
f 3184/3184 3335/3335 5716/5716
f 3184/3184 3739/3739 3335/3335
f 8033/8033 4430/4430 7608/7608
f 5552/5552 5716/5716 2991/2991
f 841/841 1362/1362 7442/7442
f 2136/2136 897/897 701/701
f 897/897 6974/6974 701/701
f 897/897 7633/7633 6974/6974
f 1362/1362 2136/2136 7442/7442
f 1362/1362 2931/2931 2136/2136
f 897/897 2136/2136 2931/2931
f 841/841 1394/1394 1362/1362
f 1394/1394 4857/4857 1362/1362
f 7633/7633 897/897 2931/2931
f 1362/1362 4857/4857 2931/2931
f 702/702 2931/2931 4857/4857
f 841/841 7245/7245 1394/1394
f 1394/1394 7245/7245 602/602
f 5388/5388 3030/3030 2346/2346
f 431/431 5552/5552 7633/7633
f 7633/7633 5552/5552 5867/5867
f 1739/1739 5552/5552 1284/1284
f 5552/5552 431/431 1284/1284
f 2790/2790 247/247 191/191
f 191/191 2510/2510 7267/7267
f 191/191 7267/7267 2790/2790
f 6210/6210 318/318 5087/5087
f 3105/3105 3469/3469 318/318
f 5009/5009 7590/7590 4009/4009
f 4374/4374 7590/7590 5009/5009
f 4009/4009 3335/3335 3739/3739
f 3739/3739 5009/5009 4009/4009
f 5076/5076 4374/4374 5009/5009
f 5076/5076 5009/5009 3739/3739
f 5076/5076 866/866 5139/5139
f 866/866 5076/5076 605/605
f 2750/2750 3641/3641 866/866
f 5076/5076 3739/3739 605/605
f 7163/7163 3739/3739 5156/5156
f 7163/7163 605/605 3739/3739
f 5156/5156 3739/3739 3184/3184
f 2750/2750 605/605 1637/1637
f 5735/5735 2750/2750 1637/1637
f 5484/5484 3184/3184 5716/5716
f 5484/5484 5716/5716 3868/3868
f 4042/4042 5484/5484 3868/3868
f 5156/5156 3184/3184 5484/5484
f 5156/5156 5484/5484 4532/4532
f 4532/4532 5484/5484 4042/4042
f 5552/5552 4042/4042 3868/3868
f 1739/1739 4042/4042 5552/5552
f 4532/4532 7216/7216 5156/5156
f 4532/4532 4042/4042 1739/1739
f 605/605 7163/7163 626/626
f 6050/6050 626/626 7163/7163
f 7163/7163 5156/5156 6050/6050
f 626/626 6050/6050 6871/6871
f 6050/6050 6645/6645 1456/1456
f 6871/6871 6050/6050 1456/1456
f 6871/6871 6986/6986 626/626
f 6050/6050 5156/5156 7216/7216
f 7216/7216 6701/6701 6645/6645
f 6645/6645 6701/6701 4203/4203
f 1856/1856 1739/1739 5182/5182
f 1739/1739 1856/1856 4532/4532
f 1369/1369 5065/5065 2277/2277
f 4410/4410 4532/4532 1856/1856
f 7216/7216 4532/4532 6701/6701
f 6701/6701 4532/4532 4410/4410
f 1330/1330 6701/6701 4410/4410
f 4410/4410 4454/4454 1330/1330
f 1330/1330 4203/4203 6701/6701
f 4203/4203 1330/1330 6523/6523
f 7527/7527 4348/4348 222/222
f 3580/3580 2694/2694 4263/4263
f 67/67 4263/4263 2694/2694
f 2694/2694 3580/3580 3097/3097
f 3580/3580 6653/6653 3097/3097
f 1923/1923 222/222 67/67
f 67/67 2694/2694 1923/1923
f 6484/6484 222/222 1923/1923
f 6484/6484 7952/7952 2164/2164
f 2164/2164 1683/1683 7527/7527
f 1683/1683 2164/2164 7952/7952
f 5133/5133 640/640 7040/7040
f 640/640 1683/1683 7040/7040
f 1027/1027 1410/1410 245/245
f 5133/5133 5270/5270 4641/4641
f 5270/5270 5133/5133 7040/7040
f 6226/6226 4641/4641 5270/5270
f 7040/7040 3100/3100 5270/5270
f 3748/3748 5674/5674 3953/3953
f 3748/3748 5449/5449 5674/5674
f 5449/5449 6226/6226 5869/5869
f 5869/5869 6226/6226 6765/6765
f 1810/1810 6765/6765 3100/3100
f 4519/4519 3953/3953 5674/5674
f 5449/5449 4817/4817 5674/5674
f 5674/5674 4817/4817 4519/4519
f 5449/5449 4648/4648 4817/4817
f 4648/4648 5087/5087 4817/4817
f 5449/5449 5869/5869 4648/4648
f 5869/5869 6765/6765 5495/5495
f 5495/5495 6765/6765 1810/1810
f 5087/5087 4648/4648 6210/6210
f 5869/5869 5495/5495 4648/4648
f 4648/4648 5495/5495 6210/6210
f 6210/6210 5495/5495 7665/7665
f 5495/5495 6075/6075 7665/7665