# https://github.com/mikedh/trimesh
mtllib material_0.mtl
usemtl material_0
v 0.01583059 0.00102957 -0.01821066
v -0.01929261 -0.02874403 -0.03084026
v -0.01299501 0.04048077 -0.03564266
v 0.01531859 0.04446477 0.00127494
v 0.00379859 -0.03343603 0.01582374
v 0.00379859 -0.01225123 0.02913094
v 0.01690579 0.03943117 -0.04108746
v 0.01690579 0.04185677 -0.02102586
v 0.03211219 -0.02743043 -0.02499786
v -0.02031661 -0.00250723 -0.01190506
v -0.01611821 0.02951597 -0.03839466
v 0.00538579 -0.01235603 0.02422054
v -0.01872941 0.04598717 -0.02370586
v -0.00352301 -0.02488883 0.06906694
v -0.02763821 0.01160477 -0.00953786
v -0.00823341 0.01343037 -0.03830746
v 0.03318739 0.01959357 -0.03254186
v 0.01956819 0.01131677 0.01615254
v -0.00244781 -0.01963283 0.06578454
v -0.02656301 -0.01844723 -0.01272186
v 0.01905619 -0.02882243 -0.02931226
v 0.02745299 -0.01302883 -0.00713466
v 0.03165139 0.04567357 -0.02143306
v -0.03388461 -0.01339043 -0.04122026
v -0.03388461 -0.01339043 -0.04122026
v 0.02013139 0.04677437 -0.02850186
v 0.03323859 0.03151357 -0.01647786
v 0.02223059 0.04696637 -0.03057306
v 0.02223059 0.04696637 -0.03057306
v 0.02432979 -0.00261283 0.02669094
v 0.01752019 0.04516157 -0.02066266
v -0.03280941 -0.02827043 -0.03303466
v -0.01760301 0.04515357 -0.02243946
v -0.00029741 -0.06225363 0.07072534
v -0.00029741 -0.06225363 0.07072534
v 0.01490899 0.04174797 -0.01111466
v 0.03221459 -0.02382803 -0.03772986
v 0.03221459 -0.02382803 -0.03772986
v -0.02702381 0.03647197 0.00141334
v -0.03173421 -0.00836403 -0.01284346
v -0.03173421 -0.00566243 -0.04021866
v -0.02123821 -0.00406403 -0.02051466
v -0.02123821 -0.00057683 -0.01966026
v 0.03328979 0.02776397 -0.01892266
v 0.03328979 0.02776397 -0.01892266
v -0.00603181 0.04381757 -0.01029786
v -0.02594861 -0.01435203 -0.01133786
v 0.01547219 0.04033117 -0.01910266
v 0.01547219 0.03042157 -0.01174026
v -0.01335341 -0.03376323 0.02047894
v -0.01125421 -0.00891043 0.01899174
v 0.00605139 0.05139437 0.00103894
v -0.00705581 0.01410557 -0.03108746
v -0.01806381 -0.02405443 -0.03862426
v -0.00285741 -0.04666083 0.06230854
v -0.01647661 0.00320397 -0.03851146
v -0.01647661 0.00320397 -0.03851146
v -0.00127021 0.03232957 0.00571974
v 0.02494419 0.03955357 -0.00999946
v 0.00451539 -0.03317523 0.02374214
v 0.03282899 0.01790557 -0.03485706
v 0.01081299 -0.02637283 -0.03268746
v 0.00400339 0.00198877 -0.03849546
v 0.03231699 -0.02554083 -0.02636106
v 0.03231699 -0.02554083 -0.02636106
v -0.00490541 -0.01653683 0.04297974
v 0.03180499 -0.02473443 -0.03760426
v -0.00541741 -0.02451123 0.02895814
v 0.02289619 -0.00400163 -0.02089306
v 0.02919379 0.04131357 -0.01595066
v -0.03424301 -0.02313843 -0.01909946
v -0.01903661 0.02351437 -0.02523306
v -0.01693741 0.00138397 -0.02919466
v -0.01693741 0.00138397 -0.02919466
v -0.02164781 0.01503997 -0.03302026
v -0.03265581 0.04319917 -0.01911466
v -0.02635821 -0.01641923 -0.01164106
v 0.03026899 -0.01375683 -0.04428906
v 0.01926099 0.00282077 -0.01258906
v -0.00695341 0.02593597 0.02614774
v 0.01455059 0.04386797 -0.02856826
v 0.02975699 0.02046237 -0.01669066
v 0.02975699 0.02046237 -0.01669066
v -0.00326701 0.04638957 0.00580214
v -0.02528301 0.04492157 -0.02142506
v 0.03134419 0.03555837 -0.04402026
v -0.03209261 -0.01209683 -0.01221546
v -0.01898541 0.03091117 0.01610214
v -0.02789421 0.00847437 -0.00329306
v -0.02369581 -0.03572563 -0.00964746
v -0.02369581 -0.03572563 -0.00964746
v -0.02159661 0.02741757 -0.01016986
v 0.01670099 0.04285197 0.00418854
v -0.03362861 0.04185117 -0.03469306
v 0.03139539 -0.00632083 -0.01373946
v 0.03139539 -0.02620243 -0.03105466
v -0.03414061 -0.02480323 -0.03530266
v -0.03414061 -0.01660883 -0.03916746
v -0.03414061 -0.01660883 -0.03916746
v -0.03414061 0.00136877 -0.03310266
v -0.03414061 0.00136877 -0.03310266
v 0.00466899 -0.00986963 0.02121654
v -0.00004141 -0.03281763 0.04909494
v 0.03037139 -0.02606083 -0.03660346
v -0.02676781 0.00872397 0.00549174
v 0.03195859 0.04123757 -0.04109306
v -0.01837101 0.00036157 -0.02874586
v -0.01627181 -0.00131043 -0.03862746
v -0.01627181 -0.00131043 -0.03862746
v -0.01627181 -0.00131043 -0.03862746
v -0.01627181 -0.02683043 -0.03073066
v -0.01207341 -0.00811683 0.01536694
v 0.02043859 -0.01964323 -0.04295066
v -0.00577581 0.00052397 -0.03916826
v -0.00577581 0.00052397 -0.03916826
v 0.02253779 0.00113517 -0.01984586
v -0.01678381 0.00133917 -0.02657466
v -0.01678381 0.00133917 -0.02657466
v 0.00052179 -0.03481363 -0.01143946
v 0.00630739 -0.03237523 0.02145334
v 0.00630739 -0.03341683 0.00757094
v 0.03252179 -0.02458963 -0.02942746
v 0.03200979 -0.01662643 -0.01336826
v -0.02041901 -0.00415363 -0.02101066
v 0.00999379 0.04208717 -0.03495786
v -0.01622061 -0.02744963 -0.02594026
v -0.01622061 -0.02744963 -0.02594026
v 0.01419219 -0.02310963 0.00476294
v 0.03149779 -0.02745923 -0.03224106
v -0.00782381 0.03330317 -0.03857386
v -0.01883181 0.00043917 -0.03073946
v 0.03308499 0.02601517 -0.03919386
v 0.03308499 0.04418557 -0.02797466
v 0.03308499 0.04418557 -0.02797466
v 0.01526739 0.01169197 -0.02397946
v 0.01526739 0.03314077 0.00505574
v 0.01946579 0.00018397 0.00491734
v 0.01946579 0.00018397 0.00491734
v 0.01475539 0.04440957 -0.01405706
v 0.02996179 0.03913677 -0.04259226
v -0.02246701 0.03153757 0.00625334
v -0.02036781 0.01628797 0.00650294
v -0.02036781 0.01628797 0.00650294
v -0.00777261 -0.06797123 0.05726534
v -0.02192221 -0.00709043 -0.01854186
v -0.02873181 -0.02928883 -0.02809386
v -0.00932701 0.05087597 -0.00965226
v 0.03209379 -0.01947123 -0.04122106
v 0.02528419 0.03494717 -0.01109866
v 0.02528419 0.03494717 -0.01109866
v 0.02057379 0.00547197 0.03600214
v -0.02555741 -0.00674723 -0.01355466
v 0.02845859 -0.00981363 -0.01276746
v 0.03265699 0.01648477 -0.03300666
v 0.02164899 0.01605037 -0.01129146
v -0.01608541 0.00941997 -0.03839466
v -0.02079581 0.01017197 0.01907574
v -0.00139101 -0.01969363 0.06629494
v 0.01591459 -0.02700483 -0.02739786
v 0.03322019 0.03309197 -0.01340186
v -0.01552221 0.01470717 0.03525414
v 0.03009699 0.01573437 -0.03156426
v 0.03009699 0.01573437 -0.03156426
v 0.03219619 -0.01990723 -0.01446506
v 0.00546979 0.04708237 0.00519574
v 0.00756899 -0.00278723 0.03657814
v 0.02697379 0.02707997 -0.01087546
v 0.02697379 0.02707997 -0.01087546
v 0.02016419 -0.02264163 -0.01709466
v 0.03066019 0.04710157 -0.02736186
v 0.01284259 -0.00857763 0.01254374
v 0.01284259 -0.00857763 0.01254374
v 0.01494179 -0.08012723 0.07580694
v -0.02437981 0.03764957 -0.04226026
v -0.03328861 0.00236237 -0.03072506
v -0.03328861 -0.01607763 -0.01245546
v 0.00132259 -0.06896083 0.05460774
v -0.00758621 -0.00827683 0.01642134
v -0.00338781 -0.01217123 0.02592454
v 0.02492579 0.04015997 -0.00084266
v 0.02702499 0.02028717 -0.01656586
v -0.01910621 -0.00004643 -0.01196506
v -0.00599901 -0.03385683 0.00692454
v 0.01919139 0.03679197 -0.04358986
v 0.00818339 -0.03410803 0.00444054
v 0.00818339 -0.03410803 0.00444054
v -0.02693981 -0.02261283 -0.01037546
v 0.01658019 -0.02054883 -0.04194426
v -0.01644381 0.00561037 -0.01272026
v -0.01644381 0.00538317 -0.01698746
v -0.01224541 -0.00331283 0.03709734
v 0.03127459 0.00180317 -0.03560186
v 0.01345699 -0.00778083 0.01042934
v 0.01975459 0.01547437 -0.03038266
v 0.01975459 0.01547437 -0.03038266
v 0.03286179 -0.02171523 -0.01884186
v 0.03234979 -0.01952963 -0.04060746
v 0.03234979 -0.02360083 -0.02181226
v 0.03234979 0.01965517 -0.03570586
v 0.03234979 0.01965517 -0.03570586
v 0.00823459 -0.01118883 0.02097254
v 0.00823459 -0.01118883 0.02097254
v 0.00562339 -0.03233123 0.02621494
v 0.03183779 0.02859517 -0.01284266
v -0.01849181 -0.02808243 -0.03339386
v -0.01219421 -0.00816403 0.01313734
v -0.03211101 -0.00500883 -0.04077706
v -0.00169821 -0.05504563 0.09051494
v 0.03291299 0.04607437 -0.02405306
v -0.03262301 0.02611837 -0.01274666
v -0.01951581 0.02413597 -0.02472986
v 0.02610339 -0.02887603 -0.02749706
v -0.02632541 -0.01448883 -0.01179946
v -0.03313501 0.03327517 -0.01313706
v -0.03313501 -0.01144403 -0.04115386
v -0.00062301 -0.00834163 0.02320454
v 0.01458339 -0.05976323 0.09169574
v 0.01878179 0.03912397 -0.01581706
v -0.03154781 -0.02143843 -0.01422746
v 0.02717859 -0.01251603 -0.04408026
v 0.03137699 -0.01261763 -0.04387146
v -0.03205981 -0.02667283 -0.03678666
v 0.00936099 0.05064077 0.00074534
v -0.00164701 -0.03471123 0.05270294
v -0.03257181 0.02471997 -0.01301546
v 0.01514659 0.01651997 -0.02581146
v 0.02984099 -0.02212723 -0.01563626
v -0.00528221 0.01598957 -0.03131866
v 0.03142819 0.00046557 -0.02474266
v 0.01570979 0.03203837 0.00525414
v 0.00470179 -0.02784323 -0.01133866
v 0.00680099 -0.01771203 0.06085014
v 0.00680099 -0.00889843 0.02066534
v -0.00210781 0.01636637 -0.03110426
v 0.00628899 -0.03207123 0.01061254
v -0.03354461 0.00008957 -0.01917226
v 0.02728099 0.02886317 -0.00779386
v -0.02304861 -0.01890083 -0.04302266
v 0.01837219 0.00284797 -0.03167706
v -0.02094941 0.04648877 -0.02960426
v 0.01995939 -0.00173603 -0.02671226
v 0.02364579 0.03743677 -0.04355306
v 0.03204259 0.02099437 -0.03654746
v -0.01828701 -0.02763603 -0.02943546
v -0.01828701 -0.02763603 -0.02943546
v 0.02943139 0.02253197 -0.01504986
v 0.02943139 0.02253197 -0.01504986
v 0.02943139 0.02253197 -0.01504986
v 0.01842339 0.01044237 -0.01222986
v -0.01460061 -0.00751923 0.00588774
v 0.01371299 -0.01181923 0.02210934
v 0.03101859 -0.01884323 -0.04301946
v -0.02716301 -0.01814403 -0.01035786
v -0.03397261 -0.01577443 -0.04316746
v -0.00565901 -0.03275523 0.00635094
v 0.03105139 0.04611197 -0.02952906
v -0.03289741 0.01638877 -0.02270986
v 0.00381299 -0.07318563 0.05534214
v -0.02030221 -0.00751443 0.02559174
v -0.02030221 -0.00751443 0.02559174
v -0.03392141 -0.01780243 -0.01278026
v -0.02762381 0.03174077 0.00132454
v -0.03443341 -0.00697603 -0.01809226
v -0.01922701 0.02144877 -0.02624746
v 0.01538419 0.00552237 -0.01485786
v -0.02864781 -0.00881443 -0.01247066
v -0.01815181 -0.01406163 -0.03871866
v 0.02326899 0.04746877 -0.02868186
v 0.02326899 0.04746877 -0.02868186
v 0.02956659 0.04704957 -0.03046586
v -0.02286221 -0.02962403 -0.02912426
v -0.00765581 -0.06913123 0.05458694
v -0.01656461 0.00343437 -0.01955706
v 0.01594739 0.01678637 -0.01227786
v 0.01543539 0.00447197 -0.01825306
v -0.02859661 -0.01510163 -0.01225146
v 0.01702259 0.03197357 0.00525654
v 0.02332019 0.01543677 -0.02405146
v -0.02700941 -0.01592563 -0.01162346
v 0.00550259 -0.03169523 0.01150134
v -0.02752141 0.02978717 0.00433654
v -0.02752141 0.01459357 0.00452374
v -0.02752141 0.02112557 0.00443334
v -0.03064461 0.01734877 -0.03780426
v 0.02598259 -0.00261603 -0.01156586
v 0.02598259 0.03400877 -0.04436266
v 0.01497459 -0.06656403 0.09089334
v 0.01497459 -0.06656403 0.09089334
v -0.03325581 0.04205437 -0.02677946
v -0.01804941 0.03826637 -0.03898346
v 0.02756979 -0.01595603 0.00217254
v -0.02275981 0.00566557 0.02170534
v 0.03176819 0.02753597 -0.04326906
v -0.02066061 0.01092477 -0.01050666
v 0.00765299 -0.02693283 -0.03132826
v -0.00545421 0.01601917 -0.03756586
v 0.02285939 0.02897517 0.00688934
v 0.01395059 0.04464317 -0.02031146
v 0.01395059 -0.06905843 0.09034134
v 0.01395059 -0.06905843 0.09034134
v 0.02024819 -0.01148323 -0.04360826
v 0.02234739 0.02105117 -0.04062026
v 0.01553779 -0.02701203 -0.02750826
v 0.01763699 -0.02573123 -0.01857306
v 0.03284339 0.03742397 -0.04255386
v 0.03284339 0.04401197 -0.01928746
v 0.02393459 0.03460157 0.00108614
v -0.01538701 -0.02750963 -0.01637386
v -0.01538701 -0.02750963 -0.01637386
v -0.02429581 0.03243117 -0.04391306
v -0.02429581 0.00012557 -0.03722986
v -0.00699021 -0.07873203 0.08098614
v -0.02060941 -0.01914803 -0.01064746
v -0.02060941 -0.01914803 -0.01064746
v 0.02920819 0.02773517 -0.04330666
v -0.02322061 -0.02870083 -0.03142986
v -0.02322061 -0.01084803 -0.01369306
v -0.02793101 -0.02906403 -0.02920666
v 0.02659699 -0.02794643 -0.03247946
v 0.00248179 -0.05878483 0.06851334
v -0.00852621 -0.08013123 0.07266294
v 0.02557299 0.03325517 -0.01203386
v 0.02557299 0.03970717 -0.01481226
v 0.00565619 0.04477757 -0.01753546
v -0.00535181 -0.03163683 0.01120934
v -0.01635981 -0.02418083 -0.01693466
v 0.01405299 -0.05468163 0.08995494
v 0.01825139 0.00026397 0.03657334
v 0.03135859 -0.00150803 -0.01671706
v -0.01897101 -0.02828163 -0.02279706
v 0.01773939 0.02379117 0.02791814
v 0.03084659 0.03421437 -0.04435626
v 0.03294579 -0.02438243 -0.03682186
v 0.03294579 0.04248477 -0.01741866
v 0.02403699 -0.00583923 -0.04317786
v 0.01722739 -0.01363363 -0.04248906
v -0.02311821 0.02803357 0.01655094
v 0.03140979 0.00206557 -0.03284106
v -0.02101901 0.03787997 0.00535734
v -0.00581261 -0.05466403 0.08993894
v 0.01988979 0.01297277 0.01517494
v -0.03253901 0.01711517 -0.03706266
v 0.02147699 -0.03624403 0.00223334
v -0.01625741 0.04328397 -0.03158746
v -0.00105101 0.04380077 -0.01098506
v -0.03407501 -0.02355203 -0.01645386
v 0.02675059 0.04660317 -0.02379466
v -0.01728141 0.02106797 -0.03960186
v -0.02828941 -0.02897123 -0.02680746
v -0.02828941 -0.02897123 -0.02680746
v -0.02828941 -0.02897123 -0.02680746
v -0.02828941 -0.02897123 -0.02680746
v -0.02199181 -0.00427683 -0.01145706
v -0.01989261 0.00980877 0.01889334
v -0.01359501 -0.03366403 0.01448294
v 0.01471859 0.02061357 -0.03716746
v -0.02250381 0.01720317 -0.03757306
v -0.03141261 0.02570717 -0.04176666
v -0.03141261 0.02570717 -0.04176666
v -0.02721421 -0.03084803 0.00391574
v 0.03151219 -0.01366883 -0.04187306
v 0.03151219 -0.01366883 -0.04187306
v -0.02772621 0.00883997 0.00062374
v -0.02352781 -0.00316003 -0.01565066
v -0.01042061 0.03224237 0.00609414
v 0.00688499 -0.01932883 0.02761894
v 0.03309939 -0.02535443 -0.03561706
v -0.00514701 -0.03163363 0.02534614
v -0.01719741 -0.00784243 0.00546214
v -0.02400701 0.03717517 -0.04259866
v 0.02371139 -0.00088243 -0.01210266
v -0.03132861 0.00200957 -0.02544586
v -0.03132861 0.00200957 -0.02544586
v -0.02922941 0.03655917 -0.04280186
v -0.02713021 -0.00611203 -0.04194586
v -0.03393981 -0.02646963 -0.02727626
v 0.02058819 0.02106557 -0.01878106
v -0.00562621 -0.02591763 0.02858054
v -0.01663421 0.04288637 0.00234214
v -0.02764221 0.00055997 -0.03666506
v -0.02764221 0.00683437 -0.00074746
v 0.01797699 0.01722477 -0.03596506
v 0.03108419 0.00355197 -0.02929146
v 0.03108419 0.02684077 -0.01312986
v 0.03318339 0.02610637 -0.01352426
v 0.01956419 0.00627437 0.03636934
v 0.01485379 -0.02441843 -0.03483066
v 0.01695299 -0.02699683 -0.03502426
v 0.02115139 -0.02316563 -0.01675626
v -0.02078141 0.01504317 0.01329734
v -0.02078141 0.01504317 0.01329734
v 0.02273859 0.01662957 0.00467974
v 0.01382979 0.04451117 0.00233814
v -0.03440061 -0.01141523 -0.01293386
v -0.03440061 -0.01141523 -0.01293386
v 0.02642499 -0.02655523 -0.02029626
v -0.02600381 0.03458637 -0.04327066
v 0.03062339 -0.02781923 -0.03187066
v 0.03272259 0.04546797 -0.03495626
v 0.03221059 -0.01606163 -0.04267866
v -0.03332541 -0.02647603 -0.03641466
v -0.01811901 0.03373757 -0.02039146
v -0.00501181 -0.03649283 0.00310694
v 0.02750019 0.00055997 0.00103814
v 0.02069059 0.03012077 0.01548614
v -0.01863101 0.01257197 0.03610054
v 0.02278979 0.03389277 -0.04428506
v 0.02488899 0.04373597 -0.01841546
v 0.01388099 -0.07376723 0.08724214
v 0.01598019 0.02913277 0.02067974
v 0.02908739 -0.00721123 -0.01300026
v 0.03118659 -0.02302643 -0.01641546
v 0.03118659 -0.01151363 -0.04419546
v 0.00707139 0.01088317 -0.03142266
v -0.01755581 0.04320317 -0.03240826
v -0.00444861 -0.02757923 0.00478214
v 0.02386499 -0.02314003 -0.04039946
v -0.02856381 0.04533037 -0.02242506
v -0.02856381 0.04533037 -0.02242506
v 0.01495619 -0.00096243 -0.03875386
v 0.02806339 -0.01724163 -0.04375786
v 0.02125379 -0.00234403 -0.02430666
v 0.02335299 0.01717037 0.00875894
v 0.01654339 0.04537597 -0.02873146
v -0.02277821 -0.03501843 0.00476534
v -0.02277821 -0.03501843 0.00476534
v 0.03174979 -0.00124643 -0.02067626
v -0.00547261 -0.07061763 0.08997094
v 0.02284099 -0.00253763 -0.01969466
v -0.00337341 0.00054477 -0.03895146
v -0.00337341 0.00054477 -0.03895146
v 0.02494019 0.00196717 -0.02353146
v 0.01603139 0.01213437 -0.01236746
v 0.03072579 0.01682637 -0.03269546
v 0.03231299 0.02047597 -0.03627226
v -0.02062781 -0.00095283 -0.02065306
v -0.03424701 -0.02588243 -0.03159386
v -0.03424701 -0.02588243 -0.03159386
v -0.02113981 -0.01752003 -0.01077226
v 0.00717379 -0.02943283 0.04646374
v -0.01904061 -0.02835123 -0.02853386
v -0.01904061 0.00037517 -0.02430186
v -0.03004861 0.02338957 -0.04186586
v 0.03287619 0.03760717 -0.03913706
v 0.03287619 0.04458077 -0.03495066
v 0.02396739 -0.00450883 -0.01877626
v -0.02636221 -0.00876803 -0.01291866
v 0.01505859 0.04334877 -0.01297786
v 0.01454659 -0.03278003 0.02070374
v -0.02477501 -0.03500883 0.00391654
v 0.00512579 -0.01754003 0.06307414
v -0.01898941 -0.02110483 -0.04163626
v -0.01689021 -0.00112243 -0.03619626
v -0.01689021 -0.00112243 -0.03619626
v -0.02789821 0.00038397 -0.00916026
v -0.01269181 -0.03248163 0.02467254
v 0.01510979 0.02389037 -0.03887066
v -0.02421181 0.02498957 0.01639574
v 0.01930819 -0.00501363 0.00459494
v 0.01930819 -0.00501363 0.00459494
v 0.03241539 0.04261597 -0.01708506
v -0.01791421 0.00022557 -0.03158026
v -0.01842621 -0.02586883 -0.01905546
v -0.01842621 0.02988237 0.01933894
v 0.00937539 0.04383437 -0.01067226
v -0.02784701 -0.00339123 -0.00699306
v 0.03036739 0.02080877 -0.04066746
v -0.00895421 -0.07265603 0.05701734
v -0.01786301 0.01887357 0.03285894
v 0.01884739 0.00811757 0.03629654
v 0.01884739 -0.00662323 0.00493574
v 0.01884739 -0.00662323 0.00493574
v -0.01627581 -0.02191683 -0.01278106
v 0.01623619 -0.02583443 -0.03372666
v 0.01152579 -0.00804163 0.02161014
v 0.01152579 -0.00804163 0.02161014
v 0.01572419 -0.02664403 -0.01704266
v -0.02359741 0.03736477 -0.01346346
v 0.03093059 -0.02570643 -0.02874666
v 0.03093059 -0.02570643 -0.02874666
v 0.02202179 0.00948317 0.03473494
v -0.03301821 -0.02347043 -0.04010186
v 0.02150979 -0.00086803 -0.01287706
v 0.01050179 -0.01898083 -0.03860906
v 0.01470019 -0.02621683 -0.01201866
v 0.02780739 -0.02410323 -0.03926266
v 0.01418819 -0.02669363 -0.01169706
v 0.02729539 -0.02097763 -0.01135706
v -0.03245501 0.01609517 -0.03337546
v 0.02417219 0.03762397 -0.01095546
v 0.02417219 0.03762397 -0.01095546
v 0.03046979 0.01708557 -0.02090746
v 0.03256899 -0.02542643 -0.02932986
v 0.03256899 -0.02542643 -0.02932986
v 0.03256899 0.04580397 -0.03416026
v 0.02995779 0.04375517 -0.03833786
v 0.02995779 0.04596957 -0.03409626
v 0.03205699 -0.02523603 -0.02807146
v 0.01214019 0.04374317 -0.01136106
v -0.02298301 -0.00488883 0.03083894
v -0.02298301 -0.00464483 0.02340854
v 0.03154499 0.01771117 -0.03349786
v -0.01772781 0.01564637 -0.03128826
v 0.02369299 -0.00293603 0.02152134
v 0.03208979 -0.02167523 -0.04016186
v -0.01823981 -0.02247923 -0.03727306
v -0.00825581 -0.05837843 0.08258934
v 0.02005779 -0.02803363 -0.03235386
v -0.03288301 0.03571597 -0.04162906
v -0.00456941 -0.02917683 0.00812614
v -0.02658541 -0.02578563 -0.01808586
v 0.01903379 -0.00731283 0.00705414
v 0.03214099 0.03674877 -0.04351626
v 0.02323219 -0.00520163 0.02640054
v 0.00121619 -0.00902243 0.02158534
v 0.02743059 0.01618237 -0.03461146
v 0.03162899 -0.02778723 -0.03129626
v 0.03162899 -0.01084803 -0.04402746
v 0.03162899 -0.01376803 -0.04105866
v -0.03390701 0.04237117 -0.03200266
v -0.03180781 -0.00484003 -0.04025226
v -0.03180781 -0.00484003 -0.04025226
v 0.00700179 -0.02343923 0.04321974
v 0.03321619 0.02940477 -0.01477386
v -0.01711341 0.04457357 -0.02401546
v -0.01711341 0.04437837 -0.02119946
v 0.03060499 -0.00636403 -0.01388906
v -0.00031981 -0.05562883 0.08578374
v -0.00031981 -0.05562883 0.08578374
v -0.01603821 -0.02721603 -0.01945226
v 0.00336659 -0.05579123 0.08598054
v 0.00336659 -0.05579123 0.08598054
v 0.02958099 0.00307837 -0.02317146
v 0.02958099 0.00307837 -0.02317146
v 0.02958099 0.00307837 -0.02317146
v -0.03175661 0.01510317 -0.02109626
v -0.01916141 0.04176637 0.00220614
v -0.03016941 0.02482397 -0.01268746
v 0.02435859 0.04126237 -0.04097626
v 0.03275539 0.03744637 -0.04312106
v 0.01073939 -0.06796883 0.09103254
v 0.03014419 -0.02437123 -0.03886186
v 0.02333459 0.02384397 0.02253654
v 0.03173139 -0.00707763 -0.01324186
v -0.03380461 -0.02485683 -0.03847706
v -0.01649901 0.04445917 -0.02152906
v -0.02750701 0.01663917 0.00131334
v -0.02750701 0.03347117 -0.04369626
v 0.01601299 0.00065117 -0.01896346
v 0.03121939 -0.02514003 -0.03770186
v 0.00029459 0.00033597 -0.03172106
v -0.01281261 -0.02188243 0.02911654
v -0.00861421 0.00668797 -0.03088346
v 0.01969939 0.01594797 0.00996934
v -0.03324141 0.03720637 -0.03804986
v 0.01657619 -0.02683683 -0.02151626
v -0.01854701 0.03208237 -0.02143706
v -0.01644781 0.03671997 -0.01086346
v -0.01224941 -0.00768883 0.00584614
v -0.03426541 -0.01470323 -0.01267226
v -0.00595181 -0.01221683 0.02330134
v 0.00925459 -0.07650003 0.05787414
v 0.03285779 -0.02447843 -0.02760826
v -0.03267821 0.01815117 -0.02163066
v 0.03024659 -0.02294803 -0.01645386
v -0.03319021 0.03927197 -0.04039146
v 0.02133779 0.03117437 -0.04367066
v 0.02343699 0.04193037 -0.00976666
v 0.02763539 -0.02856083 -0.02717146
v 0.02763539 -0.02856083 -0.02717146
v -0.02791661 0.03432717 -0.01240506
v 0.01350419 0.04907357 -0.01010986
v 0.03290899 0.04232077 -0.03113866
v 0.03290899 0.01951837 -0.01751146
v 0.01089299 0.01158157 0.03586934
v -0.02632941 0.04172957 -0.01667786
v 0.02819859 -0.02839763 -0.02915866
v 0.02819859 -0.02839763 -0.02915866
v 0.03239699 -0.02023283 -0.01486746
v -0.03313901 0.03559757 -0.01416506
v -0.00692461 -0.08124323 0.07109254
v -0.02264301 -0.00386403 -0.04107706
v -0.00533741 -0.06103763 0.07467654
v 0.02717459 0.02179197 -0.01033786
v -0.03416301 -0.01457283 -0.03987786
v -0.03416301 -0.01457283 -0.03987786
v -0.01895661 0.04618157 -0.02554506
v -0.02996461 0.03133517 -0.01198506
v 0.01565459 0.00546717 -0.01329226
v 0.02405139 -0.00495843 -0.01789146
v 0.02615059 0.04042717 -0.01551066
v -0.02469101 0.02600557 0.00633734
v -0.02469101 0.02600557 0.00633734
v 0.02932499 -0.00096083 -0.01702986
v 0.01831699 0.01682717 -0.03627946
v -0.00789741 0.05047997 0.00167894
v 0.01570579 -0.02614163 -0.01400426
v -0.01941741 -0.00734083 0.02177814
v 0.02200339 0.03859277 -0.01411706
v 0.02200339 0.03859277 -0.01411706
v -0.00001261 0.00028237 -0.03888026
v -0.00001261 0.00028237 -0.03888026
v 0.00838419 -0.01165283 0.02149734
v 0.00838419 -0.01165283 0.02149734
v -0.01363181 -0.01092083 0.01437654
v 0.02727699 0.00095277 -0.00158426
v 0.01836819 -0.02641283 -0.01952906
v -0.01675501 0.04057997 -0.01478826
v -0.00154861 0.04459037 -0.01209226
v 0.02676499 -0.01624803 -0.01235786
v 0.02676499 -0.01624803 -0.01235786
v 0.00684819 -0.03377363 0.01790854
v 0.03306259 0.04018397 -0.01566746
v -0.03298541 -0.00564803 -0.04056986
v -0.00677101 -0.07978163 0.06330534
v 0.03203859 -0.00761763 -0.01355386
v 0.03203859 -0.01609523 -0.04226746
v 0.01422099 0.02114957 -0.03935066
v -0.01670381 -0.00210803 -0.03782666
v 0.02891539 0.02506637 -0.01371066
v 0.00689939 0.03335197 0.00522774
v 0.01319699 -0.00981603 0.00530374
v 0.01319699 -0.00981603 0.00530374
v -0.03397661 -0.02282323 -0.03577786
v -0.00566301 -0.02948003 0.00720294
v -0.02767901 -0.02428163 -0.01635786
v 0.02894819 0.03458797 -0.01292906
v -0.01037341 -0.00889683 0.01929094
v 0.00483299 -0.02713843 0.00479494
v -0.03238941 0.02090797 -0.04021546
v -0.02189341 -0.00202643 -0.03965546
v -0.02189341 -0.00202643 -0.03965546
v 0.01952739 -0.00699363 0.01722134
v 0.03263459 -0.02504643 -0.02580186
v -0.03290141 -0.02715283 -0.01968106
v 0.02372579 0.04529757 -0.02080266
v 0.02792419 0.02324557 -0.01435866
v -0.01139741 -0.01068563 0.00807654
v 0.00590819 -0.03287363 0.05034454
v 0.00590819 -0.03287363 0.05034454
v -0.02030621 0.03141437 0.00653814
v -0.02711581 0.02569677 -0.04180906
v -0.01400861 -0.01171363 0.00586214
v -0.01032221 0.05077757 -0.00939066
v -0.03443741 -0.00089683 -0.03079146
v 0.00698339 -0.02987523 0.02559014
v 0.01538019 0.03844717 -0.01551386
v 0.01747939 0.04410237 -0.03792746
v 0.03217379 0.04417277 -0.03732826
v -0.03336221 -0.01539283 -0.04408186
v -0.02286621 0.04285357 -0.01790186
v -0.02286621 0.04285357 -0.01790186
v -0.00556061 -0.02252723 0.02896774
v 0.00964579 -0.06238803 0.07185494
v 0.02905059 0.03554797 -0.04428906
v 0.00703459 -0.01166963 0.02088294
v -0.00187421 -0.03271603 0.03940214
v 0.01543139 0.00185197 -0.03007066
v 0.03063779 0.01672317 -0.02226506
v 0.01701859 0.04659357 -0.02875226
v 0.01701859 0.04659357 -0.02875226
v 0.01701859 0.04467677 -0.03541706
v -0.03331101 -0.01794403 -0.04309866
v -0.00709661 -0.03446243 0.01484614
v -0.00499741 -0.02959123 0.03330694
v -0.02701341 0.03991357 -0.04053706
v 0.02700259 -0.01602643 -0.01290426
v 0.02700259 -0.01602643 -0.01290426
v 0.02700259 -0.01935603 -0.01159066
v -0.03433501 -0.00097043 -0.02264826
v -0.03064861 0.03835997 -0.04169946
v -0.01754141 -0.02684803 -0.03173306
v -0.02854941 -0.01727283 -0.04361946
v -0.02645021 -0.01717523 -0.01227866
v -0.01334301 -0.02377683 0.02846294
v -0.03325981 0.04323677 -0.03556266
v -0.01805341 0.04073277 -0.03995866
v 0.02756579 -0.01213763 -0.00524906
v 0.03176419 -0.02604003 -0.03174506
v -0.03377181 -0.02732723 -0.02894986
v -0.01646621 0.03558717 -0.01148906
v -0.02747421 0.02066477 -0.04058666
v -0.02747421 0.02066477 -0.04058666
v -0.01436701 0.04322077 -0.01012186
v 0.03335139 0.01868957 -0.03186746
v -0.01749021 -0.00827443 0.02887254
v 0.01922019 -0.01641603 -0.04380266
v 0.01922019 0.03163357 0.00536854
v -0.02010141 0.01617837 -0.03568426
v -0.00540701 -0.02681123 0.00554374
v -0.02742301 -0.01047203 -0.01023066
v -0.03423261 -0.02505923 -0.02070186
v -0.02112541 -0.00610803 -0.01906266
v 0.01138659 -0.08124163 0.06990134
v 0.02818019 -0.00077523 -0.01743226
v 0.02818019 -0.00077523 -0.01743226
v 0.01717219 -0.02362883 -0.04024186
v 0.01717219 -0.00181603 -0.04033546
v 0.01717219 -0.00181603 -0.04033546
v 0.01246179 -0.00827203 0.01815094
v 0.01246179 -0.00827203 0.01815094
v 0.01824739 0.04581597 -0.01055226
v 0.03135459 0.00223517 -0.02303626
v 0.00723939 0.01093757 -0.03911786
v -0.01687581 0.03215757 0.00845574
v 0.02664419 0.02288237 0.00407574
v -0.01738781 0.00012157 -0.03284906
v 0.03242979 0.02781197 -0.01306186
v -0.03310621 0.04281917 -0.02418986
v -0.01789981 0.03557757 -0.01939466
v -0.02261021 -0.01692563 -0.04400106
v 0.00570339 0.01344397 -0.03131226
v 0.00990179 -0.07662243 0.08434934
v -0.03413021 -0.00058483 -0.02534826
v -0.03413021 -0.00464963 -0.01475546
v 0.03350499 0.02537917 -0.01434106
v 0.02669539 0.03260157 0.00285814
v -0.02573341 -0.01578483 -0.04364426
v 0.00206819 -0.03460883 0.05249734
v 0.01517539 0.04392157 -0.02399386
v 0.01727459 -0.02628723 -0.01908506
v 0.00626659 0.01348717 -0.03922586
v 0.02567139 -0.03415843 0.00186774
v 0.02567139 -0.03415843 0.00186774
v 0.00155619 -0.02537763 -0.03461706
v 0.03196899 -0.00785763 -0.01632186
v 0.00785379 -0.06816963 0.05920294
v 0.02306019 0.04739037 -0.02942426
v 0.02306019 0.04739037 -0.02942426
v -0.00315421 -0.02112403 0.06674054
v 0.01573859 -0.02481363 -0.01223546
v -0.01308701 -0.02975363 0.02682454
v 0.02992099 0.02175197 -0.04122746
v -0.03351581 0.04157597 -0.03411466
v 0.01630179 -0.01815923 -0.04116426
v 0.01630179 -0.02267683 -0.03902266
v -0.03402781 -0.00758483 -0.03927066
v -0.03402781 -0.00758483 -0.03927066
v 0.00478179 -0.01179523 0.02110614
v -0.00832541 0.01275917 -0.03118266
v -0.00622621 0.00164477 -0.03898346
v 0.02208739 0.03618797 -0.04365226
v -0.02194461 -0.00642483 0.03085894
v -0.02194461 -0.00642483 0.03085894
v -0.00883741 -0.06832483 0.06302694
v -0.03295261 0.02705037 -0.01312346
v -0.01825821 -0.00098803 -0.03570106
v -0.03240781 -0.02791443 -0.02576906
v -0.00409421 -0.01836803 0.05996534
v -0.01510221 -0.03559043 0.00450614
v 0.01321139 -0.01055603 0.01857974
v 0.02631859 0.04350237 -0.03862826
v 0.01740979 -0.02853763 -0.03067066
v -0.00670541 -0.06027203 0.09235974
v -0.00460621 -0.03291923 0.02051414
v -0.00040781 -0.06980483 0.05396614
v 0.01269939 -0.05544483 0.09059974
v -0.01141581 -0.00832563 0.01208774
v -0.02923341 0.00087277 -0.01994666
v -0.01192781 -0.00830963 0.01673574
v -0.02974541 0.04284077 -0.03755466
v -0.02764621 0.02663677 -0.00954986
v -0.02764621 -0.00311843 -0.00969626
v 0.00696499 -0.03405283 0.00432534
v 0.03317939 0.04438477 -0.02115306
v -0.01715021 -0.00748963 0.00565734
v -0.01976141 -0.00586003 0.00577414
v -0.01976141 -0.00586003 0.00577414
v 0.02165939 0.02558877 -0.04234026
v -0.02657101 -0.02902803 -0.02980586
v 0.00384179 -0.01102003 0.01834534
v 0.00594099 -0.04928403 0.06261494
v 0.00594099 -0.04928403 0.06261494
v -0.03338061 0.03639917 -0.03951546
v 0.02324659 -0.00339283 0.03314854
v 0.02324659 -0.00339283 0.03314854
v -0.02288461 -0.00165203 -0.01688426
v 0.03164339 -0.01531523 -0.04285146
v 0.03164339 -0.01531523 -0.04285146
v 0.02273459 0.01742557 -0.03706826
v -0.01709901 0.04042637 -0.01629066
v -0.01709901 0.04042637 -0.01629066
v 0.00230579 -0.01163283 0.02431334
v -0.02180941 0.02132717 -0.04132506
v 0.02380979 0.02372237 0.02101574
v 0.01700019 0.04661597 -0.03006186
v 0.01700019 0.04661597 -0.03006186
v 0.03220659 0.03550397 -0.01298826
v -0.00711501 -0.02651203 -0.03296186
v -0.02493261 -0.02853763 -0.03194026
v -0.00552781 -0.01729443 0.02819814
v -0.02964301 -0.02895683 -0.02527386
v -0.02964301 -0.02895683 -0.02527386
v -0.01653581 0.01333517 -0.02792186
v -0.03015501 -0.02830563 -0.02717306
v -0.01965901 0.00121757 0.02199814
v -0.01965901 0.03831437 -0.01555866
v -0.01336141 -0.02267763 -0.03699546
v 0.01495219 0.04752877 -0.01050666
v 0.00604339 -0.01850723 0.06404534
v -0.03327821 0.04111517 -0.02034906
v 0.02964659 -0.00197123 -0.01621066
v -0.02278221 -0.00319203 -0.01750266
v -0.03379021 -0.00177603 -0.01670026
v -0.01858381 -0.00313043 0.03712294
v -0.00127821 -0.03616243 0.05408374
v 0.02493619 -0.02641763 -0.03639706
v 0.00711859 -0.05549763 0.08565654
v 0.00711859 -0.05549763 0.08565654
v -0.02011981 0.03955597 -0.01498586
v 0.01449139 -0.06687923 0.06301894
v 0.01449139 -0.06687923 0.06301894
v -0.03163981 0.01421197 -0.03021386
v 0.02708659 -0.02338963 -0.01150826
v 0.01607859 -0.01658723 -0.03967146
v -0.03425101 -0.01092643 -0.01249946
v -0.02375501 0.01163837 0.01847494
v -0.01955661 -0.00163203 -0.02262266
v -0.01955661 0.00861837 0.01901574
v -0.02846541 -0.01122883 -0.04319386
v 0.01505459 0.00326157 -0.03295066
v 0.03026099 -0.00807043 -0.04360586
v -0.02477901 -0.02132163 -0.04183306
v -0.02267981 -0.00362003 -0.01060506
v 0.01874099 -0.03600803 -0.01123626
v 0.01874099 -0.00786643 0.01933334
v 0.03184819 -0.00629603 -0.01381866
v 0.02713779 0.00770637 -0.01075466
v 0.03343539 0.02903517 -0.01299946
v -0.02370381 0.00772077 0.02138614
v 0.01981619 0.03519197 -0.04396026
v -0.01950541 0.00290397 0.03749974
v 0.00880819 -0.07470563 0.08658054
v 0.02401459 -0.02846723 -0.02868906
v 0.00568499 -0.03230403 0.04873014
v 0.00568499 -0.03230403 0.04873014
v -0.03414861 -0.00642323 -0.03867306
v -0.00214861 -0.06206483 0.07177894
v -0.00214861 -0.06206483 0.07177894
v -0.01627981 0.01197437 -0.01359866
v -0.03199821 0.01450957 -0.03198586
v 0.02672819 0.03397917 0.00063174
v 0.03092659 0.03083757 -0.01254506
v 0.03302579 0.02345437 -0.03810346
v 0.02411699 0.00702317 0.03243974
v 0.01310899 -0.02716003 -0.01367626
v -0.00102221 -0.02994963 0.07335494
v -0.02723661 0.02401997 -0.00968426
v 0.02729139 0.04698477 -0.02908746
v -0.03404621 -0.02436563 -0.03917226
v -0.02774861 0.01635037 -0.00026986
v 0.02887859 0.04438157 -0.01934026
v -0.03245901 0.01532077 -0.03288586
v -0.01935181 -0.02854803 -0.02833626
v -0.01935181 -0.02854803 -0.02833626
v -0.01725261 -0.00774963 0.00784294
v 0.01525939 -0.01849683 -0.03846986
v 0.01945779 -0.02339523 -0.04034026
v 0.03256499 0.04394477 -0.03241706
v 0.03256499 0.02963277 -0.04420506
v 0.03256499 -0.01950883 -0.01462666
v -0.00465741 0.01571277 -0.03095626
v 0.02575539 -0.00905203 -0.04389386
v 0.02785459 0.03133597 -0.01247866
v -0.02037581 -0.00738803 0.02293734
v -0.02298701 0.01115037 0.01844454
v 0.02053299 0.00210877 0.02099734
v -0.02769741 -0.01963283 -0.00991466
v 0.02683059 0.04768397 -0.02926106
v -0.00933501 0.01056477 -0.03799786
v 0.03208579 -0.01027363 -0.01303146
v -0.03345021 0.00153597 -0.03447946
v -0.02715261 0.00192557 0.00500054
v 0.03157379 -0.00111923 -0.01810906
v -0.03396221 -0.01348243 -0.04400586
v -0.01875581 0.01941757 -0.02580186
v -0.01665661 0.00105037 -0.02441866
v -0.02766461 0.01861837 0.00151974
v -0.03447421 -0.00827283 -0.01653626
v -0.03447421 -0.01209683 -0.01366186
v 0.00694659 -0.01971843 0.04900774
v -0.01716861 0.01522797 -0.02569626
v 0.00223619 -0.02593843 0.00491574
v 0.01534339 -0.07932563 0.06602854
v 0.01534339 -0.07932563 0.06602854
v -0.03078781 0.04000717 -0.04026586
v -0.02449021 0.02634317 0.00925174
v 0.03003779 0.04238477 -0.03984266
v -0.02500221 0.03809357 -0.04203386
v 0.02481539 -0.00472163 -0.01241546
v 0.01380739 -0.08069123 0.07486134
v 0.03111299 -0.00566963 -0.04080106
v 0.03321219 0.04272397 -0.02060026
v -0.01921661 0.02655677 -0.02380826
v -0.00401021 0.01671757 -0.03811226
v -0.00401021 -0.07636163 0.08488374
v -0.02812541 0.00184157 -0.02224506
v 0.01539459 -0.07960483 0.07533654
v 0.01488259 0.02801197 -0.03914026
v 0.01698179 0.04617197 -0.02521706
v -0.00923261 0.01027757 -0.03170826
v -0.03334781 0.04441517 -0.02277386
v 0.02118019 0.00849837 0.01878054
v -0.00503421 -0.02186803 0.03723654
v -0.02285181 0.03302877 -0.04372106
v -0.03176061 -0.01450563 -0.04382346
v 0.02015619 0.01044557 0.03555814
v 0.01964419 0.03178317 0.00710934
v 0.03275139 0.03975437 -0.01498106
v 0.00392579 0.04792157 0.00188774
v -0.00078461 0.00313437 -0.03172986
v -0.02961021 0.02844957 -0.04141626
v 0.01549699 0.02089677 -0.01709786
v -0.02382461 0.01746237 -0.01813946
v 0.02809219 -0.00573363 -0.01361466
v -0.01803901 0.03903837 -0.04068026
v -0.00493181 -0.02005843 0.04263334
v 0.01447299 -0.00220323 -0.03936026
v 0.02758019 -0.01081363 -0.00178426
v 0.00346499 0.05204877 -0.00942826
v 0.01396099 -0.08108643 0.06997334
v -0.03426941 -0.01106083 -0.03937466
v -0.02116221 0.02617117 -0.04243626
v 0.03285379 0.03558637 -0.04192186
v -0.03268221 0.00195357 -0.02894106
v -0.03268221 0.00195357 -0.02894106
v 0.03182979 0.04457597 -0.03277786
v 0.00771459 -0.03393283 0.01799654
v 0.02502019 0.00601117 0.00442294
v 0.00300419 -0.00815603 0.02231414
v 0.02921859 0.04721997 -0.02878826
v -0.00590461 -0.01588723 0.02733174
v -0.03001981 -0.00923203 -0.01273786
v 0.01559939 -0.00920723 -0.03960346
v -0.01742461 0.04357997 -0.03047306
v 0.02399619 0.03839837 -0.04269226
v 0.00198019 -0.03049123 0.00456694
v 0.03239299 0.03546797 -0.04378586
v -0.03314301 -0.01324003 -0.04194186
v -0.03314301 -0.01324003 -0.04194186
v -0.00324221 -0.00820643 0.02125494
v -0.01005181 -0.00822483 0.02569814
v 0.01826179 0.03729677 -0.04306106
v -0.01896061 -0.02717923 -0.01994026
v -0.01686141 0.02745997 -0.01157866
v 0.00674179 -0.01930163 0.03767734
v 0.02194819 0.00329357 -0.03117946
v -0.02418301 -0.00603443 -0.01609546
v 0.03244419 -0.02022643 -0.04042906
v 0.03244419 0.01808557 -0.03762346
v -0.01788541 0.04604077 0.00191414
v -0.02469501 -0.03121763 0.00524134
v -0.00738941 -0.05495363 0.08989734
v -0.00738941 -0.05495363 0.08989734
v -0.00319101 -0.03209123 0.04732534
v -0.02730621 -0.03164163 -0.00952586
v -0.02520701 0.04453197 -0.03509546
v -0.01681021 0.00764317 -0.01255306
v -0.00370301 -0.01257763 0.02905414
v -0.01051261 0.04388397 -0.00996586
v 0.03090819 0.00317117 -0.02514906
v 0.03090819 -0.02413043 -0.01755466
v -0.02152061 0.00786957 0.03587894
v 0.00679299 -0.02675923 0.02757654
v -0.02833021 -0.02911123 -0.02650986
v -0.02833021 -0.02911123 -0.02650986
v 0.03039619 -0.02786723 -0.02506586
v 0.03249539 -0.02516083 -0.02730026
v 0.03249539 -0.02516083 -0.02730026
v 0.03249539 0.02970797 -0.04131226
v 0.01887619 -0.00090083 -0.02907226
v -0.03355261 -0.02788403 -0.03198986
v -0.01624701 0.00548077 -0.01566666
v -0.02725501 0.02298397 -0.04152506
v 0.03147139 0.04406397 -0.03800026
v -0.02776701 -0.01471443 -0.00665146
v 0.03095939 -0.01632403 -0.01279306
v -0.02146941 0.04468557 0.00159574
v 0.00213379 -0.03094803 0.00974294
v 0.01943939 -0.00140243 -0.02750106
v -0.01148541 -0.02582963 -0.03409626
v 0.03203459 -0.00918083 -0.01364746
v 0.02102659 0.04487997 -0.02020346
v 0.02732419 0.00165517 -0.03641786
v -0.02300541 -0.00871043 -0.01162586
v -0.00779901 -0.06201283 0.07297014
v -0.01880701 -0.00150323 -0.02321786
v 0.00689539 -0.02367923 0.03591014
v -0.01931901 0.00768317 0.03732854
v -0.00201341 -0.01760243 -0.03896586
v -0.01773181 0.04393997 -0.03049866
v -0.01979821 0.00216957 0.00643174
v -0.01979821 0.00807837 0.00610774
v -0.01559981 0.01858317 -0.03838746
v 0.01691219 -0.00512483 -0.04207866
v 0.03211859 -0.02568883 -0.03203946
v 0.03211859 -0.02098323 -0.03793306
v 0.03211859 -0.02098323 -0.03793306
v -0.02031021 -0.02495763 -0.01733866
v -0.00720301 0.01500877 -0.03860586
v 0.01640019 -0.02463443 -0.01794186
v 0.02059859 0.01315117 0.01528694
v -0.01662381 -0.00796403 0.01249734
v -0.00141741 -0.05035443 0.08280294
v 0.01798739 -0.02706083 -0.01164106
v -0.02133421 0.01957357 0.03073494
v 0.03319379 0.02835997 -0.01615786
v 0.03319379 0.02835997 -0.01615786
v 0.03319379 0.02163757 -0.02082426
v 0.02218579 -0.00359523 -0.02208186
v -0.01974701 0.00004957 -0.02308666
v -0.01764781 -0.00445683 -0.03855946
v 0.01486419 0.04437517 -0.01676986
v 0.01696339 0.00184877 -0.03361786
v 0.03007059 0.04702717 -0.03046986
v 0.00595539 -0.02819763 0.00498134
v -0.03336621 -0.01092403 -0.01232506
v 0.01384019 0.04032717 -0.03613066
v 0.02013779 0.02087917 -0.04086186
v -0.00397741 -0.03357523 0.05382854
v 0.01752659 0.04620477 -0.02367626
v 0.01911379 -0.00006083 0.00653094
v 0.00810579 -0.05480883 0.09011414
v 0.01230419 0.04122077 -0.03577626
v 0.02070099 0.03900317 -0.04230346
v -0.02752941 -0.02695283 -0.03622666
v -0.02333101 0.03360637 0.00599814
v 0.00708179 -0.02785523 0.02678294
v -0.01913261 -0.02880803 -0.02872906
v -0.01703341 0.03120157 -0.01826026
v -0.01283501 0.04983117 0.00040774
v 0.00447059 0.04766317 0.00263814
v 0.03278419 -0.02656803 -0.02194346
v -0.00443821 -0.01934723 0.05851334
v -0.02855341 0.04566557 -0.03013066
v 0.01496659 -0.02732883 -0.02006266
v 0.03227219 -0.02691763 -0.02174506
v -0.03377581 -0.02592323 -0.02599706
v -0.03377581 -0.02592323 -0.02599706
v -0.00546221 -0.06764323 0.09135334
v 0.01343059 -0.06171203 0.07296534
v 0.02653779 0.02398317 -0.01109386
v -0.02379181 -0.00515283 -0.04154026
v -0.03479981 -0.00352483 -0.01731626
v 0.03283539 0.02168077 -0.04043546
v -0.03270061 0.02365357 -0.01350986
v 0.02182739 0.03528477 -0.01090826
v -0.01539501 -0.01952003 -0.03833386
v -0.00070061 -0.05663603 0.06732294
v 0.02920019 -0.02807923 -0.03096586
v 0.03129939 -0.00138163 -0.01913146
v 0.02029139 -0.00550403 0.03414694
v 0.02658899 0.04421117 -0.01908426
v 0.01558099 0.00672797 -0.01583146
v 0.03288659 0.04327917 -0.03343786
v 0.03288659 0.02352877 -0.01458906
v 0.03288659 0.02352877 -0.01458906
v -0.02425261 0.02750237 0.01010294
v -0.03316141 0.04305517 -0.03649066
v 0.02346579 0.00995197 0.03304854
v 0.02346579 0.00995197 0.03304854
v 0.02976339 0.02456397 -0.01383866
v 0.02976339 0.02456397 -0.01383866
v 0.03186259 -0.01154243 -0.01264506
v 0.03186259 0.01852077 -0.01874346
v 0.03186259 0.01852077 -0.01874346
v 0.00774739 -0.03532083 0.07482214
v -0.02527661 0.00108717 -0.03589386
v 0.03135059 -0.00173123 -0.03740426
v 0.03135059 0.00183917 -0.02174266
v -0.00848301 -0.00848323 0.02148534
v -0.02210221 0.01516557 -0.02766666
v 0.00621139 -0.03156003 0.02720774
v 0.02561619 -0.02835843 -0.02622346
v 0.03191379 -0.01549683 -0.04240586
v 0.03191379 -0.01549683 -0.04240586
v 0.00518739 0.01573517 -0.03931866
v 0.03350099 0.02354637 -0.01641946
v -0.02886061 -0.00338163 -0.04058986
v -0.02886061 -0.00338163 -0.04058986
v 0.02566739 0.03449277 -0.01149546
v 0.02566739 0.03449277 -0.01149546
v 0.02566739 0.03449277 -0.01149546
v 0.02515539 0.03883197 -0.04233466
v 0.01624659 0.01498157 -0.01225226
v -0.03408301 -0.01442723 -0.04392586
v -0.01257901 -0.01048803 0.01058134
v -0.02148781 0.01642797 0.00620294
v -0.02148781 0.01642797 0.00620294
v 0.00682579 -0.01728723 0.02694454
v 0.02623059 -0.00541923 -0.01371146
v -0.02199981 -0.02848163 -0.02343546
v -0.01990061 0.02459197 -0.02366746
v 0.02361939 0.04734397 -0.02875546
v -0.02671021 -0.00786163 -0.01265946
v 0.02991699 -0.00586483 -0.01393146
v -0.00100781 0.01475757 -0.03156826
v 0.01419859 0.04834957 0.00090454
v 0.01419859 -0.03384883 0.00719414
v 0.02730579 -0.00926163 -0.00284906
v 0.02730579 0.01717037 -0.00182266
v 0.02730579 -0.00055683 -0.00440986
v 0.00528979 -0.01073843 0.01996054
v -0.03403181 -0.01157203 -0.01260986
v -0.03403181 -0.01157203 -0.01260986
v 0.02049619 0.04322557 -0.03885466
v 0.01578579 -0.02594083 -0.03212666
v 0.02208339 0.04697837 -0.02952906
v -0.02246061 -0.00708003 -0.01834026
v -0.03346861 0.04226557 -0.03125466
v -0.02036141 -0.02896083 -0.02500586
v -0.00095661 -0.01043763 0.01463334
v -0.02611421 -0.03338003 0.00400774
v -0.02611421 -0.03338003 0.00400774
v -0.03082461 -0.02623523 -0.03726826
v -0.02872541 0.04594557 -0.02820106
v -0.02242781 -0.02112883 -0.01625946
v -0.02923741 -0.02908003 -0.02631466
v -0.02923741 -0.02908003 -0.02631466
v -0.02503901 0.00053037 -0.01946666
v 0.00747299 -0.02335683 0.06727494
v -0.02555101 -0.03410243 -0.01028586
v -0.03236061 0.01500717 -0.02515626
v 0.00906019 -0.05323043 0.08249014
v 0.02426659 0.03527277 -0.04394986
v -0.01505501 -0.02741683 -0.01374906
v -0.01505501 -0.02741683 -0.01374906
v 0.00644899 -0.02712643 0.07141974
v -0.03077341 0.03474637 -0.04321306
v -0.02027741 0.01447037 0.00601014
v -0.02027741 0.01447037 0.00601014
v 0.02324259 0.01840397 0.00554454
v -0.02708701 -0.00108003 -0.01000346
v 0.02744099 0.00218717 -0.00103226
v 0.02744099 0.02974317 0.00274934
v 0.00542499 0.00328397 -0.03860666
v 0.03163939 0.03402477 -0.01265866
v 0.00752419 0.00846237 -0.03228426
v -0.00558301 -0.03396323 0.01910054
v -0.01659101 0.01375277 -0.02568426
v 0.03112739 -0.00880963 -0.04386106
v -0.02601181 0.02261757 -0.04156346
v -0.02391261 0.00979837 0.02136694
v -0.03282141 0.01849917 -0.03001066
v -0.00030941 -0.00813363 0.03168694
v -0.00030941 -0.00875683 0.02160134
v 0.00388899 -0.01169763 0.01956774
v 0.00076579 0.01647677 -0.03111866
v -0.01705181 0.01456477 -0.02997466
v -0.00184541 -0.01136643 0.01941654
v 0.00235299 0.00001517 -0.03927386
v -0.00235741 -0.03244883 0.04367974
v -0.02437341 -0.00232323 -0.03993786
v -0.02437341 -0.00232323 -0.03993786
v -0.02227421 -0.03608643 0.00410134
v -0.01387741 -0.02815763 0.00523094
v 0.02754339 0.01444877 0.00232374
v 0.02232099 0.03657197 0.00447734
v -0.03010781 -0.00437603 -0.04048826
v -0.03010781 -0.00437603 -0.04048826
v 0.01919779 0.01014957 0.00507014
v -0.02012381 0.02316077 0.02873574
v -0.01802461 0.03449117 -0.04080826
v -0.02483421 0.04490877 -0.03413466
v -0.01172701 -0.00868563 0.01292134
v 0.01868579 -0.02796403 -0.03324426
v 0.00977699 -0.05894003 0.07864934
v 0.02918179 0.03355437 -0.01264906
v 0.03338019 0.01705037 -0.02138986
v 0.03338019 0.01705037 -0.02138986
v 0.03338019 0.01705037 -0.02138986
v -0.00174301 -0.02724323 -0.01179066
v 0.03076899 0.01611757 -0.03181386
v 0.03076899 0.01611757 -0.03181386
v -0.01956061 -0.00521443 0.03599094
v 0.01243939 -0.01005523 0.01856054
v 0.02764579 -0.01723363 -0.01359546
v 0.02764579 -0.01723363 -0.01359546
v 0.02974499 -0.00212403 -0.04086106
v 0.01873699 0.03038237 0.01731814
v -0.01848541 0.04542317 -0.02187546
v -0.03420381 -0.02472723 -0.01919546
v -0.00850141 0.02949357 -0.03872906
v -0.03312861 0.02643357 -0.03982026
v 0.01668899 -0.02510883 -0.01871386
v 0.01878819 0.04011997 -0.01548666
v -0.00322781 0.04456877 -0.02581146
v -0.02734301 0.04309837 -0.03722986
v 0.02718499 0.02755277 -0.01046586
v 0.02718499 0.02755277 -0.01046586
v -0.03415261 -0.01854963 -0.02338346
v -0.02416861 0.04242797 -0.00898586
v -0.02416861 0.04242797 -0.00898586
v 0.02145059 -0.02352803 -0.04013386
v -0.01577181 -0.02081763 -0.03783146
v -0.02468061 0.02116717 -0.01435786
v -0.01628381 0.03871517 -0.01034666
v 0.00522019 0.04101197 -0.03599066
v 0.03143459 -0.00154723 -0.03335306
v -0.02099421 -0.00636003 -0.04092906
v 0.01571619 -0.02572803 -0.01169866
v 0.03302179 -0.02343043 -0.01835466
v 0.01730339 0.02062717 -0.03975866
v 0.03250979 -0.02436483 -0.02682426
v 0.03250979 0.03439677 -0.01270426
v -0.01781981 0.01923357 -0.02348506
v -0.00261341 -0.02692163 0.00460454
v -0.03353821 -0.01098563 -0.04389066
v -0.02043101 -0.01938323 -0.01220186
v -0.02514141 -0.02833523 -0.02286266
v 0.02257699 -0.03578723 -0.00834266
v 0.02257699 -0.03578723 -0.00834266
v 0.02257699 -0.03578723 -0.00834266
v -0.01674461 0.00678157 -0.03287306
v -0.01674461 0.00678157 -0.03287306
v -0.02775261 -0.00558403 -0.00271626
v -0.01935581 0.02536957 -0.02439306
v 0.02626339 -0.03038963 -0.01178586
v 0.02626339 -0.03038963 -0.01178586
v 0.01525539 0.03567757 -0.01202746
v 0.01474339 0.01982477 0.03158454
v 0.00373539 0.01581357 -0.03839786
v 0.01423139 -0.01657203 0.00465494
v 0.01423139 -0.01657203 0.00465494
v -0.02089181 -0.02889443 -0.02850986
v -0.00568541 -0.02964163 0.00530614
v 0.00481059 -0.02963603 0.00447654
v 0.00481059 -0.02963603 0.00447654
v -0.01720541 0.01547917 -0.03247546
v 0.03156979 0.04640477 -0.03095226
v -0.03186701 -0.02078323 -0.04222026
v -0.03447821 -0.00173523 -0.02801386
v 0.02214899 0.00411197 0.03502054
v 0.00013299 -0.01150163 0.01693014
v 0.01324019 -0.06507443 0.06608454
v 0.01324019 -0.06507443 0.06608454
v -0.03289101 0.03957037 -0.01512266
v -0.03079181 0.00218237 -0.03252026
v -0.00457741 -0.07879683 0.06122214
v -0.02449421 -0.00986003 -0.01560666
v 0.03003379 0.02905757 -0.01265866
v 0.01902579 0.01238477 0.00613894
v -0.02029581 0.04610957 -0.02778026
v -0.01819661 0.03800077 -0.01846666
v 0.02322419 -0.03444243 -0.01177306
v 0.01431539 0.03738877 -0.03767386
v 0.02742259 -0.01319523 -0.01225066
v -0.02500621 -0.01130483 -0.01459546
v -0.03391501 0.04205277 -0.03388106
v -0.02080781 0.04653277 -0.02885306
v -0.02761741 0.03220637 -0.00933546
v 0.03320819 0.02017837 -0.01721386
v 0.02429939 -0.01455443 -0.04414026
v 0.03218419 -0.01771843 -0.04205146
v -0.00503821 -0.03211283 0.02438454
v -0.00293901 -0.01285843 0.03340134
v 0.02537459 -0.03400483 -0.00707626
v 0.02537459 -0.03400483 -0.00707626
v 0.00545779 -0.02838803 0.00472454
v -0.03386381 -0.02698483 -0.02074506
v -0.02756621 0.04229117 -0.01747546
v -0.02546701 0.00966477 0.00593014
v -0.03437581 -0.00236643 -0.03411226
v 0.00704499 -0.06250803 0.07076454
v 0.00704499 -0.06250803 0.07076454
v 0.00704499 -0.06250803 0.07076454
v 0.01754099 -0.01628723 -0.04285466
v -0.01758221 0.03882717 -0.01778586
v 0.02383859 0.01513757 0.01477334
v -0.02490381 0.04095277 0.00166934
v -0.02490381 0.04095277 0.00166934
v 0.02962419 0.04658477 -0.03253226
v 0.02071539 -0.02132163 -0.04171306
v -0.01860621 0.01532557 -0.03112426
v -0.01860621 0.01532557 -0.03112426
v -0.00549901 -0.03174643 0.02495814
v -0.00549901 -0.02092403 0.02902214
v 0.02281459 -0.00420723 -0.01861386
v -0.01650701 0.01488317 -0.01312426
v 0.02491379 0.04178077 -0.04034266
v -0.03222541 0.01447437 -0.02956746
v 0.01549299 0.02177277 -0.02612186
v 0.01759219 0.01879197 -0.03828186
v 0.01759219 0.01990637 -0.03961226
v -0.01963021 -0.00037603 -0.02253066
v -0.02853901 0.04530157 -0.03203546
v -0.02224141 0.01486557 0.03262534
v -0.03324941 0.03898717 -0.03745626
v -0.01804301 0.00323117 0.03777574
v 0.01236979 0.04241917 -0.03433546
v 0.02757619 -0.00989523 0.00086374
v 0.02076659 0.01684157 0.00798454
v -0.03166221 0.03177757 -0.01196986
v 0.00975859 -0.06768643 0.06076694
v -0.01015821 -0.00842643 0.01212454
v -0.03427341 -0.01765523 -0.01352186
v 0.02445299 0.03513277 -0.01273386
v -0.02797581 0.03068477 -0.00894266
v 0.01974259 0.04726797 -0.02903626
v -0.02848781 0.03478397 -0.04356746
v 0.01503219 0.00414797 -0.02763306
v 0.01713139 -0.02843123 -0.02459546
v 0.02132979 0.04708637 -0.02757146
v 0.02132979 0.04708637 -0.02757146
v -0.01799181 0.01542077 -0.02577626
v -0.02690061 0.03218077 0.00284054
v -0.02690061 0.03218077 0.00284054
v -0.01169421 -0.00876083 0.01537974
v -0.00749581 -0.00873203 0.01190294
v -0.03161101 -0.00459283 -0.01474586
v -0.00539661 -0.00485683 0.03628774
v 0.02921459 0.02255997 -0.04200426
v 0.00719859 0.00860557 -0.03153706
v 0.02030579 -0.00724803 0.03188934
v 0.02450419 -0.03222163 0.00375654
v -0.00851981 -0.01777843 0.02837814
v -0.01952781 0.00048077 -0.02745626
v -0.03053581 -0.02184643 -0.04145546
v -0.02633741 0.03807437 -0.04191706
v -0.00693261 0.01491037 -0.03819146
v 0.02086899 0.00866717 0.03569574
v -0.02946061 -0.02226883 -0.04092426
v -0.03207181 -0.00641283 -0.01370666
v 0.02245619 0.04024077 -0.04152906
v 0.01984499 0.01742077 -0.03708906
v 0.00883699 0.04440237 -0.02894426
v -0.00217101 -0.05536883 0.08403014
v 0.01303539 -0.00769123 0.00498214
v -0.02208781 0.01576237 -0.02552026
v 0.02353139 0.02254077 0.00735334
v 0.00781299 0.00654957 -0.03932826
v -0.03150861 0.03300397 -0.04141226
v -0.03411981 -0.02386403 -0.03010506
v -0.02152461 0.03088797 0.01203334
v -0.00841741 -0.07756403 0.06080134
v -0.01783821 -0.02745763 -0.03154506
v 0.02778099 0.04722637 -0.02851386
v 0.00576499 -0.01559603 0.05565734
v 0.03197939 -0.02536643 -0.03117786
v -0.02935821 -0.01325523 -0.01200986
v 0.01836019 0.03179357 0.00519174
v 0.03146739 -0.00379363 -0.01513546
v -0.03196941 0.04530797 -0.03107626
v -0.02777101 -0.02074563 -0.00222506
v 0.01364979 -0.02658243 0.02730774
v 0.01574899 0.03472237 -0.01132266
v -0.00626701 -0.06291683 0.09237894
v -0.02198541 -0.02851923 -0.03170906
v -0.02198541 -0.01882483 -0.04308346
v 0.00632819 -0.03336883 0.00579734
v -0.02459661 -0.00530083 -0.01444426
v 0.00371699 0.01595837 -0.03893866
v 0.01682419 -0.00425763 -0.04192906
v -0.03401741 -0.02564563 -0.01846906
v -0.03401741 -0.02063363 -0.01725866
v -0.00570381 -0.02748883 0.00536694
v -0.02981901 0.01505437 -0.03366906
v -0.01671181 0.01390317 -0.02949066
v 0.01370099 -0.03423443 0.01042534
v 0.02680819 0.01545677 -0.03131946
v 0.02680819 0.01545677 -0.03131946
v -0.02142221 -0.02307283 -0.01627626
v -0.01932301 0.04626557 -0.02905626
v 0.01528819 -0.05493523 0.08954774
v 0.01528819 -0.05493523 0.08954774
v 0.03259379 -0.02410563 -0.02542906
v -0.01773581 -0.01286963 -0.03900986
v 0.02788339 -0.02167283 -0.01520906
v 0.02788339 -0.02167283 -0.01520906
v -0.01457981 0.04375357 -0.00985306
v 0.01793219 0.04675837 0.00054294
v -0.02819901 0.04614317 -0.02694906
v -0.03290941 0.03475037 -0.04119386
v -0.03290941 0.01961197 -0.03666346
v 0.02161859 0.00108877 -0.02167866
v -0.02241341 -0.03627763 -0.00404506
v -0.00300861 0.04368877 -0.01073466
v 0.02740419 0.01347437 -0.00339946
v 0.03160259 -0.01508483 -0.04103066
v -0.03444541 -0.00363923 -0.03407466
v -0.03444541 -0.00363923 -0.03407466
v 0.02638019 -0.02713203 0.00352614
v -0.01084221 -0.01111763 0.02148454
v -0.03285821 0.02366477 -0.03927066
v -0.00664381 0.05156077 -0.00952346
v -0.02865981 0.04244797 -0.01753946
v -0.03388221 -0.01561123 -0.04355946
v 0.00753859 0.03229997 0.00541494
v 0.02274499 0.02873597 0.00508934
v 0.02694339 0.01001277 0.00366054
v 0.00492739 -0.03274963 0.04938854
v 0.00492739 -0.03274963 0.04938854
v 0.00492739 -0.03274963 0.04938854
v -0.02128701 0.02986077 0.01666854
v -0.00817981 -0.07917043 0.06330134
v 0.03324099 0.01884237 -0.02912906
v -0.01708861 -0.02367283 -0.01082826
v -0.01708861 -0.02367283 -0.01082826
v 0.01542339 0.00180957 -0.03234906
v -0.00920381 -0.01105843 0.01037894
v -0.03331901 0.04197197 -0.03298186
v 0.02120899 -0.00300883 -0.02303786
v 0.02960579 -0.02708563 -0.02811626
v 0.02960579 -0.02708563 -0.02811626
v 0.01859779 -0.02880083 -0.03088666
v 0.01859779 0.04147837 0.00383334
v -0.03383101 -0.01704083 -0.04169866
v -0.01862461 0.01769357 -0.02651226
v 0.01547459 0.02475757 -0.01224586
v 0.02858179 0.02951437 -0.01253466
v 0.02806979 0.03667757 -0.04361386
v 0.02335939 -0.02730403 -0.03459146
v -0.00075581 0.04750397 0.00531174
v 0.02545859 0.01776557 -0.03764426
v 0.01445059 -0.06875923 0.05546134
v 0.01864899 -0.01971043 -0.01159146
v 0.01864899 -0.01971043 -0.01159146
v 0.03175619 -0.01183763 -0.04107786
v 0.03175619 -0.02336963 -0.01678346
v -0.03168061 0.02282397 -0.04138106
v -0.03168061 0.02282397 -0.04138106
v -0.01857341 -0.02178083 -0.04097386
v -0.03060541 0.04496157 -0.02766106
v 0.02812099 0.03837837 -0.01415146
v 0.00400579 -0.05430803 0.08516454
v -0.02220861 -0.01696563 -0.01123226
v 0.01921219 -0.03615523 -0.01049866
v 0.03231939 0.02112077 -0.03654746
v -0.03111741 0.00129437 -0.02125066
v -0.01591101 0.01298317 -0.03841946
v 0.01660099 -0.01069923 -0.04189306
v 0.03180739 -0.01616803 -0.04239866
v 0.03180739 -0.01616803 -0.04239866
v -0.03162941 -0.00580563 -0.01388586
v 0.01398979 0.04412797 -0.02869466
v -0.02323261 -0.00402963 0.03217334
v -0.02323261 -0.00402963 0.03217334
v -0.00172861 -0.04730083 0.06182054
v 0.03288259 -0.02611443 -0.03353626
v 0.03288259 -0.02611443 -0.03353626
v 0.01086659 0.03059677 0.01756374
v 0.00195779 -0.06789923 0.06039734
v 0.02136259 0.04659357 -0.02416826
v -0.00485181 -0.02177363 0.04559254
v -0.01376061 -0.01126323 0.01641174
v 0.00144579 -0.00828803 0.02203094
v -0.02476861 -0.00232563 -0.01607946
v -0.00116541 -0.02946563 0.00829654
v 0.02504899 0.03306157 0.00411014
v -0.02318141 -0.02775683 -0.02157466
v -0.03418941 -0.02034963 -0.04175466
v -0.02108221 0.02192637 -0.02227546
v -0.02108221 0.02192637 -0.02227546
v 0.00723139 -0.01059443 0.02105894
v 0.03083459 0.01662317 -0.02336026
v 0.03293379 0.03148717 -0.04244186
v 0.03032259 -0.00586803 -0.04296986
v -0.03311421 -0.01348003 -0.04209466
v -0.03311421 -0.01348003 -0.04209466
v 0.03190979 -0.02364163 -0.03737546
v 0.03190979 -0.02364163 -0.03737546
v 0.03190979 -0.02364163 -0.03737546
v 0.03139779 -0.01036883 -0.04352426
v -0.00582461 -0.03051923 0.02632694
v 0.02248899 -0.02679123 -0.03580266
v -0.01683261 0.04364317 -0.01726346
v -0.03465021 0.00178557 -0.03141786
v -0.03465021 0.00178557 -0.03141786
v -0.03306301 0.03850557 -0.03982026
v -0.01365821 0.04353837 -0.01059386
v 0.02776259 -0.01825123 -0.04309786
v 0.03196099 0.01948557 -0.03524986
v 0.03196099 0.01948557 -0.03524986
v -0.03147581 -0.02357603 -0.01568666
v -0.02727741 0.04446957 -0.02047786
v -0.02727741 0.04446957 -0.02047786
v 0.01624259 -0.02101283 -0.01183546
v -0.02988861 0.01763037 -0.01753866
v -0.00367421 -0.02910803 0.00796614
v -0.02569021 -0.02615203 -0.03747706
v 0.01782979 -0.00041683 -0.02039466
v -0.01309501 -0.02593843 0.02849094
v -0.00259901 -0.01262083 0.03127254
v -0.02671421 -0.01533843 -0.01129306
v -0.02671421 -0.01533843 -0.01129306
v 0.00369859 -0.06826883 0.05615094
v 0.02991299 -0.00394723 -0.01494106
v -0.01831741 0.03415277 -0.02036346
v -0.00152381 -0.06272643 0.07086054
v 0.03098819 -0.01084243 -0.04431466
v 0.02627779 -0.00421923 0.00398454
v -0.03296061 0.03178637 -0.01275946
v 0.02156739 0.04541597 -0.03555786
v 0.02156739 0.04541597 -0.03555786
v 0.02156739 0.04688237 -0.03085466
v 0.02156739 0.04596157 -0.02221146
v -0.02666301 0.01687437 -0.01886346
v -0.03137341 0.01610077 -0.03611866
v 0.01424579 -0.03271923 0.00486454
v -0.03188541 -0.02722403 -0.03567226
v -0.02401901 0.03291757 -0.00957146
v 0.03050899 -0.00533763 -0.01398826
v -0.02191981 -0.02008883 -0.04226906
v -0.01352301 -0.01107363 0.01917494
v -0.02714221 -0.01468083 -0.01174106
v -0.02714221 -0.01468083 -0.01174106
v -0.02765421 -0.01834483 -0.01273546
v -0.02765421 -0.00313523 -0.00333866
v 0.01586579 -0.00936883 -0.03988186
v -0.02135661 -0.02863203 -0.02992426
v 0.00695699 -0.01863843 0.04740374
v -0.03236461 0.00134477 -0.02297626
v -0.02816621 0.01667677 -0.03686026
v 0.02636179 -0.01944803 -0.01175386
v 0.02636179 -0.01944803 -0.01175386
v 0.00644499 -0.01527043 0.03130774
v 0.03265939 0.02010557 -0.03636426
v -0.01767021 0.03495037 -0.01003466
v -0.02867821 0.02191197 -0.04140906
v -0.00507501 -0.01998563 0.03730534
v -0.00087661 -0.04716563 0.06150294
v 0.00542099 -0.01268963 0.02788054
v -0.00558701 -0.03209683 0.00895654
v 0.01381779 -0.02106163 -0.03781066
v 0.00280979 -0.06845283 0.09097334
v 0.01801619 0.03144237 -0.02275466
v -0.03021421 0.01599677 -0.03575866
v 0.01120659 -0.05440323 0.08892294
v 0.01489299 -0.07231523 0.08789334
v 0.02538899 -0.02742083 -0.03427066
v 0.01596819 -0.02700483 -0.02273786
v -0.03226221 0.01895197 -0.03787386
v -0.01705581 0.03663837 -0.01710986
v 0.02856339 -0.02795923 -0.02649306
v 0.02856339 -0.02795923 -0.02649306
v 0.02385299 -0.03556403 0.00171014
v -0.03118701 0.04319917 -0.03707386
v -0.01388141 -0.00765683 0.00540214
v 0.02753939 0.00797117 -0.00137946
v -0.02279021 0.01321517 0.01628534
v -0.02279021 0.01321517 0.01628534
v 0.01182099 -0.07066803 0.05399014
v -0.02750061 -0.01069603 -0.01213706
v -0.02330221 0.01733277 -0.01970906
v -0.03431021 -0.00108323 -0.03221466
v 0.03332499 0.02147997 -0.01632906
v -0.01700461 0.01976797 -0.03879866
v 0.03281299 0.04223677 -0.03716186
v -0.03272301 0.04288397 -0.02645146
v -0.01121901 -0.02328083 0.02914774
v -0.02903661 -0.02929923 -0.02787066
v -0.02903661 -0.02929923 -0.02787066
v -0.02483821 -0.03486723 -0.01025146
v -0.02273901 0.01835357 -0.01025946
v 0.02078099 -0.02855843 -0.02899626
v -0.03164781 0.04436157 -0.02513946
v 0.00926099 -0.05729443 0.07721734
v -0.03006061 -0.02942403 -0.02837946
v -0.03006061 -0.02942403 -0.02837946
v 0.00455059 -0.01203843 0.02577894
v -0.03267181 0.01893837 -0.01812906
v -0.01956461 0.00106157 -0.03613306
v -0.00906861 -0.02028083 0.02898934
v 0.01453459 0.03815437 -0.03625946
v 0.03184019 -0.00759763 -0.01863386
v -0.03159661 0.02380717 -0.04164426
v -0.03159661 0.02380717 -0.04164426
v -0.00538221 -0.01334403 0.02478374
v 0.00618899 -0.01553683 0.05145654
v 0.02559379 0.04737997 -0.02865466
v 0.02559379 0.04737997 -0.02865466
v -0.02053741 -0.00755923 0.03062534
v -0.01843821 -0.03649123 -0.01034266
v -0.03415661 -0.02232083 -0.01796666
v 0.03086739 0.00314877 -0.02752666
v 0.03086739 -0.00006403 -0.03808106
v 0.03296659 0.04018397 -0.04075706
v -0.01736301 0.00106157 -0.02626666
v 0.03035539 0.02280877 -0.04220906
v 0.03245459 -0.02185603 -0.03754506
v -0.00318061 -0.04818243 0.06439014
v 0.02042259 0.04699437 -0.03107786
v -0.01260141 -0.00550723 0.03613974
v -0.03461741 -0.00647603 -0.01438426
v 0.02200979 0.04658237 -0.03249386
v 0.02200979 0.04658237 -0.03249386
v -0.01731181 -0.02016963 -0.01119226
v -0.01731181 0.01575357 -0.03412106
v 0.03040659 -0.01965363 -0.01433226
v -0.00471661 -0.03221523 0.01306454
v 0.01468819 0.02265037 -0.03879226
v 0.02728339 0.03141997 -0.00661066
v 0.00736659 -0.03528563 0.05502374
v -0.00154221 -0.06819123 0.05949654
v -0.00154221 -0.05475283 0.08790774
v 0.03096979 -0.00772003 -0.01310586
v 0.03255699 0.01811837 -0.02678026
v -0.02668141 0.03799677 -0.00902186
v 0.03204499 0.04394237 -0.03331386
v 0.02313619 -0.01444643 -0.04433866
v 0.02733459 0.01669597 0.00077974
v 0.00270739 0.03238477 0.00758614
v 0.01320339 -0.00789683 0.01389414
v -0.01405341 0.04030797 -0.03567386
v 0.01845859 0.02465117 -0.04184906
v 0.03156579 -0.01639683 -0.04326666
v -0.02086301 -0.02859203 -0.03117066
v -0.01876381 0.03033117 -0.02213066
v 0.02265699 0.04676717 -0.02973866
v 0.02265699 0.04676717 -0.02973866
v -0.02767261 -0.00964243 -0.00119626
v 0.02004579 0.00740957 0.01904454
v 0.01533539 -0.00756323 0.00500454
v 0.02163299 -0.00313443 -0.02312106
v -0.01610141 -0.02464243 -0.01155146
v 0.02741859 -0.02203283 -0.04112906
v -0.02291101 0.02250157 -0.04224346
v 0.03161699 0.01864797 -0.03466426
v 0.03161699 0.01864797 -0.03466426
v -0.02081181 0.04335277 -0.03748906
v -0.01661341 0.04213837 -0.00983626
v -0.00350621 -0.01506483 0.04961414
v 0.02480739 0.04669757 -0.02838106
v 0.02480739 0.04669757 -0.02838106
v -0.02762141 0.03512637 -0.00879546
v 0.01379939 0.03842717 -0.03752346
v -0.02552221 -0.01220563 -0.01372106
v -0.02342301 0.04594877 -0.03124586
v 0.01799779 -0.02870243 -0.02495546
v -0.03443101 -0.00538483 -0.01500746
v -0.02132381 -0.02903123 -0.02782906
v -0.00821661 0.05145277 -0.00890266
v 0.03320419 0.03311917 -0.01749706
v 0.02219619 0.00011597 -0.01929226
v -0.03284381 -0.01282163 -0.01224186
v -0.01973661 0.01329917 0.01445334
v -0.01763741 0.03474397 -0.03866106
v 0.02378339 0.01272317 0.01672214
v 0.02746979 0.00018077 -0.00064586
v -0.03386781 -0.00578323 -0.03974986
v -0.03386781 -0.00578323 -0.03974986
v 0.02066019 0.00187597 -0.02510106
v -0.02547101 0.03100237 -0.04378586
v 0.03115619 -0.01028083 -0.01244586
v -0.03437981 -0.00044643 -0.02954826
v 0.00704099 -0.04077123 0.05769494
v -0.00606621 -0.05842883 0.09213494
v -0.00396701 -0.02666563 0.00503174
v -0.00396701 -0.02666563 0.00503174
v -0.02808221 0.01421757 -0.03121626
v 0.01543779 -0.06123123 0.07702294
v 0.03064419 0.03600557 -0.01319866
v 0.03064419 -0.02552403 -0.01901226
v 0.03274339 -0.02340883 -0.03671226
v 0.03274339 -0.02340883 -0.03671226
v 0.03274339 0.02213677 -0.03750026
v -0.03279261 0.00086477 -0.02600426
v 0.02593379 0.00334957 -0.03071706
v 0.01912419 -0.01824883 -0.04328186
v 0.02281059 -0.00176243 0.02140054
v -0.02751901 0.04608877 -0.02849146
v -0.02593181 -0.00478803 -0.04187066
v -0.01963421 -0.00378243 0.03662614
v -0.01753501 0.04152877 -0.03540666
v -0.01543581 -0.00794483 0.03339654
v 0.01287779 -0.06974003 0.05384054
v 0.01287779 -0.06974003 0.05384054
v -0.02644381 -0.03353043 -0.00934506
v 0.01497699 -0.07869603 0.07969094
v -0.01804701 -0.02494883 -0.03470986
v 0.01446499 -0.01485923 0.02478934
v 0.03177059 -0.02405603 -0.03863546
v 0.00714339 0.04572557 0.00544854
v 0.02444899 0.03747837 -0.04338106
v 0.01554019 -0.02664643 -0.02831946
v 0.01973859 -0.00317443 -0.04157066
v 0.00873059 -0.05543443 0.08460454
v -0.02849181 -0.02223363 -0.04108426
v -0.00017821 0.00042397 -0.03134266
v 0.01502819 -0.02718323 -0.01668266
v 0.02132579 0.01248237 0.03434774
v 0.00560739 -0.03020483 0.00480374
v -0.02060701 0.00099757 -0.03589866
v -0.03161501 0.03625357 -0.04264346
v 0.02291299 0.02653277 0.01894694
v 0.02659939 -0.03237843 0.00239894
v 0.01769059 0.03101277 0.01599334
v 0.03289699 0.03800717 -0.04077306
v -0.00222621 -0.03810083 0.05564854
v 0.02608739 0.03151197 -0.04442426
v 0.01717859 -0.03564403 -0.01157626
v 0.01456739 0.00612157 -0.03906986
v -0.02265501 0.03029197 0.00805814
v 0.00565859 -0.03227283 0.01296214
v 0.00514659 -0.02680003 0.07163654
v -0.01896861 -0.02577043 -0.01810186
v 0.00043619 -0.00786963 0.03279094
v 0.01564259 0.01716637 -0.02737466
v 0.02194019 0.04367437 -0.00908986
v -0.02838941 0.01853917 -0.03881786
v -0.01789341 0.04040717 -0.00971146
v 0.03192419 -0.02643043 -0.02402586
v -0.02050461 0.00022557 -0.02298266
v 0.02091619 -0.01777843 -0.01191066
v 0.00099939 -0.02955363 0.00842214
v 0.00309859 0.04455597 -0.02496186
v -0.02311581 0.01615277 0.03053334
v 0.01779299 0.04496077 -0.03705946
v 0.01779299 0.04496077 -0.03705946
v 0.01779299 0.04496077 -0.03705946
v 0.00678499 0.05149197 0.00007094
v 0.00678499 -0.01658963 0.04251734
v 0.01989219 0.00936637 0.00455894
v 0.01989219 0.00936637 0.00455894
v 0.03038819 -0.00251043 -0.01581546
v 0.03248739 -0.02321283 -0.03654666
v 0.03248739 -0.02321283 -0.03654666
v 0.03248739 -0.02321283 -0.03654666
v -0.01994141 -0.01739443 -0.04333466
v -0.00944541 0.00936637 -0.03511626
v 0.03197539 -0.01581923 -0.04220746
v -0.02306461 0.01488397 -0.03256106
v -0.03197341 0.02124157 -0.04095546
v -0.03197341 0.02124157 -0.04095546
v -0.02987421 -0.00238883 -0.01614346
v 0.01784419 0.04695997 -0.03017626
v -0.03458461 -0.00205683 -0.01993386
v -0.01308061 -0.00829763 0.00511814
v 0.00422499 0.04444157 -0.01028986
v 0.03253859 0.04638957 -0.02368746
v 0.00581219 -0.03273043 0.01605094
v -0.03350941 0.04265757 -0.02226906
v -0.03192221 0.03313357 -0.04268186
v -0.03192221 0.03313357 -0.04268186
v -0.03192221 -0.01727443 -0.04405626
v 0.03258979 -0.02475523 -0.03434026
v 0.03258979 0.02200717 -0.03788026
v 0.03258979 0.02200717 -0.03788026
v 0.03258979 -0.02440243 -0.03500106
v -0.03294621 -0.01203523 -0.04393306
v 0.02787939 0.03247197 -0.01245706
v 0.01897059 0.04547597 -0.03534586
v 0.01897059 0.04547597 -0.03534586
v 0.02683699 -0.01176083 -0.04486986
v -0.00669901 0.04698077 0.00235734
v 0.01480499 -0.06851763 0.05822614
v 0.01480499 -0.06851763 0.05822614
v -0.02031821 -0.02861043 -0.02808186
v 0.02949939 0.04725357 -0.02741146
v -0.03235021 0.02107757 -0.04054826
v 0.02427699 -0.03528083 -0.00194666
v 0.02427699 -0.03528083 -0.00194666
v -0.03286221 0.03114237 -0.01232666
v -0.01135821 -0.00886963 0.01583414
v -0.01816781 0.04391917 -0.01903786
v 0.02745139 0.02373357 -0.00379466
v 0.02745139 0.02373357 -0.00379466
v -0.03388621 -0.01315043 -0.04130826
v -0.03388621 -0.01315043 -0.04130826
v -0.01238221 0.04987197 -0.00947946
v 0.02432819 -0.00458643 -0.01747946
v 0.02642739 0.03651837 -0.01331626
v -0.02390221 0.02699037 0.01518534
v -0.00659661 -0.05697123 0.08311334
v 0.02171699 -0.00555043 0.02126374
v 0.02330419 -0.01691683 -0.04374906
v 0.02750259 0.00000877 -0.00190186
v 0.03170099 0.01737597 -0.03125946
v -0.01652941 0.00389517 -0.02419386
v -0.01652941 -0.00777763 0.00552054
v -0.03434701 -0.00726963 -0.01497946
v -0.00813261 0.00294797 -0.03908186
v 0.03328819 0.01830077 -0.02478986
v 0.03328819 0.01975917 -0.02419626
v -0.02804941 0.01809197 -0.01682506
v -0.02385101 0.02843277 0.00656934
v 0.01756979 0.02128397 -0.04076026
v -0.03066061 0.02663037 -0.01230266
v 0.02386739 -0.00082323 0.02150854
v -0.03327181 0.04221037 -0.03460666
v -0.03378381 -0.00927363 -0.03981786
v -0.03378381 -0.00927363 -0.03981786
v -0.01647821 0.00655677 -0.01529946
v 0.00292659 0.05164637 -0.01002586
v 0.01552179 0.03857197 -0.01694186
v 0.01762099 -0.01802083 -0.04303386
v 0.01762099 0.04192637 -0.04024026
v 0.01972019 0.04076477 0.00134854
v 0.02811699 0.02669677 -0.01319066
v -0.02692301 -0.00898563 -0.01255146
v -0.01381581 0.04958637 -0.00342186
v 0.03180339 -0.02720403 -0.03010986
v 0.02079539 -0.01803043 -0.04325386
v 0.00978739 -0.00858723 0.01957974
v 0.02289459 -0.00666403 -0.04346746
v -0.01642701 0.01630957 -0.01336026
v 0.02658099 0.04278877 -0.03945706
v 0.01557299 -0.06269203 0.09106614
v 0.01557299 -0.06269203 0.09106614
v -0.02164941 0.03438797 0.00626854
v 0.03287859 0.03677997 -0.04197786
v -0.03055821 -0.00340403 -0.01533306
v -0.01325261 0.03879757 -0.03674746
v 0.03236659 -0.02247763 -0.02283226
v -0.02006221 0.03958797 0.00352374
v 0.02555699 -0.00568003 -0.01515066
v 0.02765619 0.04737597 -0.02942346
v 0.00354099 -0.02583683 0.00493974
v -0.02057421 -0.02915763 -0.02924346
v 0.02294579 0.03403757 -0.01120426
v 0.02294579 0.03403757 -0.01120426
v -0.02738381 0.03482797 -0.00914986
v -0.02108621 -0.01756723 -0.01102346
v 0.02033459 0.00011997 0.00446534
v -0.01898701 -0.01925763 -0.04153706
v 0.02453299 -0.00351843 -0.04201146
v 0.02453299 -0.00351843 -0.04201146
v -0.02789581 0.02850557 -0.00925866
v -0.02789581 -0.01263043 -0.00976826
v 0.03292979 0.03491197 -0.04032906
v -0.01739981 -0.01491043 -0.03871386
v -0.01530061 0.04285197 -0.01029786
v -0.01530061 0.04285197 -0.01029786
v -0.03311821 -0.01367363 -0.01203866
v -0.03311821 0.03613357 -0.04089226
v -0.02891981 -0.00135523 -0.01719306
v -0.02891981 0.02076317 -0.01475626
v 0.01460019 0.04297437 -0.03106826
v -0.02472141 0.03411117 -0.04346666
v -0.03153101 0.04326397 -0.01863706
v -0.01632461 0.03959917 -0.01061866
v -0.02313421 0.04339117 0.00077974
v -0.02364621 0.02896317 0.00812774
v -0.00843981 -0.06831203 0.05990134
v 0.03298099 0.03287597 -0.01279466
v -0.03255501 0.03853837 -0.01432506
v -0.02835661 0.03098477 -0.04334346
v 0.02617139 0.03963757 -0.04211066
v 0.00625459 -0.03332323 0.05145334
v 0.00154419 0.01439837 -0.03166266
v 0.01465139 -0.00033203 -0.03899066
v 0.01465139 -0.00033203 -0.03899066
v 0.01465139 -0.00033203 -0.03899066
v 0.01465139 0.00218317 -0.03907946
v 0.02775859 0.04132397 -0.04085466
v 0.02985779 0.03624477 -0.04395466
v 0.03195699 -0.01724483 -0.03924106
v -0.00316621 -0.04201203 0.07601654
v 0.03144499 -0.02818083 -0.02963706
v 0.02253619 -0.02864163 -0.02733946
v -0.01678541 -0.02632803 -0.01094506
v 0.01572659 0.01103357 -0.01277226
v -0.03250381 0.00096957 -0.02380026
v -0.00209101 -0.02343763 0.06950454
v -0.00209101 -0.04140803 0.05774454
v -0.01780941 -0.01669363 -0.03833226
v -0.01571021 0.03559517 -0.03786986
v -0.00260301 0.05205917 0.00077014
v -0.00731341 -0.07051523 0.05435654
v 0.02729779 -0.01848243 -0.01119866
v -0.03194061 0.01688317 -0.01832106
v -0.02984141 -0.01719603 -0.04354106
v -0.02354381 -0.02156003 -0.01462746
v -0.02354381 0.02447837 -0.04304506
v -0.00833741 -0.07847763 0.07945574
v 0.02627379 0.03171437 -0.01150826
v -0.01985741 -0.02319683 -0.01847066
v 0.02366259 0.02661837 0.00978534
v -0.01355981 0.04351757 -0.01005306
v 0.01685299 0.00125677 -0.01685466
v 0.03205939 -0.01291683 -0.01283946
v 0.00533299 0.00344397 -0.03146266
v -0.03398861 -0.01084163 -0.04364586
v -0.01878221 -0.00736083 0.00575414
v 0.02263859 -0.02863203 -0.02870826
v -0.02769101 0.02192477 -0.04127386
v 0.00638979 -0.01041363 0.02105734
v 0.03260419 0.02246797 -0.04144426
v -0.01982461 -0.00532163 0.02212854
v 0.00797699 0.01411197 0.03493974
v 0.01427459 0.04475197 -0.01609226
v 0.00434179 0.00602637 -0.03183626
v 0.03265539 -0.02308803 -0.03778266
v 0.03265539 -0.02308803 -0.03778266
v -0.00246781 -0.01792803 0.06299494
v 0.01693699 0.04340877 -0.03684986
v -0.03129341 0.00188477 -0.02238746
v 0.01642499 -0.02062403 -0.01203546
v 0.01642499 -0.02062403 -0.01203546
v -0.02079741 -0.00438483 -0.04026026
v -0.03180541 0.04555837 -0.03052266
v -0.00559101 0.00267597 -0.03096026
v 0.02272259 0.02801197 0.01578934
v 0.01381379 -0.07714563 0.05868694
v 0.03111939 0.01917677 -0.01770346
v 0.03111939 0.01917677 -0.01770346
v -0.03021821 -0.01584163 -0.04404266
v -0.01342461 -0.01346323 0.02496054
v -0.01654781 -0.02531443 -0.02001306
v -0.01654781 0.01216637 -0.02038266
v -0.00344061 -0.01764963 0.06083974
v 0.01596419 -0.02361043 -0.01228266
v -0.03226621 -0.01396883 -0.04335546
v -0.01915901 -0.00783923 0.01330854
v 0.01335299 -0.00945523 0.01052934
v -0.02596861 -0.02294323 -0.04055146
v -0.02177021 0.03793357 0.00243574
v -0.03067901 -0.00427203 -0.04038346
v -0.03067901 -0.00427203 -0.04038346
v -0.01757181 0.02798557 0.02326054
v -0.00917501 0.00569037 -0.03873386
v 0.00603139 -0.01386963 0.03029254
v -0.00077821 0.04310717 -0.03315786
v 0.01652739 0.00110957 -0.03423226
v 0.03122179 0.01836397 -0.01917786
v 0.03332099 0.03263277 -0.01491466
v -0.02801661 -0.02288723 -0.04071306
v 0.00659459 0.01230157 -0.03763786
v 0.02128899 0.03091997 -0.01550346
v -0.00492541 -0.01986723 0.04548374
v 0.01447939 -0.07649523 0.05833414
v 0.03178499 -0.02241443 -0.03727226
v -0.02064381 -0.00190003 0.02239894
v 0.02077699 0.01800157 -0.01929786
v 0.03286019 0.04271917 -0.03401466
v -0.03267581 0.03576077 -0.04305546
v -0.01746941 -0.02531043 -0.03353786
v -0.01746941 0.01808957 -0.03809226
v -0.01746941 0.01808957 -0.03809226
v 0.02395139 0.03100477 -0.04426506
v 0.01504259 0.00609997 -0.03153146
v 0.01714179 -0.02583443 -0.03797706
v -0.03318781 0.04011277 -0.01719386
v -0.01798141 0.04216877 -0.01725866
v -0.00277501 -0.00993843 0.01327174
v -0.03369981 -0.02635603 -0.02543066
v -0.03369981 -0.02635603 -0.02543066
v -0.02059261 -0.02943923 -0.02924186
v -0.00538621 0.05163837 0.00117814
v 0.02502659 -0.03397523 -0.01137466
v -0.01900541 0.00059837 -0.03639706
v 0.02451459 0.04599517 -0.02217866
v -0.01060861 -0.00848243 0.02024054
v 0.03291139 0.02033277 -0.03718586
v -0.03262461 0.02792397 -0.01237706
v -0.01531901 0.04221997 -0.03365626
v 0.03239939 -0.02593203 -0.03242506
v 0.01458179 -0.02660563 0.02630374
v -0.02473981 -0.01974803 -0.01362266
v 0.01878019 -0.02859283 -0.02712826
v -0.01634301 0.04387357 -0.01194666
v 0.02507779 -0.00823523 -0.04380186
v 0.02507779 -0.00581603 -0.01617866
v 0.02717699 -0.01601523 -0.01186346
v 0.01826819 -0.00028003 -0.03039626
v 0.03137539 0.02116877 -0.04116266
v -0.03416061 -0.02354243 -0.02216826
v -0.03416061 -0.01713603 -0.04307226
v 0.02036739 -0.01857123 -0.01188826
v 0.03086339 0.00334957 -0.03171946
v -0.01736701 0.01167357 -0.01265786
v 0.02405379 0.01926637 0.02587974
v 0.01304579 0.04347437 -0.01079066
v 0.01514499 0.04349357 -0.01439226
v -0.03308541 0.03574397 -0.04276106
v 0.02354179 0.01373597 0.01528054
v -0.02468861 0.04564397 -0.03177626
v -0.02049021 -0.03663443 -0.00045786
v -0.00528381 -0.03292323 0.01487414
v -0.01419261 -0.03150403 0.00494774
v -0.01680381 0.03903117 -0.03648906
v 0.01780739 0.03140957 -0.04275866
v 0.03091459 -0.01208163 -0.01241066
v -0.03252221 0.03764077 -0.01368186
v -0.03303421 -0.02537843 -0.01748586
v 0.03198979 -0.02023123 -0.03858346
v 0.03198979 -0.02023123 -0.03858346
v 0.03198979 -0.02239683 -0.03744746
v 0.03198979 -0.02239683 -0.03744746
v 0.03198979 -0.02446323 -0.03695066
v 0.03198979 -0.02446323 -0.03695066
v 0.02256899 -0.00429923 -0.04244666
v -0.02776061 0.01428397 -0.00185466
v 0.02676739 0.02249837 -0.01475386
v 0.02676739 0.03897757 -0.01451946
v 0.03096579 0.04556877 -0.03542666
v 0.03306499 0.02943437 -0.04023866
v 0.02205699 0.03767677 -0.04324666
v 0.00633859 -0.03312003 0.01027654
v -0.02668541 -0.03005683 0.00478934
v -0.02038781 0.03885197 -0.04153946
v -0.01828861 -0.02516803 -0.02028186
v -0.00098301 0.00027197 -0.03330506
v -0.03400701 -0.02616963 -0.02815866
v -0.01670141 0.01207357 -0.02835386
v 0.01161219 0.03658477 -0.03866346
v 0.02471939 -0.00060483 -0.01752266
v -0.02770941 -0.02317443 -0.00979146
v -0.03241981 0.01652877 -0.03549946
v -0.00620541 -0.05617603 0.09131014
v 0.02630659 0.00230077 -0.03504826
v 0.02630659 0.00230077 -0.03504826
v -0.02612221 0.03945757 -0.04098186
v 0.01635539 -0.02294003 -0.04010026
v -0.03397421 0.00065117 -0.03558586
v -0.03397421 0.00065117 -0.03558586
v -0.02086701 -0.02925203 -0.02928826
v -0.02086701 -0.02925203 -0.02928826
v -0.02086701 -0.02925203 -0.02928826
v 0.01794259 0.03702557 -0.04228986
v -0.03448621 -0.00434563 -0.01816106
v 0.02004179 -0.02059523 -0.04221226
v -0.03238701 0.03004317 -0.01185466
v -0.02189101 -0.02915843 -0.02762986
v -0.02450221 0.01457437 -0.03143306
v 0.01220819 -0.00892963 0.00515094
v 0.01220819 -0.00892963 0.00515094
v -0.02081581 0.03194877 -0.01013626
v -0.01661741 -0.00775603 0.00927254
v 0.02480339 -0.02520883 -0.03831626
v 0.02848979 0.04019997 -0.04166746
v 0.01748179 0.01928077 -0.03821306
v 0.01487059 -0.00353843 -0.03956266
v -0.00924461 0.01148637 -0.03843146
v -0.03335981 -0.00598803 -0.01364826
v -0.02025261 0.00876477 0.03671494
v 0.01855699 -0.01036163 -0.04327146
v -0.03177261 -0.01100723 -0.01234746
v -0.03177261 -0.01100723 -0.01234746
v -0.01656621 0.03096157 -0.01167066
v -0.02757421 0.01489837 0.00099334
v 0.01384659 -0.01071043 0.01743174
v 0.03115219 0.00221517 -0.02435146
v -0.03228461 0.03431517 -0.04138826
v -0.00397101 -0.03141683 0.04423574
v 0.02434259 -0.03201043 -0.01190746
v -0.02598701 0.02160397 -0.00983146
v -0.02388781 0.02175197 -0.04127706
v 0.01963219 0.01652797 0.00524934
v 0.03273939 -0.02562323 -0.02292826
v -0.00238381 -0.05264963 0.06596534
v -0.02911021 -0.01619043 -0.01241066
v -0.01861421 0.04226557 -0.03915626
v -0.01651501 -0.01880403 -0.03823706
v -0.00340781 -0.03302963 0.05129174
v 0.03330259 0.02384317 -0.01737146
v -0.01912621 0.01975037 -0.02700986
v -0.01912621 0.01975037 -0.02700986
v 0.01548499 0.03815357 -0.01112746
v 0.01548499 -0.02706483 -0.01869866
v 0.00657619 -0.01636403 0.05640374
v -0.01753901 -0.02752563 -0.02791706
v -0.01753901 -0.02752563 -0.02791706
v -0.01753901 -0.02752563 -0.02791706
v 0.02388179 0.04087357 -0.01055066
v -0.02224941 0.03002237 0.01307734
v -0.00494381 -0.03492563 0.00444374
v -0.02905901 -0.01871203 -0.04310906
v -0.01595181 0.04767517 0.00179574
v 0.00555219 -0.04613603 0.06063094
v 0.00555219 -0.04613603 0.06063094
v 0.03335379 0.02029757 -0.02509866
v -0.01277741 -0.00804003 0.01333414
v -0.02168621 -0.00195203 -0.01899626
v -0.03269421 -0.00253203 -0.01627146
v -0.00438061 0.01669757 -0.03859866
v 0.01502419 0.04362397 -0.02100746
v 0.00611539 -0.02034483 0.06646934
v 0.00611539 -0.02034483 0.06646934
v 0.01922259 0.02932397 -0.01826746
v 0.03232979 -0.01665043 -0.01569386
v 0.03232979 -0.02031603 -0.02118746
v -0.01902381 -0.00754083 0.00693174
v 0.02659539 -0.02105443 -0.04194746
v -0.01533741 0.04417517 -0.01150986
v 0.03238099 -0.02486083 -0.03697466
v 0.03238099 -0.02486083 -0.03697466
v -0.02317101 0.02581837 0.02077334
v -0.02788141 -0.00794963 -0.00660986
v 0.02664659 -0.00131603 -0.01651866
v -0.01948461 0.02338077 -0.02521386
v 0.02613459 0.02200717 -0.01504906
v 0.00621779 -0.01489603 0.04323574
v -0.03100461 -0.02266723 -0.04077786
v -0.02102061 -0.00642163 0.03355974
v 0.01778899 0.04542637 -0.03539706
v 0.01778899 0.04542637 -0.03539706
v 0.01097939 -0.01064803 0.01976934
v 0.02618579 -0.02186803 -0.04113546
v 0.00207059 0.00084317 -0.03145386
v -0.00944941 0.04610397 0.00278534
v -0.02306861 0.00360157 0.02232374
v -0.03407661 -0.00975843 -0.01256426
v -0.03407661 -0.00619683 -0.04088026
v -0.03407661 -0.00619683 -0.04088026
v -0.01938221 0.02069917 -0.02691546
v -0.01938221 0.02069917 -0.02691546
v -0.01728301 -0.02740003 -0.02338586
v 0.02623699 0.01414717 -0.01124186
v 0.00212179 0.01247277 -0.03178746
v 0.01522899 -0.01273603 -0.03938026
v -0.00888621 0.01164317 -0.03409226
v -0.01620781 -0.02526963 -0.01735546
v -0.02511661 -0.02895603 -0.02697866
v 0.01630419 0.02133517 0.03033094
v -0.01881901 0.02058477 -0.02590746
v -0.02772781 -0.00785603 -0.01288506
v 0.02889939 0.04698637 -0.02574826
v 0.01789139 -0.00786803 0.01606694
v 0.03099859 -0.02177923 -0.01546826
v 0.03309779 0.03033437 -0.04391546
v 0.03309779 0.03033437 -0.04391546
v 0.03048659 0.02769437 -0.01283946
v 0.00637139 -0.01490083 0.02643734
v -0.01984301 0.02907517 -0.04275866
v 0.00847059 0.03632157 0.00524774
v -0.00463661 -0.02590643 0.05318934
v -0.01564461 -0.02333043 -0.03628826
v 0.02787539 -0.01538083 -0.01282106
v -0.03240541 0.01578557 -0.03442586
v -0.01929821 0.02225837 -0.02619466
v 0.00901539 -0.00874723 0.01991014
v 0.01531299 0.01871437 -0.02301546
v -0.01090141 -0.01693443 0.02812374
v 0.01951139 0.02581597 0.02519654
v -0.03291741 0.02885517 -0.02149626
v -0.01822301 0.00029917 -0.03000746
v 0.02949539 0.03251917 -0.01258106
v -0.03394141 -0.01259843 -0.04415306
v 0.02898339 -0.02741523 -0.02724506
v 0.03108259 -0.00688803 -0.04247386
v 0.03108259 -0.00688803 -0.04247386
v -0.03235421 0.01552397 -0.03086746
v -0.00613981 -0.01778243 0.02825814
v 0.00645539 -0.02279763 0.06849014
v 0.03266979 0.03069837 -0.04117226
v -0.01765981 0.01628397 -0.02400586
v -0.00245341 -0.01435603 0.04692534
v -0.01346141 0.04358477 0.00591734
v -0.01346141 -0.01725843 -0.03880026
v 0.00804259 -0.08103443 0.07369414
v -0.02708061 -0.01621523 -0.04337866
v -0.02708061 -0.00132163 -0.01718186
v 0.00333219 -0.01477843 0.05244534
v -0.02288221 -0.00343603 0.03354614
v -0.02759261 -0.01074403 0.00139094
v -0.03440221 0.00000957 -0.02733306
v 0.00701859 -0.02444563 0.02785734
v 0.02012579 0.01441837 0.03407094
v 0.00650659 -0.01891043 0.02856854
v 0.00650659 -0.01891043 0.02856854
v 0.01910179 -0.02464883 -0.01786506
v 0.02749859 -0.01136563 -0.04406746
v 0.02749859 0.02043517 0.00233734
v 0.02749859 0.02043517 0.00233734
v 0.02749859 0.00521677 -0.00011546
v -0.01863261 0.03467437 -0.01980426
v 0.02278819 0.04709917 -0.02569706
v 0.02278819 0.02992557 0.00483254
v -0.02544221 0.04025037 -0.04044186
v 0.03328419 0.02064477 -0.02208186
v -0.02805341 0.04039517 -0.04024026
v 0.01546659 0.03688477 -0.01118586
v 0.03226019 -0.02112003 -0.01987306
v 0.03226019 0.01980637 -0.01731226
v -0.00496221 0.00108397 -0.03881626
v 0.01444259 0.04293917 -0.01078986
v -0.02487901 0.03278957 0.00340054
v 0.02703779 -0.02925923 -0.01123786
v 0.01602979 -0.02136403 -0.01228506
v 0.03333539 0.03980077 -0.01698586
v -0.03010141 0.03524957 -0.01259866
v -0.02380381 -0.01767443 -0.01205626
v -0.03271261 0.01750237 -0.01826986
v 0.02181539 0.03497837 -0.04434266
v 0.01710499 0.04089677 0.00510294
v 0.02130339 0.02178237 0.02831654
v 0.02760099 0.02956077 -0.01243386
v 0.02760099 0.02956077 -0.01243386
v 0.00978339 -0.02694723 -0.01188986
v -0.02953821 0.01663197 -0.01883066
v -0.03424861 -0.00334243 -0.03699866
v -0.02795101 -0.02914643 -0.02869706
v 0.02657699 0.03137757 -0.01154826
v 0.03287459 0.04114077 -0.03568186
v 0.03026339 -0.01089523 -0.01246906
v 0.02555299 -0.00370963 -0.01200106
v -0.03368541 -0.02479283 -0.03669946
v -0.00537181 -0.03312483 0.00484934
v 0.02714019 -0.01324083 -0.04437386
v 0.00512419 -0.00964003 0.02113814
v 0.03082659 0.00105597 -0.01926666
v 0.00671139 -0.01924563 0.03960374
v -0.00009821 -0.02641683 0.00529094
v -0.01110621 -0.00923443 0.00637174
v -0.02052701 -0.01422323 -0.04302426
v -0.01422941 -0.03667523 -0.00104106
v 0.02719139 -0.02810083 -0.01120186
v 0.00517539 -0.01103603 0.01941974
v 0.00727459 0.00738797 -0.03868346
v -0.03204701 0.03351517 -0.04140906
v 0.01567139 0.04366397 0.00163734
v 0.01567139 0.04818397 -0.00962986
v 0.01567139 0.04818397 -0.00962986
v 0.03297699 0.03189037 -0.04430906
v 0.03297699 0.03234157 -0.04101386
v -0.03255901 0.01902557 -0.01694506
v 0.01935779 0.00491997 0.00479734
v 0.01935779 0.00491997 0.00479734
v -0.01996381 0.01423117 0.01389334
v -0.01996381 0.01423117 0.01389334
v -0.01786461 0.02979997 -0.03989946
v -0.02257501 -0.01580403 -0.04390586
v 0.03195299 -0.02290563 -0.03760026
v 0.03195299 -0.02290563 -0.03760026
v 0.02304419 0.01717837 -0.01988266
v 0.02724259 0.01520237 -0.00726826
v -0.03409501 -0.02241283 -0.02022906
v -0.02098781 0.04627837 -0.02796906
v 0.03354019 0.01973917 -0.01961386
v -0.00158301 0.05089197 0.00157334
v -0.02359901 0.01974957 -0.01617866
v -0.02359901 0.01974957 -0.01617866
v -0.00839261 -0.06191603 0.07451094
v -0.03040861 0.02153517 -0.04108826
v 0.01521059 -0.07707763 0.06086374
v 0.01521059 -0.07707763 0.06086374
v -0.02411101 0.04269597 -0.03825146
v 0.00630179 0.00466157 -0.03817706
v 0.01940899 0.01437117 0.00501414
v -0.02933341 -0.02896163 -0.02832426
v -0.02933341 -0.02896163 -0.02832426
v -0.02933341 -0.02896163 -0.02832426
v -0.02723421 0.03910397 -0.01459546
v -0.02093661 0.04198797 -0.01678906
v -0.02093661 0.04198797 -0.01678906
v -0.01673821 -0.02059203 -0.01137946
v 0.03098019 -0.02804883 -0.02905546
v 0.03098019 -0.02804883 -0.02905546
v 0.00686499 -0.03048723 0.04490454
v 0.00686499 -0.03048723 0.04490454
v 0.01736099 -0.02571843 -0.03832506
v -0.00885341 -0.07115363 0.05566854
v 0.00635299 0.01289037 -0.03886186
v 0.00635299 0.01295837 -0.03166026
v 0.01946019 -0.01996003 -0.04276586
v 0.02365859 0.01715357 0.01063494
v 0.02053539 0.03954877 0.00403094
v 0.02683299 -0.00142323 -0.01129786
v -0.01143181 0.03222157 0.00762774
v 0.03208819 -0.02780723 -0.02442266
v 0.03208819 -0.02780723 -0.02442266
v -0.01614221 -0.02668403 -0.01702666
v -0.01614221 -0.00278723 0.03726934
v -0.02766221 -0.01221763 -0.00285226
v 0.03265139 -0.02492003 -0.02844266
v -0.01767821 -0.01853763 0.00523894
v -0.00247181 -0.03340003 0.01478054
v -0.03129741 -0.02856083 -0.03179546
v -0.01819021 -0.02411443 -0.03591306
v -0.02551181 -0.02928243 -0.02780586
v -0.02551181 -0.02928243 -0.02780586
v 0.01590899 -0.01342083 -0.03961306
v 0.03111539 -0.00994323 -0.04264186
v 0.03111539 -0.00994323 -0.04264186
v -0.02131341 -0.00487203 0.03490294
v -0.02602381 0.04586157 -0.02930746
v -0.02182541 0.03815277 -0.04212426
v 0.02379379 0.00584557 0.02032854
v 0.00597619 0.04720877 0.00473414
v -0.03334541 -0.00003603 -0.03741946
v 0.00546419 -0.03407043 0.05199974
v -0.01445261 0.04404397 -0.02865866
v 0.02696819 0.03389437 -0.01249546
v 0.02696819 -0.02858323 -0.02809546
v -0.03436941 -0.00086323 -0.03353306
v 0.01754739 0.02069357 -0.03746106
v -0.00656781 -0.07762883 0.05962534
v -0.01757581 0.04112317 -0.01699466
v -0.01757581 0.04112317 -0.01699466
v -0.01757581 0.04112317 -0.01699466
v -0.01547661 -0.02762003 -0.02682266
v 0.02753139 -0.00303043 -0.04160186
v -0.02279821 0.02030557 -0.04058506
v 0.02072179 -0.02838803 -0.03124986
v -0.03170701 0.01607037 -0.01922346
v 0.02282099 0.02878557 0.01213494
v 0.02492019 -0.02768243 -0.03310506
v -0.00810381 -0.07256643 0.05554054
v -0.00810381 -0.07256643 0.05554054
v -0.03221901 0.01477917 -0.02279626
v -0.03221901 0.03159357 -0.04138906
v -0.03221901 -0.02881523 -0.03118586
v 0.02230899 -0.02085043 -0.04180906
v -0.01701261 0.01562317 -0.02188186
v -0.02382221 0.02191757 -0.00984666
v -0.00861581 -0.07343763 0.05675574
v 0.03280499 -0.02584323 -0.03564426
v -0.02013581 0.00181117 -0.03008266
v -0.00073101 -0.04007923 0.07825974
v 0.03178099 -0.02801043 -0.02950746
v -0.01854861 -0.00108403 -0.03802106
v 0.02287219 0.01756957 -0.01145226
v -0.01644941 0.00416077 -0.01301626
v 0.01396339 -0.07985443 0.07784534
v -0.03006861 -0.00319683 -0.04049066
v 0.00454259 0.01009517 -0.03183386
v -0.02638221 0.03629277 -0.04275306
v -0.02638221 -0.01713123 -0.04343226
v 0.03024499 -0.01950403 -0.04258986
v -0.03109261 0.04155517 -0.03905226
v 0.01242739 -0.00838963 0.01819574
v 0.01452659 -0.00215763 0.03647814
v -0.03370381 -0.02242803 -0.01495386
v -0.00748941 0.05149837 -0.00110666
v 0.00039539 -0.00844483 0.02230214
v -0.00851341 -0.07821443 0.07757894
v 0.01980019 0.03983677 -0.04175226
v 0.01089139 -0.07943523 0.06225894
v -0.02684301 -0.02091283 -0.01379306
v -0.02264461 0.02531437 0.02289414
v -0.03365261 -0.02722803 -0.02169706
v 0.00305779 -0.04207123 0.05776774
v 0.01355379 0.03125277 -0.03937306
v -0.02156941 -0.00060723 -0.01862826
v -0.03257741 0.01836397 -0.03671306
v -0.03257741 0.02279037 -0.01408186
v -0.01947021 0.02273917 -0.02590666
v 0.03244659 0.02990797 -0.04201706
v -0.03308941 0.04042157 -0.01600426
v 0.02353779 0.01496477 0.01379334
v -0.02259341 0.03185517 -0.00988426
v -0.02049421 0.01856157 -0.03907706
v -0.02049421 0.01856157 -0.03907706
v 0.00781939 -0.08093923 0.06694534
v -0.02730381 0.00223037 -0.00991146
v -0.02100621 -0.01949923 -0.04270026
v -0.03252621 0.03433277 -0.04314746
v -0.03252621 0.03433277 -0.04314746
v -0.01941901 0.01843757 -0.02759066
v -0.01941901 0.01843757 -0.02759066
v -0.01941901 -0.00764083 0.01400294
v -0.01941901 -0.00764083 0.01400294
v -0.00631181 -0.07745923 0.08330054
v 0.02200179 -0.01729203 -0.01220186
v -0.01522061 -0.00815523 0.01929494
v -0.03355021 -0.00377123 -0.04048506
v -0.00523661 0.05192717 -0.00379946
v 0.03357299 0.01847837 -0.02278586
v -0.01675661 0.00594557 -0.01232746
v -0.02146701 0.01560077 0.01235014
v -0.01726861 -0.01772403 -0.03797146
v 0.01734259 -0.00634883 -0.04233786
v -0.00467341 0.00178957 -0.03091386
v -0.02668941 -0.00234803 -0.03993146
v -0.02668941 -0.00234803 -0.03993146
v 0.03203699 -0.01596403 -0.04242506
v -0.03139981 0.02128557 -0.01432026
v -0.02510221 -0.01996163 -0.01338906
v 0.01631859 -0.02264643 -0.01171146
v 0.03152499 0.03110557 -0.01239466
v -0.03401101 0.00131357 -0.03419546
v -0.03401101 0.00131357 -0.03419546
v 0.03362419 0.01843917 -0.02351146
v -0.02141581 0.01610237 0.01077094
v -0.00830861 0.01163357 -0.03089146
v 0.03311219 0.04177917 -0.03666826
v -0.01931661 0.03195277 0.01040854
v 0.02420339 -0.01772963 -0.04352186
v 0.03155779 -0.00440163 -0.01454106
v -0.01667261 0.01406077 -0.02346986
v -0.01457341 0.00012317 -0.03889626
v -0.01457341 0.00012317 -0.03889626
v 0.02684739 0.02127197 -0.01601306
v 0.02894659 -0.00270643 -0.04135386
v 0.00693059 -0.03319923 0.02070694
v -0.03029181 0.04277917 -0.01798746
v -0.00197821 0.04787997 0.00213254
v 0.01532739 -0.05993763 0.09130534
v -0.03290301 0.03441837 -0.04265626
v -0.01349821 -0.01754643 0.02743654
v 0.01481539 -0.07885443 0.06223814
v -0.00929981 -0.00926563 0.00786854
v 0.03212099 -0.01734003 -0.04170826
v -0.03341501 -0.00868883 -0.01283466
v 0.00800579 -0.07798483 0.05973654
v 0.02321219 0.01901197 -0.03908026
v 0.02741059 0.00741197 0.00033734
v 0.03160899 -0.00159043 -0.02175226
v 0.03319619 0.03153917 -0.01379626
v -0.02604221 0.04001197 -0.00268586
v -0.02394301 0.03353037 0.00352614
v 0.00805699 -0.02904323 0.06980614
v -0.02286781 -0.02139603 -0.04163706
v 0.01855299 -0.02491283 -0.03885306
v -0.01866941 0.02322637 0.02928294
v 0.02275139 -0.01544563 -0.04421706
v -0.01657021 0.00158957 -0.02593626
v 0.02694979 -0.00382803 -0.01127626
v -0.02337981 -0.02464803 -0.03909226
v 0.01333059 0.04337277 -0.01120986
v -0.03489981 -0.00158403 -0.02199866
v -0.02179261 0.04435357 -0.03600106
v 0.02751299 0.00592957 -0.00495226
v 0.03171139 -0.00320643 -0.01594426
v 0.01389379 -0.07910323 0.06174214
v 0.02229059 0.00691277 -0.01194826
v -0.01703101 0.02438477 -0.03879946
v 0.00657219 -0.05559043 0.08591414
v -0.03274941 0.01673917 -0.02560826
v -0.03274941 -0.01323443 -0.04435866
v 0.02177859 0.01664077 0.00463254
v 0.02177859 -0.02874723 -0.02700586
v 0.02966339 0.00195197 -0.03614906
v -0.02276541 0.03553037 -0.04295226
v 0.01865539 0.04252157 -0.01693466
v -0.01646781 -0.00101123 -0.01812346
v 0.03125059 -0.00233123 -0.01590586
v -0.00807101 0.00481037 -0.03097066
v -0.01697981 -0.00880243 0.00539254
v 0.01553219 -0.07600243 0.08311894
v 0.01553219 0.00210637 -0.01816266
v -0.01959101 0.03150397 0.01323574
v -0.00228541 -0.03281123 0.03320294
v 0.01711939 -0.02724003 -0.02073146
v 0.03022659 0.00218477 -0.02075066
v -0.03321021 0.04093997 -0.03819706
v 0.02131779 0.04434797 0.00022854
v -0.00489661 -0.02358563 0.04262934
v 0.02761539 0.04708477 -0.02846106
v 0.02761539 0.04708477 -0.02846106
v 0.02761539 0.04708477 -0.02846106
v 0.03181379 0.03202637 -0.01250346
v -0.03372221 0.00038797 -0.03015946
v -0.01902781 -0.02428483 -0.01961626
v 0.03288899 -0.02484723 -0.03033946
v 0.03288899 -0.02484723 -0.03033946
v -0.02844861 -0.01131523 -0.01228106
v -0.02844861 -0.01131523 -0.01228106
v 0.03237699 0.02620717 -0.04111066
v 0.03237699 0.02620717 -0.04111066
v 0.01194819 0.04506477 0.00488374
v 0.02715459 0.00301037 -0.01097546
v 0.02664259 0.04738717 -0.02872666
v 0.00621379 0.00467917 -0.03136986
v 0.01932099 -0.00142403 -0.02711466
v -0.00950461 0.00750877 -0.03854346
v -0.03203261 0.02886397 -0.01200186
v -0.02783421 0.01365277 -0.00913306
v 0.02879299 -0.02812563 -0.02736666
v 0.00416579 -0.00045843 0.03699014
v -0.02204861 0.04600717 -0.02953786
v 0.00626499 0.01204477 -0.03127706
v -0.03305661 0.03711117 -0.04035706
v -0.03095741 -0.01700643 -0.04411466
v 0.00575299 -0.00574883 0.03529974
v 0.03196739 -0.01619043 -0.04234586
v -0.01626301 0.01797517 -0.03831386
v -0.00105661 -0.05459763 0.08941574
v 0.02725699 -0.02267763 -0.01610586
v 0.02725699 0.02474237 -0.01379706
v -0.01887421 0.02884637 -0.02287306
v -0.02778301 -0.02323123 -0.00950506
v -0.01938621 -0.00690723 0.00576454
v -0.01938621 -0.00690723 0.00576454
v 0.00892739 -0.03164643 0.02380694
v 0.00421699 -0.03232883 0.01208694
v 0.03043139 0.00328157 -0.02374666
v 0.02572099 0.03849437 -0.04274826
v -0.02250941 0.00740477 0.02093734
v -0.03193021 0.01895597 -0.03931306
v -0.02353341 -0.00698803 -0.01747626
v 0.01788739 0.03478477 -0.04350586
v 0.03099459 -0.02757043 -0.02508506
v 0.03309379 0.03848717 -0.04199546
v -0.01933501 0.00136397 -0.03221546
v 0.02628419 -0.02836083 -0.03014266
v -0.02455741 0.04115677 -0.03979946
v 0.03206979 -0.01683603 -0.04225706
v 0.02316099 0.01176237 0.01679814
v -0.02926781 0.04440797 -0.03459946
v -0.02926781 -0.02574003 -0.01794986
v 0.02841619 -0.00339603 -0.04166586
v -0.02401261 -0.00283283 -0.01550186
v 0.03210259 0.01929677 -0.03504026
v 0.03210259 0.01929677 -0.03504026
v -0.01822701 -0.00819043 0.02709414
v 0.02319379 0.00388077 0.02079014
v -0.01612781 0.03342317 -0.03817706
v -0.02713581 -0.02910883 -0.02888266
v 0.02739219 -0.00887283 -0.00629066
v 0.00747539 -0.02683923 0.05684934
v 0.00747539 -0.02683923 0.05684934
v 0.02268179 0.00167037 -0.03612586
v 0.01797139 -0.00759123 0.00743894
v 0.02007059 0.00157517 -0.02563546
v -0.03235821 0.01974237 -0.03987946
v 0.01745939 -0.02800963 -0.02257786
v -0.01766381 0.04719277 0.00165814
v -0.00035821 -0.07659683 0.05819654
v 0.03005459 0.03752477 -0.01384986
v -0.02237421 -0.02568563 -0.01807786
v 0.02114579 -0.00269603 -0.02426666
v 0.02744339 -0.00254403 -0.00394826
v 0.02063379 -0.00723923 0.02132374
v 0.00281619 -0.06256003 0.07073654
v 0.00281619 -0.06256003 0.07073654
v 0.01802259 -0.02184083 -0.04157546
v 0.00701459 -0.02614483 0.02746294
v 0.02432019 -0.00277923 0.03101894
v 0.00230419 -0.07938243 0.06228774
v -0.01971181 0.03555677 -0.04311466
v 0.01699859 0.00118957 -0.03330746
v -0.00501741 0.04736477 0.00230854
v 0.02539539 0.03757997 -0.01342186
v 0.02959379 0.01948557 -0.01746106
v 0.02068499 0.03342397 -0.04436026
v 0.00967699 -0.06133843 0.07380854
v 0.02278419 0.03552797 -0.04395306
v -0.02754541 -0.02704883 -0.01999946
v 0.01387539 -0.03547043 0.00368054
v 0.01807379 -0.00804243 0.02965974
v 0.01807379 -0.00804243 0.02965974
v 0.03118099 0.00269677 -0.02798026
v 0.02017299 0.04683117 -0.02456186
v 0.02017299 0.04683117 -0.02456186
v 0.02017299 0.04683117 -0.02456186
v -0.03225581 0.04325677 -0.02522426
v -0.00604141 -0.08001443 0.07806214
v -0.00655341 -0.05490083 0.08760854
v -0.00655341 -0.05490083 0.08760854
v 0.01495059 -0.02324883 -0.03589066
v 0.03225619 -0.02449443 -0.03697386
v 0.03225619 -0.02449443 -0.03697386
v 0.03225619 -0.02449443 -0.03697386
v -0.02017261 0.03859437 0.00586934
v -0.01807341 -0.01540403 -0.03831946
v -0.02119661 0.01180077 0.03512614
v -0.00389101 -0.03525123 0.05578694
v 0.01551379 -0.02637763 -0.02938906
v 0.00660499 -0.01879603 0.03623974
v -0.02641901 -0.02894003 -0.02730906
v -0.02641901 -0.02894003 -0.02730906
v -0.03322861 0.04227917 -0.01827466
v -0.03112941 -0.01954883 -0.04281226
v -0.02903021 -0.01589363 -0.04403706
v 0.01239059 0.04965997 0.00055174
v -0.03164141 0.03381997 -0.01224746
v -0.02324461 0.01280237 0.03196534
v -0.02114541 0.01625277 -0.02641306
v 0.01556499 -0.00612483 -0.03980746
v 0.01556499 0.04391117 -0.02258186
v 0.01556499 0.00048157 -0.03708106
v 0.01556499 0.00048157 -0.03708106
v 0.02186259 0.03784557 -0.01399946
v 0.01505299 -0.02744243 -0.02668666
v 0.03025939 -0.00909203 -0.01263066
v -0.00276461 -0.06007523 0.07320294
v 0.01454099 0.02115997 -0.03875946
v -0.03368941 -0.01451283 -0.04417626
v -0.02058221 -0.00545843 0.00555734
v 0.02293779 0.00990637 -0.01144346
v -0.02529261 -0.00052003 -0.03809706
v -0.00378861 0.00329117 -0.03150426
v 0.01561619 -0.02733043 -0.02490106
v 0.03292179 0.01855757 -0.01871946
v 0.02821139 0.03774157 -0.04330506
v 0.01930259 0.00758637 0.01613814
v -0.02001901 0.02990477 0.01829254
v -0.02734061 -0.00137843 -0.03905946
v -0.01213421 -0.00802643 0.01141414
v 0.02247699 0.04290077 -0.01040826
v -0.01054701 0.03500957 -0.03822666
v 0.03297299 0.03677197 -0.04279786
v -0.01945581 -0.00613603 0.01507254
v -0.00424941 -0.01683283 0.05401174
v 0.02616339 0.00185037 -0.02061466
v -0.02626541 0.01958077 0.00598614
v 0.03246099 0.01700477 -0.03594426
v 0.03246099 0.04303117 -0.03419786
v 0.00834579 -0.06149443 0.07119734
v 0.00153619 -0.06457443 0.06723574
v 0.03194899 -0.02648563 -0.02467306
v 0.03194899 -0.02648563 -0.02467306
v -0.01838061 0.04585037 -0.02406666
v -0.00317421 0.00130637 -0.03096026
v 0.01413139 0.04275757 -0.01120986
v -0.00839661 0.04446157 -0.01178906
v 0.02201619 0.00168397 0.03540454
v 0.02201619 0.02016317 -0.04010586
v -0.00209901 -0.02658243 0.07134374
v -0.02411501 0.04536957 -0.03314666
v -0.02201581 -0.00613523 0.02770374
v -0.02201581 -0.00613523 0.02770374
v -0.00890861 -0.00860003 0.01651254
v 0.00839699 -0.03650723 -0.00457146
v -0.01781741 -0.00063283 -0.03485386
v 0.00158739 -0.00966883 0.01999814
v 0.02728979 0.02606717 0.00346614
v 0.01628179 -0.02180163 -0.04098426
v -0.03404781 -0.01385923 -0.01233306
v -0.01884141 0.03130157 -0.02159706
v -0.01674221 0.02133677 -0.01225226
v -0.02775021 0.00403517 -0.00573626
v 0.01786899 -0.00790883 0.03137734
v 0.02416659 -0.00155923 -0.01650666
v -0.02826221 -0.02887203 -0.02704346
v -0.02826221 -0.02887203 -0.02704346
v 0.02155539 -0.03590323 -0.01114186
v -0.03087341 0.04542317 -0.02305066
v -0.03087341 0.04542317 -0.02305066
v 0.02995219 0.04753117 -0.02913866
v 0.02995219 0.04753117 -0.02913866
v 0.03312659 0.02364317 -0.03954266
v 0.03312659 0.02364317 -0.03954266
v 0.02527459 -0.00092563 -0.03969386
v -0.02715421 0.03230797 -0.01165546
v 0.02947299 0.03841837 -0.04304666
v 0.03157219 0.03776157 -0.04316826
v 0.00223459 0.04715837 0.00547894
v -0.00877341 -0.01217123 0.02357174
v -0.00877341 -0.06861203 0.06019414
v 0.02583779 0.04576797 -0.03472346
v -0.00508701 -0.02819763 0.00710454
v 0.01221859 -0.00815123 0.01888774
v 0.01221859 -0.00815123 0.01888774
v 0.01221859 -0.00815123 0.01888774
v 0.02532579 0.03809357 -0.04319466
v 0.02742499 0.01576557 -0.00178186
v -0.03391261 -0.02016563 -0.04234266
v 0.01800419 0.01184797 0.03546454
v 0.02010339 -0.00780403 0.02985014
v 0.02010339 -0.00780403 0.02985014
v -0.03022621 -0.00012963 -0.01860906
v 0.02430179 -0.00279363 -0.04128426
v 0.02430179 -0.00279363 -0.04128426
v -0.00191261 -0.02633443 0.00483654
v -0.00191261 -0.02633443 0.00483654
v 0.01539299 0.02655837 -0.01214826
v -0.01082141 -0.02731043 -0.03068826
v 0.02588899 0.01737037 0.00437974
v 0.02588899 0.01737037 0.00437974
v -0.02234141 0.01747117 0.03104774
v -0.02234141 -0.00666563 -0.01126026
v 0.00597219 -0.03253363 0.01429414
v 0.03218659 -0.02085123 -0.03528106
v -0.00713501 -0.03372643 0.02193894
v 0.02117859 -0.01441523 -0.04438426
v -0.01394461 0.04182077 -0.03413066
v 0.01436899 -0.02893043 0.00438134
v 0.01436899 -0.02893043 0.00438134
v 0.02696419 0.03369757 -0.00842506
v -0.01916701 -0.00125363 -0.03904586
v -0.02597661 -0.03389923 0.00282934
v -0.02597661 -0.03389923 0.00282934
v -0.02597661 -0.02897923 -0.03004586
v 0.03065059 -0.00036883 -0.01745306
v -0.01967901 0.00190557 -0.03163386
v -0.03068701 -0.00243283 -0.01598186
v -0.03329821 0.04145837 -0.03095866
v -0.02019101 -0.02405283 -0.01746506
v 0.02122979 0.02821837 0.01934934
v 0.02752739 -0.02825923 -0.02537626
v -0.00129821 -0.03602243 -0.01119066
v 0.01600739 -0.02400883 -0.01605706
v -0.03432221 -0.00456963 -0.01902986
v 0.03331299 0.02634477 -0.01801546
v -0.02172701 -0.00583443 -0.01933146
v -0.03324701 0.04118717 -0.02399466
v -0.02694941 0.03376557 -0.00954506
v -0.01384221 -0.01123603 0.01260054
v -0.03375901 -0.02111123 -0.01436586
v -0.01645341 0.01182957 -0.01666346
v -0.02116381 0.02424717 0.02669494
v -0.03268381 -0.02293763 -0.04069866
v 0.03234019 0.03449117 -0.04427706
v -0.01798941 0.03468077 -0.01979786
v -0.01169181 -0.00816963 0.01932374
v 0.03182819 -0.01692083 -0.04270986
v -0.03370781 -0.00953203 -0.01287866
v -0.01850141 -0.02398483 -0.03958506
v -0.01220381 -0.02452083 0.02900214
v -0.03421981 -0.00791203 -0.01343946
v -0.01532701 0.04444397 -0.01215466
v 0.03029219 -0.02699443 -0.02941306
v -0.02003741 0.01672397 -0.02869146
v -0.02894621 -0.02656323 -0.03669546
v 0.03187939 0.04463677 -0.01955786
v 0.02087139 0.04709997 -0.02634266
v 0.02087139 0.04709997 -0.02634266
v -0.01845021 0.02947997 -0.02239546
v 0.02506979 0.03574797 -0.01249306
v 0.02506979 0.03574797 -0.01249306
v -0.02735901 0.02253277 -0.00949786
v 0.01826019 0.04674717 -0.02435546
v 0.01826019 0.04674717 -0.02435546
v 0.03136739 -0.02689363 -0.03421066
v -0.02997021 0.02216877 -0.04150026
v 0.00044259 -0.01043203 0.01573974
v -0.02367261 -0.01821363 -0.04317226
v 0.00464099 -0.03269603 0.01313574
v 0.03085539 0.00307597 -0.02400346
v -0.02157341 -0.00735523 -0.01768026
v -0.03048221 0.03636237 -0.04246346
v 0.03244259 -0.02008003 -0.01881466
v 0.01252579 -0.01678083 0.02685254
v -0.02049821 0.00660797 0.02117494
v -0.01839901 0.00039837 -0.03256106
v -0.01839901 0.04305517 -0.00967786
v -0.01839901 0.04305517 -0.00967786
v -0.02520861 0.03238877 0.00504774
v -0.02310941 0.04299037 0.00172934
v 0.03141859 -0.01945683 -0.04233706
v -0.03411741 -0.00913043 -0.01260826
v -0.03411741 -0.02179443 -0.01517546
v 0.02670819 -0.00705443 -0.01260266
v 0.01779939 0.00238957 -0.03177706
v 0.02199779 -0.02852403 -0.03018746
v -0.00211741 -0.05676483 0.06831494
v -0.02884381 0.03227517 -0.04361146
v -0.00262941 -0.01703363 0.06072134
v 0.00105699 0.01699197 -0.03144986
v 0.02727139 -0.00811603 -0.01106666
v -0.02515741 -0.02898883 -0.02534426
v -0.02776861 -0.01067923 -0.00170266
v 0.01365219 -0.02082483 0.02786454
v 0.03305699 0.02330717 -0.04016586
v -0.03247901 -0.02174003 -0.01464586
v 0.01892579 0.04007597 0.00492614
v 0.03203299 0.04689677 -0.02544986
v 0.00791779 -0.06266563 0.07095014
v -0.02720541 -0.02886803 -0.02988426
v 0.00110819 0.01736477 -0.03903386
v 0.02732259 -0.01457603 -0.01093386
v 0.02732259 -0.01820083 -0.01340026
v 0.02732259 -0.01820083 -0.01340026
v -0.02300701 0.00330237 0.03416534
v -0.02090781 -0.02188723 -0.01709626
v 0.02051299 -0.00239603 -0.01621786
v -0.03452701 -0.00869203 -0.01426346
v 0.03310819 0.03143117 -0.02885866
v 0.03310819 0.03143117 -0.02885866
v -0.03242781 0.02106317 -0.01494186
v 0.01109219 -0.05666643 0.09126294
v -0.00566861 -0.01899763 0.02860614
v 0.01532339 -0.05960083 0.07917174
v 0.00431539 -0.00868323 0.02115174
v -0.02031181 0.01561437 0.01135014
v 0.00800179 -0.03272483 0.07285734
v -0.01821261 0.04365677 -0.03477946
v -0.02712141 0.01936237 -0.03961946
v -0.03393101 -0.00509603 -0.01424906
v -0.03183181 -0.00162083 -0.01683706
v -0.00351821 -0.06168803 0.07320134
v -0.02763341 -0.00795843 0.00110374
v 0.03109299 0.00020557 -0.03773706
v -0.02133581 -0.01831043 -0.04307546
v -0.02184781 -0.00332083 0.03516454
v -0.03285581 0.01890717 -0.03196746
v 0.01486259 0.00091917 -0.03773946
v 0.03216819 0.02179357 -0.01556986
v -0.03336781 -0.00145363 -0.03866826
v -0.03336781 -0.00145363 -0.03866826
v 0.01435059 -0.02178163 0.00443334
v 0.01435059 -0.02178163 0.00443334
v 0.02745779 0.04130557 -0.01592186
v 0.02745779 0.01716477 -0.00020906
v 0.01854899 0.04110157 -0.01567066
v 0.01854899 0.04110157 -0.01567066
v 0.02064819 0.00534637 0.02014134
v 0.02064819 0.04699277 -0.02972746
v -0.00556621 -0.02687283 0.00515494
v -0.02548301 0.02302477 -0.01324266
v 0.03114419 0.00304717 -0.03008906
v -0.02389581 -0.03576323 -0.00411226
v -0.02389581 -0.03576323 -0.00411226
v 0.03273139 -0.02487203 -0.01887626
v -0.02860621 -0.02849363 -0.03231706
v -0.02230861 -0.01708243 -0.01066506
v -0.00290381 -0.07477763 0.05650214
v 0.02540979 0.03431837 -0.01166906
v 0.02540979 0.03431837 -0.01166906
v 0.02540979 0.03431837 -0.01166906
v 0.02489779 -0.00580723 -0.01518266
v -0.00812621 0.00379357 -0.03883066
v 0.03329459 0.02912397 -0.01639706
v 0.03329459 0.02912397 -0.01639706
v -0.01913421 0.02639357 0.02543574
v -0.03014221 0.02404157 -0.01274346
v 0.02438579 -0.01702163 -0.04390266
v -0.02804301 -0.00637763 -0.01355706
v 0.01337779 0.03653277 -0.03854346
v 0.01286579 -0.06835363 0.05576774
v 0.03227059 0.04651197 -0.03316826
v -0.00546381 -0.01104643 0.01495014
v -0.01647181 0.00027917 -0.01592746
v 0.01132979 -0.06530723 0.09176294
v 0.01552819 0.00129757 -0.03581146
v 0.02182579 0.04693677 -0.02593786
v 0.00400819 -0.03228163 0.04598054
v -0.03321421 -0.01008163 -0.01256266
v -0.02271821 -0.02962323 -0.02682746
v -0.03423821 -0.01266643 -0.01247866
v 0.02028979 0.00224477 0.03629174
v -0.02794061 0.03513037 -0.01283306
v 0.01557939 0.00149997 -0.01985546
v 0.01557939 0.00155197 -0.02669226
v 0.01977779 -0.00124403 0.02038454
v -0.03265101 0.03949837 -0.04063946
v -0.01744461 0.01555837 -0.02331466
v 0.01296819 -0.00959363 0.00627734
v 0.01296819 -0.00788003 0.00989974
v 0.01506739 -0.00214643 -0.03937546
v 0.01506739 -0.00214643 -0.03937546
v 0.01716659 -0.03638403 0.00214294
v 0.03237299 -0.02208403 -0.02131786
v -0.02896461 -0.02883363 -0.02825626
v -0.02896461 -0.02883363 -0.02825626
v 0.00354739 -0.02759603 -0.02199946
v 0.02085299 -0.00356483 0.03500854
v 0.02924979 -0.02011443 -0.04220906
v -0.02317901 -0.01687843 -0.01124746
v -0.01898061 0.04029837 0.00556774
v 0.02453939 -0.02187043 -0.04134266
v -0.02788941 0.02536157 -0.04145866
v 0.01563059 -0.02697283 -0.02221066
v -0.02630221 -0.02884243 -0.03117626
v 0.00201139 -0.00861203 0.02988934
v -0.03311181 -0.02758563 -0.03481466
v -0.00531021 -0.03034483 0.02707254
v 0.02300339 -0.02176163 -0.04141146
v -0.00321101 -0.03239603 0.03796614
v -0.02522701 -0.00390963 -0.04145706
v -0.01892941 -0.01968003 -0.01148986
v 0.01568179 -0.05539043 0.08853494
v 0.03298739 0.04171677 -0.02356506
v 0.03298739 0.04171677 -0.02356506
v 0.01726899 0.04248237 -0.01802666
v 0.02356659 0.01956477 0.02712374
v 0.03196339 0.02767437 -0.04177226
v 0.03196339 0.02767437 -0.04177226
v 0.00994739 -0.00814323 0.03098854
v -0.00577101 0.00208637 -0.03108106
v -0.01729101 -0.00822723 -0.03860746
v -0.02829901 -0.02930003 -0.02710266
v -0.00889421 0.01125437 -0.03114506
v 0.03201459 -0.02336643 -0.03566026
v 0.03201459 -0.02336643 -0.03566026
v 0.03201459 0.01657197 -0.03537626
v -0.02932301 -0.01959123 -0.04246106
v 0.02730419 -0.01092323 -0.00689706
v -0.02302541 0.04318797 -0.03762026
v -0.02092621 -0.03595923 0.00445814
v -0.02773581 0.01822397 -0.00064026
v 0.01368499 -0.02713603 -0.02942506
v 0.02679219 0.03710317 -0.04347386
v 0.01578419 -0.02635443 -0.02981066
v -0.01723981 0.03075117 -0.03865306
v 0.03047859 0.01613277 -0.03081946
v 0.03047859 0.01613277 -0.03081946
v 0.03257779 -0.02480243 -0.02435306
v 0.01476019 -0.06259123 0.09169574
v 0.03206579 -0.02176243 -0.03687706
v 0.03206579 -0.02176243 -0.03687706
v 0.02315699 0.03241677 -0.04460026
v 0.03155379 -0.01462563 -0.04269066
v 0.02631299 -0.03195683 -0.01130586
v -0.01981821 0.01456317 0.00824054
v -0.01981821 0.01456317 0.00824054
v -0.00461181 -0.02271443 0.05018774
v 0.01059459 -0.03412243 0.00440534
v 0.01059459 -0.03412243 0.00440534
v -0.03133821 0.04544557 -0.03150506
v -0.02294141 0.00055757 0.02261574
v -0.03394941 -0.00566963 -0.04012666
v -0.03394941 -0.00566963 -0.04012666
v -0.03394941 -0.00566963 -0.04012666
v -0.03394941 -0.00566963 -0.04012666
v -0.03185021 0.04386957 -0.03585306
v -0.03185021 0.02183757 -0.04120346
v -0.03185021 0.02183757 -0.04120346
v -0.02555261 -0.02217523 -0.04122586
v 0.02897539 0.03937677 -0.04250426
v -0.00824701 -0.06400643 0.06921654
v 0.03317379 0.02116957 -0.03525706
v 0.02953859 0.03264237 -0.04465626
v -0.00768381 0.04267197 -0.03345706
v -0.00558461 -0.03391843 0.01478374
v -0.01239421 -0.02718003 0.02833654
v -0.03441021 -0.00251203 -0.02092266
v -0.03441021 -0.00581523 -0.01776346
v -0.02130301 -0.00237923 -0.01169306
v -0.02811261 -0.01966563 -0.04259306
v -0.02601341 0.02503037 -0.00973306
v -0.02601341 0.02849357 -0.04335866
v -0.02601341 0.00593357 -0.01015386
v 0.01489539 0.01459597 -0.03357946
v 0.00598659 -0.03101603 0.00980774
v 0.03168899 0.02399837 -0.01412826
v 0.03168899 0.02399837 -0.01412826
v -0.02073981 0.00127117 -0.02628426
v 0.00757379 -0.02205523 0.06454614
v 0.00757379 -0.02205523 0.06454614
v 0.02278019 -0.03526243 -0.01148906
v -0.01654141 0.00786477 -0.01274986
v -0.02596221 0.01214957 -0.01002906
v -0.02176381 0.04625437 -0.02842826
v -0.03277181 0.00121117 -0.02096986
v -0.03277181 0.01743277 -0.01929066
v 0.02805379 0.04691277 -0.02529306
v 0.03225219 0.04413757 -0.03462106
v -0.03328381 0.04303917 -0.03474186
v 0.02754179 -0.01067683 -0.00563386
v 0.01863299 -0.00085283 -0.03917146
v 0.02073219 0.02353597 0.02703014
v -0.01858941 0.03726237 -0.04249226
v 0.01392259 -0.00988803 0.00461734
v -0.02120061 0.03343597 -0.00970346
v -0.00809341 -0.07776963 0.08182454
v 0.03281539 0.02798797 -0.01299866
v 0.02390659 0.03679677 -0.01302266
v 0.02390659 0.03679677 -0.01302266
v -0.00020861 0.04371757 -0.01048346
v 0.01499779 0.00177677 -0.03586266
v -0.00491901 -0.07645203 0.05810614
v -0.02903421 -0.02894083 -0.02802186
v -0.02903421 -0.02894083 -0.02802186
v -0.02903421 -0.02894083 -0.02802186
v -0.02903421 -0.02894083 -0.02802186
v -0.02693501 0.02457677 -0.01253386
v 0.02969219 -0.02075043 -0.01491546
v 0.02969219 -0.01003923 -0.01259946
v -0.02954621 -0.01474723 -0.04402506
v 0.02708099 0.03782797 -0.04304986
v -0.02324861 0.00912557 0.02007734
v 0.02656899 0.04642477 -0.03304906
v 0.02185859 0.04690157 -0.02987546
v 0.01294979 -0.00941923 0.01717574
v 0.01714819 0.03552957 -0.04124826
v -0.00696701 -0.08094963 0.06744934
v -0.01848701 -0.02212003 -0.03830586
v -0.03420541 -0.00605523 -0.04044426
v 0.03342979 0.02328637 -0.01518666
v 0.03342979 0.02328637 -0.01518666
v -0.03261821 0.01490077 -0.03170666
v -0.00430461 0.02412957 0.02821734
v 0.01090179 -0.05681043 0.08335094
v 0.02820739 0.00295037 -0.02623226
v 0.02820739 0.00295037 -0.02623226
v -0.03103101 -0.01454803 -0.04388266
v -0.00481661 0.01316237 -0.03151786
v -0.03364221 0.04398557 -0.02149626
v -0.03154301 0.03723037 -0.04227866
v -0.01213821 -0.02903763 0.02755334
v 0.03348099 0.02422477 -0.01474346
v 0.03348099 0.02422477 -0.01474346
v -0.00584061 -0.02036803 0.02887414
v -0.02785661 -0.00446083 -0.00922986
v 0.03245699 -0.02343523 -0.01724106
v -0.01997181 -0.01360083 -0.04235866
v -0.02468221 0.01938237 0.00621094
v 0.02984579 0.01853197 -0.01872346
v 0.02723459 0.04496157 -0.02032106
v 0.01832579 -0.01909603 -0.04316826
v 0.03143299 -0.00266003 -0.03652186
v -0.00788861 -0.07033763 0.08951174
v -0.00788861 -0.07033763 0.08951174
v -0.00261501 0.00041997 -0.03153466
v -0.02673021 -0.02593203 -0.03744106
v 0.01888899 -0.00755123 0.01018294
v -0.02043261 0.01513517 -0.02943146
v 0.00788099 -0.06951043 0.05400214
v -0.01833341 -0.00815443 0.02102614
v -0.02985341 -0.02731683 -0.03541466
v -0.03246461 0.02839357 -0.01191626
v -0.00625021 -0.03604563 0.00383014
v 0.00634499 -0.03556003 -0.01143466
v -0.00676221 -0.07432723 0.08710294
v 0.00373379 -0.03023763 0.00881894
v -0.02248061 -0.00436883 0.02259974
v -0.00727421 -0.05959123 0.09210374
v -0.02929021 -0.02871843 -0.02786826
v 0.01422979 -0.06426083 0.09171894
v 0.02733699 0.04728877 -0.02871466
v 0.02733699 0.04728877 -0.02871466
v 0.01842819 0.01585197 -0.03209786
v -0.03400061 -0.02330803 -0.02406266
v 0.01791619 0.03803437 -0.04224906
v 0.00900739 -0.01081523 0.02056134
v 0.00900739 -0.01081523 0.02056134
v 0.00586579 -0.02821363 0.00661974
v 0.03208019 -0.02389603 -0.03819386
v -0.03345581 -0.00568083 -0.04003146
v -0.03345581 -0.00568083 -0.04003146
v -0.01824941 0.00081197 -0.02624346
v -0.01405101 -0.02695443 -0.03171866
v 0.00484179 -0.06183443 0.09228134
v 0.03105619 0.02776077 -0.04349626
v -0.00826541 -0.06875603 0.05546454
v 0.03315539 0.03626557 -0.01790506
v 0.03315539 0.04079277 -0.01761466
v -0.03238061 -0.02863043 -0.02497306
v -0.03238061 -0.02863043 -0.02497306
v -0.01297581 -0.03428883 0.00716214
v -0.02188461 -0.02909203 -0.02632986
v -0.03289261 0.03203837 -0.01222026
v -0.00667821 0.00701837 -0.03139786
v 0.02373459 -0.01343923 -0.04478746
v 0.01272659 -0.00796003 0.02261174
v 0.01272659 -0.00796003 0.02261174
v -0.01819821 0.00195437 -0.01211386
v -0.01609901 0.04865677 -0.00864106
v 0.00120659 -0.03128163 0.00437094
v 0.01431379 -0.01131523 0.01699574
v 0.01851219 -0.00175603 -0.04022746
v 0.01851219 -0.00175603 -0.04022746
v -0.03391661 -0.02106963 -0.04184826
v -0.00770221 -0.06780963 0.06066054
v -0.00140461 -0.02630163 0.00524854
v -0.01241261 0.04489917 0.00285734
v 0.03320659 0.03446077 -0.01461146
v 0.02639699 0.02435517 -0.01363626
v -0.00872621 -0.06852163 0.05708294
v 0.00648019 -0.01267843 0.02286534
v -0.03284141 -0.02749283 -0.02678106
v -0.01763501 0.01553197 -0.02934506
v 0.01487699 0.02504957 -0.03936186
v -0.02444461 0.02776557 -0.04346026
v 0.03008339 -0.02710563 -0.02559386
v 0.02327379 0.04696797 -0.02965866
v 0.02327379 0.04696797 -0.02965866
v 0.02327379 0.04696797 -0.02965866
v -0.01655981 0.00699917 -0.01294426
v 0.01805139 -0.00732483 0.00467414
v 0.01805139 -0.00732483 0.00467414
v 0.03115859 -0.01671363 -0.04349466
v -0.03437741 -0.00525603 -0.01444186
v -0.02127021 0.00225517 -0.03001226
v -0.02598061 0.00247277 -0.03120586
v 0.01544019 0.01375357 -0.01923146
v 0.03064659 -0.01551283 -0.04405386
v -0.00867501 -0.02756083 -0.01475946
v -0.02439341 0.01721837 0.01134614
v 0.02122579 -0.00164323 0.02138134
v -0.00759981 -0.07322963 0.08781574
v -0.01650861 -0.02497043 -0.01903786
v -0.01333421 -0.01142403 0.02149734
v -0.03325101 0.04316157 -0.03156026
v -0.00703661 -0.07533043 0.05725414
v 0.02757459 -0.02573843 0.00204294
v 0.01554259 0.01919997 -0.01253946
v 0.03284819 0.01675277 -0.02142906
v 0.03284819 0.01675277 -0.02142906
v -0.01958061 -0.02893283 -0.02882986
v -0.01958061 -0.02893283 -0.02882986
v -0.02219181 -0.01802083 -0.01149626
v -0.03110061 0.00199597 -0.02425786
v -0.03110061 0.00199597 -0.02425786
v -0.01850541 -0.02791363 -0.02206186
v -0.03212461 0.01600797 -0.03543706
v 0.02450259 -0.00531843 -0.01725386
v 0.03080019 0.04477517 -0.02002346
v 0.03289939 0.02123117 -0.03878826
v -0.03263661 0.01946237 -0.03872346
v 0.02189139 0.01634557 -0.03493146
v -0.02633901 -0.03204563 0.00452534
v 0.03028819 0.04180317 -0.01647866
v -0.01794221 -0.01990883 -0.01076026
v 0.01666899 0.00415677 -0.01370986
v 0.03187539 -0.01553603 -0.04012106
v -0.00534701 -0.02701603 0.00488454
v -0.00534701 -0.02701603 0.00488454
v -0.00114861 -0.02172803 0.06834454
v -0.02736301 0.03838397 -0.01408986
v -0.02316461 -0.00232323 0.03325654
v -0.00585901 -0.03314563 0.02312134
v -0.01686701 -0.00146563 -0.01928026
v 0.02665299 0.00249517 -0.02674906
v -0.00427181 -0.03188643 0.03268134
v 0.02404179 0.02331277 0.01963734
v -0.02628781 0.02515677 -0.01216186
v 0.02824019 -0.00586323 -0.04299146
v 0.03033939 -0.02763363 -0.02831306
v -0.02889901 -0.02872163 -0.02920186
v 0.02982739 0.03404397 -0.01264746
v -0.01630381 0.04448797 -0.01789786
v 0.02511699 0.02432317 -0.01135546
v -0.02311341 -0.02040723 -0.04228906
v 0.03141459 -0.00019123 -0.03024506
v 0.02040659 -0.00459043 -0.04225626
v -0.01891501 0.03904797 -0.04181546
v -0.00580781 0.04377357 -0.01080186
v 0.02199379 -0.00474723 0.03363254
v 0.01938259 0.01358717 0.01348294
v -0.02045101 0.02596477 0.02516934
v 0.02096979 -0.02828643 -0.03030666
v -0.00524461 -0.03249363 0.02353574
v 0.02306899 -0.00524323 0.03167014
v 0.02306899 -0.00524323 0.03167014
v 0.03146579 -0.01353523 -0.04400746
v 0.01364819 -0.07333043 0.05525574
v 0.00264019 -0.01598883 0.05911094
v -0.02357421 -0.00302163 0.02365414
v 0.03305299 0.03057277 -0.04421146
v 0.00632659 -0.01223843 0.02140374
v -0.01988781 -0.00646643 0.03466934
v -0.01778861 0.04057757 0.00607814
v -0.01830061 -0.01910083 -0.01101546
v -0.02511021 -0.02677923 -0.01954026
v -0.01881261 0.02526957 -0.01022026
v -0.00360621 -0.02874003 0.07061574
v 0.02470739 0.01529917 -0.03094426
v 0.01318739 0.04471197 -0.01283066
v 0.00217939 -0.06482003 0.09207894
v 0.03049299 0.00275437 -0.03400586
v -0.02193581 -0.02864163 -0.02923466
v -0.02193581 -0.02864163 -0.02923466
v 0.03259219 0.02642237 -0.01335306
v -0.00463021 -0.01230323 0.02256614
v -0.02244781 0.04622557 -0.02585066
v 0.01793059 0.04110957 -0.01612266
v 0.01793059 0.04110957 -0.01612266
v -0.01929181 0.00133277 -0.03510266
v -0.02610141 -0.02184163 0.00531734
v 0.01741859 -0.03482643 -0.01172826
v -0.03291101 0.04492077 -0.02236986
v 0.02581539 -0.02407923 -0.01710986
v 0.01480739 -0.08087763 0.07075654
v 0.02530339 -0.03288403 -0.01170106
v 0.02530339 -0.03288403 -0.01170106
v -0.02502621 -0.00116563 -0.01715786
v 0.02269219 0.00014077 -0.01861946
v -0.02343901 0.04597837 -0.02793306
v -0.03234781 0.02294637 -0.01372746
v 0.02637859 -0.01529043 -0.04423626
v 0.03006499 0.01587677 -0.02804426
v -0.02026461 -0.02660083 -0.03674346
v -0.02968541 0.03025437 -0.04259786
v 0.01383459 -0.01844803 0.02740134
v 0.01383459 -0.00105203 -0.03933706
v 0.01383459 -0.00105203 -0.03933706
v -0.02548701 -0.00479203 -0.01404266
v 0.01803299 0.01922797 -0.03933706
v 0.01542179 0.00297997 -0.02295786
v -0.03280861 0.02863997 -0.01541706
v -0.01970141 -0.00181763 0.02211894
v -0.00659421 -0.03225763 0.02469174
v -0.02861021 -0.01578643 -0.01248666
v -0.02861021 0.03247117 -0.01201226
v 0.02591779 -0.00365603 -0.04208346
v 0.02591779 -0.00365603 -0.04208346
v 0.03221539 -0.02254963 -0.03477946
v -0.02021341 0.01184477 0.01731734
v 0.01439779 -0.02091123 0.02763254
v 0.02750499 -0.00140083 -0.00421226
v -0.03383261 -0.00435603 -0.04103546
v -0.03173341 -0.01614403 -0.01244266
v 0.01598499 0.03243117 0.00811414
v -0.03434461 -0.01571843 -0.01362506
v 0.00917539 -0.00770963 0.03275654
v -0.01703901 0.01805597 -0.03802506
v -0.01703901 0.01805597 -0.03802506
v -0.01703901 0.01805597 -0.03802506
v -0.02804701 0.00016397 -0.01893146
v -0.01284061 -0.03451923 0.01350054
v 0.03277859 0.04353597 -0.03150986
v -0.03275741 0.02038157 -0.01677226
v -0.01965021 0.01900797 -0.01034346
v -0.02436061 0.01765357 0.00782854
v 0.03226659 -0.02360003 -0.03156666
v -0.03117021 0.01464477 -0.02367626
v 0.01025059 0.05032557 -0.01010666
v 0.02335779 0.02113357 -0.01586986
v -0.01647581 -0.02634563 -0.02162826
v 0.01393699 -0.01072883 0.00500454
v 0.01393699 -0.01072883 0.00500454
v -0.02328541 -0.03349923 0.00514854
v 0.00712739 -0.02671763 0.04512694
v -0.02589661 0.01710877 -0.01810986
v -0.03270621 -0.02765283 -0.02545146
v 0.03021859 0.00332397 -0.03276986
v 0.00610339 -0.00827603 0.02112694
v 0.03231779 0.04562717 -0.03498746
v -0.03321821 -0.02855043 -0.02476826
v -0.03321821 -0.02855043 -0.02476826
v 0.02130979 -0.02669043 -0.02020666
v -0.00490461 -0.01230883 0.02205894
v -0.00751581 -0.07955843 0.07878134
v 0.02238499 -0.00391843 -0.02092266
v 0.03078179 -0.00332483 -0.04161626
v -0.01954781 -0.00584243 0.02187414
v 0.01086499 -0.02355123 -0.03637706
v 0.00615459 -0.02853283 0.00562054
v 0.01926179 -0.02098243 -0.04189546
v -0.01796061 0.03640637 -0.01912906
v 0.02555939 0.03856877 -0.00808906
v 0.03185699 -0.02066723 -0.04138506
v -0.01847261 -0.01309523 -0.03880106
v 0.02714659 -0.02713843 0.00282934
v 0.00303139 0.04846237 0.00164294
v 0.01613859 0.00629837 -0.01268186
v -0.02789341 -0.01707283 -0.00985386
v 0.01562659 -0.01136323 -0.03957866
v -0.02840541 0.03609597 -0.01307786
v 0.02822179 0.04155917 -0.01632346
v -0.02000861 -0.02365843 -0.01868586
v 0.02351139 0.00418317 0.03346614
v 0.02351139 0.00418317 0.03346614
v 0.02351139 0.00144717 -0.01206266
v -0.00060381 0.01726797 -0.03181146
v -0.02681821 0.02720877 -0.01177786
v -0.02471901 -0.03519763 -0.00957626
v -0.03362781 -0.00410163 -0.03929226
v -0.03362781 -0.00410163 -0.03929226
v -0.02942941 0.02938877 -0.04165466
v 0.01409059 -0.03382083 0.00439574
v 0.01409059 -0.03382083 0.00439574
v 0.01409059 -0.03382083 0.00439574
v -0.03413981 -0.01921603 -0.04162026
v -0.03413981 -0.02638403 -0.03222346
v 0.03247139 -0.02027603 -0.04125786
v -0.02886621 -0.00726803 -0.01295466
v -0.00946141 0.04585757 0.00544214
v -0.00946141 0.00819677 -0.03229546
v 0.00574499 0.00345117 -0.03916266
v 0.03144739 0.02082157 -0.01648666
v -0.03198941 0.01525917 -0.03422346
v -0.02779101 0.03252237 -0.00331146
v 0.01572899 0.03173757 -0.01146586
v -0.02359261 -0.01721843 -0.01049466
v -0.02359261 -0.01721843 -0.01049466
v 0.00682019 0.04728957 0.00187494
v 0.01992739 -0.02736963 -0.02135066
v 0.00891939 -0.00437843 -0.03940506
v 0.02622499 0.02642877 -0.04295466
v -0.02620381 -0.00307043 -0.04075866
v -0.01780701 -0.00165923 -0.03662986
v 0.02361379 -0.00145043 -0.01682666
v -0.00311261 -0.01211683 0.02176774
v -0.00992221 0.00633517 -0.03885146
v -0.03403741 -0.01979123 -0.03822506
v -0.01883101 -0.00622483 0.03544854
v -0.01673181 0.04142957 -0.03434266
v -0.00362461 -0.01686563 0.05780134
v -0.03245021 -0.02537683 -0.03840266
v -0.03245021 0.01432237 -0.02800826
v -0.00464861 -0.01263603 0.02390854
v 0.00374819 0.01575117 -0.03183146
v 0.03206179 -0.01618083 -0.04246746
v -0.01826781 0.03210397 -0.02125866
v -0.01826781 0.04003197 -0.04081146
v -0.02087901 0.04575597 -0.00877066
v -0.03188701 -0.02895843 -0.02966186
v 0.03050739 -0.00191363 -0.01606266
v 0.03050739 -0.00706963 -0.01336986
v 0.03260659 0.02304957 -0.04069146
v 0.01059059 -0.06023603 0.09212774
v 0.02999539 0.01809517 -0.03799226
v -0.00722701 -0.01344803 0.02526534
v 0.02528499 0.03338877 0.00121654
v 0.03158259 0.02008957 -0.01697786
v -0.00144141 -0.03361203 0.05111174
v -0.02765581 0.01690317 -0.01836026
v -0.02345741 0.04579277 -0.02350506
v -0.01035021 -0.02100163 -0.03793546
v -0.03446541 -0.00378243 -0.02043146
v 0.01955059 0.03393037 -0.01117626
v 0.01955059 0.03393037 -0.01117626
v -0.03287821 0.02225917 -0.01500986
v 0.01693939 0.04226877 -0.03917626
v -0.03339021 0.03804477 -0.03917786
v -0.02028301 -0.00464083 -0.02035946
v -0.02919181 -0.02857683 -0.03150826
v -0.03390221 -0.01132883 -0.04394746
v -0.02130701 0.01203757 0.01743894
v -0.00819981 -0.05889603 0.09042214
v -0.00819981 -0.05889603 0.09042214
v -0.03021581 -0.00426163 -0.01480026
v -0.03072781 0.01405997 -0.02966746
v -0.02023181 0.00224477 -0.03137866
v 0.00547059 -0.01422963 0.04340214
v 0.03117299 -0.00876563 -0.04160826
v -0.01915661 0.04104957 0.00239334
v 0.01545459 0.00403517 -0.02047146
v 0.03066099 -0.02675523 -0.02559946
v -0.03277581 -0.01351843 -0.04275226
v -0.03277581 -0.01351843 -0.04275226
v 0.01443059 -0.06812803 0.05715654
v 0.03332339 0.02735677 -0.01677306
v 0.03332339 0.02735677 -0.01677306
v -0.01910541 -0.02805203 -0.02686506
v 0.01550579 0.04294557 -0.02341866
v 0.03071219 -0.02178643 -0.04103386
v -0.02171661 -0.02215923 -0.01693626
v -0.01331981 -0.02831363 0.02704854
v 0.01499379 0.01657917 -0.02851706
v 0.01919219 -0.00444403 0.03510374
v 0.02339059 0.01881517 0.00489254
v 0.02339059 0.01881517 0.00489254
v 0.01238259 0.04378317 -0.03119546
v 0.02446579 -0.00687123 -0.04325066
v -0.02376461 0.00989917 0.02006134
v -0.02376461 0.01687677 -0.02037066
v -0.01746701 0.01547997 -0.02546506
v 0.02605299 -0.00663443 -0.01320346
v 0.02764019 -0.00414323 -0.01474666
v 0.02764019 -0.00414323 -0.01474666
v 0.03183859 -0.02010483 -0.04196986
v -0.00799501 -0.08084483 0.06989254
v -0.02791181 -0.02930963 -0.02673706
v -0.02791181 -0.02930963 -0.02673706
v 0.00040179 -0.00863683 0.03117094
v 0.01560819 0.00333677 -0.01697546
v -0.03052301 0.03049357 -0.01198426
v 0.02139379 0.03801837 -0.04311226
v -0.01792781 -0.02400563 -0.03539306
v 0.03188979 -0.00556003 -0.01449946
v -0.01214221 0.04438557 -0.01177146
v 0.00306419 0.04376317 -0.01102346
v 0.02456819 0.00408877 -0.01146426
v -0.03308301 -0.02227203 -0.04109466
v 0.02144499 0.01449517 0.03342134
v 0.02144499 0.01449517 0.03342134
v 0.02984179 -0.02800003 -0.02481866
v 0.02984179 -0.02800003 -0.02481866
v 0.00311539 -0.05767363 0.09182374
v 0.03142899 -0.01406483 -0.04396906
v -0.03410701 -0.02200163 -0.03444346
v -0.03410701 -0.02200163 -0.03444346
v -0.01890061 -0.00245123 -0.02203546
v 0.03091699 0.03311917 -0.01263786
v 0.00890099 -0.05574803 0.06951014
v 0.01309939 0.02434477 -0.03953706
v -0.00471821 -0.08118323 0.06874694
v 0.03199219 0.01928237 -0.03521226
v 0.03199219 0.01928237 -0.03521226
v -0.01833741 0.02854237 -0.02254026
v 0.00997619 -0.00662163 0.03427894
v 0.02308339 -0.02047043 -0.04214426
v 0.01156339 0.04462877 0.00518614
v 0.03096819 -0.00781443 -0.04241626
v 0.03096819 -0.00781443 -0.04241626
v -0.02146061 -0.02135283 -0.04180506
v -0.02878221 0.02850877 -0.01187546
v -0.01828621 0.01584237 0.03465734
v -0.01828621 0.02371997 -0.04150746
v -0.00988941 -0.00828883 0.03201334
v -0.02089741 0.01559997 0.03365654
v -0.01669901 0.04811517 0.00027094
v 0.03101939 -0.02032083 -0.01463146
v -0.02140941 0.02676717 0.02292774
v 0.02001139 0.00048077 -0.02528746
v -0.03241741 0.02149997 -0.04092506
v -0.03241741 -0.01596403 -0.04419466
v 0.02316739 -0.01761763 -0.01246586
v 0.02316739 -0.01761763 -0.01246586
v 0.02316739 0.04680477 -0.02837386
v 0.02526659 -0.00593363 -0.01523386
v 0.03156419 -0.00579443 -0.03719466
v -0.02977341 0.04540797 -0.02675306
v 0.02214339 0.02987677 0.00939494
v -0.01978941 -0.02414883 -0.01869146
v -0.01978941 -0.02079123 -0.04211706
v -0.00038461 0.01248957 -0.03153146
v 0.01692099 0.03782157 -0.01074426
v 0.00069059 -0.04218483 0.07939734
v 0.00278979 -0.02693603 0.00599654
v 0.01958339 0.03118237 0.01359494
v 0.03217859 0.01945917 -0.01783066
v -0.02025021 0.01405517 0.01457814
v -0.02025021 0.01405517 0.01457814
v -0.00714301 -0.05996563 0.07699094
v -0.03125821 0.03865677 -0.04137466
v -0.00504381 -0.03126243 0.02627974
v 0.02746819 -0.00338163 -0.00221706
v -0.01656381 0.02781517 -0.01206986
v -0.02337341 -0.02946963 -0.02935306
v 0.03115459 -0.00603043 -0.04287946
v 0.00703939 0.01103197 -0.03856586
v 0.02224579 0.00071757 -0.01938906
v 0.00022979 0.00018877 -0.03914666
v 0.03274179 0.01795277 -0.03668586
v -0.02649661 -0.00796003 -0.04244346
v 0.01492419 -0.07247923 0.05586134
v -0.03330621 0.03937357 -0.01631386
v -0.01809981 0.01553357 -0.02659866
v -0.01809981 0.01699597 -0.03732186
v -0.01809981 0.01699597 -0.03732186
v -0.00289341 -0.03369283 0.01818614
v 0.00760259 -0.01224323 0.02276454
v 0.00760259 -0.01224323 0.02276454
v 0.02280899 -0.01986243 -0.01548106
v -0.01651261 0.00333677 -0.02739626
v -0.01651261 0.00333677 -0.02739626
v 0.03120579 -0.00153923 -0.03929706
v -0.03433021 -0.01272483 -0.01618186
v 0.02019779 0.03706717 -0.04341146
v 0.00028099 -0.03061283 0.00449254
v 0.01548739 0.02873757 -0.01846586
v -0.03274301 0.04475677 -0.03352106
v -0.00442941 -0.02698483 0.05252054
v -0.00023101 0.05203197 -0.00979626
v 0.01917379 0.02430797 0.02710454
v -0.02014781 -0.02875283 -0.02931866
v -0.02014781 -0.02875283 -0.02931866
v 0.02757059 0.00672397 0.00139654
v -0.02746941 0.03046557 -0.00954746
v 0.03335619 0.02254477 -0.02121226
v 0.02654659 0.04672157 -0.02728986
v 0.01973699 -0.02615763 -0.03743866
v -0.00437821 -0.03066243 0.04237654
v -0.02429501 0.02457917 -0.04303386
v -0.01118781 -0.03564003 -0.01111866
v 0.03023299 -0.00111523 -0.03990106
v 0.01922499 -0.00756643 0.00441174
v 0.02342339 0.01611997 0.01142774
v -0.00540221 0.00517757 -0.03154906
v 0.01400259 -0.07901043 0.07994214
v -0.01221181 -0.01071043 0.01669334
v 0.01558979 0.02489117 -0.01200906
v 0.01558979 0.02489117 -0.01200906
v 0.01558979 -0.06702483 0.09007334
v 0.00668099 -0.05950323 0.09215734
v -0.03264061 -0.00079683 -0.01823306
v -0.03054141 0.03540637 -0.04312826
v 0.01297859 -0.00844643 0.00459094
v 0.01297859 -0.00844643 0.00459094
v 0.02608579 0.01950317 -0.03965146
v -0.00903741 0.05087917 0.00131654
v -0.03315261 0.03936877 -0.02002106
v -0.02685501 0.04133117 -0.01635786
v -0.01164861 -0.00842803 0.00679014
v 0.01405379 -0.07847123 0.06060214
v 0.00304579 -0.01248563 0.03196294
v -0.03417661 -0.02721123 -0.03071626
v -0.03417661 -0.02721123 -0.03071626
v 0.00724419 -0.05929443 0.06899014
v 0.00724419 -0.05929443 0.06899014
v 0.03345859 0.02668637 -0.01385066
v -0.01897021 0.03222477 -0.02079146
v -0.01897021 0.04398557 -0.03717786
v -0.01687101 0.04239357 -0.03302746
v 0.03294659 0.02196637 -0.03871546
v -0.01948221 -0.01724163 -0.04302746
v 0.02193859 -0.02856803 -0.02800906
v -0.01738301 -0.02668803 -0.02181626
v 0.01722819 0.04059757 -0.04086026
v 0.03243459 0.04556797 -0.03254106
v 0.00570819 0.00354957 -0.03196826
v -0.00529981 -0.01569683 0.03305814
v 0.02721219 0.03210637 -0.01252426
v 0.01830339 0.04719597 -0.02734506
v 0.01830339 0.04719597 -0.02734506
v 0.03141059 -0.00372003 -0.03737786
v 0.02670019 0.03179837 -0.01142746
v 0.02670019 0.03179837 -0.01142746
v 0.00258499 -0.00826483 0.03117014
v -0.02362941 -0.01897363 -0.01411946
v 0.01466819 0.01335517 -0.03871866
v 0.00575939 -0.04123443 0.05730054
v 0.00575939 -0.04123443 0.05730054
v 0.02306499 0.04467837 -0.03706826
v 0.00104899 0.00086797 -0.03114746
v -0.01676861 0.03789437 -0.01333786
v 0.01364419 -0.03371123 0.01972294
v 0.02675139 0.03626957 -0.00079226
v 0.03094979 0.01766557 -0.01961066
v -0.02828861 0.02437197 -0.01273386
v -0.03089981 0.02884157 -0.01179946
v -0.03089981 -0.00065283 -0.01818506
v -0.01779261 -0.00547123 0.03617334
v 0.02362819 -0.00421763 0.02217974
v -0.00309821 0.01696877 -0.03159626
v 0.03151299 -0.01568723 -0.04381866
v -0.01461821 -0.01127523 0.00529494
v 0.03310019 0.02536077 -0.01390266
v -0.03243581 0.04412317 -0.03072746
v 0.02209219 0.01626717 -0.02191146
v -0.03033661 -0.02831843 -0.02269066
v 0.02158019 -0.00007603 -0.01258266
v -0.03345981 -0.02844483 -0.02918426
v -0.03345981 -0.02844483 -0.02918426
v 0.03103379 -0.02617763 -0.03017146
v 0.00691859 0.00603517 -0.03874426
v 0.02212499 -0.00642163 0.02247174
v -0.02190701 0.02381517 -0.01011386
v 0.01480339 0.04195597 -0.01161226
v -0.02451821 0.00247837 -0.03116346
v -0.02922861 0.04574157 -0.02607066
v 0.01848979 0.03777597 -0.01651946
v 0.03159699 -0.00571843 -0.04227146
v 0.03159699 -0.00571843 -0.04227146
v 0.02268819 0.00243997 -0.02631626
v -0.02344301 0.00817757 0.03284374
v -0.02344301 0.00817757 0.03284374
v -0.02395501 0.01789757 -0.01733706
v -0.02395501 -0.02888883 -0.02953786
v -0.02395501 -0.02888883 -0.02953786
v 0.02376339 0.03435917 0.00379094
v 0.00384659 -0.03332243 0.02506054
v 0.02535059 -0.01880163 -0.04308986
v 0.00021139 -0.07529923 0.08611094
v -0.01289581 -0.01350483 0.02538694
v 0.03062419 0.03822397 -0.04288506
v 0.03272339 -0.02248803 -0.01702906
v 0.00860819 -0.04995203 0.06621494
v 0.02171539 0.01537037 -0.03147386
v 0.02171539 0.01537037 -0.03147386
v 0.01490579 0.03148637 -0.03833066
v -0.01601901 -0.02614883 -0.01101866
v -0.02702701 0.03817197 -0.00848746
v 0.02279059 -0.03602643 0.00153174
v -0.01443181 0.03153197 0.01428374
v -0.01914221 0.02076317 -0.02654666
v -0.03015021 0.02137597 -0.01448746
v -0.01755501 0.01549597 -0.03028506
v 0.03016339 -0.00490403 -0.04281386
v 0.03016339 -0.00490403 -0.04281386
v 0.01915539 0.04173437 0.00114934
v 0.03226259 -0.02587043 -0.03444186
v -0.01806701 0.03539997 -0.01967866
v -0.00495981 -0.02637363 0.03692614
v -0.00286061 -0.02588963 0.07050614
v 0.01444499 0.04443117 0.00152854
v 0.03175059 -0.01701123 -0.04131546
v 0.03175059 -0.01701123 -0.04131546
v 0.02913939 0.02072237 -0.01618106
v 0.02913939 0.02072237 -0.01618106
v 0.01813139 -0.02042003 -0.04261466
v 0.00712339 0.04386797 -0.01118186
v 0.02023059 0.04709597 -0.02887546
v -0.03219821 0.01432797 -0.02648266
v 0.02232979 -0.01245203 -0.04439386
v -0.01699181 0.00080317 -0.03155146
v -0.01699181 0.00080317 -0.03155146
v 0.03231379 -0.02504163 -0.03084586
v -0.01591661 0.04827917 0.00131814
v 0.03180179 -0.01588083 -0.04211226
v 0.02289299 -0.00423523 -0.02017946
v -0.00122221 0.01754957 -0.03889306
v -0.03424621 -0.00500963 -0.04121866
v 0.02238099 0.02240957 -0.01131226
v -0.00383341 -0.02218963 0.06649974
v -0.02165101 0.03687117 -0.04247706
v 0.03287699 0.03707997 -0.01375786
v -0.03265901 0.04066477 -0.01586826
v 0.02186899 0.02881357 0.01647734
v -0.01115501 0.02923917 -0.03861306
v 0.01925779 0.00166717 -0.01303386
v 0.03185299 -0.02353763 -0.03398186
v -0.01637741 0.01226317 0.03633094
v 0.01613459 -0.01283523 -0.04101626
v 0.02924179 -0.01129843 -0.01234266
v -0.00798061 -0.06532723 0.06614694
v 0.03082899 0.04637837 -0.02807066
v 0.03082899 0.04637837 -0.02807066
v 0.03292819 0.01850797 -0.03182586
v 0.01930899 0.01566397 0.00525174
v -0.03311981 0.04017677 -0.03814666
v 0.02458259 0.00933837 -0.01144346
v 0.03297939 0.04478237 -0.02582106
v 0.03297939 0.04478237 -0.02582106
v -0.01944941 0.04610077 0.00163414
v -0.02047341 0.04513357 -0.03407066
v -0.00526701 -0.02949843 0.00488454
v -0.00526701 -0.02949843 0.00488454
v -0.03409261 -0.00572723 -0.04126586
v -0.03409261 -0.00572723 -0.04126586
v -0.03409261 -0.01527763 -0.01232266
v -0.02779501 0.01669437 -0.00939946
v -0.02779501 0.02277357 -0.01328426
v 0.02673299 0.00241037 -0.02377386
v 0.02673299 0.00241037 -0.02377386
v -0.02359661 -0.02338643 -0.01555226
v 0.00471699 -0.02641923 0.00517254
v -0.01939821 -0.01874483 -0.04266026
v -0.01729901 0.04386157 -0.01994426
v 0.01311379 -0.03409523 0.00470134
v 0.01311379 -0.03409523 0.00470134
v 0.02832019 0.04737837 -0.02985866
v -0.02200941 -0.00753203 -0.01784986
v -0.01991021 0.00017917 -0.02475466
v -0.00050541 -0.03309123 0.00449494
v -0.01832301 -0.02266563 -0.03999146
v 0.02309779 0.00714237 0.01950134
v 0.03149459 -0.02767523 -0.02314506
v 0.03149459 -0.02767523 -0.02314506
v 0.03149459 -0.02767523 -0.02314506
v -0.03404141 -0.02452803 -0.03227706
v -0.03404141 -0.02452803 -0.03227706
v -0.01883501 0.03165677 0.00629894
v -0.00152941 -0.01767603 0.06316774
v 0.02678419 0.00341117 -0.03143546
v 0.00266899 0.01639117 -0.03149466
v 0.00476819 0.05193997 -0.00500186
v -0.02615661 0.00057517 0.00568694
v 0.00845459 -0.08038003 0.07677094
v -0.01775981 -0.02591683 -0.03552666
v -0.00255341 0.03422957 0.00554534
v -0.02666861 0.03817597 0.00047094
v -0.02456941 -0.01144323 0.00562854
v -0.03347821 -0.02773523 -0.03402506
v -0.01827181 0.03332797 -0.04183866
v -0.01617261 0.04152317 -0.01038346
v -0.00777581 -0.06026803 0.07691734
v -0.03189101 0.01790797 -0.03841146
v -0.02663581 -0.02868803 -0.02401466
v 0.01478499 -0.07720323 0.05944614
v -0.00513181 -0.01401363 0.02812054
v -0.02924701 -0.02893203 -0.02809306
v -0.02924701 -0.02893203 -0.02809306
v -0.02085021 -0.02937443 -0.02874026
v 0.03316579 0.03490477 -0.01337066
v 0.03214179 -0.01478243 -0.01557386
v 0.03214179 0.02040237 -0.03645226
v 0.03214179 0.02040237 -0.03645226
v -0.03339421 0.04248877 -0.02353706
v -0.03129501 0.03309837 -0.04189226
v -0.00508061 -0.03272643 0.02215974
v 0.01222499 -0.02734483 -0.01886986
v -0.02499741 0.03923917 -0.04138986
v 0.01642339 -0.02466323 -0.03856746
v -0.02079901 -0.01764243 -0.04341226
v 0.02272099 0.04238557 0.00044054
v -0.01660061 0.02493597 0.02759254
v 0.00700259 -0.02208563 0.06725814
v -0.01291421 -0.01134163 0.02180214
v 0.03219299 0.04307757 -0.03909946
v -0.02704541 0.00222557 -0.02308826
v 0.02748259 0.01567757 0.00011334
v -0.02494621 0.03310717 0.00244534
v 0.03168099 -0.01465043 -0.04217786
v 0.03168099 0.00052557 -0.03660746
v -0.03385501 -0.01848803 -0.04261066
v -0.01654941 -0.02088723 -0.03733466
v 0.03326819 0.02132477 -0.02013306
v 0.02855779 0.01908557 -0.01772346
v 0.00444259 0.00218077 -0.03183866
v 0.01964899 0.00281517 -0.03230586
v -0.03068061 -0.01876563 -0.04338746
v -0.00917661 0.00720397 -0.03108586
v 0.01913699 0.04698397 -0.02947466
v -0.03329181 0.04046797 -0.01934506
v 0.02123619 0.01605677 0.01068534
v -0.02330781 -0.02670963 -0.03655626
v -0.02120861 -0.01789043 -0.01072906
v -0.02120861 -0.01789043 -0.01072906
v 0.00710499 0.01131677 -0.03188186
v 0.02599779 -0.03272963 -0.01106346
v 0.02599779 -0.03272963 -0.01106346
v 0.02599779 0.03432477 -0.01166746
v 0.02599779 0.03432477 -0.01166746
v -0.03324061 0.04153517 -0.03732746
v 0.01447779 0.04172797 -0.03350026
v 0.02968419 0.01627917 -0.02179706
v -0.03165341 -0.02871363 -0.02511306
v -0.03165341 -0.02871363 -0.02511306
v -0.02745501 0.01463517 -0.03186426
v -0.03426461 -0.01286003 -0.01493546
v -0.03216541 0.01543197 -0.02065226
v 0.00193379 -0.03447683 0.00437734
v -0.02428061 -0.01428323 -0.04368746
v -0.02899101 -0.02351043 -0.04022106
v -0.01588381 -0.02736003 -0.01719626
v 0.02553699 -0.02575123 -0.01894986
v 0.03183459 0.01811517 -0.03819786
v -0.02740381 0.03443517 0.00067894
v 0.02922339 0.04688957 -0.03133946
v -0.00799901 -0.07364403 0.08691174
v -0.00799901 -0.05535523 0.08899894
v 0.02451299 -0.02420323 -0.03935786
v 0.02190179 -0.00605843 0.03244054
v -0.01741981 0.03259357 -0.03871146
v -0.02842781 0.00215357 -0.02380346
v 0.00408419 -0.02226243 0.06886534
v -0.01793181 0.03410957 -0.03923786
v 0.02558819 -0.02033603 -0.04216106
v 0.02717539 0.02227357 0.00354934
v 0.02927459 -0.02759123 -0.02570266
v -0.02315421 0.03738397 -0.04238586
v -0.03416221 -0.01620883 -0.01508426
v 0.01565539 0.04835597 -0.00101306
v 0.00674659 -0.01576403 0.02617174
v 0.00674659 -0.01576403 0.02617174
v 0.03296099 0.04411597 -0.02837706
v -0.01946781 -0.00250243 0.02163974
v -0.02417821 0.01786797 0.00635254
v -0.02417821 0.01786797 0.00635254
v 0.03244899 0.02893517 -0.04343306
v 0.03244899 0.02893517 -0.04343306
v -0.01997981 0.01541197 0.00689254
v -0.03098781 0.04429757 -0.02788346
v 0.00362339 -0.00843123 0.02160214
v -0.01839261 -0.02823203 -0.03087066
v -0.02940061 0.02516557 -0.01249466
v -0.02730141 0.03123677 0.00441094
v -0.01419421 -0.02030883 -0.03805306
v 0.01621859 -0.01977763 -0.03931866
v 0.02041699 0.04429437 -0.03755306
v 0.02041699 0.04429437 -0.03755306
v -0.01680541 0.01094797 -0.01288826
v 0.03091299 -0.02280243 -0.04027306
v 0.01519459 0.04076877 -0.01635786
v -0.02202781 -0.00839283 -0.04180826
v 0.03250019 0.04118637 -0.04093546
v -0.01992861 0.02278797 -0.02497146
v 0.02569059 0.03837197 -0.01406746
v -0.02463901 0.03238477 0.00594774
v -0.01834141 0.03056077 -0.02179226
v -0.01414301 -0.02339683 0.00515174
v -0.01675421 -0.02668243 -0.02222906
v 0.02676579 0.04739437 -0.03026666
v 0.02676579 -0.02673683 -0.01172026
v 0.02676579 -0.02673683 -0.01172026
v -0.01726621 -0.01903923 -0.03792666
v -0.02827421 -0.02941683 -0.02672826
v 0.00213859 -0.00843683 0.02766774
v 0.01524579 -0.02492723 -0.03411066
v -0.00886941 0.01211197 -0.03804026
v 0.03203939 -0.01142083 -0.01521146
v 0.03203939 -0.01171523 -0.01700026
v 0.03203939 -0.02510483 -0.03709546
v 0.03203939 -0.02510483 -0.03709546
v -0.01619101 -0.02704643 -0.02256186
v -0.01409181 -0.01117843 0.00551094
v 0.03152739 0.00083037 -0.03460026
v -0.00779421 -0.06646243 0.09129574
v -0.02981021 0.03893997 -0.04112986
v 0.01580899 -0.02712323 -0.02653706
v -0.02351261 -0.01542163 -0.04376426
v 0.03050339 0.04742957 -0.02957546
v -0.02192541 0.02630797 -0.01642026
v -0.02192541 0.02630797 -0.01642026
v 0.00114739 -0.02617603 0.00480774
v 0.03314739 0.04317277 -0.02344506
v 0.03314739 0.04317277 -0.02344506
v 0.03314739 0.01734317 -0.02048346
v 0.03314739 0.01734317 -0.02048346
v 0.00642099 -0.05518883 0.08682534
v -0.01769421 -0.02729763 -0.03090106
v 0.02792499 -0.02820083 -0.03138186
v -0.01820621 -0.02895363 -0.02925946
v 0.01430579 -0.03382003 0.01758454
v -0.02501581 -0.00997203 -0.04286746
v -0.02291661 -0.02096883 -0.01576666
v -0.03392461 -0.01489123 -0.04159946
v -0.01871821 -0.02818403 -0.02866186
v -0.01871821 -0.02818403 -0.02866186
v 0.03319859 0.02942317 -0.01259546
v 0.01538099 -0.02347203 -0.03602826
v 0.00647219 0.00479117 -0.03905786
v 0.01486899 -0.06843203 0.06038134
v 0.00386099 -0.03362963 0.00432614
v 0.03217459 0.01935917 -0.03532186
v -0.01815501 -0.01069443 -0.03923066
v 0.02746419 -0.00727043 -0.00106266
v -0.03177421 0.04525037 -0.03011946
v -0.00555981 0.04114877 -0.03548106
v 0.02275379 -0.01856963 -0.01161786
v 0.02275379 -0.01856963 -0.01161786
v -0.01656781 0.00927837 -0.03810346
v -0.01656781 0.00927837 -0.03810346
v -0.01656781 0.00927837 -0.03810346
v -0.03438541 -0.00949123 -0.01730346
v -0.03438541 -0.00949123 -0.01730346
v 0.00913459 -0.00808803 0.02478134
v 0.02224179 -0.00271283 -0.01363066
v -0.02179021 0.00005277 -0.03741946
v 0.02172979 0.04423837 -0.00178826
v 0.02382899 0.00250077 0.02126614
v -0.02440141 0.04026557 0.00202774
v 0.01911859 0.00451277 0.00581574
v 0.03222579 -0.02619043 -0.03348506
v 0.03222579 0.04588957 -0.03190346
v -0.02701261 -0.00392403 0.00513494
v -0.00340941 -0.06056963 0.07532134
v -0.02542541 0.01987997 -0.04009306
v -0.02542541 0.01987997 -0.04009306
v 0.02910259 -0.01021603 -0.01244186
v 0.00498739 -0.01544243 0.05629414
v -0.02122701 0.01089997 -0.01030666
v 0.00657459 -0.03624483 0.00310214
v 0.03278899 0.02121357 -0.04047626
v -0.02644941 -0.02729443 -0.03545146
v 0.01497139 -0.03626483 -0.01090826
v 0.03227699 0.02099357 -0.03712986
v 0.03227699 0.02099357 -0.03712986
v -0.01805261 -0.00750723 0.00565174
v 0.02966579 0.04746797 -0.02984346
v 0.02966579 0.04746797 -0.02984346
v 0.03176499 -0.02670963 -0.02489386
v -0.01856461 -0.02833283 -0.02824906
v -0.01856461 -0.02833283 -0.02824906
v -0.03428301 -0.01400163 -0.01728906
v 0.01502259 -0.07022083 0.05528854
v 0.01502259 -0.07022083 0.05528854
v 0.03232819 0.02141517 -0.03698426
v -0.01380301 -0.01280883 0.01447334
v 0.01451059 -0.01718003 0.02622294
v 0.01451059 -0.07126563 0.05455174
v 0.02761779 0.04716077 -0.03024026
v 0.03181619 -0.00320563 -0.01834906
v 0.03181619 -0.01425443 -0.04257946
v -0.03371981 -0.01077763 -0.04348826
v -0.03371981 -0.01077763 -0.04348826
v -0.03371981 -0.01077763 -0.04348826
v -0.02583501 0.04586957 -0.02537466
v 0.02869299 0.03151917 -0.01245626
v 0.00877619 0.04631437 0.00495574
v -0.00223181 -0.05149843 0.08249894
v 0.03028019 0.00372077 -0.03138106
v 0.03237939 -0.02361043 -0.03864106
v 0.02347059 0.02664397 0.01598694
v -0.02737101 0.03576477 -0.04302266
v 0.02715699 -0.01048243 -0.01232346
v 0.02715699 -0.01048243 -0.01232346
v -0.02998221 -0.02935283 -0.02808986
v -0.03469261 -0.00002403 -0.03267706
v 0.03294259 0.03263997 -0.04399946
v -0.01318861 -0.01983203 0.02880134
v -0.02209741 -0.00077603 -0.01802986
v 0.01932339 -0.01262403 -0.04375786
v -0.03310541 0.00059117 -0.02838826
v -0.01789901 -0.02587443 -0.03320266
v -0.02890701 0.02217357 -0.01388906
v -0.02890701 0.02217357 -0.01388906
v 0.01671219 0.04219677 -0.03619626
v -0.01631181 -0.02265203 -0.01123546
v 0.02510899 0.03098957 -0.04441226
v 0.00309299 -0.00808323 0.02364134
v -0.01892301 -0.02819203 -0.02852826
v 0.02249779 -0.01802323 -0.04341706
v -0.01682381 0.02109517 -0.01686666
v 0.00626739 -0.03282563 0.01628374
v 0.01937459 0.01559517 0.00998854
v -0.03305421 0.03908557 -0.03886746
v -0.01994701 0.01133357 0.00619414
v -0.01994701 0.01133357 0.00619414
v -0.03095501 0.03237037 -0.04190586
v -0.03095501 0.03237037 -0.04190586
v 0.01466419 0.03107037 -0.03902506
v 0.02306099 0.03821437 -0.04324266
v -0.02726861 0.02720477 0.00538694
v 0.02884659 -0.00511203 -0.01434506
v 0.00683059 -0.01955203 0.06447094
v 0.00683059 -0.01955203 0.06447094
v 0.01942579 -0.00747923 0.01827654
v -0.03300301 0.03836397 -0.04066666
v -0.02040781 0.04452877 -0.02043866
v 0.02521139 -0.00464003 -0.01460586
v 0.01420339 -0.02372403 -0.03595066
v 0.00319539 -0.03317123 0.01400694
v 0.02940979 -0.02804563 -0.02836506
v 0.02940979 -0.02804563 -0.02836506
v 0.02940979 -0.02804563 -0.02836506
v -0.03402701 -0.02458883 -0.02215226
v 0.03360819 0.02253197 -0.01607546
v -0.01882061 -0.00101363 -0.02351386
v -0.00571341 -0.00813603 0.02279014
v 0.00949299 -0.00816323 0.02151334
v -0.01672141 0.00059197 -0.01474586
v 0.02469939 -0.00564963 -0.01649146
v -0.02772941 -0.01974963 -0.01326746
v -0.00832461 -0.07387923 0.08567974
v 0.02838579 0.03105357 -0.04394506
v 0.03207219 -0.02435443 -0.03662506
v 0.03312899 0.03624637 -0.01348746
v -0.01720061 0.01536237 -0.03122426
v -0.01510141 0.04433597 -0.02549466
v 0.02370819 0.04324397 -0.03889466
v -0.00040701 -0.00832803 0.02264774
v -0.00040701 -0.00870883 0.02387334
v 0.01270019 -0.00878483 0.00649494
v 0.01270019 -0.00878483 0.00649494
v 0.02790659 0.04690797 -0.02834586
v 0.02790659 0.04690797 -0.02834586
v 0.03210499 -0.02040563 -0.03975066
v -0.01873661 -0.02710643 -0.03634986
v 0.01377539 -0.06161763 0.09194614
v 0.03266819 -0.02485203 -0.03692266
v -0.01976061 0.00702397 0.02068694
v -0.01976061 0.03476717 -0.01662746
v -0.01976061 0.03476717 -0.01662746
v -0.02866941 0.03842877 -0.04191946
v 0.00594179 -0.01261603 0.02305654
v -0.01817341 0.01635677 -0.02535786
v -0.02708221 0.03413597 -0.01212266
v -0.02288381 0.02989277 0.01007574
v 0.02483459 0.04677037 -0.03012026
v 0.02483459 0.04677037 -0.03012026
v 0.01382659 -0.03175843 0.02372854
v 0.02222339 0.02423357 0.02449094
v -0.03020541 0.02038317 -0.04052666
v -0.03020541 0.02038317 -0.04052666
v -0.00189181 0.03313517 0.00549654
v -0.02390781 -0.02219523 -0.01484266
v -0.01761021 -0.02037923 -0.03928986
v -0.02441981 -0.01754963 -0.04347706
v 0.01910019 -0.02281523 -0.01718026
v 0.03220739 -0.02246243 -0.03718986
v -0.02022141 0.01715357 -0.02799786
v -0.01812221 0.03270237 -0.02068826
v 0.02329859 0.04243517 -0.00017786
v -0.02073341 -0.01079043 -0.04211626
v 0.02278659 0.00898877 0.01858214
v 0.02488579 -0.01046163 -0.04439306
v 0.03118339 -0.00605683 -0.04253786
v 0.03118339 -0.00605683 -0.04253786
v 0.03118339 -0.00285683 -0.04078506
v -0.03225341 0.04526557 -0.02255786
v -0.01914621 -0.00773363 0.02022214
v -0.01914621 -0.00773363 0.02022214
v 0.02437379 0.04675117 -0.02770106
v -0.00865021 -0.06969683 0.05487574
v 0.03015939 -0.02113603 -0.04166906
v -0.02226941 0.01204637 0.03385254
v -0.02017021 -0.00220963 -0.02174186
v -0.02017021 -0.02279363 -0.04072426
v -0.00757501 -0.03629283 -0.01085946
v 0.01551619 0.02479197 -0.01218506
v 0.01551619 0.02840317 -0.01194906
v 0.03072259 -0.02816563 -0.02977866
v 0.01290499 0.04512237 0.00163094
v 0.02601219 -0.00652243 -0.01430106
v 0.01710339 -0.02037123 -0.01152746
v 0.01710339 -0.02037123 -0.01152746
v 0.03021059 0.04725917 -0.02921466
v -0.03322621 0.04218877 -0.02950346
v -0.02011901 0.01587357 0.00825574
v -0.01801981 0.04042797 -0.01718266
v -0.01801981 0.04042797 -0.01718266
v 0.02969859 -0.01855043 -0.01373306
v 0.02288899 0.00110477 -0.01963866
v -0.02953981 -0.00273683 -0.04035546
v -0.00122621 -0.05745203 0.06803574
v 0.02708739 -0.02826243 -0.02941866
v -0.02324221 -0.02124323 -0.01490266
v 0.00717059 -0.03214963 0.05161094
v 0.00717059 -0.03214963 0.05161094
v 0.03077379 0.01663357 -0.03161626
v 0.03077379 0.01663357 -0.03161626
v -0.00015101 -0.03426883 0.00445574
v 0.03236099 -0.02378723 -0.02953546
v 0.00824579 0.04742637 0.00152534
v 0.02135299 0.01792397 -0.01897546
v -0.03107581 0.02218157 -0.04175786
v -0.01796861 0.04474077 -0.02786986
v -0.01586941 -0.02672803 -0.03175386
v 0.03184899 0.01783037 -0.01970106
v 0.03184899 0.01783037 -0.01970106
v -0.03158781 -0.00372723 -0.01509306
v -0.00537341 -0.01975363 0.02932294
v 0.00092419 -0.05568083 0.08591574
v 0.00092419 -0.05568083 0.08591574
v 0.02923779 0.04127037 -0.04095946
v 0.00512259 -0.03618243 -0.01110426
v -0.03419901 -0.00409923 -0.01501866
v -0.01269501 0.04399037 -0.00989626
v 0.01561859 -0.07785123 0.07746934
v -0.03261181 0.01536477 -0.02258026
v 0.01510659 -0.07421363 0.05763814
v 0.01510659 -0.07421363 0.05763814
v -0.03102461 -0.00201043 -0.01677146
v 0.03190019 -0.01575203 -0.01296586
v 0.03190019 0.04682157 -0.02725546
v 0.03190019 0.04682157 -0.02725546
v -0.02052861 -0.02894323 -0.02956746
v -0.02052861 -0.02894323 -0.02956746
v -0.00742141 -0.05609683 0.08546774
v 0.00727299 0.00658717 -0.03910586
v 0.01566979 0.04326237 -0.02182026
v 0.02877699 0.00204717 -0.02088586
v 0.02877699 0.00204717 -0.02088586
v -0.02155261 -0.00006403 -0.01944746
v -0.00004861 0.05223197 -0.00932986
v 0.02616579 0.04041277 -0.04139706
v -0.02887421 -0.02870403 -0.02764026
v -0.02887421 -0.02870403 -0.02764026
v -0.00265981 -0.05828723 0.07760134
v -0.02677501 -0.01616803 -0.01061866
v -0.02677501 -0.01616803 -0.01061866
v 0.01464579 -0.07984083 0.06404294
v 0.03195139 -0.01375443 -0.02872186
v -0.01837821 -0.00818803 0.03194054
v -0.02938621 -0.00630323 -0.04105386
v -0.00107261 -0.06215443 0.09241654
v 0.00102659 -0.00358163 0.03657814
v 0.01413379 -0.01100483 0.00855574
v -0.02518781 0.03138237 0.00616934
v 0.01623299 -0.00470803 -0.04145066
v 0.00732419 -0.03051923 0.02496694
v -0.02779901 -0.02529923 -0.03841706
v 0.03092739 0.01715997 -0.03232426
v 0.03092739 0.01715997 -0.03232426
v -0.03250941 -0.02845523 -0.03221626
v -0.00209661 -0.03259603 0.04796614
v -0.02411261 -0.02884003 -0.02777706
v 0.03041539 -0.00719763 -0.04350266
v -0.03302141 0.03070237 -0.01279066
v 0.03200259 -0.01504963 -0.04231226
v -0.02933501 0.04498237 -0.03340506
v 0.02729219 0.04733597 -0.02834186
v 0.02729219 0.04733597 -0.02834186
v 0.03149059 -0.00119123 -0.02500426
v -0.03404541 -0.00302563 -0.01584826
v -0.01883901 0.04082717 -0.04023866
v -0.01673981 0.00069917 -0.03361786
v -0.02564861 -0.01358723 -0.01256986
v 0.00266499 -0.01798883 0.06423014
v 0.02887939 0.01999277 -0.01689306
v 0.02416899 -0.00136323 0.03246534
v -0.02037501 -0.02763763 -0.03469626
v 0.02944259 -0.01385523 -0.04417146
v 0.01372419 -0.06794243 0.06024694
v 0.01582339 0.01475757 -0.01247706
v 0.01582339 -0.02660723 -0.02843706
v 0.03102979 0.00273437 -0.03353306
v -0.03450621 -0.01015443 -0.01441546
v -0.03344941 -0.02726883 -0.02044106
v -0.00723501 -0.08053523 0.07597014
v 0.02527699 0.04672717 -0.03162746
v -0.03447341 -0.00080003 -0.02357386
v 0.00904659 -0.05591363 0.08479334
v 0.02425299 -0.02864163 -0.02990906
v 0.02635219 0.03377117 -0.01159866
v 0.02635219 0.03377117 -0.01159866
v -0.02397741 0.02048077 -0.01524746
v -0.02397741 0.02048077 -0.01524746
v 0.00433619 -0.01290883 0.03513974
v 0.03264979 0.01659357 -0.02360346
v 0.03264979 0.01659357 -0.02360346
v 0.03264979 0.01659357 -0.02360346
v -0.03288621 0.03566077 -0.01334826
v -0.03288621 0.02625997 -0.01409146
v 0.02164179 0.01824877 -0.03797946
v 0.03003859 0.04319357 -0.01786586
v 0.03213779 -0.02386723 -0.01752026
v -0.00508461 -0.02334963 0.03587734
v 0.02742739 0.00432077 -0.00474426
v 0.02742739 0.00123917 -0.00019306
v -0.03391021 0.00002157 -0.02976426
v -0.03181101 0.03359117 -0.04216906
v 0.00228819 -0.00845763 0.02346694
v -0.03283501 0.04099837 -0.01653626
v -0.02233901 -0.02880403 -0.02885306
v 0.03218899 0.01965837 -0.03532506
v 0.03218899 -0.01960723 -0.01792026
v -0.00503341 -0.02376243 0.03925574
v -0.01394221 -0.01825603 0.00568614
v 0.02747859 -0.00323763 -0.00606266
v 0.03167699 0.00112797 -0.03526266
v -0.01655341 -0.02312643 -0.03676026
v 0.03326419 0.02518797 -0.01747466
v 0.03326419 0.01943997 -0.01781546
v -0.01286701 -0.02748403 0.02813334
v -0.00866861 -0.07818403 0.06965254
v 0.03275219 -0.02409843 -0.02343866
v -0.02648621 0.03029037 0.00590054
v -0.02648621 0.03029037 0.00590054
v -0.03329581 0.04020717 -0.03596586
v 0.02333139 0.04696317 -0.02863466
v 0.02752979 -0.01019603 -0.00416906
v 0.02752979 0.00108877 0.00238454
v -0.01860141 0.00022637 -0.03417306
v 0.02491859 -0.00240883 -0.01207386
v 0.00080339 0.01681677 0.03377654
v -0.03012141 -0.01768643 -0.01296026
v 0.00658899 -0.05456803 0.08928214
v -0.01752621 -0.01608403 -0.03829786
v -0.00231981 0.01721677 -0.03848746
v -0.03324461 0.03962637 -0.03960906
v -0.01383981 -0.03326883 0.00499974
v -0.01383981 -0.03326883 0.00499974
v -0.03375661 -0.01037123 -0.01251866
v -0.01855021 0.04513197 -0.03377626
v -0.01645101 -0.02465203 -0.01104346
v -0.01645101 -0.02465203 -0.01104346
v 0.02496979 -0.02017443 -0.04245546
v 0.02706899 0.02276637 -0.01086666
v 0.01606099 -0.02641683 -0.02091386
v -0.02326061 -0.02969203 -0.02795626
v -0.02116141 -0.00328243 -0.04028106
v 0.01974739 0.00210557 -0.03473466
v 0.01974739 0.00210557 -0.03473466
v -0.03058221 -0.02860803 -0.02626906
v -0.03058221 -0.02860803 -0.02626906
v 0.02394579 -0.00418803 0.03024214
v -0.00016941 0.05208237 0.00072054
v 0.02604499 0.03129517 -0.01129786
v 0.00612819 -0.07769603 0.08277654
v 0.03234259 0.01986237 -0.03567466
v 0.02343379 0.01623837 0.03018854
v -0.00068141 0.00092877 -0.03112266
v -0.02479661 0.04595037 -0.02680026
v -0.03370541 0.04260477 -0.01984826
v 0.02712019 -0.01150003 -0.04430746
v 0.02921939 0.01751357 -0.01966186
v -0.03421741 -0.00044723 -0.02443626
v 0.01560019 0.01965997 -0.01874666
v -0.03263021 0.01882157 -0.01902186
v -0.00221741 0.03956797 -0.03689066
v -0.02633261 0.03817677 0.00170854
v -0.02633261 0.03817677 0.00170854
v -0.03314221 0.04254957 -0.02772506
v -0.00272941 -0.05661523 0.08333334
v -0.00272941 -0.05661523 0.08333334
v -0.02735661 0.02791597 -0.01156746
v -0.03416621 -0.02194163 -0.03892346
v -0.02105901 -0.02254643 -0.01777786
v 0.02665939 0.03035917 -0.01212666
v 0.02665939 0.03035917 -0.01212666
v -0.01947181 0.01021357 0.03669254
v -0.00636461 -0.03434003 0.00991974
v 0.01513939 -0.02150803 -0.03713066
v -0.02889261 -0.02182803 -0.04148506
v 0.03193299 0.04461917 -0.03360426
v 0.01411539 -0.01555363 0.02602934
v 0.02932179 -0.00436483 -0.01453706
v -0.03411501 -0.02630243 -0.02992106
v 0.01570259 0.00898877 -0.01320186
v 0.03090899 -0.00357363 -0.04027386
v 0.02619859 -0.01881363 -0.04292346
v 0.02619859 0.04663917 -0.03112426
v 0.01519059 -0.08028403 0.07354454
v -0.00472621 -0.03275043 0.01500854
v -0.02464301 -0.02138483 -0.01412746
v 0.02988499 -0.01234483 -0.01236426
v 0.02097619 0.03099437 0.00843414
v 0.00945619 -0.01398483 0.02504774
v -0.02566701 0.03253917 0.00275974
v -0.01255981 0.04912157 0.00177254
v -0.02356781 -0.02904003 -0.02788186
v 0.01944019 -0.00110003 -0.02796986
v 0.03203539 -0.01467683 -0.04252746
v 0.03203539 -0.01467683 -0.04252746
v -0.01880621 -0.00290563 -0.03981546
v 0.01580499 0.00759197 -0.01279226
v 0.03101139 -0.00223043 -0.04002986
v 0.02210259 0.02936397 0.01373254
v -0.00411181 -0.02371923 0.06633974
v 0.02630099 -0.01078803 -0.04415546
v 0.01739219 -0.02823443 -0.02692666
v 0.00638419 -0.01341683 0.02416374
v 0.01949139 -0.00081683 -0.02791306
v 0.03259859 0.01830237 -0.03008906
v -0.03397981 -0.02481683 -0.02563466
v -0.03397981 -0.02481683 -0.02563466
v -0.03188061 0.04455837 -0.03436506
v 0.02474659 -0.02232963 -0.01555786
v 0.02894499 0.00283677 -0.02557626
v -0.03449181 -0.00014803 -0.01955786
v -0.02819421 -0.01889603 -0.01331866
v 0.01532579 -0.08020803 0.07027254
v -0.03080541 -0.02868003 -0.03022026
v 0.02582179 0.04750957 -0.02996666
v -0.02240861 0.01663997 0.00632854
v -0.02240861 0.01663997 0.00632854
v -0.02240861 0.01663997 0.00632854
v 0.02059939 -0.00015843 0.03608134
v 0.03319459 0.02410957 -0.01422266
v 0.01747619 0.04308077 -0.03895066
v 0.03058339 0.04704957 -0.03011306
v 0.03058339 0.04704957 -0.03011306
v 0.01957539 0.01665997 0.00701734
v 0.03268259 -0.02532003 -0.02921066
v -0.01764701 -0.00703443 -0.03861386
v 0.01486499 -0.05859843 0.08000854
v 0.01855139 0.00232717 -0.03016986
v -0.01657181 -0.02122563 -0.01105786
v -0.01657181 0.00918797 -0.01292106
v 0.03114659 -0.00024483 -0.03295786
v -0.00397661 0.01668397 -0.03373066
v -0.02809181 0.03363997 -0.01241306
v -0.02809181 0.02625357 -0.01199306
v -0.02599261 -0.01222163 -0.01343066
v 0.00442019 -0.01260483 0.03142614
v -0.03280221 0.02412397 -0.01773306
v -0.01390941 0.03205757 0.00609254
v 0.00288419 -0.03516803 0.07597414
v -0.03223901 0.02917277 -0.04143866
v -0.02594141 0.03959917 0.00116214
v 0.01286819 0.04447917 -0.01213626
v 0.02336419 0.02115597 0.02597094
v -0.03377501 0.04229677 -0.03462746
v -0.03167581 0.04108397 -0.01603706
v -0.02747741 -0.00545283 -0.00997226
v -0.02537821 0.01912637 -0.01579866
v 0.03334819 0.03080157 -0.01284506
v 0.02234019 0.03719357 0.00145494
v 0.00662179 -0.01906083 0.02784694
v 0.01501859 0.01647917 -0.02953946
v 0.02761379 0.04698237 -0.02828666
v 0.02761379 0.04698237 -0.02828666
v 0.00559779 -0.06186563 0.07041734
v -0.02061661 0.03151837 0.00633014
v -0.00750941 0.00840717 0.03715494
v 0.00769699 -0.05309843 0.06559574
v -0.03162461 0.00198557 -0.02302746
v -0.03162461 0.00198557 -0.02302746
v -0.00331101 -0.03125203 0.01026134
v 0.02029219 0.03955117 0.00448774
v 0.02029219 -0.00450723 0.00443014
v 0.02658979 -0.01624723 -0.01268746
v -0.02845021 0.03568317 -0.04286666
v -0.02845021 -0.02909683 -0.02669386
v -0.02845021 -0.02909683 -0.02669386
v -0.02845021 -0.02909683 -0.02669386
v -0.01324381 -0.03302883 0.02310214
v 0.01506979 -0.06469043 0.06884774
v 0.03237539 -0.02453043 -0.02876346
v -0.03316061 0.03671437 -0.01401626
v -0.00274781 -0.03417043 0.05248694
v 0.01455779 0.04431917 -0.02457146
v 0.02715299 0.03010637 0.00362614
v 0.02715299 0.03783917 -0.01395386
v 0.00303779 -0.03734323 0.05480534
v 0.02925219 -0.00915763 -0.01285146
v -0.02317661 0.03748077 0.00221334
v -0.02107741 -0.00693683 0.02630054
v -0.02107741 -0.00693683 0.02630054
v -0.02368861 -0.03457923 -0.01070586
v -0.02158941 0.04597357 -0.03035066
v 0.03293859 0.02126157 -0.03691946
v 0.02822819 -0.00153283 -0.01652426
v 0.02822819 -0.00153283 -0.01652426
v -0.03101021 0.02047997 -0.01475386
v -0.01841501 0.03310557 -0.02084586
v -0.02942301 0.01954637 -0.01564186
v 0.03140259 0.04486877 -0.03653066
v 0.00728739 -0.03653443 0.00215174
v 0.02459299 -0.01743923 -0.01182586
v 0.03089059 0.03293597 -0.04478186
v -0.02153821 -0.01707523 -0.01098666
v 0.00677539 -0.01930083 0.04357974
v 0.01988259 -0.00138083 -0.02713546
v 0.01363619 0.01612077 0.03387334
v -0.02568541 -0.01637923 -0.01069706
v -0.02568541 -0.01637923 -0.01069706
v 0.00682659 -0.02330083 0.03808294
v 0.00682659 -0.01429683 0.02518294
v 0.00682659 -0.01429683 0.02518294
v -0.00628061 -0.05509283 0.09054054
v 0.03252899 -0.02535283 -0.02959546
v 0.03252899 -0.02535283 -0.02959546
v 0.02152099 -0.00156083 0.03536614
v 0.01890979 0.01560157 -0.03249786
v 0.03150499 -0.00050563 -0.03704346
v 0.03150499 -0.01312083 -0.01258346
v -0.02563421 -0.01389843 -0.01199226
v 0.01788579 0.02167837 -0.04105226
v 0.02418339 -0.00214323 0.02237014
v -0.02614621 0.04380557 -0.03642826
v -0.03295581 0.00037277 -0.03705466
v -0.02455901 0.02473757 0.00654134
v 0.03206819 0.02508797 -0.01366586
v -0.01826141 0.03756237 -0.04210746
v 0.01425059 0.04155277 -0.03439306
v -0.01771661 0.00606157 -0.01253866
v 0.01689459 0.03342557 -0.03571946
v 0.03210099 -0.01407763 -0.01312186
v 0.03210099 -0.02200323 -0.03705386
v 0.03210099 -0.02200323 -0.03705386
v -0.01822861 0.04348717 -0.03649946
v 0.02739059 0.01396557 -0.00226586
v 0.00747379 -0.01303123 0.02396694
v 0.00747379 -0.01303123 0.02396694
v -0.01874061 0.04052237 -0.01589386
v 0.02477939 -0.01144643 -0.04489066
v -0.03235981 0.04237437 -0.01749786
v -0.01925261 0.02043117 0.03155734
v 0.02426739 -0.01255283 -0.04478666
v 0.01535859 0.04290957 -0.01829706
v 0.01535859 -0.00077363 -0.03844506
v 0.03266419 0.02026797 -0.03614346
v -0.03287181 0.02335677 -0.01506986
v -0.00665741 -0.07273123 0.08852774
v 0.02165619 -0.02828243 -0.03097066
v 0.02375539 0.00798797 0.01935174
v 0.01904499 -0.00761283 0.01412294
v -0.03128461 0.04410637 -0.02014506
v 0.03164019 -0.01107043 -0.04103546
v -0.01659021 0.00114397 -0.03805546
v -0.02759821 0.00542477 -0.00963066
v -0.01239181 -0.00790723 0.00968294
v 0.00911219 -0.05956403 0.07287254
v -0.00399501 -0.00822163 0.01925414
v -0.02601101 0.03515357 -0.00944426
v 0.01540979 -0.02261843 -0.03657386
v -0.01971341 0.00167357 -0.03369226
v -0.02442381 -0.01826643 -0.01347866
v 0.00598899 -0.03009363 0.00535974
v 0.02068339 0.01526877 -0.01167786
v 0.01546099 0.00162637 -0.03369386
v 0.03066739 0.00337117 -0.02632666
v 0.02385779 -0.03517123 -0.00787066
v 0.02385779 -0.03517123 -0.00787066
v 0.02754419 0.00651757 -0.00259786
v -0.01648781 0.03741197 -0.01022586
v -0.02119821 0.04579997 -0.03166986
v 0.01341299 -0.01394723 0.02498614
v -0.01280141 -0.03414163 0.02061494
v -0.02171021 0.03617997 0.00589334
v 0.01500019 -0.02677683 -0.01357626
v 0.02810739 -0.00140403 -0.04015066
v 0.00399219 -0.02614083 0.00523414
v 0.03230579 -0.02736483 -0.02464266
v 0.03230579 -0.02736483 -0.02464266
v -0.03323021 0.04317917 -0.03356106
v -0.02903181 0.03831597 -0.01411306
v 0.02969459 0.02737437 -0.01303626
v 0.01868659 0.04688717 -0.03064586
v -0.00332941 -0.03322883 0.02557814
v 0.03128179 0.04713597 -0.02739706
v -0.03425421 -0.00128563 -0.01753066
v 0.02447219 0.00073037 0.03166054
v -0.02585741 -0.00974243 -0.01437706
v 0.02186099 0.04717917 -0.02886506
v -0.02846861 -0.01352803 -0.01218266
v -0.02846861 -0.01352803 -0.01218266
v 0.01924979 0.04512397 0.00077974
v -0.02007181 0.04629997 -0.02480026
v -0.02007181 -0.00322403 -0.02161546
v -0.02268301 0.01746077 -0.02097786
v 0.03184499 -0.01403523 -0.04005786
v -0.00798861 -0.02720323 -0.01144186
v 0.02662259 0.02984877 -0.01119226
v 0.02662259 0.02984877 -0.01119226
v 0.01981299 0.04698237 -0.02614266
v -0.03312781 -0.02766163 -0.02868986
v -0.00061581 -0.06264563 0.07075494
v -0.01372301 -0.01109283 0.01092054
v 0.01459059 -0.06947923 0.05444934
v 0.01459059 -0.06947923 0.05444934
v 0.01459059 -0.06947923 0.05444934
v 0.02298739 -0.00080163 -0.01771306
v -0.02524301 0.02287357 -0.04192346
v -0.03415181 -0.00026083 -0.03580986
v -0.03415181 0.00084957 -0.02153866
v 0.01566579 0.00254877 -0.02452666
v 0.03087219 0.04636877 -0.02329866
v 0.02406259 0.00297837 -0.03246906
v -0.00476301 -0.03080803 0.03425414
v -0.01367181 -0.01086643 0.00607414
v 0.02984819 0.03953037 -0.01479786
v 0.02093939 -0.01937123 -0.04302986
v -0.01838221 0.04489437 -0.03304106
v 0.02672499 -0.02008323 -0.04222746
v 0.01991539 -0.02546083 -0.01849066
v -0.03302541 0.03543037 -0.04249146
v -0.01991821 -0.00723363 0.02234374
v -0.02672781 -0.01600403 -0.01111146
v -0.02672781 -0.01600403 -0.01111146
v 0.02989939 0.04734717 -0.02859066
v 0.02989939 0.04734717 -0.02859066
v 0.03199859 -0.01468723 -0.04277226
v 0.03199859 -0.02542883 -0.02727066
v -0.01623181 -0.02295683 -0.01396186
v -0.02723981 -0.00928003 0.00472934
v 0.00947059 -0.05617843 0.08208614
v -0.03456141 -0.00195043 -0.02263706
v -0.00834701 0.04408717 -0.01002026
v 0.00685939 -0.02211043 0.04195094
v -0.03246221 0.02076557 -0.03866906
v 0.02626419 0.04707437 -0.02615226
v 0.03256179 0.04646077 -0.02538426
v -0.03297421 0.02431917 -0.01560746
v -0.03087501 -0.02031203 -0.04248826
v -0.01776781 0.04155597 -0.01704106
v -0.01776781 0.04155597 -0.01704106
v 0.00583539 -0.00849683 0.02089494
v -0.02037901 0.03170317 0.00819894
v 0.02052979 0.03428957 -0.04421386
v -0.03451021 -0.00718243 -0.01411386
v -0.00409741 -0.03337603 0.00458054
v 0.03208259 0.03796237 -0.01400426
v 0.02527299 -0.02817843 -0.03070586
v 0.01426499 -0.03402723 0.01486294
v -0.01875901 -0.00062643 0.03752374
v 0.02686019 0.04243517 -0.01698346
v 0.01795139 -0.01257123 -0.04278826
v 0.01114179 -0.00376323 0.03615894
v -0.02398141 0.03508557 -0.04349386
v 0.00853059 -0.05532083 0.06794054
v 0.01272899 -0.00809443 0.01654374
v -0.01348541 -0.01080723 0.01609094
v 0.02322499 -0.03129363 0.00395894
v 0.02742339 0.01822957 0.00042054
v -0.01870781 0.03291757 -0.02083306
v -0.01660861 0.01956317 -0.01259306
v -0.02761661 0.00665517 0.00178854
v 0.02010179 0.01677277 0.00506614
v 0.02010179 0.01677277 0.00506614
v -0.03232701 -0.01325443 -0.04380506
v -0.01292221 -0.01253923 0.02403894
v 0.02849859 -0.01918403 -0.01403226
v 0.02168899 -0.00342643 -0.02226186
v -0.01343421 -0.01073283 0.01137334
v 0.02117699 0.00075677 -0.03751546
v 0.03167299 0.01587837 -0.03294186
v 0.02066499 0.01727197 0.03239974
v 0.02066499 0.01727197 0.03239974
v -0.01655741 0.01291837 -0.01600426
v 0.01385539 -0.02930403 0.02593334
v -0.00816061 0.00439517 -0.03139866
v 0.00704579 -0.02881603 0.02624694
v -0.02177981 -0.00335923 -0.01951386
v -0.01758141 -0.03665683 0.00325814
v 0.02383939 0.02361677 0.00475334
v 0.00392259 -0.01066243 0.01879894
v -0.02019261 0.04422317 -0.03616026
v 0.01022019 -0.06904883 0.05445414
v 0.01441859 -0.02323123 0.02766694
v 0.02962499 0.00117277 -0.03733546
v 0.02071619 -0.02766323 -0.03410826
v -0.01650621 -0.02157683 -0.01291466
v -0.03432381 -0.00570163 -0.03701626
v -0.03222461 0.01511597 -0.03345146
v 0.01129539 -0.02013283 -0.03823226
v -0.00652221 -0.03417283 0.00746134
v 0.00397379 -0.05735043 0.06766454
v -0.02485181 0.03175037 -0.00992826
v 0.03177539 0.04551837 -0.03203066
v -0.01855421 -0.00748803 0.03393734
v -0.00334781 -0.03427203 0.05329094
v 0.01815619 0.03525357 -0.04375306
v 0.03285059 0.02067757 -0.03722266
v 0.02184259 0.04225517 -0.03985626
v 0.01713219 0.02795197 -0.04049626
v -0.02009021 -0.00754563 0.03253734
v -0.01799101 0.00951357 0.03716294
v 0.02762819 -0.02768563 0.00047734
v -0.02060221 -0.02327683 -0.01792826
v -0.01850301 -0.00637923 -0.03960186
v 0.02291779 -0.02845283 -0.02983306
v -0.02741181 -0.00275443 -0.01573706
v 0.02711619 -0.00469283 0.00326694
v -0.03422141 -0.01297043 -0.03985626
v -0.01901501 0.00029917 -0.02913866
v 0.02609219 0.02068077 -0.01122346
v 0.02819139 -0.01268723 -0.01241866
v 0.02086979 0.02794717 -0.04280906
v 0.02506819 0.02279277 -0.01452266
v -0.02526141 0.04144637 -0.01653626
v 0.03136579 -0.00165123 -0.03800506
v -0.01686461 0.04066317 -0.03525946
v -0.02787261 -0.00766883 -0.00958586
v 0.03295299 0.02712877 -0.01302986
v 0.02194499 -0.00639283 -0.04299066
v -0.01107901 -0.01569843 -0.03902186
v -0.02208701 0.02768237 0.02007334
v -0.03309501 0.04366317 -0.03192106
v -0.03099581 0.04454557 -0.02585306
v -0.02259901 -0.00825763 -0.01737706
v 0.03192899 -0.02467203 -0.01798986
v 0.01621059 0.04791517 0.00021094
v -0.01891261 0.04707757 -0.00844906
v -0.01891261 -0.02409843 -0.03966266
v 0.01989699 0.02911757 0.01926934
v 0.02199619 -0.00671843 0.02914854
v 0.01098819 0.04566557 0.00447494
v -0.00001981 -0.00872243 0.02754214
v 0.03039299 -0.01146803 -0.04419466
v -0.00892861 -0.07520403 0.05904694
v -0.03304381 0.02531437 -0.03982426
v -0.01993661 0.01574477 -0.02920026
v -0.01573821 -0.00812723 0.01356694
v 0.00576579 -0.03184483 0.04034054
v 0.03146819 -0.00387843 -0.03877866
v -0.01676221 0.01596637 -0.03721146
v 0.02675779 0.02656957 -0.01286346
v 0.02885699 -0.01827363 -0.01363786
v 0.03305539 0.03345117 -0.01549386
v 0.01943619 -0.00781763 0.02082934
v -0.01988541 -0.00299763 0.00579494
v -0.01988541 -0.00299763 0.00579494
v -0.02039741 0.00159677 0.02230134
v 0.02522179 0.01681037 -0.03609786
v 0.02732099 -0.01484083 -0.01220826
v 0.02732099 -0.01484083 -0.01220826
v 0.02942019 -0.00320483 -0.01532346
v -0.02300861 -0.02906083 -0.02633786
v -0.02823101 -0.02778483 -0.03436106
v 0.01318979 -0.00757123 0.00591334
v 0.02839619 0.02727197 -0.01301786
v 0.02839619 0.02727197 -0.01301786
v -0.03294141 0.04077597 -0.03720266
v 0.02474259 -0.01539603 -0.04415706
v 0.02894099 0.01557277 -0.02742986
v -0.01719021 0.01607277 -0.03523226
v -0.01719021 0.01607277 -0.03523226
v -0.00408301 -0.03170003 0.03984774
v -0.01770221 0.01575997 -0.03328826
v -0.03342061 0.04268877 -0.03637146
v 0.01429779 0.00208077 -0.03936026
v -0.03183341 -0.02318483 -0.01535066
v -0.01975021 0.01801037 -0.02798826
v 0.02167059 0.04763837 -0.02831306
v -0.01765101 0.04156637 0.00523014
v -0.02865901 -0.01419603 -0.01232266
v 0.02586899 -0.03321603 0.00283974
v 0.02586899 -0.03321603 0.00283974
v 0.03216659 -0.02358563 -0.03608746
v 0.03216659 -0.02358563 -0.03608746
v 0.03216659 -0.02358563 -0.03608746
v -0.01816301 -0.02852323 -0.02984826
v 0.01015059 -0.00970083 0.01991654
v 0.01015059 -0.00970083 0.01991654
v 0.03165459 -0.00222083 -0.02026346
v 0.03165459 0.00003197 -0.02312986
v 0.03165459 -0.00062403 -0.01997386
v -0.00766701 -0.06154243 0.09201574
v -0.02338541 0.01868477 0.02824214
v -0.02128621 0.00193117 -0.03338426
v 0.01542419 -0.07851123 0.07870854
v 0.01752339 0.04604797 -0.03414426
v 0.01752339 0.04604797 -0.03414426
v 0.03272979 0.01948797 -0.03463786
v 0.03272979 -0.02424163 -0.03206746
v 0.03272979 -0.02424163 -0.03206746
v 0.02172179 -0.01977443 -0.04293226
v -0.00449261 -0.03237923 0.02609254
v 0.02120979 0.03571517 -0.04413066
v -0.01811181 -0.00435043 -0.03881786
v 0.03170579 -0.02770163 -0.03045226
v 0.02489619 -0.00129043 -0.01159706
v -0.02333421 -0.00415523 0.02448854
v -0.00602861 0.02944557 0.02035334
v 0.01547539 -0.02645523 -0.02994586
v -0.03275501 -0.02306563 -0.01552026
v 0.01286419 -0.00836003 0.01061654
v 0.01286419 -0.00836003 0.01061654
v 0.02597139 -0.00625043 -0.01464266
v -0.03326701 0.03704317 -0.03457226
v -0.01596141 -0.02734883 -0.02145466
v 0.01235219 0.04454957 -0.02532746
v -0.01647341 0.01261997 -0.01309466
v -0.02538221 0.01459037 -0.03071866
v -0.01488621 -0.02741923 -0.01097386
v -0.01488621 -0.02741923 -0.01097386
v -0.02589421 0.04579837 -0.03128586
v 0.03073299 0.04031357 -0.01526106
v -0.03270381 -0.02085763 -0.04191946
v 0.02602259 -0.01635043 -0.01261066
v 0.03180819 -0.02689603 -0.03215066
v 0.02080019 0.01576157 -0.03320506
v -0.02743021 0.02936637 -0.01154186
v -0.00592621 0.01675997 -0.03886746
v 0.02448659 -0.02532243 -0.01181626
v 0.02448659 -0.02532243 -0.01181626
v 0.02448659 0.00071197 -0.03775786
v -0.01273581 -0.00779523 0.00719974
v 0.03078419 0.04713997 -0.02568106
v -0.00853741 0.04695597 0.00196694
v 0.03288339 0.04188637 -0.03550666
v 0.03237139 -0.02222083 -0.03709466
v -0.02896621 -0.02892483 -0.02478986
v -0.02266861 0.03553757 0.00335014
v -0.03418861 -0.02553363 -0.02178666
v 0.02822419 0.04675997 -0.03104906
v 0.01721619 -0.02777283 -0.03344346
v 0.03242259 0.03250557 -0.04460426
v -0.02000621 0.00461277 0.00576214
v 0.00830739 -0.04603443 0.07999014
v -0.02681581 -0.00679603 -0.01309706
v 0.02981139 0.04524157 -0.03624186
v -0.02261741 0.03827837 -0.04201866
v -0.02261741 0.03707277 -0.01356186
v -0.01893101 -0.02650883 -0.03744186
v -0.02783981 -0.02875843 -0.02784186
v -0.02783981 -0.02920643 -0.02708586
v 0.03088659 -0.02660243 -0.03551066
v -0.01944301 0.01020557 0.01422534
v -0.00423661 -0.00650883 0.03511414
v 0.01726739 0.00072557 -0.03274906
v 0.01936659 0.04678957 -0.02822826
v -0.00474861 0.05173597 -0.00965786
v -0.00264941 0.01795117 -0.03900266
v 0.01675539 -0.00734163 0.00473494
v 0.01675539 -0.00734163 0.00473494
v 0.03196179 -0.02604163 -0.02500906
v 0.03196179 -0.02604163 -0.02500906
v 0.00784659 -0.04656883 0.06219334
v -0.00526061 0.00150717 -0.03175546
v 0.01834259 0.02773597 0.02283174
v -0.01678061 0.01733757 -0.03785306
v -0.01678061 0.01733757 -0.03785306
v 0.01573139 0.00410957 -0.01521146
v 0.03303699 0.04050157 -0.03979146
v 0.00421139 0.03208957 0.01117814
v -0.03301101 0.03937597 -0.01810266
v -0.00679661 0.01345997 -0.03101226
v -0.00469741 -0.01989603 0.04988854
v 0.01260819 -0.00964163 0.01809014
v 0.01470739 0.04308557 -0.02939946
v 0.00579859 0.01379277 -0.03636026
v 0.03201299 -0.02358003 -0.03509146
v 0.03201299 -0.02358003 -0.03509146
v -0.02041581 0.02043917 0.03091494
v -0.00311021 0.05216557 -0.00927626
v -0.00101101 -0.06123843 0.07047654
v 0.03150099 0.00100717 -0.02202586
v 0.03150099 -0.01349843 -0.04315306
v 0.02049299 0.01647517 -0.02350186
v 0.02679059 0.04171037 -0.04042346
v -0.01253101 -0.03092083 0.02630134
v 0.02208019 0.03735757 0.00396454
v -0.03295981 0.02829837 -0.04096666
v 0.02366739 0.03267517 0.00478134
v -0.02927341 0.04573757 -0.02952906
v 0.03155219 -0.02746803 -0.03311226
v 0.01530339 0.00585197 -0.01704426
v -0.00881181 -0.07813843 0.06292134
v -0.02243101 -0.02939203 -0.02925786
v 0.03209699 -0.01623603 -0.04260986
v 0.01847779 -0.03504803 0.00371974
v -0.03395101 -0.01037683 -0.04022506
v -0.00563741 0.01605037 -0.03861146
v 0.03107299 -0.00562403 -0.04181066
v 0.01535459 0.03009677 -0.01237146
v 0.00644579 -0.03442323 0.05297014
v -0.03287581 -0.00192083 -0.01719146
v -0.01557021 -0.02701363 -0.01292266
v -0.01557021 0.04304557 -0.00994586
v -0.01557021 0.04304557 -0.00994586
v 0.03214819 -0.02703363 -0.03313626
v -0.00087581 -0.01159443 0.02314694
v -0.02709021 0.04589277 -0.02743226
v 0.01433059 0.03949037 -0.03611386
v -0.00138781 0.01725997 -0.03359946
v -0.02550301 0.04101597 -0.00852586
v -0.01029661 0.04603997 0.00219814
v 0.03271139 0.02001277 -0.03772746
v -0.03072541 0.03112957 -0.04137466
v -0.03072541 0.03112957 -0.04137466
v 0.02800099 -0.01621443 -0.01327066
v 0.02958819 -0.02782323 -0.02810986
v 0.02958819 -0.02782323 -0.02810986
v -0.02284061 0.01643357 -0.02265546
v 0.03168739 -0.01541763 -0.04367066
v 0.01596899 -0.01897763 -0.03900426
v 0.03327459 0.04273757 -0.01879946
v 0.02436579 0.01378717 0.02852054
v -0.03277341 0.00246317 -0.03112026
v -0.01756701 0.04005117 -0.01728266
v 0.02595299 0.04683517 -0.02871706
v 0.02595299 0.04683517 -0.02871706
v 0.01494499 -0.01910563 0.00434214
v -0.03328541 0.04002317 -0.03407306
v -0.03328541 0.04123997 -0.02226986
v -0.03328541 0.03855837 -0.03855466
v -0.01807901 -0.02780163 -0.03363866
v 0.00342499 -0.02596723 0.00467414
v 0.00342499 -0.02596723 0.00467414
v 0.02282979 0.01276637 0.01589254
v -0.03430941 -0.00934003 -0.03637226
v 0.01130979 -0.06960803 0.05389174
v 0.01130979 -0.06960803 0.05389174
v 0.01550819 -0.01404643 -0.03920906
v 0.03071459 -0.00189283 -0.04043226
v 0.03230179 -0.02073523 -0.04064586
v -0.03323421 0.03383837 -0.04072186
v -0.01802781 0.04191357 -0.01703626
v 0.01028579 -0.01154323 0.02166054
v 0.02339299 0.02066237 -0.04047386
v -0.03374621 -0.01587523 -0.04174586
v -0.01644061 0.01979197 -0.01314026
v 0.03127779 0.01626077 -0.02580026
v 0.01555939 -0.07285123 0.08650694
v 0.03076579 0.03503997 -0.01295226
v -0.03267101 0.02714877 -0.01236746
v 0.00874979 -0.05579443 0.08537254
v 0.00874979 -0.05579443 0.08537254
v -0.02847261 0.02771677 -0.04162746
v -0.02688541 0.03137677 -0.04394826
v -0.02739741 -0.02893603 -0.03002346
v 0.02922979 0.03654077 -0.01323786
v 0.00721379 -0.02535443 0.04769974
v 0.01141219 -0.01039203 0.01916214
v 0.03291619 -0.02421363 -0.01897786
v -0.03052061 -0.02798003 -0.03368106
v -0.03052061 0.04577677 -0.03013466
v 0.03030499 0.01602957 -0.02958426
v 0.03030499 0.01602957 -0.02958426
v -0.03313181 0.04160797 -0.03636426
v -0.03313181 0.03827357 -0.01448746
v 0.02298339 -0.01916243 -0.04294106
v 0.02718179 0.01443277 -0.01047066
v 0.03138019 -0.00834083 -0.04322666
v -0.02104861 0.01334877 0.01589654
v -0.01894941 0.00020637 -0.02385226
v -0.02785821 -0.01509363 -0.01214026
v 0.01776099 -0.00022243 -0.03038346
v -0.03466781 -0.00371523 -0.01589706
v 0.01986019 -0.02031043 0.00421254
v -0.01736221 0.01893437 -0.03872026
v 0.03245539 -0.02544323 -0.02890346
v 0.03245539 -0.02544323 -0.02890346
v -0.03098141 -0.02821363 -0.02854026
v -0.02678301 0.03849277 -0.00337866
v -0.02678301 0.01524797 -0.03400906
v 0.02984419 -0.00784883 -0.01328106
v 0.01832419 -0.02608963 -0.03733066
v -0.02990621 -0.02080883 -0.04195546
v -0.03251741 0.04307837 -0.02958826
v 0.00209379 -0.03532723 0.00411334
v 0.03040739 0.00090877 -0.03753626
v 0.00629219 -0.05765123 0.06773414
v 0.01888739 -0.02708083 -0.03544266
v -0.00732701 -0.08099683 0.07296934
v -0.02094621 -0.00467843 -0.01204986
v -0.00573981 -0.01122403 0.01303574
v 0.02677219 -0.01978483 -0.01386506
v 0.00265699 -0.03268723 0.07478454
v 0.00685539 0.00361677 -0.03940266
v 0.00685539 0.00361677 -0.03940266
v -0.03297821 0.01822077 -0.03243946
v -0.02248221 0.03936797 -0.04090266
v -0.03349021 -0.02288563 -0.04064026
v -0.00517661 -0.01896643 0.03735574
v 0.02523619 -0.01685203 0.00411734
v 0.03153379 0.02569597 -0.04209866
v -0.00778781 0.00523997 -0.03094266
v 0.03363299 0.02478317 -0.01671466
v -0.02611741 -0.00975763 0.00555494
v -0.01825101 -0.02817843 -0.03224426
v -0.00094541 -0.01651763 0.06031974
v -0.02296141 -0.00999203 -0.01509306
v -0.00775501 -0.06818403 0.05940614
v -0.01666381 -0.02692163 -0.03044906
v -0.02347341 -0.00185603 0.02288294
v -0.00826701 -0.05632003 0.08828934
v -0.01927501 0.02476957 -0.02482266
v 0.00903859 -0.06101283 0.07258374
v -0.03289421 0.02949357 -0.01362026
v 0.02163379 -0.02145443 -0.04172666
v 0.01062579 0.04973037 0.00105654
v -0.02659661 -0.03102003 -0.01050586
v -0.00770381 -0.07817843 0.06087334
v -0.01661261 0.04266877 -0.01191626
v -0.01661261 0.04266877 -0.01191626
v -0.01661261 0.03987837 -0.01147146
v 0.00069299 -0.00838483 0.02288454
v -0.01712461 0.03193437 0.00618614
v 0.01538739 0.03780957 -0.01320426
v 0.03269299 -0.02418563 -0.03325786
v -0.03284301 0.04538397 -0.02400986
v 0.02378419 -0.01977203 -0.04246266
v -0.01553741 0.03063917 0.01755494
v 0.02798259 -0.00712083 -0.01307066
v 0.03218099 -0.01602883 -0.04261146
v -0.00294221 -0.01352163 -0.03930106
v -0.00765261 -0.00939283 0.00923334
v -0.00345421 0.01661997 -0.03109306
v 0.01385139 -0.02431923 0.02779494
v -0.01236301 -0.03420243 0.00495414
v -0.01236301 -0.03420243 0.00495414
v 0.00494259 0.00270157 -0.03433146
v 0.03115699 0.00278317 -0.02653706
v -0.03437901 -0.01128003 -0.01573546
v -0.03437901 -0.01128003 -0.01573546
v -0.02127181 0.02252877 0.02835574
v -0.03227981 0.01989837 -0.01553706
v -0.00396621 -0.03652083 0.05827654
v -0.02598221 0.03773917 -0.00935786
v 0.01543859 0.00648877 -0.01953066
v 0.00652979 -0.03095763 0.03221334
v -0.01968461 0.02058877 -0.02671866
v 0.01651379 -0.02420163 -0.03934826
v -0.00811341 -0.06897843 0.08971414
v -0.00811341 -0.06897843 0.08971414
v 0.03330739 0.01894957 -0.02847626
v -0.00442701 -0.03276403 0.02314294
v 0.00606899 -0.03227443 0.00500374
v 0.01656499 -0.02224483 -0.04117546
v -0.00755021 -0.06983123 0.05429494
v -0.00335181 0.01724317 -0.03880026
v 0.02916019 0.00342397 -0.03141706
v 0.02916019 0.00342397 -0.03141706
v 0.01815219 0.03618957 -0.04333146
v 0.00243379 0.03234317 0.00559254
v 0.02603699 -0.00506563 -0.01203946
v 0.02813619 0.04309757 -0.01766026
v -0.00908621 0.00661757 -0.03133866
v 0.01922739 -0.00359923 0.00569894
v 0.02342579 -0.00297123 -0.01238586
v 0.00140979 0.01790717 -0.03914826
v 0.01661619 0.00074877 -0.03747946
v -0.03371341 0.00190717 -0.03105066
v -0.03371341 0.00190717 -0.03105066
v -0.00539981 -0.01041443 0.01112934
v -0.03422541 -0.01794963 -0.01521226
v -0.03422541 -0.02130163 -0.01608426
v -0.00801101 -0.07586323 0.08465174
v -0.00801101 -0.05577843 0.08977734
v -0.00801101 -0.05577843 0.08977734
v -0.03212621 -0.00759203 -0.04027466
v -0.02424141 0.03433757 0.00228054
v -0.00903501 0.00925677 -0.03110266
v 0.02557619 -0.02659443 0.00389974
v 0.03187379 -0.02778883 -0.02487386
v 0.02296499 -0.02610163 -0.03712746
v 0.01405619 0.04280477 -0.03282906
v -0.02316621 0.04213757 -0.03895946
v -0.02787661 0.00466877 -0.00900346
v 0.00673459 -0.02253443 0.03444534
v 0.03033779 -0.00328243 -0.01496426
v 0.03243699 -0.02356483 -0.03552266
v -0.01579341 -0.02753203 -0.02411466
v -0.01579341 -0.02753203 -0.02411466
v -0.00058701 -0.02655363 0.00586214
v -0.01369421 -0.01165923 0.02063174
v -0.00529741 -0.01366323 0.02550614
v 0.01410739 0.01152797 -0.03940186
v 0.02670259 0.03205517 0.00355574
v -0.01942861 0.02115917 -0.02654986
v -0.01942861 0.02115917 -0.02654986
v 0.02409139 0.00065597 0.03285974
v -0.02623821 -0.02878643 -0.02944266
v 0.01518259 0.04303037 -0.01746186
v 0.03248819 -0.02542643 -0.02868506
v 0.03248819 -0.02542643 -0.02868506
v -0.03094861 -0.00711363 -0.01330026
v -0.00263501 -0.01624963 0.05820374
v 0.02777779 -0.01634403 -0.04391546
v -0.02465101 -0.00999923 -0.01061546
v -0.02936141 -0.00555043 -0.01408266
v 0.02516659 0.03375997 -0.01244746
v 0.01625779 -0.02591603 -0.02009066
v -0.03407181 -0.02662483 -0.03359626
v -0.00365901 0.04735197 0.00512134
v 0.02675379 0.03294877 0.00102214
v 0.03305139 0.02216877 -0.03714906
v -0.02408781 0.04387917 -0.03663786
v -0.03089741 0.04211917 -0.01705466
v 0.02782899 -0.01959923 -0.04235546
v -0.01149261 -0.01464963 0.02664694
v -0.01830221 0.01966397 -0.03981226
v 0.01369779 -0.05768963 0.09140374
v 0.02680499 -0.01708403 -0.04356426
v 0.01579699 0.02575757 -0.01173866
v 0.01579699 0.02575757 -0.01173866
v -0.02352461 -0.01728323 -0.04350506
v -0.03453261 -0.00599443 -0.04090586
v -0.03453261 -0.00599443 -0.04090586
v 0.03049139 0.04753437 -0.02996026
v 0.03049139 0.04753437 -0.02996026
v -0.03294541 0.03760237 -0.04150266
v -0.03294541 0.03437997 -0.01566266
v 0.00902019 -0.04802403 0.07849414
v -0.00198781 -0.03240003 0.04563814
v -0.02610301 0.04604877 -0.02813066
v 0.03262339 -0.02156963 -0.01712106
v -0.03291261 0.04340717 -0.03290826
v 0.02791299 0.03561997 -0.01296266
v 0.02320259 -0.02166803 -0.01560746
v 0.02740099 0.01743517 -0.01992506
v 0.02950019 0.01574077 -0.02558106
v -0.01663101 -0.01666243 -0.03852826
v -0.01663101 -0.00224403 -0.01700586
v -0.01453181 -0.02523843 -0.03470906
v -0.01453181 -0.03411283 0.00482854
v -0.01453181 -0.03411283 0.00482854
v 0.02427779 0.01667677 -0.02102186
v -0.02815101 0.04177437 -0.03887306
v -0.02395261 0.00222237 -0.02663066
v 0.03216259 0.01572557 -0.03245226
v 0.02325379 0.04715357 -0.02728426
v 0.00123779 0.00342317 -0.03178426
v 0.01434499 0.04448717 -0.01294026
v 0.02274179 -0.02424963 -0.01727226
v -0.01657981 0.00160557 -0.02742186
v -0.01657981 0.00160557 -0.02742186
v -0.01919101 0.04616637 -0.02636266
v 0.02432899 0.01782077 -0.01127706
v 0.03221379 -0.02597843 -0.02012186
v 0.01019779 -0.01067923 0.01994374
v 0.02750339 -0.01520803 -0.00657146
v -0.01652861 -0.03618563 -0.01084026
v -0.02333821 0.03951197 -0.04104266
v -0.03224701 0.02572957 -0.01243706
v 0.03277699 0.04261197 -0.03934986
v -0.03275901 -0.02879363 -0.02427146
v -0.00234621 -0.02653203 0.00542694
v -0.02436221 0.00175357 -0.02354106
v -0.02226301 0.01928797 -0.03958106
v -0.02226301 0.01928797 -0.03958106
v 0.01915779 0.04712077 -0.02884026
v 0.03226499 -0.01748483 -0.01824186
v 0.03226499 -0.02558403 -0.02476106
v -0.01806461 0.04002077 -0.03899306
v 0.01444739 0.01786317 -0.03925706
v 0.02755459 -0.02821203 -0.03042986
v -0.03378301 -0.02420003 -0.01648266
v 0.01393539 0.01747197 -0.03952906
v 0.01603459 -0.00821443 -0.04086186
v 0.02914179 0.04059997 -0.01556426
v -0.03429501 -0.01477603 -0.04319786
v 0.03334019 0.02390797 -0.01847306
v 0.03334019 0.03438237 -0.01654426
v 0.01552259 0.01784157 -0.02101626
v 0.03282819 0.02733837 -0.04061626
v -0.01960061 0.01920477 -0.02741546
v -0.02850941 -0.02901683 -0.02996426
v 0.01710979 0.04509917 -0.02137866
v 0.01920899 0.01582797 -0.02935226
v -0.02692221 0.00132477 -0.02096026
v -0.02692221 -0.03247283 -0.00291226
v 0.01659779 0.00085757 -0.03347466
v -0.00961661 0.00942317 -0.03848106
v 0.03180419 -0.02410883 -0.03417706
v 0.03180419 -0.02410883 -0.03417706
v -0.03163261 -0.00982803 -0.01243066
v 0.00978819 -0.07264883 0.08838454
v 0.02709379 0.03678077 -0.01338986
v 0.03339139 0.01910317 -0.02543306
v 0.01557379 -0.00784563 0.00457334
v 0.01557379 -0.00784563 0.00457334
v 0.01767299 0.04150557 -0.01676586
v -0.02164861 0.03114077 0.00847414
v 0.02345859 0.02061757 0.00490774
v 0.01874819 0.03163997 0.01253174
v -0.02738301 0.03190077 0.00265094
v -0.03419261 -0.00170963 -0.03560906
v -0.01688701 0.02308317 -0.01975386
v 0.01772419 0.04054957 -0.04117626
v -0.03260541 0.01597037 -0.02123786
v 0.01301379 -0.06908163 0.05424854
v -0.02630781 0.03973757 -0.00848746
v 0.00620419 -0.01647283 0.05916054
v -0.03311741 0.03622397 -0.04201706
v 0.01879939 -0.00031683 -0.02955866
v 0.03190659 -0.01201123 -0.01257226
v -0.00741501 -0.06822003 0.09094374
v 0.02299779 0.01540477 -0.03166426
v 0.02299779 0.01540477 -0.03166426
v 0.02509699 0.04667517 -0.03091946
v -0.03204221 0.04524877 -0.03197946
v 0.00937859 -0.00829283 0.02015814
v -0.01683581 0.01445197 -0.03314746
v -0.01683581 -0.00081283 -0.02100666
v -0.02784381 -0.00202483 -0.00567306
v 0.02878339 0.04696797 -0.03034186
v -0.03465341 -0.00268723 -0.01890666
v -0.03255421 0.04552957 -0.02410186
v 0.01516419 0.03935517 -0.01108346
v 0.01936259 0.04703357 -0.02709146
v -0.01785981 -0.02578003 -0.03633146
v 0.03195779 0.01858317 -0.03477626
v 0.02934659 -0.01169043 -0.04420026
v -0.02308221 0.00065837 -0.03656666
v 0.02202499 0.04719117 -0.02785546
v 0.02202499 0.04719117 -0.02785546
v 0.00420739 -0.03389603 0.05149734
v 0.00420739 -0.03389603 0.05149734
v 0.01941379 -0.00695523 0.01239974
v 0.03252099 0.03578237 -0.04349146
v 0.02361219 -0.00212723 -0.01699066
v -0.00941181 0.00776077 -0.03821306
v -0.03352701 -0.01111603 -0.04326026
v -0.03352701 -0.01111603 -0.04326026
v -0.03352701 -0.01111603 -0.04326026
v -0.01832061 -0.02796403 -0.02957066
v -0.00521341 -0.02658563 0.00527814
v -0.00521341 -0.02658563 0.00527814
v -0.00521341 -0.02967603 0.00827094
v -0.02932861 0.03558797 -0.04324666
v 0.03149699 -0.01234323 -0.04414506
v 0.01787779 0.02813117 -0.04235146
v -0.02825341 -0.02897283 -0.02678026
v -0.02825341 -0.02897283 -0.02678026
v -0.00203901 0.05173837 0.00134534
v 0.03257219 -0.02538403 -0.02907386
v 0.03257219 -0.02538403 -0.02907386
v -0.03296381 0.02187117 -0.03786986
v 0.02576259 0.03641197 -0.04364266
v 0.02734979 0.01493037 -0.00032346
v 0.01634179 0.00137917 -0.03475786
v -0.02088061 0.01370717 0.00575654
v -0.01352621 -0.01029843 0.00542214
v 0.01427539 -0.01780483 0.02701254
v 0.02738259 0.00006157 0.00054934
v -0.02294701 0.00982557 0.03359734
v -0.03395501 -0.01097363 -0.04072506
v -0.03395501 -0.01097363 -0.04072506
v -0.02765741 -0.01807363 -0.04335386
v 0.00065619 -0.06305843 0.07046374
v -0.02345901 0.01616077 0.01119254
v 0.01535059 0.04340157 0.00484294
v -0.02187181 -0.00589683 0.02284614
v -0.00036781 -0.02653843 0.00465734
v -0.00036781 -0.02653843 0.00465734
v 0.00592979 0.05142637 -0.00999546
v -0.01818541 -0.00107123 -0.02339226
v -0.02760621 0.01765997 0.00034614
v 0.02011219 0.01718797 -0.02277546
v -0.03021741 -0.02853523 -0.03160346
v -0.01711021 0.01531197 -0.02888186
v 0.01540179 -0.02568723 -0.01255706
v 0.01540179 0.02063117 -0.03319946
v 0.01540179 -0.00765363 0.00753174
v -0.03282861 0.04469597 -0.03223306
v -0.03282861 0.04411037 -0.03432426
v 0.01488979 -0.07714483 0.08265654
v -0.02233261 -0.00489683 0.03361894
v 0.00598099 -0.00940883 0.02099174
v 0.00598099 -0.03216003 0.02298934
v -0.03334061 -0.02869603 -0.02958026
v -0.02914221 -0.00354003 -0.01506666
v 0.02958419 0.00033357 -0.03837706
v -0.03385261 -0.01777363 -0.04261066
v -0.02965421 -0.02933763 -0.02812586
v -0.02545581 0.03243117 -0.04384826
v -0.00605101 -0.03399603 0.02035734
v -0.01705901 0.03649357 -0.03784186
v 0.03275859 0.01935757 -0.03864746
v -0.01967021 -0.00783523 0.02734054
v 0.01442899 -0.01835603 -0.03872746
v 0.01442899 -0.03202803 0.02292934
v 0.00552019 0.03267597 -0.03917226
v -0.02069421 0.01637117 0.00857734
v 0.02492499 -0.01862243 -0.01468506
v 0.02702419 -0.00946403 -0.01220426
v -0.03431341 -0.00059283 -0.02622986
v 0.01550419 -0.02609923 -0.03060586
v 0.02861139 -0.02324243 -0.01671786
v 0.02861139 -0.02324243 -0.01671786
v 0.03280979 0.04546717 -0.03334426
v 0.02390099 0.03349917 -0.04433546
v -0.02852781 0.02895917 -0.04267306
v 0.03229779 0.04331357 -0.03535786
v 0.00296019 -0.02587363 0.00514854
v 0.01606739 0.00159677 -0.03582426
v 0.01606739 0.00159677 -0.03582426
v -0.02796461 -0.02065443 -0.01392986
v 0.01555539 0.00141997 -0.03511306
v -0.03267501 0.01742797 -0.03425146
v -0.00907181 0.00600077 -0.03818746
v -0.03318701 -0.00811843 -0.01297866
v -0.00067501 0.04852717 0.00175494
v 0.02292819 0.01480077 0.01330694
v -0.01639341 0.00456717 -0.02082986
v -0.00328621 -0.01374323 0.04001334
v -0.02530221 -0.02210083 -0.01047946
v -0.03421101 -0.00257123 -0.03610586
v 0.00720979 -0.01825283 0.05860534
v -0.00169901 -0.06317523 0.07018214
v -0.01792941 -0.02838803 -0.02940186
v -0.01792941 -0.02838803 -0.02940186
v -0.01792941 0.02577677 -0.02212586
v 0.02349139 -0.00424003 -0.01963226
v 0.02768979 0.01560317 -0.02357146
v -0.01634221 -0.02527763 -0.03414506
v -0.01004461 0.00888797 -0.03866426
v 0.03137619 -0.00899843 -0.04244506
v 0.03137619 -0.00899843 -0.04244506
v -0.01895341 0.04552317 -0.03241786
v -0.01475501 -0.02832563 -0.01091946
v -0.01475501 -0.02832563 -0.01091946
v -0.02576301 -0.00613043 -0.01349706
v 0.01565779 -0.00192483 -0.03972346
v 0.01565779 -0.00192483 -0.03972346
v -0.01736621 0.02951837 -0.03883946
v -0.00215981 -0.01369363 0.04155974
v -0.00896941 -0.06950323 0.05571734
v -0.01577901 0.04306237 0.00318694
v -0.01839021 0.04440317 -0.03547946
v -0.01629101 0.04436157 -0.01360186
v 0.03142739 0.01705997 -0.02859626
v -0.02991021 0.03363757 -0.01224106
v 0.03091539 -0.02075843 -0.04176826
v 0.03250259 -0.02537923 -0.02980506
v 0.03250259 -0.02537923 -0.02980506
v -0.02673581 -0.00413603 -0.01016106
v 0.01207379 -0.00971763 0.01861734
v 0.01417299 -0.03409443 0.01024534
v -0.02775981 -0.02121283 -0.04183466
v 0.00685139 -0.04498643 0.06032374
v -0.03298221 0.04145677 -0.03551226
v -0.03088301 -0.02366243 -0.03984906
v -0.01777581 0.04091837 -0.03659546
v -0.02668461 -0.03241363 -0.01020026
v 0.01473619 -0.07476243 0.05691014
v 0.01422419 -0.03392803 0.01147414
v 0.02052179 0.00304877 -0.03134186
v 0.03101779 -0.01729123 -0.01313866
v 0.03311699 0.03192397 -0.01254186
v 0.02475299 -0.00556563 -0.01338426
v 0.03105059 -0.00482723 -0.03972026
v -0.02137821 -0.02879683 -0.02919146
v -0.02137821 -0.02879683 -0.02919146
v -0.01927901 0.02485997 0.02735974
v -0.01088221 0.03608797 0.00588294
v 0.02162979 -0.03434803 0.00378374
v 0.02162979 -0.03434803 0.00378374
v -0.01769181 0.02134957 -0.04084506
v -0.01400541 -0.01910883 0.00533414
v 0.03161379 -0.01480483 -0.01276586
v -0.01871581 -0.01183123 -0.03904746
v -0.01661661 0.02091197 -0.03861066
v 0.00068899 -0.06146723 0.07026694
v 0.00488739 -0.02058003 0.06731894
v -0.02393821 -0.01121923 -0.01195946
v 0.02378019 -0.00375763 0.03179494
v 0.00176419 -0.00823923 0.02275494
v -0.02706141 0.00173277 -0.03402506
v 0.03166499 -0.00255603 -0.01714426
v -0.02076381 0.04350877 -0.01873386
v -0.02757341 -0.01794163 0.00371734
v -0.02757341 -0.01244403 -0.01195866
v 0.02905379 0.04615197 -0.03383226
v -0.00397021 -0.01204003 0.02276854
v -0.02649821 -0.02459843 -0.03913146
v 0.03012899 0.01725757 -0.03675386
v 0.02541859 -0.02025043 -0.01440266
v -0.02491101 -0.01270483 -0.01311386
v -0.01180381 0.04360637 -0.01035626
v 0.00760099 0.04383917 -0.03186586
v -0.03172061 0.02023117 -0.04054186
v -0.03172061 0.02023117 -0.04054186
v -0.01861341 0.02522717 -0.02388506
v -0.01231581 -0.01077843 0.00852854
v -0.03013341 -0.00599203 -0.01370106
v -0.02434781 0.02331517 -0.04268186
v 0.01707299 0.04598077 -0.03233466
v 0.03227939 -0.02455443 -0.02914746
v -0.02014941 -0.00670643 -0.01558986
v -0.01595101 -0.00830563 0.03168694
v -0.00284381 -0.02751923 -0.02891626
v 0.00135459 -0.05526643 0.08678134
v -0.02957021 0.04546957 -0.03184986
v 0.02495779 0.04050077 -0.04129946
v -0.02747101 0.04590797 -0.02570906
v 0.00504099 -0.01625123 0.05980854
v 0.03125539 -0.01088163 -0.04306346
v -0.03428061 -0.02075203 -0.01832426
v 0.00714019 -0.02096723 0.05161494
v 0.02024739 -0.00630803 0.02090454
v 0.02444579 0.00670077 0.03084054
v 0.00242979 0.00101917 -0.03838186
v 0.00242979 0.00101917 -0.03838186
v -0.03269341 0.04516557 -0.02430586
v -0.01748701 0.03734717 -0.03825306
v -0.02429661 0.01725917 0.01394694
v -0.02429661 0.01725917 0.01394694
v 0.00350499 -0.00981843 0.02109734
v 0.01661219 -0.02652643 -0.03351146
v -0.00120541 -0.02613043 0.07130214
v -0.03003101 0.03090637 -0.04175946
v 0.03079459 0.00223117 -0.02102506
v 0.02398499 0.03644877 -0.04352586
v -0.01533661 -0.02657043 -0.01141546
v -0.01533661 -0.02657043 -0.01141546
v -0.03315421 0.04109837 -0.02155546
v 0.01456419 0.00966317 -0.03920186
v -0.02475741 -0.00485843 -0.01426346
v 0.00304419 0.00127837 -0.03171066
v 0.00304419 0.00127837 -0.03171066
v -0.02317021 -0.00943923 -0.01631706
v -0.02107101 0.02275037 -0.04188986
v 0.01563939 -0.02109123 -0.03799066
v 0.00673059 -0.03046963 0.03712774
v -0.03259101 0.04155437 -0.01671306
v -0.00637661 0.00231437 -0.03145786
v 0.02613539 0.03135437 0.00421654
v -0.00898781 0.04559357 0.00583334
v 0.02352419 0.01994557 -0.01653546
v 0.01251619 -0.00833283 0.01751414
v 0.01251619 -0.00833283 0.01751414
v 0.01881379 0.03197117 0.00999414
v -0.03361501 0.04309997 -0.03181546
v -0.00740061 -0.03322323 0.02324694
v -0.01840861 -0.02791283 -0.02881546
v 0.03140899 -0.02809283 -0.02888586
v 0.03140899 -0.02809283 -0.02888586
v -0.00791261 -0.05869283 0.09137734
v 0.03350819 0.01788877 -0.02063706
v -0.03463901 -0.00127443 -0.02066906
v 0.01988899 0.02795437 -0.01765626
v -0.02414301 0.01576717 0.01357814
v -0.02414301 -0.00582003 -0.01034426
v 0.00626979 -0.04342723 0.07991654
v 0.02147619 0.03945997 0.00103094
v -0.02465501 0.04056557 -0.01558666
v -0.02255581 -0.02915443 -0.02605546
v -0.03407581 -0.01943523 -0.01354426
v 0.01574179 0.02695917 0.02435974
v -0.02357981 0.04589037 -0.03003946
v 0.02623779 -0.01442643 -0.04418586
v -0.01989341 -0.01845203 -0.01073386
v -0.02721501 -0.01616403 -0.01185786
v 0.02731299 -0.01380403 -0.00968586
v -0.02772701 -0.02963923 -0.00986266
v -0.02772701 0.00487677 -0.00027386
v -0.02772701 0.00682237 -0.00400586
v 0.00478499 -0.03230483 0.04161654
v 0.01999139 0.03820077 -0.04251306
v 0.02628899 0.00004957 -0.01813546
v -0.02404061 0.01650557 0.01086694
v 0.03258659 0.03870797 -0.04256426
v -0.03085021 -0.01132243 -0.01219226
v -0.03085021 -0.01132243 -0.01219226
v 0.03103219 -0.02790083 -0.02459146
v 0.02842099 0.02099517 -0.04096586
v 0.01900019 0.04608397 -0.02247226
v 0.01900019 0.04608397 -0.02247226
v 0.03210739 -0.02566003 -0.03606506
v 0.03210739 -0.02566003 -0.03606506
v -0.03342861 0.04107357 -0.03436906
v -0.00721421 -0.07555283 0.08570774
v 0.02109939 0.01965277 0.03041814
v -0.00352781 -0.03237923 0.03339494
v 0.03108339 -0.01293523 -0.04422026
v -0.03445261 -0.00621523 -0.01943466
v -0.03445261 -0.00621523 -0.01943466
v 0.01746419 0.04482717 -0.03679786
v 0.00645619 -0.01428723 0.02537654
v 0.00645619 -0.01428723 0.02537654
v 0.03267059 0.01627677 -0.03394186
v -0.01975821 -0.02468963 -0.01753066
v 0.01434099 0.02335037 -0.03927946
v -0.03179021 0.03254557 -0.01217146
v -0.02129421 -0.00597363 -0.01937706
v 0.00911859 -0.05558163 0.08406374
v -0.03020301 0.00230317 -0.02466586
v 0.01751539 0.04688317 -0.02836186
v 0.01751539 0.04688317 -0.02836186
v 0.00650739 -0.03480083 0.00409814
v -0.02861581 0.02323997 -0.01345466
v 0.01910259 0.01958397 -0.03959946
v -0.03383821 -0.02669123 -0.02807066
v -0.01653261 0.00022237 -0.03845066
v -0.01653261 0.00022237 -0.03845066
v 0.02488819 0.03431197 -0.04438106
v -0.02544141 -0.02909603 -0.02969066
v 0.01597939 0.01961597 -0.01204986
v 0.02908659 -0.02328323 -0.04000346
v -0.00813581 -0.00984003 0.00874854
v -0.03225101 0.00041677 -0.01942746
v -0.00183821 -0.01265123 0.03240694
v 0.01966579 -0.00200163 0.03598374
v 0.00184819 -0.02640963 0.00572614
v 0.01495539 0.03544397 -0.02867226
v 0.03016179 -0.01712963 -0.01289226
v -0.03327501 0.04189117 -0.02253546
v 0.02335219 -0.01703683 -0.01218106
v 0.02964979 -0.02837363 -0.02980906
v 0.02964979 -0.02837363 -0.02980906
v 0.03174899 -0.02141683 -0.04076426
v -0.02067981 0.03156157 0.01054854
v -0.02958861 -0.02171603 -0.04138026
v -0.01648141 0.01084317 -0.01337386
v 0.02913779 -0.00470723 -0.04261706
v 0.02913779 -0.00470723 -0.04261706
v -0.02329101 0.00745517 0.02110134
v -0.01699341 0.03186237 0.00654454
v -0.00178701 -0.05573203 0.08569014
v 0.01551859 -0.02696643 -0.02063466
v -0.00859661 -0.01044803 0.00909094
v -0.01750541 0.04246557 -0.01806186
v 0.01080819 -0.06242083 0.09218134
v 0.01290739 -0.00771923 0.00750374
v -0.02221581 0.01460237 -0.03065626
v 0.01920499 -0.00764563 -0.04244906
v -0.03112461 -0.01612883 -0.04425066
v -0.03112461 -0.00351043 -0.04064426
v -0.00071181 -0.05963923 0.06934134
v 0.01239539 0.02610557 0.02563254
v -0.01643021 -0.00400243 -0.03871866
v 0.01608179 -0.02459603 -0.03676426
v -0.02114061 0.01548557 -0.02760746
v 0.03287539 0.03379117 -0.04127866
v -0.01955341 0.02397677 -0.04206186
v 0.02396659 0.01205997 0.01826934
v 0.01925619 0.02078557 -0.04078426
v 0.03236339 -0.02527523 -0.02783546
v -0.00695821 -0.03525843 -0.01122186
v -0.00485901 -0.01427363 0.03336214
v -0.01637901 0.00443117 -0.01497706
v -0.00327181 -0.03252163 0.04958374
v 0.02191859 -0.02241043 -0.04097066
v -0.01530381 -0.02760403 -0.02053706
v -0.01530381 -0.02760403 -0.02053706
v 0.01510899 -0.06995363 0.08930694
v 0.03241459 -0.02527523 -0.02763866
v 0.02980339 0.04708957 -0.02836506
v 0.02980339 0.04708957 -0.02836506
v 0.03190259 -0.01085203 -0.01254266
v 0.02299379 0.01380477 0.01474294
v -0.02733581 0.00849037 0.00486614
v 0.00097779 -0.03310083 0.00435894
v 0.02719219 0.03270797 -0.01237306
v 0.03139059 -0.00398883 -0.04151466
v -0.03204621 0.01390397 -0.02843306
v -0.02784781 0.00934877 -0.00922826
v 0.02877939 0.00301437 -0.03307786
v 0.02877939 0.00301437 -0.03307786
v 0.02196979 0.04706557 -0.03028106
v 0.01516019 0.01563597 -0.02500186
v -0.02887181 -0.02902163 -0.02812186
v -0.02887181 -0.02902163 -0.02812186
v -0.02677261 0.03525917 -0.01264506
v 0.01884659 0.04636957 -0.00490746
v -0.02728461 0.03665597 -0.00323786
v -0.02308621 -0.00257843 -0.01635866
v 0.02253299 -0.00624243 0.03029894
v -0.01310221 0.03707517 -0.03752586
v 0.03251699 -0.02552643 -0.03022346
v 0.02570739 0.01569037 -0.02369706
v 0.02519539 -0.02841203 -0.02893946
v -0.02723341 -0.02888083 -0.02928746
v 0.02729459 0.03194637 0.00265894
v 0.03149299 -0.00314883 -0.03735786
v 0.03149299 -0.00514723 -0.03849626
v 0.02678259 0.03146557 -0.01204026
v 0.01577459 -0.07203283 0.08607654
v 0.01997299 0.03237517 0.00491254
v 0.03308019 0.04015677 -0.01949386
v 0.02417139 -0.02501123 -0.01800746
v 0.03256819 -0.02526003 -0.02791226
v 0.03256819 -0.02526003 -0.02791226
v -0.03296781 0.03704957 -0.04166026
v -0.00465421 -0.01735843 0.04984374
v -0.03347981 -0.02841923 -0.02411866
v 0.00323059 0.05125997 -0.01016346
v -0.01668621 -0.02168243 -0.03750586
v -0.00252221 0.02201597 0.03017254
v 0.00377539 -0.01307603 0.03784294
v -0.02766141 -0.03004963 -0.00395306
v -0.02556221 -0.02788003 -0.03403706
v 0.00275139 -0.02933923 0.00821654
v 0.00485059 -0.03246163 0.03285734
v -0.03129661 -0.02873683 -0.02906586
v -0.03129661 -0.02873683 -0.02906586
v -0.01818941 -0.00974323 -0.03937306
v -0.00508221 -0.01914963 0.04066534
v 0.02952899 0.01571917 -0.03290666
v 0.03162819 -0.01523523 -0.04157306
v -0.03441981 -0.00233443 -0.03547866
v 0.03270339 -0.02388803 -0.02066106
v 0.01488579 -0.03444083 0.00403094
v 0.01488579 -0.03444083 0.00403094
v 0.02799299 0.03867597 -0.04246506
v 0.00387779 -0.02708963 -0.01165946
v -0.03334461 -0.00461843 -0.04153306
v -0.01813821 0.03793597 -0.04161306
v -0.02494781 -0.01654163 -0.01132186
v -0.01184061 0.04484237 0.00553414
v 0.00285379 0.05193997 0.00052134
v -0.00605501 -0.03439603 0.01701654
v -0.02387261 0.03559837 -0.01299786
v -0.02387261 -0.02638163 -0.01905066
v -0.01967421 0.01803197 0.03303974
v -0.01757501 0.03869517 -0.03804346
v -0.01547581 -0.02762003 -0.01925706
v 0.03224259 -0.01162883 -0.01333146
v -0.01649981 -0.02721843 -0.02840746
v 0.01181379 -0.00833763 0.01887174
v 0.01181379 -0.00833763 0.01887174
v -0.02750781 -0.02890483 0.00303814
v 0.02911939 0.00052317 -0.01852026
v 0.02911939 0.00052317 -0.01852026
v -0.03431741 -0.00603843 -0.01391306
v -0.00810301 0.04371117 -0.03127706
v -0.03221821 0.02631837 -0.01220106
v -0.03221821 -0.02878083 -0.02905626
v -0.03221821 -0.02878083 -0.02905626
v -0.01911101 -0.00781523 0.01693814
v -0.01911101 -0.00781523 0.01693814
v -0.01803581 0.04219997 -0.03850746
v 0.00136899 -0.00792483 0.03282694
v -0.02274621 0.00759917 0.03442054
v -0.03375421 -0.00675843 -0.03928986
v -0.03375421 -0.00675843 -0.03928986
v -0.02745661 -0.02867123 -0.02649306
v -0.02745661 -0.02867123 -0.02649306
v -0.03426621 -0.01394803 -0.01507546
v -0.00805181 -0.08056483 0.07338054
v 0.02026179 0.01163517 0.01670294
v -0.03216701 -0.01361283 -0.04421466
v -0.01905981 -0.01206803 -0.03933226
v -0.02377021 -0.01986403 -0.01498106
v -0.00646461 -0.08101523 0.07362614
v -0.01747261 0.03582557 -0.03852986
v 0.01084099 0.04428957 -0.01048586
v 0.01294019 -0.00803363 0.01187814
v 0.02712259 0.03473357 -0.00156106
v -0.02110781 0.01784717 0.03223174
v -0.03211581 0.00232317 -0.02897386
v 0.02661059 -0.03267443 0.00166294
v 0.02661059 -0.01803283 0.00360294
v 0.01509059 -0.02679603 -0.03099466
v 0.03239619 0.01994157 -0.03994106
v 0.01038019 -0.05930403 0.07822374
v 0.02768579 0.04712957 -0.02821466
v 0.02768579 0.04712957 -0.02821466
v 0.01667779 0.04611837 -0.03042026
v 0.03188419 0.02462317 -0.04161946
v -0.02945341 -0.01076883 -0.01223706
v -0.02945341 -0.01076883 -0.01223706
v 0.02507459 0.04725517 -0.02945066
v 0.02507459 0.04725517 -0.02945066
v 0.02717379 0.01038797 -0.01085546
v -0.01895741 0.02539517 -0.02453946
v -0.01895741 0.04607197 -0.03000346
v 0.02456259 0.03677677 -0.01110986
v 0.02456259 0.03677677 -0.01110986
v 0.01565379 0.01304157 -0.01270346
v 0.02876099 0.04693277 -0.02903786
v 0.02876099 0.04693277 -0.02903786
v 0.00464579 -0.00829363 0.02123734
v -0.00846141 0.04365517 -0.01047706
v -0.01946941 0.00315197 0.01307974
v 0.02824899 0.03411597 -0.01252106
v -0.02208061 -0.01807523 -0.04335786
v -0.00738621 0.00411837 0.03738854
v -0.02940221 -0.02957043 -0.02830266
v -0.02100541 -0.02204403 -0.01745226
v 0.00940739 -0.01824403 0.02736774
v -0.02361661 0.02457437 0.02133254
v -0.02361661 -0.00747043 -0.01066826
v 0.01780419 -0.02818563 -0.03289946
v -0.01941821 -0.01851203 -0.01099786
v 0.00628419 -0.03263763 0.01339414
v -0.02464061 -0.01270323 -0.01223066
v -0.01834301 0.03694237 -0.00977706
v -0.02725181 0.03426077 0.00197894
v 0.02727619 0.00711757 -0.00451066
v 0.00945859 -0.01125123 0.02078934
v -0.01675581 0.03711037 -0.03741306
v 0.01785539 0.04415437 -0.03795946
v -0.01936701 -0.00742003 0.01491414
v -0.01936701 -0.00742003 0.01491414
v -0.03298621 0.03168157 -0.01524586
v -0.01777981 0.04388157 -0.01950986
v -0.00308541 -0.02748003 -0.01130586
v 0.01422019 -0.01072563 0.01027334
v 0.01422019 0.03221517 0.00537974
v 0.00531139 -0.02746083 0.00582294
v 0.00531139 -0.03031523 0.00916294
v -0.01880381 -0.00793123 0.01478614
v 0.03101379 0.03920077 -0.04256506
v 0.03101379 0.04618077 -0.03390266
v 0.02000579 -0.01452323 -0.04425466
v 0.02210499 -0.00321523 0.03440214
v -0.00410941 -0.02055283 0.06346774
v -0.02402621 0.01412877 0.01616374
v -0.02402621 0.01412877 0.01616374
v -0.03083581 -0.02496883 -0.03880986
v 0.00744339 -0.06803683 0.05721414
v -0.01877101 0.01535597 -0.02898746
v -0.01877101 0.01535597 -0.02898746
v -0.02348141 0.02139037 0.02569574
v 0.03104659 -0.02765443 -0.02901546
v 0.03104659 -0.02765443 -0.02901546
v -0.01718381 0.01674877 -0.03636426
v -0.01718381 0.01674877 -0.03636426
v 0.02633619 0.03157437 -0.01187066
v 0.00851859 -0.03747603 0.07319654
v 0.02162579 -0.01573923 -0.04397786
v -0.00248941 -0.05577523 0.08268374
v -0.01610861 -0.02659283 -0.01456266
v 0.02741139 0.00929357 -0.00165306
v 0.02741139 -0.00190483 -0.00086906
v -0.02501741 -0.03502323 -0.00149146
v -0.02501741 -0.03502323 -0.00149146
v 0.03160979 0.00114077 -0.02071306
v -0.02972781 0.01425277 -0.02987626
v -0.02762861 0.01636317 0.00240694
v -0.02343021 0.01477677 -0.03062746
v -0.03443821 -0.00168963 -0.03110506
v 0.03319699 0.02280237 -0.03955786
v -0.02184301 0.03304877 -0.04376106
v 0.00647059 0.00471837 -0.03187626
v -0.03285101 0.01908237 -0.03395786
v -0.03285101 0.01824077 -0.01826186
v -0.03075181 0.02721277 -0.01207146
v 0.02377619 -0.03452323 0.00325334
v 0.02377619 -0.03452323 0.00325334
v 0.00176019 0.05178797 0.00117894
v -0.03126381 0.02613997 -0.01230666
v 0.02746259 -0.01208003 -0.01204746
v 0.02746259 -0.01208003 -0.01204746
v 0.02065299 -0.00747043 0.02280374
v -0.03177581 0.02479437 -0.01252826
v 0.03114899 -0.00987283 -0.04398906
v -0.02127981 -0.02859203 -0.02695626
v 0.00703379 -0.02714803 -0.01159466
v -0.01708141 0.03874557 -0.01504906
v -0.02808941 0.03680637 -0.04264506
v 0.02643859 0.02834317 -0.01245866
v 0.01752979 0.00407277 -0.01299786
v -0.00868461 -0.07980883 0.06758374
v 0.02331539 0.00237117 0.02108854
v 0.02751379 0.01624397 0.00143894
v -0.01861741 0.02201597 -0.02505386
v -0.00551021 -0.01446083 0.02656614
v 0.03329939 0.03563597 -0.01473466
v -0.02174061 0.00361037 -0.01051306
v -0.00233581 -0.02136643 0.06769814
v 0.01496979 -0.06896723 0.05657014
v 0.01496979 -0.06896723 0.05657014
v -0.02225261 0.01609997 0.00599094
v -0.02225261 0.01609997 0.00599094
v 0.03227539 -0.01525683 -0.01333706
v -0.03326061 0.04367757 -0.01984906
v -0.01385581 0.04447277 0.00226054
v 0.00764819 -0.03943843 0.05789254
v -0.01646701 -0.03125683 -0.01095146
v -0.01646701 -0.03125683 -0.01095146
v -0.01016941 0.01169997 0.03630294
v -0.00597101 -0.00837843 0.01555014
v 0.01553299 -0.05844723 0.08221174
v -0.00648301 -0.03663923 0.00158534
v -0.03059821 -0.00920403 -0.04153306
v -0.02220141 -0.00941923 -0.01385306
v 0.03232659 -0.01602883 -0.01384026
v 0.02551699 -0.00559043 -0.04286906
v 0.02920339 -0.02733443 -0.02653706
v 0.00718739 0.01316237 -0.03940266
v 0.03288979 -0.02523443 -0.02163066
v -0.02844781 0.02743837 -0.01208506
v 0.01717139 0.04647117 -0.03115706
v 0.01717139 0.04647117 -0.03115706
v -0.02215021 -0.01691123 -0.01080666
v 0.00616339 -0.02864563 0.00627014
v -0.03315821 0.03832637 -0.01579546
v -0.02005101 0.03982157 -0.04095306
v -0.01795181 0.04137037 -0.03798746
v 0.01456019 -0.05541763 0.09037014
v -0.00535661 -0.03083923 0.00937974
v 0.02715539 -0.03085523 -0.00196986
v -0.03418221 -0.00621123 -0.01593946
v 0.03345299 0.01958877 -0.01855386
v 0.02664339 0.00279197 -0.01133546
v -0.02368621 -0.01020563 -0.01551946
v 0.02193299 0.04008717 -0.01493306
v 0.01512339 0.01537837 -0.02407306
v 0.03242899 -0.02525363 -0.02837786
v 0.03242899 -0.02525363 -0.02837786
v 0.03242899 -0.02525363 -0.02837786
v -0.03310701 -0.02718483 -0.02793866
v -0.02890861 -0.02060723 -0.01394906
v 0.00780179 -0.03598403 0.05733414
v 0.02510739 -0.00376563 -0.01476746
v 0.01829779 -0.00063923 -0.02979146
v 0.02249619 -0.00324323 -0.04178266
v 0.02249619 -0.02789123 -0.02284346
v -0.02573421 -0.01883683 -0.04307946
v 0.03089299 -0.01450963 -0.04427386
v -0.03254381 0.02168477 -0.01436986
v -0.01943661 -0.00750003 0.00811734
v -0.01943661 -0.00750003 0.00811734
v 0.01517459 0.00033597 -0.03739306
v 0.01517459 0.00033597 -0.03739306
v -0.02414701 0.04000717 -0.04049466
v 0.03248019 -0.02552803 -0.02867626
v -0.01155181 -0.01249283 0.02417414
v -0.00525421 -0.03314563 0.01782294
v 0.00314259 -0.06306483 0.07059734
v -0.03407981 -0.02465363 -0.02816826
v 0.02674579 -0.00687123 -0.01212346
v 0.01573779 -0.01624003 -0.03916266
v -0.03459181 -0.00497523 -0.01567306
v -0.03300461 0.03198077 -0.04112266
v -0.01569901 -0.02511923 -0.03450746
v -0.02460781 0.04614317 -0.03096426
v -0.03351661 -0.00267443 -0.03981866
v 0.03150739 0.00113597 -0.03078106
v 0.03360659 0.01869357 -0.02169146
v -0.01672301 -0.00083603 -0.03649146
v -0.02773101 -0.01152243 -0.00448106
v 0.00058259 -0.01189203 0.02146854
v -0.02353261 -0.00341763 0.02898854
v 0.03309459 0.03805997 -0.01937466
v -0.01723501 -0.00639763 0.03552614
v -0.00412781 -0.01364003 0.03575974
v -0.03295341 0.04146717 -0.03882826
v -0.00673901 -0.06545843 0.09195734
v 0.01476499 0.00839357 -0.03823226
v 0.01896339 0.04146877 -0.04062666
v -0.01615981 0.02388237 -0.03846346
v 0.02736019 -0.01067603 -0.00819866
v -0.02821021 -0.01639443 -0.01234746
v 0.02370659 0.03405357 0.00450454
v 0.02370659 0.04667197 -0.03167386
v 0.02370659 0.04667197 -0.03167386
v -0.02872221 -0.02871843 -0.02853226
v -0.03343261 -0.01165763 -0.01240186
v -0.03343261 -0.01165763 -0.01240186
v -0.01822621 -0.00015283 -0.02444986
v -0.01822621 -0.00139523 -0.03670186
v -0.00301981 -0.05549363 0.07064294
v 0.02739299 0.00665757 -0.00372746
v -0.00143261 -0.05405443 0.06601654
v 0.02688099 0.00680477 -0.01113306
v 0.03317859 0.02099517 -0.03654346
v 0.02636899 0.03082637 -0.01207706
v 0.02636899 0.03082637 -0.01207706
v -0.02186141 0.04525997 -0.02184426
v -0.01976221 0.01417037 0.03507894
v 0.00855139 -0.01578643 0.02627974
v -0.02237341 -0.00563443 0.03244214
v -0.02237341 -0.00563443 0.03244214
v 0.03215459 -0.01525683 -0.04276906
v 0.03215459 -0.01525683 -0.04276906
v 0.03215459 -0.01525683 -0.04276906
v -0.03338141 0.00121037 -0.02194586
v -0.00506781 -0.02355603 0.03469254
v -0.01658781 0.03336637 -0.01133866
v 0.02012259 -0.03539603 -0.01165146
v -0.02810781 -0.01756083 -0.01265226
v -0.01500061 0.04340957 -0.01083066
v 0.00230499 0.01657357 -0.03543946
v 0.03220579 -0.01622563 -0.04251466
v 0.03220579 -0.01622563 -0.04251466
v -0.01812381 0.03699277 -0.01898266
v 0.01438819 -0.03356083 0.01106534
v 0.01438819 0.03412237 -0.03890266
v -0.03384221 -0.01684083 -0.04362826
v -0.01863581 -0.02242083 -0.04083306
v 0.02278499 0.04677437 -0.02427706
v 0.02488419 0.03928877 -0.01057466
v -0.02754461 0.00241997 0.00411894
v -0.03225501 -0.01374003 -0.04295386
v 0.00655459 -0.03377523 0.01197974
v -0.00025501 -0.03192643 0.01124774
v -0.03327901 0.04116397 -0.03619386
v 0.01653859 -0.02570163 -0.01969306
v 0.00553059 -0.03268723 0.02039654
v 0.00553059 -0.01317123 0.03112374
v -0.01858461 -0.00058883 -0.03583546
v 0.01392739 0.04437357 0.00428694
v -0.02800541 0.04619677 -0.02777946
v 0.01551459 0.01247677 -0.01306026
v 0.00660579 -0.01604163 0.03710614
v 0.03020899 0.01923197 -0.01755386
v -0.03322781 0.00022637 -0.02534586
v -0.01802141 -0.02579043 -0.02054746
v -0.03373981 0.04309917 -0.03306106
v 0.03128419 0.00132477 -0.02005306
v 0.02657379 0.03120557 -0.01147226
v 0.02657379 0.03120557 -0.01147226
v 0.02657379 0.03120557 -0.01147226
v -0.01274781 -0.02747123 -0.01101306
v -0.01955741 -0.00776163 0.00552454
v -0.01797021 0.03656077 -0.03934586
v -0.01167261 -0.00857363 0.00910854
v -0.03368861 -0.02579843 -0.03695946
v -0.01848221 -0.02859523 -0.02803626
v -0.01848221 -0.02859523 -0.02803626
v 0.02293859 -0.00426643 -0.01962506
v 0.02503779 0.03323517 -0.01134106
v 0.02713699 0.02367517 -0.01058346
v 0.01612899 0.02334237 -0.01184426
v 0.03343459 0.02758237 -0.01501066
v 0.01771619 0.00008637 -0.03145226
v 0.02401379 0.01588637 0.02906614
v -0.00010141 0.03227197 0.00564934
v 0.02611299 0.03700157 -0.01027466
v -0.02631581 0.03169677 -0.01186186
v 0.03241059 -0.02241843 -0.01937066
v 0.03241059 -0.02313843 -0.02355786
v -0.01372061 -0.03383283 0.00779654
v 0.02770019 0.04564237 -0.03522266
v -0.01843101 0.03141917 -0.02166586
v 0.02718819 0.01971437 -0.01036746
v 0.00517219 0.01459757 -0.03254986
v 0.03138659 0.00074717 -0.02730506
v -0.00844701 0.01341037 -0.03855626
v 0.03297379 0.04127597 -0.01669066
v -0.02626461 -0.02327683 -0.01534026
v 0.01884259 -0.03596403 0.00309894
v -0.02047901 0.02053357 -0.04076746
v -0.02989981 -0.02912163 -0.03085626
v 0.02672739 0.01605597 -0.02218826
v 0.00681059 -0.02530563 0.03454294
v 0.00681059 -0.02530563 0.03454294
v -0.00209821 -0.00786963 0.03320374
v 0.00210019 0.04214637 -0.03470186
v -0.03302301 0.04440877 -0.03202026
v -0.02672541 -0.01284563 -0.04303306
v 0.03148899 0.04681917 -0.03149146
v -0.02093981 0.01662877 0.00679894
v -0.01674141 0.03566877 -0.03789386
v 0.03097699 -0.02683283 -0.02521946
v -0.01986461 -0.00615843 -0.01489626
v -0.03087261 0.01913117 -0.01585146
v -0.01827741 0.04135117 0.00340854
v -0.01617821 0.04230077 0.00578294
v 0.02734179 -0.00460643 -0.00804426
v 0.02734179 0.00925917 0.00036534
v 0.02263139 0.01732237 0.00646294
v 0.01162339 0.02288237 0.02913974
v 0.01582179 0.00118717 -0.02665786
v -0.01039261 0.02144237 -0.03867706
v 0.01792099 0.04223917 0.00155974
v -0.03450781 -0.00197363 -0.02386426
v 0.01477939 -0.05451603 0.08913094
v 0.00796979 -0.07001603 0.05384134
v 0.00796979 -0.07001603 0.05384134
v -0.01824461 0.00072237 -0.02536666
v -0.01824461 -0.02460483 -0.01974266
v -0.00093901 0.05226477 -0.00396026
v -0.01404621 0.04297917 -0.03235146
v 0.00535859 -0.02748803 0.00513974
v 0.00535859 -0.01189203 0.02067894
v -0.03237581 0.01564477 -0.03198426
v 0.03264819 0.01697037 -0.03518986
v 0.01273139 -0.00810403 0.00813894
v 0.01273139 -0.00810403 0.00813894
v -0.02239181 0.04446397 -0.02026666
v 0.02742579 -0.00828723 -0.00007386
v 0.03162419 -0.01876883 -0.04252586
v 0.02481459 0.03954157 -0.04210746
v 0.02691379 0.03382157 -0.04448666
v -0.00820941 0.00422397 -0.03795706
v -0.00401101 0.04432637 -0.02884106
v 0.01488179 -0.02721043 -0.02945066
v -0.02024141 -0.01668403 -0.04360186
v 0.01436979 -0.02641123 0.02714454
v 0.02747699 -0.00077843 -0.00586986
v -0.03386061 -0.02321923 -0.03965786
v -0.02966221 -0.01120323 -0.04312186
v 0.01595699 -0.02475043 -0.01186106
v -0.02126541 0.03810557 0.00331974
v 0.03326259 0.01899517 -0.02643066
v -0.03227341 -0.02197923 -0.04130506
v 0.02225459 0.00282957 -0.03281226
v 0.02225459 0.00282957 -0.03281226
v 0.02435379 0.03237277 -0.04447066
v -0.00186061 -0.06122403 0.07119014
v 0.02855219 -0.01540723 -0.01285466
v -0.03278541 0.04095117 -0.03949066
v 0.01073459 -0.07055203 0.08977654
v 0.01493299 0.01830877 -0.03415226
v 0.01703219 0.03274477 -0.04069226
v 0.00602419 -0.03333123 0.00449814
v 0.00602419 -0.03333123 0.00449814
v -0.03329741 0.04169917 -0.01840266
v -0.01809101 -0.02823603 -0.02878826
v -0.01809101 -0.02823603 -0.02878826
v -0.01599181 0.04453277 -0.01486346
v -0.02699981 0.04309677 -0.01836986
v 0.02752819 0.03072477 -0.01248746
v 0.01652019 0.04476237 -0.03130426
v 0.02020659 0.01698317 0.00557734
v 0.03331379 0.01927677 -0.03029706
v 0.01498419 0.01456557 -0.02869146
v 0.03228979 -0.01912083 -0.01948026
v 0.03228979 -0.02278563 -0.03294106
v 0.00817459 -0.03340803 0.02061974
v -0.03375821 -0.01318883 -0.04176106
v -0.03375821 -0.01318883 -0.04176106
v -0.03375821 -0.01318883 -0.04176106
v 0.01396019 -0.05819683 0.08033574
v 0.00295219 -0.00817363 0.02838214
v -0.03427021 -0.01567363 -0.01626426
v 0.03285299 0.04389837 -0.03035706
v 0.02184499 -0.00285923 -0.02309626
v 0.03234099 -0.02332083 -0.03660826
v 0.03234099 -0.02332083 -0.03660826
v 0.01872179 0.03408157 -0.04439706
v 0.01401139 0.04457277 -0.02309466
v -0.03421901 0.00102317 -0.03143546
v 0.03239219 -0.02592323 -0.03121786
v -0.02003661 0.01538717 0.01063094
v -0.02003661 0.01538717 0.01063094
v -0.03104461 -0.00133523 -0.03902586
v 0.02245939 0.02955437 -0.04362906
v -0.01686221 0.04419437 -0.02810666
v -0.02577101 -0.01897443 -0.01306026
v 0.01774899 0.03261357 -0.04182826
v -0.01317581 -0.01061203 0.01498214
v -0.02418381 0.03884237 -0.04149466
v 0.00412979 -0.01158243 0.02230374
v -0.02208461 -0.00010883 -0.01866026
v 0.01933619 0.00126797 -0.03657866
v -0.01788621 -0.00774723 0.00694454
v 0.02773299 0.03342557 -0.01270666
v 0.02932019 -0.01621283 -0.01272986
v 0.00730419 0.05139197 -0.00948026
v -0.01681101 0.04396637 -0.01927466
v -0.01681101 0.01671997 -0.01264906
v -0.02781901 -0.00016243 -0.00527546
v -0.02781901 -0.02020083 -0.00909386
v -0.01471181 -0.00712563 0.03476614
v -0.00160461 -0.06204243 0.07128534
v -0.00160461 -0.06204243 0.07128534
v 0.01360179 -0.07570163 0.08534694
v 0.02670899 0.03288557 -0.01204746
v -0.01993421 0.01917517 -0.02723306
v -0.02254541 -0.03629763 0.00323654
v 0.02307379 -0.02843683 -0.02476266
v 0.02307379 -0.00129043 -0.03996106
v -0.02725581 -0.01149283 -0.01233226
v -0.00575181 -0.03392163 0.01023174
v -0.01675981 -0.02642723 -0.03220826
v 0.00054579 0.03595837 -0.03854266
v -0.01778381 0.03743197 -0.01859306
v -0.00467661 -0.05919843 0.07849734
v 0.02573619 -0.01120643 -0.04484986
v 0.03203379 0.03916237 -0.04237306
v -0.02510541 0.03029757 0.00630134
v -0.02771661 -0.00282403 -0.00175626
v -0.02771661 0.02095757 -0.01439946
v -0.02771661 0.02095757 -0.01439946
v 0.02681139 -0.00391523 -0.01460746
v -0.01931981 0.02799917 -0.02278586
v -0.01722061 0.04204317 -0.01744666
v -0.02193101 0.03083117 0.00645094
v 0.02578739 0.03622957 -0.01093386
v -0.02768381 0.04455757 -0.03487306
v -0.01457661 -0.02499043 0.00502374
v 0.00272899 -0.01058083 0.01767494
v 0.02894339 0.04525517 -0.02075466
v -0.02348541 0.02879517 0.01202054
v 0.00692739 0.04461037 -0.01231626
v 0.00431619 0.02821277 0.02262134
v 0.02162179 0.04323997 -0.01059226
v 0.02162179 0.04323997 -0.01059226
v -0.03080701 0.01745837 -0.01734666
v 0.03211779 -0.01602563 -0.04265386
v 0.03211779 -0.01602563 -0.04265386
v -0.00510461 -0.00991363 0.01114374
v -0.02502141 -0.01766003 -0.01282586
v 0.02689539 -0.01916003 -0.04289626
v 0.00487939 0.01483677 -0.03780106
v 0.03058179 0.03688797 -0.01345306
v 0.03268099 0.02244477 -0.03994426
v 0.03268099 0.04469677 -0.03637466
v 0.03268099 0.04368397 -0.03779706
v -0.00454141 -0.01581043 0.04550294
v -0.03126781 0.02132317 -0.04112346
v 0.02535939 -0.02800003 -0.03239306
v -0.03177981 0.03371437 -0.04181946
v -0.01867261 0.03960557 -0.04118106
v 0.00702979 -0.02216563 0.04329654
v 0.02223619 0.02578557 0.02213734
v 0.03063299 0.02001757 -0.01714106
v 0.03063299 0.02001757 -0.01714106
v 0.03063299 0.02001757 -0.01714106
v 0.00651779 -0.01719843 0.02716294
v 0.00651779 -0.01719843 0.02716294
v -0.03280381 0.00203917 -0.03270266
v -0.02650621 0.04136237 -0.03941786
v -0.02440701 -0.01878163 -0.04301306
v 0.02121219 0.01682157 -0.02063866
v 0.02331139 -0.02828403 -0.03088266
v 0.02541059 0.01673197 -0.02083386
v 0.01860099 0.04512477 -0.02029226
v 0.01860099 0.04512477 -0.02029226
v 0.02699779 -0.00693043 -0.01299146
v 0.02699779 -0.00693043 -0.01299146
v -0.01913341 0.02420237 -0.02501386
v 0.01547779 -0.02591043 -0.03167786
v 0.01757699 0.03427997 -0.01097066
v 0.00866819 -0.01183523 -0.03932346
v 0.01025539 -0.03495203 0.00396054
v -0.02276861 -0.02983363 -0.02798986
v -0.01647101 0.00476157 -0.01235866
v -0.01227261 -0.00815603 0.01695494
v 0.02914819 -0.01815123 -0.04310826
v 0.00662019 -0.03370803 0.00473654
v 0.00662019 -0.03370803 0.00473654
v -0.01959421 -0.00676723 0.01037014
v -0.01749501 0.00067357 -0.02544026
v 0.01030659 -0.03271843 -0.01154426
v -0.00070141 -0.05109203 0.06399894
v 0.03181059 -0.02633923 -0.03471306
v -0.02742781 -0.02717203 -0.01023626
v -0.02742781 -0.00458163 -0.04136266
v -0.02322941 -0.00852963 -0.01704826
v 0.03339779 0.02054077 -0.01969466
v 0.03288579 0.03373757 -0.04423786
v 0.02397699 0.02740637 0.00474694
v -0.00223741 -0.04088643 0.07789014
v -0.00013821 -0.07068163 0.05413094
v -0.00013821 -0.07068163 0.05413094
v 0.03027459 0.02315357 -0.01461386
v 0.03027459 0.02315357 -0.01461386
v 0.03237379 0.01605597 -0.03373786
v 0.03237379 -0.02196083 -0.03908106
v -0.02896381 -0.02864643 -0.02674666
v 0.01665539 -0.02786243 -0.02637786
v -0.01636861 0.04055517 -0.01016986
v -0.00848381 -0.07577843 0.05861174
v -0.03049981 0.03295357 -0.04321466
v 0.02351619 0.01803837 0.00680054
v -0.01841661 0.03560237 -0.01958586
v 0.02930179 0.04707917 -0.03092426
v -0.03413501 -0.01983683 -0.03061386
v -0.03413501 -0.01983683 -0.03061386
v -0.02783741 0.02335437 -0.00920586
v 0.02878979 0.03354157 -0.04448106
v -0.03464701 -0.00061683 -0.02163226
v 0.01988099 0.02440797 -0.01109866
v 0.03298819 0.03061757 -0.01267946
v 0.02617859 0.03521037 -0.01260826
v 0.02356739 -0.00476083 -0.01854106
v -0.02676221 -0.01678163 -0.01039146
v -0.00315901 -0.03296403 0.07319894
v 0.02725379 -0.01165683 -0.01132266
v 0.01624579 -0.02213363 -0.01423226
v 0.01624579 -0.02213363 -0.01423226
v 0.03145219 0.02607437 -0.01316266
v -0.00838141 -0.06684403 0.06323014
v 0.03303939 0.02009037 -0.03417706
v 0.01522179 -0.02582643 -0.01188746
v -0.01672701 0.03747997 -0.01002426
v 0.01368579 -0.08041603 0.06498934
v 0.02889219 0.03848077 -0.01427866
v -0.02353661 0.00146397 0.02287494
v -0.02143741 0.04031437 -0.04053066
v 0.01998339 -0.00717443 0.02058374
v 0.01737219 0.02698797 -0.03268826
v 0.02157059 0.01457357 0.00458374
v -0.03085821 0.04559757 -0.02498666
v -0.03137021 0.04521917 -0.02510506
v -0.03398141 -0.02166403 -0.04039706
v 0.01530579 0.04265997 -0.02077546
v 0.01740499 -0.02728643 -0.02058266
v -0.00251181 -0.03586163 0.05416214
v 0.03209939 -0.02454563 -0.03398746
v -0.02294061 -0.01997923 -0.01530826
v -0.01874221 -0.00177123 -0.03914826
v -0.01874221 -0.00177123 -0.03914826
v -0.02135341 -0.02883123 -0.02590266
v -0.00194861 0.00026077 -0.03885306
v -0.00194861 0.00026077 -0.03885306
v 0.03266259 -0.02548883 -0.03008106
v 0.03266259 -0.02548883 -0.03008106
v 0.03266259 -0.02548883 -0.03008106
v -0.03287341 0.03665037 -0.01332826
v 0.03215059 -0.01605043 -0.04269786
v 0.00803539 0.03801437 -0.03805546
v -0.02918701 0.03053837 -0.01171706
v 0.01433299 -0.01876163 0.01499014
v -0.01188141 -0.02018803 0.02904294
v 0.01382099 -0.03422723 0.01547894
v 0.00701139 -0.03075363 0.07317254
v -0.01920301 -0.00231603 -0.03978906
v -0.01920301 -0.00231603 -0.03978906
v -0.00399661 -0.03329043 0.01626774
v 0.03010259 0.01771437 -0.01967866
v -0.02232621 0.04615517 -0.02754026
v 0.02329299 0.02760237 0.00611174
v 0.00127699 -0.00730083 0.03384934
v 0.02749139 0.01050557 0.00103494
v 0.02749139 0.00747277 -0.00233066
v 0.02749139 0.01355597 -0.00136986
v 0.03168979 -0.01021843 -0.03992346
v -0.01863981 0.02669197 -0.02354266
v 0.01597139 0.02849917 -0.01160026
v 0.01597139 0.02849917 -0.01160026
v 0.03327699 0.02269997 -0.01897946
v -0.01915181 0.02747197 -0.02331866
v 0.01336019 -0.02679923 -0.01201226
v 0.02646739 -0.03144883 0.00299574
v 0.01074899 -0.00821283 0.01952454
v 0.01494739 0.01718237 -0.03163946
v 0.02805459 -0.01914883 -0.04276266
v -0.02227501 0.04168157 -0.03941386
v -0.02227501 0.00143837 -0.03477946
v -0.01807661 -0.02696963 -0.03462426
v 0.02334419 0.00131597 0.03405174
v 0.02334419 0.00131597 0.03405174
v 0.02754259 -0.00585923 0.00241734
v 0.00342739 0.04378317 -0.01056186
v 0.03174099 -0.00481123 -0.01858986
v -0.01858861 -0.02535363 -0.01959466
v -0.01648941 0.00177837 -0.02245306
v -0.02329901 0.00641277 -0.01037706
v -0.01910061 -0.02850323 -0.02548666
v 0.01551059 0.02251197 -0.01292826
v 0.01970899 -0.01691923 -0.04391066
v 0.02180819 -0.02493603 -0.03874106
v -0.00440621 0.00105997 -0.03138106
v 0.01709779 -0.00354323 -0.04164986
v 0.01658579 0.00071997 -0.03276986
v -0.01853741 -0.01420083 -0.03899146
v 0.02288339 -0.00364403 -0.02101466
v 0.02288339 0.04277517 -0.01728986
v 0.00086739 -0.03021443 0.00875014
v 0.02708179 0.03228557 -0.01044826
v -0.01956141 -0.00812243 -0.03962186
v 0.02395859 -0.02224963 -0.04098586
v 0.03025619 0.02993757 -0.01268666
v 0.01924819 -0.00002243 0.01181494
v -0.02898221 -0.01782003 -0.01268746
v 0.01873619 0.01558397 -0.03128506
v -0.01899821 0.02606637 -0.02415306
v 0.02872019 0.02154717 -0.01552106
v 0.02872019 0.02154717 -0.01552106
v 0.02400979 -0.00258003 -0.01605866
v 0.01300179 0.04961677 -0.00514106
v -0.02473261 -0.01656803 -0.04346106
v -0.02053421 -0.00878723 -0.04133386
v -0.00742701 -0.05500323 0.08825414
v -0.00742701 -0.05500323 0.08825414
v -0.01843501 0.03468317 -0.02002426
v -0.01843501 -0.02600483 -0.03762186
v -0.01423661 -0.00092403 0.03747574
v 0.02718419 0.03533437 -0.04395466
v 0.02718419 0.04487197 -0.03675546
v -0.02524461 0.03620237 -0.04281146
v -0.03415341 -0.02637683 -0.02421466
v -0.03415341 -0.02431763 -0.01861226
v 0.00726739 0.00683357 -0.03164826
v -0.01684781 0.00073757 -0.02476986
v -0.02575661 0.03993517 -0.00906586
v 0.03296979 -0.02206883 -0.01816666
v -0.00635181 -0.05456403 0.08885414
v -0.00005421 -0.05440483 0.08517334
v 0.01935059 0.01944077 0.03144534
v 0.03245779 -0.02520483 -0.02894506
v -0.01787181 0.03822317 -0.01834666
v 0.02354899 -0.02796243 -0.03295546
v -0.02678061 -0.01802403 -0.04345306
v 0.02984659 -0.02716883 -0.02170026
v 0.02984659 -0.02716883 -0.02170026
v 0.00521939 0.01457277 -0.03897306
v 0.00521939 -0.03613443 0.05396134
v 0.00521939 -0.03613443 0.05396134
v 0.03143379 -0.01740483 -0.04344986
v -0.01679661 0.02144717 0.03102054
v -0.02360621 0.00504157 0.02227734
v -0.03461421 -0.00113523 -0.02474106
v 0.01100499 -0.01000723 0.01933734
v 0.01310419 -0.08115363 0.07116214
v 0.02150099 -0.01750403 -0.01179626
v -0.00471341 -0.03114003 0.01064054
v -0.02882861 0.03917277 -0.01470666
v 0.01679059 0.04357917 -0.01899066
v -0.02253101 -0.00558323 0.02440054
v -0.00102701 -0.00809763 0.02476134
v -0.02514221 -0.01775763 -0.04307226
v 0.00265939 -0.01692163 0.06205894
v 0.02836179 0.04628957 -0.02308106
v -0.02877741 -0.00501283 -0.01418506
v -0.02667821 -0.03269043 0.00329174
v -0.02667821 -0.03269043 0.00329174
v -0.02457901 0.01975357 0.00647974
v -0.02457901 0.01975357 0.00647974
v 0.01894099 -0.00107123 -0.02823626
v 0.01003219 -0.05695443 0.08289014
v 0.02733779 0.01518157 -0.00430746
v -0.03399981 -0.02531843 -0.02957866
v -0.02089261 -0.00568323 0.02243174
v -0.00778541 0.01368557 -0.03156826
v 0.01371859 -0.02256483 0.02793334
v 0.02001619 0.02143837 0.02957334
v -0.03241261 0.01651997 -0.03262906
v 0.03208099 -0.02517843 -0.02860826
v 0.03208099 -0.02517843 -0.02860826
v 0.03208099 -0.02517843 -0.02860826
v -0.00514141 -0.03298883 0.02000534
v -0.01614941 -0.02644563 -0.01937546
v -0.02976861 0.01870477 -0.03921466
v -0.01666141 0.01780157 -0.01634746
v 0.01585059 0.00222317 -0.01731226
v -0.00826461 -0.00928403 0.00890374
v 0.02214819 0.02638157 -0.01142986
v -0.03028061 0.02587357 -0.01209306
v -0.01717341 0.01510237 -0.03021786
v 0.00223139 -0.02030723 0.06719814
v 0.03054499 -0.00831283 -0.01277226
v -0.02869341 0.00244797 -0.03073626
v -0.01819741 -0.00801603 0.01332454
v -0.00299101 -0.01119043 0.01403734
v 0.01431459 -0.03317043 0.00437894
v 0.01431459 -0.03317043 0.00437894
v -0.02971741 -0.00211923 -0.03964186
v -0.00140381 -0.01869443 0.06496614
v -0.00821341 -0.07965283 0.07695334
v 0.00699299 -0.02656483 0.03922214
v -0.00611421 -0.02915123 0.02728854
v 0.01329059 0.04939037 -0.00954986
v 0.01329059 0.04939037 -0.00954986
v 0.01538979 0.02799517 -0.02122906
v 0.01748899 -0.01958883 -0.04279546
v -0.01973341 0.02255277 -0.04194186
v -0.01343581 -0.03427283 0.01223654
v -0.02444381 -0.00328563 -0.04097146
v 0.03218339 -0.01926003 -0.01406826
v -0.00503901 0.05197917 -0.00904986
v -0.02546781 -0.00231443 -0.03979866
v -0.02546781 -0.00231443 -0.03979866
v 0.03115939 -0.00440963 -0.04114906
v 0.03115939 0.01684957 -0.03277466
v -0.03227741 0.02388957 -0.01279946
v -0.01917021 0.02977197 -0.02194426
v -0.00396381 -0.01451443 0.04322934
v -0.02388061 0.04215437 -0.03870506
v -0.02019421 0.01458637 -0.03095546
v -0.01599581 -0.01340163 -0.03885786
v 0.02752419 -0.00229283 0.00059334
v -0.03381341 -0.00050963 -0.01826346
v -0.02802781 -0.00247683 -0.03992346
v 0.01969059 0.04728397 -0.02879226
v 0.01969059 0.00879277 0.01783094
v -0.00442461 -0.02597363 0.05446374
v 0.02598819 -0.00239203 -0.04112906
v -0.03325021 0.03275917 -0.03986426
v -0.03115101 0.03626397 -0.01304506
v -0.02905181 -0.02212883 -0.01478266
v 0.03177379 -0.02232643 -0.03661706
v -0.02065501 -0.02887843 -0.02923786
v -0.01645661 0.01533997 -0.03817226
v -0.01645661 0.01533997 -0.03817226
v -0.00805981 -0.08011363 0.06560934
v 0.00663459 -0.03168483 0.04893494
v -0.01328221 -0.01084563 0.00789334
v 0.03233699 0.01744477 -0.02015466
v -0.01799261 -0.02871443 -0.02902026
v -0.02900061 0.03349197 -0.04338266
v 0.03131299 0.04569597 -0.03057866
v 0.00719779 -0.02547523 0.04419014
v -0.03002461 -0.00137043 -0.01718506
v -0.01691741 0.04323997 -0.01798186
v -0.00381021 0.01462877 -0.03139146
v 0.01139619 -0.02710883 -0.01162586
v 0.02660259 0.02688477 -0.01117466
v -0.02582621 0.02651357 -0.01204826
v 0.02609059 0.03795117 -0.00083386
v -0.02423901 0.01935837 -0.03977306
v 0.03238819 0.02047277 -0.01632426
v -0.02685021 0.03236157 -0.00949786
v -0.02475101 -0.03429363 0.00455254
v -0.02475101 -0.03429363 0.00455254
v -0.02265181 -0.02909363 -0.02968666
v -0.02265181 -0.02909363 -0.02968666
v -0.00954461 -0.03093443 0.02622454
v -0.00534621 -0.03245123 0.01300614
v 0.03136419 0.00185757 -0.03426266
v -0.02787421 0.00080397 -0.00269946
v 0.03085219 -0.00915763 -0.01273386
v 0.00883619 -0.06158083 0.07193254
v -0.01317981 0.04521677 0.00205174
v -0.02208861 -0.02520563 -0.01724746
v 0.01933219 -0.00667843 0.00777014
v 0.03243939 0.04495197 -0.03627146
v -0.01998941 0.00048557 -0.02578826
v -0.03099741 0.01564317 -0.03489866
v 0.03192739 -0.01427843 -0.04231306
v 0.03192739 -0.01427843 -0.04231306
v -0.03150941 0.04385277 -0.02678586
v 0.01410979 -0.03370003 0.00521254
v 0.02721699 -0.00754643 -0.01268026
v 0.02721699 -0.00754643 -0.01268026
v -0.01891421 0.04476397 -0.03545146
v -0.01891421 -0.00793683 0.00960054
v -0.01261661 -0.01608723 0.02764054
v 0.02880419 0.04697277 -0.02957146
v 0.02880419 0.04697277 -0.02957146
v 0.02880419 0.04697277 -0.02957146
v 0.02778019 -0.01400563 -0.01269066
v 0.01677219 -0.02699843 -0.03282186
v 0.03197859 -0.01788483 -0.03967946
v 0.03197859 -0.01788483 -0.03967946
v 0.02097059 0.04326077 -0.01785466
v -0.01205341 -0.00926723 0.00537894
v -0.01205341 -0.00873443 0.00545894
v 0.02465699 0.04004477 0.00023494
v 0.01574819 -0.00546003 0.03489654
v -0.01046621 -0.00844323 0.00867894
v 0.03095459 -0.00288243 -0.03943706
v -0.00836701 -0.07010243 0.05469814
v -0.00836701 -0.07010243 0.05469814
v 0.03305379 0.01970797 -0.02058986
v -0.03038301 -0.01982643 -0.01354986
v -0.01568861 -0.00676723 -0.03886426
v 0.03202979 -0.01837043 -0.04069146
v -0.00309341 -0.04157203 0.05879814
v 0.03151779 -0.00867043 -0.04040586
v 0.00740259 -0.02747923 0.07075494
v 0.01999779 0.01885277 -0.03885786
v 0.02419619 0.01125517 0.03122694
v 0.02419619 0.03399677 0.00210694
v -0.00462941 -0.02467203 0.05159094
v 0.02684019 -0.01696643 -0.01191466
v 0.03103859 -0.02604323 -0.02684586
v 0.03313779 0.02114317 -0.03794186
v 0.01532019 0.01212317 -0.01627786
v 0.01532019 -0.05476643 0.08826534
v 0.01532019 -0.05476643 0.08826534
v 0.03262579 0.04122957 -0.01596746
v -0.02871181 0.04062557 -0.01557466
v 0.03160179 -0.02332083 -0.03969466
v -0.03393421 -0.00518963 -0.04181626
v -0.03444621 -0.00037363 -0.02847306
v -0.03444621 -0.00162003 -0.03416266
v -0.01714061 0.01510637 -0.02785786
v 0.01537139 0.01724077 -0.01995786
v -0.02395021 -0.03568403 0.00339894
v 0.03165299 0.01857037 -0.03431706
v -0.03388301 -0.01216403 -0.04069466
v -0.03388301 -0.01216403 -0.04069466
v -0.02968461 0.03723437 -0.01379466
v -0.02548621 0.01593597 -0.02407306
v -0.03439501 -0.01042643 -0.01276426
v -0.03439501 -0.01042643 -0.01276426
v 0.01542259 -0.01978963 -0.03810426
v -0.02179981 -0.00180403 -0.01102986
v 0.02591859 0.04681037 -0.03165066
v -0.01340301 -0.03264243 0.02242054
v 0.00390259 -0.05582643 0.06665254
v 0.01700979 -0.02089283 -0.04223226
v 0.00600179 -0.01337123 0.02531254
v 0.01910899 0.01600237 0.00669894
v 0.03221619 -0.01726323 -0.04256346
v 0.03221619 0.01613197 -0.03216346
v -0.03122061 -0.02718963 -0.02023546
v -0.02702221 -0.00784803 -0.01016266
v 0.00707699 -0.02421843 0.04642134
v 0.02018419 0.02019837 -0.02012746
v -0.01913741 -0.00797203 0.02257334
v -0.01913741 -0.00797203 0.02257334
v -0.00183181 -0.00833843 0.02158294
v -0.00183181 -0.03343363 0.02566854
v -0.02384781 0.02150077 0.02369094
v -0.02384781 0.02150077 0.02369094
v 0.02596979 0.03464797 -0.01110426
v 0.02806899 0.03689837 -0.01355786
v 0.03226739 -0.02155763 -0.01581226
v -0.02067341 -0.02916083 -0.02881146
v 0.00712819 -0.02156243 -0.03769306
v -0.01908621 -0.02871283 -0.02800506
v 0.01972339 0.04579197 -0.00049146
v -0.02011021 -0.01827603 -0.01101306
v -0.02691981 0.00255197 -0.03143226
v -0.00121741 -0.02048323 -0.03822266
v -0.02743181 0.03266957 0.00201574
v 0.01398899 -0.06686083 0.09115574
v 0.02709619 -0.00547923 -0.01356506
v 0.02709619 -0.00547923 -0.01356506
v 0.01608819 -0.02748563 -0.02477786
v 0.02028659 -0.00163043 -0.01525946
v 0.00246899 0.00157437 -0.03120266
v 0.01557619 0.01744797 -0.02951866
v -0.00224141 0.04476077 -0.01306186
v -0.01324941 0.04878877 -0.00971306
v 0.03236979 -0.02314003 -0.03885066
v 0.03236979 -0.02370083 -0.02744426
v -0.03316621 0.04447197 -0.03332106
v 0.02136179 0.03067837 0.00659254
v 0.03185779 -0.02770163 -0.02904746
v 0.02084979 0.03092477 0.01093734
v -0.02108301 -0.02937363 -0.02897946
v -0.02789261 0.01745517 -0.00515866
v -0.01949581 0.00033277 -0.02524666
v 0.02192499 0.01895277 -0.03916266
v 0.01511539 0.00121037 -0.03630266
v 0.00410739 0.00178877 -0.03916746
v 0.00410739 0.00178877 -0.03916746
v -0.02000781 0.01732157 -0.03754346
v -0.00060301 -0.00810483 0.02797414
v -0.01371021 -0.02028723 0.01697894
v 0.03190899 -0.02388323 -0.03622426
v -0.02732941 0.03498157 -0.04343466
v 0.02719859 0.01752237 0.00354694
v 0.02719859 0.01752237 0.00354694
v 0.00518259 -0.01947923 0.06599494
v 0.02038899 -0.00156163 -0.02601626
v -0.01683341 -0.01943523 -0.03772106
v -0.01263501 -0.01860963 0.02873894
v -0.02364301 0.01432877 0.01519014
v 0.00676979 -0.03270403 0.05138694
v 0.00676979 -0.03270403 0.05138694
v 0.03298419 0.04157837 -0.02118906
v -0.02835341 -0.00270723 -0.01591946
v -0.01995661 -0.00073923 0.00575734
v -0.02466701 0.04197037 -0.00290266
v -0.02466701 0.04197037 -0.00290266
v -0.03198861 0.01434077 -0.03080666
v -0.02569101 0.01796077 -0.03855786
v 0.00262259 -0.05463043 0.08833814
v 0.03252339 0.01803677 -0.03444506
v -0.03091341 -0.01768883 -0.01269706
v -0.00940941 0.01305197 -0.03866986
v 0.03201139 -0.01357683 -0.01260586
v 0.03201139 -0.01909923 -0.04194106
v -0.00731021 0.00316797 -0.03354346
v -0.00521101 -0.01251763 0.02313014
v -0.01621901 0.00517037 -0.01358506
v 0.02730099 -0.02558323 -0.03753546
v 0.02049139 0.03985837 0.00183894
v -0.01253261 -0.00792083 0.00539094
v 0.01578099 -0.06678563 0.08967574
v 0.01997939 0.01591357 0.00482294
v 0.01997939 0.01591357 0.00482294
v 0.03308659 -0.02490803 -0.03355306
v -0.00413581 0.03747837 -0.03787146
v 0.01526899 -0.06606723 0.06755894
v 0.03257459 -0.02390883 -0.02410906
v 0.02156659 0.04040717 -0.04167066
v -0.00254861 -0.03243763 0.00455414
v -0.02666381 0.03707677 -0.01324586
v 0.02786419 0.04687517 -0.02763306
v -0.02717581 -0.01367763 -0.01191386
v 0.01424499 -0.01158003 0.01293174
v 0.03155059 -0.00627683 -0.03924746
v -0.01667981 0.00429437 -0.03764026
v 0.03260739 -0.02532803 -0.02871386
v -0.01982141 -0.02839043 -0.02791946
v -0.01562301 -0.02739923 -0.02948586
v 0.01478979 0.04411197 -0.02263146
v 0.00378179 -0.03270883 0.03312134
v 0.00588099 -0.01228723 0.02148854
v 0.00588099 -0.03006643 0.00852614
v -0.00302781 -0.06081923 0.07421254
v -0.00302781 -0.06081923 0.07421254
v 0.02738499 -0.01902483 0.00271174
v 0.02738499 -0.00864963 -0.01259146
v 0.02738499 -0.00864963 -0.01259146
v 0.03368259 0.02255517 -0.01772666
v -0.01034941 -0.00896003 0.00755174
v 0.03317059 -0.02560163 -0.03398506
v -0.01296061 -0.03422963 0.00491014
v 0.03055939 0.02090397 -0.01620666
v 0.03055939 0.02090397 -0.01620666
v -0.01977021 -0.00194803 0.03705494
v -0.01767101 -0.02304323 -0.03653626
v -0.01767101 0.03117357 -0.03907386
v 0.01274179 -0.00812403 0.01427334
v -0.03129021 0.01390477 -0.02841466
v -0.00507581 -0.08063363 0.06575574
v -0.03390141 0.04260557 -0.03372666
v -0.03180221 0.04501677 -0.03276186
v -0.00558781 -0.00943603 0.01119974
v 0.02272579 0.01767437 0.00496774
v 0.02272579 0.01767437 0.00496774
v 0.01591619 -0.02505363 -0.01770666
v 0.01591619 -0.02552003 -0.01484186
v -0.02340541 0.01281837 0.01691734
v -0.02340541 0.01281837 0.01691734
v -0.00819901 -0.06503043 0.09063094
v -0.00819901 -0.06503043 0.09063094
v 0.00700739 0.04382557 -0.01066426
v 0.02221379 0.00023597 0.03521254
v 0.01540419 0.00298397 -0.02998026
v -0.01761981 -0.00014723 -0.03396826
v 0.02328899 0.00756477 0.03375814
v 0.02328899 0.00756477 0.03375814
v 0.01438019 -0.01239283 0.02192854
v 0.03168579 -0.02363443 -0.03680826
v -0.00763581 0.01407917 -0.03661066
v -0.01654461 -0.02267763 -0.01481386
v -0.00604861 -0.07290563 0.05537814
v -0.00604861 -0.07290563 0.05537814
v 0.01545539 0.02478957 -0.01236666
v 0.01755459 0.03027037 0.01802374
v 0.03066179 0.01577677 -0.03208906
v 0.03276099 0.04513837 -0.03407866
v -0.03277501 0.01881597 -0.02540826
v -0.03277501 0.02047757 -0.01989546
v -0.02437821 0.00120077 -0.03538826
v 0.02334019 0.02689597 0.00498934
v -0.01859261 -0.02125363 -0.03975386
v 0.01391939 -0.07756803 0.08267894
v 0.02702659 -0.02277123 -0.04035546
v -0.02330301 -0.03563683 -0.01039546
v -0.01019581 0.03749357 -0.03760346
v -0.01700541 -0.00012803 -0.03422666
v -0.01700541 -0.00012803 -0.03422666
v 0.01970499 -0.00733923 0.01998294
v -0.02642621 -0.02942723 -0.02915626
v 0.01499459 -0.02737603 -0.02260666
v -0.02222781 -0.02226243 -0.04094506
v -0.02222781 0.02173597 -0.04159866
v 0.02339139 0.04686317 -0.02998106
v 0.02758979 -0.00897203 -0.00116746
v 0.00767299 -0.01126643 0.02097254
v 0.01397059 -0.03304963 0.02177494
v -0.03425981 -0.00876323 -0.03917626
v 0.01345859 0.04144157 -0.03509546
v -0.02586301 -0.03426803 -0.00943066
v 0.02866499 -0.02149043 -0.04143226
v 0.03286339 -0.02566163 -0.03144106
v -0.01746621 -0.02785203 -0.02575066
v 0.02605379 0.04537677 -0.02099626
v 0.02605379 0.04697357 -0.03009306
v -0.01326781 -0.03174243 0.02471574
v -0.02427581 -0.00503203 -0.01512746
v -0.02007741 0.02461037 -0.01004986
v 0.02134339 -0.00231923 -0.04077306
v 0.02134339 -0.00231923 -0.04077306
v 0.02344259 0.04743037 -0.02960586
v 0.02344259 0.04743037 -0.02960586
v -0.00538301 -0.06987283 0.05411894
v -0.02320061 0.04383517 -0.00825146
v -0.02320061 0.04383517 -0.00825146
v 0.03132739 0.03003437 -0.04424426
v -0.03420861 -0.01907683 -0.01783306
v 0.03342659 0.02047997 -0.01722906
v -0.01690301 0.03505677 -0.01056186
v 0.01560899 -0.00841683 0.00444614
v 0.02871619 0.02569197 -0.01329466
v 0.02871619 0.02569197 -0.01329466
v 0.02871619 0.02569197 -0.01329466
v -0.03262141 0.04233117 -0.03769226
v 0.01509699 -0.02591203 -0.03263226
v 0.01719619 0.04575597 -0.03421786
v -0.00481981 0.00118717 -0.03712826
v -0.02683581 -0.01556883 -0.01059626
v 0.01878339 0.02949757 -0.01105626
v 0.01878339 0.02949757 -0.01105626
v 0.03189059 -0.02164643 -0.01555386
v 0.02088259 0.03082557 0.00514934
v 0.00516419 0.00408877 -0.03131226
v 0.00516419 0.00408877 -0.03131226
v 0.03137859 -0.00124403 -0.03520186
v 0.02037059 0.04728077 -0.02775466
v 0.01566019 0.02306237 -0.01214826
v 0.01566019 -0.02420723 -0.03566426
v 0.02405699 0.00527197 0.02111494
v 0.03035459 0.03745197 -0.04369546
v 0.03245379 -0.02085923 -0.01906826
v -0.03308221 -0.00480803 -0.01448666
v -0.00686781 -0.07138083 0.08941334
v -0.00318141 -0.02259523 -0.03714826
v 0.02933059 -0.02564723 -0.01905146
v 0.02933059 -0.02564723 -0.01905146
v -0.02099901 0.03898477 0.00253014
v -0.02099901 -0.03599123 -0.01066826
v -0.02099901 -0.03599123 -0.01066826
v 0.03352899 0.01824717 -0.01969866
v -0.01680061 -0.00316563 -0.03832666
v -0.01680061 -0.00316563 -0.03832666
v -0.01680061 -0.00316563 -0.03832666
v 0.03091779 -0.00838723 -0.04222746
v 0.03091779 -0.00838723 -0.04222746
v -0.01311421 -0.02312803 0.02901174
v 0.00209219 0.00071677 -0.03909546
v 0.00209219 0.00071677 -0.03909546
v 0.00209219 0.00071677 -0.03909546
v -0.03093181 -0.00117683 -0.01738106
v -0.00051901 0.01728397 -0.03840826
v -0.02043581 -0.00058003 -0.03815946
v 0.02098499 0.03709597 -0.04353546
v -0.02724541 0.02665437 -0.00974986
v -0.02514621 -0.01862243 -0.01359706
v 0.02047299 -0.03624163 -0.00580026
v 0.01525059 -0.00276883 -0.03978826
v 0.00424259 -0.01133603 0.01887654
v 0.03045699 -0.02810723 -0.02882106
v 0.03045699 -0.02810723 -0.02882106
v -0.01987261 0.01514957 -0.02971866
v -0.00466621 -0.02998563 0.00906854
v -0.02458301 0.04611517 -0.02870506
v 0.03204419 -0.01864003 -0.01384506
v -0.02299581 0.04626717 -0.02886106
v -0.03400381 -0.02626003 -0.03540186
v -0.03451581 -0.00887523 -0.01279066
v 0.02211139 0.00711837 0.03498454
v 0.02211139 -0.02574963 -0.01883146
v -0.00410301 -0.03216643 0.05167414
v 0.01530179 0.03328477 -0.01184426
v 0.01006099 0.04373517 -0.01118746
v 0.02736659 0.03217677 0.00047254
v -0.03397101 -0.02026883 -0.01401626
v -0.01876461 0.03233757 -0.00995306
v -0.02767341 0.00500157 -0.00244426
v -0.02137581 0.03918397 -0.01450186
v -0.03028461 0.04500557 -0.02680026
v 0.01533459 -0.06452243 0.09110614
v 0.01533459 -0.06452243 0.09110614
v 0.02844179 -0.00292963 -0.01579146
v -0.01768941 0.04498637 -0.02581066
v 0.01482259 -0.06127283 0.07473574
v 0.03212819 -0.02608163 -0.03268986
v -0.02030061 0.04204397 -0.03914346
v -0.02711021 -0.01852963 0.00474374
v 0.03161619 0.04518557 -0.03181946
v -0.01871341 -0.03511523 -0.01094026
v -0.01871341 -0.03511523 -0.01094026
v -0.00560621 0.01553837 -0.03106746
v 0.00069139 0.01706397 -0.03485466
v -0.03443181 -0.00239123 -0.01644506
v -0.03233261 0.03637757 -0.01303786
v -0.02654701 0.03507757 0.00216374
v -0.02654701 0.03507757 0.00216374
v -0.00504301 -0.01966483 0.04382694
v -0.02286061 0.04534557 -0.03258506
v 0.00494099 0.01462717 -0.03144986
v 0.01804819 0.04669677 -0.01006186
v 0.01804819 0.04669677 -0.01006186
v 0.00704019 0.00612397 -0.03389306
v 0.02434579 0.04090877 -0.00596586
v 0.01333779 -0.06794883 0.05725654
v -0.01287661 -0.01066723 0.01792934
v 0.03274259 0.01893117 -0.03281146
v -0.01968621 0.04070877 -0.01558746
v -0.00447981 0.00048797 -0.03913306
v -0.00447981 0.00048797 -0.03913306
v 0.01912339 0.01442317 0.00974374
v 0.00811539 -0.05541523 0.08513014
v 0.01441299 -0.07311843 0.05542294
v 0.02752019 -0.00153123 -0.00161306
v 0.00550419 0.00506077 0.03709094
v -0.02542061 -0.03286883 0.00484294
v -0.03432941 -0.01233123 -0.04355546
v -0.00601581 -0.01451203 0.02631014
v -0.00181741 -0.05497043 0.08449334
v -0.01282541 -0.03349043 0.02287414
v 0.02859539 0.03277997 -0.01239626
v -0.02014701 0.00083517 -0.01187786
v 0.02337299 -0.00039683 -0.01754586
v 0.01446419 -0.02923603 0.02563334
v -0.03427821 -0.00037363 -0.01870186
v -0.00806381 -0.06168803 0.09140214
v -0.02588141 -0.03053363 0.00512054
v -0.01958381 -0.00802403 0.03086054
v -0.02429421 0.02812957 0.00633254
v 0.01712659 0.04667997 -0.02584426
v 0.03233299 0.02983997 -0.01262346
v -0.03110381 0.04102397 -0.01604986
v -0.00279021 -0.01045123 0.01300534
v 0.01241619 -0.00845843 0.01825894
v -0.00540141 -0.01560323 0.02927814
v 0.01820179 -0.02874483 -0.02914506
v 0.03130899 -0.00931923 -0.04343386
v -0.01902061 0.01572317 -0.02864746
v -0.01902061 0.01572317 -0.02864746
v -0.01692141 0.00028157 -0.02366826
v -0.02163181 0.00025597 0.03587654
v 0.03289619 0.02855437 -0.01275866
v -0.03263981 -0.00315683 -0.01559786
v 0.00616979 -0.05470083 0.08819734
v -0.03315181 -0.00705683 -0.01313546
v 0.02557459 0.04379197 -0.03840346
v 0.02557459 -0.00599603 -0.01258106
v 0.01456659 -0.00153923 -0.03915706
v 0.01456659 -0.00153923 -0.03915706
v 0.01456659 -0.01247443 0.00445254
v -0.02736621 0.01376317 -0.00971466
v 0.02716179 0.04022157 -0.01528986
v 0.02716179 -0.00671603 -0.01128506
v -0.03207661 0.03484477 -0.04328666
v -0.02787821 0.03741277 -0.01374986
v 0.00043539 -0.02654163 0.00576694
v 0.00673299 -0.02923763 0.02854054
v 0.03294739 0.03704717 -0.03832506
v -0.01948141 0.01682877 -0.02861706
v -0.01948141 0.01682877 -0.02861706
v -0.01738221 0.03893837 -0.03713786
v 0.00202259 -0.02637043 0.00457814
v 0.00202259 -0.02637043 0.00457814
v 0.01722899 0.00007117 -0.01792906
v -0.03310061 -0.02175603 -0.04160106
v -0.01789421 -0.00340883 -0.01603786
v 0.03192339 -0.01782403 -0.04274746
v -0.01840621 -0.02074563 -0.03967706
v 0.02721299 0.02177197 -0.01546666
v 0.02721299 0.01374797 -0.00446506
v -0.00791021 -0.07588803 0.05804294
v 0.00729619 -0.02332003 0.05324534
v -0.01681901 0.01681917 -0.01995306
v -0.02782701 -0.00832243 -0.00256026
v -0.01471981 -0.02694003 -0.01129786
v -0.01471981 -0.02694003 -0.01129786
v -0.01471981 -0.02694003 -0.01129786
v 0.02199059 0.04316077 -0.03905786
v 0.01308179 -0.03425603 0.00425814
v 0.02618899 -0.01922243 -0.01386426
v -0.02623981 0.02082157 -0.01442666
v -0.02623981 0.02082157 -0.01442666
v 0.01937939 -0.01911203 -0.01173226
v -0.02885101 0.04019197 -0.04025786
v -0.02465261 -0.00381363 -0.01487066
v 0.02675219 0.03490557 -0.01050106
v 0.02885139 0.01536637 -0.03128266
v 0.02885139 0.01536637 -0.03128266
v -0.03038701 0.04569997 -0.02840586
v -0.01727981 0.04304317 -0.01870586
v 0.00422419 -0.03341763 0.01912934
v 0.03253779 0.02011597 -0.03621626
v 0.03253779 0.02011597 -0.03621626
v 0.03202579 0.02119757 -0.01605706
v -0.03141101 0.03996637 -0.01513866
v -0.00519661 -0.02838083 -0.01114586
v -0.01620461 0.03207597 0.01041414
v -0.02301421 -0.01054723 -0.01303866
v -0.02091501 0.00400397 0.03666694
v -0.01881581 -0.02533123 -0.01829146
v -0.01671661 0.01047197 -0.03739226
v -0.01671661 0.01047197 -0.03739226
v 0.02890259 -0.00374483 -0.01475146
v 0.01999379 -0.00198483 -0.02595306
v 0.01528339 0.03869757 -0.02156906
v 0.03048979 0.00326797 -0.02738746
v -0.03294701 0.03809677 -0.01762346
v 0.00847379 -0.02528803 -0.03456186
v 0.00376339 -0.03257043 0.04816214
v -0.02245101 0.02274397 0.02658774
v 0.03207699 0.04501597 -0.02857066
v 0.02002659 0.00331277 0.02053174
v -0.01719581 0.04312637 -0.03155226
v 0.01900259 -0.00661043 0.03337654
v 0.02739939 0.01780957 -0.00386906
v -0.03393821 0.00166157 -0.03302186
v 0.02268899 0.04058797 -0.01521386
v -0.02764061 0.04033517 -0.01544266
v -0.02554141 0.02492237 -0.04254986
v -0.03445021 -0.00015443 -0.03169066
v -0.01924381 -0.02859763 -0.03127546
v 0.02376419 -0.02874243 -0.02736186
v 0.02586339 -0.01636883 -0.04394506
v 0.02796259 0.04317597 -0.03903786
v 0.01905379 0.02188637 0.02949014
v -0.03337501 0.04053517 -0.03536106
v -0.02707741 0.03277997 0.00226774
v -0.02707741 0.03277997 0.00226774
v -0.02968861 0.03991437 -0.01522266
v 0.01802979 -0.00727283 0.00539254
v 0.01331939 -0.08093443 0.06732374
v -0.03071261 0.01452957 -0.03172906
v -0.01760541 -0.00303923 -0.03826106
v -0.01760541 -0.00303923 -0.03826106
v 0.03221219 -0.02363123 -0.03740986
v 0.03221219 -0.02363123 -0.03740986
v 0.03221219 -0.02363123 -0.03740986
v -0.00081181 -0.00803603 0.02918774
v -0.02492701 -0.02008803 -0.04234026
v -0.02072861 0.03340717 -0.04358186
v 0.02647779 -0.00313283 -0.04152506
v 0.01546979 0.00925597 0.03637254
v -0.01335581 -0.03375923 0.00522374
v -0.01335581 -0.03375923 0.00522374
v 0.03016419 0.04696397 -0.02939786
v -0.02226461 -0.00838803 -0.01235786
v -0.03327261 0.04249597 -0.02563466
v -0.02907421 0.04412477 -0.01988986
v 0.01234659 -0.01052723 0.01945894
v 0.01864419 0.04678077 -0.02827066
v 0.00502499 -0.01467843 0.05001894
v -0.03219741 0.01752077 -0.01745626
v -0.00859421 0.00880557 -0.03097866
v 0.02760419 0.04757517 -0.02845706
v -0.02953501 -0.01477283 -0.01208906
v -0.00383261 -0.01954963 0.06331894
v 0.03287779 0.04066077 -0.03732746
v -0.01745181 0.01543277 -0.02721306
v 0.01296099 -0.00791923 0.01806694
v -0.00695581 -0.01097683 0.01979974
v -0.03107101 0.04555517 -0.02962426
v -0.01796381 0.02662477 -0.04103386
v 0.03185379 -0.00615683 -0.01754346
v -0.02738461 0.04579277 -0.03119786
v 0.00302819 -0.00920563 0.02160934
v 0.00932579 -0.06074083 0.07384454
v -0.02789661 0.02075917 -0.00909386
v 0.01562339 0.03473677 -0.02360666
v 0.02821859 -0.02800003 -0.02392666
v 0.02821859 -0.02800003 -0.02392666
v -0.01791261 -0.02647363 -0.03390666
v -0.01791261 0.01578717 -0.03476826
v -0.01791261 0.01578717 -0.03476826
v -0.00270621 -0.04582163 0.07923974
v -0.01842461 0.03117197 -0.04193466
v -0.01632541 -0.00762003 0.00570054
v -0.01422621 0.04371037 -0.03037706
v 0.01828579 0.04149677 0.00456134
v 0.03139299 -0.01081843 -0.04216186
v 0.03139299 -0.01081843 -0.04216186
v 0.01147619 -0.01268963 0.02369494
v -0.01263901 0.03557837 -0.03797226
v 0.03298019 0.03134317 -0.04404506
v 0.02826979 -0.01482243 -0.04426346
v 0.02355939 -0.00396803 -0.01939786
v -0.02047261 -0.00475283 0.03575414
v -0.03199261 0.02194317 -0.04064986
v -0.02779421 -0.02759603 -0.00973866
v -0.00157981 -0.07787363 0.05973974
v 0.01992419 0.01481437 0.01269654
v 0.01521379 0.02245357 -0.03727226
v 0.02832099 -0.01167203 -0.01259546
v -0.01990941 0.03778477 -0.04217786
v 0.03149539 -0.00509043 -0.04186026
v 0.03308259 0.03789677 -0.01744906
v -0.01934621 -0.00229843 -0.02238986
v -0.02615581 -0.01385843 -0.01231866
v 0.02837219 -0.00775683 -0.04358346
v -0.00675101 0.00241757 -0.03850346
v -0.00045341 -0.04196803 0.05785334
v 0.00584419 -0.05547843 0.09078534
v -0.02927901 -0.02933443 -0.02860186
v -0.02927901 -0.02933443 -0.02860186
v -0.00096541 0.01214317 0.03594294
v 0.02734819 0.00825357 -0.00479226
v 0.03154659 0.00035437 -0.01895386
v -0.03398941 -0.01213363 -0.01224266
v -0.00777501 -0.05795203 0.08198294
v -0.02979101 -0.02188083 -0.01447786
v -0.00357661 -0.01576723 0.05329814
v 0.02369459 0.01005837 0.01823254
v 0.01268659 -0.02518003 -0.03447546
v 0.03209139 -0.01609603 -0.04250746
v 0.03209139 -0.01609603 -0.04250746
v 0.03209139 -0.01609603 -0.04250746
v -0.02714701 0.04217997 -0.03862426
v -0.02714701 -0.01954963 -0.01023146
v -0.01194061 -0.02405843 -0.03605546
v 0.01847219 0.04696077 -0.02908426
v -0.03185741 0.01886157 -0.01612666
v -0.01875021 0.02414877 -0.02469146
v -0.02346061 0.03472717 0.00260134
v 0.02005939 0.04506157 -0.01040906
v 0.02005939 0.04506157 -0.01040906
v 0.03316659 0.03850397 -0.01508506
v -0.03027021 0.00259917 -0.03070986
v 0.02635699 0.04594397 -0.03459946
v 0.01534899 0.03583037 -0.01154266
v 0.01642419 -0.02544243 -0.03736106
v -0.03390541 -0.01409443 -0.04055306
v -0.03390541 -0.01409443 -0.04055306
v 0.02062259 0.04746077 -0.02835946
v 0.02272179 0.03695837 -0.04370826
v -0.01659981 0.01114877 -0.01975706
v 0.02901939 -0.01757523 -0.04346826
v -0.03441741 0.00072717 -0.02080826
v -0.01921101 -0.02820323 -0.02850746
v 0.02220979 0.02244157 0.02654854
v 0.02640819 -0.00663763 -0.01339706
v 0.03270579 0.04164477 -0.04017546
v 0.02169779 -0.01748083 -0.04346586
v -0.00451661 -0.02913443 0.04686694
v -0.01813581 0.03873757 -0.04161626
v 0.03168179 -0.01399683 -0.04241626
v 0.03168179 -0.01399683 -0.04241626
v 0.03168179 -0.01731203 -0.04044906
v 0.03168179 -0.01731203 -0.04044906
v -0.01864781 0.04038077 -0.04070746
v -0.01025101 0.03311517 0.00577814
v 0.00705459 -0.02531843 0.04281974
v 0.01335219 -0.00395843 -0.03939706
v -0.03277901 0.03339597 -0.01233786
v 0.02384819 -0.01748963 -0.01280826
v 0.02384819 -0.01748963 -0.01280826
v -0.02018381 0.02764797 0.02275654
v -0.01649741 0.02446477 -0.01254586
v 0.02702259 -0.00754483 -0.01226746
v -0.03221581 0.02533037 -0.04111226
v -0.00180301 -0.03660963 0.00261174
v 0.02651059 0.02819917 0.00421334
v -0.02171981 0.00931837 0.03541094
v 0.03280819 0.02189677 -0.03948266
v -0.00231501 -0.03314163 0.05018934
v 0.01499059 -0.00634243 -0.03945306
v -0.03114061 0.03826717 -0.01405626
v -0.01383501 -0.03185603 0.00528054
v 0.03178419 -0.02206243 -0.04073226
v -0.03375181 -0.02502483 -0.01735306
v 0.02707379 -0.01891123 -0.01371306
v 0.02707379 -0.01891123 -0.01371306
v -0.01014861 0.04361277 -0.01054026
v -0.02115661 0.00033597 -0.02164826
v 0.02026419 0.03607197 -0.04363306
v 0.01555379 -0.06997123 0.08865974
v 0.00454579 -0.06959443 0.05397494
v -0.00646221 -0.00851283 0.01962054
v -0.01747021 0.04212237 -0.03411706
v 0.03024819 -0.00958563 -0.04411306
v -0.02218061 -0.02953203 -0.02841786
v -0.02479181 0.04143997 0.00073494
v -0.02479181 0.04143997 0.00073494
v 0.03183539 -0.00874723 -0.01588026
v 0.03183539 -0.02681443 -0.03121066
v 0.02712499 -0.00392083 -0.04234746
v 0.02712499 -0.00392083 -0.04234746
v 0.01821619 0.02410717 -0.01152746
v 0.02031539 0.03140317 0.00501894
v -0.01270861 -0.01085523 0.02033974
v 0.01560499 -0.02436163 -0.03513626
v 0.01509299 0.04364077 -0.01577386
v -0.01583181 0.02683277 0.02511574
v -0.02474061 0.02367357 0.00627654
v -0.02474061 0.02367357 0.00627654
v -0.01844301 -0.01844483 -0.04070826
v 0.03347379 0.02124877 -0.01804426
v -0.01895501 -0.02804003 -0.02852426
v -0.02417741 0.01947757 -0.01567146
v -0.02417741 0.01947757 -0.01567146
v -0.02417741 0.01947757 -0.01567146
v -0.01578061 0.04271917 -0.01066906
v -0.01578061 0.04271917 -0.01066906
v 0.02564019 0.03729677 0.00045734
v -0.02259021 0.02171277 0.02735014
v 0.03193779 -0.01401443 -0.04242986
v 0.03193779 -0.01401443 -0.04242986
v -0.00738381 -0.05691443 0.09131414
v 0.00782259 0.00883117 0.03666614
v -0.03149901 0.01462477 -0.02271626
v 0.02722739 -0.00122083 -0.01053786
v -0.02100301 0.04634637 -0.02720746
v -0.02781261 0.04174557 -0.01666426
v -0.02571341 0.01457037 -0.03142106
v 0.01780659 0.00521677 -0.01263226
v 0.01519539 0.01336397 -0.02345226
v -0.03303501 0.04116317 -0.01722666
v -0.01782861 0.00004637 -0.03303946
v -0.00472141 -0.03292563 0.01792054
v 0.01468339 0.03472797 -0.03827226
v 0.02098099 0.04112237 -0.04086426
v 0.01836979 0.00113917 -0.02971626
v -0.01465421 0.04344397 0.00543094
v 0.01575859 -0.02624163 -0.01930586
v 0.01575859 -0.05933523 0.09003254
v -0.02356301 0.01857197 -0.01704106
v 0.03096499 -0.01800963 -0.04326986
v 0.02415539 0.00420717 0.03232374
v 0.01734579 0.03958557 -0.04183066
v 0.03255219 0.03128077 -0.04462666
v 0.02154419 -0.02810083 -0.03252266
v 0.00162739 0.01691197 -0.03862666
v -0.02038861 0.00271197 0.00566774
v -0.02038861 0.00271197 0.00566774
v -0.02038861 0.00271197 0.00566774
v 0.02732979 -0.02978963 0.00211494
v -0.03400781 -0.01327923 -0.04227706
v 0.02052019 -0.00385603 0.02116214
v -0.01880141 -0.02007683 -0.04070586
v 0.03101619 0.04378317 -0.01860106
v -0.02822221 -0.00903683 -0.04268506
v 0.01529779 -0.05658483 0.08466294
v -0.02086781 0.02871357 0.02005814
v -0.01666941 0.00183197 -0.02857546
v -0.02767741 -0.00433043 -0.00503546
v 0.02685059 0.04692557 -0.03084106
v 0.03104899 -0.00362803 -0.04122746
v 0.00693379 -0.02190643 0.04014054
v -0.03238781 0.01852237 -0.01688026
v -0.03289981 -0.00426243 -0.04143546
v 0.00171139 -0.01085843 0.01671574
v 0.03212419 -0.02196323 -0.03573946
v -0.02030461 0.03078637 0.01534054
v -0.03392381 -0.02823123 -0.03082106
v -0.02972541 -0.02034163 -0.01392426
v -0.01661821 0.00583117 -0.02273066
v 0.02480259 -0.03467763 0.00244614
v -0.02762621 0.03210477 -0.04374186
v 0.02690179 0.01564317 -0.01099466
v 0.02009219 -0.01897603 -0.01155706
v 0.02009219 -0.01897603 -0.01155706
v 0.01538179 0.04168717 -0.01833706
v 0.02848899 0.02241917 -0.01506026
v 0.03058819 -0.01472083 -0.01256666
v 0.00647299 -0.03188563 0.02300534
v -0.01974141 0.01144717 0.01708694
v 0.02167939 -0.01828563 -0.01236666
v 0.02167939 -0.01828563 -0.01236666
v -0.02706301 0.01756237 0.00539014
v 0.02065539 -0.00248723 -0.02447866
v -0.00555901 -0.01560083 0.02743494
v -0.00136061 0.01695517 -0.03124186
v -0.02757501 0.03064317 -0.01168106
v 0.01384579 -0.03400083 0.01812134
v 0.01543299 -0.05595043 0.09005254
v 0.01543299 -0.05595043 0.09005254
v 0.02854019 0.04683757 -0.02665626
v -0.03069821 0.03174077 -0.04268826
v -0.00448381 -0.01302403 0.02789494
v -0.00238461 -0.06082963 0.07205414
v 0.01282179 -0.06813203 0.05888774
v 0.01492099 -0.01575843 -0.03901146
v -0.00709501 -0.06350083 0.06950294
v -0.01810301 0.03938717 -0.04085306
v 0.02331779 0.02814077 0.00910854
v -0.02701181 0.02685597 -0.04256506
v -0.01651581 0.04431597 -0.01610506
v 0.01389699 -0.01148723 0.02119094
v 0.01599619 -0.01423203 -0.03969066
v 0.03330179 0.02051677 -0.03568346
v -0.02803581 0.01785837 -0.03831546
v 0.02649219 0.03132317 -0.01186586
v 0.02649219 0.03132317 -0.01186586
v -0.03274621 0.01770317 -0.03114346
v -0.02015101 0.00422797 0.02189494
v 0.02756739 0.04206717 -0.03998746
v 0.02966659 -0.00325763 -0.04144906
v -0.03377021 -0.02239123 -0.04062986
v -0.00545661 -0.03161123 0.00510534
v -0.00545661 -0.03161123 0.00510534
v 0.02495619 0.03418797 -0.01136506
v 0.02495619 0.03418797 -0.01136506
v -0.00806781 -0.00839363 0.01245974
v -0.00806781 -0.05614403 0.08664694
v -0.03218301 -0.01718723 -0.01263066
v -0.02798461 -0.02910003 -0.02686666
v -0.02798461 -0.02910003 -0.02686666
v 0.03284099 0.03974957 -0.04171546
v -0.03059581 0.04073517 -0.03976906
v 0.01502339 -0.07454163 0.08573014
v 0.01819779 0.01826477 -0.03850186
v -0.00801661 0.01345757 -0.03518666
v 0.00928899 0.04654077 0.00185494
v -0.02373501 0.01573677 0.01265494
v 0.00667779 0.00940797 -0.03139546
v 0.00667779 0.00940797 -0.03139546
v 0.01507459 -0.05794483 0.09111014
v -0.01794941 -0.00247043 -0.03828106
v -0.01794941 -0.00247043 -0.03828106
v 0.00565379 -0.01355283 0.03483414
v 0.02295939 0.04403597 -0.01887226
v -0.00325501 -0.03023923 0.00896454
v -0.01216381 0.05029277 -0.00887626
v 0.03135619 -0.00946803 -0.04195706
v -0.03417981 0.00201917 -0.03209226
v -0.01897341 -0.02476963 -0.01971066
v -0.01687421 -0.02398003 -0.01750986
v -0.00166781 -0.03301603 0.01337334
v 0.03084419 0.02456957 -0.04255626
v 0.02613379 0.03765677 -0.04309546
v -0.01318781 -0.03436483 0.01804454
v -0.03310461 0.04214557 -0.03725626
v -0.03100541 0.02512637 -0.01251146
v 0.02982019 -0.01708003 -0.04370506
v 0.03191939 0.01570157 -0.03189386
v -0.00530301 -0.03638083 -0.01058666
v 0.01410179 -0.01142163 0.00475334
v 0.01410179 -0.01142163 0.00475334
v 0.00887939 0.04650157 0.00351574
v -0.00422781 -0.01326883 0.03176134
v -0.03305341 0.04422557 -0.03254426
v -0.03095421 -0.01567123 -0.01216346
v 0.01466499 -0.05528163 0.08641494
v 0.01466499 -0.05528163 0.08641494
v 0.01205379 0.03454797 -0.03908906
v -0.03197821 0.03793917 -0.04153946
v -0.02777981 0.00622317 -0.00238346
v -0.02777981 0.00556877 -0.00370506
v 0.02674819 0.01941677 -0.01739546
v 0.02884739 -0.02049923 -0.01458026
v -0.02358141 0.01728317 0.00623814
v -0.02358141 0.01728317 0.00623814
v -0.02199421 -0.01237523 -0.04287626
v -0.03300221 -0.00301523 -0.04066986
v 0.02731139 -0.01396243 -0.01228186
v 0.02731139 -0.01396243 -0.01228186
v 0.02731139 -0.00242323 -0.00747546
v 0.02731139 -0.02274243 -0.01109706
v 0.03150979 0.04585437 -0.03139066
v -0.03402621 -0.00715443 -0.01344986
v 0.02050179 0.01735357 -0.02032746
v -0.01881981 0.01597037 -0.02723066
v -0.02982781 0.03783677 -0.04200906
v -0.02353021 -0.02478323 -0.01682026
v 0.01789059 0.03517197 -0.04203226
v -0.03243901 0.01618077 -0.02003546
v -0.03243901 0.02031597 -0.03760666
v 0.01527939 0.00464957 -0.02330506
v 0.03258499 -0.02559763 -0.02990026
v 0.03258499 -0.02559763 -0.02990026
v -0.01825661 -0.02813763 -0.03036106
v -0.01825661 -0.02813763 -0.03036106
v -0.01825661 -0.02813763 -0.03036106
v -0.01825661 0.03918477 -0.01753386
v -0.01825661 0.03918477 -0.01753386
v 0.00691539 -0.03408323 0.00616294
v -0.02400941 0.01690077 0.00851974
v -0.03291821 0.01751677 -0.02969786
v -0.01351341 -0.02721043 -0.01144106
v 0.02790739 0.03324077 -0.04431546
v -0.00931501 -0.00832563 0.01075574
v 0.03210579 -0.02419523 -0.03485386
v -0.00721581 -0.05575763 0.09080534
v -0.03133101 0.02283277 -0.01329946
v -0.03133101 0.02283277 -0.01329946
v -0.02083501 0.01565917 0.00595894
v 0.00747859 -0.06162003 0.07058614
v 0.00747859 -0.06162003 0.07058614
v -0.01663661 0.01501517 -0.02063786
v -0.01663661 0.00296397 -0.03350666
v -0.01663661 0.00681837 0.03766054
v 0.03318099 0.02403837 -0.03676826
v 0.03318099 0.03532957 -0.01578826
v -0.01085101 -0.01900163 -0.03860026
v -0.01766061 0.03778477 -0.01820266
v -0.00455341 -0.02269683 0.05397014
v -0.02866861 0.01525357 -0.02540666
v -0.03337901 -0.00540643 -0.04156426
v -0.02027181 0.00054797 0.03703014
v 0.02744659 0.00557837 -0.00189466
v 0.03164499 0.00045037 -0.02028586
v 0.02903379 0.04670877 -0.02825146
v -0.03230381 0.01462557 -0.03078186
v -0.03020461 -0.02929203 -0.02815466
v 0.03062099 0.01636397 -0.03183866
v 0.03062099 0.01636397 -0.03183866
v 0.03062099 0.01636397 -0.03183866
v 0.03062099 0.01636397 -0.03183866
v 0.03272019 -0.02310323 -0.02064346
v -0.01760941 -0.02570083 -0.02105946
v -0.01341101 0.04938477 0.00140134
v 0.02800979 -0.00457363 -0.04233386
v 0.02800979 -0.00457363 -0.04233386
v -0.00081581 -0.01010163 0.01518774
v 0.01229139 0.04325677 -0.03277786
v -0.02964141 0.03716237 -0.04230826
v -0.02964141 0.03803997 -0.01409866
v -0.02754221 0.04585277 -0.02437386
v 0.00604499 -0.02804483 0.00561254
v -0.00706221 0.04663357 0.00520134
v 0.00814419 0.00960797 -0.03941386
v -0.02278061 0.03450237 -0.04323546
v -0.03168941 0.01445677 -0.02449066
v -0.01858221 0.04387277 -0.03717306
v -0.03430061 -0.01921923 -0.01644346
v -0.02380461 0.00294397 0.02348774
v 0.00660819 -0.01108723 0.02049254
v -0.03271341 0.01608397 -0.02387226
v -0.00230061 -0.01540083 0.05445894
v -0.02641581 -0.02881363 -0.01056026
v 0.00819539 -0.00846803 0.02014614
v -0.03112621 -0.01902163 -0.01312186
v -0.01801901 0.00772717 -0.01252186
v 0.02969939 -0.01426003 -0.01261466
v -0.03373741 -0.00061763 -0.03754106
v -0.03373741 -0.00061763 -0.03754106
v -0.01853101 0.03695517 -0.01852586
v 0.00978259 -0.01596083 -0.03913626
v 0.02288979 0.00332077 -0.03048026
v 0.00087379 0.01906397 0.03234774
v 0.01398099 -0.01043603 0.01472774
v 0.00507219 0.03225197 0.00548534
v 0.00717139 -0.03411523 0.01289814
v -0.01904301 0.00369277 -0.01230986
v -0.02375341 -0.00936723 -0.01637306
v 0.01505619 0.03163117 0.01397974
v 0.02975059 0.03412237 -0.04413546
v 0.03184979 -0.02400723 -0.03742266
v 0.03184979 -0.02400723 -0.03742266
v -0.03368621 -0.00020883 -0.02265306
v -0.02057901 -0.01811923 -0.01080506
v -0.02057901 -0.01811923 -0.01080506
v -0.02319021 -0.00587523 -0.01049626
v 0.03133779 -0.00470963 -0.04222746
v 0.03133779 -0.00470963 -0.04222746
v -0.03419821 -0.02424243 -0.01758666
v 0.01352019 -0.00993523 0.01340054
v 0.01771859 -0.00398003 0.03559574
v 0.03082579 0.04671757 -0.03007226
v 0.01510739 -0.02704163 -0.01475706
v -0.00900781 0.01543357 0.03467894
v 0.03241299 -0.01834883 -0.01416826
v 0.03241299 -0.02269443 -0.03940666
v 0.00148819 0.04798077 0.00297654
v 0.03348819 0.02563837 -0.01616026
v 0.03348819 0.02563837 -0.01616026
v 0.02667859 0.02142637 -0.01100666
v -0.02155181 -0.01624083 -0.04374106
v -0.01366701 -0.03323123 0.00527654
v 0.00732499 0.00926317 -0.03849706
v 0.00942419 0.05087357 -0.00907626
v 0.02672979 -0.01665523 -0.01350666
v 0.02672979 -0.01665523 -0.01350666
v 0.02672979 -0.01665523 -0.01350666
v -0.01940141 0.01777277 -0.02783146
v -0.01940141 0.01777277 -0.02783146
v -0.00209581 -0.05577763 0.08466454
v -0.00209581 -0.05577763 0.08466454
v -0.00209581 -0.05577763 0.08466454
v -0.01781421 0.00017117 -0.02480026
v -0.01781421 -0.02705203 -0.03333466
v 0.00368979 -0.07922563 0.07988854
v -0.01832621 0.01586717 -0.02639626
v -0.01622701 0.04441757 -0.01971786
v 0.01208659 -0.00892963 0.00559094
v 0.01208659 -0.00892963 0.00559094
v 0.01208659 -0.00892963 0.00559094
v -0.02723501 -0.02875123 0.00429014
v -0.02303661 0.01521037 0.01341414
v -0.02303661 0.01521037 0.01341414
v -0.00992941 0.01887917 0.03272214
v 0.01838419 -0.01504963 -0.04302026
v 0.02258259 0.04686717 -0.02854506
v 0.02258259 0.04686717 -0.02854506
v -0.03087021 0.01595197 -0.01945866
v 0.01474899 -0.08066963 0.06719734
v -0.01827501 -0.02665283 -0.01994826
v -0.00306861 -0.02291683 0.06841334
v 0.02734419 0.00038957 -0.00243946
v -0.03399341 0.04274157 -0.03278666
v -0.03189421 -0.02653683 -0.01912346
v -0.01878701 0.02735197 -0.02351786
v -0.01668781 0.01915437 -0.03846346
v -0.02769581 0.01124717 0.00187174
v -0.02559661 -0.01782243 -0.01295146
v -0.02349741 0.03613837 -0.04288506
v -0.02139821 0.04499917 0.00034374
v -0.02976221 -0.01696323 -0.01250586
v 0.02686499 -0.02188803 -0.01164826
v 0.01585699 -0.01090003 -0.04000426
v 0.01795619 -0.00785603 -0.04273466
v 0.01114659 -0.07154963 0.05433574
v -0.01348061 -0.03415283 0.01690614
v 0.01851939 0.02906557 0.02039334
v 0.00961059 0.04004237 -0.03689306
v 0.03321379 0.02235277 -0.01528746
v -0.01711581 -0.00207763 -0.03699706
v -0.01711581 -0.00207763 -0.03699706
v -0.02914781 -0.02904643 -0.02839066
v -0.02914781 -0.02904643 -0.02839066
v -0.02914781 -0.02904643 -0.02839066
v 0.01437219 -0.01156083 0.01927414
v -0.02075101 -0.00275363 0.03630454
v -0.01865181 0.02808397 -0.02312266
v -0.00554461 -0.02967443 0.02714534
v -0.02546141 -0.02687283 -0.03643786
v 0.00705059 -0.03896963 0.07742774
v 0.02435619 0.00319597 -0.03063306
v 0.01544739 -0.02724403 -0.02844986
v -0.01757661 0.01569357 -0.02464026
v -0.00446941 0.04781277 0.00190134
v -0.02648541 0.03510157 -0.04306906
v -0.02018781 0.04553597 -0.00936346
v -0.02018781 -0.02573683 -0.01815066
v 0.02543139 0.03340797 -0.01165546
v 0.03172899 -0.02252723 -0.04012186
v 0.00710179 -0.03078003 0.04912774
v -0.01911261 -0.02851923 -0.02796266
v -0.01911261 -0.02851923 -0.02796266
v -0.02223581 0.00359517 0.03537414
v 0.03229219 -0.01800243 -0.01363786
v 0.03229219 0.02189117 -0.04164426
v 0.01867299 0.01711997 0.03300854
v -0.02064861 -0.00268483 -0.04013146
v -0.02955741 -0.02922483 -0.02817786
v 0.00505379 -0.07520963 0.05672054
v 0.03126819 -0.02808323 -0.03092186
v -0.02587101 0.04074477 -0.01566906
v -0.01798621 -0.02666083 -0.03575626
v -0.00277981 -0.05802003 0.08056054
v -0.00277981 -0.05802003 0.08056054
v 0.03183139 0.04661037 -0.03140666
v 0.03183139 0.04661037 -0.03140666
v 0.00510499 -0.03211763 0.04592854
v 0.03131939 0.01648317 -0.02738026
v 0.03131939 0.01648317 -0.02738026
v 0.01560099 0.01634797 -0.01286266
v 0.00669219 -0.02259523 0.02822774
v 0.02399779 -0.00465443 -0.04278506
v 0.01508899 0.01344077 -0.02892586
v -0.02213341 -0.02960723 -0.02680746
v -0.00272861 -0.06144003 0.07279654
v -0.00272861 -0.06144003 0.07279654
v 0.01667619 -0.00718883 -0.04188666
v 0.03188259 -0.02301443 -0.03520186
v -0.02054621 0.04599037 -0.03075706
v 0.02087459 -0.00178563 -0.02483386
v -0.01844701 -0.02810723 -0.02881146
v -0.01844701 -0.02810723 -0.02881146
v 0.02297379 0.04702317 -0.02870586
v 0.02297379 0.04702317 -0.02870586
v 0.01196579 -0.00907443 0.01893174
v 0.03137059 -0.01156723 -0.04381946
v 0.00725539 -0.03359123 0.05352694
v 0.02036259 -0.02655763 -0.03647386
v 0.02246179 -0.00377923 -0.01471306
v 0.00674339 -0.08009523 0.06387334
v -0.03257821 0.04021677 -0.04005226
v 0.03034659 -0.02799363 -0.03054426
v 0.00623139 -0.03266963 0.01915254
v 0.01933859 -0.03377363 0.00399014
v 0.01933859 -0.03377363 0.00399014
v 0.02353699 0.01188717 0.03225014
v 0.01462819 0.04406077 -0.01255706
v -0.02259421 0.04410877 -0.00900826
v -0.02940381 -0.02906483 -0.02849866
v 0.01831459 -0.00319763 -0.04122426
v 0.01831459 -0.01957203 -0.01183946
v 0.01831459 -0.01957203 -0.01183946
v -0.02781661 0.01336957 -0.00455146
v 0.01570339 0.04167357 -0.01071786
v 0.03300899 0.02480717 -0.03972426
v 0.03300899 0.02480717 -0.03972426
v -0.01941981 0.00117597 -0.03323146
v 0.02200099 0.03329837 -0.04424586
v -0.00421341 -0.03067363 0.04811014
v 0.02410019 0.01981037 0.00466374
v 0.02410019 0.01981037 0.00466374
v 0.01938979 0.03822957 -0.04257146
v -0.03303901 0.03513917 -0.01700346
v -0.01993181 0.00244557 0.00600774
v 0.01258019 -0.00806403 0.01828374
v -0.00733661 -0.07700963 0.08377574
v -0.03145181 -0.00410803 -0.04082586
v -0.00523741 -0.02781523 0.02872214
v 0.02727459 0.01663357 -0.00528266
v -0.01675741 0.04352877 -0.01374026
v -0.01675741 0.04352877 -0.01374026
v 0.03306019 0.04222717 -0.03897226
v -0.01726941 0.02737117 -0.03880266
v 0.01524259 0.04372957 -0.02486826
v 0.00633379 -0.03141923 0.02458934
v 0.03254819 -0.02037683 -0.01547786
v 0.03254819 0.04319597 -0.03654266
v 0.01682979 -0.00747123 0.03254934
v 0.03152419 0.01800237 -0.03336986
v 0.03152419 0.01800237 -0.03336986
v -0.03191261 -0.01435043 -0.01221226
v -0.01670621 -0.01349843 -0.03870746
v 0.01160739 0.03231517 0.00535414
v -0.02561501 0.01607677 -0.03591626
v 0.02000419 0.04614957 -0.03362986
v 0.02000419 0.04614957 -0.03362986
v 0.03311139 0.01904717 -0.01836666
v -0.02822621 -0.02904563 -0.02697226
v 0.03259939 -0.02545603 -0.02916586
v 0.03259939 -0.02545603 -0.02916586
v -0.01982941 0.02130957 -0.02600506
v -0.01982941 0.02130957 -0.02600506
v -0.00672221 0.01492637 -0.03167146
v 0.02369059 0.04699757 -0.02947626
v 0.02369059 0.04699757 -0.02947626
v 0.00744179 -0.03098963 0.05261014
v 0.00744179 -0.03098963 0.05261014
v -0.01928461 0.00033517 -0.03720746
v 0.02423539 0.04686317 -0.02641226
v -0.03290381 0.01826397 -0.02050266
v 0.02372339 0.03959597 -0.01090666
v 0.02372339 0.03959597 -0.01090666
v 0.02792179 -0.01081603 -0.01261226
v 0.03212019 -0.01135683 -0.01625786
v -0.03341581 -0.01982963 -0.04287306
v 0.00800499 -0.05869363 0.06903094
v 0.02321139 -0.02485363 -0.03865546
v 0.02321139 0.03881757 -0.04263706
v -0.01611021 0.00479597 -0.03865146
v 0.01430259 0.02669197 -0.03948426
v 0.03160819 -0.00262643 -0.01938666
v -0.03392781 0.00119997 -0.02113866
v -0.01872141 -0.00048083 -0.01244666
v 0.02479859 0.04666557 -0.02418826
v 0.01379059 -0.02821123 0.02660214
v 0.00278259 0.01576717 -0.03115866
v -0.00822541 -0.01095603 0.02055814
v 0.00698099 -0.02246803 0.02801094
v -0.01713421 -0.02178723 -0.03795146
v 0.01537779 0.01829757 -0.03178106
v 0.03268339 0.04604397 -0.03268346
v -0.01974541 -0.00210883 0.00718374
v 0.00595699 -0.01743123 0.06214054
v 0.03217139 -0.01601043 -0.04267706
v 0.03217139 -0.01601043 -0.04267706
v 0.03217139 0.01661997 -0.03260346
v 0.01435379 -0.03307923 0.02100534
v -0.02076941 0.03595997 -0.04311306
v 0.02065139 -0.00222403 -0.02549946
v 0.02275059 0.01654957 0.00971254
v -0.00346381 0.00085117 -0.03104346
v 0.03114739 0.00239597 -0.02204426
v -0.03438861 -0.01373843 -0.01442826
v -0.01918221 -0.02206483 -0.04130026
v 0.00913139 0.04307277 -0.03357706
v -0.01498381 0.04192557 0.00613894
v 0.01752819 0.00219437 -0.03398506
v 0.03063539 0.00391037 -0.02899226
v 0.01962739 -0.00503443 0.01913254
v 0.01962739 -0.00068403 0.00475654
v -0.01969421 0.00348397 0.02176534
v -0.00658701 -0.03415283 0.00471574
v 0.00861939 -0.05952563 0.07046614
v -0.03331341 0.04189117 -0.03269306
v -0.01810701 -0.00077923 -0.02392426
v -0.02491661 -0.00505603 -0.04182826
v 0.01650419 -0.00016323 -0.03857066
v 0.00549619 -0.02330243 0.06934214
v 0.03171059 -0.01659923 -0.04240826
v 0.03171059 -0.01659923 -0.04240826
v 0.03171059 0.01607517 -0.03182986
v 0.03171059 0.01607517 -0.03182986
v -0.01861901 -0.02746803 -0.03505386
v -0.00131341 -0.05563523 0.08544774
v -0.00131341 -0.05563523 0.08544774
v -0.02752781 -0.00489683 0.00402054
v 0.00708339 -0.02263363 0.04559494
v -0.01913101 0.04669837 0.00003334
v 0.01548019 0.01097997 -0.01757546
v -0.03065101 0.02332717 -0.04196506
v 0.02597619 0.03777037 -0.00006026
v 0.02597619 0.02067597 -0.01606826
v 0.01445619 0.04434157 -0.02614266
v -0.01856781 0.03606157 -0.01905466
v -0.02957581 0.01958477 -0.04010826
v 0.02495219 -0.01683123 -0.01233226
v -0.03428621 -0.00679523 -0.01681946
v -0.03218701 0.01801597 -0.03817866
v -0.03218701 -0.00851283 -0.04038666
v 0.01972979 0.02753037 0.02247814
v -0.00228621 -0.03161203 0.07353174
v 0.03232499 -0.02384083 -0.03280106
v 0.03232499 -0.02384083 -0.03280106
v 0.02761459 0.04680397 -0.02869866
v 0.02761459 0.04680397 -0.02869866
v -0.02271501 0.03641277 -0.04246266
v -0.03372301 0.00224077 -0.03139066
v 0.01399539 0.00759997 -0.03937706
v 0.01399539 -0.07138643 0.08903814
v 0.01609459 -0.02534963 -0.01918426
v 0.03130099 -0.00739043 -0.04157226
v 0.03288819 0.01906157 -0.03606186
v -0.01954061 0.03753757 0.00625974
v -0.01744141 -0.00144243 -0.03612906
v 0.02346739 0.03502397 0.00157014
v -0.01585421 0.04230077 -0.01015226
v -0.02686221 -0.02015683 -0.04248346
v -0.01636621 0.01433917 -0.01360186
v 0.01194739 0.03921277 -0.03743066
v 0.03135219 -0.01225283 -0.04429786
v 0.03135219 -0.02660723 -0.03055626
v 0.01563379 0.04787437 -0.01035466
v 0.01722099 0.04580877 -0.02326266
v -0.02681101 -0.02823763 -0.03255466
v 0.03191539 0.04581277 -0.02791546
v 0.03191539 0.04581277 -0.02791546
v -0.02942221 0.00007277 -0.03739946
v -0.01631501 -0.02723603 -0.02387146
v -0.02522381 0.02504317 -0.01253386
v -0.03413261 -0.01373363 -0.04329626
v 0.00728819 -0.02581283 0.05015414
v 0.01778419 0.00406077 0.03670534
v -0.00633101 -0.03382403 0.00512534
v -0.00633101 -0.03382403 0.00512534
v -0.02834701 0.03947837 -0.01479786
v -0.01416461 -0.01458403 0.00540774
v -0.02307341 0.01806237 -0.03862106
v -0.02988301 -0.02921283 -0.02830186
v -0.01677581 0.01356877 -0.01289706
v -0.01677581 0.03010797 -0.01468426
v -0.02778381 -0.02516403 -0.01002346
v -0.02778381 -0.00164883 -0.00296746
v -0.03300621 0.03317997 -0.04130506
v -0.03300621 -0.00114243 -0.03863626
v 0.00580339 -0.01038563 0.02105494
v -0.03351821 -0.02583923 -0.03776106
v 0.01629939 0.00907517 -0.01249386
v 0.01839859 0.01737917 -0.03732826
v 0.02259699 -0.02793923 -0.03261466
v 0.02259699 -0.03571123 0.00286774
v 0.00687859 -0.01690083 0.04996854
v 0.02628339 0.04662717 -0.02857946
v 0.02628339 0.04662717 -0.02857946
v 0.02628339 0.04662717 -0.02857946
v -0.02614541 -0.02090083 -0.04178266
v 0.02838259 -0.02461763 -0.01769146
v 0.02838259 -0.02461763 -0.01769146
v 0.02367219 -0.03522483 -0.01090106
v -0.02297101 0.02982957 0.00641574
v 0.02841539 -0.02811443 -0.02548506
v 0.02841539 -0.02811443 -0.02548506
v -0.02662461 0.03189597 0.00469734
v -0.02662461 0.03189597 0.00469734
v 0.03210179 0.01647757 -0.02318506
v 0.03210179 -0.02452083 -0.02981386
v 0.02529219 0.03390797 0.00079094
v 0.01638339 0.00071597 -0.02154186
v 0.01848259 -0.02753603 -0.02166906
v 0.02687939 -0.01110963 -0.04473626
v 0.03107779 -0.00068323 -0.03569226
v -0.03235901 -0.01427763 -0.04426266
v -0.01925181 -0.00717283 0.02014934
v 0.01745859 -0.00538323 -0.04222506
v 0.01745859 0.02624717 0.02516054
v -0.02186301 -0.00627123 0.02356054
v 0.01955779 -0.00360723 0.00473894
v 0.01955779 -0.00360723 0.00473894
v 0.02165699 0.03855277 0.00126134
v -0.03338301 0.03528077 -0.04052666
v 0.00122819 -0.03621363 0.00351254
v 0.00122819 -0.01035843 0.01656774
v 0.00752579 0.00861517 -0.03914746
v -0.01868861 0.01542637 -0.03365306
v -0.01868861 0.01542637 -0.03365306
v 0.02693059 0.03501037 0.00020854
v -0.03020861 0.04133517 -0.01638026
v 0.01750979 0.04635677 -0.03220426
v 0.01750979 0.04635677 -0.03220426
v 0.03271619 -0.02502403 -0.02797066
v -0.02652221 -0.02933603 -0.02955306
v -0.02652221 0.03121517 0.00552054
v -0.02652221 0.03121517 0.00552054
v -0.02442301 0.00095357 -0.02053226
v 0.01909699 -0.00658003 0.00455654
v 0.03169219 -0.01010883 -0.04101946
v -0.03174461 -0.00667603 -0.04006346
v -0.00343101 -0.05643123 0.08425574
v -0.00343101 -0.05643123 0.08425574
v 0.03118019 -0.00004243 -0.01805466
v -0.02124861 -0.02908323 -0.02866506
v 0.00706499 -0.02544003 0.04171894
v 0.02227139 0.03895917 -0.04241466
v -0.03015741 0.03132157 -0.04290346
v -0.01705021 0.04393517 -0.02954746
v 0.03276739 0.04387437 -0.03689626
v -0.03276861 -0.00563203 -0.04002986
v -0.03276861 -0.00563203 -0.04002986
v -0.01756221 0.04755037 -0.00928506
v 0.03015619 0.01609117 -0.02265386
v 0.02544579 0.03487677 -0.01205626
v 0.02544579 0.03487677 -0.01205626
v 0.02754499 0.04727277 -0.02875786
v 0.02754499 0.04727277 -0.02875786
v -0.02959421 0.02928557 -0.01184506
v 0.02493379 -0.02868083 -0.02732346
v 0.00501699 -0.03498563 0.05289894
v 0.00501699 -0.03498563 0.05289894
v 0.01812419 0.00017517 -0.03081706
v 0.01341379 -0.03417123 0.00589014
v -0.02590781 -0.01346563 -0.01062906
v 0.00450499 -0.02776403 0.00669414
v 0.01971139 0.00500397 0.01946214
v -0.00701501 0.01018637 -0.03136106
v 0.02549699 0.02424397 -0.01381626
v 0.02759619 -0.01212883 -0.00637386
v -0.02324541 0.01706957 0.00663414
v 0.03128259 -0.01810243 -0.01331466
v -0.03425341 -0.01111523 -0.01482906
v -0.03425341 -0.01111523 -0.01482906
v 0.02657219 0.00929517 -0.01124186
v 0.00245699 -0.00838803 0.02184374
v -0.00855101 -0.06218403 0.07668374
v 0.03286979 -0.02527523 -0.03485866
v -0.03266621 -0.01868883 -0.04317786
v 0.01505219 0.00422557 -0.02891386
v 0.00614339 -0.03153683 0.04621014
v 0.00614339 -0.03153683 0.04621014
v -0.03317821 0.04305997 -0.03264746
v 0.02134979 -0.02057043 -0.04210746
v 0.02554819 0.04680237 -0.02980186
v 0.01454019 -0.06806003 0.06045734
v 0.01454019 -0.06806003 0.06045734
v -0.02268221 0.03480477 0.00573894
v -0.02058301 0.00815517 0.02038774
v -0.00537661 -0.02750243 0.02832134
v -0.00327741 -0.03202163 0.04464054
v -0.02739261 0.04527757 -0.03259626
v -0.01428541 0.01811197 0.03342614
v 0.01720259 0.04664717 -0.02680986
v 0.03030979 0.03520557 -0.04413066
v 0.03240899 -0.02570883 -0.02534346
v 0.03240899 -0.02527443 -0.02434426
v -0.03312701 0.04153037 -0.01953946
v -0.02001981 -0.02578643 -0.03790346
v 0.02350019 0.02740397 0.01234214
v 0.01249219 -0.00826403 0.01821094
v 0.01249219 -0.00826403 0.01821094
v 0.01669059 0.04424877 -0.02365706
v 0.01669059 0.04292397 0.00237334
v 0.02979779 0.01576957 -0.02345226
v -0.03153981 -0.00273683 -0.01597466
v -0.02734141 0.02977677 0.00516534
v 0.01407939 -0.01257443 0.02350214
v -0.02524221 0.02109197 -0.04099546
v -0.02995261 0.02720717 -0.01199866
v 0.03087299 0.00288317 -0.03272106
v -0.03466301 -0.00153123 -0.01789626
v 0.02196419 0.02983757 0.00504214
v -0.00215101 -0.01076883 0.01384134
v 0.01515459 -0.02730723 -0.01775946
v 0.00624579 -0.03136243 0.00837334
v -0.03307581 0.04039277 -0.03893706
v 0.01464259 0.01800397 -0.03836266
v -0.00527421 -0.02272803 0.02976214
v -0.02729021 0.03879917 -0.04139546
v -0.02780221 -0.00464643 -0.01443946
v -0.02360381 -0.01664883 -0.01082906
v 0.00470979 0.01161597 -0.03170826
v -0.00419901 -0.03232803 0.05486214
v 0.01310659 -0.01542243 0.02608934
v -0.01623101 -0.02132563 -0.01156346
v -0.00312381 -0.05964323 0.07706454
v -0.00312381 -0.05964323 0.07706454
v -0.02723901 0.00854157 -0.00980026
v -0.03036221 -0.01503843 -0.01233226
v 0.01264579 -0.00852003 0.01601894
v 0.01264579 -0.00852003 0.01601894
v 0.02575299 0.04508557 -0.03619386
v 0.02995139 -0.02734563 -0.02838106
v -0.02037821 0.01583837 -0.02872826
v -0.00727101 -0.06348003 0.09219814
v 0.03153859 0.02282157 -0.04201786
v -0.03189821 -0.00734083 -0.01305386
v 0.02472899 0.00054717 -0.01156346
v -0.02769981 -0.01583443 -0.01013226
v -0.00148541 -0.00803283 0.02337814
v 0.02001859 -0.00180083 0.02098214
v 0.00376979 0.00206957 -0.03130106
v 0.00376979 0.00206957 -0.03130106
v 0.02998419 0.04038237 -0.04149306
v -0.01824621 0.02161757 -0.04146906
v -0.00775021 -0.06373603 0.09184534
v 0.00745619 -0.02491923 0.05279254
v -0.01875821 -0.02874483 -0.02976826
v -0.02976621 0.01565677 -0.02079546
v -0.01665901 -0.00014483 -0.02217466
v 0.00694419 -0.02927363 0.03766134
v 0.00694419 -0.02927363 0.03766134
v -0.01927021 -0.00338963 -0.04017866
v 0.01534099 0.01238157 -0.01900106
v 0.01534099 0.02973677 -0.02316026
v 0.01744019 -0.02684163 -0.03655706
v 0.01744019 0.03235197 0.00715574
v 0.03054739 -0.01318723 -0.04440906
v 0.00853139 -0.04351923 0.07797894
v 0.01272979 -0.00877123 0.01461014
v 0.01272979 -0.00877123 0.01461014
v 0.00592019 -0.03179283 0.03431254
v 0.02322579 0.03488077 -0.04393546
v -0.01660781 -0.00091603 -0.01617466
v 0.02849939 0.02421677 -0.01404346
v 0.02849939 0.02421677 -0.01404346
v -0.03073901 -0.01312563 -0.01213946
v -0.02444141 0.04603677 -0.02969706
v -0.00974701 -0.03663763 0.00287334
v 0.00755859 -0.04999123 0.08263814
v 0.00965779 -0.05636403 0.08390214
v 0.03326099 0.02671197 -0.01618426
v 0.03326099 0.02671197 -0.01618426
v 0.02225299 -0.01127523 -0.04402906
v 0.02225299 0.01551677 -0.02450906
v -0.01706861 0.01504077 -0.02377706
v 0.02435219 0.01800637 -0.01873706
v 0.01544339 0.01809677 -0.02492986
v 0.01754259 0.02949277 -0.04151946
v 0.02174099 0.01720957 0.00502294
v 0.02174099 0.01720957 0.00502294
v 0.01493139 0.04016797 -0.01126186
v -0.02439021 0.02693597 0.00645174
v -0.01650541 0.03031757 -0.01285946
v 0.01180819 -0.02228883 -0.03721866
v 0.01810579 -0.02845923 -0.03177626
v -0.01911661 0.03256877 0.00611254
v 0.03280019 0.03606477 -0.03998266
v 0.03280019 0.01683517 -0.03430106
v 0.00868499 -0.05304323 0.08321814
v -0.01752941 0.03327917 -0.01030106
v -0.00913261 0.00655357 -0.03450746
v -0.01804141 0.03010157 -0.01025546
v -0.01594221 -0.00782243 0.00704134
v 0.03177619 -0.01797043 -0.04185466
v -0.00334701 -0.03310803 0.01415654
v -0.03427181 -0.01001043 -0.01614906
v 0.00714899 -0.03244083 0.02256774
v 0.02235539 -0.00333283 -0.02219866
v -0.01957741 0.04576957 -0.03220746
v -0.01118061 -0.00808483 0.02119654
v 0.01713299 -0.02376643 -0.01158026
v -0.03319661 0.04277197 -0.03501466
v 0.01032339 -0.02993683 0.02552694
v 0.02552979 0.04156877 -0.01619066
v -0.01379181 -0.01115683 0.00787174
v 0.01452179 -0.02561203 -0.03347546
v 0.02762899 0.04654717 -0.03244506
v 0.02501779 0.03326637 0.00346854
v 0.01400979 -0.02732803 -0.02674986
v -0.02321261 -0.00350083 0.02280774
v -0.02111341 0.04397117 0.00194054
v -0.03212141 0.03915917 -0.01454026
v -0.01691501 -0.03631843 0.00391654
v 0.00668819 -0.03006963 0.02595254
v -0.02213741 0.01673597 0.00750054
v -0.03314541 0.03669197 -0.04110266
v 0.02348179 0.02466637 0.00493734
v -0.01164141 -0.00978803 0.00624374
v -0.00744301 -0.06831523 0.05603574
v 0.01406099 -0.03070563 0.02478934
v -0.03207021 0.02179677 -0.04011066
v -0.00585581 -0.02442323 0.02883094
v 0.02245779 -0.01687523 -0.04394106
v 0.01564819 -0.05828883 0.09055014
v 0.01564819 -0.05828883 0.09055014
v -0.03468141 0.00088717 -0.03228506
v -0.02628461 0.02804877 0.00612454
v -0.02628461 0.02804877 0.00612454
v 0.01513619 -0.06930323 0.06015094
v 0.01252499 -0.00817283 0.00597494
v 0.01462419 0.04441997 -0.02038666
v 0.01411219 0.04347837 -0.03120906
v -0.00841581 -0.00815043 0.02267414
v 0.03300499 0.02097517 -0.01634266
v 0.03300499 0.03420557 -0.04378346
v -0.01942381 0.02069917 -0.02671146
v -0.01942381 0.02069917 -0.02671146
v -0.00001901 -0.02750483 0.00658294
v -0.02203501 0.01663277 -0.02361306
v -0.03304301 0.04359597 -0.03364986
v -0.03145581 0.03751517 -0.01383306
v 0.02307219 0.03687997 0.00095814
v 0.02727059 -0.00050883 -0.00700266
v 0.02727059 0.01249757 -0.00674586
v -0.01205101 -0.03454083 0.01773654
v -0.01205101 -0.01026323 0.00660214
v 0.00315539 -0.03363603 0.01916534
v -0.03406701 -0.00826883 -0.03975546
v -0.03406701 -0.00826883 -0.03975546
v 0.01155219 -0.03599843 0.00327174
v -0.01937261 0.00357277 0.02044054
v -0.03038061 -0.01682643 -0.01258426
v -0.02828141 0.03913197 -0.04134266
v 0.03044499 0.02537517 -0.01339786
v 0.03044499 0.02537517 -0.01339786
v 0.00632979 -0.03335763 0.00483334
v -0.02879341 0.02619357 -0.01222906
v -0.02459501 -0.01151203 -0.01459306
v -0.00519021 -0.01127043 0.01901894
v -0.01880941 -0.02032243 -0.04162346
v 0.02261139 -0.00544003 0.02155574
v -0.01671021 0.03911277 -0.01001786
v 0.02471059 -0.01689203 -0.01258586
v 0.02471059 -0.01689203 -0.01258586
v -0.02351981 -0.02207923 -0.04130906
v -0.01512301 -0.02623283 -0.03328906
v 0.03259539 -0.02387123 -0.03776666
v 0.03259539 -0.02387123 -0.03776666
v -0.03294061 0.02107117 -0.03718026
v 0.02264419 0.04314557 -0.00571626
v -0.00357021 0.04400317 -0.01017786
v -0.02558621 0.04254637 -0.01750826
v 0.02633059 -0.00033523 -0.03913946
v 0.02581859 0.03556317 -0.04399466
v 0.02581859 -0.03124003 0.00346374
v 0.03211619 0.01960237 -0.03532426
v 0.03211619 0.01960237 -0.03532426
v -0.02922141 -0.01963923 -0.01339786
v 0.02740579 -0.00931363 -0.00467626
v 0.03160419 0.00018237 -0.03556426
v -0.02763421 -0.01704483 -0.04351706
v 0.01588579 0.00133197 -0.02205066
v -0.03234461 -0.02048963 -0.01386906
v -0.02814621 -0.02894563 -0.02660986
v -0.02814621 -0.02894563 -0.02660986
v -0.00874141 -0.06546643 0.06838934
v 0.03267939 -0.02589923 -0.03142746
v 0.03267939 -0.02589923 -0.03142746
v -0.03285661 -0.01832003 -0.01301706
v -0.01765021 0.01564637 -0.03246906
v 0.03006819 -0.02657203 -0.02778986
v -0.01816221 0.04415117 -0.03202266
v 0.02535779 0.02911757 0.00465414
v 0.03165539 0.01744077 -0.03726986
v 0.02274659 0.01533517 0.03174614
v 0.01803619 0.03710637 -0.04291786
v 0.02013539 0.01077677 0.01717734
v 0.00651619 -0.03608643 0.05445254
v 0.01962339 -0.02176643 -0.04161706
v -0.03280541 0.03463357 -0.01271866
v 0.03221859 -0.02559363 -0.03149466
v -0.02492061 0.04378717 -0.01933146
v -0.02492061 0.04378717 -0.01933146
v -0.00761501 -0.00768963 0.03362774
v -0.02753181 -0.02139363 -0.01010106
v 0.01598819 -0.00303763 -0.04083066
v 0.02909539 0.02663757 -0.01301946
v 0.02909539 0.02663757 -0.01301946
v 0.01808739 0.03310317 -0.04374986
v 0.03329379 0.02812237 -0.01318586
v 0.03329379 0.03068477 -0.01519946
v 0.03329379 0.01874557 -0.03118986
v -0.00863901 -0.06612163 0.06576214
v 0.03278179 0.04189037 -0.03767626
v -0.03275421 -0.02788323 -0.02160186
v 0.03226979 0.04058157 -0.04140506
v 0.01865059 -0.01722483 -0.04315306
v 0.00764259 -0.06298003 0.07048134
v 0.00764259 -0.06298003 0.07048134
v -0.03167901 0.02743597 -0.01198746
v -0.00336541 -0.03231843 0.01205494
v -0.01227421 -0.00793363 0.00737254
v -0.01908381 0.00033997 -0.02676106
v -0.00387741 -0.03147923 0.04766534
v -0.03270301 0.02898317 -0.01233306
v -0.02640541 0.03303597 -0.04385386
v -0.02430621 -0.00099923 -0.01034666
v 0.01711459 0.03535037 -0.02638506
v -0.01590941 -0.02610243 -0.01246826
v 0.01450339 -0.06831443 0.05928534
v 0.01450339 -0.06831443 0.05928534
v 0.01660259 -0.01636003 -0.04190426
v 0.03180899 -0.01570563 -0.04244506
v 0.03180899 -0.01570563 -0.04244506
v 0.03180899 -0.01570563 -0.04244506
v -0.02113181 -0.02390243 -0.01658746
v -0.02794141 0.02513597 -0.00886106
v 0.03288419 0.04332237 -0.02694586
v -0.02425501 -0.02022403 -0.04231626
v 0.01716579 0.00025117 -0.03194346
v 0.03237219 -0.02407443 -0.03752506
v -0.03316381 -0.00398963 -0.04140986
v -0.01795741 -0.00426803 0.03683254
v -0.00485021 -0.03138563 0.00470294
v 0.01245539 -0.00883123 0.01832694
v 0.01455459 -0.02086643 0.02709494
v 0.02976099 0.03058797 -0.01240026
v 0.02505059 0.04744237 -0.02876506
v 0.02505059 0.04744237 -0.02876506
v 0.01404259 -0.05454723 0.08835734
v 0.02714979 -0.01198723 -0.04464346
v -0.02527901 0.03459277 -0.01239946
v -0.02108061 -0.00492803 -0.02014586
v -0.01688221 0.01560237 -0.03544266
v -0.03260061 0.03858877 -0.04108106
v -0.01319581 -0.01067443 0.00686534
v 0.00201059 0.04777837 0.00492054
v -0.03311261 0.04248077 -0.02462986
v -0.01790621 0.03932237 -0.01778106
v -0.02471581 0.03923917 -0.01450266
v 0.02090339 0.02656957 0.02299174
v -0.02942621 0.04408477 -0.03564586
v -0.00321181 -0.01914723 0.06420534
v -0.03413661 -0.01642483 -0.01280666
v -0.01893021 -0.00709043 -0.03975226
v -0.02783901 0.00268077 -0.00566346
v 0.02878819 -0.01613923 -0.04383546
v 0.00677219 -0.01885603 0.04520374
v -0.01944221 0.01491997 -0.03080666
v 0.01097059 -0.00862243 0.01923014
v 0.01097059 -0.00862243 0.01923014
v -0.02415261 0.03307357 0.00499894
v -0.00894621 -0.03429523 0.00476134
v 0.02356579 0.01718397 0.00458614
v -0.01575581 -0.01705523 -0.03872026
v 0.00574819 -0.02972003 0.07313014
v -0.03357341 0.04092317 -0.03594266
v -0.03147421 0.03942957 -0.04098586
v 0.00103779 0.00053597 -0.03515626
v 0.00733539 -0.05461203 0.08507574
v 0.02254179 0.01950317 0.02905334
v 0.01783139 0.04217437 -0.01666186
v 0.01783139 0.04217437 -0.01666186
v 0.01993059 0.04679357 -0.02979786
v 0.03201379 -0.01805443 -0.04121546
v -0.01621661 -0.02211843 -0.03701226
v -0.00572061 -0.03330243 0.00512774
v -0.00572061 -0.03330243 0.00512774
v 0.03308899 0.04305117 -0.03786186
v 0.02208099 -0.02337203 -0.04014666
v 0.03206499 -0.01849283 -0.03678106
v -0.00305821 -0.05813363 0.08087014
v 0.02735459 -0.01555283 -0.01248826
v 0.02735459 -0.01555283 -0.01248826
v 0.02945379 0.04713837 -0.02806746
v 0.03155299 0.00111037 -0.03274586
v -0.02401741 -0.02894883 -0.02506426
v 0.00639539 -0.01511123 0.03928694
v 0.01950259 0.01666477 -0.02618586
v 0.01689139 -0.00140723 -0.03974346
v -0.01823181 0.04169037 -0.01665146
v -0.01823181 0.04169037 -0.01665146
v 0.01428019 -0.07589363 0.08486454
v 0.00537139 -0.03816883 0.05538854
v 0.00537139 -0.03816883 0.05538854
v -0.03395021 -0.01239843 -0.04247306
v 0.00956979 -0.05637763 0.08300694
v 0.01166899 0.05009997 -0.00040346
v 0.01376819 -0.01098803 0.01955014
v -0.03446221 -0.00566243 -0.01685706
v -0.03026381 0.04537357 -0.03153626
v 0.01115699 -0.03601123 -0.01136746
v 0.00434739 0.05111677 0.00133894
v -0.03287501 0.02800317 -0.01403786
v 0.02375219 0.04587517 -0.03469786
v 0.02375219 0.04587517 -0.03469786
v 0.00173619 0.02753437 -0.03924826
v 0.02795059 0.02094077 -0.01629066
v -0.02237901 -0.00168883 -0.01742586
v -0.03338701 -0.01313203 -0.04214186
v -0.03338701 -0.01313203 -0.04214186
v -0.03338701 -0.01313203 -0.04214186
v -0.02027981 -0.01838243 -0.01090186
v -0.02027981 -0.01838243 -0.01090186
v -0.02027981 -0.01838243 -0.01090186
v 0.02533939 -0.01750083 -0.04336746
v 0.02743859 0.00897117 0.00283574
v -0.01869261 -0.02801683 -0.02863946
v -0.01869261 -0.02801683 -0.02863946
v -0.01869261 -0.02801683 -0.02863946
v -0.01869261 -0.02305363 -0.04025946
v -0.02760141 -0.01372723 -0.01023866
v -0.00189901 -0.05908243 0.06974774
v 0.02851379 0.01831757 -0.01887946
v -0.02391501 -0.01128323 -0.01440906
v -0.03282381 0.02127117 -0.01545946
v -0.03384781 -0.02829043 -0.02947786
v -0.03384781 -0.02829043 -0.02947786
v 0.01387059 -0.07070323 0.05406694
v 0.03117619 -0.00061523 -0.03877386
v -0.03226061 -0.00448003 -0.04123066
v -0.03067341 0.03881597 -0.01449786
v 0.01494579 -0.03282963 0.00417894
v 0.03173939 -0.01583043 -0.04157626
v -0.02120141 0.03423997 -0.04374986
v -0.00389581 -0.00822403 0.03158374
v 0.02441779 -0.00264083 0.02974534
v 0.02651699 0.03639677 -0.00673306
v 0.01550899 0.02477757 -0.01214906
v 0.01550899 0.02477757 -0.01214906
v 0.03281459 -0.02586083 -0.03480666
v 0.03281459 -0.02586083 -0.03480666
v -0.03272141 0.02023757 -0.03923226
v -0.01961421 0.01742957 -0.02825706
v 0.02390579 -0.01032643 -0.04420586
v 0.01919539 -0.01406003 -0.04382186
v -0.03323341 0.03724797 -0.03949226
v 0.00347699 -0.01896243 0.06570854
v 0.01868339 0.04472797 -0.03702746
v 0.01868339 0.04472797 -0.03702746
v -0.02063821 -0.01803363 -0.01105066
v -0.01695181 0.00472477 -0.01209226
v 0.01556019 0.04391517 -0.01064426
v -0.00855501 0.00505437 -0.03512826
v -0.00855501 -0.03421123 0.01995414
v 0.01975859 0.04003197 -0.01492506
v 0.01975859 0.04003197 -0.01492506
v -0.01746381 -0.00247603 -0.03760186
v -0.02427341 0.01730157 0.00604294
v 0.01924659 -0.00598963 0.00583974
v 0.03184179 -0.00879043 -0.01309626
v -0.00118221 -0.05453283 0.08486454
v 0.02503219 -0.02099683 -0.04175146
v -0.03210701 0.01463837 -0.02463386
v -0.00589261 0.03227197 0.00591894
v 0.01141299 -0.00822083 0.02060534
v 0.01141299 -0.00822083 0.02060534
v -0.01480141 0.04905757 -0.00929866
v -0.02580941 0.02655517 -0.04287786
v 0.03291699 0.04490877 -0.03501786
v -0.01582541 -0.02582643 -0.01133226
v -0.01582541 -0.02582643 -0.01133226
v 0.02979379 -0.01583523 -0.04419546
v -0.03364301 -0.02741043 -0.02494106
v -0.03364301 -0.02741043 -0.02494106
v 0.02508339 -0.00540883 -0.01660506
v -0.02524621 -0.02907363 -0.02862826
v -0.02524621 -0.02907363 -0.02862826
v -0.02155981 -0.00658563 0.03224454
v 0.02615859 -0.00590803 -0.01380346
v 0.01724979 0.02355757 -0.04052186
v -0.01997261 -0.00821043 -0.03989546
v -0.00686541 0.05052957 -0.00988746
v -0.00476621 -0.06913203 0.05445574
v -0.00476621 0.04685677 0.00561574
v 0.02984499 -0.02478243 -0.01802746
v -0.02729421 -0.00246563 0.00483814
v -0.02309581 0.01334797 0.00590534
v -0.02309581 0.01334797 0.00590534
v -0.03410381 -0.02360963 -0.03848746
v 0.00731699 -0.02071443 0.06466374
v 0.00731699 -0.02071443 0.06466374
v -0.03200461 0.03531357 -0.01259866
v -0.02150861 0.03207677 -0.04356106
v -0.01731021 0.00958397 -0.01274906
v 0.02149939 -0.00693283 0.03129574
v 0.02149939 -0.00693283 0.03129574
v 0.02308659 -0.00118483 0.03413974
v 0.02308659 -0.00118483 0.03413974
v 0.02308659 -0.01717283 -0.01194986
v 0.01417779 -0.01440963 0.00717814
v 0.00316979 -0.03327763 0.05036214
v -0.02094541 -0.00023363 -0.02041626
v 0.03204659 0.02340877 -0.04140346
v -0.02038221 -0.03660723 0.00353334
v 0.00112179 0.04813597 0.00201014
v 0.00741939 0.00944717 -0.03477306
v 0.03102259 0.02985837 -0.01255466
v -0.01720781 -0.01040163 -0.03871306
v -0.02821581 -0.00989843 -0.01239306
v -0.02925821 -0.00224803 -0.01608906
v 0.02736899 0.00009597 -0.00417546
v 0.02736899 -0.00834323 -0.00273146
v -0.00775421 -0.03412723 0.00497974
v -0.00775421 -0.03412723 0.00497974
v -0.01876221 -0.00744643 0.00568774
v -0.02977021 -0.02887363 -0.02914266
v -0.02977021 -0.02887363 -0.02914266
v -0.03448061 -0.00147683 -0.02565386
v -0.01927421 -0.03471523 0.00496214
v -0.01927421 -0.03471523 0.00496214
v 0.02634499 -0.03288883 -0.00308906
v -0.01297661 -0.03133683 0.02570294
v -0.00248061 -0.05611683 0.08447174
v -0.00248061 -0.05611683 0.08447174
v -0.02239741 -0.00528723 -0.01894986
v -0.00980221 0.05089437 -0.00072826
v -0.02761981 -0.00121603 0.00101574
v -0.02342141 -0.00791603 -0.01118026
v -0.02342141 -0.00047443 0.03272614
v -0.02342141 -0.00047443 0.03272614
v -0.03442941 -0.01363123 -0.01585546
v 0.00909059 -0.05568163 0.08572454
v 0.00909059 -0.05568163 0.08572454
v 0.01538819 -0.02542003 -0.03275786
v -0.02024701 0.01062557 0.00579734
v -0.02024701 0.01062557 0.00579734
v -0.02024701 0.01062557 0.00579734
v 0.00125699 -0.02411843 0.07010774
v 0.02747139 -0.01002563 0.00012214
v 0.02014979 0.04515357 -0.01021786
v 0.00023299 -0.01091923 0.01565894
v 0.02644739 0.03394077 -0.01116186
v 0.02644739 -0.02214083 -0.01536266
v 0.02803459 -0.01368483 -0.04408826
v -0.03381501 -0.00501123 -0.04026506
v -0.03381501 -0.00501123 -0.04026506
v -0.03171581 -0.01496563 -0.04407786
v 0.01390339 -0.07551123 0.05693334
v -0.02541821 0.04285037 -0.03778346
v 0.03120899 0.01716077 -0.02136826
v 0.03069699 -0.00759283 -0.04338106
v -0.03483901 -0.00279203 -0.02018906
v 0.03279619 0.04552397 -0.02211226
v -0.01963261 -0.02865843 -0.02833386
v -0.01963261 -0.02865843 -0.02833386
v 0.00606979 -0.03202643 0.01192534
v -0.03325181 0.04275597 -0.03046586
v 0.02337539 0.04181837 -0.04035786
v 0.01446659 -0.08081123 0.07316294
v -0.00335101 -0.03629683 0.05537254
v -0.00017661 -0.02752563 -0.01468026
v 0.02342659 -0.00458563 -0.01937466
v -0.00068861 0.04777277 0.00477814
v 0.02552579 -0.01886243 -0.01451146
v 0.03182339 -0.02398323 -0.03653226
v 0.03182339 -0.00014803 -0.01919626
v -0.02741501 0.01922477 -0.00963306
v -0.00381181 -0.06803043 0.05724454
v -0.02792701 -0.02937283 -0.02701466
v -0.02792701 -0.02937283 -0.02701466
v -0.02372861 0.04138397 -0.00943946
v -0.02372861 0.04138397 -0.00943946
v -0.03263741 0.00149277 -0.02211306
v -0.03263741 0.00149277 -0.02211306
v 0.02608899 0.04215357 -0.04020746
v -0.01323261 -0.01490163 0.02664214
v 0.01508099 0.03839037 -0.01149466
v -0.00273661 0.05156157 -0.00989706
v -0.02685181 0.01434717 -0.03019466
v 0.01456899 -0.06417283 0.06857734
v 0.01666819 0.03215437 0.01087814
v 0.02296579 0.01596317 0.01110454
v -0.02946301 0.00216317 -0.02316026
v -0.03417341 -0.02583683 -0.01951386
v 0.02245379 0.01227117 0.03346854
v 0.02245379 0.01227117 0.03346854
v -0.01686781 0.04119997 -0.01585466
v -0.01686781 0.04119997 -0.01585466
v -0.02787581 0.00698157 -0.00543946
v 0.00673539 -0.03117603 0.02429734
v -0.01947901 -0.00748883 0.01171574
v -0.01947901 -0.00748883 0.01171574
v 0.02194179 0.01647917 0.03191654
v -0.01318141 -0.01788243 0.02832454
v 0.01513219 -0.02063283 -0.03762026
v -0.01789181 -0.00349843 -0.01729706
v 0.02352899 0.04059437 -0.04112666
v 0.02352899 0.02249357 0.00502614
v 0.03192579 -0.02729683 -0.02331066
v 0.02091779 -0.00053443 -0.03902986
v 0.01200899 0.04364397 -0.01091546
v -0.02311421 0.01578957 -0.03525546
v 0.01830659 0.02110077 -0.02901466
v -0.02362621 -0.00896243 -0.01112266
v 0.00678659 0.00691357 -0.03135066
v 0.00678659 0.00691357 -0.03135066
v 0.00678659 -0.05515683 0.06630214
v 0.00678659 -0.05515683 0.06630214
v 0.02409219 0.04691997 -0.02932506
v 0.02409219 0.04691997 -0.02932506
v -0.02203901 -0.03622243 -0.01001226
v -0.02203901 -0.03622243 -0.01001226
v -0.01993981 -0.02743923 -0.02072826
v -0.01993981 0.02165757 -0.04152986
v -0.02255101 -0.00085763 0.03461334
v 0.03197699 -0.01611763 -0.04241866
v 0.03197699 -0.01611763 -0.04241866
v 0.03197699 -0.01611763 -0.04241866
v -0.02726141 0.02543197 -0.00954426
v -0.02306301 0.04082477 -0.04002826
v -0.03407101 -0.02393763 -0.01983386
v -0.00575741 -0.02779523 0.02797894
v 0.02255619 -0.00334323 -0.02145306
v -0.00155901 -0.00026323 -0.03926186
v -0.02357501 0.02622237 -0.01002746
v -0.02357501 0.01417197 0.03021334
v -0.02357501 0.01417197 0.03021334
v 0.00473859 0.01389837 -0.03125946
v 0.03095299 -0.00153683 -0.01646106
v 0.03305219 0.03123117 -0.04005706
v -0.01937661 0.02854717 0.02175974
v 0.01943299 -0.02854803 -0.03014106
v 0.01943299 -0.02844083 -0.03158186
v -0.03299581 0.04171917 -0.03486666
v -0.03299581 0.04369197 -0.02397706
v -0.02040061 -0.01839283 -0.01115466
v 0.02102019 -0.00605443 0.03326214
v 0.02731779 0.00668397 -0.00641386
v 0.02731779 0.03430157 -0.01267786
v -0.01881341 0.00026877 -0.03495226
v -0.00360701 -0.08064003 0.07593894
v 0.02890499 -0.00818163 -0.01298026
v 0.02890499 -0.02706803 -0.03454026
v 0.00898819 -0.06212563 0.07191094
v 0.00007939 -0.03355683 0.01591894
v 0.01738499 0.04356557 -0.01835226
v 0.01738499 0.04356557 -0.01835226
v -0.00463101 -0.02600723 0.04670294
v 0.00376579 -0.03250483 0.04086934
v 0.01897219 0.03192717 -0.04387226
vt 0.15420100 0.11590800
vt 0.79679400 0.09363700
vt 0.32558000 0.16091300
vt 0.23267300 0.30680400
vt 0.40321900 0.69872500
vt 0.30500600 0.59486700
vt 0.13846300 0.31077300
vt 0.17348900 0.26505700
vt 0.97044800 0.02037100
vt 0.47881000 0.50534500
vt 0.33164000 0.12398100
vt 0.31061400 0.58022500
vt 0.34317300 0.20302300
vt 0.23474300 0.69520800
vt 0.44103200 0.47889000
vt 0.30543700 0.07636200
vt 0.06461000 0.38419900
vt 0.16789300 0.41525500
vt 0.23759800 0.67880000
vt 0.66941800 0.30554400
vt 0.73940900 0.19641100
vt 0.09254900 0.09856500
vt 0.83712100 0.31103500
vt 0.56317700 0.61662900
vt 0.87002600 0.06420200
vt 0.93816800 0.13736800
vt 0.79995400 0.32944800
vt 0.92982700 0.09018500
vt 0.93987900 0.14676400
vt 0.16246800 0.46823900
vt 0.18313400 0.26947400
vt 0.81780200 0.05675100
vt 0.33881700 0.20680100
vt 0.07696200 0.96481900
vt 0.25617500 0.80208200
vt 0.22408800 0.22337700
vt 0.74421400 0.24768900
vt 0.98731100 0.13005200
vt 0.38387700 0.42404100
vt 0.51046500 0.54717700
vt 0.89032300 0.09994400
vt 0.50871700 0.50834900
vt 0.51870800 0.50871100
vt 0.09563300 0.41800500
vt 0.78813200 0.32523500
vt 0.29644900 0.23968700
vt 0.48238600 0.54453500
vt 0.22943200 0.19952100
vt 0.19468200 0.19614800
vt 0.38735100 0.65057000
vt 0.36418300 0.53910400
vt 0.25856200 0.28849100
vt 0.28885300 0.06689200
vt 0.81985300 0.10442700
vt 0.26817300 0.75101300
vt 0.33753400 0.04933300
vt 0.94451900 0.02799100
vt 0.28362600 0.34822800
vt 0.18515000 0.29481900
vt 0.37727900 0.70344900
vt 0.05198400 0.29754900
vt 0.76223000 0.17773300
vt 0.21826400 0.05902400
vt 0.97599000 0.02605200
vt 0.66304100 0.39322500
vt 0.29436000 0.64628600
vt 0.74345500 0.24411200
vt 0.34294600 0.65085100
vt 0.14030600 0.09642700
vt 0.83299000 0.33131000
vt 0.69213400 0.33391700
vt 0.49511100 0.41855600
vt 0.52733000 0.47785200
vt 0.92046300 0.04176700
vt 0.49178900 0.14477500
vt 0.39930900 0.21716600
vt 0.67049500 0.29754400
vt 0.78093900 0.25798100
vt 0.14086800 0.12954400
vt 0.30424400 0.40603600
vt 0.25042400 0.18278200
vt 0.11616300 0.20378900
vt 0.96741400 0.15403500
vt 0.28616200 0.31036700
vt 0.36234700 0.21190200
vt 0.10727000 0.34093600
vt 0.69460900 0.29768900
vt 0.33725400 0.37107200
vt 0.42813700 0.49490500
vt 0.74599700 0.04430400
vt 0.50431400 0.60417200
vt 0.43874900 0.42992500
vt 0.23164300 0.31797900
vt 0.39040600 0.17146300
vt 0.64332400 0.45763700
vt 0.72264600 0.23548100
vt 0.83105900 0.05419000
vt 0.55211700 0.61936100
vt 0.85960000 0.05794600
vt 0.57521700 0.50639700
vt 0.57739300 0.56882500
vt 0.31774000 0.55936700
vt 0.30217700 0.70523800
vt 0.74165100 0.23768800
vt 0.40395500 0.50529900
vt 0.12380500 0.34918600
vt 0.52994000 0.48246800
vt 0.94920900 0.04026100
vt 0.87275600 0.14633500
vt 0.34128000 0.03679000
vt 0.79555300 0.10551100
vt 0.37232000 0.54556900
vt 0.77689500 0.22500500
vt 0.31172500 0.02878200
vt 0.86281500 0.17513100
vt 0.13787900 0.08211600
vt 0.52150400 0.48247700
vt 0.91351900 0.04463900
vt 0.70506400 0.10290200
vt 0.38583000 0.70868200
vt 0.43070100 0.71120700
vt 0.71736000 0.24102200
vt 0.63504300 0.42966400
vt 0.50811300 0.50595300
vt 0.26540100 0.16738500
vt 0.78373200 0.09974800
vt 0.63374500 0.35240500
vt 0.43111500 0.76815400
vt 0.72837800 0.23345500
vt 0.30942900 0.13652900
vt 0.53524500 0.47935000
vt 0.07939900 0.36071600
vt 0.13841600 0.38486900
vt 0.83091500 0.29209800
vt 0.18507700 0.12673700
vt 0.23296600 0.34768000
vt 0.05670000 0.15420000
vt 0.12277000 0.40884600
vt 0.23496600 0.21830200
vt 0.11973000 0.34164300
vt 0.35058100 0.34112500
vt 0.95020700 0.06737600
vt 0.40724400 0.37456700
vt 0.04683100 0.92392300
vt 0.50081900 0.51597200
vt 0.98674800 0.09254300
vt 0.30146800 0.25988300
vt 0.75988300 0.25578200
vt 0.18508400 0.22648900
vt 0.17136100 0.30076300
vt 0.24427600 0.49285500
vt 0.50600300 0.53167000
vt 0.63022200 0.45254900
vt 0.04985800 0.29079800
vt 0.15036700 0.16710500
vt 0.33111800 0.06612900
vt 0.80399900 0.41838700
vt 0.23424800 0.67815700
vt 0.74013100 0.18370700
vt 0.80664100 0.33695200
vt 0.33412600 0.43952300
vt 0.05272700 0.28089700
vt 0.06979700 0.22569700
vt 0.63530300 0.42007400
vt 0.26228300 0.30906400
vt 0.28876500 0.50542600
vt 0.15697400 0.32164600
vt 0.14984000 0.20268100
vt 0.70111600 0.18407700
vt 0.84294600 0.29486500
vt 0.10321600 0.45216300
vt 0.39452500 0.80328100
vt 0.11292300 0.83774200
vt 0.36628600 0.14309000
vt 0.56791600 0.50996300
vt 0.69043300 0.30738300
vt 0.02768900 0.94341900
vt 0.35826800 0.55057100
vt 0.32667300 0.60275700
vt 0.20352300 0.31310300
vt 0.11844500 0.21143300
vt 0.47846200 0.49758400
vt 0.42680300 0.65904200
vt 0.12698600 0.31430400
vt 0.43946800 0.71888100
vt 0.65067000 0.08190400
vt 0.48712000 0.56797300
vt 0.77856400 0.21364400
vt 0.47922500 0.48025200
vt 0.49086800 0.47748900
vt 0.34326400 0.48785300
vt 0.70955700 0.46242100
vt 0.10237500 0.44527000
vt 0.08356500 0.25642300
vt 0.08881900 0.25232900
vt 0.64567700 0.41121000
vt 0.75810600 0.25651500
vt 0.65240200 0.40329300
vt 0.05197700 0.30397800
vt 0.06166500 0.37448300
vt 0.35888700 0.79045900
vt 0.30963300 0.56690700
vt 0.36953600 0.70811200
vt 0.79639800 0.34552700
vt 0.80349400 0.09731500
vt 0.37586400 0.55056100
vt 0.59200800 0.47766300
vt 0.20124200 0.90078500
vt 0.83572300 0.30321600
vt 0.45191000 0.21832100
vt 0.49481000 0.41563500
vt 0.72612700 0.21238300
vt 0.48410000 0.54571300
vt 0.43109400 0.22015400
vt 0.87979800 0.08549400
vt 0.32942000 0.54359400
vt 0.19478200 0.85175000
vt 0.17296800 0.24602100
vt 0.68092600 0.31909200
vt 0.78774700 0.25133500
vt 0.78246300 0.26292800
vt 0.82692200 0.06381200
vt 0.24947700 0.28957300
vt 0.29095200 0.71138700
vt 0.45638400 0.21712600
vt 0.19675500 0.13411000
vt 0.63026000 0.41175000
vt 0.28468900 0.07134900
vt 0.67955600 0.46799200
vt 0.23157300 0.35086800
vt 0.71342700 0.12674800
vt 0.22826700 0.65014500
vt 0.31012300 0.55944700
vt 0.27725200 0.07154700
vt 0.42209500 0.70563100
vt 0.54094800 0.53923900
vt 0.16719300 0.32413800
vt 0.84241500 0.09795200
vt 0.17441400 0.07557700
vt 0.35151100 0.18697200
vt 0.15960300 0.08962400
vt 0.12295100 0.32517000
vt 0.06426500 0.36996200
vt 0.79422800 0.09807500
vt 0.91806100 0.17719400
vt 0.97666900 0.15332200
vt 0.08343500 0.44380600
vt 0.12541700 0.20307500
vt 0.15147800 0.14856700
vt 0.39305500 0.56326900
vt 0.37209000 0.78190400
vt 0.76581000 0.25321300
vt 0.48155200 0.55641800
vt 0.86351500 0.07050900
vt 0.42927000 0.66101700
vt 0.14695400 0.38019000
vt 0.46646500 0.18153700
vt 0.04146800 0.86372400
vt 0.38142700 0.51014100
vt 0.81845000 0.47535400
vt 0.68994600 0.31207300
vt 0.38865800 0.43791300
vt 0.52876700 0.55720800
vt 0.50020600 0.42289600
vt 0.15562400 0.13050200
vt 0.50410000 0.54165900
vt 0.84252200 0.12389000
vt 0.86841100 0.30016000
vt 0.94661800 0.14376400
vt 0.15751800 0.36166700
vt 0.65288500 0.36712100
vt 0.03936100 0.92005000
vt 0.49967800 0.48108100
vt 0.16665900 0.16135900
vt 0.16058500 0.12238600
vt 0.68015600 0.29700400
vt 0.22737000 0.35105300
vt 0.09764300 0.23176500
vt 0.67354700 0.29602700
vt 0.41908300 0.70259200
vt 0.38273100 0.44667400
vt 0.39998800 0.48804200
vt 0.39246000 0.47027700
vt 0.45985900 0.13970000
vt 0.11792600 0.12062400
vt 0.11011700 0.32641800
vt 0.17089400 0.83323000
vt 0.17522400 0.84626600
vt 0.39470100 0.19330900
vt 0.34176200 0.14870500
vt 0.06459500 0.10043500
vt 0.80161700 0.43523900
vt 0.08322700 0.32858600
vt 0.46072700 0.47178900
vt 0.76274000 0.16761300
vt 0.29406100 0.08377200
vt 0.20679600 0.36299100
vt 0.24413300 0.20332100
vt 0.16628200 0.84006500
vt 0.16701000 0.84746500
vt 0.79833000 0.23293300
vt 0.08769400 0.29361100
vt 0.74096400 0.18277100
vt 0.71184500 0.17815800
vt 0.11175700 0.34768500
vt 0.83130600 0.31596000
vt 0.20348600 0.33163700
vt 0.62417600 0.32479800
vt 0.76095400 0.08836000
vt 0.36525500 0.12781100
vt 0.56221600 0.47720100
vt 0.11829200 0.89956400
vt 0.64553300 0.29343600
vt 0.50113800 0.55252900
vt 0.08861600 0.32273300
vt 0.80130800 0.08177600
vt 0.48756100 0.52938100
vt 0.80071300 0.06524100
vt 0.73679000 0.22102900
vt 0.26813700 0.79399300
vt 0.09494900 0.89860500
vt 0.16153200 0.21831600
vt 0.83729800 0.34202500
vt 0.26623400 0.21490100
vt 0.41727700 0.67061200
vt 0.63466200 0.32201400
vt 0.20999500 0.85575500
vt 0.25630600 0.50571000
vt 0.65548200 0.46839100
vt 0.64386000 0.34615100
vt 0.23628900 0.42580700
vt 0.10390900 0.33817200
vt 0.98358200 0.12915500
vt 0.82800300 0.32118200
vt 0.80985700 0.24900700
vt 0.79566200 0.22143300
vt 0.35141800 0.37526100
vt 0.70250600 0.46471900
vt 0.34050000 0.32245200
vt 0.20108100 0.91302500
vt 0.17041700 0.41056700
vt 0.45647400 0.14415900
vt 0.63184800 0.11612500
vt 0.33493900 0.17723700
vt 0.28156900 0.23575500
vt 0.68678100 0.32883200
vt 0.85179400 0.30960600
vt 0.33471900 0.09904200
vt 0.79455100 0.06114800
vt 0.67211600 0.36238600
vt 0.67580800 0.36329200
vt 0.48252800 0.61965200
vt 0.47668300 0.51212500
vt 0.80662800 0.41873200
vt 0.40224300 0.64428400
vt 0.22969800 0.12114100
vt 0.48303700 0.13133300
vt 0.42787300 0.13300200
vt 0.38260200 0.10276400
vt 0.45853400 0.60791300
vt 0.71748500 0.41496500
vt 0.77730300 0.26713400
vt 0.41734200 0.49869800
vt 0.51363700 0.52179700
vt 0.31122400 0.34590400
vt 0.35091500 0.75148400
vt 0.98000800 0.12667800
vt 0.36681800 0.67091900
vt 0.40020400 0.56189400
vt 0.36526300 0.14150400
vt 0.12586400 0.12328000
vt 0.56399500 0.54720300
vt 0.55343300 0.51823000
vt 0.38108200 0.13996000
vt 0.87924200 0.10913900
vt 0.50404700 0.61469900
vt 0.12150300 0.23181600
vt 0.34663000 0.65488100
vt 0.32701700 0.30539900
vt 0.56800000 0.48532800
vt 0.42340400 0.50238900
vt 0.09070700 0.27188400
vt 0.69440000 0.47119700
vt 0.79148000 0.34807200
vt 0.78852600 0.34189800
vt 0.24647600 0.48954700
vt 0.76457300 0.19265200
vt 0.75683400 0.19997000
vt 0.70101100 0.18731200
vt 0.80553200 0.39658600
vt 0.39730400 0.39181700
vt 0.08355100 0.19593300
vt 0.23746300 0.30878900
vt 0.70147300 0.30146300
vt 0.50925000 0.55757800
vt 0.70812100 0.20493700
vt 0.37107700 0.13390700
vt 0.72914000 0.23034900
vt 0.14020000 0.36225300
vt 0.71765700 0.40593000
vt 0.82817700 0.06012700
vt 0.47034900 0.39644100
vt 0.68226200 0.05930500
vt 0.08548700 0.14432100
vt 0.22327500 0.38457700
vt 0.34391700 0.44289200
vt 0.11460800 0.31912500
vt 0.84846700 0.32911600
vt 0.14983200 0.84540300
vt 0.23878900 0.39803900
vt 0.63585000 0.45905300
vt 0.63502100 0.40934700
vt 0.78606600 0.26290300
vt 0.25191000 0.06052600
vt 0.33908100 0.17474600
vt 0.66049800 0.04206000
vt 0.76224800 0.22798700
vt 0.38434000 0.22342200
vt 0.37281400 0.20972200
vt 0.74482400 0.49271000
vt 0.77411800 0.24789400
vt 0.15156400 0.09158100
vt 0.17916100 0.38820100
vt 0.17118000 0.29074700
vt 0.45213000 0.62516700
vt 0.71299200 0.01652100
vt 0.66700700 0.46607300
vt 0.15225500 0.90541400
vt 0.13732000 0.09246000
vt 0.85985700 0.18132100
vt 0.30494800 0.02287900
vt 0.14278100 0.07099100
vt 0.15974100 0.14984300
vt 0.04444500 0.29104700
vt 0.06342500 0.37162300
vt 0.51753800 0.50548900
vt 0.82144500 0.04745800
vt 0.51450000 0.62319200
vt 0.65309600 0.29590600
vt 0.23039000 0.59558900
vt 0.64015800 0.36273400
vt 0.52147800 0.49331700
vt 0.37666700 0.09731900
vt 0.11350600 0.35675300
vt 0.13778700 0.36336700
vt 0.13352600 0.09838400
vt 0.50119500 0.53615800
vt 0.23086800 0.22009600
vt 0.39500800 0.73102900
vt 0.71931700 0.01476000
vt 0.22678800 0.65814300
vt 0.83108800 0.10554700
vt 0.54244200 0.46210000
vt 0.94198300 0.04212600
vt 0.45339000 0.50906500
vt 0.37593500 0.65257200
vt 0.23767100 0.12587300
vt 0.36015800 0.37908300
vt 0.11021300 0.41823400
vt 0.05093200 0.13983800
vt 0.82911200 0.32244800
vt 0.53529300 0.47555000
vt 0.64440500 0.33340100
vt 0.33538400 0.38012500
vt 0.24799100 0.23213300
vt 0.45261700 0.52174300
vt 0.07115300 0.30731100
vt 0.04869300 0.90831500
vt 0.33745500 0.42602100
vt 0.24660600 0.48347100
vt 0.10698800 0.42240700
vt 0.04746800 0.13642600
vt 0.63558600 0.30833700
vt 0.75764800 0.19441800
vt 0.29447700 0.55843300
vt 0.11542500 0.47522200
vt 0.70986600 0.16527100
vt 0.41873400 0.24716600
vt 0.98372900 0.02410000
vt 0.71534100 0.23541000
vt 0.23563800 0.48192700
vt 0.83983600 0.06667000
vt 0.13224500 0.12095000
vt 0.78960300 0.19057000
vt 0.69533500 0.15357900
vt 0.75341300 0.23600500
vt 0.69488300 0.15037800
vt 0.09565600 0.07305200
vt 0.46037600 0.15358700
vt 0.19269600 0.23003900
vt 0.17790500 0.29398800
vt 0.09834900 0.20822900
vt 0.71812700 0.24293300
vt 0.67177300 0.39091300
vt 0.14230300 0.36364600
vt 0.13585600 0.34960200
vt 0.14737100 0.35689500
vt 0.98102200 0.02708000
vt 0.23899000 0.22865000
vt 0.79521800 0.48069400
vt 0.81344500 0.46387900
vt 0.04679300 0.29486300
vt 0.52124800 0.43638300
vt 0.15343800 0.45685400
vt 0.75359900 0.25145800
vt 0.81875100 0.11035200
vt 0.12144300 0.95901900
vt 0.74547900 0.20389400
vt 0.39734700 0.14349700
vt 0.42952100 0.67294100
vt 0.66655500 0.33413700
vt 0.10993800 0.42802200
vt 0.10998600 0.34413600
vt 0.15477600 0.47152000
vt 0.32635500 0.55167700
vt 0.06449600 0.28243100
vt 0.72602300 0.23164400
vt 0.78758900 0.26445300
vt 0.71509500 0.41532100
vt 0.39067100 0.17842800
vt 0.59063400 0.47651100
vt 0.89215400 0.10152200
vt 0.24991900 0.60030300
vt 0.79586400 0.33556100
vt 0.33686100 0.20201700
vt 0.33629800 0.21087000
vt 0.64156600 0.45905700
vt 0.21622000 0.89925500
vt 0.20313000 0.78968000
vt 0.62999000 0.33293400
vt 0.21769200 0.88849500
vt 0.19243800 0.78772000
vt 0.13396700 0.05940800
vt 0.67683600 0.48100000
vt 0.67922900 0.48242300
vt 0.47214500 0.18422800
vt 0.33513100 0.30645800
vt 0.45693200 0.22611400
vt 0.13464300 0.33137900
vt 0.11170900 0.34623300
vt 0.16890200 0.85788200
vt 0.74897000 0.24135800
vt 0.21688500 0.41270800
vt 0.64234000 0.45522600
vt 0.83525800 0.06230300
vt 0.33424500 0.20972700
vt 0.40608300 0.47871300
vt 0.37531000 0.13030800
vt 0.15471800 0.11374500
vt 0.74396200 0.24207500
vt 0.27996400 0.02795200
vt 0.35456300 0.63409300
vt 0.29464700 0.05111200
vt 0.16919600 0.39401800
vt 0.39852900 0.15608300
vt 0.72169800 0.17673400
vt 0.47531000 0.39969200
vt 0.44054300 0.39845700
vt 0.38785900 0.56606400
vt 0.69525300 0.30675800
vt 0.33784700 0.59963900
vt 0.05417900 0.84700800
vt 0.66769200 0.39508000
vt 0.46335600 0.18604300
vt 0.63240800 0.40859700
vt 0.39040700 0.15281200
vt 0.11048100 0.31167500
vt 0.19197600 0.28896000
vt 0.72343400 0.21602900
vt 0.98293000 0.01097600
vt 0.42838400 0.23503800
vt 0.23359200 0.24773300
vt 0.13196700 0.37640200
vt 0.07434200 0.42932300
vt 0.26504700 0.46674900
vt 0.40271700 0.23797200
vt 0.72744300 0.21983400
vt 0.98693900 0.01478100
vt 0.63630800 0.41886200
vt 0.42416700 0.21935800
vt 0.09131200 0.89307300
vt 0.87655500 0.12404000
vt 0.09460400 0.95723000
vt 0.14158000 0.18920400
vt 0.55784400 0.61637300
vt 0.86612100 0.06012200
vt 0.34444000 0.19773500
vt 0.43737800 0.22906600
vt 0.15249100 0.13298700
vt 0.13109700 0.10009000
vt 0.83788200 0.33863200
vt 0.36947800 0.35148100
vt 0.37671700 0.46148800
vt 0.65385500 0.47438400
vt 0.08921500 0.27269200
vt 0.29743000 0.29023200
vt 0.70089800 0.16007200
vt 0.82812800 0.46480000
vt 0.17412800 0.23478700
vt 0.84378700 0.35086100
vt 0.85508200 0.18944800
vt 0.29660100 0.01456600
vt 0.30832700 0.56814200
vt 0.35827100 0.78813600
vt 0.37286700 0.59015500
vt 0.09297200 0.14253200
vt 0.71437800 0.18139500
vt 0.44726400 0.38392400
vt 0.28406600 0.23254100
vt 0.10369500 0.08432200
vt 0.61868000 0.43449300
vt 0.39886100 0.70942400
vt 0.82303900 0.32670200
vt 0.59510400 0.47672900
vt 0.07046400 0.89221600
vt 0.64292900 0.45345000
vt 0.71731400 0.40758400
vt 0.23653100 0.11813300
vt 0.94744100 0.04331200
vt 0.09288800 0.44687000
vt 0.25901500 0.34736000
vt 0.02811300 0.13206900
vt 0.41654900 0.80683800
vt 0.83731500 0.05262700
vt 0.43139100 0.66912800
vt 0.66978200 0.32743800
vt 0.81724300 0.34686300
vt 0.36157100 0.53959400
vt 0.44300400 0.69760200
vt 0.44502900 0.13548700
vt 0.88039000 0.12987200
vt 0.56305200 0.46531800
vt 0.12947900 0.45082200
vt 0.66191100 0.39530300
vt 0.68297900 0.34077100
vt 0.85538700 0.32293200
vt 0.12977100 0.20738800
vt 0.38168700 0.57459100
vt 0.21456100 0.59593400
vt 0.14644700 0.66430200
vt 0.34351200 0.34361800
vt 0.37038200 0.10634200
vt 0.39515700 0.57698000
vt 0.30439500 0.26034600
vt 0.56719900 0.56789300
vt 0.37039200 0.71794100
vt 0.22007500 0.20487100
vt 0.15378100 0.31453100
vt 0.13467500 0.35673400
vt 0.86454000 0.07435900
vt 0.39750600 0.24802800
vt 0.35387800 0.22267500
vt 0.33941800 0.64447800
vt 0.13383400 0.77422100
vt 0.10990200 0.33528000
vt 0.31264200 0.56817500
vt 0.32668900 0.68994200
vt 0.17984200 0.09225500
vt 0.09404100 0.20963800
vt 0.93013600 0.13366700
vt 0.17436600 0.29262800
vt 0.15996900 0.30830500
vt 0.85706100 0.07175500
vt 0.40377000 0.66353600
vt 0.33899900 0.67056000
vt 0.37292200 0.15124200
vt 0.10448400 0.08615100
vt 0.62024300 0.43349900
vt 0.09807200 0.07664000
vt 0.54937600 0.55027300
vt 0.38458800 0.14665400
vt 0.79942300 0.10291100
vt 0.85446300 0.08621500
vt 0.67009300 0.30088800
vt 0.35884000 0.63706500
vt 0.38623700 0.16988300
vt 0.34751500 0.15317400
vt 0.08846200 0.10302200
vt 0.72480100 0.23695800
vt 0.50469700 0.62028200
vt 0.44341400 0.40100800
vt 0.46220000 0.12457000
vt 0.36687500 0.09078900
vt 0.32342200 0.24428700
vt 0.06280200 0.38680100
vt 0.36997100 0.50576300
vt 0.78652500 0.22555900
vt 0.22012000 0.35235100
vt 0.49236200 0.13499200
vt 0.43989700 0.67092500
vt 0.47102100 0.53616900
vt 0.69053100 0.34035600
vt 0.50226500 0.51227400
vt 0.09371800 0.84260600
vt 0.65309100 0.47787000
vt 0.11989800 0.07896200
vt 0.76999500 0.21037400
vt 0.74563100 0.48501200
vt 0.82861000 0.23197100
vt 0.11209800 0.46560400
vt 0.37702700 0.79868900
vt 0.22051600 0.23950300
vt 0.67623400 0.47457500
vt 0.23940200 0.08222600
vt 0.33167900 0.34989100
vt 0.18102900 0.36180300
vt 0.53686900 0.47161400
vt 0.79373500 0.34400900
vt 0.39410100 0.20170700
vt 0.46561600 0.39250800
vt 0.84691200 0.10178200
vt 0.25740600 0.06615300
vt 0.13719700 0.85592100
vt 0.55615200 0.55539100
vt 0.52442400 0.54706900
vt 0.78580500 0.34002900
vt 0.19772700 0.33972100
vt 0.85408100 0.09567500
vt 0.29907700 0.71730800
vt 0.24440700 0.19289200
vt 0.71406800 0.17773800
vt 0.24730200 0.08751900
vt 0.62259500 0.12606000
vt 0.04672100 0.04901100
vt 0.78135900 0.15724200
vt 0.65034000 0.45087200
vt 0.03138200 0.96673300
vt 0.94556200 0.14576800
vt 0.86902100 0.29795500
vt 0.23748300 0.68377600
vt 0.69424400 0.16019300
vt 0.36876800 0.64848100
vt 0.07404200 0.30945200
vt 0.39183500 0.17204600
vt 0.78509200 0.21248100
vt 0.77305600 0.20527900
vt 0.57112100 0.60021900
vt 0.89162300 0.09092400
vt 0.31775200 0.57323800
vt 0.29213800 0.06423100
vt 0.31131900 0.03216900
vt 0.12181800 0.32040500
vt 0.79795300 0.48523200
vt 0.38144800 0.49227500
vt 0.06428200 0.92660300
vt 0.44877200 0.21727500
vt 0.54477700 0.46582300
vt 0.49549500 0.61326000
vt 0.25348000 0.67180100
vt 0.69801800 0.03428000
vt 0.37813700 0.79094300
vt 0.14044100 0.33985800
vt 0.74508700 0.19456500
vt 0.18292400 0.91243100
vt 0.38549100 0.67474300
vt 0.02724500 0.93750500
vt 0.20663200 0.85921000
vt 0.37515200 0.55452300
vt 0.53710000 0.52566600
vt 0.36979100 0.54276600
vt 0.37787500 0.16369900
vt 0.42381800 0.43957000
vt 0.45940100 0.51753600
vt 0.65299500 0.07932800
vt 0.83154300 0.31089300
vt 0.39963900 0.56092500
vt 0.86367800 0.43022200
vt 0.40421700 0.55325100
vt 0.09857500 0.30196800
vt 0.80053500 0.07005900
vt 0.32498000 0.56694600
vt 0.28976600 0.76775100
vt 0.13694200 0.72399600
vt 0.39897600 0.15089400
vt 0.24570200 0.52448700
vt 0.17030000 0.48553900
vt 0.51695500 0.51765900
vt 0.77337200 0.26207900
vt 0.94079800 0.17441800
vt 0.07950500 0.28111900
vt 0.34114000 0.22988700
vt 0.45164600 0.38279300
vt 0.31756800 0.58643200
vt 0.35071800 0.09704200
vt 0.21375100 0.40914300
vt 0.92824900 0.13708000
vt 0.17247900 0.29604100
vt 0.81410800 0.33791500
vt 0.78849400 0.13242500
vt 0.80452100 0.07726500
vt 0.33235300 0.62559400
vt 0.67721500 0.35778800
vt 0.48499200 0.61390300
vt 0.51389600 0.44656300
vt 0.48964000 0.61899400
vt 0.81467700 0.44349700
vt 0.41527100 0.26004000
vt 0.81204100 0.12372100
vt 0.22964800 0.24259700
vt 0.22171500 0.65852000
vt 0.40354400 0.20958200
vt 0.65089000 0.47137200
vt 0.51233100 0.51680800
vt 0.53271500 0.54252600
vt 0.36034500 0.48003300
vt 0.28856100 0.71742100
vt 0.74865800 0.22316700
vt 0.18202900 0.78369800
vt 0.22017200 0.87769100
vt 0.41155800 0.25753700
vt 0.03256600 0.98950000
vt 0.10227100 0.78564500
vt 0.46798200 0.16058200
vt 0.09393600 0.06665300
vt 0.79008600 0.20956400
vt 0.50925600 0.55596500
vt 0.79558300 0.41413800
vt 0.51500900 0.49925800
vt 0.80874800 0.42146000
vt 0.86943000 0.09627800
vt 0.18925400 0.08903800
vt 0.79684000 0.26426300
vt 0.83786300 0.09052400
vt 0.47299800 0.51182900
vt 0.66561900 0.13726400
vt 0.13037600 0.45846000
vt 0.64444600 0.45687800
vt 0.12491400 0.15106300
vt 0.79650000 0.34064500
vt 0.79745700 0.42993000
vt 0.12220400 0.31429200
vt 0.35576200 0.46532600
vt 0.14508700 0.86003700
vt 0.73157800 0.20858700
vt 0.31080400 0.71816200
vt 0.21875200 0.59326700
vt 0.57220900 0.59646300
vt 0.08177100 0.96125800
vt 0.25026400 0.80102300
vt 0.47462200 0.46296600
vt 0.46562600 0.15647700
vt 0.19556400 0.33093300
vt 0.80380300 0.34665900
vt 0.07246700 0.36549200
vt 0.19523400 0.46534500
vt 0.70368400 0.15171800
vt 0.22268600 0.71040900
vt 0.42777700 0.44592500
vt 0.16543100 0.35860500
vt 0.83746700 0.06297400
vt 0.41065600 0.47758000
vt 0.84089700 0.32065000
vt 0.46267000 0.15457900
vt 0.64134000 0.36287800
vt 0.78928000 0.09201400
vt 0.39656300 0.55530500
vt 0.78524500 0.20371300
vt 0.76736500 0.21647600
vt 0.13679700 0.37206500
vt 0.08841200 0.33631500
vt 0.63647000 0.42094100
vt 0.28310300 0.07021400
vt 0.79911700 0.25087600
vt 0.80906600 0.35430300
vt 0.82350000 0.46762000
vt 0.79791300 0.41518400
vt 0.15710800 0.44163400
vt 0.48125900 0.56112000
vt 0.16490700 0.35615200
vt 0.31016800 0.06624200
vt 0.63953100 0.44679100
vt 0.57578100 0.50192900
vt 0.41411700 0.52264900
vt 0.65979300 0.46842600
vt 0.86983900 0.07284000
vt 0.50093500 0.42918700
vt 0.51577100 0.48522500
vt 0.40318600 0.47361100
vt 0.52286200 0.55752700
vt 0.70186300 0.30396800
vt 0.24650100 0.61974600
vt 0.50581500 0.44258100
vt 0.44406800 0.68963400
vt 0.08221900 0.82635200
vt 0.08865400 0.82270100
vt 0.38325700 0.15297000
vt 0.36536300 0.35875200
vt 0.13075900 0.34693300
vt 0.36800500 0.14446900
vt 0.11995200 0.11294800
vt 0.10929200 0.83994400
vt 0.72105300 0.43940900
vt 0.82739500 0.31261500
vt 0.48873200 0.41104800
vt 0.28937200 0.08758800
vt 0.13197400 0.89564100
vt 0.54016500 0.51822900
vt 0.11248900 0.83560800
vt 0.24351300 0.13427800
vt 0.17824300 0.28272800
vt 0.29577700 0.05969800
vt 0.39188200 0.20842100
vt 0.16892500 0.42694100
vt 0.31696700 0.65300900
vt 0.36122400 0.12983600
vt 0.86706200 0.08109400
vt 0.24056400 0.47747000
vt 0.22014600 0.35828600
vt 0.82261400 0.32892300
vt 0.26475400 0.29889000
vt 0.27703900 0.03656700
vt 0.38025100 0.11242100
vt 0.18475500 0.16257800
vt 0.49378800 0.19230900
vt 0.63666800 0.46471300
vt 0.34679800 0.14854000
vt 0.30027500 0.65520000
vt 0.83003800 0.22310700
vt 0.08064500 0.11029100
vt 0.26343300 0.25877000
vt 0.09562000 0.83511500
vt 0.56405000 0.60780200
vt 0.35204000 0.11158500
vt 0.10647500 0.34933500
vt 0.56329400 0.51318700
vt 0.57014300 0.55660600
vt 0.13955500 0.37036900
vt 0.39901600 0.71186500
vt 0.07837900 0.16437500
vt 0.31935200 0.55045600
vt 0.84788400 0.29109700
vt 0.33274000 0.61901400
vt 0.50540100 0.54503600
vt 0.81038700 0.21691700
vt 0.33818800 0.18109200
vt 0.12587000 0.32728700
vt 0.65458000 0.06174500
vt 0.10601200 0.34370500
vt 0.87544700 0.08196500
vt 0.98861100 0.07035600
vt 0.33942000 0.54503000
vt 0.35283100 0.52395400
vt 0.12968800 0.31256300
vt 0.64554800 0.33799700
vt 0.45254900 0.42335100
vt 0.27005200 0.59675600
vt 0.16748800 0.06759700
vt 0.50562300 0.52386900
vt 0.75651500 0.25496900
vt 0.05937200 0.30111400
vt 0.32767400 0.29560600
vt 0.45142200 0.61272000
vt 0.14260900 0.97005900
vt 0.19980100 0.91774700
vt 0.30211000 0.69464400
vt 0.49348400 0.59282800
vt 0.36496300 0.17161400
vt 0.47609500 0.47562000
vt 0.32117200 0.61132000
vt 0.31031800 0.24247500
vt 0.68305100 0.47573600
vt 0.63604600 0.40455700
vt 0.35622100 0.45087100
vt 0.36069000 0.72749200
vt 0.67373800 0.36205100
vt 0.48151400 0.61816600
vt 0.97356400 0.01628600
vt 0.66609300 0.39332500
vt 0.97843900 0.02775400
vt 0.08893700 0.35167400
vt 0.16742600 0.08676600
vt 0.81707700 0.05288700
vt 0.48710800 0.47816500
vt 0.36831100 0.09822400
vt 0.13451900 0.35394600
vt 0.46649300 0.55202400
vt 0.63177700 0.43120000
vt 0.33848100 0.29523000
vt 0.42300200 0.69198400
vt 0.16243300 0.08882500
vt 0.79809200 0.12292200
vt 0.64195400 0.44930000
vt 0.86101100 0.32875400
vt 0.71769200 0.46960800
vt 0.48045600 0.52465600
vt 0.09270200 0.94826400
vt 0.51486200 0.49638100
vt 0.26397000 0.58435200
vt 0.35004800 0.45438400
vt 0.81037000 0.16031400
vt 0.33949000 0.18141500
vt 0.84778000 0.41197100
vt 0.83612100 0.39750100
vt 0.32763200 0.09207000
vt 0.81830000 0.22918500
vt 0.72533400 0.23874200
vt 0.74877400 0.25641300
vt 0.70025800 0.39719800
vt 0.65042700 0.32929200
vt 0.30154500 0.08206000
vt 0.70882500 0.17282500
vt 0.17249800 0.41081700
vt 0.38798600 0.54544500
vt 0.21038500 0.77347600
vt 0.68513400 0.15723000
vt 0.34664400 0.41937400
vt 0.09944000 0.42533200
vt 0.79194000 0.33256200
vt 0.07748100 0.41709700
vt 0.14435200 0.09514900
vt 0.52102700 0.49789100
vt 0.86679000 0.13838700
vt 0.23749500 0.21132500
vt 0.18240300 0.07788700
vt 0.15660700 0.36298700
vt 0.44086200 0.70078600
vt 0.50743900 0.55432600
vt 0.25643700 0.16270800
vt 0.09199400 0.28986300
vt 0.28387700 0.70666200
vt 0.18133000 0.27913300
vt 0.12517700 0.41307400
vt 0.20702400 0.87276700
vt 0.26006400 0.16466000
vt 0.13195800 0.32001600
vt 0.81977400 0.07477500
vt 0.35068100 0.33345300
vt 0.36450500 0.72444700
vt 0.79062300 0.09285800
vt 0.46678100 0.40594800
vt 0.31127400 0.28682300
vt 0.26355700 0.30123700
vt 0.64917700 0.39553400
vt 0.25864500 0.67274200
vt 0.37348800 0.18691100
vt 0.71970100 0.16877300
vt 0.64784900 0.39436200
vt 0.69562200 0.35462800
vt 0.50339800 0.61074200
vt 0.16189700 0.90625000
vt 0.13599500 0.78604400
vt 0.14723800 0.19381700
vt 0.87554600 0.11892500
vt 0.53244200 0.54842300
vt 0.06606600 0.31359500
vt 0.45936200 0.21469200
vt 0.19332000 0.22057400
vt 0.82397000 0.12341600
vt 0.26234200 0.78384900
vt 0.72954500 0.22525500
vt 0.66253100 0.46681600
vt 0.25693100 0.52549200
vt 0.84573400 0.32455500
vt 0.15960200 0.13151400
vt 0.13387000 0.36978100
vt 0.08808800 0.43446600
vt 0.78058800 0.34169600
vt 0.36090900 0.35930500
vt 0.38596600 0.16736800
vt 0.22907700 0.48171200
vt 0.20362600 0.46189700
vt 0.09126400 0.44423000
vt 0.78376300 0.35146000
vt 0.63719200 0.44381800
vt 0.10439600 0.20102700
vt 0.06874100 0.42931800
vt 0.19446800 0.71892600
vt 0.56113000 0.48269700
vt 0.71292800 0.45209500
vt 0.67223600 0.47426000
vt 0.35367800 0.53675500
vt 0.49594800 0.16161400
vt 0.36632400 0.71132100
vt 0.72360900 0.20958000
vt 0.71761600 0.40920000
vt 0.93930200 0.17526400
vt 0.25500400 0.09220400
vt 0.08647000 0.42838600
vt 0.58161900 0.47559400
vt 0.88938600 0.11061700
vt 0.82283900 0.35661800
vt 0.18302200 0.22620600
vt 0.17001600 0.30235100
vt 0.12586400 0.33047800
vt 0.16324400 0.15719300
vt 0.86733700 0.07253600
vt 0.37873500 0.58096400
vt 0.95328700 0.06563700
vt 0.40402400 0.37162500
vt 0.34880000 0.75941700
vt 0.11696600 0.10044700
vt 0.65264200 0.35018800
vt 0.49476400 0.41201500
vt 0.86754100 0.29977700
vt 0.50410600 0.53616100
vt 0.64094800 0.46141700
vt 0.27398500 0.06730900
vt 0.23642600 0.29531300
vt 0.43106200 0.73530000
vt 0.08525000 0.11335100
vt 0.11225200 0.18659800
vt 0.09893400 0.13526200
vt 0.31851100 0.56487600
vt 0.70004000 0.30075500
vt 0.50781700 0.55687000
vt 0.14748800 0.32351800
vt 0.75400200 0.19053200
vt 0.94133900 0.14378000
vt 0.50124000 0.51736000
vt 0.39151400 0.18060800
vt 0.64700800 0.35361100
vt 0.34365800 0.56706900
vt 0.72263400 0.00983400
vt 0.46005800 0.61579000
vt 0.82701300 0.06775800
vt 0.37460900 0.19259200
vt 0.65396300 0.31636400
vt 0.67681600 0.36099700
vt 0.48459300 0.61711200
vt 0.52785900 0.51656800
vt 0.20377000 0.67782400
vt 0.50032700 0.59808300
vt 0.46823800 0.17416100
vt 0.17637400 0.77240500
vt 0.11617900 0.32419600
vt 0.62090800 0.31732300
vt 0.75487900 0.08535300
vt 0.20477500 0.69483600
vt 0.38606700 0.13452600
vt 0.41345000 0.37762400
vt 0.95259500 0.07244100
vt 0.17755300 0.37823900
vt 0.45839300 0.51135900
vt 0.09287400 0.14653500
vt 0.19166900 0.34475200
vt 0.22261300 0.06257300
vt 0.81136200 0.34125300
vt 0.24533000 0.05985600
vt 0.39090600 0.67077000
vt 0.50710100 0.44711100
vt 0.79356900 0.26550600
vt 0.36436000 0.09805300
vt 0.79414300 0.42471100
vt 0.45565200 0.16363000
vt 0.31902200 0.52015100
vt 0.33066600 0.54900400
vt 0.32246400 0.57077700
vt 0.27063500 0.07179900
vt 0.51868600 0.44128000
vt 0.33576300 0.58165600
vt 0.85081700 0.19490000
vt 0.31376300 0.69271600
vt 0.56938000 0.46934900
vt 0.88417900 0.12357000
vt 0.71368400 0.02042900
vt 0.41948800 0.61949600
vt 0.09759600 0.18373800
vt 0.21399300 0.33472200
vt 0.88963000 0.10595600
vt 0.58612500 0.47584200
vt 0.14683500 0.39147900
vt 0.34138300 0.40987000
vt 0.34365400 0.13655300
vt 0.36366500 0.17454100
vt 0.37445500 0.55201700
vt 0.74948400 0.20171600
vt 0.15648000 0.77848100
vt 0.81390400 0.34799500
vt 0.06416800 0.41900300
vt 0.09306500 0.20095900
vt 0.91904700 0.19560000
vt 0.72710600 0.11317000
vt 0.04424700 0.28776700
vt 0.05089700 0.28292200
vt 0.36606500 0.48389000
vt 0.37611100 0.79303500
vt 0.62192400 0.42861000
vt 0.67704800 0.20103000
vt 0.72511700 0.45259900
vt 0.22983000 0.38848900
vt 0.34171300 0.20832400
vt 0.68903600 0.33646200
vt 0.30969200 0.12506800
vt 0.42717800 0.14120200
vt 0.71127300 0.17452300
vt 0.17602300 0.24632800
vt 0.29701000 0.19436200
vt 0.37152000 0.16448200
vt 0.15890300 0.32154100
vt 0.14913100 0.20447200
vt 0.70911800 0.33551200
vt 0.35128000 0.26080700
vt 0.40894500 0.39604500
vt 0.76424900 0.22116800
vt 0.82090600 0.12031000
vt 0.46710500 0.24592900
vt 0.43698600 0.39349100
vt 0.27757400 0.16304300
vt 0.70159000 0.45461000
vt 0.86789200 0.12426400
vt 0.69273000 0.15681000
vt 0.64287900 0.40723000
vt 0.09693300 0.28311100
vt 0.66553900 0.39627400
vt 0.81104200 0.33863100
vt 0.49463300 0.43279800
vt 0.65555200 0.04485800
vt 0.87693800 0.07378500
vt 0.64944100 0.30295800
vt 0.66238800 0.35012400
vt 0.07769400 0.03122300
vt 0.64680000 0.14275300
vt 0.65138300 0.13926800
vt 0.92560600 0.02309300
vt 0.53359100 0.46093100
vt 0.44421400 0.53286800
vt 0.49173900 0.41354200
vt 0.08879300 0.04880100
vt 0.65789900 0.16033100
vt 0.20811600 0.20748100
vt 0.24666500 0.44143500
vt 0.25977200 0.08954800
vt 0.42564500 0.78742000
vt 0.02496100 0.11227400
vt 0.64546400 0.36439100
vt 0.43569200 0.66555100
vt 0.64728700 0.06630300
vt 0.44447700 0.70450000
vt 0.52497500 0.43664100
vt 0.14681200 0.37486600
vt 0.84761100 0.07349700
vt 0.55945800 0.56398800
vt 0.24046800 0.49859400
vt 0.33617600 0.57176500
vt 0.11339800 0.78302600
vt 0.04337100 0.99106900
vt 0.41321900 0.22115200
vt 0.56602000 0.50118900
vt 0.06439500 0.88678700
vt 0.49538500 0.52889600
vt 0.79923200 0.35036300
vt 0.15404200 0.39026500
vt 0.34910600 0.19187600
vt 0.46109200 0.38635900
vt 0.65849900 0.14767000
vt 0.25421300 0.15500600
vt 0.62327600 0.44288600
vt 0.49208900 0.53348000
vt 0.39049500 0.17338600
vt 0.35096400 0.18898700
vt 0.41722200 0.42540600
vt 0.07656300 0.42927400
vt 0.78550400 0.24103700
vt 0.76526500 0.25877800
vt 0.37094000 0.67226400
vt 0.31036200 0.61926700
vt 0.64274900 0.15319900
vt 0.07364200 0.04166900
vt 0.44225700 0.70123900
vt 0.68621600 0.34282400
vt 0.40031300 0.23364100
vt 0.39915300 0.50452900
vt 0.57124000 0.57821100
vt 0.12980100 0.76723300
vt 0.06580200 0.98286400
vt 0.27572500 0.81076400
vt 0.78842700 0.22013000
vt 0.45764900 0.38539800
vt 0.18373100 0.40746000
vt 0.35197700 0.30143900
vt 0.37856200 0.40986400
vt 0.15203600 0.35865700
vt 0.77150200 0.22308900
vt 0.51982000 0.43408500
vt 0.50250700 0.14726300
vt 0.36852900 0.67031100
vt 0.33651600 0.63916200
vt 0.13577900 0.10120700
vt 0.47015000 0.45576200
vt 0.13600900 0.33359300
vt 0.46654700 0.16261000
vt 0.20558500 0.14553200
vt 0.09378300 0.27860200
vt 0.09525500 0.28246000
vt 0.51917600 0.49918300
vt 0.37316000 0.18114700
vt 0.35265000 0.43112100
vt 0.39487400 0.15991200
vt 0.35152300 0.46618500
vt 0.25953900 0.16926500
vt 0.07457400 0.11558800
vt 0.17097400 0.38761000
vt 0.43598700 0.22477500
vt 0.03299600 0.97389000
vt 0.37190500 0.55639200
vt 0.69189300 0.31332700
vt 0.16605000 0.22375500
vt 0.41748400 0.42981600
vt 0.93636400 0.13868100
vt 0.37869800 0.13413600
vt 0.17939900 0.10241600
vt 0.73022000 0.18396700
vt 0.87046100 0.30675100
vt 0.94324400 0.13677900
vt 0.50550400 0.44005100
vt 0.36499200 0.32769400
vt 0.38326900 0.43802300
vt 0.37047800 0.54660400
vt 0.36547000 0.56118700
vt 0.52109900 0.54132300
vt 0.32651700 0.49910500
vt 0.07752100 0.31095100
vt 0.24692900 0.05795200
vt 0.25895300 0.53386300
vt 0.03974200 0.05854000
vt 0.34025700 0.62608000
vt 0.52970700 0.48770800
vt 0.84276900 0.07537700
vt 0.37186900 0.14459600
vt 0.30015800 0.08151200
vt 0.24034500 0.48352900
vt 0.83986000 0.07736200
vt 0.51634800 0.54490700
vt 0.13389800 0.32563700
vt 0.08627100 0.27711000
vt 0.26562300 0.18434900
vt 0.21087800 0.78861400
vt 0.09253800 0.43309200
vt 0.49686200 0.16840900
vt 0.19057200 0.37562300
vt 0.22748900 0.07371400
vt 0.40579800 0.13863400
vt 0.51656600 0.61605800
vt 0.34609600 0.36042200
vt 0.06273700 0.89862600
vt 0.79877700 0.10062400
vt 0.16687100 0.36132800
vt 0.24331700 0.64228500
vt 0.72250100 0.23833500
vt 0.68606800 0.29438800
vt 0.22304500 0.35127200
vt 0.64966100 0.46297400
vt 0.38237200 0.18337300
vt 0.46196100 0.57331200
vt 0.37437600 0.73956100
vt 0.20426500 0.20734000
vt 0.17554900 0.91015600
vt 0.80099100 0.08572300
vt 0.84116800 0.10066500
vt 0.43601800 0.71253600
vt 0.50899100 0.52726600
vt 0.25998600 0.09113700
vt 0.82067800 0.22965500
vt 0.68596300 0.33610900
vt 0.69371300 0.32592400
vt 0.43910400 0.66931900
vt 0.46912600 0.15010700
vt 0.51791700 0.44373300
vt 0.42219500 0.73156500
vt 0.06073600 0.27313200
vt 0.07518600 0.23417200
vt 0.65330800 0.32288700
vt 0.34675300 0.18778700
vt 0.21110400 0.85205600
vt 0.18664600 0.80283600
vt 0.66181900 0.39824800
vt 0.84518800 0.12658600
vt 0.62412300 0.41266900
vt 0.68986000 0.20523100
vt 0.32357800 0.24622300
vt 0.22620400 0.29914900
vt 0.37310100 0.19622400
vt 0.40119400 0.14388700
vt 0.44912400 0.14586600
vt 0.14382400 0.08206300
vt 0.73143700 0.03614800
vt 0.28740100 0.23732600
vt 0.11210200 0.17484600
vt 0.71398000 0.41158800
vt 0.56859600 0.58081200
vt 0.76081900 0.32469700
vt 0.04891100 0.07140100
vt 0.35263100 0.59955500
vt 0.43581800 0.14064000
vt 0.29336600 0.26054300
vt 0.40044800 0.23033200
vt 0.86401600 0.07184600
vt 0.25700400 0.35006100
vt 0.20380200 0.35808800
vt 0.08850800 0.17316800
vt 0.30874600 0.71685800
vt 0.21576500 0.59214800
vt 0.14313900 0.66204000
vt 0.34424300 0.37345800
vt 0.07023200 0.89640500
vt 0.06443400 0.39460000
vt 0.51527200 0.56227100
vt 0.62885900 0.30191700
vt 0.18467000 0.08700900
vt 0.37125400 0.57479600
vt 0.39188000 0.17549900
vt 0.14868200 0.09480800
vt 0.98273400 0.01852400
vt 0.71333300 0.23018300
vt 0.74381800 0.19773600
vt 0.22584300 0.32070400
vt 0.85950800 0.06607100
vt 0.50469400 0.43305100
vt 0.18156500 0.18183800
vt 0.80222900 0.35412200
vt 0.11480400 0.33436300
vt 0.74627400 0.21601500
vt 0.27899800 0.30742300
vt 0.07436700 0.28761000
vt 0.01249100 0.97857900
vt 0.11824500 0.06422000
vt 0.68735100 0.17575000
vt 0.71669100 0.42085300
vt 0.63704600 0.40843400
vt 0.43785500 0.13299700
vt 0.38114500 0.09412900
vt 0.82842800 0.10578200
vt 0.38173900 0.19375600
vt 0.82857100 0.34101100
vt 0.19182500 0.78248000
vt 0.65679900 0.29694500
vt 0.66297800 0.13660800
vt 0.06491500 0.37012900
vt 0.54376900 0.52850100
vt 0.32905900 0.07607300
vt 0.80407200 0.22208200
vt 0.71681200 0.40715900
vt 0.77007200 0.26160900
vt 0.51728500 0.54320400
vt 0.25205600 0.18299300
vt 0.79035600 0.48035400
vt 0.38212800 0.47558500
vt 0.27147100 0.75332300
vt 0.97428200 0.12325300
vt 0.73014100 0.24093700
vt 0.25130200 0.38574100
vt 0.04252300 0.95314500
vt 0.86607700 0.31622400
vt 0.29470600 0.66373100
vt 0.36910500 0.59433400
vt 0.32447400 0.54960600
vt 0.51782900 0.52317100
vt 0.42854100 0.68216500
vt 0.20365500 0.34218800
vt 0.65678300 0.34517500
vt 0.85024500 0.06712100
vt 0.50397300 0.41003600
vt 0.51190900 0.18367100
vt 0.31159400 0.56462500
vt 0.09050700 0.21050400
vt 0.09390100 0.34749900
vt 0.80325500 0.26669100
vt 0.87478400 0.08167900
vt 0.98796000 0.06996800
vt 0.74294400 0.24732000
vt 0.69674700 0.38990200
vt 0.74011400 0.25579800
vt 0.78873800 0.26589200
vt 0.36195100 0.66676100
vt 0.75044300 0.21576500
vt 0.33372700 0.22341500
vt 0.57280500 0.51110400
vt 0.57528500 0.56443000
vt 0.39298400 0.15285600
vt 0.32085800 0.24232100
vt 0.77140900 0.24560600
vt 0.06070800 0.37590100
vt 0.05026200 0.30311700
vt 0.67960700 0.32608200
vt 0.38919700 0.23077100
vt 0.36788000 0.21558100
vt 0.69189700 0.17004500
vt 0.47678500 0.19606100
vt 0.42987100 0.67539600
vt 0.82170600 0.08116000
vt 0.15300400 0.10747100
vt 0.36092500 0.64196100
vt 0.31435700 0.61392700
vt 0.67418400 0.29278500
vt 0.48196100 0.54890000
vt 0.02894100 0.95183100
vt 0.64555300 0.46614200
vt 0.47001900 0.39517200
vt 0.07782000 0.96109700
vt 0.78820900 0.26287500
vt 0.07099700 0.13489100
vt 0.43532900 0.22023600
vt 0.15648400 0.33129000
vt 0.91773900 0.07948600
vt 0.93769600 0.14635600
vt 0.86287500 0.32167100
vt 0.48637200 0.19074200
vt 0.46144800 0.14551900
vt 0.43728400 0.73997300
vt 0.82355300 0.06278300
vt 0.42549900 0.41882700
vt 0.64329900 0.46145500
vt 0.83752100 0.09915900
vt 0.36285800 0.59848000
vt 0.67730100 0.29238300
vt 0.48507800 0.54849800
vt 0.67267400 0.30577700
vt 0.44268700 0.52563500
vt 0.80958100 0.21772600
vt 0.79555200 0.08647400
vt 0.25208800 0.61836800
vt 0.55612600 0.54409700
vt 0.46841600 0.13941800
vt 0.66852000 0.18679100
vt 0.09941400 0.07526100
vt 0.29134700 0.59135300
vt 0.05391200 0.30620600
vt 0.43878100 0.40503400
vt 0.37148000 0.09407500
vt 0.31401900 0.64767400
vt 0.27411600 0.75358600
vt 0.30373400 0.58879000
vt 0.42326100 0.66651600
vt 0.77932400 0.19618500
vt 0.16338500 0.88129000
vt 0.14413600 0.25491300
vt 0.46491700 0.14486100
vt 0.21186800 0.86434600
vt 0.15402000 0.84183800
vt 0.74268600 0.22077100
vt 0.72602400 0.17654800
vt 0.45130600 0.14190400
vt 0.45784000 0.39228800
vt 0.72039300 0.21825300
vt 0.97988900 0.01320100
vt 0.62788000 0.12203400
vt 0.38119900 0.16568600
vt 0.39192200 0.56521200
vt 0.10026200 0.16202000
vt 0.79835700 0.40582300
vt 0.39012900 0.40105400
vt 0.03372100 0.83937500
vt 0.49713300 0.54195700
vt 0.49544900 0.18738900
vt 0.56986800 0.57143400
vt 0.08096600 0.43061500
vt 0.33276100 0.09512400
vt 0.12852900 0.35998700
vt 0.39170000 0.19525500
vt 0.35250300 0.63915200
vt 0.98600000 0.09333600
vt 0.98661000 0.09144700
vt 0.50230300 0.60010100
vt 0.44647000 0.45503400
vt 0.73643000 0.20045200
vt 0.38651000 0.20110700
vt 0.15635000 0.77182500
vt 0.98904400 0.08845700
vt 0.98982000 0.08993100
vt 0.30989300 0.58561300
vt 0.46563800 0.19577100
vt 0.54926300 0.47133300
vt 0.34371500 0.63353300
vt 0.25283900 0.15871100
vt 0.65689300 0.44985500
vt 0.38155200 0.09714500
vt 0.43438100 0.13275100
vt 0.33381600 0.60501100
vt 0.25119700 0.63298900
vt 0.92947300 0.10228300
vt 0.16821800 0.35408700
vt 0.37688400 0.49593000
vt 0.73663600 0.05689600
vt 0.69179000 0.33016200
vt 0.68970200 0.47322800
vt 0.71602500 0.45706600
vt 0.12027600 0.35161300
vt 0.52196500 0.48467400
vt 0.07567700 0.31413100
vt 0.74643500 0.25445100
vt 0.26296100 0.75656700
vt 0.93454500 0.14505300
vt 0.34704900 0.49291500
vt 0.52098000 0.55074000
vt 0.92531300 0.08614200
vt 0.93572000 0.15122100
vt 0.63971900 0.30211400
vt 0.52924200 0.43422800
vt 0.63020200 0.42040800
vt 0.41101800 0.67278000
vt 0.23665500 0.12282200
vt 0.17473700 0.32111500
vt 0.15258800 0.67922600
vt 0.04475100 0.94278700
vt 0.20905700 0.90167900
vt 0.63967400 0.45473400
vt 0.06281900 0.40199000
vt 0.41134300 0.41032000
vt 0.13710200 0.36912600
vt 0.78728800 0.23801400
vt 0.10454400 0.18816800
vt 0.27221600 0.35470100
vt 0.10761800 0.45394800
vt 0.32851800 0.16039100
vt 0.10265500 0.29407800
vt 0.77127500 0.25881000
vt 0.79871000 0.08887000
vt 0.47941000 0.40324300
vt 0.93125200 0.09263200
vt 0.94239600 0.14532500
vt 0.44540000 0.54543300
vt 0.16456900 0.42810400
vt 0.09782200 0.42905000
vt 0.14770800 0.09401700
vt 0.62686300 0.30720000
vt 0.76088400 0.23891000
vt 0.35511900 0.10045500
vt 0.05863100 0.37841400
vt 0.04823900 0.29966300
vt 0.35422400 0.16329700
vt 0.43076700 0.38510300
vt 0.27472600 0.65080600
vt 0.93234400 0.10066200
vt 0.86206600 0.29958200
vt 0.41285000 0.41856300
vt 0.25604700 0.15707800
vt 0.49004900 0.53728400
vt 0.35906900 0.18298300
vt 0.73008200 0.18696000
vt 0.52414400 0.54936900
vt 0.64767500 0.36292600
vt 0.29799100 0.26203800
vt 0.80334500 0.32553500
vt 0.13704100 0.08515800
vt 0.69475100 0.30035400
vt 0.80852500 0.40290800
vt 0.33769600 0.13919200
vt 0.18118300 0.41680300
vt 0.08960400 0.14143100
vt 0.57586000 0.59740200
vt 0.89492400 0.09544000
vt 0.15379700 0.07920200
vt 0.36800800 0.12350200
vt 0.63655300 0.44785000
vt 0.56532400 0.56430200
vt 0.14673500 0.69632000
vt 0.18844000 0.91147000
vt 0.44159000 0.67433000
vt 0.65751200 0.04115600
vt 0.47646300 0.15519800
vt 0.14624900 0.79535400
vt 0.81794500 0.34056700
vt 0.63821500 0.39886600
vt 0.98344800 0.13204900
vt 0.74209100 0.25137000
vt 0.06865900 0.36790200
vt 0.56154400 0.55234000
vt 0.15996500 0.05890000
vt 0.78198000 0.22321600
vt 0.15399200 0.45310500
vt 0.37085700 0.19174100
vt 0.87999000 0.11425800
vt 0.36425800 0.48041300
vt 0.33927700 0.16367200
vt 0.35922300 0.49806400
vt 0.03114800 0.83596000
vt 0.00925100 0.97193900
vt 0.49642600 0.59775100
vt 0.12439500 0.84004500
vt 0.80912900 0.10649600
vt 0.37063800 0.77128900
vt 0.74681800 0.24584900
vt 0.25787400 0.31293000
vt 0.12207800 0.32711700
vt 0.74335700 0.18433900
vt 0.82195800 0.23888700
vt 0.17739800 0.78074900
vt 0.83908500 0.07993100
vt 0.28035800 0.02934400
vt 0.71006500 0.16235500
vt 0.23465000 0.47188600
vt 0.44158000 0.70566800
vt 0.55121300 0.47363700
vt 0.38919500 0.14026700
vt 0.21750100 0.39930000
vt 0.04710400 0.05563000
vt 0.23189100 0.38381800
vt 0.11394400 0.35233300
vt 0.28322600 0.72281800
vt 0.10345900 0.32336600
vt 0.67015000 0.13564300
vt 0.21034700 0.08506500
vt 0.35232200 0.34976400
vt 0.41411300 0.70374500
vt 0.20846900 0.69531800
vt 0.64687000 0.33208300
vt 0.31562900 0.51762500
vt 0.20144300 0.13271400
vt 0.19891800 0.28531900
vt 0.46352000 0.13295600
vt 0.43007400 0.39147500
vt 0.65483500 0.39253300
vt 0.52304700 0.49964200
vt 0.11392800 0.07133800
vt 0.42851300 0.68810300
vt 0.27874500 0.19568500
vt 0.35527400 0.42474800
vt 0.15774900 0.31551700
vt 0.91351900 0.15655600
vt 0.91900400 0.06371300
vt 0.25612100 0.28599100
vt 0.26642200 0.61220100
vt 0.14345200 0.39068500
vt 0.06802900 0.17895300
vt 0.65051800 0.46839100
vt 0.98288900 0.13291700
vt 0.98969600 0.12703600
vt 0.74184300 0.25237000
vt 0.84173700 0.10725300
vt 0.30462600 0.06007600
vt 0.71707200 0.40832000
vt 0.48853900 0.14740900
vt 0.44419700 0.13281300
vt 0.38018500 0.08916300
vt 0.52550800 0.53422600
vt 0.93016200 0.13868300
vt 0.54095700 0.54841900
vt 0.39063000 0.56775200
vt 0.26452200 0.23654900
vt 0.83695600 0.30432300
vt 0.40394300 0.70483800
vt 0.39717500 0.20660500
vt 0.38917600 0.12859900
vt 0.40235500 0.13608700
vt 0.85854100 0.07715200
vt 0.97622600 0.12843700
vt 0.05783700 0.31404600
vt 0.06817000 0.36676200
vt 0.97819800 0.12955200
vt 0.87397100 0.07593300
vt 0.81269900 0.35282000
vt 0.92156500 0.15348100
vt 0.92197300 0.07205400
vt 0.79026000 0.25001300
vt 0.29579800 0.30009700
vt 0.08759000 0.78282600
vt 0.01912100 0.98364500
vt 0.64426500 0.36239200
vt 0.84644500 0.29526400
vt 0.44437400 0.13462300
vt 0.05719800 0.04069500
vt 0.63448300 0.13054300
vt 0.43728300 0.22114200
vt 0.36891300 0.54610200
vt 0.33994600 0.21728800
vt 0.16562600 0.34327400
vt 0.12577800 0.20200900
vt 0.56384200 0.61629400
vt 0.87779400 0.08043700
vt 0.31098300 0.25900900
vt 0.12965000 0.09859700
vt 0.82742500 0.34873500
vt 0.35634500 0.37326400
vt 0.12164500 0.96572800
vt 0.14407400 0.45882900
vt 0.78052200 0.23572000
vt 0.09276200 0.13959100
vt 0.05725300 0.38928400
vt 0.51231600 0.47668000
vt 0.39842700 0.56246200
vt 0.52109600 0.55320900
vt 0.31512900 0.03897800
vt 0.06536200 0.40784000
vt 0.06992900 0.40855800
vt 0.48179900 0.19840200
vt 0.36076000 0.34833300
vt 0.09745100 0.28625100
vt 0.45122200 0.22512000
vt 0.15811300 0.45323500
vt 0.38947600 0.17091000
vt 0.56914500 0.60518200
vt 0.88703100 0.08809200
vt 0.48506600 0.47551800
vt 0.26505000 0.25689000
vt 0.22243900 0.20142700
vt 0.78398800 0.21929200
vt 0.14457500 0.31443600
vt 0.21925600 0.31698500
vt 0.14202100 0.20741500
vt 0.50128400 0.53807400
vt 0.31457500 0.27653200
vt 0.72215000 0.23119900
vt 0.78040500 0.22784400
vt 0.30118800 0.56311300
vt 0.80856000 0.24507800
vt 0.46937500 0.45166900
vt 0.13719200 0.33925500
vt 0.18705300 0.84643800
vt 0.17730300 0.82379500
vt 0.34491100 0.33336800
vt 0.10996900 0.34922900
vt 0.52307300 0.53740800
vt 0.32594600 0.15443400
vt 0.65624600 0.40526300
vt 0.33868600 0.31426400
vt 0.12185500 0.10180400
vt 0.16348700 0.35816300
vt 0.44455300 0.69300300
vt 0.64415500 0.36657500
vt 0.18839200 0.22003300
vt 0.16987100 0.21570200
vt 0.41430600 0.41881500
vt 0.65284700 0.29664000
vt 0.05929800 0.15298300
vt 0.83432100 0.10924600
vt 0.73946200 0.46158800
vt 0.81665600 0.25260400
vt 0.42076900 0.43513800
vt 0.47223200 0.54271100
vt 0.10498200 0.35376800
vt 0.83918800 0.12490200
vt 0.32662700 0.24438900
vt 0.43240400 0.38098100
vt 0.69377700 0.30239900
vt 0.39744500 0.14639900
vt 0.52787600 0.53008300
vt 0.47716100 0.20843200
vt 0.25151800 0.17650700
vt 0.36713400 0.13254800
vt 0.39903300 0.22073800
vt 0.43654400 0.39089000
vt 0.34495400 0.29455500
vt 0.35765900 0.35184400
vt 0.05486700 0.92470700
vt 0.80671800 0.33894700
vt 0.41642300 0.22260900
vt 0.37682300 0.12258700
vt 0.12669000 0.33365800
vt 0.14798600 0.66760800
vt 0.26758400 0.06606500
vt 0.74481400 0.49415000
vt 0.83473100 0.22607000
vt 0.19955100 0.07113600
vt 0.20286200 0.07613600
vt 0.13018700 0.33971900
vt 0.11097900 0.33795100
vt 0.70704600 0.40680600
vt 0.22629200 0.74636700
vt 0.72290500 0.22778100
vt 0.73030000 0.20272400
vt 0.51862400 0.56949800
vt 0.15931100 0.14642900
vt 0.55716200 0.54685800
vt 0.23062700 0.69086500
vt 0.27910700 0.73365100
vt 0.83510200 0.12112300
vt 0.33205300 0.14299400
vt 0.28216300 0.28659000
vt 0.03540100 0.91874600
vt 0.09781500 0.07968500
vt 0.47129500 0.19273900
vt 0.85619100 0.08289300
vt 0.65966700 0.31667400
vt 0.35853600 0.10599700
vt 0.11358000 0.90255800
vt 0.15807000 0.21425400
vt 0.64553500 0.32453900
vt 0.20409600 0.37508700
vt 0.32048900 0.24396700
vt 0.15035200 0.11847500
vt 0.63684300 0.43995400
vt 0.23580300 0.04742600
vt 0.87733400 0.07211500
vt 0.40356600 0.55819400
vt 0.73337300 0.20494500
vt 0.36861500 0.09473900
vt 0.31367200 0.56325700
vt 0.06934500 0.31559300
vt 0.82382500 0.46016800
vt 0.27069200 0.45687900
vt 0.23859800 0.21395200
vt 0.26077400 0.04169400
vt 0.74529100 0.25079600
vt 0.98657100 0.13280500
vt 0.24322300 0.67232100
vt 0.15451900 0.30980900
vt 0.54696500 0.52618500
vt 0.69191900 0.17105000
vt 0.12281200 0.05952000
vt 0.87231600 0.12852500
vt 0.38193400 0.18494800
vt 0.29029600 0.04006800
vt 0.21645900 0.38883200
vt 0.05787700 0.83353100
vt 0.10919100 0.20161700
vt 0.07110100 0.43360900
vt 0.86075300 0.08352500
vt 0.35389700 0.61130700
vt 0.63566600 0.33217800
vt 0.49363900 0.45593500
vt 0.24982200 0.67057900
vt 0.69376800 0.16379900
vt 0.87001400 0.08131300
vt 0.39317500 0.53973400
vt 0.40143800 0.80256000
vt 0.83383800 0.08522100
vt 0.34627000 0.31487600
vt 0.89102300 0.10498700
vt 0.58716700 0.47712400
vt 0.33311600 0.39197800
vt 0.31500000 0.04913000
vt 0.29655200 0.59205600
vt 0.29292700 0.17267100
vt 0.18528500 0.07953900
vt 0.10386400 0.20327900
vt 0.80413300 0.33308300
vt 0.83655100 0.08028300
vt 0.24586300 0.08086600
vt 0.15116800 0.23219000
vt 0.29253400 0.65849900
vt 0.05583600 0.83150900
vt 0.69722400 0.39348900
vt 0.81663600 0.45275800
vt 0.11341700 0.23025300
vt 0.13188400 0.36838400
vt 0.39317500 0.13893800
vt 0.80532800 0.10698300
vt 0.33287700 0.08959700
vt 0.49658000 0.12362300
vt 0.10575500 0.31790600
vt 0.19140400 0.09847900
vt 0.76339800 0.20552900
vt 0.40962200 0.21651900
vt 0.34034500 0.22431000
vt 0.35088100 0.56633400
vt 0.69361500 0.35375300
vt 0.50139100 0.60986800
vt 0.64464300 0.36717900
vt 0.29003300 0.28766200
vt 0.65523000 0.15117100
vt 0.54867900 0.46931000
vt 0.85545300 0.31754000
vt 0.36102800 0.53666300
vt 0.05641000 0.30782000
vt 0.44653200 0.21982200
vt 0.33228600 0.16951000
vt 0.72681200 0.23964500
vt 0.37781100 0.74171400
vt 0.66348300 0.31036200
vt 0.73455800 0.19214200
vt 0.32870100 0.23828200
vt 0.80203300 0.24972800
vt 0.12499100 0.10196400
vt 0.10224900 0.08550300
vt 0.17186800 0.08494100
vt 0.07005700 0.31046800
vt 0.69610100 0.34157200
vt 0.85977800 0.07016400
vt 0.11546800 0.06934500
vt 0.70065400 0.46905900
vt 0.47079500 0.46541900
vt 0.21223600 0.42863300
vt 0.23455400 0.22942100
vt 0.23250500 0.21633800
vt 0.39454800 0.14029400
vt 0.18103600 0.41117400
vt 0.36273800 0.18154400
vt 0.71997500 0.03332400
vt 0.40475400 0.67135600
vt 0.42509900 0.62786000
vt 0.33589800 0.15514100
vt 0.11769300 0.30328900
vt 0.63399400 0.44335200
vt 0.41927400 0.22307600
vt 0.68318400 0.33350500
vt 0.75163500 0.25765500
vt 0.70274100 0.39882100
vt 0.74374900 0.25567300
vt 0.69798500 0.39350900
vt 0.69474400 0.38776200
vt 0.74192000 0.24516700
vt 0.81586300 0.24618000
vt 0.41732800 0.48121800
vt 0.12756800 0.21086000
vt 0.83295900 0.34187000
vt 0.14243100 0.35729500
vt 0.08877100 0.35556600
vt 0.12596400 0.32181300
vt 0.42279900 0.70877100
vt 0.45491200 0.60699100
vt 0.35487100 0.14700800
vt 0.64064400 0.33267300
vt 0.28642800 0.02630100
vt 0.50640900 0.61621800
vt 0.51622500 0.44977500
vt 0.26003100 0.15090900
vt 0.12806600 0.08441900
vt 0.48494300 0.57058000
vt 0.45859100 0.14806300
vt 0.19516300 0.91306300
vt 0.17049900 0.05145800
vt 0.71576100 0.47447200
vt 0.37074000 0.14931500
vt 0.77241800 0.20852300
vt 0.57981700 0.50012100
vt 0.58069900 0.57539700
vt 0.64374500 0.36729100
vt 0.64549700 0.36745500
vt 0.79257600 0.08803200
vt 0.13056600 0.31045300
vt 0.53321600 0.55158400
vt 0.77443900 0.22255400
vt 0.44061700 0.22226900
vt 0.64962800 0.36272900
vt 0.48597700 0.15185000
vt 0.02690200 0.13574700
vt 0.08891700 0.43482700
vt 0.43502300 0.41706400
vt 0.39281400 0.55288400
vt 0.75405600 0.22617100
vt 0.12546800 0.33981500
vt 0.09509500 0.27869000
vt 0.82607700 0.22257400
vt 0.31006400 0.06972500
vt 0.51902600 0.54724300
vt 0.35148900 0.45065000
vt 0.80277200 0.22916300
vt 0.69632600 0.29524100
vt 0.50410300 0.55135600
vt 0.44905800 0.41353100
vt 0.40902300 0.48297700
vt 0.38262300 0.79135000
vt 0.67996100 0.47369100
vt 0.40206000 0.14166400
vt 0.31000000 0.68827400
vt 0.66057300 0.15436300
vt 0.43389200 0.45065100
vt 0.35721900 0.09658900
vt 0.16421300 0.38147300
vt 0.65296900 0.39661400
vt 0.26156900 0.77057600
vt 0.67952100 0.30084200
vt 0.34891100 0.15757300
vt 0.82743000 0.12160700
vt 0.29115400 0.70236400
vt 0.08640400 0.42533600
vt 0.51256900 0.16557900
vt 0.50383700 0.42684000
vt 0.21317700 0.21549200
vt 0.71502500 0.16755900
vt 0.23946200 0.64196900
vt 0.91351900 0.17773700
vt 0.63587000 0.35910700
vt 0.78968600 0.09861800
vt 0.18763500 0.28988100
vt 0.34865500 0.36405100
vt 0.67755800 0.05528100
vt 0.85092000 0.08306200
vt 0.32104800 0.29271300
vt 0.13843400 0.71299200
vt 0.29285400 0.75747800
vt 0.07085700 0.40551500
vt 0.37705300 0.54927300
vt 0.51503400 0.51132800
vt 0.52929600 0.54069400
vt 0.29124900 0.08829300
vt 0.24051500 0.19984700
vt 0.21146100 0.66952000
vt 0.21385300 0.66430000
vt 0.14381100 0.24024100
vt 0.64179600 0.42758200
vt 0.65372900 0.41279300
vt 0.40211200 0.55486400
vt 0.76507000 0.23855300
vt 0.32564700 0.23914700
vt 0.98469200 0.12704500
vt 0.74055100 0.24472900
vt 0.35143100 0.38828600
vt 0.45759900 0.53423900
vt 0.12158900 0.08459700
vt 0.49639900 0.41773000
vt 0.12610100 0.21287400
vt 0.26895100 0.61718700
vt 0.84040300 0.07301400
vt 0.37476900 0.48667500
vt 0.16272000 0.31039600
vt 0.91849100 0.15143500
vt 0.36923100 0.79135300
vt 0.76276700 0.23592300
vt 0.27439000 0.02673000
vt 0.30409400 0.30205000
vt 0.80298000 0.44176800
vt 0.51115600 0.55387500
vt 0.59873700 0.47731900
vt 0.60081700 0.48296100
vt 0.51397900 0.16810600
vt 0.50293700 0.42430400
vt 0.63801900 0.34548900
vt 0.13561300 0.16732700
vt 0.26532700 0.06112400
vt 0.80143900 0.21129500
vt 0.29980300 0.06556000
vt 0.63228900 0.32454700
vt 0.66151500 0.36221900
vt 0.24112300 0.43608100
vt 0.49990700 0.42591200
vt 0.50560300 0.53825700
vt 0.84776300 0.30118800
vt 0.12273800 0.45166300
vt 0.63329700 0.41359200
vt 0.08902500 0.33979800
vt 0.08997400 0.34210500
vt 0.79450900 0.34967400
vt 0.30072700 0.58117800
vt 0.34988600 0.12029300
vt 0.25419500 0.33978300
vt 0.27879900 0.68452400
vt 0.81270100 0.11634700
vt 0.62312800 0.43523000
vt 0.46093000 0.15075600
vt 0.49878800 0.42116900
vt 0.30358100 0.56220000
vt 0.19392600 0.14525400
vt 0.34606900 0.62296400
vt 0.23084300 0.41564800
vt 0.43558600 0.19519000
vt 0.53244400 0.47953700
vt 0.81047500 0.34859200
vt 0.87223200 0.07320800
vt 0.98093100 0.01595000
vt 0.79936600 0.26944500
vt 0.72481800 0.43461800
vt 0.46298000 0.15984300
vt 0.33434400 0.62704200
vt 0.20853400 0.67932500
vt 0.09196700 0.35189300
vt 0.49960200 0.44035400
vt 0.27885800 0.64356300
vt 0.31545300 0.31347000
vt 0.82728600 0.13156800
vt 0.10332800 0.85405700
vt 0.85508900 0.09159100
vt 0.52497600 0.52594900
vt 0.25534400 0.64101300
vt 0.37736000 0.47551800
vt 0.43992400 0.55155600
vt 0.56123300 0.55888900
vt 0.35742800 0.73484000
vt 0.23602600 0.46443500
vt 0.28844800 0.57826100
vt 0.34808700 0.75105600
vt 0.70745400 0.18205400
vt 0.79071500 0.25330900
vt 0.10459100 0.20009100
vt 0.17186800 0.36255700
vt 0.09375900 0.15583600
vt 0.46940500 0.39287300
vt 0.86429500 0.30977200
vt 0.20621800 0.35475600
vt 0.36844500 0.15195900
vt 0.07381700 0.41413600
vt 0.37551400 0.15302700
vt 0.20999300 0.21221300
vt 0.64940700 0.41185800
vt 0.07452000 0.43151800
vt 0.30837200 0.02806700
vt 0.22839800 0.22726300
vt 0.35859000 0.32811200
vt 0.08772600 0.05244000
vt 0.69287400 0.16942200
vt 0.82129900 0.32339900
vt 0.42599100 0.22946700
vt 0.66093000 0.30065900
vt 0.46877300 0.19352700
vt 0.11867800 0.31829200
vt 0.23075000 0.32462100
vt 0.22555400 0.43070500
vt 0.80348500 0.35687900
vt 0.15106200 0.21021500
vt 0.70497700 0.14026300
vt 0.47810400 0.19138300
vt 0.57505600 0.58646300
vt 0.79933700 0.06465600
vt 0.81156100 0.35882000
vt 0.12609200 0.36458400
vt 0.63350300 0.44726300
vt 0.11842600 0.11677600
vt 0.83314300 0.05774300
vt 0.67436900 0.05065300
vt 0.78604200 0.24986800
vt 0.31605700 0.55934600
vt 0.66417300 0.47468400
vt 0.26635600 0.60089000
vt 0.44165100 0.68393400
vt 0.38419900 0.56911000
vt 0.84942800 0.11113700
vt 0.70893800 0.04795200
vt 0.08859800 0.05531300
vt 0.31973700 0.56655500
vt 0.23152600 0.07328300
vt 0.40444300 0.14037600
vt 0.23164500 0.30948700
vt 0.21994700 0.26840300
vt 0.22720600 0.24607900
vt 0.09487800 0.34153800
vt 0.09688700 0.35228200
vt 0.46708400 0.19886300
vt 0.13388400 0.39992800
vt 0.06165900 0.16730500
vt 0.80748000 0.39986500
vt 0.39925200 0.39509600
vt 0.33902800 0.12396900
vt 0.84936500 0.10338100
vt 0.69794400 0.39185500
vt 0.74233200 0.25594100
vt 0.10895300 0.22568900
vt 0.12479300 0.17522500
vt 0.69557200 0.33536200
vt 0.35125900 0.19158500
vt 0.07328400 0.42241200
vt 0.27974900 0.29075100
vt 0.51649300 0.39412200
vt 0.49710300 0.20064100
vt 0.09771700 0.94821500
vt 0.37595300 0.09129300
vt 0.08015500 0.80840700
vt 0.06332600 0.82728200
vt 0.36340800 0.16108600
vt 0.22681700 0.06517800
vt 0.15789000 0.38419000
vt 0.48823300 0.62337900
vt 0.80009300 0.05974200
vt 0.98669700 0.08957500
vt 0.41285800 0.23673700
vt 0.34850300 0.22603100
vt 0.40196300 0.25487900
vt 0.63815000 0.30346400
vt 0.71856400 0.22764700
vt 0.72235000 0.22571200
vt 0.23120100 0.59007500
vt 0.31907700 0.71883600
vt 0.76375800 0.20664800
vt 0.04384100 0.91148500
vt 0.24617400 0.08541600
vt 0.25538900 0.06585100
vt 0.77716800 0.22212000
vt 0.18219600 0.39311000
vt 0.22021900 0.32608400
vt 0.11666700 0.12500800
vt 0.31460900 0.34967500
vt 0.65392500 0.38826400
vt 0.96905000 0.01922200
vt 0.62819000 0.32535700
vt 0.35327500 0.48202100
vt 0.45311000 0.55015600
vt 0.66984500 0.39329100
vt 0.41590300 0.58933100
vt 0.40469000 0.68022300
vt 0.81236200 0.05906500
vt 0.81324200 0.10767600
vt 0.79386700 0.07031200
vt 0.66244800 0.36497600
vt 0.79879800 0.21247300
vt 0.72289700 0.42505700
vt 0.78948500 0.26876000
vt 0.37223400 0.48146900
vt 0.36638400 0.18912200
vt 0.35899000 0.14454700
vt 0.17129800 0.43840300
vt 0.26074300 0.30792200
vt 0.58209500 0.49448100
vt 0.14578800 0.67032700
vt 0.32990100 0.18708700
vt 0.81869700 0.35309500
vt 0.72646100 0.21542100
vt 0.57315600 0.57389600
vt 0.09934900 0.27772300
vt 0.05941300 0.89346300
vt 0.34060200 0.22684000
vt 0.45304100 0.37996500
vt 0.40555200 0.26669600
vt 0.78483100 0.10291000
vt 0.73213200 0.45531600
vt 0.35253800 0.09279200
vt 0.74188300 0.20378400
vt 0.47225300 0.18962400
vt 0.21314200 0.37790900
vt 0.74067000 0.21774100
vt 0.03101400 0.91307400
vt 0.04370000 0.90521800
vt 0.47055400 0.17988000
vt 0.41053000 0.13966100
vt 0.81206000 0.05578200
vt 0.77063400 0.22774800
vt 0.49426400 0.44476000
vt 0.43932800 0.44711600
vt 0.04836500 0.90530400
vt 0.98027400 0.12524100
vt 0.53800500 0.48457600
vt 0.21516800 0.74150400
vt 0.72202400 0.22825000
vt 0.55119900 0.46311000
vt 0.14907500 0.17248500
vt 0.48126400 0.48369300
vt 0.11802100 0.84164700
vt 0.58388500 0.47843300
vt 0.25880900 0.05456700
vt 0.37232800 0.13901000
vt 0.85175400 0.09202500
vt 0.76478200 0.25016400
vt 0.38256300 0.15858300
vt 0.37692700 0.79832400
vt 0.26904800 0.50949000
vt 0.68581200 0.32394200
vt 0.29579000 0.28191900
vt 0.32749800 0.54771600
vt 0.10854600 0.90381900
vt 0.13566700 0.31869400
vt 0.07036300 0.84184500
vt 0.66900600 0.31427700
vt 0.34916500 0.39378200
vt 0.68652800 0.34537100
vt 0.29175800 0.74156500
vt 0.25031500 0.13998800
vt 0.51863400 0.51161900
vt 0.45291800 0.14519600
vt 0.46149200 0.21175600
vt 0.49798100 0.41975800
vt 0.08925100 0.34933100
vt 0.41028600 0.21978300
vt 0.18162000 0.40508200
vt 0.43059100 0.41966500
vt 0.34297600 0.08838800
vt 0.48632000 0.12382100
vt 0.08399900 0.85139600
vt 0.45353900 0.50298900
vt 0.83804400 0.10231400
vt 0.39138600 0.13322200
vt 0.39776200 0.13656800
vt 0.50707300 0.42922000
vt 0.50909600 0.16297900
vt 0.84792300 0.44981900
vt 0.39297800 0.53765400
vt 0.12557500 0.90022500
vt 0.11227800 0.07389800
vt 0.37464500 0.53207600
vt 0.59283600 0.48541300
vt 0.28917400 0.27492200
vt 0.06721700 0.41375000
vt 0.47759400 0.47997600
vt 0.39629400 0.38819500
vt 0.83140400 0.12096900
vt 0.81466500 0.22924300
vt 0.28890800 0.03737800
vt 0.57452200 0.47394800
vt 0.88846200 0.11795300
vt 0.71785300 0.40781200
vt 0.46808000 0.20923600
vt 0.66470600 0.31076300
vt 0.69155900 0.16619000
vt 0.80392600 0.34480000
vt 0.57677000 0.50357900
vt 0.57936800 0.57122500
vt 0.06668000 0.41159900
vt 0.39808400 0.38375300
vt 0.29205500 0.06166400
vt 0.12731100 0.36164100
vt 0.33915800 0.35513600
vt 0.77734600 0.23712500
vt 0.64766100 0.46156100
vt 0.50049200 0.44797300
vt 0.33521100 0.03906700
vt 0.87399500 0.15261100
vt 0.12203400 0.21118000
vt 0.72829800 0.45283100
vt 0.38961400 0.71046100
vt 0.40002000 0.22510500
vt 0.28186200 0.29879000
vt 0.19486700 0.84934300
vt 0.39814200 0.13833200
vt 0.35402900 0.62269200
vt 0.07007300 0.83018800
vt 0.37702100 0.56804000
vt 0.76511700 0.26019300
vt 0.51248400 0.55087200
vt 0.06102400 0.85045500
vt 0.08189600 0.28877800
vt 0.09500500 0.16233900
vt 0.66975000 0.46429400
vt 0.80227000 0.33682700
vt 0.39203800 0.40958000
vt 0.35540200 0.32701400
vt 0.19623500 0.69513500
vt 0.83512200 0.09512300
vt 0.76402500 0.21106800
vt 0.33742900 0.41133900
vt 0.78512800 0.23598800
vt 0.51938700 0.48219100
vt 0.11394700 0.11832000
vt 0.82513200 0.08935400
vt 0.23369600 0.22764100
vt 0.54661400 0.55068500
vt 0.35613000 0.16843400
vt 0.10749100 0.15254600
vt 0.65240500 0.46400400
vt 0.06902200 0.83319500
vt 0.13720800 0.14363100
vt 0.33323300 0.10870900
vt 0.21915500 0.87917400
vt 0.46326200 0.17442200
vt 0.87034500 0.07670500
vt 0.08091600 0.19689400
vt 0.73047700 0.20019900
vt 0.71308600 0.46515900
vt 0.36157600 0.13703000
vt 0.86071100 0.34297600
vt 0.49813000 0.49394900
vt 0.65256800 0.46677600
vt 0.29444700 0.04674200
vt 0.40076700 0.56479500
vt 0.13668300 0.83978000
vt 0.15612900 0.11802600
vt 0.33946400 0.36303300
vt 0.34447700 0.68436800
vt 0.71939900 0.17887400
vt 0.66909200 0.47795400
vt 0.38928400 0.16056800
vt 0.21650800 0.30489800
vt 0.30496100 0.66481000
vt 0.85372500 0.29480600
vt 0.16651600 0.36078700
vt 0.16646600 0.36324700
vt 0.80610500 0.34310600
vt 0.56873000 0.56319400
vt 0.64265400 0.32901800
vt 0.67533200 0.39183600
vt 0.96497100 0.12632600
vt 0.49710400 0.54512000
vt 0.68932700 0.28900600
vt 0.07880200 0.35461400
vt 0.07435500 0.32623500
vt 0.24496800 0.31363400
vt 0.12001800 0.13794200
vt 0.16652000 0.35646500
vt 0.23873000 0.05046500
vt 0.16199200 0.08989800
vt 0.31414500 0.05576700
vt 0.44400400 0.22243400
vt 0.43744900 0.47405600
vt 0.98200100 0.01426300
vt 0.29558300 0.49609700
vt 0.35483800 0.18736300
vt 0.25484700 0.06272500
vt 0.39559600 0.14925500
vt 0.85846100 0.08004800
vt 0.29729200 0.51298200
vt 0.71720200 0.40725400
vt 0.32950000 0.09026800
vt 0.20495800 0.89951200
vt 0.69367100 0.20400400
vt 0.13518300 0.20922200
vt 0.48297600 0.40651600
vt 0.48414200 0.57106500
vt 0.40481200 0.55656400
vt 0.86573200 0.43275100
vt 0.38044800 0.71826200
vt 0.41568500 0.69909400
vt 0.67938700 0.47875800
vt 0.12364300 0.33125300
vt 0.80094700 0.42924000
vt 0.45221100 0.13715200
vt 0.50217800 0.52083700
vt 0.12402000 0.30922000
vt 0.97276300 0.01816200
vt 0.11488400 0.34912200
vt 0.54046200 0.47819300
vt 0.73204700 0.21655900
vt 0.36553200 0.15501300
vt 0.76759600 0.25997600
vt 0.17824800 0.41850800
vt 0.37535900 0.17326000
vt 0.67346600 0.33424000
vt 0.73091900 0.45240900
vt 0.51492900 0.52270000
vt 0.06085100 0.37692700
vt 0.05000000 0.30210400
vt 0.37386600 0.50907100
vt 0.16635400 0.44215000
vt 0.33273400 0.13594800
vt 0.79868200 0.06700800
vt 0.09487800 0.11061700
vt 0.21518900 0.62376300
vt 0.17366300 0.66440600
vt 0.72441700 0.48108100
vt 0.10805500 0.43070300
vt 0.15603600 0.08035400
vt 0.44916100 0.13608200
vt 0.72442900 0.18212800
vt 0.32598000 0.29260900
vt 0.05401700 0.87585200
vt 0.82275000 0.33891500
vt 0.65570300 0.33289900
vt 0.15149600 0.09254700
vt 0.09548300 0.13032100
vt 0.13876300 0.46130700
vt 0.26426600 0.80619600
vt 0.07177100 0.97216300
vt 0.77362000 0.21577000
vt 0.36051700 0.72965800
vt 0.16860700 0.47862900
vt 0.06841900 0.86685400
vt 0.35276800 0.13748400
vt 0.18178200 0.07995200
vt 0.29079500 0.29963300
vt 0.83244000 0.34857900
vt 0.11228900 0.20535700
vt 0.11658500 0.31390100
vt 0.14047800 0.77530200
vt 0.11893600 0.32115700
vt 0.66908300 0.34108300
vt 0.64310100 0.09691600
vt 0.26760200 0.53989500
vt 0.14312700 0.48725900
vt 0.69018100 0.47101800
vt 0.18805300 0.28495000
vt 0.94382300 0.12598900
vt 0.86976600 0.31666400
vt 0.39047400 0.19941800
vt 0.11043600 0.89452200
vt 0.20740800 0.91639200
vt 0.13492200 0.97174300
vt 0.76933500 0.19537800
vt 0.69399500 0.38710500
vt 0.98558600 0.12748800
vt 0.74144500 0.24517200
vt 0.33713000 0.32208900
vt 0.83862500 0.12258200
vt 0.35152900 0.44160300
vt 0.27961200 0.71365500
vt 0.74641600 0.18590200
vt 0.27400900 0.59474200
vt 0.79363500 0.06702100
vt 0.66566600 0.36364300
vt 0.40301900 0.21660100
vt 0.85069400 0.07666900
vt 0.85898900 0.08664700
vt 0.24122100 0.29139400
vt 0.43020800 0.22534500
vt 0.35834200 0.43375900
vt 0.50004200 0.16575800
vt 0.81846000 0.22095700
vt 0.24214000 0.19587800
vt 0.19416500 0.07362000
vt 0.73942800 0.49663400
vt 0.17188300 0.23444500
vt 0.73913000 0.17986300
vt 0.63583000 0.45206400
vt 0.24492100 0.79605800
vt 0.23472500 0.11940300
vt 0.86703700 0.07392900
vt 0.40584500 0.55102300
vt 0.13906900 0.15241100
vt 0.56645600 0.47678600
vt 0.28481400 0.03970600
vt 0.73307800 0.17870600
vt 0.07040000 0.42667100
vt 0.11768100 0.33591900
vt 0.15927200 0.42118800
vt 0.34005600 0.37744600
vt 0.57339700 0.47804600
vt 0.37830900 0.55467100
vt 0.19405400 0.28457800
vt 0.31747900 0.14160600
vt 0.10980400 0.34707900
vt 0.84267400 0.44843300
vt 0.26664000 0.66143500
vt 0.13326500 0.07290600
vt 0.38869600 0.47700800
vt 0.05605700 0.29632900
vt 0.13325700 0.36740000
vt 0.13437200 0.76851700
vt 0.06284600 0.96292000
vt 0.65656100 0.39166700
vt 0.97159000 0.02261600
vt 0.34212100 0.20196400
vt 0.28573000 0.03483700
vt 0.22939500 0.22575800
vt 0.30476700 0.23593500
vt 0.24390000 0.50564500
vt 0.08667500 0.29067400
vt 0.22796500 0.70047000
vt 0.36142100 0.17744900
vt 0.38543400 0.50165900
vt 0.80693000 0.47707200
vt 0.36158700 0.54827200
vt 0.67231900 0.10287300
vt 0.54212000 0.46733800
vt 0.32798000 0.55706600
vt 0.18592500 0.35365200
vt 0.77544700 0.21074400
vt 0.69568800 0.30447900
vt 0.47741600 0.40072000
vt 0.46090100 0.43924800
vt 0.43994800 0.50367500
vt 0.26687300 0.53475200
vt 0.12733100 0.08885100
vt 0.79514000 0.06161300
vt 0.48300700 0.62043000
vt 0.65876700 0.14191000
vt 0.38574200 0.21534500
vt 0.38032000 0.20853100
vt 0.84585000 0.28900600
vt 0.15335000 0.38177600
vt 0.06483900 0.32023700
vt 0.07232200 0.36119800
vt 0.73039200 0.46661500
vt 0.43455500 0.23667600
vt 0.11804000 0.33957500
vt 0.11361800 0.34374500
vt 0.27100400 0.30872800
vt 0.34428300 0.60322600
vt 0.05600400 0.92352200
vt 0.15232700 0.34469900
vt 0.43382800 0.67173600
vt 0.11287000 0.46751800
vt 0.29448000 0.56646700
vt 0.37500100 0.79904000
vt 0.12260200 0.32972800
vt 0.11045400 0.18283800
vt 0.85102200 0.06865800
vt 0.24496000 0.47119700
vt 0.26084200 0.54002600
vt 0.14872900 0.48541100
vt 0.53468100 0.53063700
vt 0.81980200 0.25265000
vt 0.73766800 0.46432300
vt 0.44255800 0.67933200
vt 0.65282000 0.04510600
vt 0.18593900 0.18624100
vt 0.78758700 0.11978600
vt 0.09304300 0.19467500
vt 0.17065300 0.37431900
vt 0.35119500 0.42342500
vt 0.47845400 0.51864500
vt 0.40981700 0.70499700
vt 0.69283300 0.39961000
vt 0.38162800 0.66719800
vt 0.78954100 0.23290800
vt 0.32840200 0.16745200
vt 0.43620700 0.75138100
vt 0.01414200 0.07716300
vt 0.17545800 0.31219400
vt 0.55469200 0.46245800
vt 0.46555300 0.61586000
vt 0.72471600 0.01312800
vt 0.80055400 0.07219100
vt 0.65784200 0.47222000
vt 0.54050200 0.48065600
vt 0.52625800 0.53620500
vt 0.39370300 0.18084300
vt 0.64924200 0.32678400
vt 0.22370000 0.39746400
vt 0.71919600 0.21390200
vt 0.70581500 0.09639100
vt 0.70378100 0.16982300
vt 0.53492100 0.55342600
vt 0.09254300 0.42160700
vt 0.50407200 0.51299500
vt 0.39928300 0.19987600
vt 0.41703600 0.42072600
vt 0.37746500 0.58755900
vt 0.68690000 0.32052800
vt 0.48344100 0.46043600
vt 0.34406000 0.40379900
vt 0.84152600 0.06840900
vt 0.10311600 0.34212600
vt 0.46770200 0.39451100
vt 0.36550000 0.53695900
vt 0.76875100 0.25912200
vt 0.51103300 0.55264200
vt 0.82227300 0.10299800
vt 0.35654100 0.64036400
vt 0.51626200 0.55179100
vt 0.32567800 0.23710600
vt 0.71742900 0.23153600
vt 0.50377700 0.15898300
vt 0.82302200 0.07177200
vt 0.83436700 0.31597100
vt 0.94357700 0.13240500
vt 0.87019600 0.31068800
vt 0.48051100 0.40576300
vt 0.82821900 0.35376400
vt 0.16828900 0.22239700
vt 0.42901400 0.45002600
vt 0.18309300 0.28221500
vt 0.93886300 0.12325300
vt 0.73381400 0.23626000
vt 0.37535300 0.09378700
vt 0.33818500 0.56651500
vt 0.84501100 0.09721700
vt 0.41251400 0.70067700
vt 0.67979200 0.47699500
vt 0.49824200 0.51645400
vt 0.38527000 0.14022800
vt 0.64736400 0.41564000
vt 0.36359200 0.76388700
vt 0.80658100 0.43023500
vt 0.53849400 0.47458800
vt 0.33566400 0.25141200
vt 0.42497500 0.38556300
vt 0.35823100 0.33315400
vt 0.34468200 0.29796800
vt 0.76298700 0.25312000
vt 0.51248600 0.55289800
vt 0.68768400 0.32344100
vt 0.11384100 0.10707600
vt 0.17567900 0.07720600
vt 0.73762700 0.20544500
vt 0.25734100 0.78381800
vt 0.37886500 0.12659000
vt 0.24840800 0.66820100
vt 0.27030600 0.07342200
vt 0.10839300 0.10692700
vt 0.66206700 0.35751100
vt 0.44808100 0.54753200
vt 0.36792900 0.75361100
vt 0.06636600 0.31882800
vt 0.68313100 0.32108600
vt 0.22543800 0.32622700
vt 0.83901100 0.29987700
vt 0.13108900 0.76932400
vt 0.80160100 0.06825100
vt 0.27097900 0.09347700
vt 0.10110900 0.09029600
vt 0.62088600 0.42525800
vt 0.67994000 0.20165000
vt 0.36774400 0.45879000
vt 0.64906900 0.31905900
vt 0.13788900 0.11143700
vt 0.51707200 0.55485300
vt 0.10020400 0.38751000
vt 0.79270300 0.29474000
vt 0.46524600 0.20675500
vt 0.20196900 0.86319400
vt 0.33428800 0.63204200
vt 0.15412600 0.79536800
vt 0.31664100 0.55552800
vt 0.40055200 0.38690100
vt 0.19503600 0.70937300
vt 0.34339800 0.16912200
vt 0.46552300 0.12832700
vt 0.52246200 0.54714400
vt 0.53095900 0.53738700
vt 0.08768200 0.95966000
vt 0.43713700 0.54387700
vt 0.71481400 0.45769000
vt 0.84139500 0.10282500
vt 0.37164400 0.47696700
vt 0.45330100 0.15844200
vt 0.19692100 0.07492300
vt 0.08194800 0.43506300
vt 0.58280200 0.58621900
vt 0.58601500 0.49068500
vt 0.02051400 0.09736900
vt 0.43108000 0.77232700
vt 0.83668700 0.33424200
vt 0.10779700 0.18836600
vt 0.85801600 0.34809200
vt 0.17856000 0.24807500
vt 0.16292000 0.43446700
vt 0.93753200 0.14193200
vt 0.44055900 0.67000200
vt 0.46155500 0.24201900
vt 0.69607800 0.46932400
vt 0.48832400 0.61320900
vt 0.73468500 0.03289800
vt 0.64285400 0.40302300
vt 0.80995900 0.06713700
vt 0.65691300 0.29539200
vt 0.04716800 0.88484600
vt 0.18296300 0.22516700
vt 0.82373100 0.35717700
vt 0.16462900 0.21914600
vt 0.12334000 0.10423500
vt 0.31411300 0.04148300
vt 0.79375000 0.33131900
vt 0.10125100 0.42408900
vt 0.33760100 0.39853400
vt 0.45924500 0.22616100
vt 0.77915600 0.23851300
vt 0.51044400 0.53670500
vt 0.25594800 0.15172200
vt 0.01567000 0.97496200
vt 0.14574000 0.36488700
vt 0.35302200 0.57767600
vt 0.49117400 0.49184400
vt 0.17706900 0.85782900
vt 0.19150800 0.07775700
vt 0.86714300 0.31056200
vt 0.31473100 0.71053700
vt 0.50889200 0.55261600
vt 0.65333700 0.36091400
vt 0.69819100 0.30279200
vt 0.24858200 0.50204300
vt 0.42575300 0.23513100
vt 0.15829000 0.11352900
vt 0.17195400 0.09916300
vt 0.14795200 0.44609400
vt 0.38880100 0.15236600
vt 0.49848400 0.44315100
vt 0.41351300 0.80683600
vt 0.10028900 0.44485200
vt 0.74808200 0.49048200
vt 0.82972700 0.22474400
vt 0.64053600 0.10735900
vt 0.65248300 0.40788600
vt 0.79933300 0.06102800
vt 0.98770600 0.09374700
vt 0.74336000 0.14325000
vt 0.25322400 0.51985200
vt 0.76416400 0.24663100
vt 0.65971200 0.29705400
vt 0.33278800 0.31799300
vt 0.76519500 0.23190500
vt 0.37240000 0.10467900
vt 0.72474600 0.17473600
vt 0.80390600 0.07239400
vt 0.31427600 0.52750800
vt 0.82289000 0.05854900
vt 0.35885700 0.66767400
vt 0.76740900 0.22816500
vt 0.32958100 0.68507800
vt 0.88087700 0.11762000
vt 0.64485500 0.30203200
vt 0.18327900 0.80239800
vt 0.13148600 0.39736300
vt 0.82398500 0.30459300
vt 0.17927100 0.25791700
vt 0.21564500 0.43126800
vt 0.07868200 0.32982000
vt 0.08257500 0.35120500
vt 0.29034300 0.53059100
vt 0.29137300 0.03907800
vt 0.85654600 0.13410300
vt 0.67474200 0.36411100
vt 0.29370800 0.06118200
vt 0.69178600 0.39183400
vt 0.97966000 0.13341800
vt 0.05587300 0.29378200
vt 0.84820100 0.08118400
vt 0.09425700 0.10445000
vt 0.36021800 0.16314900
vt 0.71016800 0.02237600
vt 0.40941500 0.47212600
vt 0.74873400 0.17996100
vt 0.11778200 0.33198200
vt 0.74734500 0.18707200
vt 0.33530200 0.12733000
vt 0.05248700 0.39140600
vt 0.07090700 0.22318200
vt 0.65794700 0.39722000
vt 0.18678600 0.84947200
vt 0.74496500 0.25609900
vt 0.69664300 0.39580200
vt 0.11032700 0.31814800
vt 0.77529600 0.26348600
vt 0.08619400 0.04540900
vt 0.81730300 0.38710500
vt 0.40907500 0.38233600
vt 0.28363400 0.67225600
vt 0.43942400 0.72571400
vt 0.64621800 0.08703800
vt 0.38047200 0.18243200
vt 0.80729100 0.44989600
vt 0.59762400 0.47467100
vt 0.59852100 0.48681300
vt 0.57687200 0.59798900
vt 0.89565600 0.09635300
vt 0.38226400 0.16963000
vt 0.44125600 0.13296700
vt 0.38048900 0.09105500
vt 0.83606600 0.08739200
vt 0.12164300 0.33968500
vt 0.08200700 0.94097200
vt 0.06760700 0.37532600
vt 0.10107000 0.33302400
vt 0.31122000 0.17095500
vt 0.40460200 0.66826400
vt 0.36179000 0.64559300
vt 0.54268500 0.55140700
vt 0.52989900 0.55420500
vt 0.47607800 0.50640900
vt 0.84682000 0.08424000
vt 0.42987700 0.44178400
vt 0.36829200 0.11606800
vt 0.45231700 0.49162400
vt 0.21161000 0.11416300
vt 0.42516600 0.70312900
vt 0.08955000 0.43829800
vt 0.78205000 0.34552700
vt 0.53070100 0.49325100
vt 0.21169100 0.65190800
vt 0.20083600 0.66959000
vt 0.65759000 0.14536600
vt 0.47671400 0.47468500
vt 0.44501300 0.47527300
vt 0.35370300 0.19051800
vt 0.54601200 0.53468000
vt 0.46767000 0.19107300
vt 0.84977600 0.30338200
vt 0.13648200 0.36537000
vt 0.38717400 0.17179600
vt 0.09106900 0.10648600
vt 0.73984300 0.48414200
vt 0.22745000 0.42429200
vt 0.34997900 0.14253600
vt 0.03098000 0.13132600
vt 0.43191000 0.41362100
vt 0.12035800 0.90358700
vt 0.79405300 0.34277000
vt 0.83433000 0.35311600
vt 0.17039900 0.22695000
vt 0.27861500 0.23667000
vt 0.19366300 0.08001100
vt 0.05389800 0.88985000
vt 0.48702900 0.62276600
vt 0.79886700 0.06040500
vt 0.98597900 0.09056900
vt 0.98698700 0.09386000
vt 0.45726800 0.23676000
vt 0.62886800 0.41641600
vt 0.63311900 0.45031200
vt 0.86266200 0.08690000
vt 0.11975000 0.33354600
vt 0.79816000 0.42353900
vt 0.15554100 0.34940100
vt 0.94017900 0.14433600
vt 0.38110800 0.79576300
vt 0.12946500 0.30535600
vt 0.08184600 0.89222200
vt 0.82186000 0.10963400
vt 0.59860700 0.47596900
vt 0.08696900 0.43212600
vt 0.77946900 0.33935600
vt 0.46404800 0.15750100
vt 0.29789100 0.41502000
vt 0.17069200 0.78497700
vt 0.14452200 0.05905900
vt 0.68978500 0.48207300
vt 0.86571100 0.08316000
vt 0.28302500 0.06391800
vt 0.39495500 0.21066300
vt 0.38823500 0.14343200
vt 0.36550300 0.64954800
vt 0.08989600 0.43245200
vt 0.78239500 0.33968200
vt 0.33654100 0.63684000
vt 0.45983000 0.52174500
vt 0.63941300 0.40812200
vt 0.84964300 0.11411700
vt 0.38469400 0.47950800
vt 0.10702900 0.20639400
vt 0.84624000 0.31977800
vt 0.78070300 0.22034000
vt 0.70999100 0.44971200
vt 0.14369600 0.92314800
vt 0.15155500 0.91298700
vt 0.28625300 0.03185900
vt 0.82311700 0.07855900
vt 0.11490800 0.43575000
vt 0.49937300 0.15491500
vt 0.01680700 0.95926900
vt 0.38048700 0.52368900
vt 0.82024900 0.06768800
vt 0.44525100 0.22118300
vt 0.68281800 0.05497100
vt 0.69206000 0.11361300
vt 0.13807000 0.90690700
vt 0.42720000 0.69597200
vt 0.81538700 0.46152600
vt 0.18469000 0.91448900
vt 0.48769600 0.62187300
vt 0.18169300 0.85008700
vt 0.16746300 0.36399600
vt 0.16812000 0.36040500
vt 0.08856300 0.26035100
vt 0.69957400 0.34571500
vt 0.13283500 0.31202800
vt 0.36200300 0.79157400
vt 0.30697600 0.56725900
vt 0.43693800 0.69953700
vt 0.74545300 0.24687400
vt 0.59611100 0.47490800
vt 0.89425200 0.09675900
vt 0.52380500 0.48697400
vt 0.79491400 0.11281300
vt 0.18384200 0.87855600
vt 0.08537300 0.32753200
vt 0.04232800 0.91971100
vt 0.81163100 0.32276100
vt 0.82359300 0.32132100
vt 0.49292300 0.61129800
vt 0.68514600 0.35518300
vt 0.42229300 0.63950200
vt 0.65084600 0.35873100
vt 0.43488100 0.22171200
vt 0.28941100 0.05035300
vt 0.78941100 0.24065700
vt 0.29000700 0.55650600
vt 0.11991300 0.47581100
vt 0.47837200 0.49154700
vt 0.32200500 0.26226400
vt 0.65783900 0.06155200
vt 0.38510200 0.78991500
vt 0.74339900 0.48210600
vt 0.82823700 0.23617300
vt 0.84831700 0.06784000
vt 0.05627300 0.92834200
vt 0.44151600 0.68071500
vt 0.31327500 0.30381700
vt 0.80908200 0.33269100
vt 0.13447400 0.21184200
vt 0.04696400 0.92085400
vt 0.31028700 0.57475300
vt 0.49859300 0.61526400
vt 0.51596900 0.43834100
vt 0.24031600 0.12764200
vt 0.36313200 0.11471800
vt 0.97585500 0.01756800
vt 0.93049900 0.09436900
vt 0.86665400 0.29664000
vt 0.94408100 0.14620100
vt 0.47811800 0.47668100
vt 0.10389000 0.42361500
vt 0.04492300 0.13469500
vt 0.77136700 0.25693400
vt 0.52299700 0.54831900
vt 0.54043800 0.48726700
vt 0.55293100 0.49447400
vt 0.17804900 0.14112600
vt 0.77568300 0.25689700
vt 0.74605100 0.10229100
vt 0.38746800 0.38032600
vt 0.15093200 0.45019000
vt 0.14030700 0.91116100
vt 0.63535000 0.32893600
vt 0.35845100 0.60255400
vt 0.38882600 0.18070800
vt 0.05079400 0.89746900
vt 0.05526600 0.07357700
vt 0.17154400 0.16682600
vt 0.09351400 0.20267500
vt 0.91949600 0.19731600
vt 0.64125200 0.36382100
vt 0.79105100 0.09148600
vt 0.65559900 0.29954600
vt 0.55054900 0.52074000
vt 0.56174600 0.54435900
vt 0.64285300 0.34348800
vt 0.46037500 0.14801400
vt 0.12864300 0.10059900
vt 0.83741800 0.31620000
vt 0.06117400 0.31173400
vt 0.44961700 0.13949400
vt 0.07910700 0.27296300
vt 0.45742400 0.61236200
vt 0.83195300 0.32797100
vt 0.64080100 0.30018100
vt 0.14942900 0.12991900
vt 0.71094600 0.41100000
vt 0.44129000 0.66914900
vt 0.66105000 0.03900600
vt 0.23009600 0.68453200
vt 0.41544400 0.23656100
vt 0.37727200 0.47194500
vt 0.37706900 0.67074300
vt 0.50169600 0.49488900
vt 0.14828300 0.06251900
vt 0.34398100 0.67728400
vt 0.21052100 0.40634300
vt 0.45517100 0.23847000
vt 0.80553000 0.26091300
vt 0.71569500 0.22858500
vt 0.80183100 0.06235400
vt 0.81423100 0.34571300
vt 0.33147300 0.22062600
vt 0.15166300 0.19295900
vt 0.83838600 0.09581600
vt 0.69394400 0.46096100
vt 0.81709800 0.23976900
vt 0.35085800 0.14711900
vt 0.29608500 0.23822800
vt 0.25131900 0.52583400
vt 0.16868200 0.40561300
vt 0.34143100 0.39822900
vt 0.73933300 0.20301800
vt 0.37452700 0.67234200
vt 0.16245300 0.48475600
vt 0.24822000 0.53187800
vt 0.78005100 0.26156500
vt 0.04256300 0.83421700
vt 0.24162800 0.65492900
vt 0.80952400 0.46102400
vt 0.09055800 0.34039900
vt 0.31334800 0.57131000
vt 0.36968200 0.48717300
vt 0.32913600 0.31878700
vt 0.64335900 0.30012200
vt 0.66240900 0.33922200
vt 0.44872100 0.43197400
vt 0.23298800 0.70662100
vt 0.07932800 0.23932100
vt 0.23840000 0.22319000
vt 0.17387200 0.88487000
vt 0.70664100 0.46679200
vt 0.79386400 0.08436700
vt 0.64855100 0.36788700
vt 0.78960500 0.34370400
vt 0.33580300 0.59579700
vt 0.35508000 0.19802600
vt 0.86028000 0.34842200
vt 0.17798000 0.25036900
vt 0.54675100 0.47295100
vt 0.44212000 0.58651100
vt 0.67140700 0.13790500
vt 0.39085700 0.21079900
vt 0.69910900 0.20067200
vt 0.09868100 0.83355400
vt 0.08767100 0.04223700
vt 0.65677700 0.15376700
vt 0.52185900 0.52132700
vt 0.13477900 0.08496000
vt 0.35860200 0.19251700
vt 0.46200700 0.21317300
vt 0.78131800 0.24577900
vt 0.07883100 0.22012800
vt 0.81426500 0.09457400
vt 0.38063100 0.11963600
vt 0.36738100 0.75991700
vt 0.83377700 0.22289200
vt 0.20000800 0.06744700
vt 0.51121700 0.52916000
vt 0.09340200 0.28170700
vt 0.16726400 0.10992400
vt 0.44240000 0.21170000
vt 0.81896600 0.45111700
vt 0.37111600 0.66773300
vt 0.67884700 0.29895300
vt 0.43404900 0.23287100
vt 0.73710700 0.45779200
vt 0.81474300 0.25648800
vt 0.69002000 0.39523300
vt 0.80549200 0.41141800
vt 0.36996600 0.75406100
vt 0.09741900 0.13315300
vt 0.59485300 0.48392100
vt 0.68652700 0.30507700
vt 0.23218600 0.35944600
vt 0.69545300 0.31023800
vt 0.29085800 0.52482200
vt 0.53846300 0.42499800
vt 0.49784000 0.12344500
vt 0.33182300 0.09006000
vt 0.53207400 0.52464300
vt 0.40558400 0.64670700
vt 0.13579100 0.37488900
vt 0.46388400 0.20110500
vt 0.45405200 0.44946900
vt 0.39186300 0.37079500
vt 0.67994700 0.39473800
vt 0.47294600 0.17708600
vt 0.24295400 0.25260000
vt 0.12409600 0.22084800
vt 0.63540800 0.33841000
vt 0.02943600 0.12909500
vt 0.41856200 0.80391000
vt 0.45119300 0.62048900
vt 0.23894300 0.59801000
vt 0.48818000 0.19297100
vt 0.49643500 0.61206900
vt 0.70394500 0.46932700
vt 0.31100700 0.55616800
vt 0.14107100 0.36133900
vt 0.49461300 0.60981600
vt 0.68683600 0.35370100
vt 0.71361500 0.19073100
vt 0.33732700 0.59475300
vt 0.11170700 0.89895400
vt 0.14137400 0.09704400
vt 0.72526200 0.44711300
vt 0.82559600 0.46090800
vt 0.77495300 0.18456000
vt 0.43911700 0.70121200
vt 0.77422600 0.21999300
vt 0.46414100 0.39041900
vt 0.18639700 0.30141500
vt 0.75837900 0.25204600
vt 0.84554900 0.12439600
vt 0.05162000 0.07050200
vt 0.26722100 0.29724000
vt 0.15195100 0.13578000
vt 0.47797400 0.55448800
vt 0.80463200 0.21426400
vt 0.42292800 0.23397400
vt 0.83583800 0.33191800
vt 0.64579100 0.32593700
vt 0.23465600 0.50009700
vt 0.19031700 0.47321100
vt 0.12853100 0.12965000
vt 0.27433700 0.07473400
vt 0.44932700 0.23687700
vt 0.50155300 0.60230000
vt 0.59381200 0.48900900
vt 0.57848200 0.59294100
vt 0.38057700 0.11549200
vt 0.43903900 0.73655600
vt 0.00893100 0.06369600
vt 0.63879500 0.09388200
vt 0.85333900 0.06628500
vt 0.82143100 0.04982800
vt 0.75827600 0.25393900
vt 0.50872900 0.53986200
vt 0.30343600 0.30890200
vt 0.29843500 0.05540900
vt 0.22236900 0.06411200
vt 0.07750100 0.43564900
vt 0.46286500 0.15093100
vt 0.40031500 0.43078600
vt 0.19718600 0.20006100
vt 0.49062300 0.55011300
vt 0.66059400 0.29363000
vt 0.25660100 0.30041700
vt 0.71827400 0.18789500
vt 0.83094600 0.20587700
vt 0.09166600 0.31309400
vt 0.88505700 0.11727500
vt 0.54607900 0.46239900
vt 0.12910100 0.08905800
vt 0.33403400 0.59071900
vt 0.31642100 0.05216500
vt 0.84893600 0.05717400
vt 0.36552900 0.48734500
vt 0.33615300 0.16609000
vt 0.25672200 0.66556300
vt 0.83257200 0.06539000
vt 0.46746200 0.16660000
vt 0.33349000 0.60028300
vt 0.26329500 0.07189300
vt 0.71753400 0.40694300
vt 0.47444900 0.40000100
vt 0.34863400 0.15049500
vt 0.33816900 0.26317600
vt 0.80769500 0.05446900
vt 0.65222900 0.46922800
vt 0.63967100 0.45723800
vt 0.06812900 0.31765900
vt 0.19123300 0.86284000
vt 0.06533000 0.29710100
vt 0.33786100 0.60829800
vt 0.19943200 0.33407400
vt 0.07498300 0.43407100
vt 0.29501800 0.70689900
vt 0.48340600 0.19246200
vt 0.35754800 0.20496900
vt 0.81279800 0.13413200
vt 0.53951600 0.55373100
vt 0.19500000 0.21331800
vt 0.17876300 0.21134700
vt 0.46131000 0.20815000
vt 0.14763100 0.31221400
vt 0.39515000 0.15396800
vt 0.50587800 0.50696100
vt 0.80864200 0.06457100
vt 0.87585000 0.07295500
vt 0.80240800 0.41113800
vt 0.18677500 0.92045800
vt 0.14461300 0.95749500
vt 0.51995100 0.53797400
vt 0.47091800 0.16126000
vt 0.54122500 0.48249500
vt 0.27079100 0.61952000
vt 0.72092500 0.42950200
vt 0.33574300 0.30864200
vt 0.16431300 0.11704000
vt 0.97534800 0.01957200
vt 0.87280300 0.08127600
vt 0.98597900 0.06956400
vt 0.01715200 0.98080200
vt 0.09627700 0.42436100
vt 0.78877600 0.33159100
vt 0.64143500 0.35762300
vt 0.24119300 0.19280100
vt 0.75694100 0.24755900
vt 0.65177400 0.31998300
vt 0.36683800 0.64539800
vt 0.20282500 0.12850900
vt 0.25873100 0.52065600
vt 0.08757000 0.20134900
vt 0.17777100 0.37605600
vt 0.25787300 0.17762800
vt 0.80661800 0.24937300
vt 0.79621600 0.42167900
vt 0.49386800 0.18521100
vt 0.50483000 0.44164500
vt 0.11648500 0.10631800
vt 0.64019500 0.47035100
vt 0.11446300 0.09343200
vt 0.76057700 0.25296900
vt 0.08795100 0.89552600
vt 0.67324200 0.36352100
vt 0.67633700 0.36510400
vt 0.31741800 0.52255100
vt 0.15578000 0.12248100
vt 0.43978800 0.22734500
vt 0.12776900 0.32061900
vt 0.81194000 0.10863000
vt 0.64685300 0.45833800
vt 0.31606200 0.23726000
vt 0.26872200 0.23388200
vt 0.12816500 0.13822300
vt 0.84393300 0.06820200
vt 0.23177300 0.46514100
vt 0.21737600 0.45584800
vt 0.97395600 0.01442200
vt 0.71446100 0.21947400
vt 0.19505200 0.88553400
vt 0.77858400 0.26091700
vt 0.53040900 0.62147600
vt 0.83781500 0.04803600
vt 0.51084600 0.49914300
vt 0.81017600 0.34421800
vt 0.14278100 0.75317100
vt 0.24404700 0.12353900
vt 0.08562500 0.88644600
vt 0.06048900 0.37646800
vt 0.05015000 0.30263100
vt 0.48187000 0.40820200
vt 0.28677200 0.52014300
vt 0.77094300 0.23037200
vt 0.24602300 0.31514300
vt 0.79675800 0.26931700
vt 0.72403900 0.43183500
vt 0.83373500 0.09884000
vt 0.44580500 0.23136100
vt 0.34052400 0.43445400
vt 0.34189000 0.10629200
vt 0.34531200 0.50836800
vt 0.34774900 0.43192800
vt 0.32300700 0.28800000
vt 0.63229800 0.41843800
vt 0.34430500 0.39203600
vt 0.15533800 0.08343500
vt 0.44300000 0.13393600
vt 0.86261200 0.07709300
vt 0.11176800 0.07665900
vt 0.68087500 0.18818800
vt 0.86656200 0.30186100
vt 0.12253600 0.10311000
vt 0.71010600 0.44064600
vt 0.37885400 0.19685600
vt 0.21319400 0.36852100
vt 0.64568000 0.32739900
vt 0.83324300 0.10383000
vt 0.27156100 0.06116800
vt 0.20952700 0.21750000
vt 0.20965900 0.74722400
vt 0.43963700 0.69136900
vt 0.22525000 0.37773500
vt 0.07268100 0.43075800
vt 0.80619800 0.40152600
vt 0.39797100 0.39675700
vt 0.10400500 0.95584300
vt 0.38608400 0.14823200
vt 0.36285500 0.67017500
vt 0.08993300 0.12995900
vt 0.45364800 0.42174000
vt 0.65421900 0.36794900
vt 0.80206900 0.26888500
vt 0.24084000 0.08094800
vt 0.13722300 0.08364100
vt 0.85408000 0.18980200
vt 0.05677200 0.30004300
vt 0.87373300 0.10722400
vt 0.04153800 0.82950800
vt 0.41245900 0.21777100
vt 0.50778000 0.43913100
vt 0.33315500 0.08527000
vt 0.49570500 0.12783700
vt 0.39362100 0.67983400
vt 0.30826700 0.57207700
vt 0.35403300 0.78408600
vt 0.69035100 0.18986900
vt 0.52157800 0.47554100
vt 0.91359300 0.03770300
vt 0.71853800 0.45220000
vt 0.70630300 0.30970300
vt 0.12667400 0.31691700
vt 0.65811200 0.05825200
vt 0.20290900 0.17741700
vt 0.38348400 0.17646100
vt 0.28168300 0.68670800
vt 0.27432000 0.25904700
vt 0.23212600 0.42298400
vt 0.64224000 0.36552300
vt 0.79292400 0.09015500
vt 0.09135800 0.16159600
vt 0.41982600 0.42951500
vt 0.07967600 0.41523200
vt 0.85583600 0.29970300
vt 0.75817900 0.21130700
vt 0.31441900 0.68394100
vt 0.36072900 0.10585500
vt 0.72535700 0.07525100
vt 0.72155000 0.45450900
vt 0.04795200 0.13278800
vt 0.18074500 0.39686600
vt 0.28758300 0.04519000
vt 0.12434100 0.84284000
vt 0.36479700 0.59203600
vt 0.18026400 0.18252400
vt 0.18137100 0.18275700
vt 0.16774800 0.83235900
vt 0.19138600 0.87442200
vt 0.53637800 0.53779700
vt 0.38541200 0.13661500
vt 0.02992600 0.13627900
vt 0.09054300 0.43184200
vt 0.07713900 0.29564500
vt 0.30030600 0.28841500
vt 0.40839300 0.20841100
vt 0.40438500 0.23668100
vt 0.38453300 0.56615100
vt 0.06496000 0.83278100
vt 0.30102600 0.60295300
vt 0.81622600 0.04827500
vt 0.50937700 0.62379800
vt 0.13258900 0.75911100
vt 0.28028300 0.80102500
vt 0.78966300 0.34031300
vt 0.47559300 0.39759300
vt 0.34903600 0.16445900
vt 0.33667300 0.17167500
vt 0.06087700 0.31422100
vt 0.84119500 0.10867400
vt 0.73265400 0.20207800
vt 0.63850300 0.33989400
vt 0.14101800 0.31271600
vt 0.14364000 0.36896500
vt 0.23524700 0.04923400
vt 0.31825700 0.62916500
vt 0.81242900 0.35491500
vt 0.17983400 0.29074600
vt 0.93560400 0.13178400
vt 0.71185400 0.44635400
vt 0.16518400 0.31012800
vt 0.81302900 0.35868200
vt 0.31116600 0.52431500
vt 0.65925200 0.30780400
vt 0.22240700 0.10179600
vt 0.14262600 0.69597300
vt 0.30000400 0.74222900
vt 0.15010900 0.33331700
vt 0.27646100 0.02869400
vt 0.44606400 0.39275100
vt 0.39734200 0.72782900
vt 0.19581300 0.32264200
vt 0.10186700 0.20507800
vt 0.45826500 0.23257300
vt 0.44451500 0.22559400
vt 0.53410500 0.53321500
vt 0.36129900 0.48654600
vt 0.15140700 0.46006400
vt 0.28002500 0.07381300
vt 0.77399300 0.25897700
vt 0.39725000 0.57451400
vt 0.78617300 0.34182600
vt 0.38603200 0.18383400
vt 0.10452800 0.23104400
vt 0.67720400 0.35013200
vt 0.13247800 0.12344500
vt 0.80915200 0.04934800
vt 0.50256200 0.62327500
vt 0.71982100 0.23456500
vt 0.22865600 0.07000100
vt 0.14488500 0.46333200
vt 0.44230600 0.43973500
vt 0.22558900 0.22219800
vt 0.54965900 0.49158400
vt 0.37662300 0.19896000
vt 0.16852000 0.24672900
vt 0.80282800 0.27114300
vt 0.72616000 0.43885600
vt 0.15366300 0.07250800
vt 0.77227500 0.44982400
vt 0.36404700 0.44505500
vt 0.49380600 0.19511100
vt 0.79678400 0.07766200
vt 0.65645500 0.36915900
vt 0.20766600 0.33893900
vt 0.37306500 0.70134800
vt 0.77302100 0.23861600
vt 0.13867600 0.88484700
vt 0.35224600 0.61179900
vt 0.11630300 0.34217500
vt 0.64004600 0.41086900
vt 0.14702700 0.73372200
vt 0.08281100 0.24846100
vt 0.07652900 0.26263700
vt 0.24597900 0.14288300
vt 0.52062600 0.56832700
vt 0.40956300 0.41064300
vt 0.63061600 0.12020400
vt 0.32387100 0.36687300
vt 0.50167000 0.42463700
vt 0.47231000 0.20999600
vt 0.51862200 0.43784000
vt 0.80613300 0.26717800
vt 0.73059000 0.44423500
vt 0.22124900 0.31427500
vt 0.73333400 0.24038200
vt 0.46670000 0.39266500
vt 0.32439800 0.66560800
vt 0.23090900 0.69847800
vt 0.23510200 0.30728400
vt 0.71313600 0.40586700
vt 0.76466300 0.26191200
vt 0.11852600 0.20516600
vt 0.96977700 0.15541300
vt 0.77756200 0.21826000
vt 0.25578300 0.23163900
vt 0.93795800 0.13891100
vt 0.46895800 0.17033200
vt 0.79347600 0.23785900
vt 0.92748200 0.04122700
vt 0.53289200 0.47357600
vt 0.72131800 0.23943200
vt 0.32051200 0.29061800
vt 0.71638100 0.40832500
vt 0.13861600 0.09765200
vt 0.27971500 0.09250800
vt 0.59708500 0.48332500
vt 0.15684100 0.18461200
vt 0.23971600 0.68661000
vt 0.35848600 0.14101700
vt 0.81670100 0.33365400
vt 0.40971300 0.22100400
vt 0.22010400 0.38929800
vt 0.31725200 0.12382400
vt 0.14018200 0.12614300
vt 0.68702300 0.39282300
vt 0.33831600 0.44546700
vt 0.79930900 0.21698800
vt 0.63034200 0.44714000
vt 0.07268300 0.93676700
vt 0.14853500 0.38491000
vt 0.84103400 0.29214000
vt 0.06171700 0.38700400
vt 0.16163200 0.38283700
vt 0.39118600 0.15961100
vt 0.13404200 0.15267200
vt 0.13974700 0.39098600
vt 0.83224600 0.29821500
vt 0.33169000 0.29368400
vt 0.35170600 0.17383000
vt 0.66627900 0.04395200
vt 0.43721600 0.66466200
vt 0.59832100 0.47910000
vt 0.59907200 0.48261200
vt 0.69347700 0.30711800
vt 0.43456700 0.46579200
vt 0.46309600 0.23464800
vt 0.14025600 0.06619500
vt 0.68551900 0.48921000
vt 0.65952700 0.32286000
vt 0.44244500 0.69577200
vt 0.83748900 0.10727700
vt 0.33662800 0.21511300
vt 0.64072600 0.09165600
vt 0.43835800 0.73306400
vt 0.16129500 0.35904200
vt 0.49899200 0.51754700
vt 0.52461000 0.49431900
vt 0.66506700 0.06129200
vt 0.82484700 0.10569300
vt 0.17175300 0.43339700
vt 0.64996100 0.38985700
vt 0.70806900 0.22117000
vt 0.96756500 0.01611800
vt 0.82659800 0.04639900
vt 0.51950500 0.62199200
vt 0.33834000 0.34323800
vt 0.24092100 0.67071700
vt 0.16052000 0.05603300
vt 0.26630100 0.07234900
vt 0.25973800 0.27071000
vt 0.41266300 0.52773700
vt 0.11246200 0.85516900
vt 0.81030000 0.10317300
vt 0.28708400 0.34259100
vt 0.38482100 0.41814900
vt 0.42398300 0.56157900
vt 0.82154900 0.05652600
vt 0.34625100 0.13268400
vt 0.43368600 0.38574400
vt 0.10439600 0.95383600
vt 0.45506900 0.13996700
vt 0.66696900 0.35405900
vt 0.05988600 0.83035500
vt 0.32721800 0.61501100
vt 0.48769500 0.62281700
vt 0.98646100 0.09014300
vt 0.64547900 0.36583500
vt 0.81126800 0.33576000
vt 0.64296800 0.43269900
vt 0.05307000 0.30787500
vt 0.06281800 0.37096300
vt 0.39597500 0.20303700
vt 0.40487500 0.13749700
vt 0.37980100 0.67331700
vt 0.72033100 0.15945500
vt 0.36765800 0.14809800
vt 0.76721400 0.20510000
vt 0.84243000 0.10493300
vt 0.21220600 0.31006500
vt 0.33113200 0.40612300
vt 0.20709400 0.67506200
vt 0.35702700 0.60253000
vt 0.13000800 0.35332700
vt 0.53962300 0.51391900
vt 0.10514700 0.18469400
vt 0.35931800 0.32536200
vt 0.71749300 0.41194400
vt 0.71153300 0.45854700
vt 0.85569600 0.06931300
vt 0.82162900 0.11773800
vt 0.07719400 0.41940800
vt 0.11193700 0.20863900
vt 0.23157200 0.04521500
vt 0.17414400 0.07168700
vt 0.85292100 0.07883300
vt 0.29582300 0.05262100
vt 0.93418600 0.13890100
vt 0.40635900 0.21146200
vt 0.17401900 0.39530300
vt 0.81643300 0.08629700
vt 0.49814100 0.54962400
vt 0.65246400 0.29502200
vt 0.25179600 0.06279700
vt 0.08522600 0.04339300
vt 0.65433200 0.15492300
vt 0.82179700 0.35586200
vt 0.16943800 0.30333500
vt 0.38870700 0.16348900
vt 0.25372700 0.16986400
vt 0.09629400 0.21202100
vt 0.49093900 0.61225300
vt 0.68316300 0.35613900
vt 0.47745100 0.15276000
vt 0.70338200 0.30767300
vt 0.47108100 0.18561800
vt 0.66345900 0.06924800
vt 0.85542800 0.10158500
vt 0.83552700 0.07696000
vt 0.62648300 0.32668700
vt 0.70536600 0.20133600
vt 0.06170000 0.30093500
vt 0.38770800 0.42939700
vt 0.15576800 0.35940100
vt 0.13687800 0.91232800
vt 0.13998000 0.96796800
vt 0.75785500 0.22752200
vt 0.25304000 0.53111000
vt 0.33639000 0.13276800
vt 0.54391800 0.51559400
vt 0.21554500 0.68035700
vt 0.33908100 0.13674200
vt 0.76814600 0.23695800
vt 0.17824600 0.36146800
vt 0.97698700 0.01478100
vt 0.36280100 0.14230800
vt 0.69767300 0.31392500
vt 0.23106900 0.29088900
vt 0.34816700 0.76615100
vt 0.29941200 0.57869200
vt 0.13820700 0.38365800
vt 0.82130400 0.45202700
vt 0.38497300 0.48427300
vt 0.39400800 0.36701100
vt 0.08515700 0.33399700
vt 0.08581500 0.34545500
vt 0.40924200 0.37755000
vt 0.38412800 0.19298200
vt 0.31830700 0.55333300
vt 0.79663600 0.09709600
vt 0.45590900 0.22877200
vt 0.38078600 0.44288400
vt 0.82005800 0.12521800
vt 0.78092400 0.20655000
vt 0.91351900 0.07271600
vt 0.15226300 0.32452000
vt 0.47329600 0.46665600
vt 0.75339400 0.24628000
vt 0.22734200 0.20674800
vt 0.86509600 0.11778800
vt 0.12317000 0.35048600
vt 0.49869600 0.41712700
vt 0.83383200 0.34557900
vt 0.35593300 0.33546100
vt 0.47766200 0.40352500
vt 0.41362500 0.60670800
vt 0.63626200 0.34076700
vt 0.16258500 0.35449900
vt 0.09185700 0.05794500
vt 0.66096300 0.16947500
vt 0.82798900 0.11892800
vt 0.67425400 0.36306200
vt 0.31614000 0.53396400
vt 0.76142900 0.19236200
vt 0.30781300 0.07145400
vt 0.64460500 0.44198900
vt 0.64933500 0.43982900
vt 0.98543800 0.12587100
vt 0.74129700 0.24355500
vt 0.63423000 0.34208100
vt 0.39537900 0.57499900
vt 0.70632800 0.46035400
vt 0.16441100 0.91365900
vt 0.38157200 0.14862500
vt 0.73777600 0.18199200
vt 0.85168200 0.10169400
vt 0.15203900 0.37991800
vt 0.49727100 0.38963100
vt 0.45186800 0.25649300
vt 0.44368900 0.68680000
vt 0.13552500 0.39757300
vt 0.82802500 0.30480300
vt 0.06560000 0.42196000
vt 0.09610200 0.20042100
vt 0.21619400 0.87917400
vt 0.79718400 0.10124600
vt 0.73241800 0.22272600
vt 0.79171500 0.09567100
vt 0.40318100 0.72989800
vt 0.86651100 0.10722400
vt 0.65581300 0.31544400
vt 0.86568500 0.06543000
vt 0.78775300 0.09709800
vt 0.63890100 0.36259600
vt 0.79790400 0.34158200
vt 0.76846600 0.19660600
vt 0.22592500 0.06730300
vt 0.09308300 0.78595100
vt 0.65797000 0.07183400
vt 0.05087800 0.30258200
vt 0.85163000 0.12813800
vt 0.08260100 0.12070600
vt 0.38268400 0.18602000
vt 0.30548100 0.16329500
vt 0.10900200 0.07219800
vt 0.67810800 0.18372700
vt 0.54603900 0.44945300
vt 0.93805400 0.01161500
vt 0.33271200 0.06613200
vt 0.52243000 0.56114400
vt 0.71465300 0.30502900
vt 0.29858300 0.54770200
vt 0.12969700 0.11541600
vt 0.55711200 0.47194800
vt 0.21251600 0.30078600
vt 0.16520000 0.44659000
vt 0.35122200 0.30450000
vt 0.13475500 0.40310600
vt 0.73041800 0.23904600
vt 0.14485100 0.37091800
vt 0.42102600 0.53842100
vt 0.09420600 0.96327400
vt 0.36012800 0.08931900
vt 0.46976400 0.12440800
vt 0.63129100 0.45037600
vt 0.24356100 0.64503600
vt 0.45914800 0.47258900
vt 0.65940000 0.08348500
vt 0.06599100 0.31225400
vt 0.81627700 0.07672200
vt 0.67279800 0.12939900
vt 0.05495000 0.31034100
vt 0.06442200 0.36823400
vt 0.40193800 0.55968700
vt 0.15484800 0.38016800
vt 0.15920800 0.36319800
vt 0.97206000 0.02164300
vt 0.78798100 0.09575300
vt 0.63915300 0.36390400
vt 0.70623300 0.31426300
vt 0.07762000 0.78255400
vt 0.03453300 0.82782400
vt 0.06572700 0.36888800
vt 0.37599100 0.59402400
vt 0.36978400 0.76430700
vt 0.03646200 0.83143400
vt 0.16123500 0.35670600
vt 0.65906200 0.46234100
vt 0.77576400 0.26486900
vt 0.87786200 0.07134400
vt 0.87804400 0.07274200
vt 0.87823900 0.07427500
vt 0.36545400 0.20030900
vt 0.80856200 0.35187800
vt 0.25342600 0.31059200
vt 0.21304600 0.77675200
vt 0.70055600 0.47105300
vt 0.74689800 0.24815300
vt 0.21304800 0.39151800
vt 0.37532600 0.13735800
vt 0.10913300 0.09928500
vt 0.62564100 0.45201400
vt 0.98904800 0.08948900
vt 0.57313600 0.57026900
vt 0.09716900 0.34293700
vt 0.35343200 0.62914900
vt 0.51852500 0.51375900
vt 0.79609800 0.22934500
vt 0.56604000 0.55816300
vt 0.80430500 0.10477800
vt 0.46573100 0.23134600
vt 0.47557000 0.21348600
vt 0.15295900 0.30541500
vt 0.63209200 0.30454800
vt 0.10370600 0.32052100
vt 0.31764100 0.54656400
vt 0.63961900 0.36254300
vt 0.77855100 0.23227900
vt 0.47409400 0.43499300
vt 0.40350600 0.70621900
vt 0.16795100 0.39455100
vt 0.39291000 0.15623400
vt 0.82888700 0.39011300
vt 0.42065900 0.38534400
vt 0.38763700 0.12366100
vt 0.40672600 0.13591900
vt 0.24718200 0.14099100
vt 0.12591800 0.32461600
vt 0.38279700 0.45492600
vt 0.64037000 0.46542000
vt 0.20759700 0.66401100
vt 0.21787700 0.65706100
vt 0.13040300 0.45436500
vt 0.39181100 0.15045900
vt 0.34722600 0.21348400
vt 0.12089800 0.09803900
vt 0.76935000 0.19277900
vt 0.40881100 0.69657400
vt 0.72423900 0.22145700
vt 0.98373400 0.01640400
vt 0.71351500 0.22679200
vt 0.69374400 0.34303000
vt 0.08408000 0.43016300
vt 0.51648800 0.49551000
vt 0.34430200 0.53742800
vt 0.30053500 0.55728700
vt 0.48759100 0.49190500
vt 0.12646000 0.10183900
vt 0.67198400 0.31061100
vt 0.13283000 0.91272600
vt 0.09829600 0.32756700
vt 0.69392800 0.38829500
vt 0.81450600 0.33453500
vt 0.52159400 0.43803300
vt 0.33150800 0.19732300
vt 0.14314100 0.33251600
vt 0.32949900 0.54552700
vt 0.32762700 0.54203100
vt 0.41197700 0.80894600
vt 0.09162100 0.43875700
vt 0.85234900 0.29433600
vt 0.16576900 0.36153000
vt 0.75434400 0.25551400
vt 0.81164100 0.09832800
vt 0.18900000 0.85297200
vt 0.98405500 0.12758500
vt 0.80815400 0.42807200
vt 0.47251600 0.38350800
vt 0.42616800 0.26198800
vt 0.37868400 0.14576400
vt 0.31110600 0.57621300
vt 0.50328900 0.43819800
vt 0.42908800 0.23726300
vt 0.35239800 0.35602800
vt 0.92677000 0.09738400
vt 0.16551500 0.34918800
vt 0.38643800 0.73032800
vt 0.22215500 0.41688600
vt 0.37436500 0.08786600
vt 0.45373300 0.12960100
vt 0.28532000 0.34574400
vt 0.66060600 0.31870600
vt 0.82699900 0.11350200
vt 0.84781700 0.09643200
vt 0.70247400 0.18103700
vt 0.74379900 0.25464900
vt 0.50436100 0.16158900
vt 0.47227400 0.39895700
vt 0.21022500 0.30891000
vt 0.85734600 0.11673100
vt 0.17367200 0.42738900
vt 0.79607500 0.24690600
vt 0.80172000 0.26983600
vt 0.72575600 0.43707100
vt 0.72249400 0.44814100
vt 0.38896000 0.21209200
vt 0.83309300 0.46231500
vt 0.38384400 0.52419200
vt 0.86243400 0.30203100
vt 0.04043100 0.91633300
vt 0.76001100 0.24731500
vt 0.35492200 0.43871000
vt 0.51354400 0.50263300
vt 0.82796000 0.10028300
vt 0.71708300 0.08202000
vt 0.18107000 0.18196900
vt 0.19003700 0.19114300
vt 0.72444000 0.22654400
vt 0.23948300 0.30561800
vt 0.11879300 0.10401800
vt 0.12126900 0.06052200
vt 0.69037600 0.17205200
vt 0.15213400 0.38137600
vt 0.39260200 0.18581300
vt 0.40552000 0.37966200
vt 0.45531600 0.38081200
vt 0.40814400 0.26619500
vt 0.62786500 0.42414100
vt 0.13681300 0.08159200
vt 0.58179900 0.47834400
vt 0.25969400 0.78614800
vt 0.72942700 0.21761300
vt 0.65842500 0.31599700
vt 0.21427700 0.60156500
vt 0.15177100 0.66554400
vt 0.05372300 0.38872800
vt 0.06804300 0.22290600
vt 0.66697100 0.06433600
vt 0.67397100 0.39581300
vt 0.25248100 0.29953800
vt 0.11339300 0.22851700
vt 0.37856800 0.09318100
vt 0.34019500 0.19010900
vt 0.79763500 0.10796400
vt 0.06571000 0.42706500
vt 0.10064900 0.20267000
vt 0.52347200 0.54013300
vt 0.33373900 0.63577600
vt 0.21653900 0.89558000
vt 0.19952100 0.78909400
vt 0.12785200 0.34307300
vt 0.69282900 0.10944600
vt 0.52592900 0.54644000
vt 0.31726800 0.24434400
vt 0.12032400 0.83427100
vt 0.46902300 0.18094100
vt 0.07702700 0.79606200
vt 0.04908400 0.82755100
vt 0.52902100 0.53591900
vt 0.63470700 0.43233000
vt 0.14675100 0.38787000
vt 0.83925000 0.29510000
vt 0.79388700 0.08896700
vt 0.64270200 0.36656700
vt 0.12939200 0.96651800
vt 0.22877800 0.07236600
vt 0.23977200 0.19717800
vt 0.12912500 0.06659000
vt 0.66817900 0.48203600
vt 0.52023200 0.50964000
vt 0.27374100 0.26025600
vt 0.12957800 0.33476100
vt 0.79750600 0.06069500
vt 0.48603300 0.62156600
vt 0.23119400 0.79343600
vt 0.67109700 0.29394300
vt 0.48049400 0.55066000
vt 0.07668200 0.83064500
vt 0.68020000 0.42449000
vt 0.36919600 0.49690700
vt 0.88379800 0.10368900
vt 0.18005200 0.89547400
vt 0.30758800 0.50172700
vt 0.40887900 0.79963100
vt 0.35862800 0.33791400
vt 0.82029200 0.22724000
vt 0.37350300 0.71677400
vt 0.82739900 0.07709500
vt 0.05480900 0.38624500
vt 0.04314000 0.29172800
vt 0.81530200 0.05634400
vt 0.30204500 0.69859300
vt 0.65812000 0.36404700
vt 0.79910700 0.26557600
vt 0.43829900 0.21965000
vt 0.71787400 0.41050200
vt 0.37528600 0.17709800
vt 0.16766300 0.36291400
vt 0.16895200 0.36112600
vt 0.67895900 0.46286600
vt 0.52913900 0.54460800
vt 0.34993500 0.15305100
vt 0.93322000 0.03933600
vt 0.48597900 0.54137100
vt 0.22901500 0.66566200
vt 0.11546900 0.20665600
vt 0.17446100 0.47983900
vt 0.80824000 0.09261000
vt 0.78163900 0.25561400
vt 0.02611200 0.98337000
vt 0.16413100 0.15594400
vt 0.74340300 0.18513400
vt 0.70483300 0.46617000
vt 0.51475700 0.55779700
vt 0.68472000 0.34256000
vt 0.10418700 0.89621300
vt 0.16104000 0.34801200
vt 0.55159200 0.55223700
vt 0.17658600 0.78189900
vt 0.73409700 0.21089100
vt 0.81941700 0.35615200
vt 0.16873300 0.30510700
vt 0.51557300 0.39061900
vt 0.46938000 0.24932400
vt 0.29142900 0.60635000
vt 0.06077000 0.41239700
vt 0.08753700 0.20610300
vt 0.91351900 0.20074400
vt 0.42465200 0.22160000
vt 0.45065400 0.21422600
vt 0.08346800 0.28278400
vt 0.83559200 0.32376700
vt 0.63911000 0.40648600
vt 0.32271000 0.65550400
vt 0.10512900 0.14836100
vt 0.08956400 0.14483800
vt 0.56707100 0.56322400
vt 0.40271600 0.13818500
vt 0.32041800 0.54623300
vt 0.40813300 0.21963100
vt 0.64973300 0.36686200
vt 0.06157000 0.37571700
vt 0.64531800 0.41774900
vt 0.31444800 0.66110200
vt 0.40519900 0.59397200
vt 0.10042400 0.12607100
vt 0.70825600 0.46069100
vt 0.81504900 0.11438200
vt 0.08989700 0.42397300
vt 0.07411000 0.42795300
vt 0.36328200 0.64524800
vt 0.08642300 0.90309300
vt 0.65621000 0.40006800
vt 0.36340800 0.33884300
vt 0.37692100 0.44735000
vt 0.39352700 0.16537900
vt 0.86667900 0.30078600
vt 0.08771400 0.10937600
vt 0.08245500 0.14722100
vt 0.54232200 0.47139000
vt 0.12135300 0.11990600
vt 0.28855300 0.44380500
vt 0.68023200 0.30680000
vt 0.20885700 0.87753100
vt 0.83611900 0.12278000
vt 0.28351800 0.09046900
vt 0.39058200 0.15517000
vt 0.42676100 0.63315400
vt 0.69052100 0.03242000
vt 0.50937700 0.55418400
vt 0.34622400 0.17378800
vt 0.51804500 0.56446600
vt 0.62638600 0.30523000
vt 0.76966800 0.23574500
vt 0.14418500 0.19122800
vt 0.71988200 0.17428100
vt 0.65441000 0.36416700
vt 0.87573800 0.12905300
vt 0.18038000 0.06809900
vt 0.72564200 0.49111300
vt 0.48933400 0.61613700
vt 0.68155800 0.36002200
vt 0.16363600 0.47908500
vt 0.27546100 0.28656100
vt 0.15809700 0.21261200
vt 0.13025800 0.86550000
vt 0.06226400 0.37459700
vt 0.21359700 0.44416400
vt 0.28056700 0.03112000
vt 0.36249600 0.19604200
vt 0.40029500 0.21281200
vt 0.79074500 0.25200800
vt 0.10368300 0.20972100
vt 0.55423000 0.55315100
vt 0.18630900 0.15632200
vt 0.46469100 0.19339400
vt 0.29639800 0.15718400
vt 0.35884800 0.30906900
vt 0.38109200 0.41903300
vt 0.39259600 0.19116000
vt 0.21381700 0.79195200
vt 0.11776000 0.97650200
vt 0.44730700 0.23538200
vt 0.84347300 0.06055900
vt 0.64904900 0.32181600
vt 0.80759400 0.35868000
vt 0.15331500 0.21351900
vt 0.34809100 0.44802600
vt 0.41835500 0.66120100
vt 0.77558000 0.19874200
vt 0.84103300 0.07957100
vt 0.13898300 0.36788700
vt 0.36814700 0.76811900
vt 0.64307000 0.46615200
vt 0.50979800 0.62034300
vt 0.15735900 0.14099900
vt 0.72078000 0.44601200
vt 0.77178900 0.24074700
vt 0.16081600 0.35126600
vt 0.10689200 0.83506700
vt 0.40437300 0.67318000
vt 0.66293700 0.31559100
vt 0.63093500 0.44351200
vt 0.21680400 0.36378300
vt 0.35636700 0.77372700
vt 0.36145900 0.32690800
vt 0.31088000 0.29133000
vt 0.65641300 0.36407800
vt 0.16368900 0.08783600
vt 0.71884200 0.41132300
vt 0.77429300 0.26473900
vt 0.87317600 0.13579600
vt 0.15442000 0.13842500
vt 0.72057700 0.45021800
vt 0.21736600 0.38125500
vt 0.24159700 0.69048300
vt 0.79383700 0.25063600
vt 0.73601200 0.18785700
vt 0.30718900 0.57780200
vt 0.16347200 0.08698700
vt 0.06157000 0.39217200
vt 0.69824900 0.35193000
vt 0.50602600 0.60804500
vt 0.38170400 0.17411100
vt 0.69422800 0.19676400
vt 0.68686600 0.48088900
vt 0.54230500 0.54248400
vt 0.67391100 0.30844100
vt 0.09827800 0.83070700
vt 0.80744300 0.05825200
vt 0.16480800 0.35291900
vt 0.95528300 0.06371300
vt 0.40090100 0.37052000
vt 0.38197300 0.48970600
vt 0.25027300 0.50930100
vt 0.78261900 0.34134400
vt 0.14959900 0.31440200
vt 0.15657800 0.36488000
vt 0.15023900 0.37854400
vt 0.16670600 0.38596600
vt 0.67169900 0.39149500
vt 0.86016400 0.13481700
vt 0.15789800 0.79399900
vt 0.17020800 0.07761500
vt 0.63612800 0.30337300
vt 0.47564700 0.47109000
vt 0.70131700 0.45844400
vt 0.28454100 0.07801100
vt 0.43038900 0.23442000
vt 0.45234900 0.23297800
vt 0.49054300 0.53886500
vt 0.29910700 0.59878100
vt 0.45250900 0.20229400
vt 0.32226600 0.34453000
vt 0.20839900 0.72379800
vt 0.41784500 0.13792300
vt 0.38158100 0.41423200
vt 0.23851600 0.22537500
vt 0.21704500 0.42574900
vt 0.38936700 0.17198800
vt 0.40795000 0.22331800
vt 0.46333000 0.52326900
vt 0.48997400 0.20194600
vt 0.80114900 0.33990200
vt 0.20997500 0.32614900
vt 0.34978900 0.75186600
vt 0.20507900 0.12634300
vt 0.85389400 0.29536800
vt 0.16627800 0.36268700
vt 0.27262400 0.80718800
vt 0.34450100 0.34272300
vt 0.31829300 0.46241900
vt 0.13882800 0.73916200
vt 0.54903100 0.52536200
vt 0.55839800 0.54246800
vt 0.42020000 0.67661300
vt 0.22134900 0.32688100
vt 0.05419400 0.14021600
vt 0.10476500 0.08467000
vt 0.37864100 0.13742400
vt 0.67437800 0.36198300
vt 0.67531400 0.36278900
vt 0.48230800 0.61887700
vt 0.38041200 0.65138000
vt 0.12027100 0.79003900
vt 0.67115700 0.39439100
vt 0.42139300 0.22059700
vt 0.28931200 0.70795700
vt 0.24686800 0.19228100
vt 0.19439100 0.34604900
vt 0.82933500 0.34408200
vt 0.29762100 0.72718800
vt 0.63320500 0.45345200
vt 0.35061000 0.31439400
vt 0.81414200 0.47579100
vt 0.38340800 0.50711200
vt 0.50582200 0.59860000
vt 0.35367600 0.18487800
vt 0.06676100 0.37044500
vt 0.64982200 0.47574200
vt 0.11747200 0.08267200
vt 0.47036900 0.20698800
vt 0.47246900 0.39748300
vt 0.47655500 0.20396600
vt 0.13860000 0.35630200
vt 0.66015100 0.08698500
vt 0.10647000 0.07776800
vt 0.10003100 0.33681600
vt 0.65478500 0.29646200
vt 0.25831400 0.60909900
vt 0.16084600 0.08864000
vt 0.25287200 0.45385800
vt 0.66777800 0.29509900
vt 0.48374800 0.54992800
vt 0.26048800 0.58970100
vt 0.34878500 0.77277300
vt 0.30335200 0.57864100
vt 0.19879500 0.91399200
vt 0.71876900 0.24234900
vt 0.67247900 0.39055200
vt 0.24908000 0.51464800
vt 0.08684500 0.26178700
vt 0.71245600 0.45567100
vt 0.63484100 0.43996900
vt 0.48422000 0.54247700
vt 0.09768000 0.28767500
vt 0.15679400 0.45750900
vt 0.36798600 0.16738900
vt 0.58019200 0.49484200
vt 0.37325600 0.35453000
vt 0.78570500 0.34502400
vt 0.34876600 0.14352500
vt 0.25504800 0.16787800
vt 0.47498300 0.48056700
vt 0.13280300 0.28942700
vt 0.63673200 0.43660100
vt 0.74492400 0.25521000
vt 0.69723800 0.39513100
vt 0.34587500 0.16490600
vt 0.10963400 0.17742200
vt 0.35199200 0.77925400
vt 0.30596000 0.57478100
vt 0.40810600 0.26206300
vt 0.79332900 0.24542700
vt 0.40345700 0.21990000
vt 0.34021300 0.42017000
vt 0.79103000 0.24296900
vt 0.23523200 0.20541600
vt 0.74355400 0.49256300
vt 0.06363200 0.37293300
vt 0.45820400 0.20929300
vt 0.14420300 0.90808700
vt 0.73998500 0.20581500
vt 0.17459800 0.43206800
vt 0.12209000 0.44490400
vt 0.39423900 0.21931700
vt 0.71724300 0.42306200
vt 0.94508700 0.03409200
vt 0.44859500 0.49508500
vt 0.38173900 0.55809800
vt 0.14221200 0.76865000
vt 0.34438200 0.54899300
vt 0.41739900 0.41608800
vt 0.77157300 0.19790500
vt 0.54467500 0.47655100
vt 0.66227800 0.30532100
vt 0.43946100 0.70511100
vt 0.15200200 0.16379700
vt 0.18715600 0.08355400
vt 0.68672800 0.47524300
vt 0.64523800 0.14729100
vt 0.07613200 0.03576100
vt 0.10187900 0.15674100
vt 0.43811500 0.39711500
vt 0.35286000 0.18097000
vt 0.36736500 0.77319300
vt 0.38727700 0.65233600
vt 0.34355200 0.32755500
vt 0.70076900 0.15671800
vt 0.72656700 0.45848200
vt 0.44319300 0.69399200
vt 0.65525500 0.38913200
vt 0.96950700 0.02091300
vt 0.38726900 0.17511900
vt 0.41600700 0.23204400
vt 0.79368600 0.35212300
vt 0.93118900 0.14122400
vt 0.36811700 0.67861500
vt 0.84121200 0.29489200
vt 0.53573200 0.54294000
vt 0.17848300 0.47434100
vt 0.49708200 0.53352900
vt 0.94199100 0.14166600
vt 0.49119300 0.54906300
vt 0.68341600 0.29294800
vt 0.22239800 0.30385100
vt 0.34758300 0.20019000
vt 0.51046600 0.50332900
vt 0.49758800 0.18355700
vt 0.71199500 0.41532900
vt 0.73767500 0.09812400
vt 0.15468400 0.20949200
vt 0.16135700 0.31453900
vt 0.94102000 0.13033800
vt 0.50183200 0.62048600
vt 0.07648100 0.96342700
vt 0.38114200 0.58427600
vt 0.03144900 0.83007400
vt 0.00893600 0.97754800
vt 0.07669000 0.77918200
vt 0.13215300 0.08749400
vt 0.36227100 0.09953700
vt 0.57911300 0.57765100
vt 0.54884400 0.54195500
vt 0.16948700 0.10567700
vt 0.84092000 0.30667200
vt 0.16747900 0.06075700
vt 0.33781900 0.67504500
vt 0.39253400 0.57522900
vt 0.82773200 0.33501900
vt 0.77695200 0.22660900
vt 0.34473000 0.17533900
vt 0.76743300 0.24025200
vt 0.70946600 0.18502500
vt 0.39602900 0.14062000
vt 0.82558300 0.46582700
vt 0.67189200 0.29514800
vt 0.48157000 0.55033700
vt 0.84560000 0.29076400
vt 0.15310000 0.38353400
vt 0.77420700 0.26404800
vt 0.97880400 0.02612600
vt 0.63416200 0.31243300
vt 0.42899700 0.55201700
vt 0.16968200 0.77830700
vt 0.54750800 0.55326500
vt 0.30333900 0.24174100
vt 0.25536500 0.60021300
vt 0.44541500 0.14018400
vt 0.85545300 0.30344700
vt 0.83710000 0.29988400
vt 0.45465500 0.20854800
vt 0.84814600 0.07650100
vt 0.34002700 0.22575500
vt 0.40451600 0.26567300
vt 0.31213500 0.55695700
vt 0.34331600 0.34872900
vt 0.11888500 0.31475100
vt 0.51917700 0.55166600
vt 0.67253400 0.05405100
vt 0.81995500 0.33387800
vt 0.73469800 0.21486600
vt 0.41031500 0.73078100
vt 0.35782400 0.47419500
vt 0.84078800 0.33137200
vt 0.79776900 0.22468400
vt 0.28007200 0.51139700
vt 0.36516300 0.13524000
vt 0.14014000 0.74898200
vt 0.11051700 0.46111400
vt 0.36876200 0.59287300
vt 0.03666700 0.06241800
vt 0.10729800 0.19197300
vt 0.47344500 0.39722900
vt 0.46379800 0.44366800
vt 0.41696300 0.50597200
vt 0.16550400 0.38017800
vt 0.07641300 0.19918600
vt 0.87091800 0.07876800
vt 0.35389800 0.60804300
vt 0.62459900 0.42177100
vt 0.14579200 0.09552700
vt 0.37896500 0.58411100
vt 0.73062900 0.48195100
vt 0.05197600 0.28746600
vt 0.23090700 0.45452300
vt 0.22396100 0.44912800
vt 0.48044000 0.45810100
vt 0.37994200 0.73445500
vt 0.29554100 0.04583500
vt 0.36715800 0.72132500
vt 0.51098400 0.51096300
vt 0.70639900 0.03226600
vt 0.18870100 0.36666400
vt 0.32403800 0.56529300
vt 0.35190200 0.16748500
vt 0.01535000 0.96617700
vt 0.37189600 0.74842800
vt 0.71602100 0.46265300
vt 0.74861300 0.20829800
vt 0.63681800 0.30837900
vt 0.57025600 0.59147200
vt 0.46321800 0.15299500
vt 0.78524400 0.19099100
vt 0.42497700 0.65816100
vt 0.27399500 0.79112600
vt 0.42503100 0.42296200
vt 0.14314600 0.37180300
vt 0.36718400 0.49200100
vt 0.28638000 0.70853100
vt 0.12445700 0.31060000
vt 0.05630500 0.30896900
vt 0.14194400 0.32611000
vt 0.11321400 0.29372500
vt 0.37341900 0.49201400
vt 0.34495900 0.45119200
vt 0.05750700 0.06677700
vt 0.64824800 0.32420500
vt 0.86368000 0.13224400
vt 0.73566600 0.20736200
vt 0.52052900 0.52955200
vt 0.07344400 0.13243700
vt 0.56110000 0.61287300
vt 0.53203900 0.48303000
vt 0.14432100 0.18446700
vt 0.62599000 0.44379100
vt 0.10479800 0.30498200
vt 0.12948100 0.21564000
vt 0.40343400 0.24125000
vt 0.71469700 0.45230200
vt 0.33646700 0.16200900
vt 0.46511800 0.52978100
vt 0.79167800 0.34263800
vt 0.81048500 0.24254200
vt 0.82806000 0.13973600
vt 0.34675100 0.38422200
vt 0.38721400 0.18006000
vt 0.38421800 0.19908300
vt 0.49788300 0.52041800
vt 0.63947500 0.40383400
vt 0.23073000 0.29527200
vt 0.33125600 0.26372800
vt 0.82261100 0.10183700
vt 0.22761500 0.39562700
vt 0.15355300 0.48092000
vt 0.24728400 0.31133300
vt 0.32235300 0.53221600
vt 0.78716200 0.26074300
vt 0.05634400 0.90355400
vt 0.43050500 0.14031100
vt 0.50188100 0.15583900
vt 0.38416600 0.54433900
vt 0.32996400 0.71180400
vt 0.71585400 0.44544100
vt 0.53801400 0.43161300
vt 0.14165500 0.21148100
vt 0.62538300 0.42506500
vt 0.80578800 0.33087600
vt 0.13438300 0.46156000
vt 0.85860700 0.42346200
vt 0.40075600 0.54539700
vt 0.81221200 0.44372000
vt 0.07221300 0.28241700
vt 0.10427400 0.08833500
vt 0.62125500 0.43786000
vt 0.64664000 0.46886400
vt 0.65490900 0.35936100
vt 0.81517400 0.07065900
vt 0.09431000 0.43494500
vt 0.79424700 0.35585800
vt 0.14399300 0.20683400
vt 0.39080900 0.16276800
vt 0.78287000 0.24129600
vt 0.08198800 0.22232000
vt 0.50077900 0.13311300
vt 0.53222300 0.43270700
vt 0.32292000 0.68391100
vt 0.52657100 0.43424200
vt 0.38700800 0.16724300
vt 0.20387100 0.07532600
vt 0.68070500 0.32487700
vt 0.50721900 0.16225600
vt 0.94241300 0.13955500
vt 0.32849400 0.31505600
vt 0.68226700 0.29493000
vt 0.61868000 0.12481900
vt 0.04410900 0.05365100
vt 0.69201900 0.39026000
vt 0.98104600 0.13342800
vt 0.98863200 0.12539300
vt 0.79341300 0.09668600
vt 0.36730200 0.79474200
vt 0.30220400 0.56623800
vt 0.66517300 0.46366000
vt 0.67477400 0.46794200
vt 0.66550800 0.46832900
vt 0.17895300 0.91474000
vt 0.35480200 0.41563400
vt 0.54740600 0.48043800
vt 0.12234900 0.83771000
vt 0.16571400 0.30681800
vt 0.92148400 0.14785700
vt 0.06277700 0.37812500
vt 0.68070900 0.39211500
vt 0.96944700 0.12865000
vt 0.77505900 0.22813900
vt 0.36508600 0.67415500
vt 0.12143500 0.31781300
vt 0.86781500 0.13713300
vt 0.72377700 0.23054100
vt 0.12198400 0.12347100
vt 0.80999300 0.46504500
vt 0.30028900 0.38776600
vt 0.74807900 0.18623200
vt 0.68310200 0.32545000
vt 0.40001600 0.80576200
vt 0.10048600 0.44736400
vt 0.11973100 0.10315700
vt 0.40269100 0.16588800
vt 0.63207100 0.33911700
vt 0.25342200 0.19205200
vt 0.47247500 0.46181200
vt 0.48437200 0.15448700
vt 0.74886200 0.08115500
vt 0.52489700 0.57099000
vt 0.36595700 0.18335900
vt 0.82770900 0.33146900
vt 0.84773000 0.07106300
vt 0.10573200 0.08333700
vt 0.72716600 0.23521100
vt 0.08082300 0.26615000
vt 0.44315800 0.23539300
vt 0.29690600 0.08809500
vt 0.66856100 0.16991900
vt 0.09945500 0.05838900
vt 0.72595500 0.47329900
vt 0.38660200 0.56292200
vt 0.84260000 0.29976900
vt 0.30110600 0.29903900
vt 0.12854100 0.36469100
vt 0.74467000 0.25425400
vt 0.67464900 0.35673900
vt 0.35020000 0.32243600
vt 0.69099300 0.34350800
vt 0.15802600 0.35706500
vt 0.75235800 0.19821900
vt 0.09720600 0.34043100
vt 0.84417900 0.40500100
vt 0.18492200 0.75209300
vt 0.50725300 0.53486100
vt 0.14229100 0.35299700
vt 0.36116300 0.14495900
vt 0.41953400 0.25003400
vt 0.81481600 0.09859400
vt 0.79677900 0.06371500
vt 0.67564700 0.36471600
vt 0.73785000 0.23703800
vt 0.81558700 0.40885900
vt 0.32555700 0.50572700
vt 0.17992500 0.08145700
vt 0.93682800 0.13563800
vt 0.28775900 0.26013400
vt 0.28515400 0.09280600
vt 0.04127600 0.13580200
vt 0.10087300 0.42597800
vt 0.65822300 0.39256200
vt 0.97271800 0.02349700
vt 0.14502300 0.71813000
vt 0.29197500 0.03676000
vt 0.23331800 0.40635700
vt 0.53872300 0.42726200
vt 0.33149000 0.08831600
vt 0.15350100 0.12712700
vt 0.12162600 0.35395800
vt 0.26862900 0.36494300
vt 0.41055200 0.21333400
vt 0.28814900 0.06533400
vt 0.28109900 0.66442100
vt 0.37781100 0.79452900
vt 0.24962400 0.18007900
vt 0.25216400 0.08026000
vt 0.97828800 0.13253900
vt 0.69015300 0.39176100
vt 0.34340600 0.41850700
vt 0.28278600 0.26103300
vt 0.25517300 0.79852300
vt 0.67244200 0.47159200
vt 0.77912000 0.26385100
vt 0.10371400 0.23738600
vt 0.13305400 0.33807700
vt 0.37070900 0.65124300
vt 0.21465900 0.33166700
vt 0.42093700 0.13962200
vt 0.20765100 0.34622500
vt 0.37570300 0.18859200
vt 0.73059600 0.23464300
vt 0.16053700 0.12737600
vt 0.06852600 0.89941200
vt 0.65162100 0.36748300
vt 0.71779000 0.40656100
vt 0.63324600 0.10597700
vt 0.56738000 0.60820200
vt 0.29598400 0.08600100
vt 0.72407000 0.43900600
vt 0.19493900 0.19386100
vt 0.14902700 0.67307000
vt 0.53251100 0.53994100
vt 0.62194200 0.31432000
vt 0.32738500 0.24606800
vt 0.43133300 0.38127600
vt 0.72988200 0.23656000
vt 0.32668200 0.59017200
vt 0.36956900 0.19472000
vt 0.25469400 0.16130000
vt 0.27692000 0.07919000
vt 0.40815100 0.40171800
vt 0.30667100 0.30075200
vt 0.05826900 0.30725600
vt 0.41087200 0.13509100
vt 0.38615000 0.11928500
vt 0.62314100 0.43203800
vt 0.98351300 0.01702500
vt 0.71356900 0.22790400
vt 0.49582100 0.17771000
vt 0.77437000 0.25991500
vt 0.78338300 0.20592200
vt 0.82795600 0.31738900
vt 0.20416400 0.44424000
vt 0.56752400 0.50812600
vt 0.45504400 0.38254300
vt 0.93020400 0.10412200
vt 0.16894800 0.35592600
vt 0.02461500 0.10438900
vt 0.39564100 0.17042000
vt 0.40094700 0.20460300
vt 0.39469100 0.15631800
vt 0.80416800 0.09877500
vt 0.64187500 0.05622000
vt 0.44568200 0.69308500
vt 0.17828400 0.41415300
vt 0.56137700 0.59795800
vt 0.03059200 0.84086000
vt 0.01181000 0.96794800
vt 0.79757100 0.21023100
vt 0.72205400 0.45145000
vt 0.75621900 0.25331600
vt 0.40481700 0.14508900
vt 0.34058500 0.22525200
vt 0.36357700 0.78648700
vt 0.08478100 0.29463700
vt 0.86283800 0.06601800
vt 0.46515800 0.44245200
vt 0.08327500 0.21327300
vt 0.14976200 0.83930900
vt 0.81532400 0.34190400
vt 0.44880000 0.21951900
vt 0.22175600 0.87301300
vt 0.17815500 0.78241900
vt 0.37625300 0.11118800
vt 0.37242200 0.12434000
vt 0.80223000 0.06783000
vt 0.82170400 0.34281500
vt 0.23675000 0.60624700
vt 0.37173800 0.79248300
vt 0.64388600 0.40463500
vt 0.81625300 0.06369400
vt 0.37884100 0.18661700
vt 0.05254900 0.39512100
vt 0.07439900 0.22176900
vt 0.38959600 0.16600400
vt 0.41705900 0.22097000
vt 0.77487900 0.23205000
vt 0.13244200 0.16954000
vt 0.79470500 0.26737400
vt 0.80338500 0.40534400
vt 0.52037800 0.49436700
vt 0.67817300 0.29540200
vt 0.17306000 0.08585900
vt 0.52877100 0.54702900
vt 0.03695500 0.09646400
vt 0.33367800 0.09253000
vt 0.71689200 0.24354300
vt 0.67057300 0.39117700
vt 0.49411000 0.62185700
vt 0.39525200 0.41379100
vt 0.47658900 0.14628400
vt 0.63676700 0.45628100
vt 0.76006700 0.20767700
vt 0.84522100 0.07825900
vt 0.38917500 0.18659900
vt 0.66509200 0.07131600
vt 0.71530000 0.46045000
vt 0.27993800 0.79442000
vt 0.75448000 0.20586200
vt 0.09615700 0.89486800
vt 0.48036800 0.51156800
vt 0.35761600 0.57404600
vt 0.68483500 0.20106300
vt 0.21078000 0.71624100
vt 0.85446300 0.21102800
vt 0.22309500 0.06664100
vt 0.45485500 0.15684800
vt 0.36053300 0.14917600
vt 0.84237100 0.06638100
vt 0.31233700 0.64478800
vt 0.05478700 0.10124000
vt 0.07757500 0.32346100
vt 0.29341100 0.04740400
vt 0.08948300 0.42658300
vt 0.42586700 0.55510800
vt 0.80040000 0.09776800
vt 0.24590100 0.66403100
vt 0.49131500 0.52615400
vt 0.05281400 0.92629800
vt 0.79517600 0.10405800
vt 0.80941900 0.45682200
vt 0.13808800 0.96500700
vt 0.49290700 0.41534700
vt 0.13858900 0.77124200
vt 0.44129600 0.21694600
vt 0.77016000 0.22522300
vt 0.24612800 0.29218900
vt 0.49600700 0.59016400
vt 0.06333200 0.89602400
vt 0.43728000 0.38118100
vt 0.33166100 0.24010100
vt 0.43877400 0.38918600
vt 0.32583800 0.54628000
vt 0.33249000 0.34325800
vt 0.21515600 0.20959100
vt 0.97269200 0.12918500
vt 0.38724700 0.20707300
vt 0.77198900 0.23313600
vt 0.32727000 0.37583600
vt 0.63342900 0.46105700
vt 0.71785900 0.40582400
vt 0.82239300 0.16338100
vt 0.37041800 0.56731100
vt 0.28046400 0.07225400
vt 0.37175900 0.74512900
vt 0.42860000 0.63908600
vt 0.68965800 0.03747400
vt 0.22847800 0.05205900
vt 0.68649800 0.47294300
vt 0.51574000 0.56222900
vt 0.70796300 0.30611400
vt 0.34505100 0.40979100
vt 0.46738400 0.20347400
vt 0.27344600 0.71911700
vt 0.41352800 0.40980800
vt 0.16677000 0.12412600
vt 0.35157800 0.71302400
vt 0.51313800 0.16881700
vt 0.76891500 0.20699700
vt 0.15545000 0.91470600
vt 0.14391800 0.92743600
vt 0.06511900 0.39644900
vt 0.37618700 0.67501700
vt 0.43915400 0.71052500
vt 0.77429700 0.21148300
vt 0.03740700 0.91920600
vt 0.28754400 0.09044400
vt 0.15702200 0.05067500
vt 0.70228400 0.47368900
vt 0.12700500 0.31127000
vt 0.27252800 0.34905400
vt 0.11607600 0.11325600
vt 0.83948600 0.32710000
vt 0.29637300 0.05136200
vt 0.11555200 0.41785900
vt 0.12499600 0.11706400
vt 0.27048500 0.09519500
vt 0.73770500 0.49374100
vt 0.56978700 0.51079500
vt 0.57370700 0.56214700
vt 0.36101600 0.56910700
vt 0.69477300 0.31720500
vt 0.69029900 0.32450600
vt 0.12898200 0.90760900
vt 0.14235700 0.96686300
vt 0.19706300 0.92017400
vt 0.88692900 0.09509300
vt 0.35656900 0.32240500
vt 0.29464700 0.05698000
vt 0.04704800 0.07363200
vt 0.97040500 0.01926000
vt 0.75317200 0.21923600
vt 0.25475300 0.17277100
vt 0.36121300 0.15846700
vt 0.44773200 0.49794200
vt 0.26934200 0.58353700
vt 0.64784400 0.46634700
vt 0.97989100 0.13199800
vt 0.77900300 0.09825400
vt 0.63340500 0.34694300
vt 0.43981200 0.68295500
vt 0.36099600 0.60180700
vt 0.33257300 0.60765600
vt 0.22165900 0.09606300
vt 0.19806000 0.34236000
vt 0.51485600 0.16972500
vt 0.50146200 0.42330400
vt 0.18025700 0.47751500
vt 0.79938000 0.07113200
vt 0.23461300 0.20770000
vt 0.66998400 0.39152700
vt 0.71632200 0.24378400
vt 0.51255800 0.54373900
vt 0.25384900 0.66360500
vt 0.77682700 0.24820900
vt 0.47729400 0.53084900
vt 0.51486800 0.53811300
vt 0.16249500 0.22048900
vt 0.71667300 0.17400300
vt 0.82351600 0.05317700
vt 0.28689400 0.30686800
vt 0.19491800 0.33437300
vt 0.06928100 0.36916900
vt 0.36256200 0.16670200
vt 0.40356900 0.22435300
vt 0.76730100 0.24373000
vt 0.34761400 0.61539300
vt 0.33812400 0.09433600
vt 0.20031700 0.85519700
vt 0.77581700 0.24466300
vt 0.18042800 0.18528100
vt 0.18284100 0.18556000
vt 0.84722000 0.09887200
vt 0.60003700 0.48419300
vt 0.60018900 0.47631100
vt 0.15788300 0.36510800
vt 0.15231700 0.37883700
vt 0.39225100 0.14704400
vt 0.42622400 0.21474900
vt 0.17739500 0.75357500
vt 0.30850400 0.69553900
vt 0.36656700 0.19253400
vt 0.64110100 0.41326100
vt 0.38681900 0.17715500
vt 0.82178400 0.34750000
vt 0.69426300 0.19217500
vt 0.10499800 0.21468100
vt 0.08616700 0.21801700
vt 0.83335100 0.12440000
vt 0.49525200 0.49762000
vt 0.80448500 0.11615100
vt 0.69364400 0.03261200
vt 0.42962300 0.63420800
vt 0.10452200 0.22427000
vt 0.37469400 0.15851900
vt 0.53951100 0.49974100
vt 0.04990300 0.28773500
vt 0.86502900 0.30487500
vt 0.27182900 0.03583100
vt 0.23503900 0.22152800
vt 0.70254900 0.19232700
vt 0.52331500 0.48046900
vt 0.91533000 0.04263200
vt 0.34539100 0.19547000
vt 0.14555800 0.17479600
vt 0.64419400 0.39840200
vt 0.36662900 0.79178100
vt 0.08866100 0.09343200
vt 0.73420600 0.06221900
vt 0.36291800 0.14924000
vt 0.45334500 0.21971000
vt 0.12789800 0.35399600
vt 0.68514100 0.35325600
vt 0.44068500 0.67846200
vt 0.53446500 0.50685900
vt 0.34956300 0.08913200
vt 0.48021200 0.12311300
vt 0.93528900 0.13725400
vt 0.64808300 0.42309700
vt 0.65815700 0.39444700
vt 0.34418200 0.15303100
vt 0.23134200 0.11099100
vt 0.73098100 0.22030900
vt 0.68536800 0.32980900
vt 0.23227800 0.10907500
vt 0.81172800 0.22168400
vt 0.83164200 0.33319100
vt 0.86634300 0.07038300
vt 0.08556200 0.42212500
vt 0.80743300 0.32741800
vt 0.18828900 0.14730700
vt 0.08249400 0.35565200
vt 0.51021500 0.16508000
vt 0.80344800 0.06453700
vt 0.18133100 0.27113400
vt 0.09245400 0.25213200
vt 0.53492700 0.51795400
vt 0.47812600 0.60368900
vt 0.18323400 0.08119700
vt 0.31264700 0.06258200
vt 0.97544300 0.13164300
vt 0.68708300 0.39106800
vt 0.50666900 0.54923900
vt 0.15336400 0.85792100
vt 0.82665800 0.34681800
vt 0.06723000 0.40533900
vt 0.03752100 0.13537300
vt 0.09734800 0.42743600
vt 0.17828300 0.25280900
vt 0.34781000 0.35011200
vt 0.18234400 0.37328900
vt 0.22691700 0.37393500
vt 0.38478200 0.43894200
vt 0.57571300 0.58015000
vt 0.47974700 0.42652700
vt 0.14007600 0.31410400
vt 0.46891300 0.18479100
vt 0.01113600 0.97320500
vt 0.40870400 0.40593300
vt 0.23447700 0.64835500
vt 0.39480100 0.14313700
vt 0.16881500 0.08512500
vt 0.63677200 0.44258600
vt 0.15926800 0.91184700
vt 0.08024900 0.24520700
vt 0.07204300 0.26575900
vt 0.16305700 0.34856500
vt 0.38212000 0.18094200
vt 0.30188200 0.56103500
vt 0.52779400 0.43915000
vt 0.50672100 0.49234900
vt 0.44741000 0.51979300
vt 0.15910800 0.35969000
vt 0.53739400 0.54870900
vt 0.38621100 0.20718600
vt 0.21690500 0.21801900
vt 0.93864000 0.13250000
vt 0.81241800 0.10263800
vt 0.04931700 0.29962500
vt 0.78772800 0.25780700
vt 0.55794400 0.47669900
vt 0.94431000 0.13933000
vt 0.86896800 0.30504500
vt 0.14197300 0.66919900
vt 0.30535500 0.71824900
vt 0.12064700 0.43949800
vt 0.10687400 0.34470500
vt 0.12942200 0.09107100
vt 0.31312400 0.05652100
vt 0.87733200 0.07010700
vt 0.87765800 0.07542400
vt 0.99083300 0.06371300
vt 0.91881200 0.17650500
vt 0.44099000 0.67122100
vt 0.65957000 0.03809400
vt 0.42838800 0.67098500
vt 0.38147500 0.13680700
vt 0.78355100 0.26267000
vt 0.11071000 0.29862100
vt 0.79442900 0.06120100
vt 0.67224500 0.36241600
vt 0.28076600 0.28840000
vt 0.71737500 0.24320100
vt 0.67118300 0.39132000
vt 0.44189200 0.14359400
vt 0.11726300 0.32888300
vt 0.10546000 0.18217200
vt 0.18693200 0.07836600
vt 0.95526800 0.07369400
vt 0.39298600 0.57282400
vt 0.36839000 0.76194900
vt 0.08629100 0.14241700
vt 0.35956100 0.44279100
vt 0.56704700 0.61046100
vt 0.88270100 0.08464600
vt 0.85103900 0.08748200
vt 0.07333600 0.96585700
vt 0.39172100 0.38250600
vt 0.23586500 0.31779200
vt 0.81833800 0.46485900
vt 0.44341100 0.68294000
vt 0.65037700 0.04898600
vt 0.25583400 0.25619000
vt 0.51490400 0.49404500
vt 0.40746000 0.47477600
vt 0.10662400 0.23729000
vt 0.81031600 0.06176900
vt 0.51505500 0.44018200
vt 0.69612900 0.15776700
vt 0.21980900 0.12886400
vt 0.10215800 0.43511200
vt 0.38430000 0.17974800
vt 0.38441900 0.17382500
vt 0.13369700 0.84193400
vt 0.37760100 0.48052200
vt 0.31328000 0.55981300
vt 0.38022200 0.70893600
vt 0.80988600 0.05052700
vt 0.52037900 0.53467700
vt 0.71880600 0.46013600
vt 0.85767200 0.06925700
vt 0.98830000 0.09003100
vt 0.36869600 0.12759100
vt 0.38685200 0.66967700
vt 0.33612000 0.14548000
vt 0.06120900 0.30583300
vt 0.37774500 0.50634400
vt 0.78676700 0.20167600
vt 0.38906300 0.73116300
vt 0.27305500 0.13790200
vt 0.40289500 0.37901600
vt 0.68432800 0.19474200
vt 0.10987900 0.10202700
vt 0.55785400 0.55760800
vt 0.75004800 0.18757000
vt 0.69469800 0.20812700
vt 0.62829400 0.40600700
vt 0.14255400 0.36645300
vt 0.11197900 0.32115500
vt 0.37633000 0.11609900
vt 0.13335400 0.36403500
vt 0.44388200 0.69160800
vt 0.18976000 0.07630000
vt 0.73502300 0.49931500
vt 0.67208300 0.31425100
vt 0.18998500 0.07963900
vt 0.45629900 0.15163000
vt 0.31346900 0.05013700
vt 0.51357800 0.54975600
vt 0.27785400 0.29702500
vt 0.17952700 0.40398000
vt 0.50225300 0.47701800
vt 0.29606000 0.63289100
vt 0.49109900 0.56488500
vt 0.57490900 0.58298800
vt 0.23084200 0.64359200
vt 0.07598300 0.95944100
vt 0.91926600 0.17481100
vt 0.79191900 0.09740900
vt 0.48361600 0.41628000
vt 0.13635600 0.09758000
vt 0.09355200 0.21978700
vt 0.80545200 0.11072000
vt 0.31431000 0.06092600
vt 0.72301200 0.42791900
vt 0.79271500 0.26959700
vt 0.34664400 0.17782900
vt 0.74690400 0.08019500
vt 0.52605000 0.57343800
vt 0.50787100 0.53158600
vt 0.74714600 0.48888700
vt 0.82972800 0.22690300
vt 0.33551900 0.12360500
vt 0.29037000 0.63307600
vt 0.04329200 0.91683500
vt 0.32398500 0.30724900
vt 0.34628900 0.16859300
vt 0.32896700 0.23330500
vt 0.05742300 0.39731400
vt 0.43065900 0.22978200
vt 0.76001600 0.24972600
vt 0.71937800 0.24204900
vt 0.67298000 0.39018500
vt 0.46337400 0.51880900
vt 0.37508700 0.79419800
vt 0.42260400 0.73304600
vt 0.84169900 0.08318300
vt 0.14301500 0.71057900
vt 0.39067800 0.16800900
vt 0.83669400 0.07177400
vt 0.34052600 0.15968800
vt 0.49646900 0.59399200
vt 0.04894000 0.83049500
vt 0.41926500 0.73278300
vt 0.17019100 0.07084200
vt 0.63177000 0.42826600
vt 0.80434100 0.33997900
vt 0.12068100 0.10908500
vt 0.71842700 0.44240900
vt 0.64708800 0.36719700
vt 0.79339400 0.08609900
vt 0.33842100 0.40475300
vt 0.31134900 0.33533900
vt 0.02977800 0.05523000
vt 0.62577100 0.11204700
vt 0.33857500 0.09990600
vt 0.40718900 0.59574800
vt 0.63432200 0.43517900
vt 0.84933400 0.12532800
vt 0.33122800 0.09858600
vt 0.25978700 0.80065700
vt 0.21535300 0.67238900
vt 0.48276300 0.53245200
vt 0.16712800 0.48233800
vt 0.32272600 0.54789700
vt 0.56105200 0.49045500
vt 0.65610400 0.46505100
vt 0.34787900 0.21910800
vt 0.44289500 0.57339500
vt 0.49239000 0.54500700
vt 0.14965400 0.35498800
vt 0.33392300 0.59520400
vt 0.82862400 0.08149400
vt 0.06255400 0.29362800
vt 0.68764400 0.19766500
vt 0.48706300 0.53736100
vt 0.31472400 0.24193300
vt 0.27035200 0.17669000
vt 0.44876400 0.13314600
vt 0.37856400 0.08629900
vt 0.48927400 0.41563200
vt 0.38308000 0.57710500
vt 0.51445500 0.54046700
vt 0.35990400 0.10221100
vt 0.16789000 0.30147300
vt 0.71637500 0.24057600
vt 0.49187500 0.51377700
vt 0.36268500 0.50122700
vt 0.77133100 0.13760600
vt 0.21398600 0.89387700
vt 0.37584300 0.18175800
vt 0.13159600 0.33201600
vt 0.37069300 0.19972500
vt 0.23539300 0.65180000
vt 0.78681000 0.26698300
vt 0.69541900 0.32842600
vt 0.23854600 0.62309600
vt 0.13894900 0.45807200
vt 0.19170800 0.46204000
vt 0.28977500 0.00935500
vt 0.21432700 0.05534100
vt 0.38716100 0.20595000
vt 0.33847200 0.14728700
vt 0.79162200 0.39153100
vt 0.38339400 0.38676200
vt 0.32102900 0.55771600
vt 0.75539300 0.19556300
vt 0.22584600 0.69851700
vt 0.38382800 0.11953500
vt 0.67026200 0.47651600
vt 0.11991600 0.32494300
vt 0.62086100 0.30972800
vt 0.52326500 0.56816500
vt 0.40220500 0.20636100
vt 0.21710900 0.09279700
vt 0.51033000 0.52746800
vt 0.27155600 0.02558300
vt 0.22818300 0.04174200
vt 0.49497900 0.52457000
vt 0.34978500 0.10194900
vt 0.77711400 0.20164300
vt 0.33863400 0.71461600
vt 0.40653000 0.22014600
vt 0.29312400 0.04007800
vt 0.19919900 0.34559900
vt 0.30223100 0.31016500
vt 0.12022600 0.22087400
vt 0.11125200 0.46390300
vt 0.37907200 0.79872800
vt 0.22492500 0.36640800
vt 0.38907700 0.17956800
vt 0.37726300 0.66646500
vt 0.91662400 0.17588100
vt 0.71899000 0.22730900
vt 0.72119900 0.22638300
vt 0.18720800 0.91746600
vt 0.06723200 0.42071300
vt 0.54381000 0.54744900
vt 0.14083900 0.23649300
vt 0.38738300 0.38886600
vt 0.47218800 0.51947600
vt 0.19306700 0.74710300
vt 0.21363500 0.31944500
vt 0.40725200 0.24370200
vt 0.65332900 0.35837500
vt 0.68877200 0.31628700
vt 0.24084900 0.41070000
vt 0.35929700 0.18645000
vt 0.78374300 0.24633500
vt 0.64694500 0.29663800
vt 0.67382900 0.29743500
vt 0.09851000 0.09365700
vt 0.49162800 0.58751700
vt 0.42458300 0.50819100
vt 0.43200700 0.49842700
vt 0.32611800 0.70940300
vt 0.13069400 0.31752700
vt 0.12624300 0.07954600
vt 0.39027900 0.38058600
vt 0.11552300 0.34720400
vt 0.69380700 0.29395400
vt 0.50158400 0.55006900
vt 0.97148100 0.01706200
vt 0.07575900 0.30481600
vt 0.18641800 0.27666500
vt 0.86980300 0.32454100
vt 0.98230600 0.12409300
vt 0.73816500 0.24177700
vt 0.39284400 0.17076000
vt 0.13264200 0.90612800
vt 0.22581700 0.44005300
vt 0.34271600 0.68047300
vt 0.78224300 0.26116600
vt 0.72542900 0.30156000
vt 0.53320600 0.55767400
vt 0.15786900 0.31361000
vt 0.34757900 0.77244800
vt 0.30366100 0.57969200
vt 0.05205300 0.29189700
vt 0.64877100 0.32883400
vt 0.23931700 0.12326500
vt 0.43375200 0.22470400
vt 0.50333400 0.51213900
vt 0.17550100 0.78027000
vt 0.54937800 0.51761300
vt 0.93210500 0.13343400
vt 0.17633400 0.29239600
vt 0.65561300 0.07983700
vt 0.46220400 0.23172000
vt 0.09159500 0.28420900
vt 0.50457000 0.61706600
vt 0.34064500 0.04127400
vt 0.94703000 0.03626900
vt 0.11253400 0.32436500
vt 0.79888600 0.07341800
vt 0.17064600 0.16892500
vt 0.75442800 0.24085400
vt 0.37235300 0.56873200
vt 0.54060600 0.53484400
vt 0.31030000 0.61468400
vt 0.25482400 0.51362100
vt 0.44111900 0.68891200
vt 0.23410900 0.16870400
vt 0.62933400 0.42908300
vt 0.39889700 0.20474300
vt 0.10997600 0.07657600
vt 0.72643500 0.22431900
vt 0.98593100 0.01926600
vt 0.75582200 0.25075100
vt 0.34354200 0.35572800
vt 0.84195600 0.07785300
vt 0.47508600 0.46626900
vt 0.80793100 0.26459200
vt 0.73241400 0.44720000
vt 0.79893800 0.42987200
vt 0.33213200 0.34437300
vt 0.21589000 0.90359600
vt 0.72028900 0.17163000
vt 0.37263100 0.57094700
vt 0.33832400 0.22233900
vt 0.18507200 0.86103200
vt 0.09621400 0.43920200
vt 0.49304500 0.15236600
vt 0.80984500 0.23355000
vt 0.86114600 0.08061400
vt 0.58692400 0.47977500
vt 0.25818000 0.79357500
vt 0.25042900 0.41402200
vt 0.86607200 0.14216800
vt 0.76584300 0.19994700
vt 0.49877000 0.16141200
vt 0.10120500 0.35131800
vt 0.34607600 0.10635800
vt 0.18223000 0.42196600
vt 0.09356500 0.28814200
vt 0.98008400 0.02771200
vt 0.71820700 0.08549400
vt 0.31502300 0.62560700
vt 0.48620900 0.48146000
vt 0.29587400 0.69880600
vt 0.76691400 0.22432800
vt 0.76999300 0.09442700
vt 0.62914100 0.33708200
vt 0.16118000 0.83877700
vt 0.97949100 0.02762400
vt 0.84523200 0.29171600
vt 0.15273200 0.38448600
vt 0.63777300 0.44559100
vt 0.17941400 0.40941500
vt 0.40648400 0.50486700
vt 0.66225500 0.06454700
vt 0.81448600 0.35438000
vt 0.72446400 0.44436200
vt 0.46852200 0.16516000
vt 0.44268500 0.48529500
vt 0.16171000 0.04907000
vt 0.70697200 0.47208400
vt 0.93966400 0.14563100
vt 0.19359300 0.13376900
vt 0.79882200 0.06057200
vt 0.98719500 0.09329100
vt 0.42546300 0.23824100
vt 0.21615000 0.28675400
vt 0.39638800 0.41930000
vt 0.51473900 0.51943800
vt 0.15718700 0.48286800
vt 0.32515600 0.14829200
vt 0.72060300 0.24156500
vt 0.09565600 0.22501800
vt 0.73071500 0.21205900
vt 0.80008900 0.06726700
vt 0.19548400 0.34043400
vt 0.71210400 0.44796800
vt 0.71436100 0.44186000
vt 0.81107000 0.35730500
vt 0.15015900 0.83653000
vt 0.21839900 0.34866700
vt 0.82113400 0.31653000
vt 0.70383300 0.19678300
vt 0.66794600 0.39262600
vt 0.98013800 0.02834800
vt 0.39321500 0.14549700
vt 0.27797200 0.65772300
vt 0.68693000 0.35208800
vt 0.26414000 0.25568100
vt 0.82001000 0.11581200
vt 0.29425300 0.42399100
vt 0.28676600 0.61280200
vt 0.47749800 0.59579700
vt 0.81110100 0.07754000
vt 0.42987700 0.69268400
vt 0.34955400 0.70552800
vt 0.49537800 0.62388500
vt 0.80519200 0.05529900
vt 0.85427100 0.12910600
vt 0.30414000 0.65005100
vt 0.05652800 0.28261700
vt 0.71538000 0.41071600
vt 0.57405500 0.58110400
vt 0.64883700 0.40370800
vt 0.01072400 0.06115900
vt 0.63877700 0.09694700
vt 0.12145500 0.33668700
vt 0.71661300 0.12631100
vt 0.59455200 0.48145500
vt 0.34794300 0.14490700
vt 0.66548500 0.29707800
vt 0.31042000 0.31059900
vt 0.26702100 0.28621200
vt 0.39760500 0.66820700
vt 0.42413500 0.24623400
vt 0.65929300 0.33698000
vt 0.34270400 0.42689500
vt 0.33968700 0.15139900
vt 0.62800000 0.33314300
vt 0.63928600 0.44291600
vt 0.78989100 0.10210300
vt 0.29577200 0.56638400
vt 0.37404300 0.79823400
vt 0.45846700 0.60147100
vt 0.12163200 0.07251100
vt 0.65941900 0.47827200
vt 0.52058300 0.54912600
vt 0.31217800 0.17843500
vt 0.45149400 0.22036100
vt 0.49848600 0.62395000
vt 0.80668000 0.05265000
vt 0.38810100 0.53160900
vt 0.84128300 0.45609000
vt 0.34670900 0.15847200
vt 0.31295600 0.51847000
vt 0.36100900 0.44895200
vt 0.57309300 0.59868700
vt 0.89273900 0.09317600
vt 0.66984900 0.36174900
vt 0.79269300 0.06318100
vt 0.70172100 0.30992300
vt 0.09700700 0.89714800
vt 0.17034900 0.41619300
vt 0.86936600 0.07858500
vt 0.84940100 0.12388400
vt 0.65881000 0.31156300
vt 0.09823000 0.89297500
vt 0.33771000 0.14260900
vt 0.24279200 0.23287300
vt 0.10347400 0.44967800
vt 0.19147800 0.32455700
vt 0.34684700 0.42522600
vt 0.56197400 0.51170800
vt 0.04894800 0.05391900
vt 0.05766300 0.09654600
vt 0.75144200 0.18577100
vt 0.06489400 0.30804700
vt 0.15454600 0.77992300
vt 0.85335400 0.29505500
vt 0.16650600 0.36221500
vt 0.17059900 0.29617900
vt 0.07409100 0.32106800
vt 0.69249500 0.29020800
vt 0.50027200 0.54632300
vt 0.92819400 0.09960400
vt 0.16693900 0.35140800
vt 0.12826900 0.15833600
vt 0.49098500 0.41442900
vt 0.34590300 0.18486800
vt 0.19018000 0.22902900
vt 0.17571900 0.29612800
vt 0.16225600 0.15135000
vt 0.84980500 0.29109000
vt 0.16245200 0.36191200
vt 0.31527200 0.55482000
vt 0.30413200 0.24011900
vt 0.83150200 0.42256600
vt 0.81700900 0.34954300
vt 0.84318100 0.10135500
vt 0.32208300 0.47365000
vt 0.98832200 0.09109500
vt 0.64935200 0.32014200
vt 0.35600700 0.75756100
vt 0.35404100 0.39128800
vt 0.47605100 0.52280900
vt 0.74992200 0.19887000
vt 0.64638900 0.29812800
vt 0.41289000 0.70594800
vt 0.48434800 0.53736500
vt 0.43393600 0.40087200
vt 0.38427900 0.43112000
vt 0.10771800 0.15629900
vt 0.36267300 0.78977500
vt 0.33532500 0.14799800
vt 0.15375700 0.31586300
vt 0.84537100 0.45108100
vt 0.39189800 0.53545700
vt 0.43401800 0.21378700
vt 0.33834800 0.21622200
vt 0.72828300 0.10899500
vt 0.40372000 0.79866200
vt 0.23639500 0.35077200
vt 0.43964600 0.69781000
vt 0.42733800 0.70057000
vt 0.39020200 0.53695000
vt 0.11859700 0.34407700
vt 0.14619500 0.36015600
vt 0.79043500 0.22964500
vt 0.24919700 0.52086000
vt 0.24632000 0.68015500
vt 0.79437700 0.40336400
vt 0.38614900 0.39859500
vt 0.83224400 0.07006800
vt 0.02678100 0.96297000
vt 0.51410500 0.43555100
vt 0.50473000 0.15348200
vt 0.35429600 0.40568000
vt 0.71854100 0.22888100
vt 0.72166400 0.22476000
vt 0.49933900 0.12946000
vt 0.53469500 0.42987300
vt 0.15703000 0.21489300
vt 0.18643600 0.72029600
vt 0.78557100 0.23265100
vt 0.21513100 0.78906600
vt 0.62547700 0.31832000
vt 0.10249500 0.16535200
vt 0.08792000 0.13538700
vt 0.73162100 0.02483700
vt 0.47909500 0.61381400
vt 0.66880200 0.47277800
vt 0.47346400 0.15989900
vt 0.40350000 0.48075500
vt 0.48987900 0.15350400
vt 0.56622500 0.57033000
vt 0.06416000 0.31736500
vt 0.35823300 0.13017600
vt 0.23806700 0.05191300
vt 0.45177100 0.15298500
vt 0.46705600 0.19449300
vt 0.44936700 0.22518800
vt 0.62332700 0.11880400
vt 0.03600700 0.05248500
vt 0.27024800 0.28799900
vt 0.45252900 0.22309500
vt 0.10679300 0.09549400
vt 0.62418200 0.44658700
vt 0.14050800 0.46570700
vt 0.45659200 0.22040800
vt 0.79061900 0.26463100
vt 0.64797800 0.35994600
vt 0.70992100 0.13336100
vt 0.44997300 0.38865500
vt 0.37746700 0.14062700
vt 0.14714200 0.21315500
vt 0.14658400 0.13115800
vt 0.08164300 0.89790700
vt 0.16376800 0.44581300
vt 0.10213800 0.18767800
vt 0.49587800 0.42319700
vt 0.33181300 0.61283300
vt 0.81198300 0.33159800
vt 0.46598100 0.49223600
vt 0.23400800 0.68444400
vt 0.08273900 0.78146100
vt 0.01398600 0.98199400
vt 0.95583900 0.06556200
vt 0.38252800 0.49155400
vt 0.63642700 0.43327700
vt 0.39774000 0.21466500
vt 0.31788000 0.30298800
vt 0.15041500 0.69399900
vt 0.74436800 0.07124600
vt 0.52394400 0.58323500
vt 0.32245500 0.45160300
vt 0.35546300 0.55505700
vt 0.16324400 0.79824400
vt 0.68841900 0.05927600
vt 0.87937300 0.09535600
vt 0.48751000 0.52416400
vt 0.63713400 0.43079800
vt 0.80928600 0.25353700
vt 0.97902200 0.01588500
vt 0.24392900 0.08802900
vt 0.64991400 0.39917800
vt 0.44903900 0.23197100
vt 0.92658600 0.13997100
vt 0.17081600 0.29893300
vt 0.65650300 0.29599500
vt 0.43742200 0.70101200
vt 0.41562900 0.21785300
vt 0.35365800 0.14999200
vt 0.34406100 0.15777700
vt 0.20792500 0.85386700
vt 0.42370000 0.67014200
vt 0.06113500 0.05577500
vt 0.52500200 0.55246100
vt 0.07374900 0.42568000
vt 0.12139300 0.13670300
vt 0.49318200 0.52774500
vt 0.84714500 0.34662400
vt 0.19115200 0.13511100
vt 0.66928900 0.39218500
vt 0.98155700 0.02837200
vt 0.71535400 0.24415800
vt 0.50139500 0.61790300
vt 0.67458200 0.31469600
vt 0.15626300 0.68539700
vt 0.12153600 0.09537900
vt 0.17029000 0.08622300
vt 0.81941700 0.24686000
vt 0.71943800 0.19702600
vt 0.84635800 0.09132000
vt 0.77816500 0.25873600
vt 0.46402900 0.20903100
vt 0.86134300 0.43839600
vt 0.40165000 0.55143200
vt 0.19556500 0.07350900
vt 0.74082800 0.49652300
vt 0.36492100 0.15128000
vt 0.67005800 0.39152400
vt 0.35034900 0.60712600
vt 0.39499600 0.67253400
vt 0.06997900 0.97221600
vt 0.51079700 0.61337000
vt 0.11297600 0.10852300
vt 0.79137900 0.20813400
vt 0.52634600 0.54936900
vt 0.41002100 0.14237800
vt 0.80575100 0.11294200
vt 0.36232100 0.18418700
vt 0.58970200 0.48747500
vt 0.69631700 0.46388800
vt 0.06857700 0.41683600
vt 0.94257300 0.04097900
vt 0.45656600 0.54630300
vt 0.32656700 0.58258700
vt 0.79769900 0.47264300
vt 0.81575600 0.31786700
vt 0.36111700 0.48973800
vt 0.30748700 0.62709900
vt 0.38728600 0.15974300
vt 0.16795700 0.91066800
vt 0.21231000 0.09170100
vt 0.14195300 0.31787500
vt 0.33025000 0.10725500
vt 0.09797800 0.10360200
vt 0.67663600 0.30003200
vt 0.20850000 0.34156500
vt 0.92468000 0.09199600
vt 0.16342500 0.34380000
vt 0.79980300 0.06205300
vt 0.69839200 0.29954600
vt 0.50616800 0.55566000
vt 0.51863200 0.49153600
vt 0.54702400 0.46351100
vt 0.24947100 0.78137400
vt 0.10506700 0.15588200
vt 0.26344100 0.77518600
vt 0.12509200 0.14808300
vt 0.06640300 0.37188400
vt 0.15464000 0.21463500
vt 0.80930100 0.35902700
vt 0.35210400 0.20941800
vt 0.34559100 0.43749800
vt 0.35319600 0.76628400
vt 0.78993200 0.48761500
vt 0.38170400 0.48284600
vt 0.71901400 0.40948500
vt 0.77260400 0.26354000
vt 0.94060300 0.17596000
vt 0.55166600 0.54199400
vt 0.32612400 0.65454700
vt 0.44544200 0.40728000
vt 0.66379900 0.14096200
vt 0.67480600 0.30367800
vt 0.32519400 0.24212100
vt 0.26612500 0.08309300
vt 0.71798200 0.40687700
vt 0.71817300 0.40637600
vt 0.46327800 0.38881300
vt 0.42024800 0.73421300
vt 0.25163100 0.14702400
vt 0.86074700 0.07195500
vt 0.82713000 0.10465500
vt 0.86257000 0.31377000
vt 0.18347900 0.29403200
vt 0.41603100 0.52015000
vt 0.87111400 0.08231700
vt 0.41752200 0.70976800
vt 0.41706100 0.68564100
vt 0.39089400 0.16581300
vt 0.71510000 0.17452200
vt 0.38896500 0.70565400
vt 0.29692500 0.59556500
vt 0.54573000 0.46692500
vt 0.23926400 0.31419800
vt 0.37245600 0.19382700
vt 0.16222800 0.14931200
vt 0.27836900 0.60202900
vt 0.11081500 0.20390100
vt 0.55850200 0.55256200
vt 0.64057500 0.33517800
vt 0.38857800 0.17622400
vt 0.66695800 0.47399800
vt 0.15643000 0.21306900
vt 0.16370000 0.31115100
vt 0.81122100 0.35924000
vt 0.74514300 0.08625500
vt 0.40627800 0.55848400
vt 0.34094400 0.14367000
vt 0.38045100 0.56094400
vt 0.83090600 0.05978200
vt 0.78822100 0.09473500
vt 0.63929600 0.36490700
vt 0.13742800 0.09876800
vt 0.16343900 0.21629700
vt 0.14462500 0.19395500
vt 0.17595500 0.17915100
vt 0.79091900 0.33641300
vt 0.17569000 0.08366300
vt 0.21025600 0.44197800
vt 0.28011000 0.34853100
vt 0.17856700 0.30069100
vt 0.43618700 0.23880000
vt 0.64695900 0.40886400
vt 0.65763600 0.40272400
vt 0.42011300 0.63760300
vt 0.14823000 0.34906500
vt 0.47641000 0.40135000
vt 0.13903100 0.18366100
vt 0.25832400 0.07157500
vt 0.68667700 0.46631400
vt 0.30637900 0.07649000
vt 0.82532400 0.32360400
vt 0.66649600 0.32276100
vt 0.63497400 0.10882400
vt 0.34588900 0.09537300
vt 0.80747200 0.06171300
vt 0.09842400 0.22008900
vt 0.26323200 0.57821700
vt 0.34147000 0.72799100
vt 0.32224700 0.51420700
vt 0.28556700 0.16759300
vt 0.38528800 0.18011000
vt 0.86285000 0.09785800
vt 0.15147100 0.36525800
vt 0.40469200 0.37416200
vt 0.33491800 0.14292300
vt 0.97397100 0.01991000
vt 0.48983400 0.51240700
vt 0.47241800 0.20219900
vt 0.33217400 0.31064500
vt 0.32359700 0.31518400
vt 0.10425100 0.12008000
vt 0.09704700 0.16741700
vt 0.17510800 0.38209200
vt 0.25399200 0.42794400
vt 0.17093400 0.09844900
vt 0.31175000 0.10055200
vt 0.22502900 0.31344000
vt 0.55016000 0.55594800
vt 0.21259900 0.85397000
vt 0.03161200 0.85120500
vt 0.01531900 0.95879400
vt 0.52177500 0.48887000
vt 0.64041300 0.33002500
vt 0.27662000 0.27422300
vt 0.32877400 0.17444500
vt 0.44142300 0.69859600
vt 0.31701700 0.57098600
vt 0.46203700 0.15700700
vt 0.05411100 0.29535600
vt 0.09636000 0.44141200
vt 0.40671600 0.80903900
vt 0.35320000 0.21451300
vt 0.07883700 0.11900400
vt 0.76438200 0.25489100
vt 0.12836000 0.33042300
vt 0.10817700 0.32824400
vt 0.31202900 0.04315200
vt 0.30041000 0.18570100
vt 0.74735300 0.18291300
vt 0.84386300 0.10738100
vt 0.37567600 0.74115900
vt 0.10252200 0.13299300
vt 0.84065300 0.06381700
vt 0.87152900 0.09341600
vt 0.69269500 0.16025900
vt 0.34370400 0.31674800
vt 0.06631100 0.40242900
vt 0.84398900 0.07074600
vt 0.17129700 0.06454800
vt 0.71655900 0.48756200
vt 0.10838800 0.32071200
vt 0.25189700 0.79838500
vt 0.62508600 0.43482200
vt 0.38749200 0.15744900
vt 0.16081800 0.85608200
vt 0.21887400 0.12152600
vt 0.12412600 0.29996100
vt 0.43987300 0.71353700
vt 0.65318400 0.07593400
vt 0.40430200 0.21547700
vt 0.91743700 0.17441800
vt 0.78965100 0.09714500
vt 0.32873600 0.22944600
vt 0.39646900 0.23440000
vt 0.80745700 0.35580100
vt 0.16614200 0.29682500
vt 0.16680400 0.38143600
vt 0.06505300 0.39094600
vt 0.20006900 0.12362400
vt 0.65006700 0.41758100
vt 0.68455500 0.39594700
vt 0.39088000 0.71370500
vt 0.87097100 0.06572600
vt 0.56475100 0.61732600
vt 0.87644100 0.08040700
vt 0.15966000 0.79157800
vt 0.31295400 0.53267100
vt 0.70103900 0.31530500
vt 0.13720900 0.37815100
vt 0.14760800 0.09311000
vt 0.98913900 0.12709100
vt 0.74142100 0.25272000
vt 0.12078300 0.31088400
vt 0.24685100 0.19634100
vt 0.57282500 0.56520400
vt 0.72343300 0.24045500
vt 0.81085000 0.39061500
vt 0.40262200 0.38584600
vt 0.58129100 0.48550000
vt 0.10528800 0.31173800
vt 0.33672600 0.18900700
vt 0.66680300 0.30740600
vt 0.12180000 0.30274100
vt 0.37050200 0.59026500
vt 0.36545400 0.14701900
vt 0.31721400 0.57773400
vt 0.52031700 0.51222800
vt 0.73104000 0.48856900
vt 0.39941900 0.55659900
vt 0.81595600 0.35186500
vt 0.62714100 0.43211000
vt 0.25129900 0.25724200
vt 0.33462200 0.21700200
vt 0.46667200 0.45142400
vt 0.44399300 0.51537100
vt 0.47956100 0.56358400
vt 0.35535000 0.49538200
vt 0.07988300 0.96232100
vt 0.25229800 0.80087000
vt 0.14203900 0.84611800
vt 0.81583100 0.35572700
vt 0.50952300 0.16596300
vt 0.71605800 0.02171900
vt 0.72351800 0.20090800
vt 0.73511400 0.47131900
vt 0.49446500 0.54233100
vt 0.41792200 0.66359900
vt 0.80005100 0.10616000
vt 0.28799400 0.14593200
vt 0.46136800 0.38838900
vt 0.10537300 0.96442200
vt 0.79286600 0.24801000
vt 0.11747800 0.34649900
vt 0.35986000 0.34118200
vt 0.43813400 0.52677600
vt 0.46924100 0.23627000
vt 0.48117100 0.20956000
vt 0.11685900 0.09415100
vt 0.48574400 0.40678900
vt 0.33815300 0.22469700
vt 0.34998200 0.34392600
vt 0.17546200 0.30027600
vt 0.37133500 0.17256300
vt 0.41705000 0.61023300
vt 0.32905200 0.56588200
vt 0.84283000 0.31618400
vt 0.35459300 0.36271700
vt 0.25740300 0.22783600
vt 0.27166700 0.39940600
vt 0.20829000 0.23869500
vt 0.19533500 0.28180400
vt 0.47406700 0.19602000
vt 0.71735000 0.40610300
vt 0.71787500 0.40561100
vt 0.36049300 0.56759000
vt 0.66481800 0.30283100
vt 0.77011100 0.24216000
vt 0.25529900 0.08617200
vt 0.82009500 0.33907200
vt 0.06534700 0.31589700
vt 0.13646200 0.35949800
vt 0.13225900 0.35679600
vt 0.28677200 0.64796700
vt 0.37828000 0.09011900
vt 0.73834300 0.21768600
vt 0.40320000 0.13922400
vt 0.34983900 0.14914200
vt 0.25253400 0.60295300
vt 0.22146700 0.40845700
vt 0.11322900 0.20186600
vt 0.96448000 0.15211200
vt 0.07355600 0.43648200
vt 0.29457900 0.57839700
vt 0.34773100 0.75908400
vt 0.57080700 0.50467800
vt 0.37058100 0.15639200
vt 0.84458700 0.09467700
vt 0.10869100 0.23097800
vt 0.73764000 0.20999500
vt 0.10387200 0.22122500
vt 0.18632000 0.26870900
vt 0.86741900 0.33173100
vt 0.11401100 0.10552800
vt 0.63143800 0.46319600
vt 0.49389200 0.41678900
vt 0.75323600 0.18901200
vt 0.19984400 0.21016800
vt 0.81151000 0.19534600
vt 0.64889300 0.08818000
vt 0.65301000 0.36404900
vt 0.47924400 0.48259700
vt 0.37045600 0.54169100
vt 0.76994100 0.24934600
vt 0.43876300 0.71443800
vt 0.65217900 0.07770000
vt 0.85479200 0.44090200
vt 0.52013900 0.48688400
vt 0.69056600 0.12810400
vt 0.26941600 0.76632300
vt 0.73456700 0.23873300
vt 0.49049100 0.58067500
vt 0.88357700 0.11143000
vt 0.49782500 0.52255200
vt 0.07542000 0.42141600
vt 0.10049900 0.34278300
vt 0.19727400 0.35885800
vt 0.21948200 0.74421100
vt 0.03348400 0.87626600
vt 0.02456800 0.93693600
vt 0.08618200 0.44187700
vt 0.77868100 0.34910700
vt 0.05216900 0.29063600
vt 0.75028000 0.25222700
vt 0.48486500 0.61898600
vt 0.73577500 0.18472100
vt 0.43413400 0.38874600
vt 0.05567400 0.90103100
vt 0.38442700 0.12852800
vt 0.17866000 0.38189000
vt 0.46688900 0.39153300
vt 0.15681100 0.36028300
vt 0.71971500 0.35312600
vt 0.52749100 0.60924100
vt 0.42655900 0.44858600
vt 0.10466300 0.33231200
vt 0.54712600 0.54705800
vt 0.16657200 0.18666700
vt 0.80106900 0.34115700
vt 0.82420500 0.35245400
vt 0.13362000 0.09975300
vt 0.48116800 0.55236900
vt 0.22835400 0.71964800
vt 0.10519900 0.09741800
vt 0.12853000 0.05957600
vt 0.69763600 0.17110600
vt 0.78897800 0.34704900
vt 0.06451400 0.93067200
vt 0.06504500 0.37911200
vt 0.69420300 0.15577100
vt 0.43727200 0.39737000
vt 0.08021300 0.83330200
vt 0.82730000 0.33924900
vt 0.80431800 0.44856300
vt 0.35731600 0.15175800
vt 0.13618100 0.45917100
vt 0.12031600 0.27373500
vt 0.07818300 0.19146900
vt 0.38157500 0.20279400
vt 0.38373400 0.20247800
vt 0.84555400 0.06434800
vt 0.23736700 0.19900200
vt 0.71882600 0.17967700
vt 0.28587800 0.71495500
vt 0.97521000 0.13008100
vt 0.65623500 0.31213800
vt 0.87565100 0.13858900
vt 0.55424900 0.46054100
vt 0.64940000 0.35701900
vt 0.85741700 0.18463400
vt 0.30123400 0.01930700
vt 0.72033900 0.24209300
vt 0.67396500 0.39021100
vt 0.96448000 0.12440900
vt 0.42210900 0.22231100
vt 0.71749900 0.40602300
vt 0.26974000 0.15366700
vt 0.43978800 0.23092400
vt 0.40015400 0.77309100
vt 0.35059100 0.63116800
vt 0.40866800 0.72908900
vt 0.20035700 0.70598900
vt 0.87523300 0.13577300
vt 0.55710300 0.45956600
vt 0.40005000 0.67612300
vt 0.10288400 0.20730800
vt 0.35515600 0.19323000
vt 0.20148300 0.36324900
vt 0.31197400 0.51498900
vt 0.09662000 0.17157700
vt 0.10224500 0.15963200
vt 0.10669400 0.17728300
vt 0.71473300 0.42632600
vt 0.48687300 0.41189000
vt 0.18245900 0.19285900
vt 0.18926500 0.19288000
vt 0.08186200 0.42160400
vt 0.48658200 0.40888100
vt 0.69755000 0.14894300
vt 0.04630500 0.05888800
vt 0.29823300 0.56366100
vt 0.21109100 0.12382900
vt 0.76857400 0.24511000
vt 0.35905500 0.15658700
vt 0.55245500 0.47930500
vt 0.80722500 0.10048900
vt 0.18416200 0.47979400
vt 0.23910700 0.50865300
vt 0.07474500 0.12825000
vt 0.26737100 0.23499300
vt 0.65869700 0.45767300
vt 0.64268900 0.33230700
vt 0.50931400 0.48411500
vt 0.45872600 0.48688700
vt 0.64279500 0.35374800
vt 0.17782100 0.17509400
vt 0.78479200 0.22642300
vt 0.75926000 0.21921100
vt 0.28951000 0.03541500
vt 0.82258200 0.23090600
vt 0.18162100 0.08290400
vt 0.84295000 0.12246500
vt 0.14074300 0.09550500
vt 0.85085600 0.33586400
vt 0.42629700 0.68800900
vt 0.16838300 0.31118400
vt 0.86049800 0.12728100
vt 0.76467400 0.22972300
vt 0.80176000 0.34909700
vt 0.13454600 0.42502800
vt 0.67705200 0.30549800
vt 0.08838700 0.25779500
vt 0.48947700 0.41277800
vt 0.97362300 0.15595200
vt 0.12237100 0.20570600
vt 0.12652600 0.09212100
vt 0.23469700 0.27523300
vt 0.85067500 0.09693800
vt 0.86147000 0.12113800
vt 0.20494400 0.91872800
vt 0.13758400 0.96978100
vt 0.46899400 0.39367900
vt 0.81548000 0.10044000
vt 0.34598900 0.47986800
vt 0.11211900 0.33080300
vt 0.14487700 0.34523600
vt 0.36896700 0.13877000
vt 0.69237900 0.35035100
vt 0.68894000 0.33460000
vt 0.24311900 0.05553800
vt 0.51724900 0.48609500
vt 0.41048500 0.40430400
vt 0.64352400 0.41088200
vt 0.20383000 0.91515100
vt 0.20339600 0.78563200
vt 0.23185600 0.44436300
vt 0.71669900 0.24284100
vt 0.45993400 0.38647300
vt 0.74205800 0.21382800
vt 0.85010800 0.08977800
vt 0.64241100 0.38971500
vt 0.70745800 0.21550400
vt 0.25273200 0.08901100
vt 0.14489800 0.67839400
vt 0.30470800 0.72680600
vt 0.76925600 0.25639100
vt 0.33322500 0.41868200
vt 0.79986200 0.43839200
vt 0.55349400 0.55567000
vt 0.37044900 0.79356900
vt 0.09829900 0.83870900
vt 0.11261400 0.07241300
vt 0.41955800 0.67245200
vt 0.41295000 0.23233900
vt 0.18057200 0.26245400
vt 0.81365300 0.46804400
vt 0.32897400 0.53848000
vt 0.84821400 0.09416300
vt 0.23444300 0.66079600
vt 0.84699400 0.30983800
vt 0.51541900 0.53617800
vt 0.46215600 0.61268200
vt 0.72585000 0.00893100
vt 0.38803000 0.36349900
vt 0.38351200 0.47878800
vt 0.16537100 0.08823100
vt 0.16990600 0.78216400
vt 0.11668800 0.17848300
vt 0.51168300 0.61771700
vt 0.82122100 0.46277600
vt 0.29122800 0.06656900
vt 0.36963300 0.74926800
vt 0.22979100 0.43471300
vt 0.45948300 0.15568100
vt 0.98251100 0.02757900
vt 0.71448300 0.23900000
vt 0.71522100 0.24294000
vt 0.38734700 0.67331600
vt 0.63186100 0.33177800
vt 0.45879900 0.13395400
vt 0.47624500 0.44452600
vt 0.15426700 0.11972800
vt 0.37257200 0.56716700
vt 0.16246400 0.19465700
vt 0.45349700 0.22609100
vt 0.51891500 0.43949300
vt 0.22331300 0.67527900
vt 0.63766500 0.45366100
vt 0.55793100 0.50104900
vt 0.39067200 0.54117600
vt 0.34922300 0.57111200
vt 0.43895100 0.73885800
vt 0.01016000 0.06527300
vt 0.58039000 0.48073000
vt 0.23694000 0.67461400
vt 0.10663800 0.89992800
vt 0.25113200 0.58565700
vt 0.35673300 0.66269000
vt 0.23365700 0.24964200
vt 0.22865100 0.26407800
vt 0.20662700 0.16963500
vt 0.78021800 0.21757300
vt 0.34583000 0.10230600
vt 0.40854600 0.64365300
vt 0.88115900 0.12083100
vt 0.63500900 0.42213600
vt 0.28850300 0.26178300
vt 0.57161400 0.47175000
vt 0.88651900 0.12119100
vt 0.72299900 0.44319800
vt 0.04562500 0.29125100
vt 0.45954900 0.21801700
vt 0.48149700 0.40291100
vt 0.29012000 0.64080500
vt 0.36309300 0.15907900
vt 0.49823800 0.14976300
vt 0.84113500 0.13041300
vt 0.08355600 0.13602600
vt 0.53816500 0.54086900
vt 0.57762000 0.47639200
vt 0.93655300 0.13814200
vt 0.16515400 0.42302700
vt 0.27529900 0.68626000
vt 0.73356000 0.46083800
vt 0.40898400 0.14672000
vt 0.42306200 0.22679400
vt 0.67409400 0.31998100
vt 0.69545300 0.39420100
vt 0.64360100 0.36599900
vt 0.54133300 0.43255500
vt 0.33034100 0.08278100
vt 0.07671300 0.89540200
vt 0.22039500 0.59622200
vt 0.38716300 0.57796000
vt 0.09822500 0.20216200
vt 0.79091500 0.09634400
vt 0.38002900 0.13030600
vt 0.14496300 0.37666300
vt 0.24350900 0.59842800
vt 0.52951800 0.53267200
vt 0.33544900 0.22177100
vt 0.28079900 0.06735300
vt 0.70025700 0.14309500
vt 0.15091000 0.20159500
vt 0.45125600 0.23976200
vt 0.19891800 0.31857200
vt 0.47410000 0.12477800
vt 0.07780300 0.43278100
vt 0.41904900 0.42402600
vt 0.71798700 0.01231700
vt 0.45657900 0.62044500
vt 0.79578300 0.08196700
vt 0.65169700 0.36924300
vt 0.36745800 0.65863500
vt 0.41105200 0.67076500
vt 0.70613500 0.46333100
vt 0.43602800 0.51600700
vt 0.63733400 0.45114800
vt 0.13589700 0.77086600
vt 0.31540300 0.30129400
vt 0.65513100 0.32998100
vt 0.11274400 0.42839700
vt 0.13748600 0.35919300
vt 0.52706800 0.49227200
vt 0.46424600 0.14803200
vt 0.71861800 0.41268300
vt 0.77537600 0.26562800
vt 0.38663800 0.19567800
vt 0.43663200 0.73656400
vt 0.11292000 0.10598100
vt 0.63055400 0.46096100
vt 0.34794700 0.16931700
vt 0.39793900 0.54873000
vt 0.35038200 0.62005100
vt 0.15753500 0.38224200
vt 0.85003400 0.28947200
vt 0.16114300 0.36095200
vt 0.62388000 0.43975800
vt 0.75294900 0.19508000
vt 0.75861100 0.26208100
vt 0.70774800 0.40464600
vt 0.85677800 0.33654700
vt 0.38813200 0.56981700
vt 0.38784500 0.56859300
vt 0.20558200 0.31534800
vt 0.26928000 0.52090100
vt 0.37846900 0.56384700
vt 0.71859000 0.44827800
vt 0.03837200 0.91652300
vt 0.03985600 0.91466700
vt 0.07244800 0.41927500
vt 0.67896800 0.31323900
vt 0.85789700 0.14017100
vt 0.76046300 0.25930300
vt 0.27504700 0.73406100
vt 0.71737100 0.43056300
vt 0.20155500 0.69388100
vt 0.08830200 0.28309700
vt 0.20309700 0.45500900
vt 0.20370000 0.33510600
vt 0.28199100 0.67926500
vt 0.10189700 0.08256000
vt 0.97834100 0.02259300
vt 0.05857800 0.31101700
vt 0.16890300 0.14269300
vt 0.18375900 0.80025300
vt 0.21536800 0.85260500
vt 0.82584800 0.32572600
vt 0.40809300 0.23195600
vt 0.75049400 0.24697200
vt 0.59708000 0.48128000
vt 0.56301300 0.56200800
vt 0.57289000 0.57680300
vt 0.51222000 0.44139800
vt 0.18505900 0.14798900
vt 0.71858500 0.01810900
vt 0.05864500 0.37948000
vt 0.56463500 0.61299000
vt 0.88054200 0.08223500
vt 0.41936500 0.23047500
vt 0.48814800 0.17425600
vt 0.70293900 0.29953900
vt 0.51071600 0.55565400
vt 0.78113700 0.20233600
vt 0.47324500 0.50591900
vt 0.15997600 0.34971900
vt 0.38183200 0.64976100
vt 0.27582600 0.78610700
vt 0.77744300 0.21483300
vt 0.30610100 0.58116400
vt 0.16421400 0.38610300
vt 0.76720300 0.25875300
vt 0.04858500 0.28828000
vt 0.67874800 0.34227300
vt 0.46800600 0.52883800
vt 0.24179400 0.60565400
vt 0.11781400 0.23465500
vt 0.82767700 0.46825100
vt 0.38109500 0.51903200
vt 0.33498000 0.54635800
vt 0.36870900 0.68338900
vt 0.76594500 0.40599200
vt 0.35771700 0.40122300
vt 0.17136700 0.30311100
vt 0.82502800 0.34447600
vt 0.63725400 0.41444800
vt 0.64491000 0.36568200
vt 0.78669500 0.17821400
vt 0.78853500 0.09298600
vt 0.22015200 0.29957500
vt 0.64838600 0.29733800
vt 0.55540200 0.49593900
vt 0.80144400 0.15838800
vt 0.38574600 0.43589600
vt 0.17388200 0.84908600
vt 0.11443200 0.10014200
vt 0.63482000 0.46704500
vt 0.73213200 0.17996600
vt 0.13760000 0.11492600
vt 0.27158900 0.02853500
vt 0.20666600 0.12903900
vt 0.28691000 0.23030800
vt 0.31442400 0.25641700
vt 0.74806700 0.24922100
vt 0.66803600 0.39771600
vt 0.38462100 0.17675500
vt 0.21339100 0.35881500
vt 0.72052800 0.22806800
vt 0.21935600 0.37110400
vt 0.64589300 0.36641300
vt 0.42235500 0.46890800
vt 0.52465000 0.49225700
vt 0.08467100 0.28675500
vt 0.19361200 0.07753700
vt 0.85332500 0.20161500
vt 0.21695800 0.06063300
vt 0.48998700 0.12879400
vt 0.32414100 0.53007300
vt 0.38177800 0.61425900
vt 0.69320000 0.39013800
vt 0.37519600 0.13477900
vt 0.16797900 0.37077800
vt 0.09760900 0.19349700
vt 0.21758300 0.66601200
vt 0.15718300 0.08928300
vt 0.82613500 0.11936800
vt 0.35114700 0.62676300
vt 0.38809200 0.39592400
vt 0.21339300 0.59968800
vt 0.14984200 0.66622200
vt 0.82428100 0.31130600
vt 0.52227900 0.53136900
vt 0.85457600 0.41781600
vt 0.39088400 0.40257400
vt 0.35226900 0.28392900
vt 0.46661000 0.15935100
vt 0.47224000 0.13120900
vt 0.20975600 0.88940800
vt 0.05036700 0.29730500
vt 0.68246300 0.30766200
vt 0.30955700 0.07517400
vt 0.63587900 0.43838500
vt 0.76218300 0.25541700
vt 0.29977300 0.04152600
vt 0.33608300 0.59852400
vt 0.48196500 0.48061400
vt 0.74859300 0.23137100
vt 0.21729900 0.32036200
vt 0.38906800 0.56688000
vt 0.16716900 0.83099200
vt 0.16141700 0.38023700
vt 0.07524900 0.19682800
vt 0.97391100 0.12698900
vt 0.30086600 0.15001200
vt 0.11473200 0.79143500
vt 0.65832300 0.39999300
vt 0.13506300 0.32342100
vt 0.66752200 0.05560200
vt 0.41985800 0.23867900
vt 0.85222900 0.29668300
vt 0.48812700 0.54619900
vt 0.39697400 0.79385900
vt 0.71578700 0.43820200
vt 0.94107300 0.02578100
vt 0.67030000 0.39188900
vt 0.64282300 0.36128600
vt 0.79141100 0.10585800
vt 0.24403300 0.19665200
vt 0.34850600 0.70230800
vt 0.31420200 0.57233300
vt 0.42980800 0.70175500
vt 0.24240300 0.79884100
vt 0.09052100 0.96298400
vt 0.05988900 0.09263600
vt 0.11209000 0.10330300
vt 0.62903200 0.45742400
vt 0.08256400 0.42547400
vt 0.38015400 0.56705800
vt 0.97536800 0.12511500
vt 0.69082800 0.03623200
vt 0.07756200 0.43856500
vt 0.96891100 0.15129100
vt 0.36227400 0.47610800
vt 0.81573100 0.11109900
vt 0.33716400 0.12837000
vt 0.10698500 0.45567900
vt 0.47040400 0.16478000
vt 0.07735800 0.88720100
vt 0.38929000 0.17425600
vt 0.38141300 0.17876900
vt 0.36175100 0.56609300
vt 0.08453200 0.19895000
vt 0.17427700 0.37766900
vt 0.70916000 0.17064900
vt 0.70241900 0.16345900
vt 0.79657500 0.40801700
vt 0.38834700 0.40324800
vt 0.16773800 0.91738000
vt 0.14592200 0.93934700
vt 0.25582700 0.23319300
vt 0.24489700 0.51023800
vt 0.18193500 0.09480600
vt 0.53977900 0.46952500
vt 0.23252900 0.48912200
vt 0.19923600 0.46798400
vt 0.37434100 0.78064300
vt 0.69506700 0.39041000
vt 0.30002000 0.07610500
vt 0.63615300 0.31440700
vt 0.02706200 0.91799600
vt 0.04147400 0.89616800
vt 0.18196800 0.18162100
vt 0.23334300 0.39008600
vt 0.05220000 0.28336200
vt 0.14050300 0.36500400
vt 0.45821100 0.17667000
vt 0.45952400 0.19304900
vt 0.55821200 0.48203300
vt 0.19776700 0.36144700
vt 0.82676700 0.10928600
vt 0.13295800 0.84455500
vt 0.75869100 0.23644600
vt 0.50676800 0.60189900
vt 0.31730700 0.14974900
vt 0.53884300 0.46782800
vt 0.93562900 0.04126200
vt 0.13425300 0.45820400
vt 0.79840300 0.06941200
vt 0.72696700 0.17326400
vt 0.83156900 0.09552600
vt 0.35234600 0.09814900
vt 0.92946600 0.09408700
vt 0.08103700 0.11595800
vt 0.31099900 0.56696900
vt 0.39209600 0.72900700
vt 0.56836500 0.60249300
vt 0.25721400 0.16636600
vt 0.49831500 0.59955800
vt 0.76082500 0.24296300
vt 0.96831200 0.12422700
vt 0.63754700 0.35289300
vt 0.85005400 0.31915300
vt 0.16350500 0.35218700
vt 0.37553200 0.65034900
vt 0.50910200 0.52521800
vt 0.44624400 0.43534700
vt 0.82418200 0.24435400
vt 0.74104500 0.47362700
vt 0.86789300 0.29742400
vt 0.94529600 0.14698100
vt 0.03416700 0.92468400
vt 0.34697800 0.26489700
vt 0.40566100 0.39162100
vt 0.09123100 0.33355400
vt 0.69778700 0.32455300
vt 0.07746800 0.42871800
vt 0.44114800 0.40355500
vt 0.03706900 0.13372100
vt 0.13881700 0.20533000
vt 0.09548600 0.44773300
vt 0.78798500 0.35496300
vt 0.38564600 0.16346200
vt 0.75651600 0.18885900
vt 0.16454500 0.30638900
vt 0.30397100 0.02970900
vt 0.47987900 0.54911800
vt 0.18639500 0.20202600
vt 0.17547100 0.19881400
vt 0.63586000 0.41433300
vt 0.21359200 0.35354400
vt 0.26035400 0.03467200
vt 0.23786700 0.04703000
vt 0.70685900 0.45420100
vt 0.94039500 0.13588000
vt 0.17711200 0.17771900
vt 0.76554700 0.19644100
vt 0.17151200 0.44142600
vt 0.11378800 0.34029500
vt 0.64730900 0.41336600
vt 0.52227200 0.54490100
vt 0.14891400 0.90936200
vt 0.79803000 0.15017300
vt 0.70127500 0.21159700
vt 0.63507800 0.39660000
vt 0.34287600 0.31295500
vt 0.74276700 0.05232600
vt 0.51408400 0.60087200
vt 0.06913000 0.42318600
vt 0.94970200 0.04585100
vt 0.54805100 0.45535600
vt 0.86901900 0.14225700
vt 0.79512900 0.27036000
vt 0.72312200 0.43022700
vt 0.35673100 0.63636400
vt 0.21199100 0.05614000
vt 0.85305300 0.19513700
vt 0.29234600 0.00893100
vt 0.53161200 0.53444400
vt 0.27684700 0.09131400
vt 0.55586500 0.46725400
vt 0.12562500 0.31876400
vt 0.42494900 0.43900400
vt 0.66418500 0.30668000
vt 0.65063300 0.12989100
vt 0.82758400 0.22481600
vt 0.32292800 0.56793200
vt 0.71693600 0.22701600
vt 0.72284000 0.22419100
vt 0.50075900 0.15335600
vt 0.42572300 0.67258800
vt 0.36207200 0.19057300
vt 0.63464000 0.42393700
vt 0.35740500 0.18971900
vt 0.82749400 0.05672000
vt 0.51367400 0.55314200
vt 0.23769300 0.48929700
vt 0.70862900 0.19174400
vt 0.28887300 0.69982000
vt 0.20190400 0.20240500
vt 0.24599200 0.23032200
vt 0.19153700 0.33471100
vt 0.68805500 0.31854300
vt 0.43978900 0.41327400
vt 0.43013000 0.50517500
vt 0.41291900 0.25372300
vt 0.38107000 0.19651000
vt 0.18144100 0.84633100
vt 0.17450200 0.82831700
vt 0.64604900 0.47198300
vt 0.33941200 0.19647200
vt 0.14061500 0.79108600
vt 0.72771500 0.23866700
vt 0.35355300 0.15752700
vt 0.44073000 0.57636300
vt 0.14223300 0.37297500
vt 0.52023600 0.59640000
vt 0.74059200 0.05925100
vt 0.28538700 0.07001700
vt 0.27121600 0.08232900
vt 0.53175300 0.54459600
vt 0.42301800 0.22370700
vt 0.36228900 0.31836500
vt 0.38191900 0.42876900
vt 0.29657600 0.65571100
vt 0.35783600 0.17870800
vt 0.25994700 0.06890000
vt 0.21063900 0.27287500
vt 0.22132800 0.24215400
vt 0.23756100 0.05936900
vt 0.19600000 0.30015600
vt 0.01898000 0.97820800
vt 0.36376900 0.59518300
vt 0.06206600 0.38374500
vt 0.40765700 0.25884600
vt 0.30832800 0.02547100
vt 0.86102200 0.17835400
vt 0.16458000 0.39548000
vt 0.17951500 0.78175700
vt 0.04240800 0.83193500
vt 0.09033200 0.13570700
vt 0.28622200 0.48167800
vt 0.45611200 0.61576300
vt 0.87305900 0.07128600
vt 0.33349900 0.61277800
vt 0.20899800 0.78766600
vt 0.38119500 0.65270500
vt 0.81255100 0.35060000
vt 0.47469700 0.49683400
vt 0.13123100 0.08624100
vt 0.38108800 0.73576600
vt 0.53974400 0.54191100
vt 0.17836300 0.91667800
vt 0.45342200 0.60936000
vt 0.37374400 0.49729100
vt 0.36258900 0.34810600
vt 0.17858400 0.28512300
vt 0.79966200 0.34358700
vt 0.40761200 0.22491900
vt 0.35118500 0.56790200
vt 0.37686900 0.79807300
vt 0.32713300 0.62214300
vt 0.74021200 0.19399000
vt 0.79184600 0.26666300
vt 0.51282500 0.43479100
vt 0.50489900 0.15505900
vt 0.51418600 0.48816100
vt 0.36594600 0.46869200
vt 0.79569000 0.34250500
vt 0.52680200 0.54161100
vt 0.21184500 0.87923300
vt 0.51597100 0.54827500
vt 0.14242200 0.33833000
vt 0.11717400 0.10955600
vt 0.74725600 0.49250200
vt 0.83168200 0.22429200
vt 0.03007500 0.12341700
vt 0.43932000 0.47283500
vt 0.83507400 0.33776700
vt 0.11061700 0.11042000
vt 0.39037400 0.13517800
vt 0.41853400 0.23527500
vt 0.44031500 0.68541800
vt 0.36113500 0.71900400
vt 0.11221900 0.35901400
vt 0.50523700 0.15844500
vt 0.51153900 0.43179100
vt 0.33789600 0.15364200
vt 0.64546300 0.05392700
vt 0.44533500 0.68858300
vt 0.15003700 0.11404600
vt 0.84569600 0.06902700
vt 0.49262500 0.50253700
vt 0.76657800 0.25702800
vt 0.82736600 0.11078900
vt 0.12411200 0.20986600
vt 0.11536900 0.17443500
vt 0.05412000 0.89918000
vt 0.23013800 0.62228700
vt 0.48747600 0.44351800
vt 0.44733800 0.54025700
vt 0.61868000 0.30996700
vt 0.74967800 0.08235000
vt 0.52510000 0.56926300
vt 0.14505900 0.32755400
vt 0.64174800 0.09258800
vt 0.68395400 0.19929200
vt 0.48635700 0.20902100
vt 0.46901200 0.24121100
vt 0.11713900 0.06668400
vt 0.37785500 0.15267600
vt 0.51307300 0.52562600
vt 0.17358000 0.30512400
vt 0.05532500 0.27726900
vt 0.07241100 0.22862000
vt 0.37949200 0.19152100
vt 0.33717400 0.21987400
vt 0.39255200 0.70095200
vt 0.05334500 0.30609400
vt 0.06299600 0.37280000
vt 0.07963800 0.43462800
vt 0.41153100 0.22495100
vt 0.72994700 0.10234600
vt 0.32932300 0.35553800
vt 0.48563100 0.52866000
vt 0.35868400 0.46097400
vt 0.64606500 0.33132600
vt 0.54300300 0.44676900
vt 0.93501800 0.00893100
vt 0.64371200 0.46837900
vt 0.15777300 0.09102100
vt 0.22948300 0.19045100
vt 0.68983200 0.47461300
vt 0.41438300 0.21319200
vt 0.77149500 0.17487400
vt 0.30979400 0.71262800
vt 0.34903500 0.40561500
vt 0.14224600 0.38283300
vt 0.15817500 0.43808100
vt 0.33760700 0.17721300
vt 0.26169300 0.52855700
vt 0.11866900 0.18605600
vt 0.57417200 0.50611900
vt 0.84622000 0.34409800
vt 0.40857800 0.23511600
vt 0.36473100 0.10571300
vt 0.57074300 0.56822800
vt 0.79802400 0.09406900
vt 0.72878600 0.20605900
vt 0.77902400 0.24312000
vt 0.13668400 0.34337800
vt 0.23269500 0.43361900
vt 0.39327600 0.16748600
vt 0.38439200 0.43582100
vt 0.36546200 0.32490800
vt 0.41070300 0.22962300
vt 0.10506900 0.42536300
vt 0.08747900 0.83456600
vt 0.46903700 0.15595600
vt 0.54965200 0.45704900
vt 0.87032500 0.14062600
vt 0.74327200 0.24810100
vt 0.98791500 0.12928800
vt 0.74028500 0.25493100
vt 0.32335000 0.52649200
vt 0.84153200 0.09163900
vt 0.35504300 0.13145000
vt 0.73432400 0.45790400
vt 0.25472100 0.47735000
vt 0.42680400 0.63566100
vt 0.68993500 0.03444300
vt 0.15101500 0.38108800
vt 0.48271200 0.52235700
vt 0.39414400 0.19701100
vt 0.39258800 0.22609500
vt 0.37374200 0.79060400
vt 0.93503900 0.13482300
vt 0.25725100 0.63293400
vt 0.47025700 0.19550100
vt 0.29364100 0.05568600
vt 0.16793700 0.36175700
vt 0.68323100 0.29794800
vt 0.24557100 0.67751800
vt 0.12359500 0.36037200
vt 0.51002000 0.44055500
vt 0.11359600 0.46432000
vt 0.34657200 0.59040700
vt 0.38077900 0.18776400
vt 0.34117700 0.11456600
vt 0.65488900 0.45467500
vt 0.37008200 0.18374500
vt 0.32122400 0.55468400
vt 0.14187500 0.77350400
vt 0.42918800 0.45549300
vt 0.22409600 0.17832600
vt 0.97446200 0.00893100
vt 0.71496700 0.21398400
vt 0.80572200 0.10252600
vt 0.49947000 0.13543400
vt 0.53003700 0.43172600
vt 0.21924000 0.75890100
vt 0.34586000 0.12675800
vt 0.39760600 0.56200700
vt 0.32926600 0.18136000
vt 0.22746900 0.32210600
vt 0.72071700 0.42291500
vt 0.78606700 0.26951700
vt 0.36359600 0.77890300
vt 0.32348900 0.14329400
vt 0.09314500 0.34184300
vt 0.78040100 0.25137300
vt 0.13569800 0.09674900
vt 0.36849700 0.48188400
vt 0.44104400 0.13477600
vt 0.48927400 0.58240200
vt 0.05956800 0.87885400
vt 0.17093000 0.40206700
vt 0.23210600 0.12548400
vt 0.62738200 0.44695400
vt 0.35368200 0.14376800
vt 0.72524500 0.44100700
vt 0.81613800 0.32311700
vt 0.51265000 0.49967200
vt 0.48597400 0.54342500
vt 0.79987100 0.25936200
vt 0.31098000 0.03522500
vt 0.28267900 0.73712100
vt 0.20329100 0.87884700
vt 0.98673200 0.08821900
vt 0.98889800 0.09211800
vt 0.29716300 0.45677800
vt 0.10977700 0.15911100
vt 0.66329700 0.47187200
vt 0.69843100 0.30130200
vt 0.11939200 0.96066900
vt 0.67616700 0.31928100
vt 0.26653500 0.65745400
vt 0.17743200 0.42548600
vt 0.76551400 0.18574000
vt 0.71728900 0.40657500
vt 0.71800100 0.40736600
vt 0.71829500 0.40587800
vt 0.37177600 0.15969700
vt 0.48300900 0.56016900
vt 0.80563300 0.12522000
vt 0.93331600 0.13678800
vt 0.46979000 0.20064400
vt 0.49268100 0.41767900
vt 0.35397200 0.32242200
vt 0.21499100 0.24058500
vt 0.20240300 0.27723800
vt 0.81914100 0.32910500
vt 0.56129200 0.50423200
vt 0.15195000 0.34642400
vt 0.20776800 0.20897100
vt 0.76420700 0.20274600
vt 0.56035500 0.61680300
vt 0.86781200 0.06222400
vt 0.94002000 0.13806500
vt 0.12283800 0.32259200
vt 0.49289800 0.45933700
vt 0.77186400 0.24992700
vt 0.54668800 0.54143400
vt 0.64042600 0.36224500
vt 0.22218400 0.42503400
vt 0.11602900 0.10485800
vt 0.12481600 0.35231900
vt 0.78079300 0.23079500
vt 0.29980200 0.68504700
vt 0.34866500 0.14673000
vt 0.71900500 0.41374800
vt 0.77678800 0.26518100
vt 0.71047800 0.40570000
vt 0.76174500 0.26245200
vt 0.34962000 0.15140100
vt 0.31040500 0.34349700
vt 0.24662900 0.59579000
vt 0.82678300 0.21794400
vt 0.43127200 0.22238600
vt 0.11101100 0.07847600
vt 0.68011700 0.19000600
vt 0.34043400 0.39067100
vt 0.45856900 0.43036700
vt 0.11199700 0.10675500
vt 0.42968900 0.13581900
vt 0.67706200 0.06708100
vt 0.19296600 0.35173800
vt 0.35537900 0.44698300
vt 0.06338000 0.31418300
vt 0.29571500 0.70268500
vt 0.81865800 0.21894400
vt 0.41684300 0.22645900
vt 0.42428600 0.62949700
vt 0.75449500 0.24957000
vt 0.68510500 0.33286900
vt 0.62031800 0.42266200
vt 0.68227900 0.20159200
vt 0.30950500 0.24065800
vt 0.52264700 0.50393100
vt 0.12401200 0.31613600
vt 0.15953300 0.83691600
vt 0.02104900 0.95053300
vt 0.35060900 0.54435200
vt 0.33847100 0.16821000
vt 0.79249200 0.26240100
vt 0.65107600 0.36499100
vt 0.35175900 0.29728900
vt 0.38081300 0.40765800
vt 0.64848500 0.44874700
vt 0.72439200 0.23406600
vt 0.73541400 0.45393200
vt 0.81252700 0.25964400
vt 0.17106800 0.18372500
vt 0.21614500 0.35181000
vt 0.35889400 0.59943200
vt 0.76430900 0.19513400
vt 0.23437200 0.21298700
vt 0.32854800 0.39837100
vt 0.37691700 0.35568500
vt 0.37966700 0.46774500
vt 0.83444300 0.11291800
vt 0.07874700 0.42565200
vt 0.63959500 0.36203600
vt 0.51821100 0.39247600
vt 0.49401500 0.20230700
vt 0.47264800 0.24939900
vt 0.32825200 0.24352500
vt 0.43346500 0.38188000
vt 0.20120600 0.32263800
vt 0.34996400 0.40876900
vt 0.71935700 0.41308700
vt 0.77621300 0.26567900
vt 0.19261100 0.91614300
vt 0.27621400 0.47273800
vt 0.47238200 0.17975000
vt 0.11460800 0.12651400
vt 0.35109800 0.19375300
vt 0.40325400 0.23355500
vt 0.48270200 0.15277100
vt 0.14677100 0.13458500
vt 0.18661000 0.13168800
vt 0.40697700 0.21792500
vt 0.53822900 0.47209300
vt 0.39455200 0.67414700
vt 0.25104900 0.14913500
vt 0.13868700 0.32281700
vt 0.16946400 0.08114700
vt 0.31896700 0.31251600
vt 0.71529700 0.17094800
vt 0.18035900 0.81415900
vt 0.49548400 0.19667500
vt 0.76815200 0.25430300
vt 0.18817000 0.47003200
vt 0.13729700 0.31269400
vt 0.09341500 0.33938700
vt 0.74374000 0.20790400
vt 0.26864800 0.09185700
vt 0.84914000 0.40858300
vt 0.39480600 0.52951400
vt 0.96811700 0.10352100
vt 0.05105100 0.06250600
vt 0.87053500 0.06740300
vt 0.14486000 0.45346200
vt 0.83095300 0.10978600
vt 0.83472500 0.32012400
vt 0.87419900 0.10105500
vt 0.17213900 0.79815900
vt 0.34251800 0.38300900
vt 0.91829100 0.04088800
vt 0.44870900 0.52668100
vt 0.16067700 0.35364100
vt 0.72373300 0.44583200
vt 0.25941900 0.59679300
vt 0.46855000 0.19827300
vt 0.59287600 0.48130100
vt 0.33317100 0.56733700
vt 0.69322800 0.39610500
vt 0.34127500 0.36916600
vt 0.81416600 0.05073100
vt 0.67686500 0.31450900
vt 0.50638800 0.47210100
vt 0.62367800 0.12277200
vt 0.37509100 0.12624800
vt 0.13558600 0.17209400
vt 0.11532600 0.06781900
vt 0.68443200 0.17934900
vt 0.23206200 0.20348200
vt 0.12579600 0.20589100
vt 0.63138900 0.43599200
vt 0.38035000 0.71074000
vt 0.80730800 0.41183400
vt 0.11469900 0.07310800
vt 0.68380500 0.18463800
vt 0.39379300 0.48122300
vt 0.15309800 0.09289500
vt 0.33155500 0.61837500
vt 0.27579400 0.07307400
vt 0.43943600 0.23522900
vt 0.40165800 0.72844900
vt 0.20745800 0.85080300
vt 0.18610700 0.80617100
vt 0.84940300 0.29872900
vt 0.38458800 0.12408600
vt 0.32550200 0.61117600
vt 0.24879200 0.79759600
vt 0.02383700 0.97916300
vt 0.79342100 0.20644400
vt 0.08154300 0.94470300
vt 0.34777700 0.14905200
vt 0.20719300 0.37069000
vt 0.37042600 0.11048600
vt 0.33100400 0.22617900
vt 0.37420000 0.78388100
vt 0.79648700 0.21187200
vt 0.06552100 0.37446600
vt 0.46588100 0.13458500
vt 0.15636800 0.21434500
vt 0.81085200 0.35840000
vt 0.45700000 0.16018600
vt 0.80969000 0.43655900
vt 0.13346100 0.34061100
vt 0.72760900 0.44998900
vt 0.84379200 0.06572000
vt 0.67139300 0.04730600
vt 0.43374900 0.66131700
vt 0.18421600 0.22411700
vt 0.16523300 0.21833100
vt 0.36605000 0.55885900
vt 0.13322200 0.96558500
vt 0.68627600 0.30817100
vt 0.67255200 0.36325300
vt 0.67616200 0.36435000
vt 0.11859400 0.34936400
vt 0.38203500 0.15534000
vt 0.14504400 0.84191500
vt 0.09169700 0.27913500
vt 0.29889500 0.07199100
vt 0.24964400 0.30229000
vt 0.38958600 0.38680200
vt 0.24949400 0.05775700
vt 0.25246600 0.05374200
vt 0.20053100 0.85098600
vt 0.87228900 0.14073900
vt 0.55031200 0.45880800
vt 0.28884900 0.60263000
vt 0.85389500 0.33031100
vt 0.42523900 0.67657900
vt 0.30993000 0.26113500
vt 0.72124100 0.42702400
vt 0.57256200 0.50863200
vt 0.64252100 0.33036400
vt 0.63654200 0.32328800
vt 0.40941000 0.68216700
vt 0.07810900 0.31915300
vt 0.12052300 0.33122900
vt 0.39366700 0.64991000
vt 0.38718900 0.16439000
vt 0.45581200 0.22327000
vt 0.77228200 0.25278300
vt 0.04890200 0.28638200
vt 0.71214200 0.08648500
vt 0.02945800 0.12686200
vt 0.42003200 0.80220400
vt 0.25207100 0.30650500
vt 0.31670400 0.61935400
vt 0.38540800 0.17870900
vt 0.68533300 0.30264600
vt 0.22086800 0.85533900
vt 0.17857100 0.79723800
vt 0.25762900 0.14589700
vt 0.38898200 0.14677200
vt 0.42846700 0.50199900
vt 0.43275000 0.50210900
vt 0.11502200 0.21299900
vt 0.62620400 0.41727900
vt 0.38438300 0.48656900
vt 0.39681800 0.36823900
vt 0.85598100 0.11068000
vt 0.59012800 0.48451800
vt 0.10536300 0.09046400
vt 0.62226800 0.44049600
vt 0.10513500 0.12667500
vt 0.09331400 0.06887900
vt 0.14468900 0.37388400
vt 0.51745300 0.55024400
vt 0.11076800 0.23204000
vt 0.50889200 0.43621800
vt 0.38245000 0.14453000
vt 0.65897900 0.32854800
vt 0.12707300 0.30696900
vt 0.46991400 0.18789200
vt 0.44704200 0.14303400
vt 0.17127400 0.11252400
vt 0.71987900 0.24231900
vt 0.67354100 0.38971100
vt 0.79516100 0.09762200
vt 0.79719900 0.09806900
vt 0.92103200 0.17718800
vt 0.41226200 0.26682700
vt 0.45858500 0.38275000
vt 0.43459000 0.71451000
vt 0.39305800 0.37400400
vt 0.45833400 0.16397400
vt 0.74753200 0.08532900
vt 0.10509700 0.32984900
vt 0.37205700 0.56083400
vt 0.97738200 0.13088300
vt 0.19636200 0.91636600
vt 0.46316800 0.22247200
vt 0.46555700 0.21471000
vt 0.95270900 0.06858800
vt 0.13184100 0.76658800
vt 0.27792700 0.80888100
vt 0.49135800 0.44783700
vt 0.93082800 0.03316100
vt 0.34399800 0.45894200
vt 0.07493500 0.36902300
vt 0.81046100 0.32895300
vt 0.81900800 0.13575200
vt 0.45989500 0.38786800
vt 0.27388300 0.67678700
vt 0.47924900 0.17169500
vt 0.59601800 0.47971400
vt 0.36080900 0.46981800
vt 0.09893800 0.15490400
vt 0.66712700 0.47116700
vt 0.84868100 0.29333100
vt 0.46548400 0.15963800
vt 0.98962600 0.08911700
vt 0.05269600 0.38830800
vt 0.06791400 0.22401200
vt 0.04356900 0.28839500
vt 0.05066700 0.28217800
vt 0.64961600 0.40575700
vt 0.63882700 0.33583100
vt 0.31296200 0.28976800
vt 0.80982000 0.26160800
vt 0.73448800 0.45042200
vt 0.34239700 0.56545600
vt 0.25901400 0.17357600
vt 0.38223000 0.14229100
vt 0.41690900 0.23046800
vt 0.37051000 0.20356700
vt 0.43946000 0.70008600
vt 0.29651000 0.30758100
vt 0.23413300 0.08084900
vt 0.36141900 0.13411700
vt 0.47113000 0.17521900
vt 0.34800700 0.16417800
vt 0.69482200 0.32186200
vt 0.80039900 0.44597100
vt 0.31432900 0.56629000
vt 0.46631500 0.17827800
vt 0.26154900 0.65633400
vt 0.49481700 0.58412100
vt 0.30549500 0.56038200
vt 0.68167500 0.31164500
vt 0.47266200 0.47652300
vt 0.62911400 0.43778900
vt 0.58207700 0.58204600
vt 0.58415300 0.49455200
vt 0.46416600 0.38729700
vt 0.79892000 0.19279200
vt 0.16423600 0.06630900
vt 0.28672300 0.43633900
vt 0.39038600 0.79498400
vt 0.26461200 0.34980900
vt 0.41475700 0.71145500
vt 0.47409100 0.48824000
vt 0.49606600 0.52562000
vt 0.23799900 0.37665800
vt 0.10514800 0.33542000
vt 0.74301500 0.24624500
vt 0.69647400 0.38880300
vt 0.55121300 0.54758900
vt 0.65035400 0.29668900
vt 0.50013300 0.54960700
vt 0.47463500 0.51820900
vt 0.72661900 0.44238500
vt 0.80583800 0.27099700
vt 0.68740300 0.33227800
vt 0.39355200 0.79823100
vt 0.26224400 0.51772800
vt 0.14887600 0.37844400
vt 0.70439600 0.15895000
vt 0.31626700 0.44177400
vt 0.63630700 0.42439400
vt 0.75006000 0.24990900
vt 0.27209300 0.30110600
vt 0.09226000 0.42745400
vt 0.78475900 0.33468400
vt 0.14352500 0.18720100
vt 0.84683000 0.10517100
vt 0.42596800 0.63367100
vt 0.23624700 0.07697000
vt 0.24392300 0.25797700
vt 0.10725800 0.08653300
vt 0.61939200 0.43074300
vt 0.67636400 0.19806300
vt 0.50789600 0.16120500
vt 0.50840000 0.43058300
vt 0.20933100 0.79017600
vt 0.21883900 0.90467100
vt 0.12109200 0.98017400
vt 0.51886700 0.48947400
vt 0.80381100 0.10120600
vt 0.11998900 0.86993000
vt 0.50677600 0.43808100
vt 0.33246900 0.21511700
vt 0.02561000 0.13544100
vt 0.41467800 0.81048600
vt 0.08927200 0.43621100
vt 0.45505600 0.60263700
vt 0.79916600 0.39496800
vt 0.39093800 0.39019900
vt 0.31623700 0.43062600
vt 0.79094600 0.22358000
vt 0.94434900 0.14233900
vt 0.86834000 0.30232000
vt 0.47453500 0.18900700
vt 0.08844000 0.82929300
vt 0.64345200 0.33665700
vt 0.23455900 0.68943800
vt 0.09467600 0.14004800
vt 0.38957400 0.17665500
vt 0.68027900 0.33867000
vt 0.48617200 0.41004800
vt 0.33128800 0.09342000
vt 0.41110900 0.49378400
vt 0.66648200 0.30366800
vt 0.36383900 0.13857800
vt 0.33859500 0.29136200
vt 0.68019700 0.30398000
vt 0.09586500 0.07004600
vt 0.80541000 0.21618400
vt 0.81004800 0.22967600
vt 0.03640300 0.84149500
vt 0.39642700 0.64797500
vt 0.23188800 0.39820300
vt 0.26634400 0.16015700
vt 0.08431100 0.43268100
vt 0.54560900 0.45987000
vt 0.94493700 0.04431800
vt 0.79994800 0.06035800
vt 0.98619300 0.08918600
vt 0.98832100 0.09307700
vt 0.37952600 0.78627900
vt 0.36654200 0.47688200
vt 0.48421200 0.40856600
vt 0.35752700 0.66537000
vt 0.81808900 0.08043800
vt 0.19415400 0.73215600
vt 0.16224100 0.06270200
vt 0.74394700 0.18300800
vt 0.50214000 0.44148700
vt 0.28902600 0.29815300
vt 0.37256000 0.13550700
vt 0.33674200 0.26076300
vt 0.64993400 0.33243800
vt 0.16257700 0.21760300
vt 0.75256100 0.24872700
vt 0.22214100 0.59872300
vt 0.64104100 0.36419300
vt 0.78811900 0.09260000
vt 0.36382100 0.45978400
vt 0.63521500 0.42576700
vt 0.06972300 0.31389500
vt 0.23695800 0.45355800
vt 0.87643600 0.13140100
vt 0.98780000 0.08997800
vt 0.04863800 0.85972700
vt 0.72581000 0.22996100
vt 0.40682400 0.24001100
vt 0.81026300 0.10082600
vt 0.10936600 0.97258000
vt 0.22253900 0.79436900
vt 0.14707600 0.37309800
vt 0.15102800 0.36646700
vt 0.31578800 0.71324700
vt 0.07879200 0.21540100
vt 0.05659000 0.40118200
vt 0.16766700 0.15912000
vt 0.35361600 0.74002700
vt 0.81331200 0.24992700
vt 0.19879100 0.12056000
vt 0.65164600 0.36064700
vt 0.08582800 0.96166000
vt 0.24676300 0.79975200
vt 0.81322200 0.22613300
vt 0.69090800 0.39334900
vt 0.35073300 0.18335800
vt 0.15338300 0.08992200
vt 0.78859100 0.09751900
vt 0.91687000 0.17535800
vt 0.86762600 0.30131600
vt 0.94508900 0.14344300
vt 0.37422700 0.79607700
vt 0.78547000 0.26414200
vt 0.15278700 0.67254800
vt 0.75496900 0.21137600
vt 0.12975000 0.11088100
vt 0.07444100 0.85410000
vt 0.38780400 0.15485800
vt 0.72675600 0.22727700
vt 0.39366000 0.70700800
vt 0.62870300 0.10549400
vt 0.02372600 0.05899600
vt 0.20685100 0.45654000
vt 0.23319700 0.22215000
vt 0.34484300 0.26225200
vt 0.98698500 0.08910100
vt 0.82324300 0.23478400
vt 0.11925400 0.06424400
vt 0.68836100 0.17577400
vt 0.42558300 0.48039100
vt 0.22136600 0.22497600
vt 0.06753600 0.32361800
vt 0.07558900 0.35996700
vt 0.54252100 0.47604300
vt 0.11424200 0.31657500
vt 0.29781000 0.69092300
vt 0.17940700 0.37329200
vt 0.09072200 0.20323000
vt 0.13133100 0.31603000
vt 0.42295400 0.21200500
vt 0.84827900 0.41039600
vt 0.11288600 0.46549600
vt 0.12634500 0.90373000
vt 0.58890800 0.47898100
vt 0.34924200 0.66115500
vt 0.12111500 0.18130000
vt 0.44139500 0.37697800
vt 0.33160500 0.23367900
vt 0.12705400 0.35538600
vt 0.33455900 0.11733200
vt 0.24497300 0.19067100
vt 0.37461400 0.71192700
vt 0.63790100 0.41790900
vt 0.13198000 0.36086700
vt 0.26888500 0.53045100
vt 0.05745800 0.38262800
vt 0.04606600 0.29545700
vt 0.68978100 0.30151000
vt 0.84195500 0.12845800
vt 0.24450800 0.35039200
vt 0.47697300 0.13965600
vt 0.92518300 0.07845100
vt 0.92837300 0.15096400
vt 0.07225600 0.42707700
vt 0.67556800 0.36377300
vt 0.71774000 0.24325900
vt 0.67138700 0.39110300
vt 0.51431600 0.17167700
vt 0.50180100 0.42140900
vt 0.28886200 0.06931100
vt 0.93036300 0.09572700
vt 0.86641800 0.29796100
vt 0.15619200 0.66515500
vt 0.21480900 0.60605400
vt 0.55093200 0.46811100
vt 0.86122800 0.30574700
vt 0.46429000 0.18906400
vt 0.18325500 0.29016800
vt 0.19742300 0.23323100
vt 0.62740200 0.45008100
vt 0.64751800 0.44135900
vt 0.85199100 0.07055500
vt 0.13527000 0.75832000
vt 0.75735600 0.22280200
vt 0.12797600 0.32577400
vt 0.33494300 0.05329200
vt 0.24367100 0.13042600
vt 0.66241200 0.46317000
vt 0.54827500 0.53931000
vt 0.48051400 0.49799700
vt 0.85722400 0.31118300
vt 0.37764400 0.73634300
vt 0.26567600 0.07048400
vt 0.34817100 0.59399300
vt 0.35431000 0.74093300
vt 0.82091700 0.11408500
vt 0.21312400 0.12638200
vt 0.14523200 0.36749300
vt 0.85374300 0.42377900
vt 0.22748900 0.65463800
vt 0.71743400 0.40590900
vt 0.71770500 0.40572000
vt 0.04822500 0.29033100
vt 0.39423800 0.72995900
vt 0.35584000 0.13828200
vt 0.15536900 0.09094600
vt 0.17786300 0.39174200
vt 0.28707600 0.03423200
vt 0.67351100 0.47579200
vt 0.70071000 0.30830400
vt 0.82906100 0.10381300
vt 0.26713400 0.17174400
vt 0.32043000 0.31728000
vt 0.18220200 0.07540400
vt 0.69417200 0.47276100
vt 0.13729400 0.45104300
vt 0.05635400 0.15156300
vt 0.81179000 0.43775800
vt 0.67889800 0.05012900
vt 0.13712400 0.76326600
vt 0.39219400 0.17618000
vt 0.51637800 0.49281500
vt 0.87764200 0.11621900
vt 0.74092300 0.49081600
vt 0.21074800 0.68268600
vt 0.76891000 0.26063700
vt 0.71641100 0.40601300
vt 0.04719200 0.28730000
vt 0.04872000 0.28504700
vt 0.80810600 0.09808300
vt 0.20615000 0.79002900
vt 0.21678500 0.90227400
vt 0.42548700 0.53949100
vt 0.24692700 0.60691500
vt 0.33083000 0.28870500
vt 0.17010100 0.13780300
vt 0.37834600 0.09667800
vt 0.20028700 0.32048200
vt 0.12111400 0.21392800
vt 0.24875300 0.18868800
vt 0.46616100 0.38959200
vt 0.45726500 0.13067100
vt 0.10719700 0.08026300
vt 0.52612300 0.55495000
vt 0.45431500 0.14085600
vt 0.88503300 0.09313500
vt 0.22942200 0.40609900
vt 0.22556000 0.71578100
vt 0.68324200 0.39310100
vt 0.97132100 0.13059800
vt 0.85468400 0.29434500
vt 0.16566600 0.36015500
vt 0.36150100 0.13975400
vt 0.57018300 0.50941900
vt 0.21485100 0.08725900
vt 0.15880100 0.84461500
vt 0.71327300 0.17300400
vt 0.72179700 0.43370700
vt 0.05414300 0.30261400
vt 0.33624600 0.32587200
vt 0.54411600 0.46293600
vt 0.20550800 0.33165100
vt 0.43236300 0.38337600
vt 0.84398400 0.08681900
vt 0.47211500 0.45672700
vt 0.26066000 0.15815100
vt 0.78398000 0.26228600
vt 0.72168900 0.23374400
vt 0.22791300 0.24388800
vt 0.18052700 0.27727900
vt 0.80848900 0.07251500
vt 0.14451200 0.38523200
vt 0.83701100 0.29246200
vt 0.57354800 0.48691600
vt 0.63502300 0.34626900
vt 0.45547300 0.24178500
vt 0.86925600 0.07054800
vt 0.23083500 0.61071200
vt 0.25363000 0.49443200
vt 0.67747000 0.04930500
vt 0.43152500 0.65631000
vt 0.41190900 0.23356200
vt 0.40076800 0.58380600
vt 0.47968800 0.12820300
vt 0.98848400 0.08908200
vt 0.47053200 0.45965200
vt 0.45824400 0.41268300
vt 0.48743100 0.57567700
vt 0.43982500 0.52216300
vt 0.40624500 0.14289200
vt 0.58465600 0.49033600
vt 0.31523100 0.56245000
vt 0.83187800 0.06181100
vt 0.15504000 0.14274000
vt 0.08989900 0.27576300
vt 0.74260000 0.21084200
vt 0.62797900 0.11710800
vt 0.25079100 0.62697800
vt 0.93031200 0.10539100
vt 0.85829500 0.29675600
vt 0.16905600 0.35719500
vt 0.84043500 0.08749900
vt 0.69866400 0.20794600
vt 0.62970300 0.40063700
vt 0.65457700 0.14660000
vt 0.35537000 0.34536000
vt 0.71820200 0.21661600
vt 0.97769800 0.01156400
vt 0.36285000 0.33318300
vt 0.37850400 0.44119700
vt 0.08939000 0.20699700
vt 0.71811000 0.23973200
vt 0.19939300 0.33223200
vt 0.15925800 0.10817500
vt 0.72067400 0.18404000
vt 0.79162100 0.25068100
vt 0.70846400 0.45556500
vt 0.86744400 0.07831400
vt 0.83231000 0.46085100
vt 0.81717900 0.23043900
vt 0.23641800 0.41443300
vt 0.81761100 0.46723600
vt 0.05301300 0.14355100
vt 0.11364100 0.41560100
vt 0.21262500 0.32231000
vt 0.40076000 0.14687500
vt 0.66905900 0.07153900
vt 0.33478300 0.56574000
vt 0.23320900 0.07716100
vt 0.49892200 0.13971300
vt 0.52625900 0.43111500
vt 0.19578500 0.32750400
vt 0.40587000 0.22709800
vt 0.92529900 0.14306400
vt 0.16952800 0.30202600
vt 0.66833800 0.39334400
vt 0.79950500 0.06957800
vt 0.36264800 0.33624400
vt 0.37698800 0.44422500
vt 0.52877700 0.51303600
vt 0.04861600 0.13573500
vt 0.71793400 0.42583200
vt 0.88837200 0.09767600
vt 0.21961800 0.90916000
vt 0.12110400 0.97562700
vt 0.66027800 0.47175800
vt 0.64664600 0.36533300
vt 0.24856500 0.59319400
vt 0.12986100 0.32375500
vt 0.38251900 0.12310700
vt 0.33724100 0.18427800
vt 0.13359800 0.35903900
vt 0.59406800 0.47490600
vt 0.89268700 0.09800300
vt 0.32717600 0.26095400
vt 0.09332000 0.21208800
vt 0.82468500 0.35527100
vt 0.16608100 0.22033500
vt 0.16688200 0.36420700
vt 0.16752600 0.36057500
vt 0.44345300 0.22938300
vt 0.72718700 0.20911600
vt 0.14465500 0.67399100
vt 0.30588400 0.72293300
vt 0.17326900 0.08363900
vt 0.43489400 0.73348300
vt 0.47965700 0.54203500
vt 0.43688000 0.69593600
vt 0.15975400 0.43281400
vt 0.28912000 0.05782200
vt 0.13413800 0.21442800
vt 0.09146300 0.10180100
vt 0.39758300 0.36990800
vt 0.63233200 0.42588300
vt 0.51403900 0.56038100
vt 0.70626200 0.30426600
vt 0.12877600 0.15461900
vt 0.32166700 0.55143200
vt 0.10435100 0.94783000
vt 0.97782800 0.12661800
vt 0.85468700 0.07335000
vt 0.18222600 0.09987100
vt 0.31590000 0.71643500
vt 0.22584800 0.59019200
vt 0.38776500 0.17762000
vt 0.77276900 0.22579000
vt 0.16489100 0.35115400
vt 0.09394000 0.78474400
vt 0.02535000 0.98574700
vt 0.34782500 0.33020600
vt 0.80539900 0.42536000
vt 0.34988100 0.65976700
vt 0.30985800 0.69104300
vt 0.37016300 0.17946000
vt 0.32843400 0.43061900
vt 0.17736800 0.28768800
vt 0.10743200 0.33801400
vt 0.65985000 0.39380500
vt 0.65734300 0.39579300
vt 0.40356800 0.21223400
vt 0.81771800 0.09647300
vt 0.20963900 0.38066400
vt 0.11220200 0.46550000
vt 0.37712400 0.79867600
vt 0.17577300 0.27571200
vt 0.22948600 0.31325800
vt 0.09156800 0.21424100
vt 0.52687400 0.53843700
vt 0.38050400 0.44766100
vt 0.37064400 0.77792300
vt 0.36070500 0.09377100
vt 0.44957300 0.22753200
vt 0.70300000 0.46736200
vt 0.53651700 0.54445600
vt 0.20850500 0.35581800
vt 0.34786900 0.56867900
vt 0.71307200 0.16467900
vt 0.42941600 0.70536300
vt 0.38967700 0.15795300
vt 0.22912800 0.11295600
vt 0.33772800 0.64597400
vt 0.37434900 0.14724500
vt 0.51522700 0.53355300
vt 0.66111100 0.29564500
vt 0.25872100 0.05967100
vt 0.27980800 0.70427500
vt 0.36556300 0.76827900
vt 0.63598600 0.30468500
vt 0.23349800 0.79727200
vt 0.09932700 0.96664100
vt 0.44582500 0.48638700
vt 0.68472900 0.30016300
vt 0.10865100 0.46052600
vt 0.38370000 0.79968300
vt 0.14850600 0.34215400
vt 0.71473500 0.22960200
vt 0.50113700 0.15785300
vt 0.17350600 0.91282900
vt 0.07286500 0.31563400
vt 0.51330500 0.54610600
vt 0.12421400 0.12846800
vt 0.47738300 0.55080900
vt 0.33184200 0.54174800
vt 0.14801400 0.44828000
vt 0.23154300 0.04268400
vt 0.26732900 0.02872900
vt 0.12414200 0.34356200
vt 0.34099800 0.10065300
vt 0.17243300 0.91438700
vt 0.22750700 0.61828700
vt 0.79348900 0.09461200
vt 0.47745500 0.18528500
vt 0.50977000 0.48984100
vt 0.33702300 0.71792800
vt 0.24842300 0.57695700
vt 0.87272400 0.13372200
vt 0.17543800 0.13831400
vt 0.21375900 0.16899700
vt 0.75908200 0.20385700
vt 0.22716100 0.35712600
vt 0.78219700 0.25935300
vt 0.18510500 0.74275900
vt 0.10589800 0.45749500
vt 0.38833000 0.80064300
vt 0.34562100 0.70952000
vt 0.11663200 0.32142100
vt 0.49235900 0.49479800
vt 0.13303900 0.20551000
vt 0.08965400 0.44772800
vt 0.68940800 0.29690800
vt 0.36176200 0.18771600
vt 0.69196600 0.04971800
vt 0.18464500 0.76594100
vt 0.17347800 0.78230000
vt 0.09509200 0.42651000
vt 0.78759200 0.33374000
vt 0.79683400 0.23876700
vt 0.09816100 0.23521900
vt 0.50036800 0.44465200
vt 0.11152300 0.22095500
vt 0.19725300 0.13974200
vt 0.11515700 0.29812700
vt 0.08136300 0.19884900
vt 0.17111500 0.37869400
vt 0.21967800 0.21946100
vt 0.36618500 0.35044100
vt 0.45301000 0.41405600
vt 0.77793800 0.18909100
vt 0.74674000 0.19793900
vt 0.33854600 0.34039600
vt 0.10859300 0.35455600
vt 0.05208300 0.29391800
vt 0.17870100 0.77330500
vt 0.44180200 0.40912600
vt 0.30420000 0.05147600
vt 0.44465000 0.41824100
vt 0.39461700 0.55892600
vt 0.76411900 0.25796100
vt 0.40677900 0.67740300
vt 0.51892300 0.56036800
vt 0.38321100 0.71220500
vt 0.14448500 0.09441200
vt 0.34841500 0.17889300
vt 0.36143200 0.53330500
vt 0.68900100 0.16406600
vt 0.38773200 0.17072300
vt 0.37580300 0.72525200
vt 0.84178600 0.33633100
vt 0.38875400 0.57917300
vt 0.75986600 0.18888900
vt 0.15542500 0.35328700
vt 0.20312700 0.34013200
vt 0.74058900 0.17705500
vt 0.81236700 0.46046500
vt 0.33824700 0.29785800
vt 0.41452700 0.22354100
vt 0.70352900 0.03222100
vt 0.36928900 0.71679300
vt 0.39994900 0.37393100
vt 0.39541700 0.14651500
vt 0.19200700 0.36553600
vt 0.38580000 0.57106300
vt 0.04327300 0.92295700
vt 0.38367700 0.73253100
vt 0.44163300 0.13633400
vt 0.34383700 0.64999400
vt 0.78179800 0.23360500
vt 0.18335700 0.81255900
vt 0.20034300 0.84838900
vt 0.57445400 0.56781000
vt 0.36680900 0.34407800
vt 0.37854000 0.45401100
vt 0.09108100 0.78789300
vt 0.09211200 0.43642000
vt 0.24223600 0.20241600
vt 0.25339200 0.17681200
vt 0.35198400 0.53378600
vt 0.07948200 0.43138200
vt 0.10183000 0.34411400
vt 0.51397100 0.16864200
vt 0.50245300 0.42403000
vt 0.43630400 0.68458800
vt 0.49815800 0.17475300
vt 0.38617500 0.17517400
vt 0.41908200 0.22584700
vt 0.20753800 0.32593900
vt 0.10586000 0.13253200
vt 0.12000200 0.16854600
vt 0.39471300 0.65270000
vt 0.38634700 0.57293500
vt 0.39193200 0.69780400
vt 0.57067900 0.60261200
vt 0.88964300 0.08954800
vt 0.64910300 0.09336700
vt 0.81469100 0.43521200
vt 0.68200600 0.30463000
vt 0.37707600 0.14825000
vt 0.09430700 0.44261600
vt 0.78680600 0.34984600
vt 0.43871300 0.71335000
vt 0.45278100 0.23066400
vt 0.49104000 0.53289900
vt 0.34386700 0.58633200
vt 0.83231400 0.10726100
vt 0.14655800 0.46008600
vt 0.43509500 0.39306300
vt 0.10826200 0.08027700
vt 0.67736900 0.19180600
vt 0.83403200 0.09264800
vt 0.80078000 0.11236100
vt 0.74435500 0.24864200
vt 0.98648800 0.13051100
vt 0.44455800 0.14506600
vt 0.20262100 0.29475100
vt 0.28868200 0.23920900
vt 0.39902700 0.23959700
vt 0.72674300 0.46561600
vt 0.11467100 0.32797300
vt 0.04425200 0.06015400
vt 0.06130500 0.37572000
vt 0.05071000 0.30334600
vt 0.67606400 0.31150300
vt 0.09006800 0.11121300
vt 0.70870800 0.45817100
vt 0.85385700 0.08887700
vt 0.16194000 0.10852800
vt 0.68360600 0.31720500
vt 0.79384900 0.06131600
vt 0.67282600 0.36232000
vt 0.07992200 0.93625200
vt 0.72415800 0.24104200
vt 0.96830000 0.12335800
vt 0.68669800 0.31189700
vt 0.52444100 0.43531200
vt 0.98154800 0.02021100
vt 0.34169900 0.17726300
vt 0.19775000 0.35247700
vt 0.06017200 0.29789900
vt 0.21496000 0.44965200
vt 0.12955700 0.31176400
vt 0.16900200 0.41861700
vt 0.14878400 0.67961700
vt 0.77188300 0.21978100
vt 0.42779300 0.22232600
vt 0.72369600 0.23914400
vt 0.36035300 0.21859800
vt 0.39222900 0.24015300
vt 0.33705000 0.50669000
vt 0.48391400 0.56548800
vt 0.82535600 0.22776200
vt 0.09898100 0.44667700
vt 0.79148000 0.35390700
vt 0.12002400 0.30763900
vt 0.79405600 0.34110200
vt 0.79884100 0.33352900
vt 0.06321800 0.38865100
vt 0.07207800 0.93379900
vt 0.12704300 0.35889700
vt 0.68342100 0.34608600
vt 0.12154500 0.34907700
vt 0.78508500 0.22267000
vt 0.12945700 0.76853200
vt 0.06355000 0.98357300
vt 0.44837300 0.22265100
vt 0.41380000 0.67684500
vt 0.38524300 0.56340000
vt 0.52711700 0.48812300
vt 0.30003600 0.69271700
vt 0.44337500 0.22029500
vt 0.37179900 0.12914300
vt 0.46535800 0.50743300
vt 0.14991400 0.26955100
vt 0.62404700 0.31180900
vt 0.09080300 0.78342200
vt 0.02238800 0.98407800
vt 0.78925600 0.21624800
vt 0.71789700 0.40870800
vt 0.77146800 0.26234300
vt 0.93889400 0.17468200
vt 0.65263400 0.32555700
vt 0.42356000 0.44438000
vt 0.13572500 0.38775900
vt 0.84032400 0.09316700
vt 0.17809300 0.08359600
vt 0.98646700 0.12936700
vt 0.59292700 0.48241000
vt 0.36006200 0.48334600
vt 0.66957000 0.04854300
vt 0.37672200 0.79689400
vt 0.37128700 0.75477600
vt 0.80440500 0.34998700
vt 0.92986400 0.10074600
vt 0.16860800 0.35255100
vt 0.21457900 0.85635900
vt 0.78951000 0.25074200
vt 0.42744400 0.24212200
vt 0.50613000 0.50939400
vt 0.53331800 0.43403700
vt 0.39003700 0.14962600
vt 0.38922500 0.57572800
vt 0.27137100 0.30645000
vt 0.39469700 0.19993900
vt 0.45759600 0.38365800
vt 0.41230800 0.24383400
vt 0.22621600 0.40911900
vt 0.37606000 0.17012800
vt 0.24229100 0.67697300
vt 0.69232200 0.30976400
vt 0.86245100 0.13015700
vt 0.44144100 0.50736000
vt 0.77606500 0.25109200
vt 0.25607700 0.61336600
vt 0.50045800 0.14934600
vt 0.37117900 0.79772100
vt 0.29830000 0.56523900
vt 0.35466500 0.33179300
vt 0.68356700 0.04521100
vt 0.08643400 0.19656900
vt 0.83106200 0.12611600
vt 0.20461100 0.70430600
vt 0.39191200 0.16632700
vt 0.38589900 0.15077100
vt 0.28543000 0.01945400
vt 0.18220800 0.78055800
vt 0.22040500 0.43633700
vt 0.18028000 0.25333000
vt 0.86212400 0.34530800
vt 0.93558600 0.14105300
vt 0.76241700 0.25921400
vt 0.81753500 0.11672700
vt 0.67539700 0.04978800
vt 0.43199600 0.65817600
vt 0.13021000 0.35747100
vt 0.76373900 0.22297000
vt 0.69906300 0.40511100
vt 0.11044300 0.97191900
vt 0.10444100 0.08634000
vt 0.62123900 0.43542800
vt 0.84659500 0.29311100
vt 0.70159800 0.46230400
vt 0.65842200 0.35618500
vt 0.27624900 0.60849600
vt 0.09993400 0.24508100
vt 0.74432800 0.48682800
vt 0.34128300 0.22654200
vt 0.40426500 0.26382000
vt 0.14070100 0.84417200
vt 0.14393900 0.68538100
vt 0.30265400 0.73262500
vt 0.87317100 0.06802800
vt 0.17139700 0.78049900
vt 0.24231500 0.28777800
vt 0.37718800 0.78771000
vt 0.52806400 0.55255100
vt 0.37773700 0.18255200
vt 0.68148900 0.12258900
vt 0.26326200 0.28974800
vt 0.44537300 0.21516900
vt 0.15567300 0.33899000
vt 0.91692800 0.08718600
vt 0.27913500 0.12168300
vt 0.11984500 0.20841600
vt 0.51641800 0.51577800
vt 0.87248500 0.06522300
vt 0.87505400 0.08108100
vt 0.98887800 0.06954800
vt 0.64793900 0.29612300
vt 0.64922300 0.29729800
vt 0.50128300 0.54995300
vt 0.77634600 0.24030100
vt 0.08996200 0.16929500
vt 0.78767400 0.09758800
vt 0.91629200 0.17492300
vt 0.63875800 0.36214200
vt 0.82512000 0.10385300
vt 0.47519500 0.54497900
vt 0.25474700 0.79139400
vt 0.10780400 0.21023200
vt 0.48992200 0.53121200
vt 0.46340000 0.20565200
vt 0.81073200 0.04871100
vt 0.50408900 0.62353800
vt 0.03431300 0.83332200
vt 0.71733700 0.45486700
vt 0.59169500 0.47966800
vt 0.41476200 0.22750800
vt 0.01230500 0.06561700
vt 0.71488200 0.40898400
vt 0.35673300 0.13344100
vt 0.32909900 0.51652300
vt 0.16703900 0.47538900
vt 0.18428400 0.30962300
vt 0.18104900 0.18210300
vt 0.18137900 0.18211000
vt 0.97792800 0.12461900
vt 0.73378600 0.24230300
vt 0.44728400 0.13826500
vt 0.50625100 0.16045700
vt 0.79751100 0.24433700
vt 0.79248400 0.22762900
vt 0.39667700 0.15193900
vt 0.22319300 0.66810100
vt 0.15631200 0.31936000
vt 0.91756700 0.06755600
vt 0.65087000 0.29729300
vt 0.47801600 0.48329500
vt 0.22577000 0.23080000
vt 0.30542600 0.04696000
vt 0.38828800 0.66306200
vt 0.85278500 0.34982500
vt 0.17656200 0.24296500
vt 0.54779000 0.45887200
vt 0.38631900 0.48567800
vt 0.11047700 0.42287100
vt 0.64057900 0.45084700
vt 0.20677600 0.78642700
vt 0.76691800 0.23447100
vt 0.46981300 0.17512400
vt 0.29753300 0.34709200
vt 0.11350000 0.47296600
vt 0.29560500 0.56113000
vt 0.31810600 0.25996000
vt 0.36656000 0.11039600
vt 0.13858500 0.36282300
vt 0.62326000 0.30839500
vt 0.52112500 0.56696000
vt 0.77590100 0.25423700
vt 0.49795900 0.60937000
vt 0.69018200 0.35325500
vt 0.12612200 0.10079200
vt 0.79580000 0.07232000
vt 0.66090900 0.36717400
vt 0.37863300 0.48821100
vt 0.11732800 0.10208200
vt 0.10301700 0.28839400
vt 0.86098800 0.12588300
vt 0.29454500 0.25799700
vt 0.03528500 0.92741800
vt 0.29008500 0.30854500
vt 0.63423200 0.40114000
vt 0.42022800 0.53405500
vt 0.38821800 0.49780200
vt 0.96152900 0.07180900
vt 0.83857100 0.06072400
vt 0.21463000 0.65485300
vt 0.20463600 0.66687100
vt 0.42601700 0.22448900
vt 0.35671300 0.12768900
vt 0.47312100 0.47083200
vt 0.15530500 0.48714900
vt 0.25514700 0.53540200
vt 0.24337800 0.51638300
vt 0.17788600 0.48453000
vt 0.11002700 0.07563500
vt 0.41655600 0.79159500
vt 0.30477600 0.71421800
vt 0.51975500 0.50650600
vt 0.07142900 0.31800600
vt 0.71133100 0.02581000
vt 0.27283400 0.29843600
vt 0.24299800 0.06781200
vt 0.80084400 0.34709000
vt 0.85078700 0.13134900
vt 0.50051800 0.54229900
vt 0.52475300 0.53276600
vt 0.09899300 0.13732900
vt 0.08590700 0.11596800
vt 0.68068300 0.04721100
vt 0.43111700 0.65234500
vt 0.40367600 0.55853200
vt 0.49068300 0.62497200
vt 0.80296900 0.05980700
vt 0.55490000 0.55844300
vt 0.44256900 0.62912300
vt 0.70400800 0.02317500
vt 0.06274900 0.04881900
vt 0.37278600 0.65074100
vt 0.21925100 0.90619900
vt 0.12081700 0.97860100
vt 0.50596100 0.51451800
vt 0.30258200 0.28314200
vt 0.42877400 0.52598300
vt 0.47793000 0.52345700
vt 0.78486200 0.47110200
vt 0.37663400 0.46633300
vt 0.70398500 0.31080400
vt 0.22078900 0.87190600
vt 0.17909600 0.78293500
vt 0.75691600 0.19052500
vt 0.95755400 0.08268900
vt 0.83165500 0.39058800
vt 0.42342800 0.38581900
vt 0.22104400 0.68976800
vt 0.07648100 0.11452800
vt 0.20279700 0.27777800
vt 0.33867200 0.56802800
vt 0.17006800 0.30556600
vt 0.69212500 0.20137000
vt 0.78374400 0.25205500
vt 0.59656700 0.48629400
vt 0.57851300 0.59683500
vt 0.86528300 0.08032300
vt 0.05068400 0.83331400
vt 0.36671700 0.16254700
vt 0.09615800 0.20677700
vt 0.79767700 0.26621200
vt 0.54039700 0.55070000
vt 0.83462900 0.30840200
vt 0.64210700 0.36253700
vt 0.78951400 0.09120600
vt 0.41783500 0.70459500
vt 0.39055200 0.18338000
vt 0.13820900 0.32968600
vt 0.10498300 0.83685800
vt 0.28167600 0.71660400
vt 0.73141800 0.12216200
vt 0.13568300 0.09842500
vt 0.27864400 0.30582700
vt 0.68411500 0.19658300
vt 0.69396800 0.38956000
vt 0.66368800 0.47020400
vt 0.43286200 0.45863200
vt 0.04180300 0.93395200
vt 0.67363200 0.36423900
vt 0.67547200 0.36509500
vt 0.41306600 0.39737500
vt 0.35179500 0.25701300
vt 0.54862700 0.53143900
vt 0.55443400 0.54193000
vt 0.13530100 0.33690700
vt 0.35207200 0.61635600
vt 0.21471100 0.21492600
vt 0.28187700 0.25882400
vt 0.48071000 0.15689800
vt 0.12059300 0.78779900
vt 0.23172300 0.36790600
vt 0.17913600 0.39630900
vt 0.54491800 0.51962300
vt 0.68716300 0.33863700
vt 0.23068300 0.47352800
vt 0.21092500 0.45927700
vt 0.33874700 0.23002700
vt 0.44954900 0.38112600
vt 0.43559100 0.49622100
vt 0.37563000 0.71334500
vt 0.85298800 0.44510400
vt 0.39668000 0.54266500
vt 0.21910600 0.44849600
vt 0.35226700 0.62452000
vt 0.77865900 0.20012500
vt 0.49624700 0.50212000
vt 0.13397800 0.32872800
vt 0.18677800 0.36984200
vt 0.65146300 0.39105000
vt 0.73564400 0.47896300
vt 0.23881800 0.23005700
vt 0.48478600 0.13945000
vt 0.10804900 0.25767100
vt 0.47874900 0.52647600
vt 0.24412200 0.05421700
vt 0.25277300 0.04457800
vt 0.28445000 0.78725000
vt 0.13449800 0.74462700
vt 0.93006400 0.09706300
vt 0.86522000 0.29804100
vt 0.74328200 0.04868400
vt 0.51091400 0.60336600
vt 0.64790400 0.34082200
vt 0.34573500 0.09942600
vt 0.37145300 0.46984800
vt 0.71720400 0.40697600
vt 0.71828400 0.40762100
vt 0.77000000 0.26213100
vt 0.42596200 0.44235400
vt 0.36159100 0.15378500
vt 0.69171000 0.33676700
vt 0.35180800 0.65988300
vt 0.14228700 0.09453600
vt 0.85518300 0.18467000
vt 0.43505300 0.43557600
vt 0.76804300 0.43263400
vt 0.35981500 0.42786500
vt 0.25991300 0.06654400
vt 0.65425200 0.46914100
vt 0.09414700 0.35554300
vt 0.33803200 0.38738200
vt 0.74093000 0.19876800
vt 0.74437600 0.20098300
vt 0.39058700 0.16982000
vt 0.39179000 0.20381800
vt 0.64961400 0.29811700
vt 0.25556000 0.52882400
vt 0.11225200 0.15302900
vt 0.81933000 0.35145600
vt 0.54452500 0.47045600
vt 0.10546200 0.88663500
vt 0.63382000 0.45668800
vt 0.73836000 0.23045400
vt 0.13457400 0.77213900
vt 0.40168000 0.68796700
vt 0.18216700 0.26048800
vt 0.86660800 0.34019400
vt 0.29673400 0.67646100
vt 0.32741700 0.70611300
vt 0.11618600 0.30783500
f 7701/7701 6928/6928 4847/4847
f 6928/6928 5321/5321 4847/4847
f 671/671 2953/2953 6928/6928
f 1684/1684 2953/2953 2704/2704
f 2704/2704 2953/2953 6998/6998
f 2953/2953 6945/6945 6998/6998
f 1926/1926 1965/1965 4930/4930
f 2339/2339 1965/1965 1926/1926
f 2339/2339 2380/2380 1965/1965
f 2380/2380 4349/4349 1965/1965
f 6538/6538 2338/2338 1926/1926
f 1734/1734 2380/2380 2339/2339
f 4042/4042 4349/4349 2380/2380
f 4847/4847 5321/5321 2454/2454
f 2454/2454 5321/5321 7562/7562
f 5321/5321 4930/4930 7562/7562
f 7562/7562 4930/4930 509/509
f 1825/1825 7562/7562 509/509
f 5321/5321 1926/1926 4930/4930
f 4349/4349 4930/4930 1965/1965
f 509/509 4930/4930 4349/4349
f 1926/1926 5321/5321 1684/1684
f 4042/4042 509/509 4349/4349
f 509/509 4042/4042 5835/5835
f 2034/2034 509/509 5835/5835
f 1373/1373 1825/1825 509/509
f 1373/1373 7368/7368 1825/1825
f 7368/7368 1373/1373 4661/4661
f 2034/2034 1373/1373 509/509
f 1373/1373 7332/7332 4661/4661
f 1373/1373 2034/2034 2201/2201
f 7332/7332 1373/1373 2201/2201
f 5564/5564 4661/4661 7332/7332
f 2292/2292 5564/5564 7332/7332
f 6103/6103 4661/4661 5564/5564
f 6103/6103 5564/5564 1184/1184
f 4042/4042 2380/2380 1734/1734
f 5835/5835 2201/2201 2034/2034
f 1332/1332 2292/2292 7332/7332
f 1332/1332 7332/7332 2201/2201
f 2292/2292 1332/1332 4633/4633
f 7392/7392 3138/3138 6860/6860
f 4382/4382 905/905 310/310
f 4180/4180 5564/5564 2292/2292
f 4180/4180 4607/4607 5564/5564
f 4607/4607 1184/1184 5564/5564
f 358/358 6742/6742 4607/4607
f 4607/4607 6742/6742 4464/4464
f 4464/4464 6742/6742 1384/1384
f 1184/1184 4607/4607 4464/4464
f 4464/4464 4974/4974 1184/1184
f 4974/4974 4464/4464 1384/1384
f 4974/4974 1384/1384 1420/1420
f 4974/4974 7615/7615 1184/1184
f 630/630 3353/3353 1750/1750
f 7567/7567 6671/6671 3353/3353
f 7567/7567 3353/3353 630/630
f 4363/4363 7567/7567 630/630
f 7799/7799 630/630 2497/2497
f 3064/3064 7799/7799 2497/2497
f 7287/7287 3064/3064 2497/2497
f 7287/7287 2497/2497 2471/2471
f 3606/3606 7287/7287 2471/2471
f 4363/4363 7799/7799 3064/3064
f 1532/1532 3064/3064 7287/7287
f 1532/1532 4363/4363 3064/3064
f 2326/2326 1532/1532 7287/7287
f 2326/2326 7287/7287 342/342
f 6873/6873 1700/1700 2751/2751
f 6873/6873 284/284 1700/1700
f 342/342 7287/7287 3606/3606
f 3606/3606 284/284 342/342
f 284/284 1498/1498 342/342
f 4923/4923 6191/6191 4337/4337
f 2276/2276 2363/2363 4337/4337
f 872/872 2005/2005 2362/2362
f 2363/2363 2006/2006 4337/4337
f 101/101 2363/2363 2276/2276
f 2362/2362 100/100 6600/6600
f 2276/2276 4337/4337 6191/6191
f 6907/6907 100/100 1467/1467
f 1468/1468 101/101 7572/7572
f 1468/1468 7572/7572 6604/6604
f 101/101 2276/2276 3818/3818
f 4923/4923 1263/1263 6191/6191
f 2276/2276 6191/6191 1263/1263
f 1545/1545 2276/2276 1263/1263
f 3818/3818 2276/2276 1545/1545
f 5470/5470 1545/1545 1263/1263
f 1380/1380 5470/5470 1263/1263
f 6604/6604 3818/3818 1545/1545
f 6604/6604 1545/1545 5470/5470
f 5470/5470 645/645 6604/6604
f 5470/5470 1380/1380 1232/1232
f 6275/6275 2751/2751 3778/3778
f 4282/4282 57/57 5232/5232
f 7228/7228 5231/5231 56/56
f 5231/5231 7228/7228 110/110
f 619/619 5570/5570 5232/5232
f 619/619 5232/5232 108/108
f 110/110 7228/7228 2372/2372
f 1208/1208 3274/3274 1873/1873
f 1873/1873 3274/3274 6501/6501
f 3805/3805 1208/1208 1873/1873
f 3804/3804 1873/1873 7752/7752
f 4960/4960 1208/1208 3806/3806
f 4959/4959 3804/3804 7752/7752
f 3274/3274 1208/1208 1740/1740
f 3274/3274 2129/2129 6501/6501
f 6501/6501 2129/2129 875/875
f 6501/6501 875/875 7319/7319
f 7752/7752 1873/1873 6501/6501
f 7752/7752 6501/6501 6819/6819
f 6819/6819 6501/6501 7319/7319
f 875/875 2560/2560 1086/1086
f 4897/4897 1086/1086 1387/1387
f 1086/1086 2560/2560 650/650
f 3274/3274 2411/2411 2129/2129
f 1740/1740 2411/2411 3274/3274
f 2129/2129 2411/2411 875/875
f 7319/7319 875/875 1086/1086
f 7319/7319 1086/1086 4897/4897
f 5624/5624 1903/1903 3286/3286
f 1903/1903 5379/5379 4393/4393
f 3286/3286 1903/1903 4393/4393
f 906/906 5379/5379 1903/1903
f 5624/5624 906/906 1903/1903
f 1086/1086 650/650 1387/1387
f 5619/5619 663/663 1958/1958
f 1407/1407 1958/1958 5010/5010
f 1958/1958 663/663 5010/5010
f 5010/5010 663/663 3634/3634
f 3634/3634 7224/7224 2630/2630
f 1407/1407 5010/5010 3634/3634
f 1407/1407 3634/3634 3219/3219
f 2630/2630 3219/3219 3634/3634
f 1451/1451 3219/3219 2630/2630
f 6880/6880 5919/5919 3017/3017
f 4718/4718 5722/5722 6880/6880
f 6549/6549 6880/6880 3017/3017
f 6549/6549 3321/3321 6880/6880
f 6880/6880 3321/3321 4718/4718
f 2084/2084 3321/3321 5727/5727
f 5722/5722 4718/4718 482/482
f 5727/5727 1318/1318 2084/2084
f 2763/2763 7333/7333 5567/5567
f 3934/3934 2306/2306 6072/6072
f 5265/5265 5768/5768 6072/6072
f 6072/6072 2306/2306 5265/5265
f 7688/7688 6189/6189 3156/3156
f 3541/3541 7902/7902 3156/3156
f 3541/3541 3156/3156 6189/6189
f 3568/3568 3541/3541 6189/6189
f 3568/3568 4843/4843 3541/3541
f 4843/4843 3568/3568 2095/2095
f 4843/4843 2876/2876 3541/3541
f 2875/2875 4844/4844 2942/2942
f 3567/3567 6189/6189 6980/6980
f 6980/6980 2094/2094 3567/3567
f 6374/6374 1781/1781 4616/4616
f 4983/4983 4616/4616 1781/1781
f 1782/1782 7288/7288 4984/4984
f 2347/2347 6936/6936 3156/3156
f 6936/6936 7688/7688 3156/3156
f 2347/2347 3156/3156 7902/7902
f 3541/3541 2876/2876 7902/7902
f 3213/3213 2347/2347 7902/7902
f 2993/2993 2942/2942 2094/2094
f 2875/2875 2942/2942 2993/2993
f 7903/7903 2877/2877 1640/1640
f 2994/2994 1641/1641 2878/2878
f 1640/1640 837/837 7903/7903
f 837/837 3214/3214 7903/7903
f 1641/1641 2994/2994 5373/5373
f 837/837 1640/1640 5372/5372
f 4416/4416 3214/3214 837/837
f 737/737 837/837 5372/5372
f 737/737 6374/6374 837/837
f 4416/4416 837/837 6374/6374
f 4416/4416 6374/6374 4655/4655
f 6980/6980 207/207 614/614
f 207/207 7395/7395 2993/2993
f 41/41 7396/7396 522/522
f 7395/7395 207/207 521/521
f 614/614 207/207 2993/2993
f 7595/7595 738/738 4796/4796
f 7595/7595 7288/7288 1782/1782
f 1781/1781 6374/6374 7594/7594
f 737/737 7594/7594 6374/6374
f 2271/2271 2763/2763 7018/7018
f 2763/2763 2271/2271 7333/7333
f 4923/4923 4337/4337 2762/2762
f 7316/7316 7333/7333 4253/4253
f 7316/7316 5768/5768 7333/7333
f 6072/6072 6098/6098 3934/3934
f 4416/4416 1380/1380 2182/2182
f 5338/5338 5044/5044 1380/1380
f 5338/5338 1263/1263 4923/4923
f 1263/1263 5338/5338 1380/1380
f 4655/4655 1380/1380 4416/4416
f 2563/2563 6086/6086 2570/2570
f 2563/2563 1153/1153 6086/6086
f 3768/3768 311/311 4950/4950
f 5752/5752 7752/7752 6819/6819
f 5752/5752 7766/7766 7752/7752
f 5752/5752 6819/6819 25/25
f 1758/1758 24/24 6714/6714
f 4616/4616 4983/4983 922/922
f 6374/6374 4616/4616 922/922
f 215/215 6197/6197 4984/4984
f 6196/6196 4437/4437 4983/4983
f 922/922 4983/4983 4437/4437
f 4437/4437 6196/6196 1758/1758
f 4437/4437 1758/1758 6714/6714
f 4437/4437 6714/6714 585/585
f 3746/3746 586/586 6715/6715
f 4437/4437 585/585 98/98
f 922/922 4655/4655 6374/6374
f 4655/4655 922/922 4437/4437
f 4655/4655 4437/4437 98/98
f 4655/4655 98/98 5892/5892
f 5624/5624 3286/3286 1458/1458
f 1459/1459 3287/3287 7768/7768
f 939/939 7767/7767 5754/5754
f 1759/1759 939/939 5754/5754
f 7768/7768 940/940 1459/1459
f 939/939 5624/5624 1458/1458
f 586/586 4665/4665 99/99
f 7846/7846 5722/5722 850/850
f 99/99 3241/3241 3329/3329
f 5250/5250 1318/1318 4703/4703
f 5722/5722 482/482 850/850
f 3321/3321 2084/2084 2675/2675
f 2675/2675 2084/2084 482/482
f 1322/1322 2084/2084 1318/1318
f 2084/2084 1322/1322 3663/3663
f 5079/5079 2084/2084 3663/3663
f 2084/2084 5079/5079 482/482
f 5448/5448 3245/3245 482/482
f 482/482 5079/5079 5448/5448
f 3329/3329 3241/3241 624/624
f 5892/5892 98/98 3328/3328
f 1380/1380 4655/4655 5892/5892
f 2653/2653 7217/7217 2302/2302
f 5268/5268 1012/1012 6618/6618
f 5268/5268 2373/2373 6171/6171
f 619/619 108/108 6427/6427
f 454/454 5570/5570 619/619
f 6429/6429 5268/5268 6618/6618
f 5268/5268 6429/6429 109/109
f 109/109 2373/2373 5268/5268
f 5268/5268 6171/6171 1012/1012
f 1012/1012 6171/6171 4166/4166
f 6171/6171 2844/2844 4166/4166
f 7865/7865 7201/7201 1367/1367
f 1821/1821 2537/2537 267/267
f 7201/7201 1821/1821 1367/1367
f 7201/7201 4858/4858 1821/1821
f 7201/7201 6095/6095 4858/4858
f 6095/6095 7721/7721 4858/4858
f 7721/7721 6095/6095 4449/4449
f 6171/6171 7865/7865 2844/2844
f 6171/6171 7201/7201 7865/7865
f 7201/7201 6171/6171 6095/6095
f 6095/6095 6171/6171 4449/4449
f 5548/5548 7306/7306 6018/6018
f 6018/6018 2893/2893 4985/4985
f 7306/7306 2893/2893 6018/6018
f 6623/6623 7306/7306 5548/5548
f 5996/5996 3898/3898 6036/6036
f 5996/5996 4842/4842 3898/3898
f 2700/2700 3898/3898 4842/4842
f 5846/5846 6036/6036 3898/3898
f 5846/5846 3898/3898 2700/2700
f 5846/5846 7685/7685 6623/6623
f 2700/2700 7685/7685 5846/5846
f 238/238 3088/3088 2700/2700
f 5250/5250 4703/4703 2893/2893
f 5250/5250 2893/2893 5076/5076
f 7306/7306 5076/5076 2893/2893
f 1318/1318 5250/5250 1322/1322
f 4115/4115 1678/1678 1322/1322
f 4115/4115 1322/1322 5250/5250
f 4115/4115 5250/5250 5076/5076
f 1678/1678 4115/4115 5076/5076
f 7344/7344 5076/5076 7306/7306
f 7344/7344 2882/2882 5076/5076
f 5076/5076 1917/1917 1678/1678
f 5448/5448 5079/5079 3663/3663
f 3663/3663 1917/1917 1906/1906
f 1906/1906 5112/5112 3663/3663
f 823/823 7611/7611 2882/2882
f 1906/1906 2882/2882 7611/7611
f 7611/7611 6368/6368 1906/1906
f 1906/1906 6368/6368 2400/2400
f 5112/5112 1906/1906 2400/2400
f 2537/2537 5980/5980 267/267
f 4069/4069 2537/2537 1821/1821
f 4069/4069 1856/1856 2537/2537
f 7721/7721 4449/4449 2140/2140
f 2044/2044 4858/4858 7721/7721
f 1048/1048 2044/2044 7721/7721
f 2140/2140 1048/1048 7721/7721
f 1048/1048 2140/2140 3697/3697
f 3715/3715 2352/2352 6264/6264
f 2044/2044 6264/6264 2352/2352
f 6264/6264 2044/2044 1195/1195
f 1048/1048 1195/1195 2044/2044
f 3635/3635 3715/3715 6264/6264
f 6264/6264 1195/1195 3635/3635
f 3715/3715 5325/5325 3897/3897
f 3635/3635 5325/5325 3715/3715
f 3697/3697 1195/1195 1048/1048
f 3635/3635 1195/1195 7732/7732
f 7732/7732 1195/1195 798/798
f 798/798 1195/1195 3697/3697
f 5325/5325 7238/7238 3897/3897
f 5325/5325 7732/7732 7238/7238
f 7732/7732 5325/5325 3635/3635
f 4052/4052 7238/7238 7732/7732
f 2118/2118 4052/4052 7732/7732
f 798/798 2118/2118 7732/7732
f 2118/2118 5565/5565 4052/4052
f 5052/5052 4052/4052 5565/5565
f 3824/3824 7063/7063 6655/6655
f 3824/3824 1927/1927 672/672
f 672/672 1927/1927 5797/5797
f 5797/5797 1927/1927 5052/5052
f 5052/5052 5565/5565 5797/5797
f 5565/5565 3948/3948 5797/5797
f 5565/5565 7612/7612 3948/3948
f 4071/4071 7160/7160 566/566
f 5577/5577 5733/5733 7461/7461
f 7461/7461 2427/2427 5577/5577
f 5733/5733 7160/7160 4071/4071
f 7461/7461 5733/5733 4071/4071
f 1288/1288 3836/3836 4650/4650
f 1537/1537 6400/6400 1059/1059
f 2311/2311 6400/6400 1537/1537
f 2311/2311 5577/5577 6400/6400
f 2879/2879 1537/1537 1059/1059
f 2427/2427 3653/3653 5577/5577
f 2311/2311 6891/6891 5577/5577
f 6914/6914 6400/6400 5577/5577
f 6914/6914 5577/5577 3653/3653
f 6400/6400 6914/6914 1059/1059
f 4486/4486 3653/3653 2427/2427
f 5627/5627 3653/3653 4486/4486
f 4060/4060 4486/4486 1288/1288
f 1059/1059 6914/6914 4493/4493
f 4684/4684 4493/4493 6914/6914
f 4493/4493 676/676 1059/1059
f 676/676 4493/4493 4684/4684
f 7991/7991 7548/7548 676/676
f 5078/5078 676/676 4684/4684
f 5078/5078 4684/4684 5627/5627
f 5078/5078 5627/5627 7723/7723
f 7723/7723 6610/6610 5078/5078
f 4060/4060 6610/6610 7723/7723
f 5208/5208 5078/5078 6610/6610
f 6610/6610 4648/4648 5208/5208
f 3653/3653 4684/4684 6914/6914
f 4684/4684 3653/3653 5627/5627
f 5627/5627 4486/4486 4060/4060
f 4060/4060 7723/7723 5627/5627
f 4648/4648 6610/6610 4060/4060
f 1288/1288 4650/4650 4533/4533
f 4533/4533 4650/4650 555/555
f 4060/4060 1288/1288 4533/4533
f 4648/4648 4060/4060 4533/4533
f 6327/6327 4184/4184 1249/1249
f 7082/7082 5639/5639 6327/6327
f 6923/6923 6244/6244 4853/4853
f 4451/4451 6923/6923 4853/4853
f 5170/5170 5639/5639 7082/7082
f 5170/5170 7427/7427 5639/5639
f 4451/4451 4853/4853 7427/7427
f 4451/4451 7427/7427 5170/5170
f 7082/7082 6327/6327 1249/1249
f 7082/7082 1249/1249 520/520
f 5170/5170 7082/7082 520/520
f 1110/1110 520/520 7263/7263
f 5002/5002 1059/1059 676/676
f 1537/1537 2879/2879 4148/4148
f 4148/4148 3400/3400 6328/6328
f 4148/4148 4001/4001 2481/2481
f 2912/2912 676/676 7548/7548
f 5002/5002 676/676 2912/2912
f 6327/6327 2912/2912 4184/4184
f 7548/7548 4184/4184 2912/2912
f 1780/1780 4184/4184 7548/7548
f 1780/1780 94/94 4184/4184
f 7548/7548 7991/7991 1780/1780
f 94/94 1780/1780 7991/7991
f 4308/4308 7586/7586 2912/2912
f 2912/2912 6327/6327 4308/4308
f 5639/5639 4308/4308 6327/6327
f 4184/4184 94/94 1249/1249
f 1249/1249 94/94 734/734
f 7991/7991 5078/5078 5208/5208
f 734/734 94/94 7991/7991
f 5208/5208 734/734 7991/7991
f 520/520 1249/1249 1401/1401
f 1401/1401 1249/1249 734/734
f 1401/1401 734/734 7263/7263
f 7263/7263 734/734 5208/5208
f 7263/7263 5208/5208 4648/4648
f 4853/4853 7586/7586 4308/4308
f 7427/7427 4308/4308 5639/5639
f 4308/4308 7427/7427 4853/4853
f 7263/7263 520/520 1401/1401
f 1110/1110 7263/7263 2660/2660
f 3048/3048 4451/4451 5170/5170
f 3477/3477 4451/4451 3048/3048
f 7914/7914 3477/3477 3048/3048
f 4704/4704 3477/3477 7914/7914
f 520/520 1110/1110 5170/5170
f 3048/3048 5170/5170 1110/1110
f 7914/7914 3048/3048 1110/1110
f 7914/7914 1110/1110 2660/2660
f 3928/3928 7914/7914 2660/2660
f 4704/4704 7914/7914 3928/3928
f 4937/4937 6328/6328 5001/5001
f 5130/5130 4148/4148 6328/6328
f 6328/6328 4937/4937 2873/2873
f 2873/2873 5130/5130 6328/6328
f 7757/7757 5130/5130 2873/2873
f 4148/4148 5130/5130 4001/4001
f 4001/4001 5130/5130 1286/1286
f 7263/7263 4648/4648 2660/2660
f 4533/4533 2660/2660 4648/4648
f 4533/4533 3928/3928 2660/2660
f 3928/3928 4533/4533 289/289
f 4833/4833 7906/7906 957/957
f 1164/1164 4833/4833 957/957
f 1967/1967 2592/2592 1164/1164
f 2592/2592 1967/1967 6483/6483
f 3564/3564 1164/1164 2592/2592
f 6471/6471 5962/5962 4803/4803
f 6471/6471 4803/4803 2852/2852
f 1620/1620 6471/6471 2852/2852
f 1620/1620 2852/2852 4833/4833
f 2403/2403 1620/1620 4833/4833
f 2043/2043 677/677 4006/4006
f 5528/5528 677/677 5369/5369
f 7006/7006 5369/5369 2043/2043
f 4263/4263 5369/5369 7006/7006
f 1164/1164 2403/2403 4833/4833
f 5528/5528 5369/5369 4263/4263
f 1664/1664 5080/5080 2750/2750
f 2809/2809 7160/7160 7724/7724
f 2809/2809 7701/7701 566/566
f 566/566 7701/7701 3848/3848
f 7724/7724 7701/7701 2809/2809
f 3848/3848 7701/7701 4847/4847
f 7160/7160 2809/2809 566/566
f 1469/1469 566/566 3848/3848
f 4071/4071 566/566 1469/1469
f 1469/1469 3836/3836 4071/4071
f 886/886 7724/7724 7160/7160
f 7724/7724 3728/3728 3373/3373
f 3728/3728 671/671 3373/3373
f 7724/7724 3373/3373 7701/7701
f 671/671 6928/6928 3373/3373
f 5733/5733 5577/5577 6891/6891
f 6891/6891 7160/7160 5733/5733
f 6891/6891 886/886 7160/7160
f 886/886 3728/3728 7724/7724
f 6568/6568 3728/3728 886/886
f 886/886 6891/6891 6568/6568
f 666/666 6568/6568 2162/2162
f 666/666 7464/7464 6568/6568
f 3728/3728 6945/6945 671/671
f 6945/6945 3728/3728 3884/3884
f 6568/6568 3884/3884 3728/3728
f 671/671 6945/6945 2953/2953
f 7464/7464 3884/3884 7599/7599
f 7464/7464 5489/5489 3884/3884
f 7599/7599 3884/3884 6568/6568
f 6568/6568 7464/7464 7599/7599
f 2003/2003 1319/1319 7464/7464
f 666/666 2003/2003 7464/7464
f 2311/2311 1537/1537 761/761
f 2311/2311 6568/6568 6891/6891
f 4864/4864 6568/6568 2311/2311
f 4864/4864 2311/2311 761/761
f 1188/1188 4864/4864 761/761
f 6568/6568 4864/4864 2162/2162
f 4864/4864 6700/6700 5845/5845
f 4864/4864 5845/5845 2160/2160
f 2162/2162 4864/4864 666/666
f 666/666 4864/4864 2160/2160
f 2478/2478 2160/2160 5845/5845
f 4864/4864 1188/1188 6700/6700
f 7906/7906 6700/6700 1188/1188
f 7906/7906 5845/5845 6700/6700
f 2228/2228 2478/2478 7906/7906
f 5845/5845 7906/7906 2478/2478
f 1469/1469 3848/3848 2454/2454
f 3848/3848 4847/4847 2454/2454
f 2454/2454 7562/7562 1825/1825
f 1469/1469 2454/2454 7803/7803
f 3271/3271 1469/1469 7803/7803
f 7803/7803 2454/2454 774/774
f 774/774 1825/1825 7368/7368
f 2454/2454 1825/1825 774/774
f 774/774 7368/7368 4661/4661
f 4533/4533 774/774 4661/4661
f 3271/3271 7803/7803 555/555
f 555/555 7803/7803 774/774
f 4650/4650 3271/3271 555/555
f 4533/4533 555/555 774/774
f 4533/4533 4661/4661 6103/6103
f 889/889 2003/2003 3621/3621
f 2003/2003 2160/2160 3621/3621
f 5774/5774 889/889 3621/3621
f 5774/5774 3621/3621 2160/2160
f 5489/5489 7464/7464 1319/1319
f 2308/2308 1319/1319 6005/6005
f 174/174 6005/6005 1319/1319
f 370/370 6005/6005 174/174
f 1319/1319 2003/2003 889/889
f 889/889 174/174 1319/1319
f 7295/7295 2415/2415 7088/7088
f 2415/2415 4382/4382 7088/7088
f 2415/2415 7004/7004 4382/4382
f 370/370 174/174 3680/3680
f 3680/3680 7295/7295 7088/7088
f 7977/7977 5555/5555 2478/2478
f 2003/2003 666/666 2160/2160
f 5555/5555 2160/2160 2478/2478
f 5774/5774 2160/2160 5555/5555
f 7977/7977 4879/4879 5555/5555
f 4803/4803 7977/7977 2478/2478
f 6093/6093 4803/4803 2478/2478
f 5962/5962 5913/5913 7977/7977
f 5962/5962 7977/7977 4803/4803
f 4566/4566 4879/4879 4717/4717
f 5913/5913 2268/2268 4566/4566
f 4566/4566 4717/4717 5913/5913
f 2268/2268 5913/5913 1991/1991
f 4006/4006 6732/6732 5527/5527
f 7004/7004 905/905 4382/4382
f 905/905 7004/7004 5472/5472
f 2481/2481 7708/7708 4148/4148
f 7708/7708 1188/1188 761/761
f 7708/7708 761/761 1537/1537
f 4148/4148 7708/7708 1537/1537
f 4252/4252 1188/1188 7708/7708
f 5812/5812 4252/4252 7708/7708
f 5812/5812 7708/7708 2481/2481
f 5812/5812 2481/2481 4001/4001
f 957/957 4252/4252 5812/5812
f 1164/1164 957/957 5812/5812
f 4252/4252 7906/7906 1188/1188
f 2852/2852 2228/2228 4833/4833
f 7906/7906 4833/4833 2228/2228
f 957/957 7906/7906 4252/4252
f 4001/4001 7436/7436 5812/5812
f 1164/1164 5812/5812 7436/7436
f 2228/2228 6093/6093 2478/2478
f 6093/6093 2228/2228 4803/4803
f 2852/2852 4803/4803 2228/2228
f 6761/6761 4445/4445 1664/1664
f 3243/3243 4445/4445 6761/6761
f 3243/3243 6761/6761 3442/3442
f 6146/6146 4104/4104 1549/1549
f 4104/4104 6146/6146 3928/3928
f 1556/1556 5141/5141 5918/5918
f 5141/5141 4944/4944 5918/5918
f 4944/4944 5141/5141 4746/4746
f 2611/2611 5917/5917 4944/4944
f 289/289 4104/4104 3928/3928
f 1549/1549 4104/4104 289/289
f 2669/2669 289/289 4533/4533
f 6631/6631 1549/1549 289/289
f 6631/6631 289/289 2669/2669
f 2126/2126 2669/2669 4533/4533
f 709/709 7704/7704 2669/2669
f 3617/3617 709/709 2669/2669
f 3617/3617 5244/5244 1732/1732
f 2669/2669 5244/5244 3617/3617
f 5244/5244 2669/2669 4649/4649
f 6631/6631 7704/7704 2528/2528
f 7704/7704 6631/6631 2669/2669
f 4095/4095 1732/1732 4649/4649
f 1732/1732 5244/5244 4649/4649
f 4095/4095 4649/4649 5153/5153
f 2669/2669 2126/2126 3430/3430
f 5153/5153 4649/4649 3430/3430
f 3430/3430 4649/4649 2669/2669
f 5505/5505 2952/2952 4095/4095
f 3910/3910 3126/3126 5505/5505
f 4280/4280 418/418 3910/3910
f 4280/4280 3910/3910 5505/5505
f 1475/1475 418/418 6632/6632
f 419/419 1476/1476 85/85
f 5743/5743 1475/1475 6632/6632
f 7649/7649 1475/1475 5743/5743
f 7648/7648 85/85 1476/1476
f 5743/5743 7618/7618 7649/7649
f 5505/5505 3126/3126 2952/2952
f 1732/1732 4095/4095 2952/2952
f 5505/5505 76/76 4280/4280
f 76/76 1830/1830 4280/4280
f 76/76 4269/4269 1830/1830
f 6632/6632 418/418 4280/4280
f 801/801 4095/4095 5153/5153
f 3430/3430 801/801 5153/5153
f 7442/7442 4095/4095 801/801
f 3643/3643 7442/7442 801/801
f 3430/3430 3643/3643 801/801
f 4590/4590 3643/3643 3430/3430
f 4269/4269 2377/2377 1830/1830
f 4280/4280 1830/1830 2377/2377
f 2377/2377 6632/6632 4280/4280
f 4834/4834 2377/2377 4269/4269
f 4834/4834 7375/7375 2377/2377
f 1386/1386 2377/2377 7375/7375
f 6799/6799 5162/5162 2544/2544
f 4044/4044 5162/5162 6799/6799
f 5162/5162 4044/4044 4185/4185
f 3546/3546 4044/4044 2330/2330
f 4044/4044 3546/3546 4185/4185
f 2330/2330 1237/1237 3546/3546
f 1237/1237 2330/2330 4685/4685
f 6579/6579 4185/4185 3546/3546
f 1237/1237 6579/6579 3546/3546
f 5162/5162 4834/4834 4269/4269
f 4834/4834 6516/6516 7375/7375
f 5162/5162 6516/6516 4834/4834
f 5162/5162 4185/4185 6516/6516
f 6516/6516 6613/6613 7375/7375
f 6613/6613 6187/6187 7375/7375
f 4185/4185 6579/6579 6516/6516
f 6579/6579 6613/6613 6516/6516
f 1386/1386 6632/6632 2377/2377
f 6632/6632 1386/1386 5743/5743
f 1386/1386 6187/6187 6795/6795
f 1386/1386 1261/1261 5743/5743
f 6795/6795 1261/1261 1386/1386
f 1261/1261 6795/6795 3431/3431
f 576/576 5743/5743 1261/1261
f 1261/1261 3431/3431 576/576
f 576/576 7618/7618 5743/5743
f 1386/1386 7375/7375 6187/6187
f 3442/3442 6761/6761 415/415
f 991/991 415/415 7638/7638
f 344/344 1946/1946 3442/3442
f 7393/7393 344/344 935/935
f 5704/5704 344/344 6661/6661
f 6661/6661 344/344 7393/7393
f 6661/6661 7393/7393 5770/5770
f 5770/5770 2273/2273 6661/6661
f 3869/3869 2273/2273 5770/5770
f 1946/1946 3243/3243 3442/3442
f 991/991 6597/6597 415/415
f 935/935 6597/6597 991/991
f 935/935 344/344 6597/6597
f 6597/6597 344/344 3442/3442
f 6597/6597 3442/3442 415/415
f 7393/7393 935/935 3947/3947
f 5770/5770 7393/7393 3947/3947
f 3807/3807 7000/7000 3264/3264
f 85/85 3264/3264 419/419
f 5599/5599 3264/3264 85/85
f 5711/5711 5599/5599 85/85
f 7648/7648 5711/5711 85/85
f 652/652 5711/5711 7648/7648
f 13/13 3264/3264 5599/5599
f 1181/1181 13/13 5599/5599
f 3849/3849 1181/1181 5599/5599
f 5599/5599 5711/5711 3849/3849
f 5107/5107 3849/3849 5711/5711
f 5711/5711 652/652 5107/5107
f 5107/5107 1181/1181 3849/3849
f 7618/7618 651/651 7649/7649
f 6468/6468 5770/5770 3947/3947
f 525/525 5770/5770 6468/6468
f 5770/5770 525/525 3869/3869
f 33/33 13/13 1181/1181
f 526/526 525/525 33/33
f 5434/5434 33/33 1181/1181
f 526/526 33/33 5434/5434
f 525/525 526/526 546/546
f 546/546 3869/3869 525/525
f 677/677 6732/6732 4006/4006
f 3251/3251 6732/6732 677/677
f 5369/5369 677/677 2043/2043
f 5528/5528 4890/4890 677/677
f 5472/5472 7004/7004 7791/7791
f 6624/6624 5472/5472 7791/7791
f 7850/7850 5472/5472 6624/6624
f 11/11 2858/2858 3673/3673
f 11/11 7192/7192 5062/5062
f 11/11 5062/5062 2858/2858
f 7192/7192 11/11 5581/5581
f 6545/6545 5142/5142 5353/5353
f 5429/5429 6545/6545 1971/1971
f 5014/5014 5383/5383 5142/5142
f 5383/5383 5014/5014 5684/5684
f 5684/5684 1637/1637 5383/5383
f 6545/6545 5014/5014 5142/5142
f 6545/6545 5429/5429 5014/5014
f 5014/5014 5429/5429 5684/5684
f 3673/3673 1637/1637 5684/5684
f 3673/3673 5684/5684 2489/2489
f 5429/5429 1857/1857 5684/5684
f 5306/5306 1857/1857 5429/5429
f 1857/1857 2489/2489 5684/5684
f 5306/5306 6666/6666 1857/1857
f 2489/2489 1857/1857 6666/6666
f 1664/1664 6545/6545 5080/5080
f 4445/4445 6545/6545 1664/1664
f 4445/4445 1971/1971 6545/6545
f 1604/1604 1803/1803 1971/1971
f 1971/1971 4445/4445 1604/1604
f 1946/1946 4445/4445 3243/3243
f 1946/1946 1604/1604 4445/4445
f 2649/2649 1604/1604 1946/1946
f 1971/1971 1803/1803 5429/5429
f 1803/1803 5306/5306 5429/5429
f 5306/5306 1803/1803 6362/6362
f 1604/1604 3/3 1803/1803
f 3/3 4101/4101 1803/1803
f 11/11 3673/3673 2489/2489
f 3548/3548 11/11 2489/2489
f 2489/2489 2573/2573 3548/3548
f 2489/2489 6666/6666 2573/2573
f 6362/6362 2573/2573 6666/6666
f 130/130 3548/3548 2573/2573
f 130/130 1183/1183 3548/3548
f 6666/6666 5306/5306 6362/6362
f 1803/1803 4101/4101 6362/6362
f 6362/6362 6292/6292 2573/2573
f 6292/6292 5798/5798 2573/2573
f 2573/2573 5798/5798 130/130
f 5798/5798 5019/5019 130/130
f 1183/1183 130/130 7763/7763
f 130/130 5019/5019 7763/7763
f 3548/3548 1183/1183 5695/5695
f 1183/1183 7763/7763 5695/5695
f 3/3 1604/1604 2649/2649
f 5704/5704 1946/1946 344/344
f 5704/5704 2649/2649 1946/1946
f 2887/2887 2649/2649 5704/5704
f 5363/5363 2887/2887 5704/5704
f 3/3 2649/2649 3758/3758
f 3758/3758 2649/2649 2887/2887
f 5704/5704 6661/6661 5363/5363
f 6661/6661 2273/2273 5363/5363
f 4101/4101 3/3 3758/3758
f 6362/6362 4101/4101 6292/6292
f 2887/2887 5363/5363 1913/1913
f 5679/5679 3758/3758 2887/2887
f 1913/1913 5679/5679 2887/2887
f 5363/5363 2273/2273 5717/5717
f 2273/2273 3869/3869 5717/5717
f 1187/1187 5717/5717 3869/3869
f 5117/5117 1913/1913 5363/5363
f 5717/5717 5117/5117 5363/5363
f 6292/6292 4101/4101 5935/5935
f 1198/1198 3758/3758 5679/5679
f 3758/3758 1198/1198 4101/4101
f 5935/5935 5798/5798 6292/6292
f 5935/5935 1996/1996 5798/5798
f 5019/5019 5798/5798 6927/6927
f 5798/5798 1996/1996 6927/6927
f 5935/5935 4101/4101 7097/7097
f 4101/4101 1198/1198 7097/7097
f 7097/7097 7308/7308 5935/5935
f 5117/5117 7254/7254 1913/1913
f 7254/7254 5679/5679 1913/1913
f 1326/1326 5717/5717 1187/1187
f 1326/1326 5117/5117 5717/5717
f 5679/5679 125/125 1198/1198
f 7254/7254 125/125 5679/5679
f 125/125 7097/7097 1198/1198
f 1290/1290 125/125 7254/7254
f 6997/6997 7254/7254 5117/5117
f 6997/6997 5117/5117 3300/3300
f 6187/6187 7324/7324 6602/6602
f 6613/6613 7788/7788 6032/6032
f 6032/6032 7324/7324 6613/6613
f 6187/6187 6613/6613 7324/7324
f 6795/6795 6602/6602 3431/3431
f 6187/6187 6602/6602 6795/6795
f 7130/7130 3431/3431 6602/6602
f 2234/2234 7130/7130 6602/6602
f 2234/2234 6602/6602 7324/7324
f 3074/3074 7324/7324 6032/6032
f 7324/7324 3074/3074 2234/2234
f 2234/2234 7706/7706 7130/7130
f 2234/2234 3074/3074 7706/7706
f 6390/6390 7167/7167 1192/1192
f 4630/4630 6010/6010 4928/4928
f 1193/1193 7928/7928 6010/6010
f 4630/4630 1193/1193 6010/6010
f 6391/6391 1193/1193 4630/4630
f 4630/4630 6272/6272 6391/6391
f 652/652 2235/2235 5107/5107
f 1181/1181 5107/5107 1755/1755
f 576/576 4443/4443 7618/7618
f 3431/3431 7130/7130 576/576
f 4443/4443 576/576 7130/7130
f 4443/4443 5183/5183 7618/7618
f 7130/7130 5183/5183 4443/4443
f 2236/2236 651/651 7618/7618
f 5183/5183 2236/2236 7618/7618
f 7706/7706 2236/2236 5183/5183
f 7130/7130 7706/7706 5183/5183
f 7706/7706 3074/3074 6297/6297
f 7706/7706 6492/6492 2236/2236
f 7706/7706 6463/6463 6492/6492
f 1181/1181 1755/1755 5434/5434
f 3577/3577 526/526 5434/5434
f 7066/7066 546/546 3577/3577
f 3577/3577 546/546 526/526
f 3869/3869 546/546 7066/7066
f 7066/7066 3577/3577 5782/5782
f 3086/3086 7066/7066 5782/5782
f 6574/6574 3577/3577 5434/5434
f 6574/6574 5782/5782 3577/3577
f 5434/5434 1755/1755 5259/5259
f 5259/5259 6574/6574 5434/5434
f 1934/1934 5259/5259 1755/1755
f 4368/4368 5259/5259 1934/1934
f 6119/6119 5782/5782 6574/6574
f 1466/1466 5782/5782 6119/6119
f 5809/5809 6574/6574 5259/5259
f 6119/6119 6574/6574 5809/5809
f 5782/5782 1466/1466 3086/3086
f 5809/5809 5259/5259 4368/4368
f 5809/5809 4368/4368 2279/2279
f 6240/6240 3869/3869 7066/7066
f 6869/6869 3086/3086 1466/1466
f 5742/5742 3086/3086 6869/6869
f 6119/6119 5809/5809 7944/7944
f 1466/1466 6119/6119 7944/7944
f 7944/7944 5809/5809 781/781
f 7190/7190 1466/1466 7944/7944
f 7190/7190 6869/6869 1466/1466
f 6869/6869 7190/7190 5067/5067
f 5742/5742 6869/6869 5067/5067
f 5742/5742 6240/6240 3086/3086
f 6240/6240 7066/7066 3086/3086
f 4369/4369 3931/3931 2281/2281
f 4369/4369 7748/7748 4267/4267
f 3931/3931 4369/4369 4267/4267
f 3930/3930 7705/7705 4644/4644
f 2279/2279 781/781 5809/5809
f 782/782 2280/2280 4644/4644
f 2280/2280 3930/3930 4644/4644
f 7945/7945 782/782 608/608
f 1533/1533 5488/5488 782/782
f 608/608 782/782 5488/5488
f 7945/7945 608/608 7189/7189
f 7397/7397 7115/7115 3252/3252
f 3252/3252 4456/4456 7397/7397
f 3252/3252 7115/7115 7167/7167
f 7115/7115 6241/6241 7929/7929
f 3012/3012 7824/7824 7397/7397
f 6241/6241 7397/7397 7824/7824
f 7115/7115 7397/7397 6241/6241
f 1370/1370 2709/2709 6241/6241
f 3012/3012 7397/7397 4456/4456
f 7115/7115 7929/7929 7167/7167
f 7167/7167 7929/7929 1192/1192
f 6390/6390 3252/3252 7167/7167
f 2709/2709 7929/7929 6241/6241
f 1370/1370 4623/4623 2709/2709
f 4624/4624 1621/1621 2710/2710
f 2684/2684 5067/5067 1951/1951
f 5742/5742 5067/5067 2684/2684
f 7190/7190 1951/1951 5067/5067
f 1951/1951 7190/7190 4740/4740
f 2684/2684 1951/1951 2075/2075
f 6240/6240 5742/5742 2684/2684
f 2075/2075 3318/3318 2684/2684
f 6241/6241 7824/7824 1760/1760
f 684/684 4623/4623 1370/1370
f 1869/1869 684/684 1370/1370
f 1869/1869 1470/1470 684/684
f 3958/3958 1370/1370 6241/6241
f 1869/1869 1370/1370 3958/3958
f 3318/3318 6240/6240 2684/2684
f 3318/3318 2588/2588 6240/6240
f 6241/6241 960/960 3958/3958
f 5116/5116 1869/1869 3958/3958
f 5116/5116 1470/1470 1869/1869
f 960/960 5116/5116 3958/3958
f 960/960 6755/6755 5116/5116
f 6241/6241 4361/4361 960/960
f 6755/6755 960/960 5411/5411
f 1621/1621 5885/5885 1701/1701
f 4623/4623 684/684 1822/1822
f 3252/3252 6390/6390 7089/7089
f 6390/6390 6273/6273 1832/1832
f 1832/1832 7089/7089 6390/6390
f 978/978 7277/7277 7089/7089
f 2712/2712 1832/1832 1270/1270
f 978/978 1832/1832 2712/2712
f 978/978 7089/7089 1832/1832
f 978/978 7557/7557 3563/3563
f 7557/7557 978/978 2712/2712
f 537/537 7557/7557 3771/3771
f 6905/6905 1760/1760 7824/7824
f 644/644 1760/1760 6905/6905
f 1760/1760 644/644 147/147
f 147/147 6241/6241 1760/1760
f 6905/6905 1632/1632 644/644
f 6905/6905 7883/7883 1632/1632
f 147/147 7839/7839 6241/6241
f 147/147 644/644 1632/1632
f 1385/1385 147/147 1632/1632
f 147/147 1385/1385 7839/7839
f 2315/2315 1632/1632 7883/7883
f 2348/2348 6085/6085 1632/1632
f 2348/2348 1632/1632 2315/2315
f 2315/2315 7883/7883 3429/3429
f 1939/1939 2315/2315 3429/3429
f 1858/1858 2348/2348 2315/2315
f 1858/1858 2315/2315 1939/1939
f 7824/7824 3012/3012 6905/6905
f 1791/1791 6905/6905 3012/3012
f 3349/3349 3012/3012 4456/4456
f 3349/3349 4456/4456 7277/7277
f 3012/3012 3349/3349 1791/1791
f 3252/3252 7089/7089 7277/7277
f 7277/7277 4456/4456 3252/3252
f 1791/1791 7883/7883 6905/6905
f 3349/3349 2499/2499 3537/3537
f 2499/2499 2059/2059 3537/3537
f 1031/1031 1791/1791 3349/3349
f 6993/6993 1031/1031 3537/3537
f 3537/3537 1031/1031 3349/3349
f 6993/6993 3537/3537 2059/2059
f 3429/3429 1031/1031 6993/6993
f 4131/4131 3429/3429 6993/6993
f 2059/2059 4131/4131 6993/6993
f 7277/7277 3563/3563 3349/3349
f 3563/3563 7277/7277 978/978
f 951/951 3563/3563 7557/7557
f 3563/3563 2499/2499 3349/3349
f 2499/2499 3563/3563 951/951
f 951/951 2059/2059 2499/2499
f 537/537 6138/6138 951/951
f 379/379 537/537 3283/3283
f 7557/7557 537/537 951/951
f 5688/5688 379/379 3283/3283
f 6138/6138 2059/2059 951/951
f 5506/5506 6138/6138 379/379
f 6138/6138 537/537 379/379
f 5065/5065 379/379 5688/5688
f 4131/4131 2059/2059 6138/6138
f 3020/3020 5506/5506 379/379
f 4631/4631 6138/6138 5506/5506
f 4631/4631 5506/5506 3020/3020
f 6805/6805 5347/5347 3020/3020
f 6805/6805 5065/5065 4498/4498
f 4498/4498 5065/5065 5688/5688
f 3020/3020 379/379 5065/5065
f 7255/7255 5689/5689 3107/3107
f 6805/6805 3020/3020 5065/5065
f 2139/2139 6805/6805 5689/5689
f 1031/1031 7883/7883 1791/1791
f 7883/7883 1031/1031 3429/3429
f 4131/4131 596/596 3429/3429
f 4131/4131 6138/6138 4553/4553
f 596/596 4131/4131 4553/4553
f 4553/4553 6138/6138 4631/4631
f 596/596 4553/4553 7113/7113
f 1745/1745 7113/7113 4553/4553
f 1745/1745 4553/4553 4631/4631
f 1745/1745 4631/4631 2091/2091
f 3020/3020 5347/5347 3223/3223
f 2091/2091 4631/4631 3020/3020
f 3869/3869 6240/6240 1187/1187
f 1187/1187 6240/6240 324/324
f 5411/5411 3092/3092 2588/2588
f 2588/2588 6755/6755 5411/5411
f 4361/4361 5411/5411 960/960
f 2588/2588 609/609 6240/6240
f 1706/1706 1326/1326 1187/1187
f 1706/1706 324/324 1326/1326
f 1706/1706 1187/1187 324/324
f 1326/1326 324/324 4535/4535
f 3300/3300 5117/5117 1326/1326
f 3300/3300 1326/1326 1435/1435
f 1326/1326 4535/4535 1435/1435
f 7282/7282 1435/1435 4535/4535
f 4535/4535 5763/5763 7282/7282
f 7282/7282 5763/5763 4213/4213
f 5763/5763 6306/6306 4213/4213
f 7577/7577 6306/6306 5763/5763
f 5763/5763 4535/4535 298/298
f 5763/5763 298/298 7577/7577
f 2067/2067 6306/6306 7577/7577
f 4535/4535 324/324 298/298
f 2067/2067 5920/5920 3971/3971
f 298/298 324/324 1881/1881
f 298/298 1881/1881 7577/7577
f 2067/2067 7577/7577 1013/1013
f 1013/1013 4272/4272 2067/2067
f 6844/6844 2067/2067 4272/4272
f 7839/7839 1385/1385 4576/4576
f 7935/7935 7839/7839 4576/4576
f 5324/5324 6241/6241 7839/7839
f 6085/6085 1385/1385 1632/1632
f 4576/4576 1385/1385 6085/6085
f 4599/4599 4576/4576 6085/6085
f 7935/7935 4576/4576 4599/4599
f 2348/2348 4599/4599 6085/6085
f 3402/3402 7935/7935 4599/4599
f 3975/3975 3402/3402 4599/4599
f 5324/5324 7839/7839 7935/7935
f 5324/5324 7935/7935 3402/3402
f 920/920 3402/3402 3975/3975
f 4992/4992 1784/1784 920/920
f 4992/4992 5324/5324 1784/1784
f 5324/5324 3402/3402 1784/1784
f 920/920 1784/1784 3402/3402
f 6241/6241 5324/5324 1729/1729
f 5703/5703 4599/4599 2348/2348
f 4599/4599 5703/5703 3975/3975
f 5703/5703 2348/2348 1858/1858
f 5348/5348 3595/3595 5703/5703
f 5781/5781 4992/4992 920/920
f 920/920 3595/3595 5781/5781
f 7053/7053 5781/5781 3595/3595
f 3595/3595 920/920 3975/3975
f 3595/3595 3975/3975 5703/5703
f 5348/5348 1711/1711 3595/3595
f 1711/1711 7053/7053 3595/3595
f 4361/4361 6241/6241 7617/7617
f 46/46 5411/5411 4361/4361
f 7617/7617 46/46 4361/4361
f 46/46 3092/3092 5411/5411
f 1377/1377 3092/3092 46/46
f 7617/7617 1377/1377 46/46
f 2923/2923 345/345 1377/1377
f 7617/7617 2923/2923 1377/1377
f 3319/3319 345/345 2923/2923
f 6241/6241 1729/1729 7617/7617
f 2923/2923 7617/7617 1729/1729
f 5968/5968 3319/3319 2923/2923
f 2923/2923 1729/1729 5968/5968
f 6338/6338 3319/3319 5968/5968
f 1729/1729 6338/6338 5968/5968
f 6338/6338 3530/3530 3319/3319
f 4182/4182 6240/6240 5817/5817
f 6338/6338 6458/6458 3530/3530
f 465/465 6338/6338 1729/1729
f 465/465 6458/6458 6338/6338
f 5384/5384 465/465 1729/1729
f 465/465 5384/5384 7958/7958
f 7958/7958 6458/6458 465/465
f 324/324 6240/6240 1881/1881
f 1881/1881 1013/1013 7577/7577
f 4819/4819 4272/4272 1013/1013
f 3703/3703 6844/6844 4272/4272
f 6774/6774 3703/3703 4819/4819
f 4819/4819 3703/3703 4272/4272
f 1013/1013 1964/1964 6774/6774
f 6774/6774 4819/4819 1013/1013
f 1964/1964 4744/4744 6774/6774
f 1881/1881 6240/6240 3113/3113
f 3113/3113 6240/6240 4182/4182
f 4869/4869 1881/1881 3113/3113
f 4869/4869 3113/3113 4182/4182
f 2401/2401 7166/7166 4182/4182
f 4869/4869 4182/4182 7166/7166
f 499/499 6458/6458 7958/7958
f 2401/2401 4182/4182 499/499
f 7958/7958 2401/2401 499/499
f 7958/7958 5384/5384 1963/1963
f 1963/1963 2401/2401 7958/7958
f 139/139 1013/1013 1881/1881
f 1964/1964 1013/1013 139/139
f 1881/1881 4869/4869 139/139
f 448/448 1964/1964 139/139
f 7166/7166 139/139 4869/4869
f 139/139 7166/7166 448/448
f 5781/5781 3172/3172 4992/4992
f 3172/3172 5324/5324 4992/4992
f 7053/7053 3172/3172 5781/5781
f 799/799 5324/5324 3172/3172
f 5995/5995 6078/6078 7053/7053
f 6077/6077 3172/3172 7053/7053
f 6077/6077 572/572 3172/3172
f 572/572 799/799 3172/3172
f 572/572 7311/7311 799/799
f 5384/5384 1729/1729 5324/5324
f 799/799 5384/5384 5324/5324
f 7809/7809 5384/5384 799/799
f 2204/2204 572/572 6077/6077
f 2204/2204 7311/7311 572/572
f 2204/2204 6486/6486 7311/7311
f 1963/1963 5384/5384 7809/7809
f 2587/2587 1963/1963 2167/2167
f 2167/2167 1963/1963 7809/7809
f 799/799 7311/7311 702/702
f 6486/6486 702/702 7311/7311
f 6707/6707 702/702 6486/6486
f 2167/2167 7809/7809 7173/7173
f 7809/7809 7221/7221 7173/7173
f 2203/2203 6078/6078 5995/5995
f 5302/5302 7897/7897 6485/6485
f 4945/4945 7934/7934 7527/7527
f 7934/7934 4945/4945 2049/2049
f 4945/4945 3365/3365 2049/2049
f 2049/2049 2163/2163 7934/7934
f 4533/4533 6103/6103 1184/1184
f 1184/1184 7615/7615 5474/5474
f 5474/5474 7615/7615 1374/1374
f 2126/2126 4533/4533 1184/1184
f 1184/1184 5474/5474 2759/2759
f 1144/1144 1184/1184 2759/2759
f 2126/2126 1184/1184 1144/1144
f 2326/2326 5474/5474 1374/1374
f 6873/6873 6275/6275 1513/1513
f 2126/2126 1144/1144 6354/6354
f 4177/4177 2126/2126 6354/6354
f 5474/5474 5036/5036 4716/4716
f 2759/2759 5474/5474 4716/4716
f 2759/2759 4716/4716 6876/6876
f 2759/2759 6876/6876 1144/1144
f 1144/1144 6876/6876 6960/6960
f 1999/1999 2326/2326 342/342
f 1999/1999 2120/2120 489/489
f 489/489 2326/2326 1999/1999
f 1999/1999 342/342 3060/3060
f 3060/3060 342/342 1498/1498
f 1999/1999 3060/3060 2120/2120
f 3227/3227 2120/2120 3060/3060
f 3227/3227 3060/3060 6143/6143
f 1498/1498 6143/6143 3060/3060
f 5474/5474 2326/2326 5036/5036
f 5036/5036 2326/2326 489/489
f 6052/6052 4716/4716 5036/5036
f 6052/6052 5036/5036 489/489
f 1357/1357 3227/3227 6143/6143
f 853/853 489/489 2120/2120
f 4417/4417 853/853 2120/2120
f 6052/6052 489/489 853/853
f 853/853 4417/4417 841/841
f 2945/2945 853/853 841/841
f 4417/4417 2120/2120 3227/3227
f 4417/4417 3227/3227 1357/1357
f 1357/1357 6616/6616 4417/4417
f 5707/5707 6052/6052 853/853
f 5707/5707 853/853 2945/2945
f 6876/6876 6052/6052 2133/2133
f 2133/2133 6052/6052 5707/5707
f 2133/2133 5707/5707 2945/2945
f 6985/6985 2945/2945 841/841
f 6985/6985 841/841 6274/6274
f 2133/2133 2945/2945 6985/6985
f 841/841 4417/4417 6616/6616
f 6616/6616 6274/6274 841/841
f 5467/5467 6274/6274 6616/6616
f 1281/1281 6876/6876 2133/2133
f 1281/1281 2133/2133 6985/6985
f 6274/6274 1281/1281 6985/6985
f 1281/1281 6274/6274 813/813
f 1357/1357 5467/5467 6616/6616
f 1650/1650 1357/1357 3658/3658
f 6354/6354 1144/1144 6960/6960
f 6354/6354 6960/6960 2410/2410
f 6354/6354 2410/2410 7010/7010
f 6355/6355 6354/6354 564/564
f 3430/3430 2126/2126 7182/7182
f 4590/4590 3430/3430 6591/6591
f 6591/6591 3430/3430 7182/7182
f 2330/2330 3385/3385 4685/4685
f 6591/6591 7182/7182 5526/5526
f 6579/6579 1237/1237 7558/7558
f 1237/1237 1836/1836 7558/7558
f 1836/1836 1237/1237 4685/4685
f 4685/4685 1974/1974 1836/1836
f 5933/5933 4685/4685 4211/4211
f 1974/1974 4685/4685 5933/5933
f 7788/7788 6579/6579 7558/7558
f 7788/7788 7558/7558 1836/1836
f 6613/6613 6579/6579 7788/7788
f 4848/4848 7182/7182 5433/5433
f 4033/4033 4211/4211 580/580
f 5933/5933 4211/4211 4033/4033
f 4033/4033 580/580 7646/7646
f 7646/7646 580/580 214/214
f 5433/5433 7182/7182 2126/2126
f 5433/5433 2126/2126 3145/3145
f 2126/2126 4177/4177 4034/4034
f 4034/4034 4177/4177 4366/4366
f 6736/6736 7646/7646 214/214
f 6736/6736 214/214 3006/3006
f 3006/3006 214/214 1492/1492
f 1753/1753 3006/3006 1492/1492
f 1753/1753 1492/1492 3999/3999
f 1945/1945 7760/7760 746/746
f 3999/3999 4734/4734 7671/7671
f 7671/7671 4734/4734 1945/1945
f 1753/1753 3999/3999 7671/7671
f 2013/2013 1753/1753 7671/7671
f 2013/2013 7671/7671 2448/2448
f 2975/2975 2448/2448 7671/7671
f 3469/3469 2448/2448 2975/2975
f 4670/4670 1945/1945 746/746
f 4670/4670 746/746 210/210
f 1945/1945 2975/2975 7671/7671
f 2975/2975 1945/1945 7666/7666
f 2975/2975 7666/7666 3469/3469
f 4670/4670 7666/7666 1945/1945
f 5364/5364 7666/7666 4670/4670
f 7666/7666 5364/5364 5480/5480
f 7666/7666 5476/5476 3469/3469
f 5476/5476 7666/7666 5480/5480
f 5480/5480 1778/1778 5476/5476
f 210/210 746/746 4034/4034
f 4880/4880 210/210 225/225
f 225/225 4034/4034 1046/1046
f 6090/6090 225/225 1046/1046
f 225/225 6090/6090 5484/5484
f 4670/4670 210/210 5364/5364
f 5364/5364 210/210 4880/4880
f 5364/5364 4880/4880 6915/6915
f 6915/6915 5480/5480 5364/5364
f 6915/6915 4880/4880 5484/5484
f 5484/5484 4880/4880 225/225
f 5476/5476 1778/1778 7454/7454
f 7454/7454 1778/1778 6063/6063
f 6354/6354 6355/6355 4177/4177
f 6355/6355 564/564 7219/7219
f 3167/3167 4177/4177 6355/6355
f 1478/1478 7077/7077 2181/2181
f 5687/5687 5821/5821 1478/1478
f 1478/1478 5821/5821 7077/7077
f 3263/3263 1478/1478 2181/2181
f 3263/3263 1497/1497 3179/3179
f 7494/7494 2181/2181 7077/7077
f 5687/5687 6704/6704 5821/5821
f 1827/1827 4226/4226 4228/4228
f 2327/2327 3134/3134 1046/1046
f 2789/2789 5484/5484 6090/6090
f 2789/2789 6915/6915 5484/5484
f 2789/2789 6090/6090 6966/6966
f 3134/3134 6090/6090 1046/1046
f 6090/6090 3134/3134 6967/6967
f 2789/2789 538/538 6915/6915
f 538/538 3695/3695 6915/6915
f 5480/5480 6063/6063 1778/1778
f 6915/6915 6063/6063 5480/5480
f 6063/6063 6915/6915 3695/3695
f 2789/2789 3695/3695 538/538
f 6063/6063 3695/3695 7603/7603
f 6907/6907 1467/1467 7296/7296
f 4788/4788 7296/7296 1467/1467
f 4789/4789 5764/5764 6604/6604
f 175/175 7296/7296 4788/4788
f 5764/5764 1468/1468 6604/6604
f 5764/5764 4789/4789 1468/1468
f 4789/4789 6604/6604 2434/2434
f 645/645 2434/2434 6604/6604
f 1645/1645 2434/2434 645/645
f 4041/4041 2434/2434 1645/1645
f 1645/1645 6190/6190 4041/4041
f 1645/1645 645/645 5470/5470
f 1232/1232 6190/6190 1645/1645
f 1645/1645 5470/5470 1232/1232
f 2147/2147 3823/3823 6190/6190
f 5023/5023 2147/2147 6190/6190
f 5023/5023 6190/6190 1232/1232
f 5023/5023 1232/1232 7875/7875
f 5637/5637 5023/5023 714/714
f 714/714 5023/5023 7875/7875
f 714/714 7875/7875 6027/6027
f 4098/4098 714/714 6027/6027
f 1232/1232 1380/1380 5697/5697
f 7875/7875 1232/1232 5697/5697
f 6027/6027 7875/7875 5697/5697
f 670/670 4022/4022 5697/5697
f 4360/4360 2402/2402 670/670
f 7032/7032 670/670 2402/2402
f 5895/5895 7032/7032 2402/2402
f 2890/2890 2402/2402 4360/4360
f 5177/5177 5895/5895 2402/2402
f 5177/5177 2402/2402 2890/2890
f 3266/3266 7909/7909 2890/2890
f 6027/6027 4022/4022 4098/4098
f 4022/4022 670/670 7032/7032
f 4022/4022 6027/6027 5697/5697
f 670/670 5697/5697 4360/4360
f 4360/4360 5697/5697 3266/3266
f 2890/2890 4360/4360 3266/3266
f 5177/5177 1727/1727 4151/4151
f 1727/1727 5177/5177 2890/2890
f 1727/1727 2890/2890 7909/7909
f 7456/7456 1727/1727 7909/7909
f 7456/7456 4151/4151 1727/1727
f 4943/4943 7456/7456 7909/7909
f 6509/6509 4151/4151 7456/7456
f 4314/4314 6509/6509 7456/7456
f 6097/6097 6509/6509 4314/4314
f 5697/5697 5214/5214 3266/3266
f 5214/5214 5697/5697 1380/1380
f 4943/4943 7909/7909 3266/3266
f 2011/2011 4943/4943 3266/3266
f 1044/1044 4943/4943 2011/2011
f 7456/7456 4943/4943 1044/1044
f 2011/2011 4693/4693 1044/1044
f 5563/5563 2011/2011 7756/7756
f 2011/2011 3266/3266 2666/2666
f 2666/2666 3266/3266 5214/5214
f 5214/5214 2011/2011 2666/2666
f 2011/2011 5214/5214 263/263
f 2891/2891 2011/2011 263/263
f 7756/7756 2011/2011 2891/2891
f 263/263 5214/5214 3764/3764
f 263/263 7286/7286 2891/2891
f 7756/7756 2891/2891 7286/7286
f 5532/5532 7286/7286 1771/1771
f 263/263 3764/3764 7286/7286
f 879/879 7286/7286 3764/3764
f 7286/7286 879/879 1771/1771
f 3764/3764 1771/1771 879/879
f 3765/3765 5213/5213 3794/3794
f 3794/3794 3396/3396 3765/3765
f 3765/3765 3396/3396 4760/4760
f 1771/1771 3764/3764 7542/7542
f 4759/4759 7542/7542 3764/3764
f 7417/7417 7542/7542 4759/4759
f 4760/4760 3659/3659 7418/7418
f 3794/3794 7888/7888 3396/3396
f 7888/7888 3794/3794 5376/5376
f 5376/5376 3396/3396 7888/7888
f 3659/3659 4760/4760 3396/3396
f 3659/3659 3396/3396 5376/5376
f 7252/7252 3659/3659 5376/5376
f 5376/5376 5757/5757 3681/3681
f 3681/3681 7252/7252 5376/5376
f 7456/7456 6478/6478 4314/4314
f 804/804 4314/4314 6478/6478
f 804/804 4621/4621 4314/4314
f 2065/2065 4621/4621 804/804
f 6118/6118 3470/3470 6436/6436
f 6436/6436 3963/3963 6118/6118
f 6118/6118 1826/1826 3470/3470
f 2753/2753 3963/3963 6436/6436
f 7450/7450 2753/2753 2065/2065
f 2753/2753 7450/7450 3963/3963
f 1725/1725 1826/1826 6118/6118
f 2659/2659 6118/6118 3963/3963
f 7450/7450 2659/2659 3963/3963
f 6118/6118 2659/2659 1725/1725
f 7867/7867 1826/1826 1725/1725
f 1802/1802 1725/1725 2659/2659
f 2906/2906 15/15 6535/6535
f 2906/2906 7473/7473 15/15
f 7473/7473 5294/5294 15/15
f 4283/4283 5294/5294 7473/7473
f 5294/5294 4283/4283 4804/4804
f 2604/2604 5294/5294 4804/4804
f 2896/2896 2336/2336 7473/7473
f 2336/2336 4283/4283 7473/7473
f 2336/2336 1133/1133 763/763
f 4804/4804 4283/4283 455/455
f 4283/4283 2336/2336 455/455
f 7712/7712 4804/4804 455/455
f 763/763 455/455 2336/2336
f 7712/7712 455/455 5784/5784
f 5784/5784 455/455 4941/4941
f 7456/7456 1044/1044 4693/4693
f 7456/7456 4693/4693 6478/6478
f 6478/6478 2065/2065 804/804
f 4005/4005 6478/6478 4693/4693
f 4005/4005 2065/2065 6478/6478
f 4693/4693 2011/2011 5563/5563
f 4005/4005 4693/4693 3957/3957
f 4693/4693 5563/5563 3957/3957
f 715/715 3957/3957 5563/5563
f 5563/5563 3037/3037 715/715
f 6418/6418 4005/4005 3957/3957
f 3957/3957 715/715 6418/6418
f 6418/6418 715/715 2752/2752
f 2752/2752 715/715 3037/3037
f 3037/3037 1630/1630 1584/1584
f 1584/1584 5362/5362 3037/3037
f 2752/2752 3037/3037 5362/5362
f 5362/5362 1584/1584 4373/4373
f 6527/6527 2065/2065 4005/4005
f 4005/4005 6418/6418 6527/6527
f 6527/6527 7450/7450 2065/2065
f 3951/3951 6527/6527 1310/1310
f 7450/7450 6527/6527 3951/3951
f 3951/3951 1802/1802 7450/7450
f 1310/1310 6527/6527 6418/6418
f 6418/6418 1434/1434 1310/1310
f 1802/1802 2659/2659 7450/7450
f 1802/1802 3951/3951 1310/1310
f 3278/3278 1725/1725 1802/1802
f 3278/3278 1802/1802 1310/1310
f 5532/5532 7756/7756 7286/7286
f 1771/1771 4373/4373 1584/1584
f 4373/4373 1771/1771 2740/2740
f 2025/2025 2752/2752 5362/5362
f 6529/6529 2025/2025 6942/6942
f 2752/2752 1323/1323 6418/6418
f 1434/1434 6418/6418 1323/1323
f 1323/1323 2752/2752 2025/2025
f 2025/2025 6529/6529 1323/1323
f 6942/6942 5362/5362 4373/4373
f 6942/6942 4373/4373 2683/2683
f 2683/2683 4373/4373 2740/2740
f 2025/2025 5362/5362 6942/6942
f 5038/5038 6942/6942 2683/2683
f 5038/5038 6529/6529 6942/6942
f 1310/1310 5122/5122 3278/3278
f 6529/6529 7482/7482 1323/1323
f 7482/7482 6529/6529 5038/5038
f 5122/5122 1310/1310 1434/1434
f 4822/4822 5122/5122 1434/1434
f 1434/1434 1323/1323 4822/4822
f 4822/4822 1323/1323 7482/7482
f 40/40 7482/7482 5038/5038
f 4822/4822 7482/7482 40/40
f 1771/1771 7542/7542 2740/2740
f 4018/4018 6201/6201 2740/2740
f 2740/2740 7542/7542 7417/7417
f 7417/7417 4018/4018 2740/2740
f 6201/6201 4018/4018 7417/7417
f 2683/2683 2740/2740 6453/6453
f 6453/6453 2740/2740 6201/6201
f 6453/6453 5038/5038 2683/2683
f 6453/6453 2385/2385 5038/5038
f 2680/2680 2714/2714 2093/2093
f 2385/2385 6453/6453 2714/2714
f 2680/2680 2385/2385 2714/2714
f 2680/2680 2801/2801 2385/2385
f 6201/6201 395/395 816/816
f 2714/2714 6453/6453 2093/2093
f 2093/2093 6453/6453 6201/6201
f 2801/2801 2680/2680 2093/2093
f 2093/2093 4074/4074 2801/2801
f 4074/4074 6201/6201 816/816
f 6201/6201 4074/4074 2093/2093
f 816/816 1017/1017 4074/4074
f 1017/1017 816/816 1105/1105
f 4074/4074 1017/1017 2801/2801
f 2029/2029 2801/2801 1017/1017
f 5589/5589 2029/2029 1017/1017
f 6200/6200 880/880 394/394
f 3659/3659 880/880 7418/7418
f 7252/7252 880/880 3659/3659
f 6200/6200 7418/7418 880/880
f 2803/2803 880/880 7252/7252
f 560/560 7252/7252 3159/3159
f 7252/7252 560/560 2803/2803
f 880/880 2803/2803 394/394
f 395/395 1105/1105 816/816
f 1104/1104 394/394 2803/2803
f 2803/2803 6691/6691 1104/1104
f 5588/5588 1104/1104 6691/6691
f 1017/1017 1105/1105 5589/5589
f 6691/6691 2803/2803 1635/1635
f 87/87 2028/2028 5588/5588
f 87/87 5588/5588 6691/6691
f 87/87 6691/6691 1635/1635
f 2803/2803 560/560 2601/2601
f 2601/2601 1824/1824 2803/2803
f 560/560 3569/3569 2601/2601
f 2803/2803 1824/1824 1635/1635
f 40/40 5038/5038 2385/2385
f 2801/2801 40/40 2385/2385
f 40/40 2801/2801 4912/4912
f 2801/2801 2029/2029 4912/4912
f 933/933 4912/4912 2029/2029
f 455/455 763/763 2958/2958
f 2958/2958 2079/2079 466/466
f 455/455 2958/2958 466/466
f 4941/4941 455/455 466/466
f 4941/4941 466/466 6827/6827
f 6827/6827 466/466 2079/2079
f 2751/2751 6275/6275 6873/6873
f 7326/7326 6275/6275 4886/4886
f 4886/4886 2334/2334 7326/7326
f 5673/5673 2333/2333 4885/4885
f 2334/2334 357/357 7326/7326
f 7192/7192 5581/5581 2408/2408
f 3548/3548 5581/5581 11/11
f 5099/5099 348/348 2408/2408
f 5581/5581 5099/5099 2408/2408
f 5099/5099 1547/1547 348/348
f 7085/7085 1547/1547 5099/5099
f 994/994 5099/5099 5581/5581
f 5695/5695 5581/5581 3548/3548
f 5695/5695 994/994 5581/5581
f 4837/4837 5095/5095 4695/4695
f 4695/4695 3387/3387 4837/4837
f 1928/1928 3387/3387 4695/4695
f 6109/6109 1430/1430 3763/3763
f 6585/6585 6108/6108 3761/3761
f 7085/7085 4695/4695 1547/1547
f 994/994 7085/7085 5099/5099
f 4695/4695 7085/7085 3163/3163
f 4695/4695 3163/3163 1928/1928
f 7085/7085 2458/2458 3163/3163
f 5455/5455 3388/3388 1929/1929
f 3163/3163 2458/2458 4586/4586
f 5455/5455 1929/1929 3162/3162
f 5456/5456 3161/3161 4585/4585
f 4489/4489 3388/3388 5455/5455
f 7700/7700 5456/5456 4585/4585
f 7700/7700 4490/4490 5456/5456
f 7085/7085 994/994 2458/2458
f 4585/4585 6108/6108 4469/4469
f 6109/6109 4586/4586 2458/2458
f 994/994 1430/1430 2458/2458
f 1430/1430 6109/6109 2458/2458
f 7700/7700 4585/4585 4469/4469
f 4469/4469 6108/6108 6585/6585
f 7700/7700 4469/4469 4939/4939
f 6657/6657 1588/1588 7373/7373
f 4492/4492 7373/7373 1588/1588
f 4490/4490 7700/7700 1588/1588
f 7373/7373 4492/4492 7636/7636
f 1229/1229 4492/4492 1588/1588
f 7636/7636 4492/4492 1229/1229
f 1229/1229 1588/1588 7700/7700
f 4939/4939 1229/1229 7700/7700
f 3868/3868 503/503 7636/7636
f 3868/3868 7636/7636 1229/1229
f 156/156 3763/3763 1430/1430
f 4939/4939 4469/4469 6585/6585
f 3868/3868 1229/1229 4939/4939
f 4939/4939 1149/1149 3868/3868
f 1149/1149 4939/4939 1358/1358
f 1358/1358 6585/6585 1995/1995
f 1995/1995 6585/6585 1215/1215
f 1149/1149 6064/6064 3868/3868
f 6064/6064 3516/3516 3868/3868
f 4997/4997 3516/3516 6064/6064
f 4997/4997 6064/6064 1149/1149
f 6642/6642 3026/3026 4997/4997
f 6192/6192 6642/6642 4997/4997
f 6192/6192 4997/4997 1149/1149
f 1358/1358 6192/6192 1149/1149
f 794/794 1358/1358 1995/1995
f 6192/6192 1358/1358 794/794
f 1214/1214 6972/6972 3394/3394
f 6838/6838 1995/1995 1215/1215
f 1769/1769 6838/6838 3393/3393
f 3393/3393 6838/6838 1215/1215
f 994/994 5695/5695 1430/1430
f 6279/6279 5695/5695 4547/4547
f 6279/6279 1000/1000 5669/5669
f 5669/5669 1000/1000 16/16
f 1430/1430 5695/5695 6279/6279
f 2024/2024 6279/6279 5669/5669
f 6279/6279 2024/2024 5053/5053
f 16/16 2024/2024 5669/5669
f 3719/3719 2024/2024 16/16
f 6346/6346 3719/3719 16/16
f 1320/1320 6346/6346 16/16
f 3719/3719 870/870 2024/2024
f 4547/4547 4617/4617 1000/1000
f 4617/4617 1320/1320 1000/1000
f 6279/6279 4547/4547 1000/1000
f 16/16 1000/1000 1320/1320
f 6894/6894 3719/3719 6346/6346
f 870/870 3719/3719 2102/2102
f 6894/6894 2102/2102 3719/3719
f 7212/7212 6346/6346 1320/1320
f 7212/7212 6894/6894 6346/6346
f 740/740 2102/2102 6894/6894
f 228/228 7212/7212 1320/1320
f 6049/6049 6894/6894 7212/7212
f 6049/6049 740/740 6894/6894
f 5695/5695 7763/7763 4577/4577
f 5695/5695 4577/4577 4547/4547
f 4776/4776 4547/4547 4577/4577
f 2066/2066 4617/4617 4547/4547
f 2066/2066 4547/4547 4776/4776
f 2066/2066 4776/4776 895/895
f 7763/7763 4786/4786 4577/4577
f 3540/3540 4776/4776 4577/4577
f 4070/4070 4776/4776 3540/3540
f 895/895 4776/4776 4070/4070
f 3540/3540 4577/4577 4786/4786
f 3540/3540 6437/6437 4070/4070
f 3540/3540 4786/4786 2733/2733
f 6437/6437 3540/3540 2733/2733
f 2733/2733 6814/6814 6437/6437
f 4172/4172 895/895 4070/4070
f 4629/4629 4172/4172 4070/4070
f 4070/4070 6437/6437 4629/4629
f 4629/4629 6437/6437 6477/6477
f 296/296 4617/4617 895/895
f 1320/1320 4617/4617 296/296
f 895/895 4617/4617 2066/2066
f 1320/1320 296/296 228/228
f 4172/4172 296/296 895/895
f 4172/4172 228/228 296/296
f 3473/3473 4172/4172 4629/4629
f 7228/7228 3763/3763 156/156
f 6586/6586 3762/3762 6302/6302
f 156/156 1430/1430 5053/5053
f 156/156 5053/5053 7228/7228
f 3240/3240 7228/7228 5053/5053
f 5053/5053 1430/1430 6279/6279
f 5053/5053 2024/2024 4909/4909
f 870/870 4909/4909 2024/2024
f 3762/3762 57/57 6302/6302
f 3763/3763 7228/7228 56/56
f 1214/1214 6586/6586 6302/6302
f 6302/6302 57/57 4282/4282
f 6972/6972 6302/6302 4282/4282
f 5570/5570 6972/6972 4282/4282
f 5570/5570 4282/4282 5232/5232
f 1214/1214 6302/6302 6972/6972
f 2372/2372 7228/7228 3240/3240
f 2372/2372 3240/3240 1772/1772
f 1911/1911 1772/1772 3240/3240
f 1772/1772 1911/1911 2785/2785
f 5037/5037 2785/2785 1911/1911
f 5716/5716 6683/6683 2785/2785
f 2785/2785 741/741 1772/1772
f 6683/6683 741/741 2785/2785
f 870/870 4958/4958 4909/4909
f 2447/2447 5053/5053 4909/4909
f 4958/4958 2447/2447 4909/4909
f 5053/5053 2447/2447 3240/3240
f 3240/3240 2447/2447 1911/1911
f 2447/2447 4958/4958 5037/5037
f 870/870 1720/1720 4958/4958
f 5037/5037 1911/1911 2447/2447
f 7810/7810 5037/5037 7537/7537
f 5037/5037 5716/5716 2785/2785
f 7810/7810 5716/5716 5037/5037
f 7537/7537 5037/5037 4958/4958
f 2372/2372 1772/1772 114/114
f 114/114 1772/1772 741/741
f 2166/2166 741/741 6683/6683
f 2373/2373 115/115 6171/6171
f 6282/6282 6683/6683 5716/5716
f 870/870 2102/2102 1720/1720
f 901/901 1720/1720 2102/2102
f 1720/1720 901/901 3224/3224
f 3224/3224 4958/4958 1720/1720
f 3394/3394 6972/6972 6826/6826
f 3224/3224 7537/7537 4958/4958
f 3641/3641 2419/2419 4783/4783
f 4783/4783 2419/2419 4404/4404
f 6282/6282 5716/5716 7810/7810
f 4404/4404 7810/7810 4783/4783
f 4404/4404 6282/6282 7810/7810
f 5163/5163 6683/6683 6282/6282
f 72/72 2328/2328 2121/2121
f 4767/4767 7210/7210 5791/5791
f 4767/4767 5791/5791 2096/2096
f 2096/2096 5791/5791 2047/2047
f 2810/2810 2137/2137 7112/7112
f 2295/2295 1206/1206 2810/2810
f 794/794 1140/1140 6192/6192
f 7112/7112 882/882 7521/7521
f 7521/7521 882/882 1140/1140
f 1140/1140 794/794 1995/1995
f 2371/2371 7521/7521 1140/1140
f 1900/1900 2371/2371 1140/1140
f 1900/1900 1140/1140 1995/1995
f 6718/6718 1900/1900 1995/1995
f 7521/7521 2810/2810 7112/7112
f 2295/2295 2810/2810 7521/7521
f 2295/2295 7521/7521 2371/2371
f 2371/2371 6971/6971 2295/2295
f 6971/6971 2371/2371 1900/1900
f 6718/6718 1995/1995 6838/6838
f 5041/5041 6838/6838 1769/1769
f 1783/1783 6718/6718 6838/6838
f 6971/6971 6557/6557 2295/2295
f 6059/6059 3833/3833 6557/6557
f 4536/4536 840/840 5251/5251
f 2673/2673 1900/1900 6718/6718
f 4170/4170 3701/3701 5251/5251
f 4170/4170 7851/7851 3701/3701
f 4170/4170 7015/7015 7851/7851
f 7015/7015 4170/4170 958/958
f 2905/2905 958/958 4170/4170
f 4170/4170 5251/5251 2905/2905
f 3210/3210 4629/4629 6477/6477
f 228/228 4172/4172 3473/3473
f 228/228 4753/4753 862/862
f 4753/4753 228/228 3473/3473
f 7235/7235 1148/1148 3594/3594
f 117/117 73/73 2995/2995
f 1578/1578 117/117 2995/2995
f 1578/1578 2995/2995 5701/5701
f 1578/1578 6009/6009 117/117
f 5866/5866 5701/5701 7062/7062
f 2398/2398 117/117 6009/6009
f 1578/1578 5701/5701 5866/5866
f 6009/6009 1578/1578 5866/5866
f 7062/7062 6009/6009 5866/5866
f 6009/6009 6524/6524 877/877
f 4690/4690 5590/5590 442/442
f 4690/4690 3858/3858 5590/5590
f 4690/4690 1285/1285 3858/3858
f 7062/7062 5701/5701 442/442
f 7062/7062 442/442 5590/5590
f 7264/7264 5590/5590 3858/3858
f 7264/7264 7062/7062 5590/5590
f 6009/6009 7062/7062 7264/7264
f 6524/6524 6009/6009 7264/7264
f 1381/1381 5891/5891 1191/1191
f 1191/1191 5213/5213 1381/1381
f 1191/1191 3794/3794 5213/5213
f 3794/3794 1191/1191 6393/6393
f 5757/5757 3794/3794 6393/6393
f 5376/5376 3794/3794 5757/5757
f 6826/6826 74/74 118/118
f 4872/4872 6826/6826 118/118
f 2398/2398 4871/4871 117/117
f 111/111 5797/5797 3948/3948
f 2996/2996 6305/6305 3948/3948
f 1826/1826 7867/7867 6270/6270
f 1725/1725 5008/5008 7867/7867
f 5008/5008 6270/6270 7867/7867
f 5971/5971 273/273 1769/1769
f 5041/5041 1769/1769 273/273
f 7264/7264 4993/4993 6524/6524
f 7495/7495 6524/6524 4993/4993
f 2896/2896 7673/7673 2336/2336
f 6838/6838 5041/5041 190/190
f 190/190 1783/1783 6838/6838
f 973/973 1783/1783 190/190
f 190/190 5041/5041 273/273
f 7015/7015 958/958 2350/2350
f 3033/3033 958/958 2905/2905
f 958/958 189/189 2350/2350
f 3278/3278 5008/5008 1725/1725
f 3278/3278 6039/6039 5008/5008
f 4826/4826 6039/6039 3278/3278
f 6039/6039 7465/7465 5008/5008
f 4826/4826 3278/3278 5122/5122
f 7465/7465 6039/6039 2791/2791
f 4826/4826 2791/2791 6039/6039
f 2791/2791 4826/4826 3222/3222
f 3222/3222 4826/4826 5122/5122
f 5122/5122 4822/4822 3222/3222
f 4822/4822 40/40 933/933
f 4822/4822 933/933 3222/3222
f 3222/3222 2107/2107 2791/2791
f 3222/3222 933/933 266/266
f 2107/2107 1095/1095 4564/4564
f 1095/1095 447/447 152/152
f 1635/1635 7200/7200 7512/7512
f 7200/7200 1635/1635 1824/1824
f 7200/7200 3157/3157 6924/6924
f 6924/6924 7474/7474 7200/7200
f 7598/7598 2042/2042 7474/7474
f 933/933 40/40 4912/4912
f 5201/5201 933/933 2029/2029
f 5399/5399 933/933 5201/5201
f 266/266 933/933 5399/5399
f 7866/7866 266/266 5399/5399
f 7866/7866 5399/5399 2438/2438
f 5200/5200 7512/7512 5398/5398
f 7512/7512 1340/1340 5398/5398
f 2439/2439 5398/5398 1340/1340
f 87/87 5200/5200 2028/2028
f 7512/7512 87/87 1635/1635
f 7512/7512 5200/5200 87/87
f 1340/1340 7512/7512 7474/7474
f 7474/7474 7512/7512 7200/7200
f 6639/6639 1340/1340 7474/7474
f 4319/4319 2439/2439 1340/1340
f 4318/4318 1543/1543 2438/2438
f 1543/1543 4318/4318 5109/5109
f 2438/2438 1543/1543 7866/7866
f 5795/5795 1543/1543 5109/5109
f 4319/4319 1340/1340 4499/4499
f 4499/4499 6639/6639 276/276
f 4318/4318 6299/6299 5109/5109
f 4319/4319 4499/4499 4691/4691
f 1340/1340 6639/6639 4499/4499
f 6639/6639 7474/7474 2042/2042
f 4691/4691 4499/4499 276/276
f 2042/2042 276/276 6639/6639
f 276/276 2042/2042 3148/3148
f 4318/4318 1506/1506 6299/6299
f 1505/1505 4319/4319 4691/4691
f 276/276 3148/3148 4691/4691
f 5583/5583 4691/4691 3148/3148
f 3148/3148 2042/2042 5583/5583
f 279/279 4691/4691 5583/5583
f 279/279 5583/5583 5190/5190
f 1505/1505 4691/4691 279/279
f 1484/1484 1505/1505 279/279
f 7484/7484 1819/1819 7778/7778
f 6299/6299 213/213 6681/6681
f 213/213 6299/6299 1506/1506
f 1506/1506 1485/1485 213/213
f 47/47 213/213 1485/1485
f 1485/1485 6404/6404 47/47
f 6404/6404 7484/7484 7778/7778
f 7484/7484 6404/6404 3981/3981
f 5073/5073 763/763 1133/1133
f 7673/7673 5073/5073 1133/1133
f 5073/5073 4186/4186 763/763
f 4186/4186 2958/2958 763/763
f 2958/2958 4186/4186 4446/4446
f 4446/4446 2079/2079 2958/2958
f 6213/6213 4446/4446 4186/4186
f 691/691 4446/4446 6213/6213
f 4446/4446 691/691 1819/1819
f 2079/2079 4446/4446 976/976
f 4446/4446 1819/1819 976/976
f 7778/7778 1819/1819 691/691
f 2079/2079 976/976 5571/5571
f 2255/2255 5571/5571 976/976
f 5422/5422 5189/5189 6229/6229
f 1974/1974 6749/6749 1836/1836
f 1836/1836 6749/6749 7788/7788
f 7587/7587 6999/6999 6749/6749
f 1974/1974 7587/7587 6749/6749
f 1974/1974 6104/6104 7587/7587
f 7587/7587 6104/6104 6999/6999
f 6479/6479 1974/1974 5933/5933
f 6479/6479 5933/5933 4033/4033
f 6479/6479 6104/6104 1974/1974
f 6479/6479 4033/4033 7849/7849
f 7849/7849 4033/4033 7646/7646
f 6104/6104 6479/6479 7849/7849
f 7849/7849 7646/7646 2548/2548
f 2548/2548 7646/7646 6736/6736
f 6104/6104 7849/7849 2548/2548
f 4309/4309 7788/7788 6999/6999
f 6999/6999 7788/7788 6749/6749
f 7788/7788 4309/4309 6032/6032
f 3204/3204 6999/6999 6198/6198
f 3204/3204 4309/4309 6999/6999
f 6104/6104 6198/6198 6999/6999
f 3204/3204 6198/6198 6104/6104
f 6539/6539 6032/6032 4309/4309
f 6539/6539 4309/4309 3204/3204
f 3074/3074 6032/6032 6539/6539
f 6297/6297 6539/6539 3204/3204
f 5301/5301 3204/3204 2805/2805
f 3204/3204 6104/6104 2172/2172
f 5069/5069 6104/6104 2548/2548
f 5069/5069 2172/2172 6104/6104
f 3204/3204 2172/2172 571/571
f 2805/2805 3204/3204 571/571
f 571/571 2172/2172 5069/5069
f 571/571 5069/5069 4173/4173
f 4173/4173 5069/5069 3149/3149
f 3511/3511 1598/1598 1625/1625
f 1598/1598 4764/4764 1812/1812
f 1812/1812 1625/1625 1598/1598
f 1251/1251 1812/1812 2670/2670
f 5221/5221 2548/2548 6736/6736
f 5221/5221 6736/6736 3006/3006
f 3006/3006 1753/1753 1293/1293
f 2548/2548 5221/5221 5069/5069
f 3006/3006 1293/1293 5221/5221
f 588/588 5069/5069 5221/5221
f 1293/1293 1753/1753 2013/2013
f 588/588 5221/5221 1293/1293
f 3314/3314 1293/1293 2013/2013
f 3314/3314 588/588 1293/1293
f 588/588 3149/3149 5069/5069
f 6855/6855 3149/3149 588/588
f 3314/3314 5936/5936 588/588
f 588/588 5936/5936 6855/6855
f 3314/3314 7403/7403 5936/5936
f 3469/3469 3314/3314 2013/2013
f 2013/2013 2448/2448 3469/3469
f 3314/3314 3469/3469 7403/7403
f 3469/3469 5476/5476 7454/7454
f 1812/1812 1251/1251 1625/1625
f 1625/1625 1251/1251 1298/1298
f 1298/1298 3228/3228 1625/1625
f 4928/4928 6010/6010 3511/3511
f 3511/3511 6010/6010 1598/1598
f 1598/1598 6010/6010 4764/4764
f 4764/4764 6010/6010 7928/7928
f 3511/3511 5303/5303 4699/4699
f 3511/3511 4699/4699 4928/4928
f 3511/3511 1625/1625 5303/5303
f 5303/5303 1625/1625 3228/3228
f 2391/2391 4630/4630 4928/4928
f 2391/2391 4928/4928 4699/4699
f 2391/2391 6272/6272 4630/4630
f 3228/3228 6249/6249 281/281
f 3074/3074 6539/6539 6297/6297
f 478/478 7706/7706 6297/6297
f 6297/6297 3204/3204 5301/5301
f 3887/3887 2805/2805 571/571
f 5301/5301 2805/2805 3887/3887
f 3887/3887 571/571 4173/4173
f 4173/4173 2617/2617 3887/3887
f 2617/2617 4173/4173 3149/3149
f 4287/4287 1812/1812 4764/4764
f 4287/4287 2670/2670 1812/1812
f 5936/5936 7403/7403 3344/3344
f 5936/5936 3344/3344 6855/6855
f 3344/3344 4546/4546 6855/6855
f 4546/4546 3344/3344 4107/4107
f 6855/6855 2617/2617 3149/3149
f 5660/5660 2617/2617 6855/6855
f 5660/5660 6855/6855 4546/4546
f 4546/4546 6123/6123 5660/5660
f 6123/6123 4546/4546 4107/4107
f 7454/7454 7403/7403 3469/3469
f 3344/3344 7454/7454 5521/5521
f 7403/7403 7454/7454 3344/3344
f 7454/7454 6063/6063 7603/7603
f 3344/3344 5521/5521 4107/4107
f 4107/4107 5521/5521 3211/3211
f 7603/7603 5521/5521 7454/7454
f 5521/5521 7603/7603 4174/4174
f 4174/4174 7603/7603 2930/2930
f 5521/5521 4174/4174 3211/3211
f 4107/4107 3211/3211 6123/6123
f 4174/4174 3081/3081 3211/3211
f 3211/3211 3081/3081 6123/6123
f 3407/3407 1298/1298 1251/1251
f 1298/1298 3407/3407 1818/1818
f 6440/6440 1818/1818 3407/3407
f 1818/1818 6440/6440 762/762
f 1298/1298 6249/6249 3228/3228
f 7976/7976 7683/7683 762/762
f 762/762 6440/6440 7976/7976
f 848/848 7683/7683 7976/7976
f 7683/7683 848/848 5893/5893
f 7318/7318 3081/3081 2773/2773
f 2694/2694 5893/5893 848/848
f 7924/7924 6651/6651 2694/2694
f 7683/7683 5893/5893 6651/6651
f 6651/6651 5893/5893 2694/2694
f 2037/2037 7924/7924 2694/2694
f 1818/1818 762/762 7683/7683
f 1298/1298 1818/1818 7683/7683
f 6249/6249 1298/1298 7683/7683
f 6249/6249 7683/7683 6651/6651
f 6651/6651 7924/7924 3570/3570
f 6249/6249 6651/6651 3570/3570
f 3570/3570 2449/2449 6249/6249
f 6249/6249 2449/2449 7172/7172
f 1983/1983 6249/6249 7172/7172
f 6535/6535 3570/3570 7924/7924
f 2449/2449 3570/3570 6535/6535
f 7924/7924 2906/2906 6535/6535
f 15/15 2449/2449 6535/6535
f 851/851 6249/6249 1983/1983
f 851/851 2854/2854 6249/6249
f 2854/2854 283/283 6249/6249
f 878/878 2854/2854 4994/4994
f 878/878 851/851 547/547
f 283/283 2854/2854 878/878
f 878/878 547/547 5468/5468
f 5468/5468 282/282 878/878
f 4994/4994 2854/2854 851/851
f 878/878 4994/4994 851/851
f 3600/3600 39/39 4103/4103
f 6272/6272 2391/2391 6765/6765
f 4699/4699 3600/3600 2391/2391
f 4699/4699 5303/5303 3600/3600
f 5303/5303 39/39 3600/3600
f 4181/4181 2391/2391 3600/3600
f 3600/3600 4103/4103 4181/4181
f 1271/1271 4181/4181 4103/4103
f 6273/6273 6764/6764 1832/1832
f 1270/1270 1832/1832 6764/6764
f 2391/2391 4181/4181 6765/6765
f 1271/1271 6765/6765 4181/4181
f 2712/2712 1270/1270 3771/3771
f 2712/2712 3771/3771 7557/7557
f 3771/3771 1270/1270 4102/4102
f 3771/3771 4102/4102 6480/6480
f 4218/4218 3771/3771 6480/6480
f 537/537 3771/3771 4218/4218
f 3667/3667 39/39 5303/5303
f 5303/5303 3228/3228 3667/3667
f 3667/3667 3228/3228 262/262
f 39/39 3667/3667 5426/5426
f 262/262 5426/5426 3667/3667
f 6232/6232 5426/5426 262/262
f 6232/6232 262/262 4922/4922
f 6611/6611 5426/5426 6232/6232
f 5426/5426 6611/6611 6481/6481
f 6611/6611 6232/6232 4922/4922
f 1307/1307 6611/6611 4922/4922
f 3696/3696 4922/4922 262/262
f 3696/3696 262/262 281/281
f 4103/4103 39/39 5426/5426
f 6481/6481 4103/4103 5426/5426
f 4218/4218 6480/6480 4797/4797
f 6480/6480 6612/6612 4797/4797
f 6612/6612 1306/1306 4130/4130
f 4922/4922 7352/7352 1307/1307
f 4130/4130 1306/1306 7351/7351
f 7352/7352 4922/4922 3696/3696
f 4797/4797 6612/6612 3631/3631
f 3631/3631 6612/6612 4130/4130
f 3631/3631 4130/4130 2168/2168
f 3631/3631 2168/2168 2392/2392
f 3696/3696 7381/7381 7352/7352
f 7718/7718 2392/2392 2168/2168
f 7718/7718 2168/2168 2711/2711
f 2168/2168 4130/4130 2711/2711
f 2711/2711 4130/4130 7351/7351
f 3708/3708 2711/2711 7351/7351
f 3708/3708 7351/7351 7380/7380
f 7380/7380 4058/4058 3989/3989
f 1027/1027 7718/7718 3708/3708
f 1800/1800 1027/1027 3708/3708
f 3708/3708 7380/7380 3989/3989
f 3708/3708 7718/7718 2711/2711
f 1800/1800 3708/3708 3989/3989
f 262/262 3228/3228 281/281
f 7451/7451 3696/3696 281/281
f 7451/7451 7381/7381 3696/3696
f 7381/7381 7451/7451 4059/4059
f 3989/3989 4058/4058 5803/5803
f 5803/5803 4058/4058 7573/7573
f 4059/4059 7451/7451 3843/3843
f 4059/4059 3843/3843 7574/7574
f 7451/7451 281/281 3843/3843
f 7574/7574 3843/3843 2578/2578
f 537/537 4218/4218 1907/1907
f 6423/6423 537/537 1907/1907
f 5725/5725 6423/6423 1907/1907
f 4218/4218 4797/4797 1907/1907
f 4797/4797 6706/6706 1907/1907
f 1907/1907 6706/6706 4557/4557
f 5725/5725 1907/1907 4557/4557
f 6706/6706 4797/4797 3631/3631
f 6706/6706 3631/3631 2392/2392
f 4557/4557 6706/6706 2392/2392
f 3283/3283 537/537 6423/6423
f 1805/1805 6423/6423 5725/5725
f 1805/1805 3283/3283 6423/6423
f 5688/5688 3283/3283 1805/1805
f 2823/2823 5688/5688 1805/1805
f 4498/4498 5688/5688 2823/2823
f 1805/1805 5725/5725 339/339
f 339/339 5725/5725 4557/4557
f 2823/2823 1805/1805 339/339
f 2823/2823 339/339 2536/2536
f 339/339 4302/4302 2536/2536
f 5689/5689 4498/4498 2823/2823
f 6805/6805 4498/4498 5689/5689
f 2823/2823 2536/2536 3107/3107
f 3107/3107 5689/5689 2823/2823
f 3107/3107 2536/2536 7302/7302
f 7302/7302 2536/2536 4302/4302
f 3107/3107 7302/7302 7255/7255
f 7302/7302 1800/1800 5092/5092
f 5092/5092 7255/7255 7302/7302
f 2392/2392 7432/7432 4557/4557
f 2392/2392 7718/7718 7432/7432
f 4557/4557 7432/7432 339/339
f 7432/7432 7718/7718 1027/1027
f 4302/4302 339/339 7432/7432
f 4302/4302 7432/7432 1027/1027
f 7302/7302 4302/4302 1800/1800
f 1027/1027 1800/1800 4302/4302
f 5803/5803 1800/1800 3989/3989
f 7348/7348 5810/5810 141/141
f 1800/1800 141/141 7532/7532
f 4195/4195 7532/7532 141/141
f 4195/4195 141/141 5810/5810
f 5810/5810 641/641 4195/4195
f 5810/5810 1693/1693 4919/4919
f 5092/5092 1800/1800 7532/7532
f 3591/3591 7532/7532 4195/4195
f 641/641 3591/3591 4195/4195
f 5255/5255 3591/3591 641/641
f 4743/4743 7532/7532 3591/3591
f 3591/3591 5255/5255 4743/4743
f 4371/4371 5810/5810 4919/4919
f 4371/4371 641/641 5810/5810
f 5249/5249 4371/4371 4919/4919
f 2368/2368 4371/4371 5249/5249
f 6733/6733 5092/5092 7532/7532
f 4743/4743 6733/6733 7532/7532
f 641/641 4371/4371 5255/5255
f 4371/4371 705/705 5255/5255
f 2368/2368 705/705 4371/4371
f 6581/6581 705/705 2368/2368
f 4178/4178 6733/6733 4743/4743
f 4743/4743 5255/5255 4178/4178
f 2250/2250 4178/4178 5255/5255
f 705/705 2250/2250 5255/5255
f 365/365 6733/6733 4178/4178
f 7821/7821 6733/6733 365/365
f 7821/7821 365/365 2250/2250
f 2250/2250 365/365 4178/4178
f 6513/6513 5803/5803 7573/7573
f 6513/6513 7573/7573 592/592
f 6513/6513 592/592 7528/7528
f 7574/7574 2578/2578 593/593
f 593/593 2578/2578 6777/6777
f 4254/4254 7528/7528 592/592
f 6776/6776 4254/4254 592/592
f 281/281 6249/6249 283/283
f 3843/3843 281/281 283/283
f 283/283 878/878 282/282
f 283/283 282/282 6851/6851
f 6851/6851 3843/3843 283/283
f 2578/2578 3843/3843 6851/6851
f 2961/2961 6777/6777 2578/2578
f 4254/4254 6776/6776 6042/6042
f 6043/6043 6777/6777 2961/2961
f 2961/2961 2578/2578 7815/7815
f 6043/6043 2961/2961 3687/3687
f 2961/2961 7815/7815 3687/3687
f 6934/6934 3169/3169 3688/3688
f 3687/3687 7815/7815 6933/6933
f 6042/6042 3688/3688 3169/3169
f 6959/6959 3169/3169 6934/6934
f 6959/6959 6934/6934 7415/7415
f 6933/6933 7815/7815 5503/5503
f 5503/5503 4158/4158 6933/6933
f 7415/7415 6934/6934 4157/4157
f 4156/4156 5502/5502 1088/1088
f 6968/6968 1088/1088 5502/5502
f 142/142 6968/6968 1131/1131
f 7561/7561 7415/7415 4157/4157
f 7561/7561 4157/4157 5683/5683
f 5683/5683 4157/4157 1089/1089
f 6968/6968 142/142 1088/1088
f 143/143 1130/1130 3691/3691
f 6513/6513 141/141 5803/5803
f 7348/7348 141/141 6513/6513
f 5803/5803 141/141 1800/1800
f 1776/1776 7348/7348 6513/6513
f 6513/6513 7528/7528 1776/1776
f 1776/1776 7528/7528 1833/1833
f 1776/1776 1833/1833 7348/7348
f 1833/1833 7528/7528 1058/1058
f 1833/1833 1693/1693 7348/7348
f 7348/7348 1693/1693 5810/5810
f 887/887 7528/7528 4254/4254
f 7528/7528 887/887 1058/1058
f 4919/4919 1693/1693 3888/3888
f 3888/3888 1334/1334 4919/4919
f 3888/3888 1693/1693 1833/1833
f 1833/1833 5816/5816 3888/3888
f 1334/1334 3888/3888 2056/2056
f 3888/3888 5816/5816 2056/2056
f 5249/5249 4919/4919 1334/1334
f 1058/1058 5816/5816 1833/1833
f 1058/1058 1763/1763 5816/5816
f 1058/1058 887/887 458/458
f 887/887 4254/4254 6042/6042
f 5144/5144 887/887 6042/6042
f 5144/5144 6042/6042 3043/3043
f 3043/3043 6042/6042 3169/3169
f 1983/1983 7172/7172 363/363
f 363/363 7172/7172 89/89
f 2449/2449 15/15 5294/5294
f 7172/7172 2449/2449 5294/5294
f 7946/7946 5294/5294 2604/2604
f 7946/7946 89/89 5294/5294
f 89/89 7172/7172 5294/5294
f 6930/6930 7946/7946 2604/2604
f 2604/2604 6462/6462 6930/6930
f 2604/2604 4804/4804 7712/7712
f 7712/7712 5784/5784 6135/6135
f 5194/5194 89/89 7946/7946
f 6930/6930 5194/5194 7946/7946
f 6929/6929 89/89 5194/5194
f 5194/5194 6930/6930 6929/6929
f 6462/6462 2604/2604 7712/7712
f 381/381 89/89 6929/6929
f 363/363 89/89 381/381
f 6929/6929 6930/6930 6462/6462
f 5193/5193 6929/6929 6462/6462
f 5193/5193 6462/6462 7712/7712
f 5193/5193 7712/7712 6135/6135
f 2031/2031 851/851 1983/1983
f 1983/1983 363/363 7086/7086
f 547/547 851/851 2031/2031
f 2031/2031 1983/1983 7086/7086
f 547/547 2031/2031 5468/5468
f 5468/5468 2031/2031 7086/7086
f 5468/5468 7086/7086 282/282
f 5289/5289 282/282 5623/5623
f 5623/5623 282/282 7086/7086
f 7086/7086 4390/4390 5623/5623
f 5193/5193 381/381 6929/6929
f 363/363 381/381 4390/4390
f 4390/4390 381/381 5193/5193
f 6135/6135 5623/5623 5193/5193
f 4390/4390 5193/5193 5623/5623
f 7086/7086 363/363 4390/4390
f 873/873 105/105 5289/5289
f 873/873 5289/5289 5623/5623
f 105/105 873/873 3596/3596
f 5784/5784 4941/4941 7331/7331
f 7331/7331 6135/6135 5784/5784
f 7331/7331 4941/4941 1508/1508
f 4941/4941 6827/6827 1216/1216
f 1216/1216 6827/6827 2079/2079
f 1216/1216 1508/1508 4941/4941
f 1508/1508 5804/5804 7331/7331
f 5804/5804 7884/7884 7331/7331
f 7884/7884 6135/6135 7331/7331
f 5804/5804 1508/1508 1216/1216
f 5804/5804 1216/1216 7884/7884
f 7884/7884 1216/1216 2755/2755
f 2755/2755 1216/1216 6558/6558
f 5623/5623 6135/6135 7884/7884
f 7275/7275 5623/5623 7884/7884
f 873/873 5623/5623 7843/7843
f 3596/3596 873/873 3775/3775
f 5623/5623 7275/7275 7843/7843
f 7843/7843 3775/3775 873/873
f 7884/7884 2755/2755 7275/7275
f 3775/3775 7843/7843 7275/7275
f 3775/3775 7275/7275 4358/4358
f 7275/7275 2755/2755 5108/5108
f 4358/4358 7275/7275 5108/5108
f 3775/3775 4358/4358 4724/4724
f 4724/4724 3596/3596 3775/3775
f 4724/4724 3601/3601 3596/3596
f 5289/5289 6851/6851 282/282
f 2578/2578 6851/6851 105/105
f 6851/6851 5289/5289 105/105
f 2578/2578 105/105 1262/1262
f 1262/1262 7815/7815 2578/2578
f 7844/7844 7815/7815 1262/1262
f 3043/3043 3169/3169 6959/6959
f 6817/6817 7892/7892 4978/4978
f 6815/6815 993/993 7893/7893
f 5503/5503 7815/7815 7844/7844
f 4978/4978 5502/5502 7845/7845
f 6968/6968 5502/5502 4978/4978
f 6968/6968 4978/4978 1131/1131
f 2365/2365 7415/7415 7561/7561
f 3929/3929 143/143 3691/3691
f 1131/1131 4978/4978 7892/7892
f 3691/3691 1130/1130 3838/3838
f 2869/2869 3691/3691 3838/3838
f 3838/3838 1130/1130 7894/7894
f 3837/3837 7893/7893 993/993
f 3837/3837 993/993 2868/2868
f 4572/4572 2868/2868 993/993
f 3601/3601 7844/7844 1262/1262
f 105/105 3596/3596 1262/1262
f 3601/3601 1262/1262 3596/3596
f 6817/6817 4978/4978 7845/7845
f 7844/7844 3601/3601 6816/6816
f 993/993 5412/5412 4572/4572
f 5198/5198 3043/3043 6959/6959
f 2365/2365 6959/6959 7415/7415
f 4987/4987 6959/6959 2365/2365
f 5179/5179 3043/3043 5198/5198
f 4987/4987 6896/6896 5198/5198
f 5179/5179 5198/5198 6896/6896
f 6959/6959 4987/4987 5198/5198
f 7072/7072 6896/6896 4987/4987
f 5144/5144 3043/3043 5179/5179
f 7072/7072 4987/4987 2351/2351
f 6266/6266 5179/5179 6896/6896
f 5447/5447 5179/5179 6266/6266
f 6266/6266 6896/6896 7072/7072
f 5447/5447 5144/5144 5179/5179
f 1541/1541 6266/6266 7072/7072
f 6266/6266 1541/1541 6335/6335
f 3929/3929 3691/3691 2869/2869
f 2869/2869 5767/5767 3929/3929
f 391/391 7072/7072 2351/2351
f 391/391 2351/2351 2365/2365
f 391/391 2365/2365 2748/2748
f 2748/2748 2211/2211 391/391
f 2748/2748 5767/5767 2211/2211
f 1636/1636 2210/2210 5766/5766
f 2868/2868 1636/1636 5766/5766
f 2211/2211 3371/3371 391/391
f 1636/1636 2868/2868 4572/4572
f 4689/4689 1540/1540 7071/7071
f 390/390 4689/4689 7071/7071
f 4689/4689 390/390 3370/3370
f 6848/6848 2210/2210 1636/1636
f 4572/4572 6848/6848 1636/1636
f 7597/7597 4572/4572 5412/5412
f 3701/3701 1961/1961 4536/4536
f 5251/5251 3701/3701 4536/4536
f 1961/1961 3701/3701 7851/7851
f 6558/6558 1216/1216 2079/2079
f 6558/6558 2079/2079 5571/5571
f 1611/1611 6558/6558 5571/5571
f 1611/1611 2755/2755 6558/6558
f 2725/2725 1611/1611 5571/5571
f 2725/2725 5571/5571 2255/2255
f 2755/2755 1611/1611 2146/2146
f 2146/2146 1611/1611 2725/2725
f 2255/2255 2146/2146 2725/2725
f 2755/2755 2146/2146 5108/5108
f 6816/6816 3601/3601 2561/2561
f 6472/6472 4724/4724 4358/4358
f 2561/2561 3601/3601 2257/2257
f 2464/2464 768/768 2561/2561
f 2561/2561 5645/5645 2464/2464
f 5645/5645 1874/1874 2464/2464
f 2257/2257 5645/5645 2561/2561
f 7872/7872 1874/1874 5645/5645
f 7872/7872 5645/5645 3788/3788
f 7872/7872 3788/3788 1874/1874
f 369/369 3788/3788 2420/2420
f 2420/2420 3788/3788 5645/5645
f 2420/2420 5645/5645 2257/2257
f 3475/3475 2420/2420 2257/2257
f 3725/3725 3475/3475 7325/7325
f 3475/3475 2257/2257 5813/5813
f 7325/7325 3475/3475 5813/5813
f 993/993 6815/6815 4562/4562
f 992/992 993/993 4562/4562
f 6815/6815 7183/7183 4562/4562
f 992/992 4562/4562 7183/7183
f 5412/5412 993/993 992/992
f 6271/6271 7183/7183 6815/6815
f 992/992 7183/7183 6271/6271
f 4474/4474 6271/6271 6815/6815
f 992/992 6271/6271 7241/7241
f 4475/4475 6816/6816 2561/2561
f 7241/7241 6271/6271 4474/4474
f 4474/4474 767/767 7241/7241
f 4475/4475 2561/2561 768/768
f 5865/5865 7241/7241 767/767
f 5412/5412 992/992 5865/5865
f 5865/5865 992/992 7241/7241
f 767/767 2465/2465 5551/5551
f 2464/2464 1874/1874 2073/2073
f 2073/2073 5552/5552 2464/2464
f 2073/2073 5778/5778 6151/6151
f 5865/5865 767/767 5551/5551
f 2073/2073 6151/6151 5552/5552
f 7948/7948 5865/5865 5551/5551
f 7949/7949 5552/5552 6151/6151
f 1904/1904 7949/7949 6151/6151
f 1904/1904 6151/6151 6068/6068
f 2073/2073 1874/1874 3788/3788
f 3788/3788 5778/5778 2073/2073
f 766/766 3788/3788 369/369
f 5778/5778 3788/3788 766/766
f 766/766 369/369 1770/1770
f 6660/6660 766/766 1770/1770
f 766/766 6660/6660 7539/7539
f 1770/1770 369/369 2420/2420
f 1770/1770 2420/2420 1728/1728
f 1770/1770 1538/1538 6660/6660
f 7539/7539 6660/6660 250/250
f 856/856 6151/6151 5778/5778
f 856/856 5778/5778 766/766
f 856/856 766/766 7539/7539
f 2019/2019 856/856 7539/7539
f 1538/1538 1770/1770 1728/1728
f 250/250 6660/6660 1538/1538
f 1728/1728 2420/2420 3475/3475
f 1728/1728 6287/6287 1538/1538
f 6161/6161 1728/1728 4979/4979
f 4979/4979 1728/1728 3475/3475
f 3725/3725 4979/4979 3475/3475
f 4979/4979 3725/3725 4343/4343
f 6161/6161 4979/4979 7564/7564
f 7702/7702 4979/4979 4343/4343
f 7592/7592 4979/4979 7702/7702
f 3725/3725 643/643 4343/4343
f 7551/7551 4343/4343 643/643
f 7702/7702 4343/4343 7551/7551
f 6112/6112 7702/7702 7551/7551
f 6151/6151 856/856 2019/2019
f 6151/6151 2019/2019 6068/6068
f 1003/1003 6068/6068 2019/2019
f 4397/4397 6112/6112 7551/7551
f 1087/1087 6112/6112 4397/4397
f 4331/4331 4397/4397 7551/7551
f 4331/4331 7551/7551 643/643
f 2671/2671 4331/4331 643/643
f 5412/5412 5865/5865 2575/2575
f 2575/2575 5865/5865 7948/7948
f 2342/2342 2575/2575 7948/7948
f 2343/2343 7949/7949 1904/1904
f 5431/5431 2575/2575 2342/2342
f 5440/5440 2343/2343 1904/1904
f 5440/5440 1904/1904 6068/6068
f 5440/5440 5432/5432 2343/2343
f 5440/5440 5367/5367 5432/5432
f 2973/2973 5440/5440 6068/6068
f 5367/5367 5440/5440 2973/2973
f 7361/7361 5412/5412 2575/2575
f 5412/5412 7361/7361 7597/7597
f 7361/7361 2575/2575 5431/5431
f 3911/3911 7361/7361 5368/5368
f 5368/5368 7361/7361 5431/5431
f 2346/2346 6068/6068 1003/1003
f 2346/2346 2973/2973 6068/6068
f 3912/3912 5367/5367 2973/2973
f 1165/1165 2571/2571 758/758
f 1165/1165 206/206 2571/2571
f 1308/1308 206/206 1165/1165
f 1165/1165 1754/1754 1308/1308
f 605/605 2671/2671 3798/3798
f 605/605 4385/4385 5773/5773
f 2346/2346 1003/1003 4466/4466
f 3419/3419 5773/5773 4385/4385
f 7592/7592 7564/7564 4979/4979
f 638/638 7592/7592 7702/7702
f 643/643 3725/3725 7325/7325
f 638/638 7702/7702 6112/6112
f 374/374 3425/3425 2704/2704
f 3425/3425 374/374 4966/4966
f 6998/6998 5489/5489 374/374
f 2704/2704 6998/6998 374/374
f 374/374 4204/4204 4966/4966
f 374/374 5489/5489 4204/4204
f 6928/6928 2953/2953 5321/5321
f 2953/2953 1684/1684 5321/5321
f 1129/1129 6538/6538 1926/1926
f 1684/1684 1129/1129 1926/1926
f 3425/3425 1129/1129 1684/1684
f 5887/5887 2338/2338 6538/6538
f 6538/6538 1129/1129 5887/5887
f 2338/2338 6860/6860 1733/1733
f 5887/5887 6860/6860 2338/2338
f 1129/1129 3425/3425 1300/1300
f 1300/1300 6115/6115 1129/1129
f 6115/6115 5887/5887 1129/1129
f 3425/3425 1684/1684 2704/2704
f 1300/1300 3425/3425 4966/4966
f 4204/4204 1300/1300 4966/4966
f 4042/4042 1734/1734 3618/3618
f 3618/3618 1734/1734 3840/3840
f 3839/3839 1733/1733 6860/6860
f 7392/7392 6860/6860 5887/5887
f 1332/1332 2201/2201 5835/5835
f 5835/5835 4042/4042 3618/3618
f 1332/1332 5835/5835 3618/3618
f 3840/3840 1332/1332 3618/3618
f 1332/1332 3840/3840 4633/4633
f 3839/3839 6860/6860 5148/5148
f 5148/5148 4634/4634 3839/3839
f 3814/3814 1300/1300 4204/4204
f 4204/4204 5489/5489 3814/3814
f 3814/3814 6259/6259 1300/1300
f 3814/3814 7114/7114 6259/6259
f 3814/3814 5489/5489 2308/2308
f 397/397 4382/4382 1829/1829
f 5887/5887 6115/6115 2720/2720
f 2720/2720 6115/6115 548/548
f 6840/6840 2720/2720 548/548
f 6840/6840 548/548 7672/7672
f 6840/6840 7672/7672 4674/4674
f 548/548 6115/6115 1300/1300
f 397/397 548/548 6259/6259
f 6259/6259 548/548 1300/1300
f 397/397 7672/7672 548/548
f 7672/7672 397/397 5012/5012
f 7114/7114 397/397 6259/6259
f 7392/7392 5887/5887 2720/2720
f 1837/1837 7392/7392 2720/2720
f 2720/2720 6840/6840 1837/1837
f 7392/7392 1837/1837 5029/5029
f 3138/3138 7392/7392 5029/5029
f 4674/4674 1837/1837 6840/6840
f 4674/4674 2895/2895 1837/1837
f 1837/1837 2895/2895 5029/5029
f 3138/3138 5029/5029 3215/3215
f 3138/3138 5148/5148 6860/6860
f 4634/4634 5148/5148 3215/3215
f 5148/5148 3138/3138 3215/3215
f 5012/5012 4674/4674 7672/7672
f 1643/1643 4674/4674 5012/5012
f 5012/5012 397/397 1829/1829
f 5012/5012 1829/1829 310/310
f 1643/1643 5012/5012 310/310
f 310/310 1829/1829 4382/4382
f 1643/1643 310/310 3028/3028
f 1643/1643 2895/2895 4674/4674
f 6868/6868 5029/5029 2895/2895
f 1643/1643 3028/3028 2895/2895
f 310/310 905/905 3028/3028
f 905/905 1864/1864 3028/3028
f 1864/1864 905/905 7850/7850
f 2292/2292 358/358 4180/4180
f 4180/4180 358/358 4607/4607
f 358/358 2292/2292 4633/4633
f 1566/1566 359/359 7279/7279
f 3946/3946 1566/1566 7279/7279
f 912/912 443/443 359/359
f 912/912 4634/4634 3215/3215
f 4634/4634 912/912 359/359
f 3215/3215 5029/5029 4673/4673
f 4673/4673 912/912 3215/3215
f 912/912 4673/4673 2825/2825
f 6742/6742 358/358 1567/1567
f 6742/6742 1567/1567 1420/1420
f 1384/1384 6742/6742 1420/1420
f 2825/2825 443/443 912/912
f 359/359 443/443 7279/7279
f 7825/7825 6868/6868 2895/2895
f 2895/2895 3028/3028 7825/7825
f 6603/6603 6868/6868 7825/7825
f 6868/6868 4673/4673 5029/5029
f 4673/4673 6868/6868 642/642
f 4673/4673 642/642 2825/2825
f 6868/6868 6603/6603 642/642
f 443/443 2825/2825 974/974
f 443/443 974/974 1519/1519
f 1876/1876 1519/1519 974/974
f 4336/4336 2825/2825 642/642
f 642/642 6603/6603 4336/4336
f 1142/1142 974/974 2825/2825
f 2825/2825 4336/4336 1142/1142
f 3353/3353 2880/2880 1723/1723
f 3946/3946 1421/1421 1566/1566
f 3946/3946 2881/2881 1421/1421
f 3946/3946 1724/1724 2881/2881
f 1420/1420 2880/2880 6671/6671
f 7567/7567 1420/1420 6671/6671
f 3353/3353 6671/6671 2880/2880
f 3353/3353 1723/1723 1750/1750
f 1723/1723 630/630 1750/1750
f 630/630 1723/1723 2497/2497
f 7567/7567 4363/4363 1420/1420
f 630/630 7799/7799 4363/4363
f 3946/3946 2225/2225 5833/5833
f 7279/7279 443/443 3946/3946
f 2698/2698 3946/3946 443/443
f 3946/3946 2698/2698 2225/2225
f 3946/3946 5833/5833 1724/1724
f 5119/5119 1724/1724 5833/5833
f 5118/5118 2497/2497 1723/1723
f 3893/3893 5119/5119 5833/5833
f 5833/5833 2225/2225 3893/3893
f 4974/4974 1420/1420 4363/4363
f 5118/5118 2471/2471 2497/2497
f 3894/3894 2471/2471 5118/5118
f 7615/7615 4974/4974 6949/6949
f 4974/4974 4363/4363 6949/6949
f 7615/7615 6949/6949 1374/1374
f 2326/2326 1374/1374 6949/6949
f 2326/2326 6949/6949 1532/1532
f 1532/1532 6949/6949 4363/4363
f 3894/3894 6058/6058 2471/2471
f 6058/6058 3606/3606 2471/2471
f 1519/1519 2698/2698 443/443
f 1519/1519 2225/2225 2698/2698
f 2225/2225 1519/1519 3893/3893
f 1876/1876 3893/3893 1519/1519
f 683/683 3893/3893 1876/1876
f 682/682 7284/7284 3894/3894
f 7284/7284 682/682 2751/2751
f 7284/7284 6058/6058 3894/3894
f 1700/1700 6058/6058 2751/2751
f 2751/2751 6058/6058 7284/7284
f 3606/3606 6058/6058 284/284
f 284/284 6058/6058 1700/1700
f 284/284 6873/6873 1513/1513
f 6600/6600 872/872 2362/2362
f 6600/6600 6907/6907 5844/5844
f 6907/6907 6600/6600 100/100
f 101/101 3818/3818 7572/7572
f 7572/7572 3818/3818 6604/6604
f 5844/5844 872/872 6600/6600
f 1238/1238 872/872 5844/5844
f 3412/3412 7825/7825 3028/3028
f 3412/3412 6603/6603 7825/7825
f 3028/3028 1864/1864 3412/3412
f 6603/6603 3412/3412 5123/5123
f 5123/5123 4336/4336 6603/6603
f 5123/5123 3412/3412 1864/1864
f 4336/4336 7453/7453 1142/1142
f 5123/5123 1617/1617 4336/4336
f 1617/1617 5123/5123 1864/1864
f 1617/1617 2038/2038 4336/4336
f 6369/6369 2038/2038 1617/1617
f 5159/5159 1864/1864 923/923
f 1617/1617 1864/1864 5159/5159
f 6369/6369 1617/1617 5159/5159
f 7971/7971 6369/6369 5159/5159
f 2038/2038 6369/6369 2284/2284
f 2284/2284 6369/6369 784/784
f 7971/7971 784/784 6369/6369
f 683/683 7453/7453 3777/3777
f 2751/2751 682/682 3778/3778
f 2284/2284 7453/7453 2038/2038
f 7453/7453 2284/2284 3777/3777
f 6275/6275 3778/3778 6125/6125
f 1740/1740 1208/1208 4960/4960
f 6819/6819 7319/7319 3746/3746
f 2560/2560 875/875 2411/2411
f 7360/7360 650/650 2560/2560
f 2411/2411 7360/7360 2560/2560
f 3354/3354 650/650 7360/7360
f 1740/1740 5379/5379 2411/2411
f 5379/5379 1740/1740 4393/4393
f 4960/4960 4393/4393 1740/1740
f 4393/4393 4960/4960 3286/3286
f 3287/3287 4961/4961 7768/7768
f 7319/7319 4897/4897 3746/3746
f 2411/2411 5379/5379 7360/7360
f 2950/2950 5624/5624 5723/5723
f 7360/7360 5379/5379 906/906
f 7904/7904 7360/7360 906/906
f 7360/7360 7904/7904 3354/3354
f 7904/7904 906/906 2950/2950
f 3354/3354 7904/7904 5264/5264
f 906/906 5624/5624 2950/2950
f 5619/5619 1387/1387 650/650
f 254/254 1387/1387 1958/1958
f 5619/5619 1958/1958 1387/1387
f 3354/3354 5619/5619 650/650
f 663/663 5619/5619 3354/3354
f 3354/3354 5264/5264 1735/1735
f 1735/1735 663/663 3354/3354
f 7423/7423 663/663 1735/1735
f 4897/4897 1387/1387 254/254
f 4665/4665 254/254 1407/1407
f 1407/1407 254/254 1958/1958
f 3746/3746 4897/4897 254/254
f 254/254 4665/4665 3746/3746
f 7423/7423 3634/3634 663/663
f 2950/2950 5264/5264 7904/7904
f 1897/1897 5264/5264 2950/2950
f 2950/2950 2933/2933 1897/1897
f 2933/2933 2546/2546 1897/1897
f 2933/2933 5681/5681 2546/2546
f 2455/2455 1735/1735 5264/5264
f 3640/3640 1735/1735 2455/2455
f 5264/5264 1897/1897 2455/2455
f 3640/3640 7423/7423 1735/1735
f 2455/2455 1897/1897 1862/1862
f 2455/2455 1862/1862 3640/3640
f 673/673 1897/1897 2546/2546
f 673/673 1862/1862 1897/1897
f 3640/3640 1862/1862 2058/2058
f 1862/1862 673/673 2058/2058
f 2850/2850 2545/2545 3640/3640
f 3640/3640 2058/2058 2850/2850
f 7423/7423 7224/7224 3634/3634
f 1451/1451 2630/2630 3017/3017
f 5919/5919 1451/1451 3017/3017
f 2630/2630 7224/7224 3017/3017
f 7224/7224 4542/4542 3017/3017
f 4542/4542 6549/6549 3017/3017
f 3219/3219 1451/1451 5919/5919
f 1231/1231 7224/7224 7423/7423
f 7423/7423 2545/2545 1231/1231
f 2545/2545 7423/7423 3640/3640
f 4367/4367 1231/1231 2545/2545
f 1231/1231 4542/4542 7224/7224
f 4542/4542 5727/5727 6549/6549
f 1231/1231 5727/5727 4542/4542
f 2545/2545 2850/2850 4367/4367
f 4367/4367 2850/2850 4703/4703
f 1231/1231 4367/4367 4703/4703
f 1318/1318 5727/5727 1231/1231
f 1231/1231 4703/4703 1318/1318
f 5727/5727 3321/3321 6549/6549
f 2675/2675 4718/4718 3321/3321
f 482/482 4718/4718 2675/2675
f 2546/2546 7627/7627 673/673
f 4985/4985 673/673 7627/7627
f 4985/4985 2058/2058 673/673
f 2893/2893 2850/2850 2058/2058
f 2058/2058 4985/4985 2893/2893
f 5567/5567 6936/6936 2347/2347
f 5768/5768 6936/6936 7333/7333
f 5567/5567 7333/7333 6936/6936
f 7688/7688 7787/7787 6832/6832
f 7186/7186 7787/7787 7688/7688
f 5265/5265 7688/7688 6936/6936
f 5265/5265 7186/7186 7688/7688
f 7186/7186 5265/5265 1909/1909
f 6936/6936 5768/5768 5265/5265
f 1079/1079 2306/2306 3934/3934
f 2306/2306 1909/1909 5265/5265
f 1160/1160 2306/2306 1079/1079
f 1160/1160 1909/1909 2306/2306
f 4844/4844 2094/2094 2942/2942
f 6189/6189 7688/7688 5344/5344
f 7688/7688 6832/6832 5344/5344
f 6832/6832 6189/6189 5344/5344
f 6189/6189 6832/6832 6980/6980
f 6980/6980 6832/6832 7787/7787
f 5514/5514 215/215 4984/4984
f 7288/7288 5514/5514 4984/4984
f 3213/3213 5567/5567 2347/2347
f 2763/2763 5567/5567 3213/3213
f 2762/2762 3214/3214 4416/4416
f 2094/2094 6980/6980 614/614
f 7787/7787 207/207 6980/6980
f 7787/7787 7186/7186 207/207
f 521/521 207/207 7186/7186
f 2094/2094 614/614 2993/2993
f 2994/2994 7396/7396 5373/5373
f 41/41 5373/5373 7396/7396
f 7186/7186 1909/1909 521/521
f 1908/1908 41/41 522/522
f 1159/1159 41/41 1908/1908
f 3985/3985 7385/7385 41/41
f 4796/4796 3985/3985 7288/7288
f 7385/7385 5373/5373 41/41
f 4796/4796 7385/7385 3985/3985
f 7288/7288 7595/7595 4796/4796
f 5373/5373 7385/7385 738/738
f 738/738 7385/7385 4796/4796
f 3985/3985 1159/1159 5871/5871
f 3985/3985 5871/5871 375/375
f 1662/1662 375/375 5871/5871
f 1079/1079 3934/3934 6098/6098
f 5871/5871 1080/1080 2356/2356
f 1079/1079 6098/6098 2355/2355
f 1080/1080 5871/5871 1159/1159
f 3236/3236 1662/1662 5871/5871
f 5871/5871 2356/2356 3236/3236
f 3383/3383 375/375 1662/1662
f 1662/1662 3236/3236 2833/2833
f 1662/1662 2833/2833 7265/7265
f 6087/6087 2833/2833 3236/3236
f 6083/6083 1043/1043 2833/2833
f 1043/1043 7265/7265 2833/2833
f 5514/5514 6823/6823 5723/5723
f 215/215 5514/5514 5723/5723
f 5681/5681 3383/3383 3744/3744
f 6823/6823 820/820 5723/5723
f 820/820 2933/2933 5723/5723
f 820/820 5681/5681 2933/2933
f 3383/3383 5681/5681 820/820
f 3383/3383 820/820 6823/6823
f 3985/3985 41/41 1159/1159
f 7288/7288 3985/3985 5514/5514
f 3985/3985 375/375 6823/6823
f 3985/3985 6823/6823 5514/5514
f 3383/3383 6823/6823 375/375
f 3383/3383 1662/1662 3744/3744
f 7265/7265 3744/3744 1662/1662
f 4337/4337 2006/2006 7017/7017
f 2271/2271 7018/7018 2005/2005
f 4253/4253 7333/7333 2271/2271
f 4337/4337 7017/7017 2762/2762
f 4253/4253 2271/2271 2005/2005
f 872/872 4253/4253 2005/2005
f 4923/4923 2762/2762 5044/5044
f 7316/7316 2570/2570 5768/5768
f 2563/2563 2570/2570 7316/7316
f 6072/6072 5768/5768 6098/6098
f 2570/2570 6098/6098 5768/5768
f 380/380 7316/7316 4253/4253
f 5105/5105 380/380 4253/4253
f 1238/1238 5105/5105 872/872
f 5105/5105 4253/4253 872/872
f 380/380 2563/2563 7316/7316
f 2182/2182 2762/2762 4416/4416
f 1380/1380 5044/5044 2182/2182
f 5044/5044 2762/2762 2182/2182
f 5044/5044 5338/5338 4923/4923
f 6086/6086 2355/2355 2570/2570
f 2570/2570 2355/2355 6098/6098
f 6087/6087 3236/3236 2356/2356
f 2563/2563 632/632 1153/1153
f 631/631 582/582 1154/1154
f 6083/6083 2833/2833 6087/6087
f 1154/1154 6083/6083 6087/6087
f 1043/1043 6083/6083 582/582
f 6083/6083 1154/1154 582/582
f 380/380 311/311 2563/2563
f 5105/5105 1068/1068 380/380
f 6356/6356 311/311 1068/1068
f 6356/6356 1068/1068 5105/5105
f 1068/1068 311/311 380/380
f 4950/4950 311/311 6356/6356
f 3768/3768 6438/6438 632/632
f 632/632 311/311 3768/3768
f 2563/2563 311/311 632/632
f 5963/5963 3768/3768 4950/4950
f 1683/1683 6438/6438 3768/3768
f 1683/1683 7217/7217 6438/6438
f 7766/7766 4959/4959 7752/7752
f 215/215 1759/1759 6197/6197
f 6819/6819 3746/3746 25/25
f 3746/3746 6715/6715 25/25
f 5753/5753 24/24 1758/1758
f 215/215 5624/5624 939/939
f 939/939 1759/1759 215/215
f 5624/5624 215/215 5723/5723
f 3746/3746 4665/4665 586/586
f 1407/1407 99/99 4665/4665
f 2933/2933 2950/2950 5723/5723
f 1407/1407 3219/3219 99/99
f 3219/3219 3241/3241 99/99
f 3241/3241 3219/3219 5919/5919
f 6880/6880 5722/5722 5919/5919
f 4108/4108 5919/5919 5722/5722
f 4108/4108 3241/3241 5919/5919
f 4108/4108 5722/5722 7846/7846
f 4108/4108 7846/7846 624/624
f 3241/3241 4108/4108 624/624
f 3245/3245 850/850 482/482
f 1200/1200 3704/3704 582/582
f 3662/3662 5681/5681 3744/3744
f 582/582 3662/3662 3744/3744
f 6935/6935 3730/3730 3662/3662
f 6935/6935 2213/2213 3730/3730
f 2196/2196 2213/2213 6935/6935
f 2213/2213 2196/2196 7050/7050
f 1043/1043 3744/3744 7265/7265
f 3744/3744 1043/1043 582/582
f 582/582 3704/3704 3662/3662
f 3704/3704 1200/1200 3904/3904
f 3662/3662 3704/3704 6935/6935
f 5997/5997 3904/3904 1200/1200
f 3904/3904 6935/6935 3704/3704
f 5997/5997 2960/2960 3904/3904
f 3904/3904 2196/2196 6935/6935
f 2960/2960 2196/2196 3904/3904
f 5980/5980 6778/6778 2960/2960
f 632/632 6438/6438 5942/5942
f 7126/7126 4082/4082 631/631
f 631/631 4082/4082 582/582
f 7126/7126 7498/7498 4082/4082
f 5941/5941 7126/7126 631/631
f 5941/5941 7498/7498 7126/7126
f 4136/4136 7498/7498 5941/5941
f 4433/4433 7711/7711 7498/7498
f 4136/4136 4433/4433 7498/7498
f 582/582 1890/1890 1200/1200
f 7838/7838 1200/1200 1890/1890
f 7838/7838 5997/5997 1200/1200
f 582/582 4082/4082 1890/1890
f 7711/7711 4082/4082 7498/7498
f 7711/7711 1890/1890 4082/4082
f 5985/5985 7838/7838 1890/1890
f 1890/1890 7711/7711 5985/5985
f 2653/2653 5942/5942 6438/6438
f 5926/5926 5942/5942 2653/2653
f 5925/5925 4136/4136 5941/5941
f 5926/5926 2653/2653 2302/2302
f 6901/6901 5926/5926 2302/2302
f 6900/6900 4136/4136 5925/5925
f 6900/6900 4523/4523 4136/4136
f 7217/7217 2653/2653 6438/6438
f 1941/1941 2302/2302 7217/7217
f 5591/5591 2302/2302 1941/1941
f 6901/6901 2302/2302 5591/5591
f 3237/3237 6901/6901 5591/5591
f 3237/3237 7814/7814 6901/6901
f 4523/4523 4433/4433 4136/4136
f 6618/6618 4523/4523 6900/6900
f 4523/4523 6618/6618 1012/1012
f 6427/6427 7100/7100 619/619
f 7814/7814 6617/6617 6901/6901
f 7814/7814 6428/6428 6617/6617
f 7814/7814 7099/7099 6428/6428
f 4433/4433 4523/4523 4166/4166
f 4523/4523 1012/1012 4166/4166
f 5997/5997 7838/7838 2960/2960
f 7838/7838 5380/5380 2960/2960
f 5985/5985 7711/7711 5334/5334
f 4166/4166 5334/5334 4433/4433
f 5334/5334 7711/7711 4433/4433
f 7865/7865 3755/3755 5334/5334
f 7865/7865 5334/5334 4166/4166
f 5985/5985 5334/5334 3755/3755
f 5985/5985 5380/5380 7838/7838
f 5098/5098 5380/5380 5985/5985
f 5985/5985 3755/3755 5098/5098
f 5980/5980 2960/2960 5380/5380
f 5098/5098 3755/3755 1367/1367
f 4166/4166 2844/2844 7865/7865
f 3755/3755 7865/7865 1367/1367
f 3198/3198 5380/5380 5098/5098
f 5098/5098 1367/1367 3198/3198
f 3198/3198 5980/5980 5380/5380
f 5980/5980 3198/3198 267/267
f 3198/3198 1367/1367 267/267
f 1821/1821 267/267 1367/1367
f 5681/5681 3662/3662 718/718
f 718/718 2142/2142 5681/5681
f 5681/5681 7627/7627 2546/2546
f 5681/5681 2142/2142 7627/7627
f 2142/2142 718/718 2309/2309
f 3730/3730 718/718 3662/3662
f 5996/5996 718/718 3730/3730
f 5996/5996 2309/2309 718/718
f 6036/6036 2309/2309 5996/5996
f 2142/2142 6018/6018 7627/7627
f 6018/6018 4985/4985 7627/7627
f 2309/2309 6018/6018 2142/2142
f 5548/5548 6018/6018 2309/2309
f 2309/2309 6036/6036 5548/5548
f 5548/5548 6036/6036 5846/5846
f 3730/3730 4842/4842 5996/5996
f 2213/2213 711/711 3730/3730
f 711/711 4842/4842 3730/3730
f 711/711 2700/2700 4842/4842
f 5414/5414 2700/2700 711/711
f 7050/7050 711/711 2213/2213
f 5414/5414 238/238 2700/2700
f 6623/6623 5548/5548 5846/5846
f 7344/7344 7306/7306 6623/6623
f 5414/5414 1349/1349 238/238
f 1503/1503 3088/3088 238/238
f 1349/1349 1503/1503 238/238
f 2700/2700 3088/3088 7685/7685
f 2394/2394 7685/7685 3088/3088
f 2893/2893 4703/4703 2850/2850
f 3663/3663 1322/1322 1678/1678
f 1917/1917 5076/5076 2882/2882
f 1917/1917 2882/2882 1906/1906
f 1917/1917 3663/3663 1678/1678
f 3992/3992 5448/5448 3663/3663
f 3992/3992 3663/3663 5112/5112
f 2882/2882 7344/7344 6623/6623
f 823/823 6623/6623 7685/7685
f 2882/2882 6623/6623 823/823
f 7685/7685 7611/7611 823/823
f 7685/7685 2394/2394 7611/7611
f 3992/3992 5112/5112 2969/2969
f 2969/2969 5112/5112 1480/1480
f 1480/1480 5112/5112 2400/2400
f 5719/5719 7050/7050 2196/2196
f 2960/2960 5719/5719 2196/2196
f 3444/3444 5719/5719 2960/2960
f 1719/1719 3623/3623 5719/5719
f 3444/3444 1719/1719 5719/5719
f 3623/3623 711/711 7050/7050
f 711/711 3623/3623 5414/5414
f 7050/7050 5719/5719 3623/3623
f 2757/2757 5414/5414 3623/3623
f 5414/5414 2757/2757 1349/1349
f 3623/3623 2337/2337 2757/2757
f 1719/1719 2337/2337 3623/3623
f 1719/1719 3444/3444 3576/3576
f 3576/3576 2337/2337 1719/1719
f 1349/1349 2757/2757 2337/2337
f 2337/2337 1503/1503 1349/1349
f 3363/3363 1503/1503 2337/2337
f 3343/3343 2394/2394 3088/3088
f 3343/3343 6368/6368 2394/2394
f 3343/3343 3088/3088 1503/1503
f 1503/1503 3363/3363 3343/3343
f 3576/3576 3363/3363 2337/2337
f 6778/6778 3444/3444 2960/2960
f 3576/3576 3444/3444 1815/1815
f 6778/6778 1815/1815 3444/3444
f 7606/7606 452/452 3576/3576
f 7606/7606 3576/3576 1815/1815
f 452/452 3363/3363 3576/3576
f 6821/6821 1815/1815 6778/6778
f 6821/6821 7606/7606 1815/1815
f 3363/3363 7253/7253 3918/3918
f 3363/3363 452/452 7253/7253
f 3897/3897 6821/6821 6778/6778
f 6821/6821 3897/3897 6552/6552
f 1422/1422 452/452 7606/7606
f 6821/6821 1422/1422 7606/7606
f 1422/1422 7253/7253 452/452
f 5620/5620 7253/7253 1422/1422
f 3584/3584 1422/1422 6821/6821
f 3584/3584 5620/5620 1422/1422
f 6821/6821 6552/6552 6358/6358
f 6358/6358 3584/3584 6821/6821
f 6358/6358 6552/6552 2941/2941
f 6368/6368 7611/7611 2394/2394
f 3918/3918 2400/2400 6368/6368
f 3363/3363 3918/3918 3343/3343
f 3918/3918 6368/6368 3343/3343
f 4457/4457 2400/2400 3918/3918
f 2400/2400 3645/3645 1480/1480
f 2400/2400 4457/4457 7443/7443
f 7443/7443 3645/3645 2400/2400
f 7443/7443 3137/3137 3645/3645
f 5620/5620 3918/3918 7253/7253
f 7777/7777 3918/3918 5620/5620
f 7777/7777 4457/4457 3918/3918
f 3584/3584 7777/7777 5620/5620
f 2681/2681 7777/7777 3584/3584
f 2681/2681 4457/4457 7777/7777
f 54/54 2681/2681 3584/3584
f 2941/2941 3584/3584 6358/6358
f 4457/4457 4568/4568 7443/7443
f 2681/2681 4568/4568 4457/4457
f 6001/6001 2681/2681 54/54
f 6001/6001 4568/4568 2681/2681
f 3137/3137 7443/7443 4568/4568
f 2537/2537 6778/6778 5980/5980
f 3715/3715 6778/6778 1856/1856
f 1856/1856 6778/6778 2537/2537
f 1856/1856 4069/4069 2352/2352
f 4858/4858 4069/4069 1821/1821
f 4069/4069 4858/4858 2352/2352
f 1856/1856 2352/2352 3715/3715
f 4858/4858 2044/2044 2352/2352
f 6778/6778 3715/3715 3897/3897
f 7238/7238 6552/6552 3897/3897
f 506/506 2941/2941 6552/6552
f 7238/7238 506/506 6552/6552
f 3137/3137 4012/4012 3645/3645
f 6322/6322 506/506 7238/7238
f 54/54 3584/3584 2941/2941
f 2260/2260 54/54 2941/2941
f 506/506 2260/2260 2941/2941
f 4052/4052 6322/6322 7238/7238
f 3316/3316 2260/2260 506/506
f 3316/3316 506/506 6322/6322
f 5052/5052 6322/6322 4052/4052
f 4947/4947 6001/6001 54/54
f 4568/4568 3878/3878 3137/3137
f 4012/4012 3137/3137 3878/3878
f 3878/3878 4568/4568 6001/6001
f 6001/6001 4947/4947 3878/3878
f 3598/3598 4947/4947 54/54
f 3598/3598 54/54 2260/2260
f 1670/1670 2260/2260 3316/3316
f 1670/1670 3598/3598 2260/2260
f 7272/7272 3878/3878 7131/7131
f 7131/7131 5964/5964 7272/7272
f 7131/7131 3878/3878 4947/4947
f 3598/3598 7131/7131 4947/4947
f 5964/5964 7131/7131 3598/3598
f 1927/1927 1670/1670 3316/3316
f 1927/1927 3316/3316 6322/6322
f 1670/1670 1927/1927 3824/3824
f 1670/1670 6655/6655 3598/3598
f 3824/3824 6655/6655 1670/1670
f 6655/6655 5964/5964 3598/3598
f 7063/7063 5964/5964 6655/6655
f 1927/1927 6322/6322 5052/5052
f 7461/7461 4071/4071 3836/3836
f 4650/4650 3836/3836 3271/3271
f 3559/3559 2427/2427 7461/7461
f 3836/3836 3559/3559 7461/7461
f 1288/1288 3559/3559 3836/3836
f 3559/3559 4486/4486 2427/2427
f 4486/4486 3559/3559 1288/1288
f 676/676 5078/5078 7991/7991
f 6244/6244 5001/5001 3400/3400
f 6923/6923 5001/5001 6244/6244
f 5680/5680 5001/5001 6923/6923
f 1059/1059 4148/4148 2879/2879
f 5002/5002 4148/4148 1059/1059
f 3400/3400 5002/5002 6244/6244
f 6244/6244 5002/5002 7586/7586
f 5002/5002 3400/3400 4148/4148
f 3400/3400 5001/5001 6328/6328
f 2912/2912 7586/7586 5002/5002
f 6244/6244 7586/7586 4853/4853
f 1343/1343 4937/4937 5001/5001
f 3757/3757 5001/5001 5680/5680
f 3757/3757 1343/1343 5001/5001
f 1891/1891 1343/1343 3757/3757
f 4451/4451 5680/5680 6923/6923
f 4451/4451 3477/3477 5680/5680
f 3757/3757 5680/5680 3477/3477
f 2873/2873 4937/4937 1343/1343
f 4681/4681 2873/2873 1891/1891
f 1891/1891 2873/2873 1343/1343
f 2873/2873 4681/4681 7757/7757
f 6645/6645 4681/4681 1891/1891
f 6645/6645 1891/1891 3757/3757
f 4681/4681 5130/5130 7757/7757
f 1035/1035 1286/1286 5130/5130
f 4681/4681 1035/1035 5130/5130
f 3757/3757 3477/3477 4704/4704
f 3564/3564 2403/2403 1164/1164
f 6483/6483 3564/3564 2592/2592
f 5527/5527 6471/6471 4006/4006
f 6471/6471 2043/2043 4006/4006
f 3441/3441 7006/7006 2043/2043
f 6471/6471 1620/1620 2043/2043
f 3441/3441 2043/2043 1620/1620
f 3564/3564 4410/4410 2403/2403
f 2403/2403 4410/4410 1620/1620
f 7545/7545 6150/6150 3564/3564
f 3441/3441 1620/1620 4410/4410
f 4410/4410 6150/6150 3441/3441
f 4410/4410 3564/3564 6150/6150
f 5066/5066 7006/7006 6150/6150
f 6150/6150 7006/7006 3441/3441
f 5066/5066 4263/4263 7006/7006
f 2750/2750 5528/5528 4263/4263
f 2750/2750 5080/5080 5528/5528
f 4075/4075 5066/5066 6150/6150
f 4346/4346 5066/5066 4075/4075
f 5066/5066 2750/2750 4263/4263
f 4346/4346 2750/2750 5066/5066
f 6761/6761 1664/1664 2750/2750
f 3373/3373 6928/6928 7701/7701
f 1469/1469 3271/3271 3836/3836
f 3884/3884 6998/6998 6945/6945
f 3884/3884 5489/5489 6998/6998
f 5774/5774 174/174 889/889
f 4879/4879 5774/5774 5555/5555
f 5489/5489 1319/1319 2308/2308
f 3814/3814 2308/2308 7114/7114
f 397/397 7114/7114 2308/2308
f 2308/2308 6005/6005 4382/4382
f 4382/4382 6005/6005 7088/7088
f 397/397 2308/2308 4382/4382
f 174/174 5774/5774 4566/4566
f 5774/5774 4879/4879 4566/4566
f 3544/3544 2268/2268 6677/6677
f 6005/6005 370/370 7088/7088
f 7791/7791 7004/7004 2415/2415
f 7088/7088 370/370 3680/3680
f 174/174 4566/4566 3680/3680
f 3680/3680 4566/4566 2268/2268
f 3680/3680 2268/2268 7295/7295
f 2268/2268 3544/3544 7295/7295
f 2415/2415 7295/7295 3544/3544
f 7247/7247 2415/2415 3544/3544
f 2415/2415 7247/7247 7791/7791
f 7977/7977 4717/4717 4879/4879
f 7977/7977 5913/5913 4717/4717
f 5527/5527 1991/1991 5913/5913
f 3091/3091 1991/1991 5527/5527
f 5836/5836 3091/3091 5527/5527
f 1991/1991 6677/6677 2268/2268
f 5913/5913 6471/6471 5527/5527
f 5527/5527 6732/6732 5836/5836
f 1286/1286 7436/7436 4001/4001
f 1286/1286 6648/6648 7436/7436
f 1286/1286 1035/1035 6648/6648
f 4540/4540 7436/7436 6648/6648
f 4540/4540 1164/1164 7436/7436
f 1967/1967 1164/1164 4540/4540
f 6471/6471 5913/5913 5962/5962
f 1549/1549 2528/2528 6146/6146
f 6573/6573 6645/6645 3757/3757
f 6573/6573 4681/4681 6645/6645
f 3757/3757 1423/1423 6573/6573
f 6573/6573 4609/4609 4681/4681
f 1116/1116 1035/1035 4609/4609
f 1035/1035 1116/1116 1661/1661
f 4609/4609 1035/1035 4681/4681
f 3360/3360 6573/6573 1423/1423
f 1423/1423 6464/6464 3360/3360
f 3360/3360 1116/1116 6573/6573
f 1116/1116 5633/5633 1661/1661
f 4609/4609 6573/6573 1116/1116
f 5633/5633 1116/1116 1372/1372
f 4704/4704 3692/3692 3757/3757
f 1423/1423 3757/3757 3692/3692
f 3928/3928 3692/3692 4704/4704
f 3928/3928 6146/6146 3692/3692
f 6464/6464 1423/1423 3692/3692
f 6464/6464 3692/3692 6146/6146
f 4746/4746 5141/5141 7992/7992
f 5141/5141 1556/1556 7992/7992
f 4944/4944 5917/5917 5918/5918
f 5918/5918 4452/4452 1556/1556
f 709/709 1556/1556 2528/2528
f 2528/2528 4452/4452 6146/6146
f 4452/4452 6464/6464 6146/6146
f 1556/1556 4452/4452 2528/2528
f 709/709 7992/7992 1556/1556
f 2610/2610 4944/4944 3910/3910
f 902/902 4746/4746 7992/7992
f 3126/3126 4746/4746 902/902
f 3126/3126 3910/3910 4746/4746
f 4944/4944 4746/4746 3910/3910
f 2611/2611 7000/7000 5917/5917
f 3360/3360 3489/3489 1372/1372
f 3360/3360 5917/5917 3489/3489
f 5132/5132 1372/1372 3489/3489
f 1661/1661 5633/5633 4627/4627
f 1116/1116 3360/3360 1372/1372
f 5132/5132 5633/5633 1372/1372
f 5132/5132 4627/4627 5633/5633
f 3489/3489 7000/7000 5132/5132
f 3360/3360 6464/6464 4452/4452
f 5918/5918 3360/3360 4452/4452
f 5917/5917 3360/3360 5918/5918
f 3489/3489 5917/5917 7000/7000
f 6631/6631 2528/2528 1549/1549
f 709/709 2528/2528 7704/7704
f 902/902 7992/7992 1732/1732
f 7992/7992 709/709 3617/3617
f 3617/3617 1732/1732 7992/7992
f 1732/1732 2952/2952 902/902
f 3126/3126 902/902 2952/2952
f 4095/4095 2544/2544 5505/5505
f 418/418 2610/2610 3910/3910
f 419/419 7000/7000 2611/2611
f 2544/2544 76/76 5505/5505
f 7442/7442 5739/5739 4095/4095
f 5739/5739 7442/7442 3643/3643
f 5739/5739 3643/3643 1933/1933
f 2544/2544 4095/4095 5739/5739
f 2544/2544 5739/5739 1933/1933
f 1933/1933 3643/3643 4590/4590
f 2544/2544 4269/4269 76/76
f 4269/4269 2544/2544 5162/5162
f 6799/6799 2544/2544 1933/1933
f 4590/4590 3385/3385 1933/1933
f 4044/4044 6799/6799 2330/2330
f 6799/6799 1933/1933 2330/2330
f 1933/1933 3385/3385 2330/2330
f 5566/5566 1967/1967 4540/4540
f 1628/1628 1967/1967 5566/5566
f 1628/1628 6483/6483 1967/1967
f 4299/4299 6483/6483 1628/1628
f 5187/5187 1628/1628 5566/5566
f 5187/5187 5566/5566 7513/7513
f 6451/6451 5187/5187 7513/7513
f 5187/5187 2452/2452 1628/1628
f 4222/4222 4299/4299 1628/1628
f 1628/1628 2452/2452 4222/4222
f 2452/2452 5187/5187 6451/6451
f 240/240 4222/4222 2452/2452
f 240/240 7148/7148 4222/4222
f 2907/2907 240/240 2452/2452
f 2907/2907 2452/2452 6451/6451
f 2219/2219 2907/2907 5945/5945
f 5945/5945 2907/2907 6451/6451
f 2907/2907 1250/1250 240/240
f 2907/2907 2219/2219 1250/1250
f 1243/1243 1250/1250 2219/2219
f 6794/6794 2219/2219 3120/3120
f 6483/6483 7545/7545 3564/3564
f 4299/4299 7545/7545 6483/6483
f 6150/6150 7545/7545 4075/4075
f 5056/5056 4075/4075 7545/7545
f 4346/4346 4075/4075 5056/5056
f 7148/7148 4299/4299 4222/4222
f 5404/5404 7545/7545 7148/7148
f 7148/7148 7545/7545 4299/4299
f 5404/5404 5056/5056 7545/7545
f 5404/5404 4346/4346 5056/5056
f 5404/5404 7638/7638 4346/4346
f 7638/7638 6761/6761 2750/2750
f 7638/7638 2750/2750 4346/4346
f 6761/6761 7638/7638 415/415
f 7638/7638 5404/5404 991/991
f 5404/5404 7148/7148 240/240
f 240/240 1250/1250 1363/1363
f 240/240 1363/1363 5404/5404
f 1243/1243 1363/1363 1250/1250
f 4873/4873 1363/1363 1243/1243
f 1363/1363 4873/4873 5404/5404
f 935/935 991/991 3947/3947
f 4321/4321 6794/6794 3120/3120
f 6794/6794 4873/4873 1243/1243
f 6794/6794 1243/1243 2219/2219
f 6794/6794 4321/4321 4873/4873
f 3947/3947 5404/5404 587/587
f 4873/4873 4321/4321 587/587
f 4873/4873 587/587 5404/5404
f 991/991 5404/5404 3947/3947
f 587/587 13/13 2585/2585
f 2267/2267 1035/1035 1661/1661
f 4540/4540 6648/6648 1035/1035
f 2267/2267 4540/4540 1035/1035
f 4540/4540 2267/2267 5566/5566
f 4851/4851 2267/2267 1661/1661
f 7513/7513 5566/5566 2267/2267
f 2267/2267 4851/4851 6449/6449
f 6449/6449 7513/7513 2267/2267
f 4851/4851 1661/1661 4627/4627
f 5132/5132 4851/4851 4627/4627
f 4851/4851 5132/5132 4094/4094
f 6449/6449 4851/4851 4094/4094
f 6449/6449 4094/4094 3133/3133
f 3807/3807 4094/4094 5132/5132
f 7000/7000 3807/3807 5132/5132
f 6451/6451 7513/7513 6449/6449
f 3133/3133 6451/6451 6449/6449
f 5945/5945 6451/6451 3133/3133
f 3133/3133 4094/4094 3120/3120
f 5945/5945 3133/3133 3120/3120
f 3120/3120 2219/2219 5945/5945
f 419/419 3264/3264 7000/7000
f 3120/3120 4094/4094 3807/3807
f 3264/3264 3120/3120 3807/3807
f 4321/4321 3120/3120 3264/3264
f 3264/3264 13/13 4321/4321
f 13/13 587/587 4321/4321
f 2585/2585 3947/3947 587/587
f 3947/3947 2585/2585 6468/6468
f 6468/6468 2585/2585 525/525
f 33/33 2585/2585 13/13
f 2585/2585 33/33 525/525
f 5616/5616 1244/1244 7019/7019
f 7019/7019 7283/7283 5616/5616
f 1488/1488 4388/4388 402/402
f 2157/2157 3440/3440 4388/4388
f 2157/2157 4388/4388 1488/1488
f 1488/1488 2677/2677 6000/6000
f 1488/1488 6000/6000 2157/2157
f 402/402 2677/2677 1488/1488
f 7283/7283 5889/5889 3195/3195
f 3195/3195 5889/5889 710/710
f 710/710 5889/5889 3521/3521
f 5616/5616 7283/7283 3195/3195
f 710/710 1533/1533 3195/3195
f 7283/7283 2157/2157 5889/5889
f 5889/5889 2157/2157 3521/3521
f 3521/3521 2157/2157 6000/6000
f 3521/3521 6000/6000 2677/2677
f 710/710 3521/3521 2677/2677
f 1533/1533 710/710 2677/2677
f 2512/2512 7247/7247 6677/6677
f 2512/2512 6677/6677 2916/2916
f 7791/7791 2512/2512 6624/6624
f 6659/6659 6624/6624 2512/2512
f 6677/6677 7247/7247 3544/3544
f 7791/7791 7247/7247 2512/2512
f 6659/6659 2512/2512 2916/2916
f 2916/2916 3603/3603 6659/6659
f 6659/6659 2115/2115 6624/6624
f 6677/6677 1991/1991 3091/3091
f 6677/6677 3091/3091 2916/2916
f 3091/3091 6727/6727 2916/2916
f 3091/3091 5836/5836 6727/6727
f 5345/5345 4256/4256 2916/2916
f 5345/5345 2916/2916 6727/6727
f 5646/5646 4256/4256 5345/5345
f 5646/5646 1163/1163 4256/4256
f 5836/5836 6732/6732 3251/3251
f 6866/6866 6727/6727 5836/5836
f 6866/6866 5836/5836 3251/3251
f 6727/6727 6866/6866 916/916
f 916/916 6866/6866 3251/3251
f 677/677 916/916 3251/3251
f 4890/4890 916/916 677/677
f 916/916 4890/4890 290/290
f 916/916 5345/5345 6727/6727
f 5345/5345 916/916 5646/5646
f 5646/5646 916/916 290/290
f 4256/4256 3603/3603 2916/2916
f 1163/1163 3603/3603 4256/4256
f 3676/3676 1163/1163 5646/5646
f 905/905 5472/5472 7850/7850
f 7850/7850 6624/6624 2115/2115
f 1864/1864 7850/7850 923/923
f 923/923 7850/7850 2115/2115
f 6646/6646 6659/6659 3603/3603
f 1163/1163 6646/6646 3603/3603
f 1163/1163 2212/2212 6646/6646
f 3676/3676 2212/2212 1163/1163
f 6323/6323 2212/2212 3676/3676
f 3673/3673 6323/6323 3676/3676
f 6323/6323 3673/3673 2858/2858
f 5062/5062 6323/6323 2858/2858
f 6323/6323 5062/5062 2212/2212
f 7192/7192 2212/2212 5062/5062
f 5353/5353 290/290 4890/4890
f 5353/5353 5142/5142 290/290
f 5353/5353 4890/4890 5528/5528
f 5080/5080 5353/5353 5528/5528
f 6545/6545 5353/5353 5080/5080
f 5142/5142 1637/1637 5646/5646
f 5646/5646 290/290 5142/5142
f 5383/5383 1637/1637 5142/5142
f 3676/3676 5646/5646 1637/1637
f 3673/3673 3676/3676 1637/1637
f 5107/5107 2235/2235 1755/1755
f 7706/7706 478/478 6463/6463
f 810/810 4567/4567 797/797
f 6492/6492 6463/6463 810/810
f 6463/6463 478/478 4567/4567
f 4567/4567 810/810 6463/6463
f 2235/2235 7747/7747 1755/1755
f 1755/1755 7747/7747 1934/1934
f 4368/4368 1934/1934 4662/4662
f 1934/1934 7747/7747 4662/4662
f 7747/7747 4368/4368 4662/4662
f 6016/6016 1244/1244 6977/6977
f 6977/6977 1244/1244 5799/5799
f 1244/1244 7705/7705 6957/6957
f 6957/6957 7019/7019 1244/1244
f 7705/7705 1244/1244 1268/1268
f 6016/6016 1268/1268 1244/1244
f 6977/6977 1268/1268 6016/6016
f 7748/7748 2236/2236 6492/6492
f 7748/7748 6492/6492 4267/4267
f 6956/6956 3931/3931 4267/4267
f 7705/7705 3930/3930 6957/6957
f 1268/1268 4644/4644 7705/7705
f 1268/1268 782/782 4644/4644
f 782/782 1268/1268 1533/1533
f 6977/6977 1533/1533 1268/1268
f 5799/5799 1244/1244 5616/5616
f 6957/6957 3882/3882 7019/7019
f 3882/3882 7283/7283 7019/7019
f 6956/6956 4267/4267 3883/3883
f 4267/4267 797/797 3883/3883
f 5799/5799 5616/5616 3195/3195
f 3195/3195 1533/1533 5799/5799
f 6977/6977 5799/5799 1533/1533
f 2677/2677 1030/1030 1533/1533
f 5488/5488 1533/1533 1030/1030
f 4267/4267 6492/6492 810/810
f 797/797 4267/4267 810/810
f 3464/3464 608/608 5488/5488
f 3464/3464 5488/5488 1030/1030
f 7329/7329 3464/3464 1030/1030
f 2710/2710 1701/1701 7928/7928
f 1701/1701 5425/5425 7928/7928
f 2710/2710 1621/1621 1701/1701
f 6784/6784 2075/2075 1951/1951
f 5612/5612 2075/2075 6784/6784
f 1470/1470 2075/2075 5612/5612
f 684/684 5612/5612 6784/6784
f 1470/1470 5612/5612 684/684
f 3318/3318 2075/2075 1470/1470
f 1470/1470 5116/5116 3318/3318
f 5116/5116 6755/6755 3318/3318
f 6755/6755 2588/2588 3318/3318
f 4739/4739 7189/7189 4741/4741
f 7189/7189 608/608 3464/3464
f 4741/4741 7189/7189 3464/3464
f 6784/6784 1951/1951 4740/4740
f 4739/4739 3604/3604 6785/6785
f 3604/3604 4739/4739 4741/4741
f 4741/4741 1831/1831 3604/3604
f 1831/1831 5885/5885 3604/3604
f 1197/1197 4741/4741 3464/3464
f 558/558 1197/1197 3464/3464
f 558/558 3464/3464 681/681
f 5885/5885 7608/7608 1701/1701
f 5425/5425 1701/1701 7608/7608
f 7608/7608 5909/5909 5425/5425
f 1831/1831 4741/4741 1197/1197
f 1831/1831 1197/1197 7608/7608
f 1831/1831 7608/7608 5885/5885
f 5909/5909 7608/7608 1197/1197
f 4298/4298 5909/5909 1197/1197
f 1197/1197 558/558 4298/4298
f 4298/4298 558/558 5909/5909
f 1823/1823 6785/6785 7305/7305
f 7305/7305 4624/4624 1823/1823
f 1621/1621 7305/7305 3604/3604
f 6785/6785 3604/3604 7305/7305
f 1621/1621 4624/4624 7305/7305
f 1621/1621 3604/3604 5885/5885
f 684/684 6784/6784 1822/1822
f 2588/2588 3092/3092 609/609
f 609/609 5817/5817 6240/6240
f 3319/3319 5817/5817 609/609
f 1377/1377 609/609 3092/3092
f 345/345 609/609 1377/1377
f 609/609 345/345 3319/3319
f 3530/3530 5817/5817 3319/3319
f 4182/4182 5817/5817 6458/6458
f 5817/5817 3530/3530 6458/6458
f 647/647 3703/3703 6774/6774
f 6774/6774 4744/4744 647/647
f 6458/6458 499/499 4182/4182
f 7166/7166 2401/2401 2587/2587
f 2401/2401 1963/1963 2587/2587
f 448/448 4744/4744 1964/1964
f 3487/3487 448/448 7166/7166
f 7527/7527 448/448 3487/3487
f 7166/7166 2587/2587 3487/3487
f 36/36 3487/3487 2587/2587
f 7173/7173 7527/7527 36/36
f 36/36 7527/7527 3487/3487
f 448/448 7527/7527 4744/4744
f 4945/4945 7527/7527 7173/7173
f 2587/2587 2167/2167 36/36
f 7173/7173 36/36 2167/2167
f 1220/1220 4744/4744 7934/7934
f 7527/7527 7934/7934 4744/4744
f 7934/7934 2163/2163 1220/1220
f 7173/7173 3365/3365 4945/4945
f 284/284 1527/1527 1498/1498
f 1513/1513 1527/1527 284/284
f 6143/6143 1498/1498 1527/1527
f 1527/1527 1513/1513 7203/7203
f 6143/6143 1527/1527 1357/1357
f 1357/1357 1527/1527 7203/7203
f 7203/7203 4700/4700 1357/1357
f 6876/6876 4716/4716 6052/6052
f 6960/6960 6876/6876 1281/1281
f 813/813 5293/5293 1281/1281
f 5293/5293 3246/3246 1281/1281
f 6274/6274 5467/5467 813/813
f 5467/5467 3279/3279 813/813
f 5293/5293 813/813 3279/3279
f 1357/1357 4700/4700 3658/3658
f 3658/3658 4700/4700 6796/6796
f 5467/5467 1357/1357 1650/1650
f 5467/5467 1650/1650 7936/7936
f 7936/7936 1650/1650 3658/3658
f 7936/7936 3658/3658 6796/6796
f 3246/3246 2410/2410 6960/6960
f 3246/3246 1123/1123 2410/2410
f 7010/7010 2410/2410 1123/1123
f 6354/6354 7010/7010 257/257
f 7820/7820 1123/1123 3246/3246
f 1123/1123 7820/7820 7010/7010
f 2291/2291 7820/7820 7005/7005
f 3960/3960 7010/7010 7820/7820
f 257/257 7010/7010 3960/3960
f 2291/2291 3960/3960 7820/7820
f 6792/6792 2291/2291 7005/7005
f 4926/4926 3960/3960 2291/2291
f 6960/6960 1281/1281 3246/3246
f 6325/6325 5293/5293 3279/3279
f 6325/6325 3279/3279 5467/5467
f 6979/6979 6325/6325 5467/5467
f 6979/6979 5467/5467 7936/7936
f 3171/3171 6325/6325 6979/6979
f 6199/6199 7936/7936 4537/4537
f 7936/7936 6199/6199 6979/6979
f 3532/3532 3246/3246 5293/5293
f 3171/3171 3532/3532 5293/5293
f 3171/3171 5293/5293 6325/6325
f 7005/7005 3532/3532 3171/3171
f 3532/3532 7820/7820 3246/3246
f 7005/7005 7820/7820 3532/3532
f 6792/6792 7005/7005 3171/3171
f 5526/5526 4590/4590 6591/6591
f 3385/3385 4590/4590 5526/5526
f 5526/5526 7182/7182 4211/4211
f 4211/4211 7182/7182 580/580
f 4685/4685 3385/3385 5526/5526
f 4685/4685 5526/5526 4211/4211
f 4848/4848 580/580 7182/7182
f 5433/5433 580/580 4848/4848
f 580/580 5433/5433 214/214
f 2126/2126 4034/4034 3145/3145
f 214/214 5433/5433 1492/1492
f 3999/3999 1492/1492 5433/5433
f 4734/4734 5433/5433 3145/3145
f 3999/3999 5433/5433 4734/4734
f 7760/7760 4734/4734 3145/3145
f 1945/1945 4734/4734 7760/7760
f 4034/4034 7760/7760 3145/3145
f 7760/7760 4034/4034 746/746
f 4034/4034 4366/4366 1046/1046
f 1046/1046 4366/4366 4275/4275
f 4275/4275 2327/2327 1046/1046
f 210/210 4034/4034 225/225
f 1608/1608 2691/2691 3709/3709
f 3440/3440 2602/2602 557/557
f 3250/3250 557/557 2602/2602
f 3250/3250 2602/2602 5665/5665
f 3250/3250 4388/4388 3440/3440
f 3250/3250 3440/3440 557/557
f 3250/3250 5665/5665 3709/3709
f 5665/5665 2602/2602 1608/1608
f 2602/2602 6091/6091 1608/1608
f 3709/3709 5665/5665 1608/1608
f 6091/6091 2602/2602 3440/3440
f 6091/6091 2462/2462 1608/1608
f 6091/6091 5808/5808 2462/2462
f 2462/2462 2691/2691 1608/1608
f 1452/1452 5808/5808 6091/6091
f 5808/5808 894/894 5956/5956
f 3882/3882 3440/3440 7283/7283
f 797/797 3733/3733 3883/3883
f 4227/4227 402/402 4388/4388
f 3902/3902 4227/4227 4388/4388
f 3902/3902 4388/4388 3250/3250
f 3902/3902 402/402 4227/4227
f 3902/3902 2677/2677 402/402
f 3250/3250 1030/1030 3902/3902
f 3709/3709 1030/1030 3250/3250
f 7283/7283 3440/3440 2157/2157
f 2677/2677 3902/3902 1030/1030
f 1452/1452 6091/6091 3440/3440
f 3882/3882 1452/1452 3440/3440
f 3732/3732 1452/1452 3882/3882
f 1452/1452 1093/1093 5808/5808
f 797/797 4028/4028 3733/3733
f 7318/7318 4028/4028 797/797
f 3732/3732 2222/2222 1452/1452
f 4100/4100 7219/7219 2909/2909
f 564/564 6354/6354 257/257
f 7219/7219 564/564 4926/4926
f 7219/7219 4100/4100 6355/6355
f 1561/1561 4100/4100 5475/5475
f 5475/5475 4100/4100 2909/2909
f 5475/5475 2909/2909 2174/2174
f 6355/6355 4100/4100 1561/1561
f 2207/2207 6355/6355 1561/1561
f 2207/2207 3167/3167 6355/6355
f 6831/6831 1561/1561 5475/5475
f 6831/6831 5475/5475 2174/2174
f 2174/2174 6636/6636 6831/6831
f 6831/6831 6636/6636 6704/6704
f 4762/4762 3167/3167 2207/2207
f 6831/6831 2207/2207 1561/1561
f 4762/4762 2207/2207 6831/6831
f 6636/6636 5821/5821 6704/6704
f 4926/4926 257/257 3960/3960
f 257/257 4926/4926 564/564
f 6948/6948 4926/4926 3660/3660
f 536/536 2291/2291 6792/6792
f 3660/3660 4926/4926 2291/2291
f 3660/3660 2291/2291 536/536
f 536/536 6792/6792 7494/7494
f 4926/4926 2909/2909 7219/7219
f 6948/6948 2909/2909 4926/4926
f 2174/2174 2909/2909 6948/6948
f 2286/2286 6948/6948 3660/3660
f 2174/2174 6948/6948 2286/2286
f 2286/2286 3660/3660 536/536
f 7077/7077 2286/2286 536/536
f 7077/7077 536/536 7494/7494
f 1861/1861 2174/2174 2286/2286
f 2286/2286 7077/7077 1861/1861
f 6636/6636 2174/2174 1861/1861
f 5821/5821 1861/1861 7077/7077
f 6636/6636 1861/1861 5821/5821
f 6979/6979 1497/1497 3171/3171
f 1497/1497 6979/6979 6199/6199
f 3171/3171 1497/1497 7494/7494
f 1497/1497 6199/6199 1072/1072
f 7494/7494 3263/3263 2181/2181
f 3263/3263 7494/7494 1497/1497
f 1775/1775 1478/1478 3263/3263
f 3303/3303 3179/3179 1497/1497
f 3303/3303 4638/4638 1544/1544
f 3303/3303 914/914 3179/3179
f 3303/3303 1544/1544 914/914
f 7494/7494 6792/6792 3171/3171
f 3269/3269 4177/4177 3167/3167
f 4366/4366 4177/4177 4275/4275
f 4275/4275 4177/4177 3269/3269
f 3269/3269 2327/2327 4275/4275
f 3269/3269 3167/3167 7782/7782
f 3167/3167 4762/4762 7782/7782
f 2743/2743 7782/7782 4762/4762
f 4762/4762 6831/6831 6704/6704
f 4226/4226 2743/2743 4762/4762
f 5687/5687 4762/4762 6704/6704
f 4226/4226 4762/4762 5687/5687
f 7782/7782 5550/5550 3269/3269
f 3269/3269 5550/5550 2327/2327
f 5550/5550 7782/7782 2743/2743
f 5550/5550 2743/2743 2358/2358
f 2327/2327 5550/5550 3134/3134
f 6967/6967 3134/3134 5550/5550
f 6967/6967 5550/5550 2358/2358
f 2358/2358 2743/2743 4226/4226
f 2358/2358 3515/3515 6967/6967
f 4226/4226 3515/3515 2358/2358
f 4226/4226 5687/5687 4228/4228
f 4228/4228 5687/5687 1478/1478
f 4228/4228 1478/1478 1775/1775
f 4226/4226 1827/1827 3515/3515
f 4228/4228 5806/5806 1827/1827
f 1775/1775 6565/6565 4228/4228
f 4228/4228 6565/6565 5806/5806
f 2789/2789 3468/3468 3695/3695
f 3468/3468 7603/7603 3695/3695
f 3515/3515 3826/3826 6967/6967
f 3826/3826 1827/1827 5806/5806
f 3825/3825 5228/5228 2789/2789
f 2789/2789 6966/6966 3825/3825
f 5228/5228 3825/3825 3571/3571
f 5805/5805 3571/3571 3825/3825
f 5805/5805 2773/2773 3571/3571
f 5805/5805 6566/6566 2773/2773
f 3468/3468 2789/2789 5228/5228
f 3468/3468 5228/5228 3571/3571
f 3571/3571 2930/2930 7603/7603
f 3571/3571 7603/7603 3468/3468
f 2930/2930 3571/3571 2773/2773
f 1827/1827 3826/3826 3515/3515
f 3179/3179 1775/1775 3263/3263
f 1775/1775 4187/4187 6565/6565
f 1775/1775 3179/3179 4187/4187
f 3179/3179 6782/6782 4187/4187
f 6808/6808 1453/1453 2223/2223
f 6808/6808 4323/4323 1453/1453
f 6782/6782 6808/6808 2223/2223
f 914/914 3496/3496 3179/3179
f 3496/3496 914/914 6808/6808
f 4323/4323 914/914 1544/1544
f 4323/4323 6808/6808 914/914
f 6782/6782 3179/3179 3496/3496
f 3496/3496 6808/6808 6782/6782
f 4027/4027 2222/2222 3732/3732
f 6783/6783 1196/1196 6566/6566
f 1196/1196 6783/6783 4028/4028
f 2773/2773 1196/1196 7318/7318
f 2773/2773 6566/6566 1196/1196
f 7318/7318 1196/1196 4028/4028
f 4187/4187 6782/6782 6565/6565
f 6781/6781 2222/2222 4027/4027
f 7296/7296 5844/5844 6907/6907
f 4643/4643 5844/5844 7296/7296
f 7296/7296 175/175 4643/4643
f 1238/1238 5844/5844 4643/4643
f 4788/4788 925/925 175/175
f 5388/5388 4643/4643 175/175
f 5388/5388 175/175 925/925
f 5388/5388 6710/6710 4643/4643
f 3823/3823 2434/2434 4041/4041
f 926/926 4789/4789 2434/2434
f 926/926 2434/2434 3823/3823
f 372/372 926/926 3823/3823
f 373/373 5388/5388 925/925
f 5224/5224 6710/6710 5388/5388
f 373/373 5224/5224 5388/5388
f 3823/3823 1657/1657 372/372
f 3823/3823 4041/4041 6190/6190
f 1657/1657 3823/3823 2147/2147
f 5637/5637 2147/2147 5023/5023
f 1657/1657 2147/2147 5637/5637
f 5224/5224 373/373 3057/3057
f 4199/4199 3058/3058 1853/1853
f 4198/4198 5224/5224 3057/3057
f 7940/7940 5224/5224 4198/4198
f 7940/7940 4198/4198 1887/1887
f 7940/7940 1887/1887 1429/1429
f 1429/1429 759/759 7940/7940
f 5607/5607 7032/7032 4338/4338
f 4338/4338 7032/7032 5895/5895
f 1657/1657 5637/5637 3058/3058
f 5637/5637 1853/1853 3058/3058
f 714/714 4098/4098 5637/5637
f 4098/4098 1853/1853 5637/5637
f 4098/4098 7032/7032 1853/1853
f 4098/4098 4022/4022 7032/7032
f 1657/1657 3058/3058 372/372
f 4199/4199 1853/1853 1512/1512
f 7032/7032 1512/1512 1853/1853
f 7931/7931 4199/4199 1512/1512
f 7032/7032 5607/5607 1512/1512
f 1512/1512 5607/5607 7931/7931
f 7931/7931 5607/5607 7231/7231
f 2908/2908 7930/7930 7231/7231
f 7231/7231 4338/4338 6720/6720
f 6720/6720 4338/4338 5895/5895
f 7231/7231 5607/5607 4338/4338
f 236/236 7231/7231 6720/6720
f 5238/5238 2908/2908 7231/7231
f 5238/5238 7231/7231 236/236
f 4151/4151 6720/6720 5895/5895
f 5895/5895 5177/5177 4151/4151
f 236/236 6720/6720 4151/4151
f 4151/4151 6509/6509 236/236
f 6097/6097 236/236 6509/6509
f 3424/3424 236/236 6097/6097
f 2908/2908 1887/1887 7930/7930
f 7930/7930 1887/1887 4198/4198
f 1429/1429 1887/1887 2908/2908
f 2908/2908 5238/5238 1429/1429
f 759/759 1429/1429 5238/5238
f 236/236 3424/3424 5238/5238
f 3424/3424 3470/3470 5238/5238
f 3424/3424 6097/6097 4314/4314
f 4621/4621 3424/3424 4314/4314
f 5238/5238 2634/2634 759/759
f 2634/2634 5238/5238 3470/3470
f 2634/2634 3164/3164 759/759
f 2634/2634 3470/3470 3164/3164
f 3424/3424 6436/6436 3470/3470
f 3424/3424 2753/2753 6436/6436
f 2753/2753 3424/3424 4621/4621
f 2753/2753 4621/4621 2065/2065
f 2906/2906 5972/5972 7473/7473
f 5972/5972 2896/2896 7473/7473
f 1630/1630 5563/5563 5532/5532
f 5563/5563 7756/7756 5532/5532
f 3037/3037 5563/5563 1630/1630
f 5532/5532 1771/1771 1630/1630
f 1584/1584 1630/1630 1771/1771
f 923/923 2115/2115 5272/5272
f 923/923 5272/5272 5159/5159
f 2115/2115 6659/6659 3346/3346
f 6081/6081 5159/5159 5272/5272
f 3346/3346 5272/5272 2115/2115
f 6081/6081 7971/7971 5159/5159
f 6081/6081 7490/7490 7971/7971
f 5673/5673 784/784 7971/7971
f 4837/4837 5673/5673 7971/7971
f 348/348 2212/2212 7192/7192
f 2284/2284 4885/4885 3777/3777
f 3778/3778 4886/4886 6125/6125
f 6275/6275 6125/6125 4886/4886
f 7203/7203 1513/1513 6275/6275
f 6275/6275 7326/7326 7203/7203
f 4885/4885 2284/2284 784/784
f 784/784 5673/5673 4885/4885
f 7203/7203 7326/7326 357/357
f 7959/7959 7203/7203 357/357
f 357/357 2334/2334 6255/6255
f 689/689 7959/7959 357/357
f 6646/6646 3346/3346 6659/6659
f 6646/6646 2212/2212 348/348
f 3346/3346 6646/6646 5095/5095
f 6646/6646 348/348 5095/5095
f 5272/5272 7490/7490 6081/6081
f 5272/5272 3346/3346 7490/7490
f 5095/5095 7490/7490 3346/3346
f 7490/7490 4837/4837 7971/7971
f 5095/5095 4837/4837 7490/7490
f 1547/1547 5095/5095 348/348
f 2408/2408 348/348 7192/7192
f 2333/2333 5673/5673 4837/4837
f 6255/6255 2334/2334 3388/3388
f 1547/1547 4695/4695 5095/5095
f 3387/3387 2333/2333 4837/4837
f 357/357 6255/6255 689/689
f 3388/3388 689/689 6255/6255
f 3388/3388 6656/6656 689/689
f 7372/7372 689/689 6656/6656
f 6656/6656 3388/3388 4489/4489
f 6657/6657 4490/4490 1588/1588
f 4902/4902 5791/5791 2341/2341
f 2341/2341 5791/5791 4496/4496
f 5791/5791 3901/3901 4496/4496
f 7057/7057 4496/4496 7800/7800
f 7800/7800 4496/4496 3901/3901
f 2341/2341 4496/4496 7057/7057
f 7057/7057 7800/7800 6543/6543
f 503/503 7373/7373 7636/7636
f 7203/7203 1722/1722 4700/4700
f 4537/4537 6796/6796 2015/2015
f 6796/6796 4700/4700 1722/1722
f 2015/2015 6796/6796 1722/1722
f 1722/1722 7203/7203 7959/7959
f 7959/7959 75/75 1722/1722
f 75/75 7959/7959 689/689
f 7372/7372 75/75 689/689
f 1683/1683 1562/1562 7217/7217
f 5963/5963 4513/4513 3123/3123
f 3123/3123 1683/1683 5963/5963
f 3123/3123 1562/1562 1683/1683
f 3123/3123 4513/4513 4289/4289
f 7176/7176 3123/3123 4289/4289
f 4513/4513 3280/3280 4289/4289
f 2015/2015 5469/5469 4537/4537
f 5469/5469 2015/2015 1722/1722
f 6199/6199 4537/4537 5469/5469
f 5469/5469 5262/5262 1072/1072
f 7936/7936 6796/6796 4537/4537
f 5469/5469 1722/1722 5262/5262
f 5262/5262 1722/1722 6094/6094
f 6094/6094 1722/1722 75/75
f 6094/6094 75/75 7372/7372
f 1072/1072 5262/5262 6094/6094
f 7715/7715 6447/6447 6094/6094
f 1072/1072 6199/6199 5469/5469
f 5270/5270 2971/2971 7479/7479
f 5270/5270 1072/1072 2971/2971
f 4465/4465 2971/2971 6447/6447
f 7715/7715 5451/5451 6447/6447
f 6543/6543 2686/2686 4465/4465
f 7479/7479 2971/2971 4465/4465
f 4465/4465 2686/2686 7479/7479
f 6543/6543 4465/4465 6523/6523
f 6447/6447 6523/6523 4465/4465
f 5451/5451 6523/6523 6447/6447
f 2971/2971 1072/1072 6094/6094
f 2971/2971 6094/6094 6447/6447
f 3901/3901 2686/2686 7800/7800
f 2686/2686 3901/3901 7479/7479
f 2550/2550 7479/7479 3901/3901
f 2550/2550 5270/5270 7479/7479
f 1329/1329 1072/1072 5270/5270
f 7800/7800 2686/2686 6543/6543
f 6944/6944 6544/6544 6522/6522
f 6944/6944 7058/7058 6544/6544
f 6944/6944 6522/6522 5450/5450
f 6094/6094 7372/7372 1275/1275
f 7715/7715 6094/6094 1275/1275
f 503/503 1274/1274 7373/7373
f 4939/4939 6585/6585 1358/1358
f 5451/5451 7715/7715 1275/1275
f 3516/3516 1274/1274 503/503
f 3026/3026 5450/5450 1274/1274
f 3516/3516 3026/3026 1274/1274
f 3026/3026 3516/3516 4997/4997
f 3516/3516 503/503 3868/3868
f 3026/3026 6642/6642 5450/5450
f 7212/7212 53/53 6049/6049
f 53/53 740/740 6049/6049
f 740/740 53/53 2366/2366
f 4591/4591 2366/2366 53/53
f 2951/2951 7412/7412 4591/4591
f 1562/1562 1941/1941 7217/7217
f 1562/1562 3123/3123 1941/1941
f 4007/4007 6972/6972 5570/5570
f 4783/4783 7537/7537 3224/3224
f 2102/2102 740/740 2846/2846
f 2846/2846 901/901 2102/2102
f 4798/4798 901/901 2846/2846
f 2366/2366 2846/2846 740/740
f 4591/4591 7412/7412 2366/2366
f 2846/2846 2366/2366 4798/4798
f 4798/4798 2366/2366 6637/6637
f 3224/3224 901/901 3641/3641
f 4798/4798 3641/3641 901/901
f 553/553 4798/4798 6637/6637
f 3641/3641 4783/4783 3224/3224
f 553/553 3641/3641 4798/4798
f 6826/6826 6972/6972 4007/4007
f 7810/7810 7537/7537 4783/4783
f 3364/3364 7412/7412 2951/2951
f 7412/7412 6637/6637 2366/2366
f 7412/7412 3364/3364 3007/3007
f 3007/3007 6637/6637 7412/7412
f 6637/6637 4722/4722 553/553
f 4722/4722 6637/6637 3007/3007
f 3417/3417 4722/4722 3007/3007
f 3417/3417 3007/3007 2564/2564
f 3007/3007 911/911 2564/2564
f 6282/6282 4404/4404 5163/5163
f 4583/4583 6403/6403 6683/6683
f 4583/4583 6683/6683 5163/5163
f 2419/2419 3641/3641 553/553
f 2419/2419 553/553 4722/4722
f 2419/2419 5163/5163 4404/4404
f 3417/3417 2564/2564 1892/1892
f 5163/5163 2419/2419 2843/2843
f 1892/1892 2419/2419 4722/4722
f 1892/1892 2843/2843 2419/2419
f 5977/5977 4583/4583 2843/2843
f 2843/2843 4583/4583 5163/5163
f 1892/1892 2564/2564 2354/2354
f 1892/1892 2354/2354 2843/2843
f 5977/5977 2843/2843 2354/2354
f 7250/7250 5977/5977 2354/2354
f 5991/5991 1217/1217 5403/5403
f 7106/7106 5956/5956 7084/7084
f 894/894 1217/1217 5991/5991
f 5991/5991 5403/5403 5120/5120
f 5991/5991 5952/5952 894/894
f 5120/5120 5952/5952 5991/5991
f 894/894 7084/7084 5956/5956
f 7084/7084 894/894 5952/5952
f 7106/7106 7084/7084 5952/5952
f 5049/5049 5952/5952 5120/5120
f 264/264 7211/7211 4816/4816
f 7211/7211 2121/2121 2328/2328
f 5495/5495 2121/2121 264/264
f 264/264 2121/2121 7211/7211
f 3706/3706 2328/2328 2081/2081
f 2081/2081 2328/2328 72/72
f 3706/3706 7211/7211 2328/2328
f 72/72 2121/2121 5495/5495
f 7210/7210 4767/4767 4815/4815
f 5791/5791 7210/7210 1453/1453
f 3706/3706 1452/1452 7211/7211
f 2047/2047 5791/5791 4902/4902
f 3514/3514 4816/4816 7583/7583
f 4815/4815 4767/4767 7582/7582
f 4767/4767 2096/2096 7582/7582
f 2097/2097 3514/3514 7583/7583
f 3514/3514 2097/2097 2048/2048
f 2106/2106 3514/3514 2048/2048
f 5791/5791 1453/1453 2550/2550
f 2341/2341 2047/2047 4902/4902
f 1408/1408 2048/2048 2340/2340
f 1408/1408 2340/2340 7058/7058
f 876/876 2048/2048 1408/1408
f 264/264 4816/4816 2106/2106
f 2106/2106 4816/4816 3514/3514
f 2106/2106 5495/5495 264/264
f 876/876 2106/2106 2048/2048
f 1217/1217 4732/4732 5403/5403
f 1217/1217 211/211 4732/4732
f 1217/1217 1093/1093 211/211
f 3706/3706 1093/1093 1452/1452
f 72/72 5854/5854 2081/2081
f 211/211 5854/5854 4732/4732
f 5854/5854 211/211 2081/2081
f 2081/2081 211/211 1093/1093
f 6705/6705 5854/5854 72/72
f 5403/5403 4732/4732 6705/6705
f 6705/6705 4732/4732 5854/5854
f 5403/5403 6705/6705 5120/5120
f 2081/2081 1093/1093 3706/3706
f 6705/6705 72/72 5495/5495
f 1093/1093 1217/1217 894/894
f 894/894 5808/5808 1093/1093
f 5049/5049 5120/5120 5495/5495
f 5120/5120 6705/6705 5495/5495
f 1206/1206 2106/2106 876/876
f 1206/1206 876/876 1408/1408
f 5495/5495 2106/2106 1206/1206
f 1206/1206 2295/2295 4924/4924
f 3337/3337 2462/2462 7106/7106
f 7106/7106 2462/2462 5808/5808
f 7106/7106 5808/5808 5956/5956
f 2691/2691 2462/2462 3337/3337
f 7106/7106 5952/5952 3337/3337
f 5049/5049 3337/3337 5952/5952
f 3709/3709 2691/2691 3337/3337
f 1030/1030 3709/3709 3337/3337
f 1030/1030 3337/3337 5049/5049
f 5049/5049 4924/4924 1030/1030
f 5049/5049 5495/5495 4924/4924
f 4924/4924 5495/5495 1206/1206
f 2550/2550 1329/1329 5270/5270
f 7585/7585 1329/1329 2550/2550
f 1329/1329 7585/7585 4638/4638
f 4323/4323 4638/4638 7585/7585
f 1453/1453 7585/7585 2550/2550
f 1072/1072 4638/4638 1497/1497
f 4638/4638 1072/1072 1329/1329
f 3901/3901 5791/5791 2550/2550
f 6944/6944 1408/1408 7058/7058
f 7065/7065 6944/6944 3386/3386
f 3386/3386 6944/6944 5450/5450
f 1408/1408 6944/6944 7065/7065
f 3886/3886 1408/1408 7065/7065
f 3386/3386 1305/1305 7065/7065
f 3886/3886 7065/7065 1305/1305
f 1408/1408 3886/3886 2137/2137
f 7112/7112 3886/3886 1305/1305
f 2137/2137 3886/3886 7112/7112
f 4323/4323 7585/7585 1453/1453
f 3303/3303 1497/1497 4638/4638
f 4323/4323 1544/1544 4638/4638
f 1408/1408 2137/2137 1206/1206
f 2137/2137 2810/2810 1206/1206
f 3386/3386 5450/5450 6642/6642
f 6642/6642 6192/6192 882/882
f 1140/1140 882/882 6192/6192
f 1305/1305 3386/3386 3304/3304
f 3304/3304 3386/3386 882/882
f 882/882 3386/3386 6642/6642
f 7112/7112 1305/1305 3304/3304
f 7112/7112 3304/3304 882/882
f 2295/2295 6557/6557 4924/4924
f 4924/4924 6557/6557 3833/3833
f 6059/6059 6557/6557 6971/6971
f 6059/6059 6971/6971 1900/1900
f 6059/6059 1900/1900 4402/4402
f 4666/4666 6059/6059 1796/1796
f 1796/1796 6059/6059 7307/7307
f 7307/7307 6059/6059 4402/4402
f 7307/7307 4402/4402 840/840
f 4402/4402 1900/1900 2673/2673
f 4402/4402 2673/2673 840/840
f 6718/6718 840/840 2673/2673
f 840/840 6718/6718 5251/5251
f 5251/5251 6718/6718 1783/1783
f 5251/5251 1783/1783 2905/2905
f 6476/6476 7212/7212 228/228
f 53/53 7212/7212 6476/6476
f 862/862 53/53 6476/6476
f 4591/4591 53/53 862/862
f 2722/2722 3210/3210 6477/6477
f 862/862 6476/6476 228/228
f 4629/4629 3210/3210 3473/3473
f 234/234 6120/6120 862/862
f 1097/1097 2951/2951 6120/6120
f 1097/1097 6120/6120 234/234
f 3473/3473 6854/6854 4753/4753
f 4753/4753 6854/6854 234/234
f 6854/6854 3473/3473 3210/3210
f 234/234 862/862 4753/4753
f 2951/2951 4591/4591 862/862
f 6120/6120 2951/2951 862/862
f 1097/1097 1840/1840 2951/2951
f 234/234 6854/6854 1148/1148
f 1097/1097 234/234 1148/1148
f 6854/6854 3210/3210 2722/2722
f 2722/2722 1148/1148 6854/6854
f 2722/2722 3594/3594 1148/1148
f 1148/1148 1840/1840 1097/1097
f 2951/2951 1840/1840 3364/3364
f 6067/6067 5105/5105 1238/1238
f 1238/1238 4643/4643 6710/6710
f 1238/1238 6710/6710 6067/6067
f 6230/6230 5105/5105 6067/6067
f 3488/3488 5105/5105 3039/3039
f 3039/3039 5105/5105 6230/6230
f 6067/6067 3629/3629 6230/6230
f 3629/3629 3039/3039 6230/6230
f 3488/3488 3039/3039 3629/3629
f 4513/4513 6356/6356 5105/5105
f 4950/4950 6356/6356 5963/5963
f 4513/4513 5963/5963 6356/6356
f 4513/4513 5105/5105 3488/3488
f 3768/3768 5963/5963 1683/1683
f 4064/4064 7997/7997 7176/7176
f 3280/3280 4513/4513 3488/3488
f 3038/3038 3280/3280 3488/3488
f 7176/7176 4289/4289 2476/2476
f 2708/2708 4064/4064 7176/7176
f 2658/2658 4289/4289 3280/3280
f 2658/2658 2476/2476 4289/4289
f 2708/2708 7176/7176 2476/2476
f 3280/3280 2299/2299 2658/2658
f 2299/2299 131/131 2658/2658
f 2658/2658 131/131 2476/2476
f 2708/2708 2476/2476 131/131
f 5224/5224 6067/6067 6710/6710
f 3674/3674 6067/6067 5224/5224
f 7940/7940 3674/3674 5224/5224
f 3629/3629 6067/6067 3674/3674
f 4865/4865 3488/3488 3629/3629
f 897/897 3674/3674 7940/7940
f 759/759 897/897 7940/7940
f 3629/3629 3674/3674 897/897
f 4906/4906 897/897 759/759
f 4906/4906 3629/3629 897/897
f 4906/4906 7382/7382 3629/3629
f 4865/4865 3629/3629 4884/4884
f 4865/4865 4884/4884 2901/2901
f 7382/7382 4884/4884 3629/3629
f 4865/4865 3038/3038 3488/3488
f 4865/4865 2901/2901 3038/3038
f 2299/2299 3280/3280 3038/3038
f 2901/2901 2299/2299 3038/3038
f 4438/4438 2299/2299 2901/2901
f 2299/2299 4438/4438 131/131
f 131/131 4438/4438 2127/2127
f 107/107 2127/2127 4438/4438
f 1317/1317 4438/4438 2901/2901
f 6142/6142 1317/1317 2901/2901
f 7669/7669 1317/1317 6142/6142
f 7669/7669 4438/4438 1317/1317
f 7669/7669 107/107 4438/4438
f 73/73 2127/2127 107/107
f 2995/2995 107/107 7669/7669
f 107/107 2995/2995 73/73
f 3582/3582 6142/6142 2901/2901
f 7382/7382 2901/2901 4884/4884
f 6756/6756 2901/2901 7382/7382
f 2901/2901 1703/1703 3582/3582
f 1703/1703 2901/2901 6756/6756
f 1011/1011 3582/3582 1703/1703
f 5701/5701 2995/2995 7669/7669
f 3393/3393 877/877 1769/1769
f 877/877 3393/3393 2398/2398
f 877/877 2398/2398 6009/6009
f 6142/6142 6250/6250 7669/7669
f 6250/6250 6142/6142 3582/3582
f 7669/7669 6250/6250 5701/5701
f 442/442 6250/6250 3582/3582
f 442/442 3582/3582 1011/1011
f 6250/6250 442/442 5701/5701
f 4690/4690 442/442 1011/1011
f 1285/1285 4690/4690 1011/1011
f 818/818 3858/3858 1285/1285
f 6680/6680 3858/3858 818/818
f 3858/3858 6680/6680 987/987
f 4993/4993 7264/7264 3858/3858
f 987/987 4993/4993 3858/3858
f 5631/5631 5591/5591 1941/1941
f 7099/7099 7814/7814 3237/3237
f 7303/7303 7099/7099 3237/3237
f 747/747 5591/5591 5631/5631
f 7303/7303 3237/3237 5591/5591
f 5591/5591 747/747 7303/7303
f 7303/7303 453/453 7099/7099
f 7997/7997 1941/1941 3123/3123
f 7997/7997 3123/3123 7176/7176
f 7997/7997 5631/5631 1941/1941
f 4064/4064 5631/5631 7997/7997
f 2597/2597 747/747 5631/5631
f 5631/5631 4064/4064 2597/2597
f 6341/6341 2597/2597 4064/4064
f 6363/6363 7303/7303 2597/2597
f 2597/2597 7303/7303 747/747
f 4007/4007 5570/5570 6364/6364
f 454/454 6364/6364 5570/5570
f 6363/6363 453/453 7303/7303
f 6341/6341 6363/6363 2597/2597
f 7100/7100 454/454 619/619
f 4064/4064 2708/2708 6800/6800
f 4064/4064 6800/6800 6341/6341
f 707/707 6341/6341 6800/6800
f 462/462 6800/6800 2708/2708
f 6800/6800 462/462 707/707
f 707/707 6363/6363 6341/6341
f 3534/3534 4007/4007 6364/6364
f 3535/3535 6363/6363 707/707
f 2708/2708 131/131 462/462
f 462/462 3535/3535 707/707
f 2127/2127 462/462 131/131
f 3535/3535 462/462 2127/2127
f 6826/6826 3534/3534 74/74
f 73/73 3535/3535 2127/2127
f 6826/6826 4007/4007 3534/3534
f 4872/4872 3394/3394 6826/6826
f 2398/2398 3393/3393 4871/4871
f 1120/1120 7382/7382 4906/4906
f 3470/3470 1826/1826 3164/3164
f 3164/3164 1120/1120 4906/4906
f 759/759 3164/3164 4906/4906
f 3131/3131 1120/1120 3164/3164
f 2143/2143 3164/3164 1826/1826
f 2143/2143 3131/3131 3164/3164
f 2143/2143 1826/1826 6270/6270
f 4435/4435 2143/2143 6270/6270
f 5776/5776 7382/7382 1120/1120
f 5776/5776 1120/1120 3131/3131
f 3131/3131 2143/2143 4435/4435
f 3142/3142 4435/4435 6270/6270
f 4435/4435 3142/3142 1447/1447
f 777/777 3131/3131 1447/1447
f 3821/3821 3131/3131 777/777
f 5304/5304 7765/7765 777/777
f 3131/3131 4435/4435 1447/1447
f 3142/3142 6569/6569 1447/1447
f 2484/2484 1447/1447 6569/6569
f 777/777 1447/1447 2484/2484
f 2484/2484 364/364 777/777
f 5304/5304 777/777 364/364
f 6383/6383 948/948 803/803
f 364/364 803/803 5304/5304
f 6383/6383 803/803 364/364
f 6569/6569 5155/5155 2484/2484
f 364/364 2484/2484 5155/5155
f 5155/5155 6383/6383 364/364
f 1285/1285 1011/1011 1703/1703
f 1285/1285 1703/1703 6756/6756
f 7859/7859 1285/1285 6756/6756
f 1285/1285 7859/7859 436/436
f 3974/3974 6756/6756 7382/7382
f 6756/6756 3974/3974 7859/7859
f 1769/1769 877/877 5971/5971
f 6524/6524 7495/7495 877/877
f 5971/5971 877/877 7495/7495
f 3917/3917 818/818 1285/1285
f 3330/3330 987/987 6680/6680
f 987/987 3330/3330 4993/4993
f 4940/4940 7495/7495 4993/4993
f 4940/4940 4993/4993 3330/3330
f 4940/4940 5971/5971 7495/7495
f 2417/2417 273/273 5971/5971
f 2417/2417 5971/5971 4940/4940
f 2417/2417 4940/4940 3077/3077
f 3917/3917 1285/1285 436/436
f 3917/3917 436/436 4406/4406
f 3917/3917 4406/4406 42/42
f 43/43 7859/7859 3974/3974
f 3974/3974 7382/7382 5776/5776
f 2325/2325 43/43 3974/3974
f 2325/2325 2064/2064 43/43
f 4406/4406 2064/2064 803/803
f 436/436 7859/7859 43/43
f 2064/2064 4406/4406 436/436
f 436/436 43/43 2064/2064
f 7699/7699 42/42 2668/2668
f 2668/2668 42/42 7882/7882
f 2668/2668 5222/5222 7699/7699
f 7882/7882 4406/4406 803/803
f 7882/7882 803/803 948/948
f 2472/2472 7882/7882 948/948
f 4406/4406 7882/7882 42/42
f 1109/1109 7882/7882 2472/2472
f 7882/7882 1109/1109 2668/2668
f 2668/2668 1109/1109 145/145
f 2668/2668 693/693 5222/5222
f 145/145 693/693 2668/2668
f 818/818 3917/3917 4322/4322
f 6680/6680 818/818 4322/4322
f 6680/6680 4322/4322 3330/3330
f 42/42 4322/4322 3917/3917
f 4322/4322 42/42 124/124
f 3330/3330 4322/4322 124/124
f 4940/4940 3330/3330 3272/3272
f 3330/3330 124/124 3272/3272
f 124/124 42/42 7699/7699
f 3272/3272 124/124 7699/7699
f 7699/7699 693/693 3272/3272
f 693/693 7699/7699 5222/5222
f 2703/2703 3272/3272 693/693
f 4940/4940 3272/3272 2703/2703
f 5126/5126 4940/4940 2703/2703
f 2325/2325 3974/3974 5776/5776
f 3821/3821 5776/5776 3131/3131
f 3821/3821 2325/2325 5776/5776
f 2325/2325 7765/7765 2064/2064
f 7765/7765 3821/3821 777/777
f 2325/2325 3821/3821 7765/7765
f 7765/7765 803/803 2064/2064
f 5304/5304 803/803 7765/7765
f 4940/4940 7953/7953 3077/3077
f 4859/4859 3077/3077 7953/7953
f 3077/3077 4859/4859 2417/2417
f 2796/2796 2417/2417 4859/4859
f 7953/7953 4940/4940 5126/5126
f 6550/6550 4859/4859 7953/7953
f 5686/5686 6550/6550 5126/5126
f 6550/6550 7953/7953 5126/5126
f 7026/7026 5498/5498 294/294
f 294/294 7015/7015 7026/7026
f 6506/6506 5498/5498 7026/7026
f 353/353 6203/6203 2892/2892
f 6203/6203 353/353 824/824
f 7673/7673 2896/2896 5972/5972
f 5972/5972 5498/5498 7673/7673
f 5972/5972 3781/3781 5498/5498
f 2336/2336 7673/7673 1133/1133
f 824/824 5498/5498 6203/6203
f 5498/5498 6506/6506 6203/6203
f 824/824 7673/7673 5498/5498
f 2892/2892 6203/6203 6506/6506
f 973/973 190/190 5278/5278
f 5278/5278 190/190 273/273
f 273/273 2417/2417 2796/2796
f 7509/7509 3861/3861 2796/2796
f 5278/5278 273/273 2796/2796
f 2304/2304 5278/5278 2796/2796
f 6284/6284 1783/1783 973/973
f 189/189 1783/1783 6284/6284
f 6284/6284 973/973 5278/5278
f 6284/6284 5278/5278 2304/2304
f 2905/2905 1783/1783 3033/3033
f 189/189 958/958 3033/3033
f 4258/4258 7015/7015 2350/2350
f 4258/4258 7026/7026 7015/7015
f 7808/7808 7026/7026 4258/4258
f 4258/4258 2350/2350 7808/7808
f 3033/3033 1783/1783 189/189
f 189/189 6284/6284 5860/5860
f 5860/5860 6284/6284 2304/2304
f 5860/5860 7808/7808 2350/2350
f 2350/2350 189/189 5860/5860
f 2304/2304 3861/3861 5860/5860
f 5860/5860 7232/7232 3011/3011
f 5860/5860 3861/3861 7232/7232
f 7232/7232 182/182 3011/3011
f 7026/7026 7808/7808 3011/3011
f 5860/5860 3011/3011 7808/7808
f 3861/3861 2304/2304 2796/2796
f 10/10 353/353 2892/2892
f 7232/7232 4710/4710 10/10
f 4710/4710 353/353 10/10
f 3861/3861 4710/4710 7232/7232
f 7509/7509 4859/4859 6550/6550
f 6550/6550 3861/3861 7509/7509
f 7509/7509 2796/2796 4859/4859
f 3861/3861 6550/6550 5686/5686
f 6506/6506 7026/7026 3011/3011
f 182/182 6506/6506 3011/3011
f 10/10 6506/6506 182/182
f 10/10 182/182 7232/7232
f 10/10 2892/2892 6506/6506
f 7465/7465 6270/6270 5008/5008
f 6270/6270 7465/7465 3142/3142
f 3142/3142 7465/7465 2791/2791
f 4564/4564 3142/3142 2791/2791
f 4564/4564 2791/2791 2107/2107
f 266/266 2107/2107 3222/3222
f 7866/7866 2107/2107 266/266
f 1351/1351 948/948 6383/6383
f 5155/5155 6569/6569 3142/3142
f 5059/5059 3142/3142 4564/4564
f 5155/5155 3142/3142 5059/5059
f 5059/5059 152/152 5155/5155
f 6383/6383 5155/5155 1351/1351
f 152/152 948/948 1351/1351
f 1351/1351 5155/5155 152/152
f 447/447 4316/4316 948/948
f 5059/5059 4564/4564 1095/1095
f 5059/5059 1095/1095 152/152
f 7866/7866 1790/1790 2107/2107
f 2107/2107 1790/1790 1095/1095
f 1543/1543 1790/1790 7866/7866
f 447/447 1095/1095 1790/1790
f 948/948 152/152 447/447
f 1627/1627 1248/1248 4316/4316
f 4316/4316 447/447 5795/5795
f 1627/1627 4316/4316 4175/4175
f 4316/4316 5795/5795 6299/6299
f 5109/5109 6299/6299 5795/5795
f 6299/6299 4175/4175 4316/4316
f 4175/4175 6299/6299 6681/6681
f 1543/1543 5795/5795 447/447
f 1543/1543 447/447 1790/1790
f 7409/7409 7778/7778 691/691
f 6404/6404 7409/7409 47/47
f 4351/4351 1484/1484 279/279
f 1485/1485 4352/4352 6404/6404
f 6404/6404 4352/4352 3981/3981
f 7778/7778 7409/7409 6404/6404
f 4316/4316 2472/2472 948/948
f 1109/1109 2472/2472 5872/5872
f 2703/2703 693/693 145/145
f 2703/2703 145/145 3581/3581
f 1109/1109 3581/3581 145/145
f 3581/3581 1109/1109 4453/4453
f 4453/4453 1109/1109 5872/5872
f 4453/4453 5872/5872 5158/5158
f 2703/2703 3581/3581 4453/4453
f 2703/2703 4453/4453 5158/5158
f 2472/2472 4316/4316 1240/1240
f 5872/5872 2472/2472 7027/7027
f 7027/7027 2472/2472 1240/1240
f 5535/5535 7027/7027 1240/1240
f 5158/5158 5872/5872 7027/7027
f 5535/5535 5158/5158 7027/7027
f 5126/5126 2703/2703 4727/4727
f 4727/4727 2703/2703 5158/5158
f 5686/5686 5126/5126 5515/5515
f 1240/1240 4316/4316 1248/1248
f 7604/7604 5535/5535 1240/1240
f 7604/7604 1240/1240 1248/1248
f 7604/7604 7781/7781 5535/5535
f 4727/4727 5158/5158 5535/5535
f 4727/4727 5535/5535 7781/7781
f 317/317 4727/4727 7781/7781
f 5126/5126 4727/4727 5515/5515
f 6630/6630 5686/5686 5515/5515
f 5515/5515 6582/6582 6630/6630
f 5515/5515 4727/4727 317/317
f 6582/6582 5515/5515 317/317
f 7604/7604 1248/1248 1627/1627
f 7781/7781 7604/7604 5115/5115
f 5115/5115 7604/7604 1627/1627
f 4008/4008 1627/1627 4175/4175
f 5115/5115 1627/1627 4008/4008
f 6681/6681 4008/4008 4175/4175
f 5424/5424 7781/7781 5115/5115
f 7781/7781 5424/5424 317/317
f 6582/6582 317/317 5424/5424
f 6582/6582 5424/5424 5102/5102
f 5424/5424 5115/5115 4008/4008
f 5424/5424 4008/4008 4249/4249
f 47/47 5424/5424 4249/4249
f 5102/5102 5424/5424 7409/7409
f 279/279 5190/5190 77/77
f 5346/5346 77/77 5825/5825
f 5346/5346 5825/5825 2173/2173
f 4249/4249 4008/4008 6681/6681
f 4249/4249 6681/6681 213/213
f 47/47 4249/4249 213/213
f 5424/5424 47/47 7409/7409
f 4351/4351 279/279 77/77
f 77/77 4237/4237 3980/3980
f 3980/3980 4351/4351 77/77
f 4237/4237 77/77 5346/5346
f 5346/5346 2173/2173 2822/2822
f 4237/4237 5346/5346 7466/7466
f 7466/7466 3231/3231 4237/4237
f 7466/7466 5346/5346 2822/2822
f 2822/2822 2173/2173 3056/3056
f 2822/2822 1426/1426 7466/7466
f 3056/3056 1426/1426 2822/2822
f 5180/5180 5073/5073 7673/7673
f 5073/5073 6213/6213 4186/4186
f 6213/6213 5073/5073 5180/5180
f 5180/5180 824/824 7035/7035
f 2644/2644 5420/5420 7035/7035
f 824/824 2644/2644 7035/7035
f 6213/6213 5180/5180 4825/4825
f 7035/7035 5420/5420 5180/5180
f 5180/5180 5420/5420 4825/4825
f 7885/7885 7961/7961 5420/5420
f 4825/4825 5420/5420 7961/7961
f 5180/5180 7673/7673 824/824
f 6213/6213 4825/4825 691/691
f 4825/4825 7409/7409 691/691
f 3861/3861 5686/5686 6630/6630
f 2644/2644 4710/4710 3861/3861
f 2644/2644 824/824 353/353
f 353/353 4710/4710 2644/2644
f 6630/6630 2644/2644 3861/3861
f 6630/6630 5102/5102 985/985
f 7885/7885 985/985 7961/7961
f 2644/2644 985/985 7885/7885
f 2644/2644 6630/6630 985/985
f 7961/7961 5102/5102 4825/4825
f 6630/6630 6582/6582 5102/5102
f 5102/5102 7961/7961 985/985
f 2644/2644 7885/7885 5420/5420
f 4825/4825 5102/5102 7409/7409
f 7466/7466 2779/2779 3231/3231
f 2779/2779 7466/7466 1426/1426
f 2779/2779 1426/1426 5524/5524
f 5524/5524 1426/1426 4233/4233
f 4233/4233 2779/2779 5524/5524
f 4233/4233 1426/1426 3056/3056
f 3056/3056 1813/1813 4233/4233
f 4233/4233 439/439 2779/2779
f 439/439 4233/4233 1813/1813
f 3647/3647 2779/2779 439/439
f 1813/1813 3056/3056 7993/7993
f 1813/1813 7993/7993 7807/7807
f 7807/7807 7033/7033 3647/3647
f 7807/7807 3647/3647 1813/1813
f 1813/1813 3647/3647 439/439
f 6297/6297 7698/7698 478/478
f 5350/5350 478/478 7698/7698
f 5301/5301 7698/7698 6297/6297
f 3887/3887 7698/7698 5301/5301
f 2617/2617 7698/7698 3887/3887
f 7698/7698 2617/2617 5660/5660
f 5350/5350 6123/6123 4567/4567
f 4567/4567 7318/7318 797/797
f 6123/6123 5350/5350 7698/7698
f 6123/6123 7318/7318 4567/4567
f 1501/1501 2670/2670 4287/4287
f 1501/1501 6127/6127 2670/2670
f 4567/4567 478/478 5350/5350
f 2918/2918 1501/1501 4287/4287
f 1501/1501 2332/2332 4421/4421
f 1501/1501 2918/2918 2332/2332
f 5660/5660 6123/6123 7698/7698
f 3081/3081 4174/4174 2930/2930
f 6123/6123 3081/3081 7318/7318
f 1251/1251 2670/2670 6127/6127
f 3407/3407 1251/1251 6127/6127
f 3407/3407 6127/6127 4421/4421
f 6127/6127 1501/1501 4421/4421
f 3407/3407 7982/7982 6440/6440
f 3407/3407 4421/4421 7982/7982
f 7982/7982 4421/4421 2332/2332
f 2332/2332 2918/2918 2018/2018
f 681/681 3464/3464 7329/7329
f 681/681 7329/7329 7529/7529
f 681/681 7529/7529 5609/5609
f 945/945 5609/5609 2030/2030
f 5609/5609 7529/7529 2030/2030
f 3376/3376 945/945 2030/2030
f 3376/3376 2030/2030 7529/7529
f 92/92 2018/2018 6461/6461
f 92/92 7982/7982 2332/2332
f 2018/2018 92/92 2332/2332
f 92/92 6461/6461 6384/6384
f 7982/7982 92/92 3486/3486
f 3486/3486 92/92 6384/6384
f 7538/7538 945/945 3110/3110
f 3110/3110 6461/6461 7538/7538
f 3110/3110 6384/6384 6461/6461
f 4764/4764 7928/7928 4287/4287
f 2918/2918 4287/4287 7928/7928
f 5425/5425 2918/2918 7928/7928
f 2918/2918 5425/5425 6461/6461
f 1518/1518 6461/6461 5425/5425
f 7536/7536 1518/1518 6395/6395
f 6461/6461 1518/1518 7536/7536
f 1518/1518 5425/5425 5909/5909
f 5909/5909 558/558 6395/6395
f 1518/1518 5909/5909 6395/6395
f 2018/2018 2918/2918 6461/6461
f 7538/7538 6461/6461 7536/7536
f 681/681 6395/6395 558/558
f 5609/5609 6395/6395 681/681
f 6395/6395 5609/5609 7536/7536
f 945/945 7536/7536 5609/5609
f 7538/7538 7536/7536 945/945
f 2930/2930 2773/2773 3081/3081
f 2894/2894 7976/7976 6440/6440
f 7982/7982 2894/2894 6440/6440
f 7976/7976 2894/2894 848/848
f 848/848 2894/2894 2296/2296
f 2296/2296 2037/2037 848/848
f 2694/2694 848/848 2037/2037
f 2037/2037 2296/2296 7924/7924
f 2894/2894 7982/7982 2296/2296
f 1554/1554 2296/2296 3486/3486
f 2906/2906 7924/7924 2296/2296
f 1554/1554 6384/6384 3781/3781
f 3486/3486 2296/2296 7982/7982
f 3110/3110 3168/3168 6384/6384
f 6384/6384 1554/1554 3486/3486
f 6384/6384 3168/3168 3781/3781
f 1554/1554 2906/2906 2296/2296
f 5683/5683 1089/1089 143/143
f 5020/5020 5683/5683 143/143
f 2906/2906 1554/1554 5972/5972
f 5020/5020 7561/7561 5683/5683
f 2365/2365 7561/7561 5020/5020
f 3929/3929 5020/5020 143/143
f 5767/5767 5020/5020 3929/3929
f 5020/5020 2748/2748 2365/2365
f 2748/2748 5020/5020 5767/5767
f 2351/2351 4987/4987 2365/2365
f 7329/7329 1030/1030 4924/4924
f 7329/7329 4924/4924 3833/3833
f 3833/3833 6059/6059 7329/7329
f 7529/7529 7329/7329 6059/6059
f 7529/7529 6059/6059 6740/6740
f 6740/6740 6059/6059 4666/4666
f 3376/3376 7529/7529 6740/6740
f 6740/6740 945/945 3376/3376
f 2603/2603 3168/3168 945/945
f 945/945 3168/3168 3110/3110
f 6740/6740 2603/2603 945/945
f 2603/2603 6740/6740 4666/4666
f 2603/2603 4666/4666 4389/4389
f 2603/2603 4389/4389 3168/3168
f 5783/5783 3168/3168 4389/4389
f 1796/1796 5783/5783 4389/4389
f 4389/4389 4666/4666 1796/1796
f 5783/5783 1796/1796 1279/1279
f 1796/1796 7307/7307 1279/1279
f 294/294 3781/3781 3168/3168
f 294/294 3168/3168 5783/5783
f 7328/7328 294/294 5783/5783
f 1279/1279 7328/7328 5783/5783
f 4536/4536 294/294 7328/7328
f 1961/1961 294/294 4536/4536
f 1279/1279 7307/7307 7328/7328
f 4536/4536 7328/7328 7307/7307
f 840/840 4536/4536 7307/7307
f 7851/7851 294/294 1961/1961
f 7015/7015 294/294 7851/7851
f 1554/1554 3781/3781 5972/5972
f 5498/5498 3781/3781 294/294
f 559/559 1538/1538 6287/6287
f 1728/1728 6162/6162 6287/6287
f 7539/7539 250/250 4551/4551
f 559/559 250/250 1538/1538
f 4551/4551 250/250 559/559
f 559/559 6287/6287 6162/6162
f 7668/7668 4551/4551 559/559
f 7668/7668 559/559 3432/3432
f 7539/7539 4284/4284 2019/2019
f 1003/1003 2019/2019 4284/4284
f 4551/4551 4284/4284 7539/7539
f 4284/4284 4551/4551 7668/7668
f 4284/4284 7668/7668 5647/5647
f 2571/2571 4284/4284 5647/5647
f 6112/6112 1087/1087 5121/5121
f 4284/4284 4466/4466 1003/1003
f 2063/2063 4284/4284 2571/2571
f 2063/2063 4466/4466 4284/4284
f 758/758 2571/2571 5647/5647
f 2571/2571 206/206 2063/2063
f 4397/4397 4331/4331 2671/2671
f 605/605 4397/4397 2671/2671
f 5773/5773 4397/4397 605/605
f 4397/4397 5773/5773 1087/1087
f 5773/5773 6644/6644 1087/1087
f 2346/2346 4466/4466 2063/2063
f 2063/2063 112/112 2346/2346
f 112/112 5861/5861 2346/2346
f 2678/2678 2346/2346 5861/5861
f 1308/1308 112/112 206/206
f 112/112 2063/2063 206/206
f 2595/2595 1754/1754 1165/1165
f 2595/2595 1165/1165 758/758
f 178/178 2595/2595 758/758
f 6644/6644 5773/5773 3419/3419
f 5861/5861 112/112 760/760
f 760/760 112/112 1308/1308
f 1308/1308 51/51 760/760
f 51/51 1308/1308 1754/1754
f 3419/3419 4385/4385 6490/6490
f 6162/6162 1728/1728 6161/6161
f 3432/3432 559/559 6162/6162
f 2195/2195 6162/6162 6161/6161
f 2195/2195 6161/6161 7564/7564
f 3432/3432 6162/6162 2195/2195
f 6316/6316 3432/3432 2195/2195
f 2195/2195 2383/2383 6316/6316
f 2383/2383 2195/2195 7564/7564
f 5258/5258 7564/7564 7592/7592
f 6112/6112 5121/5121 638/638
f 3432/3432 5647/5647 7668/7668
f 6165/6165 3432/3432 6316/6316
f 6165/6165 5647/5647 3432/3432
f 5258/5258 7592/7592 638/638
f 5237/5237 2383/2383 7564/7564
f 5237/5237 7564/7564 5258/5258
f 6165/6165 6963/6963 5647/5647
f 6963/6963 6165/6165 6316/6316
f 6061/6061 2383/2383 5237/5237
f 6316/6316 2383/2383 6061/6061
f 1309/1309 6316/6316 6061/6061
f 5258/5258 638/638 1400/1400
f 5121/5121 1400/1400 638/638
f 1400/1400 5121/5121 1087/1087
f 4752/4752 6061/6061 5237/5237
f 5258/5258 4790/4790 5237/5237
f 1295/1295 5647/5647 6963/6963
f 6963/6963 6316/6316 1309/1309
f 1309/1309 6061/6061 4752/4752
f 6329/6329 1309/1309 4752/4752
f 1295/1295 6963/6963 6885/6885
f 1295/1295 758/758 5647/5647
f 6885/6885 6963/6963 1309/1309
f 5237/5237 5824/5824 4752/4752
f 6329/6329 4752/4752 5824/5824
f 1400/1400 6069/6069 5258/5258
f 5824/5824 5237/5237 4790/4790
f 6069/6069 4790/4790 5258/5258
f 5824/5824 4790/4790 6517/6517
f 4711/4711 6069/6069 1400/1400
f 1400/1400 1087/1087 4711/4711
f 178/178 758/758 1295/1295
f 5511/5511 178/178 6885/6885
f 6885/6885 178/178 1295/1295
f 5511/5511 6885/6885 1309/1309
f 6644/6644 2795/2795 1087/1087
f 5511/5511 1309/1309 6329/6329
f 6329/6329 1935/1935 5511/5511
f 2795/2795 4711/4711 1087/1087
f 1234/1234 6069/6069 4711/4711
f 1935/1935 6329/6329 5824/5824
f 1935/1935 5824/5824 6517/6517
f 6069/6069 7458/7458 4790/4790
f 7458/7458 6517/6517 4790/4790
f 6517/6517 1112/1112 1935/1935
f 1112/1112 6517/6517 7458/7458
f 1234/1234 4711/4711 2795/2795
f 7453/7453 1876/1876 974/974
f 1142/1142 7453/7453 974/974
f 1876/1876 7453/7453 683/683
f 4336/4336 2038/2038 7453/7453
f 4722/4722 3417/3417 1892/1892
f 7846/7846 850/850 545/545
f 5648/5648 7846/7846 545/545
f 2188/2188 7846/7846 5648/5648
f 3245/3245 545/545 850/850
f 7335/7335 5648/5648 545/545
f 3245/3245 7335/7335 545/545
f 401/401 5648/5648 7335/7335
f 1500/1500 401/401 222/222
f 222/222 3245/3245 1115/1115
f 2829/2829 401/401 1500/1500
f 624/624 97/97 3589/3589
f 3329/3329 624/624 3589/3589
f 3589/3589 97/97 4829/4829
f 1500/1500 222/222 1115/1115
f 401/401 2829/2829 3602/3602
f 2987/2987 1191/1191 5891/5891
f 5892/5892 5560/5560 4147/4147
f 4146/4146 2987/2987 5891/5891
f 5892/5892 3328/3328 1333/1333
f 1333/1333 3328/3328 3590/3590
f 3590/3590 438/438 6047/6047
f 3220/3220 437/437 3589/3589
f 1333/1333 3590/3590 6047/6047
f 6047/6047 5560/5560 1333/1333
f 4996/4996 5674/5674 4154/4154
f 5560/5560 5892/5892 1333/1333
f 6047/6047 4119/4119 1994/1994
f 5560/5560 6047/6047 1994/1994
f 5560/5560 1994/1994 376/376
f 4147/4147 5560/5560 376/376
f 376/376 1039/1039 4147/4147
f 5365/5365 4329/4329 3482/3482
f 5366/5366 3481/3481 5007/5007
f 5333/5333 5366/5366 3253/3253
f 5333/5333 3253/3253 4154/4154
f 5007/5007 3253/3253 5366/5366
f 5333/5333 4154/4154 7874/7874
f 5332/5332 4698/4698 4329/4329
f 4329/4329 5365/5365 5332/5332
f 5332/5332 7873/7873 4698/4698
f 7168/7168 6686/6686 7327/7327
f 2982/2982 4698/4698 7873/7873
f 2982/2982 7873/7873 3610/3610
f 7168/7168 7127/7127 2233/2233
f 7127/7127 7168/7168 7327/7327
f 3611/3611 2233/2233 7127/7127
f 3611/3611 7127/7127 1552/1552
f 7327/7327 1558/1558 6986/6986
f 6986/6986 1559/1559 5416/5416
f 7327/7327 6686/6686 1558/1558
f 5416/5416 1559/1559 6687/6687
f 6986/6986 3817/3817 7327/7327
f 5416/5416 3817/3817 6986/6986
f 7327/7327 3817/3817 7127/7127
f 5011/5011 7127/7127 3817/3817
f 5011/5011 3817/3817 5416/5416
f 5416/5416 1552/1552 7127/7127
f 7127/7127 5011/5011 5416/5416
f 795/795 4698/4698 2982/2982
f 3978/3978 795/795 2982/2982
f 1119/1119 4085/4085 795/795
f 3978/3978 5883/5883 795/795
f 795/795 5883/5883 1119/1119
f 3992/3992 1026/1026 2687/2687
f 2974/2974 2687/2687 4482/4482
f 4482/4482 2687/2687 1026/1026
f 1026/1026 2969/2969 3784/3784
f 3273/3273 5674/5674 4996/4996
f 318/318 3084/3084 4903/4903
f 5587/5587 7874/7874 3084/3084
f 5587/5587 3084/3084 318/318
f 5587/5587 318/318 2183/2183
f 318/318 4903/4903 4675/4675
f 4569/4569 5587/5587 2183/2183
f 318/318 4675/4675 2732/2732
f 5310/5310 318/318 2732/2732
f 5310/5310 2490/2490 318/318
f 2183/2183 318/318 2490/2490
f 4818/4818 770/770 2656/2656
f 2732/2732 7379/7379 5310/5310
f 7379/7379 2732/2732 770/770
f 7379/7379 2490/2490 5310/5310
f 2490/2490 7379/7379 6366/6366
f 4818/4818 7379/7379 770/770
f 4569/4569 2183/2183 2490/2490
f 2490/2490 6366/6366 2261/2261
f 2542/2542 4569/4569 2490/2490
f 2542/2542 2490/2490 2261/2261
f 2827/2827 2656/2656 770/770
f 5234/5234 2656/2656 2827/2827
f 5234/5234 4818/4818 2656/2656
f 7833/7833 4818/4818 5234/5234
f 6366/6366 7379/7379 7833/7833
f 7833/7833 7379/7379 4818/4818
f 3497/3497 7833/7833 5234/5234
f 3997/3997 7834/7834 3498/3498
f 2261/2261 6366/6366 7833/7833
f 2104/2104 2262/2262 7834/7834
f 6131/6131 3377/3377 3498/3498
f 4081/4081 3498/3498 3377/3377
f 4132/4132 3498/3498 4081/4081
f 3498/3498 4132/4132 3997/3997
f 3377/3377 6131/6131 271/271
f 3377/3377 5859/5859 4081/4081
f 5859/5859 3377/3377 271/271
f 3084/3084 7874/7874 4903/4903
f 3610/3610 7873/7873 2231/2231
f 2232/2232 7874/7874 7101/7101
f 7101/7101 7874/7874 5587/5587
f 5299/5299 7101/7101 2817/2817
f 2817/2817 7101/7101 5587/5587
f 2233/2233 7102/7102 7168/7168
f 7168/7168 7102/7102 6686/6686
f 5300/5300 6687/6687 7103/7103
f 146/146 6687/6687 5300/5300
f 6687/6687 146/146 5416/5416
f 2982/2982 3610/3610 2926/2926
f 2929/2929 5300/5300 2818/2818
f 2926/2926 3978/3978 2982/2982
f 3977/3977 2817/2817 5587/5587
f 3977/3977 2927/2927 2817/2817
f 1552/1552 2928/2928 3611/3611
f 5300/5300 2929/2929 1551/1551
f 146/146 1552/1552 5416/5416
f 5300/5300 1551/1551 146/146
f 4569/4569 3977/3977 5587/5587
f 5883/5883 3978/3978 2608/2608
f 2607/2607 3977/3977 4569/4569
f 7207/7207 2845/2845 4206/4206
f 2608/2608 352/352 5883/5883
f 5883/5883 352/352 4207/4207
f 4206/4206 351/351 7207/7207
f 4969/4969 349/349 2607/2607
f 6889/6889 7207/7207 351/351
f 6888/6888 350/350 4970/4970
f 4206/4206 2845/2845 3716/3716
f 4570/4570 2845/2845 7207/7207
f 2845/2845 4570/4570 7927/7927
f 7207/7207 6889/6889 4570/4570
f 3311/3311 7927/7927 6889/6889
f 6889/6889 7927/7927 4570/4570
f 3716/3716 2845/2845 7926/7926
f 7926/7926 3310/3310 3716/3716
f 6131/6131 4045/4045 4613/4613
f 6131/6131 4613/4613 271/271
f 6763/6763 4613/4613 4045/4045
f 1336/1336 7063/7063 3824/3824
f 1336/1336 3824/3824 672/672
f 3740/3740 1336/1336 672/672
f 3740/3740 5797/5797 111/111
f 7252/7252 3681/3681 3159/3159
f 7710/7710 560/560 3159/3159
f 3569/3569 560/560 7710/7710
f 2987/2987 6006/6006 4558/4558
f 2987/2987 4146/4146 6006/6006
f 2987/2987 2218/2218 1191/1191
f 3856/3856 2987/2987 4558/4558
f 1191/1191 2218/2218 6393/6393
f 2218/2218 1957/1957 7978/7978
f 1957/1957 2218/2218 2987/2987
f 1957/1957 2987/2987 3856/3856
f 7978/7978 1957/1957 3856/3856
f 1260/1260 4019/4019 1354/1354
f 635/635 1354/1354 4019/4019
f 4146/4146 1038/1038 6006/6006
f 793/793 4085/4085 1119/1119
f 2322/2322 4019/4019 1260/1260
f 4019/4019 2322/2322 7661/7661
f 7083/7083 635/635 6212/6212
f 2482/2482 7083/7083 6212/6212
f 6212/6212 3479/3479 2520/2520
f 5135/5135 1355/1355 6393/6393
f 1355/1355 5135/5135 1574/1574
f 7007/7007 6393/6393 1355/1355
f 5135/5135 6393/6393 2218/2218
f 5135/5135 2218/2218 1574/1574
f 3681/3681 5757/5757 6393/6393
f 3681/3681 6393/6393 4791/4791
f 7007/7007 4791/4791 6393/6393
f 3159/3159 3681/3681 4791/4791
f 3159/3159 4791/4791 1296/1296
f 1296/1296 4791/4791 5185/5185
f 4792/4792 4791/4791 7007/7007
f 2314/2314 2672/2672 2715/2715
f 4791/4791 4792/4792 5185/5185
f 5185/5185 6460/6460 7629/7629
f 2672/2672 7629/7629 6460/6460
f 2314/2314 2728/2728 2672/2672
f 2728/2728 2314/2314 4529/4529
f 4495/4495 2728/2728 4529/4529
f 6693/6693 4495/4495 1474/1474
f 7629/7629 2728/2728 219/219
f 7629/7629 2672/2672 2728/2728
f 7629/7629 219/219 6170/6170
f 219/219 2728/2728 4495/4495
f 219/219 4495/4495 6693/6693
f 1354/1354 6752/6752 7038/7038
f 1975/1975 1354/1354 635/635
f 6752/6752 1354/1354 1975/1975
f 7038/7038 4893/4893 346/346
f 4893/4893 7038/7038 6752/6752
f 2314/2314 346/346 4893/4893
f 2314/2314 4893/4893 4529/4529
f 1474/1474 6752/6752 1975/1975
f 4893/4893 6752/6752 1474/1474
f 1474/1474 4495/4495 4529/4529
f 4529/4529 4893/4893 1474/1474
f 6105/6105 6693/6693 1474/1474
f 6105/6105 1474/1474 626/626
f 626/626 511/511 6946/6946
f 7083/7083 2482/2482 1975/1975
f 1975/1975 635/635 7083/7083
f 6212/6212 2520/2520 2482/2482
f 1975/1975 2482/2482 1474/1474
f 511/511 2482/2482 2520/2520
f 511/511 2520/2520 3109/3109
f 2482/2482 626/626 1474/1474
f 2482/2482 511/511 626/626
f 2104/2104 2543/2543 2262/2262
f 3997/3997 2104/2104 7834/7834
f 3997/3997 4481/4481 2104/2104
f 2802/2802 4081/4081 5859/5859
f 4132/4132 4481/4481 3997/3997
f 4481/4481 4132/4132 2802/2802
f 2802/2802 4132/4132 4081/4081
f 7630/7630 4969/4969 2607/2607
f 965/965 3310/3310 7631/7631
f 7631/7631 3310/3310 6888/6888
f 7631/7631 6888/6888 4970/4970
f 5375/5375 7630/7630 2607/2607
f 965/965 7631/7631 5374/5374
f 4556/4556 965/965 5374/5374
f 1119/1119 5883/5883 966/966
f 966/966 5883/5883 4207/4207
f 965/965 4205/4205 3716/3716
f 965/965 3716/3716 3310/3310
f 1118/1118 965/965 4556/4556
f 5375/5375 4569/4569 2542/2542
f 5375/5375 2607/2607 4569/4569
f 7150/7150 7774/7774 3747/3747
f 6304/6304 6721/6721 6780/6780
f 6780/6780 6721/6721 3831/3831
f 6721/6721 441/441 3831/3831
f 441/441 3793/3793 3831/3831
f 3793/3793 3748/3748 3831/3831
f 3748/3748 6780/6780 3831/3831
f 6780/6780 3748/3748 7776/7776
f 7776/7776 3291/3291 6780/6780
f 1631/1631 4045/4045 3117/3117
f 1631/1631 3117/3117 5089/5089
f 3967/3967 2009/2009 5090/5090
f 6248/6248 5089/5089 2008/2008
f 7389/7389 5089/5089 6248/6248
f 7389/7389 1631/1631 5089/5089
f 1225/1225 6225/6225 6107/6107
f 6107/6107 1748/1748 1225/1225
f 6248/6248 3612/3612 7389/7389
f 1225/1225 7389/7389 3612/3612
f 3612/3612 6225/6225 1225/1225
f 1631/1631 1225/1225 1748/1748
f 1631/1631 7389/7389 1225/1225
f 5859/5859 271/271 6763/6763
f 2014/2014 6763/6763 4045/4045
f 1631/1631 2014/2014 4045/4045
f 6763/6763 2014/2014 7143/7143
f 1748/1748 6107/6107 3404/3404
f 1809/1809 2007/2007 6107/6107
f 6107/6107 2007/2007 3968/3968
f 6225/6225 1809/1809 6107/6107
f 1938/1938 6248/6248 2008/2008
f 3612/3612 6248/6248 1938/1938
f 3612/3612 1938/1938 6225/6225
f 1938/1938 2007/2007 1809/1809
f 1809/1809 6225/6225 1938/1938
f 3055/3055 3405/3405 1029/1029
f 1029/1029 3405/3405 7493/7493
f 1748/1748 3404/3404 3054/3054
f 3054/3054 7911/7911 1748/1748
f 441/441 6721/6721 854/854
f 7912/7912 3055/3055 1029/1029
f 5486/5486 1748/1748 6304/6304
f 5486/5486 1631/1631 1748/1748
f 6304/6304 7911/7911 6721/6721
f 6304/6304 1748/1748 7911/7911
f 6304/6304 3291/3291 5486/5486
f 6721/6721 7911/7911 854/854
f 7120/7120 441/441 854/854
f 3793/3793 441/441 7120/7120
f 1029/1029 855/855 7912/7912
f 7121/7121 855/855 1029/1029
f 7121/7121 1029/1029 6227/6227
f 3291/3291 6304/6304 6780/6780
f 3793/3793 7120/7120 5650/5650
f 6227/6227 5649/5649 7121/7121
f 5047/5047 6955/6955 4962/4962
f 7775/7775 7151/7151 5172/5172
f 5172/5172 7151/7151 245/245
f 5740/5740 4962/4962 7151/7151
f 7151/7151 4962/4962 245/245
f 7150/7150 3747/3747 5741/5741
f 5740/5740 5047/5047 4962/4962
f 5741/5741 6114/6114 5048/5048
f 4729/4729 3740/3740 111/111
f 5356/5356 4729/4729 111/111
f 5356/5356 111/111 6305/6305
f 6305/6305 111/111 3948/3948
f 2052/2052 5172/5172 245/245
f 5172/5172 2052/2052 7775/7775
f 3792/3792 5741/5741 3747/3747
f 5741/5741 3792/3792 5649/5649
f 6114/6114 5741/5741 5649/5649
f 3291/3291 7776/7776 2053/2053
f 244/244 5356/5356 2054/2054
f 1029/1029 7493/7493 3742/3742
f 6227/6227 1029/1029 3742/3742
f 5649/5649 6227/6227 3742/3742
f 6114/6114 5649/5649 3742/3742
f 2053/2053 127/127 3291/3291
f 126/126 2054/2054 5356/5356
f 3291/3291 127/127 6379/6379
f 2282/2282 5356/5356 6305/6305
f 126/126 5356/5356 2282/2282
f 4809/4809 7317/7317 127/127
f 4808/4808 126/126 2282/2282
f 5351/5351 511/511 3109/3109
f 5351/5351 6946/6946 511/511
f 5351/5351 2502/2502 6946/6946
f 999/999 6139/6139 2502/2502
f 2502/2502 6139/6139 6946/6946
f 999/999 2502/2502 7116/7116
f 7116/7116 1696/1696 999/999
f 5219/5219 6584/6584 2661/2661
f 6584/6584 5219/5219 1696/1696
f 5638/5638 3446/3446 6992/6992
f 3174/3174 3711/3711 3724/3724
f 3446/3446 3711/3711 6992/6992
f 1899/1899 6992/6992 3711/3711
f 3724/3724 4534/4534 3174/3174
f 1899/1899 3711/3711 3174/3174
f 7317/7317 3711/3711 2098/2098
f 7317/7317 6379/6379 127/127
f 3724/3724 7317/7317 4809/4809
f 3711/3711 7317/7317 3724/3724
f 3724/3724 4809/4809 4534/4534
f 5281/5281 4808/4808 2282/2282
f 5281/5281 2282/2282 3042/3042
f 2098/2098 6379/6379 7317/7317
f 4809/4809 5282/5282 4534/4534
f 1899/1899 3174/3174 4534/4534
f 6057/6057 1899/1899 4534/4534
f 1899/1899 3046/3046 6909/6909
f 326/326 6909/6909 3046/3046
f 3046/3046 2103/2103 326/326
f 3046/3046 1899/1899 6057/6057
f 2103/2103 3046/3046 6057/6057
f 6057/6057 4534/4534 530/530
f 2103/2103 6057/6057 2253/2253
f 3664/3664 530/530 5354/5354
f 530/530 2253/2253 6057/6057
f 530/530 3664/3664 2253/2253
f 5354/5354 4534/4534 5282/5282
f 530/530 4534/4534 5354/5354
f 7710/7710 3159/3159 1296/1296
f 3569/3569 7710/7710 176/176
f 261/261 7710/7710 1296/1296
f 176/176 7710/7710 261/261
f 7635/7635 176/176 261/261
f 7014/7014 6887/6887 7635/7635
f 2601/2601 3569/3569 176/176
f 1824/1824 2601/2601 176/176
f 1824/1824 176/176 7200/7200
f 7635/7635 6887/6887 176/176
f 7200/7200 176/176 3157/3157
f 3157/3157 176/176 6887/6887
f 6887/6887 7598/7598 3157/3157
f 6924/6924 3157/3157 7598/7598
f 6278/6278 7598/7598 6887/6887
f 261/261 1296/1296 5185/5185
f 5185/5185 7635/7635 261/261
f 7635/7635 5185/5185 7629/7629
f 6278/6278 6887/6887 7014/7014
f 4067/4067 6278/6278 6170/6170
f 6170/6170 6278/6278 7014/7014
f 7624/7624 6170/6170 6837/6837
f 6278/6278 4067/4067 7598/7598
f 6924/6924 7598/7598 7474/7474
f 7598/7598 4067/4067 7090/7090
f 7598/7598 7090/7090 2042/2042
f 7090/7090 4067/4067 5989/5989
f 2042/2042 5611/5611 5583/5583
f 5611/5611 7090/7090 5989/5989
f 5611/5611 2042/2042 7090/7090
f 5989/5989 4067/4067 7624/7624
f 6170/6170 7624/7624 4067/4067
f 5989/5989 7624/7624 4152/4152
f 5611/5611 5989/5989 4152/4152
f 7014/7014 7635/7635 6170/6170
f 7635/7635 7629/7629 6170/6170
f 6837/6837 6693/6693 5542/5542
f 6837/6837 6170/6170 6693/6693
f 5542/5542 7624/7624 6837/6837
f 5611/5611 5190/5190 5583/5583
f 7484/7484 5900/5900 253/253
f 253/253 3202/3202 7484/7484
f 1819/1819 7484/7484 3202/3202
f 5900/5900 7484/7484 3981/3981
f 3202/3202 253/253 868/868
f 5785/5785 3202/3202 868/868
f 5034/5034 3863/3863 7624/7624
f 3863/3863 4152/4152 7624/7624
f 5034/5034 2320/2320 3863/3863
f 5611/5611 4152/4152 1507/1507
f 3863/3863 1507/1507 4152/4152
f 3863/3863 20/20 1507/1507
f 2320/2320 20/20 3863/3863
f 6441/6441 5771/5771 1949/1949
f 2359/2359 5771/5771 2320/2320
f 5771/5771 2359/2359 1949/1949
f 5542/5542 6693/6693 6105/6105
f 6105/6105 5034/5034 5542/5542
f 5542/5542 5034/5034 7624/7624
f 6105/6105 2320/2320 5034/5034
f 6441/6441 1949/1949 5381/5381
f 6441/6441 5381/5381 5924/5924
f 1949/1949 2359/2359 1863/1863
f 6701/6701 868/868 253/253
f 6701/6701 253/253 5043/5043
f 7651/7651 6701/6701 187/187
f 1998/1998 7651/7651 187/187
f 2463/2463 7651/7651 1998/1998
f 6701/6701 5043/5043 187/187
f 7651/7651 868/868 6701/6701
f 7651/7651 2463/2463 868/868
f 5785/5785 868/868 2463/2463
f 4737/4737 5192/5192 5870/5870
f 4737/4737 5870/5870 7012/7012
f 2463/2463 1998/1998 7330/7330
f 7330/7330 1998/1998 187/187
f 7330/7330 187/187 7012/7012
f 7012/7012 5870/5870 7330/7330
f 2463/2463 7330/7330 6672/6672
f 7330/7330 5870/5870 6672/6672
f 6672/6672 5192/5192 5328/5328
f 6672/6672 5328/5328 2463/2463
f 7012/7012 187/187 5043/5043
f 5870/5870 5192/5192 6672/6672
f 976/976 1819/1819 3202/3202
f 976/976 3202/3202 5785/5785
f 976/976 5785/5785 2463/2463
f 1344/1344 2255/2255 976/976
f 976/976 2463/2463 1344/1344
f 1344/1344 2463/2463 5328/5328
f 5192/5192 4737/4737 5081/5081
f 5192/5192 5081/5081 956/956
f 956/956 5081/5081 1668/1668
f 956/956 5328/5328 5192/5192
f 1668/1668 4907/4907 956/956
f 5328/5328 956/956 4907/4907
f 1344/1344 5328/5328 5359/5359
f 5328/5328 4907/4907 6040/6040
f 2654/2654 4907/4907 1668/1668
f 6040/6040 4907/4907 2654/2654
f 1668/1668 5465/5465 2654/2654
f 314/314 1851/1851 5043/5043
f 5509/5509 7012/7012 5043/5043
f 5509/5509 5043/5043 5058/5058
f 5058/5058 5043/5043 1851/1851
f 5509/5509 6474/6474 7012/7012
f 308/308 3664/3664 5354/5354
f 5461/5461 2253/2253 3664/3664
f 1126/1126 3664/3664 308/308
f 308/308 5354/5354 5282/5282
f 3042/3042 309/309 5281/5281
f 3664/3664 4622/4622 5461/5461
f 3664/3664 1126/1126 4622/4622
f 7827/7827 4622/4622 5151/5151
f 1126/1126 6559/6559 4622/4622
f 6560/6560 1127/1127 6961/6961
f 5151/5151 4622/4622 6559/6559
f 3042/3042 1127/1127 309/309
f 6961/6961 1127/1127 3042/3042
f 1851/1851 3510/3510 5058/5058
f 5422/5422 6229/6229 7993/7993
f 2834/2834 5422/5422 7993/7993
f 3068/3068 313/313 5189/5189
f 5422/5422 2834/2834 3108/3108
f 2237/2237 3108/3108 2834/2834
f 5422/5422 3108/3108 5189/5189
f 3108/3108 3068/3068 5189/5189
f 3108/3108 2237/2237 1587/1587
f 1587/1587 3068/3068 3108/3108
f 1587/1587 2237/2237 3068/3068
f 3068/3068 2237/2237 4169/4169
f 3510/3510 7828/7828 5152/5152
f 5152/5152 6561/6561 3510/3510
f 4539/4539 3510/3510 6561/6561
f 5644/5644 6560/6560 6961/6961
f 4325/4325 6961/6961 3042/3042
f 5644/5644 6961/6961 4325/4325
f 3510/3510 4539/4539 5058/5058
f 5644/5644 4538/4538 6560/6560
f 5057/5057 4538/4538 5644/5644
f 5644/5644 6580/6580 5057/5057
f 1122/1122 5081/5081 4737/4737
f 4221/4221 1122/1122 4737/4737
f 4737/4737 7012/7012 4221/4221
f 6376/6376 1668/1668 5081/5081
f 6376/6376 5081/5081 1122/1122
f 1122/1122 1553/1553 6376/6376
f 6376/6376 1553/1553 3212/3212
f 5465/5465 6376/6376 3212/3212
f 1122/1122 4221/4221 1553/1553
f 3212/3212 1553/1553 6361/6361
f 6361/6361 1553/1553 4221/4221
f 91/91 3212/3212 6361/6361
f 4221/4221 6474/6474 6425/6425
f 4221/4221 6425/6425 6361/6361
f 6361/6361 7969/7969 91/91
f 7969/7969 6361/6361 6425/6425
f 6475/6475 4878/4878 6424/6424
f 5465/5465 1668/1668 6376/6376
f 3212/3212 2775/2775 5465/5465
f 3212/3212 91/91 2775/2775
f 4221/4221 7012/7012 6474/6474
f 1376/1376 90/90 7968/7968
f 2776/2776 90/90 1376/1376
f 1573/1573 7968/7968 6424/6424
f 1968/1968 1376/1376 7968/7968
f 4878/4878 1573/1573 6424/6424
f 1573/1573 1968/1968 7968/7968
f 6475/6475 3413/3413 4878/4878
f 1573/1573 4878/4878 6918/6918
f 6475/6475 5508/5508 3413/3413
f 1573/1573 2197/2197 1968/1968
f 2197/2197 1573/1573 6918/6918
f 2146/2146 1344/1344 5108/5108
f 2146/2146 2255/2255 1344/1344
f 5108/5108 6472/6472 4358/4358
f 4724/4724 6472/6472 3124/3124
f 4724/4724 3124/3124 3601/3601
f 952/952 5813/5813 3601/3601
f 5813/5813 2257/2257 3601/3601
f 5108/5108 1344/1344 5359/5359
f 6472/6472 5108/5108 7070/7070
f 7070/7070 5359/5359 360/360
f 5359/5359 5328/5328 360/360
f 360/360 5328/5328 6040/6040
f 6040/6040 1114/1114 360/360
f 3066/3066 360/360 1114/1114
f 5359/5359 7070/7070 5108/5108
f 3124/3124 6472/6472 1990/1990
f 3601/3601 3124/3124 952/952
f 7070/7070 360/360 1990/1990
f 1990/1990 6472/6472 7070/7070
f 1990/1990 360/360 3066/3066
f 6511/6511 1990/1990 3066/3066
f 6500/6500 6511/6511 3066/3066
f 6500/6500 952/952 6511/6511
f 1990/1990 6511/6511 3124/3124
f 6511/6511 952/952 3124/3124
f 3177/3177 5813/5813 952/952
f 6041/6041 2655/2655 1113/1113
f 1113/1113 2655/2655 450/450
f 1113/1113 450/450 6128/6128
f 2655/2655 5464/5464 450/450
f 6194/6194 5464/5464 2776/2776
f 5464/5464 6194/6194 450/450
f 3066/3066 1114/1114 6500/6500
f 1114/1114 6129/6129 6500/6500
f 6500/6500 3177/3177 952/952
f 6129/6129 3177/3177 6500/6500
f 6128/6128 450/450 1155/1155
f 6128/6128 1155/1155 426/426
f 425/425 3177/3177 6129/6129
f 5096/5096 643/643 7325/7325
f 7325/7325 5813/5813 5096/5096
f 5813/5813 3710/3710 5096/5096
f 4049/4049 5096/5096 3710/3710
f 4049/4049 3710/3710 1156/1156
f 5663/5663 4049/4049 1156/1156
f 1156/1156 3710/3710 5813/5813
f 5813/5813 3177/3177 7876/7876
f 5792/5792 2776/2776 1376/1376
f 2776/2776 5792/5792 6194/6194
f 1155/1155 450/450 6194/6194
f 1155/1155 6194/6194 5792/5792
f 5792/5792 1376/1376 1968/1968
f 5792/5792 1968/1968 7861/7861
f 1155/1155 5792/5792 7861/7861
f 7861/7861 1968/1968 4407/4407
f 425/425 7876/7876 3177/3177
f 7877/7877 426/426 2853/2853
f 426/426 1155/1155 2853/2853
f 2853/2853 1155/1155 7861/7861
f 2853/2853 750/750 7877/7877
f 7559/7559 2853/2853 7861/7861
f 7559/7559 750/750 2853/2853
f 7559/7559 7861/7861 4407/4407
f 7514/7514 2197/2197 5513/5513
f 4407/4407 1968/1968 2197/2197
f 7559/7559 4407/4407 7514/7514
f 4407/4407 2197/2197 7514/7514
f 4862/4862 5813/5813 7876/7876
f 5813/5813 4862/4862 1970/1970
f 1970/1970 1156/1156 5813/5813
f 1156/1156 1970/1970 6750/6750
f 1156/1156 6750/6750 5663/5663
f 4072/4072 1970/1970 4862/4862
f 750/750 4861/4861 7877/7877
f 4072/4072 6627/6627 7051/7051
f 6628/6628 4073/4073 6318/6318
f 6628/6628 6318/6318 4756/4756
f 6318/6318 4861/4861 750/750
f 4861/4861 6318/6318 4073/4073
f 4072/4072 6750/6750 1970/1970
f 6750/6750 4072/4072 7051/7051
f 6750/6750 7051/7051 5663/5663
f 5663/5663 7051/7051 6627/6627
f 3004/3004 5663/5663 6627/6627
f 3004/3004 6627/6627 4755/4755
f 750/750 4756/4756 6318/6318
f 7559/7559 2976/2976 750/750
f 2976/2976 7559/7559 7514/7514
f 7871/7871 3004/3004 4755/4755
f 750/750 7719/7719 4756/4756
f 7719/7719 7870/7870 4756/4756
f 5663/5663 3004/3004 6082/6082
f 4113/4113 3004/3004 7871/7871
f 355/355 5663/5663 6082/6082
f 643/643 3798/3798 2671/2671
f 3798/3798 643/643 6257/6257
f 3798/3798 1445/1445 605/605
f 1445/1445 4385/4385 605/605
f 4811/4811 3798/3798 6257/6257
f 1504/1504 1445/1445 4811/4811
f 4811/4811 1445/1445 3798/3798
f 1504/1504 4385/4385 1445/1445
f 5096/5096 4049/4049 643/643
f 4049/4049 6257/6257 643/643
f 6257/6257 4049/4049 5663/5663
f 355/355 6257/6257 5663/5663
f 7095/7095 355/355 6082/6082
f 6082/6082 3165/3165 7095/7095
f 3165/3165 6913/6913 7095/7095
f 6913/6913 3165/3165 7591/7591
f 3004/3004 4113/4113 3165/3165
f 3165/3165 6082/6082 3004/3004
f 664/664 7591/7591 3165/3165
f 664/664 3165/3165 4113/4113
f 50/50 7095/7095 6913/6913
f 4301/4301 6913/6913 7591/7591
f 6205/6205 355/355 50/50
f 355/355 7095/7095 50/50
f 4301/4301 50/50 6913/6913
f 4301/4301 7591/7591 7811/7811
f 6257/6257 355/355 6205/6205
f 4208/4208 6205/6205 50/50
f 6382/6382 6205/6205 4208/4208
f 4301/4301 6504/6504 50/50
f 6504/6504 4208/4208 50/50
f 456/456 4208/4208 6504/6504
f 2888/2888 1969/1969 5558/5558
f 5558/5558 1139/1139 2888/2888
f 6056/6056 5558/5558 6801/6801
f 755/755 6056/6056 6801/6801
f 7591/7591 664/664 5349/5349
f 7811/7811 7591/7591 5349/5349
f 2647/2647 4301/4301 7811/7811
f 6504/6504 4301/4301 2647/2647
f 5013/5013 7811/7811 5349/5349
f 1139/1139 5013/5013 5349/5349
f 5558/5558 6056/6056 1139/1139
f 3076/3076 2647/2647 5013/5013
f 2647/2647 7811/7811 5013/5013
f 1139/1139 6056/6056 3619/3619
f 624/624 7846/7846 2188/2188
f 97/97 2188/2188 5648/5648
f 5648/5648 6452/6452 97/97
f 3245/3245 222/222 7335/7335
f 401/401 7335/7335 222/222
f 6452/6452 5648/5648 401/401
f 5448/5448 1115/1115 3245/3245
f 624/624 2188/2188 97/97
f 4829/4829 97/97 6452/6452
f 4829/4829 6452/6452 3602/3602
f 3220/3220 3589/3589 4829/4829
f 4829/4829 3602/3602 972/972
f 1115/1115 2687/2687 1500/1500
f 6452/6452 401/401 3602/3602
f 1500/1500 2974/2974 4680/4680
f 1500/1500 4680/4680 2829/2829
f 2829/2829 32/32 3602/3602
f 32/32 2829/2829 4680/4680
f 32/32 972/972 3602/3602
f 32/32 3995/3995 972/972
f 3995/3995 32/32 4680/4680
f 437/437 3220/3220 3435/3435
f 3435/3435 3220/3220 972/972
f 972/972 3220/3220 4829/4829
f 972/972 6836/6836 3435/3435
f 4119/4119 438/438 3436/3436
f 438/438 4119/4119 6047/6047
f 4119/4119 680/680 1994/1994
f 680/680 4119/4119 3436/3436
f 6836/6836 972/972 3995/3995
f 2293/2293 6836/6836 3995/3995
f 2293/2293 3995/3995 2259/2259
f 2259/2259 3995/3995 4996/4996
f 4996/4996 3995/3995 4680/4680
f 4996/4996 4680/4680 2778/2778
f 2259/2259 4154/4154 2293/2293
f 4154/4154 2259/2259 4996/4996
f 5674/5674 7874/7874 4154/4154
f 5230/5230 1994/1994 680/680
f 1994/1994 5230/5230 376/376
f 680/680 5541/5541 5230/5230
f 680/680 3436/3436 7784/7784
f 7783/7783 3435/3435 6836/6836
f 7783/7783 6836/6836 5007/5007
f 3481/3481 7783/7783 5007/5007
f 680/680 7784/7784 3482/3482
f 4329/4329 680/680 3482/3482
f 2293/2293 3253/3253 6836/6836
f 5007/5007 6836/6836 3253/3253
f 3253/3253 2293/2293 4154/4154
f 5541/5541 680/680 4329/4329
f 3025/3025 5230/5230 5541/5541
f 1039/1039 3180/3180 1937/1937
f 376/376 5230/5230 3025/3025
f 376/376 3025/3025 748/748
f 1039/1039 376/376 748/748
f 748/748 3180/3180 1039/1039
f 748/748 3025/3025 3656/3656
f 4698/4698 5541/5541 4329/4329
f 795/795 5541/5541 4698/4698
f 5541/5541 795/795 3025/3025
f 3656/3656 3025/3025 795/795
f 795/795 4085/4085 3656/3656
f 1115/1115 5448/5448 3992/3992
f 3992/3992 2687/2687 1115/1115
f 2687/2687 2974/2974 1500/1500
f 2969/2969 1026/1026 3992/3992
f 4482/4482 1026/1026 3784/3784
f 2778/2778 4680/4680 2974/2974
f 2778/2778 2974/2974 4482/4482
f 1480/1480 7108/7108 2969/2969
f 3784/3784 2969/2969 7108/7108
f 1480/1480 3645/3645 7108/7108
f 5329/5329 3784/3784 7108/7108
f 2778/2778 3273/3273 4996/4996
f 3784/3784 5329/5329 4482/4482
f 2778/2778 4482/4482 7313/7313
f 7313/7313 4482/4482 5329/5329
f 4903/4903 5674/5674 3273/3273
f 5674/5674 4903/4903 7874/7874
f 4903/4903 3273/3273 2778/2778
f 2778/2778 4675/4675 4903/4903
f 4675/4675 2778/2778 7313/7313
f 4675/4675 7313/7313 2827/2827
f 5329/5329 3645/3645 4012/4012
f 5329/5329 7108/7108 3645/3645
f 7313/7313 5329/5329 790/790
f 7313/7313 790/790 2827/2827
f 1348/1348 790/790 5329/5329
f 316/316 790/790 1348/1348
f 770/770 2732/2732 2827/2827
f 2732/2732 4675/4675 2827/2827
f 5234/5234 2827/2827 790/790
f 5234/5234 790/790 3497/3497
f 3497/3497 790/790 316/316
f 3497/3497 316/316 6130/6130
f 1348/1348 5329/5329 4012/4012
f 1348/1348 4012/4012 205/205
f 3878/3878 205/205 4012/4012
f 205/205 3878/3878 7272/7272
f 7272/7272 5964/5964 4651/4651
f 4651/4651 205/205 7272/7272
f 1348/1348 205/205 1607/1607
f 1607/1607 205/205 6605/6605
f 2/2 1607/1607 6605/6605
f 6130/6130 316/316 1348/1348
f 1510/1510 1348/1348 1607/1607
f 6130/6130 1348/1348 1510/1510
f 6131/6131 3117/3117 4045/4045
f 6130/6130 1510/1510 3116/3116
f 3116/3116 1510/1510 5090/5090
f 5090/5090 1510/1510 3967/3967
f 4613/4613 6763/6763 271/271
f 1510/1510 1607/1607 3967/3967
f 3967/3967 1607/1607 2/2
f 2/2 3405/3405 3967/3967
f 2/2 7493/7493 3405/3405
f 4651/4651 5964/5964 7063/7063
f 1336/1336 4651/4651 7063/7063
f 4651/4651 4725/4725 205/205
f 205/205 4725/4725 6605/6605
f 1336/1336 4725/4725 4651/4651
f 5797/5797 3740/3740 672/672
f 3740/3740 4725/4725 1336/1336
f 3694/3694 6605/6605 4725/4725
f 3694/3694 2/2 6605/6605
f 4505/4505 2/2 3694/3694
f 3740/3740 3694/3694 4725/4725
f 6953/6953 3694/3694 3740/3740
f 692/692 7978/7978 3856/3856
f 71/71 2218/2218 7978/7978
f 692/692 3856/3856 4558/4558
f 692/692 4558/4558 7941/7941
f 4558/4558 2322/2322 1260/1260
f 1260/1260 7941/7941 4558/4558
f 6007/6007 7978/7978 1182/1182
f 7978/7978 692/692 1182/1182
f 1182/1182 692/692 7941/7941
f 1354/1354 7941/7941 1260/1260
f 1936/1936 6006/6006 1038/1038
f 6006/6006 1936/1936 7831/7831
f 6006/6006 7831/7831 5323/5323
f 7830/7830 1937/1937 3180/3180
f 3185/3185 5323/5323 7831/7831
f 7830/7830 3180/3180 3184/3184
f 3002/3002 3184/3184 3180/3180
f 3003/3003 4882/4882 3185/3185
f 4882/4882 5323/5323 3185/3185
f 3002/3002 3180/3180 748/748
f 3002/3002 748/748 3656/3656
f 3657/3657 4882/4882 3003/3003
f 6006/6006 2322/2322 4558/4558
f 2322/2322 6006/6006 5323/5323
f 2322/2322 5323/5323 7661/7661
f 7661/7661 5323/5323 4882/4882
f 4882/4882 3479/3479 7661/7661
f 3657/3657 4086/4086 792/792
f 4882/4882 3657/3657 4556/4556
f 3479/3479 4882/4882 4556/4556
f 4556/4556 3657/3657 792/792
f 4556/4556 792/792 1118/1118
f 3479/3479 4556/4556 3607/3607
f 4019/4019 7661/7661 635/635
f 635/635 7661/7661 6212/6212
f 6212/6212 7661/7661 3479/3479
f 4792/4792 1355/1355 1574/1574
f 2715/2715 4792/4792 346/346
f 71/71 1574/1574 2218/2218
f 1574/1574 71/71 7038/7038
f 4792/4792 1574/1574 346/346
f 7007/7007 1355/1355 4792/4792
f 4792/4792 2715/2715 6460/6460
f 2715/2715 346/346 2314/2314
f 6460/6460 2715/2715 2672/2672
f 6460/6460 5185/5185 4792/4792
f 219/219 6693/6693 6170/6170
f 71/71 7978/7978 6007/6007
f 6007/6007 7038/7038 71/71
f 6007/6007 1182/1182 1354/1354
f 1182/1182 7941/7941 1354/1354
f 1354/1354 7038/7038 6007/6007
f 346/346 1574/1574 7038/7038
f 626/626 5671/5671 6105/6105
f 5671/5671 626/626 3574/3574
f 5859/5859 7143/7143 2802/2802
f 2724/2724 2104/2104 4481/4481
f 2724/2724 4481/4481 7743/7743
f 7743/7743 4481/4481 5184/5184
f 5184/5184 4481/4481 2802/2802
f 5184/5184 2802/2802 7143/7143
f 5184/5184 7143/7143 3005/3005
f 5927/5927 5184/5184 3005/3005
f 1210/1210 7743/7743 1092/1092
f 1092/1092 7743/7743 5184/5184
f 1092/1092 5184/5184 5927/5927
f 1210/1210 1092/1092 1450/1450
f 1092/1092 5927/5927 1111/1111
f 1450/1450 1092/1092 330/330
f 3607/3607 4556/4556 5374/5374
f 5374/5374 2543/2543 2724/2724
f 2543/2543 2104/2104 2724/2724
f 2724/2724 3607/3607 5374/5374
f 3607/3607 1210/1210 3479/3479
f 1210/1210 3607/3607 2724/2724
f 2520/2520 3479/3479 3109/3109
f 3109/3109 3479/3479 1210/1210
f 3109/3109 1210/1210 1450/1450
f 1210/1210 2724/2724 7743/7743
f 5859/5859 6763/6763 7143/7143
f 6107/6107 3968/3968 3404/3404
f 5486/5486 2014/2014 1631/1631
f 5927/5927 5486/5486 3291/3291
f 3005/3005 2014/2014 5486/5486
f 3005/3005 7143/7143 2014/2014
f 5927/5927 3005/3005 5486/5486
f 244/244 3740/3740 4729/4729
f 244/244 4729/4729 5356/5356
f 244/244 6954/6954 3740/3740
f 245/245 4962/4962 6955/6955
f 4505/4505 3694/3694 6953/6953
f 7493/7493 2/2 4505/4505
f 3742/3742 7493/7493 4505/4505
f 4505/4505 6953/6953 5048/5048
f 6114/6114 3742/3742 5048/5048
f 5048/5048 3742/3742 4505/4505
f 1111/1111 5927/5927 3291/3291
f 1111/1111 3291/3291 5973/5973
f 6379/6379 5973/5973 3291/3291
f 1111/1111 330/330 1092/1092
f 330/330 1111/1111 5973/5973
f 330/330 5973/5973 6379/6379
f 2098/2098 330/330 6379/6379
f 5351/5351 3109/3109 1450/1450
f 7970/7970 5351/5351 1450/1450
f 7970/7970 1450/1450 330/330
f 5417/5417 3294/3294 4109/4109
f 3294/3294 4432/4432 4109/4109
f 2661/2661 4432/4432 3294/3294
f 5351/5351 7970/7970 2502/2502
f 3574/3574 626/626 6946/6946
f 6139/6139 3574/3574 6946/6946
f 3574/3574 6139/6139 999/999
f 2435/2435 3206/3206 3362/3362
f 6908/6908 2435/2435 3362/3362
f 2435/2435 6908/6908 5702/5702
f 5702/5702 6908/6908 1992/1992
f 6908/6908 5970/5970 1992/1992
f 5970/5970 6908/6908 3362/3362
f 1867/1867 4432/4432 3206/3206
f 4432/4432 3362/3362 3206/3206
f 2661/2661 3362/3362 4432/4432
f 5417/5417 4109/4109 2738/2738
f 2738/2738 4109/4109 1867/1867
f 1867/1867 4109/4109 4432/4432
f 1867/1867 3206/3206 2435/2435
f 1867/1867 2435/2435 5702/5702
f 3362/3362 6584/6584 5970/5970
f 2661/2661 6584/6584 3362/3362
f 2738/2738 1867/1867 5702/5702
f 7116/7116 2502/2502 7970/7970
f 7970/7970 944/944 7116/7116
f 1696/1696 7116/7116 944/944
f 5219/5219 2661/2661 7682/7682
f 5219/5219 7682/7682 999/999
f 1696/1696 5219/5219 999/999
f 5970/5970 6584/6584 463/463
f 1696/1696 463/463 6584/6584
f 3059/3059 330/330 2098/2098
f 3446/3446 3059/3059 2098/2098
f 3446/3446 2098/2098 3711/3711
f 7079/7079 944/944 3059/3059
f 7079/7079 3059/3059 3446/3446
f 944/944 7970/7970 330/330
f 944/944 330/330 3059/3059
f 5638/5638 1992/1992 5970/5970
f 6992/6992 1992/1992 5638/5638
f 5702/5702 1992/1992 6992/6992
f 6992/6992 1899/1899 5702/5702
f 6909/6909 5702/5702 1899/1899
f 5970/5970 463/463 5638/5638
f 5638/5638 463/463 3446/3446
f 3446/3446 463/463 7079/7079
f 1696/1696 944/944 7079/7079
f 463/463 1696/1696 7079/7079
f 4290/4290 7087/7087 6441/6441
f 7087/7087 5771/5771 6441/6441
f 2359/2359 2320/2320 4126/4126
f 20/20 2320/2320 5771/5771
f 5924/5924 5381/5381 3745/3745
f 4290/4290 6441/6441 5924/5924
f 4290/4290 5924/5924 3458/3458
f 1863/1863 2359/2359 4126/4126
f 3745/3745 5381/5381 1949/1949
f 1209/1209 3458/3458 5924/5924
f 3937/3937 3745/3745 1949/1949
f 3937/3937 1949/1949 1863/1863
f 1863/1863 4126/4126 3896/3896
f 5671/5671 2320/2320 6105/6105
f 5671/5671 3896/3896 2320/2320
f 4126/4126 2320/2320 3896/3896
f 5671/5671 3574/3574 3896/3896
f 3574/3574 1863/1863 3896/3896
f 1507/1507 674/674 5611/5611
f 5190/5190 5611/5611 674/674
f 5825/5825 674/674 7087/7087
f 674/674 20/20 7087/7087
f 674/674 1507/1507 20/20
f 674/674 77/77 5190/5190
f 77/77 674/674 5825/5825
f 20/20 5771/5771 7087/7087
f 5825/5825 7087/7087 4290/4290
f 4238/4238 5900/5900 3981/3981
f 3230/3230 5900/5900 4238/4238
f 5900/5900 3230/3230 5043/5043
f 5900/5900 5043/5043 253/253
f 4290/4290 3458/3458 2173/2173
f 2173/2173 5825/5825 4290/4290
f 2173/2173 3458/3458 1209/1209
f 1209/1209 3056/3056 2173/2173
f 7993/7993 3056/3056 1209/1209
f 2779/2779 3647/3647 3231/3231
f 314/314 3230/3230 3646/3646
f 3646/3646 7034/7034 314/314
f 314/314 5043/5043 3230/3230
f 2738/2738 1117/1117 5417/5417
f 5924/5924 3745/3745 1117/1117
f 5924/5924 1117/1117 2738/2738
f 5417/5417 1117/1117 3294/3294
f 3294/3294 1117/1117 3745/3745
f 1362/1362 3294/3294 3745/3745
f 3937/3937 1362/1362 3745/3745
f 1362/1362 3937/3937 1863/1863
f 3294/3294 1362/1362 2661/2661
f 1209/1209 5924/5924 2738/2738
f 1863/1863 3574/3574 7682/7682
f 7682/7682 1362/1362 1863/1863
f 999/999 7682/7682 3574/3574
f 2661/2661 1362/1362 7682/7682
f 6909/6909 2738/2738 5702/5702
f 6347/6347 2738/2738 6909/6909
f 7993/7993 1209/1209 2834/2834
f 2834/2834 1209/1209 6347/6347
f 2834/2834 6347/6347 2237/2237
f 6347/6347 1209/1209 2738/2738
f 6347/6347 4357/4357 4415/4415
f 2237/2237 6347/6347 4415/4415
f 7470/7470 4415/4415 473/473
f 4357/4357 473/473 4415/4415
f 473/473 4357/4357 1615/1615
f 7470/7470 473/473 1615/1615
f 6347/6347 6909/6909 326/326
f 326/326 2103/2103 6347/6347
f 2103/2103 4357/4357 6347/6347
f 2253/2253 5461/5461 2103/2103
f 4357/4357 2103/2103 5461/5461
f 7675/7675 5461/5461 4622/4622
f 7675/7675 4357/4357 5461/5461
f 1615/1615 4357/4357 7675/7675
f 4622/4622 7827/7827 7675/7675
f 1615/1615 7675/7675 7827/7827
f 5189/5189 313/313 7769/7769
f 314/314 7034/7034 7771/7771
f 7033/7033 7807/7807 7770/7770
f 7807/7807 7993/7993 7770/7770
f 7993/7993 6229/6229 7770/7770
f 6229/6229 5189/5189 7769/7769
f 1398/1398 313/313 3068/3068
f 3068/3068 4169/4169 1398/1398
f 2237/2237 4415/4415 7470/7470
f 7470/7470 4169/4169 2237/2237
f 7470/7470 1615/1615 3828/3828
f 7470/7470 3828/3828 4169/4169
f 4169/4169 3828/3828 1398/1398
f 314/314 1397/1397 1851/1851
f 4077/4077 1398/1398 3828/3828
f 3828/3828 1615/1615 4077/4077
f 1851/1851 1397/1397 4076/4076
f 3510/3510 1851/1851 4076/4076
f 7828/7828 3510/3510 4076/4076
f 4077/4077 1615/1615 7827/7827
f 4751/4751 4449/4449 6171/6171
f 6976/6976 2140/2140 4449/4449
f 4449/4449 990/990 6976/6976
f 4449/4449 4751/4751 990/990
f 2140/2140 6976/6976 3697/3697
f 3265/3265 3697/3697 6976/6976
f 3697/3697 3265/3265 798/798
f 6702/6702 2118/2118 798/798
f 4860/4860 5565/5565 2118/2118
f 6702/6702 4860/4860 2118/2118
f 5565/5565 4860/4860 7612/7612
f 7612/7612 4860/4860 981/981
f 3948/3948 7612/7612 2996/2996
f 7612/7612 981/981 789/789
f 4860/4860 6702/6702 981/981
f 6231/6231 6976/6976 990/990
f 6231/6231 3265/3265 6976/6976
f 6420/6420 798/798 3265/3265
f 798/798 6420/6420 6702/6702
f 3265/3265 6231/6231 6420/6420
f 1742/1742 1709/1709 2087/2087
f 2086/2086 662/662 6402/6402
f 4515/4515 2086/2086 6402/6402
f 1494/1494 3699/3699 1743/1743
f 1494/1494 1743/1743 7204/7204
f 3700/3700 6562/6562 1106/1106
f 3462/3462 6562/6562 3700/3700
f 7915/7915 4427/4427 1106/1106
f 6562/6562 7915/7915 1106/1106
f 6562/6562 3462/3462 3870/3870
f 3870/3870 7915/7915 6562/6562
f 1743/1743 3699/3699 7806/7806
f 3462/3462 3700/3700 1493/1493
f 6530/6530 3870/3870 3462/3462
f 7761/7761 3462/3462 1493/1493
f 1280/1280 539/539 7915/7915
f 1280/1280 5131/5131 539/539
f 3976/3976 5131/5131 1280/1280
f 752/752 1280/1280 7915/7915
f 6530/6530 752/752 3870/3870
f 7915/7915 3870/3870 752/752
f 7932/7932 3976/3976 1280/1280
f 7932/7932 4604/4604 3976/3976
f 1845/1845 3976/3976 4604/4604
f 1280/1280 752/752 7932/7932
f 1797/1797 7932/7932 752/752
f 4604/4604 7932/7932 1797/1797
f 6878/6878 4604/4604 1797/1797
f 1845/1845 2021/2021 3976/3976
f 6878/6878 1845/1845 4604/4604
f 6608/6608 1845/1845 6878/6878
f 1845/1845 6608/6608 3955/3955
f 888/888 7489/7489 3955/3955
f 2021/2021 3955/3955 7489/7489
f 1845/1845 3955/3955 2021/2021
f 7477/7477 752/752 6530/6530
f 6608/6608 6878/6878 1797/1797
f 752/752 6608/6608 1797/1797
f 7477/7477 6530/6530 3462/3462
f 752/752 7477/7477 6004/6004
f 6608/6608 752/752 6004/6004
f 975/975 3628/3628 496/496
f 649/649 3628/3628 975/975
f 496/496 888/888 6608/6608
f 6608/6608 888/888 3955/3955
f 496/496 3628/3628 888/888
f 5199/5199 2619/2619 5802/5802
f 888/888 106/106 7489/7489
f 5802/5802 106/106 7662/7662
f 1577/1577 6890/6890 7662/7662
f 5802/5802 7662/7662 5199/5199
f 6890/6890 5199/5199 7662/7662
f 2475/2475 305/305 5199/5199
f 3628/3628 649/649 5831/5831
f 4881/4881 3628/3628 5831/5831
f 3628/3628 106/106 888/888
f 4881/4881 6724/6724 106/106
f 6724/6724 3705/3705 106/106
f 7662/7662 106/106 3705/3705
f 7662/7662 3705/3705 1577/1577
f 1577/1577 3705/3705 6724/6724
f 4588/4588 1577/1577 6724/6724
f 6724/6724 7191/7191 4588/4588
f 2475/2475 1577/1577 4588/4588
f 3628/3628 4881/4881 106/106
f 7191/7191 6724/6724 4881/4881
f 7735/7735 7191/7191 4881/4881
f 7191/7191 444/444 4588/4588
f 6641/6641 444/444 7191/7191
f 3333/3333 1077/1077 7763/7763
f 1077/1077 3333/3333 4894/4894
f 6927/6927 2324/2324 5019/5019
f 1996/1996 7308/7308 2792/2792
f 5935/5935 7308/7308 1996/1996
f 1626/1626 2792/2792 7308/7308
f 2792/2792 1246/1246 5618/5618
f 1246/1246 2792/2792 1626/1626
f 6802/6802 5618/5618 1246/1246
f 6927/6927 1996/1996 2792/2792
f 5618/5618 6927/6927 2792/2792
f 831/831 4425/4425 4779/4779
f 6803/6803 2318/2318 5580/5580
f 4427/4427 6803/6803 5580/5580
f 6803/6803 6295/6295 2318/2318
f 6295/6295 1324/1324 7391/7391
f 6803/6803 1324/1324 6295/6295
f 7915/7915 1324/1324 6803/6803
f 7915/7915 7954/7954 1324/1324
f 7391/7391 2318/2318 6295/6295
f 6802/6802 3841/3841 5618/5618
f 3509/3509 3841/3841 6802/6802
f 5618/5618 2324/2324 6927/6927
f 3841/3841 2324/2324 5618/5618
f 7097/7097 1024/1024 7308/7308
f 125/125 1024/1024 7097/7097
f 7308/7308 1024/1024 1018/1018
f 6375/6375 1018/1018 1024/1024
f 6375/6375 1024/1024 1290/1290
f 1290/1290 1024/1024 125/125
f 4257/4257 1018/1018 6375/6375
f 1018/1018 1626/1626 7308/7308
f 4628/4628 1626/1626 1018/1018
f 4257/4257 4628/4628 1018/1018
f 6997/6997 1290/1290 7254/7254
f 1290/1290 6997/6997 4802/4802
f 4802/4802 6375/6375 1290/1290
f 4257/4257 6375/6375 4802/4802
f 3654/3654 4257/4257 4802/4802
f 7578/7578 4802/4802 3300/3300
f 4802/4802 6997/6997 3300/3300
f 1828/1828 3654/3654 4802/4802
f 662/662 2086/2086 5215/5215
f 1246/1246 1626/1626 4628/4628
f 1106/1106 4427/4427 5580/5580
f 5580/5580 4161/4161 1106/1106
f 6803/6803 4427/4427 7915/7915
f 3333/3333 7763/7763 5019/5019
f 5019/5019 2324/2324 3333/3333
f 3333/3333 2324/2324 7229/7229
f 3841/3841 7229/7229 2324/2324
f 3841/3841 899/899 7229/7229
f 3027/3027 7229/7229 899/899
f 5220/5220 7229/7229 3027/3027
f 5220/5220 3333/3333 7229/7229
f 3333/3333 5220/5220 618/618
f 1591/1591 618/618 5220/5220
f 3333/3333 618/618 4894/4894
f 2559/2559 618/618 1591/1591
f 4891/4891 618/618 2559/2559
f 7462/7462 4891/4891 2559/2559
f 457/457 5220/5220 3027/3027
f 1591/1591 5220/5220 457/457
f 6675/6675 1591/1591 457/457
f 4891/4891 4894/4894 618/618
f 3315/3315 1988/1988 6439/6439
f 1988/1988 742/742 6439/6439
f 742/742 4522/4522 6439/6439
f 2628/2628 1674/1674 936/936
f 7954/7954 5131/5131 1324/1324
f 1324/1324 5131/5131 5714/5714
f 7391/7391 1324/1324 5714/5714
f 1084/1084 936/936 5714/5714
f 1084/1084 5714/5714 1838/1838
f 1084/1084 2628/2628 936/936
f 4975/4975 1674/1674 2628/2628
f 2856/2856 4975/4975 6912/6912
f 2856/2856 6003/6003 4975/4975
f 6003/6003 2856/2856 1411/1411
f 2469/2469 2628/2628 1084/1084
f 1838/1838 6912/6912 2469/2469
f 1084/1084 1838/1838 2469/2469
f 1838/1838 2934/2934 6912/6912
f 6912/6912 2628/2628 2469/2469
f 4975/4975 2628/2628 6912/6912
f 5342/5342 2567/2567 2934/2934
f 1838/1838 5342/5342 2934/2934
f 2934/2934 2856/2856 6912/6912
f 2934/2934 1411/1411 2856/2856
f 1125/1125 4975/4975 7620/7620
f 6003/6003 5715/5715 7620/7620
f 286/286 7620/7620 5715/5715
f 6003/6003 7620/7620 4975/4975
f 513/513 938/938 86/86
f 4956/4956 938/938 513/513
f 938/938 2676/2676 86/86
f 4956/4956 7581/7581 938/938
f 7581/7581 2676/2676 938/938
f 5271/5271 7581/7581 4956/4956
f 7581/7581 5874/5874 2676/2676
f 5874/5874 4561/4561 2676/2676
f 3819/3819 4561/4561 5874/5874
f 5874/5874 7581/7581 3819/3819
f 1456/1456 2205/2205 3819/3819
f 539/539 7954/7954 7915/7915
f 5131/5131 7954/7954 539/539
f 1838/1838 5714/5714 5131/5131
f 3976/3976 1838/1838 5131/5131
f 3976/3976 2021/2021 1838/1838
f 2021/2021 5342/5342 1838/1838
f 513/513 2619/2619 540/540
f 2619/2619 5199/5199 540/540
f 513/513 7439/7439 2619/2619
f 4956/4956 513/513 540/540
f 2574/2574 4956/4956 540/540
f 305/305 540/540 5199/5199
f 305/305 2574/2574 540/540
f 2574/2574 305/305 1801/1801
f 1801/1801 924/924 2574/2574
f 924/924 5271/5271 4956/4956
f 924/924 4956/4956 2574/2574
f 924/924 1801/1801 1820/1820
f 1820/1820 5271/5271 924/924
f 305/305 2475/2475 1801/1801
f 1801/1801 2475/2475 1688/1688
f 1801/1801 1688/1688 1820/1820
f 7533/7533 1820/1820 1688/1688
f 2206/2206 7581/7581 5271/5271
f 2136/2136 1456/1456 2206/2206
f 5271/5271 1820/1820 6542/6542
f 6542/6542 2206/2206 5271/5271
f 7987/7987 2206/2206 6542/6542
f 444/444 1688/1688 4588/4588
f 444/444 6641/6641 6542/6542
f 7533/7533 1688/1688 444/444
f 1820/1820 7533/7533 444/444
f 6542/6542 1820/1820 444/444
f 2136/2136 970/970 2329/2329
f 1456/1456 2136/2136 2329/2329
f 970/970 2136/2136 1987/1987
f 2136/2136 2206/2206 7987/7987
f 7987/7987 1987/1987 2136/2136
f 1987/1987 7987/7987 6542/6542
f 1284/1284 1203/1203 1777/1777
f 2022/2022 1284/1284 1283/1283
f 1203/1203 1284/1284 2022/2022
f 2590/2590 1019/1019 302/302
f 2590/2590 6176/6176 1019/1019
f 6251/6251 6176/6176 2590/2590
f 4035/4035 6176/6176 6251/6251
f 4664/4664 2590/2590 302/302
f 2590/2590 2387/2387 6251/6251
f 4035/4035 6251/6251 2387/2387
f 1325/1325 4035/4035 780/780
f 4035/4035 2387/2387 780/780
f 2387/2387 1414/1414 780/780
f 3136/3136 6572/6572 163/163
f 6667/6667 6812/6812 2205/2205
f 6812/6812 6667/6667 3104/3104
f 2112/2112 3104/3104 6667/6667
f 860/860 6392/6392 6812/6812
f 3104/3104 860/860 6812/6812
f 970/970 2841/2841 2329/2329
f 4901/4901 2841/2841 970/970
f 1987/1987 4901/4901 970/970
f 2440/2440 2841/2841 4901/4901
f 132/132 2440/2440 4901/4901
f 2440/2440 132/132 7175/7175
f 4901/4901 1987/1987 132/132
f 1987/1987 6974/6974 132/132
f 3256/3256 1878/1878 7860/7860
f 7124/7124 1878/1878 3783/3783
f 3783/3783 1956/1956 7124/7124
f 1045/1045 3783/3783 1878/1878
f 5829/5829 1045/1045 3256/3256
f 3256/3256 1045/1045 1878/1878
f 5471/5471 2727/2727 2614/2614
f 2727/2727 5829/5829 3256/3256
f 2727/2727 5471/5471 5829/5829
f 6746/6746 5829/5829 5471/5471
f 6746/6746 1045/1045 5829/5829
f 1737/1737 3443/3443 2614/2614
f 3443/3443 6746/6746 5471/5471
f 5471/5471 2614/2614 3443/3443
f 844/844 7175/7175 6974/6974
f 6974/6974 7175/7175 132/132
f 844/844 2615/2615 7175/7175
f 2615/2615 844/844 1738/1738
f 1656/1656 1738/1738 844/844
f 4832/4832 1656/1656 844/844
f 6974/6974 4832/4832 844/844
f 6746/6746 3783/3783 1045/1045
f 6746/6746 3063/3063 3783/3783
f 3063/3063 6746/6746 3443/3443
f 6182/6182 3063/3063 3443/3443
f 3783/3783 3063/3063 4632/4632
f 5015/5015 3783/3783 4632/4632
f 5015/5015 950/950 5392/5392
f 3382/3382 5015/5015 4632/4632
f 4426/4426 6182/6182 1737/1737
f 4426/4426 1737/1737 3786/3786
f 3443/3443 1737/1737 6182/6182
f 6182/6182 4632/4632 3063/3063
f 1944/1944 4632/4632 6182/6182
f 4426/4426 1944/1944 6182/6182
f 4223/4223 1656/1656 4832/4832
f 1656/1656 4223/4223 3797/3797
f 4223/4223 4832/4832 5596/5596
f 3797/3797 1738/1738 1656/1656
f 3797/3797 3787/3787 1738/1738
f 243/243 3787/3787 3797/3797
f 1428/1428 243/243 3797/3797
f 4223/4223 1428/1428 3797/3797
f 3787/3787 243/243 3616/3616
f 3786/3786 3615/3615 4426/4426
f 1517/1517 4426/4426 3615/3615
f 243/243 1428/1428 435/435
f 1428/1428 4223/4223 435/435
f 243/243 435/435 3616/3616
f 6577/6577 3616/3616 435/435
f 6576/6576 1517/1517 3615/3615
f 1517/1517 1944/1944 4426/4426
f 7301/7301 4632/4632 1944/1944
f 7301/7301 1944/1944 1517/1517
f 5015/5015 5392/5392 3783/3783
f 3382/3382 950/950 5015/5015
f 2885/2885 4832/4832 6974/6974
f 6872/6872 5596/5596 2885/2885
f 5747/5747 2885/2885 6974/6974
f 435/435 4223/4223 4274/4274
f 6577/6577 435/435 4274/4274
f 4274/4274 200/200 6577/6577
f 1517/1517 6576/6576 199/199
f 4091/4091 200/200 4274/4274
f 4091/4091 4274/4274 4517/4517
f 4091/4091 4517/4517 4046/4046
f 5596/5596 4274/4274 4223/4223
f 6872/6872 4274/4274 5596/5596
f 4517/4517 4274/4274 6872/6872
f 4517/4517 6872/6872 5907/5907
f 6872/6872 2885/2885 5907/5907
f 5747/5747 5907/5907 2885/2885
f 17/17 5907/5907 5747/5747
f 950/950 3666/3666 5392/5392
f 7301/7301 3382/3382 4632/4632
f 5708/5708 2579/2579 3382/3382
f 7198/7198 1618/1618 6195/6195
f 7199/7199 502/502 1619/1619
f 1473/1473 3754/3754 7623/7623
f 7622/7622 200/200 4046/4046
f 4046/4046 200/200 4091/4091
f 7623/7623 3754/3754 199/199
f 7622/7622 4046/4046 1472/1472
f 3336/3336 3754/3754 1473/1473
f 1472/1472 4046/4046 3335/3335
f 2486/2486 3754/3754 3336/3336
f 2485/2485 3335/3335 4046/4046
f 1619/1619 4948/4948 2486/2486
f 2486/2486 4948/4948 3754/3754
f 199/199 3754/3754 1517/1517
f 1517/1517 3754/3754 6277/6277
f 6277/6277 3754/3754 4948/4948
f 6277/6277 7301/7301 1517/1517
f 6277/6277 61/61 7301/7301
f 4517/4517 2485/2485 4046/4046
f 4517/4517 1618/1618 2485/2485
f 6195/6195 1618/1618 4517/4517
f 5708/5708 3382/3382 61/61
f 5708/5708 61/61 7534/7534
f 2579/2579 5708/5708 2849/2849
f 7198/7198 6195/6195 4517/4517
f 4948/4948 1619/1619 502/502
f 7534/7534 61/61 6277/6277
f 17/17 4517/4517 5907/5907
f 17/17 6491/6491 4517/4517
f 434/434 502/502 7199/7199
f 434/434 6089/6089 502/502
f 3994/3994 434/434 7199/7199
f 6089/6089 434/434 1173/1173
f 6989/6989 1173/1173 434/434
f 6989/6989 434/434 3994/3994
f 3940/3940 6987/6987 3993/3993
f 6089/6089 1173/1173 7270/7270
f 3940/3940 3993/3993 1768/1768
f 162/162 5336/5336 6352/6352
f 5336/5336 162/162 6571/6571
f 162/162 6352/6352 6990/6990
f 163/163 6988/6988 3941/3941
f 2860/2860 163/163 3941/3941
f 6352/6352 1174/1174 6990/6990
f 1174/1174 6352/6352 6917/6917
f 6917/6917 6352/6352 4866/4866
f 7245/7245 502/502 6089/6089
f 6352/6352 5336/5336 4399/4399
f 4866/4866 4399/4399 5881/5881
f 6089/6089 7270/7270 7245/7245
f 6211/6211 7245/7245 7270/7270
f 4866/4866 6352/6352 4399/4399
f 1174/1174 6917/6917 7271/7271
f 7301/7301 61/61 3382/3382
f 7376/7376 5522/5522 1726/1726
f 1726/1726 4311/4311 7376/7376
f 1582/1582 7205/7205 4311/4311
f 1586/1586 7205/7205 1582/1582
f 3642/3642 4311/4311 6703/6703
f 3642/3642 7730/7730 4311/4311
f 1495/1495 1586/1586 1582/1582
f 1582/1582 4311/4311 7730/7730
f 2771/2771 1582/1582 7730/7730
f 1582/1582 2771/2771 1495/1495
f 1299/1299 3642/3642 4887/4887
f 1299/1299 7730/7730 3642/3642
f 6099/6099 1299/1299 4887/4887
f 3531/3531 7730/7730 1299/1299
f 6099/6099 3531/3531 1299/1299
f 3531/3531 6099/6099 26/26
f 26/26 6099/6099 4887/4887
f 2771/2771 7730/7730 3531/3531
f 4497/4497 2771/2771 6716/6716
f 3531/3531 26/26 6716/6716
f 6716/6716 2771/2771 3531/3531
f 6716/6716 26/26 6412/6412
f 4317/4317 1108/1108 2771/2771
f 4497/4497 4317/4317 2771/2771
f 1494/1494 7204/7204 1585/1585
f 1585/1585 7762/7762 1494/1494
f 5585/5585 7762/7762 1585/1585
f 3462/3462 7761/7761 7477/7477
f 2623/2623 7477/7477 7761/7761
f 6711/6711 7477/7477 2623/2623
f 2936/2936 2623/2623 7761/7761
f 2936/2936 6711/6711 2623/2623
f 1586/1586 1495/1495 29/29
f 5297/5297 29/29 1495/1495
f 4936/4936 4021/4021 5586/5586
f 6388/6388 3032/3032 728/728
f 2771/2771 2937/2937 1495/1495
f 2937/2937 5297/5297 1495/1495
f 1108/1108 2937/2937 2771/2771
f 2937/2937 29/29 5297/5297
f 6370/6370 5585/5585 28/28
f 29/29 2937/2937 1610/1610
f 6370/6370 28/28 1609/1609
f 7075/7075 1108/1108 4317/4317
f 7075/7075 1610/1610 1108/1108
f 1108/1108 1610/1610 2937/2937
f 3030/3030 6370/6370 1609/1609
f 3032/3032 1610/1610 7075/7075
f 7153/7153 728/728 3032/3032
f 7153/7153 3032/3032 7075/7075
f 5586/5586 3890/3890 4936/4936
f 5585/5585 6370/6370 3889/3889
f 6387/6387 7214/7214 3031/3031
f 1094/1094 7214/7214 6387/6387
f 6370/6370 7966/7966 3889/3889
f 7213/7213 6370/6370 3030/3030
f 7213/7213 7966/7966 6370/6370
f 4021/4021 7761/7761 5586/5586
f 6204/6204 2936/2936 4021/4021
f 4021/4021 4123/4123 6204/6204
f 4021/4021 4936/4936 4123/4123
f 7429/7429 4936/4936 3890/3890
f 3712/3712 6828/6828 6381/6381
f 6381/6381 4123/4123 4936/4936
f 6381/6381 4936/4936 7429/7429
f 4123/4123 7553/7553 6204/6204
f 6828/6828 7553/7553 4123/4123
f 4123/4123 6381/6381 6828/6828
f 3801/3801 6828/6828 3712/3712
f 4559/4559 7553/7553 6828/6828
f 6828/6828 3801/3801 4559/4559
f 4497/4497 6716/6716 6412/6412
f 1304/1304 4497/4497 6412/6412
f 4497/4497 1304/1304 4951/4951
f 2689/2689 1304/1304 6412/6412
f 268/268 6387/6387 729/729
f 268/268 1094/1094 6387/6387
f 4951/4951 4317/4317 4497/4497
f 4951/4951 7075/7075 4317/4317
f 4952/4952 3357/3357 7076/7076
f 269/269 728/728 7153/7153
f 7152/7152 7076/7076 3357/3357
f 7152/7152 4061/4061 268/268
f 3357/3357 4061/4061 7152/7152
f 1094/1094 268/268 4061/4061
f 4952/4952 4867/4867 3357/3357
f 5400/5400 3889/3889 7966/7966
f 7694/7694 5400/5400 7966/7966
f 7695/7695 4155/4155 5401/5401
f 1570/1570 7694/7694 1623/1623
f 1570/1570 1623/1623 4645/4645
f 4061/4061 7214/7214 1094/1094
f 7967/7967 7214/7214 4061/4061
f 3357/3357 7967/7967 4061/4061
f 1624/1624 7967/7967 3357/3357
f 3913/3913 1624/1624 3357/3357
f 4867/4867 3913/3913 3357/3357
f 7694/7694 7966/7966 1623/1623
f 4645/4645 1623/1623 7341/7341
f 3913/3913 4867/4867 7218/7218
f 4364/4364 3409/3409 1624/1624
f 3890/3890 5401/5401 7429/7429
f 6381/6381 5401/5401 4155/4155
f 6381/6381 7429/7429 5401/5401
f 3712/3712 6381/6381 4155/4155
f 869/869 4155/4155 7695/7695
f 869/869 3712/3712 4155/4155
f 1571/1571 869/869 7695/7695
f 2444/2444 1571/1571 4646/4646
f 2444/2444 869/869 1571/1571
f 2444/2444 1807/1807 869/869
f 2444/2444 4646/4646 849/849
f 4646/4646 7343/7343 849/849
f 3409/3409 7342/7342 1624/1624
f 869/869 3801/3801 3712/3712
f 3580/3580 4559/4559 3801/3801
f 3801/3801 869/869 1807/1807
f 1807/1807 2444/2444 849/849
f 7294/7294 849/849 7343/7343
f 3801/3801 1807/1807 3580/3580
f 1807/1807 6155/6155 3580/3580
f 6155/6155 1807/1807 849/849
f 7294/7294 6155/6155 849/849
f 3409/3409 7293/7293 7342/7342
f 6638/6638 2985/2985 4003/4003
f 7402/7402 2985/2985 6638/6638
f 7401/7401 2432/2432 2984/2984
f 2984/2984 2432/2432 4002/4002
f 1337/1337 7402/7402 6638/6638
f 1337/1337 2431/2431 7402/7402
f 6638/6638 4002/4002 5395/5395
f 5395/5395 1337/1337 6638/6638
f 1337/1337 3876/3876 2431/2431
f 3876/3876 7294/7294 2431/2431
f 7293/7293 4192/4192 2430/2430
f 4193/4193 4002/4002 2432/2432
f 4192/4192 7293/7293 3409/3409
f 6298/6298 3875/3875 5394/5394
f 3876/3876 1337/1337 5395/5395
f 4002/4002 4193/4193 5395/5395
f 4192/4192 6298/6298 5394/5394
f 6298/6298 4192/4192 3409/3409
f 5409/5409 6155/6155 7294/7294
f 3876/3876 5409/5409 7294/7294
f 3875/3875 6298/6298 5408/5408
f 5408/5408 6298/6298 6984/6984
f 7233/7233 4364/4364 7218/7218
f 6984/6984 1749/1749 7741/7741
f 1749/1749 6984/6984 6859/6859
f 347/347 4364/4364 7233/7233
f 2108/2108 6859/6859 2910/2910
f 6038/6038 2910/2910 347/347
f 4565/4565 6608/6608 5664/5664
f 496/496 6608/6608 4565/4565
f 5110/5110 5664/5664 7553/7553
f 1986/1986 4565/4565 5110/5110
f 5664/5664 6004/6004 7477/7477
f 6004/6004 5664/5664 6608/6608
f 5664/5664 7477/7477 6711/6711
f 7553/7553 5664/5664 6711/6711
f 2936/2936 7553/7553 6711/6711
f 4229/4229 975/975 496/496
f 4229/4229 496/496 4565/4565
f 975/975 4229/4229 649/649
f 649/649 5830/5830 7394/7394
f 4565/4565 1986/1986 4229/4229
f 3183/3183 4229/4229 1986/1986
f 6141/6141 649/649 4229/4229
f 6141/6141 5830/5830 649/649
f 3183/3183 6141/6141 4229/4229
f 5830/5830 6141/6141 7826/7826
f 399/399 6141/6141 3183/3183
f 6141/6141 399/399 7826/7826
f 2911/2911 7196/7196 445/445
f 5030/5030 7196/7196 2911/2911
f 7553/7553 1272/1272 5110/5110
f 497/497 1986/1986 5110/5110
f 5442/5442 5110/5110 1272/1272
f 5442/5442 497/497 5110/5110
f 3668/3668 7553/7553 4559/4559
f 5890/5890 3668/3668 4559/4559
f 3668/3668 1272/1272 7553/7553
f 1015/1015 1272/1272 3668/3668
f 2794/2794 5442/5442 1272/1272
f 1015/1015 2794/2794 1272/1272
f 5442/5442 1986/1986 497/497
f 5442/5442 3183/3183 1986/1986
f 4116/4116 2911/2911 445/445
f 4116/4116 445/445 6353/6353
f 6353/6353 445/445 7826/7826
f 1599/1599 5030/5030 2911/2911
f 1599/1599 2580/2580 5030/5030
f 2911/2911 4116/4116 1599/1599
f 1599/1599 1055/1055 2580/2580
f 1055/1055 1925/1925 2580/2580
f 859/859 1055/1055 1599/1599
f 927/927 859/859 1599/1599
f 3166/3166 573/573 1055/1055
f 859/859 3166/3166 1055/1055
f 7735/7735 4881/4881 5831/5831
f 7394/7394 5831/5831 649/649
f 7394/7394 7735/7735 5831/5831
f 7826/7826 7394/7394 5830/5830
f 7394/7394 7826/7826 445/445
f 7735/7735 1548/1548 7660/7660
f 7735/7735 7394/7394 7196/7196
f 5030/5030 1548/1548 7196/7196
f 7196/7196 1548/1548 7735/7735
f 6641/6641 2367/2367 2185/2185
f 2185/2185 6542/6542 6641/6641
f 7394/7394 445/445 7196/7196
f 4554/4554 1548/1548 5030/5030
f 1548/1548 4554/4554 2367/2367
f 4554/4554 5030/5030 2580/2580
f 2185/2185 2367/2367 4554/4554
f 573/573 6542/6542 2185/2185
f 1925/1925 4554/4554 2580/2580
f 1925/1925 573/573 4554/4554
f 4554/4554 573/573 2185/2185
f 1925/1925 1055/1055 573/573
f 4942/4942 5890/5890 4559/4559
f 3668/3668 5890/5890 1015/1015
f 270/270 5890/5890 4942/4942
f 5890/5890 270/270 1015/1015
f 6155/6155 270/270 4942/4942
f 3790/3790 270/270 6155/6155
f 270/270 3790/3790 4845/4845
f 4845/4845 1015/1015 270/270
f 2794/2794 1015/1015 5682/5682
f 7135/7135 5682/5682 1015/1015
f 4162/4162 7135/7135 1015/1015
f 4162/4162 1015/1015 4845/4845
f 7041/7041 7134/7134 4163/4163
f 1230/1230 7134/7134 7041/7041
f 7041/7041 6116/6116 1230/1230
f 2613/2613 3789/3789 6153/6153
f 2613/2613 4846/4846 3789/3789
f 3731/3731 4846/4846 2613/2613
f 3927/3927 3731/3731 2613/2613
f 2612/2612 931/931 7741/7741
f 4353/4353 2612/2612 7741/7741
f 2613/2613 4354/4354 3927/3927
f 4354/4354 6629/6629 3927/3927
f 3731/3731 4163/4163 4846/4846
f 3927/3927 6629/6629 3731/3731
f 3731/3731 6629/6629 4163/4163
f 4163/4163 6629/6629 7041/7041
f 4559/4559 3580/3580 4942/4942
f 6155/6155 4942/4942 3580/3580
f 931/931 6154/6154 5408/5408
f 2612/2612 6154/6154 931/931
f 6984/6984 931/931 5408/5408
f 931/931 6984/6984 7741/7741
f 7741/7741 5285/5285 4353/4353
f 4354/4354 5286/5286 6629/6629
f 6629/6629 256/256 7041/7041
f 256/256 6116/6116 7041/7041
f 7135/7135 2794/2794 5682/5682
f 6941/6941 4422/4422 3774/3774
f 6941/6941 1230/1230 6116/6116
f 3774/3774 1230/1230 6941/6941
f 7240/7240 7134/7134 3774/3774
f 1230/1230 3774/3774 7134/7134
f 4422/4422 6941/6941 6473/6473
f 6116/6116 6473/6473 6941/6941
f 5758/5758 3166/3166 6116/6116
f 5758/5758 573/573 3166/3166
f 3685/3685 5758/5758 6116/6116
f 7684/7684 5758/5758 3685/3685
f 7684/7684 573/573 5758/5758
f 1749/1749 5285/5285 7741/7741
f 170/170 3556/3556 5285/5285
f 1749/1749 170/170 5285/5285
f 170/170 1749/1749 4552/4552
f 4313/4313 7315/7315 3556/3556
f 3556/3556 170/170 4313/4313
f 3561/3561 7684/7684 133/133
f 3685/3685 133/133 7684/7684
f 4340/4340 2910/2910 6038/6038
f 23/23 1730/1730 4340/4340
f 1730/1730 7910/7910 209/209
f 7910/7910 765/765 209/209
f 1730/1730 23/23 7910/7910
f 3300/3300 1435/1435 7578/7578
f 1828/1828 4802/4802 7578/7578
f 81/81 7578/7578 1435/1435
f 7578/7578 81/81 1828/1828
f 4594/4594 1828/1828 81/81
f 660/660 1726/1726 786/786
f 5225/5225 1726/1726 660/660
f 1726/1726 5225/5225 6703/6703
f 6634/6634 6703/6703 5225/5225
f 3453/3453 6634/6634 5225/5225
f 81/81 1435/1435 7282/7282
f 7193/7193 81/81 7282/7282
f 7193/7193 7282/7282 4213/4213
f 81/81 7193/7193 4594/4594
f 6703/6703 4311/4311 1726/1726
f 6634/6634 4887/4887 6703/6703
f 4887/4887 3642/3642 6703/6703
f 26/26 4887/4887 6634/6634
f 4575/4575 26/26 6634/6634
f 4575/4575 4946/4946 6412/6412
f 6412/6412 26/26 4575/4575
f 720/720 7193/7193 4213/4213
f 4213/4213 6306/6306 720/720
f 2552/2552 720/720 6306/6306
f 720/720 3292/3292 7193/7193
f 2552/2552 3292/3292 720/720
f 2526/2526 4328/4328 2696/2696
f 5204/5204 2695/2695 31/31
f 31/31 2695/2695 1021/1021
f 31/31 1021/1021 7312/7312
f 4904/4904 31/31 7312/7312
f 2067/2067 2552/2552 6306/6306
f 3971/3971 2552/2552 2067/2067
f 5850/5850 5204/5204 31/31
f 31/31 4904/4904 6033/6033
f 2525/2525 2695/2695 5204/5204
f 1496/1496 2527/2527 5205/5205
f 1443/1443 2527/2527 1496/1496
f 5621/5621 1443/1443 1496/1496
f 1496/1496 5205/5205 5851/5851
f 3292/3292 2552/2552 3971/3971
f 6844/6844 5920/5920 2067/2067
f 1496/1496 1942/1942 5621/5621
f 1942/1942 7233/7233 5621/5621
f 7233/7233 1942/1942 6380/6380
f 6380/6380 347/347 7233/7233
f 2741/2741 1987/1987 6542/6542
f 2741/2741 6542/6542 573/573
f 7684/7684 2836/2836 573/573
f 3561/3561 2836/2836 7684/7684
f 2836/2836 2741/2741 573/573
f 2742/2742 2837/2837 1633/1633
f 1633/1633 45/45 2742/2742
f 2741/2741 6974/6974 1987/1987
f 3408/3408 2741/2741 44/44
f 4898/4898 3408/3408 44/44
f 2062/2062 2741/2741 3408/3408
f 2161/2161 2062/2062 3408/3408
f 2161/2161 1774/1774 2062/2062
f 2161/2161 2349/2349 1774/1774
f 2161/2161 3408/3408 1009/1009
f 3408/3408 5955/5955 3636/3636
f 3636/3636 1009/1009 3408/3408
f 2161/2161 6169/6169 5569/5569
f 6169/6169 2161/2161 3636/3636
f 3636/3636 2161/2161 1009/1009
f 5955/5955 5873/5873 3636/3636
f 3636/3636 5873/5873 6169/6169
f 2220/2220 6169/6169 5873/5873
f 2220/2220 5176/5176 6169/6169
f 6426/6426 5176/5176 2220/2220
f 6426/6426 2566/2566 3737/3737
f 6426/6426 7206/7206 2566/2566
f 31/31 6033/6033 8003/8003
f 5850/5850 31/31 8003/8003
f 983/983 5851/5851 6160/6160
f 636/636 1496/1496 983/983
f 983/983 1496/1496 5851/5851
f 6903/6903 983/983 6160/6160
f 983/983 6903/6903 636/636
f 5982/5982 6903/6903 6160/6160
f 3121/3121 2768/2768 7729/7729
f 2769/2769 3122/3122 1186/1186
f 1186/1186 3122/3122 3490/3490
f 6160/6160 2416/2416 5982/5982
f 2769/2769 1186/1186 7813/7813
f 2416/2416 6601/6601 5982/5982
f 5536/5536 600/600 6601/6601
f 636/636 1942/1942 1496/1496
f 636/636 1053/1053 6380/6380
f 6380/6380 1942/1942 636/636
f 2963/2963 6380/6380 1053/1053
f 408/408 1053/1053 636/636
f 408/408 6903/6903 5982/5982
f 6903/6903 408/408 636/636
f 347/347 6380/6380 6038/6038
f 6038/6038 2963/2963 5815/5815
f 6380/6380 2963/2963 6038/6038
f 852/852 2963/2963 1053/1053
f 5982/5982 7550/7550 408/408
f 4379/4379 1053/1053 408/408
f 4379/4379 408/408 7550/7550
f 2963/2963 852/852 5815/5815
f 3062/3062 5815/5815 852/852
f 852/852 6822/6822 3062/3062
f 1053/1053 4782/4782 852/852
f 4379/4379 4782/4782 1053/1053
f 852/852 4782/4782 4036/4036
f 4782/4782 4379/4379 2766/2766
f 2766/2766 3205/3205 4782/4782
f 4782/4782 3067/3067 4036/4036
f 3205/3205 3067/3067 4782/4782
f 3067/3067 3205/3205 70/70
f 7550/7550 5982/5982 6601/6601
f 7550/7550 6601/6601 323/323
f 591/591 7550/7550 323/323
f 2515/2515 6601/6601 600/600
f 2515/2515 600/600 2921/2921
f 3707/3707 323/323 6601/6601
f 6601/6601 2515/2515 3707/3707
f 591/591 6536/6536 7550/7550
f 7550/7550 6536/6536 4379/4379
f 2766/2766 4379/4379 6536/6536
f 2766/2766 4344/4344 3205/3205
f 591/591 323/323 6536/6536
f 1985/1985 6536/6536 323/323
f 4896/4896 3205/3205 4344/4344
f 70/70 3205/3205 4896/4896
f 1985/1985 323/323 3707/3707
f 7809/7809 799/799 702/702
f 7897/7897 5820/5820 6708/6708
f 702/702 6707/6707 5819/5819
f 5819/5819 7221/7221 702/702
f 7220/7220 5820/5820 2572/2572
f 7221/7221 7809/7809 702/702
f 2055/2055 7220/7220 2572/2572
f 7897/7897 6708/6708 6485/6485
f 2572/2572 5820/5820 7897/7897
f 2572/2572 7897/7897 1699/1699
f 568/568 2572/2572 1699/1699
f 568/568 2055/2055 2572/2572
f 7616/7616 568/568 1699/1699
f 568/568 59/59 2055/2055
f 4541/4541 3067/3067 70/70
f 2692/2692 2515/2515 2921/2921
f 7220/7220 2055/2055 5622/5622
f 491/491 7220/7220 5811/5811
f 7220/7220 5622/5622 5811/5811
f 1985/1985 1424/1424 6536/6536
f 6536/6536 4344/4344 2766/2766
f 70/70 4896/4896 4541/4541
f 1424/1424 1985/1985 4215/4215
f 5911/5911 6536/6536 1424/1424
f 5911/5911 4344/4344 6536/6536
f 3707/3707 4215/4215 1985/1985
f 1762/1762 3707/3707 2515/2515
f 4215/4215 3707/3707 1762/1762
f 1762/1762 4914/4914 4215/4215
f 1424/1424 6223/6223 5911/5911
f 4914/4914 6223/6223 4215/4215
f 1424/1424 4215/4215 6223/6223
f 4854/4854 6223/6223 4914/4914
f 4854/4854 4914/4914 7996/7996
f 2055/2055 59/59 5622/5622
f 5622/5622 59/59 5659/5659
f 59/59 3196/3196 5659/5659
f 568/568 3196/3196 59/59
f 6488/6488 3196/3196 568/568
f 3365/3365 2163/2163 2049/2049
f 1346/1346 2163/2163 5856/5856
f 2163/2163 3365/3365 5856/5856
f 5811/5811 5406/5406 491/491
f 5406/5406 5811/5811 150/150
f 5659/5659 5811/5811 5622/5622
f 2692/2692 5898/5898 2515/2515
f 1762/1762 2515/2515 5898/5898
f 5898/5898 2692/2692 7399/7399
f 1762/1762 5898/5898 7996/7996
f 7400/7400 4827/4827 2783/2783
f 2783/2783 4827/4827 322/322
f 7399/7399 3651/3651 5898/5898
f 5898/5898 3651/3651 2274/2274
f 1762/1762 7996/7996 4914/4914
f 2274/2274 7996/7996 5898/5898
f 7996/7996 5413/5413 4854/4854
f 2274/2274 3651/3651 4025/4025
f 4025/4025 5790/5790 2274/2274
f 2274/2274 5790/5790 5291/5291
f 2274/2274 5779/5779 7996/7996
f 5779/5779 2274/2274 5291/5291
f 5811/5811 5659/5659 6570/6570
f 6222/6222 150/150 5811/5811
f 6570/6570 7899/7899 6222/6222
f 6570/6570 6222/6222 5811/5811
f 5790/5790 3451/3451 5291/5291
f 5314/5314 3451/3451 5790/5790
f 3456/3456 5643/5643 2184/2184
f 5642/5642 3455/3455 4327/4327
f 4089/4089 5641/5641 4326/4326
f 167/167 4327/4327 3455/3455
f 5984/5984 3455/3455 7899/7899
f 237/237 1189/1189 5984/5984
f 3196/3196 7794/7794 5659/5659
f 6570/6570 5659/5659 7794/7794
f 7794/7794 2652/2652 6570/6570
f 2652/2652 5984/5984 6570/6570
f 237/237 5984/5984 2652/2652
f 1592/1592 237/237 2652/2652
f 2652/2652 7794/7794 5386/5386
f 5386/5386 1592/1592 2652/2652
f 6122/6122 4089/4089 4326/4326
f 23/23 4340/4340 5815/5815
f 3735/3735 2836/2836 3561/3561
f 3736/3736 765/765 2837/2837
f 2837/2837 893/893 6269/6269
f 5574/5574 2837/2837 5317/5317
f 6269/6269 5317/5317 2837/2837
f 5815/5815 3062/3062 23/23
f 3062/3062 2688/2688 23/23
f 7910/7910 23/23 2688/2688
f 7910/7910 2688/2688 306/306
f 7910/7910 306/306 765/765
f 2688/2688 3062/3062 6822/6822
f 461/461 306/306 2688/2688
f 334/334 306/306 461/461
f 4036/4036 6822/6822 852/852
f 6822/6822 4036/4036 461/461
f 4036/4036 3067/3067 461/461
f 461/461 2688/2688 6822/6822
f 2171/2171 5574/5574 5317/5317
f 6679/6679 3000/3000 5574/5574
f 5574/5574 2171/2171 6679/6679
f 3000/3000 1633/1633 5574/5574
f 6975/6975 3000/3000 6679/6679
f 6975/6975 4899/4899 3000/3000
f 4899/4899 1633/1633 3000/3000
f 4899/4899 4472/4472 1633/1633
f 2837/2837 5574/5574 1633/1633
f 461/461 6186/6186 334/334
f 461/461 3067/3067 6186/6186
f 6186/6186 3067/3067 4541/4541
f 613/613 5670/5670 6186/6186
f 613/613 6186/6186 909/909
f 4344/4344 4541/4541 4896/4896
f 6186/6186 4541/4541 909/909
f 4375/4375 909/909 4541/4541
f 4541/4541 4344/4344 4375/4375
f 2501/2501 5911/5911 4676/4676
f 4676/4676 5911/5911 6223/6223
f 4344/4344 5911/5911 2501/2501
f 1652/1652 2501/2501 4676/4676
f 1652/1652 5828/5828 2501/2501
f 1652/1652 4676/4676 4669/4669
f 4375/4375 4344/4344 2501/2501
f 2501/2501 5828/5828 4375/4375
f 4375/4375 5828/5828 1652/1652
f 3545/3545 4375/4375 1652/1652
f 788/788 1652/1652 4669/4669
f 788/788 4669/4669 1137/1137
f 1652/1652 788/788 3545/3545
f 6709/6709 613/613 909/909
f 4375/4375 3545/3545 909/909
f 4472/4472 4899/4899 6975/6975
f 4472/4472 6975/6975 3021/3021
f 3021/3021 1916/1916 4472/4472
f 3867/3867 6709/6709 909/909
f 909/909 3545/3545 3867/3867
f 3867/3867 3545/3545 788/788
f 1205/1205 788/788 1137/1137
f 3867/3867 788/788 1205/1205
f 1205/1205 3613/3613 3867/3867
f 27/27 1633/1633 4472/4472
f 6553/6553 2374/2374 7764/7764
f 6553/6553 2082/2082 2374/2374
f 1984/1984 2082/2082 6553/6553
f 6553/6553 6845/6845 1984/1984
f 7764/7764 5993/5993 6553/6553
f 6845/6845 6553/6553 5993/5993
f 1984/1984 6845/6845 637/637
f 5993/5993 248/248 6845/6845
f 4470/4470 2179/2179 5490/5490
f 1789/1789 4470/4470 6397/6397
f 6397/6397 4470/4470 2461/2461
f 1789/1789 4485/4485 4470/4470
f 7413/7413 4442/4442 3022/3022
f 4470/4470 7413/7413 3022/3022
f 3022/3022 2461/2461 4470/4470
f 3022/3022 4442/4442 1984/1984
f 1984/1984 2461/2461 3022/3022
f 4310/4310 4484/4484 7654/7654
f 1789/1789 6397/6397 4485/4485
f 620/620 6398/6398 7511/7511
f 6398/6398 620/620 1062/1062
f 4484/4484 6399/6399 7654/7654
f 384/384 4310/4310 5905/5905
f 6398/6398 1062/1062 7600/7600
f 1063/1063 4255/4255 7601/7601
f 4310/4310 7654/7654 7601/7601
f 6398/6398 7600/7600 7653/7653
f 4310/4310 7601/7601 5905/5905
f 637/637 7510/7510 2461/2461
f 7510/7510 637/637 6845/6845
f 7510/7510 6397/6397 2461/2461
f 2461/2461 1984/1984 637/637
f 6845/6845 248/248 7510/7510
f 1062/1062 620/620 7511/7511
f 247/247 1062/1062 7511/7511
f 5879/5879 1062/1062 247/247
f 27/27 45/45 1633/1633
f 3289/3289 2667/2667 44/44
f 44/44 2667/2667 4898/4898
f 4053/4053 4898/4898 2667/2667
f 7657/7657 2786/2786 27/27
f 2786/2786 45/45 27/27
f 1916/1916 7657/7657 27/27
f 1007/1007 44/44 2787/2787
f 1007/1007 3289/3289 44/44
f 2667/2667 3289/3289 7517/7517
f 2667/2667 7517/7517 7047/7047
f 5655/5655 3290/3290 1008/1008
f 3290/3290 5655/5655 7518/7518
f 524/524 1008/1008 2786/2786
f 2786/2786 7657/7657 524/524
f 524/524 5655/5655 1008/1008
f 7518/7518 5655/5655 3439/3439
f 2667/2667 7047/7047 4053/4053
f 4723/4723 2046/2046 4053/4053
f 3527/3527 7764/7764 4010/4010
f 3527/3527 4010/4010 82/82
f 5840/5840 6320/6320 83/83
f 1896/1896 3261/3261 5841/5841
f 5841/5841 3261/3261 6319/6319
f 5993/5993 7764/7764 3527/3527
f 6320/6320 3528/3528 83/83
f 5992/5992 3528/3528 6320/6320
f 246/246 5992/5992 6320/6320
f 247/247 6319/6319 2761/2761
f 6578/6578 3226/3226 6126/6126
f 3261/3261 3226/3226 6319/6319
f 6578/6578 2761/2761 6319/6319
f 6319/6319 3226/3226 6578/6578
f 5955/5955 3408/3408 4898/4898
f 2046/2046 4898/4898 4053/4053
f 6315/6315 4898/4898 2046/2046
f 6315/6315 5955/5955 4898/4898
f 6779/6779 5955/5955 6315/6315
f 3857/3857 6315/6315 2046/2046
f 3857/3857 2046/2046 1078/1078
f 3369/3369 1896/1896 1066/1066
f 1066/1066 7206/7206 3369/3369
f 3261/3261 1896/1896 3369/3369
f 2165/2165 3261/3261 3369/3369
f 574/574 3369/3369 7206/7206
f 3369/3369 574/574 2165/2165
f 6779/6779 5873/5873 5955/5955
f 6779/6779 2220/2220 5873/5873
f 5533/5533 2220/2220 6779/6779
f 6394/6394 5533/5533 6779/6779
f 4054/4054 7206/7206 5533/5533
f 1066/1066 2566/2566 7206/7206
f 7206/7206 6426/6426 5533/5533
f 5533/5533 6426/6426 2220/2220
f 6394/6394 4054/4054 5533/5533
f 574/574 4054/4054 1252/1252
f 6394/6394 1252/1252 4054/4054
f 7206/7206 4054/4054 574/574
f 6779/6779 6315/6315 6394/6394
f 2761/2761 6578/6578 7580/7580
f 3857/3857 6394/6394 6315/6315
f 1546/1546 6394/6394 3857/3857
f 6394/6394 1546/1546 7580/7580
f 6126/6126 2165/2165 1252/1252
f 6126/6126 3261/3261 2165/2165
f 3226/3226 3261/3261 6126/6126
f 1252/1252 2165/2165 574/574
f 7580/7580 6578/6578 6126/6126
f 1252/1252 7580/7580 6126/6126
f 6394/6394 7580/7580 1252/1252
f 4723/4723 4053/4053 7047/7047
f 2943/2943 1056/1056 7098/7098
f 5880/5880 2900/2900 4255/4255
f 5905/5905 7601/7601 4255/4255
f 5905/5905 4255/4255 3476/3476
f 716/716 7048/7048 3439/3439
f 2956/2956 7048/7048 716/716
f 716/716 385/385 3476/3476
f 4255/4255 2900/2900 1057/1057
f 4255/4255 1057/1057 4160/4160
f 4160/4160 2944/2944 2956/2956
f 4160/4160 1057/1057 2944/2944
f 4160/4160 3476/3476 4255/4255
f 716/716 3476/3476 4160/4160
f 2956/2956 716/716 4160/4160
f 5879/5879 247/247 7098/7098
f 7098/7098 247/247 2761/2761
f 5880/5880 4255/4255 1063/1063
f 7098/7098 2899/2899 5879/5879
f 2899/2899 7098/7098 1056/1056
f 1078/1078 2046/2046 4723/4723
f 1078/1078 4723/4723 7047/7047
f 2943/2943 3857/3857 1078/1078
f 2955/2955 2943/2943 1078/1078
f 7098/7098 1546/1546 3857/3857
f 1546/1546 2761/2761 7580/7580
f 7098/7098 2761/2761 1546/1546
f 3857/3857 2943/2943 7098/7098
f 4854/4854 627/627 6223/6223
f 4676/4676 6223/6223 627/627
f 627/627 4854/4854 5413/5413
f 5779/5779 5413/5413 7996/7996
f 5413/5413 5779/5779 6505/6505
f 1741/1741 5779/5779 5291/5291
f 6505/6505 5779/5779 1741/1741
f 627/627 5413/5413 1168/1168
f 5413/5413 6505/6505 1168/1168
f 1168/1168 6505/6505 2128/2128
f 2361/2361 2128/2128 843/843
f 627/627 3085/3085 4676/4676
f 3085/3085 627/627 1168/1168
f 4669/4669 4676/4676 3085/3085
f 1137/1137 4669/4669 3331/3331
f 4669/4669 3085/3085 3331/3331
f 3085/3085 1168/1168 3331/3331
f 2128/2128 3331/3331 1168/1168
f 2361/2361 3331/3331 2128/2128
f 864/864 3451/3451 5314/5314
f 3808/3808 864/864 1410/1410
f 3451/3451 1741/1741 5291/5291
f 864/864 1741/1741 3451/3451
f 3808/3808 6505/6505 1741/1741
f 3808/3808 1741/1741 864/864
f 3808/3808 2128/2128 6505/6505
f 2178/2178 5744/5744 4110/4110
f 4110/4110 5744/5744 5314/5314
f 5744/5744 864/864 5314/5314
f 5490/5490 2179/2179 4111/4111
f 864/864 5744/5744 1410/1410
f 1410/1410 5744/5744 2178/2178
f 1189/1189 167/167 3455/3455
f 3808/3808 1410/1410 7693/7693
f 3808/3808 843/843 2128/2128
f 3808/3808 7693/7693 843/843
f 1241/1241 7693/7693 1410/1410
f 5984/5984 1189/1189 3455/3455
f 1916/1916 27/27 4472/4472
f 2390/2390 1916/1916 160/160
f 2390/2390 7657/7657 1916/1916
f 1205/1205 1137/1137 1835/1835
f 1835/1835 3613/3613 1205/1205
f 3331/3331 2433/2433 1137/1137
f 2433/2433 3331/3331 2361/2361
f 2433/2433 1835/1835 1137/1137
f 2361/2361 5086/5086 2433/2433
f 1835/1835 160/160 3613/3613
f 1835/1835 2433/2433 5086/5086
f 160/160 1835/1835 5086/5086
f 2390/2390 160/160 4188/4188
f 4188/4188 160/160 5086/5086
f 7693/7693 5987/5987 843/843
f 6515/6515 843/843 7864/7864
f 4310/4310 1241/1241 1410/1410
f 2113/2113 1241/1241 4310/4310
f 1241/1241 5987/5987 7693/7693
f 843/843 5987/5987 7864/7864
f 1241/1241 7864/7864 5987/5987
f 6515/6515 204/204 3749/3749
f 1241/1241 2113/2113 204/204
f 204/204 6515/6515 7864/7864
f 1241/1241 204/204 7864/7864
f 204/204 6526/6526 3749/3749
f 6526/6526 204/204 708/708
f 5897/5897 5086/5086 2361/2361
f 2361/2361 6515/6515 5897/5897
f 2361/2361 843/843 6515/6515
f 4188/4188 5086/5086 5897/5897
f 3749/3749 5897/5897 6515/6515
f 5897/5897 3749/3749 4188/4188
f 5597/5597 5490/5490 4111/4111
f 4326/4326 168/168 6122/6122
f 1042/1042 3087/3087 6122/6122
f 168/168 1042/1042 6122/6122
f 168/168 5653/5653 1042/1042
f 168/168 1190/1190 5653/5653
f 1042/1042 5653/5653 4079/4079
f 1757/1757 5653/5653 1190/1190
f 5653/5653 1757/1757 584/584
f 2113/2113 4310/4310 384/384
f 204/204 2113/2113 708/708
f 2113/2113 384/384 708/708
f 237/237 1756/1756 1189/1189
f 4188/4188 7657/7657 2390/2390
f 829/829 524/524 7657/7657
f 829/829 5655/5655 524/524
f 3439/3439 5655/5655 7656/7656
f 3749/3749 7656/7656 829/829
f 3749/3749 6526/6526 7656/7656
f 6526/6526 708/708 2920/2920
f 2920/2920 708/708 4447/4447
f 7656/7656 2920/2920 4447/4447
f 2920/2920 7656/7656 6526/6526
f 5655/5655 829/829 7656/7656
f 7657/7657 4188/4188 829/829
f 829/829 4188/4188 3749/3749
f 3118/3118 708/708 384/384
f 708/708 3118/3118 4447/4447
f 5905/5905 3118/3118 384/384
f 4447/4447 385/385 7656/7656
f 7656/7656 385/385 3439/3439
f 385/385 4447/4447 3118/3118
f 5905/5905 3476/3476 3118/3118
f 3118/3118 3476/3476 385/385
f 385/385 716/716 3439/3439
f 5747/5747 6974/6974 2741/2741
f 2062/2062 5747/5747 2741/2741
f 6491/6491 17/17 685/685
f 685/685 17/17 7658/7658
f 3557/3557 1768/1768 6491/6491
f 3557/3557 6491/6491 685/685
f 7658/7658 3557/3557 685/685
f 7658/7658 1768/1768 3557/3557
f 1396/1396 4145/4145 5747/5747
f 5747/5747 7658/7658 17/17
f 7658/7658 5747/5747 4145/4145
f 1396/1396 5747/5747 4771/4771
f 2062/2062 4771/4771 5747/5747
f 5726/5726 4771/4771 2062/2062
f 1597/1597 5726/5726 4915/4915
f 4915/4915 5726/5726 2062/2062
f 4915/4915 2062/2062 1774/1774
f 4915/4915 1774/1774 1773/1773
f 1773/1773 1774/1774 2364/2364
f 6477/6477 6437/6437 6814/6814
f 2733/2733 1352/1352 6814/6814
f 1352/1352 2733/2733 4786/4786
f 4786/4786 1077/1077 1352/1352
f 6021/6021 1222/1222 1352/1352
f 1077/1077 5519/5519 1352/1352
f 1352/1352 5519/5519 6021/6021
f 722/722 6021/6021 5519/5519
f 4786/4786 7763/7763 1077/1077
f 5613/5613 6477/6477 6814/6814
f 6814/6814 1352/1352 1222/1222
f 5613/5613 6814/6814 1222/1222
f 3248/3248 5613/5613 1222/1222
f 5827/5827 1222/1222 6021/6021
f 5827/5827 6021/6021 2244/2244
f 2244/2244 4595/4595 5827/5827
f 5667/5667 5827/5827 4595/4595
f 5667/5667 1222/1222 5827/5827
f 1918/1918 2245/2245 4595/4595
f 722/722 2244/2244 6021/6021
f 5519/5519 704/704 722/722
f 1918/1918 4595/4595 2244/2244
f 1077/1077 4894/4894 5519/5519
f 7003/7003 5519/5519 4894/4894
f 4894/4894 4813/4813 7003/7003
f 704/704 2244/2244 722/722
f 704/704 5519/5519 7003/7003
f 7052/7052 704/704 7371/7371
f 7003/7003 7371/7371 704/704
f 7371/7371 7003/7003 3970/3970
f 3970/3970 2200/2200 7371/7371
f 1331/1331 3970/3970 7003/7003
f 7052/7052 7371/7371 2200/2200
f 2200/2200 3970/3970 3484/3484
f 3970/3970 3751/3751 3484/3484
f 2244/2244 704/704 1918/1918
f 1918/1918 704/704 3379/3379
f 7052/7052 3379/3379 704/704
f 7863/7863 3379/3379 7052/7052
f 1918/1918 3379/3379 3648/3648
f 7863/7863 3648/3648 3379/3379
f 7863/7863 7052/7052 2200/2200
f 6487/6487 2200/2200 3484/3484
f 1138/1138 2200/2200 6487/6487
f 114/114 741/741 6493/6493
f 6493/6493 741/741 2166/2166
f 7981/7981 115/115 6494/6494
f 115/115 7981/7981 4751/4751
f 6403/6403 2166/2166 6683/6683
f 2166/2166 6403/6403 431/431
f 6403/6403 2968/2968 431/431
f 431/431 6493/6493 2166/2166
f 7981/7981 6494/6494 430/430
f 5928/5928 7981/7981 430/430
f 431/431 1993/1993 5929/5929
f 431/431 2968/2968 1993/1993
f 1993/1993 602/602 5929/5929
f 601/601 7981/7981 5928/5928
f 3381/3381 7981/7981 601/601
f 1151/1151 4751/4751 7981/7981
f 7725/7725 602/602 1993/1993
f 6434/6434 3381/3381 601/601
f 6435/6435 602/602 5139/5139
f 6434/6434 1151/1151 3381/3381
f 6253/6253 1151/1151 6434/6434
f 63/63 6254/6254 6433/6433
f 5140/5140 63/63 6433/6433
f 6253/6253 4714/4714 1151/1151
f 3381/3381 1151/1151 7981/7981
f 5139/5139 602/602 7725/7725
f 1151/1151 3234/3234 4751/4751
f 1136/1136 6254/6254 63/63
f 63/63 5140/5140 5157/5157
f 4757/4757 1136/1136 63/63
f 1136/1136 3751/3751 3225/3225
f 1136/1136 2229/2229 3751/3751
f 1331/1331 4715/4715 3751/3751
f 3751/3751 3970/3970 1331/1331
f 3751/3751 4715/4715 3225/3225
f 3225/3225 4715/4715 6254/6254
f 1136/1136 3225/3225 6254/6254
f 3484/3484 3751/3751 2229/2229
f 5473/5473 3484/3484 2229/2229
f 5473/5473 2229/2229 1136/1136
f 5473/5473 6487/6487 3484/3484
f 63/63 3638/3638 4757/4757
f 5473/5473 1136/1136 4757/4757
f 3449/3449 5473/5473 4757/4757
f 5156/5156 5139/5139 7725/7725
f 4894/4894 4891/4891 4813/4813
f 4813/4813 4891/4891 3459/3459
f 7003/7003 4813/4813 7297/7297
f 3459/3459 5154/5154 4813/4813
f 5579/5579 5154/5154 3459/3459
f 4715/4715 1331/1331 7297/7297
f 4494/4494 4715/4715 7297/7297
f 7297/7297 1331/1331 7003/7003
f 5154/5154 7297/7297 4813/4813
f 1692/1692 7297/7297 5154/5154
f 1692/1692 5154/5154 5579/5579
f 1692/1692 4494/4494 7297/7297
f 1844/1844 4494/4494 1692/1692
f 1844/1844 1692/1692 5579/5579
f 4714/4714 3234/3234 1151/1151
f 6748/6748 5857/5857 3234/3234
f 6735/6735 6748/6748 3234/3234
f 5857/5857 6748/6748 2101/2101
f 3141/3141 4715/4715 4494/4494
f 4714/4714 3140/3140 3234/3234
f 2760/2760 1844/1844 5579/5579
f 1931/1931 2760/2760 5579/5579
f 2760/2760 6252/6252 5553/5553
f 2924/2924 2760/2760 1931/1931
f 2924/2924 6252/6252 2760/2760
f 2798/2798 5553/5553 6252/6252
f 5035/5035 6252/6252 2924/2924
f 4494/4494 1844/1844 1843/1843
f 6748/6748 6735/6735 2023/2023
f 7652/7652 2551/2551 6443/6443
f 3234/3234 3140/3140 918/918
f 6533/6533 918/918 3140/3140
f 918/918 6533/6533 2814/2814
f 2814/2814 6443/6443 918/918
f 4494/4494 1843/1843 3141/3141
f 6533/6533 3140/3140 1842/1842
f 1841/1841 420/420 6532/6532
f 4273/4273 2813/2813 6532/6532
f 4273/4273 6532/6532 420/420
f 6735/6735 3234/3234 918/918
f 2023/2023 918/918 6443/6443
f 918/918 2023/2023 6735/6735
f 7652/7652 2814/2814 5061/5061
f 7652/7652 6443/6443 2814/2814
f 7746/7746 698/698 5060/5060
f 699/699 7652/7652 5061/5061
f 4273/4273 5060/5060 2813/2813
f 2551/2551 2023/2023 6443/6443
f 3015/3015 698/698 7746/7746
f 3016/3016 1676/1676 7169/7169
f 5978/5978 1353/1353 7652/7652
f 7652/7652 699/699 5978/5978
f 2760/2760 1843/1843 1844/1844
f 5553/5553 1843/1843 2760/2760
f 7266/7266 2914/2914 7746/7746
f 420/420 1841/1841 5554/5554
f 4273/4273 420/420 5554/5554
f 7746/7746 2914/2914 3015/3015
f 2914/2914 7266/7266 4787/4787
f 7957/7957 6386/6386 3015/3015
f 3015/3015 2914/2914 7957/7957
f 2914/2914 4787/4787 7957/7957
f 2551/2551 6748/6748 2023/2023
f 934/934 6748/6748 2551/2551
f 6748/6748 934/934 2101/2101
f 2722/2722 6477/6477 5613/5613
f 3594/3594 5613/5613 3248/3248
f 1222/1222 5667/5667 3248/3248
f 2245/2245 5667/5667 4595/4595
f 3648/3648 2245/2245 1918/1918
f 1138/1138 3648/3648 7863/7863
f 1138/1138 7863/7863 2200/2200
f 5748/5748 7142/7142 2897/2897
f 1698/1698 226/226 3296/3296
f 5748/5748 135/135 7142/7142
f 135/135 5748/5748 5298/5298
f 6798/6798 135/135 5298/5298
f 3459/3459 4891/4891 7462/7462
f 2897/2897 3459/3459 7462/7462
f 3459/3459 2897/2897 5579/5579
f 2897/2897 7142/7142 1931/1931
f 2897/2897 1931/1931 5579/5579
f 4905/4905 2986/2986 5990/5990
f 5990/5990 4246/4246 194/194
f 194/194 4246/4246 4545/4545
f 194/194 4545/4545 3508/3508
f 5990/5990 195/195 4905/4905
f 7142/7142 135/135 1931/1931
f 821/821 2924/2924 1931/1931
f 4293/4293 5035/5035 2924/2924
f 4293/4293 2924/2924 821/821
f 5035/5035 4977/4977 2798/2798
f 1399/1399 4293/4293 821/821
f 821/821 6340/6340 1399/1399
f 7424/7424 821/821 1931/1931
f 7424/7424 6340/6340 821/821
f 4977/4977 5032/5032 2798/2798
f 1014/1014 5032/5032 4977/4977
f 4977/4977 5035/5035 1914/1914
f 5032/5032 1014/1014 7256/7256
f 1914/1914 1014/1014 4977/4977
f 7424/7424 1931/1931 1301/1301
f 6950/6950 1301/1301 1931/1931
f 7424/7424 1301/1301 6340/6340
f 2807/2807 658/658 6340/6340
f 1301/1301 4339/4339 6340/6340
f 4765/4765 1931/1931 135/135
f 6950/6950 1931/1931 4765/4765
f 1301/1301 3144/3144 4339/4339
f 6950/6950 3144/3144 1301/1301
f 3284/3284 3144/3144 6950/6950
f 5759/5759 422/422 2503/2503
f 4751/4751 6171/6171 115/115
f 2996/2996 7612/7612 789/789
f 2996/2996 789/789 2640/2640
f 6420/6420 3192/3192 6702/6702
f 3192/3192 725/725 6702/6702
f 725/725 789/789 981/981
f 6702/6702 725/725 981/981
f 2640/2640 789/789 295/295
f 4751/4751 5857/5857 7020/7020
f 4751/4751 3234/3234 5857/5857
f 484/484 6231/6231 990/990
f 7020/7020 990/990 4751/4751
f 484/484 990/990 7020/7020
f 6231/6231 484/484 6226/6226
f 5857/5857 2101/2101 7020/7020
f 5017/5017 7020/7020 2101/2101
f 2101/2101 4658/4658 6864/6864
f 857/857 5017/5017 6864/6864
f 6864/6864 5017/5017 2101/2101
f 6226/6226 484/484 4418/4418
f 5017/5017 484/484 7020/7020
f 1524/1524 4418/4418 484/484
f 484/484 5017/5017 1524/1524
f 7530/7530 6226/6226 4418/4418
f 1524/1524 7530/7530 4418/4418
f 2101/2101 3203/3203 4658/4658
f 6420/6420 6231/6231 6226/6226
f 6420/6420 6226/6226 3192/3192
f 725/725 62/62 789/789
f 295/295 789/789 62/62
f 6592/6592 725/725 3192/3192
f 3192/3192 6226/6226 7530/7530
f 6592/6592 62/62 725/725
f 3192/3192 6696/6696 6592/6592
f 5128/5128 2640/2640 295/295
f 62/62 6592/6592 6696/6696
f 5128/5128 295/295 2855/2855
f 2819/2819 5128/5128 7555/7555
f 7555/7555 5128/5128 2855/2855
f 2819/2819 3620/3620 7918/7918
f 6367/6367 2819/2819 7555/7555
f 3620/3620 2819/2819 6367/6367
f 846/846 7918/7918 3620/3620
f 5628/5628 1185/1185 7299/7299
f 1001/1001 7299/7299 1185/1185
f 1036/1036 3620/3620 6367/6367
f 5257/5257 1036/1036 6367/6367
f 2050/2050 1036/1036 5257/5257
f 6806/6806 5257/5257 4828/4828
f 6806/6806 2050/2050 5257/5257
f 7459/7459 3620/3620 1036/1036
f 7459/7459 1680/1680 846/846
f 7299/7299 4828/4828 5628/5628
f 4828/4828 7299/7299 6806/6806
f 6332/6332 6806/6806 7299/7299
f 6332/6332 2050/2050 6806/6806
f 6332/6332 7299/7299 1001/1001
f 6332/6332 477/477 2050/2050
f 7459/7459 1036/1036 2050/2050
f 477/477 1680/1680 7459/7459
f 477/477 7459/7459 2050/2050
f 7042/7042 846/846 1680/1680
f 7042/7042 1680/1680 477/477
f 7459/7459 846/846 3620/3620
f 4659/4659 3909/3909 3190/3190
f 4271/4271 1253/1253 3008/3008
f 1253/1253 1600/1600 3008/3008
f 2397/2397 1253/1253 4487/4487
f 7358/7358 1744/1744 5801/5801
f 4141/4141 7358/7358 5801/5801
f 4096/4096 7358/7358 4141/4141
f 2153/2153 4141/4141 863/863
f 4096/4096 4141/4141 2153/2153
f 7697/7697 1744/1744 7358/7358
f 2190/2190 1744/1744 7697/7697
f 4096/4096 7697/7697 7358/7358
f 4096/4096 220/220 7697/7697
f 220/220 2190/2190 7697/7697
f 4096/4096 2153/2153 220/220
f 2153/2153 7901/7901 220/220
f 4013/4013 7901/7901 2153/2153
f 2190/2190 5188/5188 1744/1744
f 6607/6607 4487/4487 3135/3135
f 7901/7901 2190/2190 220/220
f 4839/4839 6607/6607 3135/3135
f 4824/4824 4839/4839 3135/3135
f 6769/6769 3301/3301 5517/5517
f 3301/3301 6769/6769 6994/6994
f 3378/3378 3998/3998 1457/1457
f 7908/7908 822/822 3998/3998
f 3378/3378 7908/7908 3998/3998
f 2131/2131 7908/7908 3378/3378
f 7908/7908 2131/2131 3341/3341
f 4688/4688 1141/1141 7908/7908
f 3341/3341 4688/4688 7908/7908
f 2483/2483 6768/6768 2283/2283
f 6995/6995 6768/6768 2483/2483
f 3517/3517 7037/7037 1457/1457
f 7037/7037 3378/3378 1457/1457
f 2131/2131 3378/3378 3907/3907
f 4618/4618 3908/3908 3492/3492
f 6088/6088 4618/4618 6678/6678
f 6678/6678 4618/4618 3492/3492
f 4618/4618 2132/2132 3908/3908
f 7037/7037 3491/3491 3378/3378
f 3491/3491 3907/3907 3378/3378
f 6678/6678 3492/3492 7036/7036
f 3190/3190 6829/6829 5292/5292
f 7036/7036 3518/3518 3190/3190
f 5292/5292 7036/7036 3190/3190
f 5292/5292 6829/6829 6088/6088
f 3909/3909 6829/6829 3190/3190
f 4121/4121 6829/6829 3909/3909
f 3909/3909 6166/6166 4121/4121
f 6829/6829 4121/4121 6088/6088
f 6088/6088 4121/4121 892/892
f 5088/5088 892/892 4121/4121
f 5292/5292 6678/6678 7036/7036
f 6088/6088 6678/6678 5292/5292
f 892/892 4618/4618 6088/6088
f 7300/7300 4618/4618 892/892
f 4688/4688 3341/3341 6430/6430
f 7300/7300 3342/3342 2132/2132
f 3342/3342 7300/7300 6431/6431
f 4618/4618 7300/7300 2132/2132
f 3282/3282 6431/6431 7300/7300
f 6174/6174 3282/3282 7300/7300
f 6174/6174 7300/7300 892/892
f 6301/6301 6174/6174 892/892
f 6174/6174 6301/6301 5951/5951
f 5485/5485 1490/1490 6762/6762
f 518/518 1490/1490 5485/5485
f 6521/6521 1141/1141 4688/4688
f 6762/6762 1141/1141 5485/5485
f 6521/6521 5485/5485 1141/1141
f 6521/6521 1463/1463 5485/5485
f 1463/1463 518/518 5485/5485
f 5134/5134 518/518 1463/1463
f 6521/6521 4688/4688 5055/5055
f 6521/6521 5055/5055 2265/2265
f 6906/6906 2264/2264 5054/5054
f 1463/1463 6521/6521 5134/5134
f 5134/5134 6521/6521 2265/2265
f 5055/5055 4688/4688 6430/6430
f 3282/3282 5054/5054 6431/6431
f 6906/6906 5054/5054 3282/3282
f 6906/6906 6663/6663 2264/2264
f 3282/3282 7384/7384 6906/6906
f 5951/5951 7384/7384 3282/3282
f 3282/3282 6174/6174 5951/5951
f 4462/4462 413/413 7309/7309
f 7503/7503 4462/4462 7309/7309
f 1490/1490 4462/4462 6762/6762
f 413/413 4462/4462 1490/1490
f 413/413 1490/1490 518/518
f 7503/7503 4949/4949 4462/4462
f 7155/7155 413/413 518/518
f 7309/7309 413/413 4967/4967
f 4967/4967 5212/5212 7309/7309
f 221/221 4967/4967 7155/7155
f 7155/7155 4967/4967 413/413
f 7503/7503 7309/7309 5212/5212
f 3327/3327 78/78 7503/7503
f 7503/7503 5212/5212 3327/3327
f 5212/5212 3100/3100 3327/3327
f 221/221 5212/5212 4967/4967
f 3100/3100 5212/5212 221/221
f 4602/4602 3100/3100 221/221
f 4602/4602 3327/3327 3100/3100
f 2866/2866 3327/3327 4602/4602
f 5134/5134 7155/7155 518/518
f 5134/5134 221/221 7155/7155
f 6664/6664 221/221 5134/5134
f 5134/5134 2265/2265 6664/6664
f 362/362 221/221 6664/6664
f 362/362 4602/4602 221/221
f 6729/6729 4602/4602 362/362
f 4639/4639 5549/5549 3327/3327
f 5549/5549 3474/3474 3041/3041
f 5549/5549 4639/4639 3474/3474
f 2866/2866 778/778 3327/3327
f 778/778 4639/4639 3327/3327
f 3041/3041 3474/3474 6916/6916
f 6729/6729 2866/2866 4602/4602
f 4355/4355 778/778 2866/2866
f 3803/3803 2866/2866 6729/6729
f 6789/6789 3803/3803 6729/6729
f 6145/6145 3803/3803 6789/6789
f 4135/4135 2866/2866 3803/3803
f 4135/4135 3803/3803 6145/6145
f 2866/2866 4135/4135 4355/4355
f 3632/3632 4000/4000 6144/6144
f 4000/4000 4134/4134 6144/6144
f 1379/1379 361/361 519/519
f 6728/6728 361/361 6144/6144
f 6144/6144 6788/6788 6728/6728
f 361/361 3632/3632 6144/6144
f 3632/3632 361/361 1379/1379
f 5337/5337 3632/3632 1379/1379
f 3632/3632 5337/5337 4000/4000
f 3538/3538 4000/4000 5337/5337
f 3538/3538 5337/5337 7790/7790
f 1606/1606 3474/3474 4639/4639
f 778/778 1606/1606 4639/4639
f 3036/3036 6916/6916 3474/3474
f 3474/3474 1606/1606 3036/3036
f 1606/1606 6024/6024 3036/3036
f 7268/7268 1606/1606 778/778
f 2679/2679 1606/1606 7268/7268
f 6024/6024 1606/1606 2679/2679
f 6210/6210 6024/6024 2679/2679
f 4355/4355 4135/4135 5605/5605
f 4355/4355 5605/5605 778/778
f 1076/1076 779/779 5606/5606
f 7681/7681 779/779 1076/1076
f 4000/4000 5604/5604 4134/4134
f 5604/5604 4000/4000 1075/1075
f 1075/1075 4000/4000 3538/3538
f 7680/7680 7268/7268 778/778
f 2357/2357 7974/7974 7679/7679
f 3538/3538 7790/7790 7269/7269
f 3538/3538 7269/7269 1432/1432
f 7268/7268 7680/7680 1433/1433
f 7680/7680 7975/7975 1433/1433
f 7973/7973 2457/2457 1432/1432
f 2457/2457 3538/3538 1432/1432
f 7243/7243 5934/5934 5822/5822
f 5822/5822 5934/5934 4614/4614
f 400/400 5934/5934 7243/7243
f 5615/5615 4614/4614 400/400
f 400/400 4614/4614 5934/5934
f 5823/5823 4750/4750 7244/7244
f 617/617 5614/5614 6698/6698
f 5615/5615 4750/4750 6699/6699
f 4750/4750 5823/5823 6699/6699
f 5822/5822 4614/4614 6697/6697
f 4614/4614 7973/7973 6697/6697
f 7974/7974 2357/2357 6698/6698
f 2357/2357 617/617 6698/6698
f 7244/7244 4750/4750 400/400
f 400/400 4750/4750 5615/5615
f 2457/2457 7973/7973 3249/3249
f 7973/7973 4614/4614 3249/3249
f 4614/4614 5614/5614 3249/3249
f 5614/5614 617/617 3249/3249
f 617/617 2457/2457 3249/3249
f 7679/7679 1075/1075 1721/1721
f 3538/3538 617/617 1721/1721
f 1721/1721 617/617 7679/7679
f 7679/7679 617/617 2357/2357
f 1075/1075 3538/3538 1721/1721
f 2457/2457 617/617 3538/3538
f 2479/2479 2679/2679 7268/7268
f 7790/7790 3525/3525 7269/7269
f 3526/3526 2384/2384 7268/7268
f 2384/2384 2479/2479 7268/7268
f 2479/2479 6210/6210 2679/2679
f 2384/2384 6210/6210 2479/2479
f 2384/2384 1254/1254 6210/6210
f 7384/7384 4281/4281 6906/6906
f 4281/4281 6663/6663 6906/6906
f 1418/1418 6663/6663 4281/4281
f 5951/5951 4281/4281 7384/7384
f 4281/4281 5951/5951 1418/1418
f 6663/6663 1418/1418 519/519
f 519/519 361/361 6663/6663
f 5951/5951 519/519 1418/1418
f 4324/4324 519/519 5951/5951
f 4324/4324 1379/1379 519/519
f 3070/3070 1379/1379 4324/4324
f 1379/1379 7790/7790 5337/5337
f 3070/3070 7790/7790 1379/1379
f 6730/6730 3525/3525 7790/7790
f 7790/7790 3070/3070 6730/6730
f 5009/5009 4706/4706 1576/1576
f 2756/2756 1576/1576 4706/4706
f 1576/1576 7786/7786 5009/5009
f 7786/7786 4659/4659 3414/3414
f 7786/7786 3395/3395 4659/4659
f 3395/3395 7786/7786 4444/4444
f 1576/1576 4444/4444 7786/7786
f 1576/1576 4247/4247 4444/4444
f 4138/4138 3909/3909 4659/4659
f 3395/3395 4138/4138 4659/4659
f 6166/6166 4138/4138 3395/3395
f 3633/3633 2756/2756 4706/4706
f 3633/3633 4706/4706 192/192
f 4247/4247 1576/1576 2756/2756
f 3633/3633 4247/4247 2756/2756
f 4444/4444 4247/4247 1069/1069
f 7626/7626 4247/4247 3633/3633
f 7359/7359 1069/1069 4247/4247
f 4051/4051 3633/3633 192/192
f 7626/7626 3633/3633 4051/4051
f 7626/7626 7359/7359 4247/4247
f 7626/7626 4051/4051 3726/3726
f 3726/3726 7359/7359 7626/7626
f 7359/7359 3726/3726 4171/4171
f 6166/6166 3909/3909 4138/4138
f 4468/4468 5088/5088 6166/6166
f 5313/5313 5088/5088 4468/4468
f 6301/6301 892/892 5088/5088
f 2965/2965 6166/6166 3395/3395
f 1069/1069 3395/3395 4444/4444
f 1069/1069 2965/2965 3395/3395
f 4468/4468 6166/6166 2965/2965
f 2965/2965 5312/5312 4468/4468
f 4468/4468 3454/3454 5313/5313
f 5312/5312 3454/3454 4468/4468
f 3359/3359 5313/5313 3454/3454
f 5313/5313 6301/6301 5088/5088
f 5951/5951 6301/6301 3359/3359
f 6301/6301 5313/5313 3359/3359
f 6411/6411 1069/1069 7359/7359
f 6411/6411 2965/2965 1069/1069
f 1199/1199 6411/6411 7359/7359
f 6411/6411 1199/1199 2965/2965
f 2965/2965 3454/3454 5312/5312
f 3359/3359 3454/3454 2965/2965
f 2965/2965 1199/1199 3359/3359
f 1199/1199 3983/3983 3359/3359
f 3359/3359 3983/3983 5951/5951
f 1199/1199 7359/7359 4171/4171
f 5568/5568 4171/4171 7742/7742
f 3089/3089 4171/4171 5568/5568
f 3089/3089 1199/1199 4171/4171
f 3089/3089 4004/4004 1199/1199
f 1199/1199 4004/4004 3983/3983
f 5568/5568 5668/5668 3089/3089
f 5668/5668 4004/4004 3089/3089
f 1565/1565 3983/3983 4004/4004
f 3983/3983 4324/4324 5951/5951
f 4324/4324 3983/3983 7737/7737
f 5562/5562 6864/6864 4658/4658
f 5562/5562 857/857 6864/6864
f 188/188 6207/6207 4774/4774
f 4774/4774 2600/2600 188/188
f 2508/2508 4774/4774 6207/6207
f 6207/6207 3529/3529 2508/2508
f 4640/4640 6202/6202 857/857
f 5017/5017 857/857 1524/1524
f 1524/1524 857/857 7952/7952
f 6202/6202 7952/7952 857/857
f 4114/4114 1524/1524 7952/7952
f 6202/6202 5160/5160 7952/7952
f 3851/3851 7530/7530 1524/1524
f 1524/1524 4114/4114 3851/3851
f 3851/3851 3192/3192 7530/7530
f 4288/4288 4114/4114 5160/5160
f 735/735 188/188 2600/2600
f 2600/2600 4774/4774 2004/2004
f 4774/4774 2508/2508 697/697
f 4768/4768 736/736 2004/2004
f 4768/4768 3622/3622 736/736
f 3622/3622 4768/4768 1932/1932
f 2397/2397 1766/1766 7569/7569
f 2397/2397 2790/2790 1766/1766
f 4487/4487 2790/2790 2397/2397
f 2369/2369 1766/1766 2790/2790
f 6725/6725 7569/7569 3832/3832
f 3832/3832 7569/7569 1766/1766
f 4686/4686 3832/3832 1766/1766
f 4487/4487 6607/6607 2790/2790
f 7772/7772 2790/2790 6607/6607
f 4686/4686 1766/1766 3501/3501
f 2790/2790 7772/7772 2369/2369
f 2369/2369 7772/7772 3501/3501
f 3501/3501 1766/1766 2369/2369
f 4839/4839 7772/7772 6607/6607
f 1471/1471 7772/7772 4839/4839
f 5826/5826 7772/7772 1471/1471
f 4122/4122 7772/7772 5826/5826
f 3501/3501 7772/7772 4122/4122
f 3501/3501 4122/4122 4347/4347
f 5826/5826 4347/4347 4122/4122
f 4686/4686 3501/3501 4747/4747
f 4078/4078 4747/4747 3501/3501
f 2831/2831 2294/2294 3339/3339
f 3339/3339 7819/7819 2824/2824
f 2824/2824 5986/5986 3339/3339
f 4347/4347 4078/4078 3501/3501
f 4078/4078 4347/4347 3677/3677
f 3677/3677 4347/4347 2074/2074
f 7819/7819 4747/4747 4078/4078
f 7819/7819 4078/4078 3677/3677
f 3677/3677 2089/2089 7819/7819
f 2074/2074 2089/2089 3677/3677
f 2089/2089 2824/2824 7819/7819
f 858/858 2508/2508 7645/7645
f 4735/4735 1273/1273 7428/7428
f 7428/7428 2294/2294 4735/4735
f 4735/4735 5280/5280 1273/1273
f 4735/4735 2294/2294 5280/5280
f 5280/5280 2294/2294 2831/2831
f 1273/1273 7736/7736 858/858
f 7736/7736 1194/1194 858/858
f 5280/5280 7736/7736 1273/1273
f 5280/5280 2831/2831 7736/7736
f 5976/5976 858/858 1194/1194
f 858/858 5976/5976 2395/2395
f 5976/5976 1194/1194 7736/7736
f 3410/3410 2395/2395 5976/5976
f 5986/5986 2831/2831 3339/3339
f 5986/5986 417/417 2831/2831
f 7736/7736 2831/2831 417/417
f 3671/3671 7736/7736 417/417
f 5986/5986 6360/6360 417/417
f 2824/2824 6360/6360 5986/5986
f 2089/2089 6360/6360 2824/2824
f 7226/7226 5976/5976 7736/7736
f 2532/2532 3851/3851 4114/4114
f 2532/2532 4114/4114 4288/4288
f 3750/3750 2532/2532 4288/4288
f 3750/3750 6773/6773 2532/2532
f 5976/5976 7157/7157 3410/3410
f 5976/5976 4801/4801 7157/7157
f 3671/3671 7226/7226 7736/7736
f 7226/7226 4801/4801 5976/5976
f 2020/2020 4801/4801 7226/7226
f 7226/7226 3671/3671 2020/2020
f 4801/4801 807/807 1465/1465
f 2020/2020 807/807 4801/4801
f 3622/3622 1932/1932 6713/6713
f 1932/1932 388/388 6713/6713
f 388/388 1932/1932 7501/7501
f 7501/7501 1932/1932 2242/2242
f 4702/4702 2242/2242 2395/2395
f 6696/6696 3192/3192 3851/3851
f 3851/3851 7552/7552 6696/6696
f 387/387 3851/3851 2532/2532
f 6773/6773 387/387 2532/2532
f 3718/3718 3851/3851 387/387
f 6414/6414 6773/6773 3750/3750
f 7552/7552 62/62 6696/6696
f 6773/6773 3718/3718 387/387
f 6773/6773 474/474 3718/3718
f 3718/3718 7552/7552 3851/3851
f 7891/7891 7552/7552 3718/3718
f 7552/7552 5391/5391 62/62
f 6401/6401 5391/5391 7552/7552
f 6401/6401 7552/7552 7891/7891
f 7891/7891 3718/3718 474/474
f 474/474 1107/1107 7891/7891
f 2242/2242 4702/4702 7501/7501
f 7501/7501 4702/4702 4708/4708
f 7501/7501 4560/4560 388/388
f 5421/5421 4560/4560 7501/7501
f 4708/4708 5421/5421 7501/7501
f 1166/1166 5421/5421 4708/4708
f 5855/5855 6401/6401 7891/7891
f 5855/5855 7891/7891 1107/1107
f 62/62 5391/5391 295/295
f 2855/2855 295/295 5391/5391
f 5391/5391 6401/6401 5855/5855
f 5391/5391 5855/5855 5024/5024
f 5024/5024 5855/5855 1107/1107
f 5718/5718 2855/2855 5391/5391
f 7555/7555 2855/2855 5718/5718
f 2556/2556 7555/7555 5718/5718
f 4528/4528 5391/5391 5024/5024
f 7111/7111 5718/5718 5391/5391
f 2857/2857 1107/1107 753/753
f 2857/2857 5024/5024 1107/1107
f 2857/2857 4528/4528 5024/5024
f 2540/2540 4528/4528 2857/2857
f 5391/5391 4528/4528 7111/7111
f 4528/4528 2540/2540 7111/7111
f 753/753 4016/4016 2857/2857
f 6157/6157 4560/4560 753/753
f 5421/5421 753/753 4560/4560
f 4708/4708 4702/4702 3410/3410
f 7157/7157 4708/4708 3410/3410
f 4708/4708 7157/7157 4414/4414
f 1166/1166 4708/4708 4414/4414
f 1465/1465 7157/7157 4801/4801
f 4414/4414 7157/7157 1465/1465
f 1412/1412 1465/1465 807/807
f 4414/4414 1465/1465 1412/1412
f 1530/1530 6017/6017 1412/1412
f 1530/1530 1412/1412 807/807
f 7338/7338 1412/1412 6017/6017
f 1530/1530 5834/5834 2288/2288
f 6017/6017 1530/1530 2288/2288
f 5834/5834 6017/6017 2288/2288
f 421/421 4839/4839 4824/4824
f 421/421 1471/1471 4839/4839
f 421/421 4824/4824 7713/7713
f 6719/6719 421/421 7713/7713
f 7713/7713 6916/6916 6719/6719
f 6719/6719 1471/1471 421/421
f 6719/6719 5862/5862 1471/1471
f 5826/5826 1471/1471 5961/5961
f 5826/5826 5961/5961 4835/4835
f 2821/2821 4835/4835 5961/5961
f 5862/5862 6719/6719 6916/6916
f 5826/5826 4835/4835 4347/4347
f 2821/2821 4347/4347 4835/4835
f 2074/2074 1616/1616 2089/2089
f 1616/1616 2074/2074 6377/6377
f 6809/6809 5862/5862 6916/6916
f 5862/5862 6809/6809 2310/2310
f 5961/5961 2310/2310 2821/2821
f 4347/4347 6377/6377 2074/2074
f 6360/6360 2089/2089 1616/1616
f 6360/6360 1616/1616 6377/6377
f 6377/6377 4347/4347 2821/2821
f 2821/2821 3915/3915 6377/6377
f 6377/6377 5236/5236 6360/6360
f 6024/6024 6809/6809 6916/6916
f 252/252 2310/2310 6809/6809
f 6551/6551 6809/6809 6024/6024
f 6551/6551 252/252 6809/6809
f 6024/6024 6210/6210 6551/6551
f 6210/6210 1254/1254 6551/6551
f 5713/5713 252/252 6551/6551
f 2713/2713 2310/2310 252/252
f 5713/5713 2713/2713 252/252
f 2310/2310 2713/2713 3308/3308
f 3308/3308 2713/2713 5713/5713
f 6281/6281 3308/3308 5713/5713
f 5070/5070 2821/2821 2310/2310
f 3308/3308 5070/5070 2310/2310
f 3197/3197 5070/5070 3308/3308
f 6551/6551 1254/1254 7540/7540
f 7540/7540 5713/5713 6551/6551
f 7731/7731 7540/7540 1254/1254
f 7731/7731 5713/5713 7540/7540
f 7731/7731 6281/6281 5713/5713
f 7731/7731 2384/2384 3526/3526
f 6731/6731 7731/7731 3526/3526
f 6172/6172 7731/7731 6731/6731
f 1254/1254 2384/2384 7731/7731
f 148/148 7731/7731 6172/6172
f 148/148 3308/3308 6281/6281
f 148/148 6281/6281 7731/7731
f 6172/6172 197/197 148/148
f 3221/3221 3308/3308 148/148
f 3308/3308 3221/3221 3197/3197
f 3221/3221 4660/4660 3197/3197
f 3221/3221 148/148 197/197
f 3221/3221 197/197 949/949
f 949/949 4660/4660 3221/3221
f 5070/5070 3915/3915 2821/2821
f 3293/3293 3915/3915 5070/5070
f 5248/5248 3293/3293 5070/5070
f 3293/3293 6377/6377 3915/3915
f 5248/5248 5070/5070 3197/3197
f 6377/6377 3293/3293 5236/5236
f 3702/3702 3293/3293 6751/6751
f 3293/3293 3702/3702 5236/5236
f 3197/3197 4660/4660 5248/5248
f 6751/6751 3293/3293 5248/5248
f 505/505 5248/5248 4660/4660
f 3877/3877 4660/4660 949/949
f 3877/3877 505/505 4660/4660
f 505/505 6751/6751 5248/5248
f 6751/6751 7118/7118 3702/3702
f 7118/7118 6751/6751 505/505
f 7045/7045 7118/7118 505/505
f 7045/7045 6188/6188 7118/7118
f 6188/6188 3702/3702 7118/7118
f 3070/3070 1847/1847 6730/6730
f 4324/4324 1847/1847 3070/3070
f 7737/7737 1847/1847 4324/4324
f 6158/6158 6172/6172 6731/6731
f 1847/1847 6159/6159 6730/6730
f 6158/6158 197/197 6172/6172
f 6158/6158 3877/3877 197/197
f 3877/3877 949/949 197/197
f 1976/1976 3877/3877 6158/6158
f 7737/7737 6159/6159 1847/1847
f 7737/7737 1977/1977 6159/6159
f 998/998 1977/1977 7737/7737
f 1976/1976 997/997 5882/5882
f 5882/5882 505/505 3877/3877
f 1976/1976 5882/5882 3877/3877
f 5882/5882 7045/7045 505/505
f 6242/6242 6188/6188 7045/7045
f 1580/1580 5882/5882 997/997
f 7045/7045 5882/5882 6242/6242
f 1580/1580 6242/6242 5882/5882
f 6242/6242 1580/1580 1883/1883
f 1922/1922 2214/2214 1979/1979
f 4262/4262 1922/1922 1979/1979
f 3900/3900 4261/4261 1978/1978
f 2863/2863 1580/1580 997/997
f 2646/2646 2864/2864 998/998
f 6106/6106 1922/1922 2864/2864
f 2863/2863 4261/4261 1580/1580
f 1580/1580 4261/4261 4555/4555
f 3900/3900 4555/4555 4261/4261
f 4262/4262 2864/2864 1922/1922
f 6834/6834 6106/6106 2864/2864
f 6834/6834 2864/2864 2646/2646
f 3900/3900 1978/1978 2215/2215
f 1655/1655 1883/1883 1580/1580
f 4555/4555 1655/1655 1580/1580
f 1655/1655 4555/4555 1718/1718
f 486/486 417/417 6360/6360
f 3671/3671 417/417 486/486
f 486/486 2020/2020 3671/3671
f 486/486 6360/6360 5236/5236
f 6285/6285 2020/2020 486/486
f 542/542 6285/6285 486/486
f 6285/6285 807/807 2020/2020
f 542/542 5236/5236 3702/3702
f 3702/3702 6188/6188 542/542
f 486/486 5236/5236 542/542
f 6285/6285 8000/8000 807/807
f 1530/1530 807/807 8000/8000
f 104/104 542/542 550/550
f 6242/6242 3812/3812 6188/6188
f 1672/1672 6188/6188 3812/3812
f 2992/2992 1672/1672 3812/3812
f 1672/1672 542/542 6188/6188
f 550/550 542/542 1672/1672
f 67/67 1672/1672 2992/2992
f 1460/1460 2992/2992 37/37
f 7030/7030 67/67 1460/1460
f 1460/1460 67/67 2992/2992
f 7613/7613 2992/2992 3812/3812
f 1883/1883 3812/3812 6242/6242
f 7613/7613 3812/3812 1883/1883
f 37/37 2992/2992 7613/7613
f 38/38 7614/7614 7687/7687
f 67/67 550/550 1672/1672
f 550/550 67/67 3723/3723
f 3723/3723 104/104 550/550
f 2214/2214 1922/1922 6345/6345
f 6106/6106 6345/6345 1922/1922
f 7147/7147 6345/6345 6106/6106
f 7922/7922 6345/6345 6258/6258
f 6345/6345 7147/7147 2847/2847
f 2847/2847 6258/6258 6345/6345
f 2215/2215 1462/1462 6621/6621
f 6345/6345 1461/1461 2214/2214
f 3900/3900 2215/2215 6621/6621
f 5761/5761 3900/3900 6621/6621
f 6619/6619 1460/1460 37/37
f 38/38 7687/7687 6620/6620
f 6345/6345 7031/7031 1461/1461
f 7922/7922 1980/1980 7031/7031
f 6345/6345 7922/7922 7031/7031
f 5760/5760 6620/6620 7687/7687
f 7687/7687 2534/2534 4504/4504
f 333/333 7614/7614 1884/1884
f 1884/1884 1654/1654 333/333
f 7614/7614 2076/2076 7687/7687
f 2076/2076 2534/2534 7687/7687
f 7614/7614 3880/3880 2076/2076
f 3880/3880 7614/7614 333/333
f 3900/3900 5761/5761 4555/4555
f 1718/1718 4555/4555 5761/5761
f 5760/5760 7687/7687 4504/4504
f 1717/1717 5760/5760 4504/4504
f 2847/2847 4502/4502 6258/6258
f 1981/1981 67/67 7030/7030
f 3723/3723 67/67 1981/1981
f 2535/2535 3723/3723 1981/1981
f 3866/3866 1980/1980 7922/7922
f 4502/4502 2533/2533 3866/3866
f 3866/3866 2533/2533 1980/1980
f 4571/4571 104/104 3723/3723
f 4571/4571 3723/3723 5207/5207
f 2534/2534 2076/2076 3722/3722
f 3723/3723 2077/2077 5207/5207
f 3880/3880 5206/5206 2076/2076
f 4502/4502 3866/3866 7922/7922
f 4502/4502 7922/7922 6258/6258
f 367/367 333/333 1654/1654
f 2298/2298 5206/5206 3880/3880
f 367/367 3880/3880 333/333
f 367/367 2298/2298 3880/3880
f 542/542 104/104 6285/6285
f 8000/8000 6285/6285 104/104
f 4571/4571 8000/8000 104/104
f 5207/5207 5869/5869 4571/4571
f 8000/8000 5834/5834 1530/1530
f 1675/1675 7111/7111 2540/2540
f 4016/4016 1675/1675 2540/2540
f 4016/4016 2540/2540 2857/2857
f 2556/2556 5718/5718 7111/7111
f 303/303 7111/7111 1675/1675
f 159/159 303/303 1675/1675
f 159/159 1675/1675 4016/4016
f 2556/2556 7111/7111 303/303
f 3729/3729 2565/2565 2556/2556
f 3729/3729 303/303 159/159
f 303/303 3729/3729 2556/2556
f 3729/3729 159/159 5884/5884
f 6367/6367 7555/7555 2556/2556
f 6367/6367 2556/2556 2565/2565
f 1531/1531 2565/2565 6236/6236
f 3729/3729 6236/6236 2565/2565
f 2565/2565 1531/1531 6367/6367
f 2826/2826 6367/6367 1531/1531
f 3186/3186 3233/3233 5547/5547
f 169/169 1185/1185 304/304
f 2152/2152 169/169 304/304
f 4348/4348 304/304 607/607
f 4348/4348 607/607 3186/3186
f 2152/2152 304/304 4348/4348
f 3186/3186 607/607 3233/3233
f 6455/6455 4348/4348 3186/3186
f 6455/6455 4870/4870 4348/4348
f 5257/5257 6367/6367 2826/2826
f 4080/4080 5257/5257 2826/2826
f 4080/4080 2826/2826 1531/1531
f 4080/4080 1531/1531 556/556
f 4828/4828 4080/4080 556/556
f 5628/5628 4828/4828 556/556
f 5257/5257 4080/4080 4828/4828
f 7357/7357 3233/3233 607/607
f 1185/1185 5628/5628 721/721
f 1185/1185 721/721 304/304
f 721/721 607/607 304/304
f 396/396 3186/3186 5547/5547
f 5318/5318 6455/6455 3186/3186
f 3665/3665 3186/3186 396/396
f 3186/3186 3665/3665 5318/5318
f 6020/6020 6421/6421 396/396
f 5750/5750 2646/2646 7737/7737
f 2646/2646 998/998 7737/7737
f 6834/6834 2646/2646 3152/3152
f 2646/2646 5750/5750 3152/3152
f 3983/3983 5750/5750 7737/7737
f 3943/3943 5750/5750 3983/3983
f 6106/6106 6834/6834 7147/7147
f 3152/3152 7147/7147 6834/6834
f 4597/4597 2847/2847 7147/7147
f 4807/4807 2848/2848 4596/4596
f 4911/4911 4597/4597 7147/7147
f 6964/6964 4596/4596 4910/4910
f 5923/5923 6964/6964 4910/4910
f 4503/4503 2848/2848 4807/4807
f 4503/4503 4807/4807 1716/1716
f 1716/1716 4807/4807 1654/1654
f 1739/1739 1654/1654 4807/4807
f 4807/4807 4596/4596 1739/1739
f 1739/1739 4596/4596 6964/6964
f 1739/1739 367/367 1654/1654
f 7797/7797 2298/2298 367/367
f 7422/7422 367/367 1739/1739
f 7797/7797 367/367 7422/7422
f 1736/1736 6964/6964 5923/5923
f 6964/6964 1736/1736 1739/1739
f 7422/7422 1739/1739 1736/1736
f 6291/6291 7422/7422 1736/1736
f 6317/6317 7422/7422 6291/6291
f 5750/5750 3550/3550 3152/3152
f 3152/3152 3550/3550 7147/7147
f 7291/7291 3550/3550 5750/5750
f 4910/4910 7292/7292 5923/5923
f 4745/4745 5923/5923 7292/7292
f 4519/4519 4745/4745 7292/7292
f 4745/4745 1736/1736 5923/5923
f 1736/1736 4745/4745 6291/6291
f 2437/2437 4745/4745 4519/4519
f 4745/4745 2437/2437 6291/6291
f 3520/3520 5869/5869 5207/5207
f 7797/7797 5206/5206 2298/2298
f 3520/3520 5207/5207 7798/7798
f 3773/3773 5869/5869 3520/3520
f 6317/6317 7797/7797 7422/7422
f 3773/3773 3520/3520 7798/7798
f 7798/7798 1440/1440 3773/3773
f 3773/3773 4625/4625 5869/5869
f 4544/4544 679/679 6767/6767
f 6470/6470 3773/3773 1947/1947
f 6317/6317 1439/1439 7797/7797
f 1947/1947 3773/3773 1440/1440
f 2437/2437 6317/6317 6291/6291
f 996/996 679/679 6470/6470
f 1947/1947 996/996 6470/6470
f 6378/6378 1439/1439 6317/6317
f 7634/7634 1439/1439 6378/6378
f 7633/7633 1947/1947 1440/1440
f 4544/4544 4625/4625 6470/6470
f 3773/3773 6470/6470 4625/4625
f 4544/4544 129/129 4625/4625
f 6470/6470 679/679 4544/4544
f 6767/6767 129/129 4544/4544
f 6767/6767 517/517 129/129
f 3483/3483 480/480 1404/1404
f 3170/3170 7291/7291 5750/5750
f 7291/7291 3170/3170 4518/4518
f 5750/5750 3943/3943 3170/3170
f 1339/1339 679/679 996/996
f 1339/1339 996/996 7647/7647
f 3536/3536 1339/1339 7647/7647
f 4518/4518 3170/3170 2436/2436
f 5765/5765 3536/3536 7647/7647
f 6767/6767 679/679 96/96
f 96/96 679/679 1339/1339
f 6767/6767 96/96 7310/7310
f 6767/6767 7310/7310 1792/1792
f 1792/1792 517/517 6767/6767
f 2685/2685 7310/7310 3483/3483
f 3483/3483 96/96 1339/1339
f 6317/6317 2437/2437 6378/6378
f 7647/7647 996/996 1947/1947
f 7647/7647 1947/1947 5765/5765
f 5765/5765 1947/1947 7633/7633
f 5932/5932 7634/7634 6378/6378
f 5932/5932 6378/6378 2437/2437
f 5930/5930 5765/5765 7633/7633
f 3943/3943 2436/2436 3170/3170
f 7354/7354 1339/1339 3536/3536
f 122/122 3536/3536 5765/5765
f 122/122 5765/5765 5307/5307
f 122/122 7354/7354 3536/3536
f 6015/6015 122/122 5071/5071
f 7354/7354 5125/5125 480/480
f 5125/5125 7354/7354 122/122
f 4210/4210 2436/2436 3943/3943
f 4165/4165 5931/5931 2436/2436
f 2256/2256 2436/2436 4210/4210
f 2436/2436 2256/2256 4165/4165
f 7354/7354 3483/3483 1339/1339
f 7354/7354 480/480 3483/3483
f 5765/5765 5930/5930 5307/5307
f 5071/5071 122/122 5307/5307
f 5307/5307 6951/6951 5071/5071
f 6951/6951 5307/5307 5930/5930
f 6015/6015 5071/5071 4243/4243
f 6952/6952 5931/5931 5072/5072
f 5931/5931 4244/4244 5072/5072
f 6054/6054 480/480 5125/5125
f 6015/6015 6055/6055 5125/5125
f 5125/5125 122/122 6015/6015
f 6015/6015 4821/4821 6055/6055
f 493/493 6015/6015 4243/4243
f 6015/6015 493/493 7208/7208
f 4165/4165 4244/4244 5931/5931
f 4165/4165 494/494 4244/4244
f 7209/7209 494/494 4165/4165
f 4696/4696 6015/6015 4972/4972
f 6015/6015 7208/7208 4972/4972
f 7209/7209 4165/4165 4973/4973
f 4165/4165 4697/4697 4973/4973
f 4821/4821 6015/6015 4696/4696
f 4165/4165 2256/2256 6303/6303
f 6303/6303 4697/4697 4165/4165
f 4820/4820 4697/4697 5556/5556
f 5556/5556 4697/4697 6303/6303
f 3983/3983 6243/6243 3943/3943
f 498/498 7637/7637 479/479
f 498/498 4356/4356 7637/7637
f 64/64 6181/6181 4356/4356
f 3983/3983 5662/5662 6243/6243
f 1366/1366 1204/1204 6243/6243
f 634/634 1204/1204 1366/1366
f 4210/4210 3943/3943 6243/6243
f 563/563 2256/2256 4210/4210
f 6243/6243 563/563 4210/4210
f 563/563 7378/7378 2256/2256
f 498/498 479/479 6053/6053
f 498/498 6053/6053 5539/5539
f 498/498 5275/5275 4356/4356
f 5275/5275 498/498 5320/5320
f 5320/5320 498/498 5539/5539
f 2256/2256 5538/5538 6303/6303
f 5540/5540 6055/6055 4821/4821
f 5556/5556 6303/6303 4820/4820
f 6303/6303 5538/5538 4820/4820
f 7378/7378 5538/5538 2256/2256
f 5319/5319 5538/5538 7378/7378
f 5284/5284 4356/4356 5275/5275
f 969/969 5275/5275 5320/5320
f 968/968 5319/5319 7378/7378
f 5284/5284 5275/5275 969/969
f 5284/5284 969/969 4356/4356
f 563/563 968/968 7378/7378
f 64/64 4356/4356 969/969
f 1204/1204 563/563 6243/6243
f 65/65 563/563 1204/1204
f 65/65 968/968 563/563
f 634/634 65/65 1204/1204
f 4889/4889 634/634 1366/1366
f 634/634 7440/7440 65/65
f 5662/5662 3983/3983 2072/2072
f 1366/1366 6243/6243 5662/5662
f 2861/2861 4889/4889 1366/1366
f 5662/5662 6294/6294 1366/1366
f 2861/2861 1366/1366 6294/6294
f 7441/7441 4889/4889 2861/2861
f 4057/4057 2861/2861 6294/6294
f 2861/2861 4057/4057 7441/7441
f 2072/2072 1804/1804 5662/5662
f 4057/4057 6294/6294 5662/5662
f 5662/5662 198/198 4057/4057
f 319/319 5834/5834 8000/8000
f 2450/2450 570/570 3854/3854
f 1403/1403 2130/2130 2450/2450
f 2130/2130 1535/1535 2450/2450
f 1404/1404 7478/7478 2685/2685
f 2130/2130 1403/1403 7637/7637
f 2130/2130 7637/7637 5518/5518
f 7478/7478 1404/1404 4637/4637
f 4636/4636 2450/2450 3854/3854
f 6445/6445 4637/4637 3855/3855
f 3083/3083 7478/7478 4637/4637
f 2450/2450 4636/4636 1403/1403
f 4524/4524 7129/7129 517/517
f 517/517 1792/1792 4524/4524
f 1849/1849 3922/3922 7129/7129
f 1849/1849 7129/7129 4524/4524
f 2685/2685 1792/1792 7310/7310
f 2685/2685 5453/5453 1792/1792
f 6246/6246 4524/4524 1792/1792
f 6246/6246 1792/1792 5453/5453
f 4524/4524 6246/6246 2301/2301
f 2301/2301 1849/1849 4524/4524
f 5453/5453 2685/2685 7478/7478
f 5518/5518 1535/1535 2130/2130
f 64/64 3285/3285 6181/6181
f 4581/4581 3285/3285 64/64
f 4889/4889 4580/4580 7440/7440
f 4581/4581 2584/2584 3791/3791
f 3791/3791 5685/5685 4581/4581
f 3791/3791 2474/2474 5685/5685
f 3791/3791 9/9 2474/2474
f 7349/7349 6654/6654 2663/2663
f 7440/7440 4580/4580 65/65
f 634/634 4889/4889 7440/7440
f 4307/4307 9/9 2584/2584
f 2584/2584 9/9 3791/3791
f 7441/7441 4580/4580 4889/4889
f 1702/1702 4580/4580 7441/7441
f 1702/1702 2583/2583 4580/4580
f 4057/4057 2040/2040 7441/7441
f 1702/1702 7441/7441 2040/2040
f 7956/7956 1702/1702 2040/2040
f 5520/5520 2040/2040 4057/4057
f 5520/5520 4057/4057 198/198
f 2040/2040 5520/5520 1033/1033
f 1037/1037 7956/7956 1033/1033
f 4875/4875 6019/6019 1037/1037
f 7523/7523 226/226 1698/1698
f 7523/7523 5298/5298 226/226
f 5298/5298 7523/7523 2123/2123
f 5537/5537 6798/6798 5298/5298
f 6798/6798 3040/3040 7499/7499
f 7499/7499 135/135 6798/6798
f 7278/7278 135/135 7499/7499
f 4099/4099 913/913 6193/6193
f 7499/7499 6183/6183 7278/7278
f 7278/7278 4765/4765 135/135
f 4765/4765 7278/7278 1054/1054
f 3173/3173 3945/3945 5166/5166
f 7780/7780 6931/6931 4856/4856
f 4856/4856 4097/4097 7780/7780
f 5944/5944 2962/2962 4097/4097
f 7780/7780 3637/3637 6931/6931
f 2962/2962 3637/3637 7780/7780
f 2962/2962 7780/7780 4097/4097
f 3637/3637 2962/2962 2516/2516
f 5636/5636 2516/2516 2962/2962
f 492/492 5944/5944 4097/4097
f 7907/7907 3467/3467 492/492
f 3467/3467 5944/5944 492/492
f 3950/3950 3467/3467 7907/7907
f 6113/6113 7907/7907 3052/3052
f 3950/3950 7907/7907 6113/6113
f 1915/1915 2962/2962 3467/3467
f 5944/5944 3467/3467 2962/2962
f 1915/1915 3467/3467 3950/3950
f 1915/1915 3950/3950 1065/1065
f 1065/1065 1895/1895 1915/1915
f 3950/3950 6113/6113 3738/3738
f 2566/2566 1066/1066 3949/3949
f 2566/2566 3949/3949 3737/3737
f 7628/7628 4339/4339 3144/3144
f 4765/4765 275/275 6950/6950
f 4611/4611 275/275 4765/4765
f 2806/2806 7628/7628 3144/3144
f 1634/1634 7149/7149 429/429
f 7149/7149 422/422 5759/5759
f 429/429 7149/7149 5759/5759
f 4396/4396 1614/1614 1402/1402
f 1010/1010 5759/5759 1614/1614
f 1010/1010 1614/1614 4396/4396
f 7544/7544 429/429 5759/5759
f 7544/7544 5759/5759 1010/1010
f 7980/7980 429/429 7544/7544
f 7980/7980 7544/7544 1010/1010
f 7980/7980 1010/1010 5981/5981
f 429/429 7980/7980 5981/5981
f 3539/3539 69/69 3189/3189
f 6669/6669 5981/5981 69/69
f 5981/5981 6669/6669 429/429
f 3850/3850 1761/1761 7832/7832
f 1953/1953 7832/7832 3862/3862
f 3850/3850 7832/7832 1806/1806
f 3862/3862 2784/2784 1953/1953
f 3358/3358 1953/1953 2784/2784
f 5544/5544 3850/3850 1091/1091
f 7483/7483 371/371 3209/3209
f 371/371 7483/7483 4525/4525
f 4065/4065 4785/4785 371/371
f 890/890 3767/3767 4785/4785
f 2187/2187 4785/4785 4065/4065
f 890/890 4785/4785 2187/2187
f 4525/4525 4065/4065 371/371
f 2187/2187 4065/4065 4525/4525
f 2187/2187 4525/4525 285/285
f 2399/2399 2187/2187 285/285
f 2249/2249 285/285 4525/4525
f 4781/4781 890/890 2187/2187
f 7796/7796 1409/1409 2639/2639
f 2639/2639 1409/1409 6350/6350
f 3421/3421 7796/7796 2639/2639
f 2639/2639 4841/4841 3421/3421
f 4840/4840 6413/6413 3420/3420
f 7281/7281 181/181 2374/2374
f 6931/6931 181/181 7281/7281
f 181/181 6931/6931 4010/4010
f 4010/4010 7764/7764 181/181
f 181/181 7764/7764 2374/2374
f 1042/1042 7049/7049 4439/4439
f 4079/4079 7049/7049 1042/1042
f 584/584 7049/7049 4079/4079
f 4874/4874 2303/2303 3542/3542
f 4439/4439 2099/2099 3542/3542
f 5666/5666 7049/7049 584/584
f 6841/6841 2099/2099 4439/4439
f 7049/7049 6841/6841 4439/4439
f 5666/5666 6841/6841 7049/7049
f 6841/6841 5666/5666 4687/4687
f 3560/3560 2099/2099 7419/7419
f 6931/6931 3637/3637 4010/4010
f 4010/4010 3637/3637 2516/2516
f 2516/2516 82/82 4010/4010
f 2516/2516 5839/5839 82/82
f 5839/5839 2516/2516 5636/5636
f 5636/5636 1915/1915 1895/1895
f 5636/5636 2962/2962 1915/1915
f 5839/5839 5636/5636 1895/1895
f 828/828 7419/7419 5402/5402
f 2099/2099 6841/6841 7419/7419
f 5402/5402 7419/7419 6841/6841
f 4687/4687 5402/5402 6841/6841
f 4687/4687 7590/7590 5402/5402
f 584/584 4079/4079 5653/5653
f 2217/2217 5666/5666 1757/1757
f 2217/2217 4687/4687 5666/5666
f 5666/5666 584/584 1757/1757
f 2217/2217 1757/1757 7188/7188
f 6046/6046 2217/2217 7188/7188
f 7590/7590 2217/2217 6046/6046
f 2217/2217 7590/7590 4687/4687
f 6599/6599 7188/7188 1757/1757
f 7188/7188 6599/6599 6046/6046
f 6046/6046 6599/6599 2629/2629
f 1378/1378 6554/6554 6046/6046
f 6046/6046 6554/6554 7590/7590
f 1378/1378 7590/7590 6554/6554
f 4264/4264 5950/5950 1378/1378
f 5950/5950 7590/7590 1378/1378
f 1378/1378 6046/6046 4264/4264
f 2629/2629 4264/4264 6046/6046
f 828/828 5595/5595 7419/7419
f 5595/5595 3560/3560 7419/7419
f 5595/5595 5534/5534 3560/3560
f 5595/5595 2443/2443 5534/5534
f 828/828 2443/2443 5595/5595
f 3560/3560 5534/5534 3320/3320
f 5402/5402 7590/7590 828/828
f 7590/7590 7995/7995 828/828
f 6689/6689 7995/7995 7590/7590
f 2443/2443 828/828 7995/7995
f 3209/3209 3320/3320 7483/7483
f 3320/3320 5534/5534 7483/7483
f 5534/5534 4525/4525 7483/7483
f 5534/5534 2249/2249 4525/4525
f 2249/2249 5534/5534 2443/2443
f 2249/2249 2443/2443 6793/6793
f 285/285 2249/2249 2399/2399
f 6793/6793 2399/2399 2249/2249
f 6793/6793 2723/2723 2399/2399
f 5690/5690 2723/2723 6793/6793
f 2443/2443 6939/6939 6793/6793
f 5690/5690 6793/6793 6939/6939
f 7589/7589 2443/2443 7868/7868
f 7589/7589 6939/6939 2443/2443
f 7589/7589 5721/5721 6939/6939
f 4050/4050 5690/5690 6939/6939
f 4050/4050 6939/6939 3155/3155
f 7589/7589 7868/7868 5721/5721
f 5721/5721 3155/3155 6939/6939
f 5950/5950 6689/6689 7590/7590
f 6689/6689 5950/5950 5948/5948
f 5462/5462 6689/6689 5948/5948
f 5948/5948 5691/5691 5462/5462
f 2388/2388 1539/1539 5462/5462
f 4039/4039 7995/7995 2404/2404
f 4039/4039 2443/2443 7995/7995
f 7995/7995 5427/5427 2404/2404
f 5593/5593 2404/2404 5427/5427
f 6689/6689 5427/5427 7995/7995
f 5593/5593 5427/5427 6689/6689
f 4039/4039 2404/2404 5593/5593
f 6689/6689 5462/5462 5949/5949
f 6689/6689 5949/5949 5593/5593
f 4297/4297 5593/5593 5949/5949
f 4297/4297 6982/6982 5593/5593
f 6982/6982 4039/4039 5593/5593
f 1539/1539 5949/5949 5462/5462
f 5949/5949 6982/6982 4297/4297
f 2156/2156 6982/6982 5949/5949
f 1539/1539 2388/2388 5949/5949
f 2443/2443 4039/4039 7868/7868
f 1102/1102 5721/5721 7868/7868
f 3155/3155 5721/5721 1102/1102
f 3155/3155 1102/1102 7868/7868
f 2504/2504 4050/4050 3155/3155
f 3155/3155 7868/7868 7081/7081
f 7081/7081 6498/6498 3155/3155
f 1134/1134 6982/6982 2156/2156
f 6982/6982 1134/1134 4039/4039
f 1134/1134 7868/7868 4039/4039
f 7081/7081 7868/7868 1134/1134
f 7081/7081 1134/1134 606/606
f 1767/1767 7081/7081 606/606
f 1639/1639 1767/1767 606/606
f 4040/4040 606/606 1134/1134
f 1639/1639 606/606 4040/4040
f 1639/1639 6498/6498 1767/1767
f 6498/6498 1639/1639 6096/6096
f 404/404 4040/4040 1134/1134
f 404/404 4981/4981 4040/4040
f 1639/1639 4040/4040 4981/4981
f 1639/1639 4981/4981 6096/6096
f 4981/4981 404/404 6096/6096
f 6498/6498 7081/7081 1767/1767
f 6096/6096 5463/5463 6498/6498
f 2180/2180 5343/5343 846/846
f 5487/5487 5343/5343 2180/2180
f 2180/2180 6121/6121 5487/5487
f 1888/1888 3926/3926 1477/1477
f 7170/7170 6567/6567 1416/1416
f 7170/7170 6849/6849 6567/6567
f 1417/1417 6843/6843 1005/1005
f 1889/1889 7170/7170 3925/3925
f 3925/3925 7170/7170 1416/1416
f 3926/3926 1417/1417 1005/1005
f 5957/5957 2180/2180 846/846
f 5957/5957 6121/6121 2180/2180
f 5957/5957 846/846 4303/4303
f 5957/5957 487/487 6121/6121
f 485/485 487/487 5957/5957
f 6121/6121 487/487 1005/1005
f 731/731 5908/5908 4998/4998
f 5908/5908 485/485 4998/4998
f 7042/7042 4303/4303 846/846
f 5957/5957 4303/4303 485/485
f 5724/5724 1201/1201 5908/5908
f 5724/5724 5908/5908 731/731
f 1201/1201 7547/7547 1005/1005
f 5908/5908 487/487 485/485
f 5908/5908 1201/1201 487/487
f 1005/1005 487/487 1201/1201
f 1959/1959 6849/6849 1704/1704
f 2345/2345 1704/1704 6849/6849
f 6849/6849 1959/1959 6567/6567
f 6842/6842 1959/1959 1704/1704
f 6030/6030 6842/6842 1704/1704
f 6842/6842 6567/6567 1959/1959
f 6567/6567 6842/6842 1416/1416
f 2017/2017 3427/3427 1328/1328
f 3427/3427 4917/4917 1328/1328
f 4916/4916 3426/3426 6396/6396
f 6396/6396 3426/3426 2917/2917
f 4483/4483 7576/7576 1328/1328
f 7576/7576 2017/2017 1328/1328
f 1328/1328 1613/1613 4483/4483
f 4579/4579 1613/1613 4917/4917
f 1613/1613 1328/1328 4917/4917
f 5000/5000 1613/1613 4579/4579
f 2917/2917 3426/3426 2016/2016
f 2917/2917 2016/2016 622/622
f 622/622 3175/3175 2917/2917
f 6396/6396 2917/2917 6534/6534
f 6534/6534 2917/2917 3175/3175
f 3175/3175 6919/6919 6534/6534
f 2811/2811 3176/3176 623/623
f 3176/3176 3988/3988 6920/6920
f 3988/3988 3176/3176 2811/2811
f 7857/7857 6920/6920 3988/3988
f 5436/5436 7857/7857 3988/3988
f 2491/2491 4050/4050 3756/3756
f 7365/7365 4202/4202 1814/1814
f 4202/4202 460/460 7383/7383
f 459/459 7366/7366 4784/4784
f 7365/7365 460/460 4202/4202
f 472/472 3035/3035 7383/7383
f 4202/4202 7383/7383 3415/3415
f 472/472 7383/7383 460/460
f 7383/7383 3035/3035 3415/3415
f 459/459 7816/7816 471/471
f 471/471 7816/7816 512/512
f 6396/6396 4578/4578 4916/4916
f 6614/6614 4579/4579 3034/3034
f 6396/6396 3415/3415 4578/4578
f 3035/3035 4578/4578 3415/3415
f 3415/3415 6396/6396 6534/6534
f 5000/5000 4579/4579 6614/6614
f 6614/6614 3034/3034 471/471
f 512/512 6614/6614 471/471
f 4202/4202 3415/3415 4720/4720
f 6534/6534 4694/4694 3415/3415
f 4050/4050 2504/2504 3375/3375
f 3756/3756 4050/4050 3375/3375
f 6498/6498 2504/2504 3155/3155
f 3375/3375 2504/2504 6498/6498
f 6096/6096 3756/3756 3375/3375
f 7869/7869 3756/3756 6371/6371
f 3375/3375 6498/6498 5463/5463
f 5463/5463 6096/6096 3375/3375
f 5967/5967 3756/3756 6096/6096
f 5967/5967 5712/5712 3756/3756
f 1291/1291 5712/5712 5967/5967
f 5712/5712 6371/6371 3756/3756
f 5712/5712 7896/7896 6371/6371
f 4694/4694 4720/4720 3415/3415
f 1291/1291 7896/7896 5712/5712
f 291/291 1291/1291 5967/5967
f 291/291 5967/5967 4436/4436
f 6534/6534 6919/6919 1224/1224
f 7857/7857 1223/1223 6920/6920
f 6534/6534 4647/4647 4694/4694
f 4647/4647 6534/6534 1224/1224
f 1224/1224 2764/2764 4647/4647
f 2765/2765 1223/1223 128/128
f 7857/7857 128/128 1223/1223
f 128/128 7857/7857 5937/5937
f 4720/4720 5390/5390 1491/1491
f 1491/1491 5390/5390 4436/4436
f 4294/4294 2468/2468 961/961
f 3052/3052 7353/7353 4031/4031
f 3053/3053 4032/4032 1171/1171
f 5176/5176 3737/3737 1169/1169
f 6426/6426 3737/3737 5176/5176
f 4004/4004 5668/5668 229/229
f 4509/4509 4004/4004 229/229
f 4508/4508 2389/2389 427/427
f 4508/4508 4004/4004 2389/2389
f 5969/5969 4004/4004 4508/4508
f 7230/7230 5969/5969 4508/4508
f 5969/5969 1565/1565 4004/4004
f 1565/1565 5969/5969 6647/6647
f 594/594 5361/5361 695/695
f 594/594 7986/7986 5361/5361
f 2192/2192 5361/5361 7388/7388
f 6690/6690 2192/2192 7388/7388
f 2657/2657 7388/7388 5361/5361
f 2657/2657 5361/5361 7986/7986
f 7388/7388 2657/2657 329/329
f 7388/7388 329/329 874/874
f 594/594 695/695 4224/4224
f 4224/4224 802/802 594/594
f 6467/6467 802/802 4224/4224
f 7986/7986 594/594 802/802
f 4480/4480 802/802 6467/6467
f 1806/1806 7832/7832 1953/1953
f 1806/1806 1953/1953 3358/3358
f 3802/3802 5969/5969 7230/7230
f 7986/7986 802/802 3254/3254
f 1715/1715 802/802 4480/4480
f 6587/6587 4118/4118 4480/4480
f 4118/4118 3844/3844 1502/1502
f 3254/3254 802/802 1715/1715
f 3254/3254 2418/2418 7986/7986
f 2418/2418 3254/3254 1715/1715
f 2657/2657 7986/7986 329/329
f 4806/4806 1715/1715 4480/4480
f 2418/2418 1715/1715 4806/4806
f 4480/4480 1487/1487 4806/4806
f 2370/2370 2418/2418 4806/4806
f 2370/2370 1342/1342 2418/2418
f 4480/4480 4118/4118 1487/1487
f 1487/1487 1502/1502 4806/4806
f 4118/4118 1502/1502 1487/1487
f 2370/2370 4806/4806 1502/1502
f 1096/1096 1502/1502 3844/3844
f 527/527 1502/1502 1096/1096
f 3317/3317 2370/2370 827/827
f 827/827 2370/2370 95/95
f 1502/1502 95/95 2370/2370
f 527/527 95/95 1502/1502
f 95/95 527/527 3255/3255
f 95/95 544/544 827/827
f 544/544 95/95 3255/3255
f 6766/6766 3721/3721 1565/1565
f 5969/5969 1342/1342 6647/6647
f 726/726 1565/1565 6647/6647
f 1565/1565 726/726 6766/6766
f 726/726 3317/3317 6766/6766
f 3317/3317 616/616 6766/6766
f 2723/2723 6537/6537 2399/2399
f 3721/3721 4888/4888 3983/3983
f 3983/3983 4888/4888 2072/2072
f 3721/3721 3983/3983 1565/1565
f 3614/3614 4888/4888 3721/3721
f 4888/4888 5749/5749 2072/2072
f 5749/5749 4888/4888 4047/4047
f 6417/6417 5749/5749 2705/2705
f 4047/4047 2705/2705 5749/5749
f 4532/4532 1806/1806 3358/3358
f 3358/3358 2784/2784 4532/4532
f 2784/2784 3924/3924 4532/4532
f 7836/7836 3850/3850 1806/1806
f 7836/7836 1806/1806 4532/4532
f 5087/5087 3305/3305 2784/2784
f 3305/3305 3924/3924 2784/2784
f 4532/4532 3924/3924 6723/6723
f 7836/7836 1091/1091 3850/3850
f 7836/7836 4532/4532 6723/6723
f 1091/1091 7836/7836 6723/6723
f 6723/6723 3924/3924 3305/3305
f 1091/1091 5852/5852 6234/6234
f 5852/5852 1091/1091 6723/6723
f 5852/5852 6723/6723 3305/3305
f 2716/2716 3305/3305 6531/6531
f 5561/5561 890/890 4781/4781
f 5561/5561 6531/6531 890/890
f 5561/5561 2716/2716 6531/6531
f 2187/2187 6537/6537 4781/4781
f 6537/6537 5561/5561 4781/4781
f 2187/2187 2399/2399 6537/6537
f 6537/6537 2723/2723 6741/6741
f 2723/2723 5022/5022 6741/6741
f 3816/3816 7222/7222 6314/6314
f 5902/5902 3815/3815 5022/5022
f 3815/3815 5902/5902 5481/5481
f 5902/5902 5022/5022 2723/2723
f 5191/5191 5902/5902 2723/2723
f 4701/4701 7999/7999 4217/4217
f 2557/2557 4701/4701 4217/4217
f 4217/4217 153/153 2932/2932
f 4217/4217 2932/2932 2557/2557
f 1596/1596 3255/3255 4701/4701
f 4701/4701 6066/6066 1596/1596
f 544/544 3255/3255 1596/1596
f 7817/7817 544/544 1596/1596
f 616/616 544/544 7817/7817
f 1596/1596 6066/6066 6136/6136
f 6066/6066 4701/4701 2557/2557
f 6136/6136 6066/6066 2557/2557
f 7817/7817 1596/1596 6136/6136
f 7817/7817 6136/6136 1644/1644
f 2932/2932 153/153 3779/3779
f 3779/3779 153/153 7222/7222
f 3779/3779 7222/7222 3553/3553
f 2932/2932 3779/3779 3553/3553
f 5902/5902 6937/6937 5481/5481
f 2186/2186 2932/2932 3553/3553
f 2186/2186 3553/3553 4127/4127
f 3553/3553 6676/6676 4127/4127
f 4440/4440 4127/4127 6676/6676
f 1973/1973 2186/2186 4127/4127
f 2932/2932 2186/2186 2557/2557
f 6136/6136 2557/2557 2186/2186
f 1644/1644 6136/6136 2186/2186
f 2345/2345 6849/6849 3355/3355
f 6030/6030 1704/1704 2345/2345
f 2345/2345 7856/7856 6030/6030
f 5245/5245 2345/2345 3355/3355
f 7856/7856 2345/2345 5245/5245
f 7856/7856 4231/4231 3759/3759
f 6737/6737 5245/5245 3355/3355
f 5245/5245 6737/6737 7609/7609
f 5245/5245 4231/4231 7856/7856
f 5245/5245 7609/7609 7285/7285
f 5245/5245 7285/7285 4231/4231
f 7054/7054 4543/4543 7609/7609
f 7921/7921 2736/2736 1178/1178
f 1178/1178 5021/5021 7921/7921
f 2736/2736 6564/6564 6754/6754
f 6564/6564 4712/4712 6754/6754
f 4712/4712 1369/1369 6754/6754
f 2736/2736 7921/7921 6564/6564
f 7285/7285 7609/7609 4543/4543
f 610/610 7285/7285 4543/4543
f 7285/7285 610/610 4231/4231
f 4543/4543 7054/7054 667/667
f 610/610 1954/1954 6180/6180
f 4231/4231 610/610 6180/6180
f 669/669 1515/1515 6180/6180
f 5191/5191 6937/6937 5902/5902
f 6938/6938 1247/1247 5482/5482
f 5191/5191 2734/2734 6937/6937
f 2734/2734 4478/4478 6937/6937
f 2734/2734 1954/1954 4478/4478
f 4127/4127 4440/4440 6156/6156
f 7016/7016 4127/4127 5732/5732
f 1860/1860 6180/6180 1954/1954
f 2734/2734 1860/1860 1954/1954
f 5191/5191 1860/1860 2734/2734
f 1860/1860 669/669 6180/6180
f 3721/3721 6766/6766 982/982
f 3721/3721 982/982 7223/7223
f 3720/3720 3721/3721 7223/7223
f 3720/3720 7223/7223 982/982
f 3614/3614 3721/3721 3720/3720
f 7817/7817 871/871 982/982
f 871/871 7817/7817 1644/1644
f 1973/1973 4127/4127 4248/4248
f 4260/4260 3614/3614 5355/5355
f 1871/1871 4260/4260 5355/5355
f 1871/1871 6280/6280 4260/4260
f 4248/4248 6280/6280 1871/1871
f 6280/6280 4248/4248 5097/5097
f 4260/4260 6280/6280 5097/5097
f 5287/5287 1644/1644 1973/1973
f 871/871 1644/1644 5287/5287
f 1644/1644 2186/2186 1973/1973
f 1064/1064 5287/5287 1973/1973
f 5287/5287 5355/5355 871/871
f 5355/5355 5287/5287 1064/1064
f 1973/1973 4932/4932 1064/1064
f 5355/5355 1064/1064 4932/4932
f 4932/4932 1871/1871 5355/5355
f 1973/1973 4248/4248 4932/4932
f 1871/1871 4932/4932 4248/4248
f 5516/5516 3614/3614 5504/5504
f 4471/4471 1177/1177 2735/2735
f 1368/1368 4395/4395 6753/6753
f 4395/4395 4471/4471 6753/6753
f 6753/6753 4471/4471 2735/2735
f 4395/4395 3932/3932 4471/4471
f 4395/4395 1368/1368 6932/6932
f 1589/1589 6932/6932 2931/2931
f 6932/6932 1589/1589 4395/4395
f 2931/2931 3350/3350 1589/1589
f 3932/3932 4395/4395 1589/1589
f 5243/5243 4471/4471 3932/3932
f 7416/7416 5085/5085 3932/3932
f 1589/1589 7416/7416 3932/3932
f 5243/5243 3932/3932 5085/5085
f 977/977 5243/5243 5085/5085
f 2071/2071 4888/4888 3614/3614
f 7123/7123 7044/7044 2071/2071
f 5516/5516 7123/7123 2071/2071
f 7416/7416 123/123 5085/5085
f 123/123 7123/7123 5516/5516
f 3350/3350 2931/2931 2110/2110
f 164/164 1589/1589 3350/3350
f 3350/3350 579/579 164/164
f 861/861 164/164 579/579
f 861/861 579/579 7195/7195
f 579/579 6224/6224 7195/7195
f 6224/6224 579/579 6407/6407
f 3350/3350 2110/2110 6407/6407
f 579/579 3350/3350 6407/6407
f 1589/1589 6450/6450 7416/7416
f 6450/6450 6084/6084 7044/7044
f 6450/6450 1589/1589 6084/6084
f 6084/6084 861/861 7044/7044
f 1589/1589 164/164 6084/6084
f 861/861 6084/6084 164/164
f 7123/7123 7416/7416 6450/6450
f 7416/7416 7123/7123 123/123
f 7044/7044 7123/7123 6450/6450
f 5732/5732 6846/6846 7016/7016
f 4248/4248 7016/7016 6846/6846
f 4127/4127 7016/7016 4248/4248
f 5097/5097 4248/4248 6846/6846
f 5732/5732 5780/5780 6846/6846
f 977/977 6846/6846 5780/5780
f 5097/5097 6846/6846 977/977
f 5780/5780 5243/5243 977/977
f 3614/3614 4260/4260 5504/5504
f 5504/5504 4260/4260 5097/5097
f 3964/3964 5516/5516 5504/5504
f 5097/5097 3964/3964 5504/5504
f 5085/5085 3964/3964 977/977
f 5097/5097 977/977 3964/3964
f 123/123 3964/3964 5085/5085
f 5516/5516 3964/3964 123/123
f 4870/4870 6455/6455 5318/5318
f 6564/6564 7921/7921 4855/4855
f 5114/5114 6564/6564 4855/4855
f 5114/5114 4712/4712 6564/6564
f 1005/1005 2036/2036 3125/3125
f 1005/1005 4548/4548 2036/2036
f 3127/3127 5318/5318 3665/3665
f 7345/7345 3665/3665 396/396
f 7346/7346 6422/6422 7842/7842
f 7842/7842 6422/6422 1653/1653
f 7345/7345 396/396 6421/6421
f 1369/1369 7900/7900 2460/2460
f 1369/1369 2460/2460 5025/5025
f 2460/2460 7345/7345 5025/5025
f 6932/6932 1368/1368 227/227
f 227/227 2931/2931 6932/6932
f 1368/1368 5026/5026 227/227
f 565/565 227/227 5026/5026
f 565/565 5026/5026 7346/7346
f 7346/7346 412/412 565/565
f 4454/4454 4037/4037 962/962
f 412/412 962/962 1419/1419
f 1419/1419 962/962 4037/4037
f 7842/7842 962/962 7346/7346
f 962/962 412/412 7346/7346
f 227/227 2110/2110 2931/2931
f 565/565 2110/2110 227/227
f 412/412 1419/1419 6407/6407
f 6407/6407 1419/1419 6224/6224
f 2110/2110 565/565 412/412
f 412/412 6407/6407 2110/2110
f 2036/2036 1219/1219 3130/3130
f 3129/3129 1218/1218 2867/2867
f 6030/6030 7856/7856 3759/3759
f 488/488 7091/7091 669/669
f 488/488 669/669 1860/1860
f 1515/1515 669/669 7091/7091
f 1005/1005 1514/1514 4548/4548
f 1515/1515 3713/3713 4549/4549
f 6940/6940 1860/1860 5191/5191
f 6940/6940 488/488 1860/1860
f 4877/4877 6940/6940 5191/5191
f 6940/6940 7091/7091 488/488
f 814/814 3713/3713 1515/1515
f 1515/1515 7091/7091 814/814
f 6940/6940 814/814 7091/7091
f 814/814 6940/6940 2198/2198
f 2198/2198 3713/3713 814/814
f 4877/4877 2198/2198 6940/6940
f 4548/4548 3714/3714 2036/2036
f 1219/1219 2036/2036 3714/3714
f 2169/2169 3713/3713 2198/2198
f 3713/3713 2169/2169 1218/1218
f 2169/2169 2867/2867 1218/1218
f 5531/5531 2867/2867 2169/2169
f 2867/2867 5531/5531 3649/3649
f 2198/2198 5531/5531 2169/2169
f 6417/6417 2072/2072 5749/5749
f 2816/2816 1804/1804 2072/2072
f 6991/6991 1804/1804 2816/2816
f 2164/2164 2816/2816 2072/2072
f 1804/1804 198/198 5662/5662
f 1804/1804 6991/6991 198/198
f 198/198 6991/6991 5339/5339
f 6991/6991 2816/2816 2164/2164
f 2072/2072 6417/6417 2164/2164
f 2164/2164 5661/5661 6991/6991
f 196/196 5661/5661 2164/2164
f 5661/5661 4679/4679 6991/6991
f 6417/6417 196/196 2164/2164
f 196/196 4679/4679 5661/5661
f 4679/4679 196/196 1202/1202
f 196/196 6417/6417 6011/6011
f 6011/6011 1202/1202 196/196
f 6422/6422 6019/6019 4875/4875
f 1653/1653 6422/6422 4875/4875
f 5520/5520 198/198 5339/5339
f 5520/5520 4679/4679 1033/1033
f 1033/1033 4875/4875 1037/1037
f 2777/2777 4875/4875 1033/1033
f 4454/4454 7842/7842 1653/1653
f 1653/1653 4875/4875 4454/4454
f 2777/2777 4454/4454 4875/4875
f 4679/4679 5520/5520 5339/5339
f 4679/4679 5339/5339 6991/6991
f 2777/2777 1033/1033 4679/4679
f 2959/2959 2777/2777 1202/1202
f 4037/4037 2777/2777 2959/2959
f 2777/2777 4037/4037 4454/4454
f 1419/1419 4037/4037 2959/2959
f 7842/7842 4454/4454 962/962
f 4679/4679 1202/1202 2777/2777
f 6224/6224 1419/1419 2959/2959
f 5582/5582 5191/5191 2723/2723
f 5690/5690 5582/5582 2723/2723
f 5582/5582 5690/5690 2491/2491
f 2851/2851 5582/5582 2491/2491
f 2491/2491 5690/5690 4050/4050
f 7625/7625 2851/2851 2491/2491
f 7869/7869 2491/2491 3756/3756
f 7869/7869 7625/7625 2491/2491
f 7625/7625 7869/7869 1100/1100
f 22/22 5191/5191 5582/5582
f 2851/2851 22/22 5582/5582
f 7414/7414 22/22 2851/2851
f 7414/7414 678/678 22/22
f 678/678 4877/4877 22/22
f 4877/4877 5191/5191 22/22
f 2913/2913 2851/2851 7625/7625
f 4062/4062 2913/2913 7625/7625
f 2851/2851 678/678 7414/7414
f 919/919 678/678 4062/4062
f 4062/4062 7625/7625 1100/1100
f 919/919 4877/4877 678/678
f 1100/1100 7869/7869 919/919
f 919/919 4062/4062 1100/1100
f 919/919 7869/7869 6371/6371
f 919/919 7896/7896 1291/1291
f 291/291 4877/4877 919/919
f 1291/1291 291/291 919/919
f 291/291 4436/4436 6312/6312
f 4877/4877 291/291 4431/4431
f 291/291 3050/3050 4431/4431
f 2198/2198 4877/4877 4431/4431
f 4431/4431 5531/5531 2198/2198
f 6312/6312 4436/4436 5390/5390
f 4799/4799 1382/1382 5390/5390
f 5390/5390 1382/1382 6312/6312
f 6312/6312 3050/3050 291/291
f 3199/3199 3050/3050 6312/6312
f 3199/3199 6312/6312 1382/1382
f 3050/3050 6818/6818 4431/4431
f 4799/4799 5390/5390 4720/4720
f 1708/1708 648/648 5215/5215
f 1708/1708 5430/5430 648/648
f 7805/7805 5430/5430 1708/1708
f 1708/1708 5215/5215 2086/2086
f 1743/1743 7806/7806 1710/1710
f 2087/2087 4516/4516 1742/1742
f 4516/4516 7205/7205 1742/1742
f 5430/5430 3700/3700 1106/1106
f 5430/5430 7805/7805 3700/3700
f 5441/5441 3504/3504 140/140
f 140/140 2883/2883 2021/2021
f 7489/7489 140/140 2021/2021
f 3504/3504 5441/5441 5802/5802
f 3504/3504 5802/5802 2619/2619
f 5802/5802 5441/5441 7489/7489
f 7489/7489 5441/5441 140/140
f 5802/5802 7489/7489 106/106
f 1577/1577 2475/2475 6890/6890
f 5199/5199 6890/6890 2475/2475
f 4588/4588 1688/1688 2475/2475
f 5762/5762 4425/4425 831/831
f 5762/5762 831/831 4372/4372
f 2988/2988 943/943 2010/2010
f 2010/2010 943/943 7642/7642
f 943/943 2988/2988 7181/7181
f 7181/7181 184/184 943/943
f 7642/7642 943/943 4779/4779
f 7642/7642 4779/4779 2010/2010
f 4779/4779 943/943 184/184
f 4425/4425 2010/2010 4779/4779
f 2010/2010 4425/4425 2473/2473
f 6947/6947 2939/2939 2010/2010
f 3397/3397 6757/6757 184/184
f 6439/6439 3397/3397 5196/5196
f 5196/5196 3397/3397 7181/7181
f 184/184 7181/7181 3397/3397
f 6757/6757 3397/3397 6439/6439
f 831/831 4779/4779 184/184
f 6757/6757 831/831 184/184
f 3447/3447 4925/4925 6811/6811
f 7/7 3447/3447 6811/6811
f 4925/4925 2318/2318 6811/6811
f 1787/1787 3447/3447 3270/3270
f 3270/3270 3447/3447 7/7
f 3447/3447 1787/1787 4925/4925
f 4925/4925 1787/1787 5580/5580
f 5580/5580 2318/2318 4925/4925
f 6811/6811 2988/2988 2939/2939
f 7/7 6811/6811 2939/2939
f 2010/2010 2939/2939 2988/2988
f 7/7 2939/2939 5736/5736
f 2318/2318 7181/7181 6811/6811
f 2318/2318 5196/5196 7181/7181
f 1025/1025 5196/5196 2318/2318
f 3315/3315 6439/6439 5196/5196
f 5196/5196 1025/1025 3315/3315
f 7391/7391 3315/3315 1025/1025
f 1025/1025 2318/2318 7391/7391
f 2988/2988 6811/6811 7181/7181
f 5762/5762 2473/2473 4425/4425
f 2473/2473 5762/5762 7655/7655
f 7655/7655 5762/5762 4968/4968
f 8007/8007 4968/4968 5762/5762
f 7655/7655 1972/1972 2473/2473
f 6947/6947 2010/2010 2473/2473
f 6947/6947 2473/2473 5772/5772
f 5772/5772 2939/2939 6947/6947
f 5772/5772 5736/5736 2939/2939
f 1972/1972 5772/5772 2473/2473
f 4968/4968 1972/1972 7655/7655
f 7524/7524 1972/1972 4968/4968
f 7524/7524 5736/5736 5772/5772
f 5772/5772 1972/1972 7524/7524
f 7/7 5736/5736 4259/4259
f 3270/3270 648/648 4161/4161
f 5430/5430 4161/4161 648/648
f 1886/1886 3270/3270 3827/3827
f 3827/3827 3270/3270 7/7
f 648/648 3270/3270 1886/1886
f 662/662 5215/5215 1886/1886
f 648/648 1886/1886 5215/5215
f 3827/3827 7/7 4259/4259
f 5745/5745 662/662 3827/3827
f 662/662 1886/1886 3827/3827
f 3827/3827 4259/4259 5745/5745
f 662/662 5745/5745 6402/6402
f 5745/5745 5124/5124 6402/6402
f 4257/4257 3654/3654 4628/4628
f 3654/3654 1828/1828 4628/4628
f 1564/1564 1246/1246 4628/4628
f 1246/1246 1564/1564 6802/6802
f 1564/1564 3509/3509 6802/6802
f 1828/1828 1564/1564 4628/4628
f 1828/1828 3509/3509 1564/1564
f 3509/3509 1828/1828 5242/5242
f 4161/4161 1787/1787 3270/3270
f 5580/5580 1787/1787 4161/4161
f 4161/4161 5430/5430 1106/1106
f 5736/5736 7524/7524 4428/4428
f 5736/5736 4428/4428 4259/4259
f 4968/4968 4428/4428 7524/7524
f 899/899 457/457 3027/3027
f 3509/3509 457/457 899/899
f 6675/6675 457/457 4999/4999
f 7837/7837 4259/4259 4428/4428
f 3509/3509 899/899 3841/3841
f 4999/4999 457/457 3509/3509
f 2277/2277 5915/5915 4259/4259
f 2559/2559 356/356 7462/7462
f 1591/1591 356/356 2559/2559
f 6675/6675 356/356 1591/1591
f 7462/7462 356/356 5735/5735
f 5735/5735 356/356 6675/6675
f 4999/4999 5735/5735 6675/6675
f 7674/7674 4259/4259 5915/5915
f 1282/1282 4999/4999 3509/3509
f 5242/5242 1282/1282 3509/3509
f 7960/7960 5915/5915 2277/2277
f 7239/7239 5735/5735 4999/4999
f 1282/1282 1698/1698 4999/4999
f 6439/6439 4522/4522 6757/6757
f 6717/6717 742/742 1988/1988
f 4522/4522 831/831 6757/6757
f 2175/2175 831/831 4522/4522
f 2175/2175 4522/4522 742/742
f 831/831 2175/2175 4372/4372
f 2519/2519 742/742 6717/6717
f 7508/7508 2519/2519 1125/1125
f 1125/1125 2519/2519 6717/6717
f 2519/2519 2175/2175 742/742
f 2519/2519 7508/7508 2175/2175
f 2175/2175 7177/7177 4372/4372
f 7177/7177 2175/2175 407/407
f 7508/7508 407/407 2175/2175
f 5028/5028 2865/2865 407/407
f 5028/5028 407/407 7508/7508
f 1125/1125 5233/5233 7508/7508
f 7508/7508 5233/5233 5028/5028
f 5233/5233 7620/7620 286/286
f 5028/5028 5233/5233 5730/5730
f 5233/5233 286/286 5730/5730
f 3842/3842 6717/6717 1988/1988
f 7391/7391 1988/1988 3315/3315
f 7391/7391 3842/3842 1988/1988
f 3842/3842 7391/7391 7227/7227
f 242/242 6717/6717 3842/3842
f 936/936 3842/3842 7227/7227
f 3842/3842 936/936 242/242
f 242/242 936/936 1674/1674
f 5714/5714 7227/7227 7391/7391
f 936/936 7227/7227 5714/5714
f 5150/5150 6717/6717 242/242
f 5150/5150 1125/1125 6717/6717
f 5150/5150 242/242 1674/1674
f 1411/1411 2934/2934 2567/2567
f 2567/2567 5342/5342 2618/2618
f 5150/5150 1674/1674 1125/1125
f 1674/1674 4975/4975 1125/1125
f 5233/5233 1125/1125 7620/7620
f 8007/8007 5762/5762 2517/2517
f 5762/5762 4372/4372 2517/2517
f 8007/8007 2517/2517 567/567
f 7177/7177 2517/2517 4372/4372
f 2517/2517 7177/7177 567/567
f 5769/5769 4441/4441 567/567
f 2865/2865 7177/7177 407/407
f 8007/8007 567/567 1605/1605
f 1605/1605 567/567 4441/4441
f 2865/2865 567/567 7177/7177
f 567/567 2865/2865 5769/5769
f 5730/5730 2865/2865 5028/5028
f 2865/2865 5730/5730 1930/1930
f 2865/2865 1930/1930 5769/5769
f 5730/5730 3829/3829 1930/1930
f 1690/1690 5730/5730 286/286
f 1690/1690 3829/3829 5730/5730
f 1930/1930 4664/4664 5769/5769
f 3829/3829 4664/4664 1930/1930
f 3829/3829 3235/3235 4664/4664
f 4664/4664 769/769 5769/5769
f 5715/5715 1690/1690 286/286
f 6962/6962 1690/1690 5715/5715
f 6003/6003 1411/1411 655/655
f 6416/6416 1411/1411 2567/2567
f 2567/2567 2618/2618 6416/6416
f 655/655 1411/1411 1846/1846
f 1846/1846 1411/1411 6416/6416
f 6416/6416 2618/2618 3504/3504
f 2619/2619 6416/6416 3504/3504
f 2619/2619 7439/7439 6416/6416
f 6416/6416 7439/7439 1846/1846
f 655/655 1846/1846 7439/7439
f 6962/6962 6003/6003 5894/5894
f 5894/5894 6003/6003 655/655
f 5715/5715 6003/6003 6962/6962
f 7029/7029 5894/5894 655/655
f 7029/7029 655/655 7439/7439
f 7029/7029 2886/2886 5894/5894
f 5894/5894 2886/2886 6962/6962
f 6962/6962 2886/2886 3865/3865
f 86/86 7439/7439 513/513
f 332/332 7439/7439 86/86
f 2676/2676 332/332 86/86
f 332/332 7029/7029 7439/7439
f 332/332 2886/2886 7029/7029
f 4232/4232 332/332 2676/2676
f 4232/4232 2886/2886 332/332
f 2676/2676 4561/4561 4232/4232
f 6392/6392 2886/2886 4232/4232
f 4561/4561 6812/6812 4232/4232
f 4232/4232 6812/6812 6392/6392
f 3865/3865 1690/1690 6962/6962
f 3865/3865 3829/3829 1690/1690
f 1579/1579 3235/3235 3829/3829
f 3829/3829 3865/3865 315/315
f 6392/6392 3865/3865 2886/2886
f 6392/6392 315/315 3865/3865
f 2998/2998 6392/6392 860/860
f 315/315 1579/1579 3829/3829
f 2998/2998 315/315 6392/6392
f 315/315 6911/6911 1579/1579
f 6911/6911 315/315 2998/2998
f 2883/2883 2618/2618 5342/5342
f 5342/5342 2021/2021 2883/2883
f 140/140 2618/2618 2883/2883
f 3504/3504 2618/2618 140/140
f 3819/3819 7581/7581 2206/2206
f 1456/1456 3819/3819 2206/2206
f 4968/4968 8007/8007 1605/1605
f 4428/4428 4968/4968 7837/7837
f 1019/1019 1605/1605 4441/4441
f 4968/4968 1605/1605 1777/1777
f 4968/4968 1777/1777 7837/7837
f 4250/4250 1777/1777 1605/1605
f 1019/1019 4250/4250 1605/1605
f 4250/4250 1019/1019 5274/5274
f 4441/4441 5769/5769 769/769
f 1019/1019 4441/4441 769/769
f 302/302 1019/1019 769/769
f 769/769 4664/4664 302/302
f 7837/7837 1777/1777 1203/1203
f 5274/5274 1777/1777 4250/4250
f 1777/1777 3143/3143 1284/1284
f 3143/3143 1777/1777 5229/5229
f 4259/4259 7837/7837 1203/1203
f 2277/2277 4259/4259 1203/1203
f 3143/3143 1283/1283 1284/1284
f 2022/2022 2277/2277 1203/1203
f 1283/1283 3143/3143 6893/6893
f 382/382 2277/2277 2022/2022
f 382/382 2022/2022 1283/1283
f 6893/6893 595/595 1283/1283
f 382/382 1283/1283 595/595
f 595/595 6893/6893 7337/7337
f 5274/5274 5229/5229 1777/1777
f 1019/1019 5229/5229 5274/5274
f 5229/5229 1019/1019 6176/6176
f 6893/6893 3143/3143 5229/5229
f 7337/7337 6893/6893 6176/6176
f 5229/5229 6176/6176 6893/6893
f 1325/1325 7337/7337 6176/6176
f 1325/1325 595/595 7337/7337
f 6176/6176 4035/4035 1325/1325
f 3065/3065 595/595 1325/1325
f 1312/1312 4664/4664 3235/3235
f 1312/1312 3235/3235 1579/1579
f 5203/5203 4664/4664 1312/1312
f 3428/3428 4664/4664 5203/5203
f 1312/1312 733/733 5203/5203
f 2590/2590 4664/4664 2387/2387
f 4664/4664 3428/3428 2387/2387
f 3428/3428 1414/1414 2387/2387
f 1325/1325 780/780 3065/3065
f 1414/1414 4477/4477 780/780
f 1414/1414 3428/3428 3258/3258
f 3258/3258 5113/5113 1414/1414
f 3065/3065 780/780 4477/4477
f 3065/3065 4477/4477 516/516
f 4477/4477 1414/1414 5113/5113
f 516/516 4477/4477 5113/5113
f 1360/1360 516/516 6571/6571
f 5336/5336 6571/6571 516/516
f 2205/2205 4561/4561 3819/3819
f 6812/6812 4561/4561 2205/2205
f 6667/6667 2205/2205 1456/1456
f 2112/2112 6667/6667 1456/1456
f 2111/2111 860/860 3104/3104
f 3689/3689 293/293 860/860
f 860/860 2111/2111 3689/3689
f 293/293 2998/2998 860/860
f 1456/1456 2329/2329 2112/2112
f 2329/2329 3690/3690 2112/2112
f 2840/2840 293/293 3689/3689
f 3690/3690 2329/2329 2841/2841
f 2998/2998 293/293 6911/6911
f 6911/6911 293/293 4721/4721
f 2840/2840 4721/4721 293/293
f 2441/2441 4721/4721 2840/2840
f 5397/5397 6911/6911 4721/4721
f 5397/5397 4721/4721 2441/2441
f 7174/7174 5397/5397 2441/2441
f 6911/6911 7481/7481 1579/1579
f 733/733 1312/1312 1579/1579
f 1579/1579 7481/7481 7124/7124
f 7124/7124 1956/1956 1579/1579
f 5397/5397 7481/7481 6911/6911
f 7860/7860 7481/7481 5397/5397
f 7174/7174 7860/7860 5397/5397
f 7860/7860 1878/1878 7481/7481
f 3256/3256 7860/7860 7174/7174
f 7481/7481 1878/1878 7124/7124
f 467/467 5203/5203 733/733
f 5203/5203 467/467 3428/3428
f 467/467 733/733 1579/1579
f 467/467 1579/1579 1956/1956
f 5392/5392 467/467 1956/1956
f 5392/5392 3428/3428 467/467
f 5392/5392 1956/1956 3783/3783
f 3258/3258 3428/3428 5392/5392
f 3666/3666 3258/3258 5392/5392
f 7174/7174 2727/2727 3256/3256
f 7174/7174 2614/2614 2727/2727
f 4832/4832 2885/2885 5596/5596
f 3258/3258 3666/3666 7640/7640
f 7640/7640 3666/3666 950/950
f 5113/5113 3258/3258 7640/7640
f 5113/5113 7640/7640 2849/2849
f 2579/2579 7640/7640 950/950
f 2849/2849 7640/7640 2579/2579
f 516/516 5113/5113 2849/2849
f 2579/2579 950/950 3382/3382
f 5218/5218 2849/2849 5708/5708
f 502/502 6277/6277 4948/4948
f 154/154 7534/7534 6277/6277
f 6491/6491 3993/3993 7198/7198
f 7245/7245 6277/6277 502/502
f 6491/6491 7198/7198 4517/4517
f 5336/5336 516/516 2849/2849
f 5881/5881 5336/5336 2849/2849
f 5881/5881 2849/2849 5218/5218
f 4399/4399 5336/5336 5881/5881
f 5218/5218 7534/7534 154/154
f 4866/4866 5881/5881 154/154
f 154/154 5881/5881 5218/5218
f 154/154 6277/6277 7245/7245
f 6917/6917 6211/6211 7270/7270
f 6211/6211 4866/4866 154/154
f 7245/7245 6211/6211 154/154
f 6211/6211 6917/6917 4866/4866
f 5708/5708 7534/7534 5218/5218
f 6402/6402 5124/5124 4515/4515
f 4311/4311 7205/7205 4516/4516
f 7377/7377 4515/4515 5124/5124
f 4516/4516 7376/7376 4311/4311
f 1585/1585 28/28 5585/5585
f 2936/2936 7761/7761 4021/4021
f 6204/6204 7553/7553 2936/2936
f 2799/2799 4952/4952 1303/1303
f 2690/2690 2799/2799 1303/1303
f 4952/4952 2799/2799 4867/4867
f 2158/2158 4867/4867 2799/2799
f 4364/4364 1624/1624 3913/3913
f 7218/7218 4364/4364 3913/3913
f 4867/4867 2158/2158 7218/7218
f 7218/7218 2158/2158 7233/7233
f 2910/2910 6298/6298 3409/3409
f 4364/4364 2910/2910 3409/3409
f 2910/2910 6859/6859 6298/6298
f 6859/6859 6984/6984 6298/6298
f 4552/4552 1749/1749 2108/2108
f 2108/2108 1749/1749 6859/6859
f 4364/4364 347/347 2910/2910
f 2910/2910 4552/4552 2108/2108
f 5110/5110 4565/4565 5664/5664
f 2794/2794 3183/3183 5442/5442
f 495/495 399/399 3183/3183
f 495/495 6353/6353 399/399
f 2794/2794 495/495 3183/3183
f 495/495 5027/5027 6353/6353
f 6353/6353 7826/7826 399/399
f 4422/4422 4116/4116 3448/3448
f 2794/2794 7135/7135 7240/7240
f 7240/7240 3774/3774 3448/3448
f 3448/3448 3774/3774 4422/4422
f 7240/7240 495/495 2794/2794
f 495/495 7240/7240 5027/5027
f 6353/6353 5027/5027 4116/4116
f 3448/3448 4116/4116 5027/5027
f 7240/7240 3448/3448 5027/5027
f 6473/6473 927/927 4422/4422
f 4422/4422 927/927 4116/4116
f 859/859 927/927 6473/6473
f 859/859 6473/6473 6116/6116
f 4116/4116 927/927 1599/1599
f 7191/7191 7735/7735 7660/7660
f 1548/1548 6641/6641 7660/7660
f 6641/6641 1548/1548 2367/2367
f 7191/7191 7660/7660 6641/6641
f 5286/5286 256/256 6629/6629
f 3555/3555 6595/6595 5286/5286
f 6116/6116 3166/3166 859/859
f 6595/6595 6116/6116 256/256
f 3685/3685 6116/6116 6595/6595
f 6595/6595 256/256 5286/5286
f 4313/4313 170/170 4552/4552
f 3966/3966 7315/7315 4313/4313
f 3965/3965 133/133 7314/7314
f 4552/4552 2910/2910 4340/4340
f 2730/2730 3966/3966 4313/4313
f 4365/4365 134/134 3966/3966
f 2730/2730 4313/4313 4552/4552
f 2730/2730 4365/4365 3966/3966
f 7314/7314 6595/6595 3555/3555
f 6595/6595 7314/7314 3685/3685
f 133/133 3685/3685 7314/7314
f 3562/3562 134/134 4365/4365
f 4340/4340 1730/1730 4552/4552
f 2730/2730 4552/4552 1730/1730
f 2730/2730 1730/1730 4365/4365
f 209/209 4365/4365 1730/1730
f 209/209 3562/3562 4365/4365
f 3562/3562 209/209 765/765
f 3562/3562 765/765 3736/3736
f 5523/5523 5124/5124 5396/5396
f 5124/5124 5745/5745 5396/5396
f 5522/5522 786/786 1726/1726
f 5523/5523 5396/5396 787/787
f 424/424 5396/5396 5745/5745
f 4594/4594 5242/5242 1828/1828
f 424/424 5745/5745 7674/7674
f 5124/5124 5523/5523 7377/7377
f 7674/7674 5745/5745 4259/4259
f 787/787 5396/5396 661/661
f 661/661 5396/5396 424/424
f 661/661 7438/7438 5226/5226
f 7438/7438 661/661 424/424
f 3452/3452 5226/5226 7438/7438
f 424/424 6514/6514 7438/7438
f 900/900 6514/6514 424/424
f 7447/7447 424/424 7674/7674
f 3453/3453 4946/4946 6634/6634
f 6634/6634 4946/4946 4575/4575
f 6652/6652 5242/5242 4594/4594
f 7438/7438 6514/6514 3452/3452
f 6514/6514 2695/2695 3452/3452
f 900/900 424/424 7447/7447
f 1021/1021 6514/6514 900/900
f 1021/1021 900/900 7312/7312
f 6514/6514 1021/1021 2695/2695
f 7193/7193 3292/3292 4594/4594
f 7312/7312 900/900 7447/7447
f 7447/7447 4904/4904 7312/7312
f 4328/4328 4946/4946 3453/3453
f 2696/2696 4328/4328 3453/3453
f 2689/2689 4946/4946 4328/4328
f 6412/6412 4946/4946 2689/2689
f 2526/2526 2689/2689 4328/4328
f 2690/2690 2527/2527 1443/1443
f 2799/2799 2690/2690 1443/1443
f 7447/7447 6033/6033 4904/4904
f 5621/5621 2799/2799 1443/1443
f 2158/2158 2799/2799 5621/5621
f 3292/3292 6652/6652 4594/4594
f 8/8 7447/7447 7674/7674
f 3292/3292 3971/3971 6652/6652
f 6589/6589 6652/6652 3971/3971
f 3971/3971 5920/5920 6589/6589
f 48/48 6589/6589 5920/5920
f 6033/6033 7447/7447 8/8
f 6033/6033 8/8 2838/2838
f 48/48 5920/5920 6844/6844
f 6844/6844 1785/1785 48/48
f 8/8 4918/4918 2838/2838
f 4918/4918 8/8 7674/7674
f 4918/4918 7674/7674 1526/1526
f 7233/7233 2158/2158 5621/5621
f 6652/6652 1282/1282 5242/5242
f 1526/1526 7674/7674 5915/5915
f 7500/7500 2123/2123 1282/1282
f 5915/5915 7960/7960 1526/1526
f 1282/1282 6652/6652 7500/7500
f 6079/6079 2123/2123 7500/7500
f 6215/6215 1526/1526 7960/7960
f 2070/2070 1526/1526 6215/6215
f 6589/6589 7500/7500 6652/6652
f 48/48 6079/6079 6589/6589
f 6079/6079 7500/7500 6589/6589
f 48/48 3399/3399 6079/6079
f 4918/4918 1526/1526 2070/2070
f 5974/5974 913/913 3399/3399
f 5974/5974 3399/3399 4744/4744
f 5178/5178 2070/2070 377/377
f 3173/3173 1919/1919 5178/5178
f 7960/7960 7745/7745 6215/6215
f 163/163 4683/4683 3136/3136
f 4683/4683 4667/4667 3136/3136
f 6033/6033 2838/2838 8003/8003
f 2838/2838 7728/7728 8003/8003
f 2416/2416 5851/5851 8004/8004
f 2416/2416 8004/8004 7729/7729
f 6160/6160 5851/5851 2416/2416
f 4918/4918 7728/7728 2838/2838
f 7729/7729 2768/2768 2416/2416
f 1785/1785 6844/6844 3703/3703
f 647/647 1785/1785 3703/3703
f 4918/4918 3490/3490 3122/3122
f 7728/7728 4918/4918 3122/3122
f 3490/3490 218/218 1186/1186
f 3490/3490 4918/4918 2070/2070
f 1186/1186 218/218 7813/7813
f 2768/2768 6601/6601 2416/2416
f 2768/2768 7812/7812 6601/6601
f 2555/2555 7813/7813 218/218
f 7812/7812 600/600 5536/5536
f 7813/7813 2555/2555 599/599
f 7812/7812 5536/5536 6601/6601
f 6038/6038 5815/5815 4340/4340
f 2555/2555 2922/2922 599/599
f 3365/3365 7173/7173 7221/7221
f 1047/1047 7221/7221 490/490
f 3399/3399 48/48 1785/1785
f 647/647 3399/3399 1785/1785
f 3399/3399 647/647 4744/4744
f 218/218 3490/3490 1919/1919
f 3490/3490 2070/2070 5178/5178
f 6712/6712 6457/6457 1220/1220
f 1346/1346 6457/6457 6712/6712
f 2163/2163 6712/6712 1220/1220
f 6712/6712 2163/2163 1346/1346
f 1919/1919 2555/2555 218/218
f 1220/1220 6457/6457 4744/4744
f 6457/6457 4619/4619 4744/4744
f 49/49 4619/4619 6457/6457
f 3921/3921 2639/2639 4619/4619
f 49/49 3921/3921 4619/4619
f 2639/2639 5974/5974 4744/4744
f 4619/4619 2639/2639 4744/4744
f 3921/3921 49/49 5954/5954
f 5954/5954 2639/2639 3921/3921
f 4841/4841 2639/2639 5954/5954
f 3229/3229 49/49 6457/6457
f 6457/6457 1346/1346 3229/3229
f 5856/5856 3229/3229 1346/1346
f 3229/3229 5856/5856 6405/6405
f 49/49 3229/3229 5954/5954
f 6405/6405 5954/5954 3229/3229
f 5856/5856 3267/3267 6405/6405
f 6406/6406 3268/3268 6062/6062
f 5953/5953 6406/6406 6770/6770
f 6406/6406 5896/5896 6770/6770
f 5953/5953 6770/6770 4840/4840
f 3490/3490 5178/5178 1919/1919
f 1297/1297 2922/2922 2555/2555
f 2555/2555 1919/1919 1297/1297
f 5597/5597 1297/1297 7413/7413
f 6062/6062 5896/5896 6406/6406
f 1297/1297 1919/1919 7413/7413
f 5597/5597 7413/7413 5490/5490
f 5896/5896 6062/6062 3542/3542
f 3087/3087 3542/3542 6062/6062
f 3087/3087 6062/6062 6122/6122
f 1047/1047 3365/3365 7221/7221
f 5856/5856 3365/3365 1047/1047
f 3267/3267 5856/5856 1047/1047
f 1810/1810 3267/3267 1047/1047
f 1297/1297 2693/2693 2922/2922
f 1810/1810 1047/1047 149/149
f 1810/1810 149/149 6883/6883
f 5405/5405 1047/1047 490/490
f 149/149 1047/1047 5405/5405
f 6884/6884 5652/5652 1811/1811
f 7400/7400 2693/2693 1297/1297
f 1297/1297 4827/4827 7400/7400
f 2782/2782 1081/1081 7399/7399
f 6883/6883 149/149 2781/2781
f 149/149 1082/1082 2781/2781
f 6884/6884 2783/2783 7117/7117
f 7399/7399 1081/1081 3651/3651
f 7117/7117 2783/2783 322/322
f 6222/6222 1083/1083 150/150
f 6222/6222 3652/3652 1083/1083
f 4026/4026 3652/3652 7899/7899
f 3652/3652 6222/6222 7899/7899
f 6570/6570 5984/5984 7899/7899
f 7117/7117 5652/5652 6884/6884
f 1866/1866 4089/4089 5652/5652
f 5652/5652 7117/7117 1866/1866
f 6122/6122 6062/6062 1811/1811
f 5652/5652 4089/4089 1811/1811
f 1811/1811 4089/4089 6122/6122
f 4827/4827 1297/1297 5597/5597
f 322/322 4827/4827 5597/5597
f 322/322 5597/5597 5457/5457
f 4025/4025 3456/3456 5790/5790
f 322/322 1866/1866 7117/7117
f 3456/3456 2184/2184 5790/5790
f 5314/5314 5790/5790 2184/2184
f 5457/5457 1866/1866 322/322
f 5457/5457 5597/5597 6874/6874
f 6875/6875 5598/5598 5314/5314
f 5598/5598 4110/4110 5314/5314
f 4089/4089 1866/1866 5457/5457
f 4089/4089 5457/5457 6874/6874
f 4089/4089 6874/6874 5641/5641
f 5643/5643 6875/6875 2184/2184
f 6875/6875 5314/5314 2184/2184
f 7899/7899 3455/3455 4026/4026
f 6062/6062 3268/3268 1811/1811
f 893/893 2837/2837 765/765
f 306/306 4641/4641 765/765
f 306/306 334/334 4641/4641
f 4641/4641 893/893 765/765
f 5317/5317 893/893 4641/4641
f 893/893 5317/5317 6269/6269
f 3001/3001 5317/5317 4641/4641
f 3001/3001 2171/2171 5317/5317
f 6709/6709 6679/6679 2171/2171
f 334/334 5670/5670 4641/4641
f 5670/5670 334/334 6186/6186
f 3001/3001 4641/4641 5670/5670
f 5670/5670 2171/2171 3001/3001
f 2171/2171 5670/5670 613/613
f 6709/6709 2171/2171 613/613
f 5497/5497 6679/6679 6709/6709
f 5497/5497 6975/6975 6679/6679
f 6975/6975 5497/5497 3021/3021
f 3613/3613 1916/1916 3021/3021
f 3867/3867 5497/5497 6709/6709
f 3867/3867 3613/3613 5497/5497
f 3021/3021 5497/5497 3613/3613
f 3173/3173 7413/7413 1919/1919
f 4442/4442 2082/2082 1984/1984
f 5490/5490 7413/7413 4470/4470
f 4470/4470 4485/4485 2179/2179
f 4310/4310 2178/2178 4484/4484
f 1078/1078 7047/7047 2955/2955
f 3439/3439 7048/7048 7518/7518
f 160/160 1916/1916 3613/3613
f 4310/4310 1410/1410 2178/2178
f 3993/3993 6491/6491 1768/1768
f 1768/1768 7658/7658 4145/4145
f 1768/1768 2859/2859 3940/3940
f 2859/2859 1768/1768 4682/4682
f 4683/4683 163/163 2860/2860
f 5068/5068 4682/4682 1768/1768
f 5068/5068 1768/1768 4145/4145
f 1396/1396 5068/5068 4145/4145
f 1396/1396 4771/4771 5068/5068
f 7137/7137 4667/4667 4683/4683
f 5068/5068 4771/4771 1597/1597
f 1597/1597 4771/4771 5726/5726
f 7138/7138 5068/5068 1597/1597
f 5068/5068 7138/7138 4682/4682
f 4031/4031 4667/4667 7137/7137
f 1597/1597 4030/4030 7138/7138
f 1773/1773 1597/1597 4915/4915
f 4030/4030 1597/1597 1773/1773
f 1773/1773 2364/2364 4030/4030
f 2349/2349 2364/2364 1774/1774
f 2349/2349 4030/4030 2364/2364
f 4030/4030 2349/2349 1169/1169
f 5569/5569 2349/2349 2161/2161
f 2349/2349 5569/5569 1169/1169
f 5176/5176 5569/5569 6169/6169
f 5569/5569 5176/5176 1169/1169
f 1882/1882 911/911 3364/3364
f 3007/3007 3364/3364 911/911
f 1882/1882 4868/4868 911/911
f 5977/5977 2968/2968 6403/6403
f 5977/5977 6403/6403 4583/4583
f 2586/2586 2354/2354 2564/2564
f 7250/7250 2354/2354 2586/2586
f 1679/1679 2968/2968 7250/7250
f 7250/7250 2586/2586 1679/1679
f 2564/2564 911/911 2586/2586
f 2586/2586 4093/4093 1679/1679
f 4093/4093 2586/2586 911/911
f 7250/7250 2968/2968 5977/5977
f 1993/1993 2968/2968 551/551
f 1993/1993 551/551 7725/7725
f 5156/5156 7725/7725 2090/2090
f 2090/2090 7725/7725 551/551
f 6238/6238 4093/4093 911/911
f 4868/4868 6238/6238 911/911
f 1679/1679 551/551 2968/2968
f 3463/3463 4093/4093 6238/6238
f 4093/4093 3463/3463 1679/1679
f 3463/3463 6238/6238 2090/2090
f 2090/2090 551/551 1679/1679
f 1679/1679 3463/3463 2090/2090
f 3449/3449 4757/4757 3638/3638
f 5157/5157 3638/3638 63/63
f 1353/1353 995/995 3990/3990
f 3990/3990 995/995 7146/7146
f 7362/7362 995/995 1353/1353
f 7362/7362 2353/2353 995/995
f 2353/2353 7093/7093 7146/7146
f 2353/2353 7146/7146 995/995
f 7146/7146 4895/4895 3990/3990
f 7362/7362 7093/7093 2353/2353
f 1431/1431 7146/7146 7093/7093
f 1431/1431 4895/4895 7146/7146
f 7092/7092 4895/4895 3552/3552
f 1431/1431 3552/3552 4895/4895
f 5035/5035 2798/2798 6252/6252
f 7266/7266 7746/7746 5060/5060
f 1676/1676 3016/3016 6385/6385
f 699/699 7169/7169 5978/5978
f 3990/3990 2551/2551 7652/7652
f 3990/3990 7652/7652 1353/1353
f 3090/3090 7169/7169 1676/1676
f 7169/7169 7362/7362 5978/5978
f 5978/5978 7362/7362 1353/1353
f 7169/7169 5263/5263 7362/7362
f 7169/7169 699/699 3016/3016
f 2554/2554 4273/4273 5554/5554
f 4787/4787 7266/7266 2554/2554
f 4273/4273 2554/2554 7266/7266
f 5032/5032 2553/2553 2798/2798
f 5033/5033 4787/4787 2554/2554
f 2553/2553 5553/5553 2798/2798
f 7266/7266 5060/5060 4273/4273
f 5777/5777 7957/7957 4787/4787
f 4398/4398 7957/7957 5777/5777
f 2551/2551 3990/3990 4895/4895
f 2551/2551 4895/4895 1509/1509
f 2551/2551 1509/1509 934/934
f 1509/1509 4895/4895 7092/7092
f 7092/7092 3203/3203 1509/1509
f 1509/1509 3203/3203 934/934
f 934/934 3203/3203 2101/2101
f 2722/2722 5613/5613 3594/3594
f 7235/7235 1840/1840 1148/1148
f 1840/1840 2100/2100 3364/3364
f 1840/1840 7235/7235 7985/7985
f 7985/7985 7467/7467 1840/1840
f 2307/2307 3364/3364 2100/2100
f 7467/7467 2100/2100 1840/1840
f 2307/2307 2100/2100 7467/7467
f 1882/1882 3364/3364 2307/2307
f 7467/7467 7985/7985 2453/2453
f 2453/2453 2307/2307 7467/7467
f 3594/3594 6484/6484 7235/7235
f 6484/6484 3594/3594 3248/3248
f 7235/7235 6484/6484 7985/7985
f 5667/5667 6484/6484 3248/3248
f 712/712 7985/7985 6484/6484
f 7985/7985 712/712 2453/2453
f 6484/6484 5667/5667 2245/2245
f 2245/2245 712/712 6484/6484
f 2245/2245 2453/2453 712/712
f 2245/2245 3648/3648 414/414
f 414/414 2453/2453 2245/2245
f 2897/2897 7462/7462 5735/5735
f 5735/5735 7239/7239 5960/5960
f 3648/3648 1138/1138 414/414
f 414/414 1138/1138 1313/1313
f 2307/2307 2453/2453 6898/6898
f 2307/2307 6898/6898 7963/7963
f 7962/7962 6897/6897 1313/1313
f 2453/2453 414/414 6898/6898
f 1313/1313 6897/6897 414/414
f 5960/5960 2897/2897 5735/5735
f 4999/4999 6239/6239 7239/7239
f 4999/4999 1698/1698 6239/6239
f 6239/6239 5960/5960 7239/7239
f 4191/4191 5960/5960 6239/6239
f 3296/3296 4191/4191 6239/6239
f 2897/2897 5960/5960 5748/5748
f 4191/4191 5748/5748 5960/5960
f 1698/1698 3296/3296 6239/6239
f 3296/3296 5748/5748 4191/4191
f 226/226 5748/5748 3296/3296
f 5298/5298 5748/5748 226/226
f 6238/6238 4868/4868 1882/1882
f 6008/6008 1138/1138 6487/6487
f 2307/2307 7963/7963 1882/1882
f 6409/6409 1882/1882 7963/7963
f 6410/6410 7962/7962 2445/2445
f 6008/6008 6487/6487 5473/5473
f 6008/6008 7962/7962 1313/1313
f 1313/1313 1138/1138 6008/6008
f 2445/2445 7962/7962 6008/6008
f 5473/5473 2445/2445 6008/6008
f 1872/1872 6410/6410 2445/2445
f 6238/6238 1882/1882 6409/6409
f 6238/6238 6409/6409 7488/7488
f 3638/3638 7487/7487 1872/1872
f 1872/1872 7487/7487 6410/6410
f 3449/3449 2445/2445 5473/5473
f 1872/1872 3449/3449 3638/3638
f 3449/3449 1872/1872 2445/2445
f 7488/7488 5156/5156 2090/2090
f 7488/7488 2090/2090 6238/6238
f 7487/7487 3638/3638 5157/5157
f 2986/2986 382/382 595/595
f 4545/4545 595/595 3065/3065
f 7960/7960 2277/2277 2986/2986
f 2277/2277 382/382 2986/2986
f 2986/2986 595/595 4246/4246
f 2986/2986 4246/4246 5990/5990
f 595/595 4545/4545 4246/4246
f 3508/3508 4545/4545 4935/4935
f 7745/7745 7960/7960 2986/2986
f 4905/4905 7745/7745 2986/2986
f 4905/4905 195/195 7520/7520
f 195/195 3507/3507 7520/7520
f 278/278 3507/3507 4934/4934
f 4545/4545 3065/3065 4935/4935
f 4935/4935 3065/3065 516/516
f 4934/4934 1361/1361 3112/3112
f 516/516 1360/1360 4935/4935
f 3112/3112 278/278 4934/4934
f 278/278 3112/3112 1361/1361
f 7021/7021 5728/5728 947/947
f 7021/7021 4341/4341 5728/5728
f 4341/4341 7021/7021 7110/7110
f 5035/5035 4293/4293 5979/5979
f 5979/5979 4293/4293 5694/5694
f 1399/1399 6340/6340 658/658
f 5694/5694 4293/4293 1399/1399
f 5694/5694 1399/1399 658/658
f 4084/4084 4787/4787 5033/5033
f 4084/4084 5777/5777 4787/4787
f 4908/4908 1914/1914 5035/5035
f 5035/5035 5979/5979 4908/4908
f 7256/7256 4083/4083 5032/5032
f 1914/1914 2513/2513 1014/1014
f 2513/2513 1914/1914 4908/4908
f 2513/2513 4908/4908 4574/4574
f 4908/4908 5979/5979 4574/4574
f 4084/4084 4398/4398 5777/5777
f 4398/4398 4084/4084 2494/2494
f 239/239 7256/7256 1014/1014
f 2513/2513 6804/6804 1014/1014
f 6804/6804 2513/2513 4574/4574
f 1014/1014 2717/2717 239/239
f 2717/2717 1014/1014 6804/6804
f 3639/3639 4083/4083 7256/7256
f 239/239 3639/3639 7256/7256
f 4168/4168 2717/2717 6804/6804
f 4168/4168 239/239 2717/2717
f 5084/5084 3639/3639 239/239
f 5979/5979 7686/7686 4574/4574
f 7686/7686 5979/5979 5694/5694
f 5694/5694 4692/4692 7686/7686
f 5656/5656 4574/4574 7686/7686
f 6804/6804 4574/4574 7407/7407
f 7407/7407 4574/4574 5656/5656
f 5656/5656 7686/7686 4692/4692
f 7407/7407 5656/5656 4692/4692
f 7407/7407 4692/4692 1955/1955
f 4931/4931 7407/7407 1955/1955
f 6804/6804 7407/7407 4931/4931
f 5545/5545 1955/1955 4692/4692
f 4931/4931 1955/1955 5545/5545
f 4083/4083 3639/3639 5728/5728
f 5729/5729 2494/2494 4084/4084
f 5084/5084 5728/5728 3639/3639
f 947/947 5728/5728 5084/5084
f 2807/2807 5694/5694 658/658
f 5545/5545 4692/4692 5694/5694
f 6340/6340 4339/4339 2807/2807
f 4339/4339 7628/7628 2807/2807
f 7628/7628 5694/5694 2807/2807
f 7356/7356 5694/5694 7628/7628
f 2496/2496 239/239 4168/4168
f 239/239 2496/2496 1642/1642
f 2496/2496 4168/4168 6804/6804
f 1642/1642 5084/5084 239/239
f 1642/1642 3493/3493 5084/5084
f 971/971 4931/4931 5545/5545
f 4931/4931 4144/4144 6804/6804
f 4144/4144 4931/4931 971/971
f 6044/6044 971/971 5545/5545
f 5545/5545 2446/2446 6044/6044
f 4144/4144 971/971 6044/6044
f 4144/4144 6044/6044 4133/4133
f 2496/2496 6804/6804 3352/3352
f 2446/2446 5545/5545 5694/5694
f 3352/3352 6804/6804 4144/4144
f 980/980 4133/4133 2446/2446
f 2446/2446 4133/4133 6044/6044
f 4144/4144 4133/4133 980/980
f 4144/4144 980/980 4235/4235
f 3352/3352 4144/4144 6263/6263
f 6263/6263 4144/4144 4235/4235
f 5084/5084 7021/7021 947/947
f 3493/3493 7021/7021 5084/5084
f 7110/7110 7021/7021 3493/3493
f 1658/1658 7110/7110 432/432
f 980/980 2446/2446 4235/4235
f 6263/6263 4235/4235 241/241
f 241/241 4235/4235 2446/2446
f 6588/6588 2446/2446 5694/5694
f 6588/6588 241/241 2446/2446
f 6263/6263 241/241 6588/6588
f 6588/6588 7248/7248 6263/6263
f 3352/3352 6263/6263 7149/7149
f 7149/7149 6263/6263 7248/7248
f 6852/6852 6588/6588 5694/5694
f 6852/6852 7248/7248 6588/6588
f 1402/1402 5694/5694 1481/1481
f 1402/1402 6852/6852 5694/5694
f 7248/7248 422/422 7149/7149
f 422/422 7248/7248 6852/6852
f 422/422 6852/6852 2503/2503
f 6852/6852 1402/1402 2503/2503
f 1402/1402 5759/5759 2503/2503
f 7092/7092 3552/3552 2263/2263
f 7092/7092 2263/2263 3203/3203
f 3203/3203 2263/2263 4658/4658
f 1001/1001 1185/1185 3899/3899
f 5904/5904 1001/1001 3899/3899
f 2665/2665 6332/6332 1001/1001
f 2665/2665 1001/1001 5904/5904
f 2665/2665 477/477 6332/6332
f 6333/6333 477/477 2665/2665
f 1179/1179 2375/2375 4304/4304
f 3190/3190 1179/1179 4659/4659
f 1179/1179 3414/3414 4659/4659
f 5263/5263 7093/7093 7362/7362
f 7093/7093 5263/5263 2027/2027
f 2027/2027 1431/1431 7093/7093
f 2027/2027 4380/4380 1431/1431
f 336/336 1431/1431 4380/4380
f 7678/7678 1431/1431 336/336
f 7802/7802 2027/2027 3822/3822
f 7802/7802 4380/4380 2027/2027
f 5263/5263 4448/4448 301/301
f 301/301 4448/4448 1795/1795
f 1795/1795 3301/3301 7519/7519
f 7519/7519 301/301 1795/1795
f 301/301 2027/2027 5263/5263
f 2027/2027 301/301 3822/3822
f 7802/7802 3822/3822 5443/5443
f 301/301 7519/7519 3533/3533
f 301/301 2648/2648 3822/3822
f 2648/2648 301/301 3533/3533
f 3822/3822 2648/2648 5443/5443
f 3008/3008 7519/7519 4268/4268
f 7801/7801 7519/7519 1952/1952
f 1952/1952 3906/3906 7801/7801
f 4268/4268 7519/7519 7801/7801
f 4268/4268 7801/7801 3906/3906
f 3906/3906 4141/4141 5801/5801
f 3906/3906 1952/1952 863/863
f 863/863 4141/4141 3906/3906
f 3906/3906 5801/5801 4268/4268
f 4268/4268 5801/5801 1744/1744
f 4268/4268 1744/1744 4271/4271
f 7519/7519 3008/3008 3533/3533
f 3008/3008 1600/1600 3533/3533
f 2648/2648 3533/3533 1600/1600
f 2648/2648 1600/1600 2397/2397
f 3008/3008 4268/4268 4271/4271
f 1744/1744 1253/1253 4271/4271
f 2397/2397 1600/1600 1253/1253
f 3135/3135 4487/4487 1253/1253
f 1253/1253 1744/1744 5188/5188
f 1253/1253 5188/5188 3135/3135
f 6668/6668 3135/3135 5188/5188
f 2190/2190 7901/7901 5188/5188
f 7901/7901 6668/6668 5188/5188
f 4824/4824 3135/3135 6668/6668
f 5546/5546 6385/6385 2635/2635
f 5263/5263 7169/7169 3090/3090
f 5263/5263 3090/3090 4448/4448
f 3090/3090 1676/1676 6385/6385
f 6385/6385 5546/5546 3090/3090
f 3090/3090 5546/5546 1982/1982
f 2635/2635 1982/1982 5546/5546
f 2635/2635 7141/7141 1982/1982
f 1817/1817 7141/7141 2635/2635
f 1816/1816 2636/2636 6102/6102
f 5517/5517 7141/7141 1817/1817
f 6102/6102 3150/3150 1816/1816
f 3151/3151 5517/5517 1817/1817
f 3090/3090 1982/1982 4448/4448
f 7141/7141 1795/1795 1982/1982
f 4448/4448 1982/1982 1795/1795
f 1795/1795 7141/7141 335/335
f 335/335 7141/7141 5517/5517
f 3301/3301 335/335 5517/5517
f 3301/3301 1795/1795 335/335
f 5794/5794 6386/6386 7957/7957
f 5794/5794 2636/2636 6386/6386
f 5794/5794 7957/7957 4550/4550
f 7957/7957 4398/4398 4550/4550
f 6102/6102 2636/2636 2616/2616
f 3150/3150 6102/6102 6625/6625
f 2616/2616 2636/2636 5794/5794
f 4304/4304 6102/6102 2616/2616
f 2616/2616 7619/7619 4304/4304
f 4304/4304 6625/6625 6102/6102
f 3151/3151 6769/6769 5517/5517
f 3301/3301 6994/6994 3082/3082
f 5252/5252 3082/3082 6994/6994
f 3082/3082 1952/1952 3301/3301
f 7519/7519 3301/3301 1952/1952
f 3082/3082 6682/6682 1952/1952
f 6682/6682 863/863 1952/1952
f 5252/5252 3517/3517 3082/3082
f 3082/3082 3517/3517 1457/1457
f 863/863 6682/6682 6762/6762
f 6682/6682 822/822 6762/6762
f 6682/6682 3082/3082 1457/1457
f 6682/6682 1457/1457 3998/3998
f 3998/3998 822/822 6682/6682
f 6762/6762 822/822 1141/1141
f 822/822 7908/7908 1141/1141
f 2283/2283 3150/3150 6625/6625
f 3150/3150 2283/2283 6768/6768
f 2483/2483 5253/5253 6995/6995
f 5253/5253 2483/2483 3518/3518
f 2375/2375 2483/2483 2283/2283
f 6879/6879 2483/2483 2375/2375
f 6879/6879 3518/3518 2483/2483
f 4304/4304 2283/2283 6625/6625
f 4304/4304 2375/2375 2283/2283
f 1179/1179 6879/6879 2375/2375
f 3190/3190 6879/6879 1179/1179
f 3518/3518 6879/6879 3190/3190
f 863/863 4949/4949 2153/2153
f 6762/6762 4949/4949 863/863
f 4462/4462 4949/4949 6762/6762
f 4013/4013 2153/2153 4949/4949
f 4013/4013 6668/6668 7901/7901
f 3041/3041 6668/6668 4013/4013
f 6668/6668 3041/3041 7829/7829
f 6668/6668 7713/7713 4824/4824
f 6668/6668 7829/7829 7713/7713
f 6916/6916 7713/7713 7829/7829
f 7829/7829 3041/3041 6916/6916
f 4949/4949 7503/7503 4013/4013
f 4013/4013 7503/7503 78/78
f 3327/3327 5549/5549 78/78
f 4013/4013 78/78 5549/5549
f 3041/3041 4013/4013 5549/5549
f 3036/3036 6024/6024 6916/6916
f 7619/7619 2616/2616 4550/4550
f 5009/5009 4304/4304 7619/7619
f 984/984 7619/7619 4550/4550
f 984/984 5009/5009 7619/7619
f 4413/4413 5009/5009 984/984
f 2002/2002 2494/2494 5729/5729
f 984/984 4550/4550 2494/2494
f 2002/2002 984/984 2494/2494
f 2001/2001 5728/5728 4341/4341
f 2001/2001 4341/4341 3593/3593
f 984/984 2414/2414 4413/4413
f 2002/2002 2414/2414 984/984
f 5296/5296 2414/2414 2002/2002
f 2414/2414 5296/5296 3115/3115
f 1179/1179 4304/4304 3414/3414
f 4304/4304 5009/5009 3414/3414
f 4706/4706 5009/5009 4413/4413
f 7786/7786 3414/3414 5009/5009
f 4413/4413 2414/2414 4706/4706
f 4706/4706 2414/2414 192/192
f 3115/3115 192/192 2414/2414
f 192/192 6134/6134 4051/4051
f 4341/4341 7110/7110 3593/3593
f 2001/2001 3593/3593 5295/5295
f 1658/1658 3593/3593 7110/7110
f 3181/3181 3115/3115 5296/5296
f 4777/4777 5295/5295 3593/3593
f 4778/4778 3181/3181 5296/5296
f 3811/3811 3181/3181 4778/4778
f 7455/7455 4017/4017 3181/3181
f 3181/3181 4017/4017 3115/3115
f 1960/1960 3181/3181 3811/3811
f 3181/3181 1960/1960 7455/7455
f 1960/1960 338/338 7455/7455
f 3593/3593 1658/1658 3078/3078
f 4777/4777 3593/3593 3078/3078
f 7257/7257 3811/3811 4778/4778
f 383/383 1960/1960 3811/3811
f 2774/2774 1960/1960 383/383
f 338/338 1960/1960 2774/2774
f 4778/4778 2949/2949 7257/7257
f 7257/7257 383/383 3811/3811
f 7257/7257 1575/1575 383/383
f 383/383 5568/5568 2774/2774
f 1575/1575 2524/2524 383/383
f 2524/2524 5568/5568 383/383
f 6134/6134 192/192 3115/3115
f 6134/6134 3115/3115 4017/4017
f 4051/4051 6134/6134 3726/3726
f 338/338 6134/6134 4017/4017
f 6134/6134 338/338 3726/3726
f 3726/3726 7742/7742 4171/4171
f 3726/3726 338/338 7742/7742
f 338/338 4017/4017 7455/7455
f 7742/7742 338/338 5568/5568
f 2774/2774 5568/5568 338/338
f 2494/2494 4550/4550 4398/4398
f 2616/2616 5794/5794 4550/4550
f 6166/6166 5088/5088 4121/4121
f 2524/2524 5668/5668 5568/5568
f 4758/4758 5668/5668 2524/2524
f 687/687 7074/7074 7802/7802
f 7074/7074 687/687 7663/7663
f 687/687 7802/7802 5443/5443
f 5975/5975 687/687 5443/5443
f 5443/5443 2648/2648 5975/5975
f 5459/5459 5975/5975 2648/2648
f 687/687 5975/5975 1659/1659
f 1659/1659 7663/7663 687/687
f 5975/5975 6725/6725 1793/1793
f 1786/1786 1267/1267 7663/7663
f 1786/1786 7678/7678 1267/1267
f 1786/1786 7663/7663 2964/2964
f 7678/7678 1786/1786 188/188
f 6080/6080 188/188 1786/1786
f 2964/2964 6080/6080 1786/1786
f 1659/1659 2964/2964 7663/7663
f 5975/5975 2246/2246 1659/1659
f 3529/3529 6080/6080 2964/2964
f 2246/2246 2964/2964 1659/1659
f 2964/2964 2246/2246 3529/3529
f 3552/3552 1431/1431 7678/7678
f 336/336 4380/4380 7074/7074
f 1267/1267 7678/7678 336/336
f 1267/1267 336/336 7074/7074
f 7678/7678 735/735 3552/3552
f 3552/3552 6871/6871 2263/2263
f 6871/6871 3552/3552 735/735
f 6871/6871 735/735 815/815
f 4658/4658 2263/2263 6871/6871
f 6871/6871 5562/5562 4658/4658
f 6871/6871 815/815 5562/5562
f 5562/5562 815/815 4640/4640
f 4640/4640 857/857 5562/5562
f 3698/3698 815/815 735/735
f 4640/4640 815/815 3698/3698
f 7802/7802 7074/7074 4380/4380
f 7663/7663 1267/1267 7074/7074
f 188/188 6080/6080 6207/6207
f 6207/6207 6080/6080 3529/3529
f 3194/3194 2508/2508 2246/2246
f 2246/2246 2508/2508 3529/3529
f 735/735 7678/7678 188/188
f 3698/3698 6202/6202 4640/4640
f 5160/5160 3698/3698 736/736
f 6202/6202 3698/3698 5160/5160
f 5160/5160 4114/4114 7952/7952
f 5160/5160 736/736 3622/3622
f 3622/3622 4288/4288 5160/5160
f 4288/4288 3622/3622 5269/5269
f 736/736 3698/3698 735/735
f 735/735 2600/2600 736/736
f 736/736 2600/2600 2004/2004
f 2004/2004 4774/4774 4768/4768
f 4774/4774 697/697 4768/4768
f 697/697 2242/2242 4768/4768
f 858/858 697/697 2508/2508
f 2242/2242 1932/1932 4768/4768
f 697/697 858/858 2242/2242
f 5269/5269 3622/3622 6713/6713
f 2395/2395 2242/2242 858/858
f 5975/5975 7569/7569 6725/6725
f 5975/5975 1793/1793 113/113
f 113/113 2246/2246 5975/5975
f 4345/4345 113/113 1793/1793
f 2648/2648 2397/2397 5459/5459
f 5459/5459 2397/2397 7569/7569
f 5975/5975 5459/5459 7569/7569
f 3832/3832 4345/4345 1793/1793
f 2246/2246 113/113 2012/2012
f 2246/2246 2012/2012 3194/3194
f 7428/7428 113/113 4345/4345
f 2012/2012 113/113 7428/7428
f 3832/3832 1793/1793 6725/6725
f 3832/3832 4520/4520 4345/4345
f 4686/4686 4520/4520 3832/3832
f 3339/3339 4520/4520 4686/4686
f 7428/7428 4345/4345 4520/4520
f 4520/4520 2294/2294 7428/7428
f 2294/2294 4520/4520 3339/3339
f 3339/3339 4686/4686 4747/4747
f 4747/4747 7819/7819 3339/3339
f 2012/2012 7645/7645 3194/3194
f 2508/2508 3194/3194 7645/7645
f 7428/7428 1273/1273 2012/2012
f 1273/1273 7645/7645 2012/2012
f 7645/7645 1273/1273 858/858
f 2395/2395 3410/3410 4702/4702
f 4288/4288 5269/5269 3750/3750
f 6773/6773 6414/6414 5269/5269
f 6414/6414 3750/3750 5269/5269
f 6773/6773 5269/5269 474/474
f 388/388 5269/5269 6713/6713
f 388/388 474/474 5269/5269
f 5146/5146 474/474 388/388
f 5146/5146 6157/6157 474/474
f 388/388 6157/6157 5146/5146
f 6157/6157 388/388 4560/4560
f 474/474 6157/6157 1107/1107
f 1107/1107 6157/6157 753/753
f 753/753 5421/5421 7531/7531
f 7531/7531 5421/5421 1166/1166
f 7531/7531 1166/1166 7990/7990
f 4142/4142 753/753 6520/6520
f 1405/1405 7531/7531 7990/7990
f 753/753 7531/7531 1405/1405
f 6520/6520 753/753 1405/1405
f 6520/6520 1405/1405 7989/7989
f 508/508 4414/4414 6813/6813
f 5848/5848 6813/6813 7338/7338
f 1166/1166 508/508 7990/7990
f 508/508 1166/1166 4414/4414
f 508/508 2285/2285 7990/7990
f 2285/2285 508/508 6813/6813
f 7989/7989 7990/7990 2285/2285
f 7989/7989 1405/1405 7990/7990
f 7989/7989 2285/2285 3096/3096
f 2285/2285 4277/4277 3096/3096
f 4277/4277 2285/2285 6813/6813
f 4277/4277 6813/6813 5848/5848
f 6813/6813 4414/4414 1412/1412
f 6813/6813 1412/1412 7338/7338
f 5848/5848 7338/7338 4376/4376
f 4376/4376 7338/7338 6017/6017
f 5862/5862 5961/5961 1471/1471
f 2310/2310 5961/5961 5862/5862
f 4571/4571 2697/2697 8000/8000
f 2697/2697 4571/4571 5869/5869
f 159/159 4016/4016 753/753
f 5884/5884 159/159 753/753
f 5884/5884 753/753 4142/4142
f 21/21 6520/6520 7989/7989
f 21/21 1555/1555 1950/1950
f 1950/1950 6520/6520 21/21
f 1950/1950 4142/4142 6520/6520
f 5884/5884 6236/6236 3729/3729
f 5884/5884 1302/1302 6236/6236
f 1531/1531 6236/6236 556/556
f 2498/2498 6236/6236 1302/1302
f 6236/6236 2498/2498 556/556
f 1302/1302 5884/5884 4142/4142
f 1629/1629 1302/1302 4142/4142
f 1629/1629 4142/4142 1950/1950
f 2498/2498 1302/1302 1629/1629
f 2498/2498 1629/1629 5793/5793
f 1555/1555 7989/7989 3096/3096
f 7989/7989 1555/1555 21/21
f 2718/2718 3096/3096 4277/4277
f 2718/2718 4277/4277 4434/4434
f 1555/1555 3096/3096 2718/2718
f 2718/2718 4434/4434 1875/1875
f 1950/1950 1555/1555 3445/3445
f 2413/2413 1950/1950 3445/3445
f 1875/1875 1555/1555 2718/2718
f 3445/3445 1555/1555 1875/1875
f 1875/1875 4434/4434 834/834
f 4376/4376 6017/6017 5834/5834
f 4376/4376 5834/5834 319/319
f 2477/2477 4376/4376 319/319
f 5848/5848 4434/4434 4277/4277
f 4434/4434 5848/5848 4024/4024
f 4024/4024 5848/5848 4376/4376
f 834/834 4434/4434 4024/4024
f 5309/5309 834/834 4024/4024
f 5309/5309 4024/4024 4376/4376
f 5309/5309 4376/4376 2477/2477
f 2413/2413 1629/1629 1950/1950
f 5793/5793 1629/1629 2413/2413
f 3445/3445 1850/1850 2413/2413
f 1850/1850 3445/3445 1875/1875
f 1850/1850 1875/1875 6606/6606
f 1850/1850 5793/5793 2413/2413
f 5793/5793 1850/1850 6606/6606
f 1875/1875 834/834 6606/6606
f 212/212 834/834 5309/5309
f 6606/6606 834/834 7404/7404
f 7404/7404 834/834 212/212
f 5309/5309 2477/2477 2275/2275
f 212/212 5309/5309 2275/2275
f 7404/7404 5793/5793 6606/6606
f 5793/5793 7404/7404 1074/1074
f 1074/1074 7404/7404 212/212
f 2663/2663 212/212 569/569
f 2663/2663 1074/1074 212/212
f 3899/3899 1185/1185 169/169
f 2425/2425 556/556 2498/2498
f 5921/5921 2425/2425 2498/2498
f 5921/5921 2498/2498 7357/7357
f 2425/2425 5628/5628 556/556
f 721/721 5628/5628 2425/2425
f 721/721 2425/2425 5921/5921
f 607/607 5921/5921 7357/7357
f 7357/7357 2498/2498 3233/3233
f 5547/5547 3233/3233 2498/2498
f 5547/5547 2498/2498 5793/5793
f 721/721 5921/5921 607/607
f 5793/5793 1074/1074 2663/2663
f 6654/6654 5793/5793 2663/2663
f 5547/5547 5793/5793 6654/6654
f 396/396 5547/5547 6020/6020
f 6020/6020 5547/5547 6654/6654
f 4911/4911 7147/7147 3550/3550
f 7291/7291 4911/4911 3550/3550
f 8000/8000 4610/4610 398/398
f 4610/4610 8000/8000 2697/2697
f 4625/4625 2697/2697 5869/5869
f 4610/4610 2697/2697 4625/4625
f 398/398 4610/4610 129/129
f 4610/4610 4625/4625 129/129
f 7310/7310 96/96 3483/3483
f 319/319 8000/8000 3741/3741
f 3741/3741 4892/4892 319/319
f 398/398 3741/3741 8000/8000
f 319/319 4892/4892 2477/2477
f 3936/3936 2477/2477 4892/4892
f 2477/2477 3936/3936 2275/2275
f 4892/4892 3741/3741 1050/1050
f 1050/1050 3741/3741 398/398
f 398/398 7161/7161 1050/1050
f 577/577 4892/4892 1050/1050
f 7129/7129 7161/7161 398/398
f 517/517 398/398 129/129
f 7129/7129 398/398 517/517
f 2275/2275 3936/3936 577/577
f 3936/3936 4892/4892 577/577
f 578/578 3854/3854 570/570
f 1050/1050 5246/5246 577/577
f 3854/3854 578/578 5247/5247
f 3853/3853 5246/5246 6446/6446
f 3483/3483 1404/1404 2685/2685
f 479/479 7637/7637 1403/1403
f 4637/4637 6445/6445 3083/3083
f 2275/2275 577/577 569/569
f 212/212 2275/2275 569/569
f 2450/2450 1535/1535 570/570
f 2663/2663 569/569 1534/1534
f 7161/7161 5246/5246 1050/1050
f 7161/7161 7129/7129 3922/3922
f 3922/3922 5246/5246 7161/7161
f 2239/2239 3922/3922 1849/1849
f 6446/6446 5246/5246 3922/3922
f 2239/2239 6446/6446 3922/3922
f 5174/5174 5454/5454 2239/2239
f 5453/5453 7478/7478 3083/3083
f 2238/2238 5453/5453 3083/3083
f 5174/5174 2239/2239 1849/1849
f 5174/5174 1849/1849 2301/2301
f 6246/6246 5174/5174 2301/2301
f 5453/5453 5173/5173 6246/6246
f 2238/2238 3083/3083 6445/6445
f 7350/7350 1535/1535 5518/5518
f 7350/7350 5518/5518 3679/3679
f 3679/3679 3324/3324 7350/7350
f 6181/6181 5518/5518 7637/7637
f 4356/4356 6181/6181 7637/7637
f 3029/3029 5518/5518 6181/6181
f 3029/3029 6181/6181 3285/3285
f 3029/3029 3679/3679 5518/5518
f 3285/3285 4581/4581 5685/5685
f 5685/5685 3029/3029 3285/3285
f 3029/3029 5685/5685 2474/2474
f 967/967 3679/3679 3029/3029
f 967/967 3324/3324 3679/3679
f 3029/3029 2474/2474 967/967
f 5202/5202 3324/3324 967/967
f 3588/3588 3324/3324 5202/5202
f 9/9 4800/4800 2474/2474
f 967/967 2474/2474 5202/5202
f 4800/4800 5202/5202 2474/2474
f 3588/3588 5202/5202 2252/2252
f 2252/2252 5202/5202 4800/4800
f 7349/7349 2663/2663 1534/1534
f 3325/3325 6654/6654 7349/7349
f 2252/2252 4800/4800 9/9
f 4307/4307 2252/2252 9/9
f 1702/1702 7956/7956 2583/2583
f 2251/2251 7956/7956 3586/3586
f 1033/1033 7956/7956 2040/2040
f 6019/6019 3586/3586 1037/1037
f 1037/1037 3586/3586 7956/7956
f 6654/6654 3587/3587 6020/6020
f 3588/3588 6653/6653 3324/3324
f 7956/7956 2251/2251 4306/4306
f 7956/7956 4306/4306 2583/2583
f 2123/2123 7523/7523 1282/1282
f 1282/1282 7523/7523 1698/1698
f 5537/5537 5298/5298 2123/2123
f 4099/4099 2123/2123 6079/6079
f 4099/4099 4900/4900 2123/2123
f 4900/4900 5537/5537 2123/2123
f 4900/4900 6193/6193 5537/5537
f 6798/6798 5537/5537 3040/3040
f 5537/5537 6193/6193 3040/3040
f 4099/4099 6079/6079 3399/3399
f 913/913 4099/4099 3399/3399
f 4900/4900 4099/4099 6193/6193
f 913/913 3040/3040 6193/6193
f 6215/6215 377/377 2070/2070
f 5974/5974 3051/3051 913/913
f 5178/5178 377/377 3173/3173
f 913/913 5407/5407 3040/3040
f 5407/5407 6183/6183 7499/7499
f 5407/5407 7499/7499 3040/3040
f 913/913 7139/7139 5407/5407
f 274/274 7139/7139 3051/3051
f 7139/7139 913/913 3051/3051
f 7139/7139 274/274 4015/4015
f 1085/1085 4015/4015 274/274
f 4015/4015 5407/5407 7139/7139
f 433/433 4015/4015 1085/1085
f 433/433 5407/5407 4015/4015
f 5634/5634 5407/5407 1852/1852
f 5634/5634 6183/6183 5407/5407
f 1852/1852 7278/7278 6183/6183
f 1852/1852 6183/6183 5634/5634
f 4292/4292 433/433 1085/1085
f 433/433 4292/4292 249/249
f 4765/4765 1054/1054 4611/4611
f 4120/4120 1054/1054 7278/7278
f 4611/4611 1054/1054 265/265
f 589/589 265/265 1054/1054
f 4587/4587 4611/4611 265/265
f 4137/4137 589/589 1054/1054
f 4137/4137 1054/1054 4120/4120
f 589/589 4587/4587 265/265
f 3201/3201 589/589 4137/4137
f 1852/1852 4120/4120 7278/7278
f 4120/4120 1852/1852 4137/4137
f 7336/7336 4137/4137 1852/1852
f 1852/1852 5407/5407 433/433
f 433/433 7336/7336 1852/1852
f 7336/7336 433/433 249/249
f 3201/3201 4137/4137 7336/7336
f 7745/7745 4905/4905 4603/4603
f 4603/4603 4905/4905 7520/7520
f 7520/7520 3507/3507 278/278
f 7745/7745 4995/4995 6215/6215
f 4603/4603 4995/4995 7745/7745
f 7520/7520 3478/3478 4603/4603
f 4995/4995 6943/6943 6215/6215
f 6943/6943 4995/4995 4603/4603
f 5847/5847 6943/6943 4603/4603
f 5847/5847 4603/4603 3478/3478
f 7520/7520 278/278 3478/3478
f 278/278 5675/5675 3478/3478
f 5675/5675 278/278 5308/5308
f 6572/6572 278/278 1361/1361
f 278/278 6572/6572 5308/5308
f 4488/4488 5308/5308 6572/6572
f 4488/4488 6572/6572 3136/3136
f 4857/4857 4488/4488 3136/3136
f 5675/5675 5308/5308 5051/5051
f 4857/4857 5051/5051 4488/4488
f 5051/5051 5308/5308 4488/4488
f 1455/1455 4857/4857 3136/3136
f 5051/5051 4857/4857 7449/7449
f 7449/7449 4857/4857 1455/1455
f 1455/1455 3136/3136 4667/4667
f 377/377 6215/6215 1924/1924
f 3173/3173 1924/1924 3945/3945
f 1924/1924 6215/6215 6943/6943
f 1924/1924 6943/6943 3945/3945
f 3945/3945 6943/6943 5847/5847
f 3945/3945 5847/5847 2216/2216
f 2216/2216 7522/7522 3945/3945
f 7522/7522 2216/2216 4863/4863
f 4863/4863 5849/5849 7522/7522
f 5849/5849 4856/4856 7522/7522
f 5847/5847 4863/4863 2216/2216
f 4863/4863 5847/5847 3478/3478
f 4863/4863 3478/3478 5675/5675
f 4863/4863 5675/5675 5849/5849
f 377/377 1924/1924 3173/3173
f 7522/7522 5166/5166 3945/3945
f 4856/4856 6931/6931 7522/7522
f 5166/5166 7522/7522 6931/6931
f 6931/6931 7281/7281 5166/5166
f 4856/4856 5849/5849 5675/5675
f 5675/5675 4097/4097 4856/4856
f 7449/7449 3655/3655 5051/5051
f 5051/5051 3655/3655 5675/5675
f 7398/7398 3655/3655 7449/7449
f 1455/1455 7398/7398 7449/7449
f 1455/1455 4667/4667 7353/7353
f 659/659 7398/7398 1455/1455
f 3655/3655 492/492 4097/4097
f 492/492 3655/3655 7398/7398
f 492/492 659/659 7907/7907
f 492/492 7398/7398 659/659
f 4097/4097 5675/5675 3655/3655
f 7907/7907 1455/1455 7353/7353
f 1455/1455 7907/7907 659/659
f 3052/3052 7907/7907 7353/7353
f 3738/3738 6113/6113 3052/3052
f 275/275 3284/3284 6950/6950
f 2422/2422 3144/3144 3284/3284
f 275/275 2422/2422 3284/3284
f 3313/3313 275/275 4611/4611
f 2422/2422 2806/2806 3144/3144
f 2422/2422 1/1 2806/2806
f 1/1 549/549 2806/2806
f 2806/2806 549/549 7628/7628
f 1481/1481 5694/5694 7356/7356
f 549/549 7356/7356 7628/7628
f 549/549 1481/1481 7356/7356
f 549/549 6548/6548 1481/1481
f 3313/3313 2422/2422 275/275
f 6060/6060 2422/2422 3313/3313
f 6060/6060 1870/1870 1/1
f 6060/6060 1/1 2422/2422
f 1/1 6548/6548 549/549
f 1870/1870 6548/6548 1/1
f 6060/6060 3313/3313 4587/4587
f 1870/1870 6060/6060 4587/4587
f 3352/3352 1634/1634 2496/2496
f 1642/1642 3933/3933 3493/3493
f 2496/2496 1375/1375 1642/1642
f 1634/1634 1375/1375 2496/2496
f 3933/3933 1642/1642 1375/1375
f 1634/1634 3380/3380 1375/1375
f 432/432 7110/7110 3493/3493
f 432/432 3078/3078 1658/1658
f 3933/3933 432/432 3493/3493
f 1375/1375 116/116 3933/3933
f 116/116 1375/1375 3380/3380
f 3933/3933 116/116 3380/3380
f 3572/3572 432/432 3933/3933
f 3933/3933 2577/2577 3572/3572
f 3933/3933 6507/6507 5197/5197
f 5197/5197 2577/2577 3933/3933
f 1278/1278 1402/1402 1481/1481
f 1634/1634 3352/3352 7149/7149
f 1278/1278 1481/1481 6548/6548
f 1402/1402 1614/1614 5759/5759
f 1402/1402 1278/1278 4396/4396
f 3189/3189 4396/4396 1278/1278
f 4396/4396 3189/3189 1010/1010
f 5981/5981 1010/1010 3189/3189
f 69/69 5981/5981 3189/3189
f 1278/1278 5651/5651 3189/3189
f 3933/3933 3380/3380 3132/3132
f 3132/3132 3380/3380 1634/1634
f 3132/3132 6507/6507 3933/3933
f 4335/4335 3132/3132 1634/1634
f 4335/4335 6507/6507 3132/3132
f 2739/2739 1278/1278 6548/6548
f 4335/4335 1634/1634 429/429
f 5651/5651 3539/3539 3189/3189
f 5899/5899 5651/5651 1278/1278
f 69/69 3539/3539 6669/6669
f 3539/3539 5050/5050 6669/6669
f 5050/5050 3539/3539 5651/5651
f 5651/5651 7919/7919 5050/5050
f 5651/5651 5899/5899 7919/7919
f 6669/6669 5050/5050 7919/7919
f 7919/7919 446/446 6669/6669
f 446/446 7919/7919 5899/5899
f 4957/4957 4335/4335 429/429
f 590/590 446/446 5899/5899
f 429/429 6669/6669 446/446
f 446/446 1761/1761 429/429
f 1761/1761 446/446 590/590
f 5899/5899 1278/1278 590/590
f 1761/1761 590/590 3061/3061
f 3061/3061 590/590 1278/1278
f 7832/7832 1761/1761 3061/3061
f 4587/4587 3313/3313 4611/4611
f 4587/4587 589/589 3069/3069
f 5491/5491 3069/3069 589/589
f 7336/7336 249/249 2407/2407
f 7336/7336 6797/6797 3201/3201
f 5491/5491 3201/3201 6797/6797
f 5491/5491 589/589 3201/3201
f 2407/2407 6797/6797 7336/7336
f 79/79 5491/5491 6797/6797
f 6797/6797 2407/2407 79/79
f 3069/3069 1870/1870 4587/4587
f 5491/5491 3549/3549 3069/3069
f 3549/3549 1870/1870 3069/3069
f 1870/1870 6237/6237 6548/6548
f 1870/1870 3549/3549 6237/6237
f 3767/3767 6237/6237 3549/3549
f 6237/6237 2739/2739 6548/6548
f 5491/5491 79/79 3549/3549
f 3480/3480 3549/3549 79/79
f 3549/3549 483/483 3767/3767
f 3480/3480 483/483 3549/3549
f 3209/3209 3480/3480 79/79
f 2407/2407 3209/3209 79/79
f 5197/5197 5360/5360 2577/2577
f 7158/7158 2739/2739 6237/6237
f 3767/3767 7158/7158 6237/6237
f 1997/1997 6507/6507 2606/2606
f 5197/5197 6507/6507 1997/1997
f 6507/6507 4335/4335 3238/3238
f 2606/2606 6507/6507 3238/3238
f 3238/3238 4335/4335 4957/4957
f 3238/3238 4957/4957 5994/5994
f 2606/2606 3238/3238 5994/5994
f 5197/5197 1997/1997 2080/2080
f 696/696 5197/5197 2080/2080
f 2080/2080 1997/1997 2606/2606
f 2080/2080 2606/2606 5544/5544
f 1761/1761 4957/4957 429/429
f 4957/4957 1761/1761 5994/5994
f 2784/2784 2739/2739 7158/7158
f 2784/2784 1278/1278 2739/2739
f 1761/1761 3850/3850 5994/5994
f 1278/1278 2784/2784 3862/3862
f 3061/3061 1278/1278 3862/3862
f 3061/3061 3862/3862 7832/7832
f 5544/5544 2606/2606 5994/5994
f 5087/5087 2784/2784 7158/7158
f 7158/7158 3767/3767 5087/5087
f 5544/5544 5994/5994 3850/3850
f 371/371 3480/3480 3209/3209
f 4785/4785 483/483 3480/3480
f 483/483 4785/4785 3767/3767
f 3480/3480 371/371 4785/4785
f 5087/5087 3767/3767 890/890
f 6350/6350 5974/5974 2639/2639
f 6413/6413 5974/5974 6350/6350
f 7795/7795 3420/3420 3920/3920
f 3420/3420 6413/6413 3920/3920
f 6413/6413 6350/6350 3920/3920
f 6350/6350 1409/1409 3920/3920
f 1409/1409 7796/7796 3920/3920
f 5654/5654 6413/6413 4840/4840
f 6770/6770 5654/5654 4840/4840
f 6413/6413 3051/3051 5974/5974
f 5235/5235 6413/6413 5654/5654
f 3051/3051 6413/6413 5235/5235
f 6770/6770 5235/5235 5654/5654
f 5235/5235 6770/6770 4292/4292
f 4292/4292 6770/6770 5896/5896
f 155/155 4292/4292 5896/5896
f 5896/5896 3542/3542 155/155
f 155/155 3542/3542 2303/2303
f 5235/5235 274/274 3051/3051
f 4292/4292 1085/1085 274/274
f 274/274 5235/5235 4292/4292
f 5166/5166 4442/4442 3173/3173
f 7413/7413 3173/3173 4442/4442
f 4442/4442 5166/5166 7281/7281
f 2082/2082 4442/4442 7281/7281
f 7281/7281 2374/2374 2082/2082
f 3542/3542 3087/3087 4439/4439
f 4439/4439 3087/3087 1042/1042
f 2303/2303 4874/4874 2099/2099
f 4874/4874 3542/3542 2099/2099
f 2099/2099 3560/3560 2303/2303
f 155/155 2303/2303 3560/3560
f 2407/2407 249/249 4292/4292
f 2562/2562 2407/2407 4292/4292
f 2562/2562 4292/4292 155/155
f 155/155 3560/3560 2562/2562
f 2407/2407 2562/2562 3320/3320
f 2562/2562 3560/3560 3320/3320
f 3320/3320 3209/3209 2407/2407
f 5087/5087 890/890 6531/6531
f 3305/3305 5087/5087 6531/6531
f 7171/7171 5904/5904 3899/3899
f 2170/2170 2665/2665 5904/5904
f 1902/1902 2665/2665 2170/2170
f 2170/2170 5904/5904 1888/1888
f 1477/1477 2170/2170 1888/1888
f 2360/2360 2170/2170 1477/1477
f 3926/3926 2360/2360 1477/1477
f 5903/5903 7170/7170 1889/1889
f 2360/2360 1902/1902 2170/2170
f 2360/2360 3926/3926 7547/7547
f 1005/1005 7547/7547 3926/3926
f 7042/7042 597/597 4303/4303
f 477/477 6333/6333 597/597
f 477/477 597/597 7042/7042
f 1902/1902 6333/6333 2665/2665
f 6333/6333 1902/1902 731/731
f 731/731 597/597 6333/6333
f 485/485 4303/4303 4998/4998
f 4998/4998 597/597 731/731
f 597/597 4998/4998 4303/4303
f 5724/5724 731/731 1902/1902
f 2360/2360 5724/5724 1902/1902
f 7547/7547 5724/5724 2360/2360
f 5724/5724 7547/7547 1201/1201
f 3759/3759 6842/6842 6030/6030
f 7576/7576 7069/7069 2017/2017
f 5261/5261 7576/7576 4483/4483
f 5709/5709 7576/7576 5261/5261
f 4483/4483 193/193 5261/5261
f 193/193 4483/4483 5000/5000
f 4483/4483 1613/1613 5000/5000
f 7067/7067 622/622 2016/2016
f 3874/3874 7069/7069 7576/7576
f 7068/7068 3873/3873 2811/2811
f 2811/2811 623/623 7068/7068
f 7576/7576 5709/5709 3874/3874
f 2811/2811 3873/3873 5710/5710
f 2811/2811 1905/1905 3988/3988
f 2495/2495 5000/5000 6614/6614
f 3078/3078 2948/2948 4777/4777
f 4150/4150 7257/7257 2949/2949
f 4150/4150 6590/6590 7257/7257
f 7257/7257 6590/6590 1575/1575
f 4294/4294 1575/1575 6590/6590
f 4294/4294 6590/6590 4150/4150
f 4758/4758 1575/1575 4294/4294
f 1575/1575 4758/4758 2524/2524
f 4294/4294 961/961 4758/4758
f 2702/2702 961/961 2468/2468
f 7353/7353 4667/4667 4031/4031
f 3052/3052 1170/1170 3738/3738
f 3572/3572 2948/2948 3078/3078
f 3572/3572 3078/3078 432/432
f 4150/4150 2949/2949 3573/3573
f 535/535 4150/4150 3573/3573
f 2033/2033 4758/4758 961/961
f 2468/2468 4294/4294 4150/4150
f 2033/2033 5668/5668 4758/4758
f 2033/2033 229/229 5668/5668
f 4509/4509 229/229 2033/2033
f 3572/3572 2577/2577 533/533
f 535/535 2468/2468 4150/4150
f 533/533 2577/2577 3972/3972
f 3973/3973 2426/2426 534/534
f 3972/3972 2577/2577 5360/5360
f 2702/2702 2033/2033 961/961
f 703/703 2033/2033 2702/2702
f 5149/5149 2468/2468 534/534
f 7251/7251 2702/2702 2468/2468
f 7251/7251 2468/2468 5149/5149
f 2702/2702 7251/7251 703/703
f 2033/2033 703/703 4601/4601
f 4601/4601 4509/4509 2033/2033
f 1070/1070 4601/4601 703/703
f 7251/7251 1070/1070 703/703
f 534/534 2426/2426 5149/5149
f 5640/5640 7251/7251 5149/5149
f 7251/7251 5640/5640 1070/1070
f 5640/5640 5466/5466 1070/1070
f 5466/5466 4601/4601 1070/1070
f 4509/4509 2389/2389 4004/4004
f 6983/6983 4509/4509 4601/4601
f 2389/2389 4509/4509 6983/6983
f 2389/2389 6983/6983 427/427
f 3973/3973 5361/5361 2426/2426
f 5361/5361 2192/2192 2426/2426
f 2426/2426 2192/2192 5149/5149
f 6983/6983 5466/5466 5640/5640
f 5149/5149 2192/2192 5640/5640
f 5640/5640 7923/7923 6983/6983
f 6690/6690 5640/5640 2192/2192
f 6690/6690 7923/7923 5640/5640
f 5466/5466 6983/6983 4601/4601
f 4510/4510 427/427 6983/6983
f 6983/6983 7923/7923 4510/4510
f 427/427 4510/4510 4508/4508
f 4510/4510 1051/1051 4508/4508
f 1051/1051 7230/7230 4508/4508
f 1051/1051 4510/4510 7923/7923
f 874/874 1051/1051 7923/7923
f 7923/7923 6690/6690 7388/7388
f 7923/7923 7388/7388 874/874
f 874/874 3802/3802 1051/1051
f 696/696 5360/5360 5197/5197
f 2080/2080 4225/4225 696/696
f 4225/4225 2080/2080 5807/5807
f 4224/4224 3306/3306 6467/6467
f 5807/5807 2080/2080 5544/5544
f 5807/5807 3307/3307 4225/4225
f 3802/3802 7230/7230 1051/1051
f 5106/5106 3802/3802 874/874
f 874/874 329/329 5106/5106
f 5106/5106 2405/2405 3802/3802
f 2418/2418 5106/5106 329/329
f 5969/5969 3802/3802 2405/2405
f 2405/2405 1342/1342 5969/5969
f 6647/6647 1342/1342 3317/3317
f 5544/5544 1091/1091 5807/5807
f 5807/5807 1091/1091 6234/6234
f 3307/3307 5807/5807 6234/6234
f 6235/6235 915/915 3306/3306
f 3306/3306 6587/6587 6467/6467
f 6587/6587 4480/4480 6467/6467
f 3306/3306 4118/4118 6587/6587
f 3306/3306 3844/3844 4118/4118
f 3844/3844 3306/3306 915/915
f 7986/7986 2418/2418 329/329
f 2405/2405 5106/5106 2418/2418
f 2418/2418 1342/1342 2405/2405
f 1096/1096 3255/3255 527/527
f 1342/1342 2370/2370 3317/3317
f 3317/3317 827/827 616/616
f 544/544 616/616 827/827
f 6647/6647 3317/3317 726/726
f 7195/7195 4047/4047 4888/4888
f 4047/4047 6417/6417 2705/2705
f 4852/4852 6417/6417 4047/4047
f 7195/7195 4852/4852 4047/4047
f 4852/4852 7195/7195 6224/6224
f 5852/5852 3305/3305 2716/2716
f 2716/2716 6148/6148 5852/5852
f 5561/5561 6741/6741 6148/6148
f 5561/5561 6148/6148 2716/2716
f 6235/6235 5853/5853 915/915
f 5853/5853 4749/4749 915/915
f 4749/4749 5853/5853 6149/6149
f 915/915 411/411 3844/3844
f 411/411 915/915 4749/4749
f 4749/4749 7999/7999 411/411
f 4749/4749 6149/6149 6314/6314
f 6741/6741 5022/5022 6148/6148
f 6313/6313 6148/6148 5022/5022
f 7999/7999 4749/4749 6314/6314
f 6537/6537 6741/6741 5561/5561
f 3815/3815 6313/6313 5022/5022
f 1096/1096 3844/3844 411/411
f 4701/4701 411/411 7999/7999
f 3255/3255 1096/1096 411/411
f 411/411 4701/4701 3255/3255
f 4217/4217 7999/7999 6314/6314
f 6314/6314 7222/7222 153/153
f 153/153 4217/4217 6314/6314
f 5482/5482 7222/7222 3816/3816
f 6676/6676 7222/7222 5482/5482
f 1247/1247 6676/6676 5482/5482
f 4440/4440 6676/6676 1247/1247
f 6676/6676 3553/3553 7222/7222
f 3392/3392 6738/6738 3356/3356
f 6738/6738 3392/3392 7610/7610
f 4479/4479 6156/6156 6938/6938
f 668/668 7740/7740 611/611
f 1954/1954 7739/7739 4478/4478
f 7740/7740 6156/6156 4479/4479
f 610/610 7739/7739 1954/1954
f 2119/2119 7055/7055 4635/4635
f 5732/5732 6156/6156 2119/2119
f 7740/7740 2119/2119 6156/6156
f 7740/7740 668/668 2119/2119
f 5732/5732 2119/2119 4635/4635
f 3392/3392 5021/5021 7056/7056
f 3392/3392 7056/7056 7610/7610
f 7056/7056 5021/5021 1178/1178
f 4543/4543 667/667 4203/4203
f 667/667 610/610 4203/4203
f 610/610 4543/4543 4203/4203
f 4231/4231 6180/6180 1515/1515
f 668/668 7055/7055 2119/2119
f 1177/1177 4635/4635 7055/7055
f 6156/6156 4440/4440 1247/1247
f 1247/1247 6938/6938 6156/6156
f 4127/4127 6156/6156 5732/5732
f 3720/3720 5355/5355 3614/3614
f 616/616 982/982 6766/6766
f 871/871 3720/3720 982/982
f 5355/5355 3720/3720 871/871
f 982/982 616/616 7817/7817
f 5780/5780 5732/5732 4635/4635
f 4635/4635 1177/1177 4471/4471
f 5780/5780 4635/4635 4471/4471
f 5780/5780 4471/4471 5243/5243
f 2071/2071 7044/7044 4888/4888
f 7044/7044 7195/7195 4888/4888
f 3614/3614 5516/5516 2071/2071
f 861/861 7195/7195 7044/7044
f 7171/7171 3899/3899 3392/3392
f 6850/6850 7171/7171 3392/3392
f 3392/3392 3899/3899 169/169
f 4855/4855 169/169 389/389
f 389/389 169/169 2152/2152
f 2152/2152 4348/4348 389/389
f 4855/4855 389/389 4870/4870
f 4149/4149 4855/4855 4870/4870
f 4870/4870 389/389 4348/4348
f 4870/4870 5318/5318 4149/4149
f 6850/6850 3392/3392 3356/3356
f 3392/3392 169/169 5021/5021
f 7921/7921 5021/5021 169/169
f 169/169 4855/4855 7921/7921
f 5114/5114 4855/4855 4149/4149
f 5114/5114 4149/4149 7900/7900
f 4149/4149 5318/5318 3127/3127
f 3127/3127 3665/3665 7345/7345
f 3127/3127 7900/7900 4149/4149
f 2460/2460 7900/7900 3127/3127
f 7345/7345 2460/2460 3127/3127
f 4712/4712 5114/5114 7900/7900
f 4712/4712 7900/7900 1369/1369
f 6843/6843 3760/3760 1005/1005
f 3760/3760 1514/1514 1005/1005
f 1515/1515 3759/3759 4231/4231
f 6011/6011 6417/6417 4852/4852
f 1202/1202 6011/6011 3505/3505
f 4852/4852 3505/3505 6011/6011
f 3505/3505 4852/4852 6224/6224
f 3505/3505 2959/2959 1202/1202
f 2959/2959 3505/3505 6224/6224
f 2913/2913 678/678 2851/2851
f 2913/2913 4062/4062 678/678
f 7896/7896 919/919 6371/6371
f 2640/2640 6305/6305 2996/2996
f 2282/2282 6305/6305 2640/2640
f 5128/5128 2282/2282 2640/2640
f 3042/3042 2282/2282 5128/5128
f 3042/3042 5128/5128 2819/2819
f 5508/5508 5276/5276 3413/3413
f 3042/3042 2819/2819 7918/7918
f 4325/4325 5435/5435 5644/5644
f 5644/5644 5435/5435 6580/6580
f 1172/1172 3042/3042 7918/7918
f 4325/4325 3042/3042 1172/1172
f 5435/5435 4325/4325 1172/1172
f 5508/5508 5057/5057 5276/5276
f 5057/5057 6580/6580 5276/5276
f 3413/3413 5276/5276 3919/3919
f 5435/5435 1172/1172 5343/5343
f 6580/6580 5435/5435 231/231
f 5343/5343 1172/1172 7918/7918
f 231/231 5435/5435 5343/5343
f 231/231 119/119 6580/6580
f 5276/5276 6580/6580 119/119
f 119/119 2664/2664 5276/5276
f 2664/2664 3919/3919 5276/5276
f 2664/2664 6918/6918 3919/3919
f 3919/3919 4878/4878 3413/3413
f 6918/6918 4878/4878 3919/3919
f 5343/5343 7918/7918 846/846
f 119/119 231/231 5867/5867
f 2664/2664 119/119 2977/2977
f 2664/2664 2977/2977 3956/3956
f 3956/3956 6918/6918 2664/2664
f 5867/5867 2977/2977 119/119
f 3956/3956 2977/2977 7758/7758
f 6918/6918 3956/3956 7758/7758
f 2772/2772 3071/3071 4963/4963
f 1356/1356 2772/2772 690/690
f 4963/4963 690/690 2772/2772
f 3072/3072 1649/1649 4964/4964
f 690/690 4963/4963 1648/1648
f 1649/1649 3072/3072 416/416
f 416/416 1207/1207 1649/1649
f 6296/6296 3398/3398 1207/1207
f 3398/3398 6296/6296 3583/3583
f 3013/3013 3398/3398 3583/3583
f 5290/5290 3013/3013 3583/3583
f 3013/3013 5290/5290 937/937
f 937/937 5290/5290 3661/3661
f 5513/5513 2197/2197 6918/6918
f 2596/2596 5513/5513 6918/6918
f 2057/2057 750/750 2976/2976
f 2057/2057 7719/7719 750/750
f 7719/7719 2057/2057 7261/7261
f 403/403 2976/2976 7514/7514
f 403/403 7514/7514 5513/5513
f 6743/6743 403/403 5513/5513
f 2976/2976 403/403 6743/6743
f 6743/6743 7369/7369 2976/2976
f 7690/7690 6881/6881 7733/7733
f 2189/2189 7690/7690 7733/7733
f 2189/2189 6296/6296 7690/7690
f 7322/7322 7870/7870 7261/7261
f 7733/7733 7322/7322 7261/7261
f 7733/7733 7261/7261 2189/2189
f 2189/2189 7261/7261 4374/4374
f 7261/7261 2057/2057 4374/4374
f 4419/4419 7323/7323 183/183
f 183/183 7323/7323 7734/7734
f 255/255 7734/7734 6882/6882
f 255/255 183/183 7734/7734
f 255/255 5796/5796 183/183
f 7870/7870 7719/7719 7261/7261
f 7871/7871 7323/7323 4419/4419
f 4374/4374 6296/6296 2189/2189
f 2057/2057 3583/3583 4374/4374
f 4374/4374 3583/3583 6296/6296
f 5513/5513 2596/2596 6743/6743
f 6743/6743 2596/2596 4230/4230
f 3583/3583 2057/2057 3942/3942
f 3942/3942 2057/2057 4705/4705
f 4705/4705 2057/2057 2976/2976
f 4705/4705 2976/2976 7369/7369
f 3942/3942 5290/5290 3583/3583
f 3942/3942 3661/3661 5290/5290
f 6743/6743 4230/4230 7369/7369
f 4705/4705 3661/3661 3942/3942
f 5487/5487 231/231 5343/5343
f 5487/5487 6121/6121 231/231
f 1005/1005 231/231 6121/6121
f 231/231 1005/1005 5867/5867
f 2977/2977 5867/5867 3125/3125
f 1005/1005 3125/3125 5867/5867
f 3785/3785 6918/6918 7758/7758
f 3125/3125 7758/7758 2977/2977
f 6918/6918 3785/3785 2596/2596
f 2596/2596 2815/2815 4230/4230
f 7369/7369 4230/4230 3782/3782
f 3782/3782 4705/4705 7369/7369
f 7596/7596 4705/4705 3782/3782
f 1649/1649 1207/1207 2638/2638
f 690/690 1648/1648 4883/4883
f 4883/4883 1648/1648 2637/2637
f 1479/1479 6904/6904 6448/6448
f 6904/6904 1479/1479 1448/1448
f 1207/1207 4991/4991 2638/2638
f 3019/3019 4883/4883 2637/2637
f 3019/3019 2637/2637 4990/4990
f 2194/2194 3019/3019 4990/4990
f 4810/4810 4883/4883 3019/3019
f 4810/4810 3019/3019 2194/2194
f 2194/2194 4990/4990 3734/3734
f 3734/3734 4990/4990 6547/6547
f 6540/6540 2194/2194 3734/3734
f 6540/6540 4810/4810 2194/2194
f 4810/4810 6540/6540 7584/7584
f 6540/6540 3734/3734 883/883
f 5241/5241 7584/7584 6540/6540
f 1448/1448 1479/1479 7584/7584
f 4200/4200 6904/6904 5983/5983
f 5983/5983 1448/1448 1705/1705
f 5983/5983 6904/6904 1448/1448
f 4200/4200 5983/5983 979/979
f 5626/5626 4200/4200 979/979
f 883/883 3734/3734 6547/6547
f 6547/6547 4653/4653 883/883
f 5031/5031 5241/5241 883/883
f 5031/5031 883/883 4653/4653
f 629/629 5705/5705 3575/3575
f 5438/5438 3575/3575 5705/5705
f 5241/5241 6540/6540 883/883
f 3398/3398 3013/3013 937/937
f 1016/1016 1259/1259 1682/1682
f 629/629 1259/1259 5705/5705
f 5705/5705 1259/1259 1016/1016
f 7001/7001 5705/5705 1016/1016
f 7001/7001 1016/1016 3193/3193
f 3753/3753 937/937 3661/3661
f 1227/1227 937/937 5738/5738
f 5737/5737 1682/1682 1228/1228
f 937/937 3753/3753 5738/5738
f 1705/1705 5330/5330 5983/5983
f 5983/5983 2979/2979 979/979
f 2979/2979 5983/5983 5330/5330
f 5439/5439 2979/2979 5330/5330
f 2467/2467 2979/2979 5439/5439
f 979/979 2979/2979 2467/2467
f 5438/5438 5705/5705 7001/7001
f 2991/2991 5438/5438 7001/7001
f 5439/5439 6309/6309 2898/2898
f 1989/1989 7460/7460 121/121
f 2898/2898 7460/7460 235/235
f 235/235 7460/7460 1989/1989
f 2467/2467 5439/5439 280/280
f 5439/5439 2898/2898 280/280
f 2898/2898 7913/7913 280/280
f 7913/7913 2898/2898 235/235
f 255/255 1523/1523 5796/5796
f 6031/6031 5530/5530 6448/6448
f 5530/5530 325/325 1523/1523
f 6904/6904 6031/6031 6448/6448
f 6904/6904 4200/4200 6031/6031
f 4113/4113 7871/7871 4419/4419
f 183/183 5796/5796 4419/4419
f 4113/4113 4419/4419 5796/5796
f 325/325 5530/5530 6031/6031
f 7667/7667 6031/6031 4200/4200
f 325/325 6031/6031 1590/1590
f 1590/1590 6031/6031 7667/7667
f 325/325 6133/6133 1523/1523
f 6133/6133 5796/5796 1523/1523
f 5349/5349 4113/4113 5796/5796
f 325/325 1590/1590 6133/6133
f 2888/2888 5796/5796 6133/6133
f 1969/1969 6133/6133 1590/1590
f 4125/4125 1969/1969 1590/1590
f 2888/2888 5349/5349 5796/5796
f 5349/5349 664/664 4113/4113
f 7541/7541 1590/1590 7667/7667
f 7667/7667 4200/4200 5626/5626
f 5626/5626 6910/6910 7667/7667
f 5626/5626 979/979 2467/2467
f 1989/1989 121/121 5625/5625
f 5943/5943 4125/4125 7541/7541
f 6133/6133 1969/1969 2888/2888
f 1590/1590 7541/7541 4125/4125
f 7541/7541 7667/7667 6910/6910
f 1969/1969 4125/4125 5558/5558
f 5943/5943 6801/6801 4125/4125
f 5558/5558 4125/4125 6801/6801
f 2258/2258 5943/5943 7541/7541
f 3389/3389 5943/5943 2258/2258
f 6910/6910 5626/5626 2467/2467
f 2258/2258 6910/6910 3852/3852
f 7541/7541 6910/6910 2258/2258
f 2258/2258 8002/8002 3389/3389
f 8002/8002 2258/2258 3852/3852
f 6801/6801 5943/5943 755/755
f 5943/5943 3389/3389 755/755
f 7593/7593 3389/3389 8002/8002
f 2888/2888 1139/1139 5349/5349
f 2467/2467 3852/3852 6910/6910
f 2701/2701 3852/3852 2467/2467
f 2701/2701 2467/2467 280/280
f 2701/2701 280/280 1694/1694
f 1694/1694 280/280 7913/7913
f 2645/2645 2701/2701 1694/1694
f 5423/5423 1694/1694 7913/7913
f 2645/2645 1694/1694 5423/5423
f 7913/7913 235/235 5423/5423
f 5423/5423 235/235 1989/1989
f 5423/5423 1989/1989 5625/5625
f 5/5 8002/8002 3852/3852
f 5/5 3852/3852 2701/2701
f 5/5 2701/2701 2645/2645
f 2645/2645 1731/1731 5/5
f 5/5 1731/1731 6575/6575
f 7593/7593 8002/8002 5/5
f 6575/6575 7593/7593 5/5
f 2645/2645 5423/5423 3834/3834
f 3834/3834 5423/5423 5625/5625
f 1731/1731 2645/2645 3834/3834
f 612/612 5625/5625 7025/7025
f 928/928 612/612 7025/7025
f 7789/7789 4647/4647 2651/2651
f 2764/2764 2651/2651 4647/4647
f 128/128 2650/2650 2765/2765
f 1682/1682 5737/5737 4773/4773
f 3661/3661 5227/5227 3753/3753
f 5738/5738 3753/3753 5227/5227
f 5737/5737 7602/7602 4773/4773
f 5738/5738 5227/5227 764/764
f 7602/7602 5737/5737 5863/5863
f 5864/5864 5738/5738 764/764
f 5864/5864 764/764 186/186
f 7596/7596 5227/5227 4705/4705
f 7596/7596 5858/5858 5227/5227
f 5858/5858 764/764 5227/5227
f 186/186 764/764 5858/5858
f 121/121 4773/4773 1350/1350
f 4773/4773 7602/7602 1350/1350
f 1350/1350 7602/7602 5863/5863
f 1350/1350 5863/5863 6958/6958
f 185/185 6958/6958 5863/5863
f 5858/5858 2872/2872 186/186
f 3782/3782 4230/4230 7596/7596
f 5858/5858 6563/6563 2872/2872
f 2521/2521 6563/6563 5858/5858
f 2521/2521 5858/5858 7596/7596
f 6958/6958 121/121 1350/1350
f 7025/7025 6958/6958 185/185
f 7408/7408 185/185 2871/2871
f 7025/7025 185/185 1359/1359
f 1359/1359 185/185 7408/7408
f 4694/4694 4647/4647 7789/7789
f 7596/7596 4230/4230 2815/2815
f 2872/2872 6563/6563 3578/3578
f 5341/5341 6563/6563 2521/2521
f 2815/2815 5672/5672 7596/7596
f 2521/2521 7596/7596 5672/5672
f 5672/5672 4615/4615 2521/2521
f 1499/1499 2650/2650 128/128
f 2651/2651 6071/6071 7789/7789
f 6070/6070 2650/2650 1499/1499
f 6147/6147 3216/3216 6070/6070
f 6070/6070 1499/1499 6147/6147
f 6071/6071 5340/5340 7789/7789
f 6071/6071 3217/3217 5340/5340
f 7408/7408 2871/2871 3579/3579
f 6563/6563 3218/3218 3578/3578
f 7408/7408 3579/3579 3216/3216
f 3216/3216 6147/6147 7408/7408
f 1099/1099 7408/7408 6147/6147
f 6147/6147 1499/1499 1099/1099
f 6563/6563 5341/5341 3218/3218
f 7408/7408 1099/1099 1359/1359
f 5617/5617 1099/1099 1499/1499
f 5340/5340 7164/7164 7789/7789
f 4615/4615 7163/7163 5341/5341
f 4694/4694 7789/7789 7164/7164
f 5341/5341 2521/2521 4615/4615
f 5937/5937 1499/1499 128/128
f 1499/1499 5937/5937 5617/5617
f 4377/4377 1359/1359 5083/5083
f 5939/5939 1359/1359 4377/4377
f 5083/5083 5617/5617 4377/4377
f 5075/5075 1359/1359 1099/1099
f 5075/5075 1099/1099 5617/5617
f 5083/5083 5075/5075 5617/5617
f 5083/5083 1359/1359 5075/5075
f 5227/5227 3661/3661 4705/4705
f 5625/5625 121/121 6958/6958
f 5625/5625 6958/6958 7025/7025
f 7025/7025 1359/1359 5939/5939
f 3125/3125 1691/1691 7758/7758
f 1691/1691 3125/3125 5610/5610
f 7758/7758 1691/1691 3785/3785
f 825/825 3785/3785 1691/1691
f 825/825 1691/1691 5610/5610
f 3785/3785 825/825 1427/1427
f 1245/1245 5610/5610 3125/3125
f 2609/2609 825/825 5610/5610
f 5610/5610 2904/2904 2609/2609
f 1427/1427 825/825 2609/2609
f 2609/2609 6442/6442 1427/1427
f 2596/2596 3785/3785 6442/6442
f 6442/6442 3785/3785 1427/1427
f 1245/1245 3125/3125 2036/2036
f 3130/3130 1940/1940 1245/1245
f 1940/1940 2904/2904 1245/1245
f 7347/7347 2904/2904 1940/1940
f 3130/3130 1245/1245 2036/2036
f 3649/3649 3129/3129 2867/2867
f 3650/3650 1940/1940 3130/3130
f 1257/1257 1940/1940 3650/3650
f 1940/1940 1257/1257 7347/7347
f 5610/5610 1245/1245 2904/2904
f 7347/7347 2609/2609 2904/2904
f 1212/1212 7347/7347 4295/4295
f 7347/7347 1212/1212 2609/2609
f 1213/1213 6442/6442 2609/2609
f 3512/3512 6442/6442 1213/1213
f 3512/3512 1213/1213 1752/1752
f 2596/2596 6442/6442 2815/2815
f 343/343 2815/2815 6442/6442
f 3512/3512 343/343 6442/6442
f 1257/1257 4295/4295 7347/7347
f 7878/7878 3649/3649 5531/5531
f 7878/7878 1258/1258 3649/3649
f 1751/1751 4296/4296 1258/1258
f 1751/1751 1211/1211 4296/4296
f 4694/4694 7164/7164 4386/4386
f 1315/1315 4386/4386 5093/5093
f 1315/1315 5093/5093 5478/5478
f 4500/4500 6839/6839 723/723
f 4500/4500 5477/5477 6839/6839
f 5672/5672 2815/2815 343/343
f 1536/1536 3512/3512 1752/1752
f 5094/5094 4615/4615 5672/5672
f 5094/5094 5672/5672 7339/7339
f 343/343 7339/7339 5672/5672
f 7163/7163 4615/4615 5094/5094
f 4386/4386 7164/7164 5093/5093
f 7339/7339 5477/5477 5094/5094
f 7339/7339 343/343 3512/3512
f 723/723 1536/1536 1752/1752
f 7339/7339 3512/3512 1536/1536
f 6839/6839 7339/7339 1536/1536
f 6839/6839 1536/1536 723/723
f 6839/6839 5477/5477 7339/7339
f 724/724 1258/1258 7878/7878
f 724/724 1751/1751 1258/1258
f 5389/5389 7878/7878 5531/5531
f 5531/5531 4431/4431 6818/6818
f 5389/5389 5531/5531 6818/6818
f 1686/1686 5389/5389 6818/6818
f 724/724 7878/7878 5389/5389
f 1686/1686 5958/5958 4501/4501
f 1686/1686 724/724 5389/5389
f 4501/4501 724/724 1686/1686
f 4694/4694 4386/4386 4720/4720
f 4386/4386 4799/4799 4720/4720
f 4799/4799 7621/7621 1382/1382
f 1382/1382 5958/5958 3199/3199
f 3199/3199 6818/6818 3050/3050
f 6818/6818 3199/3199 5958/5958
f 5958/5958 1686/1686 6818/6818
f 1382/1382 7621/7621 5958/5958
f 4799/4799 4386/4386 1315/1315
f 7621/7621 4799/4799 1315/1315
f 5478/5478 4501/4501 1315/1315
f 1315/1315 4501/4501 7621/7621
f 5958/5958 7621/7621 4501/4501
f 2772/2772 1356/1356 3071/3071
f 1207/1207 416/416 7690/7690
f 1356/1356 1226/1226 3071/3071
f 3566/3566 3071/3071 1226/1226
f 3565/3565 416/416 3072/3072
f 625/625 1226/1226 1356/1356
f 1226/1226 6882/6882 3566/3566
f 255/255 6882/6882 1226/1226
f 1523/1523 1226/1226 625/625
f 1226/1226 1523/1523 255/255
f 7690/7690 416/416 3565/3565
f 6881/6881 7690/7690 3565/3565
f 937/937 1207/1207 3398/3398
f 6296/6296 1207/1207 7690/7690
f 7584/7584 690/690 4883/4883
f 1356/1356 690/690 625/625
f 2624/2624 625/625 690/690
f 4965/4965 625/625 2624/2624
f 2624/2624 690/690 1479/1479
f 2624/2624 1479/1479 510/510
f 510/510 4965/4965 2624/2624
f 6448/6448 4965/4965 510/510
f 6448/6448 510/510 1479/1479
f 690/690 7584/7584 1479/1479
f 1207/1207 6546/6546 4991/4991
f 6546/6546 1207/1207 1227/1227
f 1227/1227 1207/1207 937/937
f 4883/4883 4810/4810 7584/7584
f 1705/1705 7584/7584 5330/5330
f 1705/1705 1448/1448 7584/7584
f 1808/1808 5031/5031 4653/4653
f 1227/1227 4652/4652 6546/6546
f 1808/1808 4305/4305 5031/5031
f 5241/5241 5031/5031 3367/3367
f 5031/5031 4305/4305 3367/3367
f 4305/4305 1808/1808 4653/4653
f 3575/3575 4305/4305 4653/4653
f 3575/3575 4653/4653 629/629
f 3367/3367 7584/7584 5241/5241
f 5330/5330 7584/7584 3367/3367
f 4653/4653 1228/1228 629/629
f 5330/5330 3367/3367 7410/7410
f 7410/7410 3367/3367 4305/4305
f 1228/1228 1259/1259 629/629
f 1259/1259 1228/1228 1682/1682
f 1682/1682 4291/4291 1016/1016
f 3193/3193 1016/1016 4291/4291
f 4291/4291 5525/5525 3193/3193
f 4291/4291 1682/1682 4773/4773
f 5525/5525 4291/4291 4773/4773
f 5525/5525 4773/4773 121/121
f 4305/4305 3575/3575 7410/7410
f 7410/7410 5439/5439 5330/5330
f 7410/7410 3575/3575 5438/5438
f 2991/2991 7410/7410 5438/5438
f 7001/7001 5525/5525 2991/2991
f 2991/2991 5439/5439 7410/7410
f 5439/5439 2991/2991 6309/6309
f 2991/2991 5525/5525 6309/6309
f 3193/3193 5525/5525 7001/7001
f 7460/7460 5525/5525 121/121
f 6309/6309 5525/5525 7460/7460
f 7460/7460 2898/2898 6309/6309
f 5530/5530 1523/1523 625/625
f 625/625 4965/4965 5530/5530
f 5530/5530 4965/4965 6448/6448
f 1939/1939 596/596 4971/4971
f 4971/4971 1858/1858 1939/1939
f 596/596 2221/2221 4971/4971
f 2139/2139 5347/5347 6805/6805
f 5347/5347 2139/2139 5165/5165
f 5689/5689 7255/7255 2139/2139
f 3429/3429 596/596 1939/1939
f 2221/2221 596/596 7113/7113
f 1745/1745 2091/2091 7002/7002
f 1745/1745 2514/2514 7113/7113
f 7002/7002 5165/5165 7841/7841
f 1745/1745 7002/7002 2514/2514
f 4830/4830 2514/2514 7002/7002
f 4830/4830 7002/7002 7841/7841
f 5165/5165 84/84 7841/7841
f 5347/5347 5165/5165 3223/3223
f 3223/3223 2091/2091 3020/3020
f 3223/3223 7002/7002 2091/2091
f 2139/2139 7255/7255 5165/5165
f 7255/7255 84/84 5165/5165
f 7255/7255 5092/5092 84/84
f 3223/3223 5165/5165 7002/7002
f 4971/4971 4088/4088 1858/1858
f 5348/5348 5703/5703 4088/4088
f 5703/5703 1858/1858 4088/4088
f 4088/4088 4971/4971 5479/5479
f 5479/5479 4971/4971 7759/7759
f 5348/5348 4088/4088 5479/5479
f 2221/2221 7759/7759 4971/4971
f 5479/5479 52/52 5348/5348
f 3200/3200 7759/7759 2221/2221
f 5348/5348 52/52 1711/1711
f 7759/7759 52/52 5479/5479
f 3944/3944 7759/7759 3200/3200
f 3944/3944 3200/3200 910/910
f 7053/7053 1711/1711 7754/7754
f 52/52 223/223 1711/1711
f 223/223 52/52 4736/4736
f 4736/4736 7759/7759 3944/3944
f 7759/7759 4736/4736 52/52
f 2514/2514 2378/2378 7113/7113
f 7113/7113 2378/2378 5039/5039
f 7113/7113 5039/5039 2221/2221
f 2378/2378 2514/2514 4830/4830
f 4830/4830 7920/7920 2378/2378
f 2378/2378 7862/7862 5039/5039
f 7046/7046 7862/7862 2378/2378
f 7046/7046 2378/2378 7920/7920
f 5039/5039 3200/3200 2221/2221
f 7862/7862 3200/3200 5039/5039
f 7841/7841 1413/1413 4830/4830
f 7841/7841 84/84 1413/1413
f 1413/1413 7920/7920 4830/4830
f 7703/7703 7046/7046 7920/7920
f 1413/1413 7703/7703 7920/7920
f 1413/1413 2620/2620 7703/7703
f 84/84 2620/2620 1413/1413
f 2116/2116 84/84 5092/5092
f 7862/7862 910/910 3200/3200
f 7046/7046 910/910 7862/7862
f 1032/1032 910/910 7046/7046
f 1032/1032 7046/7046 7703/7703
f 3232/3232 910/910 1032/1032
f 1032/1032 7703/7703 2270/2270
f 7703/7703 165/165 2270/2270
f 7703/7703 2620/2620 165/165
f 3944/3944 910/910 3232/3232
f 1032/1032 6921/6921 3232/3232
f 3232/3232 6921/6921 6895/6895
f 3232/3232 6895/6895 3944/3944
f 2270/2270 6921/6921 1032/1032
f 1673/1673 84/84 2116/2116
f 2620/2620 1673/1673 165/165
f 84/84 1673/1673 2620/2620
f 165/165 1673/1673 3340/3340
f 6921/6921 2270/2270 3809/3809
f 165/165 3809/3809 2270/2270
f 165/165 3340/3340 3809/3809
f 7754/7754 5995/5995 7053/7053
f 7754/7754 3682/3682 5995/5995
f 1711/1711 223/223 7754/7754
f 7754/7754 223/223 2547/2547
f 223/223 4736/4736 2547/2547
f 1098/1098 2547/2547 4736/4736
f 4736/4736 3944/3944 4/4
f 2547/2547 3682/3682 7754/7754
f 3682/3682 2547/2547 4455/4455
f 2547/2547 1098/1098 4455/4455
f 4455/4455 1098/1098 1371/1371
f 1098/1098 4736/4736 4/4
f 2203/2203 5995/5995 3682/3682
f 6485/6485 2203/2203 5302/5302
f 2203/2203 3682/3682 5302/5302
f 4455/4455 6228/6228 3682/3682
f 1371/1371 6228/6228 4455/4455
f 1098/1098 4320/4320 1371/1371
f 4/4 4320/4320 1098/1098
f 6228/6228 5302/5302 3682/3682
f 3769/3769 5302/5302 6228/6228
f 4/4 3519/3519 4320/4320
f 6228/6228 1371/1371 2428/2428
f 2428/2428 1371/1371 4320/4320
f 4/4 3944/3944 6895/6895
f 3923/3923 6895/6895 6921/6921
f 3923/3923 4/4 6895/6895
f 393/393 3923/3923 6921/6921
f 3923/3923 393/393 2202/2202
f 3524/3524 4/4 3923/3923
f 2202/2202 3524/3524 3923/3923
f 3524/3524 2202/2202 4/4
f 5696/5696 4/4 2202/2202
f 3519/3519 4/4 5696/5696
f 4460/4460 6921/6921 3809/3809
f 3809/3809 2442/2442 4460/4460
f 2442/2442 3809/3809 3340/3340
f 6921/6921 4460/4460 393/393
f 4460/4460 5632/5632 393/393
f 2442/2442 5632/5632 4460/4460
f 5632/5632 2442/2442 4988/4988
f 4988/4988 2442/2442 3340/3340
f 3340/3340 2176/2176 4988/4988
f 2176/2176 1673/1673 2116/2116
f 2176/2176 3340/3340 1673/1673
f 7448/7448 2202/2202 393/393
f 93/93 7448/7448 393/393
f 7448/7448 5696/5696 2202/2202
f 393/393 5632/5632 93/93
f 4988/4988 93/93 5632/5632
f 4988/4988 6662/6662 93/93
f 6662/6662 4988/4988 2729/2729
f 6662/6662 1406/1406 93/93
f 2729/2729 4988/4988 2176/2176
f 1406/1406 5696/5696 7448/7448
f 6286/6286 5696/5696 1406/1406
f 93/93 1406/1406 7448/7448
f 1788/1788 3519/3519 5696/5696
f 6286/6286 1788/1788 5696/5696
f 4201/4201 6662/6662 2729/2729
f 1406/1406 2248/2248 6286/6286
f 4201/4201 1406/1406 6662/6662
f 4201/4201 2248/2248 1406/1406
f 136/136 2116/2116 621/621
f 5437/5437 136/136 7202/7202
f 136/136 5437/5437 230/230
f 5316/5316 2116/2116 136/136
f 277/277 136/136 230/230
f 230/230 7502/7502 277/277
f 5316/5316 136/136 277/277
f 1341/1341 5316/5316 277/277
f 1341/1341 277/277 7502/7502
f 1058/1058 458/458 1763/1763
f 1763/1763 5419/5419 337/337
f 5419/5419 1763/1763 458/458
f 2078/2078 337/337 5419/5419
f 4450/4450 337/337 2078/2078
f 5419/5419 458/458 6221/6221
f 2321/2321 4450/4450 2078/2078
f 4450/4450 2321/2321 3351/3351
f 2321/2321 2078/2078 5419/5419
f 5419/5419 6221/6221 5452/5452
f 6594/6594 2321/2321 5419/5419
f 6594/6594 5419/5419 5452/5452
f 2674/2674 2321/2321 6594/6594
f 6581/6581 2368/2368 2423/2423
f 3513/3513 6581/6581 2423/2423
f 6581/6581 2250/2250 705/705
f 2423/2423 2368/2368 5249/5249
f 6835/6835 2423/2423 1334/1334
f 6835/6835 1334/1334 1394/1394
f 1394/1394 1334/1334 2056/2056
f 2423/2423 5249/5249 1334/1334
f 2056/2056 5816/5816 337/337
f 337/337 5816/5816 1763/1763
f 88/88 3513/3513 2423/2423
f 88/88 2423/2423 6835/6835
f 2569/2569 6835/6835 1394/1394
f 2569/2569 88/88 6835/6835
f 464/464 88/88 2569/2569
f 464/464 4748/4748 88/88
f 1394/1394 2056/2056 337/337
f 1394/1394 337/337 4450/4450
f 6825/6825 1394/1394 4450/4450
f 88/88 4748/4748 3513/3513
f 458/458 887/887 5144/5144
f 6221/6221 458/458 5144/5144
f 2569/2569 1394/1394 6825/6825
f 2569/2569 6825/6825 7988/7988
f 464/464 2569/2569 7988/7988
f 7988/7988 6825/6825 6739/6739
f 464/464 4527/4527 4748/4748
f 1910/1910 464/464 7988/7988
f 1910/1910 4527/4527 464/464
f 3351/3351 6825/6825 4450/4450
f 6739/6739 6825/6825 3351/3351
f 3095/3095 6739/6739 3351/3351
f 7988/7988 6739/6739 2788/2788
f 3095/3095 2788/2788 6739/6739
f 5091/5091 2788/2788 3095/3095
f 1910/1910 7988/7988 2788/2788
f 3351/3351 2321/2321 2674/2674
f 3095/3095 3351/3351 2674/2674
f 5091/5091 3095/3095 2674/2674
f 5091/5091 2674/2674 1162/1162
f 5091/5091 3625/3625 2788/2788
f 5091/5091 2396/2396 3625/3625
f 1162/1162 2396/2396 5091/5091
f 2788/2788 6775/6775 1910/1910
f 3625/3625 6775/6775 2788/2788
f 2396/2396 2946/2946 3625/3625
f 2396/2396 6025/6025 2946/2946
f 6775/6775 4527/4527 1910/1910
f 4527/4527 6775/6775 5818/5818
f 6775/6775 80/80 5818/5818
f 6775/6775 3625/3625 80/80
f 2946/2946 80/80 3625/3625
f 5326/5326 2946/2946 6025/6025
f 6025/6025 7073/7073 5326/5326
f 6787/6787 6594/6594 5452/5452
f 5452/5452 4512/4512 6787/6787
f 1143/1143 6220/6220 5143/5143
f 5143/5143 5446/5446 1143/1143
f 5447/5447 6266/6266 6335/6335
f 6334/6334 817/817 5446/5446
f 1143/1143 5446/5446 817/817
f 817/817 6334/6334 866/866
f 1540/1540 866/866 6334/6334
f 866/866 1540/1540 3275/3275
f 157/157 866/866 3275/3275
f 1143/1143 817/817 3302/3302
f 3302/3302 817/817 2935/2935
f 2935/2935 817/817 866/866
f 157/157 2935/2935 866/866
f 1143/1143 3302/3302 830/830
f 3302/3302 2935/2935 830/830
f 5254/5254 830/830 2935/2935
f 2935/2935 2470/2470 5254/5254
f 4689/4689 3275/3275 1540/1540
f 3370/3370 3153/3153 4689/4689
f 2210/2210 6848/6848 3370/3370
f 6848/6848 3153/3153 3370/3370
f 3153/3153 3275/3275 4689/4689
f 3153/3153 157/157 3275/3275
f 3153/3153 6848/6848 354/354
f 3153/3153 354/354 157/157
f 157/157 7433/7433 2935/2935
f 7433/7433 2470/2470 2935/2935
f 354/354 7433/7433 157/157
f 819/819 354/354 6848/6848
f 819/819 6848/6848 4572/4572
f 819/819 4572/4572 7597/7597
f 2707/2707 2470/2470 7433/7433
f 3881/3881 7433/7433 354/354
f 354/354 819/819 3881/3881
f 7433/7433 3881/3881 2707/2707
f 7597/7597 3881/3881 819/819
f 4512/4512 5452/5452 6221/6221
f 4512/4512 6221/6221 7984/7984
f 6220/6220 1143/1143 7983/7983
f 830/830 7008/7008 1143/1143
f 830/830 5254/5254 6026/6026
f 7008/7008 830/830 6026/6026
f 1143/1143 7008/7008 7886/7886
f 292/292 5254/5254 2470/2470
f 292/292 6026/6026 5254/5254
f 2707/2707 292/292 2470/2470
f 6026/6026 292/292 2092/2092
f 6877/6877 2092/2092 292/292
f 3881/3881 6877/6877 2707/2707
f 6877/6877 292/292 2707/2707
f 6026/6026 2092/2092 5912/5912
f 5912/5912 7008/7008 6026/6026
f 5912/5912 2092/2092 2874/2874
f 6877/6877 4476/4476 2092/2092
f 2092/2092 4476/4476 2874/2874
f 7597/7597 7260/7260 3881/3881
f 7260/7260 6877/6877 3881/3881
f 6877/6877 7260/7260 4476/4476
f 4476/4476 7260/7260 796/796
f 7260/7260 7597/7597 796/796
f 796/796 7597/7597 3686/3686
f 3686/3686 3146/3146 796/796
f 796/796 3146/3146 4476/4476
f 4730/4730 5912/5912 2874/2874
f 4730/4730 7008/7008 5912/5912
f 7556/7556 4730/4730 2874/2874
f 4730/4730 7556/7556 3103/3103
f 2980/2980 7556/7556 2874/2874
f 2980/2980 2874/2874 1923/1923
f 7556/7556 2980/2980 4989/4989
f 501/501 3103/3103 7556/7556
f 4989/4989 501/501 7556/7556
f 3103/3103 501/501 4526/4526
f 4989/4989 7364/7364 501/501
f 2980/2980 1923/1923 6048/6048
f 1923/1923 1879/1879 6048/6048
f 6048/6048 4989/4989 2980/2980
f 7008/7008 4730/4730 3103/3103
f 5573/5573 7008/7008 3103/3103
f 4526/4526 5573/5573 3103/3103
f 500/500 5573/5573 4526/4526
f 1923/1923 2874/2874 4476/4476
f 3146/3146 1923/1923 4476/4476
f 4526/4526 501/501 6034/6034
f 500/500 4526/4526 6034/6034
f 7983/7983 1143/1143 3494/3494
f 3494/3494 1143/1143 7886/7886
f 7886/7886 7008/7008 5573/5573
f 2674/2674 6594/6594 4761/4761
f 6787/6787 4761/4761 6594/6594
f 1162/1162 2674/2674 4761/4761
f 1162/1162 4761/4761 4598/4598
f 1162/1162 4270/4270 2396/2396
f 4598/4598 4270/4270 1162/1162
f 2643/2643 6787/6787 4512/4512
f 4761/4761 6787/6787 1006/1006
f 1006/1006 6787/6787 2643/2643
f 4598/4598 4761/4761 1006/1006
f 2643/2643 5387/5387 1006/1006
f 6025/6025 2396/2396 4270/4270
f 5387/5387 4598/4598 1006/1006
f 5387/5387 5352/5352 4598/4598
f 4270/4270 4598/4598 5352/5352
f 5352/5352 469/469 4270/4270
f 469/469 6025/6025 4270/4270
f 5352/5352 3345/3345 469/469
f 7437/7437 6025/6025 469/469
f 3345/3345 7437/7437 469/469
f 7984/7984 1707/1707 4512/4512
f 2643/2643 4512/4512 1707/1707
f 1287/1287 2643/2643 1707/1707
f 5387/5387 2643/2643 1287/1287
f 2549/2549 1707/1707 7984/7984
f 1707/1707 2549/2549 1287/1287
f 1287/1287 2549/2549 3916/3916
f 5387/5387 3348/3348 5352/5352
f 3348/3348 5387/5387 1287/1287
f 5600/5600 5352/5352 3348/3348
f 1287/1287 2538/2538 3348/3348
f 2538/2538 1287/1287 3916/3916
f 2538/2538 5600/5600 3348/3348
f 5352/5352 5600/5600 3345/3345
f 5600/5600 4112/4112 406/406
f 161/161 7437/7437 3345/3345
f 3345/3345 3551/3551 161/161
f 5600/5600 406/406 3345/3345
f 3345/3345 406/406 3551/3551
f 7437/7437 7073/7073 6025/6025
f 7437/7437 7043/7043 7073/7073
f 7043/7043 7437/7437 161/161
f 161/161 3551/3551 5510/5510
f 3551/3551 4196/4196 5510/5510
f 7043/7043 161/161 5510/5510
f 3495/3495 2549/2549 7984/7984
f 3495/3495 4982/4982 2549/2549
f 4982/4982 3916/3916 2549/2549
f 4982/4982 3495/3495 5371/5371
f 3495/3495 2737/2737 5371/5371
f 7122/7122 5371/5371 2737/2737
f 2538/2538 3916/3916 6745/6745
f 4982/4982 6745/6745 3916/3916
f 4982/4982 5371/5371 6745/6745
f 4112/4112 5600/5600 2538/2538
f 4112/4112 2538/2538 2026/2026
f 2538/2538 6745/6745 2026/2026
f 5371/5371 963/963 6745/6745
f 963/963 5371/5371 7122/7122
f 963/963 7122/7122 6583/6583
f 2026/2026 6745/6745 963/963
f 6583/6583 2026/2026 963/963
f 989/989 2026/2026 6583/6583
f 989/989 6583/6583 832/832
f 2737/2737 3495/3495 7887/7887
f 7122/7122 2737/2737 7972/7972
f 7887/7887 3075/3075 2737/2737
f 3075/3075 7972/7972 2737/2737
f 6525/6525 7122/7122 7972/7972
f 7122/7122 6525/6525 6583/6583
f 832/832 6583/6583 6981/6981
f 6583/6583 6525/6525 6981/6981
f 7105/7105 6981/6981 6525/6525
f 6981/6981 7105/7105 6321/6321
f 4378/4378 6981/6981 6321/6321
f 4378/4378 832/832 6981/6981
f 1289/1289 832/832 4378/4378
f 4378/4378 6002/6002 1289/1289
f 2254/2254 4378/4378 805/805
f 4378/4378 2254/2254 6002/6002
f 2254/2254 191/191 6002/6002
f 4430/4430 406/406 4112/4112
f 3551/3551 406/406 4430/4430
f 989/989 4112/4112 2026/2026
f 4430/4430 4112/4112 989/989
f 4196/4196 3551/3551 4430/4430
f 6973/6973 4196/4196 4430/4430
f 989/989 6973/6973 4430/4430
f 1289/1289 6973/6973 989/989
f 832/832 1289/1289 989/989
f 3895/3895 5092/5092 6733/6733
f 3599/3599 2116/2116 5092/5092
f 3599/3599 5092/5092 3895/3895
f 6733/6733 7821/7821 3895/3895
f 3599/3599 3895/3895 2116/2116
f 1602/1602 7821/7821 2250/2250
f 1602/1602 2250/2250 6581/6581
f 4589/4589 1602/1602 6581/6581
f 3513/3513 4589/4589 6581/6581
f 621/621 2116/2116 3895/3895
f 58/58 3895/3895 7821/7821
f 58/58 7821/7821 1602/1602
f 3895/3895 58/58 5658/5658
f 5658/5658 58/58 1602/1602
f 4780/4780 3895/3895 5658/5658
f 4780/4780 621/621 3895/3895
f 1602/1602 4780/4780 5658/5658
f 3513/3513 7028/7028 4589/4589
f 4748/4748 7028/7028 3513/3513
f 1441/1441 7028/7028 4748/4748
f 7024/7024 621/621 4780/4780
f 1602/1602 1388/1388 7024/7024
f 1388/1388 621/621 7024/7024
f 1602/1602 7024/7024 4780/4780
f 1388/1388 1602/1602 3158/3158
f 7202/7202 621/621 1388/1388
f 1388/1388 3158/3158 7202/7202
f 136/136 621/621 7202/7202
f 4589/4589 3158/3158 1602/1602
f 3158/3158 4589/4589 7938/7938
f 3158/3158 5437/5437 7202/7202
f 7502/7502 5437/5437 3158/3158
f 7502/7502 230/230 5437/5437
f 4589/4589 7028/7028 7938/7938
f 7502/7502 3158/3158 5169/5169
f 5169/5169 3158/3158 7938/7938
f 7938/7938 4921/4921 5169/5169
f 4527/4527 1441/1441 4748/4748
f 5818/5818 80/80 5267/5267
f 7073/7073 7022/7022 5326/5326
f 5267/5267 80/80 2946/2946
f 5693/5693 2946/2946 5326/5326
f 4527/4527 5818/5818 1441/1441
f 1441/1441 5818/5818 410/410
f 7028/7028 4921/4921 7938/7938
f 1441/1441 1687/1687 7028/7028
f 6351/6351 1687/1687 1441/1441
f 4921/4921 7028/7028 1687/1687
f 3368/3368 4921/4921 1687/1687
f 1180/1180 3368/3368 1687/1687
f 1180/1180 405/405 3368/3368
f 1180/1180 1687/1687 6351/6351
f 5186/5186 5818/5818 5267/5267
f 7096/7096 1180/1180 6351/6351
f 4458/4458 1180/1180 7096/7096
f 1180/1180 4458/4458 405/405
f 6351/6351 1441/1441 410/410
f 7096/7096 6351/6351 410/410
f 410/410 5818/5818 5186/5186
f 4584/4584 7096/7096 410/410
f 7096/7096 7289/7289 4458/4458
f 7707/7707 4458/4458 7289/7289
f 5267/5267 7363/7363 5186/5186
f 410/410 5186/5186 4584/4584
f 7289/7289 7096/7096 4584/4584
f 7363/7363 4584/4584 5186/5186
f 7363/7363 2125/2125 4584/4584
f 3403/3403 2125/2125 7363/7363
f 2125/2125 7289/7289 4584/4584
f 7289/7289 2125/2125 7707/7707
f 5693/5693 5267/5267 2946/2946
f 1221/1221 5693/5693 5326/5326
f 7022/7022 1221/1221 5326/5326
f 7363/7363 5267/5267 331/331
f 3686/3686 7597/7597 7361/7361
f 7361/7361 598/598 3191/3191
f 598/598 7361/7361 3911/3911
f 3191/3191 3686/3686 7361/7361
f 3191/3191 1879/1879 3686/3686
f 1879/1879 1923/1923 3146/3146
f 3686/3686 1879/1879 3146/3146
f 4350/4350 6048/6048 1879/1879
f 598/598 4350/4350 3191/3191
f 1879/1879 3191/3191 4350/4350
f 2973/2973 2346/2346 942/942
f 942/942 2346/2346 7546/7546
f 51/51 1943/1943 2678/2678
f 7546/7546 2678/2678 1943/1943
f 7579/7579 7546/7546 1943/1943
f 942/942 3347/3347 686/686
f 7485/7485 6218/6218 3871/3871
f 6035/6035 7485/7485 216/216
f 216/216 7485/7485 3871/3871
f 216/216 3872/3872 6035/6035
f 3871/3871 1146/1146 2316/2316
f 5104/5104 7420/7420 930/930
f 1446/1446 2316/2316 515/515
f 7420/7420 1446/1446 515/515
f 6649/6649 7420/7420 515/515
f 1446/1446 5104/5104 4742/4742
f 5104/5104 4043/4043 4742/4742
f 5104/5104 1446/1446 7420/7420
f 930/930 7420/7420 3693/3693
f 930/930 3693/3693 5410/5410
f 3693/3693 7420/7420 6649/6649
f 3693/3693 2747/2747 5410/5410
f 739/739 1147/1147 1150/1150
f 783/783 5775/5775 4626/4626
f 4043/4043 5104/5104 930/930
f 3830/3830 4043/4043 930/930
f 3830/3830 5410/5410 3182/3182
f 930/930 5410/5410 3830/3830
f 6/6 1560/1560 783/783
f 5775/5775 1560/1560 12/12
f 7022/7022 7073/7073 4066/4066
f 7043/7043 4066/4066 7073/7073
f 7043/7043 6688/6688 4066/4066
f 6688/6688 7043/7043 5510/5510
f 4196/4196 6688/6688 5510/5510
f 5415/5415 4196/4196 6973/6973
f 6002/6002 5415/5415 1289/1289
f 5415/5415 6973/6973 1289/1289
f 2451/2451 5415/5415 6002/6002
f 6002/6002 191/191 2451/2451
f 4196/4196 5415/5415 6499/6499
f 3987/3987 191/191 1311/1311
f 191/191 3987/3987 2451/2451
f 2451/2451 6499/6499 5415/5415
f 7650/7650 5678/5678 4573/4573
f 1697/1697 5678/5678 1145/1145
f 1145/1145 6622/6622 3312/3312
f 1697/1697 1145/1145 3312/3312
f 5947/5947 5678/5678 1697/1697
f 5370/5370 1697/1697 3312/3312
f 5370/5370 3312/3312 3457/3457
f 5947/5947 1697/1697 5370/5370
f 5678/5678 5947/5947 4573/4573
f 4573/4573 2456/2456 1311/1311
f 5947/5947 2456/2456 4573/4573
f 2456/2456 3987/3987 1311/1311
f 2451/2451 3987/3987 166/166
f 3160/3160 5370/5370 2842/2842
f 5370/5370 3160/3160 5947/5947
f 5947/5947 3338/3338 2456/2456
f 3338/3338 5947/5947 3160/3160
f 3987/3987 2456/2456 4381/4381
f 166/166 3987/3987 4381/4381
f 7363/7363 331/331 3403/3403
f 5693/5693 1221/1221 2105/2105
f 4066/4066 1221/1221 7022/7022
f 331/331 5267/5267 5693/5693
f 2105/2105 331/331 5693/5693
f 2915/2915 2125/2125 3403/3403
f 331/331 6609/6609 3403/3403
f 3403/3403 6051/6051 2915/2915
f 6051/6051 3403/3403 6609/6609
f 331/331 2105/2105 6609/6609
f 6014/6014 2105/2105 1221/1221
f 6014/6014 6609/6609 2105/2105
f 6609/6609 6014/6014 6051/6051
f 4066/4066 4236/4236 1221/1221
f 4236/4236 4066/4066 1880/1880
f 1221/1221 7125/7125 6014/6014
f 4236/4236 7125/7125 1221/1221
f 2149/2149 7125/7125 2631/2631
f 6791/6791 6688/6688 4196/4196
f 4066/4066 6688/6688 1880/1880
f 575/575 6688/6688 6791/6791
f 575/575 4236/4236 1880/1880
f 6688/6688 575/575 1880/1880
f 575/575 6791/6791 6626/6626
f 6499/6499 6791/6791 4196/4196
f 7125/7125 4236/4236 2631/2631
f 4236/4236 575/575 2631/2631
f 575/575 6626/6626 2631/2631
f 6626/6626 6791/6791 6499/6499
f 6626/6626 6499/6499 7321/7321
f 2313/2313 2451/2451 166/166
f 2313/2313 166/166 4381/4381
f 2346/2346 2678/2678 7546/7546
f 2678/2678 5861/5861 760/760
f 51/51 2678/2678 760/760
f 628/628 51/51 1754/1754
f 6490/6490 6644/6644 3419/3419
f 1943/1943 51/51 628/628
f 628/628 1754/1754 2595/2595
f 6760/6760 1943/1943 628/628
f 6760/6760 1071/1071 1943/1943
f 1071/1071 7579/7579 1943/1943
f 7579/7579 942/942 7546/7546
f 942/942 7579/7579 3859/3859
f 6760/6760 2595/2595 178/178
f 7236/7236 6644/6644 6490/6490
f 2595/2595 6760/6760 628/628
f 178/178 5511/5511 4286/4286
f 7605/7605 2795/2795 6644/6644
f 1150/1150 2795/2795 7605/7605
f 1071/1071 6760/6760 3859/3859
f 7579/7579 1071/1071 3859/3859
f 3859/3859 6760/6760 941/941
f 178/178 4286/4286 6760/6760
f 941/941 6760/6760 4286/4286
f 941/941 4286/4286 6218/6218
f 6218/6218 4286/4286 2598/2598
f 561/561 7605/7605 6644/6644
f 7605/7605 3239/3239 1150/1150
f 5511/5511 1935/1935 6996/6996
f 6996/6996 1935/1935 1112/1112
f 7898/7898 1112/1112 7458/7458
f 7898/7898 7458/7458 6069/6069
f 6996/6996 2598/2598 5511/5511
f 2699/2699 6996/6996 1112/1112
f 7370/7370 6996/6996 2699/2699
f 2598/2598 6996/6996 7370/7370
f 2699/2699 1112/1112 7898/7898
f 2699/2699 7898/7898 6833/6833
f 6833/6833 7898/7898 6069/6069
f 7370/7370 2699/2699 6833/6833
f 5511/5511 2598/2598 4286/4286
f 5572/5572 1150/1150 3239/3239
f 5814/5814 7370/7370 6833/6833
f 6444/6444 6069/6069 1234/1234
f 6444/6444 6833/6833 6069/6069
f 2598/2598 7370/7370 5814/5814
f 5814/5814 6833/6833 771/771
f 771/771 6833/6833 6444/6444
f 4409/4409 5814/5814 771/771
f 1147/1147 6444/6444 1234/1234
f 2598/2598 5814/5814 4409/4409
f 1150/1150 1234/1234 2795/2795
f 1147/1147 1234/1234 1150/1150
f 7485/7485 3859/3859 941/941
f 7485/7485 941/941 6218/6218
f 7792/7792 942/942 3859/3859
f 7792/7792 3859/3859 7485/7485
f 6622/6622 7792/7792 7485/7485
f 4461/4461 6035/6035 3872/3872
f 6256/6256 6622/6622 7485/7485
f 6256/6256 7485/7485 6035/6035
f 6218/6218 2598/2598 1146/1146
f 2598/2598 515/515 1146/1146
f 6218/6218 1146/1146 3871/3871
f 2316/2316 1146/1146 515/515
f 4742/4742 3872/3872 216/216
f 4742/4742 3871/3871 2316/2316
f 2316/2316 1446/1446 4742/4742
f 4742/4742 216/216 3871/3871
f 4626/4626 5572/5572 3239/3239
f 2598/2598 5145/5145 515/515
f 4409/4409 5145/5145 2598/2598
f 1103/1103 5145/5145 4409/4409
f 6649/6649 102/102 3693/3693
f 102/102 2747/2747 3693/3693
f 515/515 5145/5145 6649/6649
f 2191/2191 2747/2747 102/102
f 4370/4370 2747/2747 2191/2191
f 5410/5410 2747/2747 4370/4370
f 4370/4370 3182/3182 5410/5410
f 5005/5005 4370/4370 2191/2191
f 5145/5145 102/102 6649/6649
f 102/102 5145/5145 1103/1103
f 739/739 1150/1150 5572/5572
f 5775/5775 5572/5572 4626/4626
f 5775/5775 739/739 5572/5572
f 4742/4742 4043/4043 3872/3872
f 4461/4461 3872/3872 4043/4043
f 1560/1560 5775/5775 783/783
f 4461/4461 6256/6256 6035/6035
f 6256/6256 4461/4461 3312/3312
f 1145/1145 7792/7792 6622/6622
f 6256/6256 3312/3312 6622/6622
f 5678/5678 7792/7792 1145/1145
f 3312/3312 4461/4461 2828/2828
f 2828/2828 3457/3457 3312/3312
f 4043/4043 3830/3830 3717/3717
f 3717/3717 3830/3830 5756/5756
f 3717/3717 4461/4461 4043/4043
f 2828/2828 3717/3717 5756/5756
f 2828/2828 4461/4461 3717/3717
f 5756/5756 3830/3830 3766/3766
f 2842/2842 5756/5756 3766/3766
f 3457/3457 2828/2828 5756/5756
f 5370/5370 3457/3457 2842/2842
f 2842/2842 3457/3457 5756/5756
f 6034/6034 501/501 7364/7364
f 6034/6034 7364/7364 4219/4219
f 7364/7364 260/260 4219/4219
f 2594/2594 6034/6034 4219/4219
f 6034/6034 2594/2594 500/500
f 4220/4220 1572/1572 2593/2593
f 1572/1572 4220/4220 5016/5016
f 1572/1572 5016/5016 6512/6512
f 743/743 500/500 2594/2594
f 744/744 2593/2593 1572/1572
f 5573/5573 1436/1436 7886/7886
f 1436/1436 5573/5573 500/500
f 5602/5602 500/500 743/743
f 5602/5602 1436/1436 500/500
f 3075/3075 7887/7887 1437/1437
f 2145/2145 3075/3075 1437/1437
f 1437/1437 5004/5004 2145/2145
f 2145/2145 5004/5004 2758/2758
f 5004/5004 1437/1437 5603/5603
f 5004/5004 5603/5603 2085/2085
f 5603/5603 7835/7835 2085/2085
f 7835/7835 5603/5603 744/744
f 7835/7835 744/744 1572/1572
f 1572/1572 4429/4429 7835/7835
f 4429/4429 1572/1572 6512/6512
f 4429/4429 6512/6512 3984/3984
f 4429/4429 2085/2085 7835/7835
f 4423/4423 4429/4429 3984/3984
f 3106/3106 2085/2085 4429/4429
f 4429/4429 4423/4423 3106/3106
f 7972/7972 3075/3075 2145/2145
f 7972/7972 2145/2145 2758/2758
f 2266/2266 5004/5004 2085/2085
f 5004/5004 2266/2266 2758/2758
f 6525/6525 7972/7972 2758/2758
f 2758/2758 7105/7105 6525/6525
f 2758/2758 2266/2266 6670/6670
f 6670/6670 7105/7105 2758/2758
f 7105/7105 6670/6670 1663/1663
f 1663/1663 6670/6670 1175/1175
f 3242/3242 3471/3471 1175/1175
f 3471/3471 3242/3242 5575/5575
f 2266/2266 2085/2085 3106/3106
f 3106/3106 6670/6670 2266/2266
f 1175/1175 6670/6670 3106/3106
f 1175/1175 3106/3106 3242/3242
f 3106/3106 4423/4423 3242/3242
f 5575/5575 3242/3242 4423/4423
f 6321/6321 7105/7105 1663/1663
f 6321/6321 805/805 4378/4378
f 6321/6321 1663/1663 805/805
f 1663/1663 1175/1175 7689/7689
f 805/805 1663/1663 7689/7689
f 7689/7689 1175/1175 3471/3471
f 805/805 7689/7689 2254/2254
f 6216/6216 598/598 3911/3911
f 2973/2973 6217/6217 3912/3912
f 6048/6048 4350/4350 4989/4989
f 4989/4989 4350/4350 865/865
f 7364/7364 4989/4989 865/865
f 598/598 6216/6216 4350/4350
f 865/865 4350/4350 6216/6216
f 260/260 7364/7364 865/865
f 260/260 865/865 6216/6216
f 259/259 6217/6217 2487/2487
f 2487/2487 6217/6217 2973/2973
f 5016/5016 4220/4220 259/259
f 5016/5016 259/259 2487/2487
f 686/686 2487/2487 2973/2973
f 3047/3047 1504/1504 4811/4811
f 6772/6772 6490/6490 1504/1504
f 6772/6772 1504/1504 3047/3047
f 3627/3627 6772/6772 3047/3047
f 6490/6490 4385/4385 1504/1504
f 2973/2973 942/942 686/686
f 4394/4394 3627/3627 3047/3047
f 3047/3047 4811/4811 1898/1898
f 4394/4394 3047/3047 1898/1898
f 1898/1898 3503/3503 4394/4394
f 1898/1898 7933/7933 3503/3503
f 5557/5557 3627/3627 4394/4394
f 1383/1383 3627/3627 2621/2621
f 2621/2621 3627/3627 5557/5557
f 3503/3503 5557/5557 4394/4394
f 3259/3259 5557/5557 3503/3503
f 1898/1898 4811/4811 2381/2381
f 7933/7933 1898/1898 2381/2381
f 4811/4811 6257/6257 2381/2381
f 6512/6512 5016/5016 2487/2487
f 686/686 6512/6512 2487/2487
f 3984/3984 6512/6512 686/686
f 5127/5127 3984/3984 686/686
f 1665/1665 3984/3984 5127/5127
f 3503/3503 7933/7933 4836/4836
f 3259/3259 3503/3503 4836/4836
f 3259/3259 2621/2621 5557/5557
f 5127/5127 686/686 3347/3347
f 7933/7933 6152/6152 4836/4836
f 4836/4836 6152/6152 2124/2124
f 7933/7933 7951/7951 6152/6152
f 2124/2124 932/932 4836/4836
f 7951/7951 7933/7933 2381/2381
f 2381/2381 3820/3820 7951/7951
f 7951/7951 6265/6265 6152/6152
f 6265/6265 7951/7951 3820/3820
f 2124/2124 6152/6152 6265/6265
f 3820/3820 2381/2381 675/675
f 3820/3820 5938/5938 6265/6265
f 552/552 5938/5938 3820/3820
f 6265/6265 5938/5938 1563/1563
f 2381/2381 6257/6257 675/675
f 6432/6432 675/675 1482/1482
f 3820/3820 675/675 6432/6432
f 552/552 3820/3820 6432/6432
f 5938/5938 552/552 1550/1550
f 552/552 6432/6432 2682/2682
f 2682/2682 1550/1550 552/552
f 1482/1482 2682/2682 6432/6432
f 6283/6283 3187/3187 561/561
f 3119/3119 3187/3187 6283/6283
f 3119/3119 3239/3239 3187/3187
f 2621/2621 3259/3259 561/561
f 1568/1568 561/561 3259/3259
f 4836/4836 6502/6502 3259/3259
f 932/932 6502/6502 4836/4836
f 6502/6502 1568/1568 3259/3259
f 3247/3247 3119/3119 6283/6283
f 5111/5111 3119/3119 3247/3247
f 3247/3247 179/179 5111/5111
f 561/561 1568/1568 6283/6283
f 3247/3247 6283/6283 1568/1568
f 5111/5111 3239/3239 3119/3119
f 3239/3239 5111/5111 4626/4626
f 3247/3247 1568/1568 4812/4812
f 4812/4812 6861/6861 3247/3247
f 6502/6502 4812/4812 1568/1568
f 6502/6502 5496/5496 4812/4812
f 6861/6861 4812/4812 5496/5496
f 5496/5496 6502/6502 932/932
f 6853/6853 5496/5496 932/932
f 3609/3609 5277/5277 6922/6922
f 6519/6519 3450/3450 3609/3609
f 5277/5277 3609/3609 3450/3450
f 6861/6861 179/179 3247/3247
f 959/959 179/179 6861/6861
f 179/179 959/959 4626/4626
f 1483/1483 4626/4626 959/959
f 5496/5496 3609/3609 6861/6861
f 3609/3609 5496/5496 6853/6853
f 6519/6519 3609/3609 6853/6853
f 6519/6519 6853/6853 791/791
f 6922/6922 6861/6861 3609/3609
f 6922/6922 959/959 6861/6861
f 1316/1316 932/932 2124/2124
f 1316/1316 2134/2134 932/932
f 1316/1316 2124/2124 6265/6265
f 1316/1316 6265/6265 1563/1563
f 791/791 6853/6853 932/932
f 2134/2134 791/791 932/932
f 2134/2134 1316/1316 2745/2745
f 2745/2745 791/791 2134/2134
f 3952/3952 791/791 2745/2745
f 3952/3952 6519/6519 791/791
f 3450/3450 6519/6519 3952/3952
f 2745/2745 1316/1316 1563/1563
f 2957/2957 2745/2745 1563/1563
f 2745/2745 2957/2957 1277/1277
f 3952/3952 2745/2745 1277/1277
f 653/653 2957/2957 1563/1563
f 1277/1277 2957/2957 653/653
f 7463/7463 3952/3952 1277/1277
f 1277/1277 653/653 7463/7463
f 3450/3450 3952/3952 7463/7463
f 3295/3295 675/675 6257/6257
f 1482/1482 675/675 3295/3295
f 4055/4055 1482/1482 3295/3295
f 4055/4055 2954/2954 2889/2889
f 1482/1482 4055/4055 2889/2889
f 2889/2889 7979/7979 378/378
f 2954/2954 7979/7979 2889/2889
f 6076/6076 7979/7979 2954/2954
f 6205/6205 3295/3295 6257/6257
f 3295/3295 6205/6205 6382/6382
f 732/732 6382/6382 7879/7879
f 732/732 3295/3295 6382/6382
f 732/732 7879/7879 4605/4605
f 456/456 6382/6382 4208/4208
f 456/456 7879/7879 6382/6382
f 4605/4605 7879/7879 456/456
f 732/732 4055/4055 3295/3295
f 4055/4055 732/732 2954/2954
f 2954/2954 732/732 4605/4605
f 2954/2954 4605/4605 6132/6132
f 4605/4605 456/456 6132/6132
f 2954/2954 6132/6132 6076/6076
f 6132/6132 1464/1464 6076/6076
f 1464/1464 3374/3374 7107/7107
f 1464/1464 7107/7107 6076/6076
f 6504/6504 5171/5171 456/456
f 2647/2647 5171/5171 6504/6504
f 3147/3147 456/456 5171/5171
f 6132/6132 456/456 3147/3147
f 5171/5171 2647/2647 3076/3076
f 5013/5013 1139/1139 3076/3076
f 3619/3619 6056/6056 755/755
f 4772/4772 3619/3619 755/755
f 3076/3076 1139/1139 3619/3619
f 755/755 4312/4312 4772/4772
f 3097/3097 3076/3076 3619/3619
f 3147/3147 3076/3076 1276/1276
f 1276/1276 3076/3076 3097/3097
f 3147/3147 5171/5171 3076/3076
f 4772/4772 3097/3097 3619/3619
f 1255/1255 3097/3097 4772/4772
f 1464/1464 6132/6132 3147/3147
f 1464/1464 3147/3147 1276/1276
f 2830/2830 7107/7107 3374/3374
f 1276/1276 3097/3097 1255/1255
f 368/368 1276/1276 1255/1255
f 1464/1464 1276/1276 368/368
f 3374/3374 1464/1464 368/368
f 4521/4521 368/368 1255/1255
f 4521/4521 1255/1255 4772/4772
f 4521/4521 4772/4772 4312/4312
f 3374/3374 368/368 4521/4521
f 2682/2682 378/378 1550/1550
f 1563/1563 5938/5938 1550/1550
f 653/653 1563/1563 1550/1550
f 2889/2889 2682/2682 1482/1482
f 378/378 2682/2682 2889/2889
f 653/653 1550/1550 7568/7568
f 378/378 7568/7568 1550/1550
f 68/68 653/653 7568/7568
f 7463/7463 653/653 68/68
f 665/665 7463/7463 7187/7187
f 3450/3450 7463/7463 665/665
f 68/68 7568/7568 378/378
f 68/68 378/378 7187/7187
f 7434/7434 7979/7979 7107/7107
f 7979/7979 6076/6076 7107/7107
f 7187/7187 7107/7107 2830/2830
f 7187/7187 2830/2830 665/665
f 7434/7434 7107/7107 7187/7187
f 7434/7434 378/378 7979/7979
f 7187/7187 378/378 7434/7434
f 7463/7463 68/68 7187/7187
f 665/665 2830/2830 3374/3374
f 4342/4342 665/665 3374/3374
f 3374/3374 3079/3079 4342/4342
f 3374/3374 4521/4521 3079/3079
f 3079/3079 4521/4521 4312/4312
f 4312/4312 5211/5211 3079/3079
f 2424/2424 5211/5211 4312/4312
f 4423/4423 3984/3984 1665/1665
f 1665/1665 5786/5786 4423/4423
f 5575/5575 4423/4423 5786/5786
f 1665/1665 7650/7650 5786/5786
f 7650/7650 1665/1665 3347/3347
f 3347/3347 1665/1665 5127/5127
f 3471/3471 1583/1583 7689/7689
f 3471/3471 5575/5575 1583/1583
f 7689/7689 191/191 2254/2254
f 191/191 7689/7689 1583/1583
f 1583/1583 5575/5575 5786/5786
f 191/191 1583/1583 1311/1311
f 3347/3347 942/942 7792/7792
f 4573/4573 5786/5786 7650/7650
f 1583/1583 5786/5786 4573/4573
f 1583/1583 4573/4573 1311/1311
f 3434/3434 4626/4626 1483/1483
f 959/959 6922/6922 1483/1483
f 1256/1256 1483/1483 6922/6922
f 7650/7650 3347/3347 5678/5678
f 5277/5277 5576/5576 6922/6922
f 5576/5576 1256/1256 6922/6922
f 5239/5239 1483/1483 1256/1256
f 1256/1256 5327/5327 5239/5239
f 66/66 5277/5277 3450/3450
f 3450/3450 1520/1520 4719/4719
f 4176/4176 6/6 3434/3434
f 1560/1560 6/6 1522/1522
f 4176/4176 1522/1522 6/6
f 5239/5239 3434/3434 1483/1483
f 3434/3434 5239/5239 5327/5327
f 5327/5327 4029/4029 3434/3434
f 5630/5630 1522/1522 4176/4176
f 5630/5630 1912/1912 1522/1522
f 4176/4176 3434/3434 4029/4029
f 1912/1912 5630/5630 6902/6902
f 6902/6902 5630/5630 4176/4176
f 5042/5042 1256/1256 5576/5576
f 5063/5063 1256/1256 5042/5042
f 5063/5063 5327/5327 1256/1256
f 5327/5327 5063/5063 2144/2144
f 6092/6092 5576/5576 5277/5277
f 5042/5042 5576/5576 6092/6092
f 6092/6092 5277/5277 5832/5832
f 5832/5832 5277/5277 66/66
f 3450/3450 4719/4719 66/66
f 66/66 4719/4719 5335/5335
f 1520/1520 5335/5335 4719/4719
f 4176/4176 4029/4029 6902/6902
f 7744/7744 1912/1912 6902/6902
f 4029/4029 3281/3281 6902/6902
f 7744/7744 1516/1516 1912/1912
f 5635/5635 1516/1516 7744/7744
f 5327/5327 3281/3281 4029/4029
f 2083/2083 7744/7744 6902/6902
f 6902/6902 3281/3281 2083/2083
f 1712/1712 5635/5635 7744/7744
f 5635/5635 1712/1712 946/946
f 1712/1712 2193/2193 946/946
f 1520/1520 3450/3450 5608/5608
f 5608/5608 3450/3450 665/665
f 1520/1520 5608/5608 904/904
f 4038/4038 904/904 5608/5608
f 3522/3522 5608/5608 665/665
f 3522/3522 4038/4038 5608/5608
f 904/904 3522/3522 4048/4048
f 3522/3522 904/904 4038/4038
f 8005/8005 3522/3522 6726/6726
f 6726/6726 665/665 4342/4342
f 4491/4491 3079/3079 2832/2832
f 4491/4491 4342/4342 3079/3079
f 2832/2832 3079/3079 5211/5211
f 5211/5211 2424/2424 2832/2832
f 3522/3522 665/665 6726/6726
f 6726/6726 4342/4342 3411/3411
f 3411/3411 4342/4342 4491/4491
f 657/657 2832/2832 2424/2424
f 2424/2424 6307/6307 657/657
f 1520/1520 904/904 4048/4048
f 5335/5335 1520/1520 4048/4048
f 917/917 5335/5335 4048/4048
f 917/917 4048/4048 2429/2429
f 66/66 5335/5335 917/917
f 66/66 917/917 6482/6482
f 66/66 6482/6482 1920/1920
f 1920/1920 6482/6482 917/917
f 1444/1444 917/917 2429/2429
f 1444/1444 1920/1920 917/917
f 8005/8005 1444/1444 2429/2429
f 3522/3522 8005/8005 4048/4048
f 2429/2429 4048/4048 8005/8005
f 7178/7178 3411/3411 2035/2035
f 7178/7178 6726/6726 3411/3411
f 2035/2035 3411/3411 4491/4491
f 7435/7435 4491/4491 2832/2832
f 1152/1152 2832/2832 657/657
f 7435/7435 2832/2832 1152/1152
f 2035/2035 4491/4491 7435/7435
f 1152/1152 657/657 4850/4850
f 4850/4850 657/657 8006/8006
f 4850/4850 8006/8006 2800/2800
f 7178/7178 2035/2035 7670/7670
f 4850/4850 7435/7435 1152/1152
f 7670/7670 2035/2035 7435/7435
f 7670/7670 7435/7435 955/955
f 4850/4850 955/955 7435/7435
f 1622/1622 5832/5832 2576/2576
f 6694/6694 1622/1622 2576/2576
f 2576/2576 5832/5832 5322/5322
f 6694/6694 7011/7011 1622/1622
f 1034/1034 5322/5322 4592/4592
f 5322/5322 1034/1034 2576/2576
f 3244/3244 6694/6694 2576/2576
f 6694/6694 3244/3244 4823/4823
f 4823/4823 7011/7011 6694/6694
f 4592/4592 6978/6978 1034/1034
f 3244/3244 2576/2576 749/749
f 749/749 2576/2576 1034/1034
f 1034/1034 6978/6978 4763/4763
f 5042/5042 6092/6092 2138/2138
f 5063/5063 5042/5042 2138/2138
f 5063/5063 2138/2138 2144/2144
f 5832/5832 66/66 5322/5322
f 5832/5832 1622/1622 6092/6092
f 1622/1622 2138/2138 6092/6092
f 2144/2144 2138/2138 7011/7011
f 7011/7011 2138/2138 1622/1622
f 5327/5327 6635/6635 3281/3281
f 6635/6635 5327/5327 2144/2144
f 6830/6830 2193/2193 1712/1712
f 7744/7744 7340/7340 1712/1712
f 4234/4234 6830/6830 1712/1712
f 7714/7714 4234/4234 1712/1712
f 7340/7340 7744/7744 2083/2083
f 7714/7714 1511/1511 4234/4234
f 1511/1511 1712/1712 7340/7340
f 1511/1511 7714/7714 1712/1712
f 1569/1569 2083/2083 3281/3281
f 7340/7340 2083/2083 1569/1569
f 6635/6635 1569/1569 3281/3281
f 1511/1511 7340/7340 881/881
f 6635/6635 2144/2144 3780/3780
f 5045/5045 5136/5136 7340/7340
f 5322/5322 66/66 1920/1920
f 4592/4592 1920/1920 1444/1444
f 5322/5322 1920/1920 4592/4592
f 4592/4592 1444/1444 8005/8005
f 4592/4592 8005/8005 2870/2870
f 2870/2870 8005/8005 6179/6179
f 2870/2870 6179/6179 6978/6978
f 2117/2117 6978/6978 6179/6179
f 6179/6179 8005/8005 3401/3401
f 3401/3401 2117/2117 6179/6179
f 6101/6101 3401/3401 7468/7468
f 3401/3401 8005/8005 6726/6726
f 881/881 6214/6214 1511/1511
f 5136/5136 6214/6214 881/881
f 2870/2870 6978/6978 4592/4592
f 2117/2117 6101/6101 6978/6978
f 6101/6101 2117/2117 3401/3401
f 4763/4763 6978/6978 6101/6101
f 7320/7320 5136/5136 6556/6556
f 5136/5136 881/881 7340/7340
f 2492/2492 7492/7492 6556/6556
f 5045/5045 2492/2492 6556/6556
f 2492/2492 7320/7320 7492/7492
f 1901/1901 3244/3244 749/749
f 3244/3244 1901/1901 4823/4823
f 2721/2721 4823/4823 1901/1901
f 4726/4726 4823/4823 2721/2721
f 7709/7709 1885/1885 1901/1901
f 4726/4726 2721/2721 3592/3592
f 1885/1885 2721/2721 1901/1901
f 1885/1885 3592/3592 2721/2721
f 6073/6073 3592/3592 1885/1885
f 749/749 1034/1034 5445/5445
f 4763/4763 4140/4140 1034/1034
f 6640/6640 749/749 5445/5445
f 1901/1901 749/749 6640/6640
f 6640/6640 7709/7709 1901/1901
f 5445/5445 1034/1034 4140/4140
f 3543/3543 6640/6640 5445/5445
f 7709/7709 6640/6640 3543/3543
f 19/19 1885/1885 7709/7709
f 19/19 6073/6073 1885/1885
f 3543/3543 5445/5445 4140/4140
f 7709/7709 3543/3543 730/730
f 19/19 7709/7709 730/730
f 158/158 6073/6073 19/19
f 158/158 19/19 5499/5499
f 5499/5499 3073/3073 158/158
f 730/730 3543/3543 7080/7080
f 19/19 730/730 5499/5499
f 5499/5499 730/730 7080/7080
f 1854/1854 5499/5499 7080/7080
f 1854/1854 3073/3073 5499/5499
f 14/14 7080/7080 3543/3543
f 3780/3780 2144/2144 3102/3102
f 3780/3780 1338/1338 6635/6635
f 1569/1569 6635/6635 1338/1338
f 2051/2051 1569/1569 1338/1338
f 2051/2051 7340/7340 1569/1569
f 2051/2051 5045/5045 7340/7340
f 1338/1338 3780/3780 4929/4929
f 4929/4929 2051/2051 1338/1338
f 3102/3102 2144/2144 7011/7011
f 4726/4726 7011/7011 4823/4823
f 4726/4726 3102/3102 7011/7011
f 5133/5133 3780/3780 3102/3102
f 4726/4726 6037/6037 3102/3102
f 6037/6037 4726/4726 3592/3592
f 4009/4009 6037/6037 3592/3592
f 4929/4929 3780/3780 5133/5133
f 6037/6037 5133/5133 3102/3102
f 5133/5133 6037/6037 451/451
f 451/451 7242/7242 5133/5133
f 6556/6556 5136/5136 5045/5045
f 2051/2051 4929/4929 232/232
f 5045/5045 2051/2051 232/232
f 4929/4929 5133/5133 7242/7242
f 2492/2492 5045/5045 2902/2902
f 3592/3592 6073/6073 4009/4009
f 451/451 6037/6037 4009/4009
f 800/800 7242/7242 451/451
f 7804/7804 451/451 4009/4009
f 6262/6262 451/451 7804/7804
f 451/451 6262/6262 800/800
f 2069/2069 800/800 6262/6262
f 7804/7804 4009/4009 6073/6073
f 158/158 7804/7804 6073/6073
f 158/158 6065/6065 7804/7804
f 3073/3073 6065/6065 158/158
f 3073/3073 3675/3675 6065/6065
f 1854/1854 7895/7895 3073/3073
f 3073/3073 7895/7895 3675/3675
f 5101/5101 7804/7804 6065/6065
f 5101/5101 6065/6065 3675/3675
f 7804/7804 5101/5101 6262/6262
f 5101/5101 2068/2068 6262/6262
f 2135/2135 2068/2068 5101/5101
f 3675/3675 7267/7267 5101/5101
f 5101/5101 7267/7267 2135/2135
f 7242/7242 232/232 4929/4929
f 800/800 232/232 7242/7242
f 3846/3846 232/232 800/800
f 7847/7847 2902/2902 5045/5045
f 7847/7847 5045/5045 232/232
f 3846/3846 7847/7847 232/232
f 2069/2069 3846/3846 800/800
f 3626/3626 3845/3845 2068/2068
f 3626/3626 7848/7848 3845/3845
f 2068/2068 2135/2135 3626/3626
f 7848/7848 3626/3626 1121/1121
f 1121/1121 2903/2903 7848/7848
f 7267/7267 3675/3675 1695/1695
f 7267/7267 1128/1128 2135/2135
f 6175/6175 1121/1121 3626/3626
f 3626/3626 2135/2135 6175/6175
f 2393/2393 2493/2493 2903/2903
f 1121/1121 2393/2393 2903/2903
f 1121/1121 6175/6175 2393/2393
f 7670/7670 955/955 6456/6456
f 6456/6456 7178/7178 7670/7670
f 6726/6726 7178/7178 6456/6456
f 2045/2045 6456/6456 5279/5279
f 3401/3401 6726/6726 7468/7468
f 6726/6726 6456/6456 7468/7468
f 2045/2045 4424/4424 6456/6456
f 4424/4424 2045/2045 4212/4212
f 4424/4424 1020/1020 6456/6456
f 7468/7468 6456/6456 1020/1020
f 7468/7468 1020/1020 2539/2539
f 7917/7917 1020/1020 4424/4424
f 7917/7917 2539/2539 1020/1020
f 4850/4850 3996/3996 955/955
f 6747/6747 955/955 3996/3996
f 5279/5279 6456/6456 955/955
f 955/955 6747/6747 5279/5279
f 6747/6747 3996/3996 103/103
f 5279/5279 6747/6747 2045/2045
f 103/103 3262/3262 6747/6747
f 103/103 7858/7858 3262/3262
f 3996/3996 4850/4850 2800/2800
f 3996/3996 6593/6593 103/103
f 3996/3996 2800/2800 6593/6593
f 4212/4212 2045/2045 6747/6747
f 6747/6747 3262/3262 4212/4212
f 3262/3262 224/224 4212/4212
f 719/719 224/224 3262/3262
f 4212/4212 7917/7917 4424/4424
f 7917/7917 4212/4212 5922/5922
f 224/224 5922/5922 4212/4212
f 806/806 5922/5922 224/224
f 719/719 806/806 224/224
f 719/719 3262/3262 7858/7858
f 7858/7858 103/103 6593/6593
f 719/719 7858/7858 4954/4954
f 1689/1689 5922/5922 806/806
f 5922/5922 1689/1689 7917/7917
f 6101/6101 7468/7468 4763/4763
f 7468/7468 2539/2539 4763/4763
f 7917/7917 1581/1581 2539/2539
f 4763/4763 2539/2539 1581/1581
f 6023/6023 806/806 719/719
f 719/719 7406/7406 6023/6023
f 4216/4216 806/806 6023/6023
f 6684/6684 1689/1689 806/806
f 1689/1689 6684/6684 1855/1855
f 1855/1855 7917/7917 1689/1689
f 1581/1581 7917/7917 6173/6173
f 1855/1855 6173/6173 7917/7917
f 806/806 4216/4216 6684/6684
f 6684/6684 4216/4216 2323/2323
f 6173/6173 1855/1855 55/55
f 55/55 1581/1581 6173/6173
f 1438/1438 1855/1855 6684/6684
f 1438/1438 55/55 1855/1855
f 1438/1438 6684/6684 1521/1521
f 6684/6684 2323/2323 1521/1521
f 5868/5868 1438/1438 1521/1521
f 55/55 2041/2041 1581/1581
f 2041/2041 55/55 1438/1438
f 5594/5594 2041/2041 1438/1438
f 5594/5594 1438/1438 5868/5868
f 14/14 3543/3543 4140/4140
f 7080/7080 3523/3523 1854/1854
f 3523/3523 7080/7080 14/14
f 14/14 4140/4140 3111/3111
f 3111/3111 4140/4140 1848/1848
f 14/14 3111/3111 3523/3523
f 1854/1854 3523/3523 2591/2591
f 3523/3523 3111/3111 5901/5901
f 1848/1848 4140/4140 4763/4763
f 7895/7895 1854/1854 5147/5147
f 5147/5147 1854/1854 2591/2591
f 5901/5901 7290/7290 3523/3523
f 2591/2591 3523/3523 7290/7290
f 847/847 5147/5147 2591/2591
f 847/847 2591/2591 7290/7290
f 1695/1695 5147/5147 847/847
f 7895/7895 1695/1695 3675/3675
f 5147/5147 1695/1695 7895/7895
f 5901/5901 3111/3111 1848/1848
f 2300/2300 847/847 7290/7290
f 5876/5876 7290/7290 5901/5901
f 5901/5901 1848/1848 6658/6658
f 1834/1834 3023/3023 2622/2622
f 1834/1834 3018/3018 4728/4728
f 5064/5064 745/745 2622/2622
f 745/745 5064/5064 468/468
f 5906/5906 1834/1834 2622/2622
f 5906/5906 3018/3018 1834/1834
f 7659/7659 5906/5906 2622/2622
f 7659/7659 2622/2622 745/745
f 2884/2884 3554/3554 7659/7659
f 2884/2884 7659/7659 7632/7632
f 5906/5906 3554/3554 3018/3018
f 3554/3554 5906/5906 7659/7659
f 3554/3554 6865/6865 3018/3018
f 7659/7659 745/745 7632/7632
f 7632/7632 745/745 7421/7421
f 2224/2224 2884/2884 7632/7632
f 2224/2224 7632/7632 7421/7421
f 2884/2884 6865/6865 3554/3554
f 7421/7421 745/745 4056/4056
f 1581/1581 5592/5592 4763/4763
f 5868/5868 1049/1049 5594/5594
f 5594/5594 2719/2719 2041/2041
f 1581/1581 2041/2041 2719/2719
f 2719/2719 5594/5594 3935/3935
f 7779/7779 1581/1581 2719/2719
f 1848/1848 4763/4763 5592/5592
f 986/986 6865/6865 2884/2884
f 7779/7779 4600/4600 5731/5731
f 1581/1581 7779/7779 6862/6862
f 5731/5731 6862/6862 7779/7779
f 5046/5046 6865/6865 2754/2754
f 5046/5046 2582/2582 6865/6865
f 583/583 986/986 3372/3372
f 583/583 6865/6865 986/986
f 2224/2224 3605/3605 986/986
f 986/986 3605/3605 3372/3372
f 2558/2558 5592/5592 1581/1581
f 2558/2558 1581/1581 6862/6862
f 583/583 2754/2754 6865/6865
f 5731/5731 839/839 6862/6862
f 7145/7145 6862/6862 839/839
f 7144/7144 838/838 2754/2754
f 838/838 5046/5046 2754/2754
f 6862/6862 7145/7145 2558/2558
f 3776/3776 583/583 5800/5800
f 3776/3776 2754/2754 583/583
f 3776/3776 6311/6311 2754/2754
f 7472/7472 6311/6311 3776/3776
f 7145/7145 6310/6310 2558/2558
f 6311/6311 7144/7144 2754/2754
f 6692/6692 3605/3605 2224/2224
f 6692/6692 3372/3372 3605/3605
f 1764/1764 3372/3372 6692/6692
f 5800/5800 3372/3372 1764/1764
f 2224/2224 507/507 6692/6692
f 1848/1848 5592/5592 3979/3979
f 5460/5460 1848/1848 3979/3979
f 3979/3979 5592/5592 2558/2558
f 5800/5800 583/583 3372/3372
f 7472/7472 3776/3776 5800/5800
f 3979/3979 2558/2558 6310/6310
f 3979/3979 6310/6310 7471/7471
f 5460/5460 3979/3979 7133/7133
f 7738/7738 7472/7472 5800/5800
f 7738/7738 7132/7132 7472/7472
f 7133/7133 3979/3979 7471/7471
f 2224/2224 986/986 2884/2884
f 7421/7421 4056/4056 2317/2317
f 507/507 2224/2224 7421/7421
f 4056/4056 321/321 2317/2317
f 321/321 6074/6074 2317/2317
f 2317/2317 6074/6074 1865/1865
f 1865/1865 6074/6074 3188/3188
f 3864/3864 2317/2317 1865/1865
f 2919/2919 1865/1865 3188/3188
f 3188/3188 312/312 2919/2919
f 3864/3864 7421/7421 2317/2317
f 2919/2919 3864/3864 1865/1865
f 4793/4793 3864/3864 2919/2919
f 7185/7185 2919/2919 312/312
f 7185/7185 4793/4793 2919/2919
f 312/312 2344/2344 7185/7185
f 3669/3669 3864/3864 4793/4793
f 4793/4793 5209/5209 3045/3045
f 3669/3669 4793/4793 3045/3045
f 896/896 5209/5209 2344/2344
f 2978/2978 3045/3045 5209/5209
f 5209/5209 896/896 2978/2978
f 5209/5209 4793/4793 7185/7185
f 5209/5209 7185/7185 2344/2344
f 6175/6175 2135/2135 1128/1128
f 1695/1695 4713/4713 7722/7722
f 5876/5876 2300/2300 7290/7290
f 4713/4713 1695/1695 847/847
f 4713/4713 847/847 2300/2300
f 3366/3366 4713/4713 2300/2300
f 1128/1128 7267/7267 1695/1695
f 1695/1695 7722/7722 1128/1128
f 5940/5940 6175/6175 1128/1128
f 7722/7722 5940/5940 1128/1128
f 6175/6175 5940/5940 2749/2749
f 6175/6175 2749/2749 2393/2393
f 2393/2393 2749/2749 5458/5458
f 1067/1067 2749/2749 5940/5940
f 7722/7722 4713/4713 5181/5181
f 7109/7109 7722/7722 5181/5181
f 4713/4713 4179/4179 5181/5181
f 4713/4713 3366/3366 4179/4179
f 4179/4179 3366/3366 5181/5181
f 7109/7109 5940/5940 7722/7722
f 7109/7109 1067/1067 5940/5940
f 2749/2749 7504/7504 5458/5458
f 1067/1067 7504/7504 2749/2749
f 5876/5876 5901/5901 6658/6658
f 5876/5876 1004/1004 2300/2300
f 4563/4563 1067/1067 7109/7109
f 3366/3366 1425/1425 5181/5181
f 6658/6658 3810/3810 5876/5876
f 1004/1004 5876/5876 3810/3810
f 6886/6886 6692/6692 507/507
f 6886/6886 507/507 7421/7421
f 4731/4731 6886/6886 7421/7421
f 3969/3969 6692/6692 6886/6886
f 6692/6692 3969/3969 1764/1764
f 1764/1764 7738/7738 5800/5800
f 5999/5999 3969/3969 6886/6886
f 2531/2531 1764/1764 3969/3969
f 2531/2531 3969/3969 5999/5999
f 3670/3670 6886/6886 4731/4731
f 3670/3670 5999/5999 6886/6886
f 3670/3670 4731/4731 4794/4794
f 7387/7387 1764/1764 2531/2531
f 5460/5460 6658/6658 1848/1848
f 5460/5460 3810/3810 6658/6658
f 3366/3366 2300/2300 6013/6013
f 1425/1425 3366/3366 6013/6013
f 6013/6013 2300/2300 1004/1004
f 1004/1004 3810/3810 6503/6503
f 7818/7818 1004/1004 6503/6503
f 6013/6013 1004/1004 7818/7818
f 3810/3810 5460/5460 1327/1327
f 4105/4105 5460/5460 7133/7133
f 1327/1327 5460/5460 4105/4105
f 7387/7387 7881/7881 4106/4106
f 7387/7387 7738/7738 1764/1764
f 7387/7387 4106/4106 7738/7738
f 4106/4106 7132/7132 7738/7738
f 1327/1327 6503/6503 3810/3810
f 7059/7059 1327/1327 4105/4105
f 7061/7061 4106/4106 7881/7881
f 5256/5256 7880/7880 7386/7386
f 1327/1327 7059/7059 6503/6503
f 7059/7059 7273/7273 6503/6503
f 7880/7880 5256/5256 7060/7060
f 7274/7274 7060/7060 5256/5256
f 7818/7818 6503/6503 7273/7273
f 1595/1595 7386/7386 2530/2530
f 1595/1595 5256/5256 7386/7386
f 7273/7273 529/529 7818/7818
f 7818/7818 529/529 6013/6013
f 528/528 7274/7274 5256/5256
f 528/528 5256/5256 1595/1595
f 529/529 3954/3954 6013/6013
f 528/528 5129/5129 3953/3953
f 1425/1425 6013/6013 3954/3954
f 954/954 6012/6012 5998/5998
f 953/953 5999/5999 3670/3670
f 4794/4794 953/953 3670/3670
f 4795/4795 6965/6965 954/954
f 4795/4795 6790/6790 6965/6965
f 6012/6012 2530/2530 5998/5998
f 340/340 6012/6012 954/954
f 4242/4242 340/340 954/954
f 4242/4242 954/954 6965/6965
f 6965/6965 2000/2000 4242/4242
f 208/208 4242/4242 2000/2000
f 2530/2530 6012/6012 1595/1595
f 340/340 2459/2459 6012/6012
f 2459/2459 1595/1595 6012/6012
f 208/208 340/340 4242/4242
f 208/208 2459/2459 340/340
f 1595/1595 5129/5129 528/528
f 1595/1595 6276/6276 5129/5129
f 1595/1595 2459/2459 6276/6276
f 5129/5129 531/531 3953/3953
f 1425/1425 3954/3954 532/532
f 1023/1023 2459/2459 208/208
f 1023/1023 208/208 6685/6685
f 3326/3326 2000/2000 1647/1647
f 208/208 2000/2000 6685/6685
f 4068/4068 6276/6276 2459/2459
f 1023/1023 4068/4068 2459/2459
f 2000/2000 3326/3326 6685/6685
f 3277/3277 4731/4731 7421/7421
f 6510/6510 3276/3276 6336/6336
f 3277/3277 7421/7421 6337/6337
f 3864/3864 6337/6337 7421/7421
f 3864/3864 4770/4770 6337/6337
f 4770/4770 3864/3864 2966/2966
f 3727/3727 7491/7491 6336/6336
f 3727/3727 6336/6336 4769/4769
f 4933/4933 4769/4769 2967/2967
f 4933/4933 3727/3727 4769/4769
f 4933/4933 2967/2967 6419/6419
f 6419/6419 428/428 4933/4933
f 1040/1040 4933/4933 428/428
f 4276/4276 428/428 6419/6419
f 4794/4794 4731/4731 3277/3277
f 4795/4795 3276/3276 5175/5175
f 4795/4795 5175/5175 6790/6790
f 5175/5175 3276/3276 6510/6510
f 2000/2000 6965/6965 6790/6790
f 1647/1647 2000/2000 6790/6790
f 2981/2981 1647/1647 6790/6790
f 5175/5175 2981/2981 6790/6790
f 1647/1647 2981/2981 754/754
f 5175/5175 6510/6510 4511/4511
f 2981/2981 5175/5175 4511/4511
f 4511/4511 754/754 2981/2981
f 754/754 4511/4511 7480/7480
f 7491/7491 4511/4511 6510/6510
f 7480/7480 4511/4511 7491/7491
f 3986/3986 1647/1647 754/754
f 754/754 7480/7480 1347/1347
f 754/754 1347/1347 3986/3986
f 6510/6510 6336/6336 7491/7491
f 7480/7480 7491/7491 3727/3727
f 1347/1347 7480/7480 5578/5578
f 7480/7480 3727/3727 5578/5578
f 4933/4933 5578/5578 3727/3727
f 3114/3114 1347/1347 5578/5578
f 1040/1040 5578/5578 4933/4933
f 3986/3986 1347/1347 3114/3114
f 3423/3423 3326/3326 1647/1647
f 1647/1647 3986/3986 3423/3423
f 1040/1040 3114/3114 5578/5578
f 1525/1525 3114/3114 1040/1040
f 1525/1525 1040/1040 428/428
f 4276/4276 3045/3045 2978/2978
f 2966/2966 3864/3864 3669/3669
f 3045/3045 2967/2967 3669/3669
f 3045/3045 4276/4276 6419/6419
f 3502/3502 2978/2978 896/896
f 4276/4276 2978/2978 3502/3502
f 6419/6419 2967/2967 3045/3045
f 1383/1383 6772/6772 3627/3627
f 7236/7236 6490/6490 6772/6772
f 7236/7236 6772/6772 1383/1383
f 2621/2621 7236/7236 1383/1383
f 561/561 7236/7236 2621/2621
f 6644/6644 7236/7236 561/561
f 3187/3187 7605/7605 561/561
f 3187/3187 3239/3239 7605/7605
f 5111/5111 179/179 4626/4626
f 7792/7792 5678/5678 3347/3347
f 783/783 4626/4626 6/6
f 6/6 4626/4626 3434/3434
f 3769/3769 7897/7897 5302/5302
f 3769/3769 1699/1699 7897/7897
f 7616/7616 1699/1699 3769/3769
f 7616/7616 6488/6488 568/568
f 3769/3769 3903/3903 7616/7616
f 6228/6228 2428/2428 3769/3769
f 3903/3903 6488/6488 7616/7616
f 3903/3903 180/180 6488/6488
f 3624/3624 2428/2428 4320/4320
f 3903/3903 3769/3769 2428/2428
f 2428/2428 3624/3624 3903/3903
f 3903/3903 3624/3624 6163/6163
f 180/180 3196/3196 6488/6488
f 6124/6124 3196/3196 180/180
f 6124/6124 7794/7794 3196/3196
f 3466/3466 7794/7794 6124/6124
f 6124/6124 7280/7280 3466/3466
f 3466/3466 5386/5386 7794/7794
f 7374/7374 5386/5386 3466/3466
f 237/237 1592/1592 1756/1756
f 1756/1756 1592/1592 6459/6459
f 7374/7374 6459/6459 5386/5386
f 5386/5386 6459/6459 1592/1592
f 1135/1135 1756/1756 6459/6459
f 3624/3624 4320/4320 3519/3519
f 3519/3519 6786/6786 3624/3624
f 5182/5182 3519/3519 1788/1788
f 7367/7367 5182/5182 1788/1788
f 1788/1788 6286/6286 7367/7367
f 6786/6786 3519/3519 5182/5182
f 4189/4189 7367/7367 6286/6286
f 6286/6286 2248/2248 4606/4606
f 6786/6786 5182/5182 7588/7588
f 7367/7367 7588/7588 5182/5182
f 4189/4189 6286/6286 4606/4606
f 1158/1158 4201/4201 2729/2729
f 2248/2248 4201/4201 4606/4606
f 1158/1158 4606/4606 4201/4201
f 6163/6163 180/180 3903/3903
f 6163/6163 3624/3624 6786/6786
f 180/180 6163/6163 6124/6124
f 6163/6163 7280/7280 6124/6124
f 6163/6163 6786/6786 7280/7280
f 7588/7588 7367/7367 4189/4189
f 307/307 7588/7588 4189/4189
f 7304/7304 307/307 4189/4189
f 4606/4606 7304/7304 4189/4189
f 7355/7355 7588/7588 307/307
f 6786/6786 7588/7588 7355/7355
f 2729/2729 2176/2176 4608/4608
f 2176/2176 2116/2116 4608/4608
f 4608/4608 1158/1158 2729/2729
f 5316/5316 1341/1341 6771/6771
f 7502/7502 688/688 1341/1341
f 688/688 7502/7502 908/908
f 2116/2116 5316/5316 4608/4608
f 688/688 6771/6771 1341/1341
f 6408/6408 6771/6771 688/688
f 908/908 6408/6408 688/688
f 6245/6245 6408/6408 908/908
f 6178/6178 307/307 7304/7304
f 3499/3499 6178/6178 7304/7304
f 4606/4606 3499/3499 7304/7304
f 1158/1158 3499/3499 4606/4606
f 5584/5584 1158/1158 4608/4608
f 5584/5584 3499/3499 1158/1158
f 7554/7554 6178/6178 3499/3499
f 5584/5584 7554/7554 3499/3499
f 7554/7554 5584/5584 1449/1449
f 2159/2159 4608/4608 5316/5316
f 2159/2159 5316/5316 6771/6771
f 6408/6408 2159/2159 6771/6771
f 7639/7639 4608/4608 2159/2159
f 7457/7457 2159/2159 6408/6408
f 7374/7374 3466/3466 7280/7280
f 6786/6786 7374/7374 7280/7280
f 842/842 6786/6786 7355/7355
f 7374/7374 6786/6786 842/842
f 307/307 6178/6178 3260/3260
f 7355/7355 307/307 3260/3260
f 7554/7554 3260/3260 6178/6178
f 3260/3260 7554/7554 717/717
f 7355/7355 3260/3260 4831/4831
f 7355/7355 4831/4831 842/842
f 4831/4831 3260/3260 717/717
f 842/842 6459/6459 7374/7374
f 4831/4831 6459/6459 842/842
f 717/717 6459/6459 4831/4831
f 5311/5311 6459/6459 717/717
f 1449/1449 5584/5584 5164/5164
f 7554/7554 1449/1449 717/717
f 4814/4814 717/717 1449/1449
f 5164/5164 4814/4814 1449/1449
f 4814/4814 5311/5311 717/717
f 5164/5164 5584/5584 4608/4608
f 4608/4608 7639/7639 5164/5164
f 4214/4214 1135/1135 5311/5311
f 5311/5311 4814/4814 4214/4214
f 4814/4814 5164/5164 4214/4214
f 7639/7639 6744/6744 5164/5164
f 6744/6744 4214/4214 5164/5164
f 5311/5311 1135/1135 6459/6459
f 4214/4214 2599/2599 1135/1135
f 4392/4392 2412/2412 7525/7525
f 7526/7526 5746/5746 4391/4391
f 6330/6330 7525/7525 2412/2412
f 5692/5692 7526/7526 6331/6331
f 3298/3298 7720/7720 7180/7180
f 7720/7720 3298/3298 6330/6330
f 929/929 7180/7180 7720/7720
f 392/392 6330/6330 2412/2412
f 392/392 2412/2412 5916/5916
f 6330/6330 392/392 7720/7720
f 392/392 5916/5916 7720/7720
f 7720/7720 5916/5916 929/929
f 6408/6408 6245/6245 7457/7457
f 7457/7457 1389/1389 2159/2159
f 6357/6357 2159/2159 1389/1389
f 297/297 1389/1389 7457/7457
f 297/297 5946/5946 1389/1389
f 5169/5169 908/908 7502/7502
f 6245/6245 908/908 4128/4128
f 6247/6247 4128/4128 908/908
f 6245/6245 297/297 7457/7457
f 3361/3361 6245/6245 4128/4128
f 6245/6245 3361/3361 297/297
f 6867/6867 5946/5946 297/297
f 3361/3361 6867/6867 297/297
f 6357/6357 4408/4408 5875/5875
f 5875/5875 4408/4408 7639/7639
f 7639/7639 2159/2159 5875/5875
f 5875/5875 2159/2159 6357/6357
f 5946/5946 6357/6357 1389/1389
f 7563/7563 4408/4408 6357/6357
f 2642/2642 7639/7639 4408/4408
f 4408/4408 7563/7563 7955/7955
f 1330/1330 7955/7955 7563/7563
f 7563/7563 6357/6357 1330/1330
f 1868/1868 6357/6357 5946/5946
f 6357/6357 1868/1868 1330/1330
f 1756/1756 1135/1135 2155/2155
f 2155/2155 1135/1135 2599/2599
f 2599/2599 4214/4214 6744/6744
f 2642/2642 6744/6744 7639/7639
f 706/706 6744/6744 2642/2642
f 2599/2599 6744/6744 706/706
f 2642/2642 4408/4408 7179/7179
f 2155/2155 2599/2599 3678/3678
f 706/706 3678/3678 2599/2599
f 6867/6867 1868/1868 5946/5946
f 7955/7955 4920/4920 4408/4408
f 7179/7179 4408/4408 4920/4920
f 4920/4920 7955/7955 1330/1330
f 4920/4920 1330/1330 5888/5888
f 4920/4920 3299/3299 7179/7179
f 929/929 2641/2641 7180/7180
f 3299/3299 4920/4920 1132/1132
f 1132/1132 6331/6331 3299/3299
f 5888/5888 1132/1132 4920/4920
f 5888/5888 6331/6331 1132/1132
f 423/423 6331/6331 5888/5888
f 2247/2247 5888/5888 1330/1330
f 2247/2247 423/423 5888/5888
f 423/423 5692/5692 6331/6331
f 6289/6289 4391/4391 2039/2039
f 3558/3558 2230/2230 6289/6289
f 6289/6289 2039/2039 3558/3558
f 1242/1242 2230/2230 3558/3558
f 2412/2412 4392/4392 6290/6290
f 2230/2230 1713/1713 6289/6289
f 5916/5916 2412/2412 6290/6290
f 5916/5916 6290/6290 1714/1714
f 6209/6209 2039/2039 4164/4164
f 5746/5746 2039/2039 4391/4391
f 4164/4164 2039/2039 5746/5746
f 6209/6209 3558/3558 2039/2039
f 6209/6209 1242/1242 3558/3558
f 1242/1242 1161/1161 2230/2230
f 2230/2230 1161/1161 1713/1713
f 5988/5988 1242/1242 6495/6495
f 5916/5916 1714/1714 929/929
f 1161/1161 2208/2208 1713/1713
f 1161/1161 3772/3772 2208/2208
f 1242/1242 3772/3772 1161/1161
f 1814/1814 1714/1714 2209/2209
f 5988/5988 3772/3772 1242/1242
f 6674/6674 3094/3094 3835/3835
f 3835/3835 6209/6209 4164/4164
f 6209/6209 3835/3835 6495/6495
f 7249/7249 5692/5692 423/423
f 6495/6495 1242/1242 6209/6209
f 6674/6674 554/554 3644/3644
f 7939/7939 7249/7249 423/423
f 7939/7939 423/423 3416/3416
f 3644/3644 7249/7249 7939/7939
f 6674/6674 3644/3644 7939/7939
f 3416/3416 5040/5040 7939/7939
f 6674/6674 3835/3835 554/554
f 6495/6495 2568/2568 5988/5988
f 3094/3094 6495/6495 3835/3835
f 3094/3094 2568/2568 6495/6495
f 1002/1002 6674/6674 5040/5040
f 1002/1002 341/341 6674/6674
f 3094/3094 6674/6674 341/341
f 5040/5040 6674/6674 7939/7939
f 423/423 2247/2247 3416/3416
f 18/18 2568/2568 3094/3094
f 1757/1757 2154/2154 6599/6599
f 4387/4387 1101/1101 6599/6599
f 2154/2154 4387/4387 6599/6599
f 1101/1101 4387/4387 2767/2767
f 2767/2767 2629/2629 1101/1101
f 1601/1601 3630/3630 2767/2767
f 5494/5494 4976/4976 3630/3630
f 6599/6599 1101/1101 2629/2629
f 2767/2767 3630/3630 2629/2629
f 4264/4264 2629/2629 5950/5950
f 2629/2629 3630/3630 4976/4976
f 4976/4976 5950/5950 2629/2629
f 1157/1157 4976/4976 5494/5494
f 1157/1157 5950/5950 4976/4976
f 2767/2767 4387/4387 1601/1601
f 1601/1601 4387/4387 5494/5494
f 2154/2154 5494/5494 4387/4387
f 5494/5494 3630/3630 1601/1601
f 5494/5494 2154/2154 1157/1157
f 6261/6261 1157/1157 2154/2154
f 1390/1390 6261/6261 2641/2641
f 3678/3678 6260/6260 2155/2155
f 3678/3678 706/706 6260/6260
f 6260/6260 706/706 2642/2642
f 1157/1157 5948/5948 5950/5950
f 7773/7773 5948/5948 1157/1157
f 5691/5691 2388/2388 5462/5462
f 5691/5691 5948/5948 2388/2388
f 3406/3406 2388/2388 5948/5948
f 3406/3406 5948/5948 7773/7773
f 6261/6261 7773/7773 1157/1157
f 1390/1390 7773/7773 6261/6261
f 1714/1714 1814/1814 929/929
f 1491/1491 4436/4436 1390/1390
f 1390/1390 4436/4436 7773/7773
f 1390/1390 2641/2641 1491/1491
f 1491/1491 2641/2641 929/929
f 2388/2388 2156/2156 5949/5949
f 2156/2156 2388/2388 3406/3406
f 4063/4063 1134/1134 2156/2156
f 4063/4063 2156/2156 3406/3406
f 7773/7773 4063/4063 3406/3406
f 4436/4436 4063/4063 7773/7773
f 1134/1134 4063/4063 404/404
f 404/404 4063/4063 6096/6096
f 6247/6247 908/908 5169/5169
f 3368/3368 5169/5169 4921/4921
f 5169/5169 3368/3368 6247/6247
f 3361/3361 4128/4128 6247/6247
f 3368/3368 405/405 6247/6247
f 405/405 4139/4139 6247/6247
f 2287/2287 6867/6867 3361/3361
f 6247/6247 2287/2287 3361/3361
f 2287/2287 6247/6247 4139/4139
f 7444/7444 1868/1868 6867/6867
f 2287/2287 3813/3813 7444/7444
f 6867/6867 2287/2287 7444/7444
f 1868/1868 7444/7444 3080/3080
f 405/405 3547/3547 4139/4139
f 1893/1893 4139/4139 3547/3547
f 3547/3547 405/405 2662/2662
f 1893/1893 2287/2287 4139/4139
f 1893/1893 3813/3813 2287/2287
f 3813/3813 3080/3080 7444/7444
f 2247/2247 1330/1330 1868/1868
f 3080/3080 2247/2247 1868/1868
f 2247/2247 3080/3080 1269/1269
f 405/405 4458/4458 2662/2662
f 1685/1685 3547/3547 2662/2662
f 1685/1685 1893/1893 3547/3547
f 2662/2662 4458/4458 7707/7707
f 7707/7707 5838/5838 2662/2662
f 2662/2662 5838/5838 1685/1685
f 1685/1685 3813/3813 1893/1893
f 785/785 3813/3813 1685/1685
f 785/785 3080/3080 3813/3813
f 785/785 1685/1685 543/543
f 3892/3892 5838/5838 7707/7707
f 2915/2915 7707/7707 2125/2125
f 3892/3892 7707/7707 2915/2915
f 3892/3892 543/543 5838/5838
f 1685/1685 5838/5838 543/543
f 4183/4183 543/543 3892/3892
f 3416/3416 2247/2247 2331/2331
f 2331/2331 5040/5040 3416/3416
f 1269/1269 2331/2331 2247/2247
f 2331/2331 5288/5288 5040/5040
f 2331/2331 1269/1269 1966/1966
f 1966/1966 5288/5288 2331/2331
f 5288/5288 1002/1002 5040/5040
f 1002/1002 5288/5288 4654/4654
f 5273/5273 1638/1638 1269/1269
f 1966/1966 4654/4654 5288/5288
f 2480/2480 4654/4654 1966/1966
f 1638/1638 1966/1966 1269/1269
f 1638/1638 2480/2480 1966/1966
f 3080/3080 5273/5273 1269/1269
f 341/341 18/18 3094/3094
f 5378/5378 18/18 341/341
f 1002/1002 5378/5378 341/341
f 7643/7643 18/18 5378/5378
f 2480/2480 5378/5378 4654/4654
f 903/903 5378/5378 2480/2480
f 903/903 2480/2480 3905/3905
f 6100/6100 18/18 7643/7643
f 6100/6100 2568/2568 18/18
f 7411/7411 2568/2568 6100/6100
f 1612/1612 6100/6100 7643/7643
f 7643/7643 5378/5378 903/903
f 903/903 1612/1612 7643/7643
f 7411/7411 6100/6100 1612/1612
f 2480/2480 1638/1638 6695/6695
f 6695/6695 1638/1638 5273/5273
f 3905/3905 2480/2480 6695/6695
f 4278/4278 3905/3905 6695/6695
f 5273/5273 4278/4278 6695/6695
f 3585/3585 903/903 3905/3905
f 3585/3585 3905/3905 4278/4278
f 6415/6415 4278/4278 5273/5273
f 6415/6415 2269/2269 4278/4278
f 4183/4183 785/785 543/543
f 4183/4183 1962/1962 785/785
f 785/785 1962/1962 3080/3080
f 1962/1962 4642/4642 3080/3080
f 5273/5273 3080/3080 5138/5138
f 5273/5273 5138/5138 6415/6415
f 3080/3080 4642/4642 5138/5138
f 1814/1814 2209/2209 137/137
f 3772/3772 138/138 2208/2208
f 1022/1022 138/138 3772/3772
f 5988/5988 1022/1022 3772/3772
f 7258/7258 5988/5988 2568/2568
f 7258/7258 633/633 5988/5988
f 4530/4530 2811/2811 5710/5710
f 7039/7039 5436/5436 1905/1905
f 6300/6300 5937/5937 7857/7857
f 6300/6300 7857/7857 5436/5436
f 6300/6300 5436/5436 7039/7039
f 7039/7039 7023/7023 6300/6300
f 7023/7023 3014/3014 6300/6300
f 3014/3014 5937/5937 6300/6300
f 7717/7717 5357/5357 5959/5959
f 5358/5358 7716/7716 7154/7154
f 5959/5959 5357/5357 2626/2626
f 3860/3860 4938/4938 5959/5959
f 3860/3860 5959/5959 7823/7823
f 7823/7823 5959/5959 2626/2626
f 476/476 7822/7822 6643/6643
f 6643/6643 7822/7822 2625/2625
f 6643/6643 3010/3010 476/476
f 475/475 3766/3766 3860/3860
f 475/475 3860/3860 7823/7823
f 6444/6444 2199/2199 771/771
f 5706/5706 656/656 6444/6444
f 5706/5706 6444/6444 1147/1147
f 739/739 5706/5706 1147/1147
f 3105/3105 656/656 5706/5706
f 3024/3024 6308/6308 3885/3885
f 3390/3390 656/656 3105/3105
f 3105/3105 6308/6308 3024/3024
f 5428/5428 2088/2088 4876/4876
f 5775/5775 12/12 3885/3885
f 4143/4143 3024/3024 3885/3885
f 4143/4143 3885/3885 12/12
f 3024/3024 3390/3390 3105/3105
f 3390/3390 3024/3024 4266/4266
f 4266/4266 3024/3024 4143/4143
f 6208/6208 4143/4143 12/12
f 1560/1560 1522/1522 12/12
f 6208/6208 12/12 1522/1522
f 5217/5217 4241/4241 4143/4143
f 4143/4143 4241/4241 4266/4266
f 604/604 3391/3391 4663/4663
f 6665/6665 4663/4663 3391/3391
f 6665/6665 3391/3391 4265/4265
f 4129/4129 6665/6665 4265/4265
f 4129/4129 4265/4265 4240/4240
f 3014/3014 7023/7023 2938/2938
f 2032/2032 3014/3014 2938/2938
f 700/700 7184/7184 2625/2625
f 2627/2627 6518/6518 2312/2312
f 2627/2627 2312/2312 701/701
f 6643/6643 2625/2625 7184/7184
f 2627/2627 7691/7691 6518/6518
f 7691/7691 2627/2627 5358/5358
f 5358/5358 7154/7154 7691/7691
f 7755/7755 2032/2032 751/751
f 7104/7104 3014/3014 2032/2032
f 7104/7104 2032/2032 7755/7755
f 2109/2109 3010/3010 6643/6643
f 3010/3010 2109/2109 826/826
f 633/633 6365/6365 3847/3847
f 633/633 7258/7258 6365/6365
f 3847/3847 4473/4473 826/826
f 3014/3014 7104/7104 5937/5937
f 6870/6870 7104/7104 7755/7755
f 6870/6870 6344/6344 7104/7104
f 4663/4663 6665/6665 251/251
f 6665/6665 7452/7452 251/251
f 7452/7452 6870/6870 251/251
f 7452/7452 6344/6344 6870/6870
f 7104/7104 6344/6344 5937/5937
f 1671/1671 5937/5937 6344/6344
f 1814/1814 137/137 7259/7259
f 137/137 7365/7365 7259/7259
f 4784/4784 7366/7366 138/138
f 138/138 1022/1022 4784/4784
f 7365/7365 1814/1814 7259/7259
f 929/929 1814/1814 4202/4202
f 929/929 4202/4202 4720/4720
f 5988/5988 6140/6140 4784/4784
f 4784/4784 7816/7816 459/459
f 6140/6140 7816/7816 4784/4784
f 6140/6140 512/512 7816/7816
f 5988/5988 4784/4784 1022/1022
f 5988/5988 4955/4955 6140/6140
f 2970/2970 2495/2495 512/512
f 2970/2970 2109/2109 2495/2495
f 4955/4955 512/512 6140/6140
f 4955/4955 2970/2970 512/512
f 4279/4279 2109/2109 2970/2970
f 4955/4955 4279/4279 2970/2970
f 4063/4063 5967/5967 6096/6096
f 4436/4436 5967/5967 4063/4063
f 4720/4720 1491/1491 929/929
f 633/633 4955/4955 5988/5988
f 633/633 4279/4279 4955/4955
f 826/826 2109/2109 4279/4279
f 4279/4279 3847/3847 826/826
f 633/633 3847/3847 4279/4279
f 1612/1612 6596/6596 7411/7411
f 2808/2808 2568/2568 7411/7411
f 6596/6596 2808/2808 7411/7411
f 903/903 3585/3585 2770/2770
f 1612/1612 2770/2770 6596/6596
f 1612/1612 903/903 2770/2770
f 867/867 6596/6596 2770/2770
f 2488/2488 867/867 2770/2770
f 2488/2488 2770/2770 3585/3585
f 2269/2269 3585/3585 4278/4278
f 2269/2269 2488/2488 3585/3585
f 2488/2488 2269/2269 3770/3770
f 6415/6415 3770/3770 2269/2269
f 5493/5493 867/867 2488/2488
f 3044/3044 867/867 5493/5493
f 3770/3770 5493/5493 2488/2488
f 2808/2808 6596/6596 7486/7486
f 2568/2568 2808/2808 7258/7258
f 867/867 7486/7486 6596/6596
f 6820/6820 7486/7486 3044/3044
f 2808/2808 7486/7486 7258/7258
f 7486/7486 6820/6820 5137/5137
f 7486/7486 867/867 3044/3044
f 3044/3044 5493/5493 1660/1660
f 5138/5138 4251/4251 6415/6415
f 5138/5138 4315/4315 30/30
f 475/475 3009/3009 2842/2842
f 2842/2842 3009/3009 2522/2522
f 2523/2523 3010/3010 826/826
f 5914/5914 6365/6365 7258/7258
f 7258/7258 7486/7486 5914/5914
f 5137/5137 5914/5914 7486/7486
f 2505/2505 5914/5914 5137/5137
f 4473/4473 3847/3847 6365/6365
f 5914/5914 4473/4473 6365/6365
f 2505/2505 4473/4473 5914/5914
f 5483/5483 4473/4473 2505/2505
f 2523/2523 826/826 4473/4473
f 2633/2633 4473/4473 5483/5483
f 2633/2633 2523/2523 4473/4473
f 4300/4300 7452/7452 6665/6665
f 7452/7452 1671/1671 6344/6344
f 4300/4300 6665/6665 4129/4129
f 4129/4129 7469/7469 4300/4300
f 4300/4300 4117/4117 7452/7452
f 4117/4117 4300/4300 7469/7469
f 1671/1671 7452/7452 4117/4117
f 3799/3799 1671/1671 4117/4117
f 2522/2522 2605/2605 2842/2842
f 3160/3160 2842/2842 2605/2605
f 6164/6164 2456/2456 3338/3338
f 2456/2456 6164/6164 4381/4381
f 3160/3160 2605/2605 7197/7197
f 3338/3338 3160/3160 7197/7197
f 7197/7197 6598/6598 3338/3338
f 6164/6164 3338/3338 6598/6598
f 4459/4459 2633/2633 5483/5483
f 2605/2605 2522/2522 2632/2632
f 7197/7197 2605/2605 1314/1314
f 1314/1314 6598/6598 7197/7197
f 2510/2510 4087/4087 7793/7793
f 4087/4087 3098/3098 5305/5305
f 3098/3098 4087/4087 5103/5103
f 4459/4459 7852/7852 2633/2633
f 1314/1314 2605/2605 2632/2632
f 7853/7853 1314/1314 2632/2632
f 7852/7852 4459/4459 5305/5305
f 1314/1314 7853/7853 3672/3672
f 7994/7994 6598/6598 1314/1314
f 3672/3672 7994/7994 1314/1314
f 3098/3098 7852/7852 5305/5305
f 3672/3672 7853/7853 3099/3099
f 3770/3770 6415/6415 4251/4251
f 3044/3044 1765/1765 6820/6820
f 1779/1779 1660/1660 5493/5493
f 1779/1779 5493/5493 3770/3770
f 1779/1779 504/504 1660/1660
f 4251/4251 504/504 1779/1779
f 4251/4251 1779/1779 3770/3770
f 3044/3044 1660/1660 1765/1765
f 504/504 1765/1765 1660/1660
f 1765/1765 504/504 7607/7607
f 7607/7607 3472/3472 3485/3485
f 3472/3472 504/504 4251/4251
f 3472/3472 7607/7607 504/504
f 30/30 3472/3472 4251/4251
f 4087/4087 3472/3472 30/30
f 30/30 4251/4251 5138/5138
f 4087/4087 514/514 3472/3472
f 7793/7793 4087/4087 30/30
f 1765/1765 5137/5137 6820/6820
f 7607/7607 2505/2505 5137/5137
f 5137/5137 1765/1765 7607/7607
f 3485/3485 5483/5483 2505/2505
f 3485/3485 2505/2505 7607/7607
f 5483/5483 3485/3485 4459/4459
f 3485/3485 3472/3472 514/514
f 514/514 4459/4459 3485/3485
f 5305/5305 4459/4459 514/514
f 514/514 4087/4087 5305/5305
f 6722/6722 3892/3892 2915/2915
f 6722/6722 2915/2915 2177/2177
f 2915/2915 6051/6051 2177/2177
f 7727/7727 6722/6722 2177/2177
f 7727/7727 4183/4183 6722/6722
f 5210/5210 2177/2177 6051/6051
f 7727/7727 2177/2177 5210/5210
f 2839/2839 1962/1962 4183/4183
f 3892/3892 6722/6722 4183/4183
f 4183/4183 7727/7727 2839/2839
f 4092/4092 2839/2839 7727/7727
f 1962/1962 2839/2839 5657/5657
f 1962/1962 5657/5657 4642/4642
f 5657/5657 2839/2839 4092/4092
f 6051/6051 6014/6014 5210/5210
f 4401/4401 5210/5210 6014/6014
f 7950/7950 7727/7727 5210/5210
f 4400/4400 6014/6014 7125/7125
f 5210/5210 4401/4401 7950/7950
f 7125/7125 2149/2149 4400/4400
f 4401/4401 3323/3323 7950/7950
f 3322/3322 4400/4400 2149/2149
f 2149/2149 1681/1681 3322/3322
f 7641/7641 4092/4092 7727/7727
f 7641/7641 7727/7727 7950/7950
f 5657/5657 4092/4092 6177/6177
f 7641/7641 7165/7165 4092/4092
f 4092/4092 7165/7165 6177/6177
f 7943/7943 7165/7165 7641/7641
f 7950/7950 3323/3323 7641/7641
f 7641/7641 3323/3323 7943/7943
f 7165/7165 7943/7943 1061/1061
f 4642/4642 5657/5657 6177/6177
f 5138/5138 4642/4642 6177/6177
f 2631/2631 907/907 2149/2149
f 2149/2149 907/907 1681/1681
f 2631/2631 6626/6626 470/470
f 907/907 2631/2631 470/470
f 907/907 470/470 1321/1321
f 7942/7942 3322/3322 1681/1681
f 1681/1681 907/907 1321/1321
f 7942/7942 1681/1681 481/481
f 1681/1681 1321/1321 481/481
f 481/481 1060/1060 7942/7942
f 481/481 6342/6342 1060/1060
f 1321/1321 470/470 386/386
f 386/386 151/151 1321/1321
f 6342/6342 481/481 6454/6454
f 6454/6454 481/481 1321/1321
f 1233/1233 6454/6454 151/151
f 151/151 6454/6454 1321/1321
f 7321/7321 470/470 6626/6626
f 386/386 470/470 7321/7321
f 6499/6499 2451/2451 7321/7321
f 328/328 7321/7321 2451/2451
f 151/151 2589/2589 1233/1233
f 386/386 2804/2804 151/151
f 2589/2589 151/151 2804/2804
f 2804/2804 7321/7321 328/328
f 4159/4159 2804/2804 328/328
f 2804/2804 386/386 7321/7321
f 5138/5138 845/845 6810/6810
f 1061/1061 6177/6177 7165/7165
f 1061/1061 845/845 6177/6177
f 845/845 5138/5138 6177/6177
f 1061/1061 6343/6343 845/845
f 6342/6342 1233/1233 3207/3207
f 6810/6810 845/845 3208/3208
f 845/845 6343/6343 3208/3208
f 6454/6454 1233/1233 6342/6342
f 30/30 4315/4315 7793/7793
f 4315/4315 5138/5138 6810/6810
f 6810/6810 4817/4817 4315/4315
f 4817/4817 6810/6810 5965/5965
f 4011/4011 2510/2510 4315/4315
f 7793/7793 4315/4315 2510/2510
f 4817/4817 4011/4011 4315/4315
f 7855/7855 4011/4011 4817/4817
f 4011/4011 7855/7855 776/776
f 5966/5966 3207/3207 1233/1233
f 5966/5966 1233/1233 2589/2589
f 4159/4159 6339/6339 2589/2589
f 4159/4159 2589/2589 2804/2804
f 5966/5966 2589/2589 6339/6339
f 7854/7854 6339/6339 4245/4245
f 4245/4245 6339/6339 4159/4159
f 3208/3208 5965/5965 6810/6810
f 5965/5965 7855/7855 4817/4817
f 7854/7854 5966/5966 6339/6339
f 4381/4381 6164/6164 7040/7040
f 7040/7040 5240/5240 2313/2313
f 4381/4381 7040/7040 2313/2313
f 2313/2313 328/328 2451/2451
f 5240/5240 4159/4159 328/328
f 328/328 2313/2313 5240/5240
f 5240/5240 7040/7040 3297/3297
f 2820/2820 5240/5240 3297/3297
f 5444/5444 4245/4245 2820/2820
f 3093/3093 2820/2820 1052/1052
f 7040/7040 6164/6164 3297/3297
f 3297/3297 6164/6164 1052/1052
f 6598/6598 1052/1052 6164/6164
f 1052/1052 6598/6598 7994/7994
f 1052/1052 2820/2820 3297/3297
f 5103/5103 4087/4087 2510/2510
f 776/776 5103/5103 4011/4011
f 4011/4011 5103/5103 2510/2510
f 776/776 3098/3098 5103/5103
f 3099/3099 775/775 3093/3093
f 3099/3099 3093/3093 3672/3672
f 775/775 7854/7854 5444/5444
f 3093/3093 5444/5444 2820/2820
f 3093/3093 775/775 5444/5444
f 1052/1052 7994/7994 3093/3093
f 7994/7994 3672/3672 3093/3093
f 5240/5240 4245/4245 4159/4159
f 5240/5240 2820/2820 4245/4245
f 5444/5444 7854/7854 4245/4245
f 5746/5746 7526/7526 5692/5692
f 1292/1292 4164/4164 5746/5746
f 1292/1292 5746/5746 5692/5692
f 3835/3835 4164/4164 554/554
f 554/554 4164/4164 1292/1292
f 554/554 1292/1292 3644/3644
f 1292/1292 7249/7249 3644/3644
f 5692/5692 7249/7249 1292/1292
f 4654/4654 5378/5378 1002/1002
f 1603/1603 5000/5000 2109/2109
f 2812/2812 5709/5709 5261/5261
f 193/193 2812/2812 5261/5261
f 2812/2812 4531/4531 5709/5709
f 1905/1905 2811/2811 4530/4530
f 5385/5385 4531/4531 2812/2812
f 2812/2812 193/193 5385/5385
f 5436/5436 3988/3988 1905/1905
f 1603/1603 193/193 5000/5000
f 1603/1603 5385/5385 193/193
f 171/171 4531/4531 5385/5385
f 6324/6324 171/171 5385/5385
f 172/172 1905/1905 4530/4530
f 1603/1603 6324/6324 5385/5385
f 7505/7505 171/171 6324/6324
f 172/172 7506/7506 7039/7039
f 172/172 7039/7039 1905/1905
f 4384/4384 6324/6324 1603/1603
f 7475/7475 7505/7505 6324/6324
f 6324/6324 4384/4384 7475/7475
f 7023/7023 7039/7039 7506/7506
f 233/233 7013/7013 4370/4370
f 7013/7013 233/233 2122/2122
f 3182/3182 4370/4370 7013/7013
f 3182/3182 7013/7013 4938/4938
f 4938/4938 7013/7013 2122/2122
f 4938/4938 2122/2122 1794/1794
f 2122/2122 4507/4507 1794/1794
f 4938/4938 1794/1794 5959/5959
f 5959/5959 1794/1794 7717/7717
f 1794/1794 4507/4507 7717/7717
f 7154/7154 7716/7716 4506/4506
f 4506/4506 6028/6028 7154/7154
f 5074/5074 7154/7154 6028/6028
f 6028/6028 4678/4678 5074/5074
f 3830/3830 3182/3182 3860/3860
f 3860/3860 3182/3182 4938/4938
f 1103/1103 4409/4409 771/771
f 2199/2199 1103/1103 771/771
f 1103/1103 2199/2199 7009/7009
f 2199/2199 6444/6444 7009/7009
f 656/656 7009/7009 6444/6444
f 233/233 4370/4370 5005/5005
f 102/102 1103/1103 7334/7334
f 2191/2191 102/102 7334/7334
f 7334/7334 1103/1103 7009/7009
f 7009/7009 1877/1877 7334/7334
f 7334/7334 1877/1877 5005/5005
f 7334/7334 5005/5005 2191/2191
f 233/233 5005/5005 1877/1877
f 4507/4507 2122/2122 233/233
f 233/233 2990/2990 4507/4507
f 1454/1454 233/233 1877/1877
f 7009/7009 1454/1454 1877/1877
f 1454/1454 7009/7009 6372/6372
f 2990/2990 233/233 202/202
f 202/202 233/233 1454/1454
f 6372/6372 202/202 1454/1454
f 656/656 6372/6372 7009/7009
f 656/656 603/603 202/202
f 202/202 6372/6372 656/656
f 6308/6308 5706/5706 739/739
f 5706/5706 6308/6308 3105/3105
f 3885/3885 739/739 5775/5775
f 3885/3885 6308/6308 739/739
f 3390/3390 603/603 656/656
f 4506/4506 2989/2989 4876/4876
f 4876/4876 2989/2989 5428/5428
f 201/201 5428/5428 2989/2989
f 201/201 604/604 5428/5428
f 6028/6028 4506/4506 4876/4876
f 2088/2088 4678/4678 6028/6028
f 2088/2088 6028/6028 4876/4876
f 4663/4663 5428/5428 604/604
f 2088/2088 5428/5428 4663/4663
f 6643/6643 4384/4384 1603/1603
f 6643/6643 1603/1603 2109/2109
f 7476/7476 2938/2938 7506/7506
f 4384/4384 5167/5167 7475/7475
f 2938/2938 7476/7476 5168/5168
f 2938/2938 7023/7023 7506/7506
f 6643/6643 5167/5167 4384/4384
f 5168/5168 7691/7691 2938/2938
f 7691/7691 4593/4593 2938/2938
f 6643/6643 7184/7184 5167/5167
f 2312/2312 6518/6518 7446/7446
f 6518/6518 5168/5168 7446/7446
f 5167/5167 7184/7184 7445/7445
f 7184/7184 700/700 7445/7445
f 701/701 2312/2312 7446/7446
f 5168/5168 6518/6518 7691/7691
f 4593/4593 7691/7691 7154/7154
f 5074/5074 1176/1176 4593/4593
f 5074/5074 4678/4678 1176/1176
f 751/751 4593/4593 1176/1176
f 5074/5074 4593/4593 7154/7154
f 6633/6633 1176/1176 4678/4678
f 6633/6633 751/751 1176/1176
f 4593/4593 2032/2032 2938/2938
f 4593/4593 751/751 2032/2032
f 751/751 6633/6633 7755/7755
f 6633/6633 4678/4678 2088/2088
f 4663/4663 6633/6633 2088/2088
f 251/251 6633/6633 4663/4663
f 251/251 6870/6870 6633/6633
f 6633/6633 6870/6870 7755/7755
f 2495/2495 6614/6614 512/512
f 2495/2495 2109/2109 5000/5000
f 3830/3830 3860/3860 3766/3766
f 3766/3766 475/475 2842/2842
f 5217/5217 4143/4143 6208/6208
f 6208/6208 2114/2114 5217/5217
f 3684/3684 5217/5217 2114/2114
f 3683/3683 4240/4240 5216/5216
f 5601/5601 4240/4240 3683/3683
f 7237/7237 7140/7140 2148/2148
f 7140/7140 964/964 2148/2148
f 964/964 2509/2509 2148/2148
f 1028/1028 2509/2509 964/964
f 6541/6541 964/964 7140/7140
f 7692/7692 5937/5937 3799/3799
f 1345/1345 2509/2509 1028/1028
f 1028/1028 7234/7234 1345/1345
f 2148/2148 2509/2509 1345/1345
f 6219/6219 3389/3389 7593/7593
f 3500/3500 6219/6219 7593/7593
f 4312/4312 755/755 3389/3389
f 4312/4312 3389/3389 6219/6219
f 2424/2424 4312/4312 6219/6219
f 6575/6575 1731/1731 5629/5629
f 120/120 5629/5629 7162/7162
f 7593/7593 6575/6575 60/60
f 7162/7162 1731/1731 3834/3834
f 7162/7162 5629/5629 1731/1731
f 7162/7162 3834/3834 612/612
f 5625/5625 612/612 3834/3834
f 2376/2376 7162/7162 612/612
f 5751/5751 2376/2376 612/612
f 5751/5751 612/612 928/928
f 7543/7543 6847/6847 120/120
f 5629/5629 60/60 6575/6575
f 7593/7593 60/60 3500/3500
f 5006/5006 203/203 60/60
f 5629/5629 120/120 5006/5006
f 5006/5006 120/120 6847/6847
f 5006/5006 60/60 5629/5629
f 7947/7947 5006/5006 6847/6847
f 7162/7162 2376/2376 120/120
f 2466/2466 7543/7543 6373/6373
f 7543/7543 5751/5751 6373/6373
f 7543/7543 120/120 2376/2376
f 7543/7543 2376/2376 5751/5751
f 203/203 7507/7507 5331/5331
f 6307/6307 2424/2424 6219/6219
f 6219/6219 3500/3500 6307/6307
f 5331/5331 6307/6307 3500/3500
f 7543/7543 7947/7947 6847/6847
f 7543/7543 2466/2466 7947/7947
f 2466/2466 3991/3991 7947/7947
f 4405/4405 646/646 3991/3991
f 7560/7560 7194/7194 646/646
f 3991/3991 7549/7549 4405/4405
f 3991/3991 646/646 7947/7947
f 7947/7947 646/646 7194/7194
f 5331/5331 3500/3500 60/60
f 7194/7194 5006/5006 7947/7947
f 203/203 5006/5006 7194/7194
f 1073/1073 203/203 7194/7194
f 1073/1073 7194/7194 7560/7560
f 203/203 5331/5331 60/60
f 7549/7549 3991/3991 2466/2466
f 7560/7560 4405/4405 964/964
f 4405/4405 7560/7560 646/646
f 1028/1028 964/964 4405/4405
f 4766/4766 7560/7560 6541/6541
f 964/964 6541/6541 7560/7560
f 1028/1028 4405/4405 7549/7549
f 4766/4766 1073/1073 7560/7560
f 7507/7507 203/203 4766/4766
f 1073/1073 4766/4766 203/203
f 7549/7549 7234/7234 1028/1028
f 7234/7234 7549/7549 4403/4403
f 1948/1948 5937/5937 7692/7692
f 5937/5937 1948/1948 449/449
f 6508/6508 1948/1948 5720/5720
f 7234/7234 4403/4403 6508/6508
f 5720/5720 7234/7234 6508/6508
f 449/449 1948/1948 6508/6508
f 6508/6508 4403/4403 7566/7566
f 928/928 7025/7025 5939/5939
f 928/928 5939/5939 6856/6856
f 449/449 4377/4377 5617/5617
f 3743/3743 5939/5939 4377/4377
f 3743/3743 4377/4377 449/449
f 5617/5617 5937/5937 449/449
f 6856/6856 5939/5939 3743/3743
f 928/928 3465/3465 5751/5751
f 6856/6856 3465/3465 928/928
f 5751/5751 3465/3465 6373/6373
f 449/449 7246/7246 3743/3743
f 3743/3743 7246/7246 6856/6856
f 3465/3465 6856/6856 7246/7246
f 3465/3465 7246/7246 6373/6373
f 2466/2466 6373/6373 3891/3891
f 2466/2466 3891/3891 7549/7549
f 5018/5018 3891/3891 6373/6373
f 449/449 6508/6508 5018/5018
f 5018/5018 6508/6508 7566/7566
f 7566/7566 3891/3891 5018/5018
f 5018/5018 6373/6373 7246/7246
f 449/449 5018/5018 7246/7246
f 7549/7549 3891/3891 7566/7566
f 4403/4403 7549/7549 7566/7566
f 1912/1912 6208/6208 1522/1522
f 1912/1912 2114/2114 6208/6208
f 1516/1516 2150/2150 2114/2114
f 2114/2114 5842/5842 3684/3684
f 1090/1090 5601/5601 3683/3683
f 2114/2114 2150/2150 5842/5842
f 1516/1516 2114/2114 1912/1912
f 3683/3683 5843/5843 1090/1090
f 1090/1090 5843/5843 366/366
f 4190/4190 5843/5843 2151/2151
f 4190/4190 366/366 5843/5843
f 1516/1516 4805/4805 2150/2150
f 4129/4129 4240/4240 5601/5601
f 2706/2706 5601/5601 5418/5418
f 5601/5601 2706/2706 4129/4129
f 4129/4129 2706/2706 7469/7469
f 5418/5418 5601/5601 1090/1090
f 366/366 5418/5418 1090/1090
f 2726/2726 5418/5418 366/366
f 4190/4190 7140/7140 366/366
f 7140/7140 4190/4190 2151/2151
f 7237/7237 366/366 7140/7140
f 2151/2151 6541/6541 7140/7140
f 2726/2726 366/366 7237/7237
f 2151/2151 5677/5677 6541/6541
f 988/988 5676/5676 4805/4805
f 2150/2150 4805/4805 5676/5676
f 2706/2706 5418/5418 3139/3139
f 4117/4117 7469/7469 2706/2706
f 4980/4980 4117/4117 2706/2706
f 3139/3139 4980/4980 2706/2706
f 3139/3139 5418/5418 2726/2726
f 1671/1671 3799/3799 5937/5937
f 3799/3799 4117/4117 4980/4980
f 3799/3799 3154/3154 7692/7692
f 3139/3139 3154/3154 4980/4980
f 3154/3154 3139/3139 2726/2726
f 3799/3799 4980/4980 3154/3154
f 3154/3154 2726/2726 6050/6050
f 3154/3154 4412/4412 7692/7692
f 2726/2726 7237/7237 6050/6050
f 7237/7237 2148/2148 4754/4754
f 6050/6050 7237/7237 4754/4754
f 4754/4754 2148/2148 1345/1345
f 1948/1948 4412/4412 5720/5720
f 5720/5720 4754/4754 1345/1345
f 4412/4412 6050/6050 4754/4754
f 4412/4412 1948/1948 7692/7692
f 4412/4412 3154/3154 6050/6050
f 4754/4754 5720/5720 4412/4412
f 7234/7234 5720/5720 1345/1345
f 5635/5635 4805/4805 1516/1516
f 2541/2541 4805/4805 5635/5635
f 946/946 4805/4805 2541/2541
f 946/946 988/988 4805/4805
f 4239/4239 988/988 946/946
f 946/946 2541/2541 5635/5635
f 4239/4239 946/946 2193/2193
f 2193/2193 6830/6830 4239/4239
f 5161/5161 4766/4766 6541/6541
f 5677/5677 7496/7496 6541/6541
f 7497/7497 5676/5676 988/988
f 7496/7496 5161/5161 6541/6541
f 5161/5161 7507/7507 4766/4766
f 6830/6830 6075/6075 4239/4239
f 7497/7497 988/988 4239/4239
f 4239/4239 6075/6075 7497/7497
f 4362/4362 6075/6075 6830/6830
f 523/523 6075/6075 4362/4362
f 6075/6075 523/523 7390/7390
f 6734/6734 7390/7390 523/523
f 3178/3178 6075/6075 7390/7390
f 6734/6734 3178/3178 7390/7390
f 3178/3178 7497/7497 6075/6075
f 8006/8006 6307/6307 5195/5195
f 8006/8006 657/657 6307/6307
f 5195/5195 6307/6307 5331/5331
f 5331/5331 7507/7507 4467/4467
f 5195/5195 5331/5331 4467/4467
f 2241/2241 7507/7507 5161/5161
f 4467/4467 7507/7507 2241/2241
f 7496/7496 2241/2241 5161/5161
f 8006/8006 5195/5195 2800/2800
f 4467/4467 2241/2241 7425/7425
f 5195/5195 4467/4467 7425/7425
f 4362/4362 6830/6830 4234/4234
f 4234/4234 5837/5837 4362/4362
f 4234/4234 7276/7276 5837/5837
f 5837/5837 523/523 4362/4362
f 523/523 5837/5837 7276/7276
f 6214/6214 6734/6734 523/523
f 7276/7276 6214/6214 523/523
f 3178/3178 6734/6734 6117/6117
f 6214/6214 6117/6117 6734/6734
f 6117/6117 6214/6214 3178/3178
f 1511/1511 7276/7276 4234/4234
f 7276/7276 1511/1511 6214/6214
f 6214/6214 4677/4677 3178/3178
f 3178/3178 4677/4677 7320/7320
f 6214/6214 7320/7320 4677/4677
f 7136/7136 2800/2800 5195/5195
f 5195/5195 7425/7425 7136/7136
f 1391/1391 6593/6593 2800/2800
f 835/835 2800/2800 7136/7136
f 835/835 7136/7136 7425/7425
f 7497/7497 3178/3178 440/440
f 2240/2240 7497/7497 440/440
f 3178/3178 7320/7320 440/440
f 2240/2240 440/440 7119/7119
f 7320/7320 7216/7216 440/440
f 440/440 7216/7216 7119/7119
f 2800/2800 835/835 1391/1391
f 7119/7119 7426/7426 2240/2240
f 6111/6111 7426/7426 7119/7119
f 6111/6111 836/836 7426/7426
f 836/836 6111/6111 639/639
f 3938/3938 6111/6111 7119/7119
f 3938/3938 6267/6267 6111/6111
f 6267/6267 639/639 6111/6111
f 5136/5136 7320/7320 6214/6214
f 7492/7492 7320/7320 6556/6556
f 7216/7216 3938/3938 7119/7119
f 7215/7215 7156/7156 3939/3939
f 2492/2492 7216/7216 7320/7320
f 1391/1391 7858/7858 6593/6593
f 1391/1391 4954/4954 7858/7858
f 4953/4953 1393/1393 640/640
f 640/640 2272/2272 4953/4953
f 719/719 4954/4954 7406/7406
f 639/639 1392/1392 836/836
f 1839/1839 640/640 6268/6268
f 2272/2272 640/640 1839/1839
f 2272/2272 7405/7405 4953/4953
f 4620/4620 2272/2272 1839/1839
f 4620/4620 1839/1839 6268/6268
f 7156/7156 6268/6268 3939/3939
f 2272/2272 4620/4620 7405/7405
f 7156/7156 4620/4620 6268/6268
f 7156/7156 7644/7644 4620/4620
f 7156/7156 7215/7215 1593/1593
f 7156/7156 1593/1593 7644/7644
f 7644/7644 7405/7405 4620/4620
f 7405/7405 7644/7644 6022/6022
f 4216/4216 6023/6023 7751/7751
f 6022/6022 7644/7644 7750/7750
f 7750/7750 7644/7644 3460/3460
f 5543/5543 1593/1593 7215/7215
f 7215/7215 2493/2493 5543/5543
f 7644/7644 1593/1593 1646/1646
f 5507/5507 1646/1646 1593/1593
f 5543/5543 5507/5507 1593/1593
f 7751/7751 2323/2323 4216/4216
f 7751/7751 3461/3461 2323/2323
f 1646/1646 3460/3460 7644/7644
f 5543/5543 3506/3506 5507/5507
f 3460/3460 1646/1646 5077/5077
f 4582/4582 1646/1646 5507/5507
f 4582/4582 5077/5077 1646/1646
f 3461/3461 2061/2061 2323/2323
f 2061/2061 1521/1521 2323/2323
f 772/772 1521/1521 2061/2061
f 772/772 6206/6206 1521/1521
f 5077/5077 2060/2060 3460/3460
f 1521/1521 6206/6206 5868/5868
f 2493/2493 3506/3506 5543/5543
f 2493/2493 5458/5458 3506/3506
f 5507/5507 3506/3506 4582/4582
f 5458/5458 2493/2493 2393/2393
f 773/773 2060/2060 5077/5077
f 773/773 5077/5077 4197/4197
f 4582/4582 4197/4197 5077/5077
f 7964/7964 6206/6206 772/772
f 4197/4197 7965/7965 773/773
f 4383/4383 4582/4582 3506/3506
f 4383/4383 4197/4197 4582/4582
f 3332/3332 4383/4383 3506/3506
f 4849/4849 3506/3506 5458/5458
f 3332/3332 3506/3506 4849/4849
f 1557/1557 3332/3332 4849/4849
f 7565/7565 144/144 7925/7925
f 7840/7840 6389/6389 272/272
f 7565/7565 177/177 7840/7840
f 6389/6389 7840/7840 756/756
f 6389/6389 756/756 5878/5878
f 1486/1486 177/177 7565/7565
f 1486/1486 7565/7565 7925/7925
f 177/177 756/756 7840/7840
f 756/756 177/177 6759/6759
f 5878/5878 756/756 6759/6759
f 3914/3914 272/272 4775/4775
f 5064/5064 3914/3914 2243/2243
f 3914/3914 6168/6168 2243/2243
f 4775/4775 1859/1859 6167/6167
f 6167/6167 3914/3914 4775/4775
f 4775/4775 272/272 6389/6389
f 6389/6389 1859/1859 4775/4775
f 2243/2243 6168/6168 2290/2290
f 1859/1859 2289/2289 6167/6167
f 5878/5878 1859/1859 6389/6389
f 6348/6348 1859/1859 5878/5878
f 6348/6348 2289/2289 1859/1859
f 2999/2999 3914/3914 5064/5064
f 2999/2999 272/272 3914/3914
f 7565/7565 272/272 2999/2999
f 3023/3023 2999/2999 5064/5064
f 468/468 5064/5064 2243/2243
f 7565/7565 7840/7840 272/272
f 144/144 7565/7565 2999/2999
f 144/144 2999/2999 3023/3023
f 5064/5064 2622/2622 3023/3023
f 3023/3023 1834/1834 144/144
f 468/468 2243/2243 2297/2297
f 2243/2243 2290/2290 2297/2297
f 2297/2297 4463/4463 468/468
f 5886/5886 4463/4463 2297/2297
f 2290/2290 6555/6555 2297/2297
f 2297/2297 6555/6555 5886/5886
f 3049/3049 6555/6555 2290/2290
f 3049/3049 2290/2290 6349/6349
f 6349/6349 2780/2780 3049/3049
f 2780/2780 2925/2925 3049/3049
f 4463/4463 1335/1335 4612/4612
f 4463/4463 5886/5886 1335/1335
f 1335/1335 5886/5886 6555/6555
f 4738/4738 1335/1335 6555/6555
f 2278/2278 6555/6555 3049/3049
f 3049/3049 2925/2925 2278/2278
f 6555/6555 2278/2278 4738/4738
f 258/258 6349/6349 5877/5877
f 6349/6349 258/258 2780/2780
f 7128/7128 2780/2780 258/258
f 7128/7128 2500/2500 2780/2780
f 2500/2500 2925/2925 2780/2780
f 4728/4728 7925/7925 144/144
f 4728/4728 1594/1594 7925/7925
f 1442/1442 3018/3018 6865/6865
f 7925/7925 5449/5449 1486/1486
f 7925/7925 1594/1594 5449/5449
f 727/727 5449/5449 1594/1594
f 727/727 1594/1594 1442/1442
f 2582/2582 1442/1442 6865/6865
f 1442/1442 2582/2582 1294/1294
f 4728/4728 144/144 1834/1834
f 745/745 468/468 4463/4463
f 1594/1594 4728/4728 3018/3018
f 1442/1442 1594/1594 3018/3018
f 745/745 4463/4463 4612/4612
f 1395/1395 4612/4612 1335/1335
f 1395/1395 1335/1335 4738/4738
f 4738/4738 2278/2278 615/615
f 615/615 1395/1395 4738/4738
f 1239/1239 615/615 2278/2278
f 745/745 4612/4612 4056/4056
f 4056/4056 4612/4612 5492/5492
f 2925/2925 6673/6673 2278/2278
f 2500/2500 6673/6673 2925/2925
f 1239/1239 2278/2278 6673/6673
f 1239/1239 6673/6673 2511/2511
f 2500/2500 2386/2386 6673/6673
f 615/615 1239/1239 2511/2511
f 2511/2511 6326/6326 615/615
f 6326/6326 2511/2511 7159/7159
f 5700/5700 6759/6759 2972/2972
f 6759/6759 177/177 2972/2972
f 4411/4411 2972/2972 177/177
f 177/177 1486/1486 4411/4411
f 6759/6759 5700/5700 5878/5878
f 7094/7094 258/258 5877/5877
f 2793/2793 4411/4411 1486/1486
f 4657/4657 5700/5700 2972/2972
f 2972/2972 4411/4411 4657/4657
f 1542/1542 5699/5699 4656/4656
f 7094/7094 5699/5699 1542/1542
f 7094/7094 5877/5877 5699/5699
f 2793/2793 1486/1486 5449/5449
f 2793/2793 5449/5449 6489/6489
f 4927/4927 4657/4657 4411/4411
f 4927/4927 1667/1667 4657/4657
f 1666/1666 1542/1542 4656/4656
f 1666/1666 7785/7785 1542/1542
f 7785/7785 7094/7094 1542/1542
f 3101/3101 7094/7094 7785/7785
f 3101/3101 258/258 7094/7094
f 258/258 3101/3101 7128/7128
f 2793/2793 4927/4927 4411/4411
f 4927/4927 4333/4333 1667/1667
f 1666/1666 4332/4332 7785/7785
f 4333/4333 4927/4927 1415/1415
f 2793/2793 1415/1415 4927/4927
f 2793/2793 6489/6489 3288/3288
f 1415/1415 2793/2793 3288/3288
f 5501/5501 4333/4333 1415/1415
f 3288/3288 5501/5501 1415/1415
f 7575/7575 3795/3795 5500/5500
f 3800/3800 7785/7785 4332/4332
f 3796/3796 3800/3800 4332/4332
f 7785/7785 3800/3800 3101/3101
f 3796/3796 3384/3384 3800/3800
f 4334/4334 5500/5500 3795/3795
f 3796/3796 3962/3962 3384/3384
f 3961/3961 3795/3795 7575/7575
f 6497/6497 3101/3101 3800/3800
f 3384/3384 6497/6497 3800/3800
f 3101/3101 6497/6497 7905/7905
f 5082/5082 6497/6497 3384/3384
f 5082/5082 7905/7905 6497/6497
f 3962/3962 5082/5082 3384/3384
f 1294/1294 727/727 1442/1442
f 727/727 6863/6863 5449/5449
f 6863/6863 6489/6489 5449/5449
f 1294/1294 4014/4014 727/727
f 1236/1236 4014/4014 1294/1294
f 1236/1236 811/811 4014/4014
f 7677/7677 3288/3288 6489/6489
f 7677/7677 6489/6489 6863/6863
f 1747/1747 5501/5501 3288/3288
f 1746/1746 7575/7575 5500/5500
f 1747/1747 3288/3288 7677/7677
f 4014/4014 6863/6863 727/727
f 4014/4014 7677/7677 6863/6863
f 7431/7431 7677/7677 4014/4014
f 7676/7676 7430/7430 3752/3752
f 3752/3752 1746/1746 7676/7676
f 7575/7575 1746/1746 3752/3752
f 811/811 7431/7431 4014/4014
f 812/812 3752/3752 7430/7430
f 4209/4209 3752/3752 812/812
f 3752/3752 4209/4209 7575/7575
f 2226/2226 7575/7575 6293/6293
f 2500/2500 7128/7128 562/562
f 2386/2386 2500/2500 562/562
f 2511/2511 6673/6673 2386/2386
f 2511/2511 2386/2386 2319/2319
f 2511/2511 2319/2319 7159/7159
f 562/562 1894/1894 2386/2386
f 3433/3433 2386/2386 1894/1894
f 7128/7128 3101/3101 7905/7905
f 562/562 7128/7128 7905/7905
f 1921/1921 7905/7905 5082/5082
f 3608/3608 5082/5082 3962/3962
f 3608/3608 1921/1921 5082/5082
f 7905/7905 1894/1894 562/562
f 1921/1921 1894/1894 7905/7905
f 1894/1894 1921/1921 3608/3608
f 2335/2335 3334/3334 6326/6326
f 2335/2335 6326/6326 7159/7159
f 694/694 3334/3334 2335/2335
f 5910/5910 2335/2335 7159/7159
f 694/694 2335/2335 6615/6615
f 2319/2319 2386/2386 3433/3433
f 2227/2227 3608/3608 3962/3962
f 2226/2226 3961/3961 7575/7575
f 3608/3608 3433/3433 1894/1894
f 2319/2319 3433/3433 2406/2406
f 3608/3608 2227/2227 2382/2382
f 3982/3982 2406/2406 3433/3433
f 2382/2382 3982/3982 3433/3433
f 2382/2382 3433/3433 3608/3608
f 884/884 2382/2382 2227/2227
f 884/884 3982/3982 2382/2382
f 885/885 2226/2226 6293/6293
f 2319/2319 2406/2406 5910/5910
f 2319/2319 5910/5910 7159/7159
f 5910/5910 6615/6615 2335/2335
f 5910/5910 2406/2406 3982/3982
f 3982/3982 884/884 7078/7078
f 7078/7078 5910/5910 3982/3982
f 6615/6615 5910/5910 7078/7078
f 1049/1049 5868/5868 6206/6206
f 3935/3935 5594/5594 1049/1049
f 3935/3935 7779/7779 2719/2719
f 1049/1049 5266/5266 3935/3935
f 4420/4420 1049/1049 6206/6206
f 4707/4707 4420/4420 6206/6206
f 3935/3935 5266/5266 7779/7779
f 4600/4600 7779/7779 5266/5266
f 5731/5731 4600/4600 5788/5788
f 35/35 5788/5788 4600/4600
f 35/35 4600/4600 5100/5100
f 5046/5046 838/838 1489/1489
f 1489/1489 838/838 5787/5787
f 4330/4330 5787/5787 34/34
f 1489/1489 5787/5787 4330/4330
f 4986/4986 5046/5046 1489/1489
f 1489/1489 4330/4330 4986/4986
f 4330/4330 34/34 5559/5559
f 4330/4330 5559/5559 4986/4986
f 2582/2582 5046/5046 4986/4986
f 5559/5559 2582/2582 4986/4986
f 5788/5788 839/839 5731/5731
f 2506/2506 35/35 5100/5100
f 2506/2506 5100/5100 4194/4194
f 34/34 2507/2507 5559/5559
f 4707/4707 6206/6206 7964/7964
f 3438/3438 4707/4707 7964/7964
f 7225/7225 7965/7965 4197/4197
f 7225/7225 4197/4197 4383/4383
f 7225/7225 3437/3437 7965/7965
f 3332/3332 7262/7262 4383/4383
f 4733/4733 7262/7262 3332/3332
f 4383/4383 7262/7262 7225/7225
f 7225/7225 6969/6969 3437/3437
f 2581/2581 6969/6969 7225/7225
f 7262/7262 2581/2581 7225/7225
f 7665/7665 1294/1294 2582/2582
f 4194/4194 1266/1266 2506/2506
f 5559/5559 2507/2507 1265/1265
f 5559/5559 1265/1265 7665/7665
f 5559/5559 7665/7665 2582/2582
f 6970/6970 1266/1266 4194/4194
f 2581/2581 1264/1264 6969/6969
f 7664/7664 1264/1264 2731/2731
f 654/654 1235/1235 7664/7664
f 7665/7665 1236/1236 1294/1294
f 2731/2731 1264/1264 2581/2581
f 654/654 7664/7664 2731/2731
f 1557/1557 4285/4285 3332/3332
f 4733/4733 3332/3332 4285/4285
f 2581/2581 7262/7262 6137/6137
f 6137/6137 7262/7262 4733/4733
f 4733/4733 4285/4285 6650/6650
f 6650/6650 4285/4285 1557/1557
f 2731/2731 2581/2581 6137/6137
f 6137/6137 8001/8001 2731/2731
f 654/654 2731/2731 8001/8001
f 8001/8001 6137/6137 4733/4733
f 2518/2518 654/654 8001/8001
f 2518/2518 4733/4733 6650/6650
f 4733/4733 2518/2518 8001/8001
f 5393/5393 654/654 2518/2518
f 654/654 5393/5393 1041/1041
f 1167/1167 2518/2518 6650/6650
f 5393/5393 2518/2518 1167/1167
f 7937/7937 812/812 1235/1235
f 7937/7937 4209/4209 812/812
f 1041/1041 1235/1235 654/654
f 6293/6293 7575/7575 4209/4209
f 6469/6469 7937/7937 1041/1041
f 6469/6469 1651/1651 4209/4209
f 7937/7937 1235/1235 1041/1041
f 6469/6469 4209/4209 7937/7937
f 1651/1651 6293/6293 4209/4209
f 1651/1651 3959/3959 6293/6293
f 6293/6293 3959/3959 885/885
f 6615/6615 921/921 694/694
f 6029/6029 694/694 921/921
f 921/921 6615/6615 7078/7078
f 3128/3128 921/921 7078/7078
f 4153/4153 7078/7078 885/885
f 4153/4153 3128/3128 7078/7078
f 2141/2141 694/694 6029/6029
f 6029/6029 891/891 2141/2141
f 7916/7916 6029/6029 921/921
f 7916/7916 921/921 3128/3128
f 891/891 6029/6029 7916/7916
f 4124/4124 7916/7916 3128/3128
f 3959/3959 4153/4153 885/885
f 898/898 4153/4153 3959/3959
f 4124/4124 3128/3128 4153/4153
f 3418/3418 3597/3597 2305/2305
f 3597/3597 3418/3418 7064/7064
f 3418/3418 4090/4090 7064/7064
f 3597/3597 2141/2141 891/891
f 891/891 7916/7916 173/173
f 4153/4153 898/898 4124/4124
f 173/173 7916/7916 4124/4124
f 2305/2305 3597/3597 891/891
f 898/898 173/173 4124/4124
f 2305/2305 891/891 173/173
f 1669/1669 2305/2305 173/173
f 4514/4514 1669/1669 173/173
f 4514/4514 898/898 3959/3959
f 898/898 4514/4514 173/173
f 3418/3418 2305/2305 1669/1669
f 6110/6110 1395/1395 615/615
f 5492/5492 4612/4612 6110/6110
f 4612/4612 1395/1395 6110/6110
f 3309/3309 5492/5492 6110/6110
f 6110/6110 2940/2940 3309/3309
f 615/615 2940/2940 6110/6110
f 2940/2940 615/615 6326/6326
f 581/581 3309/3309 2940/2940
f 4056/4056 5492/5492 321/321
f 3309/3309 321/321 5492/5492
f 3334/3334 581/581 2940/2940
f 3334/3334 2940/2940 6326/6326
f 5377/5377 321/321 3309/3309
f 4709/4709 3309/3309 581/581
f 4709/4709 5377/5377 3309/3309
f 5382/5382 4709/4709 581/581
f 6074/6074 321/321 5377/5377
f 4020/4020 5377/5377 4709/4709
f 4020/4020 4709/4709 5382/5382
f 581/581 3334/3334 694/694
f 6074/6074 5377/5377 4020/4020
f 3188/3188 6074/6074 4020/4020
f 2529/2529 3188/3188 4020/4020
f 5382/5382 2141/2141 7998/7998
f 7998/7998 4020/4020 5382/5382
f 2529/2529 4020/4020 7998/7998
f 312/312 3188/3188 2529/2529
f 2141/2141 5382/5382 581/581
f 2141/2141 3597/3597 7998/7998
f 3597/3597 2529/2529 7998/7998
f 896/896 2344/2344 4090/4090
f 2344/2344 312/312 4090/4090
f 2529/2529 7064/7064 312/312
f 4090/4090 312/312 7064/7064
f 7064/7064 2529/2529 3597/3597
f 2141/2141 581/581 694/694
f 1067/1067 4563/4563 7504/7504
f 7504/7504 4849/4849 5458/5458
f 7515/7515 4563/4563 7109/7109
f 5181/5181 7515/7515 7109/7109
f 7504/7504 1124/1124 4849/4849
f 7504/7504 4563/4563 1124/1124
f 1124/1124 4563/4563 7535/7535
f 4359/4359 1557/1557 4849/4849
f 1124/1124 4359/4359 4849/4849
f 1124/1124 7753/7753 4359/4359
f 4359/4359 6650/6650 1557/1557
f 4359/4359 1167/1167 6650/6650
f 5755/5755 1041/1041 5393/5393
f 4167/4167 1041/1041 5755/5755
f 2947/2947 5393/5393 1167/1167
f 7753/7753 1167/1167 4359/4359
f 6045/6045 1167/1167 7753/7753
f 2947/2947 1167/1167 6045/6045
f 5755/5755 5393/5393 2947/2947
f 6926/6926 4167/4167 5755/5755
f 4167/4167 5512/5512 2746/2746
f 4563/4563 7515/7515 7535/7535
f 7726/7726 7515/7515 5181/5181
f 1425/1425 808/808 7726/7726
f 1425/1425 7726/7726 5181/5181
f 7535/7535 7515/7515 1677/1677
f 7515/7515 7726/7726 6496/6496
f 808/808 6496/6496 7726/7726
f 7515/7515 6496/6496 1677/1677
f 7535/7535 1677/1677 5223/5223
f 1677/1677 6496/6496 4023/4023
f 5223/5223 1124/1124 7535/7535
f 5223/5223 7753/7753 1124/1124
f 5223/5223 7516/7516 7753/7753
f 7516/7516 6045/6045 7753/7753
f 4023/4023 5223/5223 1677/1677
f 4023/4023 7516/7516 5223/5223
f 7890/7890 7516/7516 4023/4023
f 7890/7890 2947/2947 7516/7516
f 7889/7889 809/809 2409/2409
f 809/809 7889/7889 4671/4671
f 4672/4672 6496/6496 808/808
f 4672/4672 4023/4023 6496/6496
f 7890/7890 4023/4023 4672/4672
f 3739/3739 6925/6925 7889/7889
f 6528/6528 1528/1528 3739/3739
f 1528/1528 6925/6925 3739/3739
f 4068/4068 1528/1528 6528/6528
f 1023/1023 1528/1528 4068/4068
f 532/532 808/808 1425/1425
f 2409/2409 809/809 531/531
f 3739/3739 2409/2409 531/531
f 5129/5129 6276/6276 3739/3739
f 531/531 5129/5129 3739/3739
f 6528/6528 3739/3739 6276/6276
f 3739/3739 7889/7889 2409/2409
f 4068/4068 6528/6528 6276/6276
f 2947/2947 6045/6045 7516/7516
f 6926/6926 5755/5755 2947/2947
f 6926/6926 2947/2947 7890/7890
f 6824/6824 5512/5512 4167/4167
f 6824/6824 4167/4167 6926/6926
f 5512/5512 6824/6824 2835/2835
f 7696/7696 6925/6925 1528/1528
f 6184/6184 6824/6824 6926/6926
f 2835/2835 6824/6824 6184/6184
f 6807/6807 5315/5315 2835/2835
f 428/428 4276/4276 4913/4913
f 4913/4913 4276/4276 3502/3502
f 3502/3502 833/833 4913/4913
f 833/833 3502/3502 713/713
f 3986/3986 2997/2997 3423/3423
f 3257/3257 3423/3423 5260/5260
f 3114/3114 5260/5260 3986/3986
f 5260/5260 3423/3423 2997/2997
f 3986/3986 5260/5260 2997/2997
f 541/541 3114/3114 1525/1525
f 1525/1525 428/428 5734/5734
f 5734/5734 428/428 4913/4913
f 2797/2797 3114/3114 541/541
f 541/541 6233/6233 2797/2797
f 300/300 6233/6233 541/541
f 7298/7298 5734/5734 4913/4913
f 833/833 409/409 4913/4913
f 5734/5734 541/541 1525/1525
f 5734/5734 300/300 541/541
f 1041/1041 4167/4167 6469/6469
f 1651/1651 6469/6469 2746/2746
f 2746/2746 6469/6469 4167/4167
f 2746/2746 5512/5512 1651/1651
f 1651/1651 5315/5315 3959/3959
f 5315/5315 1651/1651 5512/5512
f 2835/2835 5315/5315 5512/5512
f 4090/4090 6359/6359 713/713
f 6359/6359 4090/4090 3418/3418
f 5789/5789 713/713 6359/6359
f 6359/6359 3418/3418 5003/5003
f 713/713 5789/5789 833/833
f 833/833 5789/5789 409/409
f 2421/2421 4668/4668 6892/6892
f 5315/5315 4668/4668 2421/2421
f 7749/7749 5789/5789 6359/6359
f 7749/7749 6359/6359 5003/5003
f 6892/6892 5003/5003 2421/2421
f 6892/6892 7749/7749 5003/5003
f 5315/5315 2421/2421 3959/3959
f 3959/3959 2421/2421 4514/4514
f 2421/2421 1669/1669 4514/4514
f 3418/3418 1669/1669 5003/5003
f 2421/2421 5003/5003 1669/1669
f 5315/5315 6758/6758 4668/4668
f 5283/5283 299/299 7298/7298
f 5315/5315 6288/6288 6758/6758
f 6233/6233 300/300 288/288
f 5283/5283 287/287 299/299
f 5283/5283 3422/3422 287/287
f 6288/6288 3422/3422 6758/6758
f 3422/3422 5283/5283 6758/6758
f 7298/7298 4913/4913 409/409
f 5283/5283 4668/4668 6758/6758
f 4668/4668 5283/5283 1529/1529
f 1529/1529 7298/7298 409/409
f 409/409 5789/5789 7749/7749
f 409/409 7749/7749 6892/6892
f 1529/1529 6892/6892 4668/4668
f 1529/1529 409/409 6892/6892
f 7298/7298 300/300 5734/5734
f 1529/1529 5283/5283 7298/7298
f 6685/6685 757/757 1023/1023
f 327/327 1528/1528 1023/1023
f 2744/2744 6685/6685 3326/3326
f 2744/2744 3326/3326 3423/3423
f 6685/6685 2744/2744 757/757
f 3423/3423 4838/4838 2744/2744
f 327/327 1023/1023 757/757
f 6925/6925 7696/7696 6185/6185
f 7696/7696 5698/5698 6185/6185
f 5698/5698 7696/7696 1528/1528
f 327/327 5698/5698 1528/1528
f 1364/1364 6185/6185 5698/5698
f 6184/6184 1365/1365 2835/2835
f 5529/5529 327/327 757/757
f 1364/1364 5698/5698 327/327
f 1364/1364 327/327 5529/5529
f 6857/6857 1364/1364 5529/5529
f 6857/6857 5529/5529 6899/6899
f 2835/2835 1365/1365 6858/6858
f 757/757 2744/2744 4838/4838
f 5529/5529 757/757 4838/4838
f 6899/6899 5529/5529 4838/4838
f 3257/3257 5260/5260 3879/3879
f 3423/3423 3257/3257 4838/4838
f 217/217 4838/4838 3257/3257
f 6899/6899 4838/4838 217/217
f 3879/3879 217/217 3257/3257
f 7570/7570 6807/6807 2835/2835
f 6858/6858 7570/7570 2835/2835
f 6899/6899 7571/7571 6857/6857
f 7571/7571 6899/6899 2379/2379
f 7570/7570 1799/1799 6807/6807
f 6288/6288 5315/5315 6807/6807
f 1799/1799 6288/6288 6807/6807
f 6899/6899 217/217 2379/2379
f 3879/3879 2862/2862 217/217
f 2379/2379 217/217 2862/2862
f 1798/1798 7571/7571 2379/2379
f 1798/1798 2379/2379 2862/2862
f 2797/2797 5260/5260 3114/3114
f 2983/2983 5260/5260 2797/2797
f 2983/2983 2797/2797 6233/6233
f 2862/2862 6465/6465 1798/1798
f 6465/6465 2862/2862 2983/2983
f 6466/6466 6288/6288 1799/1799
f 288/288 2983/2983 6233/6233
f 6465/6465 2983/2983 288/288
f 2983/2983 3879/3879 5260/5260
f 2862/2862 3879/3879 2983/2983
f 3422/3422 6288/6288 6466/6466
f 287/287 3422/3422 6466/6466
f 4090/4090 3502/3502 896/896
f 4090/4090 713/713 3502/3502
f 1049/1049 4420/4420 5266/5266
f 320/320 5266/5266 4420/4420
f 320/320 5100/5100 5266/5266
f 4194/4194 320/320 4420/4420
f 3438/3438 4194/4194 4420/4420
f 4600/4600 5266/5266 5100/5100
f 320/320 4194/4194 5100/5100
f 4420/4420 4707/4707 3438/3438
f 6970/6970 4194/4194 3438/3438