# https://github.com/mikedh/trimesh
mtllib material_0.mtl
usemtl material_0
v -0.00791001 0.01114362 -0.03090242
v 0.00468519 -0.00032118 0.04261378
v -0.00514521 -0.05129958 -0.01415762
v 0.01766439 0.04370682 -0.02786822
v -0.02991321 0.04319562 0.01791838
v 0.01413159 0.00393342 0.03997678
v -0.01535961 -0.03437598 0.02410978
v 0.02553639 -0.03039618 0.03404698
v -0.00395481 0.04063782 -0.03099482
v -0.02204121 0.03916602 0.01376158
v -0.04838361 0.04174542 0.02884858
v 0.01217319 -0.04981398 -0.00223082
v -0.03383001 0.03564042 -0.02262662
v -0.04208601 0.02793582 -0.01425902
v -0.04051161 0.04622922 0.03872578
v 0.01336359 -0.00968898 -0.03062102
v 0.00668199 -0.03301638 0.02935318
v -0.02949081 0.04194942 0.01886698
v 0.03106599 0.01521222 0.02775058
v -0.02515161 -0.01645518 0.03107518
v 0.04523559 0.00744942 -0.02986442
v -0.05030361 0.04205262 0.03172798
v -0.03889881 -0.03090078 0.00125158
v 0.01655079 0.00233382 -0.03048602
v 0.02638119 -0.02724798 0.03163258
v -0.02787801 -0.04100178 0.00223618
v -0.04200921 0.04436262 0.02112598
v 0.03782439 -0.00943158 0.02359858
v 0.05080359 0.00445122 -0.02015342
v 0.05080359 0.00445122 -0.02015342
v 0.02250279 -0.03187578 0.02336398
v 0.02250279 -0.00531978 0.03698938
v 0.01820199 -0.01263258 0.03800998
v -0.03095001 0.03150642 0.01870198
v -0.02937561 0.00013422 0.03385918
v 0.03275559 -0.02576418 0.02361478
v 0.03275559 -0.02576418 0.02361478
v 0.05241639 -0.05005458 0.00240598
v -0.04431321 -0.01669758 0.00839098
v -0.05256921 0.04223982 0.03694258
v -0.03290841 -0.02931558 0.01494778
v -0.04784601 0.05237022 0.03515878
v -0.03801561 -0.00422778 0.02326978
v -0.01205721 0.03205482 0.02813878
v -0.03682521 0.00382182 -0.03002762
v -0.04350681 0.02360862 -0.02114522
v 0.00526119 0.03451782 0.02668318
v 0.00840999 0.02216682 -0.02958062
v 0.04262439 -0.03689598 -0.00685982
v 0.03713319 -0.03068058 0.04251238
v -0.04151001 -0.01923378 -0.02968682
v -0.04857561 -0.00431178 -0.02434862
v -0.03717081 0.02540982 0.01640038
v 0.03951399 -0.03147978 0.04214038
v -0.00334041 0.02552982 0.03608638
v 0.04385319 -0.03784998 0.03918538
v 0.04542759 -0.04969998 0.03344398
v -0.00372441 -0.00438858 0.04946698
v 0.00257319 -0.02558238 0.03647278
v -0.01274841 -0.03117198 0.02876878
v -0.02926041 -0.03747018 -0.02730722
v 0.00652839 0.01877562 0.03896398
v 0.03759399 0.02453802 -0.03034022
v 0.01950759 0.04611762 -0.02055302
v -0.00211161 0.00669102 0.04255318
v -0.04849881 0.04842882 0.03088498
v -0.04849881 0.04842882 0.03088498
v 0.04312359 -0.02542458 -0.02438162
v -0.00445401 -0.01944678 -0.02940842
v -0.00956121 0.01043442 0.04140598
v -0.00956121 0.01043442 0.04140598
v -0.02135001 0.03656622 0.01811098
v -0.00207321 -0.05135898 -0.00486902
v -0.00049881 0.04791522 -0.02647442
v -0.04177881 0.02941602 0.01990498
v -0.03037401 0.01686642 0.02775598
v 0.02626599 -0.04452858 -0.00456842
v -0.00752601 0.00404202 0.04498858
v 0.02826279 0.03864222 0.00754558
v -0.03071961 0.02293842 -0.03036122
v -0.01105881 0.04990422 -0.01026542
v -0.02167101 -0.03209658 0.02270098
v 0.04871619 -0.01830198 -0.01504622
v 0.04871619 -0.01830198 -0.01504622
v 0.00271299 -0.03272478 0.03189658
v 0.01373379 0.04869342 -0.00363782
v -0.01575741 -0.00685998 -0.03009002
v 0.02160579 0.04586862 -0.01686902
v 0.01139139 0.04281582 -0.03066002
v 0.01454019 0.02450742 0.03009118
v -0.01218621 -0.04972098 -0.01724522
v 0.04011459 -0.03268038 -0.01770542
v -0.02593341 0.02118462 0.03056818
v -0.04282941 -0.02202918 0.00625138
v -0.03299901 0.04051302 0.02663638
v 0.05155779 0.00556062 -0.00822542
v -0.02708541 -0.00327798 0.03586858
v 0.02836419 -0.01934898 0.02892178
v -0.04555581 0.05300982 0.03600418
v 0.03623619 -0.03729618 -0.00734282
v 0.03623619 -0.03729618 -0.00734282
v 0.03781059 -0.04005858 0.03954358
v 0.00006339 -0.04827558 -0.02712542
v 0.04568259 -0.04078818 -0.00768602
v 0.04568259 -0.04084518 0.03750058
v 0.04568259 -0.04084518 0.03750058
v 0.01934019 -0.00757158 -0.02915222
v -0.00738621 0.00201462 0.04337218
v 0.05121219 0.00800682 -0.00953942
v -0.02585661 -0.02035578 0.03117658
v -0.01602621 -0.03433338 -0.02923502
v -0.04275261 -0.00870438 -0.03122882
v 0.00797379 -0.03775218 -0.02874782
v 0.03903939 -0.03019638 0.00591538
v 0.04061379 -0.02700198 -0.02677622
v -0.00853821 -0.01605378 0.04055158
v 0.04376259 0.02080302 0.00717118
v -0.00538941 0.00519522 0.04282498
v 0.03865539 -0.04480938 -0.00881462
v 0.05006019 -0.04264818 0.03598558
v 0.03197379 -0.02444058 0.02301478
v 0.03197379 -0.02444058 0.02301478
v 0.03197379 -0.02444058 0.02301478
v -0.05335101 0.04712262 0.03519358
v -0.05020221 0.04271262 0.03927058
v -0.04390461 0.02443062 0.00465658
v -0.01322301 -0.04934478 -0.00403502
v 0.02767299 -0.03195978 0.03095518
v 0.04890819 -0.04362438 0.00137218
v -0.01871421 -0.01109718 0.03928318
v -0.03522621 -0.01579878 -0.03021362
v -0.04701501 0.03967122 0.02495038
v -0.02931261 -0.00815238 0.03088678
v -0.02301501 0.04389942 0.00234418
v -0.03637821 0.03606882 0.02902078
v 0.00374979 0.01056822 0.04158958
v 0.04622019 0.00194622 -0.02963042
v -0.03910461 -0.02529078 0.01021978
v -0.03753021 0.02949462 0.02034238
v 0.05409219 -0.05606538 0.01938598
v 0.00455619 0.00433302 0.04756738
v 0.03562179 -0.03043218 0.01156618
v 0.03562179 -0.03043218 0.01156618
v -0.01706301 -0.02914698 0.02829418
v 0.05098179 -0.05157198 0.01818538
v -0.04732221 -0.01004958 0.00565858
v 0.01638339 -0.00767718 0.03981898
v 0.04902339 0.01373142 -0.01992002
v 0.04902339 0.01373142 -0.01992002
v -0.04928061 0.01195542 -0.01406042
v -0.04613181 0.03805182 0.01957138
v -0.03825981 0.00337182 -0.03037382
v -0.04651581 0.04077222 0.03300898
v -0.00719421 0.03777162 0.02287798
v -0.00089661 0.02848482 0.03327538
v 0.04787139 -0.00310398 -0.02790122
v -0.04060221 0.00084882 -0.03142202
v 0.02978499 -0.00096378 0.03098578
v -0.02919741 -0.00536238 0.03332938
v -0.04017981 0.02452362 0.01392298
v -0.02877501 -0.03608658 -0.02921642
v 0.04595139 -0.03858378 0.04276918
v 0.04910019 -0.05452578 0.01426678
v -0.04368801 -0.02198658 -0.02405522
v 0.01805919 0.00068022 -0.02981942
v 0.05699679 -0.05182818 0.01211818
v 0.04363359 -0.02677938 -0.02081522
v -0.00905121 0.03147882 0.03121918
v 0.04758879 -0.05329938 0.03007258
v 0.00984159 -0.02656638 0.03060058
v -0.04480161 0.02246022 -0.00059102
v 0.02715999 -0.00345258 0.03201838
v 0.03030879 -0.01509318 0.03016258
v -0.04242081 0.02394522 0.00983638
v -0.05144481 0.04344342 0.03247258
v -0.01761441 0.04603662 -0.02286542
v 0.00323679 -0.00501558 0.04715818
v -0.05102241 0.04357542 0.03770218
v -0.00187041 0.01162662 -0.03008882
v -0.01838241 -0.04246878 -0.02927642
v 0.04217439 -0.04633578 0.03781798
v -0.03489441 0.03870762 0.02958898
v -0.02034081 -0.02801118 0.02705818
v 0.05319519 -0.05513298 0.02554558
v 0.01859679 0.00053382 0.03950398
v -0.04076961 0.04278942 0.03876778
v -0.02779041 0.04451382 0.00538858
v -0.00812961 0.04620642 0.00968098
v -0.02660001 -0.04006938 -0.02654942
v 0.03710559 -0.04205298 0.04312018
v 0.03199839 0.03944022 -0.01764662
v 0.04340319 0.01707702 -0.02919122
v -0.03877281 -0.02857338 -0.02593742
v 0.04459359 -0.03758838 -0.00812522
v 0.02808159 -0.01348278 0.03255298
v -0.04073121 0.04499562 0.03900238
v -0.02656161 0.04216362 0.01395298
v 0.03556959 -0.02979378 0.04193698
v -0.00375201 0.02961162 0.03039478
v -0.04818081 0.04231842 0.03502198
v -0.00885921 0.04186302 0.01702258
v -0.05013921 -0.00849498 -0.01008242
v 0.02497119 -0.02132298 0.03247078
v -0.04737441 0.03673722 0.03084418
v -0.03439521 0.04418322 0.02685478
v 0.00611679 -0.05151858 -0.01110422
v 0.00377439 -0.01782318 0.04024078
v 0.00377439 -0.01782318 0.04024078
v 0.01675359 -0.00841038 -0.02958182
v 0.02973279 0.00983742 0.03213958
v -0.02610081 0.01609302 0.03190618
v 0.04036959 -0.03450678 -0.01061462
v 0.05019999 -0.04967898 0.00961618
v 0.04666719 -0.03961998 0.03849118
v 0.01049439 -0.01792518 -0.02917682
v -0.03865761 0.02210442 0.01478878
v -0.03865761 0.02210442 0.01478878
v 0.04628319 -0.03933438 -0.00578162
v -0.05044641 -0.00099138 -0.01645022
v -0.04572321 0.03050982 0.00804298
v 0.03449439 -0.03087678 0.03595558
v 0.05415519 -0.04711758 0.00587098
v -0.03785121 0.02621862 0.01675378
v -0.04610721 0.04297422 0.03134098
v 0.04866399 -0.04159758 -0.00177182
v -0.03823521 0.04625562 0.02469418
v -0.00440481 -0.01265898 0.04161538
v 0.02666079 0.04358622 -0.01339562
v -0.04921761 0.03939462 0.03694318
v -0.00832161 -0.00013638 0.04485538
v -0.00832161 -0.00013638 0.04485538
v 0.05695839 -0.05060298 0.01112878
v -0.03347361 -0.03654258 -0.02235662
v -0.04172961 0.04504602 0.02289958
v 0.00899679 -0.02658258 0.03110038
v 0.00664059 0.05037522 -0.01456262
v 0.03259899 -0.01060278 0.02899738
v -0.02166021 -0.02461218 0.03134818
v -0.04327941 0.02889282 0.01711138
v 0.02672379 0.00156642 0.03292798
v 0.02987259 0.03661542 0.00917338
v 0.04757499 -0.05221098 0.03503038
v -0.00983301 0.03974142 -0.03120722
v 0.03578619 -0.04098618 -0.02003882
v 0.03974139 -0.00772338 0.02165698
v 0.03305979 -0.04026978 -0.01194122
v 0.01497339 0.02907042 0.03119338
v -0.05226501 0.05174022 0.03332398
v -0.03102981 -0.01966818 -0.02973182
v -0.04477701 0.05241762 0.03682438
v 0.03033339 0.01462362 0.02908198
v 0.02207739 0.04497102 -0.00013322
v -0.04673541 0.03582282 0.02556538
v -0.04201221 -0.00449238 -0.03161222
v -0.03571461 0.03019062 0.02019118
v 0.04450299 -0.03651258 0.04272298
v -0.00150021 -0.02828538 0.03421198
v -0.03924741 0.04065282 0.03681418
v -0.03294981 0.03488202 0.02277358
v -0.02665221 0.00286722 0.03630898
v 0.04177659 -0.04735458 0.03984178
v -0.04354821 0.04839342 0.03851638
v -0.03095301 0.02859762 0.01890298
v 0.00011259 0.04812522 0.00662818
v -0.03291141 -0.02756538 -0.03123722
v -0.01010181 0.00439962 -0.03008462
v -0.01048581 0.04970082 -0.00459002
v -0.04665861 0.01300182 0.00591598
v 0.01036539 0.02689242 0.03128098
v -0.02108421 -0.02299458 0.03155638
v 0.04223739 -0.03683778 -0.01536482
v 0.05206779 -0.05057298 0.01624138
v 0.05206779 -0.05057298 0.01624138
v -0.01674501 0.02923122 -0.02982902
v -0.04347141 0.01155462 -0.03036302
v -0.01751301 -0.03552918 0.02176678
v 0.03321339 0.01817562 -0.02896502
v 0.03597819 -0.04260018 -0.01369442
v 0.05368059 -0.04570878 0.03197998
v -0.04815621 0.04318842 0.03796318
v -0.00883461 0.00015462 0.04769638
v -0.04658181 0.03577482 0.02278018
v -0.00726021 0.00527262 0.04764418
v -0.00726021 0.00527262 0.04764418
v 0.05133819 -0.00711018 -0.00588602
v -0.01747461 0.03462042 0.02281318
v 0.00533499 -0.00168378 0.04226338
v 0.02499579 0.04290762 -0.02273762
v 0.02541819 0.01024002 0.03003058
v -0.01271301 -0.03220938 0.02737078
v 0.04116219 -0.01199178 0.01849618
v -0.00641541 0.02927622 0.03041818
v -0.04297221 -0.01986138 0.00841558
v -0.02999301 0.00282282 0.03297058
v 0.05494779 -0.05066238 0.03001498
v 0.04120059 0.02163882 0.01149718
v 0.04749819 -0.01010958 0.00809338
v 0.03924219 -0.03566358 -0.02163782
v -0.00676101 -0.03322818 0.02852158
v -0.04450821 -0.02321598 -0.01866242
v 0.00936699 0.04962462 -0.00266402
v 0.01723899 -0.02251518 0.03070978
v 0.01723899 -0.02251518 0.03070978
v -0.04685061 0.04377582 0.02799478
v 0.04319739 -0.03765918 -0.01243082
v 0.04203159 -0.03792138 0.03901258
v 0.04203159 -0.03792138 0.03901258
v -0.03661161 0.02136882 0.01830718
v -0.04840041 0.01424382 -0.01623422
v 0.04913559 0.00387462 -0.02561402
v -0.03304041 0.04536642 0.01067998
v 0.00785559 -0.02358078 -0.02910842
v 0.04521879 -0.05023638 0.03770158
v 0.04168599 -0.03484278 -0.01038482
v -0.00589161 0.00510522 0.04899358
v -0.00589161 0.00510522 0.04899358
v -0.05032041 0.00744522 -0.00921242
v -0.03576681 0.04075062 0.03210058
v 0.04406679 -0.04826538 0.03571318
v 0.00436119 -0.00155298 0.04263598
v -0.02904681 -0.04176198 -0.00487982
v -0.00151401 -0.03791658 0.02420038
v 0.05078679 -0.04726158 0.02915638
v -0.00347241 0.04785582 -0.02640482
v -0.02666601 0.03860262 0.01677838
v -0.00385641 -0.03133098 0.03214618
v 0.05316759 -0.04810338 0.00948058
v -0.04356201 0.04028922 0.00998158
v 0.01307799 0.01151322 -0.03019322
v -0.03607401 0.02477262 -0.03129962
v -0.01326441 0.00354822 -0.03097082
v -0.04118121 -0.02281638 0.00915838
v -0.04786281 0.04040562 0.02761258
v -0.00854121 -0.02324238 -0.02940362
v -0.03330921 -0.02000898 -0.03024782
v 0.01899159 -0.04740798 -0.02087702
v 0.02882199 -0.01614738 0.03269338
v -0.03841641 0.03917022 0.03501058
v 0.01860759 -0.02694678 0.03241918
v -0.00811881 -0.00181758 0.04548778
v 0.00132759 -0.00450258 0.04937278
v 0.04341399 -0.03926118 -0.01120862
v -0.03365481 0.04239462 -0.00356822
v 0.04736919 -0.05287098 0.00825898
v 0.00136599 0.00736482 0.04702858
v 0.03558039 0.02140782 0.01959778
v 0.05524119 -0.04716078 0.03028078
v -0.04344681 0.02141442 0.00616198
v -0.03046761 0.00200322 0.03206398
v -0.04068201 0.04458702 0.01821178
v -0.01944681 -0.03763398 0.01800898
v -0.04578921 0.01392102 0.00747898
v -0.02808681 -0.01821078 0.03036958
v -0.01038441 -0.04145958 0.01780678
v 0.02344599 -0.02886018 0.02592058
v 0.03485079 -0.04033698 0.04162318
v -0.03396201 0.00319962 0.02871358
v -0.05047401 0.00281622 -0.00447722
v -0.04064361 0.00714582 0.01951438
v 0.02110359 0.00482262 0.03774298
v -0.02017641 -0.04213998 -0.02866502
v -0.02213481 0.04111062 0.01057798
v -0.04690281 0.03816222 0.03660898
v 0.02271639 -0.01851918 0.03090898
v 0.02667159 -0.00228138 0.03314338
v 0.00505239 -0.01206558 -0.02970242
v -0.04369101 -0.02590878 -0.00693902
v -0.04722381 -0.01367118 -0.02333942
v 0.00311859 -0.04608678 0.01250818
v -0.04603341 -0.02020518 -0.00196742
v -0.00041421 0.02424942 0.03695878
v 0.01532979 -0.02999478 0.02989378
v 0.01337139 0.04217622 0.01456378
v -0.02280141 -0.01026198 0.03747958
v -0.04284621 0.04518282 0.04007098
v -0.03301581 0.00318822 0.03122218
v -0.00820941 -0.00170298 0.04810558
v -0.00701901 0.02959242 0.03040258
v 0.03702579 -0.04185858 0.04075318
v -0.01723341 -0.02325918 0.03369838
v 0.00400179 0.00253962 0.04361158
v -0.00425421 0.03469122 0.02678878
v 0.03429939 -0.03976578 -0.01089842
v 0.03429939 -0.03976578 -0.01089842
v 0.05161779 -0.04502778 -0.00018182
v 0.05161779 -0.04855278 0.00940198
v 0.05161779 -0.04855278 0.00940198
v -0.01247181 -0.02324478 0.03628078
v 0.00208179 0.02748762 0.03400858
v -0.03566541 0.02471322 0.01715878
v -0.03566541 0.02471322 0.01715878
v -0.00617421 -0.03911118 -0.02930702
v 0.05714739 -0.05163378 0.02377978
v -0.01009101 -0.01916778 0.03932398
v 0.04063539 -0.03506598 -0.00967262
v 0.01744179 -0.02880618 0.02996218
v -0.03405261 -0.00512478 0.02767558
v -0.04741581 -0.00673938 0.00693238
v 0.03752499 -0.03017838 0.03870898
v 0.02888499 -0.02436618 0.02937478
v -0.02890701 0.04190922 -0.00740822
v -0.04227021 0.04665942 0.03593638
v -0.03086541 0.02348262 0.02302438
v -0.04776141 0.04387902 0.03272938
v 0.01279539 -0.03753498 0.02272318
v -0.01669581 0.03470682 -0.03024362
v 0.05369139 -0.04914378 0.03338158
v -0.01550541 0.04342242 0.01142998
v 0.03994419 -0.04223298 0.04382038
v 0.03326259 0.03317442 0.01004818
v 0.02658099 -0.04302858 -0.02255222
v 0.03445299 -0.03831678 -0.02127062
v -0.04419021 0.02213022 0.00289738
v -0.00682701 -0.00175338 0.04925998
v 0.04389939 0.02519802 -0.00087782
v -0.00367821 0.00657942 0.04227718
v 0.01755699 -0.01545618 0.03729658
v 0.01913139 0.02634042 0.03142018
v 0.04117299 0.02204982 -0.02908442
v -0.02606541 0.01538382 0.03279958
v 0.04747059 0.01411962 -0.02465042
v -0.00521421 0.04856202 0.00460738
v 0.03568179 -0.04270938 -0.01094042
v 0.01367859 -0.04031418 0.01881538
v -0.02760141 0.03430122 0.01785118
v -0.02760141 0.03430122 0.01785118
v 0.03925299 -0.01318158 0.02052838
v 0.04201779 -0.04065558 0.03843178
v -0.03505101 0.01066422 -0.02991662
v -0.05156301 0.05047542 0.03140698
v -0.05156301 0.05047542 0.03140698
v 0.00231219 -0.00563838 0.04678558
v 0.03731919 0.03307302 -0.02282402
v 0.02357199 -0.02775258 0.02647678
v -0.04366641 0.04851102 0.03920278
v -0.03736881 -0.03175818 0.00371998
v -0.00630321 0.03329802 0.02875918
v -0.00315441 0.05044182 -0.00261482
v 0.00629199 0.05059302 -0.00780362
v 0.00118479 0.04654722 0.01029478
v 0.04169679 -0.04325358 0.03807838
v 0.01182159 -0.05053698 -0.00833882
v 0.01182159 -0.05053698 -0.00833882
v -0.04401201 0.04573242 0.02717278
v -0.04124721 0.04267422 0.00932638
v 0.00437199 -0.02161638 0.03875158
v 0.01420239 0.00729162 0.04020418
v 0.04841679 -0.05157078 0.00947038
v 0.02049999 0.01314642 0.03533578
v -0.00111921 -0.01262418 -0.02984462
v -0.04554801 0.04502082 0.02779498
v -0.02116401 -0.03256038 -0.02963762
v -0.01720881 -0.02716458 0.03176698
v 0.02368719 -0.04204158 0.00878818
v 0.02487759 0.01062582 0.03198898
v -0.01286961 -0.04983438 -0.01284722
v -0.05061681 0.04759362 0.03380638
v -0.05061681 0.04759362 0.03380638
v 0.03079119 -0.02967498 0.02938198
v 0.03079119 -0.02967498 0.02938198
v 0.02883279 0.01732242 0.02904118
v 0.02057679 0.00166242 0.03843778
v -0.03525681 0.03953262 -0.00733742
v 0.05125839 -0.00353418 -0.01888802
v 0.05125839 -0.00353418 -0.01888802
v 0.02334159 -0.02200818 0.03290218
v 0.02334159 -0.02200818 0.03290218
v -0.03564081 -0.02536638 0.01543798
v -0.03564081 -0.01271958 0.02360758
v 0.00525519 -0.00048438 0.04838698
v 0.02649039 0.01275522 -0.02911502
v 0.02768079 -0.03165498 0.02900698
v 0.02768079 -0.03165498 0.02900698
v -0.01202481 -0.05010558 -0.01075022
v -0.01202481 -0.05010558 -0.01075022
v -0.04977201 0.04433262 0.03449338
v -0.00062001 0.00799422 0.04699258
v 0.01865679 -0.02447838 0.03218218
v -0.00296241 -0.04951998 0.00377938
v 0.00333519 -0.00336078 0.04908898
v -0.03441201 0.00784422 0.02673358
v -0.02300721 -0.04539138 -0.00402182
v -0.00883761 -0.05067618 -0.01446842
v 0.04661199 -0.01911858 0.00251638
v -0.00096561 0.00769662 0.04806478
v -0.03909681 0.01527582 -0.03161342
v -0.00645681 -0.02340318 0.03781498
v -0.04420401 0.02475522 -0.00377882
v -0.04262961 0.02293962 -0.02479982
v -0.00998961 -0.04835958 0.00417778
v -0.00015921 -0.00233418 -0.02979482
v 0.01439439 0.04372842 0.01135858
v 0.04860879 -0.04990998 -0.00045842
v -0.02020401 0.02818062 0.02758558
v -0.02020401 0.02818062 0.02758558
v 0.01086159 0.01365402 -0.03012122
v -0.03514161 -0.03398478 -0.02423222
v -0.00918321 0.01445742 -0.03007682
v 0.02345679 0.02444262 0.02837098
v 0.04311759 -0.02440278 0.00536518
v -0.03118641 0.03010902 0.01854478
v -0.03118641 0.03010902 0.01854478
v 0.03409359 -0.03903678 -0.02072102
v 0.03881679 -0.03278118 0.04356358
v -0.04335921 -0.00337278 0.01596598
v 0.04158159 0.02606622 -0.02525102
v 0.02349519 0.02205762 0.03173878
v 0.03489999 -0.04195878 -0.01480262
v -0.00442161 -0.02874498 0.03130978
v -0.00127281 0.00783642 0.04575478
v -0.00638001 0.00448842 0.04236898
v -0.00638001 0.00448842 0.04236898
v 0.02625999 -0.00790998 0.03096238
v 0.03255759 0.00397242 0.03230158
v -0.04055601 0.00318882 0.02030818
v 0.03455439 -0.03515838 0.04354198
v -0.02442801 -0.04489158 -0.00641522
v 0.01646799 0.04130502 0.01421338
v -0.03268401 -0.01335198 0.02635018
v 0.05658219 -0.05239638 0.01151158
v 0.03496299 -0.02027538 -0.02900762
v 0.05385579 -0.04934298 0.01449178
v 0.03381099 -0.00527358 0.02893078
v -0.04483221 -0.02241618 -0.00097742
v 0.05662059 -0.04952118 0.01319338
v -0.03185301 0.04230042 -0.00482762
v 0.03146859 0.04026342 -0.00636302
v -0.03734421 0.03733182 -0.00791882
v 0.04602219 -0.05182458 0.03445678
v 0.01614699 0.04799382 -0.00366782
v -0.00351381 0.04385322 0.01504438
v 0.04053099 -0.03241458 -0.01562522
v 0.00278379 -0.03129978 0.03226438
v -0.03181461 -0.03697998 -0.02473862
v 0.00554859 0.00118242 0.04785418
v 0.01342059 0.00479622 0.04058638
v 0.03112299 -0.02982438 0.03085138
v 0.03703659 0.00967602 -0.02888462
v 0.02447979 -0.01737738 0.03137758
v 0.04886379 0.01682502 -0.01228382
v -0.04944021 0.04013142 0.03135658
v 0.00600939 -0.04896558 -0.02548262
v 0.00758379 -0.05122278 -0.01470842
v -0.01718421 0.00683922 0.04046458
v 0.05320299 -0.05582178 0.01154278
v -0.01127061 0.02593362 0.03426418
v 0.02962539 -0.04115478 0.00153718
v 0.01311339 0.01896282 0.03685678
v 0.05243499 -0.04542198 0.00186958
v 0.05047659 -0.05175738 0.02114038
v 0.00762219 -0.02718918 0.03106018
v 0.01077099 0.02693322 0.03000838
v 0.00881259 -0.01843578 0.03930778
v 0.03477099 -0.02867658 -0.03027182
v -0.04072341 0.01448142 0.01677298
v 0.04932459 -0.05543118 0.02328178
v 0.05051499 -0.04452618 0.03926038
v -0.04464021 -0.01356978 -0.02850722
v -0.03166101 -0.01032078 0.03089218
v 0.04502379 -0.04761138 0.04052218
v 0.00885099 -0.02855358 0.03107158
v -0.03596181 0.02877342 -0.02929622
v -0.00489621 -0.04243758 -0.03058802
v 0.00808299 0.04467462 -0.02994542
v -0.01983381 -0.01339098 0.03814018
v -0.00017301 -0.05162178 -0.01478582
v 0.04387179 -0.03754998 -0.00610082
v -0.02494101 -0.01017138 0.03591358
v -0.04813461 -0.01391778 -0.01922942
v 0.02225259 -0.00040098 0.03748678
v -0.02060181 0.03306762 0.02260498
v 0.01991019 -0.04636398 0.00204478
v 0.01165419 -0.00509718 -0.02946542
v 0.03603819 -0.03280098 -0.02668502
v -0.01311381 -0.02538558 0.03413758
v 0.00812139 0.05034162 -0.01105562
v 0.04548459 0.02425962 -0.01275482
v 0.01088619 -0.01091958 -0.03056702
v -0.00562581 -0.04736658 0.00899158
v -0.02567061 -0.01541718 0.03230338
v 0.03803499 0.01723482 0.01937098
v 0.02977899 -0.03280158 0.01603498
v 0.00186219 0.04099962 -0.03096542
v -0.04571541 -0.00567438 -0.02929742
v 0.01956459 0.04659342 -0.00291182
v -0.00009621 0.01931142 -0.02973302
v 0.00147819 -0.00600678 0.04778038
v 0.02901099 -0.03251118 0.01756978
v -0.00754581 0.03793782 -0.03005042
v -0.04529301 0.03795882 0.03687058
v 0.01526379 -0.02341578 0.03345118
v 0.01526379 -0.02341578 0.03345118
v -0.00318201 -0.01930518 0.04001398
v 0.02788359 0.04284222 -0.00763322
v 0.04911879 -0.04643538 0.03140878
v -0.02871801 0.01726722 0.03086518
v -0.04208121 0.04677822 0.03506338
v 0.02988039 -0.02491758 0.03294778
v 0.02949639 -0.00983538 0.03246418
v 0.01140999 0.00150882 -0.02939462
v 0.05192199 -0.00220518 -0.01208462
v 0.04170759 -0.03840258 -0.01502102
v 0.00553479 0.00706722 0.04183498
v 0.03268359 -0.03730338 0.03969958
v -0.04476921 0.02911842 0.00040198
v 0.00204039 0.00629202 0.04843798
v 0.01110279 0.03158142 0.02901958
v 0.04374279 -0.03712518 -0.01086422
v 0.03982599 -0.04476438 -0.00883142
v 0.03867399 -0.04545438 -0.00499862
v 0.04654599 -0.02106198 -0.00044162
v 0.04654599 0.02047662 -0.01980422
v -0.01911801 0.02820762 0.02876578
v -0.01911801 0.02820762 0.02876578
v 0.02139399 0.04471182 -0.02276222
v 0.05088519 -0.00730398 -0.00256922
v -0.03286521 0.00665682 0.03099298
v -0.05095161 0.04209582 0.03881458
v -0.03324921 -0.03851178 -0.00604442
v -0.03363321 0.03206442 -0.02873582
v 0.02024199 -0.03177918 0.02508598
v 0.04305159 -0.03511458 0.04084618
v -0.02457081 0.03898242 0.01447678
v -0.00529401 -0.04776738 -0.02728262
v -0.03163641 0.01299582 0.02891758
v 0.03049479 -0.02374818 0.02591158
v 0.03364359 -0.02640558 0.03322678
v 0.02696199 -0.01892058 0.03271438
v -0.01155321 -0.03692118 0.02308858
v 0.01597959 -0.02830038 0.03250018
v 0.02895879 -0.03383058 0.04006558
v -0.02725881 0.04236942 0.01471018
v -0.03904761 -0.03251658 -0.00654302
v 0.02938119 -0.01606338 0.03204778
v 0.03410439 0.03377262 0.00760618
v -0.04453881 0.02955702 0.01579438
v 0.03057159 -0.02573838 0.03554998
v -0.04492281 0.03582942 0.03351238
v 0.02546439 -0.02228478 0.02975878
v 0.02546439 -0.02228478 0.02975878
v 0.03491079 -0.03901638 -0.00959642
v 0.01997319 0.02631162 0.03078298
v 0.00346119 -0.02834838 0.03132838
v -0.04764921 0.00939222 -0.02478302
v 0.01605639 0.01794942 0.03592978
v 0.04044039 0.00044622 0.02147818
v -0.02837241 0.03001722 0.01960498
v -0.01420281 -0.02599998 0.03095938
v -0.01341021 0.03094122 0.03047578
v 0.03889059 -0.03836538 -0.02107622
v -0.00238941 0.00654582 0.04304098
v 0.02042019 -0.00594738 0.03830278
v 0.04165539 0.02836722 -0.00018482
v 0.04795299 -0.00773298 -0.02711342
v -0.04720221 0.00107382 -0.02752682
v 0.04599459 0.02290182 -0.01560962
v 0.05739939 -0.04994958 0.02228518
v 0.05033379 -0.05073558 0.03529198
v -0.04797021 -0.01677798 -0.01223582
v 0.00118179 -0.04452858 -0.03043982
v 0.03382179 -0.03621078 0.00541018
v -0.00588381 -0.00364038 0.04913698
v -0.03222621 -0.00984558 0.03019678
v -0.01099101 -0.03134118 0.03092158
v -0.02827101 0.04203582 -0.01041782
v 0.01419939 -0.04753638 -0.02508602
v 0.02994339 -0.04179138 -0.01902542
v 0.04922019 -0.05204718 0.03463738
v 0.03585699 -0.03694878 -0.02180882
v 0.04726179 0.02086782 -0.01116662
v 0.04019619 -0.03366318 -0.01148462
v 0.02134179 -0.03436518 0.02164798
v 0.03040419 -0.03587058 -0.02887802
v -0.01717341 -0.04236858 0.01257058
v 0.05244579 -0.05521458 0.00903718
v 0.04223139 -0.04908738 -0.00081842
v -0.03364701 0.02545962 0.01862518
v 0.03674019 -0.03998958 -0.02112002
v 0.03831459 -0.04279998 -0.01283162
v -0.04858461 -0.00618498 0.00381058
v 0.00371619 0.03786522 0.02323318
v 0.04776099 -0.04731438 -0.00289862
v -0.04424541 0.02442942 -0.00148562
v 0.04384419 -0.04893678 0.03648778
v -0.04697181 0.04087842 0.02573218
v 0.01515939 0.00379842 0.04024498
v 0.00179619 0.00419262 0.04953958
v -0.05246301 0.04776102 0.03460798
v -0.01314141 0.01948362 0.03811738
v -0.01314141 0.01948362 0.03811738
v 0.00736419 -0.03748338 0.02423818
v -0.01072221 -0.00995478 -0.03091862
v 0.00855459 0.00145902 0.04198978
v 0.03962019 0.03103842 -0.02124602
v 0.03962019 -0.03123918 0.00219658
v 0.04945059 0.01016802 0.00119038
v -0.03902301 0.03768402 0.03424078
v -0.01778781 -0.04587738 -0.02488562
v 0.03451299 -0.04131018 -0.01222202
v -0.02642781 0.03681582 -0.03008582
v 0.01446819 0.02976642 0.03060418
v 0.01761699 0.02149122 0.03211798
v 0.01919139 0.03679002 -0.03070082
v 0.03059619 -0.02312958 0.02459338
v -0.00715101 -0.00345618 0.04544878
v 0.03178659 -0.02983998 0.03218278
v 0.02629539 -0.03219678 0.02442478
v 0.02551359 -0.04398078 0.00051418
v 0.04832319 -0.04114758 0.04138918
v 0.01844799 0.04537182 -0.02437562
v -0.00708801 0.00561462 -0.02972822
v 0.05504319 -0.05432898 0.02371498
v -0.02202561 0.01928562 0.03384778
v 0.03853119 -0.03392958 0.04398958
v -0.04049601 0.02239062 0.01216258
v 0.02006079 -0.01284018 0.03676978
v -0.04717761 0.04444242 0.03924898
v 0.01456959 0.00420222 0.03992038
v 0.04406079 -0.05081958 0.00186958
v 0.03580479 -0.03542118 0.03848698
v 0.03580479 -0.03542118 0.03848698
v 0.00988479 -0.03128838 0.03215098
v -0.00820161 -0.02810238 0.03310198
v -0.02628801 0.03572862 0.01706638
v -0.02628801 0.03572862 0.01706638
v -0.02628801 0.03572862 0.01706638
v 0.02443839 -0.03976638 0.01207618
v 0.05197119 -0.05723838 0.01801078
v 0.03703359 -0.02722638 0.01328458
v 0.03469119 -0.03870318 0.04339018
v -0.03765441 0.03015222 -0.02527022
v 0.01622079 -0.02308038 0.03233698
v 0.01622079 -0.02308038 0.03233698
v 0.04728639 0.01631502 0.00258898
v -0.03527361 0.02584602 0.01738198
v -0.01403841 0.04258482 0.01383058
v 0.03158079 -0.00878598 0.03279958
v 0.04928319 -0.05549958 0.00741598
v -0.03919041 -0.03245418 -0.01189022
v -0.00182721 0.01794342 0.04001398
v -0.04940481 0.05144142 0.03425278
v -0.04783041 0.03903822 0.02756098
v -0.02187201 0.03165282 -0.03040022
v 0.04498239 -0.04285338 0.03664618
v 0.02847039 -0.04098018 -0.02423522
v 0.04970559 -0.05344278 0.01768378
v 0.00370239 0.03340482 0.02882398
v 0.03319359 -0.02776158 0.03213958
v 0.04383039 -0.02339118 -0.02530562
v -0.00217281 -0.02916018 0.03220258
v -0.01553601 0.00969102 -0.02992802
v 0.02535999 -0.04552518 -0.00997922
v 0.02535999 -0.04552518 -0.00997922
v 0.02497599 -0.02568738 0.02698738
v -0.03439041 -0.00100458 0.02787898
v 0.04897599 -0.04225578 -0.00335642
v 0.02105919 -0.01657578 0.03408058
v -0.00528321 0.04497162 -0.03002822
v 0.02735679 -0.00061938 0.03052618
v 0.03876159 -0.01026198 -0.02895842
v 0.03837759 0.03364782 -0.01667222
v 0.03250239 -0.00929778 0.03010018
v -0.04299201 -0.01717698 -0.02902322
v -0.01192641 0.04213422 -0.03106682
v 0.04352319 0.00769962 0.01596538
v -0.00562881 0.04958922 -0.02124422
v 0.00539199 -0.00145398 0.04654198
v 0.01837119 0.03244842 0.02428198
v -0.02095041 -0.01499718 0.03684838
v -0.01661121 -0.04828938 -0.00433682
v 0.04002879 -0.03105018 -0.02210942
v -0.00950721 -0.04675818 0.00885118
v -0.03742401 -0.03458298 -0.01036622
v 0.04909119 -0.04942698 0.03739978
v 0.03100479 -0.04182138 -0.01384262
v -0.03739941 -0.02070618 -0.03143222
v 0.04281819 0.02580762 -0.02285462
v 0.04281819 0.02580762 -0.02285462
v -0.03267621 -0.02727078 0.01738678
v 0.01294299 -0.02479818 0.03094978
v 0.00115419 0.04419762 0.01464958
v 0.00196059 0.02889162 0.03247258
v -0.01770021 -0.04784118 -0.01733942
v -0.00786981 -0.00293358 0.04644418
v 0.04285659 -0.04143018 -0.01017302
v 0.03460059 -0.03964878 0.04085578
v -0.05229861 0.05155602 0.03244078
v -0.03106341 0.03603042 0.02134558
v -0.04442661 0.04726122 0.03968638
v -0.00706341 -0.00190758 0.04365778
v -0.00706341 -0.00190758 0.04365778
v -0.00548901 -0.02847018 0.03348838
v 0.00672219 0.03302922 0.02839678
v -0.04949541 0.01132302 -0.00687182
v 0.02876379 -0.04188558 -0.02160422
v -0.04200741 0.01507362 -0.03061742
v 0.03310299 -0.02675958 0.01941538
v -0.00817701 0.01781862 0.03970738
v -0.04788261 0.01680822 -0.00598442
v 0.01897179 0.00255222 -0.02940902
v 0.02684379 -0.03210258 0.03193198
v 0.01858779 0.00413922 0.03922678
v -0.03056421 -0.01158858 0.03128158
v -0.02111781 -0.00938958 0.03862438
v 0.04258779 0.02573862 0.00260878
v -0.01362981 0.02655402 0.03270538
v 0.02215899 0.01678062 0.02971438
v -0.05018661 0.04304442 0.03123658
v 0.04773339 -0.05469258 0.00746638
v -0.04780581 0.01554522 -0.00151442
v -0.04780581 0.00794742 0.00565138
v 0.01198299 -0.00446958 0.04136218
v -0.05053221 0.00556122 -0.01178702
v 0.03283419 -0.03171138 -0.03009062
v -0.00372261 0.04415502 -0.03076322
v 0.03717339 -0.02182578 0.01806118
v -0.03870501 0.04243242 0.00274318
v -0.00921381 0.00722502 0.04185238
v -0.00921381 0.00722502 0.04185238
v 0.05095899 0.00798642 -0.01602062
v 0.03248859 -0.03108138 0.04166338
v 0.02580699 -0.03350898 -0.03005222
v 0.04665819 0.02113422 -0.00367382
v -0.04024101 0.04782882 0.03037318
v -0.04024101 0.04782882 0.03037318
v -0.04926501 -0.01015098 -0.00222722
v -0.02960421 -0.01516218 0.03077158
v 0.03252699 -0.02938638 0.02018698
v -0.01109541 0.02347422 0.03637678
v 0.03924699 -0.03474678 -0.00924842
v 0.03924699 -0.03474678 -0.00924842
v -0.04292901 0.04713942 0.03360838
v 0.02669019 0.04082082 -0.02533982
v 0.02826459 -0.01007598 0.03124978
v -0.04290441 0.04800642 0.03571138
v 0.04952439 -0.04574658 0.00417238
v 0.02437239 0.02296902 0.02922958
v -0.04363401 0.02325222 0.00457258
v 0.04641399 -0.04957698 0.03186478
v -0.02239881 0.04212342 -0.02641982
v 0.00041079 -0.00510318 0.04308118
v 0.03147639 -0.02421498 0.03133258
v 0.03305079 -0.03033378 0.03435958
v -0.03929481 0.03195102 -0.01131422
v 0.02913399 -0.02349618 0.02598298
v 0.02913399 -0.02349618 0.02598298
v -0.03653001 -0.03422598 -0.02011742
v -0.00584841 0.03308982 0.03028438
v 0.02521719 0.00155082 0.03470878
v -0.04593801 0.04077762 0.02296918
v 0.02917239 -0.00222198 0.03070978
v -0.00895881 0.04531542 -0.02902022
v 0.00244599 0.04352382 0.01565878
v -0.02547081 0.01767222 0.03086638
v 0.03155319 0.03653082 0.00673198
v 0.04925559 -0.05259918 0.02350318
v -0.03449481 -0.00639258 0.02678638
v -0.00734601 -0.00029058 0.04919038
v -0.04075401 0.02976282 0.02100598
v -0.01479561 -0.03028758 0.02861758
v -0.00496521 0.00712662 0.04769398
v -0.02028681 0.00528162 0.03962338
v -0.02696841 -0.01331778 0.03209098
v 0.02690679 0.00360582 0.03221398
v -0.00807561 0.03339342 0.02769598
v -0.02616201 -0.01527318 0.03092938
v -0.03441801 -0.02725278 -0.03094922
v -0.00020361 0.00655182 0.04254478
v -0.03795081 0.02812782 -0.02747102
v -0.00845961 0.00738942 -0.03011522
v -0.02731401 0.00083622 0.03585178
v 0.02932599 0.03863202 -0.02600222
v 0.02932599 0.03863202 -0.02600222
v -0.01863561 0.01547142 0.03795178
v 0.04192119 -0.04393938 -0.00862322
v -0.02059401 0.03076182 -0.02999642
v -0.00131721 -0.05071158 -0.00047642
v 0.01323639 -0.03054858 0.03150058
v 0.03762039 -0.04205358 -0.01544882
v -0.00838281 -0.03383658 0.02726818
v 0.00302199 -0.02890758 0.03246718
v -0.01663881 -0.03556098 -0.02959742
v 0.00578679 -0.04994658 -0.02314082
v -0.04374921 0.03239142 -0.00161522
v 0.01838199 0.02789982 0.02920558
v 0.03293559 -0.02637258 0.03056578
v -0.03349641 0.00057642 0.03092098
v -0.03034761 0.03372462 -0.03009542
v -0.04881801 0.01423842 -0.00990122
v -0.03304941 0.04473402 0.00423298
v 0.03733779 -0.03453678 -0.02195342
v 0.00431379 0.00216942 0.04264138
v 0.04678419 -0.05387958 0.00546298
v -0.04837101 0.05306442 0.03320398
v 0.04167699 -0.03586158 -0.01768802
v 0.00392979 -0.03437838 0.02790358
v -0.00471021 0.04245702 0.01707238
v 0.04090899 -0.04042818 -0.01354982
v 0.05073939 -0.00007698 -0.02150702
v 0.03265299 -0.04072218 -0.00957302
v 0.03265299 -0.04072218 -0.00957302
v 0.00473619 -0.05114538 -0.00351662
v -0.01492461 -0.02940738 0.03125158
v 0.04563219 -0.02419398 -0.01893602
v 0.05546259 -0.04928478 0.01794538
v 0.01771539 0.02629302 0.03166018
v 0.02362899 -0.03196038 -0.02892962
v 0.01184019 -0.00710058 -0.02980682
v 0.02758419 0.01598922 0.03203038
v 0.02405139 -0.03041658 0.02578138
v -0.03846381 0.02699742 0.01737178
v 0.04962579 0.01396362 -0.01503962
v 0.04451859 -0.02497578 -0.02167742
v -0.00305901 -0.02885118 0.03090538
v 0.03941139 -0.04276578 -0.01194542
v 0.02132499 -0.02531238 0.03216358
v 0.02604819 -0.03711738 0.01436818
v 0.03706899 -0.03490698 0.04408438
v -0.02544621 0.02081742 0.03113158
v 0.00208659 -0.00421098 0.04344898
v 0.03591699 0.03105582 0.00897598
v 0.04889619 0.00729342 0.00506338
v 0.00565779 -0.02919078 0.03091198
v -0.05332461 0.04328082 0.03610738
v -0.04349421 0.03262182 0.02611438
v 0.03829779 -0.03663378 -0.00851282
v 0.03829779 -0.03663378 -0.00851282
v 0.04812819 -0.04211118 0.04155658
v -0.00651501 0.05062662 -0.01290602
v 0.04736019 -0.04176078 -0.00558422
v -0.01672941 -0.00867378 0.04039258
v -0.00728301 0.01315002 -0.03096662
v 0.04344339 -0.01403718 -0.02999942
v 0.00216339 -0.00798378 -0.02947502
v -0.02732781 0.04426542 0.00815518
v -0.02260461 -0.02866158 -0.02937122
v 0.01986579 -0.01575738 0.03558778
v -0.00805101 -0.02492718 0.03638578
v 0.01633299 -0.00070098 -0.03065822
v -0.01826541 0.02476902 0.03072298
v -0.01511661 0.04860882 -0.00560402
v -0.00528621 0.01304382 -0.03101162
v -0.02533101 -0.01298118 0.03439018
v -0.03711981 0.02335782 0.01611538
v -0.03711981 0.02335782 0.01611538
v -0.01588461 -0.04468518 0.00916858
v -0.03239661 0.03792342 0.02456278
v -0.02924781 0.04253322 -0.00519062
v 0.05411859 -0.04708338 0.00494038
v -0.04261101 0.04140042 0.00963838
v -0.03278061 -0.03177378 0.01219138
v -0.01546221 -0.01287258 0.03999418
v 0.04117779 -0.03515118 -0.01900862
v -0.04572141 0.01392042 0.00764938
v -0.04572141 0.01392042 0.00764938
v -0.01976301 0.03676002 -0.03155462
v -0.03784941 0.02366502 0.01539358
v -0.01699821 0.00228102 -0.03008222
v -0.04491501 0.01325982 0.01006858
v 0.04670739 0.01474542 0.00609418
v -0.03546861 0.04509762 0.02753638
v -0.00597741 -0.01824138 0.04020718
v 0.03491859 -0.03105318 0.04247698
v -0.03742701 0.03980442 -0.00475502
v -0.00793581 -0.00137598 0.04862578
v -0.02444781 0.04214862 0.00971638
v 0.02942739 -0.01188318 0.03279298
v 0.03100179 -0.03967938 -0.02311502
v -0.00044781 0.04512462 -0.03022142
v 0.03376659 -0.04036218 -0.01397882
v -0.01616721 -0.02905098 0.03078418
v 0.04438959 -0.05069118 -0.00087962
v -0.02834001 -0.03351318 -0.03092102
v -0.02361681 -0.02399238 0.02894518
v 0.03340719 -0.03696138 0.04309318
v 0.04796079 -0.04425378 0.00193438
v -0.02753361 -0.02214078 0.02629558
v 0.04442799 0.02222202 0.00324238
v -0.01298001 -0.03058278 0.03082858
v -0.01298001 -0.01241118 0.04067518
v 0.04757679 -0.04731678 0.03176278
v 0.04757679 -0.04731678 0.03176278
v -0.04600401 0.00510042 -0.02893082
v -0.02319441 -0.01258998 0.03635458
v 0.02046639 -0.04785018 -0.00998282
v 0.02046639 -0.04785018 -0.00998282
v 0.02676399 -0.02171238 0.02859358
v 0.02676399 -0.02171238 0.02859358
v 0.03816879 -0.03356658 -0.02159042
v 0.02991279 0.04156542 -0.01041182
v 0.03306159 0.00706602 0.02905798
v -0.02434641 -0.02282898 0.03050878
v 0.01224879 0.02594622 0.03139198
v 0.03190959 -0.04018758 -0.00118622
v 0.03190959 -0.01037598 0.03180418
v 0.04331439 -0.04899558 0.03809398
v 0.04135599 0.00712182 -0.03015182
v 0.02603439 0.02104842 0.02930878
v -0.02311761 0.03893142 0.01386718
v 0.02998959 -0.02821278 0.03820678
v -0.01482321 -0.02568258 0.03192478
v 0.01624239 0.04527822 0.00654958
v -0.02699601 0.03765402 -0.02881922
v 0.05637039 -0.05067738 0.02748658
v -0.00771921 0.04818282 -0.02475782
v 0.00410799 -0.00254658 0.04252558
v 0.03321519 -0.02532318 0.03434878
v -0.03087441 0.00120162 0.03096298
v -0.04108881 0.04837362 0.03860398
v -0.04777041 0.00396162 -0.02619602
v -0.02181201 0.00858282 0.03849238
v 0.03874479 -0.03028338 -0.02595362
v -0.00764241 0.00329022 0.04869418
v -0.00764241 0.00329022 0.04869418
v 0.02342319 -0.00752838 0.03580858
v 0.00456879 0.00378762 0.04554838
v -0.01351761 0.02707962 0.03175198
v -0.02373201 0.01657842 0.03426838
v 0.00890799 0.01564842 -0.02980142
v -0.05007441 0.00710682 -0.00423842
v 0.02150319 0.02622822 0.02815618
v -0.00483921 -0.02184498 0.03889438
v -0.02803281 0.03207162 0.01844158
v -0.00522321 0.03374922 0.02794498
v -0.02288721 0.04074582 0.01118218
v 0.05026479 -0.04202178 0.03735598
v 0.03336879 -0.00194538 0.03158158
v -0.04527441 0.02011902 -0.02130122
v -0.01263441 -0.01489278 -0.02964962
v 0.01569099 0.00956202 0.03936898
v -0.01380021 -0.03972198 0.01866418
v -0.03227061 -0.03381018 -0.02834702
v 0.03811659 -0.00415878 -0.02866382
v -0.03580341 0.04395522 0.03119278
v 0.00155979 -0.01309758 0.04151338
v 0.00155979 -0.01309758 0.04151338
v 0.03262539 0.00619482 0.03153898
v -0.04955061 0.04335102 0.03544558
v -0.04206261 0.04398342 0.03967138
v -0.03891381 0.04411062 0.00951238
v 0.03423819 -0.03931218 0.04277818
v -0.01333941 0.04458942 -0.02864702
v -0.00112821 0.03151902 0.03111058
v 0.02759499 -0.02956158 0.03704218
v 0.05040459 0.01116762 -0.00618422
v 0.02406219 -0.02964438 0.02697478
v 0.02406219 -0.02964438 0.02697478
v -0.01368501 0.02398422 0.03504898
v 0.01895499 -0.00297078 -0.02939942
v -0.03687861 -0.03490758 -0.01459982
v -0.04513461 0.03123642 0.01781698
v 0.01857099 -0.02606718 0.03263338
v -0.00619701 -0.02718318 0.03478678
v 0.02486859 0.02169342 0.03101818
v 0.03274059 -0.02834058 0.01831738
v 0.02252619 0.02965302 -0.02929982
v -0.00539061 0.00535662 0.04364878
v -0.01364661 -0.04881678 -0.02026742
v -0.01245621 -0.04108458 -0.03077162
v 0.03158859 0.03663702 -0.02631722
v 0.03158859 0.03663702 -0.02631722
v -0.04114101 0.03778182 -0.00207122
v 0.00958539 0.02933142 0.03113218
v 0.04537419 0.01920822 0.00488698
v 0.02218059 -0.02007918 0.03130978
v 0.03358539 0.01738122 0.02428318
v -0.01084341 -0.00185718 0.04203658
v -0.00454581 -0.00606798 0.04734658
v 0.03281739 -0.03806478 0.00334138
v 0.04345419 -0.03633558 0.03998938
v 0.02851659 -0.02742918 0.03574858
v 0.04268619 0.00287562 0.01824898
v 0.00493899 -0.00207618 0.04565938
v -0.04421301 0.04506522 0.03144838
v -0.02455221 -0.02865078 0.02377198
v -0.01314741 -0.02824458 0.03183418
v -0.03634101 0.04582242 0.02684098
v 0.04387659 0.02270442 -0.02472062
v -0.04459701 -0.01880478 -0.02540402
v 0.00221259 -0.02402838 0.03765838
v 0.03289419 -0.04032978 -0.01377902
v 0.04429899 0.01656402 0.01011418
v -0.03945141 0.04598802 0.02356678
v -0.02489781 0.04391922 -0.00263882
v 0.01403979 -0.04977678 -0.00524402
v 0.02387019 0.01917642 0.03154498
v -0.03038901 0.00588282 0.03091198
v -0.02881461 -0.02932878 -0.03105362
v -0.04690101 0.04332882 0.04021978
v 0.00697419 0.04934502 -0.02096942
v -0.02251701 -0.01966878 0.03105358
v -0.04294581 0.03027822 0.02067478
v -0.01188021 0.00890742 -0.03099662
v -0.00558261 0.01667562 0.04031098
v 0.02548299 -0.01433778 0.03089398
v -0.01383861 -0.04780818 0.00246598
v -0.02405301 0.04350942 0.00337678
v -0.01264821 0.03882282 0.01995958
v 0.01645899 0.02354262 0.02983378
v 0.04084299 -0.03372378 -0.01460462
v 0.02590539 -0.03292158 0.02008018
v 0.02512359 -0.02823798 0.03020698
v -0.02832921 0.01544502 0.03125038
v 0.03222759 -0.00892638 0.03216658
v 0.00431079 -0.00077358 0.04316878
v -0.04994841 0.05277342 0.03379498
v -0.04522521 0.03426402 0.02818018
v -0.03224601 0.01059882 0.03032098
v 0.03460839 -0.04036638 -0.02056742
v -0.00156441 -0.02907078 0.03297598
v -0.01650201 -0.04855938 -0.01468982
v -0.01020441 0.01349442 0.04071838
v -0.01020441 0.01349442 0.04071838
v -0.03182361 -0.01170378 0.02873638
v 0.03856359 -0.03439038 -0.02117762
v 0.04996839 -0.00817338 -0.02263022
v 0.02362599 0.01164582 0.03309778
v -0.03535641 -0.02842518 -0.02997482
v -0.00939801 -0.00604818 -0.02989202
v 0.01813479 0.03826302 0.01763638
v 0.02285799 0.01484742 0.03192838
v 0.03230439 -0.02459298 0.02214178
v 0.03230439 -0.02459298 0.02214178
v 0.05668839 -0.04972098 0.02715298
v 0.03034599 -0.03288978 0.03502138
v 0.05000679 0.00651642 0.00166138
v -0.02548761 0.00007002 0.03727018
v -0.00582681 0.00634542 0.04816738
v -0.03885081 0.03236742 0.02564578
v 0.03311079 -0.00444198 0.03186238
v -0.00621081 -0.00097398 0.04960078
v 0.02604519 0.03948642 -0.02798582
v 0.02604519 0.03020862 0.02135338
v -0.04787481 0.01279002 -0.02153462
v -0.05021721 -0.00572838 -0.00415442
v 0.01506279 0.01364502 -0.02949662
v 0.03472359 -0.03779118 -0.00141602
v -0.00302361 -0.04010838 0.02150698
v -0.03919641 0.02312982 0.01397758
v 0.00169959 0.01805262 0.03982378
v 0.00484839 0.01616382 0.04011178
v 0.03906279 0.03324642 -0.01419362
v 0.00131559 0.05016762 -0.01967402
v 0.01586919 -0.04833258 -0.02161562
v -0.04507161 0.02185842 -0.01843022
v 0.03514599 -0.02808918 0.04039798
v 0.03672039 -0.03809958 0.03926818
v 0.03318759 -0.00786678 0.02921518
v 0.00527079 0.00146922 0.04224538
v 0.02650599 0.01896702 0.03156718
v 0.04224999 -0.04055478 -0.01165922
v -0.00375321 0.00640902 0.04366018
v -0.03362841 0.02386182 0.01998478
v 0.02301159 -0.01462758 0.03340258
v -0.03439641 0.04341222 0.02821438
v -0.03439641 0.04341222 0.02821438
v -0.04933401 0.04688622 0.03077038
v 0.00258279 0.03277902 0.03107278
v -0.03359001 0.01129122 0.02660938
v -0.02886681 0.03539862 0.01874098
v 0.02147559 0.04141782 -0.02872382
v 0.04585959 -0.03763698 0.04064038
v 0.04743399 -0.01517238 -0.02505902
v 0.00300519 0.05095362 -0.01174382
v 0.02424039 0.03822102 0.01309018
v -0.02333721 -0.04145178 0.00849598
v 0.03053799 -0.02437518 0.03190318
v -0.03670041 0.04453242 0.00751318
v 0.00419559 0.01101162 -0.02987822
v 0.03015399 -0.03162738 0.01751518
v 0.03883239 -0.03249798 -0.02189822
v 0.05023719 -0.05648658 0.01050238
v 0.05023719 0.01072902 -0.01726022
v 0.02389479 0.01744782 0.03048298
v -0.03036441 0.04379802 -0.00135662
v 0.01053159 0.03137322 0.03075058
v 0.00227559 -0.01634658 -0.03048902
v -0.01108761 0.04349682 0.01364518
v 0.04593639 -0.01809498 -0.02595122
v 0.05734119 -0.05051118 0.02437378
v -0.03781401 0.00790302 0.02301598
v 0.02589159 -0.02645058 0.02743858
v 0.03887079 -0.03614538 0.04440118
v 0.00663939 0.02504562 0.03523378
v 0.03770499 -0.02409138 0.01546378
v -0.03778941 0.01592262 0.02014138
v 0.04400259 -0.04202058 0.03741658
v 0.03536259 -0.01941378 0.02190778
v -0.03855741 0.04720002 0.03309478
v 0.03655299 0.03606642 -0.01171742
v 0.00510339 0.02886162 0.03029098
v 0.01808259 0.01870902 0.03396838
v -0.02792061 -0.01038078 0.03286198
v -0.04600701 -0.02061798 -0.01719362
v -0.03183741 0.03417162 0.02087758
v 0.00829059 -0.03924498 -0.02924942
v -0.01962621 -0.04716318 -0.00507482
v 0.03386499 -0.01862118 -0.02861222
v 0.02718339 -0.00314418 0.03069238
v 0.04684419 -0.04072818 0.03750898
v 0.00398979 -0.04884978 0.00607138
v -0.04516221 0.04676682 0.03260578
v 0.00360579 0.00565062 0.04616158
v -0.01133181 0.04853022 -0.02143202
v 0.02564739 -0.03166338 0.03325798
v -0.03018621 0.03936642 -0.02096942
v -0.02546301 -0.00607098 0.03669658
v 0.02292099 -0.04563138 -0.00074882
v 0.03275139 -0.02337798 0.02194558
v -0.03606141 0.02648742 0.01726378
v -0.04470141 0.04534602 0.04037818
v -0.03329661 0.04431522 0.02338858
v 0.03828099 -0.00072918 0.02419858
v -0.04232061 0.03907482 0.03755698
v 0.03121539 -0.01591458 0.02799778
v -0.01636221 0.04197042 -0.03029042
v -0.03521661 0.03629982 -0.01207622
v 0.00725379 0.04767042 0.00637978
v -0.04189821 0.04198062 0.03905038
v -0.04385661 -0.00646158 -0.03091562
v 0.00686979 -0.03139758 0.03243178
v -0.00964221 -0.04972518 -0.02086742
v 0.05406339 -0.04784538 0.02593738
v 0.03559299 0.02368062 0.01769878
v 0.03835779 0.02886762 0.00788098
v -0.01079421 0.04720662 -0.02561522
v 0.03916419 -0.03282798 -0.02046062
v 0.04035459 -0.03509478 -0.02062082
v 0.01090179 0.02021322 0.03709798
v 0.02388099 0.00404082 0.03573298
v -0.04493181 -0.00299658 -0.03036422
v 0.04983939 -0.04259418 0.04006738
v -0.04846461 -0.01113078 -0.02119802
v 0.02153859 0.01564662 0.03297958
v 0.05064579 -0.05540418 0.00766018
v -0.03310461 0.00732102 0.03043858
v -0.01225341 -0.01245138 -0.02996642
v 0.04162179 -0.04668018 0.04115638
v 0.05145219 0.00057222 -0.01783622
v 0.05145219 0.00057222 -0.01783622
v -0.02835681 -0.02820438 0.02102458
v -0.01852641 0.02386242 0.03249958
v -0.04997601 0.04330302 0.03808738
v 0.03930399 -0.03583818 -0.00889322
v 0.03930399 -0.03583818 -0.00889322
v 0.00313119 -0.04187178 0.01934578
v -0.04955361 0.03925242 0.03396478
v -0.01848801 -0.04792758 -0.00927782
v 0.03696159 -0.03692298 0.03896218
v 0.03696159 -0.03692298 0.03896218
v 0.04679199 -0.00675198 -0.02879222
v 0.00236319 0.04202922 -0.03116042
v -0.00274401 -0.03309798 0.03107158
v 0.00866079 0.01749342 -0.02961302
v -0.05032161 0.04331502 0.03690778
v 0.03972639 -0.04234098 0.03914278
v 0.00040479 -0.00551178 0.04252918
v 0.05113119 -0.05694138 0.01261978
v -0.04283361 0.01788102 0.01112038
v -0.04283361 0.01788102 0.01112038
v -0.00585441 -0.00516858 0.04787638
v 0.01695519 0.00945522 -0.02961122
v 0.04644639 -0.01449978 -0.02703002
v -0.00623841 -0.02870778 0.03200878
v 0.00516639 -0.04489098 -0.03012062
v 0.03938079 0.00139782 -0.02889602
v -0.04909281 0.00182922 -0.02321942
v 0.05235999 -0.05027658 0.03388798
v -0.00070881 0.04101822 0.01943998
v -0.04671201 -0.00490698 -0.02798102
v -0.02390241 0.03337062 0.01986178
v -0.02390241 0.03337062 0.01986178
v 0.03980319 -0.03444858 -0.01011602
v 0.04963359 -0.04372518 0.04020238
v -0.01445601 -0.04452978 -0.02873402
v 0.04848159 -0.05127738 0.03600238
v -0.04982241 0.04173942 0.03920938
v 0.00405279 -0.00181458 0.04383358
v -0.04352481 0.04579182 0.03750658
v -0.01441761 0.04544382 0.00793918
v 0.01154079 -0.03021738 0.03244438
v -0.04429281 -0.00637158 0.01378078
v -0.05254881 0.05024562 0.03385558
v -0.05254881 0.05024562 0.03385558
v -0.02816481 0.04442442 0.00240658
v -0.02659041 0.04330362 -0.00410822
v -0.00063201 -0.00549498 0.04408318
v 0.02966559 -0.02392758 0.02862778
v 0.05051679 0.01130022 -0.00914222
v 0.02417439 0.04504182 -0.01002002
v 0.02851359 -0.03247338 0.03959878
v 0.03834399 0.01108362 -0.02921402
v -0.02889441 0.01064622 0.03100318
v -0.04540641 0.04207182 0.03991078
v 0.04936479 0.01532382 -0.00803282
v -0.00804321 -0.00225498 0.04217698
v 0.02459679 -0.01975818 0.03272758
v 0.04425759 -0.04985478 0.03701998
v 0.04506399 -0.05022138 0.03455458
v 0.03012639 0.01343442 0.03144238
v -0.01902561 0.02708262 0.03113518
v -0.01902561 0.02708262 0.03113518
v -0.02294241 -0.01953738 0.03095038
v -0.01153761 -0.02650038 0.03371938
v 0.02739999 -0.03311118 0.01838098
v -0.01545441 -0.04810278 -0.00075722
v 0.03173919 -0.01165758 0.03014578
v 0.01326879 -0.02513538 0.03292198
v -0.04571361 -0.01811778 -0.02333402
v -0.03116001 -0.00727338 0.03135898
v 0.02901279 -0.03254238 0.02104258
v 0.05024799 -0.01147158 -0.00312902
v -0.02405601 0.03642582 0.01628398
v 0.03415839 0.03517602 0.00458038
v 0.02747679 -0.03280518 0.03823558
v 0.04713759 0.00327342 0.01061518
v -0.01969221 0.02335362 0.03166618
v -0.04641861 0.04039602 0.03365938
v 0.01413819 0.03903702 -0.03082502
v 0.01886139 0.02390922 0.03121258
v -0.04403781 0.05215422 0.03468718
v 0.02873019 0.04188642 -0.01717022
v -0.05382981 0.04901442 0.03313858
v 0.03621819 -0.04183038 -0.00795782
v 0.03268539 0.03167262 0.01288318
v 0.05549499 -0.04824858 0.03085018
v 0.04723899 0.00087402 -0.02875502
v 0.01106619 -0.04097778 0.01896418
v 0.03230139 -0.03521898 0.00979078
v 0.00714939 -0.05038998 -0.02097422
v 0.00833979 0.03676422 0.02362558
v -0.03923781 0.02981682 0.02116018
v -0.04630341 0.03519702 0.02769298
v -0.04472901 0.04702122 0.03936718
v -0.03332421 0.00894402 0.02789218
v -0.03685701 -0.03447258 -0.00266462
v 0.03353019 -0.04011258 -0.01227422
v 0.03353019 -0.04033518 -0.01537622
v 0.03510459 -0.03947478 -0.02138102
v 0.03314619 -0.02753658 0.02224078
v 0.04769979 -0.00489438 0.00940618
v -0.04588101 0.04099842 0.03945118
v 0.04889019 0.01421802 -0.00126542
v -0.00222021 0.00681702 0.04387258
v 0.04850619 0.00054102 -0.02701442
v -0.02856261 0.01896582 0.02864398
v -0.01558341 0.02993742 0.03056998
v 0.03986619 0.02947362 0.00313978
v -0.04388421 0.04734282 0.03995818
v -0.04073541 0.02902122 -0.01838582
v 0.05718459 -0.05312778 0.01700578
v -0.02145861 -0.04605918 -0.01804922
v 0.04539579 -0.02446578 -0.00319802
v 0.03833019 -0.03402378 -0.02127422
v -0.04031301 0.04833462 0.03750058
v -0.03048261 0.01588602 0.02841838
v -0.03873861 -0.02300658 -0.03026462
v 0.01198779 0.00332502 0.04128658
v 0.04305339 -0.03969558 -0.00356162
v -0.03086661 -0.01423098 0.02820718
v -0.04461381 0.01728042 0.00782338
v -0.04461381 0.01728042 0.00782338
v -0.04303941 0.01830042 -0.02803262
v -0.04184901 0.02869302 -0.00968642
v -0.02061381 -0.04374738 -0.02636882
v -0.02061381 0.02651562 0.03055438
v -0.02257221 -0.04516158 -0.00128822
v -0.04065861 0.02106162 0.01235578
v -0.04065861 0.02106162 0.01235578
v -0.00133701 0.03294342 0.03101938
v 0.03955899 0.03175422 -0.00222542
v -0.02806341 -0.02538018 0.02362078
v 0.01440699 -0.04509198 -0.02854622
v -0.02687301 0.03340302 -0.03156302
v -0.00406341 0.01009122 0.04180438
v -0.05083461 0.00054822 -0.00898802
v 0.03095739 -0.02981598 0.04018378
v 0.00580539 0.04364382 -0.03081362
v 0.01563579 0.03081942 0.02714938
v 0.00069819 -0.02904678 0.03298558
v 0.05142459 0.00350142 -0.00415142
v -0.01738821 0.04795782 -0.00822482
v 0.01486779 0.02553882 0.03025018
v 0.01133499 -0.04842498 0.00426538
v -0.02326341 -0.01511898 0.03506398
v 0.00426939 -0.01076058 -0.02942762
v 0.02707899 -0.03395538 0.01738018
v -0.00004521 -0.02917758 0.03218398
v 0.04242519 0.02903442 -0.00771542
v 0.03416919 -0.00064638 0.02888638
v -0.03660201 0.04513962 0.03177778
v 0.02395479 -0.01380618 0.03179818
v -0.04170921 -0.02886318 -0.00528302
v -0.00119721 0.00710622 0.04219498
v 0.01965399 0.02030682 0.02975458
v -0.00983721 -0.04881318 -0.02381582
v 0.02595159 0.00817122 0.03017338
v 0.02752599 -0.03260178 0.02243818
v -0.02515881 -0.03811038 -0.02977922
v 0.04799319 -0.05485818 0.00670018
v 0.04131159 -0.03196938 -0.01004702
v 0.04131159 -0.03196938 -0.01004702
v 0.02637399 -0.00794658 0.03081718
v -0.00192681 -0.00548358 0.04385458
v 0.00122199 -0.04153758 -0.03011282
v -0.02865321 0.03280602 0.01829338
v -0.02865321 0.03280602 0.01829338
v -0.01724841 0.01339602 0.03915058
v 0.01381719 0.04879302 -0.01582442
v -0.05184681 0.04292382 0.03826738
v -0.00780201 0.04889622 -0.02267462
v -0.04554921 0.03751722 0.01325638
v 0.03466839 0.01933062 0.02202538
v -0.00503721 0.00985962 -0.02997062
v 0.02917719 0.02780922 0.02089738
v 0.03075159 -0.01332618 0.03196558
v -0.01525161 0.01731882 0.03846838
v -0.02350761 0.01985862 0.03087598
v 0.00955479 0.04921122 -0.01965722
v 0.03866199 -0.04095078 0.04402858
v -0.01087401 0.03188562 0.03046318
v 0.00210519 -0.00431058 0.04288858
v -0.04704681 0.03775122 0.02426458
v 0.00525399 -0.05012358 0.00151678
v 0.00525399 0.00267342 0.04626598
v 0.01980759 -0.02226798 0.03118738
v 0.01980759 -0.02226798 0.03118738
v -0.02777001 -0.01183818 0.03098518
v 0.01627479 -0.04699998 0.00454378
v -0.01006761 -0.03213978 0.02878438
v -0.00023721 -0.01826478 -0.02971142
v 0.02886999 -0.03725418 0.01126438
v 0.01039959 0.02666982 0.03187438
v -0.03717801 -0.02153838 0.01667938
v -0.03717801 0.03436782 -0.01178102
v 0.00490839 -0.00230958 0.04816318
v 0.02456919 -0.02787498 0.02687638
v 0.02456919 -0.02787498 0.02687638
v 0.03912279 0.02966082 -0.02513282
v 0.03912279 0.02966082 -0.02513282
v 0.05682519 -0.04964838 0.01672558
v -0.01394601 0.04791522 -0.02112662
v 0.04150359 0.01727922 0.01444618
v 0.05448279 -0.05262498 0.00748678
v 0.00179799 -0.04599138 -0.02955422
v 0.03286359 -0.00654138 0.03172378
v -0.00173481 -0.03393438 0.02856838
v -0.00173481 -0.00381858 0.04981258
v -0.04458921 0.02404902 -0.00589862
v 0.03209559 -0.03170598 0.03494818
v 0.03209559 -0.03170598 0.03494818
v 0.04507479 -0.05074458 0.00391438
v -0.03356841 0.00420282 0.03041938
v 0.01362519 0.04790382 0.00088078
v 0.04273239 0.01042782 0.01621438
v -0.04455081 -0.00775878 -0.03022562
v -0.04140201 0.04634622 0.02617378
v -0.00246441 0.03711162 -0.02964302
v 0.01996119 0.03933342 0.01493338
v -0.03902121 0.02404902 0.01453798
v 0.04119639 -0.01773738 -0.03024302
v -0.03272361 -0.00148998 0.03131698
v 0.02391639 -0.02904138 0.02618818
v 0.03532119 -0.03155118 0.03682378
v 0.03846999 -0.00529878 0.02363758
v 0.04830039 -0.05433738 0.01070218
v 0.04987479 0.00965442 -0.02073242
v 0.04987479 0.00965442 -0.02073242
v 0.05459799 -0.05389578 0.00982558
v -0.03230121 0.04309302 0.02332798
v 0.00506199 0.00286902 0.04796458
v 0.01530099 -0.03916098 -0.03009962
v -0.00278541 -0.04656078 -0.02903642
v 0.00155379 0.00575262 0.04260598
v -0.02636301 0.01598082 0.03099358
v -0.03147021 0.02754402 -0.03167402
v -0.00393741 -0.00589038 0.04543738
v 0.00708339 0.03042042 0.03128158
v 0.05112819 -0.00035718 -0.00121922
v -0.01964301 -0.04587258 -0.02269802
v 0.02755059 -0.01887798 0.03209638
v 0.04210419 0.02949402 -0.01374662
v -0.00704781 -0.00947898 -0.02990462
v -0.00547341 0.01282062 0.04130338
v 0.00593139 -0.03232938 0.03194398
v -0.01215501 0.00238602 0.04184818
v -0.04832781 0.05189442 0.03212878
v 0.05155059 -0.04758138 0.00770218
v 0.03503859 0.00240942 0.02749798
v -0.01134861 -0.04708038 -0.02662802
v -0.04752141 0.03719622 0.02869078
v 0.03584499 -0.03818478 -0.00860882
v -0.04514061 -0.01007478 -0.02904962
v -0.05024781 -0.00571938 -0.01593722
v -0.04395021 0.04887642 0.03107638
v -0.00147981 -0.01629318 0.04091638
v -0.04037901 0.03471462 -0.00668282
v 0.03473139 -0.03648018 0.03878458
v 0.04928499 -0.01675818 -0.00777722
v -0.04272141 0.04752042 0.03981178
v -0.03642381 -0.01695258 0.02070358
v -0.00889101 -0.00004158 0.04637758
v 0.05128179 -0.00907878 -0.01216082
v 0.05128179 -0.05713458 0.01931158
v -0.03481101 0.04193682 0.03024658
v 0.03046899 -0.03467358 0.03725458
v -0.03519501 0.03759102 -0.00922922
v 0.04502259 -0.01502658 0.01055398
v 0.00493299 -0.02770638 0.03412798
v 0.00808179 0.04262802 -0.03098162
v 0.03246579 -0.03957498 -0.02011262
v 0.00454899 0.00082362 0.04414858
v -0.04460301 0.01926942 -0.02435582
v -0.03319821 0.03939882 -0.00868022
v -0.04851981 -0.00027678 -0.02492042
v 0.01007859 -0.00874098 -0.02963282
v 0.03956979 0.01994622 -0.03047702
v 0.03446259 -0.03225618 -0.02874842
v -0.03826701 0.04670622 0.02809918
v 0.01403379 -0.01359858 -0.02935802
v 0.01560819 0.03735462 0.02023918
v -0.04337421 0.04782762 0.02982118
v -0.04337421 0.04782762 0.02982118
v -0.00405261 -0.00624798 0.04659538
v -0.03235341 -0.00534498 0.03131278
v -0.00286221 0.00757842 0.04519738
v -0.02920461 -0.03873198 -0.02560382
v -0.04729101 0.04451202 0.03972778
v 0.04275699 -0.03646158 0.04396798
v 0.03922419 -0.03854598 -0.00657722
v 0.03922419 -0.03854598 -0.00657722
v 0.04079859 -0.04690698 -0.00200702
v 0.01603059 -0.03451758 0.02463058
v 0.02743539 0.00479922 0.03019678
v 0.03726579 0.03201282 0.00450838
v 0.01249779 0.00431622 -0.02981402
v -0.02367501 -0.02570898 0.02675158
v 0.00228339 -0.03723498 -0.02866982
v -0.02325261 0.04217982 0.00824818
v 0.02904819 -0.02404938 0.02700358
v 0.04045299 0.00111462 -0.02927462
v -0.04957041 0.00362922 -0.02101262
v 0.03970959 -0.03842958 -0.01973582
v -0.03616881 -0.01901958 -0.03131942
v 0.00591759 0.01462002 -0.03079442
v 0.03698319 -0.03205818 0.00714418
v 0.03698319 -0.03205818 0.00714418
v -0.04008561 0.03680562 0.03403978
v 0.02008719 -0.02698758 0.03010018
v 0.04447119 -0.04006278 0.04362058
v -0.02276721 -0.03490518 0.01887538
v 0.03778959 -0.01608078 0.02101258
v -0.04438641 0.02560902 0.00167938
v -0.02825841 -0.01054038 0.03186838
v 0.04331919 -0.05038998 0.00009298
v -0.01604721 -0.00359118 -0.03033662
v 0.03940239 0.01384302 -0.03016982
v -0.04315761 0.02421642 0.00818878
v 0.00207759 0.02348622 0.03727318
v -0.04392561 -0.01446978 0.01087378
v 0.04769679 0.00998442 0.00700498
v 0.03944079 0.02017122 0.01544878
v -0.01992561 -0.04283358 0.00941818
v 0.04063119 -0.02513838 0.00991138
v 0.03237519 -0.02811198 0.02464798
v 0.03671439 -0.03066078 0.03769798
v 0.03790479 0.02311722 0.01519978
v -0.04584561 0.04990662 0.03447658
v 0.04577679 -0.04839138 0.00377818
v -0.04308081 -0.00872718 0.01515958
v 0.03045519 -0.02581638 -0.02887862
v -0.03363441 0.02660082 0.01814338
v -0.03363441 0.02660082 0.01814338
v 0.03479439 -0.03339498 0.03744058
v 0.03479439 -0.03339498 0.03744058
v 0.02143119 -0.01840218 0.03079078
v -0.04580721 0.05310282 0.03496078
v -0.00648561 0.00398022 0.04294558
v -0.00648561 0.00398022 0.04294558
v -0.05406321 0.04548222 0.03424018
v -0.03950961 -0.03057678 -0.02033042
v 0.02577039 0.04361802 -0.01770182
v 0.03206799 0.03814722 0.00153418
v -0.04185201 0.03739002 0.03575758
v 0.04819599 -0.04013058 0.03876118
v 0.03010959 -0.03194898 0.03354598
v 0.03010959 -0.03194898 0.03354598
v 0.05291919 -0.04947798 0.01357618
v -0.00644721 0.00559602 0.04203358
v -0.00644721 0.00559602 0.04203358
v -0.03121521 0.03973662 0.02303218
v -0.03121521 0.03973662 0.02303218
v -0.04300401 0.02050182 -0.02649062
v -0.05126001 0.05201622 0.03366118
v 0.03210639 -0.00559518 0.03273658
v -0.02530161 -0.04361478 -0.01988042
v -0.04181361 -0.02478318 -0.02486702
v -0.03040881 -0.00134238 0.03229138
v -0.01074801 0.04070502 -0.03136322
v -0.02253681 -0.02543598 0.02801038
v 0.03959439 -0.03390438 -0.00944462
v 0.03959439 -0.03390438 -0.00944462
v 0.04942479 -0.05196678 0.01194658
v -0.01938801 -0.02033358 0.03470578
v 0.00499599 0.04997262 -0.00082742
v 0.02465679 -0.00177678 0.03540898
v -0.02449521 0.04023702 0.01316998
v 0.04197519 -0.03596298 -0.00821042
v -0.00245361 0.03885162 -0.03003842
v 0.01367439 0.03079062 0.02831698
v 0.02665359 0.01951302 0.03091378
v -0.03743601 0.03200082 -0.02214122
v 0.02469519 -0.03234438 0.02182798
v -0.02718321 0.03609702 0.01752778
v -0.02718321 0.03609702 0.01752778
v 0.00703119 -0.05090778 -0.01843502
v 0.01293099 0.02177382 0.03514018
v -0.01656021 0.02562762 0.03076618
v -0.01656021 0.02562762 0.03076618
v -0.04132821 0.03220902 0.02616538
v -0.01575381 0.03695322 0.02095438
v -0.05192661 0.04954662 0.03399178
v -0.05192661 0.04954662 0.03399178
v -0.01456341 -0.02080998 0.03712618
v 0.04599339 0.02132622 -0.00063182
v 0.02399019 0.01369422 0.02978818
v -0.00235221 0.02964582 0.03154738
v -0.04009941 -0.02547618 -0.02712602
v 0.05152299 0.00588402 -0.01203242
v -0.00822741 -0.01304178 -0.03083522
v 0.03266859 -0.02550498 0.02911438
v -0.02159061 0.02627682 0.02867578
v -0.04793301 0.04663062 0.03025738
v -0.00073941 -0.05106378 -0.01933322
v 0.01853739 -0.02105418 0.03222478
v 0.03428139 0.03702882 -0.01993682
v -0.03806421 0.00395622 0.02337478
v -0.04040661 0.04535142 0.02193658
v -0.02900181 0.01895382 0.02785738
v -0.05062101 0.00235782 -0.01370402
v -0.00657621 -0.05120178 -0.01061342
v -0.00657621 -0.05120178 -0.01061342
v 0.04729899 -0.02091618 -0.00419822
v 0.04338219 -0.02222778 -0.02690162
v -0.01913301 -0.02770938 0.02853058
v 0.00052779 -0.04704198 -0.02866262
v 0.02963499 0.03982242 -0.02299082
v -0.01951701 -0.02228958 0.03259918
v -0.04781781 -0.00632358 -0.02575082
v 0.04223019 -0.04855398 -0.00360722
v -0.00415701 -0.00595998 0.04813678
v 0.03635499 -0.01277958 0.02417458
v 0.00843819 0.02698542 0.03269458
v 0.02299179 -0.01115178 -0.02910182
v 0.05248299 -0.04573698 0.00380338
v -0.02496981 0.03724482 0.01586398
v 0.04031019 -0.03502878 0.04417678
v 0.02222379 -0.01619358 0.03105958
v 0.02026539 -0.02388858 0.03258358
v 0.05447979 -0.04794918 0.00437878
v 0.02656299 -0.03238218 0.03405358
v 0.01162539 -0.02115018 0.03717898
v 0.02303019 0.03765282 -0.03064562
v 0.00651819 0.00860322 -0.02957702
v -0.04459221 0.04672182 0.02892298
v 0.04034859 -0.04348818 0.03895918
v 0.00379179 0.00250182 0.04927438
v -0.01467861 0.03201762 0.02679058
v 0.02936619 0.03938322 0.00396358
v -0.02961621 -0.00607878 0.03244978
v 0.00774699 -0.00837498 -0.02935382
v 0.00263979 -0.00065058 0.04984978
v 0.02506539 -0.04300698 -0.02469122
v -0.02093781 0.02238822 0.03085918
v 0.04276779 -0.04907238 0.00031618
v -0.01464021 0.04752282 0.00153778
v 0.05574699 -0.04997358 0.00728158
v -0.01306581 0.02741682 0.03046678
v -0.04923861 0.00909042 -0.00066902
v 0.00778539 -0.02737338 0.03050698
v -0.00400341 0.00609042 0.04317538
v 0.00386859 0.04919202 -0.02294762
v -0.01145301 0.00170682 -0.03021302
v 0.00742599 0.03152862 0.03137998
v 0.03810759 -0.02433438 -0.03020822
v 0.05266119 -0.04951758 0.02190358
v 0.05266119 -0.04951758 0.02190358
v -0.01457721 0.00296982 -0.03093002
v -0.03304761 0.00866382 0.02877478
v 0.04521159 -0.04027098 -0.00247202
v -0.04875321 0.00866142 -0.02179322
v -0.04245561 0.03807462 0.00138838
v -0.02279481 0.04431702 -0.02020682
v -0.02122041 -0.04347258 0.00655678
v 0.03265479 -0.02690358 0.02551858
v 0.00277959 0.00154602 0.04974358
v 0.04210119 -0.03388458 0.04247038
v -0.00075321 -0.00665118 0.04638778
v 0.04252359 0.01310142 -0.03046982
v -0.03297081 0.03892182 -0.00964322
v 0.01775559 0.01113822 0.03801898
v -0.04122681 0.02729142 -0.02131922
v -0.04948281 0.04497222 0.03387598
v 0.04018119 0.00398262 0.02150398
v -0.04514361 0.03484662 0.00596998
v 0.03822279 -0.03231558 0.03868858
v 0.00204999 -0.05121798 -0.01840922
v 0.02485959 0.01409562 0.02988478
v -0.04591161 0.04183722 0.03229018
v -0.04591161 0.04183722 0.03229018
v -0.04472121 0.03352422 0.00235858
v -0.04314681 0.02807862 -0.00522482
v -0.04863801 0.03955902 0.03772498
v -0.02936121 -0.02587638 -0.03016802
v -0.02936121 -0.01678698 0.02877958
v -0.03170361 0.01364322 0.02808718
v -0.01046841 -0.05022918 -0.00565622
v 0.03200199 -0.02964078 0.01854118
v 0.04498119 -0.02002218 0.00619498
v 0.04302279 0.00426222 -0.03042482
v -0.04740921 0.05170902 0.03509458
v -0.04936761 0.04389882 0.03039838
v 0.01118919 -0.02565678 0.03079738
v -0.03481401 0.03398802 -0.02425442
v 0.03872199 -0.03165258 0.04294438
v -0.04660281 0.00807402 -0.02734022
v -0.04856121 0.04253862 0.03980098
v 0.03165639 -0.02427498 0.02401078
v 0.03165639 -0.02427498 0.02401078
v -0.01434681 -0.00727998 0.04117558
v 0.03956679 -0.04511178 0.04145698
v -0.02767161 0.01360722 0.03090898
v 0.00496839 0.00174462 0.04865158
v -0.04141881 0.01448562 -0.03108002
v 0.05177799 -0.00120258 -0.01513922
v -0.00797241 0.05046042 -0.00840182
v 0.04236999 -0.00056238 -0.03017762
v -0.03035961 -0.01763358 0.02657038
v -0.00440121 -0.00083118 0.04997878
v 0.01998279 -0.01920138 0.03314878
v 0.00780999 -0.01069098 -0.02966462
v -0.00161181 -0.01562358 -0.03075902
v 0.05068899 -0.05148918 0.01436998
v 0.01374819 0.04913022 -0.01091762
v 0.00195939 -0.03066978 0.03195238
v -0.02949021 0.04082802 -0.01615682
v 0.05072739 -0.04909638 0.00024658
v 0.03578979 0.02908062 0.01193398
v -0.02672541 0.04222722 -0.01906862
v 0.03502179 -0.03943038 -0.00987842
v 0.03502179 -0.03943038 -0.00987842
v 0.01693539 0.02260002 0.03045958
v 0.03659619 -0.03454398 -0.02294822
v -0.04204701 0.04916982 0.03211138
v 0.04289379 -0.00777678 -0.03032882
v -0.02787741 -0.04246998 -0.01694762
v 0.03425379 -0.03722478 -0.02247722
v -0.00191901 0.03011142 0.03032578
v 0.05353059 -0.05324358 0.02859658
v -0.04515741 0.02263062 -0.00370802
v 0.01344099 -0.03128118 0.02896258
v 0.02799459 0.01428222 0.03205138
v -0.04945821 -0.00686778 -0.00026342
v -0.00856221 0.00232302 0.04585198
v -0.00856221 0.00232302 0.04585198
v -0.03175581 -0.03140358 -0.03046862
v -0.03686301 0.01693302 -0.03144422
v -0.04039581 0.02711562 0.01683238
v 0.00011619 -0.00183378 0.05005798
v 0.00602979 -0.04647378 -0.02887562
v 0.04535139 0.01197102 -0.02898902
v -0.02346141 0.03020022 0.02333338
v -0.02346141 0.03020022 0.02333338
v 0.01743459 0.04214382 -0.02975522
v -0.03839901 -0.02320098 0.01354978
v 0.04969059 -0.00483858 -0.02442302
v -0.00771741 -0.05055018 -0.01816262
v 0.01785699 -0.00426858 -0.02972102
v 0.03909219 -0.04611018 -0.00594542
v -0.02695581 0.02727942 -0.03038822
v 0.03360099 -0.03975558 -0.01964402
v 0.00725859 0.03204282 0.03105718
v 0.03989859 -0.04378698 0.04317538
v 0.02496099 -0.02804418 0.02891758
v 0.01159779 -0.01367658 0.04007098
v 0.00963939 0.01283982 -0.03065402
v 0.01593699 0.00147042 0.04046818
v -0.05287581 0.04571502 0.03595198
v 0.01397859 -0.00359898 0.04095958
v 0.04504419 -0.04650678 0.00195898
v -0.04185501 0.04295742 0.01288318
v 0.04308579 -0.03539358 0.04328578
v -0.05049501 -0.00057378 -0.00397742
v 0.01635939 0.02329182 0.02993038
v -0.03279261 0.04206042 0.02562478
v -0.03279261 0.04206042 0.02562478
v -0.00368541 0.00709242 0.04201498
v 0.03052899 0.00313122 0.03185158
v -0.01113501 -0.04936218 -0.00070802
v -0.04454301 0.04224942 0.02170198
v -0.02330781 -0.04149498 -0.02747102
v 0.00933219 -0.04711998 -0.02762222
v -0.04807581 0.03778362 0.03383098
v 0.04354659 -0.03651258 -0.00858122
v -0.00245661 0.00756042 0.04827778
v 0.02192739 -0.02508198 0.03178078
v 0.02507619 0.01088862 0.03111478
v -0.01424541 -0.04659738 0.00586618
v 0.02115939 -0.04446138 -0.02589362
v 0.02903139 -0.03358158 0.03566638
v 0.03218019 -0.04027698 -0.01743422
v 0.02039139 0.00950502 0.03689938
v 0.00073059 0.05035482 -0.00161342
v -0.01420701 0.03532062 0.02359618
v -0.00437661 -0.03437838 0.02759398
v 0.00428799 -0.00209118 0.04901398
v -0.04720641 -0.01040298 -0.02556002
v 0.00236799 0.00614142 0.04497058
v -0.03223041 0.01465662 0.02681458
v -0.04048641 0.03212682 -0.00797522
v -0.03891201 0.04543842 0.01963798
v 0.03423999 -0.00726918 0.02794738
v -0.03142401 0.04092702 0.02318218
v -0.03142401 0.04092702 0.02318218
v -0.04951041 0.05252202 0.03241858
v -0.01882881 0.04721982 -0.00518882
v 0.02206719 0.01848402 0.02985778
v 0.03938559 -0.03202878 0.03971158
v -0.01487361 -0.02467998 0.03380938
v -0.05104641 0.05017122 0.03383758
v -0.04632321 0.04491522 0.04019098
v 0.00912639 0.01578462 0.03956698
v -0.02862081 -0.03670278 0.01051198
v -0.00738561 -0.00173958 0.04258318
v -0.04513281 0.04992042 0.03173698
v -0.03607041 0.03584922 -0.01063802
v -0.03960321 0.00674262 -0.03128522
v -0.00028161 -0.02900538 0.03052618
v 0.01703679 0.00539862 -0.02986022
v 0.02805759 -0.02466318 0.02766658
v -0.01990401 -0.02146698 0.03327718
v 0.02099199 -0.01663218 0.03410938
v -0.00535041 -0.00564978 0.04651438
v 0.04145919 -0.04177878 0.04387198
v -0.02458881 -0.01608858 0.03322978
v 0.04737279 -0.04698438 0.00410158
v 0.04737279 -0.04698438 0.00410158
v 0.04069119 -0.03601938 0.03920218
v 0.01749759 -0.02592918 0.03248218
v 0.02732799 -0.02771838 0.03436078
v 0.05171199 -0.00600678 -0.01097762
v 0.05171199 -0.04357098 0.03542578
v -0.01552641 -0.02260338 0.03535978
v -0.03910401 -0.02400198 -0.02947682
v 0.03600639 -0.04274478 -0.00888482
v 0.01123839 -0.01932978 0.03831178
v 0.05017599 -0.05570598 0.02643178
v 0.03523839 -0.04230558 -0.01087382
v -0.00093441 -0.00538278 0.04331338
v -0.05204481 0.05001102 0.03145078
v -0.00327681 -0.02868018 0.03359758
v -0.02842881 0.01131582 0.03226618
v -0.03864321 -0.01829418 0.01700158
v -0.00757761 0.00091422 0.04277578
v 0.03331839 -0.04017558 -0.01492082
v 0.02978559 -0.04280478 -0.01086962
v 0.02978559 -0.04280478 -0.01086962
v -0.04728321 0.05260602 0.03291538
v 0.02625279 0.02179422 0.02812018
v 0.01799679 0.02768142 0.03080938
v 0.04748799 -0.05395098 0.00824878
v -0.04490241 0.05130942 0.03723178
v 0.00739839 -0.05065338 -0.00213362
v 0.03178239 -0.03006258 0.02235298
v 0.01369599 -0.02984118 0.03217618
v -0.04371201 0.03805062 0.00506038
v 0.03965439 -0.04462638 0.04243318
v -0.00949761 -0.00049218 -0.02971622
v -0.02874981 0.01618002 0.03120718
v 0.03299739 -0.02837478 0.02086918
v 0.04912539 -0.01767738 -0.01131962
v 0.04912539 -0.05455758 0.02286658
v 0.03103899 -0.03132438 0.01996978
v 0.02593179 -0.03169638 0.02878978
v 0.01571739 0.00868842 -0.02982782
v 0.00392859 -0.03946758 0.02240458
v 0.00550299 0.02871042 0.03152098
v 0.04482459 0.00243522 0.01499398
v 0.05584539 -0.05452698 0.01935838
v -0.03930981 0.04314642 0.03769498
v -0.01650021 0.02995362 0.02837518
v -0.03458661 0.02112522 0.02093278
v -0.04284261 -0.01534338 -0.02996162
v 0.03226779 -0.02999538 0.02060098
v 0.03384219 0.03649122 -0.02279522
v -0.01922661 0.00198462 0.04025578
v 0.00438939 -0.04393758 -0.03050042
v 0.03702939 -0.03319458 -0.02477942
v -0.01408101 -0.04795638 -0.02307842
v 0.03821979 -0.03944778 -0.02055422
v -0.05063781 0.00409422 -0.00783662
v 0.04336539 -0.02025198 -0.02808542
v 0.02685339 -0.00532878 0.03075538
v 0.04651419 -0.02355798 -0.00846542
v 0.03825819 0.00790782 0.02305618
v -0.00106341 -0.00651018 0.04225078
v 0.03157659 -0.03381138 0.03660718
v 0.05557659 -0.05249898 0.00906478
v -0.01362021 -0.02603718 0.03099418
v 0.03199899 -0.02520918 0.03549478
v 0.04812699 0.01815282 -0.00501542
v 0.05127579 0.00480042 -0.01699802
v -0.04545381 0.03977142 0.01896238
v -0.01987941 0.02209302 0.03320638
v 0.05050779 -0.01309398 -0.01080002
v -0.03992421 0.03967422 0.03675658
v -0.04345701 0.03549222 0.03324838
v -0.04345701 0.04981422 0.03890038
v 0.04935579 0.01439142 -0.00440162
v -0.03439461 0.00253542 0.02774578
v 0.00807579 -0.02101038 0.03843838
v 0.00807579 -0.02101038 0.03843838
v 0.00965019 -0.04961958 -0.02248922
v -0.02652261 0.04159782 -0.02209082
v -0.05044581 0.04827942 0.03108778
v -0.01112421 -0.04364838 -0.03019862
v 0.03921819 -0.03359538 -0.02023442
v 0.01525659 0.00499122 0.04011718
v 0.04947099 -0.05523738 0.01840318
v -0.02759781 -0.03949458 0.00674218
v -0.02130021 0.04473462 0.00197398
v -0.00163941 0.04650222 -0.02861642
v -0.00044901 -0.00655818 0.04797898
v 0.05500059 -0.05088438 0.00624418
v -0.01223781 0.02766822 0.03062038
v 0.04596279 -0.04948458 0.00464398
v 0.04991799 -0.01174518 -0.02022482
v -0.04089801 -0.01864038 -0.03042302
v -0.04600521 0.03515202 0.01301278
v -0.05069001 -0.00156798 -0.01346102
v -0.05026761 0.00347382 -0.01697762
v 0.02994999 -0.02993538 -0.03002402
v 0.04135479 -0.00851298 -0.02999402
v 0.04450359 -0.05150898 0.00115738
v 0.04922679 -0.01398498 -0.00086162
v -0.04750281 0.04148022 0.02725798
v 0.00794679 -0.00178878 0.04206658
v 0.04845879 -0.05431578 0.02806558
v -0.04984521 -0.00374238 -0.00046622
v -0.04354761 -0.01293078 -0.03004862
v -0.04354761 -0.00106638 -0.03123722
v 0.01032759 -0.03209598 0.02945698
v 0.01347639 -0.00121338 -0.02973062
v 0.02645559 -0.03268638 0.02113198
v 0.00011319 0.00739062 0.04528018
v 0.03432759 -0.03785778 -0.02162402
v 0.03236919 -0.03737358 0.04225018
v -0.00537801 0.01657002 -0.03001682
v -0.02189001 -0.02003538 0.03261418
v 0.01036599 0.03220242 0.02804578
v -0.04704201 0.04944642 0.03119278
v -0.01440201 0.04860642 -0.01666742
v 0.00015159 0.05104062 -0.01146662
v -0.03797961 0.03090582 0.02249998
v 0.04381239 -0.03597078 0.04056598
v -0.05291721 0.04441422 0.03700498
v 0.04027959 -0.03685218 -0.02049842
v 0.05010999 -0.00012018 0.00316138
v 0.00410679 0.00366942 0.04867918
v -0.04189641 0.01019262 0.01683718
v -0.00925641 -0.01077558 0.04151398
v -0.00610761 -0.04956738 -0.02353622
v -0.05368521 0.04862802 0.03406618
v -0.00138441 0.02195622 0.03838378
v 0.04934199 -0.05353458 0.02137378
v -0.02457801 -0.04223238 0.00489058
v 0.01631799 0.02605482 0.03133858
v 0.03716919 -0.04268958 0.04169638
v 0.01869879 -0.02238078 0.03084298
v 0.01869879 -0.02238078 0.03084298
v 0.01516599 -0.00721878 -0.03047102
v 0.03129399 -0.02596878 0.03661498
v 0.01635639 -0.00069498 0.04034758
v -0.04496841 0.04381902 0.03131218
v 0.00890679 0.03652902 -0.02957522
v 0.03290679 0.03922902 -0.01320662
v 0.02898999 -0.03464658 0.03962638
v -0.00560841 -0.02859198 0.03070918
v -0.03037641 0.04465242 0.00281278
v 0.04984119 -0.05663058 0.01542418
v -0.01463241 -0.00070338 -0.03100082
v 0.03256119 -0.02695938 0.02918218
v 0.03256119 -0.02695938 0.02918218
v -0.00046281 -0.04244598 0.01860058
v 0.04043319 -0.03373458 -0.01213382
v -0.00714441 -0.03001098 0.03184498
v 0.04358199 -0.02860458 -0.01414082
v 0.04830519 0.00939042 -0.02555042
v -0.01067721 0.00855822 -0.03094862
v -0.02718921 -0.00692838 0.03501598
v -0.02873901 -0.03461358 -0.03028742
v 0.00862419 0.02181342 0.03694618
v 0.01492179 -0.04932138 -0.01812482
v -0.00865581 -0.00105738 0.04626238
v -0.00708141 0.00555162 0.04658878
v -0.00708141 0.00555162 0.04658878
v 0.00432339 -0.00087258 0.04383418
v -0.04482861 0.02760762 0.00127438
v 0.01572819 -0.04951758 -0.00822962
v 0.01572819 -0.04951758 -0.00822962
v -0.02359341 0.04296462 0.00580198
v 0.00904659 -0.03198438 0.03151918
v 0.02045139 -0.01848138 0.03098578
v 0.04917459 -0.04811898 0.02938738
v 0.04917459 -0.04811898 0.02938738
v 0.03070419 -0.02387778 0.02855758
v -0.00704301 -0.00181758 0.04304698
v 0.04329939 0.01879122 -0.02854262
v -0.04870701 0.04375602 0.03920818
v 0.01461459 -0.02268198 0.03462838
v 0.01461459 -0.02268198 0.03462838
v 0.00205779 -0.00448098 0.04406098
v -0.03568941 -0.02157558 -0.03145802
v 0.02763219 -0.04187838 0.00353638
v 0.00128979 0.00029202 0.05003518
v -0.03173421 -0.02185098 0.02279338
v -0.02858541 -0.01340898 0.03127198
v 0.00248019 0.04778562 -0.02658302
v 0.04652499 -0.01136238 -0.02809622
v 0.04967379 -0.05348898 0.01888618
v 0.02175699 -0.03908658 -0.03037682
v -0.04390701 0.04387182 0.02374018
v 0.00643539 0.04184382 0.01757038
v -0.03327021 -0.00691698 0.02864398
v -0.02224941 0.04525722 -0.01676942
v 0.00056019 -0.00565458 0.04886698
v 0.04145619 -0.02830698 -0.02381762
v 0.02651859 -0.01436478 0.03144718
v 0.00451539 -0.00351198 0.04674598
v -0.05131821 0.04086942 0.03684238
v 0.03362259 -0.03003078 0.04160398
v 0.01553619 0.02971422 0.02871598
v 0.04621779 -0.05252778 0.00176758
v 0.03796179 0.02830002 -0.02825222
v 0.03953619 -0.04033218 -0.01625642
v -0.04183341 0.05077902 0.03666838
v -0.04183341 0.02224782 0.00981478
v -0.02451501 0.00397722 0.03769978
v 0.04744659 0.01746762 -0.02137922
v 0.04744659 0.01746762 -0.02137922
v -0.03826221 0.02814882 0.01874278
v 0.04667859 -0.05052078 0.03741238
v 0.00067539 0.02956362 0.03039178
v -0.04217901 -0.02718738 -0.01911302
v -0.04413741 0.04590882 0.03185098
v 0.02782419 -0.03369558 0.03812638
v 0.04237779 0.02353842 0.00699898
v -0.00558381 0.04576122 0.01129438
v 0.02705619 -0.03179838 0.02722138
v 0.02705619 -0.03179838 0.02722138
v -0.04175661 0.03420282 0.03077578
v 0.03177939 -0.02418978 0.02869318
v 0.03139539 -0.03724638 0.00784258
v 0.05105619 -0.05669778 0.02274178
v 0.05263059 -0.04811838 0.00137758
v -0.02954541 -0.01595298 0.03011758
v 0.04241619 -0.03694878 0.03929098
v 0.03652719 -0.04320378 -0.01180562
v 0.04635759 -0.05214078 0.03231838
v 0.00350319 -0.05161278 -0.01437782
v -0.02952081 -0.01712598 0.02789158
v -0.04837521 0.04270242 0.03693298
v 0.00077679 0.00309162 0.04986178
v 0.04639599 0.01473582 -0.02633102
v 0.01809519 0.01390542 0.03675298
v 0.03264879 -0.02898258 0.02242498
v -0.01020561 -0.02109978 0.03839278
v 0.04209519 -0.03019278 -0.00536942
v -0.03182481 0.04421142 0.01965358
v -0.00075921 0.02629122 0.03542158
v 0.03502959 -0.04110018 -0.01960262
v -0.00429201 0.02354202 0.03745678
v -0.01922961 0.04727682 -0.01068362
v -0.01922961 0.04510902 0.00402718
v 0.03268719 -0.00588738 0.03234238
v 0.04055919 -0.03796098 -0.00619502
v 0.04843119 0.00336882 0.00762598
v 0.05000559 -0.01023198 -0.00037202
v 0.03153519 0.02343582 0.02236918
v 0.02957679 -0.03924018 0.00689218
v -0.04749201 0.01826922 -0.01018502
v 0.05553519 -0.04838358 0.02458978
v -0.02978961 0.04031082 0.02038798
v 0.01110639 -0.02871438 0.03206518
v 0.03944559 -0.03748038 0.03902158
v 0.03944559 -0.03748038 0.03902158
v 0.00603759 -0.02438598 0.03680638
v 0.01744239 0.04675062 0.00044158
v -0.05137041 0.04434222 0.03604198
v 0.00250479 -0.03342498 0.02980618
v 0.00722799 -0.04151238 -0.03024482
v -0.03051921 0.00410562 0.03102358
v -0.02068881 -0.03721818 -0.03095702
v -0.02932881 0.03762762 0.01987738
v -0.02932881 0.03762762 0.01987738
v -0.03758481 -0.00894138 0.02276098
v 0.02297199 -0.04421898 0.00439678
v -0.02618001 0.04363182 -0.00150062
v 0.01471599 -0.00650958 -0.03059342
v 0.02062959 -0.02934318 0.02696998
v 0.01709679 0.04667022 -0.02203442
v 0.00058479 0.00615342 0.04280758
v 0.04305519 0.02755182 -0.01736582
v -0.02575761 -0.03872538 0.01070878
v 0.05603439 -0.05325738 0.01161658
v 0.02969199 0.00254082 0.03094378
v 0.00177519 0.01755462 -0.02994722
v -0.04422801 0.05005902 0.03209998
v -0.04422801 0.03887622 0.00916318
v -0.00490641 0.00580722 0.04238698
v -0.01001361 0.02019282 0.03851878
v 0.02420079 -0.03061218 0.02702758
v 0.02420079 -0.03061218 0.02702758
v -0.04146321 -0.02550198 0.00477238
v -0.04971921 -0.01004478 -0.00593222
v 0.00415599 0.01388922 -0.03086162
v -0.04695441 0.04491342 0.03221518
v -0.04695441 0.04491342 0.03221518
v -0.02295441 -0.02244858 0.03154078
v -0.01665681 -0.03035058 0.02725498
v -0.02018961 0.04439562 -0.02423342
v 0.01717359 -0.03053778 0.02782078
v 0.02308719 -0.03084738 0.02425378
v 0.01483119 -0.01905678 0.03700138
v 0.02781039 0.01896702 0.02890618
v -0.04925841 0.05230302 0.03449218
v 0.02585199 -0.02681058 0.02822518
v 0.03883119 -0.04136778 0.03943918
v 0.05338479 -0.05189118 0.00519238
v 0.04985199 -0.01479318 -0.01468382
v 0.04985199 -0.01479318 -0.01468382
v -0.01581201 0.04487682 -0.02703182
v -0.01185681 0.04782042 -0.02343362
v -0.00987381 0.05002662 -0.01394402
v 0.04557579 -0.05221518 0.00440338
v -0.03306741 -0.01128198 0.02681158
v 0.00782859 -0.02785938 0.03048658
v -0.02676981 0.03974082 -0.02611082
v -0.02676981 0.03180282 -0.03154862
v 0.00429579 -0.01835538 -0.02949422
v 0.04519179 -0.05036358 -0.00135362
v 0.04165899 -0.04543698 0.04234678
v -0.02243061 0.00078642 0.03904498
v -0.01102581 -0.04456998 -0.02965442
v 0.05072139 -0.04559598 -0.00153722
v -0.02634741 0.04338522 -0.00625082
v 0.02752779 -0.02402178 0.02660878
v 0.02752779 -0.02402178 0.02660878
v -0.02830581 0.03991122 -0.02349962
v 0.01692939 0.03577842 -0.02988662
v -0.03260661 -0.03183498 -0.02975342
v 0.02952459 -0.01916178 0.02776498
v 0.02441739 -0.02987178 0.02974738
v -0.01175541 -0.02707038 0.03083398
v 0.02560779 -0.03180138 0.02654278
v 0.02560779 -0.03180138 0.02654278
v -0.03218421 0.00094662 0.03130798
v -0.03060981 0.01390602 0.03085558
v 0.02603019 0.01389642 0.03044338
v 0.03743499 -0.01423698 -0.02888282
v 0.04058379 -0.03353898 -0.01635902
v 0.00283659 -0.03928638 -0.02901602
v 0.03232779 -0.02722398 0.03882778
v 0.03862539 -0.03917778 0.03921538
v 0.01543179 -0.03687978 -0.02906702
v 0.02998539 0.04140222 -0.01359302
v 0.03155979 -0.03586638 0.04210678
v 0.03313419 -0.02555598 0.03212398
v 0.01504779 -0.02700018 0.03221878
v -0.00146421 0.02967822 0.03034918
v -0.00027381 0.02956782 0.03171718
v 0.00917259 0.01114662 -0.03058202
v 0.03866379 -0.03555018 0.03886258
v 0.01074699 -0.04220238 -0.03044822
v 0.03947019 -0.02076738 0.01578658
v 0.01627659 0.00408762 0.04002658
v -0.02147061 -0.04470798 -0.02354702
v 0.05363979 -0.05586738 0.02244718
v 0.03163659 0.02421282 -0.02947922
v 0.04776459 -0.04097238 -0.00456002
v 0.04933899 -0.01540998 -0.01794542
v -0.03322101 0.01868982 0.02385658
v -0.04343541 -0.02316258 0.00288118
v 0.04307979 -0.03802398 0.04409938
v -0.05050101 -0.00584118 -0.00855902
v 0.01163019 0.04723002 0.00502918
v -0.00645621 -0.00432198 0.04224238
v -0.03790581 0.04224702 0.03585598
v -0.03552501 0.01853622 0.02150458
v 0.03643659 -0.03907218 -0.02178122
v 0.03643659 0.02646522 0.01399318
v 0.01835019 -0.03717798 0.02033098
v -0.01114101 -0.01628538 0.04009078
v 0.00656139 -0.02233278 0.03803698
v -0.01152501 -0.02692158 0.03094318
v -0.04650741 0.03912342 0.02247958
v 0.01404939 -0.00925338 0.04033858
v -0.03037941 -0.03308298 0.01360378
v -0.04570101 0.04360842 0.02626798
v 0.00621579 -0.03023178 0.03215158
v 0.00779019 -0.04001358 0.02116018
v 0.04711179 -0.05071398 0.00682858
v 0.03532299 -0.02729658 0.03827218
v -0.00399861 0.00733902 0.04534498
v 0.04319499 -0.00191778 0.01773598
v 0.03455499 0.03472242 -0.02511062
v 0.03455499 0.03472242 -0.02511062
v 0.03653799 0.03538122 -0.00328442
v -0.03738201 0.03866562 0.03338578
v -0.01614681 0.02575002 0.03195058
v -0.01614681 0.02575002 0.03195058
v 0.00942759 -0.00615018 0.04169818
v 0.05032359 -0.04233558 0.03934858
v 0.00904359 -0.04410798 0.01485238
v -0.03223641 0.02058702 0.02374558
v 0.00474279 -0.01530558 -0.03057782
v -0.02828121 0.01222902 0.03095638
v -0.03653721 0.02839782 0.01876318
v 0.01380519 -0.02419758 0.03087838
v -0.04713561 0.04228002 0.03233278
v -0.00781401 0.04405302 0.01382878
v 0.02248359 0.04332642 -0.02505062
v 0.01737639 -0.04329318 0.01210558
v 0.04686759 -0.05199618 0.00712078
v 0.01895079 -0.00852918 0.03868978
v 0.01069479 0.04959042 -0.01522862
v 0.05120679 -0.05071278 0.01358218
v 0.05120679 -0.05071278 0.01358218
v 0.03469479 -0.01595298 0.02453038
v 0.05239719 -0.05659518 0.01260898
v -0.04275801 0.03605322 0.03416458
v 0.04886439 -0.05476818 0.02799058
v 0.03984039 -0.03453738 -0.02065502
v 0.04141479 -0.03426738 -0.01299062
v 0.04928679 -0.05517918 0.01581838
v 0.00328359 -0.00444558 0.04544938
v 0.05639079 -0.05287818 0.02389558
v 0.03319719 -0.03284538 0.01186378
v -0.04229721 -0.01710078 0.01215358
v -0.02970201 -0.00266658 0.03328858
v 0.01119399 -0.05055978 -0.01535402
v 0.04464039 -0.02271498 0.00361558
v 0.00259239 0.02933862 0.03144658
v -0.02689881 -0.01285338 0.03275158
v 0.00731559 0.00944802 -0.02979182
v 0.03680679 -0.03362298 0.04376818
v -0.01077081 0.03218562 0.02891518
v 0.01361319 0.00864222 -0.03069902
v 0.01518759 0.02405682 0.03105598
v 0.01833639 -0.02782278 0.03165898
v 0.01008039 0.02374122 0.03501058
v 0.02778279 -0.00813258 0.03076558
v -0.04771161 0.04148202 0.03961978
v -0.02647641 0.02153202 0.02848978
v -0.02490201 -0.04476678 -0.00918602
v 0.02739879 -0.03121218 0.03789718
v 0.01088679 0.03753222 -0.02987222
v 0.04037799 -0.02054178 -0.03012782
v 0.04195239 -0.03457278 -0.01330202
v -0.02213721 0.04100382 -0.02835542
v -0.03864921 0.03307902 -0.01021622
v 0.00382119 -0.00084798 0.04946278
v -0.01583961 -0.02495778 0.03107038
v 0.02467239 -0.02235198 0.03178498
v 0.02467239 -0.02235198 0.03178498
v 0.04433319 -0.04959378 0.00265678
v -0.05082201 0.05128962 0.03393358
v -0.04609881 0.01901082 0.00088918
v -0.03507801 -0.00222918 0.02674198
v 0.05105319 -0.01003218 -0.00782162
v 0.00504999 0.00355782 0.04678558
v -0.01499481 0.04881282 -0.01234082
v -0.00516441 -0.05054598 -0.02042162
v -0.00516441 -0.00502278 0.04492678
v -0.04288701 0.02260662 0.00725818
v 0.03890499 -0.01769238 -0.03006422
v 0.03694659 -0.04397118 -0.00907502
v 0.05307459 -0.04691718 0.00665818
v -0.03382461 0.01842462 -0.03046082
v -0.00433341 -0.00485418 0.04271278
v -0.00433341 -0.00485418 0.04271278
v 0.02005059 0.01817022 0.03262258
v 0.00038979 0.04364382 -0.03102782
v 0.04090179 0.00971082 0.01916578
v -0.05425341 0.04713342 0.03387298
v -0.04991421 -0.00438018 -0.01899182
v 0.03030339 -0.03076158 0.02410078
v 0.04328259 -0.03791538 -0.00537902
v -0.03889341 -0.03245298 -0.01563302
v -0.03770301 -0.01317858 0.02108938
v 0.04723779 -0.02224938 -0.01247162
v 0.04723779 -0.02224938 -0.01247162
v 0.02876739 0.01496442 0.03194758
v -0.03728061 -0.03252618 -0.02234702
v 0.03429699 0.00558042 0.02782558
v -0.04119741 0.02620062 -0.02353202
v 0.01110339 -0.03280638 0.02804398
v 0.03195459 -0.03342798 0.04221118
v 0.05476419 -0.05350998 0.02623258
v 0.01190979 -0.02300838 0.03581878
v 0.01190979 -0.02300838 0.03581878
v -0.02188221 0.02175342 0.03076438
v -0.02856381 0.03930402 0.01884898
v -0.02856381 -0.00822438 0.03309598
v 0.04182339 -0.03531078 -0.01708202
v -0.01792701 -0.04569558 0.00465418
v 0.04735299 -0.03935898 0.04165438
v 0.03084099 -0.03134538 0.02108098
v -0.02184381 -0.02517678 0.03061438
v 0.02888259 -0.04312938 -0.00596762
v 0.02692419 -0.02975178 -0.02902682
v -0.03048381 0.04159242 -0.00672122
v 0.03164739 -0.02867178 0.02692018
v 0.02654019 0.00534582 0.03228538
v 0.00845379 0.00801282 0.04141258
v 0.04934979 0.00023802 0.00552958
v 0.02143299 -0.04183998 0.01136518
v 0.00177219 -0.05080818 -0.00074522
v -0.00490941 -0.04391598 -0.03061502
v 0.04896579 -0.00678738 -0.02562662
v 0.02419779 -0.02555418 0.02745238
v 0.02577219 -0.04226898 0.00556618
v -0.02533821 -0.03938718 -0.02848202
v -0.02729661 0.00811722 0.03474238
v 0.00338499 0.00520062 0.04499938
v 0.01440579 0.00323682 0.04058398
v -0.02687421 -0.01037478 0.03407038
v -0.04691901 0.03941682 0.03823798
v -0.05360061 0.04598862 0.03564058
v 0.02112579 -0.01651998 0.03405118
v -0.04649661 -0.00068778 -0.02862062
v -0.04177341 0.03091722 0.02309338
v -0.04569021 0.04324242 0.03112618
v -0.04569021 0.04324242 0.03112618
v -0.03113661 0.00601542 -0.02981762
v 0.04908099 -0.04191678 -0.00219182
v 0.03414339 -0.04092978 -0.01529642
v -0.01028541 -0.04580418 -0.02862842
v -0.04526781 0.05232042 0.03372418
v -0.03464481 0.02498262 -0.03168602
v -0.03307041 0.03940362 0.02661538
v 0.01923039 0.04389342 -0.02675162
v -0.01026081 0.04861242 0.00177118
v 0.04203999 -0.00843018 0.01836118
v 0.03378399 -0.03965898 -0.01021682
v 0.03378399 -0.03965898 -0.01021682
v -0.04839201 -0.00300858 0.00541558
v 0.04323039 -0.03975078 0.03840718
v 0.04323039 -0.03975078 0.03840718
v -0.00277281 -0.00529758 0.04346218
v 0.02986719 -0.02672538 0.03638878
v -0.04877601 -0.01351878 -0.01559942
v 0.02633439 -0.02450838 0.02691358
v 0.04050399 -0.04745238 -0.00289082
v -0.04324641 0.00888402 -0.03098102
v 0.02990559 -0.01654878 0.02926558
v -0.01767201 -0.01943778 0.03642598
v -0.04244001 0.04654842 0.02727778
v -0.00822561 0.00095322 0.04860838
v 0.04250079 -0.04468998 -0.00077762
v -0.03614241 -0.02923518 0.01053418
v 0.04407519 -0.00605838 0.01587298
v 0.00279519 0.04055742 0.01990678
v -0.02708001 0.03325962 0.01804318
v 0.05313759 -0.05674098 0.01699738
v -0.05223201 0.04438842 0.03691918
v -0.04316961 0.02679162 0.01360378
v -0.04827681 0.04288542 0.03385018
v -0.01878561 0.04730322 -0.01417742
v -0.00895521 0.02872962 0.03054298
v -0.05061921 -0.00459258 -0.01179242
v -0.00853281 0.00302442 0.04676278
v -0.00853281 0.00302442 0.04676278
v 0.05202399 -0.05686938 0.02129458
v -0.04155681 0.04759122 0.03921478
v 0.00091359 -0.03218718 0.03222598
v 0.03002079 0.01824222 0.02708218
v 0.04380639 -0.01133658 0.01480438
v 0.01865439 -0.04830258 -0.00543122
v -0.03717921 -0.03335058 0.00011338
v 0.02495199 -0.02077098 0.03269038
v 0.05405919 -0.04953618 0.01787098
v 0.03597279 -0.03866478 -0.00900002
v 0.03597279 -0.03866478 -0.00900002
v 0.03597279 -0.03866478 -0.00900002
v 0.04069599 -0.04367898 -0.00972362
v 0.04384479 -0.00984558 -0.03027062
v 0.02890719 -0.03023178 0.03893578
v 0.02460639 -0.02854338 0.02823898
v 0.01124319 0.04743582 -0.02472662
v -0.00407841 -0.02604738 0.03617278
v 0.00890079 -0.02257878 0.03727978
v 0.00890079 -0.02257878 0.03727978
v -0.04259361 -0.01313598 -0.03077342
v 0.03685599 -0.03587298 -0.02192282
v 0.01523679 -0.04161438 -0.03045362
v -0.00284961 0.00799482 0.04649578
v -0.02761761 -0.02022438 0.02767378
v -0.04608801 0.00197562 0.01120438
v -0.03625761 -0.02634558 -0.03042542
v -0.02327841 0.03594102 0.01727578
v 0.03770079 -0.03631998 -0.00832082
v -0.02363781 0.03889542 -0.02987642
v 0.05304699 -0.05671518 0.01923598
v -0.04249221 -0.02165898 -0.02675402
v 0.03261819 -0.02626398 0.02784898
v 0.03261819 -0.02626398 0.02784898
v 0.05385339 -0.04951338 0.00362998
v 0.05189499 0.00120642 -0.00791102
v -0.04326021 -0.02443758 -0.02132582
v -0.04011141 0.04882902 0.03461638
v 0.04444539 -0.01729758 -0.02838242
v 0.00669819 -0.04230138 0.01824598
v -0.02985861 0.01974762 -0.02983082
v 0.05665659 -0.04903698 0.02681098
v -0.03692421 0.03205602 0.02348338
v -0.01096581 -0.03956478 0.02013238
v 0.00358779 0.00368322 0.04270738
v 0.02324859 -0.03893418 -0.03019442
v -0.03415941 0.00030522 0.02847778
v -0.02118021 0.03454482 -0.03130862
v 0.02286459 -0.04659978 -0.00641582
v -0.00701061 -0.04874118 -0.02523542
v 0.00086139 -0.03972378 0.02223358
v 0.00086139 -0.04775178 0.00913138
v 0.04490619 -0.02121018 -0.02540102
v -0.00462981 0.01934802 0.03941518
v -0.00462981 -0.05044458 -0.00049742
v 0.02958459 -0.00509718 0.03124918
v -0.01799301 0.04410222 0.00811558
v -0.01641861 -0.04231218 -0.03002282
v 0.01034619 0.04645842 -0.02700182
v 0.04966779 -0.05287398 0.01482478
v 0.01349499 -0.00383058 -0.02988062
v -0.04233861 0.02138142 0.00889378
v -0.00654981 -0.00297918 0.04271158
v -0.00889221 -0.02989398 0.03199498
v 0.02217339 -0.03859998 0.01565818
v 0.02336379 -0.02694738 0.02700658
v -0.04110981 -0.02930298 -0.01710362
v 0.04540539 -0.00451878 -0.03002042
v 0.00765819 0.01288482 0.04063438
v 0.02063739 -0.04368738 0.00857818
v 0.00255099 0.00524622 0.04237558
v 0.02536059 -0.03948978 -0.02894162
v -0.04345221 0.01473882 -0.02938322
v 0.04148859 -0.04365738 0.04331158
v 0.01357179 0.00375882 0.04068358
v -0.04226181 0.00238122 0.01786498
v -0.00843141 0.02300562 0.03731338
v -0.00370821 0.03292542 0.03091738
v 0.00769659 -0.04403298 -0.03035342
v 0.03365499 0.00138942 0.02977618
v -0.02060421 0.01338342 0.03776998
v -0.00052101 -0.03501738 0.02731078
v -0.04337541 0.05072682 0.03848458
v 0.04786299 0.00585822 -0.02741282
v 0.04079739 -0.03433218 -0.01147082
v -0.02486661 0.01335282 0.03499738
v 0.01053819 0.02681022 0.03018658
v -0.00597381 0.02941962 0.03126838
v -0.00282501 -0.00535158 0.04294678
v -0.03742341 -0.03126918 -0.02448842
v -0.00635781 -0.00291318 0.04329718
v -0.00635781 -0.00291318 0.04329718
v 0.03100539 -0.02384058 0.02672278
v 0.05696379 -0.05303958 0.01430218
v 0.05185659 -0.00323118 -0.00862922
v 0.03298839 -0.02545758 0.03588538
v 0.03456279 -0.04033938 -0.01110962
v -0.01301481 -0.00553158 -0.03100862
v 0.03064599 -0.02232138 0.02466658
v 0.04519959 -0.03775638 0.03968818
v 0.04834839 -0.00100998 0.00828658
v 0.03655959 -0.04125078 -0.01910582
v -0.04719081 -0.01660758 -0.01985642
v -0.02123241 -0.02604318 0.02897038
v -0.01808361 0.03028962 0.02681518
v 0.02085399 -0.04704738 -0.00295922
v 0.04327959 -0.04414698 0.03701938
v 0.02519319 0.01930422 0.03191458
v 0.00357399 0.00531702 0.04203118
v -0.02434281 -0.03028638 -0.02979242
v -0.00545001 0.04956102 0.00094078
v -0.04162281 0.04096542 0.00518218
v 0.02365719 0.04335402 0.00282178
v -0.04043241 -0.00581718 -0.03141902
v 0.02169879 0.01989042 0.03026938
v 0.04727319 -0.04984938 0.03799078
v 0.04884759 -0.05159718 0.02602978
v -0.03647721 -0.02943318 -0.02818562
v 0.02565399 0.02346102 0.02730178
v -0.02192361 -0.04065378 -0.02928302
v 0.02369559 -0.02262318 0.03265318
v 0.02369559 -0.02262318 0.03265318
v -0.04039401 -0.02822718 0.00279118
v 0.03982359 -0.03595518 -0.00867842
v 0.03982359 -0.03595518 -0.00867842
v 0.02173719 0.02755662 0.02671978
v 0.04454679 -0.04081518 -0.00892382
v -0.02937321 0.03576402 -0.02893682
v 0.05084439 -0.00823398 -0.01885262
v 0.05084439 -0.00823398 -0.01885262
v -0.02779881 0.02433462 -0.02998622
v 0.04416279 -0.04277778 -0.00799322
v -0.00498921 -0.00491418 0.04877218
v 0.03905559 -0.04332438 0.03983758
v 0.02964759 -0.03542298 0.03935938
v -0.04895721 0.01074582 -0.01861082
v 0.04109079 -0.03707478 -0.01848482
v -0.00806121 0.03968982 0.02031778
v 0.00061719 -0.00606498 0.04228618
v 0.03444759 -0.04134618 -0.01818062
v 0.05568279 -0.05435058 0.02170978
v 0.01363479 0.04318002 -0.03002042
v -0.01662441 0.04727442 -0.01979942
v -0.05318121 0.04723842 0.03228538
v 0.04984599 -0.00018138 -0.02446142
v 0.04631319 -0.00970098 0.01089418
v -0.04058601 0.04677162 0.02699758
v 0.04435479 -0.01145298 -0.02987402
v -0.04411881 0.04491522 0.02595898
v 0.03256599 -0.03929958 -0.02062382
v 0.01094679 -0.00081318 0.04171378
v 0.03533079 0.01483242 0.02380678
v -0.04643661 0.04234722 0.02609218
v 0.05344179 -0.04656018 0.02929918
v -0.03188301 -0.01230858 0.02790358
v 0.04833459 -0.05363478 0.02688778
v -0.03030861 0.03889362 0.02134498
v -0.03030861 0.03889362 0.02134498
v 0.00037299 0.01068462 0.04173778
v -0.04720461 0.05298282 0.03529798
v 0.00156339 0.00582882 0.04380058
v -0.03460941 -0.02314338 0.01866958
v -0.00392781 0.03912282 0.02173738
v 0.03696819 -0.03930258 0.04404538
v -0.02946381 0.00897042 0.03095578
v 0.00317619 -0.00312198 0.04315738
v 0.01419699 0.00467982 0.03998338
v 0.03385779 0.02810382 0.01564378
v 0.02560179 -0.02851098 0.03220498
v 0.05156019 -0.00245838 -0.00430862
v 0.02364339 -0.01068558 0.03461278
v 0.00555699 0.03902382 0.02153098
v 0.05747379 -0.05087478 0.01379818
v -0.02785101 -0.01206198 0.03089518
v 0.01542579 -0.02314278 0.03094738
v -0.03057741 -0.00354978 0.03097198
v 0.04964019 -0.05571918 0.02528338
v 0.00206259 0.03217362 0.03128578
v 0.04138419 -0.01237218 -0.03020162
v -0.04509261 0.01569162 -0.02639942
v 0.02529459 -0.03524178 -0.03037502
v 0.03827379 -0.04503798 -0.00582062
v -0.03722061 0.04159362 -0.00159782
v 0.03120819 0.03026682 0.01639138
v -0.00811341 0.02885502 0.03193678
v 0.00171699 0.01385262 0.04108258
v 0.03278259 -0.02460078 0.02121478
v 0.03278259 -0.02460078 0.02121478
v -0.04113741 0.03637542 -0.00388682
v -0.04071501 -0.01988718 0.01274098
v 0.03596979 -0.03855018 -0.02183882
v -0.03126861 -0.03998418 -0.00425042
v 0.02418099 0.01278462 0.02999938
v -0.02497101 0.03978162 -0.02780102
v -0.00373581 -0.02910738 0.03239518
v -0.01199181 0.02144862 0.03742318
v 0.03009459 -0.03510858 0.04099618
v -0.01118541 0.03668622 0.02314918
v -0.02650701 -0.02039658 0.03040918
v -0.03476301 0.03621702 -0.01677602
v 0.02187699 0.02136822 0.03140398
v 0.00693939 -0.01352718 -0.03051122
v 0.04587699 -0.02467158 -0.01477202
v 0.05570739 -0.04899258 0.02131138
v -0.01663821 -0.02443878 0.03105898
v 0.04315059 -0.03662358 -0.00760082
v 0.04276659 0.02218062 -0.02706422
v -0.03430221 0.04525542 0.02198398
v 0.04672179 -0.04213938 0.04231858
v 0.04829619 -0.03989298 0.04025638
v 0.04004019 0.02934882 -0.02371982
v 0.04004019 0.02934882 -0.02371982
v 0.02667699 -0.04123638 -0.02594942
v 0.03808179 -0.04512078 -0.00684962
v -0.04920141 0.04970922 0.03371038
v -0.03700401 0.03566022 -0.00949442
v -0.04526001 0.02885682 0.00399178
v 0.02985039 0.03096102 -0.03067082
v 0.02908239 0.03111222 0.01766098
v 0.04048719 -0.01246518 -0.02996522
v 0.03223119 0.01063422 0.02880778
v 0.00431439 0.04896942 0.00350998
v -0.01377201 0.04852362 -0.00196382
v -0.00394161 0.00701322 0.04853818
v -0.04994481 0.04332942 0.03899578
v -0.02556081 0.03989082 0.01488418
v -0.04049841 -0.00186678 0.02044978
v 0.00158799 0.05100462 -0.00851162
v 0.01299279 0.00784662 -0.03069122
v 0.03384399 0.02445582 -0.03036602
v 0.03975759 -0.03658698 -0.02125742
v -0.04871601 0.01393842 -0.00523802
v -0.00782001 -0.02818698 0.03079918
v -0.05067441 -0.00349098 -0.00777542
v -0.03612081 0.04254822 -0.00069962
v 0.04567119 -0.00369858 0.01356298
v -0.00348081 -0.00560538 0.04878778
v 0.02758479 -0.03210798 0.02448958
v -0.03335601 -0.00532218 0.03032278
v 0.04843599 -0.01713978 -0.00191582
v -0.04199601 0.03022842 -0.00666242
v -0.04472241 0.00842082 0.01264918
v 0.01230159 0.02509362 0.03260398
v 0.03787599 -0.04461378 -0.00594782
v -0.00144561 -0.03312138 -0.02882462
v -0.04940721 -0.00691938 -0.02030582
v -0.00851121 -0.00173598 0.04730638
v -0.04310961 -0.02707458 -0.00920402
v 0.02217039 -0.02362818 0.03272818
v 0.00408399 -0.00310458 0.04503358
v -0.02540721 0.04371222 0.00311638
v 0.03004239 -0.01236198 0.03288118
v -0.00298161 -0.01061418 -0.02957882
v -0.00140721 -0.04533498 0.01394158
v -0.03128241 0.04220142 0.02206798
v 0.01944399 -0.02819058 0.02878858
v 0.02574159 0.00729282 0.03260818
v 0.05169999 -0.05226738 0.03224578
v 0.04344399 -0.04636218 0.03641158
v 0.04582479 -0.04573218 0.04137778
v 0.03756879 0.01254762 0.02233738
v -0.01158321 -0.02708958 0.03261898
v 0.00926799 -0.02707338 0.03204178
v -0.01039281 -0.00715518 0.04180438
v 0.01556559 0.04578522 -0.02575322
v 0.04309839 -0.04704558 0.04118458
v 0.03484239 -0.04206978 -0.01264382
v 0.01833039 0.04400922 0.00772858
v -0.05048241 0.04100622 0.03832078
v -0.01941681 -0.03654138 -0.03069902
v -0.00801201 0.00421122 0.04641058
v 0.05254479 -0.04899138 0.01130158
v 0.05254479 -0.04899138 0.01130158
v 0.05254479 -0.04757178 0.03591238
v 0.03249999 -0.02535438 0.02666518
v 0.03249999 -0.02535438 0.02666518
v 0.00262479 -0.05140398 -0.00486902
v 0.01245519 -0.02708178 0.03101758
v 0.04628559 -0.04621818 0.03376078
v -0.02801841 0.03727842 0.01836058
v -0.02801841 0.03727842 0.01836058
v -0.00716721 0.00282882 0.04277038
v 0.03964239 -0.03336618 0.03932698
v -0.00793521 0.00440022 0.04711558
v 0.03257679 0.02565462 0.01949278
v 0.03257679 -0.00025638 0.03256678
v -0.01500081 0.03967482 0.01776838
v 0.03887439 -0.04182858 -0.01426022
v 0.03534159 -0.03654558 -0.02216462
v -0.04330161 0.05186982 0.03726538
v -0.01889301 0.02407962 0.03078538
v 0.00706539 -0.04610778 0.01183018
v -0.04051221 0.02335542 0.01248958
v -0.04404501 0.03681522 0.03542338
v 0.05740779 -0.05212818 0.02152078
v -0.00353301 -0.02909778 0.03064078
v 0.04051179 -0.03244278 -0.00598022
v 0.00276459 0.00636282 0.04761718
v 0.02242539 -0.03364638 -0.02913422
v 0.01340139 0.02546382 0.02992978
v 0.00633579 -0.01564698 -0.03036362
v 0.00791019 -0.03351618 0.02820058
v 0.04212459 -0.04511238 0.03769978
v -0.03256341 0.02820102 0.01840378
v -0.03256341 0.02820102 0.01840378
v -0.04277781 0.04623042 0.03688078
v -0.04669461 0.01347942 -0.02460482
v 0.01858539 -0.03925278 -0.03040142
v -0.01167381 -0.04544118 0.01048858
v 0.03237099 0.03373542 -0.02885762
v 0.03394539 -0.03467478 0.03786838
v 0.04535019 -0.00748638 0.01343698
v -0.03171861 0.03950442 -0.01100402
v 0.05322219 -0.05649018 0.01435798
v 0.05126379 -0.04424778 0.00141058
v 0.04458219 0.00546042 0.01485898
v 0.05441259 -0.05590218 0.01673638
v 0.00568299 -0.02783418 0.03101938
v 0.05483499 -0.04877478 0.03196198
v 0.04619499 0.01755402 -0.02480642
v -0.02496021 -0.00302898 0.03750718
v -0.05287701 0.04861182 0.03441778
v -0.04147221 0.02416302 0.01206058
v 0.03363819 -0.02880918 0.03385618
v -0.00096021 -0.03353898 0.02963998
v -0.04696341 0.04847202 0.03074338
v -0.04696341 0.04847202 0.03074338
v -0.03555861 0.04100082 -0.00480842
v 0.00180459 0.00680742 0.04548718
v -0.04419861 0.04779762 0.03350458
v -0.04262421 0.00386682 -0.03149522
v 0.04154859 -0.04672698 0.03899218
v -0.03275541 -0.00925098 0.02826298
v -0.02135061 0.01648122 0.03607258
v -0.03786261 0.02565582 -0.02970722
v -0.00364821 0.05093382 -0.01002662
v 0.04039659 0.02698002 0.00644938
v 0.03805419 -0.02816778 0.01063798
v -0.01816341 0.04674282 -0.00039362
v 0.04043499 -0.03926238 0.03890938
v 0.00268779 -0.00491178 0.04843198
v 0.02392299 0.01302702 0.03179998
v -0.04527381 -0.02056938 -0.02123462
v 0.02668779 0.00582702 0.03034258
v 0.01058439 -0.04880538 -0.02425262
v 0.00390279 0.05056722 -0.01567202
v -0.02401401 0.03764322 0.01530058
v -0.02086521 -0.04503378 0.00259858
v -0.03737721 -0.00995598 -0.03028802
v -0.00158841 0.04932042 0.00287818
v 0.02436999 -0.02969178 0.02857018
v 0.02594439 0.02725902 0.02410798
v -0.00197241 0.00426522 0.04979218
v 0.02241159 0.04225842 0.00747898
v -0.04325241 0.04184322 0.01415818
v -0.02044281 0.04519962 -0.02156942
v 0.04483719 0.01736562 0.00819298
v -0.00274041 -0.00096138 0.05012098
v -0.03065721 0.03362082 0.01940158
v 0.00355719 0.00353442 0.04349818
v 0.01653639 -0.04200858 -0.03030662
v -0.04440441 -0.02424318 -0.00401582
v 0.01930119 0.04206582 0.01093318
v 0.03228039 -0.02445498 0.03078298
v 0.01734279 0.04802562 -0.00993962
v -0.04989561 0.00948342 -0.01282022
v -0.02040441 -0.01743378 0.03592378
v -0.03376761 -0.03280218 0.00919918
v 0.03585159 0.03665802 -0.00793862
v 0.05474439 -0.04924158 0.01532098
v -0.03215481 0.03152442 -0.03048842
v -0.04747641 -0.01392258 0.00190858
v -0.03607161 0.02334582 0.01735318
v 0.05044359 -0.05112198 0.02285338
v -0.03488121 0.00053922 0.02715118
v -0.01875321 0.00879462 0.03969478
v -0.03369081 0.03591402 0.02494558
v 0.01350279 -0.04880598 -0.02237822
v 0.00524679 -0.04466238 0.01486378
v 0.01822599 -0.00437058 0.03953638
v 0.02963079 0.04055382 -0.00047582
v 0.03554439 0.03659022 -0.01651982
v 0.01745799 -0.02115078 0.03390118
v -0.04978041 0.05120682 0.03158638
v 0.00252039 0.03397002 0.02785018
v -0.04505721 0.02336382 -0.00939062
v 0.03162759 -0.03025458 0.01765498
v 0.01000839 -0.04646958 0.01008598
v 0.04579719 -0.04436478 0.03540118
v -0.03952761 0.02793042 0.01836238
v -0.00846201 0.04350342 -0.03073502
v 0.02417799 -0.03327858 0.02068198
v 0.04188039 -0.03104838 -0.01386182
v 0.03677319 0.03203382 -0.02571542
v 0.03677319 0.03203382 -0.02571542
v 0.04975239 -0.04806078 0.00695578
v 0.04975239 -0.04806078 0.00695578
v -0.03399801 0.02848962 -0.03097562
v 0.03638919 -0.03537738 -0.02230322
v -0.00999801 0.04938282 -0.01898642
v -0.03672441 -0.03063558 -0.02657642
v 0.02698119 0.03615642 0.01341058
v -0.03200121 -0.03972498 -0.01140482
v 0.04625799 0.00821262 -0.02893682
v -0.02098041 0.04135722 0.01080658
v 0.04902279 -0.05341878 0.02348338
v -0.00838521 0.00134562 0.04509658
v -0.00838521 0.00134562 0.04509658
v 0.04391559 0.02701242 -0.01075142
v 0.03370119 0.03868842 -0.01009862
v -0.03353721 0.02957982 0.01863358
v 0.04157319 -0.02102778 0.01232818
v -0.02800761 0.04320342 -0.00353522
v -0.01187961 -0.02702478 0.03167458
v 0.05025159 -0.04459878 0.03306898
v -0.04175481 -0.02166078 -0.02789462
v 0.02982279 0.03660162 -0.02815862
v -0.04724601 -0.00482298 0.00806938
v -0.02758521 -0.03307278 0.01670278
v 0.01331079 -0.03095478 0.02973598
v 0.04163619 0.00643602 0.01907218
v -0.04760541 0.00053622 0.00781858
v -0.00670941 -0.02863398 0.03068218
v -0.04288221 0.02569122 -0.01854482
v -0.04641501 0.03963462 0.03857578
v 0.00550179 -0.00010638 0.04606738
v -0.00275421 0.01379022 0.04117978
v 0.01848099 0.00712902 -0.02928002
v 0.02477859 -0.03132318 0.02708578
v 0.02477859 -0.03132318 0.02708578
v -0.04756701 -0.01727838 -0.00461402
v -0.03616221 0.03043422 -0.02735762
v -0.00194781 0.05032662 -0.01895582
v 0.04209699 0.01643382 -0.03020762
v 0.02401059 -0.01938138 0.03229258
v -0.04007901 0.03452502 0.03064138
v -0.00467421 -0.03249678 0.03164398
v 0.04605219 -0.04499838 0.00163858
v 0.04605219 -0.04499838 0.00163858
v -0.04752861 0.05331702 0.03427078
v -0.00663261 0.00399582 0.04364038
v -0.00663261 0.00399582 0.04364038
v 0.04017699 -0.04630638 -0.00663902
v 0.00047139 0.00758982 0.04605178
v 0.03153699 -0.02976438 0.02374258
v 0.02957859 -0.02384898 0.02639518
v 0.01464099 -0.04390338 -0.02952902
v -0.02821341 0.03442962 0.01811398
v 0.00285219 0.02926902 0.03033598
v -0.00540381 -0.04861698 0.00578518
v 0.02723619 -0.03279438 0.01971778
v -0.03527901 0.01500402 0.02354578
v 0.03000099 -0.03490158 0.01316098
v 0.02331939 0.04536222 -0.01406042
v 0.03629859 -0.01167678 -0.02855522
v 0.02765859 0.00673962 0.03014158
v 0.04889379 -0.04236738 0.03597958
v -0.03957981 0.04624542 0.03769558
v 0.02255139 -0.04606518 -0.02005022
v 0.05638179 -0.04947498 0.00983098
v 0.03986979 0.02208402 -0.03000782
v -0.03405021 -0.03694758 -0.00116042
v -0.03796701 -0.02209638 -0.03100502
v -0.00847581 0.02536242 0.03559318
v 0.00450339 0.00083082 0.04276078
v 0.03871779 -0.03736218 -0.00802622
v 0.05169699 -0.04907898 0.03567418
v -0.02537181 -0.04320498 0.00028438
v -0.00962781 -0.02787498 0.03088078
v 0.00964899 0.01828182 -0.02976062
v -0.00213981 0.03362682 0.02887078
v -0.03005661 0.03284502 0.01869118
v -0.00724701 -0.05062878 -0.00365762
v 0.04505379 -0.02293758 -0.02327222
v 0.02658339 -0.03993138 -0.02777702
v -0.00997341 0.02788842 0.03277438
v 0.04232739 -0.04930518 -0.00168602
v -0.04457181 0.03268482 0.02433178
v 0.04547619 -0.04627158 0.03451378
v 0.04824099 -0.05241558 0.02708038
v -0.03865821 0.02199462 -0.03080042
v -0.04376541 0.03834822 0.03727738
v 0.01836579 0.02846862 0.02816458
v 0.00027939 -0.05172198 -0.00897182
v 0.00027939 -0.05172198 -0.00897182
v 0.03291939 -0.03994758 -0.01835222
v -0.04610781 0.03387462 0.01678498
v 0.00108579 0.02984562 0.03018898
v 0.03372579 -0.00204918 0.02982118
v -0.00402141 0.04900782 -0.02366282
v 0.02861859 -0.02302158 0.02613778
v 0.02861859 -0.02302158 0.02613778
v 0.04121379 -0.03478278 0.03970978
v -0.02445021 0.02366742 0.02863318
v 0.04593699 -0.03981798 0.04304698
v -0.00674781 -0.05103738 -0.00707282
v -0.04292061 0.04332162 0.01994458
v -0.04802781 0.05047782 0.03408178
v 0.00269859 0.00479562 0.04905838
v 0.02393379 -0.01345278 0.03101518
v -0.03936321 0.04323042 0.00670798
v -0.03974721 -0.01561158 0.01714558
v -0.03068481 -0.04079898 -0.00853562
v 0.02161599 -0.01729038 0.03285478
v -0.02753601 -0.04303038 -0.00735662
v 0.03616959 -0.02828178 0.03994498
v -0.02123841 0.03886362 -0.03088802
v -0.04758081 0.04199742 0.03564658
v 0.02595519 0.03903762 0.00990658
v 0.03344319 -0.04019178 -0.01810022
v -0.03379521 0.00445662 0.02893378
v 0.03778239 -0.03314298 0.03844678
v 0.05352639 -0.05367918 0.00779158
v -0.02196801 0.04311762 0.00590038
v -0.03690561 0.01198062 0.02293618
v 0.02365119 -0.04607538 -0.01662302
v -0.03375681 0.00582942 0.02827258
v -0.04554561 0.03335682 0.02311258
v -0.04907841 0.04248582 0.02988958
v 0.05079999 -0.05325198 0.03169738
v -0.02312001 -0.03699918 -0.03095522
v 0.03390399 -0.02782758 0.03380818
v 0.01739199 -0.02203518 0.03294418
v 0.05671359 -0.04908498 0.02357878
v -0.03214401 0.00816102 0.03126118
v -0.03882561 0.03373302 -0.00911702
v 0.03471039 -0.02752878 0.03540118
v -0.02269761 -0.01801518 0.03373738
v 0.01819839 -0.04551498 -0.02624222
v 0.05202879 -0.04952238 0.02330458
v 0.05202879 -0.04952238 0.02330458
v 0.03394239 -0.03679998 0.03900358
v -0.01520961 -0.04918278 -0.01026542
v -0.01520961 -0.04918278 -0.01026542
v 0.04692159 -0.02219778 -0.01686962
v -0.04351041 0.00577242 0.01546378
v 0.03159999 0.01016262 0.03124198
v 0.03474879 -0.03882798 -0.00873482
v -0.03917121 0.03631662 -0.00695162
v -0.04585281 0.04571862 0.03992038
v -0.01832001 0.04081302 0.01405738
v -0.03640641 -0.00362658 -0.02988722
v 0.01904319 0.02351982 -0.02927462
v -0.00100161 -0.00563958 0.04260838
v 0.05287359 -0.04981338 0.01970278
v 0.05287359 -0.04981338 0.01970278
v -0.02576961 -0.03071418 0.02092018
v -0.04385601 0.04294002 0.03998938
v 0.04619199 -0.04301178 0.00023038
v 0.00099519 -0.00490638 0.04372018
v -0.03202881 0.03199242 0.01929418
v -0.04381761 -0.01820358 -0.02726042
v 0.01831359 0.03297762 -0.02932322
v 0.02814399 -0.02575698 0.03217798
v 0.04546239 0.02136042 -0.02238662
v 0.04546239 0.02136042 -0.02238662
v -0.00368961 -0.00603318 0.04227058
v -0.00368961 -0.00603318 0.04227058
v 0.00928959 0.03905502 0.02060218
v -0.02688321 0.04340442 0.01156138
v 0.02660799 0.04295022 -0.00224222
v -0.00799041 0.00329982 0.04207258
v 0.03094719 -0.02781138 0.03862498
v -0.04612161 -0.01541898 0.00494038
v 0.04669119 0.01100442 -0.02758562
v 0.04669119 -0.02091318 -0.02125082
v 0.01051839 -0.04527558 -0.02929562
v 0.04983999 0.01114842 -0.00195002
v -0.03705921 0.04604742 0.02442298
v 0.01366719 -0.00727578 -0.03050462
v -0.04374081 0.02669082 -0.00370502
v 0.01839039 0.00755862 0.03860638
v -0.00480321 0.04280862 -0.03122762
v -0.03272001 0.02423142 -0.03144362
v 0.00149439 -0.04283838 -0.03047462
v -0.00361281 0.05083302 -0.01390802
v 0.01094079 0.04482642 -0.02912162
v 0.02706879 0.00974022 0.03012838
v -0.02876481 -0.04128498 -0.00120122
v -0.00750501 -0.00002478 0.04320538
v -0.03384741 0.02846742 0.01825138
v -0.05389221 0.04725042 0.03293338
v 0.00666459 0.04658922 0.00926518
v -0.02793381 0.00412182 0.03501118
v -0.02359461 -0.00556998 0.03803998
v -0.00470181 -0.01762758 -0.02969102
v 0.03108699 -0.03614898 0.03915778
v -0.00666021 0.05022222 -0.01721822
v 0.02440539 -0.03050358 0.02871718
v 0.04564059 -0.05282538 0.00344098
v -0.03300261 -0.02421138 -0.03121262
v 0.00278619 0.03315882 0.03052858
v 0.00278619 -0.02033358 -0.02927702
v 0.01065819 -0.00981978 0.04099738
v 0.04014939 -0.03340518 -0.01811162
v -0.02904741 -0.00859278 0.03098098
v -0.03730341 0.03842022 -0.00681842
v -0.02432421 0.04133322 0.01120438
v -0.03926181 -0.02737998 0.00724978
v -0.04751781 0.04482582 0.02933398
v -0.04279461 0.02343882 0.00821338
v -0.05105061 0.04455762 0.03168478
v -0.01841061 0.04399962 -0.02669702
v 0.00282459 0.00467022 0.04374418
v 0.03231579 0.00163122 -0.02880002
v 0.05197659 -0.05019498 0.02137078
v -0.03334821 -0.03835518 -0.01486982
v 0.03703899 -0.02722938 -0.02970662
v 0.00558939 -0.04749018 0.00925138
v -0.03373221 -0.00181638 0.03035398
v 0.03154779 0.03888282 -0.02144102
v 0.03154779 -0.01322718 0.02916418
v 0.03784539 -0.03441858 -0.00081662
v 0.03784539 -0.03441858 -0.00081662
v -0.00815781 -0.03721758 0.02385718
v -0.03803301 0.04636302 0.03417178
v -0.05297061 0.05065602 0.03218878
v -0.05297061 0.05065602 0.03218878
v -0.03999141 0.03168522 -0.00919142
v 0.05163099 -0.04331358 0.03721678
v 0.03354459 -0.02853798 0.04062478
v -0.04352421 0.02636802 -0.00518402
v -0.04037541 -0.01361238 -0.03151742
v -0.04506021 -0.00217938 0.01316218
v -0.03561381 0.03460182 -0.02023442
v -0.03403941 -0.01689258 0.02341498
v 0.04421979 -0.02707038 -0.01734782
v -0.00178341 -0.02887158 0.03067378
v 0.02340699 0.02934762 0.02414698
v -0.00608421 0.02482902 0.03638338
v 0.05055579 -0.00419298 -0.02200502
v -0.03162021 0.04024182 -0.00847922
v -0.03004581 0.04396602 0.01634278
v -0.00723621 -0.03273378 0.02944798
v 0.02540379 -0.03218778 0.02265838
v -0.00957861 0.04943682 -0.00135482
v -0.00681381 -0.00839958 0.04202638
v -0.01860261 0.02049582 0.03527098
v 0.03684699 -0.03449958 0.03836758
v 0.02467419 -0.02671098 0.02674558
v 0.01641819 -0.03426078 -0.02864222
v -0.02367141 0.03922242 0.01370638
v -0.02758821 0.01156122 0.03328498
v -0.03269541 -0.03490998 -0.02661962
v 0.03141879 0.00940242 0.03197338
v 0.03733239 -0.02988378 0.04176238
v 0.00115959 0.00719682 0.04790278
v 0.05188599 0.00175182 -0.01295642
v 0.01179639 -0.04989978 -0.01952942
v 0.03145719 -0.00206718 0.03255358
v -0.03616521 0.04520262 0.02999338
v -0.03616521 0.04520262 0.02999338
v 0.03187959 -0.02437878 0.02615818
v -0.04399881 0.03082482 0.02029198
v -0.00152841 0.00773802 0.04195978
v 0.01774839 -0.04682478 -0.02410802
v 0.00123639 0.00673722 0.04204138
v 0.00438519 0.00055782 0.04360318
v -0.03178761 0.03674922 -0.02443502
v -0.04829961 0.03866682 0.02943178
v 0.05157879 -0.00605118 -0.01453802
v -0.01723401 -0.02419698 0.03193498
v 0.02366199 -0.04122018 -0.02835482
v 0.05315319 -0.04988718 0.01673578
v -0.02391561 -0.04254138 -0.02534102
v 0.00872439 -0.02659458 0.03409258
v 0.04136439 0.01116222 -0.03045242
v 0.01344759 0.04843602 -0.01906862
v 0.02327799 0.03175002 -0.02957102
v 0.04608759 -0.00017298 0.01303618
v -0.04591881 0.03163482 0.01163098
v -0.01285641 0.04690902 0.00529858
v -0.01324041 -0.04746978 -0.02487422
v 0.01744119 -0.02948298 0.02874778
v -0.01873161 -0.00249738 0.04040158
v 0.03399159 -0.03949458 0.04211998
v 0.02892279 0.02528082 0.02332618
v -0.03674121 -0.03045618 0.00756478
v -0.04184841 0.04792302 0.02992018
v -0.04184841 0.04792302 0.02992018
v 0.04113399 -0.02852598 0.00370018
v 0.05058039 -0.05526318 0.02810998
v 0.04232439 0.02864682 -0.00429242
v -0.00053001 0.00649662 0.04307578
v -0.04849161 0.01139082 0.00071938
v -0.01427721 -0.00981858 -0.02999582
v 0.03644919 -0.03765618 -0.00844022
v 0.03644919 -0.03765618 -0.00844022
v -0.04219401 0.03302322 0.02818018
v -0.00955401 0.04636482 -0.02750162
v 0.00342519 -0.02857278 0.03342358
v 0.01325559 0.00141162 -0.02972822
v 0.02623479 -0.04442718 -0.01822562
v 0.02780919 -0.02244978 0.02698798
v 0.02780919 -0.02244978 0.02698798
v 0.03410679 -0.02684418 0.03872878
v -0.04453641 -0.02412858 -0.01503602
v 0.01248759 0.02925042 -0.02935322
v 0.01563639 -0.03716418 0.02190478
v -0.04883721 0.04337022 0.03967918
v 0.02154999 -0.02241258 0.03255058
v 0.02154999 -0.02241258 0.03255058
v -0.00045321 0.00990342 -0.02963762
v 0.02944659 -0.03185838 0.02282638
v 0.00152979 0.04914882 0.00352498
v 0.00467859 0.04466802 0.01349638
v -0.03464301 0.04420182 0.00315358
v 0.01923219 0.04723422 -0.01291322
v -0.02558061 -0.03608718 0.01488058
v 0.04480659 -0.01789998 0.00880918
v -0.01809261 -0.02718738 0.03148318
v 0.02280339 -0.03518058 0.01956058
v 0.03263379 -0.03504978 0.03787198
v 0.00471699 -0.00000798 0.04900738
v -0.03460461 0.02949882 0.01894078
v 0.00118419 0.00583422 0.04910518
v -0.04639341 -0.00944658 -0.02747702
v -0.03537261 0.04564242 0.01859458
v 0.03463059 -0.02637258 0.01714678
v 0.03463059 -0.02637258 0.01714678
v 0.03777939 -0.03509838 -0.02173862
v -0.03456621 0.02922042 -0.03024842
v 0.03582099 0.02591382 -0.03055562
v -0.03299181 0.01751742 -0.03007262
v 0.02913939 -0.03303018 0.03474538
v -0.04950381 0.00643242 0.00002098
v -0.02707821 -0.04342158 -0.01217762
v 0.03309459 -0.00664278 0.03031498
v -0.01682541 -0.04058778 0.01568278
v 0.00598419 -0.00994518 0.04168798
v -0.03018861 0.00496062 0.03206278
v 0.05240979 -0.04726158 0.02794978
v -0.03291501 -0.03766098 -0.02063762
v 0.03393939 -0.02262978 0.02119798
v 0.04023699 -0.04096818 0.03891298
v -0.04270701 -0.02556438 0.00076618
v -0.03955821 0.01160922 0.01972918
v 0.02572179 -0.00951618 0.03086878
v 0.04853139 -0.01653498 -0.02054402
v -0.00887661 -0.01571538 -0.02976782
v -0.04858221 -0.01484598 -0.00756542
v 0.02180499 -0.04109898 -0.02933942
v 0.05129619 -0.05617098 0.00994318
v -0.03087981 0.03056142 -0.03146102
v 0.03125139 -0.03060918 0.03270658
v 0.02456979 -0.01156938 0.03325678
v 0.01435539 -0.02898078 -0.02873102
v 0.05014419 -0.05029218 0.02504938
v 0.05329299 -0.04786038 0.00217258
v 0.02537619 0.00993642 0.03020218
v -0.01905261 0.04675002 -0.01740002
v 0.05567379 -0.04868658 0.01005958
v 0.01596819 -0.00459138 -0.03057242
v 0.02226579 -0.02963178 0.02565118
v 0.00575379 0.01686942 -0.02984762
v -0.00407661 0.00772002 0.04694278
v 0.04822419 -0.05306178 0.01029178
v -0.04850541 0.00539742 -0.02409062
v -0.00288621 -0.00562278 0.04253698
v 0.01009299 -0.05059338 -0.00481742
v -0.04574061 0.01230162 -0.02716802
v -0.04259181 -0.01324818 0.01404598
v 0.02741139 -0.03623298 -0.03013082
v 0.03724179 -0.02103318 -0.03008402
v 0.04039059 0.03111582 -0.01756622
v -0.04335981 0.04063782 0.03896818
v 0.00894099 0.04827822 -0.02366762
v -0.00914541 0.03245082 0.03016258
v 0.02192019 -0.01253658 0.03548458
v -0.00323181 -0.02465538 0.03730798
v 0.00306579 -0.00373518 0.04262818
v -0.03821421 0.03513042 0.02991718
v 0.04200339 -0.01839798 -0.02980802
v -0.02404461 -0.01757778 0.03254518
v -0.04881261 0.04051842 0.03873298
v 0.03534639 -0.02489718 0.01771318
v 0.01372719 -0.03215178 0.02777818
v 0.05423919 -0.04897398 0.02186518
v 0.02789679 -0.03509118 -0.03035762
v -0.02951121 -0.03960378 -0.02344682
v -0.00002001 0.00697902 0.04864378
v -0.01534161 0.02190762 0.03597118
v -0.01534161 0.02190762 0.03597118
v 0.05504559 -0.04746678 0.02756938
v 0.01376559 -0.05013978 -0.01257722
v -0.00589521 0.00631662 0.04546618
v 0.02006319 0.00876822 -0.02931122
v 0.04287279 -0.01525158 0.01434418
v 0.01810479 0.02154162 0.02994298
v 0.04091439 0.02560062 -0.02685542
v -0.04598481 0.05191482 0.03640798
v -0.05109201 0.04151262 0.03348118
v 0.02716719 0.03564102 -0.03031262
v 0.01499439 -0.01315758 0.03927478
v 0.03780399 -0.04215858 -0.00580322
v 0.05473839 -0.04903878 0.00489718
v -0.00186321 -0.00675798 0.04719718
v 0.01937199 0.01984362 0.03181198
v -0.00382161 -0.02769318 0.03463678
v -0.01207761 0.04556562 0.00923218
v 0.02371119 -0.01460238 0.03087178
v 0.03354159 -0.03240678 0.03636718
v 0.03354159 -0.03240678 0.03636718
v 0.00055599 -0.02872578 0.03358918
v -0.03089361 -0.01326438 0.03018058
v 0.01472559 0.02396862 0.03207358
v -0.04936401 -0.01225938 -0.01092962
v 0.00059439 -0.02887158 0.03142558
v 0.03323439 0.01038822 0.02767018
v 0.00335919 -0.02883378 0.03045778
v -0.00842961 0.00318042 0.04772398
v -0.00842961 0.00318042 0.04772398
v -0.03830481 -0.00386658 -0.03032042
v 0.05331759 -0.04877958 0.01152718
v 0.04506159 -0.04898418 0.03927778
v -0.03120081 0.03524502 -0.02773742
v -0.03511761 -0.01107738 -0.02981822
v -0.01388241 0.00452802 0.04145758
v 0.01522479 0.00544902 -0.03068102
v -0.00286161 -0.00563058 0.04436098
v 0.04041519 -0.04460178 0.03918118
v 0.05024559 0.00223782 -0.02298362
v 0.04198959 -0.03488538 -0.01545242
v -0.03193041 0.01061262 0.03091378
v 0.04475439 -0.03938178 0.03842038
v -0.00124881 -0.03938898 -0.02910122
v 0.01998639 0.01948362 0.02993518
v -0.03112401 -0.02554278 0.02062498
v 0.00977199 0.03342582 0.02676418
v -0.02797521 -0.03221658 -0.03118382
v 0.04713519 -0.04846458 0.03144238
v 0.03887919 -0.04364838 -0.01085162
v 0.05775819 -0.05155938 0.01807798
v -0.02914101 0.01052802 0.03089098
v 0.03299019 -0.00225858 0.03232738
v -0.03109941 0.04022922 -0.00957062
v -0.04446261 0.04147062 0.01945318
v 0.04047819 -0.03278418 -0.01169762
v -0.02676021 0.04393062 0.00057958
v 0.02554059 0.01687842 0.03161038
v 0.02358219 0.04436502 -0.02004302
v 0.05622219 -0.04964958 0.00882718
v -0.04718901 0.01758222 -0.01705802
v 0.01809099 -0.01754838 0.03587098
v -0.04914741 0.01133562 -0.00302222
v -0.03812661 0.03278022 -0.01632242
v 0.05192139 -0.05450418 0.02856658
v -0.01689141 -0.02638098 0.03177358
v 0.02047179 -0.00943998 0.03761878
v 0.03187659 -0.03631998 -0.02724542
v -0.04519221 0.04820382 0.03048598
v -0.04519221 0.04820382 0.03048598
v 0.00553419 0.02400822 0.03630718
v 0.05468619 -0.04892298 0.01285378
v 0.04132299 -0.03726738 0.04438978
v 0.04919499 -0.00257058 -0.02577062
v 0.00948939 -0.02420538 0.03588778
v -0.01685301 -0.01492218 0.03896818
v -0.00702261 0.02821422 0.03314998
v 0.03034059 -0.04199958 -0.01656782
v 0.01225419 0.02593242 0.03013258
v -0.01251381 -0.04986918 -0.00729482
v 0.03153099 -0.03587178 0.03859798
v 0.04136139 0.02896362 -0.02075582
v 0.04059339 0.01411902 0.01770178
v 0.02408139 -0.02985858 -0.02867042
v 0.00246219 -0.03781998 0.02441638
v -0.04077621 0.00700302 -0.03164402
v 0.00011979 -0.00398238 0.04973878
v -0.04745781 0.03748122 0.02731078
v 0.00288459 -0.01474218 -0.03059822
v -0.00694581 0.04739982 -0.02661242
v 0.00092619 0.01172322 -0.03000962
v 0.01547979 0.02001342 0.03494518
v -0.01086261 0.03325782 0.02699758
v 0.03947979 -0.04469538 0.04038598
v 0.03594699 -0.04192638 -0.01712882
v -0.01201461 -0.03989058 -0.03051242
v -0.03993141 -0.01227858 -0.03154562
v -0.04031541 0.03132942 0.02419678
v 0.03322059 0.00537762 0.02963458
v -0.02810421 0.04084182 0.01760098
v 0.03402699 -0.01000518 0.02748118
v -0.05325621 0.04406322 0.03423598
v -0.02887221 -0.04088898 -0.02111462
v 0.00534219 0.02770302 0.03304798
v 0.02500299 -0.02977038 0.03225658
v -0.00133941 -0.05040858 -0.02230802
v -0.00683061 0.05022522 -0.00383222
v 0.04861899 0.01190622 -0.02334482
v -0.03198261 0.04510542 0.00657538
v 0.01874379 -0.04531938 0.00660958
v 0.04470219 -0.04306578 0.04279258
v -0.00130101 0.00206502 0.05002918
v -0.04887861 0.00479382 0.00348298
v 0.04040139 -0.03235818 0.04083238
v 0.02231499 -0.02585358 0.02898418
v -0.02211381 -0.00231618 0.03910498
v 0.03018699 -0.03211158 0.04086058
v 0.04120779 -0.03411378 -0.01678082
v 0.03218379 -0.03028278 0.01623538
v 0.05146059 -0.04571898 0.00454498
v -0.00594741 0.00669102 0.04692418
v -0.02403381 -0.04512558 -0.01482002
v -0.04486041 0.05065422 0.03647698
v -0.04839321 -0.00835158 -0.02351822
v -0.05388441 0.04441602 0.03526678
v -0.00000921 -0.02884518 0.03075358
v -0.03460761 -0.03672378 -0.01799522
v 0.03067239 0.02187942 0.02430598
v -0.05307801 0.04543902 0.03294238
v 0.01535079 -0.02925378 0.03205438
v 0.01849959 -0.03539058 0.02234638
v 0.04799079 -0.01093698 -0.02612582
v -0.04401561 0.04765422 0.03907558
v -0.02278041 0.03758982 0.01544578
v 0.05352039 -0.05085558 0.03189178
v -0.02039961 0.04604502 -0.00185702
v 0.01538919 -0.02965878 0.03110758
v -0.03218841 0.03855822 -0.01689002
v 0.05275239 -0.04868358 0.02455018
v 0.04764519 -0.01763898 -0.02253062
v -0.04751001 -0.01614798 -0.00154322
v -0.00503961 -0.02922618 0.03088198
v -0.04159641 0.04606842 0.03953338
v 0.01896039 -0.02013858 0.03101698
v -0.03019161 -0.00383178 0.03209278
v 0.01070439 -0.04795638 -0.02589482
v -0.04355481 0.05047122 0.03277138
v -0.02270361 0.04553262 -0.00862922
v -0.05415321 0.04663362 0.03455398
v -0.02151321 -0.04651338 -0.00773222
v 0.01546599 -0.04575018 -0.02739782
v 0.04495719 -0.04785138 0.03454318
v 0.01193319 0.03614442 0.02323618
v -0.03407001 -0.03410238 0.00642298
v 0.03278439 -0.02807418 0.01946998
v 0.02610279 0.00453342 0.03320398
v -0.00377241 0.04722882 0.00847438
v 0.01550439 0.04854462 -0.00734342
v -0.01398681 0.03018942 0.03109318
v 0.02690919 -0.03187758 0.03007438
v 0.03320679 -0.03947718 -0.01963142
v -0.01437081 0.02675742 0.03068518
v -0.01437081 -0.00455418 -0.03089642
v 0.04384359 0.02671122 -0.00598082
v 0.01592679 -0.04528638 0.00923938
v -0.03990681 0.02678622 -0.02572022
v 0.04503399 0.01537242 -0.02810882
v 0.00690279 0.03249462 0.03055258
v 0.02656359 -0.04477398 -0.00778322
v -0.02927001 -0.00767058 0.03210238
v -0.02178201 0.04266882 0.00730858
v -0.03671961 0.02751522 0.01791478
v -0.01233561 0.01153662 -0.03019082
v 0.01519719 0.00274602 -0.03061082
v 0.04430439 -0.03768198 0.04358038
v 0.03251559 -0.01298838 0.02803438
v -0.00876441 0.03210222 0.03099958
v -0.00872601 -0.02721918 0.03406918
v 0.01250919 -0.02560638 0.03207898
v -0.04332441 0.04875942 0.03942838
v -0.04370841 0.04954602 0.03845938
v -0.03387801 0.00140442 0.03007438
v 0.04910439 -0.01292538 -0.02240282
v -0.00004761 0.05084442 -0.01493162
v -0.04172541 0.02643882 0.01502878
v -0.02793981 0.02112222 0.02721778
v -0.04641021 0.02003022 -0.01529822
v -0.00393981 0.00210222 0.04994638
v 0.04640259 0.00732282 0.01108198
v -0.03066621 -0.00059178 0.03102298
v 0.04286979 -0.03573498 -0.01188962
v -0.04560381 -0.01421958 -0.02673662
v -0.01296381 0.00850722 0.04122118
v -0.04794621 0.04389222 0.02920738
v -0.00705021 -0.04004178 0.02080738
v -0.04241661 0.03973542 0.00435538
v 0.04920579 -0.04592898 0.03954658
v -0.04752381 -0.01740078 -0.01553222
v -0.00347901 -0.03066558 0.03196558
v -0.00858621 0.00046902 0.04215058
v 0.04371459 -0.04551738 0.04213258
v -0.03531261 0.03364722 0.02406238
v 0.00558339 -0.00085698 0.04746898
v -0.04629501 -0.02087658 -0.01321322
v -0.04472061 0.03984402 0.01413358
v 0.03511299 -0.04133418 -0.00993242
v 0.01034499 0.04457382 0.01192318
v -0.00144381 0.01737282 -0.03000602
v 0.00642819 -0.01326198 0.04106758
v -0.02502141 -0.03708258 -0.03045002
v -0.02502141 -0.01906338 0.03146938
v 0.00408579 0.00122802 0.04938658
v 0.02846979 -0.01835658 0.02999758
v -0.00847101 0.00206622 0.04816738
v 0.03557379 -0.02969118 0.03653878
v -0.05132541 0.05172162 0.03200098
v -0.02025981 -0.04225098 -0.02849162
v 0.00097539 0.00102042 -0.02980262
v -0.05328381 0.04359822 0.03682738
v -0.02379261 0.02366502 0.03043798
v 0.03795459 -0.04328958 0.04098718
v 0.04425219 0.00654462 -0.03040562
v -0.04422141 0.00253182 -0.03092222
v -0.02456061 0.04304022 0.00685258
v 0.01203459 0.04564722 0.00883858
v -0.00290301 -0.00652098 0.04780798
v 0.00339459 -0.00444558 0.04227118
v -0.00486141 -0.03729318 -0.02882942
v -0.02962941 0.03112302 0.01855558
v -0.02962941 0.03112302 0.01855558
v -0.03631101 -0.02679618 0.01312078
v 0.05373699 -0.04724598 0.03470458
v -0.04652541 -0.00329058 0.01014838
v 0.04667139 -0.05332758 0.00630898
v -0.02252541 -0.01061178 -0.02988602
v 0.01326339 -0.04614258 0.00914998
v 0.03096579 -0.02068218 0.02550358
v -0.00520701 -0.00421038 0.04389118
v -0.04295421 0.03118782 -0.00456002
v 0.02232579 0.01623222 0.02987278
v -0.02682621 0.03018402 -0.03128462
v 0.04356099 0.01394862 0.01322578
v -0.03861501 0.01240542 -0.03140942
v 0.02666499 -0.02014278 -0.02868722
v 0.01015299 -0.02616258 0.03105058
v -0.03899901 0.03955122 -0.00296102
v -0.00635901 -0.04370478 0.01571158
v -0.02287101 0.01960662 0.03284458
v -0.04606461 -0.02121318 -0.00606002
v -0.00516861 -0.04612578 0.01175638
v -0.05274621 0.05128542 0.03302698
v -0.05274621 0.05128542 0.03302698
v -0.00712701 -0.04967178 0.00140518
v -0.01380861 0.01407702 0.03989518
v 0.00979359 0.01186122 -0.03076622
v 0.01136799 0.04104402 0.01714138
v 0.04047519 -0.03311958 -0.01529582
v -0.04799841 0.01646142 -0.01310642
v -0.03344481 0.04110702 -0.00623042
v -0.04838241 -0.01031358 0.00192838
v -0.00591201 -0.03173778 0.03204358
v -0.04561761 0.04117842 0.03561298
v 0.01455519 0.03540582 0.02299618
v 0.01770399 -0.04792038 -0.00081302
v 0.01770399 0.04726422 -0.01812482
v 0.02242719 0.04003482 0.01175338
v -0.04638561 0.03666702 0.01990978
v 0.00906399 0.01865682 0.03848938
v 0.03029919 -0.02351958 0.02528338
v 0.03029919 -0.02351958 0.02528338
v -0.03770721 0.04659102 0.02967298
v -0.03770721 0.04659102 0.02967298
v -0.01647201 0.01023822 0.04008958
v 0.00476319 -0.02814678 0.03057058
v 0.02599839 -0.00519318 0.03363238
v 0.04055199 -0.04001478 0.04427038
v -0.04477281 0.05159742 0.03739198
v 0.03191199 0.01040742 0.02965678
v 0.03820959 0.03399282 -0.00543962
v 0.04961439 0.00367002 0.00415678
v -0.02745441 -0.02554878 -0.02966042
v -0.01762401 -0.00770418 -0.02981822
v 0.03782559 -0.04332378 0.04232158
v 0.05042079 -0.05222598 0.01667938
v -0.04630881 0.04851702 0.03336238
v -0.01366881 -0.01967718 0.03814738
v 0.02722719 -0.02517618 0.02737738
v -0.03018081 -0.00483918 0.03107098
v 0.02369439 -0.03019998 0.02511418
v -0.02545761 0.01022742 0.03575038
v 0.02764959 0.01323762 0.03175438
v -0.01835361 0.01845702 0.03669658
v 0.02215839 0.02410842 0.03127978
v 0.03198879 -0.03758238 -0.02558822
v -0.02541921 0.02372322 0.02735458
v -0.04074081 0.02417262 -0.02708222
v 0.03279519 -0.02672598 0.03842698
v 0.05522079 -0.05220738 0.02767318
v 0.04934559 -0.00394038 0.00523078
v -0.00176481 -0.04873038 0.00642238
v -0.04934241 -0.00093198 0.00232738
v -0.00019041 0.00554202 0.04946878
v -0.04028001 -0.02839818 -0.02295902
v -0.03713121 0.04514802 0.03339058
v 0.02342559 0.00127122 0.03648598
v -0.04538721 0.00245802 -0.02996942
v -0.02257761 -0.04483338 -0.02133422
v 0.04270239 -0.03009138 -0.01108982
v 0.04270239 -0.03009138 -0.01108982
v -0.04577121 0.00584622 0.01126258
v -0.03632481 -0.03555018 -0.00582722
v -0.01666401 -0.02465658 0.03096778
v 0.01755039 -0.04351158 -0.02905022
v 0.03721119 -0.04305318 -0.01270142
v -0.00130401 -0.00626598 0.04517938
v -0.03786081 0.04317102 0.03588838
v 0.00303519 -0.02879658 0.03198178
v -0.04650081 0.02052222 -0.00757982
v 0.00384159 0.00482262 0.04816258
v -0.04922721 -0.00320298 -0.02262962
v -0.02403681 0.02556162 0.02688118
v -0.01105761 -0.03088638 0.03154618
v 0.05501499 -0.05501178 0.01362118
v 0.00390459 -0.00186198 0.04325938
v -0.02754501 0.02922762 0.02111518
v -0.01614021 -0.03769818 0.02005078
v -0.01299141 0.04601442 -0.02670602
v -0.00354501 0.00630462 0.04267498
v -0.03146181 -0.03770478 0.00375058
v 0.00551739 -0.01927218 0.03959098
v 0.00551739 -0.01927218 0.03959098
v 0.05624379 -0.05423598 0.01651138
v 0.00355899 0.03882342 -0.03003602
v 0.03305019 -0.02719158 0.02016598
v -0.04950981 0.01158342 -0.00967082
v -0.03967941 -0.00586338 0.02092678
v -0.01214661 -0.00925038 -0.03083642
v -0.02550981 0.03500742 0.01724698
v -0.02550981 0.03500742 0.01724698
v 0.02640699 -0.00659298 0.03266218
v -0.02117061 -0.04018938 0.01302718
v 0.02878779 0.04175982 -0.00355622
v 0.02682939 -0.03291798 0.03586258
v 0.00521019 -0.02848158 0.03235078
v -0.04079301 -0.01622598 -0.03108122
v 0.05163579 -0.05723478 0.01506778
v -0.00577221 -0.04493118 -0.03009302
v -0.04232901 0.03451782 -0.00347522
v 0.03120699 0.03363342 -0.02965622
v -0.02658501 -0.01420818 0.03099238
v 0.03397179 -0.02597058 -0.03012482
v 0.03869499 -0.03694758 -0.02190302
v -0.00415941 0.03115002 0.03101698
v -0.00611781 0.03262002 0.03099478
v -0.04935621 0.04495482 0.03056398
v -0.04620741 -0.01813638 0.00122158
v 0.04856379 -0.01235958 0.00364678
v -0.02888901 -0.04216638 -0.01095842
v -0.00922821 0.02873562 0.03101758
v -0.04540101 0.02885502 0.00920998
v -0.04893381 0.04277442 0.03633538
v -0.04578501 0.04750602 0.03005878
v 0.05056059 -0.04869138 0.02701558
v 0.05056059 -0.04869138 0.02701558
v -0.04459461 0.01026702 -0.02957642
v 0.02579259 -0.00958098 0.03218758
v -0.02178501 -0.00529698 0.03902578
v 0.02974779 -0.03215358 0.02050798
v 0.01404219 -0.02536458 0.03065938
v 0.03685179 -0.03208098 0.04327738
v -0.01072581 0.03539142 -0.02974382
v 0.02821179 -0.00206178 0.03048118
v -0.00127941 0.03416922 0.02775718
v 0.01995579 -0.04764558 -0.01741862
v 0.00029499 0.03367902 0.02876578
v 0.02153019 0.01745262 0.03137578
v -0.02289861 0.02262762 0.03110878
v -0.04098501 0.04040982 0.03791578
v 0.04906299 -0.05505438 0.02567038
v -0.02958021 0.03001482 0.01892518
v 0.04710459 -0.05140458 0.03013378
v 0.03846459 -0.04064178 -0.00574502
v 0.03846459 -0.04429218 -0.00492482
v -0.04843461 0.00914862 0.00294298
v 0.03335739 -0.04027158 -0.01635482
v 0.04318779 -0.04762458 0.00084538
v 0.02667579 -0.02493558 0.02689318
v 0.02667579 -0.02493558 0.02689318
v 0.01999419 -0.04337898 -0.02816342
v 0.02314299 0.01496682 0.03107758
v 0.04006359 0.02455362 -0.02876222
v 0.04950999 -0.05416098 0.00476458
v -0.02913321 0.03637122 0.01933138
v 0.05265879 -0.04467558 0.03628678
v 0.01295319 0.04083882 -0.03100742
v 0.03418839 0.03324642 -0.02754182
v 0.02908119 -0.02607618 0.03432178
v -0.03028521 -0.04096698 -0.01398662
v 0.02044119 0.04670922 -0.00701582
v 0.04601559 -0.03910818 -0.00474662
v -0.02947881 0.00839322 0.03208318
v -0.01492521 0.01990662 0.03734398
v -0.01492521 0.01990662 0.03734398
v -0.04126761 -0.02946798 -0.01479902
v 0.01103319 0.04971282 -0.00702542
v -0.03654441 0.01216182 -0.03038402
v -0.02786601 -0.01754658 0.03111718
v -0.00663081 0.00539022 0.04509478
v -0.00663081 0.00539022 0.04509478
v 0.04409559 0.02512902 -0.01991762
v 0.00281559 0.00641322 0.04657738
v 0.00558039 0.04666842 -0.02796782
v -0.02782761 0.03478902 -0.03076802
v 0.00796119 -0.01658298 0.04008058
v 0.03234519 -0.02816238 0.03019498
v -0.04157481 0.03237402 -0.00640982
v 0.02055639 0.02461482 0.03167998
v 0.03315159 0.00329262 0.03146218
v -0.05217321 0.04224522 0.03777538
v 0.01153239 -0.03642618 0.02440018
v 0.01310679 -0.04455138 0.01249678
v -0.03957801 0.01858722 0.01612678
v -0.01008681 -0.02746758 0.03099778
v 0.02097879 -0.00083358 -0.02917622
v -0.00889641 0.00169122 0.04706818
v 0.00408279 0.00208182 0.04325938
v 0.04497879 0.02424282 -0.00363062
v 0.00723159 -0.02773518 0.03313858
v -0.01242921 0.03670962 -0.03021902
v 0.04812759 -0.04906758 0.00661318
v -0.02106921 -0.03981498 -0.03023222
v 0.02769879 -0.01675878 0.03295258
v -0.01162281 0.01653942 0.03961798
v -0.01162281 0.01653942 0.03961798
v 0.01590999 -0.01050858 -0.02947802
v -0.04149801 0.04964082 0.03349978
v -0.01200681 -0.02986158 0.03191578
v 0.03871959 -0.03473298 -0.00789722
v -0.04660521 0.01928262 -0.00259022
v -0.03520041 -0.01994478 0.02031958
v 0.04659159 -0.00283698 -0.02931482
v -0.04226601 0.01473342 0.01424638
v 0.02143959 -0.04735698 -0.01401962
v 0.01318359 -0.01633098 0.03891478
v 0.02458839 -0.02932098 0.03002998
v 0.00807639 -0.02955318 0.03194518
v 0.05054679 -0.04734438 0.03786898
v -0.02337321 0.01313982 0.03623698
v 0.01084119 -0.02626278 0.03326698
v -0.01822761 -0.04713078 -0.02038622
v -0.04337961 0.04827642 0.03492238
v -0.05006121 0.00305802 -0.00134942
v 0.01364439 0.02510442 0.03113998
v 0.00028119 0.00632562 0.04336858
v 0.04590039 0.01202862 0.00991618
v 0.05023959 -0.05682138 0.01355218
v -0.04334121 0.05210742 0.03598498
v -0.01227561 0.02987322 0.03121378
v 0.00070359 -0.00641298 0.04675858
v 0.01329879 0.02778402 0.03124918
v -0.01381161 -0.00114438 -0.03097262
v 0.03417459 -0.02964558 0.03500818
v 0.00429939 -0.00800118 0.04205578
v -0.03029901 0.01297002 0.03128398
v 0.05621619 -0.05106738 0.00894658
v -0.02438541 -0.03311118 -0.03084662
v -0.00706701 0.00520962 0.04805338
v -0.00706701 0.00520962 0.04805338
v -0.04677261 0.04231602 0.03661018
v 0.02991219 0.03435522 0.01274038
v -0.03456141 -0.03522798 0.00269758
v -0.01490061 -0.02534058 0.03297058
v -0.01175181 -0.03735258 -0.02935262
v -0.04358541 0.01179522 0.01338298
v 0.04646259 -0.01951458 -0.02376902
v 0.03782259 -0.02993418 0.03946318
v -0.00149901 -0.03278058 0.03175078
v -0.04907661 0.03903222 0.03208858
v 0.00164979 -0.01240338 -0.02968442
v 0.02407539 0.00568962 0.03512578
v 0.03390579 -0.04022058 -0.01277642
v -0.01916301 0.00131862 -0.02987822
v 0.04454259 -0.01910118 -0.02741642
v 0.04100979 0.03110442 -0.01026422
v 0.01781619 -0.04863438 -0.01582562
v -0.00027021 -0.02610438 0.03626338
v -0.01520781 -0.04581978 -0.02673782
v -0.04508301 0.02895102 0.01233178
v 0.03670899 0.01511082 -0.02921522
v -0.00929421 -0.02799018 0.03204898
v -0.00771981 -0.00001938 0.04258198
v -0.02580621 0.04349742 -0.01395182
v -0.05372301 0.04472502 0.03603778
v 0.05087859 0.00700362 -0.00314462
v 0.00330099 -0.00320538 0.04414138
v 0.01747059 -0.04896798 -0.01267382
v -0.03993741 -0.00891198 0.01980418
v 0.03202419 0.03731742 -0.02453042
v -0.01555341 -0.04113138 -0.03073442
v 0.03989619 -0.00471918 -0.02906102
v 0.04147059 -0.03696378 -0.00685742
v 0.03321459 -0.03868098 -0.02117762
v 0.04108659 -0.03435318 -0.01828742
v -0.04738701 -0.01849278 -0.00919202
v -0.04423821 0.02632122 0.00980878
v 0.01946739 0.04487202 0.00431938
v 0.03244659 -0.02882238 0.03184978
v -0.04619661 0.04368822 0.03786058
v -0.04462221 0.02357562 -0.01547042
v 0.04938099 -0.05474598 0.02023858
v 0.00180339 -0.04957158 -0.02474702
v -0.02649741 -0.04333818 -0.00393122
v -0.00564621 0.04634382 -0.02839382
v 0.04665459 -0.05229258 0.03455938
v -0.03747981 0.04634382 0.03125098
v -0.04573581 0.03215262 0.01634218
v 0.02622579 -0.01675338 0.03257278
v 0.01954419 -0.04096158 0.01423498
v 0.01758579 0.02202342 0.03115858
v 0.03724659 0.03407742 -0.02032742
v 0.03882099 -0.02812218 -0.02788982
v -0.00875661 -0.04717638 -0.02731742
v 0.03528819 -0.00275238 0.02740258
v -0.00403341 -0.00476238 0.04349278
v 0.02860659 0.01653882 0.03112498
v -0.00599181 0.00105102 0.04970098
v 0.00030579 0.03501702 0.02665078
v -0.04727181 0.01607082 -0.01967162
v 0.00502899 0.00217962 0.04523818
v -0.04765581 0.04267062 0.02823238
v 0.03885939 -0.03490878 -0.00863522
v -0.02680461 -0.01804878 0.03142438
v 0.04949619 -0.05444118 0.01734058
v -0.01931661 -0.02301078 0.03103138
v -0.04329201 0.03397302 0.03019378
v -0.04052721 0.02041122 -0.03002402
v 0.01019919 -0.05093538 -0.01177862
v -0.02240241 -0.03824838 0.01487518
v -0.03065841 -0.04018758 -0.01808642
v -0.03419121 0.03751422 -0.01071662
v -0.01491441 -0.02536098 0.03097318
v -0.00350961 0.02806122 0.03376978
v -0.00193521 -0.00950418 0.04207738
v -0.00193521 -0.00950418 0.04207738
v 0.02913039 -0.03444438 0.03744898
v 0.04368399 -0.04865658 0.03947218
v -0.03495921 0.00481662 0.02667118
v -0.04164081 0.04579362 0.02483578
v 0.02874639 0.00165342 0.03037738
v -0.00270321 -0.04484898 -0.03026342
v 0.01499919 0.04649562 0.00434338
v -0.04083441 -0.03040218 -0.01011182
v 0.00321039 0.03106422 0.03109918
v -0.03845361 0.03153642 -0.01997282
v 0.03350799 -0.03908358 -0.02044022
v -0.04551921 0.01804242 0.00451378
v 0.02448399 -0.03128658 0.02451718
v 0.03431439 -0.04135758 -0.01607222
v -0.04667121 0.04607382 0.02947198
v -0.01403121 -0.04305018 0.01357258
v -0.03879921 -0.01254438 -0.03130022
v -0.02777841 0.04280742 -0.00538622
v -0.04429041 -0.01127838 0.01206718
v 0.02690319 0.03406902 0.01632478
v 0.02022159 -0.01818738 0.03385798
v 0.03320079 -0.03686958 -0.02513522
v 0.04541199 -0.03903078 -0.00796382
v 0.02379279 -0.04629318 -0.01323962
v 0.04817679 -0.01549638 0.00155218
v 0.02655759 -0.04477278 -0.01407302
v 0.00178959 -0.01972518 0.03981418
v 0.03600399 -0.04143318 0.04248478
v -0.05246961 0.04859382 0.03170998
v 0.03327759 -0.02762718 0.01777798
v 0.05766159 -0.05056818 0.01728898
v -0.03315441 -0.00459198 0.03087898
v 0.02740239 -0.02538618 0.02933758
v -0.01936881 0.03841122 -0.03142982
v 0.02782479 -0.03264078 0.03361198
v 0.04905999 -0.05343198 0.01298398
v -0.04452081 0.03669102 0.00584158
v 0.03216399 0.03915762 -0.00272102
v -0.00558321 -0.00417018 0.04258498
v 0.03730959 -0.04127838 0.04025638
v -0.02913621 0.00722262 0.03314578
v 0.05699499 -0.04954338 0.01954318
v -0.04956501 0.00684402 -0.01921982
v 0.02711979 0.00385782 0.03140578
v -0.00747861 -0.02822298 0.03115138
v 0.01533099 0.01546542 0.03760618
v 0.04797099 0.00662262 0.00786478
v 0.05111979 -0.05423178 0.00592798
v -0.02318421 0.04438962 -0.00058262
v 0.01379499 0.04748622 -0.02288582
v 0.04643499 -0.01490298 0.00747598
v -0.03063381 -0.03712038 0.00667618
v -0.00114261 0.00668322 0.04366138
v 0.00515499 0.02952282 0.03029458
v -0.04399701 0.05013162 0.03795478
v 0.04762539 0.01765662 -0.00078422
v 0.01145259 0.03036522 0.03139018
v 0.03111339 -0.03668058 0.04106998
v -0.04595541 0.02162442 -0.01180502
v 0.02247339 0.02423862 0.03074218
v 0.04685739 -0.04997898 -0.00131522
v 0.04175019 -0.03422718 0.04039318
v 0.04332459 -0.04449558 -0.00726302
v -0.01565781 0.04619442 -0.02459102
v 0.01540779 -0.00290178 -0.03057002
v -0.01919061 -0.02266698 0.03101758
v 0.03468459 0.03607542 0.00092398
v -0.04276821 -0.02741418 -0.01369322
v 0.00953259 0.00762762 -0.02971022
v 0.04059819 -0.03442458 -0.01954022
v -0.03528021 0.02808282 0.01813258
v 0.04808619 -0.04429518 0.04096258
v -0.00106581 0.03334902 0.03049018
v 0.00838059 0.02772282 0.03156838
v 0.05399979 -0.04613658 0.03394678
v -0.01166421 -0.02755938 0.03120118
v 0.01863339 -0.02010198 0.03382438
v -0.04545621 0.03240942 0.00537478
v -0.00613461 0.04117782 -0.03130262
v -0.03796821 0.04083102 0.03556018
v 0.00450219 0.04451082 -0.03044822
v -0.00532821 -0.00402618 0.04312738
v -0.00532821 -0.00402618 0.04312738
v 0.00569259 0.00081282 0.04650058
v -0.00256341 0.02928042 0.03235258
v 0.05131179 -0.05187678 0.00320278
v -0.03912021 0.04681722 0.02737618
v 0.04109739 -0.04220778 -0.01102202
v -0.04422741 0.02357502 0.00083458
v 0.02773419 -0.02457978 0.02701738
v 0.00139179 -0.00579078 0.04561078
v -0.00528981 0.05066682 -0.00654422
v 0.04858539 0.01643262 -0.01735142
v 0.03049899 -0.00540078 0.03231538
v 0.01045419 -0.04960038 0.00064078
v -0.04537941 0.04261182 0.02446978
v 0.00534699 0.00369222 0.04199338
v 0.01517739 -0.02037558 0.03601378
v -0.03908181 0.04762362 0.03191338
v 0.00496299 -0.00279258 0.04719658
v -0.04418901 0.02462742 0.00133078
v 0.04900779 -0.05030658 0.00891658
v -0.01665621 0.02451282 0.03319258
v -0.01665621 0.02451282 0.03319258
v 0.03487659 -0.03848538 0.03980158
v -0.03746901 0.02137542 -0.03144602
v 0.02466219 -0.01244118 0.03215518
v -0.02134101 0.04021662 -0.02979842
v 0.02270379 0.03250782 0.02155138
v 0.02193579 -0.03650058 -0.03023642
v -0.04057941 0.04910502 0.03700438
v 0.04946859 -0.04948458 0.02746018
v 0.01172139 0.00921942 0.04056238
v 0.02942379 -0.03073338 0.02796718
v 0.02942379 0.00885762 0.03185338
v -0.04015701 0.04203522 0.00441238
v -0.03936441 0.02932122 -0.02272022
v 0.00782919 -0.05114958 -0.00669662
v 0.00782919 -0.05114958 -0.00669662
v 0.04715079 -0.04236618 0.03612058
v 0.04715079 -0.04236618 0.03612058
v 0.03693639 -0.03397278 0.00345658
v 0.03693639 -0.03397278 0.00345658
v -0.00276921 -0.00645378 0.04608778
v 0.03970119 -0.03318378 -0.01911422
v 0.03420999 -0.04069098 -0.01950842
v 0.02084679 -0.01847538 0.03227818
v 0.02399559 0.04481562 -0.00500882
v 0.02714439 -0.04048278 0.00772078
v 0.04995399 -0.01374678 -0.00512942
v -0.00587961 0.01861842 -0.02981522
v -0.04243641 0.04915182 0.03916918
v 0.03228999 -0.03786858 0.04089418
v -0.04712121 0.01637862 0.00064018
v -0.02588601 0.03756582 0.01629298
v -0.00465081 -0.00259818 0.04979098
v -0.04082361 0.03988842 0.00094078
v -0.02469561 0.04376862 0.00086458
v 0.03705159 -0.03792738 -0.00843182
v 0.03705159 -0.03792738 -0.00843182
v 0.04020039 -0.02506338 -0.02860742
v -0.04589241 -0.01506078 -0.02563742
v 0.04692039 -0.04459398 -0.00506522
v 0.05675079 -0.05331018 0.02091778
v 0.00917319 0.04026222 -0.03088502
v -0.00733881 0.00304002 0.04241038
v 0.00406599 0.00382842 0.04221838
v 0.04261959 -0.03972318 0.04409518
v 0.04576839 -0.01195398 -0.02868302
v -0.05253561 0.04669242 0.03509938
v 0.00921159 -0.02718498 0.03274678
v -0.02027961 -0.02183778 0.03176938
v -0.03049401 0.04504002 0.01127938
v 0.04461639 -0.00376698 -0.03033782
v -0.03087801 0.01888782 0.02597398
v 0.01001799 -0.04749678 0.00765598
v 0.03912519 0.02574882 0.01067278
v -0.01828281 0.02834622 0.03040378
v -0.01828281 0.02834622 0.03040378
v 0.04188999 -0.03065118 -0.01642322
v -0.01394361 -0.00266658 0.04157758
v -0.01590201 0.01858422 -0.02996822
v -0.00607161 -0.00780378 -0.02960402
v 0.04780359 -0.02068998 -0.00801722
v -0.01628601 0.00167982 0.04109038
v -0.03122361 0.03707982 0.02218498
v 0.05056839 -0.00523158 0.00046558
v 0.05175879 -0.04570998 0.03772318
v -0.00445881 -0.01533558 -0.03069122
v 0.05767239 -0.05097738 0.02163958
v -0.04297401 0.04886922 0.03128098
v -0.02999481 -0.03008538 0.01750378
v 0.04668999 0.00597942 -0.02884142
v 0.01485639 0.01242462 0.03892678
v -0.04923321 0.05307282 0.03364618
v 0.00306759 0.04769322 0.00746878
v 0.04396359 0.02657202 -0.01492262
v -0.04136121 -0.02862318 -0.00185342
v 0.04043079 -0.03314718 -0.01330982
v 0.02196039 0.00274602 0.03746278
v 0.00034119 -0.02191038 0.03898138
v 0.04281159 -0.03623418 -0.01333982
v 0.05186019 -0.04493298 0.03253618
v 0.01845219 0.02281962 0.03010618
v -0.01614621 0.04774422 -0.00180362
v -0.02282781 0.04545642 -0.01149122
v 0.04913379 -0.01063578 -0.02383862
v -0.00669981 -0.04618038 -0.02896142
v -0.02044701 0.01128402 0.03848038
v -0.00746781 -0.03189258 0.03167218
v -0.00942621 -0.05070558 -0.01006982
v -0.00942621 -0.05070558 -0.01006982
v -0.03576861 0.03787782 0.03023278
v -0.03261981 0.01056822 0.02837818
v -0.02355741 -0.01852158 0.03186598
v -0.01215261 0.04352322 -0.03015782
v 0.03308259 -0.02647038 0.02210278
v -0.00623901 -0.00453618 0.04544758
v 0.05550819 -0.04898478 0.01253038
v -0.03964701 0.03757482 -0.00491582
v 0.00124899 -0.04436958 0.01565578
v 0.04371939 -0.02738838 -0.00352802
v 0.04529379 0.02452662 -0.00743342
v -0.02743581 0.01959222 0.03047758
v 0.04767459 -0.04737918 0.03963658
v -0.04590621 0.04589922 0.03218338
v -0.05258781 0.04227522 0.03563938
v 0.00128739 -0.04951818 0.00428278
v 0.03235299 -0.02729178 0.02710858
v 0.00328419 -0.03373998 0.02892118
v 0.02451939 0.03393102 -0.03067202
v -0.01322781 0.04934202 -0.00804542
v -0.02973981 0.04498302 0.00634738
v 0.05205219 -0.05599578 0.02496358
v -0.01714461 0.02705142 0.03119698
v -0.01714461 0.02705142 0.03119698
v -0.04348701 0.02571522 0.01083658
v 0.03596259 -0.02878818 0.03718738
v 0.04894179 -0.05348898 0.03245638
v -0.04621341 0.04038042 0.03352798
v 0.02732259 0.00108402 0.03178918
v -0.03834141 0.04574802 0.03574078
v 0.03638499 -0.04034178 -0.00801482
v 0.04778979 -0.04431558 0.03431578
v 0.04778979 -0.04431558 0.03431578
v 0.02893539 0.00637602 0.03069898
v 0.04978659 0.00683382 -0.02289842
v 0.00378339 0.00547182 0.04714198
v 0.05097699 -0.05720358 0.01687018
v 0.03761379 -0.04159458 0.04362478
v -0.04456221 0.04402122 0.04032418
v -0.04141341 0.03634482 0.03422398
v -0.03669021 0.02611422 -0.03047102
v 0.01050339 0.02793282 0.03031678
v -0.00600861 0.02176662 0.03832978
v -0.04571421 0.04387362 0.03118558
v -0.04571421 0.04387362 0.03118558
v 0.02114019 0.04650882 -0.01077062
v -0.01503261 0.00684402 -0.03026162
v -0.00282141 0.01478802 -0.03095582
v 0.01173219 -0.04323678 -0.03039842
v 0.00505059 -0.03291858 0.03107278
v 0.03769059 -0.04380318 -0.01078262
v 0.05028579 -0.04403838 0.00188578
v -0.01852701 0.04235142 0.01122058
v -0.04407681 0.02980662 -0.00208622
v -0.03935361 0.04477722 0.03775798
v 0.00311679 -0.05065158 -0.02139482
v -0.04641921 0.01663302 -0.02236382
v -0.02518401 0.03380682 0.01831678
v -0.02518401 0.03380682 0.01831678
v 0.02869119 -0.03196878 0.03232258
v 0.04009599 -0.02320458 0.01277998
v -0.01573761 0.04134162 -0.03084662
v 0.04639359 0.02262642 -0.00854162
v 0.04796799 -0.05403858 0.00427318
v -0.03578241 0.04512882 0.01062718
v 0.01966719 0.03467622 0.02121238
v 0.00000639 -0.00611718 0.04523758
v 0.00000639 0.00771042 0.04766458
v -0.03536001 -0.03673278 -0.01017422
v 0.04881279 -0.04226658 -0.00041342
v -0.00268161 0.00796962 0.04763278
v 0.02838399 -0.03148338 0.02593498
v 0.04097919 -0.03595398 -0.01969082
v 0.04097919 -0.02178078 -0.02940842
v 0.03391359 0.03023562 -0.02998322
v 0.02565759 0.04091382 0.00625198
v 0.03863679 -0.03564258 -0.00873722
v -0.04983681 -0.00932118 -0.01444862
v 0.05004159 -0.05648058 0.02116078
v 0.00246399 0.04562142 -0.02969162
v 0.00561279 0.02897502 0.03014218
v 0.00876159 0.04881282 0.00181618
v -0.04039041 0.03319902 0.02827858
v -0.02426241 0.00796302 0.03721198
v -0.01953921 0.03724902 0.01849978
v -0.03132801 0.04313022 -0.00311162
v 0.02412159 -0.02784258 0.02647318
v 0.03710079 0.02729862 -0.02958182
v -0.05333121 0.04888242 0.03218038
v 0.00526719 0.02134122 0.03804718
v -0.00456321 -0.03334518 0.02901718
v 0.00960639 0.04353222 0.01398838
v 0.03084159 -0.00180558 0.03216358
v -0.03363201 0.03421362 -0.02610122
v -0.00099201 0.05088102 -0.00582122
v -0.01907841 -0.00660138 0.03994558
v -0.03401601 0.03211182 0.02088118
v -0.00295041 -0.05128038 -0.01692002
v 0.00138879 0.01549182 -0.03082742
v 0.05015679 -0.04694958 -0.00153542
v -0.04027521 0.04850382 0.03254158
v 0.01359999 0.03220182 0.02665918
v 0.02500479 -0.03069738 0.03223918
v 0.04113279 -0.03028458 -0.00051842
v -0.04261761 0.02828022 -0.00645962
v 0.04232319 -0.03504138 -0.01123202
v 0.03368319 0.00383622 0.02910118
v -0.03708801 0.04342242 0.00319438
v 0.03329919 -0.04012998 -0.00718802
v 0.04470399 0.00938442 0.01341958
v -0.00640641 0.02666202 0.03480538
v 0.01482879 -0.01634238 0.03829798
v -0.04611201 0.03416502 0.02174098
v -0.01189761 0.01454742 -0.02989562
v 0.04865919 0.01179042 0.00274078
v -0.03824001 0.00027942 0.02334478
v 0.03372159 -0.02836158 -0.03034322
v -0.01896321 -0.04667298 -0.00044582
v 0.02823039 0.03653202 -0.02944622
v 0.01801599 0.03893802 -0.03093662
v -0.02483841 0.01775982 0.03226018
v -0.03820161 0.04507722 0.01448758
v 0.03375999 0.03835722 -0.00594062
v 0.02118939 0.02306382 0.03169258
v 0.03889179 0.03362562 -0.00935942
v 0.03889179 -0.01837098 0.01829998
v -0.01851621 -0.04398798 -0.02753222
v 0.01216539 -0.04349298 0.01469998
v 0.03969819 -0.03505098 -0.00948362
v 0.03969819 -0.03505098 -0.00948362
v 0.03969819 -0.03505098 -0.00948362
v 0.00509979 -0.04753458 -0.02777882
v 0.04914459 -0.05607318 0.01150018
v -0.00196581 -0.01436958 -0.03061442
v 0.04288539 -0.04289598 0.04333738
v 0.02794779 0.04166922 -0.02092442
v 0.05743899 -0.05192838 0.01458118
v 0.04526619 0.00219042 -0.03016262
v 0.04998939 0.01337742 -0.01157822
v 0.00556059 0.00197322 0.04714138
v 0.01696539 -0.01078038 0.03909958
v -0.04201701 0.05037822 0.03810898
v -0.04044261 0.03834762 0.03600058
v -0.04869861 0.00204402 0.00466738
v 0.01185819 -0.02917938 0.03240058
v 0.04096539 -0.03427278 0.04382098
v 0.01423899 0.00546462 0.04033018
v -0.04159461 0.02328762 0.01070938
v 0.01504539 -0.01491798 -0.02915582
v 0.02487579 -0.01158318 0.03094738
v 0.03785499 -0.03842118 -0.02176022
v 0.02291739 -0.04495998 -0.02304542
v -0.00657381 -0.00300678 0.04399438
v 0.01270299 -0.02515338 0.03066058
v -0.04155621 0.02976342 -0.00793802
v 0.01389339 0.04454682 -0.02850602
v -0.04547301 0.04120842 0.03528658
v -0.03917541 0.04090242 -0.00002162
v -0.00968421 -0.03606198 -0.02893382
v -0.03602661 0.00140742 0.02576278
v -0.00338661 -0.04241418 0.01832878
v 0.02729499 -0.00186798 0.03190438
v -0.00062181 0.01388262 -0.03079022
v -0.01751781 -0.00183258 -0.02997602
v 0.05444379 -0.04810818 0.00942358
v 0.04699419 -0.04063758 -0.00214442
v 0.03873819 0.01891662 -0.03053882
v 0.00099099 -0.02950698 0.03069418
v 0.04818459 -0.05012958 0.02875498
v 0.03992859 -0.03377538 -0.01951802
v 0.04150299 -0.03022998 -0.01947602
v -0.01747941 -0.01742238 0.03767758
v 0.00533019 0.04989882 -0.01928822
v 0.02303259 -0.01510818 0.03286978
v 0.03052059 -0.03135498 0.01862038
v 0.02541339 -0.04444038 -0.02045462
v 0.03171099 0.03098142 -0.03046622
v 0.02345499 -0.04278078 -0.02658962
v 0.02345499 0.04178682 -0.02684642
v 0.03328539 0.00052842 0.03178318
v 0.02621979 -0.03153738 0.03605758
v -0.00012261 0.04864542 -0.02496602
v 0.03174939 -0.02368158 0.02299558
v -0.02446821 0.04240122 -0.02350142
v -0.04255461 0.03599802 -0.00139442
v -0.00323301 -0.05158098 -0.00945962
v -0.00323301 -0.05158098 -0.00945962
v 0.03570459 -0.04008078 -0.02115902
v 0.05183259 -0.04582038 0.03086698
v -0.04370661 0.03543522 0.00082798
v 0.02787099 0.01009242 0.03067378
v 0.02866359 -0.03246318 0.01881418
v 0.04479159 0.01835982 -0.02677142
v -0.04210761 0.04682442 0.03463798
v -0.04721481 0.01390962 0.00330538
v -0.00474441 -0.03766398 0.02411278
v -0.03266121 0.03762162 -0.01952762
v 0.00823479 0.02783802 0.03035698
v 0.01295799 -0.01306638 -0.02974502
v -0.00670281 0.00310482 0.04928398
v -0.04640841 0.05306802 0.03413578
v 0.01729719 0.04092642 -0.03057962
v 0.02202039 -0.01694418 0.03194878
v -0.04521801 -0.02335038 -0.00992522
v -0.01415241 0.03105042 0.02849578
v -0.01611081 -0.02475078 0.03094858
v 0.02125239 -0.00233478 0.03815398
v 0.03580599 0.03025182 -0.02876582
v 0.00397239 -0.00393558 0.04815898
v -0.04360521 -0.00019818 0.01583878
v -0.02079561 0.02936022 0.02596918
v -0.02079561 0.02936022 0.02596918
v 0.04133559 -0.01664718 0.01596778
v -0.02747721 0.01351302 0.03208858
v -0.02590281 0.00646002 0.03637798
v 0.02482359 0.03903882 -0.02930222
v 0.03465399 -0.03284118 0.04306918
v 0.02639799 0.00695082 0.03152698
v 0.02286519 0.03612882 0.01721218
v -0.00190281 -0.00532698 0.04924738
v 0.00439479 0.05055702 -0.00459602
v 0.04767159 -0.05237478 0.00156418
v 0.02409399 -0.03135678 0.02360218
v -0.04314441 0.04837842 0.03694498
v 0.01898679 0.01581042 0.03512878
v -0.04982601 0.00064422 0.00042598
v 0.04337079 -0.02145258 0.00850738
v 0.00051639 -0.03319818 0.03119998
v -0.04391241 0.03984822 0.03857398
v -0.04429641 0.04366962 0.03634438
v -0.04272201 0.03196662 0.02509078
v -0.00574281 -0.02877018 0.03268558
v 0.01195959 -0.02489598 0.03421498
v 0.01353399 0.03923622 0.01881538
v 0.02493879 -0.03131598 0.02984518
v -0.03089481 0.00934062 0.03128218
v -0.01987401 -0.03345618 0.02254978
v -0.04149321 -0.01159878 0.01655578
v -0.00570441 -0.01332558 -0.03081962
v 0.03680439 -0.03658278 -0.00533402
v 0.03680439 -0.03658278 -0.00533402
v 0.03288759 -0.02590698 0.02081638
v -0.04575561 0.01391982 0.00756418
v -0.02962761 0.03761562 -0.02626082
v -0.02962761 0.01648662 0.03023578
v -0.00996681 -0.00974358 -0.03075722
v -0.01664841 0.04601142 0.00446038
v 0.00577719 0.04807002 -0.02546522
v 0.04824759 0.01852182 -0.00907562
v -0.00916041 -0.04450758 0.01348498
v 0.05297079 -0.04575078 0.03607378
v -0.00128841 0.04950582 -0.02254562
v -0.04925001 -0.01007418 -0.01821662
v -0.00992841 0.04746042 0.00572518
v -0.00992841 -0.02546838 0.03538558
v 0.04041399 0.03149982 -0.00597842
v 0.02232759 0.01043622 0.03490138
v -0.02682441 -0.02056698 0.02868178
v -0.05159241 0.04342362 0.03809338
v -0.02210121 0.04560162 -0.00487862
v 0.02862519 -0.02377878 0.02637238
v 0.02862519 -0.02377878 0.02637238
v 0.02862519 -0.02377878 0.02637238
v 0.03334839 -0.02598798 0.01934338
v 0.03334839 -0.02598798 0.01934338
v 0.02666679 -0.00643278 0.03192478
v -0.04253001 0.02845122 0.01729678
v 0.03100599 -0.00691998 0.03276478
v 0.00192339 0.02552082 0.03582178
v -0.04565421 0.04579542 0.03929878
v -0.01497261 0.03769182 -0.03119342
v 0.04873299 -0.04384278 0.03442618
v 0.01728339 -0.02173518 0.03094978
v 0.01728339 -0.02173518 0.03094978
v -0.03382701 -0.00395298 0.02873998
v 0.02911059 -0.03110598 0.02988358
v 0.02911059 -0.03110598 0.02988358
v 0.02911059 -0.03110598 0.02988358
v -0.03970221 0.02429622 -0.02862182
v -0.04480941 0.04459962 0.03113638
v 0.04485459 -0.05043198 0.03565738
v 0.03659859 -0.03236178 0.03775618
v 0.04447059 0.01164942 -0.02979302
v 0.03778899 -0.03704298 -0.02219522
v -0.04438701 0.00754602 -0.03036662
v 0.01931859 0.02024262 0.03115378
v -0.04868781 -0.01293198 -0.00259682
v -0.02902701 0.04398462 -0.00063722
v -0.04711341 0.00495522 0.00853678
v 0.03467859 -0.02903178 0.03539098
v 0.03429459 -0.02666238 0.03515818
v -0.04983981 0.00813282 -0.01597202
v 0.03195219 -0.02828598 0.02872138
v 0.03195219 -0.02828598 0.02872138
v -0.04864941 0.04581282 0.03314338
v -0.04864941 0.04581282 0.03314338
v 0.00207699 0.04679682 -0.02816882
v 0.00365139 -0.05165358 -0.00872582
v 0.00365139 -0.05165358 -0.00872582
v 0.02960979 0.02316762 -0.02910242
v 0.03748179 -0.04066518 -0.01939382
v -0.01992621 -0.04731078 -0.01311062
v -0.01992621 -0.04731078 -0.01311062
v 0.05046099 -0.04685538 0.00596458
v 0.03160659 0.00663582 0.03240658
v 0.00998739 -0.01283418 -0.03070502
v 0.02964819 -0.03064698 0.02657098
v 0.02964819 -0.03127458 0.03175558
v 0.02964819 -0.03127458 0.03175558
v 0.03122259 0.00347922 0.03235258
v -0.04937901 0.04825182 0.03341578
v -0.02971821 0.04460622 0.01293958
v 0.01117779 -0.02562858 0.03109018
v 0.04224339 -0.03863658 -0.01377842
v -0.00690861 -0.03250938 0.03093418
v -0.04150701 -0.00584118 0.01840378
v 0.03045459 -0.03420978 0.04143898
v 0.03794259 -0.02983218 0.04098778
v -0.04895661 0.04042542 0.02985778
v 0.02104659 0.02594142 0.02939458
v -0.04619181 -0.00809238 0.00956218
v 0.02381139 0.03881922 -0.02991302
v 0.02538579 -0.00913638 0.03329518
v 0.03010899 0.02897742 -0.03051062
v -0.04419501 0.00374202 0.01462738
v -0.03121581 -0.03493518 0.00980698
v -0.04615341 0.04084542 0.03493918
v 0.00261459 -0.00243858 0.04967998
v 0.03840339 -0.03023418 0.04071178
v -0.05045421 0.05249442 0.03275578
v -0.04768941 -0.00224778 -0.02667962
v 0.03725139 -0.03844638 -0.00822182
v 0.01405779 -0.04871058 0.00084898
v -0.04020141 0.04426962 0.01420738
v -0.03901101 0.02496882 0.01518478
v 0.05065299 -0.05045298 0.01169038
v -0.02484141 -0.02336418 0.02783158
v 0.04712019 -0.05304078 0.03232558
v -0.04488621 0.02673882 0.00407218
v -0.04132881 0.01018482 -0.03151502
v 0.01922799 0.02981742 0.02622238
v 0.03888879 -0.03834498 0.04442518
v -0.04524561 0.05055402 0.03575338
v -0.01928721 -0.02709618 0.03070438
v 0.04126959 -0.00450318 0.02024098
v -0.04405521 0.02501442 -0.01197902
v 0.01258479 0.01637562 0.03839098
v -0.02673681 -0.04087998 -0.02498762
v 0.03539439 -0.03324018 0.00803818
v -0.02358801 0.03728142 -0.03102602
v -0.00235281 0.04593222 0.01140118
v -0.04993041 -0.00054618 -0.01998122
v -0.02239761 0.00495042 0.03877318
v -0.03103761 0.01369962 0.03034378
v 0.04407279 -0.02776338 -0.00799022
v -0.02316561 -0.04574298 -0.01176062
v 0.01419759 0.02866662 0.03155338
v 0.04841199 -0.05407638 0.03065278
v 0.04645359 -0.04230078 -0.00644042
v -0.00465681 0.00392442 0.04966738
v 0.04411119 -0.04530198 0.03607498
v 0.03232239 -0.04049178 -0.01511822
v 0.03232239 -0.03527238 0.04260778
v 0.02721519 0.00269982 0.03042178
v 0.05159919 -0.04427958 0.03811738
v -0.00738321 -0.00391218 0.04708678
v 0.03785199 0.00508182 0.02411218
v 0.01584879 -0.04194738 0.01523998
v 0.04495599 -0.02653038 -0.01188002
v 0.04495599 -0.02653038 -0.01188002
v -0.00262161 -0.04732938 0.00976018
v 0.00210159 0.00524622 0.04297378
v -0.04705041 0.04113822 0.03308458
v -0.01283601 -0.01678998 0.03956278
v 0.04772079 -0.01956618 -0.01912082
v 0.02963439 -0.04226058 -0.00329282
v 0.04103919 -0.03336438 0.04316458
v -0.03288081 0.04513542 0.01797358
v 0.04695279 -0.01628358 0.00486238
v 0.04852719 -0.05554878 0.00950758
v 0.02337519 -0.00379818 0.03647698
v -0.00139281 0.00742662 0.04478638
v 0.03950319 -0.03439878 0.03909898
v -0.00335121 0.00593502 0.04928518
v -0.00177681 -0.02351718 0.03815278
v -0.03637521 0.02025882 -0.03165182
v -0.04463121 0.02637642 0.00717538
v -0.03752721 0.04571202 0.01995178
v -0.00331281 0.03223722 0.03119038
v -0.00173841 0.03770022 0.02360818
v -0.04301841 0.04726782 0.02888638
v -0.01037841 0.02843622 0.03042598
v -0.01037841 -0.02287218 0.03727678
v 0.03524079 -0.03785838 -0.02163782
v 0.00732399 -0.02784258 0.03217738
v -0.03042321 0.02804922 0.01961818
v 0.03996399 -0.03234258 -0.01878002
v 0.04979439 -0.05620098 0.01977658
v -0.00761361 -0.00006018 0.04374298
v 0.05609199 -0.04931898 0.01470358
v 0.03289839 -0.01907718 0.02469958
v -0.02608401 -0.04220178 -0.02308622
v -0.03434001 0.04371882 0.00082138
v 0.03093999 -0.01161918 0.03265918
v -0.01506321 0.02656242 0.03058318
v -0.01506321 0.02656242 0.03058318
v -0.03157521 -0.03876138 0.00025438
v 0.04353519 -0.02600958 0.00135598
v 0.01208559 0.01298862 0.03968038
v -0.01110801 -0.00291858 -0.03008642
v 0.03570159 -0.02793258 0.03765298
v 0.04791279 0.01891722 -0.01452602
v 0.04948719 -0.05252898 0.00247018
v 0.03454959 0.01977642 -0.02934122
v 0.04437999 -0.03602598 0.04201378
v -0.01104501 0.02806842 0.03178858
v -0.04249461 0.02792382 -0.00795662
v -0.03934581 -0.03160038 -0.00279722
v -0.05113461 0.04585722 0.03151018
v -0.00198261 0.00689442 0.04888498
v 0.01571979 -0.04885878 -0.00233222
v 0.02555019 -0.02621478 0.02693518
v 0.02555019 -0.02621478 0.02693518
v 0.04167819 -0.04570038 -0.00709802
v -0.04522101 0.03527082 0.03185218
v -0.00432501 -0.01174458 -0.02998082
v -0.04560501 -0.01268058 0.00850978
v -0.00470901 -0.04132398 -0.03026522
v 0.00631179 -0.02626398 0.03519058
v 0.04878219 -0.05505798 0.01209418
v 0.00907659 -0.01662438 -0.02952722
v 0.04329099 -0.01865238 0.01123918
v 0.01694859 -0.03891438 0.01890298
v 0.03622539 -0.03733878 0.04409038
v 0.02720139 0.04135062 0.00250138
v 0.00519819 0.00032262 0.04518178
v -0.00148341 -0.00620718 0.04855318
v 0.05081739 0.01000962 -0.01219202
v -0.03450741 0.02719062 0.01785838
v -0.00578421 0.02924502 0.03206098
v 0.01702539 0.04793442 -0.01459862
v -0.04744821 0.04735902 0.03290338
v -0.02306421 0.02003322 0.03202018
v -0.02306421 0.02405502 0.03073798
v 0.05442699 -0.04852038 0.02354458
v 0.04931979 -0.00810138 0.00397258
v 0.04106379 -0.04027218 -0.00411362
v 0.04106379 -0.04027218 -0.00411362
v 0.04421259 -0.03876078 -0.01017182
v -0.02302581 0.01078722 0.03726538
v 0.04736139 -0.05248218 0.02983858
v -0.03796341 0.04441362 0.03577198
v -0.01200501 0.04128282 0.01680958
v -0.00255861 -0.04933518 -0.02501342
v -0.01788021 0.04221222 -0.02944202
v -0.00724341 0.00170262 0.04921438
v 0.03799179 0.01828662 -0.03036002
v -0.00801141 0.00117162 0.04228258
v 0.02620299 -0.02972898 0.03507958
v -0.02137461 0.02168382 0.03219418
v 0.00773259 -0.04903038 0.00431398
v 0.03722379 0.03327462 0.00166258
v 0.04194699 -0.02558238 0.00663118
v -0.04652661 0.01003302 0.00818218
v -0.00720501 -0.00362058 0.04812178
v -0.04495221 -0.01924638 0.00413998
v 0.03922059 0.00579342 -0.02903342
v 0.05062539 -0.01137378 -0.01597082
v 0.05062539 -0.01137378 -0.01597082
v 0.00304779 0.01997022 0.03899578
v 0.00227979 -0.02749278 0.03478498
v 0.01525899 0.02269062 0.03295318
v 0.05772939 -0.05092398 0.01650778
v -0.04410741 0.02610222 -0.00164822
v 0.01644939 -0.02486298 0.03110038
v 0.05066379 0.00374322 0.00023218
v 0.02274699 -0.02488458 0.02988298
v -0.00516981 0.00701982 0.04607638
v -0.03661941 0.02471442 0.01649518
vt 0.51290300 0.43824500
vt 0.93663000 0.45277300
vt 0.28862500 0.38571600
vt 0.62103000 0.51789300
vt 0.72820500 0.30580500
vt 0.90937700 0.47483400
vt 0.36003200 0.15111200
vt 0.03312400 0.68113500
vt 0.59980300 0.45145200
vt 0.73711100 0.34291700
vt 0.72033000 0.22746200
vt 0.23212200 0.19008700
vt 0.60250300 0.35123400
vt 0.59560100 0.30694400
vt 0.72884100 0.16415000
vt 0.44030800 0.49121000
vt 0.31012500 0.09849200
vt 0.73360400 0.30670500
vt 0.83910100 0.52887200
vt 0.42915200 0.12566900
vt 0.47931100 0.60070500
vt 0.72925400 0.21962600
vt 0.40593600 0.23870100
vt 0.47751100 0.50840200
vt 0.02901600 0.69370500
vt 0.35902000 0.23672600
vt 0.71011100 0.26106600
vt 0.89049100 0.59356000
vt 0.46180600 0.63556000
vt 0.75405100 0.68216400
vt 0.25637700 0.08160100
vt 0.92175000 0.51670100
vt 0.94782500 0.51774600
vt 0.64589800 0.18064400
vt 0.48339800 0.11075800
vt 0.02672300 0.73282700
vt 0.21880400 0.05252500
vt 0.23675400 0.60577200
vt 0.45711700 0.21355900
vt 0.74190900 0.20563500
vt 0.40390600 0.19446000
vt 0.75316700 0.14083500
vt 0.48695100 0.15966300
vt 0.79947000 0.37409000
vt 0.50460100 0.35026500
vt 0.57280700 0.31723500
vt 0.79590100 0.43289200
vt 0.54431300 0.49167500
vt 0.29772700 0.59976600
vt 0.07639800 0.68869100
vt 0.44446500 0.32307800
vt 0.49226500 0.30354200
vt 0.63992500 0.20672100
vt 0.08359100 0.69069700
vt 0.84446700 0.40339200
vt 0.11161300 0.69272900
vt 0.12549100 0.62401800
vt 0.96492500 0.42488400
vt 0.35151800 0.06742200
vt 0.36394100 0.13124200
vt 0.37905800 0.33395400
vt 0.86851800 0.43658300
vt 0.54410900 0.58503300
vt 0.64658800 0.51825600
vt 0.91314700 0.41209400
vt 0.74143600 0.11989200
vt 0.74170000 0.23738400
vt 0.36588400 0.57751600
vt 0.41799900 0.43037200
vt 0.89798900 0.38659400
vt 0.49175600 0.03518700
vt 0.75611700 0.34404700
vt 0.26655600 0.22563300
vt 0.62653400 0.45676800
vt 0.66217200 0.21514100
vt 0.54363700 0.11387500
vt 0.19059600 0.16244600
vt 0.46011000 0.02491000
vt 0.74387000 0.51776500
vt 0.55470400 0.37189700
vt 0.66691300 0.40825900
vt 0.37814700 0.16186900
vt 0.83240100 0.71770800
vt 0.37242300 0.62040400
vt 0.32545000 0.09897300
vt 0.69659900 0.48076500
vt 0.46217700 0.40636500
vt 0.65935900 0.52166900
vt 0.61044600 0.49837200
vt 0.83481300 0.46392800
vt 0.30783200 0.36245700
vt 0.33025800 0.57594100
vt 0.55034500 0.09242600
vt 0.43865300 0.22129500
vt 0.67992000 0.16070200
vt 0.77850600 0.65219100
vt 0.46970500 0.10494200
vt 0.93859900 0.58517400
vt 0.74624200 0.14437600
vt 0.15626700 0.13997000
vt 0.91296700 0.73091000
vt 0.07841400 0.64142700
vt 0.32436500 0.41579000
vt 0.28246100 0.58865500
vt 0.09279700 0.61680200
vt 0.12593800 0.68976500
vt 0.44374100 0.51128800
vt 0.45785200 0.03347500
vt 0.76940000 0.64960700
vt 0.41941000 0.13433600
vt 0.38064300 0.38207000
vt 0.47428000 0.32783300
vt 0.35552100 0.45188300
vt 0.91221900 0.68055300
vt 0.36477800 0.56525400
vt 0.40330100 0.06852500
vt 0.77876000 0.58000800
vt 0.91672500 0.39858900
vt 0.27510400 0.56064900
vt 0.13796800 0.67625500
vt 0.21396800 0.05022800
vt 0.93801300 0.61632900
vt 0.02184900 0.73066500
vt 0.75442500 0.21496900
vt 0.74346900 0.19515000
vt 0.61410700 0.24439900
vt 0.30156000 0.24276000
vt 0.02336600 0.66993900
vt 0.26204900 0.61752400
vt 0.43487500 0.08798000
vt 0.44860700 0.34498400
vt 0.70516200 0.23335800
vt 0.45998400 0.12560100
vt 0.69323300 0.35156700
vt 0.68582500 0.18009900
vt 0.89806600 0.43252000
vt 0.46004700 0.60039600
vt 0.42427100 0.21001600
vt 0.65739500 0.20112400
vt 0.18446000 0.62056200
vt 0.93278100 0.43095100
vt 0.92797400 0.66463800
vt 0.19488600 0.08652000
vt 0.37798200 0.13714200
vt 0.17298200 0.59012900
vt 0.48158200 0.21991200
vt 0.93861700 0.50149400
vt 0.49868700 0.63639700
vt 0.72915200 0.65756600
vt 0.54755600 0.28115200
vt 0.68825300 0.24281100
vt 0.50429000 0.34597700
vt 0.77034900 0.18616700
vt 0.77602100 0.39263400
vt 0.83146100 0.41110100
vt 0.44128600 0.60439700
vt 0.49900500 0.33788400
vt 0.89306000 0.54037100
vt 0.46720000 0.11665100
vt 0.63436000 0.21785800
vt 0.38410700 0.33988400
vt 0.10909300 0.67708600
vt 0.19047100 0.59409600
vt 0.43827400 0.30590500
vt 0.47146100 0.51250800
vt 0.21106500 0.62625800
vt 0.35568000 0.58428500
vt 0.81090700 0.38473700
vt 0.14351900 0.62153800
vt 0.31760600 0.06825900
vt 0.59853400 0.25533900
vt 0.90621100 0.53323100
vt 0.92495100 0.57726600
vt 0.62363700 0.22945400
vt 0.73590500 0.21950900
vt 0.62727600 0.40172900
vt 0.95471600 0.44262300
vt 0.74884900 0.19903500
vt 0.51248100 0.45693900
vt 0.35650700 0.36317300
vt 0.10575700 0.63425100
vt 0.68822200 0.16994700
vt 0.38711900 0.14424300
vt 0.16757000 0.62758700
vt 0.91332200 0.49345000
vt 0.72365000 0.17262800
vt 0.69539500 0.33137600
vt 0.72668000 0.39780500
vt 0.36786700 0.33697600
vt 0.08674600 0.65446800
vt 0.66849700 0.56079600
vt 0.51360900 0.60118000
vt 0.41479900 0.31628100
vt 0.29327700 0.59265100
vt 0.92782100 0.56149700
vt 0.72765400 0.16761900
vt 0.72527500 0.32415000
vt 0.07116600 0.68934400
vt 0.82014600 0.40189800
vt 0.76114200 0.19169300
vt 0.75229100 0.38995800
vt 0.48608900 0.26357700
vt 0.95290200 0.57206400
vt 0.71024500 0.21124200
vt 0.74256800 0.27652000
vt 0.27078300 0.42716900
vt 0.36962700 0.04315200
vt 0.98847900 0.48947700
vt 0.44239100 0.50280500
vt 0.86217300 0.52618900
vt 0.53154700 0.09196000
vt 0.31231800 0.59406800
vt 0.19972300 0.57309100
vt 0.12186500 0.68548700
vt 0.41508400 0.47663700
vt 0.62862200 0.20972700
vt 0.57997300 0.15654300
vt 0.28326600 0.59735500
vt 0.50673200 0.28159700
vt 0.64121700 0.25141200
vt 0.07102600 0.71508300
vt 0.23712600 0.62319100
vt 0.64321400 0.20814600
vt 0.77579000 0.19341300
vt 0.26937900 0.60729900
vt 0.72815400 0.26760300
vt 0.40462100 0.05105800
vt 0.67452400 0.53494600
vt 0.73031900 0.20080700
vt 0.98146400 0.40754100
vt 0.44889600 0.03173700
vt 0.21583000 0.62767900
vt 0.38320800 0.31388000
vt 0.71608200 0.25956200
vt 0.32091600 0.06880300
vt 0.66264300 0.46892200
vt 0.90817400 0.57578100
vt 0.40054000 0.13153100
vt 0.65591200 0.22397400
vt 0.89455000 0.52197700
vt 0.75172700 0.52213500
vt 0.13402200 0.63466800
vt 0.59703700 0.43353700
vt 0.31090400 0.54495600
vt 0.88061600 0.59734300
vt 0.28442900 0.53553800
vt 0.81885400 0.46366200
vt 0.76143200 0.12807400
vt 0.43440800 0.35363300
vt 0.74492300 0.14776300
vt 0.84335400 0.52609400
vt 0.71242600 0.50408400
vt 0.69619400 0.22265200
vt 0.48522300 0.33215400
vt 0.65545100 0.19476700
vt 0.10339300 0.68221100
vt 0.35354300 0.08456800
vt 0.71400800 0.17412700
vt 0.66357500 0.17669600
vt 0.48714900 0.09715300
vt 0.10703900 0.64166000
vt 0.74479600 0.16335500
vt 0.59097700 0.12015700
vt 0.72078100 0.42775400
vt 0.41332300 0.33987600
vt 0.49321800 0.42917300
vt 0.68288700 0.40390800
vt 0.56731400 0.21551500
vt 0.83228200 0.44816300
vt 0.40366200 0.12690500
vt 0.31095600 0.57429400
vt 0.21300600 0.65397500
vt 0.17668000 0.58270100
vt 0.56704600 0.41464000
vt 0.53037800 0.33161500
vt 0.36094400 0.16190000
vt 0.52399800 0.56799800
vt 0.29140300 0.54941500
vt 0.15468400 0.66410200
vt 0.75056800 0.18883000
vt 0.97098600 0.40637500
vt 0.68971300 0.22945600
vt 0.93672200 0.39386500
vt 0.45941000 0.01517000
vt 0.81673900 0.67243200
vt 0.77645000 0.35676100
vt 0.94071600 0.45765600
vt 0.63941700 0.54198900
vt 0.86775700 0.51133000
vt 0.36060600 0.13588800
vt 0.88470700 0.61426500
vt 0.82021100 0.39290000
vt 0.44566300 0.21430200
vt 0.49268100 0.11142300
vt 0.16019200 0.64620600
vt 0.78713400 0.56631400
vt 0.85446600 0.64153700
vt 0.32714500 0.55875100
vt 0.34497000 0.12430400
vt 0.43517900 0.29106500
vt 0.69743900 0.46585200
vt 0.97430500 0.55117300
vt 0.29988500 0.04703000
vt 0.72259200 0.23598300
vt 0.30205000 0.58018100
vt 0.07815100 0.62547600
vt 0.10888400 0.69886800
vt 0.57194900 0.14464900
vt 0.55219500 0.28974500
vt 0.46339000 0.61710400
vt 0.70078400 0.30665100
vt 0.39863900 0.46411000
vt 0.12205800 0.63818900
vt 0.30848300 0.59179400
vt 0.45786000 0.00902000
vt 0.94426100 0.39914200
vt 0.53768200 0.26380300
vt 0.69820700 0.16620400
vt 0.11629100 0.62890000
vt 0.94200200 0.45480200
vt 0.35586400 0.26172900
vt 0.31941400 0.13245000
vt 0.16616200 0.67301300
vt 0.62587100 0.44764700
vt 0.74103500 0.32297500
vt 0.34527200 0.10675900
vt 0.23106100 0.63495200
vt 0.67310200 0.27195300
vt 0.50869900 0.50276800
vt 0.56253600 0.35540800
vt 0.49200000 0.41890900
vt 0.43440500 0.21281700
vt 0.71363000 0.22793200
vt 0.40888200 0.41494700
vt 0.43523800 0.34686200
vt 0.30156200 0.47766500
vt 0.93239800 0.56955600
vt 0.70684800 0.17590800
vt 0.28856600 0.06027100
vt 0.97989800 0.41402000
vt 0.95643000 0.43440700
vt 0.29492200 0.57991700
vt 0.65852800 0.32426000
vt 0.21003900 0.58373300
vt 0.92769900 0.42047800
vt 0.80662000 0.54188800
vt 0.16132500 0.65853600
vt 0.60626300 0.23280900
vt 0.49149200 0.11528100
vt 0.70522300 0.27020600
vt 0.35826500 0.17705000
vt 0.57126100 0.20969700
vt 0.42899700 0.13778300
vt 0.32975600 0.16807700
vt 0.26128000 0.06851400
vt 0.07659400 0.65348600
vt 0.50278200 0.13311300
vt 0.52530500 0.24825800
vt 0.52902000 0.16560000
vt 0.89734600 0.49575600
vt 0.35820400 0.35730700
vt 0.72362700 0.34524600
vt 0.72327200 0.19699000
vt 0.95203800 0.55661900
vt 0.90496300 0.52784400
vt 0.43705000 0.46462900
vt 0.42641100 0.25996700
vt 0.46507000 0.30091000
vt 0.28276900 0.16479500
vt 0.44720800 0.24407300
vt 0.84997900 0.41289300
vt 0.28994600 0.07688500
vt 0.75380600 0.46433800
vt 0.44342400 0.09963800
vt 0.73402300 0.17165200
vt 0.49921400 0.12479800
vt 0.97156300 0.41235900
vt 0.81893200 0.39095300
vt 0.08333600 0.64709500
vt 0.39798100 0.11080900
vt 0.92755800 0.44241500
vt 0.79340300 0.40111000
vt 0.28193700 0.53951800
vt 0.15456300 0.15539400
vt 0.25425900 0.60833700
vt 0.23489100 0.63862000
vt 0.19729300 0.56775400
vt 0.39042700 0.09580300
vt 0.83599400 0.42058700
vt 0.58320300 0.14018900
vt 0.63716300 0.20185400
vt 0.35999300 0.40662600
vt 0.17945400 0.64128400
vt 0.39765600 0.07909800
vt 0.30906300 0.59566800
vt 0.28511900 0.07078700
vt 0.47750900 0.14314500
vt 0.49261000 0.21534800
vt 0.07674200 0.70248300
vt 0.02907500 0.70842400
vt 0.65391100 0.34364700
vt 0.75421700 0.16548000
vt 0.56982100 0.11784500
vt 0.76909400 0.19725500
vt 0.27907000 0.11062400
vt 0.58308900 0.41403200
vt 0.14993800 0.65122500
vt 0.72955700 0.37020800
vt 0.09502700 0.65840300
vt 0.76046000 0.53368300
vt 0.31303000 0.50709700
vt 0.31990600 0.53998800
vt 0.60291300 0.24403000
vt 0.96683900 0.41386700
vt 0.74994800 0.58658600
vt 0.91264600 0.40578700
vt 0.95597600 0.52256300
vt 0.82467000 0.47807800
vt 0.53268300 0.59674700
vt 0.52796000 0.09070800
vt 0.50074000 0.62028900
vt 0.71222300 0.41210000
vt 0.28292700 0.54953900
vt 0.26854000 0.12272000
vt 0.64144100 0.16735300
vt 0.60916300 0.10873200
vt 0.89352500 0.60945700
vt 0.08704300 0.62840100
vt 0.52249400 0.35760500
vt 0.75352100 0.23457400
vt 0.75543000 0.12103500
vt 0.95772700 0.44291100
vt 0.66846300 0.59421400
vt 0.26279200 0.06456900
vt 0.74248200 0.16369000
vt 0.40162300 0.23149600
vt 0.80073400 0.39394900
vt 0.69225000 0.42579300
vt 0.68156900 0.46111900
vt 0.73283100 0.42821900
vt 0.09523800 0.63189500
vt 0.26050500 0.44841600
vt 0.22087500 0.20658000
vt 0.72520600 0.24724700
vt 0.67932300 0.28238500
vt 0.35725200 0.05211700
vt 0.89976500 0.47034100
vt 0.20411200 0.58024900
vt 0.87265300 0.48603500
vt 0.43810900 0.44605700
vt 0.72469900 0.24139900
vt 0.38929600 0.36867800
vt 0.38539800 0.12560100
vt 0.22378300 0.13205600
vt 0.87119400 0.50534800
vt 0.29615000 0.35468000
vt 0.77236400 0.14018400
vt 0.76401400 0.21234200
vt 0.24209100 0.04888200
vt 0.05057600 0.73176000
vt 0.83745800 0.51844300
vt 0.90702100 0.49824100
vt 0.64242700 0.32278300
vt 0.78053100 0.69810400
vt 0.43138700 0.63395200
vt 0.95855500 0.56889600
vt 0.27932000 0.04035000
vt 0.41952900 0.19279700
vt 0.45713900 0.16169500
vt 0.94298700 0.43742300
vt 0.50846200 0.54484700
vt 0.01673900 0.67067100
vt 0.25031000 0.05719400
vt 0.28802600 0.26068700
vt 0.28839900 0.35566200
vt 0.76074900 0.20074100
vt 0.92758400 0.41474200
vt 0.29173600 0.05241400
vt 0.28339800 0.20214400
vt 0.95133800 0.43670500
vt 0.51966200 0.13457300
vt 0.33421600 0.25629600
vt 0.29442000 0.37199100
vt 0.86816000 0.67150900
vt 0.93105900 0.41348100
vt 0.53783600 0.34579800
vt 0.37876200 0.08033000
vt 0.60169500 0.26994300
vt 0.56615500 0.32698200
vt 0.30388000 0.21218100
vt 0.46918700 0.45539800
vt 0.74347600 0.46970300
vt 0.24368600 0.59261100
vt 0.80242700 0.34434900
vt 0.57646800 0.07654700
vt 0.51626500 0.49682400
vt 0.39409500 0.31661800
vt 0.52344900 0.43533400
vt 0.82108400 0.49568100
vt 0.89089900 0.67229300
vt 0.64339100 0.18423600
vt 0.59604100 0.12025400
vt 0.31629500 0.53836900
vt 0.08321700 0.68416100
vt 0.49855400 0.18556600
vt 0.54825600 0.60646900
vt 0.83387300 0.49459300
vt 0.29454100 0.54456600
vt 0.35412200 0.09836300
vt 0.92407400 0.41349500
vt 0.46701300 0.03057700
vt 0.91612500 0.39449300
vt 0.91802300 0.54271400
vt 0.87443700 0.54231800
vt 0.51531200 0.16612500
vt 0.07375700 0.67203800
vt 0.33704100 0.26634500
vt 0.75488300 0.47451600
vt 0.45055400 0.15100800
vt 0.21148300 0.62341200
vt 0.39386000 0.54936100
vt 0.21474800 0.64473300
vt 0.89224400 0.56815000
vt 0.43914700 0.24206800
vt 0.21282400 0.63444200
vt 0.65758000 0.33136300
vt 0.70322900 0.54269200
vt 0.63430200 0.31565900
vt 0.13048100 0.63039600
vt 0.69772100 0.48851400
vt 0.74687800 0.40930800
vt 0.32706500 0.58280600
vt 0.32804300 0.09459400
vt 0.38147800 0.32288800
vt 0.93878300 0.43669100
vt 0.90830400 0.47113400
vt 0.05454000 0.72883500
vt 0.49247000 0.57539400
vt 0.94533300 0.55911900
vt 0.74079200 0.63347600
vt 0.72245900 0.21716900
vt 0.31580700 0.43394400
vt 0.28157800 0.43383400
vt 0.48724800 0.06187100
vt 0.20462500 0.60969000
vt 0.83770800 0.37741900
vt 0.19404900 0.13746300
vt 0.86291700 0.45763100
vt 0.24959200 0.61400700
vt 0.16441000 0.59641100
vt 0.32430000 0.07236800
vt 0.82867600 0.45071600
vt 0.98016900 0.50412300
vt 0.36591100 0.54280400
vt 0.55535900 0.16668700
vt 0.16540700 0.61139100
vt 0.12953300 0.66381800
vt 0.46269400 0.31696100
vt 0.45709100 0.13524900
vt 0.11594800 0.64821800
vt 0.31718100 0.07581600
vt 0.57492600 0.35400800
vt 0.34856900 0.40670900
vt 0.61509800 0.48659000
vt 0.43017600 0.09545500
vt 0.28585600 0.40494600
vt 0.29269400 0.59994400
vt 0.44690400 0.10724000
vt 0.46577300 0.28942000
vt 0.90962200 0.50711500
vt 0.77727400 0.34535300
vt 0.22050300 0.16101000
vt 0.45599300 0.48874900
vt 0.34745100 0.54639500
vt 0.38507200 0.10423900
vt 0.67299600 0.47023300
vt 0.72147700 0.61271900
vt 0.43755100 0.48293700
vt 0.29958300 0.19046300
vt 0.43320900 0.12207100
vt 0.81485700 0.55403900
vt 0.22023900 0.08878500
vt 0.60158600 0.46939300
vt 0.48501400 0.31914000
vt 0.70201900 0.49879100
vt 0.53670100 0.46481600
vt 0.95931400 0.43959500
vt 0.22535600 0.08580300
vt 0.59145100 0.44148100
vt 0.72048100 0.19310000
vt 0.31273600 0.04609200
vt 0.98047700 0.53897700
vt 0.38290400 0.06240400
vt 0.69444200 0.53178300
vt 0.15819200 0.67928900
vt 0.53895400 0.10254300
vt 0.75629900 0.16438800
vt 0.03956700 0.70357600
vt 0.91602200 0.55751300
vt 0.47684200 0.49202000
vt 0.79051900 0.67806500
vt 0.30604800 0.57103600
vt 0.90913600 0.44208600
vt 0.06273300 0.65529100
vt 0.62187300 0.26711900
vt 0.93226800 0.42195100
vt 0.80800300 0.45171900
vt 0.30006400 0.58559300
vt 0.27557900 0.56463100
vt 0.26195300 0.55883700
vt 0.86795300 0.68275100
vt 0.71141200 0.63685500
vt 0.57453200 0.07144400
vt 0.80651600 0.34856400
vt 0.63895900 0.52760500
vt 0.82410200 0.66439200
vt 0.50974400 0.12184000
vt 0.74200200 0.19834000
vt 0.37269300 0.26438300
vt 0.58367100 0.36040600
vt 0.26616300 0.08184800
vt 0.10027000 0.69044800
vt 0.73692500 0.33306200
vt 0.32944900 0.39868900
vt 0.53092400 0.11827100
vt 0.02472300 0.72016600
vt 0.05216100 0.71287100
vt 0.94283300 0.57109400
vt 0.34528800 0.15070700
vt 0.29475100 0.06724500
vt 0.05419300 0.67042500
vt 0.72567100 0.32043300
vt 0.40009900 0.26230600
vt 0.93069300 0.57193300
vt 0.75330700 0.53835200
vt 0.65559600 0.23031000
vt 0.04670300 0.69915400
vt 0.70978200 0.19973700
vt 0.95278900 0.58295000
vt 0.26648900 0.04300800
vt 0.15551400 0.15017700
vt 0.82322600 0.48109800
vt 0.33468500 0.08185100
vt 0.53008700 0.31057300
vt 0.86309500 0.46782800
vt 0.85861900 0.58380600
vt 0.59394000 0.11060600
vt 0.38209300 0.11569200
vt 0.80866000 0.37027500
vt 0.31914300 0.55509300
vt 0.91493000 0.41079600
vt 0.92720200 0.51068200
vt 0.74485000 0.57541900
vt 0.42515700 0.60247000
vt 0.50511600 0.31468300
vt 0.71699300 0.62201800
vt 0.18564200 0.64591400
vt 0.13917500 0.64343200
vt 0.45827400 0.27092900
vt 0.33864800 0.42394800
vt 0.18961900 0.11351800
vt 0.96813800 0.42002400
vt 0.45947900 0.13745400
vt 0.36166500 0.12272500
vt 0.64670000 0.35002300
vt 0.31389500 0.46173700
vt 0.30508900 0.52121300
vt 0.13850400 0.63758700
vt 0.32558200 0.54611700
vt 0.73384700 0.61999200
vt 0.31620600 0.59292700
vt 0.25522000 0.09232700
vt 0.34415700 0.52387100
vt 0.33961500 0.19376400
vt 0.21141400 0.60587200
vt 0.24463800 0.57054500
vt 0.58271300 0.13122300
vt 0.31547400 0.54765500
vt 0.28998800 0.55819600
vt 0.49552200 0.22443100
vt 0.78069800 0.42876700
vt 0.25521500 0.59090300
vt 0.60396000 0.26233300
vt 0.11697300 0.63219500
vt 0.71008800 0.23436500
vt 0.90893600 0.47807300
vt 0.93832800 0.42247300
vt 0.75834000 0.21560100
vt 0.52770600 0.04261400
vt 0.86392300 0.37174100
vt 0.29622300 0.11641300
vt 0.45044200 0.41941100
vt 0.92493500 0.46048600
vt 0.67928400 0.60123600
vt 0.90764400 0.69284200
vt 0.78861000 0.62011000
vt 0.70409600 0.18075900
vt 0.34018400 0.35542100
vt 0.28651300 0.54311500
vt 0.59279800 0.38311900
vt 0.81603900 0.46206300
vt 0.84689600 0.47278500
vt 0.59406500 0.52636100
vt 0.93916400 0.60745400
vt 0.97992100 0.42131400
vt 0.05788200 0.72524400
vt 0.24589100 0.07208200
vt 0.20297800 0.15124500
vt 0.11886300 0.67200300
vt 0.63370100 0.51795200
vt 0.49578900 0.43882000
vt 0.17532200 0.63101000
vt 0.53658500 0.07492000
vt 0.08362900 0.68035000
vt 0.62454500 0.21860800
vt 0.94480400 0.52456900
vt 0.74545800 0.18338200
vt 0.90822200 0.47572000
vt 0.23377000 0.57579100
vt 0.05892600 0.64322300
vt 0.09035500 0.71504000
vt 0.30829700 0.08373600
vt 0.36767400 0.10008500
vt 0.61455000 0.10464300
vt 0.75103300 0.32612100
vt 0.63939500 0.16094100
vt 0.22807100 0.11926200
vt 0.18485400 0.61182200
vt 0.92065200 0.65375000
vt 0.07680200 0.66159000
vt 0.58417200 0.34335000
vt 0.30760200 0.04610100
vt 0.97780700 0.54360800
vt 0.77779600 0.60251200
vt 0.64002900 0.20035200
vt 0.73875200 0.37369300
vt 0.90925900 0.56117100
vt 0.21349000 0.59508200
vt 0.40032600 0.27776900
vt 0.87329100 0.41007100
vt 0.75880300 0.13777100
vt 0.70990700 0.22498600
vt 0.57550400 0.39873600
vt 0.09939800 0.62048600
vt 0.32141700 0.51503500
vt 0.17805000 0.59569100
vt 0.80313400 0.42720800
vt 0.05287200 0.71858800
vt 0.37361200 0.57985800
vt 0.35029500 0.09164700
vt 0.51091700 0.41399200
vt 0.18138300 0.17801300
vt 0.27082100 0.50450100
vt 0.26106700 0.05642700
vt 0.49074200 0.13970700
vt 0.26880000 0.60151700
vt 0.95171000 0.53854700
vt 0.61271100 0.44515000
vt 0.89611900 0.53269300
vt 0.42456100 0.56812900
vt 0.68707200 0.58548600
vt 0.90612300 0.57057100
vt 0.45137800 0.31974300
vt 0.60384600 0.42637000
vt 0.82808000 0.58653300
vt 0.64004500 0.43653100
vt 0.94352600 0.44313900
vt 0.79551700 0.47703400
vt 0.42739800 0.10227900
vt 0.31217900 0.24936800
vt 0.34398000 0.56728600
vt 0.31015800 0.19671900
vt 0.39113800 0.27490100
vt 0.13181300 0.64682700
vt 0.28891800 0.52631800
vt 0.43682200 0.33449200
vt 0.54768400 0.61560400
vt 0.68788700 0.62332000
vt 0.40969700 0.18590300
vt 0.31116500 0.05845700
vt 0.74739600 0.42493100
vt 0.82927200 0.42033000
vt 0.31881700 0.34132000
vt 0.97708300 0.41722400
vt 0.28698900 0.57651000
vt 0.07339700 0.65223400
vt 0.75995300 0.12541100
vt 0.65842500 0.16977700
vt 0.74215700 0.16936200
vt 0.44451300 0.03713500
vt 0.98650700 0.41853000
vt 0.36142100 0.09430600
vt 0.80318200 0.43736700
vt 0.55217600 0.25916400
vt 0.31243600 0.51610400
vt 0.53906400 0.33666300
vt 0.21184300 0.06450200
vt 0.87262800 0.38907600
vt 0.57131400 0.26208600
vt 0.47719800 0.51655700
vt 0.02661400 0.67245600
vt 0.90331900 0.48822000
vt 0.45175400 0.13348100
vt 0.44336600 0.09271400
vt 0.75733700 0.57713700
vt 0.83159400 0.36929200
vt 0.85227700 0.49416500
vt 0.73079300 0.22280200
vt 0.21313600 0.58963900
vt 0.57173900 0.24617200
vt 0.54607800 0.21678300
vt 0.93749000 0.48209200
vt 0.52986400 0.27038400
vt 0.35724600 0.53437900
vt 0.60990900 0.45049400
vt 0.91487600 0.63003200
vt 0.66688800 0.30015000
vt 0.90818100 0.38744300
vt 0.47961300 0.03655900
vt 0.75443200 0.66416000
vt 0.06379900 0.68190900
vt 0.35642500 0.51097700
vt 0.75209500 0.60413400
vt 0.74123800 0.25338700
vt 0.71589600 0.13777500
vt 0.48212700 0.24222900
vt 0.44005000 0.13649700
vt 0.21960500 0.06883400
vt 0.84914800 0.37832100
vt 0.89865000 0.73117000
vt 0.31105800 0.59958600
vt 0.76038700 0.16172700
vt 0.62745600 0.55362400
vt 0.91954100 0.55298000
vt 0.75353700 0.16121400
vt 0.25356400 0.62625600
vt 0.82604800 0.49896800
vt 0.60987900 0.24164900
vt 0.12912800 0.61878000
vt 0.61134100 0.39119100
vt 0.96515700 0.45154800
vt 0.03974900 0.71112800
vt 0.06481800 0.71985600
vt 0.61312100 0.31063100
vt 0.02136800 0.71687000
vt 0.94469700 0.60240000
vt 0.39310500 0.30370800
vt 0.80587800 0.39562600
vt 0.89829100 0.51550500
vt 0.70333300 0.24184700
vt 0.89753500 0.54049200
vt 0.61466600 0.43338600
vt 0.75150500 0.42852100
vt 0.53823800 0.09134900
vt 0.74582500 0.52974800
vt 0.15910200 0.60448900
vt 0.47446300 0.14706500
vt 0.96539800 0.40928900
vt 0.66408900 0.21027100
vt 0.37050200 0.13390500
vt 0.93373000 0.40230300
vt 0.48598900 0.07311200
vt 0.44116800 0.12287100
vt 0.88808500 0.52044100
vt 0.79698500 0.38789100
vt 0.43423100 0.12671300
vt 0.41562000 0.33598400
vt 0.91344000 0.42028200
vt 0.57582900 0.34569900
vt 0.50156200 0.43535200
vt 0.48208400 0.10150200
vt 0.60975400 0.56444600
vt 0.63751900 0.56807900
vt 0.51804900 0.06214700
vt 0.27719600 0.57223600
vt 0.57247000 0.40281800
vt 0.27169100 0.21171600
vt 0.29871900 0.07814800
vt 0.29800500 0.55401000
vt 0.34679800 0.13093600
vt 0.33879600 0.08007700
vt 0.37735500 0.37865500
vt 0.30830600 0.43156100
vt 0.62832800 0.28039600
vt 0.81609800 0.47659900
vt 0.04539600 0.71917000
vt 0.49201500 0.12880700
vt 0.58556400 0.37165400
vt 0.55876600 0.27101200
vt 0.68295500 0.31631800
vt 0.33292800 0.55480200
vt 0.92719300 0.44605800
vt 0.22004800 0.58643400
vt 0.75036900 0.13393500
vt 0.31862100 0.57066800
vt 0.31402800 0.10877000
vt 0.75375100 0.40401000
vt 0.29749900 0.56807200
vt 0.44612900 0.62843500
vt 0.16214800 0.15674000
vt 0.27642500 0.53428400
vt 0.24963200 0.20893000
vt 0.37503500 0.12599900
vt 0.36081200 0.59631600
vt 0.20170400 0.64692400
vt 0.82583100 0.47365000
vt 0.36349700 0.50531800
vt 0.44950900 0.48814900
vt 0.84739000 0.51265200
vt 0.25595700 0.07059300
vt 0.64693800 0.20901900
vt 0.74102500 0.64680700
vt 0.36292500 0.58679400
vt 0.34969200 0.09691600
vt 0.28798300 0.56258600
vt 0.28177800 0.05281300
vt 0.22808100 0.10654200
vt 0.08057800 0.67571100
vt 0.54838800 0.09039700
vt 0.95708500 0.45295500
vt 0.76200500 0.54439600
vt 0.80407000 0.61689500
vt 0.32520500 0.08246600
vt 0.74415400 0.20902500
vt 0.68576000 0.21016200
vt 0.90517500 0.73354300
vt 0.26961300 0.52886700
vt 0.11880100 0.66881300
vt 0.66237800 0.42554800
vt 0.27493400 0.59455200
vt 0.43873700 0.07820400
vt 0.51872100 0.44090500
vt 0.40887600 0.58047000
vt 0.45090200 0.45884300
vt 0.70470300 0.32911800
vt 0.40167100 0.36868400
vt 0.95221700 0.53148000
vt 0.37751200 0.08868900
vt 0.46780800 0.50596400
vt 0.55831700 0.06539900
vt 0.67688500 0.38960800
vt 0.51800700 0.44695600
vt 0.43961300 0.11417100
vt 0.58120700 0.14795600
vt 0.63349700 0.20585000
vt 0.32945100 0.20387000
vt 0.67081300 0.16726800
vt 0.66040400 0.34010500
vt 0.23873300 0.62059200
vt 0.67578300 0.27660000
vt 0.39626600 0.20398500
vt 0.42466600 0.08136900
vt 0.32328300 0.56842800
vt 0.57104900 0.20874500
vt 0.57107800 0.20877500
vt 0.58982300 0.40394500
vt 0.63382300 0.20901800
vt 0.48985100 0.40672600
vt 0.56415800 0.19799600
vt 0.78941000 0.59780900
vt 0.74158500 0.27163700
vt 0.39194400 0.06669400
vt 0.07083500 0.68460100
vt 0.64629100 0.31294300
vt 0.96949200 0.41163200
vt 0.71640600 0.33784400
vt 0.92112000 0.56176500
vt 0.32114300 0.52547300
vt 0.61347600 0.45994700
vt 0.29127200 0.53795200
vt 0.37826200 0.12876400
vt 0.24279000 0.57887800
vt 0.39200700 0.34592000
vt 0.40482700 0.14040000
vt 0.07169100 0.66539500
vt 0.26298700 0.62156400
vt 0.41644600 0.15123700
vt 0.76638000 0.58565300
vt 0.36776800 0.12528700
vt 0.42178400 0.07356000
vt 0.15919200 0.68506800
vt 0.12385400 0.61222900
vt 0.51484800 0.32123400
vt 0.43750600 0.10531600
vt 0.26726700 0.48369900
vt 0.19438800 0.19037700
vt 0.94768100 0.58758800
vt 0.26080500 0.04132900
vt 0.33504800 0.55970700
vt 0.68812200 0.54242900
vt 0.86054900 0.54460600
vt 0.40995400 0.13605300
vt 0.83499800 0.45431000
vt 0.18223600 0.13821800
vt 0.91183400 0.56679600
vt 0.11497100 0.63730600
vt 0.48096900 0.58800800
vt 0.83018200 0.50576900
vt 0.73682900 0.33887500
vt 0.05113500 0.68920600
vt 0.38572500 0.11316200
vt 0.72911000 0.47928300
vt 0.59675500 0.38018500
vt 0.16892600 0.64601600
vt 0.62905600 0.43340600
vt 0.94627500 0.45629400
vt 0.05096200 0.70800400
vt 0.49067200 0.11989700
vt 0.73341400 0.15974700
vt 0.51409300 0.31162900
vt 0.49837400 0.07588500
vt 0.35353600 0.55778400
vt 0.95917500 0.39847800
vt 0.45201500 0.01477400
vt 0.92534200 0.52468300
vt 0.92933300 0.43570200
vt 0.82760700 0.36926400
vt 0.52853500 0.08099500
vt 0.52329700 0.49145800
vt 0.54000800 0.24866000
vt 0.81696300 0.48842700
vt 0.37972400 0.07237500
vt 0.60167100 0.10985500
vt 0.79794300 0.39761100
vt 0.72527200 0.34197100
vt 0.13302800 0.67471800
vt 0.88790900 0.55515700
vt 0.56305600 0.31191800
vt 0.43618400 0.41002800
vt 0.89117800 0.47253700
vt 0.34173700 0.16915400
vt 0.39372200 0.33170000
vt 0.44509100 0.57029900
vt 0.70075100 0.15529700
vt 0.38947000 0.03721100
vt 0.98081700 0.47373200
vt 0.86757900 0.54018500
vt 0.75785900 0.19689100
vt 0.72965500 0.17271100
vt 0.68570300 0.29000500
vt 0.07557500 0.65870300
vt 0.61321900 0.42013600
vt 0.81404900 0.41088300
vt 0.04399100 0.68354900
vt 0.76932200 0.63476800
vt 0.25746400 0.06671400
vt 0.01138300 0.68819500
vt 0.84423000 0.36945400
vt 0.45903800 0.51324100
vt 0.38973300 0.28785300
vt 0.66531300 0.22986000
vt 0.28980600 0.05753600
vt 0.36706100 0.09128500
vt 0.83287100 0.49950300
vt 0.21309700 0.07082600
vt 0.56814400 0.53727100
vt 0.91941100 0.39884800
vt 0.31904900 0.36119800
vt 0.35752400 0.38433200
vt 0.64366300 0.57867400
vt 0.59727300 0.57316000
vt 0.64356300 0.29617900
vt 0.82046600 0.44627900
vt 0.77681700 0.58976800
vt 0.95691900 0.55918400
vt 0.82611400 0.53643800
vt 0.45062800 0.05107900
vt 0.97171600 0.42971500
vt 0.18866200 0.12300200
vt 0.10553900 0.69196000
vt 0.04281400 0.69168800
vt 0.84484900 0.58938200
vt 0.94500000 0.44621000
vt 0.76917600 0.16529600
vt 0.39293100 0.15977700
vt 0.37409600 0.11885900
vt 0.73758500 0.26982200
vt 0.53443900 0.61335200
vt 0.44820000 0.30851900
vt 0.35686500 0.06317700
vt 0.29029500 0.53460800
vt 0.79470700 0.58309900
vt 0.72273300 0.26581100
vt 0.67491000 0.35129000
vt 0.22131000 0.19383400
vt 0.84204000 0.49822400
vt 0.50465600 0.11442300
vt 0.40449800 0.34939100
vt 0.73957800 0.18474800
vt 0.64434200 0.47581500
vt 0.41543600 0.12400600
vt 0.66743500 0.21751500
vt 0.50728000 0.42530300
vt 0.87730100 0.39812200
vt 0.93590400 0.55440900
vt 0.31270400 0.22317900
vt 0.69540100 0.34681400
vt 0.76319400 0.37513100
vt 0.83660700 0.47069900
vt 0.32075900 0.58327200
vt 0.23958400 0.08544400
vt 0.02283200 0.69075200
vt 0.53267100 0.10172100
vt 0.90803300 0.56392100
vt 0.93932700 0.45194700
vt 0.75572300 0.13355200
vt 0.69609400 0.21126900
vt 0.52186500 0.11842300
vt 0.31292300 0.54115400
vt 0.35048400 0.08842800
vt 0.30854700 0.34241900
vt 0.50325300 0.03532100
vt 0.88767300 0.38365400
vt 0.45384200 0.14238300
vt 0.33172900 0.56008000
vt 0.41835600 0.61688100
vt 0.87122500 0.49907400
vt 0.41302600 0.33142300
vt 0.46173100 0.42604500
vt 0.76875700 0.47813300
vt 0.86166200 0.49445500
vt 0.21247800 0.05290000
vt 0.93637200 0.61939800
vt 0.17070800 0.64889000
vt 0.03857100 0.65976500
vt 0.79829900 0.62687400
vt 0.47705600 0.09532700
vt 0.93751000 0.39960300
vt 0.67668800 0.19629900
vt 0.89504100 0.55831900
vt 0.96373800 0.41268500
vt 0.61211700 0.55021800
vt 0.79312000 0.50407400
vt 0.54254700 0.30374400
vt 0.49679800 0.24698400
vt 0.51531400 0.51010400
vt 0.17354100 0.13002200
vt 0.31721100 0.14472800
vt 0.63026700 0.21385000
vt 0.87267200 0.42145900
vt 0.87832500 0.43248300
vt 0.69563700 0.58389800
vt 0.64688000 0.45665500
vt 0.30287200 0.46629900
vt 0.57159900 0.30627400
vt 0.06716500 0.69479800
vt 0.07019600 0.64264800
vt 0.90030200 0.57122700
vt 0.92884600 0.45083300
vt 0.83974500 0.50657600
vt 0.29272700 0.57414300
vt 0.91804400 0.40546500
vt 0.57596900 0.13047700
vt 0.94301700 0.54082900
vt 0.74740400 0.27514200
vt 0.68947200 0.15317200
vt 0.73909600 0.23261000
vt 0.81036300 0.42303200
vt 0.52989500 0.12978000
vt 0.64758100 0.16681800
vt 0.61437700 0.53261600
vt 0.11157800 0.68408800
vt 0.39876500 0.59813600
vt 0.66943300 0.45452400
vt 0.75822000 0.50054700
vt 0.35225800 0.21299800
vt 0.03874400 0.70766300
vt 0.68496100 0.30006400
vt 0.50885600 0.47497100
vt 0.22150900 0.08262200
vt 0.33877400 0.56268400
vt 0.20437000 0.59953500
vt 0.74409200 0.65999500
vt 0.84819900 0.49909400
vt 0.67105100 0.33210900
vt 0.81295700 0.44890500
vt 0.42460000 0.45317600
vt 0.73913800 0.38440200
vt 0.39088600 0.58963300
vt 0.17879600 0.64514100
vt 0.52588700 0.15052000
vt 0.01728200 0.70052900
vt 0.08658700 0.67443000
vt 0.84493600 0.43519400
vt 0.91543800 0.64190300
vt 0.55379000 0.14983400
vt 0.09479100 0.62313200
vt 0.91754700 0.61336500
vt 0.71596400 0.14880400
vt 0.69635800 0.56921700
vt 0.82396600 0.43150600
vt 0.85712900 0.47475900
vt 0.45093700 0.11987900
vt 0.44435400 0.28578300
vt 0.65623600 0.17612000
vt 0.35063800 0.45142800
vt 0.32146400 0.25632600
vt 0.39996800 0.54722300
vt 0.90341500 0.53659000
vt 0.12708600 0.68578900
vt 0.26871100 0.18300800
vt 0.76657800 0.15824500
vt 0.92748400 0.42921100
vt 0.63636900 0.41933400
vt 0.03062300 0.67677200
vt 0.61510300 0.36027000
vt 0.45924900 0.10252100
vt 0.20722200 0.16116900
vt 0.93231800 0.61801000
vt 0.64267900 0.20232300
vt 0.73893400 0.17516600
vt 0.73490500 0.28515600
vt 0.86826500 0.57700600
vt 0.71828000 0.18385200
vt 0.92343100 0.58573600
vt 0.60448500 0.41265700
vt 0.62530600 0.32767000
vt 0.72331400 0.45085000
vt 0.72491000 0.17665300
vt 0.48126000 0.32577200
vt 0.31683400 0.08816500
vt 0.31444300 0.37621200
vt 0.17604400 0.66056700
vt 0.79750700 0.54137100
vt 0.76372400 0.55474600
vt 0.62477800 0.42497800
vt 0.33507700 0.56638200
vt 0.32644100 0.56375400
vt 0.86054600 0.44993200
vt 0.89437300 0.50678800
vt 0.49152900 0.32363300
vt 0.12567400 0.66932300
vt 0.47371800 0.29442300
vt 0.86201600 0.48861100
vt 0.21374600 0.59942300
vt 0.51247800 0.12298900
vt 0.44339500 0.41287300
vt 0.10518600 0.64586800
vt 0.77048600 0.68621100
vt 0.44561000 0.64061600
vt 0.40042500 0.17175500
vt 0.55152600 0.06380900
vt 0.74862100 0.19494200
vt 0.90123900 0.73365400
vt 0.26778200 0.52497600
vt 0.29630300 0.14206300
vt 0.72542800 0.20887800
vt 0.31275800 0.26887800
vt 0.06656900 0.64054700
vt 0.09683600 0.71333700
vt 0.43024000 0.59718400
vt 0.60465400 0.47041900
vt 0.33815900 0.11076400
vt 0.52931200 0.49124300
vt 0.75219300 0.19735800
vt 0.08883600 0.63771500
vt 0.96630800 0.45322400
vt 0.19882900 0.60384500
vt 0.57464500 0.18217800
vt 0.60639600 0.21231700
vt 0.97204000 0.42479100
vt 0.50083800 0.51397800
vt 0.40349700 0.59258900
vt 0.36028600 0.09967600
vt 0.33488800 0.43616200
vt 0.46304400 0.57755300
vt 0.51049000 0.30172500
vt 0.14629100 0.64656800
vt 0.76406200 0.41593100
vt 0.48815200 0.31476300
vt 0.60345000 0.09508000
vt 0.76683400 0.33382800
vt 0.31249700 0.59641600
vt 0.12549700 0.66553700
vt 0.34705100 0.37288600
vt 0.13385000 0.63976000
vt 0.74001000 0.19543300
vt 0.94397500 0.45161500
vt 0.75071600 0.17074100
vt 0.71804200 0.37731100
vt 0.30533300 0.07820500
vt 0.49016500 0.19393400
vt 0.76140900 0.22417100
vt 0.76660100 0.12977700
vt 0.68585900 0.33427200
vt 0.66789200 0.34742100
vt 0.96828900 0.44673900
vt 0.02909400 0.71220300
vt 0.76209200 0.64094900
vt 0.68325800 0.52207200
vt 0.05186100 0.67447000
vt 0.49644300 0.58026000
vt 0.51805800 0.10609800
vt 0.73334900 0.18381000
vt 0.75494300 0.62861300
vt 0.44485200 0.04355800
vt 0.95032900 0.56699300
vt 0.11964300 0.63487900
vt 0.12481600 0.62819700
vt 0.85108700 0.52336200
vt 0.56625900 0.06769300
vt 0.81732900 0.34985800
vt 0.41656300 0.12493400
vt 0.37892600 0.10332800
vt 0.23179100 0.08741400
vt 0.31307300 0.23588200
vt 0.91355700 0.57347500
vt 0.31658300 0.05380100
vt 0.45114600 0.30209200
vt 0.46528700 0.12978200
vt 0.23285400 0.07696000
vt 0.83436600 0.67342200
vt 0.74906400 0.33416300
vt 0.74299200 0.54088500
vt 0.04698400 0.67315600
vt 0.82612700 0.61057000
vt 0.55194300 0.06887700
vt 0.76907700 0.18431800
vt 0.59983100 0.50947200
vt 0.83243900 0.47869900
vt 0.73960000 0.14240200
vt 0.66417500 0.54773900
vt 0.75530100 0.22385000
vt 0.27318500 0.54694100
vt 0.77020800 0.53031000
vt 0.15954700 0.65470900
vt 0.45548500 0.60388900
vt 0.27536300 0.12796900
vt 0.20215200 0.10428200
vt 0.30108200 0.43501700
vt 0.78465900 0.44380100
vt 0.66240800 0.20530500
vt 0.69876600 0.21563400
vt 0.74331500 0.17054500
vt 0.52106700 0.12853200
vt 0.39154600 0.25185800
vt 0.28573500 0.53707000
vt 0.29575900 0.53670300
vt 0.31693100 0.54251400
vt 0.21965800 0.05975800
vt 0.84363800 0.62899600
vt 0.73147900 0.18711000
vt 0.77360200 0.61646000
vt 0.91777200 0.41126900
vt 0.45282800 0.61037100
vt 0.54788100 0.10533000
vt 0.81034800 0.36273000
vt 0.75086200 0.56450700
vt 0.74056400 0.16817600
vt 0.59193200 0.32084200
vt 0.19655300 0.63032800
vt 0.33013500 0.32661300
vt 0.87336500 0.69599300
vt 0.33316400 0.55998100
vt 0.72981500 0.15704100
vt 0.53978600 0.11372100
vt 0.43158400 0.32800000
vt 0.91480700 0.46839200
vt 0.28888900 0.61055700
vt 0.44494200 0.14448000
vt 0.59197600 0.21763200
vt 0.57914900 0.19719800
vt 0.55022500 0.33066100
vt 0.60557000 0.29668400
vt 0.35103600 0.35063300
vt 0.56550600 0.07357200
vt 0.33570600 0.24614300
vt 0.62090600 0.21580500
vt 0.58118600 0.16853800
vt 0.80925500 0.41032400
vt 0.73241000 0.56863300
vt 0.40807800 0.16191800
vt 0.32671400 0.46488900
vt 0.58246800 0.38298400
vt 0.90036400 0.40524200
vt 0.51572200 0.26081200
vt 0.05734200 0.68448300
vt 0.61053000 0.48023000
vt 0.80534100 0.46763100
vt 0.34523700 0.08378800
vt 0.79275000 0.64711200
vt 0.66767900 0.38509400
vt 0.83115000 0.46456600
vt 0.24650100 0.17383900
vt 0.43051200 0.11088300
vt 0.44149100 0.46322300
vt 0.23080600 0.09180400
vt 0.34513900 0.08735100
vt 0.72387300 0.58838000
vt 0.87950700 0.56053200
vt 0.70546100 0.15256700
vt 0.93844100 0.54584200
vt 0.41502900 0.25671100
vt 0.91124800 0.41597900
vt 0.84400400 0.48325000
vt 0.32354200 0.37941300
vt 0.87303100 0.51551400
vt 0.23928700 0.07580500
vt 0.37521900 0.34844600
vt 0.21561300 0.59068900
vt 0.32014300 0.59995500
vt 0.88740200 0.72821900
vt 0.91781700 0.54331200
vt 0.97279600 0.44405900
vt 0.34758900 0.42699800
vt 0.64211200 0.17317700
vt 0.60407900 0.11188000
vt 0.50938000 0.05817900
vt 0.66063300 0.49365000
vt 0.74497700 0.20093000
vt 0.63497700 0.43124600
vt 0.67225900 0.25613100
vt 0.81665500 0.53930400
vt 0.50794400 0.44669700
vt 0.79677100 0.51574000
vt 0.92137400 0.56961600
vt 0.52149300 0.05019100
vt 0.54429500 0.08404600
vt 0.64860000 0.48312400
vt 0.09025200 0.66040400
vt 0.80733500 0.37888300
vt 0.95752400 0.45455300
vt 0.69855700 0.23043900
vt 0.25723600 0.19386300
vt 0.93323700 0.43742700
vt 0.29185700 0.04369500
vt 0.96764900 0.55770300
vt 0.44684100 0.12605600
vt 0.23452800 0.16241300
vt 0.35549100 0.12789200
vt 0.41941500 0.44406100
vt 0.21466100 0.10976100
vt 0.83424200 0.44787700
vt 0.43312200 0.18818200
vt 0.61985600 0.31977700
vt 0.94695500 0.43959100
vt 0.25966300 0.06316900
vt 0.01281200 0.69475100
vt 0.56362400 0.60040300
vt 0.66897100 0.60978600
vt 0.20312500 0.64094100
vt 0.63540400 0.41102800
vt 0.80326300 0.56912200
vt 0.22031600 0.61318300
vt 0.33322900 0.42434300
vt 0.90057100 0.56194600
vt 0.33075300 0.11649400
vt 0.96019800 0.42688200
vt 0.59625500 0.27462800
vt 0.03729600 0.65284900
vt 0.06907000 0.72381600
vt 0.22607100 0.57563600
vt 0.50345400 0.12682800
vt 0.70997100 0.47599600
vt 0.82242800 0.57993600
vt 0.47832500 0.32258200
vt 0.72679900 0.25637700
vt 0.58931300 0.45767600
vt 0.76044800 0.48543100
vt 0.63395300 0.21357800
vt 0.39808400 0.57078700
vt 0.48475800 0.12811500
vt 0.25977000 0.06776400
vt 0.07553300 0.71285800
vt 0.87897900 0.58678900
vt 0.20212400 0.58988300
vt 0.73869000 0.67051300
vt 0.48288800 0.63458500
vt 0.21251400 0.61413900
vt 0.73818100 0.28929600
vt 0.93586700 0.43333900
vt 0.34585600 0.47331200
vt 0.33381200 0.40896300
vt 0.91569800 0.42855500
vt 0.53312600 0.09482400
vt 0.56811600 0.36935700
vt 0.97493200 0.43483100
vt 0.81769500 0.43791500
vt 0.80885100 0.64783400
vt 0.33790100 0.34501000
vt 0.94119100 0.57359500
vt 0.70609300 0.59709200
vt 0.45039700 0.43086300
vt 0.89076100 0.39978600
vt 0.31750400 0.09264800
vt 0.46643000 0.05017600
vt 0.74765600 0.12975100
vt 0.23968600 0.63347300
vt 0.86852900 0.55934100
vt 0.33456800 0.37851900
vt 0.70725600 0.21798700
vt 0.15492400 0.14503400
vt 0.47260500 0.31831800
vt 0.49259300 0.27957500
vt 0.72893200 0.13122000
vt 0.38742600 0.05154100
vt 0.62771400 0.30221700
vt 0.06139200 0.64753500
vt 0.84058600 0.69509100
vt 0.73777500 0.16550200
vt 0.44569500 0.17338000
vt 0.97562900 0.40680300
vt 0.80961300 0.69215600
vt 0.18036500 0.61161400
vt 0.69378400 0.16005600
vt 0.04842400 0.66010500
vt 0.63415600 0.32410900
vt 0.87401600 0.64271300
vt 0.33867400 0.07103100
vt 0.60842500 0.48809200
vt 0.31262700 0.53225000
vt 0.93415100 0.44634000
vt 0.55700000 0.31991700
vt 0.64125500 0.33071700
vt 0.50333500 0.30609500
vt 0.44521400 0.48178000
vt 0.52628800 0.58955700
vt 0.35302400 0.53991700
vt 0.73754700 0.26222200
vt 0.42699900 0.49074000
vt 0.77640900 0.46879400
vt 0.72370000 0.12876000
vt 0.73546000 0.24745100
vt 0.97248700 0.43244400
vt 0.47265900 0.13099300
vt 0.92311500 0.40883800
vt 0.37381800 0.32950500
vt 0.74380800 0.18354700
vt 0.09753400 0.67884300
vt 0.26296000 0.53548600
vt 0.30468200 0.61015300
vt 0.25018600 0.56343600
vt 0.27537100 0.09538300
vt 0.88081400 0.52448900
vt 0.74909600 0.55274300
vt 0.48534300 0.49681100
vt 0.39962000 0.14773100
vt 0.36051300 0.43474500
vt 0.71341700 0.34381900
vt 0.02375800 0.71385600
vt 0.46138300 0.58084600
vt 0.51724800 0.29603700
vt 0.31628400 0.55887900
vt 0.44038900 0.33915400
vt 0.52021400 0.48169900
vt 0.92208000 0.68048400
vt 0.18329600 0.09702200
vt 0.70413100 0.18515600
vt 0.27943800 0.06218100
vt 0.10553800 0.67050100
vt 0.37194100 0.17653100
vt 0.90381500 0.61205900
vt 0.61284500 0.25566900
vt 0.45114900 0.12311000
vt 0.24028400 0.57482800
vt 0.47206000 0.40710700
vt 0.50527900 0.58571100
vt 0.62079200 0.23465900
vt 0.85278200 0.42094000
vt 0.46370600 0.20548700
vt 0.80223400 0.60628200
vt 0.79947000 0.55861900
vt 0.34251300 0.20714500
vt 0.90411600 0.66054700
vt 0.22684600 0.05586200
vt 0.07600300 0.70685900
vt 0.79278100 0.55116300
vt 0.75724600 0.15027300
vt 0.22480200 0.56795300
vt 0.48078600 0.19024700
vt 0.37882700 0.53118000
vt 0.58672300 0.13071900
vt 0.63992400 0.19535200
vt 0.08149700 0.71623200
vt 0.04968300 0.64497700
vt 0.95468300 0.55292700
vt 0.74565800 0.14132300
vt 0.46462500 0.03044900
vt 0.91781700 0.39320800
vt 0.74779500 0.21621900
vt 0.40801800 0.30075000
vt 0.65904200 0.53769500
vt 0.72934400 0.53610400
vt 0.71142400 0.18706700
vt 0.12412100 0.68039500
vt 0.03227500 0.66041100
vt 0.06596800 0.73099300
vt 0.21920300 0.64548400
vt 0.47082800 0.02980600
vt 0.91369800 0.39613000
vt 0.66687300 0.15963300
vt 0.74682900 0.29718500
vt 0.55769900 0.32855100
vt 0.75958500 0.13095500
vt 0.90042000 0.55662900
vt 0.34644900 0.32089300
vt 0.42855100 0.30998000
vt 0.48116800 0.11776600
vt 0.59977800 0.43045600
vt 0.39849700 0.14258000
vt 0.31326300 0.59897700
vt 0.89585700 0.73019100
vt 0.19511600 0.58342100
vt 0.40989300 0.10960700
vt 0.70086800 0.45017400
vt 0.90837000 0.51844300
vt 0.73024500 0.33418800
vt 0.30248300 0.59697100
vt 0.59433200 0.45700500
vt 0.80801400 0.46074400
vt 0.83712500 0.50706800
vt 0.59390000 0.33889800
vt 0.24678000 0.08225900
vt 0.64281800 0.16151500
vt 0.75006200 0.32250900
vt 0.29320800 0.43332600
vt 0.85263100 0.45621800
vt 0.82723100 0.35770500
vt 0.56062200 0.05958200
vt 0.68162100 0.20350800
vt 0.76753000 0.36366100
vt 0.76804400 0.13289800
vt 0.76256900 0.22074500
vt 0.40097900 0.09532000
vt 0.75905500 0.59702600
vt 0.85951400 0.50285800
vt 0.82422700 0.40653700
vt 0.42531600 0.31778800
vt 0.76916500 0.66021000
vt 0.43990300 0.42459900
vt 0.03947800 0.72032200
vt 0.56883300 0.07998000
vt 0.73544700 0.23549000
vt 0.30022800 0.40608300
vt 0.96771100 0.54546500
vt 0.66709200 0.57413800
vt 0.51325100 0.15332000
vt 0.71614500 0.26525800
vt 0.54926600 0.10809800
vt 0.51862900 0.27473900
vt 0.27078400 0.25006100
vt 0.27938700 0.37723800
vt 0.86010200 0.69269800
vt 0.37954000 0.57722300
vt 0.38602300 0.13830000
vt 0.32992200 0.41904100
vt 0.64577100 0.56105000
vt 0.40400900 0.11670400
vt 0.48563300 0.30751600
vt 0.25416700 0.57228600
vt 0.96947300 0.42896100
vt 0.90206500 0.59644700
vt 0.83511100 0.44116400
vt 0.43026400 0.51973100
vt 0.24632700 0.61971800
vt 0.74495100 0.33110000
vt 0.08948300 0.67950900
vt 0.94752600 0.54980800
vt 0.28704100 0.04913700
vt 0.23723600 0.61754800
vt 0.03343900 0.67277000
vt 0.98183400 0.51910100
vt 0.59838600 0.53897600
vt 0.50059300 0.48088400
vt 0.73090600 0.24456700
vt 0.09352500 0.63705800
vt 0.93928200 0.42937200
vt 0.79476000 0.36504600
vt 0.73335100 0.52444900
vt 0.46598500 0.12012100
vt 0.44739800 0.47513600
vt 0.94737100 0.43028100
vt 0.31880500 0.50142400
vt 0.55138700 0.07475500
vt 0.24044700 0.57030800
vt 0.69784600 0.38316800
vt 0.22603400 0.62086700
vt 0.82276000 0.36998300
vt 0.54900700 0.23829600
vt 0.32265100 0.07351100
vt 0.91652800 0.40429000
vt 0.63809500 0.46752400
vt 0.48575100 0.42386700
vt 0.81416700 0.43876400
vt 0.37821300 0.55632700
vt 0.15753200 0.58855900
vt 0.19210900 0.66136100
vt 0.49077100 0.41471700
vt 0.51891600 0.12605300
vt 0.28103900 0.60989100
vt 0.53081200 0.30111700
vt 0.65011500 0.28708900
vt 0.62892400 0.38257900
vt 0.34198400 0.21798100
vt 0.22582600 0.05103100
vt 0.94279400 0.42770800
vt 0.09392100 0.68754200
vt 0.96620800 0.43997000
vt 0.50047200 0.59517400
vt 0.63835400 0.33242100
vt 0.88356700 0.47787700
vt 0.58259700 0.32500800
vt 0.76336600 0.20247600
vt 0.84994700 0.57699800
vt 0.64923900 0.26649200
vt 0.08426500 0.70376800
vt 0.29547800 0.41540900
vt 0.85742200 0.50496400
vt 0.77185200 0.17697300
vt 0.77414200 0.18886200
vt 0.63850200 0.27219600
vt 0.60998900 0.28167200
vt 0.73090500 0.19780100
vt 0.41512000 0.35217300
vt 0.43502300 0.14285000
vt 0.53414100 0.11971500
vt 0.29060700 0.24298200
vt 0.21706700 0.07388800
vt 0.87892800 0.66289100
vt 0.47014800 0.59153800
vt 0.75413700 0.14310900
vt 0.73037300 0.22730200
vt 0.31499200 0.06364900
vt 0.59541700 0.35072700
vt 0.08171300 0.68771600
vt 0.52421500 0.31778100
vt 0.74074100 0.19057100
vt 0.94019000 0.61323000
vt 0.02346500 0.72763600
vt 0.43909400 0.06904400
vt 0.09710300 0.64657700
vt 0.52643500 0.10045400
vt 0.93902500 0.43357100
vt 0.53697000 0.33866600
vt 0.78131900 0.68350100
vt 0.67386600 0.41616900
vt 0.45442700 0.58632200
vt 0.43416200 0.15065100
vt 0.95939200 0.41527400
vt 0.96016500 0.54279000
vt 0.44012500 0.47372700
vt 0.42876500 0.44218400
vt 0.18538200 0.58396900
vt 0.67516600 0.48836100
vt 0.33156200 0.09417200
vt 0.62923300 0.35511700
vt 0.24368400 0.60010900
vt 0.77302800 0.54257000
vt 0.62633400 0.36853300
vt 0.15422300 0.15123300
vt 0.27896200 0.53901900
vt 0.84034400 0.47213500
vt 0.33468900 0.55088300
vt 0.72588800 0.13828300
vt 0.42991800 0.58330700
vt 0.35107000 0.30624600
vt 0.32574600 0.53997900
vt 0.81916400 0.40813600
vt 0.16081800 0.63582500
vt 0.59442300 0.26512000
vt 0.29236600 0.08447900
vt 0.85188900 0.51567300
vt 0.49340600 0.23622900
vt 0.97421600 0.39856000
vt 0.45333400 0.02535400
vt 0.40115500 0.33849000
vt 0.54125800 0.35256300
vt 0.64796000 0.21549700
vt 0.95350000 0.42663100
vt 0.32841100 0.43722000
vt 0.49459500 0.60469400
vt 0.78419400 0.33392600
vt 0.58874600 0.09106000
vt 0.61312600 0.51842900
vt 0.42977700 0.19894400
vt 0.43189300 0.61496400
vt 0.30387200 0.37998400
vt 0.45540000 0.50889600
vt 0.26464800 0.56218500
vt 0.56520200 0.38338900
vt 0.31119400 0.53651000
vt 0.81226500 0.43817700
vt 0.09653000 0.65353800
vt 0.01910900 0.69255200
vt 0.96257200 0.50069000
vt 0.51371600 0.49255200
vt 0.91476300 0.48358100
vt 0.75250800 0.20981400
vt 0.93184800 0.48624200
vt 0.23106000 0.56164500
vt 0.68753800 0.27477000
vt 0.09781000 0.68307000
vt 0.51416300 0.24638500
vt 0.83748100 0.47051800
vt 0.74542300 0.28539000
vt 0.67840900 0.15483600
vt 0.91058900 0.40606400
vt 0.88011200 0.53742500
vt 0.29982200 0.22912700
vt 0.70451400 0.25021500
vt 0.36137700 0.34656900
vt 0.32270900 0.44686100
vt 0.71961400 0.20596800
vt 0.29840600 0.59313900
vt 0.93281500 0.40943800
vt 0.27953100 0.05198500
vt 0.86879000 0.50703900
vt 0.31911200 0.21272400
vt 0.31968200 0.48706800
vt 0.04084500 0.66451900
vt 0.30238700 0.53147900
vt 0.88451700 0.48844200
vt 0.69680600 0.43731300
vt 0.77911400 0.36808200
vt 0.33592300 0.12403200
vt 0.94764300 0.43675800
vt 0.47386200 0.30699600
vt 0.92308300 0.42714900
vt 0.53907500 0.12271900
vt 0.61846400 0.30071100
vt 0.71300900 0.27364800
vt 0.89570400 0.57461100
vt 0.74375600 0.29474900
vt 0.66867100 0.15604400
vt 0.75210100 0.13003700
vt 0.67481500 0.37634300
vt 0.84736100 0.49224500
vt 0.08569000 0.69876200
vt 0.38997500 0.10761900
vt 0.76498500 0.13466700
vt 0.74200100 0.17996400
vt 0.87739000 0.44642100
vt 0.37523900 0.20874900
vt 0.44562200 0.04061300
vt 0.73489200 0.13132500
vt 0.62653000 0.32215600
vt 0.51461600 0.34263000
vt 0.34186300 0.09227100
vt 0.48738500 0.51208900
vt 0.02281200 0.70914800
vt 0.40722600 0.11496900
vt 0.95198200 0.53843700
vt 0.97478500 0.42878200
vt 0.09875200 0.66170900
vt 0.42970800 0.11851900
vt 0.25862400 0.63250600
vt 0.22042800 0.56250700
vt 0.10021400 0.70059900
vt 0.29327100 0.05828300
vt 0.03730000 0.69073700
vt 0.80332800 0.68306200
vt 0.14175700 0.67056800
vt 0.39734100 0.10312400
vt 0.42902900 0.32524100
vt 0.27637800 0.54982900
vt 0.97779800 0.51308300
vt 0.15989400 0.62034800
vt 0.28275600 0.54760200
vt 0.97016700 0.44805700
vt 0.75334300 0.23238500
vt 0.35613100 0.08995300
vt 0.51770700 0.10126200
vt 0.44493300 0.18657500
vt 0.45521100 0.03706200
vt 0.29409400 0.53600100
vt 0.16725100 0.16799100
vt 0.27813300 0.52240700
vt 0.74656600 0.13394600
vt 0.82594100 0.50687300
vt 0.82060300 0.47405700
vt 0.21049000 0.58715400
vt 0.74678900 0.15114500
vt 0.24491900 0.19982200
vt 0.22653300 0.06582600
vt 0.29925200 0.07468800
vt 0.65668100 0.27723600
vt 0.09679400 0.64997400
vt 0.47839800 0.42875900
vt 0.53530500 0.10282900
vt 0.21856500 0.06477600
vt 0.83684500 0.70628400
vt 0.16471400 0.60825300
vt 0.22479300 0.07474200
vt 0.01625000 0.67669600
vt 0.49870900 0.50982400
vt 0.30086600 0.12977600
vt 0.82807900 0.43199500
vt 0.83824700 0.59991000
vt 0.18766800 0.62737700
vt 0.71964400 0.16865000
vt 0.80293400 0.35821300
vt 0.56685000 0.13421400
vt 0.45629200 0.32263000
vt 0.22198800 0.06931600
vt 0.65839400 0.57861000
vt 0.47430100 0.07253800
vt 0.33839400 0.43464200
vt 0.34244100 0.55151300
vt 0.32778000 0.36399300
vt 0.31565500 0.55278200
vt 0.52775600 0.25842400
vt 0.38722300 0.57728300
vt 0.90984300 0.53973000
vt 0.86069600 0.70892200
vt 0.84435900 0.56382200
vt 0.97297500 0.45228300
vt 0.04583000 0.65597500
vt 0.21700700 0.61787500
vt 0.38077100 0.11437100
vt 0.04982200 0.70287800
vt 0.75563800 0.61496000
vt 0.76066900 0.67415500
vt 0.69144200 0.24901500
vt 0.54531600 0.06782300
vt 0.82389100 0.69642800
vt 0.71357900 0.17772300
vt 0.70618100 0.19660900
vt 0.74234600 0.15872500
vt 0.76583400 0.62308500
vt 0.50205600 0.13695200
vt 0.34755800 0.04376200
vt 0.98836900 0.50834000
vt 0.30531700 0.44454600
vt 0.61838300 0.37341500
vt 0.74528200 0.23274000
vt 0.34885100 0.38567500
vt 0.33240600 0.56558700
vt 0.90520000 0.47670100
vt 0.17871300 0.60211500
vt 0.36453800 0.22128000
vt 0.69379200 0.35833900
vt 0.61914100 0.45501900
vt 0.96351700 0.43670000
vt 0.22656200 0.61585900
vt 0.82286900 0.37296000
vt 0.22213500 0.57172400
vt 0.40298300 0.61870900
vt 0.44560800 0.32597600
vt 0.66526800 0.25077100
vt 0.50663300 0.27312000
vt 0.51974700 0.28442200
vt 0.36516200 0.52678300
vt 0.42846600 0.57798400
vt 0.23558000 0.57880800
vt 0.84606300 0.67188400
vt 0.71540500 0.23156200
vt 0.93634800 0.46510100
vt 0.15109900 0.61925900
vt 0.50414000 0.23642800
vt 0.46345800 0.32240300
vt 0.49568300 0.32885200
vt 0.30116600 0.09032100
vt 0.46738200 0.49661200
vt 0.24011900 0.08139100
vt 0.92252500 0.41833800
vt 0.32201600 0.53991900
vt 0.06826300 0.66268200
vt 0.52909900 0.44775200
vt 0.41423300 0.11874900
vt 0.80428800 0.44965100
vt 0.73899700 0.12555900
vt 0.64725000 0.40472800
vt 0.66919100 0.44518100
vt 0.66545200 0.19873400
vt 0.10442400 0.68979900
vt 0.74878100 0.20628700
vt 0.32156300 0.56111300
vt 0.81775500 0.63649700
vt 0.93599500 0.42936600
vt 0.54261100 0.17302400
vt 0.41992700 0.06036600
vt 0.31806200 0.39154900
vt 0.75633300 0.22063700
vt 0.85885500 0.41027000
vt 0.16705600 0.60271900
vt 0.35085500 0.22609100
vt 0.82759600 0.46936300
vt 0.08668800 0.64940300
vt 0.29544100 0.04506100
vt 0.97053900 0.55473200
vt 0.44730900 0.49837100
vt 0.05051000 0.69838200
vt 0.92013800 0.48848400
vt 0.77166400 0.16875100
vt 0.58923600 0.49350000
vt 0.68417100 0.55729500
vt 0.05354900 0.66742400
vt 0.35622300 0.10210700
vt 0.68342200 0.32663100
vt 0.18921700 0.60200300
vt 0.47998000 0.41296100
vt 0.23404500 0.04251600
vt 0.04328900 0.72372100
vt 0.30409300 0.15083400
vt 0.31689300 0.59069500
vt 0.35619200 0.10998700
vt 0.33805500 0.59724900
vt 0.48336000 0.61830100
vt 0.50592500 0.42882100
vt 0.45949000 0.11044800
vt 0.38895700 0.34298700
vt 0.85639500 0.44212100
vt 0.29159900 0.46203400
vt 0.97694500 0.41035700
vt 0.46207000 0.01779000
vt 0.93199000 0.39415500
vt 0.94031700 0.45025900
vt 0.61873200 0.26138700
vt 0.26016300 0.46409900
vt 0.21067400 0.19744000
vt 0.70422800 0.34543500
vt 0.30884800 0.08771400
vt 0.95714500 0.55044200
vt 0.13317000 0.60566700
vt 0.16714900 0.67892000
vt 0.03139400 0.71494600
vt 0.44482000 0.03896900
vt 0.51978800 0.60259400
vt 0.74559700 0.18937200
vt 0.98000500 0.53358600
vt 0.31715800 0.04323300
vt 0.95767900 0.45107700
vt 0.43284400 0.33838000
vt 0.20337800 0.13741100
vt 0.94748000 0.42566200
vt 0.42412000 0.16589400
vt 0.44346500 0.13063400
vt 0.62681300 0.46609000
vt 0.41467900 0.59387100
vt 0.17441900 0.59791900
vt 0.34163700 0.49342000
vt 0.71345600 0.25067800
vt 0.76030600 0.44029500
vt 0.47046200 0.14092900
vt 0.63902000 0.37980800
vt 0.95976200 0.43558400
vt 0.35581800 0.57107800
vt 0.93365800 0.55767800
vt 0.94953900 0.44397900
vt 0.73681800 0.20427200
vt 0.06594600 0.68627600
vt 0.81121400 0.46696100
vt 0.23259000 0.58448200
vt 0.55802200 0.59021700
vt 0.30396300 0.56080200
vt 0.73542200 0.15093300
vt 0.61793300 0.22501200
vt 0.48743500 0.08840700
vt 0.51324700 0.62992500
vt 0.71473000 0.64891300
vt 0.65217600 0.20623900
vt 0.12652300 0.64001500
vt 0.82160400 0.41673700
vt 0.42091700 0.29459300
vt 0.76731000 0.16302800
vt 0.04756500 0.67026500
vt 0.77256700 0.57302800
vt 0.73312800 0.40514100
vt 0.01092900 0.67346900
vt 0.24820900 0.06291700
vt 0.69608600 0.19677400
vt 0.03446400 0.71736200
vt 0.20127600 0.11374400
vt 0.17094700 0.61593300
vt 0.24313900 0.60780200
vt 0.43771600 0.13872800
vt 0.10625000 0.69639700
vt 0.28559400 0.55280300
vt 0.13494500 0.62494100
vt 0.28220600 0.41850100
vt 0.43427500 0.14569400
vt 0.75427300 0.19064700
vt 0.94223900 0.42078800
vt 0.50363400 0.61400000
vt 0.87414900 0.47694500
vt 0.22345600 0.06272600
vt 0.39252800 0.08395700
vt 0.88900600 0.71192500
vt 0.72788400 0.29612100
vt 0.84152800 0.41155800
vt 0.30932600 0.54270300
vt 0.85237200 0.40062200
vt 0.65911800 0.38198200
vt 0.70219300 0.36371700
vt 0.89988700 0.55905200
vt 0.30096900 0.60699600
vt 0.81914000 0.61830800
vt 0.83660300 0.66407200
vt 0.80899900 0.52547100
vt 0.20461400 0.12223500
vt 0.57127900 0.27678800
vt 0.17972300 0.65487400
vt 0.74076500 0.30516300
vt 0.30915700 0.07417500
vt 0.07299100 0.63299300
vt 0.10233900 0.70650200
vt 0.34485300 0.05761200
vt 0.71089000 0.48860500
vt 0.75384600 0.20301000
vt 0.32179300 0.10537900
vt 0.34386000 0.44586800
vt 0.49921000 0.11615600
vt 0.37477900 0.36370700
vt 0.74805300 0.31085700
vt 0.65395300 0.16195800
vt 0.47166600 0.16376900
vt 0.21721600 0.14696500
vt 0.67665100 0.34568400
vt 0.44980600 0.49747800
vt 0.27033100 0.07226000
vt 0.64171600 0.51094800
vt 0.91510800 0.42384800
vt 0.70034500 0.60946600
vt 0.36480900 0.20686700
vt 0.20965200 0.62072900
vt 0.88360500 0.53481900
vt 0.53080300 0.47006300
vt 0.73314600 0.13415900
vt 0.66732300 0.26962400
vt 0.91454300 0.40106200
vt 0.86313300 0.38236700
vt 0.01100600 0.68471300
vt 0.25582600 0.06669000
vt 0.42618700 0.22663100
vt 0.48201900 0.25238200
vt 0.51836300 0.47607100
vt 0.77280800 0.20002500
vt 0.77502600 0.15812600
vt 0.40862700 0.13051800
vt 0.37371200 0.14042800
vt 0.62069600 0.39546600
vt 0.28050900 0.07893500
vt 0.25708700 0.07666500
vt 0.97019400 0.52324600
vt 0.83364700 0.51373800
vt 0.75596100 0.13692800
vt 0.01917600 0.69840400
vt 0.08428300 0.63961900
vt 0.22685600 0.60893300
vt 0.82188400 0.71009900
vt 0.38354700 0.62858000
vt 0.61656000 0.41139900
vt 0.63043500 0.41972000
vt 0.65773200 0.41600200
vt 0.22410700 0.58038500
vt 0.45735600 0.14875000
vt 0.32176100 0.07483500
vt 0.60624600 0.37781000
vt 0.57803100 0.38340500
vt 0.41680100 0.45761300
vt 0.24474000 0.58143200
vt 0.10336400 0.65079300
vt 0.47487700 0.08402700
vt 0.34563400 0.38470500
vt 0.25560600 0.60287400
vt 0.66188800 0.35098000
vt 0.01880000 0.71133200
vt 0.25401000 0.04944400
vt 0.61150300 0.36980600
vt 0.58912600 0.51907000
vt 0.40048500 0.33496100
vt 0.93476000 0.58972400
vt 0.01990100 0.68533000
vt 0.37418500 0.11229000
vt 0.00902000 0.67843100
vt 0.25062300 0.06669300
vt 0.49144500 0.12410200
vt 0.52996800 0.11032600
vt 0.85643600 0.50898200
vt 0.41229900 0.56122400
vt 0.32471900 0.57858500
vt 0.35400700 0.43445900
vt 0.05739000 0.69443700
vt 0.07688600 0.63772300
vt 0.35339800 0.47582000
vt 0.67798600 0.54706400
vt 0.06496800 0.66668300
vt 0.04717100 0.71382900
vt 0.29950000 0.06426800
vt 0.82066000 0.40961800
vt 0.82545300 0.41326200
vt 0.50835500 0.49036500
vt 0.09515000 0.70636900
vt 0.33957100 0.45622400
vt 0.90491200 0.63589700
vt 0.90660700 0.48103900
vt 0.34455800 0.34145900
vt 0.17596200 0.62345900
vt 0.54672300 0.56533400
vt 0.27527800 0.59916600
vt 0.38711100 0.61839900
vt 0.55524000 0.12731500
vt 0.43560800 0.23141600
vt 0.09973200 0.67461400
vt 0.49520800 0.25922200
vt 0.72149300 0.46590800
vt 0.43513100 0.04213000
vt 0.71234500 0.16729900
vt 0.55877600 0.13828000
vt 0.31883500 0.54682700
vt 0.78315400 0.54475300
vt 0.25995100 0.10568600
vt 0.40756400 0.07589400
vt 0.34875700 0.05029100
vt 0.37406800 0.11138600
vt 0.69786800 0.23833300
vt 0.94675900 0.49782000
vt 0.38898900 0.19870200
vt 0.71793200 0.24126500
vt 0.32068000 0.08577800
vt 0.28826000 0.12693100
vt 0.21396000 0.57626400
vt 0.06498700 0.70157700
vt 0.92459700 0.40520200
vt 0.85552000 0.59987200
vt 0.65507900 0.58815200
vt 0.58792000 0.58557500
vt 0.72198400 0.55769900
vt 0.70091600 0.17515100
vt 0.83115300 0.36036200
vt 0.55802100 0.05643800
vt 0.94658200 0.47818800
vt 0.12805900 0.67088500
vt 0.27220200 0.14602600
vt 0.56063700 0.12302700
vt 0.42664900 0.46132700
vt 0.52259800 0.10327600
vt 0.65042200 0.20073700
vt 0.30886500 0.05587500
vt 0.77092100 0.19191500
vt 0.74097500 0.39564000
vt 0.63004700 0.53415600
vt 0.24607900 0.13692200
vt 0.21392300 0.58054000
vt 0.93632200 0.51104900
vt 0.66169400 0.48276200
vt 0.18662400 0.57995200
vt 0.22228400 0.65163900
vt 0.91339900 0.59931600
vt 0.20032100 0.60773100
vt 0.70775000 0.19296200
vt 0.15278400 0.62040200
vt 0.32885100 0.56379400
vt 0.31521700 0.58622800
vt 0.18629100 0.59794600
vt 0.95383500 0.44750200
vt 0.17744900 0.63704100
vt 0.20299700 0.09386900
vt 0.45347300 0.20219200
vt 0.47578200 0.11531100
vt 0.28281400 0.44749300
vt 0.88162100 0.67440100
vt 0.82592300 0.42260700
vt 0.44235500 0.12066900
vt 0.50310000 0.48371700
vt 0.07867400 0.67913500
vt 0.80190000 0.37868000
vt 0.49907100 0.50287500
vt 0.83860800 0.46482600
vt 0.28729400 0.06400000
vt 0.84771400 0.44648700
vt 0.91561500 0.54744900
vt 0.73629600 0.19035300
vt 0.55546100 0.09776100
vt 0.33665600 0.27761000
vt 0.04573200 0.67803200
vt 0.59309800 0.49952200
vt 0.38933100 0.56617300
vt 0.31392200 0.58424700
vt 0.60533500 0.39397200
vt 0.61849600 0.31113700
vt 0.94604800 0.43352300
vt 0.38836100 0.11722800
vt 0.95571200 0.57519600
vt 0.27329800 0.04125800
vt 0.23091700 0.57192100
vt 0.76124800 0.13360800
vt 0.58740000 0.24373700
vt 0.48833600 0.14467400
vt 0.82089900 0.68288700
vt 0.93255000 0.43445300
vt 0.65849500 0.39790000
vt 0.30763000 0.39143800
vt 0.97881000 0.43126000
vt 0.61314300 0.23277400
vt 0.39961200 0.56379800
vt 0.27652500 0.55476400
vt 0.23854100 0.62723500
vt 0.54360600 0.36220700
vt 0.98245100 0.43939800
vt 0.42939000 0.03661400
vt 0.85554100 0.48222400
vt 0.60889200 0.46347800
vt 0.83095900 0.57255900
vt 0.75168800 0.21907800
vt 0.49511300 0.28822600
vt 0.23392300 0.06458800
vt 0.29278400 0.60324500
vt 0.40033000 0.28860400
vt 0.45896300 0.17124200
vt 0.84955700 0.71779200
vt 0.35454100 0.61772100
vt 0.84902900 0.51713000
vt 0.40018200 0.30875800
vt 0.86142000 0.55178700
vt 0.57645900 0.32923800
vt 0.29603400 0.09324200
vt 0.06450800 0.67433000
vt 0.16873200 0.63503100
vt 0.98628500 0.52536000
vt 0.32721400 0.04587900
vt 0.54978400 0.07814100
vt 0.74139700 0.31272600
vt 0.45805900 0.11853300
vt 0.31898200 0.57324400
vt 0.32851400 0.22119000
vt 0.11491100 0.67685800
vt 0.22755100 0.07237300
vt 0.39920400 0.13418600
vt 0.18060300 0.15891200
vt 0.36832100 0.51729600
vt 0.65331400 0.33777100
vt 0.23378700 0.05223100
vt 0.88403000 0.51670800
vt 0.90369000 0.45070900
vt 0.82209200 0.62977300
vt 0.23443800 0.12944200
vt 0.26265500 0.20685900
vt 0.34421100 0.40517000
vt 0.42658300 0.60887300
vt 0.26402300 0.05647000
vt 0.21221700 0.13647100
vt 0.37052700 0.34463300
vt 0.50469300 0.09669200
vt 0.92494100 0.43148700
vt 0.91171000 0.47635100
vt 0.44929500 0.11522100
vt 0.72840900 0.19320100
vt 0.75160000 0.21237800
vt 0.95143900 0.53865400
vt 0.49939600 0.31778700
vt 0.67277200 0.20997300
vt 0.77409300 0.17003300
vt 0.77745800 0.19391200
vt 0.50739000 0.36774200
vt 0.26822900 0.60551000
vt 0.29568300 0.53980100
vt 0.34034300 0.38511500
vt 0.74176100 0.13854600
vt 0.56240300 0.35980500
vt 0.67874500 0.16426800
vt 0.62472500 0.52284700
vt 0.70122100 0.39798000
vt 0.87431900 0.60899900
vt 0.15717700 0.15454900
vt 0.27922200 0.53866100
vt 0.50633700 0.21912800
vt 0.08580300 0.62364500
vt 0.11747700 0.69682700
vt 0.97620800 0.44272500
vt 0.04697400 0.69468800
vt 0.46817600 0.27929800
vt 0.25770400 0.05164600
vt 0.25328200 0.56533700
vt 0.52274900 0.33230600
vt 0.92866900 0.58168800
vt 0.40986500 0.10151900
vt 0.72847000 0.25211400
vt 0.96618400 0.40477100
vt 0.24316300 0.55608900
vt 0.40845600 0.20959500
vt 0.86180200 0.61264000
vt 0.76725600 0.42723300
vt 0.60581800 0.10685100
vt 0.18921700 0.61437000
vt 0.75012900 0.20450200
vt 0.64171100 0.22795200
vt 0.76462400 0.19439300
vt 0.65010200 0.38784600
vt 0.82097500 0.38429000
vt 0.49795800 0.26814200
vt 0.45354400 0.02176200
vt 0.96966200 0.39697200
vt 0.17625100 0.61647800
vt 0.73418600 0.16299900
vt 0.33135700 0.10027100
vt 0.83100600 0.52272100
vt 0.87356800 0.62455700
vt 0.20887200 0.18366600
vt 0.39588400 0.24298100
vt 0.95175300 0.57040200
vt 0.20407500 0.65081700
vt 0.15363300 0.14660000
vt 0.91477500 0.73717100
vt 0.27550400 0.53654300
vt 0.28044100 0.56772800
vt 0.42248600 0.58469300
vt 0.05070100 0.68175800
vt 0.01638900 0.69126300
vt 0.63329500 0.49290100
vt 0.36615400 0.08251100
vt 0.34016100 0.04744900
vt 0.99098000 0.51494700
vt 0.46209900 0.32564400
vt 0.32893300 0.55091700
vt 0.33842900 0.47076300
vt 0.92730700 0.40865900
vt 0.42216000 0.14617200
vt 0.52137800 0.19948500
vt 0.41987000 0.33157600
vt 0.75365800 0.33677900
vt 0.90646800 0.73171900
vt 0.59794900 0.39107700
vt 0.18318000 0.61679200
vt 0.43831600 0.31414800
vt 0.03803400 0.72483300
vt 0.22959500 0.04424600
vt 0.23517200 0.61179300
vt 0.79040500 0.66085700
vt 0.43048500 0.29926000
vt 0.72491700 0.14876800
vt 0.39659700 0.58248000
vt 0.28490800 0.13923500
vt 0.54542300 0.37419800
vt 0.17207200 0.65092500
vt 0.66794400 0.19304400
vt 0.33653900 0.16063800
vt 0.92211600 0.44020200
vt 0.34097700 0.49820200
vt 0.49416700 0.13671100
vt 0.58394400 0.40000600
vt 0.19578600 0.17584200
vt 0.32438000 0.39056700
vt 0.30846700 0.13581400
vt 0.28240500 0.17938000
vt 0.38047600 0.58476600
vt 0.86790200 0.40046300
vt 0.28103900 0.21763000
vt 0.90432900 0.54708500
vt 0.71674100 0.36391800
vt 0.35617300 0.37013700
vt 0.62577200 0.49172600
vt 0.18642700 0.58970000
vt 0.45910000 0.49517400
vt 0.61261200 0.22557500
vt 0.43990500 0.03988100
vt 0.36061900 0.11340700
vt 0.24080600 0.11250900
vt 0.26480300 0.06196700
vt 0.41307000 0.29032300
vt 0.43906400 0.59335200
vt 0.88813700 0.44367400
vt 0.23117000 0.14032000
vt 0.91678900 0.43350400
vt 0.33640000 0.50454300
vt 0.53961600 0.33099200
vt 0.10074100 0.65621400
vt 0.91128300 0.47293700
vt 0.51590000 0.17584100
vt 0.85292100 0.38722400
vt 0.80854700 0.40261500
vt 0.33601800 0.44494100
vt 0.87604700 0.55416200
vt 0.51296200 0.06957900
vt 0.32448900 0.11893400
vt 0.74198400 0.15547900
vt 0.47165700 0.61117900
vt 0.31355700 0.59120600
vt 0.51852700 0.08546700
vt 0.82931100 0.44993900
vt 0.82298800 0.39466600
vt 0.97703000 0.44407800
vt 0.40493000 0.31420200
vt 0.44005200 0.03788800
vt 0.98670300 0.42472700
vt 0.02785100 0.71962700
vt 0.20353500 0.62651300
vt 0.80059000 0.67169000
vt 0.05316400 0.70385200
vt 0.28276100 0.54122500
vt 0.46487300 0.41531500
vt 0.93716700 0.60564800
vt 0.11269200 0.68782300
vt 0.83130300 0.62496000
vt 0.30843000 0.54786900
vt 0.45703500 0.29173100
vt 0.39480600 0.13864700
vt 0.79683000 0.35270300
vt 0.20817400 0.17206800
vt 0.10116900 0.62723700
vt 0.84030900 0.50219600
vt 0.91592100 0.43742400
vt 0.39831700 0.36185800
vt 0.70129300 0.41484500
vt 0.66581100 0.28649300
vt 0.72315800 0.50640000
vt 0.48040400 0.33595500
vt 0.84322200 0.49007500
vt 0.12667300 0.64339000
vt 0.14997200 0.60755100
vt 0.41070200 0.32505400
vt 0.82062600 0.50408300
vt 0.36464000 0.35436700
vt 0.95901300 0.57153200
vt 0.27755500 0.04203000
vt 0.41629200 0.23329400
vt 0.30849600 0.60049600
vt 0.26592000 0.52489900
vt 0.81097500 0.48910100
vt 0.28543000 0.58377900
vt 0.59210700 0.37333100
vt 0.79386600 0.70772600
vt 0.41304200 0.62847900
vt 0.55731300 0.38080900
vt 0.27837600 0.58099600
vt 0.96876900 0.42466900
vt 0.09079100 0.64158800
vt 0.05442500 0.66405300
vt 0.53966900 0.29343100
vt 0.31701900 0.56599400
vt 0.76526000 0.39085800
vt 0.96684300 0.45515300
vt 0.30484800 0.54118500
vt 0.18140900 0.63005200
vt 0.61340200 0.50525100
vt 0.63677800 0.40133100
vt 0.74858500 0.22413300
vt 0.44817100 0.61883600
vt 0.85974000 0.63312600
vt 0.73066900 0.25761000
vt 0.41672800 0.58532300
vt 0.72069100 0.24780800
vt 0.31484100 0.53269500
vt 0.92862100 0.47191600
vt 0.83048000 0.54504700
vt 0.71453600 0.23764500
vt 0.16409700 0.66424100
vt 0.45229700 0.14512900
vt 0.15202700 0.61478300
vt 0.74643200 0.30394800
vt 0.66039800 0.16030800
vt 0.89881100 0.42049600
vt 0.75043400 0.14113500
vt 0.91901100 0.42696900
vt 0.42467700 0.18131600
vt 0.77198700 0.40410500
vt 0.08405700 0.66297700
vt 0.51337600 0.10917800
vt 0.95062200 0.45446000
vt 0.90737500 0.47406900
vt 0.78377400 0.53404100
vt 0.02884700 0.68842700
vt 0.80762800 0.65955600
vt 0.93241900 0.53289600
vt 0.77479300 0.43547700
vt 0.20824400 0.63160600
vt 0.44631000 0.12665000
vt 0.30506400 0.05080200
vt 0.47569400 0.12384400
vt 0.16148800 0.61667400
vt 0.81239800 0.42137400
vt 0.41567600 0.57530300
vt 0.54525000 0.32180600
vt 0.35110500 0.50795900
vt 0.26495900 0.55772400
vt 0.65718000 0.31033500
vt 0.78130800 0.52369600
vt 0.82562100 0.38770200
vt 0.88754300 0.42349800
vt 0.21038700 0.05553500
vt 0.93411900 0.62265400
vt 0.63654700 0.29748300
vt 0.44287000 0.20095600
vt 0.32042300 0.54552700
vt 0.36536600 0.25915600
vt 0.86204900 0.50439300
vt 0.60340800 0.38505400
vt 0.35455200 0.09409300
vt 0.85694600 0.37553100
vt 0.05906800 0.66731000
vt 0.77684500 0.37887200
vt 0.42031900 0.13728100
vt 0.61522400 0.33811300
vt 0.83750600 0.49015100
vt 0.43119700 0.46920900
vt 0.35168800 0.60588100
vt 0.19050100 0.65110400
vt 0.39141000 0.11812100
vt 0.29786200 0.59664800
vt 0.53258300 0.60505200
vt 0.72855800 0.28402800
vt 0.11429900 0.66712200
vt 0.12030200 0.67770600
vt 0.67502700 0.61022000
vt 0.56221800 0.60644500
vt 0.32532500 0.50810200
vt 0.26844700 0.55844800
vt 0.76400200 0.14114100
vt 0.62745400 0.31736900
vt 0.62768500 0.25727300
vt 0.57303900 0.56211100
vt 0.78267600 0.51559900
vt 0.41595700 0.57241500
vt 0.85166700 0.53722200
vt 0.71324700 0.44397800
vt 0.68815600 0.39000700
vt 0.93563500 0.40521000
vt 0.74563500 0.19412200
vt 0.73427700 0.32826200
vt 0.49863700 0.16901000
vt 0.67788500 0.44681500
vt 0.49670100 0.50061600
vt 0.54660600 0.57269600
vt 0.32370700 0.55915500
vt 0.56239600 0.25648300
vt 0.36249000 0.10594200
vt 0.50314700 0.25704200
vt 0.66247200 0.31294100
vt 0.85017600 0.61528700
vt 0.96694000 0.42854800
vt 0.24245700 0.06967400
vt 0.47439900 0.13512300
vt 0.85309700 0.68010300
vt 0.61447500 0.29137500
vt 0.54291900 0.19117000
vt 0.83959800 0.45399300
vt 0.26578500 0.55609800
vt 0.37496900 0.42701700
vt 0.48684500 0.29172900
vt 0.97413400 0.41231600
vt 0.42197700 0.26681500
vt 0.28138000 0.04649000
vt 0.94883000 0.44871300
vt 0.69257000 0.34265400
vt 0.92101200 0.56439300
vt 0.44513800 0.44204000
vt 0.29727900 0.16797600
vt 0.73832900 0.29549200
vt 0.27768300 0.06825300
vt 0.88009900 0.51134300
vt 0.14884900 0.63876400
vt 0.10898600 0.62876200
vt 0.11565700 0.65521100
vt 0.83202900 0.55585700
vt 0.37653800 0.10659400
vt 0.32354400 0.06623200
vt 0.43287500 0.05762600
vt 0.62948900 0.50863400
vt 0.10965300 0.64745700
vt 0.28803900 0.54563100
vt 0.73440400 0.48500400
vt 0.73798200 0.19916200
vt 0.37587400 0.36843200
vt 0.45768900 0.02069500
vt 0.19048100 0.56988600
vt 0.22677200 0.64144400
vt 0.14162800 0.65569500
vt 0.03289900 0.72497600
vt 0.22492000 0.04486400
vt 0.25318300 0.21676200
vt 0.30868500 0.06656300
vt 0.11563000 0.61713500
vt 0.74706200 0.31748200
vt 0.64791000 0.16004000
vt 0.46149700 0.03368500
vt 0.09012700 0.70028200
vt 0.45718400 0.01842200
vt 0.79775000 0.52892400
vt 0.88586000 0.54870800
vt 0.75393000 0.36782100
vt 0.29579500 0.55940200
vt 0.32728200 0.54473900
vt 0.74106600 0.15041100
vt 0.55624300 0.06759800
vt 0.27138700 0.15965300
vt 0.62800200 0.21962400
vt 0.71362400 0.19357700
vt 0.18557100 0.63831700
vt 0.35006700 0.09884700
vt 0.89606100 0.71769900
vt 0.93013400 0.42437500
vt 0.35886500 0.50024700
vt 0.83219600 0.45986400
vt 0.42476200 0.46583100
vt 0.30444700 0.09971600
vt 0.10202100 0.63248900
vt 0.64183000 0.19073300
vt 0.59096200 0.12586000
vt 0.75208900 0.16794200
vt 0.54128600 0.31360400
vt 0.34331900 0.48343800
vt 0.31926400 0.19434400
vt 0.58271300 0.57202800
vt 0.05338700 0.64869300
vt 0.85974800 0.62220400
vt 0.63756600 0.33870400
vt 0.19653000 0.61194400
vt 0.25501000 0.61410700
vt 0.83072400 0.59435200
vt 0.19192000 0.61852300
vt 0.32874900 0.07737600
vt 0.15548500 0.65291400
vt 0.51401200 0.61797000
vt 0.46719600 0.09675200
vt 0.75847800 0.21891900
vt 0.62942800 0.22363000
vt 0.05996900 0.71667000
vt 0.33071600 0.11199800
vt 0.73657500 0.12300700
vt 0.73972700 0.24044500
vt 0.65069500 0.31941600
vt 0.92379200 0.42395900
vt 0.76133000 0.15781600
vt 0.50860800 0.33309100
vt 0.10513400 0.63868100
vt 0.46278200 0.14307200
vt 0.52480600 0.07169600
vt 0.56672500 0.34874200
vt 0.67158500 0.43167000
vt 0.76410600 0.56430200
vt 0.91682400 0.66337400
vt 0.68936200 0.37283800
vt 0.08009700 0.63198800
vt 0.95513500 0.43884400
vt 0.86548300 0.49979300
vt 0.44371800 0.29704800
vt 0.87894600 0.52075800
vt 0.31091000 0.44874400
vt 0.65876800 0.46117100
vt 0.74322600 0.33482000
vt 0.33498000 0.23115300
vt 0.46656500 0.34313200
vt 0.70873900 0.42557800
vt 0.01644800 0.68686400
vt 0.80543200 0.50396400
vt 0.94302800 0.41213800
vt 0.73704000 0.49835300
vt 0.68664100 0.26723600
vt 0.62802000 0.39159300
vt 0.78852400 0.58610000
vt 0.95651200 0.41875300
vt 0.64994300 0.17499100
vt 0.92413300 0.43920500
vt 0.33636800 0.47442700
vt 0.43265400 0.25115800
vt 0.74580500 0.48573100
vt 0.04071800 0.71415700
vt 0.67944100 0.49913200
vt 0.54113100 0.27564700
vt 0.41972000 0.10582000
vt 0.39430100 0.21413200
vt 0.70619700 0.56097600
vt 0.21067600 0.64390400
vt 0.57985000 0.36664100
vt 0.46893600 0.23154800
vt 0.57906800 0.14269500
vt 0.15814400 0.59804100
vt 0.49666100 0.14103600
vt 0.49544500 0.06556900
vt 0.67142900 0.17539800
vt 0.30488900 0.45806100
vt 0.28181400 0.15335300
vt 0.92696300 0.50065800
vt 0.71933700 0.52965300
vt 0.67991900 0.57298300
vt 0.97018100 0.53881900
vt 0.75063400 0.12543000
vt 0.79930300 0.42352800
vt 0.58880000 0.28321200
vt 0.21674600 0.07761400
vt 0.26067200 0.15929100
vt 0.10665700 0.61843300
vt 0.65245900 0.21071100
vt 0.60789000 0.43632200
vt 0.24560100 0.08743600
vt 0.32935300 0.59153600
vt 0.57494600 0.59179600
vt 0.66063600 0.60054200
vt 0.20761700 0.56585900
vt 0.24594000 0.63602100
vt 0.57197100 0.36148700
vt 0.33106900 0.54976700
vt 0.64398500 0.42091900
vt 0.40685300 0.32052900
vt 0.76290100 0.50968500
vt 0.36605600 0.28279700
vt 0.48111500 0.60532500
vt 0.72522600 0.34941000
vt 0.16074700 0.60670600
vt 0.97845500 0.40156000
vt 0.45235300 0.02902100
vt 0.72035800 0.60050200
vt 0.69527800 0.55574000
vt 0.64733100 0.19071600
vt 0.89668300 0.64691200
vt 0.66758500 0.34219600
vt 0.37599800 0.10967300
vt 0.14987000 0.67564600
vt 0.43775800 0.31793600
vt 0.59682900 0.56412800
vt 0.49898400 0.21151300
vt 0.38497500 0.18690700
vt 0.29446200 0.08251500
vt 0.83833900 0.57974300
vt 0.51810400 0.21096800
vt 0.35879100 0.10458700
vt 0.58233100 0.31381100
vt 0.72846500 0.19131300
vt 0.93940500 0.44284000
vt 0.88782200 0.40861600
vt 0.49260900 0.51759400
vt 0.01095600 0.68148600
vt 0.25373600 0.06598600
vt 0.45755300 0.25040700
vt 0.58171100 0.35097800
vt 0.64786200 0.44577800
vt 0.51225500 0.59575900
vt 0.95089500 0.56406000
vt 0.69352600 0.19191700
vt 0.34475300 0.11181300
vt 0.26801400 0.62593400
vt 0.22944900 0.55593900
vt 0.74969000 0.13783800
vt 0.46337200 0.02875400
vt 0.91981700 0.39285300
vt 0.26662800 0.56607700
vt 0.92486300 0.41865200
vt 0.22932600 0.06217500
vt 0.02366000 0.71672300
vt 0.33126500 0.46675100
vt 0.64352000 0.16806300
vt 0.82262500 0.42401000
vt 0.29351400 0.20008400
vt 0.23504900 0.08392200
vt 0.54556200 0.13689900
vt 0.21479800 0.09926300
vt 0.66958800 0.52413300
vt 0.42143400 0.55950300
vt 0.87506700 0.52233600
vt 0.13660700 0.68006800
vt 0.72520700 0.16151500
vt 0.30097100 0.49097800
vt 0.22154300 0.62815900
vt 0.53360900 0.59166400
vt 0.37999600 0.24815100
vt 0.43347500 0.33151900
vt 0.84288300 0.38677600
vt 0.93229700 0.44964100
vt 0.26725500 0.53095400
vt 0.14080600 0.65020800
vt 0.34737300 0.24247000
vt 0.36750000 0.10921000
vt 0.53150700 0.49453300
vt 0.80160900 0.40785200
vt 0.64613100 0.17565800
vt 0.28372900 0.23143200
vt 0.37190400 0.58726000
vt 0.33256400 0.50838200
vt 0.82958800 0.38167200
vt 0.24728000 0.57205300
vt 0.68344000 0.21670100
vt 0.11369900 0.62044800
vt 0.14875500 0.61229800
vt 0.55625600 0.34733400
vt 0.71912500 0.18859300
vt 0.81248000 0.47700400
vt 0.26719000 0.40374300
vt 0.25282600 0.23260600
vt 0.30616100 0.53398200
vt 0.67051700 0.23902200
vt 0.82057500 0.41813100
vt 0.88506500 0.56024500
vt 0.63384400 0.44363100
vt 0.25082500 0.04554600
vt 0.94452100 0.59990400
vt 0.09709200 0.69707400
vt 0.56127000 0.09012600
vt 0.10967900 0.67310400
vt 0.27691400 0.24036500
vt 0.70408700 0.25932000
vt 0.75973700 0.14331800
vt 0.93558600 0.42446600
vt 0.93697100 0.54835000
vt 0.67676000 0.29257000
vt 0.45461700 0.18557700
vt 0.36058500 0.27416300
vt 0.95214500 0.54378100
vt 0.34812900 0.27087600
vt 0.06976200 0.69713900
vt 0.59630600 0.39891600
vt 0.75989500 0.18895700
vt 0.74898400 0.50824200
vt 0.30516900 0.53593900
vt 0.50627200 0.13103400
vt 0.08597500 0.70635200
vt 0.21745400 0.60953500
vt 0.70648900 0.35087500
vt 0.53800200 0.14509300
vt 0.29077700 0.49543100
vt 0.51133300 0.13148100
vt 0.68346700 0.22240800
vt 0.72520900 0.22586600
vt 0.14838500 0.63413600
vt 0.37735700 0.35672400
vt 0.05741200 0.71438100
vt 0.97250700 0.54239500
vt 0.18235100 0.65014200
vt 0.51348800 0.11826200
vt 0.62191700 0.30940200
vt 0.06065600 0.70944500
vt 0.42143800 0.11567100
vt 0.31923000 0.47651000
vt 0.15355600 0.59213300
vt 0.18772400 0.66517200
vt 0.06165800 0.65046000
vt 0.29235300 0.34277000
vt 0.29981600 0.26573300
vt 0.36344000 0.60662700
vt 0.53027300 0.18245400
vt 0.85783400 0.53216000
vt 0.15766600 0.14817100
vt 0.63218600 0.30792100
vt 0.74265300 0.17680500
vt 0.73857500 0.35748900
vt 0.48363800 0.34889000
vt 0.54728100 0.52524100
vt 0.97139300 0.44983000
vt 0.16428800 0.58525800
vt 0.19988300 0.65737400
vt 0.38905200 0.17099000
vt 0.73191600 0.17865700
vt 0.27162400 0.61885800
vt 0.96225200 0.45074000
vt 0.64995100 0.18190000
vt 0.44921800 0.31416100
vt 0.57942600 0.52376400
vt 0.03398500 0.69969300
vt 0.70140200 0.63817800
vt 0.52918400 0.62311000
vt 0.98060700 0.44551100
vt 0.42400100 0.03709500
vt 0.77328500 0.44803300
vt 0.71623600 0.32594900
vt 0.71009000 0.52123600
vt 0.46458800 0.03661900
vt 0.05397200 0.69114500
vt 0.46300800 0.22331800
vt 0.49029800 0.61053300
vt 0.37503800 0.59780500
vt 0.32962800 0.45253200
vt 0.77916400 0.62519100
vt 0.72955100 0.27151500
vt 0.44783500 0.49380900
vt 0.60788100 0.27391100
vt 0.89346100 0.48362400
vt 0.60584500 0.44783400
vt 0.55950200 0.36550800
vt 0.34343500 0.42654600
vt 0.66101600 0.43570500
vt 0.61800900 0.49537100
vt 0.86722900 0.51687100
vt 0.35828000 0.24878800
vt 0.45140000 0.03707500
vt 0.64506500 0.19345600
vt 0.75034700 0.22182700
vt 0.73205900 0.44662600
vt 0.49305700 0.10143400
vt 0.45788700 0.09524600
vt 0.42367500 0.43115900
vt 0.05693900 0.65939500
vt 0.65062700 0.42945600
vt 0.01641900 0.68386200
vt 0.22708800 0.58257800
vt 0.42288100 0.34312900
vt 0.80827900 0.42375100
vt 0.41136600 0.45150800
vt 0.95426500 0.48951500
vt 0.32875000 0.57350600
vt 0.45827700 0.12531300
vt 0.63906100 0.31513500
vt 0.72245600 0.33672000
vt 0.41790600 0.21967400
vt 0.72853500 0.23428600
vt 0.61810400 0.23237300
vt 0.73696000 0.22370000
vt 0.61512500 0.40336300
vt 0.92170700 0.43370300
vt 0.46770100 0.55659300
vt 0.16049300 0.59059300
vt 0.37338200 0.29236400
vt 0.36889900 0.55124100
vt 0.27034900 0.17047200
vt 0.48541200 0.13267200
vt 0.65560600 0.56583200
vt 0.91698900 0.57850600
vt 0.16509200 0.11764900
vt 0.91328900 0.70715600
vt 0.33713900 0.14357200
vt 0.71556000 0.15348400
vt 0.75773400 0.23002100
vt 0.76152200 0.12208200
vt 0.61561600 0.30383300
vt 0.13623200 0.66968400
vt 0.06363600 0.69093400
vt 0.60482900 0.27785300
vt 0.45900000 0.33185200
vt 0.50519800 0.19451600
vt 0.60417000 0.34145400
vt 0.44222100 0.16325900
vt 0.34879800 0.59292700
vt 0.34605500 0.09480600
vt 0.80136500 0.49461800
vt 0.84644300 0.39463600
vt 0.43172900 0.62347600
vt 0.64517400 0.33578400
vt 0.72274200 0.30744200
vt 0.34809400 0.12212900
vt 0.24622300 0.07861800
vt 0.69253600 0.40352200
vt 0.42254400 0.04947300
vt 0.53706600 0.06214200
vt 0.08878900 0.71083800
vt 0.26094000 0.05993700
vt 0.36086100 0.48128800
vt 0.73511800 0.33697300
vt 0.51669500 0.09699600
vt 0.38995300 0.32648800
vt 0.86108300 0.53175400
vt 0.07590900 0.69216200
vt 0.93016600 0.41940700
vt 0.77797300 0.67173500
vt 0.29579100 0.45095900
vt 0.89250900 0.54859100
vt 0.74718700 0.26574600
vt 0.70034800 0.14930200
vt 0.02898200 0.72330600
vt 0.66910300 0.22153100
vt 0.90896900 0.41459200
vt 0.31155000 0.47389700
vt 0.91198500 0.42638800
vt 0.93442600 0.44819700
vt 0.60200600 0.36037400
vt 0.71340000 0.21926300
vt 0.79626300 0.69211200
vt 0.39428000 0.11611700
vt 0.33164600 0.49766300
vt 0.20926300 0.65137200
vt 0.35631300 0.33977700
vt 0.33014800 0.06202000
vt 0.49471500 0.59047300
vt 0.65080600 0.49556200
vt 0.57560700 0.53998200
vt 0.84004700 0.61045700
vt 0.65235900 0.24572100
vt 0.71043600 0.38545700
vt 0.33184900 0.36974000
vt 0.28219300 0.07448400
vt 0.45995900 0.07574000
vt 0.07420000 0.65681200
vt 0.80753000 0.51520700
vt 0.40529200 0.21926300
vt 0.71982000 0.13280200
vt 0.73774500 0.25010900
vt 0.90115900 0.68387200
vt 0.15649000 0.62468300
vt 0.73376500 0.58313200
vt 0.91511100 0.41865100
vt 0.55831000 0.23480900
vt 0.45243800 0.40879600
vt 0.15364600 0.14270300
vt 0.91179800 0.73444100
vt 0.68909400 0.20267600
vt 0.61956400 0.43032800
vt 0.34014800 0.07675000
vt 0.47583400 0.49748600
vt 0.29825400 0.50564800
vt 0.94570500 0.59516100
vt 0.25473900 0.04398100
vt 0.06162500 0.69853900
vt 0.43238400 0.28141700
vt 0.56635000 0.50551200
vt 0.27017600 0.10691700
vt 0.74374100 0.19010500
vt 0.28459900 0.04329700
vt 0.96383000 0.56470300
vt 0.50676100 0.46059800
vt 0.23460100 0.07077800
vt 0.71203900 0.43505200
vt 0.74502300 0.43715100
vt 0.67684000 0.31276600
vt 0.67114000 0.50878000
vt 0.37286400 0.19234100
vt 0.87842000 0.65221800
vt 0.38706300 0.12797700
vt 0.24692900 0.09602300
vt 0.05296900 0.65323800
vt 0.94308000 0.43481600
vt 0.64976000 0.19344900
vt 0.93495900 0.41970900
vt 0.47553700 0.31291600
vt 0.71729800 0.28631600
vt 0.92915000 0.63974900
vt 0.20415700 0.06747200
vt 0.33068400 0.55543900
vt 0.57470400 0.35921700
vt 0.55043900 0.57969500
vt 0.54062100 0.36467200
vt 0.03726900 0.66398800
vt 0.53977900 0.23528000
vt 0.34403500 0.28999800
vt 0.89859500 0.56617400
vt 0.34471500 0.18275200
vt 0.96360200 0.47729800
vt 0.50013200 0.11185900
vt 0.16953500 0.66702300
vt 0.37783600 0.30988900
vt 0.92721000 0.61993200
vt 0.08526700 0.63448100
vt 0.42711500 0.23825600
vt 0.54217800 0.15920900
vt 0.92320300 0.54492200
vt 0.38778400 0.60898500
vt 0.43170800 0.42038300
vt 0.46560100 0.25777700
vt 0.33459100 0.49176600
vt 0.20703200 0.60247400
vt 0.57615100 0.37106800
vt 0.06095500 0.72704100
vt 0.93245000 0.53918100
vt 0.37839300 0.47949100
vt 0.15020400 0.60062500
vt 0.24199700 0.61102800
vt 0.86886800 0.51141900
vt 0.64102200 0.39089400
vt 0.22356000 0.63079400
vt 0.45542000 0.50249100
vt 0.26320300 0.07262400
vt 0.52787500 0.48211500
vt 0.92993400 0.40505400
vt 0.20266400 0.58564400
vt 0.51976500 0.30597800
vt 0.97764700 0.44558600
vt 0.23264000 0.20142400
vt 0.53559000 0.32069000
vt 0.46579500 0.19520000
vt 0.34639000 0.51366500
vt 0.38960000 0.55617600
vt 0.69072000 0.59663300
vt 0.72523300 0.18246000
vt 0.63652600 0.48445400
vt 0.80580600 0.38459900
vt 0.94040500 0.53060800
vt 0.36829300 0.07640700
vt 0.95300600 0.45626500
vt 0.68963700 0.18631200
vt 0.39529100 0.57296300
vt 0.42455100 0.12051300
vt 0.73477300 0.19535000
vt 0.92510700 0.63562000
vt 0.28884500 0.08807400
vt 0.19033000 0.65623300
vt 0.34980100 0.51614400
vt 0.36945700 0.32307700
vt 0.93286500 0.41607000
vt 0.53968800 0.05066500
vt 0.85185800 0.36396700
vt 0.17009700 0.65833700
vt 0.27399600 0.45671500
vt 0.92666700 0.39854300
vt 0.49750200 0.52322200
vt 0.88382800 0.63204300
vt 0.84154000 0.47735300
vt 0.54639200 0.60101200
vt 0.74889600 0.14689400
vt 0.73222900 0.21395100
vt 0.59133700 0.55308700
vt 0.95502700 0.50910200
vt 0.26501900 0.54824600
vt 0.23351800 0.61668400
vt 0.96739200 0.43602600
vt 0.85002700 0.47963400
vt 0.36054500 0.08751600
vt 0.72345000 0.38447800
vt 0.94031300 0.55032700
vt 0.04363800 0.64841300
vt 0.07515700 0.71948300
vt 0.34706200 0.08235200
vt 0.44753800 0.13832300
vt 0.84112700 0.46241100
vt 0.47357000 0.26636100
vt 0.34181200 0.08798400
vt 0.84968200 0.54164500
vt 0.33239200 0.08513200
vt 0.45251400 0.01876700
vt 0.96549000 0.39736300
vt 0.48425000 0.34335500
vt 0.22462500 0.63970300
vt 0.11862600 0.64330000
vt 0.59276700 0.36653500
vt 0.46165100 0.34896500
vt 0.47575400 0.05345400
vt 0.48812600 0.50611100
vt 0.97479300 0.44029200
vt 0.09701300 0.63862700
vt 0.45569400 0.62513500
vt 0.31697200 0.57811500
vt 0.52096500 0.11635700
vt 0.11867600 0.69151600
vt 0.35618500 0.42165700
vt 0.84634900 0.48487300
vt 0.41244500 0.17396400
vt 0.79881500 0.44788500
vt 0.39545200 0.34854500
vt 0.12753200 0.61451300
vt 0.28312600 0.56115200
vt 0.19602100 0.63659400
vt 0.51796400 0.10702900
vt 0.89016100 0.55343400
vt 0.64303100 0.33890400
vt 0.69736000 0.25340500
vt 0.31921800 0.59346400
vt 0.68240300 0.34127300
vt 0.84709800 0.50553500
vt 0.64909900 0.53281200
vt 0.22322700 0.62527300
vt 0.56103700 0.29600600
vt 0.96006700 0.53009600
vt 0.55532200 0.24715100
vt 0.60632600 0.32558400
vt 0.15791600 0.62976300
vt 0.38671400 0.12325400
vt 0.93578800 0.51801400
vt 0.33928300 0.52912500
vt 0.73049200 0.12614400
vt 0.73770800 0.24405700
vt 0.84964900 0.43179800
vt 0.21802700 0.63904700
vt 0.09425300 0.67446800
vt 0.44101500 0.61248500
vt 0.33380700 0.05238000
vt 0.42120800 0.08915900
vt 0.83043900 0.39135800
vt 0.29722000 0.52302600
vt 0.83142000 0.45585200
vt 0.29469900 0.25156500
vt 0.05541600 0.65753600
vt 0.68626500 0.60888200
vt 0.81768100 0.56706500
vt 0.36988200 0.50844100
vt 0.30931100 0.12497400
vt 0.51607700 0.33924300
vt 0.95739900 0.43080200
vt 0.70497300 0.22216400
vt 0.42927100 0.45622000
vt 0.62382500 0.43733800
vt 0.51203600 0.46542700
vt 0.85624000 0.46521400
vt 0.79431100 0.37842800
vt 0.09559900 0.64330900
vt 0.30199200 0.54709400
vt 0.36080500 0.38712300
vt 0.46231000 0.33391400
vt 0.67390500 0.20363000
vt 0.86579000 0.54669700
vt 0.73498400 0.31446600
vt 0.90264100 0.58031700
vt 0.74315000 0.21495100
vt 0.36221700 0.31753200
vt 0.83383300 0.43110700
vt 0.02777600 0.68390100
vt 0.30976800 0.40649200
vt 0.68705600 0.41507600
vt 0.49202700 0.62554200
vt 0.69144100 0.31621900
vt 0.23220500 0.15071800
vt 0.10926700 0.66195100
vt 0.94756200 0.41675000
vt 0.53458200 0.22414900
vt 0.08831300 0.69435000
vt 0.27182500 0.05779300
vt 0.46521700 0.08634400
vt 0.05765800 0.67671000
vt 0.32266400 0.57616000
vt 0.21247800 0.08017800
vt 0.24783000 0.62353700
vt 0.93221400 0.39912000
vt 0.33075400 0.30523700
vt 0.74963000 0.15215300
vt 0.48098300 0.30083300
vt 0.74640900 0.21237000
vt 0.34175600 0.09098700
vt 0.38179600 0.30011200
vt 0.81677600 0.52289200
vt 0.74448800 0.22008200
vt 0.29498600 0.07114100
vt 0.26398700 0.09772900
vt 0.41362200 0.60161300
vt 0.74373400 0.16698200
vt 0.74481300 0.33924100
vt 0.15310800 0.64510400
vt 0.68289200 0.36660500
vt 0.29267100 0.07369400
vt 0.62152000 0.34715600
vt 0.18220600 0.66375000
vt 0.38735000 0.60116500
vt 0.46148300 0.24170600
vt 0.35333600 0.10261200
vt 0.73214300 0.16699700
vt 0.96460400 0.55008200
vt 0.47351300 0.12013600
vt 0.31645700 0.45021300
vt 0.73292600 0.13745200
vt 0.66074300 0.36731400
vt 0.75137200 0.21660200
vt 0.32537100 0.26864700
vt 0.32236700 0.46756800
vt 0.11782000 0.62405400
vt 0.78541500 0.45571200
vt 0.39038700 0.22334400
vt 0.21499900 0.06755100
vt 0.88779300 0.51537600
vt 0.72483800 0.41348800
vt 0.68640400 0.49030500
vt 0.81184900 0.36825700
vt 0.02043800 0.67290000
vt 0.31146700 0.53494900
vt 0.82433500 0.36529000
vt 0.46847100 0.41189700
vt 0.73371900 0.59255900
vt 0.24425700 0.14929200
vt 0.57487200 0.33705400
vt 0.50664800 0.60690400
vt 0.81011000 0.43707500
vt 0.18302600 0.16965900
vt 0.46091100 0.12169200
vt 0.71163600 0.35001300
vt 0.64708200 0.20286900
vt 0.51543800 0.42458300
vt 0.47940400 0.50453500
vt 0.10306400 0.67724900
vt 0.91356100 0.58224900
vt 0.80886900 0.38590000
vt 0.37173500 0.09792300
vt 0.31614600 0.05777600
vt 0.74122700 0.16261000
vt 0.74405300 0.15919600
vt 0.49561600 0.13083800
vt 0.40228200 0.61027400
vt 0.65960200 0.44793300
vt 0.64312900 0.22156500
vt 0.55642000 0.10444400
vt 0.57037000 0.29435700
vt 0.95170100 0.41001400
vt 0.81764400 0.60118100
vt 0.48488600 0.12103600
vt 0.30674300 0.58519200
vt 0.46181600 0.31123100
vt 0.48819900 0.04722200
vt 0.72628800 0.23189200
vt 0.32675800 0.15311500
vt 0.66037500 0.28426500
vt 0.12671000 0.65822000
vt 0.45551100 0.28009800
vt 0.34571400 0.10421600
vt 0.45526700 0.04138500
vt 0.10917600 0.65335400
vt 0.66889600 0.18505600
vt 0.94268700 0.44027700
vt 0.44411900 0.27496700
vt 0.68063300 0.26054400
vt 0.27963300 0.54491400
vt 0.74276700 0.45639700
vt 0.53091000 0.46010500
vt 0.97130600 0.48602700
vt 0.37852000 0.35074500
vt 0.42149300 0.12979100
vt 0.94160800 0.43143700
vt 0.93665200 0.58064400
vt 0.96569900 0.40107300
vt 0.06987800 0.70981100
vt 0.75635300 0.12563300
vt 0.35773900 0.35670700
vt 0.47903600 0.46051400
vt 0.74598000 0.20717700
vt 0.55756500 0.08485200
vt 0.08922900 0.64652100
vt 0.47698600 0.59672900
vt 0.50601600 0.32791900
vt 0.70620500 0.34085800
vt 0.73369200 0.46406500
vt 0.96821300 0.43259500
vt 0.95417300 0.45875800
vt 0.36468500 0.41259500
vt 0.64167200 0.17914700
vt 0.59872800 0.11506700
vt 0.41613700 0.20081400
vt 0.14658600 0.65738000
vt 0.50342200 0.20465000
vt 0.21721900 0.58457900
vt 0.45470900 0.38522600
vt 0.25074900 0.15540500
vt 0.93339900 0.60070300
vt 0.98253000 0.43166300
vt 0.62024300 0.28629500
vt 0.85388100 0.49509400
vt 0.57351700 0.38343200
vt 0.80763000 0.58072200
vt 0.52966400 0.34672800
vt 0.39920200 0.52425100
vt 0.31808900 0.06595300
vt 0.64790800 0.30549400
vt 0.31413300 0.16970000
vt 0.53933500 0.07865800
vt 0.44361200 0.25562200
vt 0.30330300 0.18095700
vt 0.76135700 0.22885600
vt 0.76271300 0.12619100
vt 0.29125800 0.21619200
vt 0.50853400 0.04661600
vt 0.51052000 0.49259200
vt 0.76171400 0.45644900
vt 0.32425100 0.58250000
vt 0.56224100 0.28301200
vt 0.65007600 0.32774900
vt 0.48145800 0.23065700
vt 0.34960400 0.11176400
vt 0.76216900 0.18292600
vt 0.78652100 0.46445800
vt 0.22060000 0.17393200
vt 0.65424200 0.50930700
vt 0.75159400 0.49538300
vt 0.68536100 0.23849600
vt 0.86756300 0.44468000
vt 0.94191800 0.60650800
vt 0.02272100 0.72110200
vt 0.74284000 0.26129700
vt 0.70579100 0.14289200
vt 0.49783400 0.05733100
vt 0.32983000 0.08072900
vt 0.91394800 0.53042900
vt 0.09458900 0.66561800
vt 0.74583100 0.15075800
vt 0.85396700 0.53542900
vt 0.71906500 0.56695700
vt 0.81067700 0.62654200
vt 0.41454700 0.35802500
vt 0.46065300 0.40059300
vt 0.08999300 0.65064200
vt 0.17907600 0.58999500
vt 0.76333000 0.15143300
vt 0.40265700 0.08993300
vt 0.02022900 0.70661900
vt 0.47119200 0.12394000
vt 0.25730800 0.07258200
vt 0.50867800 0.08839600
vt 0.85533700 0.51575300
vt 0.52872600 0.06079100
vt 0.82867400 0.48906100
vt 0.33237300 0.52932200
vt 0.56363000 0.09502400
vt 0.56634400 0.33650900
vt 0.05770300 0.69687200
vt 0.16615800 0.64043200
vt 0.83194100 0.63833000
vt 0.28461800 0.19216000
vt 0.51388500 0.22803900
vt 0.93748100 0.41612100
vt 0.41606300 0.30676300
vt 0.71001400 0.15530600
vt 0.90291100 0.50883000
vt 0.50682000 0.32366300
vt 0.34162300 0.33246200
vt 0.87896700 0.72782000
vt 0.32777100 0.60143700
vt 0.53520200 0.19767900
vt 0.38681600 0.26196700
vt 0.39086000 0.11868400
vt 0.32997500 0.47621700
vt 0.28878100 0.55449800
vt 0.96911100 0.44193000
vt 0.71372200 0.16474100
vt 0.33757500 0.08117700
vt 0.58186200 0.27256400
vt 0.93323500 0.42800700
vt 0.49650900 0.29865900
vt 0.56969400 0.09045300
vt 0.36325400 0.12074800
vt 0.20152400 0.61776600
vt 0.94425300 0.45328200
vt 0.58918800 0.10667400
vt 0.35215600 0.16676500
vt 0.61987000 0.41944700
vt 0.91438100 0.40612500
vt 0.37508500 0.23221100
vt 0.36018200 0.04343500
vt 0.98882500 0.49724700
vt 0.19583700 0.62546100
vt 0.59524300 0.47589300
vt 0.21439300 0.06373700
vt 0.55052600 0.26788600
vt 0.48455800 0.16921900
vt 0.45325000 0.41571100
vt 0.75429000 0.32870400
vt 0.61227100 0.10202500
vt 0.91616600 0.53570500
vt 0.35329300 0.19588600
vt 0.70846700 0.53009200
vt 0.03951800 0.67191000
vt 0.33359800 0.07542700
vt 0.45216600 0.32859000
vt 0.19248300 0.60759500
vt 0.34147300 0.40129400
vt 0.63163000 0.29102700
vt 0.58250100 0.56722900
vt 0.43802000 0.12625300
vt 0.37534100 0.54237000
vt 0.32414000 0.55524300
vt 0.81448000 0.40075100
vt 0.80856500 0.39469800
vt 0.73350700 0.22913200
vt 0.45421500 0.23458000
vt 0.85090700 0.65724500
vt 0.35220800 0.28390700
vt 0.82272100 0.38366200
vt 0.63871500 0.24480700
vt 0.75573000 0.19314600
vt 0.73534100 0.24194200
vt 0.14144800 0.59975100
vt 0.17512000 0.67301800
vt 0.52787500 0.32722200
vt 0.92455500 0.54083800
vt 0.45603700 0.08892100
vt 0.22971200 0.07662700
vt 0.30655300 0.05923000
vt 0.07726500 0.68378500
vt 0.58424100 0.43223900
vt 0.89872300 0.53748200
vt 0.79780900 0.41088200
vt 0.29096200 0.48096900
vt 0.80179700 0.41594800
vt 0.85465400 0.48858500
vt 0.55318200 0.08146000
vt 0.71869500 0.17819400
vt 0.15861000 0.61560100
vt 0.59494000 0.11503100
vt 0.13819700 0.61764700
vt 0.26319600 0.54318000
vt 0.26190000 0.55509700
vt 0.55097400 0.22615800
vt 0.29907600 0.53592200
vt 0.23811900 0.56570300
vt 0.25632400 0.05277700
vt 0.01774800 0.70697800
vt 0.32751600 0.48408000
vt 0.85964600 0.49635700
vt 0.54256100 0.59465400
vt 0.22276200 0.59517200
vt 0.65073800 0.16488400
vt 0.14048800 0.66529900
vt 0.60495200 0.50463600
vt 0.58036500 0.58003600
vt 0.04081900 0.69763000
vt 0.35925100 0.29303000
vt 0.69001400 0.50608500
vt 0.28326600 0.60105700
vt 0.50990200 0.10683700
vt 0.86059700 0.36550000
vt 0.53110900 0.04877100
vt 0.41245400 0.28392500
vt 0.68553600 0.47553800
vt 0.52753800 0.35342700
vt 0.43050400 0.13498500
vt 0.92538300 0.39512700
vt 0.46469300 0.02228300
vt 0.69897600 0.62169600
vt 0.92750800 0.42563900
vt 0.62256000 0.47696500
vt 0.58703700 0.37963700
vt 0.97699100 0.49750100
vt 0.04880900 0.72447200
vt 0.62117000 0.29528500
vt 0.82883700 0.48363300
vt 0.87443400 0.54616500
vt 0.74263400 0.20288500
vt 0.28602800 0.10709600
vt 0.25747700 0.14530500
vt 0.56792700 0.16054700
vt 0.36957200 0.10922800
vt 0.46513500 0.52077500
vt 0.97068900 0.40141400
vt 0.92839400 0.44463600
vt 0.74518800 0.59516900
vt 0.33098500 0.06870200
vt 0.58818500 0.42668400
vt 0.21218700 0.57026000
vt 0.36716100 0.35900200
vt 0.93629900 0.56785100
vt 0.51552600 0.03844900
vt 0.87632200 0.37776200
vt 0.43604600 0.49869200
vt 0.72759300 0.14310800
vt 0.36782600 0.11997700
vt 0.90167100 0.72751900
vt 0.58394900 0.25522100
vt 0.43499200 0.17518600
vt 0.44368500 0.59873900
vt 0.56029700 0.17686900
vt 0.28089800 0.48694800
vt 0.96639500 0.51123900
vt 0.02118900 0.68699600
vt 0.31667200 0.08086400
vt 0.13338200 0.65499000
vt 0.51558900 0.07965400
vt 0.32309200 0.05934700
vt 0.32834200 0.34461300
vt 0.75585200 0.15909100
vt 0.52741300 0.23897000
vt 0.83634800 0.45935400
vt 0.91644900 0.42189100
vt 0.80425500 0.59417600
vt 0.19526500 0.60181000
vt 0.73969300 0.14665400
vt 0.81449800 0.37364400
vt 0.96226800 0.44126000
vt 0.82392300 0.45884100
vt 0.47833100 0.41518600
vt 0.06526100 0.71515300
vt 0.96208200 0.46850300
vt 0.52659300 0.10948200
vt 0.21999500 0.62186500
vt 0.38983300 0.35788400
vt 0.93850900 0.39459600
vt 0.45878000 0.01381800
vt 0.75687100 0.18566300
vt 0.76471000 0.52021300
vt 0.38692800 0.23546600
vt 0.38778400 0.11030700
vt 0.36881000 0.39142400
vt 0.55321800 0.18523900
vt 0.38333200 0.59362200
vt 0.07697900 0.69983200
vt 0.33619500 0.10660500
vt 0.72060300 0.21319400
vt 0.43757100 0.45437900
vt 0.88913900 0.50571700
vt 0.28744400 0.53838200
vt 0.48791200 0.39980600
vt 0.38977500 0.58253100
vt 0.71215900 0.58583200
vt 0.28506100 0.47271100
vt 0.35726400 0.07456200
vt 0.34119100 0.36689600
vt 0.64601600 0.23758600
vt 0.51131500 0.57735100
vt 0.36878100 0.10475900
vt 0.45219000 0.03910800
vt 0.64149500 0.36412800
vt 0.74828700 0.21035900
vt 0.78636200 0.63725400
vt 0.95058900 0.45166000
vt 0.27491000 0.47125100
vt 0.47546100 0.17448000
vt 0.64895100 0.57510800
vt 0.35946200 0.37458400
vt 0.44217600 0.57541400
vt 0.30054000 0.60214400
vt 0.31814500 0.53538500
vt 0.32455700 0.57158400
vt 0.45293700 0.26319500
vt 0.63193900 0.23694800
vt 0.72432700 0.49148400
vt 0.05464700 0.72255200
vt 0.75137100 0.18205200
vt 0.58067200 0.30090700
vt 0.17249200 0.60392300
vt 0.31530800 0.41928500
vt 0.34690100 0.25799700
vt 0.61850300 0.44273000
vt 0.13258800 0.63169200
vt 0.70817000 0.14753900
vt 0.66466100 0.23587800
vt 0.93966000 0.56393700
vt 0.24472200 0.12435500
vt 0.84354900 0.47342100
vt 0.67421100 0.58779100
vt 0.36323800 0.55757000
vt 0.33353100 0.38777400
vt 0.88168900 0.56921700
vt 0.98033800 0.43796300
vt 0.84381200 0.51568800
vt 0.95884200 0.40783600
vt 0.79377300 0.41643400
vt 0.55369700 0.30177200
vt 0.93238300 0.44068100
vt 0.72075300 0.23179800
vt 0.90068600 0.72984300
vt 0.42736800 0.13272900
vt 0.18059100 0.59804800
vt 0.40035600 0.12213500
vt 0.69701900 0.20204700
vt 0.55324300 0.34099100
vt 0.27176600 0.44285900
vt 0.36134000 0.19038400
vt 0.36454800 0.30564100
vt 0.63181500 0.32932500
vt 0.38522700 0.11601600
vt 0.83305600 0.40272000
vt 0.98075100 0.45788500
vt 0.40876900 0.03852700
vt 0.04736100 0.66459100
vt 0.11439500 0.64193500
vt 0.51066600 0.13856700
vt 0.72224200 0.25739400
vt 0.88769400 0.53299700
vt 0.33993900 0.41124100
vt 0.72135000 0.47721400
vt 0.40883000 0.27125100
vt 0.81599900 0.42520000
vt 0.59630500 0.33160900
vt 0.31509700 0.53621000
vt 0.58883600 0.22994500
vt 0.25222000 0.07410900
vt 0.29826800 0.54121900
vt 0.73131400 0.23807500
vt 0.33187700 0.18698500
vt 0.46060900 0.33691800
vt 0.66208100 0.34505700
vt 0.47427200 0.20096000
vt 0.77381500 0.50816000
vt 0.95727300 0.53998400
vt 0.33312200 0.53443700
vt 0.28801400 0.59090000
vt 0.27999200 0.49662200
vt 0.85545000 0.66806700
vt 0.28509100 0.50757900
vt 0.36962500 0.05218100
vt 0.08244300 0.65383700
vt 0.75046100 0.22857700
vt 0.20984900 0.06997400
vt 0.19965400 0.63869000
vt 0.47607500 0.13281800
vt 0.02557900 0.70337200
vt 0.59433500 0.40481300
vt 0.03267300 0.66848600
vt 0.19347800 0.58931900
vt 0.65422400 0.27155000
vt 0.71580100 0.54093200
vt 0.43402100 0.03916200
vt 0.08178400 0.64494900
vt 0.50494400 0.10496200
vt 0.19453400 0.64485000
vt 0.52787900 0.29253400
vt 0.88596300 0.52222700
vt 0.36218600 0.10436900
vt 0.87264100 0.46664000
vt 0.81195700 0.61114900
vt 0.22025200 0.60057800
vt 0.68360600 0.35461800
vt 0.63911800 0.50006100
vt 0.86657900 0.65108700
vt 0.37633000 0.22229200
vt 0.91694800 0.41576800
vt 0.82171200 0.43160700
vt 0.74517300 0.15647700
vt 0.76688300 0.60693300
vt 0.81646100 0.45200500
vt 0.06253500 0.66265900
vt 0.57978300 0.28684600
vt 0.82717300 0.49035500
vt 0.24549700 0.58681100
vt 0.09602500 0.69386900
vt 0.27252700 0.57711300
vt 0.62417300 0.40947300
vt 0.46108600 0.50188500
vt 0.40104000 0.12117300
vt 0.73182800 0.54613100
vt 0.42044300 0.27947400
vt 0.49669300 0.48951600
vt 0.32677900 0.56775100
vt 0.64669100 0.19793000
vt 0.12093100 0.66216100
vt 0.80716700 0.41126700
vt 0.83087400 0.44136300
vt 0.14899400 0.66086300
vt 0.37264100 0.11352800
vt 0.96517500 0.53975500
vt 0.64103200 0.26203500
vt 0.60120900 0.44441000
vt 0.70969200 0.17088800
vt 0.61286200 0.47562200
vt 0.98489700 0.43227200
vt 0.43437200 0.03719300
vt 0.93773700 0.44046900
vt 0.82709200 0.40581400
vt 0.23120700 0.60132400
vt 0.73413900 0.26099000
vt 0.28716800 0.56935200
vt 0.60468900 0.25346400
vt 0.02056500 0.70975900
vt 0.96086800 0.44529600
vt 0.68033100 0.42286800
vt 0.72868000 0.64466500
vt 0.90290900 0.55152200
vt 0.24202200 0.18589800
vt 0.71153200 0.24361800
vt 0.92060500 0.44657900
vt 0.97288900 0.52818800
vt 0.71554100 0.14438300
vt 0.94748500 0.44246600
vt 0.60899300 0.25439600
vt 0.20420400 0.57540800
vt 0.55218300 0.05693500
vt 0.83776400 0.35902500
vt 0.06911300 0.64920800
vt 0.55377800 0.35116600
vt 0.93388900 0.54367200
vt 0.60111400 0.39769700
vt 0.78909600 0.49224100
vt 0.34956100 0.49637900
vt 0.73070600 0.15441600
vt 0.14161400 0.60443800
vt 0.89664700 0.46009700
vt 0.24337600 0.05596700
vt 0.86548600 0.52641400
vt 0.66805500 0.29299800
vt 0.58587500 0.33372300
vt 0.25609000 0.43270700
vt 0.23519500 0.21125800
vt 0.13518900 0.68576900
vt 0.10037700 0.61305900
vt 0.17646400 0.10878500
vt 0.92063900 0.69446000
vt 0.97109200 0.43651300
vt 0.33148700 0.57044000
vt 0.30942800 0.53975600
vt 0.95651600 0.54591900
vt 0.69888900 0.51559900
vt 0.21271700 0.12631100
vt 0.83682200 0.68270800
vt 0.53537900 0.44684600
vt 0.73879000 0.16023500
vt 0.06592600 0.65845900
vt 0.57691500 0.24000100
vt 0.74407000 0.32727100
vt 0.96334000 0.41904200
vt 0.65502200 0.29450500
vt 0.68625600 0.34766000
vt 0.91032400 0.73597500
vt 0.27217900 0.53390200
vt 0.37345200 0.56338900
vt 0.45980000 0.30802200
vt 0.26675400 0.58968300
vt 0.18549600 0.63361700
vt 0.60172200 0.49295100
vt 0.46282300 0.03457900
vt 0.92092100 0.44194000
vt 0.09999900 0.66912900
vt 0.41357400 0.59042900
vt 0.75602800 0.21236900
vt 0.32560600 0.06488600
vt 0.40598700 0.11990900
vt 0.70735000 0.31380600
vt 0.44215900 0.59125500
vt 0.55223100 0.11677300
vt 0.25612700 0.16662600
vt 0.77671300 0.55683300
vt 0.57134600 0.06604400
vt 0.81246900 0.35277300
vt 0.33514100 0.58544500
vt 0.45257900 0.06139500
vt 0.53658800 0.41605200
vt 0.45504000 0.43483200
vt 0.85227700 0.70266400
vt 0.46954700 0.06360600
vt 0.66199900 0.16728000
vt 0.82497900 0.65291000
vt 0.13567400 0.66117300
vt 0.43104400 0.43396200
vt 0.18649700 0.64204600
vt 0.72656500 0.13396200
vt 0.39744800 0.18493500
vt 0.47318400 0.60542600
vt 0.88310600 0.46729200
vt 0.75338300 0.13404400
vt 0.72470100 0.43656600
vt 0.70984700 0.60891700
vt 0.41573400 0.24688600
vt 0.32075000 0.58818900
vt 0.90165400 0.50145500
vt 0.36746500 0.06093900
vt 0.30819800 0.58061200
vt 0.15213700 0.67031000
vt 0.83729200 0.47754400
vt 0.68687400 0.38163500
vt 0.65268800 0.37081000
vt 0.41171900 0.60951900
vt 0.33726300 0.39656500
vt 0.50565000 0.06986300
vt 0.35277400 0.11566400
vt 0.28203500 0.36514900
vt 0.28055900 0.25383200
vt 0.69008500 0.17396600
vt 0.52501000 0.12429700
vt 0.42091000 0.12229600
vt 0.60840800 0.42489900
vt 0.21696500 0.05761700
vt 0.97885700 0.42629700
vt 0.21718800 0.63626000
vt 0.63875200 0.30470900
vt 0.29367600 0.15786100
vt 0.88256100 0.70188900
vt 0.73493600 0.60207300
vt 0.54602500 0.09794900
vt 0.12368900 0.65207200
vt 0.77062200 0.15859500
vt 0.74003600 0.20938300
vt 0.27269000 0.19321100
vt 0.23045800 0.04835000
vt 0.31796300 0.10657500
vt 0.58379900 0.54422200
vt 0.67154500 0.39872100
vt 0.69486400 0.32368600
vt 0.16705000 0.62268200
vt 0.81940300 0.35598400
vt 0.56561900 0.06143700
vt 0.63210000 0.23241900
vt 0.06887900 0.70629800
vt 0.14284000 0.63080800
vt 0.76976900 0.18351700
vt 0.89370100 0.52631500
vt 0.71829400 0.15818700
vt 0.27254700 0.54211100
vt 0.10950600 0.61148300
vt 0.14551800 0.68390700
vt 0.87415500 0.52691600
vt 0.47265000 0.62717300
vt 0.93010900 0.42834000
vt 0.18673600 0.60753400
vt 0.08789900 0.65695000
vt 0.73588600 0.17783400
vt 0.70606300 0.18907000
vt 0.56691700 0.35302600
vt 0.82548900 0.44948800
vt 0.85875700 0.39537300
vt 0.77423600 0.16704900
vt 0.77755600 0.19603400
vt 0.67882200 0.51271100
vt 0.50242900 0.41454900
vt 0.52273400 0.45507600
vt 0.33587200 0.45832400
vt 0.31779100 0.09707800
vt 0.28226200 0.55729400
vt 0.25716400 0.61688500
vt 0.72766800 0.35895000
vt 0.61988600 0.27570600
vt 0.72245500 0.16480500
vt 0.30401300 0.42112500
vt 0.55218700 0.31040900
vt 0.76046800 0.32929600
vt 0.60719800 0.10055700
vt 0.02790800 0.66579500
vt 0.90500900 0.64890600
vt 0.60221600 0.41494100
vt 0.73647200 0.60987800
vt 0.22377700 0.59036200
vt 0.69528600 0.29816800
vt 0.78404600 0.48192100
vt 0.96541700 0.44429500
vt 0.92947100 0.41621100
vt 0.38121800 0.27609400
vt 0.26638100 0.61140500
vt 0.93064500 0.40892500
vt 0.24249000 0.06377600
vt 0.32228200 0.56528100
vt 0.38449200 0.56757800
vt 0.56766800 0.57553100
vt 0.73639100 0.51004300
vt 0.90243700 0.73166700
vt 0.48195000 0.27557200
vt 0.17318500 0.61039600
vt 0.61615800 0.46847800
vt 0.82346800 0.43321000
vt 0.71030300 0.45966300
vt 0.68664100 0.19704700
vt 0.49959300 0.08489400
vt 0.75718500 0.35075000
vt 0.66404100 0.33113500
vt 0.26117000 0.06412700
vt 0.55457700 0.58521300
vt 0.75309900 0.22659300
vt 0.85997500 0.43158800
vt 0.33962600 0.11950800
vt 0.74939000 0.45264400
vt 0.89294000 0.54614200
vt 0.59293000 0.35711700
vt 0.68428500 0.43591800
vt 0.44831100 0.08224400
vt 0.65707100 0.18614600
vt 0.29482500 0.39621800
vt 0.52395700 0.46813200
vt 0.25249300 0.59940700
vt 0.72103900 0.14319800
vt 0.80134700 0.46073700
vt 0.02735900 0.68076400
vt 0.89850700 0.69861800
vt 0.60896100 0.28615700
vt 0.30826300 0.58843000
vt 0.86852300 0.55130400
vt 0.67199000 0.30493700
vt 0.16565200 0.14928600
vt 0.81829300 0.59030500
vt 0.83823100 0.39344600
vt 0.96333000 0.51612800
vt 0.68281500 0.22799000
vt 0.52418500 0.42700700
vt 0.78839800 0.61278200
vt 0.50163300 0.15650000
vt 0.36760500 0.53980800
vt 0.32467900 0.23944000
vt 0.59577900 0.55717300
vt 0.60185100 0.52215800
vt 0.53537800 0.08643500
vt 0.70071600 0.28437900
vt 0.70838100 0.55049200
vt 0.83295100 0.48673200
vt 0.70893600 0.57518200
vt 0.90377100 0.62435300
vt 0.35012600 0.35886400
vt 0.26409300 0.14006400
vt 0.89800100 0.73294500
vt 0.31058000 0.59799900
vt 0.26803900 0.52155400
vt 0.32437400 0.43299600
vt 0.20062600 0.59639400
vt 0.43277700 0.44208500
vt 0.10386300 0.66023700
vt 0.64942300 0.55070600
vt 0.20456900 0.63026100
vt 0.46163900 0.59716600
vt 0.75109600 0.64102800
vt 0.93618900 0.43697800
vt 0.94548600 0.50969400
vt 0.73755400 0.15516400
vt 0.71097400 0.18187400
vt 0.52442800 0.22064900
vt 0.30602900 0.07470500
vt 0.09058800 0.68270500
vt 0.90511000 0.47282100
vt 0.62346800 0.22496000
vt 0.42232300 0.49277200
vt 0.93025900 0.54698700
vt 0.32034200 0.55155600
vt 0.31108900 0.49278000
vt 0.98459300 0.42338500
vt 0.31100500 0.06021800
vt 0.61140500 0.29454500
vt 0.61981300 0.50492000
vt 0.76309400 0.18228800
vt 0.65697400 0.30170100
vt 0.37140800 0.39920800
vt 0.50150800 0.14572100
vt 0.31134700 0.15640500
vt 0.90169600 0.53102700
vt 0.51941800 0.46147600
vt 0.47792200 0.40337800
vt 0.22825800 0.63196300
vt 0.27549700 0.60800300
vt 0.52328400 0.58652700
vt 0.33745300 0.09132100
vt 0.13907600 0.61055500
vt 0.32989300 0.56840000
vt 0.34192500 0.57779300
vt 0.41525500 0.09616700
vt 0.64889000 0.46906500
vt 0.94400100 0.54298000
vt 0.22285800 0.07894800
vt 0.30472900 0.50223700
vt 0.57193600 0.56825600
vt 0.32425300 0.49596200
vt 0.62162400 0.53975000
vt 0.88198200 0.55028900
vt 0.03930400 0.67681200
vt 0.63127500 0.45668500
vt 0.93626800 0.61441900
vt 0.61745700 0.38159600
vt 0.63930400 0.28887000
vt 0.26247800 0.24064800
vt 0.27180700 0.39012200
vt 0.31517600 0.54448200
vt 0.15850400 0.66996500
vt 0.64128600 0.28099500
vt 0.86497200 0.51913800
vt 0.22896500 0.08328600
vt 0.51752100 0.61005800
vt 0.75738600 0.16382100
vt 0.56974600 0.22706000
vt 0.32806600 0.13778400
vt 0.61353900 0.34997300
vt 0.82704200 0.44193900
vt 0.42934500 0.48783000
vt 0.95548000 0.40137100
vt 0.74623100 0.13851500
vt 0.60817200 0.51868100
vt 0.95023700 0.54684600
vt 0.43571100 0.26699300
vt 0.80187900 0.36674900
vt 0.38948700 0.11771300
vt 0.91651500 0.50681400
vt 0.56682000 0.58305200
vt 0.95138300 0.44016800
vt 0.50955100 0.18457200
vt 0.79484300 0.34281800
vt 0.58244200 0.08000100
vt 0.89214900 0.62926600
vt 0.52402700 0.09731600
vt 0.49714100 0.09183600
vt 0.60653000 0.54527500
vt 0.07193100 0.67894100
vt 0.87874900 0.51534100
vt 0.77195000 0.49397700
vt 0.96326300 0.43013200
vt 0.68989800 0.45190000
vt 0.23367800 0.58902300
vt 0.25241900 0.07736200
vt 0.74952700 0.16139000
vt 0.86619300 0.47904500
vt 0.51934500 0.23359300
vt 0.88865400 0.65870500
vt 0.32964700 0.10507400
vt 0.72422800 0.18534300
vt 0.75670200 0.17617900
vt 0.68092700 0.20954600
vt 0.36028200 0.09698200
vt 0.32295100 0.05292100
vt 0.76931900 0.46257700
vt 0.01971000 0.67996800
vt 0.51590000 0.11350700
vt 0.37111600 0.16107500
vt 0.46945600 0.18648200
vt 0.43776300 0.43176700
vt 0.15901200 0.13329600
vt 0.91313700 0.72381800
vt 0.21280800 0.05922800
vt 0.57116400 0.20922900
vt 0.60089200 0.36945500
vt 0.53796900 0.10680900
vt 0.45073300 0.42178700
vt 0.70545000 0.37277400
vt 0.63079400 0.47560400
vt 0.74476300 0.62235200
vt 0.31756500 0.18112000
vt 0.14173200 0.66180700
vt 0.63802200 0.45104200
vt 0.47815900 0.28599900
vt 0.71332200 0.39522200
vt 0.37937700 0.09530500
vt 0.72304400 0.57687600
vt 0.87787600 0.49491300
vt 0.41997600 0.14271000
vt 0.74683500 0.20041300
vt 0.67208100 0.36433000
vt 0.25054200 0.04809700
vt 0.02122900 0.71452500
vt 0.94672800 0.60133600
vt 0.20983600 0.06289900
vt 0.93368200 0.63144300
vt 0.91461800 0.53778400
vt 0.65449900 0.22130900
vt 0.90576400 0.55596400
vt 0.84463100 0.42014500
vt 0.74448100 0.17607900
vt 0.59177800 0.41839100
vt 0.14420300 0.68073000
vt 0.30064600 0.04452200
vt 0.97239000 0.54937000
vt 0.48025100 0.13906800
vt 0.05532200 0.73720000
vt 0.24843700 0.05201300
vt 0.01908700 0.66517100
vt 0.56470400 0.34190300
vt 0.77116000 0.16593400
vt 0.12358100 0.63170200
vt 0.08108800 0.70940900
vt 0.49411400 0.60084100
vt 0.32478200 0.55232200
vt 0.51995300 0.32822100
vt 0.84766700 0.48001900
vt 0.47263800 0.24381100
vt 0.67529900 0.33545600
vt 0.53391200 0.20750500
vt 0.06481700 0.71237600
vt 0.05733800 0.70855100
vt 0.53439700 0.28389400
vt 0.23643300 0.04676500
vt 0.04549600 0.72823500
vt 0.77498900 0.14979700
vt 0.76761500 0.20398900
vt 0.62148000 0.46608800
vt 0.26426500 0.41705400
vt 0.24351800 0.22534800
vt 0.54345400 0.55853100
vt 0.31042200 0.55081200
vt 0.31133000 0.32605700
vt 0.31459700 0.28514900
vt 0.24674000 0.63040700
vt 0.86868400 0.53571900
vt 0.43195500 0.47884500
vt 0.23999400 0.05904200
vt 0.06026100 0.73340500
vt 0.02525700 0.66246900
vt 0.87788300 0.53935900
vt 0.76868300 0.14314600
vt 0.71361500 0.31378500
vt 0.31571800 0.06303600
vt 0.30259400 0.57392300
vt 0.34955200 0.11732200
vt 0.48757200 0.17820500
vt 0.06017500 0.67050500
vt 0.07740200 0.69500400
vt 0.71960500 0.22172200
vt 0.82046300 0.48609400
vt 0.48695600 0.20780400
vt 0.60421900 0.54154000
vt 0.92485800 0.53661500
vt 0.56536100 0.56230300
vt 0.52431500 0.18680900
vt 0.38430900 0.21185800
vt 0.76458000 0.18414000
vt 0.95076700 0.43316500
vt 0.07931900 0.69603800
vt 0.75526700 0.12974900
vt 0.49656300 0.31097500
vt 0.27103600 0.53544700
vt 0.23313700 0.17763800
vt 0.69550200 0.27840700
vt 0.63766000 0.21314700
vt 0.19311800 0.57736300
vt 0.40844300 0.14452900
vt 0.13830600 0.62689000
vt 0.62110800 0.25203600
vt 0.52510500 0.33833100
vt 0.80529400 0.48006900
vt 0.08856200 0.66822300
vt 0.75214400 0.15096600
vt 0.38938900 0.13178200
vt 0.86833400 0.59661800
vt 0.59014600 0.29409700
vt 0.87258000 0.45711400
vt 0.36377600 0.33256100
vt 0.18974600 0.09984600
vt 0.59248400 0.39216300
vt 0.73491400 0.41579900
vt 0.50587300 0.29167300
vt 0.48760300 0.08031600
vt 0.53027500 0.11263100
vt 0.87575900 0.71492100
vt 0.32838000 0.28783600
vt 0.82077800 0.46134700
vt 0.14548500 0.62522600
vt 0.27556000 0.59002400
vt 0.94772000 0.40475800
vt 0.10694600 0.62509200
vt 0.29440300 0.53229000
vt 0.06713500 0.66929300
vt 0.88707600 0.52706000
vt 0.13403000 0.66549700
vt 0.97531800 0.42008800
vt 0.85361900 0.56607100
vt 0.25597300 0.12998500
vt 0.34014900 0.60839800
vt 0.86522500 0.72378500
vt 0.29279200 0.18325200
vt 0.91788800 0.43124500
vt 0.76915600 0.18803800
vt 0.40919200 0.08151300
vt 0.37572800 0.60669000
vt 0.18420300 0.15017600
vt 0.08993900 0.68603900
vt 0.72061200 0.29513700
vt 0.86477600 0.66048400
vt 0.20664500 0.59320800
vt 0.91622100 0.51701500
vt 0.92085400 0.41367700
vt 0.09302700 0.70224500
vt 0.93956800 0.40707000
vt 0.36821800 0.06986800
vt 0.55020100 0.35431900
vt 0.62635900 0.24356600
vt 0.71667700 0.27745300
vt 0.81124100 0.40380500
vt 0.78028100 0.41065900
vt 0.73267900 0.24899700
vt 0.82103300 0.37942800
vt 0.38783200 0.08895100
vt 0.32228100 0.54315200
vt 0.32843000 0.07078100
vt 0.58826100 0.11809900
vt 0.33335300 0.57326000
vt 0.17643800 0.60719400
vt 0.45064300 0.03539600
vt 0.21002600 0.63904900
vt 0.92476100 0.60239400
vt 0.35656900 0.32860500
vt 0.67064500 0.31678500
vt 0.91734500 0.56531300
vt 0.56353500 0.05458200
vt 0.82427000 0.36283800
vt 0.37102300 0.24390700
vt 0.88748900 0.68607900
vt 0.88422300 0.45788600
vt 0.47186100 0.42269100
vt 0.06670700 0.70403500
vt 0.72982800 0.63202000
vt 0.23141600 0.59484700
vt 0.52895200 0.57284700
vt 0.10357900 0.68517200
vt 0.82623400 0.37784200
vt 0.60577000 0.28976600
vt 0.40380900 0.25089400
vt 0.74034800 0.22629800
vt 0.93519200 0.41068700
vt 0.22271900 0.18247300
vt 0.25883200 0.05754700
vt 0.01531700 0.70129100
vt 0.26928400 0.57104300
vt 0.70608800 0.20395800
vt 0.44224200 0.43724700
vt 0.47134400 0.21219500
vt 0.35186200 0.40851000
vt 0.33884100 0.06372300
vt 0.19800300 0.59346500
vt 0.41990200 0.47338500
vt 0.88649900 0.64645600
vt 0.26058200 0.11445200
vt 0.08030700 0.66766500
vt 0.72588300 0.51846200
vt 0.93714700 0.44461500
vt 0.96434600 0.43337200
vt 0.75814000 0.65077400
vt 0.64294600 0.19703700
vt 0.82570800 0.39537500
vt 0.66512800 0.50317300
vt 0.76874500 0.15076300
vt 0.54211800 0.08032200
vt 0.55820100 0.08202100
vt 0.18419300 0.65740800
vt 0.84002900 0.64905300
vt 0.29451500 0.61451400
vt 0.25357000 0.54128700
vt 0.29377800 0.58451700
vt 0.50715100 0.07909000
vt 0.14177400 0.61921300
vt 0.71552800 0.16121900
vt 0.75065100 0.37910100
vt 0.31929400 0.40499200
vt 0.60634100 0.40749200
vt 0.96086200 0.40401100
vt 0.52163500 0.58381500
vt 0.45702000 0.03876300
vt 0.03690100 0.68297200
vt 0.54621000 0.07396800
vt 0.25583000 0.18098000
vt 0.73935800 0.55504200
vt 0.89765400 0.67068800
vt 0.55369700 0.20740300
vt 0.97225500 0.41876700
vt 0.44962700 0.22667100
vt 0.47793900 0.57979600
vt 0.39688500 0.63132200
vt 0.80873900 0.70671500
vt 0.86562100 0.42501800
vt 0.34669400 0.07454000
vt 0.84590700 0.46416100
vt 0.20106500 0.63625500
vt 0.60909500 0.26651300
vt 0.29941600 0.05519000
vt 0.80180700 0.63610100
vt 0.27294900 0.05335500
vt 0.92824800 0.40143500
vt 0.63756100 0.20504000
f 3222/3222 4189/4189 1285/1285
f 1989/1989 4189/4189 1175/1175
f 1285/1285 4189/4189 1989/1989
f 1285/1285 1989/1989 3922/3922
f 2634/2634 1285/1285 187/187
f 187/187 1285/1285 3922/3922
f 935/935 187/187 3922/3922
f 2634/2634 187/187 935/935
f 2943/2943 3389/3389 935/935
f 833/833 4080/4080 2232/2232
f 833/833 2232/2232 288/288
f 4117/4117 4020/4020 4223/4223
f 4117/4117 1132/1132 4020/4020
f 3176/3176 4020/4020 3514/3514
f 2800/2800 4020/4020 1132/1132
f 872/872 2800/2800 1132/1132
f 872/872 1132/1132 833/833
f 1061/1061 2693/2693 2800/2800
f 2693/2693 4020/4020 2800/2800
f 1061/1061 2800/2800 872/872
f 1647/1647 873/873 833/833
f 4037/4037 833/833 288/288
f 4037/4037 1647/1647 833/833
f 2994/2994 1647/1647 4037/4037
f 873/873 3663/3663 1060/1060
f 1647/1647 3663/3663 873/873
f 3663/3663 2216/2216 1060/1060
f 2994/2994 3663/3663 1647/1647
f 1895/1895 3663/3663 2994/2994
f 1895/1895 2994/2994 1636/1636
f 1582/1582 1322/1322 4037/4037
f 191/191 4037/4037 1322/1322
f 191/191 2994/2994 4037/4037
f 2176/2176 191/191 1322/1322
f 2176/2176 1986/1986 191/191
f 2994/2994 191/191 1636/1636
f 2765/2765 3685/3685 1636/1636
f 191/191 2765/2765 1636/1636
f 1986/1986 2765/2765 191/191
f 1190/1190 2765/2765 1986/1986
f 2793/2793 1190/1190 1986/1986
f 2765/2765 1190/1190 1142/1142
f 2752/2752 1190/1190 2793/2793
f 3073/3073 1042/1042 3492/3492
f 758/758 852/852 3678/3678
f 3905/3905 2774/2774 764/764
f 1042/1042 852/852 3905/3905
f 3073/3073 852/852 1042/1042
f 852/852 758/758 3905/3905
f 758/758 815/815 2774/2774
f 2956/2956 2774/2774 815/815
f 758/758 2774/2774 3905/3905
f 764/764 2774/2774 2956/2956
f 2956/2956 1599/1599 764/764
f 2956/2956 3788/3788 1599/1599
f 1599/1599 3788/3788 243/243
f 2956/2956 1252/1252 3788/3788
f 9/9 3788/3788 1252/1252
f 9/9 243/243 3788/3788
f 1609/1609 589/589 9/9
f 9/9 589/589 243/243
f 2783/2783 1411/1411 1204/1204
f 2971/2971 2783/2783 2144/2144
f 3577/3577 4198/4198 2028/2028
f 3577/3577 3981/3981 4198/4198
f 2028/2028 4149/4149 3577/3577
f 2400/2400 4149/4149 3150/3150
f 1682/1682 3150/3150 4149/4149
f 324/324 3678/3678 3255/3255
f 4083/4083 324/324 2873/2873
f 324/324 1005/1005 2873/2873
f 4083/4083 74/74 324/324
f 1226/1226 3073/3073 3492/3492
f 1005/1005 1226/1226 2143/2143
f 1005/1005 3255/3255 1226/1226
f 3255/3255 3678/3678 3073/3073
f 1226/1226 3255/3255 3073/3073
f 852/852 3073/3073 3678/3678
f 1005/1005 1411/1411 2873/2873
f 1411/1411 1005/1005 2143/2143
f 2143/2143 1204/1204 1411/1411
f 324/324 3255/3255 1005/1005
f 1932/1932 969/969 758/758
f 969/969 815/815 758/758
f 3678/3678 1932/1932 758/758
f 3981/3981 969/969 1932/1932
f 969/969 3981/3981 3790/3790
f 815/815 969/969 2293/2293
f 969/969 3790/3790 2293/2293
f 815/815 2293/2293 2956/2956
f 1252/1252 2956/2956 2293/2293
f 1932/1932 324/324 74/74
f 2028/2028 4198/4198 74/74
f 4198/4198 1932/1932 74/74
f 324/324 1932/1932 3678/3678
f 4198/4198 3981/3981 1932/1932
f 4153/4153 766/766 2816/2816
f 4083/4083 4153/4153 1682/1682
f 766/766 4153/4153 2873/2873
f 4153/4153 4083/4083 2873/2873
f 2816/2816 1143/1143 4153/4153
f 766/766 2873/2873 1411/1411
f 766/766 1411/1411 2783/2783
f 2816/2816 766/766 2971/2971
f 2971/2971 766/766 2783/2783
f 4083/4083 2028/2028 74/74
f 4149/4149 2028/2028 4083/4083
f 1682/1682 4149/4149 4083/4083
f 4153/4153 1143/1143 1682/1682
f 3773/3773 2142/2142 2986/2986
f 840/840 2986/2986 2270/2270
f 840/840 2270/2270 2577/2577
f 840/840 2131/2131 2986/2986
f 3773/3773 2986/2986 2131/2131
f 840/840 4085/4085 2131/2131
f 4085/4085 2739/2739 2131/2131
f 2148/2148 1003/1003 4145/4145
f 4145/4145 2511/2511 3199/3199
f 3995/3995 4145/4145 3199/3199
f 620/620 3995/3995 3199/3199
f 3042/3042 4145/4145 3995/3995
f 3042/3042 3995/3995 1724/1724
f 840/840 2577/2577 2148/2148
f 840/840 2148/2148 4085/4085
f 2148/2148 4145/4145 2159/2159
f 1924/1924 4085/4085 2159/2159
f 2159/2159 1206/1206 1924/1924
f 1749/1749 1924/1924 1206/1206
f 2148/2148 2159/2159 4085/4085
f 1206/1206 2159/2159 3042/3042
f 1206/1206 3042/3042 13/13
f 3042/3042 2159/2159 4145/4145
f 13/13 3042/3042 1724/1724
f 1746/1746 1749/1749 1206/1206
f 4098/4098 3303/3303 1206/1206
f 1206/1206 13/13 4098/4098
f 4251/4251 2413/2413 2890/2890
f 2270/2270 3817/3817 2413/2413
f 2270/2270 2413/2413 2577/2577
f 3817/3817 1216/1216 2890/2890
f 2413/2413 3817/3817 2890/2890
f 3963/3963 2890/2890 1216/1216
f 3743/3743 2890/2890 3963/3963
f 3743/3743 4251/4251 2890/2890
f 4172/4172 2431/2431 956/956
f 1042/1042 4356/4356 2142/2142
f 1042/1042 1216/1216 4356/4356
f 3963/3963 3905/3905 764/764
f 3743/3743 3963/3963 764/764
f 3905/3905 3963/3963 1216/1216
f 1216/1216 1042/1042 3905/3905
f 3492/3492 1042/1042 2142/2142
f 3817/3817 2270/2270 4356/4356
f 4356/4356 1216/1216 3817/3817
f 2986/2986 4356/4356 2270/2270
f 4356/4356 2986/2986 2142/2142
f 1599/1599 3743/3743 764/764
f 1599/1599 956/956 3743/3743
f 956/956 1599/1599 243/243
f 956/956 243/243 4172/4172
f 243/243 3594/3594 4172/4172
f 243/243 589/589 3594/3594
f 3594/3594 589/589 3536/3536
f 4172/4172 3594/3594 406/406
f 406/406 2431/2431 4172/4172
f 3594/3594 3536/3536 406/406
f 876/876 406/406 3536/3536
f 876/876 3536/3536 274/274
f 3578/3578 888/888 700/700
f 700/700 888/888 2511/2511
f 3743/3743 1374/1374 4251/4251
f 4251/4251 1374/1374 3578/3578
f 1374/1374 3127/3127 3578/3578
f 956/956 1374/1374 3743/3743
f 700/700 1003/1003 2413/2413
f 4251/4251 700/700 2413/2413
f 700/700 4251/4251 3578/3578
f 1003/1003 2577/2577 2413/2413
f 2511/2511 1003/1003 700/700
f 4145/4145 1003/1003 2511/2511
f 2577/2577 1003/1003 2148/2148
f 3578/3578 2754/2754 888/888
f 888/888 2754/2754 620/620
f 888/888 620/620 3199/3199
f 1476/1476 1374/1374 2149/2149
f 1374/1374 1476/1476 3127/3127
f 1374/1374 956/956 2149/2149
f 3578/3578 3127/3127 2754/2754
f 2754/2754 3127/3127 2781/2781
f 888/888 3199/3199 2511/2511
f 2149/2149 956/956 3406/3406
f 956/956 2431/2431 3406/3406
f 2431/2431 743/743 3406/3406
f 743/743 2431/2431 406/406
f 743/743 1780/1780 3406/3406
f 1780/1780 743/743 876/876
f 876/876 743/743 406/406
f 1476/1476 2149/2149 3406/3406
f 80/80 2957/2957 1780/1780
f 2957/2957 3406/3406 1780/1780
f 1780/1780 876/876 2514/2514
f 274/274 2514/2514 876/876
f 2143/2143 1226/1226 3773/3773
f 2143/2143 3773/3773 1442/1442
f 1442/1442 3773/3773 176/176
f 1442/1442 1204/1204 2143/2143
f 176/176 2526/2526 1442/1442
f 2526/2526 176/176 2739/2739
f 2739/2739 4085/4085 1693/1693
f 2131/2131 176/176 3773/3773
f 2739/2739 176/176 2131/2131
f 3134/3134 2526/2526 2739/2739
f 3134/3134 2739/2739 1693/1693
f 2035/2035 3134/3134 1693/1693
f 1749/1749 2035/2035 1693/1693
f 2379/2379 2035/2035 3895/3895
f 2379/2379 3895/3895 2083/2083
f 1962/1962 1442/1442 2526/2526
f 3134/3134 1962/1962 2526/2526
f 1962/1962 2783/2783 1442/1442
f 1204/1204 1442/1442 2783/2783
f 2144/2144 1962/1962 2282/2282
f 2282/2282 1962/1962 2379/2379
f 2783/2783 1962/1962 2144/2144
f 1962/1962 3134/3134 2379/2379
f 3134/3134 2035/2035 2379/2379
f 2083/2083 2282/2282 2379/2379
f 2035/2035 1749/1749 3657/3657
f 3657/3657 1749/1749 1746/1746
f 1749/1749 1693/1693 1924/1924
f 4085/4085 1924/1924 1693/1693
f 3303/3303 1746/1746 1206/1206
f 3657/3657 3895/3895 2035/2035
f 3895/3895 3657/3657 665/665
f 3895/3895 2156/2156 3313/3313
f 3657/3657 1746/1746 665/665
f 2696/2696 665/665 1746/1746
f 665/665 2696/2696 3219/3219
f 2322/2322 401/401 3015/3015
f 665/665 3219/3219 401/401
f 665/665 2156/2156 3895/3895
f 665/665 401/401 2156/2156
f 401/401 3219/3219 3015/3015
f 3773/3773 1226/1226 3492/3492
f 3492/3492 2142/2142 3773/3773
f 564/564 3981/3981 3577/3577
f 564/564 3790/3790 3981/3981
f 89/89 1378/1378 564/564
f 3790/3790 564/564 1378/1378
f 1510/1510 1378/1378 89/89
f 1510/1510 3560/3560 1252/1252
f 3854/3854 1252/1252 3560/3560
f 2267/2267 3854/3854 1319/1319
f 4057/4057 2525/2525 2960/2960
f 2960/2960 564/564 3577/3577
f 2442/2442 2960/2960 3577/3577
f 2442/2442 3577/3577 4149/4149
f 2525/2525 89/89 564/564
f 2960/2960 2525/2525 564/564
f 2400/2400 2442/2442 4149/4149
f 2400/2400 2648/2648 2442/2442
f 2960/2960 2442/2442 4057/4057
f 2442/2442 2648/2648 4057/4057
f 2525/2525 4057/4057 1774/1774
f 89/89 2525/2525 4103/4103
f 3560/3560 4103/4103 4021/4021
f 1774/1774 4103/4103 2525/2525
f 4/4 4057/4057 2648/2648
f 2352/2352 4/4 2648/2648
f 4/4 1161/1161 1774/1774
f 4/4 1774/1774 4057/4057
f 1510/1510 89/89 3560/3560
f 89/89 4103/4103 3560/3560
f 1319/1319 3854/3854 3560/3560
f 4021/4021 1319/1319 3560/3560
f 1378/1378 2293/2293 3790/3790
f 1252/1252 2293/2293 1378/1378
f 3498/3498 1609/1609 583/583
f 1609/1609 3498/3498 1458/1458
f 1252/1252 1378/1378 1510/1510
f 583/583 1252/1252 3854/3854
f 583/583 3854/3854 3498/3498
f 1458/1458 3498/3498 1985/1985
f 9/9 1252/1252 583/583
f 1609/1609 9/9 583/583
f 1609/1609 1458/1458 589/589
f 3498/3498 3854/3854 2267/2267
f 2267/2267 1985/1985 3498/3498
f 1458/1458 2936/2936 3081/3081
f 1985/1985 2936/2936 1458/1458
f 274/274 1458/1458 3081/3081
f 4223/4223 4103/4103 1774/1774
f 4223/4223 1663/1663 4103/4103
f 1774/1774 1161/1161 4223/4223
f 4117/4117 4223/4223 1161/1161
f 4021/4021 4103/4103 1663/1663
f 1663/1663 4223/4223 3176/3176
f 3920/3920 3052/3052 703/703
f 1319/1319 4021/4021 703/703
f 2160/2160 2267/2267 1319/1319
f 2267/2267 2160/2160 2936/2936
f 1985/1985 2267/2267 2936/2936
f 703/703 2160/2160 1319/1319
f 3052/3052 2160/2160 703/703
f 4021/4021 1663/1663 2601/2601
f 3920/3920 703/703 4021/4021
f 2601/2601 3920/3920 4021/4021
f 3052/3052 2936/2936 2160/2160
f 1056/1056 3081/3081 2936/2936
f 1056/1056 2936/2936 3052/3052
f 2926/2926 3081/3081 1056/1056
f 48/48 274/274 3081/3081
f 3081/3081 2926/2926 1136/1136
f 2853/2853 48/48 3081/3081
f 1136/1136 2853/2853 3081/3081
f 589/589 1458/1458 3536/3536
f 1458/1458 274/274 3536/3536
f 3871/3871 2345/2345 274/274
f 3871/3871 3840/3840 4015/4015
f 1958/1958 498/498 3840/3840
f 498/498 4015/4015 3840/3840
f 3338/3338 4015/4015 498/498
f 3871/3871 4015/4015 751/751
f 751/751 4015/4015 3338/3338
f 932/932 498/498 1958/1958
f 942/942 932/932 3949/3949
f 3949/3949 932/932 1958/1958
f 498/498 932/932 3338/3338
f 1093/1093 3338/3338 932/932
f 1/1 1093/1093 932/932
f 1/1 932/932 942/942
f 4064/4064 942/942 3949/3949
f 179/179 942/942 4064/4064
f 942/942 179/179 1414/1414
f 1414/1414 870/870 1/1
f 1414/1414 1/1 942/942
f 751/751 3338/3338 3948/3948
f 3338/3338 1093/1093 3948/3948
f 1999/1999 266/266 331/331
f 1999/1999 1093/1093 1/1
f 870/870 1999/1999 1/1
f 48/48 3871/3871 274/274
f 3840/3840 3871/3871 586/586
f 3840/3840 586/586 1958/1958
f 3138/3138 2117/2117 586/586
f 586/586 3871/3871 48/48
f 586/586 48/48 1254/1254
f 1254/1254 3138/3138 586/586
f 586/586 2117/2117 3373/3373
f 3373/3373 1958/1958 586/586
f 3949/3949 1958/1958 3373/3373
f 2117/2117 4000/4000 3373/3373
f 4000/4000 2126/2126 3949/3949
f 4000/4000 3949/3949 3373/3373
f 2959/2959 2971/2971 929/929
f 929/929 2971/2971 2144/2144
f 1736/1736 929/929 2144/2144
f 2959/2959 929/929 2719/2719
f 2959/2959 2719/2719 1963/1963
f 2611/2611 1963/1963 2719/2719
f 2719/2719 929/929 1736/1736
f 1736/1736 3801/3801 2719/2719
f 3996/3996 2719/2719 3801/3801
f 438/438 3801/3801 3272/3272
f 2611/2611 2719/2719 3996/3996
f 3801/3801 438/438 3996/3996
f 4074/4074 1682/1682 1143/1143
f 1090/1090 1682/1682 4074/4074
f 1090/1090 3150/3150 1682/1682
f 1419/1419 3150/3150 1090/1090
f 1419/1419 1090/1090 4074/4074
f 4074/4074 2729/2729 236/236
f 4074/4074 236/236 1419/1419
f 236/236 2236/2236 1419/1419
f 1419/1419 3051/3051 3759/3759
f 3051/3051 1419/1419 2236/2236
f 1409/1409 3051/3051 2236/2236
f 576/576 2236/2236 236/236
f 576/576 1744/1744 2236/2236
f 2236/2236 1744/1744 1409/1409
f 1409/1409 1744/1744 4342/4342
f 3349/3349 2816/2816 2959/2959
f 1143/1143 2816/2816 3349/3349
f 1963/1963 3349/3349 2959/2959
f 3349/3349 2729/2729 1143/1143
f 2729/2729 4074/4074 1143/1143
f 1164/1164 2729/2729 3349/3349
f 2959/2959 2816/2816 2971/2971
f 1963/1963 1164/1164 3349/3349
f 2729/2729 1164/1164 236/236
f 1164/1164 1963/1963 2611/2611
f 2611/2611 439/439 1164/1164
f 439/439 576/576 1164/1164
f 576/576 236/236 1164/1164
f 3996/3996 438/438 1813/1813
f 438/438 2494/2494 2733/2733
f 438/438 2733/2733 1813/1813
f 3088/3088 1813/1813 2733/2733
f 3088/3088 2733/2733 264/264
f 576/576 3570/3570 1744/1744
f 1744/1744 3323/3323 2748/2748
f 3323/3323 1744/1744 3570/3570
f 86/86 3323/3323 3570/3570
f 86/86 3570/3570 301/301
f 530/530 3323/3323 86/86
f 1454/1454 530/530 86/86
f 2098/2098 530/530 1454/1454
f 585/585 530/530 2098/2098
f 2611/2611 3996/3996 4122/4122
f 1813/1813 4122/4122 3996/3996
f 2611/2611 4122/4122 439/439
f 576/576 439/439 3570/3570
f 1605/1605 4122/4122 1813/1813
f 301/301 4122/4122 1605/1605
f 439/439 4122/4122 301/301
f 439/439 301/301 3570/3570
f 3983/3983 301/301 1605/1605
f 3983/3983 1605/1605 2605/2605
f 3088/3088 1605/1605 1813/1813
f 1605/1605 3088/3088 2605/2605
f 301/301 3983/3983 1454/1454
f 1454/1454 86/86 301/301
f 2083/2083 1382/1382 2282/2282
f 3921/3921 2282/2282 1382/1382
f 941/941 3921/3921 1382/1382
f 1382/1382 2083/2083 1826/1826
f 2282/2282 81/81 2144/2144
f 2282/2282 3921/3921 81/81
f 1736/1736 2144/2144 81/81
f 3921/3921 941/941 267/267
f 267/267 941/941 2606/2606
f 941/941 1382/1382 1826/1826
f 1826/1826 3894/3894 941/941
f 2722/2722 3894/3894 1826/1826
f 3019/3019 267/267 2606/2606
f 1676/1676 2606/2606 3894/3894
f 3894/3894 2606/2606 941/941
f 1676/1676 3894/3894 2722/2722
f 1736/1736 81/81 3921/3921
f 267/267 1736/1736 3921/3921
f 3272/3272 3801/3801 1736/1736
f 1736/1736 267/267 3272/3272
f 2083/2083 3895/3895 3313/3313
f 1826/1826 2083/2083 3313/3313
f 4161/4161 3313/3313 2156/2156
f 1084/1084 4161/4161 2156/2156
f 3313/3313 4161/4161 1826/1826
f 3727/3727 2156/2156 401/401
f 1286/1286 2156/2156 3727/3727
f 2322/2322 526/526 3987/3987
f 948/948 2322/2322 3987/3987
f 948/948 401/401 2322/2322
f 3727/3727 401/401 948/948
f 3987/3987 1175/1175 948/948
f 2796/2796 3727/3727 948/948
f 1084/1084 2156/2156 1286/1286
f 1286/1286 3727/3727 2796/2796
f 1084/1084 1286/1286 2108/2108
f 2108/2108 1286/1286 2796/2796
f 2796/2796 948/948 1175/1175
f 4189/4189 2796/2796 1175/1175
f 2108/2108 2796/2796 4189/4189
f 4161/4161 3758/3758 3301/3301
f 3758/3758 4161/4161 1084/1084
f 3301/3301 1826/1826 4161/4161
f 1826/1826 3301/3301 2722/2722
f 2084/2084 2722/2722 1931/1931
f 3301/3301 3758/3758 1931/1931
f 1931/1931 2722/2722 3301/3301
f 2108/2108 3847/3847 1084/1084
f 3847/3847 2108/2108 3222/3222
f 1084/1084 3847/3847 3758/3758
f 4189/4189 3222/3222 2108/2108
f 2634/2634 3847/3847 3222/3222
f 3758/3758 3847/3847 134/134
f 134/134 1931/1931 3758/3758
f 1097/1097 3847/3847 2634/2634
f 134/134 3847/3847 1097/1097
f 2634/2634 3222/3222 1285/1285
f 2606/2606 2353/2353 3019/3019
f 1676/1676 2353/2353 2606/2606
f 1676/1676 2722/2722 4148/4148
f 2353/2353 3055/3055 4155/4155
f 3055/3055 1676/1676 4148/4148
f 3055/3055 2353/2353 1676/1676
f 3272/3272 2494/2494 438/438
f 3019/3019 2494/2494 3272/3272
f 3019/3019 3272/3272 267/267
f 2494/2494 3019/3019 2353/2353
f 4155/4155 3055/3055 3183/3183
f 422/422 2733/2733 2494/2494
f 2353/2353 422/422 2494/2494
f 2733/2733 422/422 264/264
f 3322/3322 264/264 422/422
f 422/422 2353/2353 4155/4155
f 422/422 4155/4155 188/188
f 188/188 3322/3322 422/422
f 3183/3183 188/188 4155/4155
f 2084/2084 4148/4148 2722/2722
f 3055/3055 4148/4148 1280/1280
f 2084/2084 2440/2440 4148/4148
f 2440/2440 2084/2084 2897/2897
f 1097/1097 2634/2634 3389/3389
f 2897/2897 1931/1931 134/134
f 1097/1097 2011/2011 134/134
f 2011/2011 1097/1097 3389/3389
f 2084/2084 1931/1931 2897/2897
f 2897/2897 134/134 2011/2011
f 935/935 3389/3389 2634/2634
f 2011/2011 3389/3389 1539/1539
f 2897/2897 2011/2011 1539/1539
f 1539/1539 3336/3336 2897/2897
f 966/966 3389/3389 2943/2943
f 362/362 3336/3336 1539/1539
f 1539/1539 3389/3389 966/966
f 2981/2981 1539/1539 966/966
f 1025/1025 1539/1539 2981/2981
f 2440/2440 2897/2897 3336/3336
f 1280/1280 4148/4148 2440/2440
f 3183/3183 3055/3055 1280/1280
f 3183/3183 1280/1280 408/408
f 736/736 3183/3183 408/408
f 408/408 1280/1280 2440/2440
f 2788/2788 3336/3336 362/362
f 362/362 1539/1539 1025/1025
f 2788/2788 2440/2440 3336/3336
f 3954/3954 2440/2440 2788/2788
f 408/408 2440/2440 3954/3954
f 10/10 2788/2788 362/362
f 1025/1025 10/10 362/362
f 2788/2788 2924/2924 3954/3954
f 2924/2924 408/408 3954/3954
f 2788/2788 10/10 2924/2924
f 2400/2400 3759/3759 2648/2648
f 710/710 2648/2648 3759/3759
f 3051/3051 2111/2111 3759/3759
f 710/710 3759/3759 2111/2111
f 3759/3759 2400/2400 3150/3150
f 1419/1419 3759/3759 3150/3150
f 710/710 2352/2352 2648/2648
f 2352/2352 710/710 2232/2232
f 2352/2352 1161/1161 4/4
f 4080/4080 2352/2352 2232/2232
f 615/615 710/710 2111/2111
f 710/710 615/615 2232/2232
f 64/64 615/615 2111/2111
f 615/615 288/288 2232/2232
f 3430/3430 2111/2111 3051/3051
f 3430/3430 3051/3051 1409/1409
f 2111/2111 3430/3430 64/64
f 1409/1409 4342/4342 3430/3430
f 88/88 64/64 3430/3430
f 615/615 64/64 3224/3224
f 64/64 88/88 3224/3224
f 615/615 3224/3224 288/288
f 3224/3224 4037/4037 288/288
f 2837/2837 1582/1582 88/88
f 1582/1582 4037/4037 3224/3224
f 1582/1582 3224/3224 88/88
f 2352/2352 4080/4080 1161/1161
f 1132/1132 4117/4117 1161/1161
f 4080/4080 1132/1132 1161/1161
f 4080/4080 833/833 1132/1132
f 3176/3176 4223/4223 4020/4020
f 3176/3176 2601/2601 1663/1663
f 2748/2748 3091/3091 4342/4342
f 88/88 3430/3430 4342/4342
f 88/88 3091/3091 2837/2837
f 3091/3091 88/88 4342/4342
f 3947/3947 2837/2837 3091/3091
f 3947/3947 3091/3091 2748/2748
f 3564/3564 3947/3947 2748/2748
f 3947/3947 3564/3564 1290/1290
f 2748/2748 4342/4342 1744/1744
f 2837/2837 228/228 1582/1582
f 1290/1290 228/228 2837/2837
f 1290/1290 2837/2837 3947/3947
f 1290/1290 3564/3564 3837/3837
f 3564/3564 2748/2748 3323/3323
f 530/530 3564/3564 3323/3323
f 530/530 585/585 3564/3564
f 3837/3837 3564/3564 585/585
f 594/594 1290/1290 3837/3837
f 594/594 228/228 1290/1290
f 594/594 990/990 228/228
f 228/228 1322/1322 1582/1582
f 2176/2176 1322/1322 228/228
f 990/990 2176/2176 228/228
f 1986/1986 2176/2176 990/990
f 990/990 2793/2793 1986/1986
f 527/527 990/990 594/594
f 990/990 527/527 2793/2793
f 4024/4024 2793/2793 527/527
f 3127/3127 2350/2350 2781/2781
f 2781/2781 3942/3942 3105/3105
f 562/562 3105/3105 3942/3942
f 562/562 3942/3942 2718/2718
f 330/330 2781/2781 2350/2350
f 330/330 3942/3942 2781/2781
f 2864/2864 3942/3942 330/330
f 2864/2864 3701/3701 3942/3942
f 2718/2718 3942/3942 3701/3701
f 4180/4180 2718/2718 3701/3701
f 2350/2350 3127/3127 1476/1476
f 2350/2350 3815/3815 330/330
f 2350/2350 1476/1476 4287/4287
f 1476/1476 2957/2957 4287/4287
f 80/80 2289/2289 2957/2957
f 3815/3815 4287/4287 486/486
f 3815/3815 2864/2864 330/330
f 2350/2350 4287/4287 3815/3815
f 1734/1734 2864/2864 3815/3815
f 1767/1767 4287/4287 2957/2957
f 2957/2957 2289/2289 1767/1767
f 3461/3461 4180/4180 1593/1593
f 1593/1593 4180/4180 1363/1363
f 1593/1593 1363/1363 2563/2563
f 486/486 1734/1734 3815/3815
f 3701/3701 796/796 2456/2456
f 796/796 275/275 2456/2456
f 4180/4180 3701/3701 1363/1363
f 3701/3701 2864/2864 796/796
f 2864/2864 1734/1734 796/796
f 1363/1363 3701/3701 2456/2456
f 2456/2456 2563/2563 1363/1363
f 3144/3144 2456/2456 3530/3530
f 2690/2690 2563/2563 3144/3144
f 2563/2563 2456/2456 3144/3144
f 3144/3144 3530/3530 1726/1726
f 1726/1726 644/644 3144/3144
f 644/644 2690/2690 3144/3144
f 3571/3571 1767/1767 2289/2289
f 3571/3571 2289/2289 3107/3107
f 3408/3408 486/486 1767/1767
f 486/486 4241/4241 1734/1734
f 486/486 3251/3251 4241/4241
f 3251/3251 486/486 3408/3408
f 1767/1767 486/486 4287/4287
f 3571/3571 3408/3408 1767/1767
f 3107/3107 429/429 3571/3571
f 3408/3408 3571/3571 1837/1837
f 796/796 1734/1734 2365/2365
f 796/796 2365/2365 275/275
f 275/275 3530/3530 2456/2456
f 1726/1726 3530/3530 983/983
f 4186/4186 3530/3530 275/275
f 2365/2365 4186/4186 275/275
f 3530/3530 4186/4186 983/983
f 1734/1734 4241/4241 2365/2365
f 1837/1837 3251/3251 3408/3408
f 2714/2714 2365/2365 4241/4241
f 3388/3388 2365/2365 2714/2714
f 3388/3388 4186/4186 2365/2365
f 3471/3471 4186/4186 3388/3388
f 3571/3571 152/152 1837/1837
f 429/429 152/152 3571/3571
f 152/152 429/429 45/45
f 2925/2925 45/45 429/429
f 3251/3251 2714/2714 4241/4241
f 1837/1837 157/157 3251/3251
f 254/254 2714/2714 3251/3251
f 152/152 157/157 1837/1837
f 254/254 3251/3251 157/157
f 2925/2925 152/152 45/45
f 2925/2925 3196/3196 152/152
f 983/983 4186/4186 3471/3471
f 655/655 1010/1010 983/983
f 983/983 3471/3471 655/655
f 644/644 1726/1726 1010/1010
f 3141/3141 644/644 1010/1010
f 1726/1726 983/983 1010/1010
f 1267/1267 3141/3141 1010/1010
f 1515/1515 1010/1010 655/655
f 4232/4232 1515/1515 655/655
f 1267/1267 1010/1010 1515/1515
f 1267/1267 1515/1515 3485/3485
f 1951/1951 3388/3388 2714/2714
f 3471/3471 2341/2341 655/655
f 254/254 1951/1951 2714/2714
f 3388/3388 1231/1231 3471/3471
f 3388/3388 1951/1951 1231/1231
f 1951/1951 1220/1220 1231/1231
f 2341/2341 3471/3471 1231/1231
f 2341/2341 1231/1231 584/584
f 2341/2341 1270/1270 4232/4232
f 584/584 1270/1270 2341/2341
f 2341/2341 4232/4232 655/655
f 3485/3485 1515/1515 52/52
f 52/52 1515/1515 4232/4232
f 1649/1649 4232/4232 1270/1270
f 1649/1649 52/52 4232/4232
f 3485/3485 52/52 3289/3289
f 3289/3289 52/52 1649/1649
f 157/157 2497/2497 254/254
f 3196/3196 157/157 152/152
f 2497/2497 157/157 3196/3196
f 1951/1951 254/254 1220/1220
f 112/112 1220/1220 254/254
f 2497/2497 3262/3262 254/254
f 584/584 1231/1231 1456/1456
f 1220/1220 1456/1456 1231/1231
f 584/584 3100/3100 1270/1270
f 584/584 1493/1493 3100/3100
f 112/112 2404/2404 1220/1220
f 2404/2404 1456/1456 1220/1220
f 584/584 1456/1456 1493/1493
f 1456/1456 1950/1950 1493/1493
f 1270/1270 3100/3100 1649/1649
f 1817/1817 1649/1649 3100/3100
f 3726/3726 2497/2497 2732/2732
f 2925/2925 2732/2732 3196/3196
f 2732/2732 2497/2497 3196/3196
f 2925/2925 3200/3200 2732/2732
f 3006/3006 112/112 254/254
f 3726/3726 3262/3262 2497/2497
f 2404/2404 1950/1950 1456/1456
f 558/558 1493/1493 1950/1950
f 1893/1893 1950/1950 2404/2404
f 254/254 3262/3262 3006/3006
f 3006/3006 2404/2404 112/112
f 3006/3006 3510/3510 2404/2404
f 1649/1649 1817/1817 3289/3289
f 1493/1493 558/558 3100/3100
f 3357/3357 3100/3100 558/558
f 1817/1817 3100/3100 3357/3357
f 1817/1817 3357/3357 3851/3851
f 3851/3851 368/368 1817/1817
f 558/558 1950/1950 1893/1893
f 1893/1893 763/763 558/558
f 3357/3357 558/558 763/763
f 3357/3357 763/763 2935/2935
f 3851/3851 3357/3357 2935/2935
f 3851/3851 2935/2935 1079/1079
f 2711/2711 463/463 964/964
f 2980/2980 3909/3909 964/964
f 3411/3411 964/964 3909/3909
f 3909/3909 1062/1062 3411/3411
f 3846/3846 3411/3411 1062/1062
f 1062/1062 3909/3909 2572/2572
f 1062/1062 2572/2572 4086/4086
f 4086/4086 2572/2572 3513/3513
f 884/884 4091/4091 3513/3513
f 3513/3513 4091/4091 4086/4086
f 2495/2495 3846/3846 3361/3361
f 526/526 343/343 3987/3987
f 2711/2711 964/964 2566/2566
f 2618/2618 2711/2711 2566/2566
f 2618/2618 343/343 2711/2711
f 2618/2618 4304/4304 343/343
f 4009/4009 4304/4304 2618/2618
f 3090/3090 4304/4304 4009/4009
f 3987/3987 343/343 4304/4304
f 4304/4304 1175/1175 3987/3987
f 4059/4059 817/817 2566/2566
f 3411/3411 3846/3846 4059/4059
f 3361/3361 3846/3846 1692/1692
f 964/964 3411/3411 2566/2566
f 4059/4059 2566/2566 3411/3411
f 1062/1062 1692/1692 3846/3846
f 3825/3825 4059/4059 3846/3846
f 817/817 4059/4059 3825/3825
f 2618/2618 2566/2566 817/817
f 4009/4009 2618/2618 817/817
f 3846/3846 2495/2495 3825/3825
f 3966/3966 3274/3274 890/890
f 3966/3966 890/890 1168/1168
f 2884/2884 817/817 3825/3825
f 4009/4009 817/817 2884/2884
f 1168/1168 4009/4009 1040/1040
f 1040/1040 4009/4009 2884/2884
f 445/445 2884/2884 3825/3825
f 445/445 3825/3825 2495/2495
f 1040/1040 2884/2884 445/445
f 1989/1989 1175/1175 890/890
f 890/890 4304/4304 3090/3090
f 890/890 1175/1175 4304/4304
f 1168/1168 3090/3090 4009/4009
f 890/890 3090/3090 1168/1168
f 3922/3922 1989/1989 3274/3274
f 3274/3274 1989/1989 890/890
f 1692/1692 1062/1062 4086/4086
f 1692/1692 4086/4086 4091/4091
f 4091/4091 884/884 1711/1711
f 3955/3955 1711/1711 884/884
f 4091/4091 1876/1876 1692/1692
f 3361/3361 1692/1692 1876/1876
f 1876/1876 4091/4091 3746/3746
f 3746/3746 4091/4091 1711/1711
f 1711/1711 1705/1705 3746/3746
f 3787/3787 1711/1711 605/605
f 1711/1711 3787/3787 1705/1705
f 220/220 3787/3787 2600/2600
f 2495/2495 3361/3361 950/950
f 1876/1876 328/328 3361/3361
f 2495/2495 950/950 445/445
f 328/328 950/950 3361/3361
f 1876/1876 2119/2119 328/328
f 2119/2119 1876/1876 3746/3746
f 1412/1412 2119/2119 3746/3746
f 445/445 950/950 1791/1791
f 3370/3370 2119/2119 1412/1412
f 328/328 2119/2119 3370/3370
f 1412/1412 1705/1705 1939/1939
f 1412/1412 3746/3746 1705/1705
f 1939/1939 1705/1705 3787/3787
f 1939/1939 3787/3787 220/220
f 3054/3054 1939/1939 220/220
f 3681/3681 3054/3054 3525/3525
f 3681/3681 3525/3525 3653/3653
f 4289/4289 1821/1821 1083/1083
f 1821/1821 350/350 1638/1638
f 2880/2880 27/27 350/350
f 1638/1638 350/350 27/27
f 1800/1800 2880/2880 3220/3220
f 2532/2532 234/234 2032/2032
f 234/234 1638/1638 27/27
f 1638/1638 1083/1083 1821/1821
f 3713/3713 1083/1083 1638/1638
f 1638/1638 234/234 3713/3713
f 2032/2032 27/27 2880/2880
f 234/234 27/27 2032/2032
f 2880/2880 1800/1800 2032/2032
f 1800/1800 3220/3220 1913/1913
f 1800/1800 1913/1913 850/850
f 2209/2209 2032/2032 3805/3805
f 1800/1800 3805/3805 2032/2032
f 850/850 3805/3805 1800/1800
f 2536/2536 3805/3805 850/850
f 132/132 850/850 2206/2206
f 132/132 2206/2206 1423/1423
f 850/850 685/685 2536/2536
f 685/685 850/850 132/132
f 685/685 1946/1946 2536/2536
f 685/685 132/132 333/333
f 333/333 132/132 742/742
f 132/132 1423/1423 742/742
f 311/311 3274/3274 3966/3966
f 3101/3101 3862/3862 311/311
f 4023/4023 1168/1168 1040/1040
f 3966/3966 1168/1168 4023/4023
f 4235/4235 1040/1040 445/445
f 445/445 1791/1791 4235/4235
f 4289/4289 3966/3966 4023/4023
f 1040/1040 4235/4235 4023/4023
f 311/311 3966/3966 4289/4289
f 4289/4289 3101/3101 311/311
f 3274/3274 311/311 3922/3922
f 3862/3862 3922/3922 311/311
f 3862/3862 935/935 3922/3922
f 3862/3862 4213/4213 935/935
f 935/935 4213/4213 2943/2943
f 3101/3101 4279/4279 3862/3862
f 3016/3016 4279/4279 2079/2079
f 4289/4289 4023/4023 1821/1821
f 4235/4235 350/350 4023/4023
f 1821/1821 4023/4023 350/350
f 2952/2952 3101/3101 4289/4289
f 2952/2952 4279/4279 3101/3101
f 2079/2079 4279/4279 2591/2591
f 5/5 2943/2943 3016/3016
f 4279/4279 4213/4213 3862/3862
f 3016/3016 4213/4213 4279/4279
f 3016/3016 2943/2943 4213/4213
f 197/197 966/966 2943/2943
f 2943/2943 632/632 197/197
f 632/632 2943/2943 5/5
f 5/5 18/18 632/632
f 3265/3265 632/632 18/18
f 3265/3265 197/197 632/632
f 197/197 3265/3265 2609/2609
f 325/325 2609/2609 3265/3265
f 325/325 3265/3265 2313/2313
f 1791/1791 950/950 2738/2738
f 1791/1791 2738/2738 2880/2880
f 950/950 328/328 2738/2738
f 3370/3370 2738/2738 328/328
f 350/350 4235/4235 1791/1791
f 2880/2880 350/350 1791/1791
f 2880/2880 2738/2738 3220/3220
f 3220/3220 2738/2738 3370/3370
f 1913/1913 3220/3220 3370/3370
f 2870/2870 1939/1939 3054/3054
f 3370/3370 1412/1412 1913/1913
f 1412/1412 1939/1939 151/151
f 151/151 1913/1913 1412/1412
f 1939/1939 3432/3432 151/151
f 3432/3432 1939/1939 2870/2870
f 4014/4014 2870/2870 3681/3681
f 2870/2870 3054/3054 3681/3681
f 1051/1051 3681/3681 3653/3653
f 1913/1913 2206/2206 850/850
f 1913/1913 151/151 2206/2206
f 3432/3432 2206/2206 151/151
f 2206/2206 3432/3432 1423/1423
f 1423/1423 3432/3432 282/282
f 3432/3432 2870/2870 282/282
f 4014/4014 282/282 2870/2870
f 1092/1092 4168/4168 75/75
f 859/859 75/75 2773/2773
f 75/75 2342/2342 1092/1092
f 859/859 2342/2342 75/75
f 1332/1332 3263/3263 859/859
f 3263/3263 2342/2342 859/859
f 1964/1964 1332/1332 139/139
f 1423/1423 282/282 3253/3253
f 742/742 1423/1423 3253/3253
f 3681/3681 2901/2901 4014/4014
f 636/636 3653/3653 3670/3670
f 636/636 3670/3670 2377/2377
f 1051/1051 3653/3653 636/636
f 239/239 636/636 2377/2377
f 3681/3681 1051/1051 2901/2901
f 636/636 3037/3037 1051/1051
f 636/636 239/239 3037/3037
f 3037/3037 239/239 1092/1092
f 253/253 282/282 4014/4014
f 253/253 4014/4014 2901/2901
f 282/282 253/253 3253/3253
f 1333/1333 253/253 2901/2901
f 1107/1107 1333/1333 2901/2901
f 1107/1107 2901/2901 2861/2861
f 2901/2901 1051/1051 3037/3037
f 2861/2861 2901/2901 3037/3037
f 1092/1092 239/239 4168/4168
f 2861/2861 3037/3037 925/925
f 4132/4132 3037/3037 1092/1092
f 4132/4132 1092/1092 2342/2342
f 925/925 3037/3037 4132/4132
f 3995/3995 731/731 1724/1724
f 731/731 1612/1612 1724/1724
f 3331/3331 3826/3826 731/731
f 3826/3826 3331/3331 2306/2306
f 1612/1612 731/731 3826/3826
f 3826/3826 2306/2306 1702/1702
f 3008/3008 13/13 1612/1612
f 3719/3719 3008/3008 1612/1612
f 1724/1724 1612/1612 13/13
f 3008/3008 2583/2583 4098/4098
f 4098/4098 13/13 3008/3008
f 2583/2583 3008/3008 3229/3229
f 3229/3229 3008/3008 3719/3719
f 1612/1612 3826/3826 3719/3719
f 3719/3719 3826/3826 1702/1702
f 3719/3719 1702/1702 1350/1350
f 3229/3229 3719/3719 1350/1350
f 1350/1350 14/14 3229/3229
f 2807/2807 1702/1702 46/46
f 1350/1350 1702/1702 2807/2807
f 14/14 2807/2807 3674/3674
f 2807/2807 46/46 1145/1145
f 3674/3674 2807/2807 1145/1145
f 14/14 1350/1350 2807/2807
f 4247/4247 14/14 3674/3674
f 3352/3352 3674/3674 1145/1145
f 3768/3768 3674/3674 3352/3352
f 2091/2091 3768/3768 3352/3352
f 620/620 2754/2754 3105/3105
f 2815/2815 620/620 562/562
f 3105/3105 562/562 620/620
f 620/620 2815/2815 3995/3995
f 562/562 869/869 2815/2815
f 2718/2718 869/869 562/562
f 869/869 2718/2718 4180/4180
f 3995/3995 2815/2815 731/731
f 731/731 2815/2815 869/869
f 2781/2781 3105/3105 2754/2754
f 3331/3331 869/869 4180/4180
f 731/731 869/869 3331/3331
f 3331/3331 4180/4180 3461/3461
f 3331/3331 3461/3461 489/489
f 1476/1476 3406/3406 2957/2957
f 80/80 1780/1780 2514/2514
f 3107/3107 80/80 2514/2514
f 2306/2306 489/489 46/46
f 489/489 2306/2306 3331/3331
f 489/489 1513/1513 1028/1028
f 3461/3461 1593/1593 489/489
f 1513/1513 489/489 1593/1593
f 1593/1593 2563/2563 1513/1513
f 1702/1702 2306/2306 46/46
f 1028/1028 46/46 489/489
f 46/46 1028/1028 1145/1145
f 3958/3958 1513/1513 2690/2690
f 3958/3958 1028/1028 1513/1513
f 3226/3226 1028/1028 3693/3693
f 3693/3693 1028/1028 3958/3958
f 3693/3693 3958/3958 1134/1134
f 2563/2563 2690/2690 1513/1513
f 3958/3958 2690/2690 1134/1134
f 1145/1145 1028/1028 3226/3226
f 3352/3352 1145/1145 3226/3226
f 3423/3423 2091/2091 3352/3352
f 3229/3229 1435/1435 2583/2583
f 1217/1217 2583/2583 1435/1435
f 2696/2696 1746/1746 3303/3303
f 2696/2696 3303/3303 1217/1217
f 1217/1217 3303/3303 2583/2583
f 3705/3705 2696/2696 1217/1217
f 3705/3705 1217/1217 1836/1836
f 1836/1836 1217/1217 1435/1435
f 3229/3229 844/844 1435/1435
f 2271/2271 1435/1435 844/844
f 2599/2599 1836/1836 2271/2271
f 2271/2271 2909/2909 2599/2599
f 1836/1836 1435/1435 2271/2271
f 2271/2271 844/844 1364/1364
f 3002/3002 2909/2909 2271/2271
f 1364/1364 3002/3002 2271/2271
f 2909/2909 3002/3002 1820/1820
f 4098/4098 2583/2583 3303/3303
f 844/844 3229/3229 14/14
f 14/14 1364/1364 844/844
f 3015/3015 1700/1700 1514/1514
f 2599/2599 528/528 1507/1507
f 463/463 528/528 2980/2980
f 463/463 1514/1514 1507/1507
f 528/528 463/463 1507/1507
f 1700/1700 3219/3219 2696/2696
f 3705/3705 1700/1700 2696/2696
f 3015/3015 3219/3219 1700/1700
f 1700/1700 3705/3705 1514/1514
f 1514/1514 3705/3705 1836/1836
f 1514/1514 1836/1836 1507/1507
f 1507/1507 1836/1836 2599/2599
f 3424/3424 1514/1514 463/463
f 3424/3424 3015/3015 1514/1514
f 526/526 3424/3424 343/343
f 526/526 2322/2322 3424/3424
f 2711/2711 3424/3424 463/463
f 343/343 3424/3424 2711/2711
f 2322/2322 3015/3015 3424/3424
f 964/964 463/463 2980/2980
f 2599/2599 2922/2922 528/528
f 2922/2922 2599/2599 2909/2909
f 2980/2980 528/528 2922/2922
f 2980/2980 2922/2922 3909/3909
f 1497/1497 2572/2572 2922/2922
f 2922/2922 2909/2909 1497/1497
f 1820/1820 1497/1497 2909/2909
f 1820/1820 3581/3581 1497/1497
f 2922/2922 2572/2572 3909/3909
f 2572/2572 1497/1497 3513/3513
f 1364/1364 4318/4318 3002/3002
f 3002/3002 4056/4056 1820/1820
f 4056/4056 3002/3002 4318/4318
f 1364/1364 14/14 4247/4247
f 1364/1364 4247/4247 2769/2769
f 4318/4318 1364/1364 2769/2769
f 3768/3768 4247/4247 3674/3674
f 4247/4247 3768/3768 2769/2769
f 2091/2091 3483/3483 3768/3768
f 3483/3483 2769/2769 3768/3768
f 4318/4318 2769/2769 1449/1449
f 3483/3483 1449/1449 2769/2769
f 1760/1760 1449/1449 3483/3483
f 1497/1497 3581/3581 3513/3513
f 3513/3513 3581/3581 3404/3404
f 2624/2624 3581/3581 1820/1820
f 3404/3404 3581/3581 2624/2624
f 4056/4056 2624/2624 1820/1820
f 2624/2624 4056/4056 4006/4006
f 4318/4318 4006/4006 4056/4056
f 4006/4006 3404/3404 2624/2624
f 1712/1712 4006/4006 3005/3005
f 3955/3955 3404/3404 1712/1712
f 1712/1712 3404/3404 4006/4006
f 3513/3513 3404/3404 884/884
f 884/884 3404/3404 3955/3955
f 1712/1712 3005/3005 2954/2954
f 605/605 3955/3955 2954/2954
f 3955/3955 1712/1712 2954/2954
f 4375/4375 605/605 2954/2954
f 4006/4006 4318/4318 3005/3005
f 3005/3005 4318/4318 1449/1449
f 3005/3005 1449/1449 488/488
f 2954/2954 3005/3005 488/488
f 488/488 1449/1449 1760/1760
f 683/683 4375/4375 2954/2954
f 683/683 2954/2954 488/488
f 171/171 683/683 488/488
f 171/171 488/488 1760/1760
f 3798/3798 683/683 171/171
f 4375/4375 683/683 3810/3810
f 3810/3810 683/683 3798/3798
f 3226/3226 3693/3693 309/309
f 3693/3693 1134/1134 309/309
f 309/309 1134/1134 2519/2519
f 150/150 309/309 2519/2519
f 2690/2690 644/644 1134/1134
f 1691/1691 1134/1134 644/644
f 3141/3141 1691/1691 644/644
f 1134/1134 1691/1691 2519/2519
f 1691/1691 3752/3752 2519/2519
f 150/150 2519/2519 4193/4193
f 4193/4193 2519/2519 3752/3752
f 3752/3752 1691/1691 1542/1542
f 1941/1941 3752/3752 1542/1542
f 3423/3423 3352/3352 3226/3226
f 3423/3423 3226/3226 309/309
f 3423/3423 309/309 150/150
f 889/889 3423/3423 150/150
f 889/889 150/150 3500/3500
f 2749/2749 3500/3500 150/150
f 317/317 3500/3500 2749/2749
f 2749/2749 150/150 4193/4193
f 3752/3752 1941/1941 4193/4193
f 813/813 4193/4193 1941/1941
f 813/813 1941/1941 1640/1640
f 4193/4193 813/813 2749/2749
f 2749/2749 813/813 317/317
f 1640/1640 1376/1376 813/813
f 3483/3483 2091/2091 799/799
f 799/799 3604/3604 3483/3483
f 171/171 1760/1760 3604/3604
f 1760/1760 3483/3483 3604/3604
f 810/810 3604/3604 799/799
f 171/171 3604/3604 2278/2278
f 3604/3604 3843/3843 2278/2278
f 3843/3843 3604/3604 810/810
f 2091/2091 3423/3423 889/889
f 889/889 799/799 2091/2091
f 799/799 889/889 2615/2615
f 794/794 2615/2615 889/889
f 794/794 889/889 3500/3500
f 794/794 3500/3500 317/317
f 794/794 317/317 1020/1020
f 3228/3228 794/794 1020/1020
f 317/317 813/813 1901/1901
f 1020/1020 317/317 1901/1901
f 810/810 799/799 2615/2615
f 794/794 3228/3228 2615/2615
f 810/810 2615/2615 3228/3228
f 1679/1679 3228/3228 1020/1020
f 810/810 3228/3228 3068/3068
f 3843/3843 810/810 4096/4096
f 4096/4096 810/810 3068/3068
f 1679/1679 3068/3068 3228/3228
f 1679/1679 3549/3549 3068/3068
f 813/813 1376/1376 1901/1901
f 1020/1020 1901/1901 358/358
f 1901/1901 1376/1376 358/358
f 1376/1376 1793/1793 358/358
f 1679/1679 1020/1020 3109/3109
f 1679/1679 3109/3109 3549/3549
f 3617/3617 1020/1020 358/358
f 3109/3109 1020/1020 3617/3617
f 3617/3617 358/358 1793/1793
f 1793/1793 4127/4127 3617/3617
f 3109/3109 3617/3617 3278/3278
f 3278/3278 3617/3617 4127/4127
f 3466/3466 4127/4127 1949/1949
f 2424/2424 2514/2514 274/274
f 3107/3107 2514/2514 2424/2424
f 2345/2345 2424/2424 274/274
f 3107/3107 2289/2289 80/80
f 3107/3107 2424/2424 429/429
f 2345/2345 429/429 2424/2424
f 2345/2345 2925/2925 429/429
f 3871/3871 3647/3647 3400/3400
f 3871/3871 751/751 3647/3647
f 751/751 3948/3948 958/958
f 958/958 3647/3647 751/751
f 1688/1688 3948/3948 1093/1093
f 1688/1688 958/958 3948/3948
f 331/331 1688/1688 1093/1093
f 1093/1093 1999/1999 331/331
f 3400/3400 2345/2345 3871/3871
f 3200/3200 2925/2925 2345/2345
f 2345/2345 3400/3400 3200/3200
f 1542/1542 1691/1691 3141/3141
f 1542/1542 3141/3141 1267/1267
f 4253/4253 1542/1542 1267/1267
f 1267/1267 3485/3485 4253/4253
f 1542/1542 4253/4253 1941/1941
f 1941/1941 4253/4253 219/219
f 219/219 4253/4253 2296/2296
f 1494/1494 219/219 2296/2296
f 2296/2296 4253/4253 3485/3485
f 2296/2296 3485/3485 2629/2629
f 2629/2629 3485/3485 3289/3289
f 1233/1233 2629/2629 3289/3289
f 2629/2629 1494/1494 2296/2296
f 4154/4154 2629/2629 1233/1233
f 1494/1494 2629/2629 4154/4154
f 1640/1640 1941/1941 219/219
f 1940/1940 1640/1640 219/219
f 219/219 1494/1494 1940/1940
f 1940/1940 1494/1494 2381/2381
f 1940/1940 1376/1376 1640/1640
f 1376/1376 1940/1940 2381/2381
f 2617/2617 2381/2381 2195/2195
f 2381/2381 1494/1494 3979/3979
f 1494/1494 4154/4154 3979/3979
f 3979/3979 2362/2362 3190/3190
f 2381/2381 3979/3979 202/202
f 2195/2195 2381/2381 202/202
f 202/202 3979/3979 3190/3190
f 1817/1817 368/368 3289/3289
f 1233/1233 3289/3289 368/368
f 368/368 2486/2486 1233/1233
f 4154/4154 1233/1233 569/569
f 569/569 1233/1233 2486/2486
f 4154/4154 569/569 2362/2362
f 2362/2362 569/569 2486/2486
f 368/368 3851/3851 1309/1309
f 2486/2486 368/368 1309/1309
f 1309/1309 3851/3851 1079/1079
f 1309/1309 2726/2726 2486/2486
f 3363/3363 2486/2486 1194/1194
f 1194/1194 2486/2486 2726/2726
f 1194/1194 2726/2726 300/300
f 2362/2362 3979/3979 4154/4154
f 3363/3363 2362/2362 2486/2486
f 2362/2362 659/659 3190/3190
f 659/659 2362/2362 3363/3363
f 3363/3363 1194/1194 3369/3369
f 300/300 3080/3080 1194/1194
f 1194/1194 3080/3080 3369/3369
f 659/659 3363/3363 3369/3369
f 3369/3369 3669/3669 659/659
f 2381/2381 2617/2617 1376/1376
f 1793/1793 1376/1376 2617/2617
f 1135/1135 1793/1793 2617/2617
f 1135/1135 2617/2617 2195/2195
f 2195/2195 2125/2125 1135/1135
f 202/202 3190/3190 2125/2125
f 2125/2125 2195/2195 202/202
f 1135/1135 2125/2125 826/826
f 4188/4188 826/826 2125/2125
f 4127/4127 1793/1793 1949/1949
f 1949/1949 1793/1793 1135/1135
f 1763/1763 1949/1949 1135/1135
f 1949/1949 1763/1763 680/680
f 3425/3425 680/680 1763/1763
f 1763/1763 1135/1135 826/826
f 3425/3425 1763/1763 826/826
f 826/826 4188/4188 3425/3425
f 659/659 3124/3124 3190/3190
f 3669/3669 3124/3124 659/659
f 3190/3190 3124/3124 2125/2125
f 4188/4188 2125/2125 3124/3124
f 2814/2814 3124/3124 3669/3669
f 4188/4188 3124/3124 2814/2814
f 605/605 1711/1711 3955/3955
f 2600/2600 3787/3787 605/605
f 2600/2600 605/605 2008/2008
f 2008/2008 605/605 4375/4375
f 3810/3810 2008/2008 4375/4375
f 3810/3810 1553/1553 2008/2008
f 2600/2600 2008/2008 4240/4240
f 4240/4240 2008/2008 1553/1553
f 4240/4240 1553/1553 126/126
f 126/126 1553/1553 3810/3810
f 4240/4240 3525/3525 220/220
f 220/220 2600/2600 4240/4240
f 126/126 3810/3810 838/838
f 4288/4288 4240/4240 126/126
f 413/413 3798/3798 171/171
f 3810/3810 3798/3798 838/838
f 413/413 838/838 3798/3798
f 4288/4288 3525/3525 4240/4240
f 3054/3054 220/220 3525/3525
f 3653/3653 3525/3525 4288/4288
f 3670/3670 4288/4288 126/126
f 1558/1558 126/126 2984/2984
f 3653/3653 4288/4288 3670/3670
f 197/197 2981/2981 966/966
f 1607/1607 2981/2981 197/197
f 197/197 2609/2609 1607/1607
f 2981/2981 1607/1607 1025/1025
f 3025/3025 1025/1025 1607/1607
f 999/999 1025/1025 3025/3025
f 1607/1607 2609/2609 623/623
f 1607/1607 623/623 3025/3025
f 3025/3025 623/623 2730/2730
f 325/325 623/623 2609/2609
f 3844/3844 623/623 325/325
f 623/623 3844/3844 1656/1656
f 3844/3844 725/725 1656/1656
f 10/10 1025/1025 999/999
f 2730/2730 999/999 3025/3025
f 999/999 2730/2730 3299/3299
f 10/10 999/999 3299/3299
f 1656/1656 2730/2730 623/623
f 2730/2730 1313/1313 3299/3299
f 1656/1656 1313/1313 2730/2730
f 1313/1313 1656/1656 725/725
f 325/325 1615/1615 3844/3844
f 1615/1615 325/325 2663/2663
f 725/725 3844/3844 1615/1615
f 2831/2831 1614/1614 1160/1160
f 1160/1160 2742/2742 2855/2855
f 1313/1313 725/725 3503/3503
f 425/425 726/726 1614/1614
f 425/425 1614/1614 2831/2831
f 425/425 2831/2831 1406/1406
f 724/724 426/426 2374/2374
f 2374/2374 426/426 1407/1407
f 1160/1160 2855/2855 2831/2831
f 2831/2831 2855/2855 1406/1406
f 1407/1407 1023/1023 2374/2374
f 1023/1023 1407/1407 3395/3395
f 3350/3350 2706/2706 160/160
f 160/160 2706/2706 2676/2676
f 1460/1460 160/160 2676/2676
f 1768/1768 4168/4168 3350/3350
f 1768/1768 3350/3350 160/160
f 4236/4236 160/160 1460/1460
f 4236/4236 1768/1768 160/160
f 223/223 1768/1768 4236/4236
f 53/53 223/223 4236/4236
f 1460/1460 53/53 4236/4236
f 1460/1460 2676/2676 1139/1139
f 957/957 1460/1460 1139/1139
f 216/216 957/957 1139/1139
f 53/53 1460/1460 957/957
f 945/945 957/957 216/216
f 957/957 4380/4380 53/53
f 2742/2742 2934/2934 2855/2855
f 2934/2934 255/255 3098/3098
f 3998/3998 255/255 2934/2934
f 1406/1406 2855/2855 34/34
f 3394/3394 1406/1406 34/34
f 501/501 3394/3394 34/34
f 2934/2934 34/34 2855/2855
f 3545/3545 1023/1023 3395/3395
f 3395/3395 502/502 3545/3545
f 3545/3545 502/502 263/263
f 3780/3780 2964/2964 2794/2794
f 2794/2794 2964/2964 501/501
f 1573/1573 2687/2687 4340/4340
f 501/501 2964/2964 2687/2687
f 3098/3098 34/34 2934/2934
f 34/34 3098/3098 2794/2794
f 2794/2794 501/501 34/34
f 2688/2688 263/263 502/502
f 263/263 2688/2688 1572/1572
f 2051/2051 2228/2228 139/139
f 3337/3337 2228/2228 2051/2051
f 1768/1768 75/75 4168/4168
f 75/75 1768/1768 2773/2773
f 911/911 2773/2773 1768/1768
f 911/911 2051/2051 2773/2773
f 2773/2773 1332/1332 859/859
f 1332/1332 2051/2051 139/139
f 2051/2051 1332/1332 2773/2773
f 1210/1210 3337/3337 223/223
f 4380/4380 735/735 53/53
f 3337/3337 3780/3780 2228/2228
f 2964/2964 3780/3780 4340/4340
f 1210/1210 3780/3780 3337/3337
f 3780/3780 1210/1210 4340/4340
f 1210/1210 735/735 4340/4340
f 1210/1210 53/53 735/735
f 911/911 1768/1768 223/223
f 223/223 3337/3337 911/911
f 1210/1210 223/223 53/53
f 3337/3337 2051/2051 911/911
f 255/255 139/139 2228/2228
f 3098/3098 255/255 2228/2228
f 3998/3998 2426/2426 255/255
f 1964/1964 139/139 255/255
f 3098/3098 2228/2228 3780/3780
f 3098/3098 3780/3780 2794/2794
f 4340/4340 2687/2687 2964/2964
f 3545/3545 263/263 4297/4297
f 4297/4297 263/263 1572/1572
f 4380/4380 391/391 735/735
f 1573/1573 4340/4340 735/735
f 391/391 1573/1573 735/735
f 2756/2756 677/677 390/390
f 677/677 1572/1572 390/390
f 945/945 4380/4380 957/957
f 391/391 4380/4380 945/945
f 2756/2756 390/390 944/944
f 2756/2756 944/944 217/217
f 4297/4297 1572/1572 677/677
f 2756/2756 1153/1153 677/677
f 4297/4297 677/677 1153/1153
f 1153/1153 2756/2756 308/308
f 1892/1892 1153/1153 308/308
f 413/413 171/171 2278/2278
f 413/413 2278/2278 3721/3721
f 2278/2278 3843/3843 3721/3721
f 3721/3721 3843/3843 4096/4096
f 413/413 348/348 838/838
f 348/348 413/413 3721/3721
f 4096/4096 268/268 3721/3721
f 1361/1361 3721/3721 268/268
f 3670/3670 126/126 1558/1558
f 1558/1558 3926/3926 3670/3670
f 3926/3926 2377/2377 3670/3670
f 174/174 3926/3926 1558/1558
f 2984/2984 174/174 1558/1558
f 3926/3926 174/174 2377/2377
f 2377/2377 174/174 2706/2706
f 2706/2706 174/174 4049/4049
f 2984/2984 126/126 838/838
f 348/348 2285/2285 838/838
f 2984/2984 838/838 2285/2285
f 348/348 2445/2445 2285/2285
f 1361/1361 348/348 3721/3721
f 1361/1361 2445/2445 348/348
f 2984/2984 2285/2285 2047/2047
f 2047/2047 2285/2285 2445/2445
f 4049/4049 174/174 2984/2984
f 4049/4049 2984/2984 2047/2047
f 4049/4049 2047/2047 715/715
f 1368/1368 715/715 2047/2047
f 2445/2445 1368/1368 2047/2047
f 1368/1368 2445/2445 1260/1260
f 1260/1260 2445/2445 1361/1361
f 959/959 1259/1259 1362/1362
f 1259/1259 959/959 3607/3607
f 4096/4096 3549/3549 268/268
f 4096/4096 3068/3068 3549/3549
f 268/268 3549/3549 4365/4365
f 4365/4365 3549/3549 811/811
f 352/352 955/955 1361/1361
f 955/955 352/352 4144/4144
f 352/352 955/955 4144/4144
f 955/955 955/955 4144/4144
f 352/352 1361/1361 268/268
f 955/955 352/352 268/268
f 954/954 959/959 1362/1362
f 959/959 954/954 268/268
f 954/954 955/955 268/268
f 959/959 268/268 4365/4365
f 3607/3607 959/959 3639/3639
f 959/959 4365/4365 2625/2625
f 2625/2625 3639/3639 959/959
f 3278/3278 811/811 3549/3549
f 3278/3278 4190/4190 811/811
f 3549/3549 3109/3109 3278/3278
f 4045/4045 3278/3278 4127/4127
f 3466/3466 4045/4045 4127/4127
f 4190/4190 3278/3278 4045/4045
f 4190/4190 4045/4045 2805/2805
f 4045/4045 3466/3466 2357/2357
f 2357/2357 2805/2805 4045/4045
f 3398/3398 2805/2805 2357/2357
f 4190/4190 4365/4365 811/811
f 4365/4365 3475/3475 2625/2625
f 3475/3475 4365/4365 4190/4190
f 2625/2625 3475/3475 2919/2919
f 4190/4190 2805/2805 2409/2409
f 2805/2805 3398/3398 2409/2409
f 4190/4190 2409/2409 3475/3475
f 4226/4226 3475/3475 2409/2409
f 4111/4111 2409/2409 3007/3007
f 2409/2409 3398/3398 3007/3007
f 2706/2706 4049/4049 2676/2676
f 2377/2377 2706/2706 3350/3350
f 239/239 2377/2377 3350/3350
f 3350/3350 4168/4168 239/239
f 4049/4049 715/715 2676/2676
f 1139/1139 2676/2676 715/715
f 1139/1139 715/715 216/216
f 1368/1368 216/216 715/715
f 3607/3607 3587/3587 1259/1259
f 3587/3587 1369/1369 1259/1259
f 3587/3587 217/217 1369/1369
f 308/308 217/217 3587/3587
f 3587/3587 3607/3607 555/555
f 2756/2756 217/217 308/308
f 1186/1186 3587/3587 555/555
f 2199/2199 3587/3587 1186/1186
f 308/308 3587/3587 2199/2199
f 1892/1892 308/308 2199/2199
f 1970/1970 555/555 3607/3607
f 1970/1970 3639/3639 2625/2625
f 1970/1970 3607/3607 3639/3639
f 1186/1186 2898/2898 2835/2835
f 555/555 1970/1970 3120/3120
f 3120/3120 1186/1186 555/555
f 3120/3120 1970/1970 359/359
f 2898/2898 1186/1186 3120/3120
f 1181/1181 3120/3120 359/359
f 1181/1181 2898/2898 3120/3120
f 2919/2919 1970/1970 2625/2625
f 359/359 1970/1970 2919/2919
f 2919/2919 3475/3475 4226/4226
f 4111/4111 4226/4226 2409/2409
f 2459/2459 4226/4226 4111/4111
f 2919/2919 2459/2459 515/515
f 2919/2919 4226/4226 2459/2459
f 515/515 359/359 2919/2919
f 2459/2459 4111/4111 2610/2610
f 2459/2459 2610/2610 515/515
f 359/359 1637/1637 1181/1181
f 1637/1637 359/359 515/515
f 4017/4017 515/515 2610/2610
f 1637/1637 515/515 4017/4017
f 2357/2357 3466/3466 1949/1949
f 2357/2357 1949/1949 680/680
f 2801/2801 2357/2357 680/680
f 4222/4222 398/398 680/680
f 2801/2801 680/680 398/398
f 2801/2801 398/398 4222/4222
f 4222/4222 680/680 146/146
f 146/146 3425/3425 2755/2755
f 146/146 680/680 3425/3425
f 3398/3398 2357/2357 2801/2801
f 4222/4222 3398/3398 2801/2801
f 3007/3007 3398/3398 1282/1282
f 1282/1282 3398/3398 4222/4222
f 146/146 4328/4328 4222/4222
f 4328/4328 3728/3728 4222/4222
f 1282/1282 4222/4222 3728/3728
f 505/505 3007/3007 1282/1282
f 4111/4111 3007/3007 505/505
f 1282/1282 4217/4217 505/505
f 505/505 2610/2610 4111/4111
f 505/505 4217/4217 2610/2610
f 4217/4217 1282/1282 1570/1570
f 3662/3662 4217/4217 1570/1570
f 1570/1570 1282/1282 3728/3728
f 4139/4139 1570/1570 3728/3728
f 1570/1570 4139/4139 3662/3662
f 2610/2610 43/43 4017/4017
f 4217/4217 3662/3662 3501/3501
f 43/43 2610/2610 3501/3501
f 2610/2610 4217/4217 3501/3501
f 3501/3501 2106/2106 43/43
f 2300/2300 4139/4139 2885/2885
f 2300/2300 3662/3662 4139/4139
f 2106/2106 3501/3501 3662/3662
f 2300/2300 2106/2106 3662/3662
f 3369/3369 3080/3080 4105/4105
f 2755/2755 3425/3425 4188/4188
f 3369/3369 4105/4105 3669/3669
f 3414/3414 3669/3669 4105/4105
f 2814/2814 3669/3669 3414/3414
f 3414/3414 4105/4105 2745/2745
f 4105/4105 367/367 2745/2745
f 3306/3306 4188/4188 2814/2814
f 3306/3306 2814/2814 370/370
f 370/370 2814/2814 3414/3414
f 2755/2755 4188/4188 3306/3306
f 2755/2755 3306/3306 3521/3521
f 3306/3306 370/370 3521/3521
f 3521/3521 370/370 524/524
f 370/370 3414/3414 2745/2745
f 2745/2745 524/524 370/370
f 3119/3119 524/524 2745/2745
f 2755/2755 2947/2947 146/146
f 2947/2947 4328/4328 146/146
f 1560/1560 4328/4328 39/39
f 4328/4328 1560/1560 3728/3728
f 1560/1560 3145/3145 3728/3728
f 3521/3521 2947/2947 2755/2755
f 3521/3521 524/524 4367/4367
f 4367/4367 2947/2947 3521/3521
f 39/39 4328/4328 2947/2947
f 4367/4367 39/39 2947/2947
f 4367/4367 524/524 2193/2193
f 2193/2193 524/524 3119/3119
f 94/94 4367/4367 2193/2193
f 2193/2193 2124/2124 94/94
f 2124/2124 2193/2193 3119/3119
f 4367/4367 293/293 39/39
f 2249/2249 39/39 293/293
f 2249/2249 1560/1560 39/39
f 2573/2573 293/293 332/332
f 293/293 2573/2573 2249/2249
f 293/293 4367/4367 94/94
f 332/332 293/293 94/94
f 2124/2124 332/332 94/94
f 2124/2124 2982/2982 332/332
f 2982/2982 138/138 332/332
f 3728/3728 3145/3145 4139/4139
f 2885/2885 3145/3145 2249/2249
f 2885/2885 4139/4139 3145/3145
f 3145/3145 1560/1560 2249/2249
f 2885/2885 2249/2249 2573/2573
f 2885/2885 2573/2573 1863/1863
f 1863/1863 2573/2573 1434/1434
f 1775/1775 2573/2573 332/332
f 1775/1775 332/332 138/138
f 1775/1775 138/138 3396/3396
f 1434/1434 2573/2573 1775/1775
f 1775/1775 3396/3396 468/468
f 468/468 1434/1434 1775/1775
f 1434/1434 468/468 2545/2545
f 1501/1501 2885/2885 1863/1863
f 3605/3605 1501/1501 1863/1863
f 1434/1434 3605/3605 1863/1863
f 1501/1501 2300/2300 2885/2885
f 2300/2300 1501/1501 3009/3009
f 779/779 2545/2545 468/468
f 2545/2545 3605/3605 1434/1434
f 3605/3605 2545/2545 2026/2026
f 3211/3211 2545/2545 779/779
f 2026/2026 2545/2545 3211/3211
f 3176/3176 3514/3514 4078/4078
f 4078/4078 3514/3514 3976/3976
f 2693/2693 3514/3514 4020/4020
f 3514/3514 2693/2693 3976/3976
f 3561/3561 4109/4109 2693/2693
f 4109/4109 3976/3976 2693/2693
f 4078/4078 3976/3976 3106/3106
f 3976/3976 4109/4109 3989/3989
f 63/63 3106/3106 3976/3976
f 4109/4109 2044/2044 3989/3989
f 3989/3989 63/63 3976/3976
f 3556/3556 2844/2844 3989/3989
f 3561/3561 2693/2693 1061/1061
f 1061/1061 2217/2217 3561/3561
f 3561/3561 2217/2217 2777/2777
f 2777/2777 4109/4109 3561/3561
f 1895/1895 2216/2216 3663/3663
f 433/433 2216/2216 1895/1895
f 433/433 1895/1895 3685/3685
f 1895/1895 1636/1636 3685/3685
f 2778/2778 2216/2216 433/433
f 433/433 1440/1440 2778/2778
f 4109/4109 2777/2777 2044/2044
f 1439/1439 2044/2044 2777/2777
f 2044/2044 3556/3556 3989/3989
f 2044/2044 1439/1439 3173/3173
f 1440/1440 433/433 2594/2594
f 1439/1439 506/506 3173/3173
f 1439/1439 2595/2595 506/506
f 3989/3989 2844/2844 63/63
f 419/419 2844/2844 3556/3556
f 3173/3173 3556/3556 2044/2044
f 2844/2844 419/419 192/192
f 2590/2590 419/419 3556/3556
f 2018/2018 192/192 419/419
f 2590/2590 2018/2018 419/419
f 3556/3556 3173/3173 2590/2590
f 1078/1078 3173/3173 506/506
f 1078/1078 2590/2590 3173/3173
f 4094/4094 2018/2018 2590/2590
f 2590/2590 1078/1078 4094/4094
f 4094/4094 3332/3332 2018/2018
f 694/694 433/433 3685/3685
f 3685/3685 2765/2765 761/761
f 3148/3148 694/694 3685/3685
f 3685/3685 761/761 3148/3148
f 694/694 2594/2594 433/433
f 3247/3247 2594/2594 694/694
f 778/778 2594/2594 3247/3247
f 777/777 506/506 2595/2595
f 3148/3148 3247/3247 694/694
f 2113/2113 3247/3247 3148/3148
f 3575/3575 778/778 3247/3247
f 2113/2113 3575/3575 3247/3247
f 761/761 2765/2765 1142/1142
f 761/761 1142/1142 3148/3148
f 1482/1482 3148/3148 1142/1142
f 4026/4026 1142/1142 1190/1190
f 3649/3649 1482/1482 1142/1142
f 1142/1142 4026/4026 3649/3649
f 1482/1482 2113/2113 3148/3148
f 3886/3886 2113/2113 1482/1482
f 2792/2792 3886/3886 1482/1482
f 577/577 3886/3886 2792/2792
f 506/506 777/777 1078/1078
f 1078/1078 777/777 2939/2939
f 3575/3575 2938/2938 778/778
f 612/612 2938/2938 3575/3575
f 2703/2703 4094/4094 1078/1078
f 2939/2939 2703/2703 1078/1078
f 2074/2074 2703/2703 421/421
f 612/612 2050/2050 2938/2938
f 2703/2703 2939/2939 2049/2049
f 2703/2703 2049/2049 421/421
f 656/656 3575/3575 2113/2113
f 656/656 2113/2113 3886/3886
f 612/612 3575/3575 656/656
f 656/656 3886/3886 577/577
f 3802/3802 2050/2050 612/612
f 4313/4313 3802/3802 612/612
f 4313/4313 612/612 656/656
f 471/471 1136/1136 2926/2926
f 1136/1136 471/471 3170/3170
f 1262/1262 1136/1136 3170/3170
f 3170/3170 471/471 2811/2811
f 3589/3589 2811/2811 471/471
f 3086/3086 711/711 1414/1414
f 711/711 870/870 1414/1414
f 266/266 1999/1999 870/870
f 711/711 266/266 870/870
f 266/266 711/711 1878/1878
f 711/711 3383/3383 491/491
f 1254/1254 48/48 2853/2853
f 3138/3138 1254/1254 1019/1019
f 1019/1019 1254/1254 496/496
f 3138/3138 1545/1545 2117/2117
f 1545/1545 4000/4000 2117/2117
f 1019/1019 1545/1545 3138/3138
f 1786/1786 1545/1545 496/496
f 3420/3420 2126/2126 1545/1545
f 2182/2182 2126/2126 3420/3420
f 496/496 1545/1545 1019/1019
f 1786/1786 3420/3420 1545/1545
f 4000/4000 1545/1545 2126/2126
f 2126/2126 4064/4064 3949/3949
f 179/179 4064/4064 3256/3256
f 2126/2126 3256/3256 4064/4064
f 179/179 3256/3256 3086/3086
f 2126/2126 1169/1169 3256/3256
f 1169/1169 3086/3086 3256/3256
f 2126/2126 2182/2182 1169/1169
f 2182/2182 2255/2255 1169/1169
f 1169/1169 1664/1664 3086/3086
f 329/329 1786/1786 496/496
f 2258/2258 3420/3420 1786/1786
f 2182/2182 3420/3420 2612/2612
f 2182/2182 2612/2612 3778/3778
f 1664/1664 1169/1169 2255/2255
f 3778/3778 2255/2255 2182/2182
f 1664/1664 2255/2255 3778/3778
f 3086/3086 1664/1664 600/600
f 1664/1664 3778/3778 600/600
f 496/496 1254/1254 2853/2853
f 2853/2853 1136/1136 496/496
f 1136/1136 329/329 496/496
f 329/329 2258/2258 1786/1786
f 1262/1262 329/329 1136/1136
f 329/329 1885/1885 2258/2258
f 329/329 1262/1262 1885/1885
f 2258/2258 2612/2612 3420/3420
f 1536/1536 3778/3778 2612/2612
f 179/179 3086/3086 1414/1414
f 711/711 3086/3086 3383/3383
f 600/600 3383/3383 3086/3086
f 1885/1885 1262/1262 2811/2811
f 3202/3202 2258/2258 1885/1885
f 1839/1839 3202/3202 1885/1885
f 2811/2811 1839/1839 1885/1885
f 3202/3202 3339/3339 2612/2612
f 2612/2612 2258/2258 3202/3202
f 3339/3339 1536/1536 2612/2612
f 3202/3202 939/939 3339/3339
f 24/24 3202/3202 1839/1839
f 165/165 24/24 1839/1839
f 3202/3202 24/24 939/939
f 1262/1262 3170/3170 2811/2811
f 1839/1839 2811/2811 800/800
f 1839/1839 800/800 165/165
f 600/600 3778/3778 1536/1536
f 1536/1536 3339/3339 3075/3075
f 3075/3075 600/600 1536/1536
f 3075/3075 1953/1953 600/600
f 24/24 165/165 939/939
f 3589/3589 800/800 2811/2811
f 800/800 1049/1049 165/165
f 800/800 3589/3589 1049/1049
f 1953/1953 3075/3075 3339/3339
f 3774/3774 1953/1953 3339/3339
f 3339/3339 939/939 3774/3774
f 600/600 1953/1953 573/573
f 573/573 1953/1953 2444/2444
f 1778/1778 939/939 165/165
f 1778/1778 3136/3136 939/939
f 3774/3774 2444/2444 1953/1953
f 2109/2109 3774/3774 3136/3136
f 1981/1981 2109/2109 3136/3136
f 2444/2444 3774/3774 2953/2953
f 2109/2109 2953/2953 3774/3774
f 3136/3136 3774/3774 939/939
f 1049/1049 1778/1778 165/165
f 491/491 600/600 1671/1671
f 491/491 1671/1671 934/934
f 1386/1386 934/934 1671/1671
f 1386/1386 1671/1671 1741/1741
f 1516/1516 1741/1741 1671/1671
f 1386/1386 1741/1741 366/366
f 491/491 3383/3383 600/600
f 2444/2444 908/908 573/573
f 908/908 2444/2444 2953/2953
f 573/573 1671/1671 600/600
f 1671/1671 573/573 1516/1516
f 573/573 908/908 1516/1516
f 3136/3136 1778/1778 209/209
f 209/209 1981/1981 3136/3136
f 3589/3589 107/107 1049/1049
f 107/107 209/209 1049/1049
f 209/209 1778/1778 1049/1049
f 3589/3589 1654/1654 107/107
f 1654/1654 4050/4050 107/107
f 578/578 2585/2585 1741/1741
f 1741/1741 1516/1516 578/578
f 578/578 4207/4207 2585/2585
f 366/366 2585/2585 3254/3254
f 2585/2585 4207/4207 2226/2226
f 4207/4207 2684/2684 2226/2226
f 366/366 1741/1741 2585/2585
f 4207/4207 4332/4332 2684/2684
f 209/209 16/16 1981/1981
f 1981/1981 16/16 2109/2109
f 16/16 2953/2953 2109/2109
f 1516/1516 908/908 2953/2953
f 578/578 1516/1516 2953/2953
f 578/578 2953/2953 16/16
f 578/578 16/16 4207/4207
f 16/16 209/209 3600/3600
f 1520/1520 3600/3600 4050/4050
f 3600/3600 4100/4100 16/16
f 4100/4100 4207/4207 16/16
f 1520/1520 4100/4100 3600/3600
f 3600/3600 209/209 107/107
f 3600/3600 107/107 4050/4050
f 4207/4207 4100/4100 4332/4332
f 4332/4332 4100/4100 1520/1520
f 4332/4332 1520/1520 215/215
f 1520/1520 4050/4050 215/215
f 215/215 4050/4050 1654/1654
f 312/312 2976/2976 215/215
f 312/312 215/215 1654/1654
f 3409/3409 3130/3130 1654/1654
f 1654/1654 3130/3130 312/312
f 3920/3920 2601/2601 4225/4225
f 4078/4078 2601/2601 3176/3176
f 3052/3052 3920/3920 4225/4225
f 2189/2189 3052/3052 4225/4225
f 1056/1056 3052/3052 4201/4201
f 3052/3052 2189/2189 4201/4201
f 2926/2926 1056/1056 4201/4201
f 2189/2189 4225/4225 2613/2613
f 4225/4225 2601/2601 2613/2613
f 4078/4078 3106/3106 2601/2601
f 3106/3106 4068/4068 2601/2601
f 4201/4201 2189/2189 277/277
f 4201/4201 471/471 2926/2926
f 4068/4068 2613/2613 2601/2601
f 4358/4358 2613/2613 4068/4068
f 2613/2613 4315/4315 2189/2189
f 4315/4315 2613/2613 4358/4358
f 2189/2189 4315/4315 277/277
f 63/63 1517/1517 3106/3106
f 1517/1517 4068/4068 3106/3106
f 63/63 2844/2844 1517/1517
f 3654/3654 4315/4315 4358/4358
f 277/277 471/471 4201/4201
f 4315/4315 3654/3654 277/277
f 4068/4068 1517/1517 1699/1699
f 2817/2817 1517/1517 2844/2844
f 1517/1517 2817/2817 1699/1699
f 1557/1557 3654/3654 4358/4358
f 1557/1557 1292/1292 3654/3654
f 4358/4358 4068/4068 3050/3050
f 3050/3050 1557/1557 4358/4358
f 538/538 277/277 3654/3654
f 277/277 538/538 2988/2988
f 1292/1292 538/538 3654/3654
f 192/192 2817/2817 2844/2844
f 3332/3332 192/192 2018/2018
f 2074/2074 3332/3332 4094/4094
f 4094/4094 2703/2703 2074/2074
f 538/538 1292/1292 4368/4368
f 2988/2988 471/471 277/277
f 2988/2988 3589/3589 471/471
f 3802/3802 149/149 2050/2050
f 3802/3802 4313/4313 540/540
f 912/912 3802/3802 540/540
f 997/997 1557/1557 3050/3050
f 1699/1699 2817/2817 4184/4184
f 4184/4184 2817/2817 192/192
f 1771/1771 4184/4184 192/192
f 4068/4068 1699/1699 3050/3050
f 2787/2787 4184/4184 1771/1771
f 1699/1699 4184/4184 3387/3387
f 3050/3050 1720/1720 997/997
f 1720/1720 3050/3050 1699/1699
f 3387/3387 1720/1720 1699/1699
f 21/21 3387/3387 4184/4184
f 21/21 4184/4184 2787/2787
f 3332/3332 1771/1771 192/192
f 2948/2948 1771/1771 3332/3332
f 2074/2074 2948/2948 3332/3332
f 1998/1998 2948/2948 2074/2074
f 2948/2948 2787/2787 1771/1771
f 997/997 1292/1292 1557/1557
f 997/997 4368/4368 1292/1292
f 4368/4368 1266/1266 538/538
f 1266/1266 4368/4368 1541/1541
f 2467/2467 2948/2948 1998/1998
f 3882/3882 21/21 2787/2787
f 2787/2787 2948/2948 2467/2467
f 2467/2467 3882/3882 2787/2787
f 3882/3882 137/137 21/21
f 1737/1737 997/997 1720/1720
f 997/997 1541/1541 4368/4368
f 997/997 1737/1737 1541/1541
f 4039/4039 3863/3863 3387/3387
f 4039/4039 3387/3387 21/21
f 21/21 137/137 4039/4039
f 3863/3863 1720/1720 3387/3387
f 3882/3882 1327/1327 137/137
f 2467/2467 1327/1327 3882/3882
f 1345/1345 1327/1327 2467/2467
f 2988/2988 538/538 1033/1033
f 3589/3589 2988/2988 1654/1654
f 1033/1033 2838/2838 2988/2988
f 538/538 1266/1266 1033/1033
f 1541/1541 3665/3665 1266/1266
f 1541/1541 1737/1737 3665/3665
f 1033/1033 1266/1266 3665/3665
f 1755/1755 1737/1737 1720/1720
f 1720/1720 3863/3863 1755/1755
f 137/137 2451/2451 4039/4039
f 4039/4039 2451/2451 3863/3863
f 137/137 3606/3606 2451/2451
f 3606/3606 137/137 1327/1327
f 1345/1345 156/156 1327/1327
f 1251/1251 3606/3606 156/156
f 156/156 3606/3606 1327/1327
f 156/156 1345/1345 3239/3239
f 156/156 654/654 1251/1251
f 654/654 156/156 2330/2330
f 2838/2838 3409/3409 2988/2988
f 2286/2286 2170/2170 2603/2603
f 2562/2562 2286/2286 2603/2603
f 1943/1943 3665/3665 1737/1737
f 1251/1251 2451/2451 3606/3606
f 2451/2451 2397/2397 3863/3863
f 1737/1737 1755/1755 1943/1943
f 2562/2562 1943/1943 1755/1755
f 3665/3665 760/760 1033/1033
f 1943/1943 760/760 3665/3665
f 1033/1033 760/760 2838/2838
f 760/760 2170/2170 2838/2838
f 1755/1755 3863/3863 2397/2397
f 2531/2531 2397/2397 2451/2451
f 1251/1251 2531/2531 2451/2451
f 2531/2531 933/933 2397/2397
f 1461/1461 2397/2397 933/933
f 3858/3858 933/933 2531/2531
f 1251/1251 3858/3858 2531/2531
f 2029/2029 1251/1251 654/654
f 2029/2029 654/654 3297/3297
f 2029/2029 3858/3858 1251/1251
f 2029/2029 3297/3297 1263/1263
f 2562/2562 2603/2603 1943/1943
f 2603/2603 760/760 1943/1943
f 2603/2603 2170/2170 760/760
f 1755/1755 2397/2397 1461/1461
f 1755/1755 1461/1461 2562/2562
f 2422/2422 933/933 3858/3858
f 1461/1461 2286/2286 2562/2562
f 2422/2422 3858/3858 2029/2029
f 421/421 1998/1998 2074/2074
f 3273/3273 1998/1998 421/421
f 2049/2049 3273/3273 421/421
f 148/148 3273/3273 2049/2049
f 1468/1468 3273/3273 148/148
f 3273/3273 3936/3936 1998/1998
f 310/310 2467/2467 1998/1998
f 3936/3936 310/310 1998/1998
f 3273/3273 1468/1468 3936/3936
f 3205/3205 310/310 3936/3936
f 3936/3936 29/29 3205/3205
f 310/310 1345/1345 2467/2467
f 2528/2528 1345/1345 310/310
f 3205/3205 2528/2528 310/310
f 1173/1173 1467/1467 149/149
f 820/820 1467/1467 1173/1173
f 912/912 149/149 3802/3802
f 912/912 1173/1173 149/149
f 4339/4339 820/820 1173/1173
f 3936/3936 1468/1468 29/29
f 820/820 30/30 1467/1467
f 30/30 820/820 1912/1912
f 1239/1239 30/30 1912/1912
f 3031/3031 1239/1239 1912/1912
f 1345/1345 2528/2528 3239/3239
f 2330/2330 156/156 3239/3239
f 1776/1776 2330/2330 3239/3239
f 3239/3239 2528/2528 1776/1776
f 899/899 2528/2528 3205/3205
f 29/29 899/899 3205/3205
f 3014/3014 2528/2528 899/899
f 3014/3014 1776/1776 2528/2528
f 3014/3014 1116/1116 1776/1776
f 29/29 1240/1240 899/899
f 465/465 3014/3014 899/899
f 465/465 899/899 1240/1240
f 464/464 1239/1239 1735/1735
f 464/464 1735/1735 3044/3044
f 2513/2513 3014/3014 465/465
f 2330/2330 3297/3297 654/654
f 3896/3896 3297/3297 2330/2330
f 3896/3896 1163/1163 3297/3297
f 1116/1116 2330/2330 1776/1776
f 3896/3896 2330/2330 1116/1116
f 1116/1116 3348/3348 3896/3896
f 2512/2512 464/464 3044/3044
f 2513/2513 1116/1116 3014/3014
f 1116/1116 2513/2513 1937/1937
f 3348/3348 1116/1116 1937/1937
f 4369/4369 1937/1937 2513/2513
f 4369/4369 2191/2191 1937/1937
f 2141/2141 2191/2191 4369/4369
f 1654/1654 2988/2988 3409/3409
f 2838/2838 2170/2170 1198/1198
f 521/521 1198/1198 2170/2170
f 2286/2286 521/521 2170/2170
f 3147/3147 521/521 2286/2286
f 1198/1198 3409/3409 2838/2838
f 521/521 1571/1571 1198/1198
f 3409/3409 1198/1198 3249/3249
f 1198/1198 1571/1571 3249/3249
f 3819/3819 2682/2682 822/822
f 3819/3819 822/822 2564/2564
f 3162/3162 2429/2429 2031/2031
f 3146/3146 2429/2429 3162/3162
f 2029/2029 1263/1263 2422/2422
f 2422/2422 3156/3156 933/933
f 3156/3156 1461/1461 933/933
f 1461/1461 3156/3156 2268/2268
f 3975/3975 3156/3156 2422/2422
f 2422/2422 1902/1902 3975/3975
f 1263/1263 3648/3648 2422/2422
f 1179/1179 3648/3648 1263/1263
f 3648/3648 1902/1902 2422/2422
f 1179/1179 2436/2436 3648/3648
f 3348/3348 1163/1163 3896/3896
f 1163/1163 1263/1263 3297/3297
f 1163/1163 1179/1179 1263/1263
f 1163/1163 3305/3305 3640/3640
f 3640/3640 1179/1179 1163/1163
f 2436/2436 1179/1179 3640/3640
f 3305/3305 1163/1163 3348/3348
f 3348/3348 3122/3122 3305/3305
f 3122/3122 3348/3348 1937/1937
f 3122/3122 4276/4276 3305/3305
f 3305/3305 2949/2949 3640/3640
f 3305/3305 4276/4276 2949/2949
f 2191/2191 3122/3122 1937/1937
f 4276/4276 3122/3122 2191/2191
f 84/84 2191/2191 2141/2141
f 84/84 4276/4276 2191/2191
f 3516/3516 3147/3147 4018/4018
f 2286/2286 1461/1461 3147/3147
f 4018/4018 3147/3147 1461/1461
f 1685/1685 1461/1461 2268/2268
f 3975/3975 1685/1685 2268/2268
f 4018/4018 1461/1461 1685/1685
f 3516/3516 521/521 3147/3147
f 1571/1571 521/521 3516/3516
f 4018/4018 1685/1685 554/554
f 2991/2991 554/554 1685/1685
f 2991/2991 1685/1685 3850/3850
f 2991/2991 814/814 554/554
f 1518/1518 814/814 2991/2991
f 3686/3686 1518/1518 2991/2991
f 3975/3975 2268/2268 3156/3156
f 1902/1902 3850/3850 3975/3975
f 3850/3850 1685/1685 3975/3975
f 1644/1644 115/115 3850/3850
f 1902/1902 3648/3648 1644/1644
f 1902/1902 1644/1644 3850/3850
f 2436/2436 1644/1644 3648/3648
f 749/749 1644/1644 2436/2436
f 115/115 1644/1644 749/749
f 115/115 3686/3686 3850/3850
f 68/68 115/115 749/749
f 2991/2991 3850/3850 3686/3686
f 574/574 3686/3686 1012/1012
f 1012/1012 3686/3686 115/115
f 1012/1012 115/115 2037/2037
f 115/115 68/68 2037/2037
f 2037/2037 1898/1898 1012/1012
f 771/771 1898/1898 2037/2037
f 1571/1571 2321/2321 3249/3249
f 907/907 3249/3249 2321/2321
f 4018/4018 1942/1942 3516/3516
f 3516/3516 1942/1942 1571/1571
f 1942/1942 822/822 2321/2321
f 4018/4018 822/822 1942/1942
f 1942/1942 2321/2321 1571/1571
f 907/907 2321/2321 2682/2682
f 822/822 2682/2682 2321/2321
f 4018/4018 2564/2564 822/822
f 4018/4018 554/554 3162/3162
f 3162/3162 554/554 814/814
f 3162/3162 2564/2564 4018/4018
f 3146/3146 3162/3162 814/814
f 673/673 3146/3146 814/814
f 814/814 1518/1518 673/673
f 3233/3233 673/673 1518/1518
f 3233/3233 1518/1518 574/574
f 2455/2455 2429/2429 3146/3146
f 2455/2455 3146/3146 673/673
f 2858/2858 2455/2455 673/673
f 2858/2858 673/673 3233/3233
f 3459/3459 2858/2858 3233/3233
f 2858/2858 3459/3459 2596/2596
f 574/574 1518/1518 3686/3686
f 1012/1012 1898/1898 574/574
f 574/574 1898/1898 3731/3731
f 3731/3731 3233/3233 574/574
f 3731/3731 3459/3459 3233/3233
f 1898/1898 771/771 1171/1171
f 1753/1753 1898/1898 1171/1171
f 1757/1757 1898/1898 1753/1753
f 2782/2782 1757/1757 1753/1753
f 2782/2782 1753/1753 891/891
f 2782/2782 2405/2405 2672/2672
f 2672/2672 1757/1757 2782/2782
f 2672/2672 2405/2405 669/669
f 2405/2405 4185/4185 669/669
f 4185/4185 2574/2574 669/669
f 968/968 3459/3459 3731/3731
f 3459/3459 745/745 2596/2596
f 968/968 745/745 3459/3459
f 1757/1757 3731/3731 1898/1898
f 3731/3731 1757/1757 968/968
f 1956/1956 1757/1757 2672/2672
f 2672/2672 669/669 1956/1956
f 1956/1956 669/669 4295/4295
f 669/669 2574/2574 4295/4295
f 4295/4295 412/412 1956/1956
f 1956/1956 3667/3667 1757/1757
f 412/412 3667/3667 1956/1956
f 3667/3667 412/412 3720/3720
f 3720/3720 412/412 503/503
f 968/968 2533/2533 1511/1511
f 968/968 1511/1511 795/795
f 2533/2533 968/968 1757/1757
f 3667/3667 2533/2533 1757/1757
f 3667/3667 3720/3720 3326/3326
f 2533/2533 3667/3667 3326/3326
f 4295/4295 2574/2574 1339/1339
f 1339/1339 412/412 4295/4295
f 2574/2574 4185/4185 2200/2200
f 2200/2200 1339/1339 2574/2574
f 4089/4089 1339/1339 2200/2200
f 1339/1339 503/503 412/412
f 2857/2857 2436/2436 3640/3640
f 2436/2436 2857/2857 749/749
f 2949/2949 2857/2857 3640/3640
f 2949/2949 913/913 2857/2857
f 904/904 913/913 2949/2949
f 68/68 749/749 2857/2857
f 68/68 2857/2857 913/913
f 2037/2037 68/68 913/913
f 913/913 904/904 167/167
f 913/913 167/167 2037/2037
f 167/167 771/771 2037/2037
f 4072/4072 1171/1171 771/771
f 3010/3010 4072/4072 167/167
f 4072/4072 771/771 167/167
f 3869/3869 4298/4298 4072/4072
f 4298/4298 1171/1171 4072/4072
f 4276/4276 904/904 2949/2949
f 2918/2918 904/904 4276/4276
f 2918/2918 2586/2586 904/904
f 2586/2586 3010/3010 904/904
f 84/84 2918/2918 4276/4276
f 2302/2302 2918/2918 84/84
f 2586/2586 2918/2918 2302/2302
f 4270/4270 1997/1997 2586/2586
f 3010/3010 167/167 904/904
f 1997/1997 3869/3869 3010/3010
f 3869/3869 4072/4072 3010/3010
f 1997/1997 3010/3010 2586/2586
f 1997/1997 2776/2776 3869/3869
f 3474/3474 1997/1997 4270/4270
f 3474/3474 2776/2776 1997/1997
f 1171/1171 989/989 1753/1753
f 989/989 891/891 1753/1753
f 1227/1227 989/989 1171/1171
f 989/989 1354/1354 891/891
f 1354/1354 3104/3104 891/891
f 3104/3104 1354/1354 1115/1115
f 298/298 3104/3104 1115/1115
f 989/989 1227/1227 1354/1354
f 1927/1927 1354/1354 1227/1227
f 1927/1927 1115/1115 1354/1354
f 2243/2243 1115/1115 1927/1927
f 2243/2243 298/298 1115/1115
f 1228/1228 298/298 2243/2243
f 4071/4071 2243/2243 1927/1927
f 891/891 3104/3104 2782/2782
f 2782/2782 3104/3104 2405/2405
f 3104/3104 4185/4185 2405/2405
f 532/532 4298/4298 3869/3869
f 4298/4298 1227/1227 1171/1171
f 1227/1227 4298/4298 3834/3834
f 3834/3834 1927/1927 1227/1227
f 92/92 3834/3834 4298/4298
f 3834/3834 4071/4071 1927/1927
f 3834/3834 2978/2978 4071/4071
f 3668/3668 3779/3779 4071/4071
f 3779/3779 1228/1228 2243/2243
f 3779/3779 2243/2243 4071/4071
f 953/953 1228/1228 3779/3779
f 3779/3779 3668/3668 953/953
f 2978/2978 3834/3834 92/92
f 4298/4298 532/532 92/92
f 2171/2171 3283/3283 2978/2978
f 3283/3283 3668/3668 2978/2978
f 3668/3668 4071/4071 2978/2978
f 2533/2533 3326/3326 1511/1511
f 1781/1781 3720/3720 503/503
f 1781/1781 503/503 1109/1109
f 3326/3326 3720/3720 1781/1781
f 1781/1781 2869/2869 3326/3326
f 2869/2869 1511/1511 3326/3326
f 2869/2869 1811/1811 1511/1511
f 1781/1781 2893/2893 2869/2869
f 3550/3550 1811/1811 2869/2869
f 2869/2869 2893/2893 3550/3550
f 3723/3723 3550/3550 2893/2893
f 1338/1338 3550/3550 2347/2347
f 2347/2347 3550/3550 3723/3723
f 970/970 1338/1338 2347/2347
f 970/970 1865/1865 1338/1338
f 532/532 3869/3869 2776/2776
f 3221/3221 3422/3422 532/532
f 532/532 2776/2776 3221/3221
f 3221/3221 3888/3888 3422/3422
f 92/92 3422/3422 2978/2978
f 2171/2171 2978/2978 3422/3422
f 532/532 3422/3422 92/92
f 3283/3283 2171/2171 1100/1100
f 2315/2315 3668/3668 3283/3283
f 3206/3206 2315/2315 3283/3283
f 1100/1100 2171/2171 3422/3422
f 3206/3206 3283/3283 1100/1100
f 1401/1401 3221/3221 2776/2776
f 3474/3474 1401/1401 2776/2776
f 1995/1995 1100/1100 3888/3888
f 3221/3221 671/671 3888/3888
f 3888/3888 671/671 1995/1995
f 212/212 1995/1995 671/671
f 1601/1601 671/671 3221/3221
f 1273/1273 212/212 671/671
f 1100/1100 3422/3422 3888/3888
f 1995/1995 2244/2244 1100/1100
f 2269/2269 3206/3206 1100/1100
f 2244/2244 2269/2269 1100/1100
f 3206/3206 2269/2269 3356/3356
f 2269/2269 2244/2244 4007/4007
f 4007/4007 3356/3356 2269/2269
f 2244/2244 1995/1995 2468/2468
f 212/212 2468/2468 1995/1995
f 314/314 2468/2468 212/212
f 314/314 2244/2244 2468/2468
f 4007/4007 2244/2244 314/314
f 2347/2347 2650/2650 970/970
f 1750/1750 641/641 384/384
f 2393/2393 641/641 1750/1750
f 1492/1492 641/641 2393/2393
f 2921/2921 641/641 1492/1492
f 3932/3932 2395/2395 1751/1751
f 1751/1751 1324/1324 3932/3932
f 1228/1228 2614/2614 298/298
f 1228/1228 3974/3974 2614/2614
f 1967/1967 2614/2614 3974/3974
f 298/298 4185/4185 3104/3104
f 298/298 3517/3517 4185/4185
f 4185/4185 3517/3517 4052/4052
f 2614/2614 3517/3517 298/298
f 650/650 3517/3517 2614/2614
f 650/650 4052/4052 3517/3517
f 650/650 1900/1900 4052/4052
f 1900/1900 678/678 4052/4052
f 2614/2614 1967/1967 650/650
f 1967/1967 1543/1543 650/650
f 1543/1543 1900/1900 650/650
f 3974/3974 1228/1228 953/953
f 2520/2520 1967/1967 3974/3974
f 2315/2315 953/953 3668/3668
f 895/895 3974/3974 953/953
f 2315/2315 895/895 953/953
f 895/895 2520/2520 3974/3974
f 1967/1967 2520/2520 1543/1543
f 2045/2045 1900/1900 1543/1543
f 602/602 2045/2045 1543/1543
f 602/602 1543/1543 2520/2520
f 4052/4052 2200/2200 4185/4185
f 678/678 4089/4089 2200/2200
f 1339/1339 1109/1109 503/503
f 1109/1109 1339/1339 4089/4089
f 4052/4052 678/678 2200/2200
f 4202/4202 678/678 1900/1900
f 1109/1109 4089/4089 244/244
f 244/244 4089/4089 678/678
f 2485/2485 244/244 678/678
f 4202/4202 2485/2485 678/678
f 3835/3835 1781/1781 1109/1109
f 2081/2081 3835/3835 1109/1109
f 244/244 2081/2081 1109/1109
f 2893/2893 1781/1781 3835/3835
f 2081/2081 2523/2523 3835/3835
f 2523/2523 2893/2893 3835/3835
f 3260/3260 244/244 2485/2485
f 3260/3260 2081/2081 244/244
f 3260/3260 2523/2523 2081/2081
f 2045/2045 4202/4202 1900/1900
f 4202/4202 879/879 2485/2485
f 2671/2671 4202/4202 2045/2045
f 879/879 4202/4202 2671/2671
f 3723/3723 2893/2893 2523/2523
f 508/508 3723/3723 2523/2523
f 879/879 3260/3260 2485/2485
f 2347/2347 3723/3723 508/508
f 2650/2650 2347/2347 508/508
f 278/278 508/508 2523/2523
f 3260/3260 278/278 2523/2523
f 895/895 2315/2315 271/271
f 271/271 2520/2520 895/895
f 3891/3891 2315/2315 3206/3206
f 4215/4215 2045/2045 602/602
f 271/271 602/602 2520/2520
f 4215/4215 602/602 271/271
f 2315/2315 3891/3891 271/271
f 3356/3356 3891/3891 3206/3206
f 3891/3891 305/305 271/271
f 305/305 4215/4215 271/271
f 898/898 4215/4215 342/342
f 3356/3356 608/608 3891/3891
f 305/305 3891/3891 608/608
f 4215/4215 305/305 342/342
f 1151/1151 898/898 342/342
f 898/898 2045/2045 4215/4215
f 3479/3479 278/278 3260/3260
f 879/879 3479/3479 3260/3260
f 879/879 679/679 3479/3479
f 2068/2068 278/278 3479/3479
f 2671/2671 2045/2045 898/898
f 879/879 2671/2671 679/679
f 2671/2671 915/915 679/679
f 2068/2068 3479/3479 3952/3952
f 3797/3797 915/915 2671/2671
f 1151/1151 2671/2671 898/898
f 3797/3797 2671/2671 1151/1151
f 3215/3215 3479/3479 679/679
f 3952/3952 3479/3479 3215/3215
f 3215/3215 679/679 915/915
f 2396/2396 915/915 3797/3797
f 131/131 2732/2732 3200/3200
f 1544/1544 3262/3262 3726/3726
f 3510/3510 1938/1938 2404/2404
f 3510/3510 3006/3006 776/776
f 3262/3262 776/776 3006/3006
f 3510/3510 776/776 2846/2846
f 131/131 3726/3726 2732/2732
f 131/131 1544/1544 3726/3726
f 131/131 3200/3200 249/249
f 1544/1544 131/131 335/335
f 2023/2023 3262/3262 1544/1544
f 2023/2023 776/776 3262/3262
f 335/335 131/131 249/249
f 335/335 2974/2974 1544/1544
f 1544/1544 2974/2974 2023/2023
f 1714/1714 2974/2974 335/335
f 265/265 776/776 2023/2023
f 867/867 776/776 265/265
f 1938/1938 1893/1893 2404/2404
f 51/51 1893/1893 1938/1938
f 2846/2846 1938/1938 3510/3510
f 51/51 763/763 1893/1893
f 2935/2935 763/763 2799/2799
f 2799/2799 763/763 51/51
f 2935/2935 2415/2415 1079/1079
f 2799/2799 2415/2415 2935/2935
f 1357/1357 51/51 1938/1938
f 2799/2799 51/51 1854/1854
f 2846/2846 1357/1357 1938/1938
f 1854/1854 51/51 1357/1357
f 1628/1628 2415/2415 2799/2799
f 2410/2410 1357/1357 2846/2846
f 2799/2799 1854/1854 1628/1628
f 867/867 2410/2410 2846/2846
f 776/776 867/867 2846/2846
f 2410/2410 1854/1854 1357/1357
f 1118/1118 1854/1854 2410/2410
f 2501/2501 1628/1628 1854/1854
f 1118/1118 2501/2501 1854/1854
f 2023/2023 3213/3213 265/265
f 2974/2974 3213/3213 2023/2023
f 3213/3213 2974/2974 1088/1088
f 1118/1118 2410/2410 867/867
f 1766/1766 1118/1118 867/867
f 265/265 3213/3213 973/973
f 973/973 867/867 265/265
f 973/973 1766/1766 867/867
f 266/266 1683/1683 331/331
f 1688/1688 331/331 1991/1991
f 1991/1991 958/958 1688/1688
f 1991/1991 331/331 3626/3626
f 331/331 1683/1683 3626/3626
f 1991/1991 3626/3626 3328/3328
f 1683/1683 4311/4311 3626/3626
f 1878/1878 1683/1683 266/266
f 1878/1878 711/711 491/491
f 1683/1683 1878/1878 4311/4311
f 4065/4065 958/958 1556/1556
f 3647/3647 958/958 4065/4065
f 958/958 1991/1991 1556/1556
f 3328/3328 1556/1556 1991/1991
f 4065/4065 3447/3447 3647/3647
f 3400/3400 3647/3647 3447/3447
f 1556/1556 87/87 4065/4065
f 87/87 3447/3447 4065/4065
f 4311/4311 2481/2481 3626/3626
f 4311/4311 1878/1878 1119/1119
f 3872/3872 1119/1119 1878/1878
f 3626/3626 2481/2481 3328/3328
f 3328/3328 2481/2481 3502/3502
f 1556/1556 3328/3328 87/87
f 87/87 3328/3328 3502/3502
f 87/87 3069/3069 3447/3447
f 1119/1119 2481/2481 4311/4311
f 2481/2481 1119/1119 4147/4147
f 692/692 3502/3502 2481/2481
f 4147/4147 692/692 2481/2481
f 3069/3069 87/87 3502/3502
f 3069/3069 3502/3502 1237/1237
f 3447/3447 1029/1029 3400/3400
f 3069/3069 1029/1029 3447/3447
f 3872/3872 1483/1483 1119/1119
f 2636/2636 1483/1483 3872/3872
f 3502/3502 1630/1630 1237/1237
f 1483/1483 4147/4147 1119/1119
f 3502/3502 692/692 1630/1630
f 692/692 4147/4147 4140/4140
f 692/692 4140/4140 1630/1630
f 4140/4140 4147/4147 1483/1483
f 4327/4327 4140/4140 1483/1483
f 3123/3123 1237/1237 1630/1630
f 4035/4035 4140/4140 4327/4327
f 4140/4140 1742/1742 3878/3878
f 3878/3878 1630/1630 4140/4140
f 4140/4140 4035/4035 1742/1742
f 3123/3123 1630/1630 3878/3878
f 2969/2969 3123/3123 3878/3878
f 1029/1029 3123/3123 69/69
f 69/69 3123/3123 2969/2969
f 1029/1029 3069/3069 1237/1237
f 1029/1029 334/334 3400/3400
f 1029/1029 1237/1237 3123/3123
f 1029/1029 69/69 334/334
f 334/334 936/936 3400/3400
f 1878/1878 491/491 3872/3872
f 3872/3872 491/491 934/934
f 2636/2636 4327/4327 1483/1483
f 3872/3872 934/934 1386/1386
f 3872/3872 1386/1386 2636/2636
f 2636/2636 3644/3644 450/450
f 2636/2636 1386/1386 3644/3644
f 450/450 4327/4327 2636/2636
f 4327/4327 450/450 4035/4035
f 3254/3254 450/450 3644/3644
f 3254/3254 3644/3644 366/366
f 4035/4035 450/450 3254/3254
f 3254/3254 1742/1742 4035/4035
f 3644/3644 1386/1386 366/366
f 1431/1431 2969/2969 3878/3878
f 1431/1431 3878/3878 1742/1742
f 69/69 2969/2969 1431/1431
f 249/249 3200/3200 3400/3400
f 936/936 249/249 3400/3400
f 249/249 3446/3446 335/335
f 3446/3446 1714/1714 335/335
f 1079/1079 164/164 1309/1309
f 1079/1079 2415/2415 164/164
f 2415/2415 1597/1597 164/164
f 1628/1628 1597/1597 2415/2415
f 164/164 2726/2726 1309/1309
f 2420/2420 164/164 1597/1597
f 2726/2726 164/164 2420/2420
f 2726/2726 2420/2420 300/300
f 193/193 1628/1628 2501/2501
f 1597/1597 1628/1628 193/193
f 193/193 3468/3468 1597/1597
f 2473/2473 193/193 2784/2784
f 2420/2420 1597/1597 3468/3468
f 2054/2054 2420/2420 3468/3468
f 1581/1581 2054/2054 3468/3468
f 3468/3468 193/193 2473/2473
f 1581/1581 3468/3468 2304/2304
f 2054/2054 300/300 2420/2420
f 3080/3080 300/300 2054/2054
f 3777/3777 3080/3080 2054/2054
f 2054/2054 2450/2450 3777/3777
f 2450/2450 2054/2054 1581/1581
f 2299/2299 2450/2450 1581/1581
f 847/847 2299/2299 1581/1581
f 936/936 3446/3446 249/249
f 2974/2974 1714/1714 1088/1088
f 2493/2493 1714/1714 3446/3446
f 2493/2493 1088/1088 1714/1714
f 1088/1088 2103/2103 3213/3213
f 2493/2493 3631/3631 1088/1088
f 3631/3631 2103/2103 1088/1088
f 936/936 2493/2493 3446/3446
f 452/452 2493/2493 936/936
f 193/193 2501/2501 2784/2784
f 2501/2501 1118/1118 2161/2161
f 1766/1766 2161/2161 1118/1118
f 2501/2501 2161/2161 1032/1032
f 2501/2501 3027/3027 2784/2784
f 1032/1032 3027/3027 2501/2501
f 2473/2473 2784/2784 497/497
f 2304/2304 3468/3468 2473/2473
f 497/497 2784/2784 3027/3027
f 2304/2304 2473/2473 497/497
f 2161/2161 1766/1766 2001/2001
f 2001/2001 1766/1766 973/973
f 2161/2161 2001/2001 161/161
f 161/161 1032/1032 2161/2161
f 3375/3375 2001/2001 973/973
f 61/61 3027/3027 1032/1032
f 1527/1527 3027/3027 61/61
f 161/161 61/61 1032/1032
f 497/497 3027/3027 534/534
f 1527/1527 534/534 3027/3027
f 2304/2304 847/847 1581/1581
f 847/847 497/497 233/233
f 2304/2304 497/497 847/847
f 233/233 3116/3116 847/847
f 3292/3292 847/847 3116/3116
f 3292/3292 2299/2299 847/847
f 497/497 534/534 233/233
f 3163/3163 233/233 534/534
f 3163/3163 534/534 1527/1527
f 3116/3116 233/233 3163/3163
f 3116/3116 3163/3163 3268/3268
f 3292/3292 3116/3116 3704/3704
f 3704/3704 3116/3116 3268/3268
f 2990/2990 3292/3292 3704/3704
f 2990/2990 3704/3704 3563/3563
f 1756/1756 3563/3563 3704/3704
f 334/334 2628/2628 936/936
f 4060/4060 936/936 2628/2628
f 2226/2226 3254/3254 2585/2585
f 2226/2226 1742/1742 3254/3254
f 2226/2226 2684/2684 1177/1177
f 1742/1742 2226/2226 1177/1177
f 1431/1431 1742/1742 1177/1177
f 2150/2150 1431/1431 1177/1177
f 2150/2150 1177/1177 2684/2684
f 2684/2684 4332/4332 2150/2150
f 4332/4332 215/215 2976/2976
f 2976/2976 2150/2150 4332/4332
f 1431/1431 2150/2150 2976/2976
f 1431/1431 2976/2976 69/69
f 334/334 69/69 2976/2976
f 2976/2976 312/312 334/334
f 2628/2628 334/334 312/312
f 4060/4060 2628/2628 3393/3393
f 312/312 3130/3130 2628/2628
f 3130/3130 1538/1538 2628/2628
f 3024/3024 3130/3130 3409/3409
f 3249/3249 3024/3024 3409/3409
f 3024/3024 1538/1538 3130/3130
f 3024/3024 113/113 1538/1538
f 3024/3024 2175/2175 113/113
f 1196/1196 113/113 2175/2175
f 3393/3393 2628/2628 1538/1538
f 1538/1538 3209/3209 3393/3393
f 3393/3393 3209/3209 392/392
f 4329/4329 392/392 3209/3209
f 113/113 2172/2172 1538/1538
f 1196/1196 2101/2101 2172/2172
f 1196/1196 2172/2172 113/113
f 2172/2172 3209/3209 1538/1538
f 1405/1405 3209/3209 2172/2172
f 1405/1405 4329/4329 3209/3209
f 4329/4329 1405/1405 563/563
f 1405/1405 2958/2958 563/563
f 2958/2958 2329/2329 563/563
f 1405/1405 2172/2172 2101/2101
f 1405/1405 2101/2101 2958/2958
f 660/660 2329/2329 2958/2958
f 3715/3715 2329/2329 660/660
f 1445/1445 3715/3715 660/660
f 2904/2904 3213/3213 2103/2103
f 2904/2904 973/973 3213/3213
f 3375/3375 973/973 2904/2904
f 2493/2493 452/452 3631/3631
f 3631/3631 452/452 2653/2653
f 3631/3631 2653/2653 2103/2103
f 882/882 2653/2653 452/452
f 3596/3596 3375/3375 2904/2904
f 3596/3596 2904/2904 3664/3664
f 1059/1059 2103/2103 2653/2653
f 2904/2904 2103/2103 3664/3664
f 2441/2441 3596/3596 3664/3664
f 180/180 2503/2503 3596/3596
f 936/936 4060/4060 111/111
f 111/111 452/452 936/936
f 882/882 452/452 111/111
f 2653/2653 882/882 3261/3261
f 111/111 3638/3638 882/882
f 3638/3638 3261/3261 882/882
f 4060/4060 3638/3638 111/111
f 3261/3261 1059/1059 2653/2653
f 2103/2103 1059/1059 3664/3664
f 180/180 3596/3596 2441/2441
f 1275/1275 4028/4028 180/180
f 1399/1399 2001/2001 3375/3375
f 161/161 2001/2001 1399/1399
f 2333/2333 161/161 1399/1399
f 189/189 1527/1527 61/61
f 2333/2333 61/61 161/161
f 189/189 61/61 2333/2333
f 2333/2333 1399/1399 2503/2503
f 3596/3596 1399/1399 3375/3375
f 1399/1399 3596/3596 2503/2503
f 2503/2503 1801/1801 2333/2333
f 4249/4249 189/189 3048/3048
f 2333/2333 1801/1801 189/189
f 3048/3048 189/189 1801/1801
f 4249/4249 3048/3048 4303/4303
f 4249/4249 1527/1527 189/189
f 3163/3163 1527/1527 4249/4249
f 4303/4303 3163/3163 4249/4249
f 3268/3268 3163/3163 4303/4303
f 1756/1756 3268/3268 1596/1596
f 1596/1596 3268/3268 4303/4303
f 3472/3472 1596/1596 4303/4303
f 1801/1801 1365/1365 3048/3048
f 180/180 361/361 2503/2503
f 2503/2503 361/361 3382/3382
f 3382/3382 4028/4028 2503/2503
f 2503/2503 4028/4028 1801/1801
f 1365/1365 1801/1801 4028/4028
f 361/361 180/180 4028/4028
f 3382/3382 361/361 4028/4028
f 2187/2187 4303/4303 3048/3048
f 3048/3048 1365/1365 2187/2187
f 698/698 1365/1365 4028/4028
f 1365/1365 698/698 2187/2187
f 698/698 1480/1480 2187/2187
f 4303/4303 2187/2187 3472/3472
f 2329/2329 3664/3664 1059/1059
f 3664/3664 2329/2329 1926/1926
f 392/392 3261/3261 3638/3638
f 4329/4329 3261/3261 392/392
f 3393/3393 392/392 4060/4060
f 3638/3638 4060/4060 392/392
f 3261/3261 563/563 1059/1059
f 4329/4329 563/563 3261/3261
f 563/563 2329/2329 1059/1059
f 2329/2329 3512/3512 1926/1926
f 1926/1926 3512/3512 2154/2154
f 1926/1926 2441/2441 3664/3664
f 2441/2441 1926/1926 2154/2154
f 2441/2441 2154/2154 1275/1275
f 1275/1275 180/180 2441/2441
f 3652/3652 4028/4028 1275/1275
f 2154/2154 2348/2348 1275/1275
f 1275/1275 2348/2348 1490/1490
f 1275/1275 1490/1490 3652/3652
f 3056/3056 3652/3652 1490/1490
f 3512/3512 2329/2329 3715/3715
f 3897/3897 2154/2154 3512/3512
f 3897/3897 2348/2348 2154/2154
f 3687/3687 2348/2348 3897/3897
f 3687/3687 1490/1490 2348/2348
f 698/698 4028/4028 3652/3652
f 1756/1756 3704/3704 3268/3268
f 3563/3563 1756/1756 3110/3110
f 3287/3287 1756/1756 1596/1596
f 3287/3287 3110/3110 1756/1756
f 3472/3472 2187/2187 1480/1480
f 1352/1352 3472/3472 3615/3615
f 1480/1480 3615/3615 3472/3472
f 1596/1596 3472/3472 1352/1352
f 3287/3287 1596/1596 1352/1352
f 3287/3287 1352/1352 4203/4203
f 3615/3615 783/783 1352/1352
f 3110/3110 3287/3287 4257/4257
f 4257/4257 2265/2265 3110/3110
f 3287/3287 4204/4204 4257/4257
f 4203/4203 1352/1352 783/783
f 1111/1111 4203/4203 783/783
f 4257/4257 3315/3315 2265/2265
f 3315/3315 4257/4257 4204/4204
f 1111/1111 2916/2916 4203/4203
f 1248/1248 4204/4204 2917/2917
f 624/624 3687/3687 3897/3897
f 1473/1473 3512/3512 3715/3715
f 3512/3512 1473/1473 3897/3897
f 1473/1473 3715/3715 1445/1445
f 1646/1646 1473/1473 1445/1445
f 1646/1646 103/103 1473/1473
f 1473/1473 624/624 3897/3897
f 103/103 624/624 1473/1473
f 4355/4355 624/624 103/103
f 4355/4355 2433/2433 624/624
f 1490/1490 3687/3687 2433/2433
f 2433/2433 3687/3687 624/624
f 1396/1396 3056/3056 1490/1490
f 2433/2433 1396/1396 1490/1490
f 1396/1396 1899/1899 3056/3056
f 1222/1222 1899/1899 1396/1396
f 2433/2433 1972/1972 1396/1396
f 1396/1396 1972/1972 1222/1222
f 2433/2433 4355/4355 1972/1972
f 1972/1972 4355/4355 3271/3271
f 3271/3271 2283/2283 1972/1972
f 1222/1222 1972/1972 2283/2283
f 1777/1777 1222/1222 2283/2283
f 2283/2283 3271/3271 1634/1634
f 3999/3999 2283/2283 1634/1634
f 1777/1777 2283/2283 3999/3999
f 3/3 1777/1777 3999/3999
f 3652/3652 3056/3056 698/698
f 1899/1899 698/698 3056/3056
f 1899/1899 1058/1058 3615/3615
f 1899/1899 1480/1480 698/698
f 3615/3615 1480/1480 1899/1899
f 3615/3615 1058/1058 783/783
f 1899/1899 1222/1222 1058/1058
f 783/783 1058/1058 91/91
f 1111/1111 783/783 91/91
f 91/91 1058/1058 1222/1222
f 456/456 1111/1111 91/91
f 2916/2916 1111/1111 456/456
f 91/91 1222/1222 1777/1777
f 483/483 91/91 1777/1777
f 483/483 456/456 91/91
f 517/517 2265/2265 3315/3315
f 3315/3315 482/482 517/517
f 1248/1248 3315/3315 4204/4204
f 1197/1197 3315/3315 1248/1248
f 3315/3315 1197/1197 482/482
f 2917/2917 770/770 1248/1248
f 1197/1197 1248/1248 770/770
f 1367/1367 482/482 1197/1197
f 4019/4019 2316/2316 2731/2731
f 4019/4019 1197/1197 770/770
f 1367/1367 1197/1197 4019/4019
f 127/127 1306/1306 770/770
f 1306/1306 4019/4019 770/770
f 2316/2316 4019/4019 1306/1306
f 566/566 3/3 3999/3999
f 4088/4088 3/3 566/566
f 4088/4088 566/566 2867/2867
f 4087/4087 2868/2868 73/73
f 475/475 2916/2916 456/456
f 456/456 3900/3900 475/475
f 3901/3901 3245/3245 474/474
f 3245/3245 3901/3901 1717/1717
f 474/474 3245/3245 2917/2917
f 770/770 2917/2917 3245/3245
f 3900/3900 456/456 483/483
f 3/3 483/483 1777/1777
f 483/483 1642/1642 3900/3900
f 483/483 3/3 1642/1642
f 4088/4088 1642/1642 3/3
f 3901/3901 2879/2879 1717/1717
f 2856/2856 1717/1717 2879/2879
f 2856/2856 1799/1799 1717/1717
f 770/770 3245/3245 127/127
f 3245/3245 1717/1717 127/127
f 127/127 1799/1799 1306/1306
f 1799/1799 127/127 1717/1717
f 1641/1641 2879/2879 3901/3901
f 4087/4087 2879/2879 1641/1641
f 73/73 2856/2856 2879/2879
f 73/73 2879/2879 4087/4087
f 2438/2438 2856/2856 73/73
f 2316/2316 1808/1808 946/946
f 1808/1808 2316/2316 1096/1096
f 1306/1306 1096/1096 2316/2316
f 1799/1799 1096/1096 1306/1306
f 490/490 1096/1096 1799/1799
f 1808/1808 1096/1096 490/490
f 3725/3725 674/674 946/946
f 3725/3725 946/946 2692/2692
f 772/772 1808/1808 490/490
f 2692/2692 1808/1808 772/772
f 1808/1808 2692/2692 946/946
f 2660/2660 73/73 2868/2868
f 2328/2328 877/877 73/73
f 2660/2660 2328/2328 73/73
f 2328/2328 2660/2660 902/902
f 3917/3917 877/877 2328/2328
f 2328/2328 1424/1424 3917/3917
f 902/902 1424/1424 2328/2328
f 1873/1873 1424/1424 902/902
f 1424/1424 1201/1201 3917/3917
f 4362/4362 1201/1201 1424/1424
f 1799/1799 2856/2856 3418/3418
f 3418/3418 2856/2856 2438/2438
f 3418/3418 2438/2438 479/479
f 490/490 1799/1799 3418/3418
f 73/73 877/877 2438/2438
f 2438/2438 877/877 479/479
f 490/490 3418/3418 2833/2833
f 2833/2833 3418/3418 479/479
f 2833/2833 579/579 772/772
f 2833/2833 3465/3465 579/579
f 2435/2435 3465/3465 3917/3917
f 479/479 3465/3465 2833/2833
f 772/772 490/490 2833/2833
f 479/479 877/877 3917/3917
f 3465/3465 479/479 3917/3917
f 4105/4105 3080/3080 3777/3777
f 2450/2450 3569/3569 3777/3777
f 1050/1050 2299/2299 3292/3292
f 3777/3777 2631/2631 4105/4105
f 3777/3777 3717/3717 2631/2631
f 367/367 4105/4105 2631/2631
f 367/367 2631/2631 1393/1393
f 1393/1393 2631/2631 3717/3717
f 3717/3717 3777/3777 3569/3569
f 3569/3569 2450/2450 2299/2299
f 3569/3569 739/739 3717/3717
f 3569/3569 2299/2299 739/739
f 739/739 2299/2299 1050/1050
f 3717/3717 739/739 773/773
f 773/773 633/633 3717/3717
f 367/367 1393/1393 2745/2745
f 1393/1393 3887/3887 2745/2745
f 3119/3119 2745/2745 3887/3887
f 4319/4319 3887/3887 1393/1393
f 3717/3717 633/633 1393/1393
f 4319/4319 1393/1393 633/633
f 3476/3476 633/633 773/773
f 4319/4319 633/633 3476/3476
f 1336/1336 4319/4319 3476/3476
f 739/739 1050/1050 773/773
f 1050/1050 3292/3292 2990/2990
f 1050/1050 3970/3970 773/773
f 3970/3970 1050/1050 2990/2990
f 2786/2786 3970/3970 2990/2990
f 2786/2786 2990/2990 3563/3563
f 3476/3476 773/773 3970/3970
f 3970/3970 619/619 3476/3476
f 3970/3970 2786/2786 619/619
f 2786/2786 2886/2886 619/619
f 3523/3523 3563/3563 3110/3110
f 2786/2786 3563/3563 3523/3523
f 3523/3523 2886/2886 2786/2786
f 2575/2575 619/619 2886/2886
f 3523/3523 2888/2888 2886/2886
f 2888/2888 321/321 2886/2886
f 321/321 2575/2575 2886/2886
f 3523/3523 3110/3110 2888/2888
f 2888/2888 3110/3110 2265/2265
f 517/517 2888/2888 2265/2265
f 3887/3887 2506/2506 3119/3119
f 3887/3887 23/23 2506/2506
f 23/23 3887/3887 4319/4319
f 2124/2124 3119/3119 2506/2506
f 2982/2982 2124/2124 2506/2506
f 23/23 436/436 2506/2506
f 2390/2390 4319/4319 1336/1336
f 23/23 4319/4319 2390/2390
f 436/436 23/23 2390/2390
f 2390/2390 1336/1336 2845/2845
f 2390/2390 3636/3636 436/436
f 2390/2390 2845/2845 3636/3636
f 2982/2982 2506/2506 436/436
f 2982/2982 436/436 3061/3061
f 2371/2371 138/138 2982/2982
f 2982/2982 3061/3061 2371/2371
f 3319/3319 3061/3061 436/436
f 3319/3319 436/436 3636/3636
f 2751/2751 3061/3061 3319/3319
f 3761/3761 3319/3319 3494/3494
f 4227/4227 3319/3319 3761/3761
f 2845/2845 1336/1336 3476/3476
f 2845/2845 3476/3476 619/619
f 2575/2575 2845/2845 619/619
f 3636/3636 2845/2845 4308/4308
f 4308/4308 2845/2845 2575/2575
f 2962/2962 2575/2575 321/321
f 2575/2575 2962/2962 4308/4308
f 2962/2962 321/321 3677/3677
f 2851/2851 2962/2962 3677/3677
f 3494/3494 3636/3636 4308/4308
f 3636/3636 3494/3494 3319/3319
f 26/26 1930/1930 3494/3494
f 3761/3761 3494/3494 1930/1930
f 3494/3494 4308/4308 26/26
f 26/26 4308/4308 2962/2962
f 2962/2962 2851/2851 26/26
f 1930/1930 26/26 1976/1976
f 1976/1976 26/26 2851/2851
f 3396/3396 138/138 2371/2371
f 2371/2371 41/41 3396/3396
f 41/41 2371/2371 951/951
f 3061/3061 2751/2751 2371/2371
f 2751/2751 951/951 2371/2371
f 3319/3319 4227/4227 2751/2751
f 2751/2751 4227/4227 951/951
f 4227/4227 2208/2208 951/951
f 2208/2208 4227/4227 1833/1833
f 779/779 468/468 3396/3396
f 779/779 3396/3396 41/41
f 779/779 41/41 3881/3881
f 3211/3211 779/779 1241/1241
f 1241/1241 779/779 3881/3881
f 41/41 951/951 2208/2208
f 3881/3881 41/41 2208/2208
f 1241/1241 3881/3881 2802/2802
f 2208/2208 2802/2802 3881/3881
f 4227/4227 3761/3761 1833/1833
f 1930/1930 1833/1833 3761/3761
f 1930/1930 2114/2114 1833/1833
f 1166/1166 1930/1930 1976/1976
f 1694/1694 1166/1166 1976/1976
f 2114/2114 1930/1930 1166/1166
f 1563/1563 1166/1166 1694/1694
f 3092/3092 1833/1833 2114/2114
f 3092/3092 2208/2208 1833/1833
f 3092/3092 2802/2802 2208/2208
f 3703/3703 3092/3092 2114/2114
f 1551/1551 3092/3092 3703/3703
f 3506/3506 2114/2114 1166/1166
f 3703/3703 2114/2114 3506/3506
f 3506/3506 1166/1166 1563/1563
f 351/351 3703/3703 3506/3506
f 3506/3506 1563/1563 674/674
f 3112/3112 3506/3506 674/674
f 2888/2888 517/517 3677/3677
f 321/321 2888/2888 3677/3677
f 3677/3677 517/517 482/482
f 2851/2851 3677/3677 1367/1367
f 1367/1367 3677/3677 482/482
f 2851/2851 1367/1367 2731/2731
f 2851/2851 2731/2731 1976/1976
f 4019/4019 2731/2731 1367/1367
f 1976/1976 2731/2731 1694/1694
f 1694/1694 2316/2316 1563/1563
f 2316/2316 1694/1694 2731/2731
f 2316/2316 946/946 1563/1563
f 674/674 1563/1563 946/946
f 1472/1472 2101/2101 1196/1196
f 907/907 3024/3024 3249/3249
f 2682/2682 3024/3024 907/907
f 2682/2682 2175/2175 3024/3024
f 2691/2691 3819/3819 2564/2564
f 2175/2175 2682/2682 3819/3819
f 3819/3819 1472/1472 2175/2175
f 1472/1472 3819/3819 2691/2691
f 1196/1196 2175/2175 1472/1472
f 2406/2406 2184/2184 2691/2691
f 2744/2744 2406/2406 2691/2691
f 2184/2184 2101/2101 1472/1472
f 1472/1472 2691/2691 2184/2184
f 2406/2406 3950/3950 2184/2184
f 2744/2744 3950/3950 2406/2406
f 2744/2744 2691/2691 2031/2031
f 2031/2031 2691/2691 2564/2564
f 3162/3162 2031/2031 2564/2564
f 2455/2455 3125/3125 2429/2429
f 2429/2429 2744/2744 2031/2031
f 3554/3554 3125/3125 3046/3046
f 2744/2744 3478/3478 2830/2830
f 3125/3125 2744/2744 2429/2429
f 2744/2744 3125/3125 3478/3478
f 3554/3554 3478/3478 3125/3125
f 2830/2830 3478/3478 1373/1373
f 3316/3316 1373/1373 3478/3478
f 3316/3316 3478/3478 3554/3554
f 3554/3554 2912/2912 3316/3316
f 1897/1897 2958/2958 2101/2101
f 2184/2184 1897/1897 2101/2101
f 2184/2184 2462/2462 1897/1897
f 2184/2184 3950/3950 2462/2462
f 2462/2462 3950/3950 2950/2950
f 2950/2950 1265/1265 2462/2462
f 1897/1897 660/660 2958/2958
f 660/660 1897/1897 1265/1265
f 1445/1445 660/660 1265/1265
f 1897/1897 2462/2462 1265/1265
f 1770/1770 1445/1445 1265/1265
f 1445/1445 1770/1770 1646/1646
f 1770/1770 4033/4033 1646/1646
f 4033/4033 103/103 1646/1646
f 1770/1770 1265/1265 2950/2950
f 1802/1802 4033/4033 1770/1770
f 2830/2830 3950/3950 2744/2744
f 3950/3950 2830/2830 2950/2950
f 1802/1802 1770/1770 2950/2950
f 1802/1802 542/542 4033/4033
f 542/542 1802/1802 3311/3311
f 542/542 103/103 4033/4033
f 883/883 3676/3676 542/542
f 1330/1330 883/883 1923/1923
f 2950/2950 2830/2830 1373/1373
f 1373/1373 1802/1802 2950/2950
f 1802/1802 1373/1373 3316/3316
f 3316/3316 2912/2912 666/666
f 3316/3316 3311/3311 1802/1802
f 666/666 3311/3311 3316/3316
f 2728/2728 3311/3311 666/666
f 2728/2728 542/542 3311/3311
f 2728/2728 1923/1923 542/542
f 883/883 542/542 1923/1923
f 3676/3676 4355/4355 103/103
f 3676/3676 103/103 542/542
f 3271/3271 4355/4355 3676/3676
f 3957/3957 3271/3271 3676/3676
f 1634/1634 3271/3271 3957/3957
f 1634/1634 3957/3957 1707/1707
f 3676/3676 883/883 3957/3957
f 3957/3957 883/883 1330/1330
f 3046/3046 3125/3125 2455/2455
f 2455/2455 2858/2858 3046/3046
f 3554/3554 3046/3046 4079/4079
f 2858/2858 4079/4079 3046/3046
f 4079/4079 2858/2858 2596/2596
f 1673/1673 2596/2596 745/745
f 4079/4079 2596/2596 1673/1673
f 1673/1673 411/411 4053/4053
f 1809/1809 3554/3554 4079/4079
f 3554/3554 1809/1809 2912/2912
f 2912/2912 1809/1809 3039/3039
f 4079/4079 1673/1673 1809/1809
f 4053/4053 1809/1809 1673/1673
f 4053/4053 3039/3039 1809/1809
f 3039/3039 4053/4053 336/336
f 2842/2842 336/336 4053/4053
f 795/795 411/411 745/745
f 795/795 745/745 968/968
f 411/411 1673/1673 745/745
f 795/795 1511/1511 667/667
f 411/411 795/795 4077/4077
f 667/667 4077/4077 795/795
f 667/667 3076/3076 4077/4077
f 3243/3243 3076/3076 667/667
f 4077/4077 4053/4053 411/411
f 4053/4053 4077/4077 2842/2842
f 3076/3076 2842/2842 4077/4077
f 2842/2842 2899/2899 3539/3539
f 3539/3539 2899/2899 3608/3608
f 3076/3076 2899/2899 2842/2842
f 3039/3039 666/666 2912/2912
f 3039/3039 2761/2761 666/666
f 2003/2003 3032/3032 1144/1144
f 1144/1144 2761/2761 3039/3039
f 3039/3039 336/336 1144/1144
f 2003/2003 1144/1144 336/336
f 1923/1923 2728/2728 2761/2761
f 666/666 2761/2761 2728/2728
f 3032/3032 1923/1923 2761/2761
f 3032/3032 1330/1330 1923/1923
f 1616/1616 1330/1330 3032/3032
f 3032/3032 2761/2761 1144/1144
f 3032/3032 2251/2251 1616/1616
f 1616/1616 2251/2251 543/543
f 336/336 2842/2842 3539/3539
f 3539/3539 2003/2003 336/336
f 2003/2003 3539/3539 3650/3650
f 3608/3608 3650/3650 3539/3539
f 3608/3608 3661/3661 3650/3650
f 2251/2251 2003/2003 3168/3168
f 2003/2003 3650/3650 3168/3168
f 2251/2251 3032/3032 2003/2003
f 3661/3661 3168/3168 3650/3650
f 3702/3702 2251/2251 3168/3168
f 1811/1811 667/667 1511/1511
f 1811/1811 3243/3243 667/667
f 3243/3243 1811/1811 4263/4263
f 1811/1811 3550/3550 4263/4263
f 1338/1338 4263/4263 3550/3550
f 3243/3243 4263/4263 775/775
f 4263/4263 1865/1865 1081/1081
f 1865/1865 4263/4263 1338/1338
f 1865/1865 3646/3646 1081/1081
f 3735/3735 3243/3243 775/775
f 1867/1867 3735/3735 775/775
f 3076/3076 3243/3243 3735/3735
f 3735/3735 2899/2899 3076/3076
f 3735/3735 3733/3733 2899/2899
f 3733/3733 3608/3608 2899/2899
f 753/753 3735/3735 1867/1867
f 3733/3733 3735/3735 753/753
f 246/246 1081/1081 1337/1337
f 246/246 4263/4263 1081/1081
f 246/246 901/901 4263/4263
f 970/970 3646/3646 1865/1865
f 1337/1337 1081/1081 3646/3646
f 3646/3646 970/970 2650/2650
f 383/383 1337/1337 3646/3646
f 2480/2480 383/383 3646/3646
f 2356/2356 246/246 1337/1337
f 2356/2356 901/901 246/246
f 901/901 775/775 4263/4263
f 2650/2650 699/699 3646/3646
f 3646/3646 699/699 2480/2480
f 2480/2480 699/699 3371/3371
f 775/775 901/901 1867/1867
f 2356/2356 1337/1337 383/383
f 1751/1751 383/383 2480/2480
f 641/641 2355/2355 384/384
f 2355/2355 2921/2921 900/900
f 1751/1751 2480/2480 3371/3371
f 3371/3371 699/699 2650/2650
f 2921/2921 2355/2355 641/641
f 900/900 2921/2921 4010/4010
f 1324/1324 1751/1751 3371/3371
f 1855/1855 1324/1324 3371/3371
f 4010/4010 1866/1866 900/900
f 3334/3334 752/752 1866/1866
f 2320/2320 3334/3334 1866/1866
f 2320/2320 1866/1866 4010/4010
f 77/77 3334/3334 2320/2320
f 3702/3702 3168/3168 442/442
f 3168/3168 2009/2009 442/442
f 1085/1085 443/443 2010/2010
f 985/985 3661/3661 3608/3608
f 986/986 752/752 2432/2432
f 985/985 3608/3608 3733/3733
f 753/753 985/985 3733/3733
f 3661/3661 2009/2009 3168/3168
f 985/985 2009/2009 3661/3661
f 2389/2389 2010/2010 986/986
f 12/12 1085/1085 4322/4322
f 2389/2389 4322/4322 1085/1085
f 3429/3429 2389/2389 2489/2489
f 4322/4322 2389/2389 3429/3429
f 3429/3429 4234/4234 4322/4322
f 2432/2432 752/752 3334/3334
f 2432/2432 2389/2389 986/986
f 2432/2432 3334/3334 77/77
f 2489/2489 2389/2389 2432/2432
f 2489/2489 2432/2432 1208/1208
f 2010/2010 2389/2389 1085/1085
f 278/278 2650/2650 508/508
f 2650/2650 278/278 2068/2068
f 2650/2650 1858/1858 3371/3371
f 423/423 1858/1858 2650/2650
f 1855/1855 3371/3371 1858/1858
f 1855/1855 1858/1858 423/423
f 2068/2068 423/423 2650/2650
f 2287/2287 423/423 2068/2068
f 1855/1855 423/423 2287/2287
f 2068/2068 3952/3952 2287/2287
f 1779/1779 2287/2287 3952/3952
f 566/566 1707/1707 2070/2070
f 1616/1616 3957/3957 1330/1330
f 1616/1616 1707/1707 3957/3957
f 2070/2070 1707/1707 1616/1616
f 543/543 2070/2070 1616/1616
f 566/566 3999/3999 1634/1634
f 566/566 1634/1634 1707/1707
f 2867/2867 566/566 2070/2070
f 3702/3702 543/543 2251/2251
f 543/543 206/206 2070/2070
f 543/543 3702/3702 206/206
f 4199/4199 2867/2867 2070/2070
f 2070/2070 206/206 4199/4199
f 206/206 3827/3827 4199/4199
f 3702/3702 442/442 3827/3827
f 3827/3827 206/206 3702/3702
f 3828/3828 1873/1873 902/902
f 3828/3828 3143/3143 1873/1873
f 3143/3143 3828/3828 443/443
f 3143/3143 443/443 1085/1085
f 2868/2868 4200/4200 2660/2660
f 902/902 2660/2660 4200/4200
f 902/902 4200/4200 3828/3828
f 1873/1873 3143/3143 12/12
f 3804/3804 1873/1873 12/12
f 3143/3143 1085/1085 12/12
f 4234/4234 12/12 4322/4322
f 1424/1424 1873/1873 3804/3804
f 1384/1384 4362/4362 3804/3804
f 3804/3804 12/12 4234/4234
f 4362/4362 1424/1424 3804/3804
f 4026/4026 1190/1190 2752/2752
f 3716/3716 3671/3671 2098/2098
f 1454/1454 3983/3983 2196/2196
f 2196/2196 3983/3983 1218/1218
f 2605/2605 3088/3088 3885/3885
f 3885/3885 1218/1218 2605/2605
f 3088/3088 264/264 3885/3885
f 3983/3983 2605/2605 1218/1218
f 2966/2966 1218/1218 3885/3885
f 3885/3885 440/440 2966/2966
f 3390/3390 1218/1218 2966/2966
f 3716/3716 1454/1454 2196/2196
f 2196/2196 1218/1218 3390/3390
f 3390/3390 3716/3716 2196/2196
f 3716/3716 2098/2098 1454/1454
f 3671/3671 3716/3716 1002/1002
f 3390/3390 2966/2966 3372/3372
f 3089/3089 3372/3372 2966/2966
f 2651/2651 3671/3671 1002/1002
f 1002/1002 3716/3716 3390/3390
f 1002/1002 3390/3390 492/492
f 2651/2651 1002/1002 492/492
f 2746/2746 2651/2651 492/492
f 518/518 2746/2746 492/492
f 492/492 3390/3390 3372/3372
f 373/373 3372/3372 3993/3993
f 492/492 3372/3372 373/373
f 518/518 492/492 373/373
f 3421/3421 373/373 3993/3993
f 3421/3421 4135/4135 373/373
f 373/373 4135/4135 518/518
f 440/440 264/264 3322/3322
f 440/440 3322/3322 4252/4252
f 4252/4252 3322/3322 2058/2058
f 3322/3322 188/188 2058/2058
f 188/188 2231/2231 2058/2058
f 1178/1178 2231/2231 188/188
f 531/531 4252/4252 2058/2058
f 2231/2231 531/531 2058/2058
f 4252/4252 781/781 440/440
f 781/781 4252/4252 531/531
f 531/531 2231/2231 897/897
f 736/736 1178/1178 3183/3183
f 2924/2924 736/736 408/408
f 2670/2670 736/736 2924/2924
f 2924/2924 3986/3986 2670/2670
f 3183/3183 1178/1178 188/188
f 1178/1178 736/736 4354/4354
f 1178/1178 201/201 2231/2231
f 4354/4354 201/201 1178/1178
f 2670/2670 4354/4354 736/736
f 1098/1098 4354/4354 2670/2670
f 2670/2670 3986/3986 1621/1621
f 201/201 897/897 2231/2231
f 4354/4354 2521/2521 201/201
f 1098/1098 2521/2521 4354/4354
f 201/201 2521/2521 897/897
f 2546/2546 897/897 2521/2521
f 2521/2521 154/154 2546/2546
f 1621/1621 1098/1098 2670/2670
f 1098/1098 2581/2581 2521/2521
f 1621/1621 1814/1814 1098/1098
f 2581/2581 1098/1098 1814/1814
f 2581/2581 154/154 2521/2521
f 3258/3258 2581/2581 1814/1814
f 3885/3885 264/264 440/440
f 3089/3089 2966/2966 440/440
f 3089/3089 440/440 781/781
f 853/853 3089/3089 781/781
f 3993/3993 3372/3372 3089/3089
f 2033/2033 3993/3993 3089/3089
f 2033/2033 3089/3089 853/853
f 531/531 1269/1269 781/781
f 1269/1269 531/531 897/897
f 1269/1269 853/853 781/781
f 1269/1269 2373/2373 853/853
f 1269/1269 897/897 2546/2546
f 2581/2581 3258/3258 154/154
f 2373/2373 2033/2033 853/853
f 2033/2033 2373/2373 2555/2555
f 1269/1269 681/681 2373/2373
f 681/681 1269/1269 4291/4291
f 681/681 2555/2555 2373/2373
f 2033/2033 3421/3421 3993/3993
f 2942/2942 3421/3421 2033/2033
f 2942/2942 2033/2033 2555/2555
f 2942/2942 4135/4135 3421/3421
f 1331/1331 2942/2942 2555/2555
f 2942/2942 3318/3318 4135/4135
f 3318/3318 1521/1521 4135/4135
f 3318/3318 2942/2942 1331/1331
f 681/681 1331/1331 2555/2555
f 47/47 1331/1331 681/681
f 47/47 3212/3212 1331/1331
f 3318/3318 1331/1331 3212/3212
f 793/793 3212/3212 47/47
f 1960/1960 3212/3212 793/793
f 4291/4291 1269/1269 2546/2546
f 154/154 382/382 2546/2546
f 4291/4291 2546/2546 382/382
f 382/382 3692/3692 4291/4291
f 4291/4291 3692/3692 681/681
f 865/865 382/382 154/154
f 1024/1024 382/382 865/865
f 865/865 154/154 3258/3258
f 437/437 865/865 2257/2257
f 1024/1024 865/865 437/437
f 3538/3538 3692/3692 382/382
f 3538/3538 2768/2768 3692/3692
f 3540/3540 3538/3538 2854/2854
f 2768/2768 3538/3538 3540/3540
f 2975/2975 3540/3540 3782/3782
f 1158/1158 2975/2975 3782/3782
f 3151/3151 848/848 437/437
f 3519/3519 2461/2461 848/848
f 3519/3519 848/848 3342/3342
f 3342/3342 168/168 3519/3519
f 3623/3623 4290/4290 168/168
f 3538/3538 382/382 1024/1024
f 3538/3538 1024/1024 2854/2854
f 437/437 2854/2854 1024/1024
f 848/848 2854/2854 437/437
f 378/378 3518/3518 3623/3623
f 292/292 199/199 378/378
f 4290/4290 2461/2461 3519/3519
f 4290/4290 3519/3519 168/168
f 3782/3782 3540/3540 2854/2854
f 3782/3782 2854/2854 848/848
f 3782/3782 848/848 2461/2461
f 2461/2461 1370/1370 3782/3782
f 2461/2461 4290/4290 1370/1370
f 1043/1043 3518/3518 1758/1758
f 1370/1370 1158/1158 3782/3782
f 2561/2561 1370/1370 4290/4290
f 2561/2561 4290/4290 1043/1043
f 1370/1370 2561/2561 1158/1158
f 1043/1043 4290/4290 3518/3518
f 3518/3518 4290/4290 3623/3623
f 378/378 1758/1758 3518/3518
f 1758/1758 378/378 199/199
f 2471/2471 199/199 292/292
f 3794/3794 1627/1627 4341/4341
f 1627/1627 2471/2471 4341/4341
f 47/47 681/681 3692/3692
f 2768/2768 47/47 3692/3692
f 793/793 47/47 2768/2768
f 747/747 793/793 2768/2768
f 2975/2975 3333/3333 747/747
f 3540/3540 747/747 2768/2768
f 3540/3540 2975/2975 747/747
f 3718/3718 2871/2871 3763/3763
f 3763/3763 2871/2871 3982/3982
f 2871/2871 1758/1758 2180/2180
f 1758/1758 2871/2871 1043/1043
f 2871/2871 3718/3718 1043/1043
f 1043/1043 3718/3718 2561/2561
f 2181/2181 2253/2253 2053/2053
f 2180/2180 2053/2053 2871/2871
f 2181/2181 2180/2180 1627/1627
f 2181/2181 2053/2053 2180/2180
f 2180/2180 1758/1758 199/199
f 1627/1627 2180/2180 199/199
f 199/199 2471/2471 1627/1627
f 2181/2181 1627/1627 3794/3794
f 3982/3982 2871/2871 2832/2832
f 2053/2053 2832/2832 2871/2871
f 2253/2253 2832/2832 2053/2053
f 252/252 585/585 2098/2098
f 585/585 252/252 3837/3837
f 3671/3671 252/252 2098/2098
f 2496/2496 252/252 3671/3671
f 252/252 2944/2944 3837/3837
f 594/594 3837/3837 2944/2944
f 594/594 2944/2944 3507/3507
f 2944/2944 2764/2764 3507/3507
f 2496/2496 2944/2944 252/252
f 2496/2496 4336/4336 2944/2944
f 2944/2944 4336/4336 2764/2764
f 2737/2737 2496/2496 3671/3671
f 3977/3977 2496/2496 2737/2737
f 1669/1669 2764/2764 4336/4336
f 3977/3977 4336/4336 2496/2496
f 2737/2737 2892/2892 3977/3977
f 79/79 3977/3977 2892/2892
f 1669/1669 79/79 855/855
f 4336/4336 3977/3977 1669/1669
f 3977/3977 79/79 1669/1669
f 2737/2737 3671/3671 2651/2651
f 2651/2651 2746/2746 2737/2737
f 3431/3431 2737/2737 2746/2746
f 3507/3507 527/527 594/594
f 3747/3747 527/527 3507/3507
f 2764/2764 3747/3747 3507/3507
f 2764/2764 1583/1583 3747/3747
f 3747/3747 4024/4024 527/527
f 3747/3747 2218/2218 4024/4024
f 2752/2752 2793/2793 4024/4024
f 3444/3444 4026/4026 2752/2752
f 2752/2752 4024/4024 2218/2218
f 2218/2218 3444/3444 2752/2752
f 1583/1583 2764/2764 1669/1669
f 3776/3776 3747/3747 1583/1583
f 3776/3776 2218/2218 3747/3747
f 855/855 1583/1583 1669/1669
f 3776/3776 1583/1583 1314/1314
f 1314/1314 1583/1583 855/855
f 1371/1371 3444/3444 2218/2218
f 4363/4363 1371/1371 2218/2218
f 2218/2218 3776/3776 4363/4363
f 3776/3776 1314/1314 4363/4363
f 1348/1348 4363/4363 1535/1535
f 2892/2892 241/241 79/79
f 3431/3431 2892/2892 2737/2737
f 1459/1459 3431/3431 2746/2746
f 1165/1165 3431/3431 1459/1459
f 4120/4120 1165/1165 1459/1459
f 1459/1459 2746/2746 518/518
f 1120/1120 518/518 4135/4135
f 518/518 1120/1120 1459/1459
f 1521/1521 1120/1120 4135/4135
f 4120/4120 1459/1459 1120/1120
f 3431/3431 1165/1165 2892/2892
f 2785/2785 2892/2892 1165/1165
f 2785/2785 241/241 2892/2892
f 3729/3729 3635/3635 2785/2785
f 3967/3967 4120/4120 1120/1120
f 1521/1521 3967/3967 1120/1120
f 4120/4120 2785/2785 1165/1165
f 3729/3729 2785/2785 4120/4120
f 3818/3818 4120/4120 3967/3967
f 3818/3818 3729/3729 4120/4120
f 1133/1133 3729/3729 3818/3818
f 241/241 855/855 79/79
f 635/635 1314/1314 855/855
f 855/855 410/410 635/635
f 410/410 855/855 241/241
f 3635/3635 410/410 241/241
f 1535/1535 4363/4363 1314/1314
f 1535/1535 1314/1314 635/635
f 921/921 1535/1535 635/635
f 635/635 410/410 921/921
f 1225/1225 1535/1535 921/921
f 1748/1748 921/921 410/410
f 1225/1225 921/921 1748/1748
f 2785/2785 3635/3635 241/241
f 1325/1325 410/410 3635/3635
f 3635/3635 3729/3729 2602/2602
f 2602/2602 2567/2567 3635/3635
f 1325/1325 3635/3635 2567/2567
f 1415/1415 2567/2567 2602/2602
f 1133/1133 2602/2602 3729/3729
f 1748/1748 410/410 1325/1325
f 1325/1325 2551/2551 1748/1748
f 1748/1748 2551/2551 2201/2201
f 1325/1325 2567/2567 2551/2551
f 2668/2668 2201/2201 2551/2551
f 3428/3428 1521/1521 3318/3318
f 3428/3428 3967/3967 1521/1521
f 4003/4003 3428/3428 3318/3318
f 768/768 3428/3428 4003/4003
f 3967/3967 3428/3428 768/768
f 4003/4003 3318/3318 3212/3212
f 768/768 3818/3818 3967/3967
f 607/607 1960/1960 793/793
f 3333/3333 607/607 793/793
f 1176/1176 607/607 3333/3333
f 1158/1158 3333/3333 2975/2975
f 1684/1684 1158/1158 2561/2561
f 3333/3333 793/793 747/747
f 1158/1158 1782/1782 3333/3333
f 1158/1158 1684/1684 1782/1782
f 1176/1176 3333/3333 1782/1782
f 1782/1782 1684/1684 1176/1176
f 3718/3718 1478/1478 2561/2561
f 1478/1478 3718/3718 3763/3763
f 1191/1191 3982/3982 2832/2832
f 2832/2832 2253/2253 1191/1191
f 1191/1191 2253/2253 1887/1887
f 1478/1478 1684/1684 2561/2561
f 1887/1887 2253/2253 782/782
f 3269/3269 1887/1887 782/782
f 782/782 2181/2181 155/155
f 782/782 155/155 389/389
f 155/155 2181/2181 3794/3794
f 3707/3707 155/155 3794/3794
f 155/155 3707/3707 2080/2080
f 389/389 155/155 2080/2080
f 2253/2253 2181/2181 782/782
f 3269/3269 782/782 389/389
f 3269/3269 389/389 1184/1184
f 4170/4170 1184/1184 389/389
f 389/389 2080/2080 4170/4170
f 3818/3818 3012/3012 1133/1133
f 2735/2735 1133/1133 3012/3012
f 2602/2602 1133/1133 1415/1415
f 1415/1415 1133/1133 2735/2735
f 3060/3060 1415/1415 2735/2735
f 3060/3060 2735/2735 2502/2502
f 2668/2668 2551/2551 2567/2567
f 2201/2201 2668/2668 1224/1224
f 1224/1224 1567/1567 2201/2201
f 2567/2567 1415/1415 2668/2668
f 1415/1415 3060/3060 2668/2668
f 3060/3060 2089/2089 2668/2668
f 2668/2668 2089/2089 346/346
f 1224/1224 2668/2668 346/346
f 2089/2089 3060/3060 3293/3293
f 1413/1413 346/346 2089/2089
f 2089/2089 3293/3293 1413/1413
f 1379/1379 768/768 4003/4003
f 3212/3212 1960/1960 4003/4003
f 1610/1610 4003/4003 1960/1960
f 607/607 1610/1610 1960/1960
f 701/701 607/607 1176/1176
f 1610/1610 1379/1379 4003/4003
f 2042/2042 1610/1610 607/607
f 1379/1379 1610/1610 2042/2042
f 2042/2042 607/607 701/701
f 1176/1176 3766/3766 701/701
f 3625/3625 4258/4258 1063/1063
f 247/247 701/701 3766/3766
f 3766/3766 4258/4258 247/247
f 768/768 4242/4242 3012/3012
f 1379/1379 4242/4242 768/768
f 4242/4242 1379/1379 2866/2866
f 3818/3818 768/768 3012/3012
f 2509/2509 3012/3012 4242/4242
f 2866/2866 2509/2509 4242/4242
f 2866/2866 1021/1021 2509/2509
f 2042/2042 2866/2866 1379/1379
f 885/885 2866/2866 2042/2042
f 1870/1870 2042/2042 701/701
f 1870/1870 885/885 2042/2042
f 247/247 1870/1870 701/701
f 2683/2683 1383/1383 3943/3943
f 1099/1099 2683/2683 90/90
f 2683/2683 1099/1099 1383/1383
f 1977/1977 3625/3625 1383/1383
f 3943/3943 1383/1383 3625/3625
f 885/885 1021/1021 2866/2866
f 4221/4221 1021/1021 885/885
f 4221/4221 885/885 1870/1870
f 90/90 1794/1794 1099/1099
f 1383/1383 1099/1099 3893/3893
f 3893/3893 1977/1977 1383/1383
f 1752/1752 1794/1794 90/90
f 1099/1099 1794/1794 3172/3172
f 1752/1752 3172/3172 1794/1794
f 3684/3684 1752/1752 2259/2259
f 4258/4258 418/418 247/247
f 1870/1870 247/247 418/418
f 1870/1870 418/418 642/642
f 1977/1977 4258/4258 3625/3625
f 4258/4258 906/906 418/418
f 1977/1977 906/906 4258/4258
f 642/642 4221/4221 1870/1870
f 906/906 3582/3582 418/418
f 3582/3582 906/906 4025/4025
f 3769/3769 4221/4221 642/642
f 3458/3458 3769/3769 642/642
f 418/418 3458/3458 642/642
f 3893/3893 1320/1320 1977/1977
f 4025/4025 906/906 1977/1977
f 1320/1320 4025/4025 1977/1977
f 1478/1478 3763/3763 3943/3943
f 3943/3943 3763/3763 3982/3982
f 1063/1063 1478/1478 3943/3943
f 3982/3982 552/552 3943/3943
f 269/269 4099/4099 3783/3783
f 4099/4099 3982/3982 1191/1191
f 1887/1887 4099/4099 1191/1191
f 1887/1887 1653/1653 3783/3783
f 3783/3783 4099/4099 1887/1887
f 4099/4099 552/552 3982/3982
f 2470/2470 552/552 4099/4099
f 1684/1684 3766/3766 1176/1176
f 1684/1684 4258/4258 3766/3766
f 1478/1478 4258/4258 1684/1684
f 4258/4258 1478/1478 1063/1063
f 3269/3269 1653/1653 1887/1887
f 1653/1653 1433/1433 3783/3783
f 3269/3269 1184/1184 1653/1653
f 1063/1063 3943/3943 3625/3625
f 1433/1433 269/269 3783/3783
f 269/269 2470/2470 4099/4099
f 2470/2470 3244/3244 552/552
f 993/993 3244/3244 2470/2470
f 2470/2470 269/269 993/993
f 993/993 269/269 1433/1433
f 1653/1653 2626/2626 1433/1433
f 993/993 1433/1433 2626/2626
f 2261/2261 2626/2626 1653/1653
f 3236/3236 1184/1184 4170/4170
f 3236/3236 4170/4170 1559/1559
f 3943/3943 552/552 2683/2683
f 2683/2683 552/552 3244/3244
f 3618/3618 3244/3244 993/993
f 90/90 2683/2683 3244/3244
f 3618/3618 90/90 3244/3244
f 3189/3189 3618/3618 993/993
f 2626/2626 3189/3189 993/993
f 90/90 3618/3618 2259/2259
f 3189/3189 2259/2259 3618/3618
f 2259/2259 1752/1752 90/90
f 3684/3684 2259/2259 3189/3189
f 2261/2261 1653/1653 1184/1184
f 3991/3991 3236/3236 1559/1559
f 1184/1184 3236/3236 2002/2002
f 2261/2261 1184/1184 2002/2002
f 2002/2002 3236/3236 3991/3991
f 3433/3433 2002/2002 3991/3991
f 2261/2261 1617/1617 2626/2626
f 2626/2626 4373/4373 3189/3189
f 2626/2626 1617/1617 4373/4373
f 1617/1617 2261/2261 1229/1229
f 702/702 3684/3684 3189/3189
f 3189/3189 4373/4373 702/702
f 3257/3257 702/702 4373/4373
f 3257/3257 4373/4373 1617/1617
f 548/548 3257/3257 1617/1617
f 645/645 3257/3257 548/548
f 2002/2002 1229/1229 2261/2261
f 548/548 1617/1617 1229/1229
f 3433/3433 3991/3991 62/62
f 1229/1229 2002/2002 3433/3433
f 1229/1229 4248/4248 548/548
f 1229/1229 3433/3433 4248/4248
f 4248/4248 3433/3433 1832/1832
f 2735/2735 3012/3012 2509/2509
f 2509/2509 1021/1021 2735/2735
f 499/499 1021/1021 4221/4221
f 2502/2502 2735/2735 1021/1021
f 499/499 2502/2502 1021/1021
f 1395/1395 1099/1099 3172/3172
f 1395/1395 3893/3893 1099/1099
f 3893/3893 1395/1395 1827/1827
f 3172/3172 3210/3210 1395/1395
f 3293/3293 3060/3060 2502/2502
f 499/499 4221/4221 837/837
f 1869/1869 2502/2502 499/499
f 837/837 1869/1869 499/499
f 1869/1869 837/837 998/998
f 1054/1054 998/998 837/837
f 3769/3769 837/837 4221/4221
f 418/418 3582/3582 3458/3458
f 507/507 3582/3582 4025/4025
f 837/837 3769/3769 1054/1054
f 1054/1054 3769/3769 3458/3458
f 3458/3458 507/507 1054/1054
f 3582/3582 507/507 3458/3458
f 3893/3893 2584/2584 1320/1320
f 3684/3684 3172/3172 1752/1752
f 2584/2584 3893/3893 2498/2498
f 4187/4187 3172/3172 3684/3684
f 4187/4187 3210/3210 3172/3172
f 4187/4187 3684/3684 3181/3181
f 4025/4025 1320/1320 2584/2584
f 1611/1611 998/998 1054/1054
f 3893/3893 1827/1827 2498/2498
f 3541/3541 3210/3210 4187/4187
f 3181/3181 3541/3541 4187/4187
f 1827/1827 1395/1395 807/807
f 3210/3210 807/807 1395/1395
f 3405/3405 807/807 3210/3210
f 3541/3541 3405/3405 3210/3210
f 1086/1086 2584/2584 2498/2498
f 4025/4025 2491/2491 507/507
f 507/507 1150/1150 1054/1054
f 2491/2491 1150/1150 507/507
f 1086/1086 4025/4025 2584/2584
f 2491/2491 4025/4025 1086/1086
f 1869/1869 3293/3293 2502/2502
f 998/998 2135/2135 1869/1869
f 3293/3293 1869/1869 2387/2387
f 2387/2387 1869/1869 2135/2135
f 2387/2387 2135/2135 19/19
f 19/19 2135/2135 461/461
f 1611/1611 2135/2135 998/998
f 1827/1827 807/807 1708/1708
f 1086/1086 2498/2498 1174/1174
f 1174/1174 2498/2498 1827/1827
f 3223/3223 1086/1086 1174/1174
f 3555/3555 3405/3405 3541/3541
f 1174/1174 1827/1827 1708/1708
f 1626/1626 807/807 3405/3405
f 1626/1626 1708/1708 807/807
f 1174/1174 1708/1708 2169/2169
f 2576/2576 1626/1626 3405/3405
f 1150/1150 1611/1611 1054/1054
f 3690/3690 2135/2135 1611/1611
f 1611/1611 1150/1150 3690/3690
f 3223/3223 2491/2491 1086/1086
f 2491/2491 909/909 1150/1150
f 2303/2303 1150/1150 909/909
f 461/461 2135/2135 3690/3690
f 3690/3690 251/251 461/461
f 3690/3690 1150/1150 2303/2303
f 1762/1762 909/909 2491/2491
f 3223/3223 1174/1174 2169/2169
f 1762/1762 2491/2491 3223/3223
f 3456/3456 1762/1762 3223/3223
f 3181/3181 3684/3684 702/702
f 702/702 3257/3257 1192/1192
f 3181/3181 702/702 2292/2292
f 1192/1192 2292/2292 702/702
f 3181/3181 2292/2292 3541/3541
f 3541/3541 2292/2292 1234/1234
f 1192/1192 3257/3257 645/645
f 2292/2292 1192/1192 4126/4126
f 4126/4126 1234/1234 2292/2292
f 645/645 4126/4126 1192/1192
f 645/645 2075/2075 4126/4126
f 548/548 3755/3755 645/645
f 4248/4248 3755/3755 548/548
f 645/645 3755/3755 2075/2075
f 4310/4310 4248/4248 1832/1832
f 3755/3755 4248/4248 3883/3883
f 3555/3555 3541/3541 1121/1121
f 2576/2576 3405/3405 3555/3555
f 1807/1807 2576/2576 3555/3555
f 1234/1234 1121/1121 3541/3541
f 449/449 1234/1234 4126/4126
f 449/449 4126/4126 2075/2075
f 1117/1117 1234/1234 449/449
f 3555/3555 1121/1121 2725/2725
f 2725/2725 1121/1121 1117/1117
f 1117/1117 1121/1121 1234/1234
f 1807/1807 3555/3555 2725/2725
f 455/455 1807/1807 2725/2725
f 2725/2725 1117/1117 455/455
f 1117/1117 449/449 4158/4158
f 4248/4248 4310/4310 3883/3883
f 3755/3755 1701/1701 2075/2075
f 1701/1701 3755/3755 3883/3883
f 1812/1812 449/449 2075/2075
f 2075/2075 1701/1701 1812/1812
f 3883/3883 1030/1030 1701/1701
f 4158/4158 449/449 1812/1812
f 1701/1701 1030/1030 2955/2955
f 2955/2955 1812/1812 1701/1701
f 2955/2955 360/360 1812/1812
f 1030/1030 802/802 2955/2955
f 1835/1835 1487/1487 1868/1868
f 430/430 1860/1860 3000/3000
f 3000/3000 1860/1860 3990/3990
f 1860/1860 3738/3738 3990/3990
f 3990/3990 3738/3738 2527/2527
f 1860/1860 1925/1925 3738/3738
f 3738/3738 1925/1925 4320/4320
f 4231/4231 1825/1825 3381/3381
f 894/894 1825/1825 3884/3884
f 1825/1825 4231/4231 3884/3884
f 4231/4231 1106/1106 3884/3884
f 4231/4231 248/248 1106/1106
f 248/248 1594/1594 1106/1106
f 2136/2136 1106/1106 1594/1594
f 1594/1594 2277/2277 2136/2136
f 3001/3001 787/787 3381/3381
f 3417/3417 787/787 3001/3001
f 3381/3381 431/431 3001/3001
f 248/248 4231/4231 787/787
f 4231/4231 3381/3381 787/787
f 248/248 787/787 3417/3417
f 3416/3416 3000/3000 1323/1323
f 1284/1284 248/248 3417/3417
f 3416/3416 1323/1323 1973/1973
f 3416/3416 1973/1973 1283/1283
f 2277/2277 1594/1594 1284/1284
f 1284/1284 1594/1594 248/248
f 2277/2277 1284/1284 1830/1830
f 1622/1622 1830/1830 1284/1284
f 1825/1825 1487/1487 2767/2767
f 2767/2767 431/431 3381/3381
f 3381/3381 1825/1825 2767/2767
f 430/430 67/67 1925/1925
f 66/66 431/431 2767/2767
f 2767/2767 1961/1961 66/66
f 1825/1825 1868/1868 1487/1487
f 1868/1868 1825/1825 894/894
f 430/430 1925/1925 1860/1860
f 2277/2277 1830/1830 2598/2598
f 1622/1622 4212/4212 1830/1830
f 2598/2598 1830/1830 4212/4212
f 1283/1283 2705/2705 1623/1623
f 688/688 1623/1623 2705/2705
f 688/688 458/458 1623/1623
f 457/457 4212/4212 1622/1622
f 4102/4102 1868/1868 894/894
f 2823/2823 4102/4102 894/894
f 2349/2349 1868/1868 4102/4102
f 1868/1868 3312/3312 1835/1835
f 2349/2349 3312/3312 1868/1868
f 1577/1577 4102/4102 2823/2823
f 1321/1321 2349/2349 4102/4102
f 1577/1577 1321/1321 4102/4102
f 99/99 1577/1577 2823/2823
f 99/99 2823/2823 2543/2543
f 3622/3622 1577/1577 99/99
f 3442/3442 2543/2543 3174/3174
f 2543/2543 3442/3442 99/99
f 99/99 3442/3442 250/250
f 3622/3622 1321/1321 1577/1577
f 2673/2673 3622/3622 99/99
f 3442/3442 3174/3174 1872/1872
f 250/250 2673/2673 99/99
f 2466/2466 250/250 3442/3442
f 2823/2823 894/894 3884/3884
f 2543/2543 3884/3884 1106/1106
f 2823/2823 3884/3884 2543/2543
f 2543/2543 1106/1106 2136/2136
f 2136/2136 2277/2277 741/741
f 42/42 2543/2543 2136/2136
f 741/741 2277/2277 2598/2598
f 2881/2881 741/741 2598/2598
f 741/741 42/42 2136/2136
f 2881/2881 42/42 741/741
f 2881/2881 1721/1721 42/42
f 42/42 1721/1721 3174/3174
f 1721/1721 1568/1568 4244/4244
f 2543/2543 42/42 3174/3174
f 3174/3174 1721/1721 4244/4244
f 3174/3174 4244/4244 3288/3288
f 1872/1872 3174/3174 3288/3288
f 3442/3442 1872/1872 3764/3764
f 2673/2673 250/250 2466/2466
f 2527/2527 3738/3738 4320/4320
f 3990/3990 1323/1323 3000/3000
f 1323/1323 3990/3990 2965/2965
f 3990/3990 2527/2527 2965/2965
f 2965/2965 2295/2295 1323/1323
f 1973/1973 1323/1323 2295/2295
f 1973/1973 2295/2295 3314/3314
f 3294/3294 2965/2965 2527/2527
f 2965/2965 1580/1580 2295/2295
f 3294/3294 1580/1580 2965/2965
f 2705/2705 1283/1283 1973/1973
f 1973/1973 124/124 2705/2705
f 688/688 2705/2705 124/124
f 1973/1973 3314/3314 2339/2339
f 124/124 1973/1973 2339/2339
f 3859/3859 688/688 124/124
f 1580/1580 3314/3314 2295/2295
f 2339/2339 3314/3314 3658/3658
f 1580/1580 3290/3290 3314/3314
f 3658/3658 3314/3314 3290/3290
f 1788/1788 3859/3859 124/124
f 1788/1788 124/124 2339/2339
f 1966/1966 2339/2339 3658/3658
f 1788/1788 2339/2339 1966/1966
f 226/226 2952/2952 4289/4289
f 1487/1487 1835/1835 1961/1961
f 3234/3234 1835/1835 1495/1495
f 3527/3527 1523/1523 1665/1665
f 1523/1523 3527/3527 3235/3235
f 1523/1523 4292/4292 1665/1665
f 3062/3062 1522/1522 3880/3880
f 1495/1495 1522/1522 3234/3234
f 1495/1495 3880/3880 1522/1522
f 3063/3063 4292/4292 1523/1523
f 451/451 3724/3724 1665/1665
f 444/444 451/451 1665/1665
f 2983/2983 451/451 304/304
f 3359/3359 2983/2983 304/304
f 3724/3724 451/451 2983/2983
f 3724/3724 2983/2983 1633/1633
f 3520/3520 1633/1633 2983/2983
f 3520/3520 2983/2983 1722/1722
f 2983/2983 3359/3359 1722/1722
f 3359/3359 2902/2902 1722/1722
f 1961/1961 2709/2709 66/66
f 2710/2710 1633/1633 67/67
f 1633/1633 2710/2710 3724/3724
f 2767/2767 1487/1487 1961/1961
f 1961/1961 1835/1835 2709/2709
f 2709/2709 1835/1835 3234/3234
f 1925/1925 67/67 1157/1157
f 1633/1633 1157/1157 67/67
f 3520/3520 1157/1157 1633/1633
f 4320/4320 1925/1925 1157/1157
f 3520/3520 4320/4320 1157/1157
f 3520/3520 2985/2985 4320/4320
f 4212/4212 457/457 4196/4196
f 458/458 688/688 4197/4197
f 4212/4212 4196/4196 4343/4343
f 3527/3527 1665/1665 3724/3724
f 3527/3527 2710/2710 3235/3235
f 2710/2710 3527/3527 3724/3724
f 4181/4181 2055/2055 3915/3915
f 2055/2055 4181/4181 1074/1074
f 3915/3915 3945/3945 4181/4181
f 2128/2128 4343/4343 4196/4196
f 2128/2128 3915/3915 4343/4343
f 2127/2127 4197/4197 404/404
f 404/404 4197/4197 1703/1703
f 476/476 404/404 1703/1703
f 3946/3946 2127/2127 224/224
f 3945/3945 3915/3915 2128/2128
f 224/224 2127/2127 404/404
f 224/224 404/404 2230/2230
f 2530/2530 3713/3713 1457/1457
f 234/234 2532/2532 3713/3713
f 3713/3713 2532/2532 444/444
f 2368/2368 444/444 4292/4292
f 1665/1665 4292/4292 444/444
f 1457/1457 3713/3713 2368/2368
f 2368/2368 3713/3713 444/444
f 226/226 4289/4289 1083/1083
f 1083/1083 3713/3713 2530/2530
f 2530/2530 4292/4292 3063/3063
f 3796/3796 1083/1083 2530/2530
f 824/824 2530/2530 3063/3063
f 2530/2530 824/824 3796/3796
f 3796/3796 824/824 1519/1519
f 2530/2530 2368/2368 4292/4292
f 2530/2530 1457/1457 2368/2368
f 3796/3796 226/226 1083/1083
f 2952/2952 226/226 3796/3796
f 1519/1519 2952/2952 3796/3796
f 1077/1077 2952/2952 1519/1519
f 3436/3436 1077/1077 1519/1519
f 444/444 2532/2532 451/451
f 2209/2209 451/451 2532/2532
f 304/304 2209/2209 2536/2536
f 2209/2209 304/304 451/451
f 2209/2209 2532/2532 2032/2032
f 3805/3805 2536/2536 2209/2209
f 304/304 2536/2536 3695/3695
f 1946/1946 3695/3695 2536/2536
f 1946/1946 685/685 333/333
f 11/11 3695/3695 1946/1946
f 333/333 11/11 1946/1946
f 3359/3359 304/304 3695/3695
f 2902/2902 3359/3359 3695/3695
f 2902/2902 3695/3695 11/11
f 1984/1984 4181/4181 2343/2343
f 2343/2343 4181/4181 3945/3945
f 1074/1074 4181/4181 1984/1984
f 2344/2344 3946/3946 224/224
f 2343/2343 1709/1709 1984/1984
f 1710/1710 2344/2344 224/224
f 2230/2230 153/153 224/224
f 224/224 153/153 1710/1710
f 3312/3312 2118/2118 1835/1835
f 1495/1495 2118/2118 3880/3880
f 3312/3312 3880/3880 2118/2118
f 3312/3312 1754/1754 3880/3880
f 1835/1835 2118/2118 1495/1495
f 1321/1321 3312/3312 2349/2349
f 3601/3601 1754/1754 3312/3312
f 3601/3601 3312/3312 1321/1321
f 825/825 1754/1754 4002/4002
f 3880/3880 1754/1754 3062/3062
f 825/825 3062/3062 1754/1754
f 4002/4002 1754/1754 3601/3601
f 1321/1321 3622/3622 3601/3601
f 3601/3601 3622/3622 2421/2421
f 2673/2673 2046/2046 3622/3622
f 2046/2046 2673/2673 4043/4043
f 2046/2046 2421/2421 3622/3622
f 2421/2421 4002/4002 3601/3601
f 2421/2421 3808/3808 4002/4002
f 3808/3808 2421/2421 1189/1189
f 832/832 4095/4095 3616/3616
f 835/835 3616/3616 4095/4095
f 2046/2046 3820/3820 2421/2421
f 1568/1568 1721/1721 3450/3450
f 2598/2598 3450/3450 2881/2881
f 3450/3450 2598/2598 4343/4343
f 1721/1721 2881/2881 3450/3450
f 2713/2713 3450/3450 1202/1202
f 1568/1568 3450/3450 2713/2713
f 3915/3915 1202/1202 3450/3450
f 3450/3450 4343/4343 3915/3915
f 4244/4244 1568/1568 2713/2713
f 2598/2598 4212/4212 4343/4343
f 2055/2055 2713/2713 1202/1202
f 1202/1202 3915/3915 2055/2055
f 2713/2713 2055/2055 832/832
f 3616/3616 2713/2713 832/832
f 832/832 2055/2055 1074/1074
f 4095/4095 832/832 1074/1074
f 4095/4095 1074/1074 3929/3929
f 3288/3288 4244/4244 3616/3616
f 3616/3616 4244/4244 2713/2713
f 835/835 3288/3288 3616/3616
f 3764/3764 3288/3288 835/835
f 1872/1872 3288/3288 3764/3764
f 835/835 3346/3346 3764/3764
f 835/835 4125/4125 3346/3346
f 597/597 835/835 4095/4095
f 402/402 835/835 597/597
f 835/835 402/402 4125/4125
f 402/402 262/262 4125/4125
f 402/402 2689/2689 262/262
f 2689/2689 402/402 597/597
f 597/597 4131/4131 2689/2689
f 2689/2689 4131/4131 1279/1279
f 1279/1279 4131/4131 3673/3673
f 825/825 4002/4002 3808/3808
f 3808/3808 3437/3437 825/825
f 3436/3436 1519/1519 824/824
f 3808/3808 1189/1189 3437/3437
f 1189/1189 3680/3680 3437/3437
f 1077/1077 3436/3436 961/961
f 3035/3035 3437/3437 3680/3680
f 3436/3436 3034/3034 961/961
f 3035/3035 3680/3680 1391/1391
f 3035/3035 1391/1391 1034/1034
f 1189/1189 2999/2999 3680/3680
f 1189/1189 2421/2421 3820/3820
f 1189/1189 3820/3820 2999/2999
f 1355/1355 2999/2999 3820/3820
f 3931/3931 3469/3469 2999/2999
f 3931/3931 2999/2999 1355/1355
f 3680/3680 2999/2999 3469/3469
f 3680/3680 3469/3469 1391/1391
f 3469/3469 1034/1034 1391/1391
f 4353/4353 1034/1034 3469/3469
f 3469/3469 3931/3931 4353/4353
f 4353/4353 3481/3481 1505/1505
f 3929/3929 1074/1074 1984/1984
f 1709/1709 3929/3929 1984/1984
f 3929/3929 1710/1710 153/153
f 3929/3929 597/597 4095/4095
f 597/597 3929/3929 4058/4058
f 4058/4058 4131/4131 597/597
f 4058/4058 3427/3427 4131/4131
f 3427/3427 3673/3673 4131/4131
f 4044/4044 1214/1214 1584/1584
f 2591/2591 4279/4279 2952/2952
f 2079/2079 2591/2591 1212/1212
f 1470/1470 3016/3016 2079/2079
f 1470/1470 2079/2079 1212/1212
f 961/961 1212/1212 2591/2591
f 2952/2952 1077/1077 2591/2591
f 961/961 2591/2591 1077/1077
f 205/205 1212/1212 961/961
f 205/205 1155/1155 1470/1470
f 1470/1470 1212/1212 205/205
f 1470/1470 1795/1795 2638/2638
f 1795/1795 1470/1470 1155/1155
f 3016/3016 1470/1470 5/5
f 1470/1470 2638/2638 5/5
f 3265/3265 18/18 2093/2093
f 5/5 2638/2638 18/18
f 2093/2093 18/18 1823/1823
f 1823/1823 18/18 2638/2638
f 2093/2093 1823/1823 1592/1592
f 1592/1592 2540/2540 2093/2093
f 2313/2313 3265/3265 2093/2093
f 2540/2540 2313/2313 2093/2093
f 2663/2663 325/325 2313/2313
f 2104/2104 2663/2663 2313/2313
f 2104/2104 2313/2313 2540/2540
f 788/788 3558/3558 2105/2105
f 2105/2105 2541/2541 3875/3875
f 3875/3875 788/788 2105/2105
f 1795/1795 1823/1823 2638/2638
f 95/95 1824/1824 1796/1796
f 2351/2351 1591/1591 1824/1824
f 1824/1824 95/95 2351/2351
f 1591/1591 947/947 2541/2541
f 3875/3875 2541/2541 947/947
f 3072/3072 3984/3984 2061/2061
f 3367/3367 1195/1195 259/259
f 2760/2760 788/788 3875/3875
f 1195/1195 788/788 259/259
f 2760/2760 259/259 788/788
f 3998/3998 3367/3367 2426/2426
f 2760/2760 3367/3367 259/259
f 947/947 1591/1591 2351/2351
f 2760/2760 3875/3875 947/947
f 947/947 2351/2351 182/182
f 2760/2760 947/947 182/182
f 135/135 3367/3367 2760/2760
f 3984/3984 3263/3263 1129/1129
f 1620/1620 2342/2342 3263/3263
f 3984/3984 1620/1620 3263/3263
f 2426/2426 1964/1964 255/255
f 1129/1129 3263/3263 1332/1332
f 1129/1129 1332/1332 1964/1964
f 1129/1129 1964/1964 2426/2426
f 2819/2819 1129/1129 2426/2426
f 3155/3155 2819/2819 2426/2426
f 3367/3367 135/135 3155/3155
f 3367/3367 3155/3155 2426/2426
f 3072/3072 1620/1620 3984/3984
f 1129/1129 2819/2819 3984/3984
f 3034/3034 205/205 961/961
f 1155/1155 205/205 3034/3034
f 1505/1505 1796/1796 1156/1156
f 1156/1156 3035/3035 1034/1034
f 1505/1505 1156/1156 1034/1034
f 1505/1505 95/95 1796/1796
f 318/318 95/95 1505/1505
f 95/95 318/318 2351/2351
f 318/318 182/182 2351/2351
f 4353/4353 1505/1505 1034/1034
f 2219/2219 3902/3902 182/182
f 318/318 3789/3789 182/182
f 1505/1505 3481/3481 318/318
f 3481/3481 2198/2198 318/318
f 3789/3789 2219/2219 182/182
f 2219/2219 135/135 3902/3902
f 2819/2819 2061/2061 3984/3984
f 1548/1548 2819/2819 3155/3155
f 2819/2819 3941/3941 2061/2061
f 3941/3941 2819/2819 1548/1548
f 318/318 2198/2198 3789/3789
f 338/338 3789/3789 258/258
f 258/258 1916/1916 338/338
f 1916/1916 697/697 338/338
f 338/338 2219/2219 3789/3789
f 338/338 697/697 2219/2219
f 4044/4044 1548/1548 697/697
f 697/697 1916/1916 4044/4044
f 1584/1584 1548/1548 4044/4044
f 1548/1548 1584/1584 3941/3941
f 135/135 2219/2219 697/697
f 697/697 3155/3155 135/135
f 697/697 1548/1548 3155/3155
f 182/182 3902/3902 2760/2760
f 3902/3902 135/135 2760/2760
f 2466/2466 3442/3442 1918/1918
f 2673/2673 2466/2466 4043/4043
f 1918/1918 3841/3841 2466/2466
f 4043/4043 2466/2466 3841/3841
f 4043/4043 3820/3820 2046/2046
f 1355/1355 3820/3820 4043/4043
f 1009/1009 1355/1355 4043/4043
f 1009/1009 4043/4043 3841/3841
f 2841/2841 1355/1355 1009/1009
f 2841/2841 1009/1009 15/15
f 3764/3764 1918/1918 3442/3442
f 1918/1918 3764/3764 3346/3346
f 1918/1918 3346/3346 435/435
f 4125/4125 262/262 3346/3346
f 435/435 3346/3346 262/262
f 435/435 262/262 3298/3298
f 3298/3298 789/789 435/435
f 3298/3298 1334/1334 789/789
f 3298/3298 262/262 2689/2689
f 3298/3298 2689/2689 1334/1334
f 3841/3841 1918/1918 3345/3345
f 435/435 3345/3345 1918/1918
f 3841/3841 3345/3345 1500/1500
f 2385/2385 1009/1009 3841/3841
f 3841/3841 1500/1500 2385/2385
f 1500/1500 3345/3345 1349/1349
f 3345/3345 435/435 789/789
f 789/789 1349/1349 3345/3345
f 1500/1500 1349/1349 1211/1211
f 1334/1334 4171/4171 2923/2923
f 789/789 1334/1334 2923/2923
f 2923/2923 1349/1349 789/789
f 4171/4171 717/717 1528/1528
f 2923/2923 4171/4171 1528/1528
f 1349/1349 2923/2923 1831/1831
f 1211/1211 1349/1349 1831/1831
f 1279/1279 1334/1334 2689/2689
f 375/375 1500/1500 1211/1211
f 3308/3308 1500/1500 375/375
f 1009/1009 2385/2385 15/15
f 2385/2385 3308/3308 15/15
f 3308/3308 2385/2385 1500/1500
f 196/196 15/15 3308/3308
f 1039/1039 3308/3308 375/375
f 3308/3308 1039/1039 196/196
f 1279/1279 4171/4171 1334/1334
f 3673/3673 717/717 4171/4171
f 3673/3673 4171/4171 1279/1279
f 3940/3940 375/375 1211/1211
f 1089/1089 1211/1211 1831/1831
f 3940/3940 1211/1211 1089/1089
f 3940/3940 2931/2931 375/375
f 1039/1039 375/375 2931/2931
f 2841/2841 3931/3931 1355/1355
f 2841/2841 4353/4353 3931/3931
f 4353/4353 2841/2841 3956/3956
f 3956/3956 3481/3481 4353/4353
f 1890/1890 3481/3481 3956/3956
f 3956/3956 2841/2841 15/15
f 3956/3956 15/15 196/196
f 186/186 196/196 1039/1039
f 3956/3956 196/196 1890/1890
f 1890/1890 196/196 186/186
f 1219/1219 1039/1039 2931/2931
f 3149/3149 2931/2931 1294/1294
f 1219/1219 2931/2931 3149/3149
f 186/186 1039/1039 1219/1219
f 186/186 1219/1219 3543/3543
f 1890/1890 2198/2198 3481/3481
f 1890/1890 3789/3789 2198/2198
f 1890/1890 258/258 3789/3789
f 186/186 3543/3543 258/258
f 1916/1916 258/258 3543/3543
f 186/186 258/258 1890/1890
f 1214/1214 3543/3543 3149/3149
f 3149/3149 4130/4130 1214/1214
f 1916/1916 3543/3543 4044/4044
f 3543/3543 1214/1214 4044/4044
f 3149/3149 3543/3543 1219/1219
f 2902/2902 808/808 1722/1722
f 2527/2527 4320/4320 2985/2985
f 2985/2985 3294/3294 2527/2527
f 3267/3267 3294/3294 175/175
f 175/175 3294/3294 2985/2985
f 688/688 1703/1703 4197/4197
f 3267/3267 1580/1580 3294/3294
f 3290/3290 1580/1580 3267/3267
f 3290/3290 3267/3267 3916/3916
f 3267/3267 175/175 3175/3175
f 3916/3916 3267/3267 3175/3175
f 175/175 2985/2985 808/808
f 1722/1722 2985/2985 3520/3520
f 2985/2985 1722/1722 808/808
f 22/22 175/175 808/808
f 22/22 3175/3175 175/175
f 808/808 2902/2902 22/22
f 3175/3175 541/541 3643/3643
f 3643/3643 1247/1247 3175/3175
f 11/11 4220/4220 2902/2902
f 4220/4220 22/22 2902/2902
f 333/333 4220/4220 11/11
f 742/742 4220/4220 333/333
f 3043/3043 4220/4220 742/742
f 3043/3043 541/541 4220/4220
f 3043/3043 742/742 3253/3253
f 3253/3253 1491/1491 3043/3043
f 3643/3643 3043/3043 1491/1491
f 22/22 4220/4220 541/541
f 22/22 541/541 3175/3175
f 3643/3643 541/541 3043/3043
f 153/153 2230/2230 4274/4274
f 3643/3643 1491/1491 204/204
f 1247/1247 3643/3643 204/204
f 1803/1803 1247/1247 204/204
f 688/688 3859/3859 476/476
f 476/476 1703/1703 688/688
f 476/476 3859/3859 1788/1788
f 476/476 1788/1788 2099/2099
f 2099/2099 1788/1788 2376/2376
f 1038/1038 476/476 2099/2099
f 1038/1038 2099/2099 1255/1255
f 2376/2376 1788/1788 1966/1966
f 3290/3290 3384/3384 3658/3658
f 3384/3384 3290/3290 924/924
f 924/924 3290/3290 3916/3916
f 3658/3658 3384/3384 1966/1966
f 40/40 924/924 3916/3916
f 924/924 40/40 3384/3384
f 2040/2040 40/40 3916/3916
f 2376/2376 1966/1966 4160/4160
f 4160/4160 1966/1966 1410/1410
f 1410/1410 1966/1966 3384/3384
f 2376/2376 1255/1255 2099/2099
f 178/178 1255/1255 2376/2376
f 3584/3584 3384/3384 40/40
f 1410/1410 3384/3384 3584/3584
f 40/40 2040/2040 3584/3584
f 2378/2378 404/404 476/476
f 2378/2378 476/476 1038/1038
f 404/404 2378/2378 2230/2230
f 4274/4274 2230/2230 2378/2378
f 200/200 4274/4274 2378/2378
f 200/200 2378/2378 1038/1038
f 1255/1255 3526/3526 1038/1038
f 200/200 1038/1038 3526/3526
f 2072/2072 3526/3526 1255/1255
f 2891/2891 200/200 3526/3526
f 2072/2072 2891/2891 3526/3526
f 3916/3916 3175/3175 1247/1247
f 2040/2040 3916/3916 1247/1247
f 2652/2652 3584/3584 2040/2040
f 229/229 2040/2040 1803/1803
f 2072/2072 1255/1255 1243/1243
f 717/717 2019/2019 1528/1528
f 2608/2608 2019/2019 1243/1243
f 2019/2019 2608/2608 3083/3083
f 2608/2608 1243/1243 178/178
f 178/178 2376/2376 4160/4160
f 125/125 4160/4160 1410/1410
f 1243/1243 1255/1255 178/178
f 2608/2608 178/178 4160/4160
f 2608/2608 4160/4160 125/125
f 618/618 1410/1410 3584/3584
f 618/618 3584/3584 2652/2652
f 125/125 1410/1410 618/618
f 2608/2608 125/125 3083/3083
f 2019/2019 280/280 2072/2072
f 2072/2072 1243/1243 2019/2019
f 280/280 3634/3634 2072/2072
f 2891/2891 2072/2072 3634/3634
f 3673/3673 3634/3634 280/280
f 280/280 2019/2019 717/717
f 717/717 3673/3673 280/280
f 125/125 1727/1727 3083/3083
f 2652/2652 1277/1277 618/618
f 2652/2652 229/229 1713/1713
f 2652/2652 1713/1713 3158/3158
f 2652/2652 2040/2040 229/229
f 618/618 1277/1277 125/125
f 1277/1277 1727/1727 125/125
f 1727/1727 1277/1277 2263/2263
f 2652/2652 3158/3158 1277/1277
f 2263/2263 1277/1277 3158/3158
f 3158/3158 2808/2808 2263/2263
f 153/153 4274/4274 1318/1318
f 3929/3929 153/153 1318/1318
f 200/200 1318/1318 4274/4274
f 2891/2891 1318/1318 200/200
f 4228/4228 1318/1318 2891/2891
f 3634/3634 4228/4228 2891/2891
f 3427/3427 4228/4228 3634/3634
f 3929/3929 1318/1318 4228/4228
f 3427/3427 4058/4058 3929/3929
f 3929/3929 4228/4228 3427/3427
f 1803/1803 2040/2040 1247/1247
f 229/229 1803/1803 4326/4326
f 363/363 4326/4326 638/638
f 3634/3634 3673/3673 3427/3427
f 2338/2338 590/590 2808/2808
f 2338/2338 1713/1713 363/363
f 1713/1713 229/229 363/363
f 363/363 229/229 4326/4326
f 590/590 2338/2338 363/363
f 2808/2808 3158/3158 2338/2338
f 3158/3158 1713/1713 2338/2338
f 590/590 363/363 638/638
f 590/590 638/638 2677/2677
f 2808/2808 2865/2865 4130/4130
f 2808/2808 590/590 2865/2865
f 2677/2677 2865/2865 590/590
f 2865/2865 2677/2677 1584/1584
f 1214/1214 2865/2865 1584/1584
f 3253/3253 253/253 1491/1491
f 1491/1491 253/253 1333/1333
f 1491/1491 1333/1333 204/204
f 4326/4326 1107/1107 2861/2861
f 925/925 4326/4326 2861/2861
f 1107/1107 204/204 1333/1333
f 1803/1803 204/204 1107/1107
f 4326/4326 1803/1803 1107/1107
f 3700/3700 4326/4326 925/925
f 3700/3700 925/925 3072/3072
f 2061/2061 3700/3700 3072/3072
f 638/638 4326/4326 3700/3700
f 1620/1620 4132/4132 2342/2342
f 3072/3072 4132/4132 1620/1620
f 3072/3072 925/925 4132/4132
f 1917/1917 638/638 3700/3700
f 1917/1917 2677/2677 638/638
f 2241/2241 2061/2061 3941/3941
f 2061/2061 2241/2241 1917/1917
f 1917/1917 3700/3700 2061/2061
f 2241/2241 2677/2677 1917/1917
f 2677/2677 2241/2241 1584/1584
f 3941/3941 1584/1584 2241/2241
f 1831/1831 1528/1528 3083/3083
f 2923/2923 1528/1528 1831/1831
f 1528/1528 2019/2019 3083/3083
f 1089/1089 1831/1831 3083/3083
f 1727/1727 1089/1089 3083/3083
f 1727/1727 2263/2263 1089/1089
f 1294/1294 3940/3940 1089/1089
f 2263/2263 2808/2808 1342/1342
f 1089/1089 2263/2263 1294/1294
f 1294/1294 2263/2263 1342/1342
f 3940/3940 1294/1294 2931/2931
f 3149/3149 1342/1342 4130/4130
f 1342/1342 3149/3149 1294/1294
f 1342/1342 2808/2808 4130/4130
f 1214/1214 4130/4130 2865/2865
f 72/72 10/10 3299/3299
f 2411/2411 72/72 3299/3299
f 10/10 3986/3986 2924/2924
f 10/10 72/72 3986/3986
f 2411/2411 3299/3299 1313/1313
f 2411/2411 1272/1272 72/72
f 3558/3558 2664/2664 2105/2105
f 2664/2664 3558/3558 1160/1160
f 1614/1614 2664/2664 1160/1160
f 1160/1160 3558/3558 1195/1195
f 788/788 1195/1195 3558/3558
f 1195/1195 2742/2742 1160/1160
f 724/724 2374/2374 3504/3504
f 3503/3503 3959/3959 1313/1313
f 1313/1313 3959/3959 2411/2411
f 3504/3504 2374/2374 3960/3960
f 3959/3959 1272/1272 2411/2411
f 1023/1023 3960/3960 2374/2374
f 647/647 3960/3960 1023/1023
f 3960/3960 647/647 3490/3490
f 1271/1271 3960/3960 3490/3490
f 286/286 1621/1621 3986/3986
f 72/72 571/571 3986/3986
f 72/72 1272/1272 571/571
f 1272/1272 1772/1772 571/571
f 1773/1773 1271/1271 3490/3490
f 3986/3986 571/571 286/286
f 286/286 1814/1814 1621/1621
f 1814/1814 1668/1668 3258/3258
f 286/286 1668/1668 1814/1814
f 2488/2488 1668/1668 286/286
f 4112/4112 571/571 1772/1772
f 571/571 2488/2488 286/286
f 4112/4112 2488/2488 571/571
f 2488/2488 4112/4112 494/494
f 2934/2934 1195/1195 3998/3998
f 2742/2742 1195/1195 2934/2934
f 3367/3367 3998/3998 1195/1195
f 1023/1023 3545/3545 647/647
f 647/647 3545/3545 4297/4297
f 647/647 4297/4297 3490/3490
f 3490/3490 4297/4297 403/403
f 3490/3490 3486/3486 1773/1773
f 3486/3486 3490/3490 403/403
f 403/403 4297/4297 1153/1153
f 403/403 1153/1153 1892/1892
f 1892/1892 2225/2225 403/403
f 2192/2192 3864/3864 2225/2225
f 3486/3486 403/403 3460/3460
f 1773/1773 3486/3486 4113/4113
f 495/495 4113/4113 3486/3486
f 495/495 3486/3486 1632/1632
f 2877/2877 3460/3460 2264/2264
f 1632/1632 3486/3486 3460/3460
f 3460/3460 2877/2877 1632/1632
f 3460/3460 403/403 3351/3351
f 3351/3351 403/403 2225/2225
f 3864/3864 3351/3351 2225/2225
f 2264/2264 3460/3460 3351/3351
f 3351/3351 1346/1346 2264/2264
f 2264/2264 3385/3385 2877/2877
f 3351/3351 3864/3864 1639/1639
f 3351/3351 1639/1639 1346/1346
f 2264/2264 3913/3913 3385/3385
f 3913/3913 93/93 3385/3385
f 3913/3913 2264/2264 1346/1346
f 4146/4146 3913/3913 1346/1346
f 1891/1891 1668/1668 2488/2488
f 4106/4106 1668/1668 1891/1891
f 44/44 3258/3258 1668/1668
f 44/44 1668/1668 4106/4106
f 2257/2257 44/44 4106/4106
f 649/649 4106/4106 1891/1891
f 649/649 1891/1891 1347/1347
f 1421/1421 2257/2257 4106/4106
f 1421/1421 4106/4106 649/649
f 614/614 3868/3868 1891/1891
f 1891/1891 2488/2488 494/494
f 494/494 614/614 1891/1891
f 613/613 495/495 1632/1632
f 613/613 1366/1366 3867/3867
f 1891/1891 3868/3868 1347/1347
f 1347/1347 3868/3868 1302/1302
f 1347/1347 3324/3324 649/649
f 168/168 3324/3324 3623/3623
f 3324/3324 1347/1347 1302/1302
f 3623/3623 3324/3324 1302/1302
f 3324/3324 1421/1421 649/649
f 1366/1366 613/613 1632/1632
f 1632/1632 3385/3385 1366/1366
f 1301/1301 3867/3867 1366/1366
f 3385/3385 1632/1632 2877/2877
f 1366/1366 3385/3385 4345/4345
f 4345/4345 1301/1301 1366/1366
f 919/919 1301/1301 4345/4345
f 919/919 4345/4345 3385/3385
f 1302/1302 3924/3924 3623/3623
f 919/919 3385/3385 93/93
f 865/865 3258/3258 44/44
f 2257/2257 865/865 44/44
f 3151/3151 2257/2257 1421/1421
f 1935/1935 4293/4293 1678/1678
f 3924/3924 4307/4307 3623/3623
f 3623/3623 4307/4307 1678/1678
f 1678/1678 4293/4293 3623/3623
f 3327/3327 1678/1678 4307/4307
f 1935/1935 1678/1678 3327/3327
f 940/940 4306/4306 3925/3925
f 1619/1619 4306/4306 940/940
f 3327/3327 4307/4307 1618/1618
f 1618/1618 2220/2220 3327/3327
f 3327/3327 2220/2220 1017/1017
f 2221/2221 1242/1242 3812/3812
f 2257/2257 3151/3151 437/437
f 848/848 3151/3151 3342/3342
f 3151/3151 1421/1421 3342/3342
f 1421/1421 3324/3324 3342/3342
f 3324/3324 168/168 3342/3342
f 4293/4293 378/378 3623/3623
f 4317/4317 3524/3524 1935/1935
f 2380/2380 378/378 4293/4293
f 292/292 378/378 2380/2380
f 3524/3524 292/292 2380/2380
f 2471/2471 292/292 3524/3524
f 2471/2471 3524/3524 2568/2568
f 2380/2380 4293/4293 1935/1935
f 3524/3524 2380/2380 1935/1935
f 2568/2568 3524/3524 4317/4317
f 2568/2568 4317/4317 2859/2859
f 2859/2859 3242/3242 2568/2568
f 4341/4341 2471/2471 2568/2568
f 2568/2568 3242/3242 4341/4341
f 3707/3707 3794/3794 4341/4341
f 3707/3707 4341/4341 3242/3242
f 3707/3707 3242/3242 4012/4012
f 3242/3242 2859/2859 2847/2847
f 4012/4012 3242/3242 2847/2847
f 4317/4317 1935/1935 1017/1017
f 1017/1017 1935/1935 3327/3327
f 4317/4317 1017/1017 806/806
f 2859/2859 4317/4317 806/806
f 806/806 1017/1017 2220/2220
f 806/806 2220/2220 3813/3813
f 1048/1048 806/806 3813/3813
f 806/806 546/546 2859/2859
f 806/806 1048/1048 546/546
f 2847/2847 2859/2859 546/546
f 2847/2847 546/546 829/829
f 829/829 546/546 1048/1048
f 829/829 1048/1048 3166/3166
f 3166/3166 2579/2579 829/829
f 2312/2312 940/940 3542/3542
f 1301/1301 919/919 3542/3542
f 2312/2312 1674/1674 940/940
f 1674/1674 2312/2312 1418/1418
f 4361/4361 1674/1674 1418/1418
f 3925/3925 1301/1301 3542/3542
f 3542/3542 940/940 3925/3925
f 1619/1619 940/940 2674/2674
f 2221/2221 2674/2674 1317/1317
f 1619/1619 2674/2674 2221/2221
f 2674/2674 940/940 1674/1674
f 2674/2674 1674/1674 1317/1317
f 1317/1317 1242/1242 2221/2221
f 1242/1242 1317/1317 4361/4361
f 1317/1317 1674/1674 4361/4361
f 4361/4361 1914/1914 1242/1242
f 713/713 1914/1914 4361/4361
f 854/854 2312/2312 3542/3542
f 2312/2312 854/854 1418/1418
f 4361/4361 1418/1418 4344/4344
f 4344/4344 1418/1418 4022/4022
f 919/919 93/93 3913/3913
f 919/919 3913/3913 596/596
f 3542/3542 919/919 1103/1103
f 3542/3542 1103/1103 854/854
f 919/919 596/596 1879/1879
f 1418/1418 854/854 1475/1475
f 1418/1418 1475/1475 4022/4022
f 211/211 4022/4022 1475/1475
f 4022/4022 211/211 420/420
f 4022/4022 420/420 1018/1018
f 3413/3413 4361/4361 4344/4344
f 3413/3413 713/713 4361/4361
f 3413/3413 4344/4344 4022/4022
f 4022/4022 1018/1018 3413/3413
f 3413/3413 1018/1018 713/713
f 3812/3812 1242/1242 1914/1914
f 3813/3813 3166/3166 1048/1048
f 3812/3812 1914/1914 3021/3021
f 3165/3165 3812/3812 3021/3021
f 1914/1914 713/713 3021/3021
f 3165/3165 3021/3021 3457/3457
f 2579/2579 3166/3166 3567/3567
f 3568/3568 3165/3165 3457/3457
f 3568/3568 3457/3457 1417/1417
f 713/713 2717/2717 3021/3021
f 3021/3021 2717/2717 3457/3457
f 713/713 1018/1018 2717/2717
f 3613/3613 2717/2717 1018/1018
f 690/690 2579/2579 3567/3567
f 689/689 3568/3568 1417/1417
f 3457/3457 2717/2717 874/874
f 874/874 2717/2717 2464/2464
f 874/874 1417/1417 3457/3457
f 1408/1408 874/874 2464/2464
f 1408/1408 2464/2464 3898/3898
f 1408/1408 3898/3898 2759/2759
f 2199/2199 2192/2192 1892/1892
f 2225/2225 1892/1892 2192/2192
f 2192/2192 2199/2199 2835/2835
f 2199/2199 1186/1186 2835/2835
f 3864/3864 2192/2192 1819/1819
f 1819/1819 2192/2192 2835/2835
f 1181/1181 481/481 2898/2898
f 1159/1159 2835/2835 2898/2898
f 1819/1819 2835/2835 1159/1159
f 1159/1159 2898/2898 481/481
f 3712/3712 481/481 1181/1181
f 2900/2900 481/481 3712/3712
f 76/76 1639/1639 3864/3864
f 3864/3864 1819/1819 76/76
f 1346/1346 1639/1639 76/76
f 1346/1346 76/76 1356/1356
f 76/76 1819/1819 1716/1716
f 1356/1356 76/76 1716/1716
f 1716/1716 625/625 1356/1356
f 4255/4255 1356/1356 625/625
f 1716/1716 1819/1819 1159/1159
f 4146/4146 1346/1346 1356/1356
f 4146/4146 1356/1356 4255/4255
f 3913/3913 4146/4146 596/596
f 596/596 4146/4146 2168/2168
f 596/596 2168/2168 1879/1879
f 3629/3629 1879/1879 2168/2168
f 2168/2168 4146/4146 4255/4255
f 1103/1103 1879/1879 3629/3629
f 1732/1732 854/854 1103/1103
f 2227/2227 1732/1732 1103/1103
f 2227/2227 1103/1103 3217/3217
f 4137/4137 1103/1103 3629/3629
f 3217/3217 1103/1103 4137/4137
f 1716/1716 1159/1159 3903/3903
f 625/625 1716/1716 3903/3903
f 1335/1335 1159/1159 481/481
f 3903/3903 1159/1159 1335/1335
f 1689/1689 3903/3903 1335/1335
f 1108/1108 625/625 3903/3903
f 1689/1689 1108/1108 3903/3903
f 4255/4255 625/625 1108/1108
f 2168/2168 4255/4255 3207/3207
f 3207/3207 4255/4255 1108/1108
f 3207/3207 3629/3629 2168/2168
f 2908/2908 3629/3629 3207/3207
f 2908/2908 4137/4137 3629/3629
f 2227/2227 3217/3217 1293/1293
f 1862/1862 2227/2227 1293/1293
f 1293/1293 3217/3217 2548/2548
f 1689/1689 1236/1236 1108/1108
f 1689/1689 1335/1335 2900/2900
f 1335/1335 481/481 2900/2900
f 1236/1236 1689/1689 2900/2900
f 3207/3207 1108/1108 1236/1236
f 3217/3217 4137/4137 2548/2548
f 2548/2548 3566/3566 1293/1293
f 2548/2548 4137/4137 1087/1087
f 2548/2548 1087/1087 2102/2102
f 3566/3566 2548/2548 2102/2102
f 2908/2908 3207/3207 617/617
f 617/617 3207/3207 1236/1236
f 1236/1236 1453/1453 617/617
f 2167/2167 4137/4137 2908/2908
f 2908/2908 617/617 376/376
f 2908/2908 376/376 2167/2167
f 1087/1087 4137/4137 2167/2167
f 3114/3114 3566/3566 2102/2102
f 1008/1008 1087/1087 2167/2167
f 1087/1087 1008/1008 2102/2102
f 2102/2102 349/349 3114/3114
f 1637/1637 3712/3712 1181/1181
f 4061/4061 3712/3712 1637/1637
f 4061/4061 1637/1637 4017/4017
f 1920/1920 3712/3712 4061/4061
f 2758/2758 1920/1920 4061/4061
f 1920/1920 2900/2900 3712/3712
f 357/357 2900/2900 1920/1920
f 2900/2900 2894/2894 1453/1453
f 2894/2894 2900/2900 357/357
f 1453/1453 2894/2894 357/357
f 357/357 1920/1920 2430/2430
f 1453/1453 1236/1236 2900/2900
f 1453/1453 357/357 3347/3347
f 3347/3347 357/357 2430/2430
f 1453/1453 3347/3347 887/887
f 376/376 617/617 1453/1453
f 376/376 1453/1453 887/887
f 1103/1103 919/919 1879/1879
f 1475/1475 4115/4115 211/211
f 4115/4115 420/420 211/211
f 1732/1732 1475/1475 854/854
f 4115/4115 1475/1475 1732/1732
f 420/420 4115/4115 3026/3026
f 4115/4115 1732/1732 2227/2227
f 1862/1862 4115/4115 2227/2227
f 3026/3026 4115/4115 1862/1862
f 1018/1018 420/420 2469/2469
f 2469/2469 420/420 3026/3026
f 3613/3613 1018/1018 2469/2469
f 1862/1862 3566/3566 3750/3750
f 3026/3026 1862/1862 3750/3750
f 3455/3455 2469/2469 3026/3026
f 2334/2334 3455/3455 3026/3026
f 3613/3613 2469/2469 3455/3455
f 1293/1293 3566/3566 1862/1862
f 2334/2334 3026/3026 3750/3750
f 3114/3114 3750/3750 3566/3566
f 3114/3114 294/294 3750/3750
f 349/349 294/294 3114/3114
f 294/294 2967/2967 3750/3750
f 3455/3455 2334/2334 4116/4116
f 2334/2334 3750/3750 2967/2967
f 2967/2967 4116/4116 2334/2334
f 260/260 4116/4116 2967/2967
f 2717/2717 3613/3613 2464/2464
f 2464/2464 3613/3613 4351/4351
f 3898/3898 2464/2464 4351/4351
f 4351/4351 3613/3613 3455/3455
f 4351/4351 3455/3455 3985/3985
f 4351/4351 1011/1011 3898/3898
f 3455/3455 4116/4116 3985/3985
f 4351/4351 3985/3985 1011/1011
f 3985/3985 4254/4254 1011/1011
f 1011/1011 2759/2759 3898/3898
f 4254/4254 862/862 1011/1011
f 4061/4061 4017/4017 2279/2279
f 43/43 2279/2279 4017/4017
f 43/43 857/857 2279/2279
f 1920/1920 2758/2758 2430/2430
f 2758/2758 4061/4061 2279/2279
f 755/755 2758/2758 2279/2279
f 397/397 2279/2279 857/857
f 2106/2106 857/857 43/43
f 857/857 2106/2106 2146/2146
f 469/469 2106/2106 2300/2300
f 2146/2146 2106/2106 469/469
f 519/519 2146/2146 469/469
f 2430/2430 2758/2758 755/755
f 2430/2430 755/755 4176/4176
f 397/397 4176/4176 755/755
f 2993/2993 2430/2430 4176/4176
f 3347/3347 2993/2993 887/887
f 3347/3347 2430/2430 2993/2993
f 2279/2279 397/397 755/755
f 4176/4176 397/397 2034/2034
f 2622/2622 2993/2993 4176/4176
f 1462/1462 2167/2167 376/376
f 2559/2559 1008/1008 2167/2167
f 3355/3355 349/349 2102/2102
f 2102/2102 1008/1008 3355/3355
f 349/349 3355/3355 1598/1598
f 294/294 349/349 1598/1598
f 3355/3355 1008/1008 2559/2559
f 376/376 887/887 1462/1462
f 3741/3741 887/887 2993/2993
f 1462/1462 887/887 3741/3741
f 2622/2622 3741/3741 2993/2993
f 3310/3310 1598/1598 3355/3355
f 3453/3453 3310/3310 3355/3355
f 2167/2167 1462/1462 1525/1525
f 1462/1462 3741/3741 1525/1525
f 3453/3453 3355/3355 2559/2559
f 1310/1310 2559/2559 2167/2167
f 1310/1310 2167/2167 1525/1525
f 4176/4176 2034/2034 2622/2622
f 1670/1670 3310/3310 3453/3453
f 133/133 2559/2559 1310/1310
f 133/133 3453/3453 2559/2559
f 3453/3453 133/133 2979/2979
f 1670/1670 3453/3453 3335/3335
f 3453/3453 2979/2979 3335/3335
f 397/397 857/857 2716/2716
f 2034/2034 397/397 2716/2716
f 2146/2146 2716/2716 857/857
f 663/663 2034/2034 2716/2716
f 2622/2622 2034/2034 663/663
f 2716/2716 2146/2146 2538/2538
f 2716/2716 2538/2538 1114/1114
f 663/663 2716/2716 1114/1114
f 1525/1525 3741/3741 559/559
f 1525/1525 803/803 1310/1310
f 1525/1525 559/559 803/803
f 3741/3741 2622/2622 559/559
f 663/663 559/559 2622/2622
f 1310/1310 2027/2027 133/133
f 2027/2027 1310/1310 803/803
f 469/469 2300/2300 3009/3009
f 469/469 3009/3009 519/519
f 2146/2146 519/519 2538/2538
f 519/519 3009/3009 1738/1738
f 1738/1738 2026/2026 977/977
f 519/519 1360/1360 2538/2538
f 1360/1360 519/519 1738/1738
f 1360/1360 1114/1114 2538/2538
f 3188/3188 1114/1114 1360/1360
f 1738/1738 2071/2071 1360/1360
f 2066/2066 1360/1360 1715/1715
f 1715/1715 1360/1360 2071/2071
f 2027/2027 2557/2557 133/133
f 2979/2979 133/133 2557/2557
f 1428/1428 2979/2979 2557/2557
f 1554/1554 2979/2979 1428/1428
f 803/803 3697/3697 2027/2027
f 1114/1114 3188/3188 663/663
f 663/663 3188/3188 559/559
f 559/559 3188/3188 827/827
f 559/559 827/827 803/803
f 3188/3188 1360/1360 2066/2066
f 827/827 3188/3188 2066/2066
f 1428/1428 2557/2557 3515/3515
f 3515/3515 2557/2557 866/866
f 866/866 2557/2557 2027/2027
f 803/803 827/827 3572/3572
f 3572/3572 3697/3697 803/803
f 827/827 2066/2066 353/353
f 827/827 353/353 3572/3572
f 1738/1738 2408/2408 2071/2071
f 2071/2071 4159/4159 1715/1715
f 4159/4159 2071/2071 2408/2408
f 2408/2408 1738/1738 977/977
f 4238/4238 2408/2408 977/977
f 353/353 1715/1715 4159/4159
f 2066/2066 1715/1715 353/353
f 4159/4159 2582/2582 353/353
f 3572/3572 353/353 2582/2582
f 110/110 3572/3572 2582/2582
f 992/992 2582/2582 4159/4159
f 2967/2967 294/294 35/35
f 260/260 2967/2967 871/871
f 35/35 871/871 2967/2967
f 4116/4116 260/260 2048/2048
f 2759/2759 1011/1011 862/862
f 862/862 544/544 2759/2759
f 1896/1896 862/862 4254/4254
f 2048/2048 4254/4254 3985/3985
f 2048/2048 3985/3985 4116/4116
f 4254/4254 2048/2048 2153/2153
f 2048/2048 260/260 1127/1127
f 1127/1127 260/260 871/871
f 2048/2048 1127/1127 2153/2153
f 2153/2153 1127/1127 2704/2704
f 2704/2704 3281/3281 2153/2153
f 1896/1896 4254/4254 2153/2153
f 3058/3058 1896/1896 2153/2153
f 3281/3281 3058/3058 2153/2153
f 3532/3532 3058/3058 3281/3281
f 3532/3532 3997/3997 3058/3058
f 35/35 294/294 1598/1598
f 2250/2250 1598/1598 3310/3310
f 35/35 1598/1598 2250/2250
f 2250/2250 3310/3310 1670/1670
f 97/97 2250/2250 159/159
f 97/97 871/871 35/35
f 35/35 2250/2250 97/97
f 871/871 97/97 1127/1127
f 1670/1670 159/159 2250/2250
f 1670/1670 2314/2314 159/159
f 2000/2000 97/97 159/159
f 2000/2000 159/159 2314/2314
f 3335/3335 2314/2314 1670/1670
f 2337/2337 2000/2000 2314/2314
f 97/97 1207/1207 2704/2704
f 97/97 2000/2000 1207/1207
f 1207/1207 2000/2000 568/568
f 568/568 2000/2000 2337/2337
f 3335/3335 2979/2979 1554/1554
f 3335/3335 1554/1554 1193/1193
f 2314/2314 3335/3335 1193/1193
f 1193/1193 2337/2337 2314/2314
f 1127/1127 97/97 2704/2704
f 2968/2968 3281/3281 2704/2704
f 3281/3281 2968/2968 3532/3532
f 2968/2968 2704/2704 1207/1207
f 1207/1207 374/374 2968/2968
f 2968/2968 374/374 804/804
f 374/374 1207/1207 568/568
f 3532/3532 2968/2968 804/804
f 568/568 2337/2337 943/943
f 1385/1385 984/984 943/943
f 1428/1428 863/863 1554/1554
f 1554/1554 2254/2254 1193/1193
f 2254/2254 1554/1554 863/863
f 2337/2337 1193/1193 2254/2254
f 863/863 1428/1428 3515/3515
f 863/863 3515/3515 580/580
f 866/866 20/20 3515/3515
f 580/580 3515/3515 20/20
f 2254/2254 863/863 580/580
f 1845/1845 2254/2254 580/580
f 943/943 2337/2337 2254/2254
f 943/943 2254/2254 1845/1845
f 943/943 1845/1845 1385/1385
f 2027/2027 3376/3376 866/866
f 3697/3697 3376/3376 2027/2027
f 1303/1303 866/866 3376/3376
f 20/20 3904/3904 580/580
f 1303/1303 20/20 866/866
f 1091/1091 20/20 1303/1303
f 3904/3904 20/20 1091/1091
f 3157/3157 580/580 3904/3904
f 1845/1845 580/580 3157/3157
f 3697/3697 3572/3572 110/110
f 270/270 1303/1303 3376/3376
f 3904/3904 1091/1091 3861/3861
f 3376/3376 3697/3697 2129/2129
f 110/110 2582/2582 992/992
f 110/110 2129/2129 3697/3697
f 2129/2129 110/110 238/238
f 238/238 110/110 992/992
f 270/270 3376/3376 2129/2129
f 2911/2911 1385/1385 1845/1845
f 1845/1845 3157/3157 2911/2911
f 2750/2750 1385/1385 2911/2911
f 2911/2911 3157/3157 1959/1959
f 1959/1959 3157/3157 3904/3904
f 1959/1959 3904/3904 3861/3861
f 1959/1959 1841/1841 2911/2911
f 2750/2750 2911/2911 1604/1604
f 1604/1604 2911/2911 1841/1841
f 374/374 568/568 984/984
f 984/984 568/568 943/943
f 374/374 984/984 769/769
f 565/565 374/374 769/769
f 804/804 3997/3997 3532/3532
f 3997/3997 804/804 130/130
f 931/931 3997/3997 130/130
f 3241/3241 952/952 130/130
f 804/804 374/374 565/565
f 130/130 804/804 565/565
f 130/130 565/565 3241/3241
f 769/769 984/984 1385/1385
f 4073/4073 769/769 2750/2750
f 4073/4073 2750/2750 2367/2367
f 565/565 4073/4073 3241/3241
f 565/565 769/769 4073/4073
f 3241/3241 4073/4073 3451/3451
f 769/769 1385/1385 2750/2750
f 2367/2367 2750/2750 1604/1604
f 55/55 3707/3707 4012/4012
f 2080/2080 3707/3707 55/55
f 4012/4012 3013/3013 55/55
f 4012/4012 2847/2847 3013/3013
f 3013/3013 2082/2082 55/55
f 371/371 2080/2080 55/55
f 371/371 4170/4170 2080/2080
f 2082/2082 1974/1974 371/371
f 1559/1559 4170/4170 371/371
f 371/371 1974/1974 1559/1559
f 371/371 55/55 2082/2082
f 2082/2082 3944/3944 1974/1974
f 2460/2460 2847/2847 829/829
f 2847/2847 2460/2460 3013/3013
f 2082/2082 3013/3013 2460/2460
f 2082/2082 2460/2460 3944/3944
f 829/829 2579/2579 2460/2460
f 2460/2460 2579/2579 2121/2121
f 2121/2121 3944/3944 2460/2460
f 3944/3944 2437/2437 1974/1974
f 3944/3944 2121/2121 798/798
f 3944/3944 798/798 2437/2437
f 798/798 1094/1094 2437/2437
f 690/690 2121/2121 2579/2579
f 2121/2121 690/690 3599/3599
f 689/689 1417/1417 3598/3598
f 1417/1417 3419/3419 3598/3598
f 1112/1112 3598/3598 3419/3419
f 3599/3599 798/798 2121/2121
f 3599/3599 1113/1113 798/798
f 1408/1408 1417/1417 874/874
f 1417/1417 1408/1408 3419/3419
f 3419/3419 1408/1408 3438/3438
f 3438/3438 1408/1408 2759/2759
f 2437/2437 740/740 1974/1974
f 1094/1094 740/740 2437/2437
f 4371/4371 1559/1559 1974/1974
f 3991/3991 1559/1559 4371/4371
f 1140/1140 4371/4371 1974/1974
f 740/740 1140/1140 1974/1974
f 4371/4371 62/62 3991/3991
f 1140/1140 1141/1141 4371/4371
f 1140/1140 740/740 2569/2569
f 1141/1141 1140/1140 2569/2569
f 2810/2810 2569/2569 740/740
f 740/740 1094/1094 2810/2810
f 2810/2810 1094/1094 1484/1484
f 1832/1832 3433/3433 62/62
f 62/62 1141/1141 1832/1832
f 62/62 4371/4371 1141/1141
f 1141/1141 2452/2452 1832/1832
f 2452/2452 1141/1141 2569/2569
f 2542/2542 2569/2569 2810/2810
f 2542/2542 136/136 2569/2569
f 2452/2452 2569/2569 136/136
f 2325/2325 2452/2452 136/136
f 1094/1094 798/798 1113/1113
f 1484/1484 1094/1094 1113/1113
f 1113/1113 70/70 1484/1484
f 1375/1375 70/70 818/818
f 3358/3358 3419/3419 3438/3438
f 3358/3358 1112/1112 3419/3419
f 544/544 3358/3358 3438/3438
f 3358/3358 71/71 1112/1112
f 819/819 71/71 3358/3358
f 3358/3358 3201/3201 819/819
f 3201/3201 1486/1486 819/819
f 819/819 1486/1486 2945/2945
f 1484/1484 1375/1375 2810/2810
f 70/70 1375/1375 1484/1484
f 2542/2542 2810/2810 1375/1375
f 1797/1797 1375/1375 1590/1590
f 2542/2542 1375/1375 3038/3038
f 3038/3038 1375/1375 1797/1797
f 416/416 3038/3038 1797/1797
f 416/416 65/65 1394/1394
f 416/416 1394/1394 3038/3038
f 651/651 65/65 3493/3493
f 1590/1590 416/416 1797/1797
f 3493/3493 416/416 2120/2120
f 65/65 416/416 3493/3493
f 651/651 3493/3493 1681/1681
f 1681/1681 3493/3493 2120/2120
f 2214/2214 1526/1526 1152/1152
f 3139/3139 2214/2214 4379/4379
f 2407/2407 2214/2214 3139/3139
f 2407/2407 1526/1526 2214/2214
f 3040/3040 2542/2542 3038/3038
f 3038/3038 1394/1394 3040/3040
f 868/868 1394/1394 65/65
f 3067/3067 868/868 65/65
f 2112/2112 868/868 3067/3067
f 3619/3619 2112/2112 3067/3067
f 3067/3067 3762/3762 3619/3619
f 3762/3762 651/651 1344/1344
f 651/651 1681/1681 1152/1152
f 1152/1152 1344/1344 651/651
f 1344/1344 1152/1152 1526/1526
f 3067/3067 65/65 651/651
f 3067/3067 651/651 3762/3762
f 1526/1526 4283/4283 1344/1344
f 4283/4283 3762/3762 1344/1344
f 3619/3619 4283/4283 1955/1955
f 3619/3619 3762/3762 4283/4283
f 818/818 1590/1590 1375/1375
f 2945/2945 1589/1589 819/819
f 1590/1590 2120/2120 416/416
f 1590/1590 512/512 2120/2120
f 118/118 2120/2120 512/512
f 511/511 1589/1589 2945/2945
f 2120/2120 118/118 1681/1681
f 118/118 1057/1057 1681/1681
f 1057/1057 118/118 1579/1579
f 1579/1579 118/118 512/512
f 1057/1057 1579/1579 2825/2825
f 2825/2825 3573/3573 1057/1057
f 511/511 2945/2945 3855/3855
f 3855/3855 2665/2665 511/511
f 1578/1578 511/511 2665/2665
f 2665/2665 108/108 1578/1578
f 3855/3855 2945/2945 4359/4359
f 2945/2945 3365/3365 4359/4359
f 1864/1864 3855/3855 4359/4359
f 2665/2665 3855/3855 1864/1864
f 1864/1864 108/108 2665/2665
f 78/78 2824/2824 108/108
f 2791/2791 1765/1765 108/108
f 108/108 1765/1765 78/78
f 2824/2824 1578/1578 108/108
f 3169/3169 1057/1057 3573/3573
f 2214/2214 1152/1152 3169/3169
f 2824/2824 78/78 3574/3574
f 2006/2006 3169/3169 3573/3573
f 1128/1128 3286/3286 283/283
f 3169/3169 4379/4379 2214/2214
f 3286/3286 3139/3139 4379/4379
f 3169/3169 3286/3286 4379/4379
f 2006/2006 3286/3286 3169/3169
f 2005/2005 3574/3574 2654/2654
f 3574/3574 78/78 2654/2654
f 283/283 3632/3632 1128/1128
f 2005/2005 2654/2654 2667/2667
f 284/284 2005/2005 2667/2667
f 283/283 3286/3286 2006/2006
f 2654/2654 3194/3194 2667/2667
f 3194/3194 2654/2654 2382/2382
f 3194/3194 3633/3633 284/284
f 3194/3194 284/284 2667/2667
f 3169/3169 1681/1681 1057/1057
f 1152/1152 1681/1681 3169/3169
f 1765/1765 2654/2654 78/78
f 2654/2654 1765/1765 2382/2382
f 4310/4310 1832/1832 2452/2452
f 136/136 603/603 2325/2325
f 603/603 2542/2542 3040/3040
f 603/603 136/136 2542/2542
f 3806/3806 603/603 2492/2492
f 3806/3806 693/693 603/603
f 868/868 3040/3040 1394/1394
f 868/868 1474/1474 3040/3040
f 1474/1474 868/868 2112/2112
f 603/603 3040/3040 2492/2492
f 2492/2492 3040/3040 2454/2454
f 4273/4273 2112/2112 2544/2544
f 2544/2544 2112/2112 3619/3619
f 4273/4273 1474/1474 2112/2112
f 3040/3040 1474/1474 2454/2454
f 4273/4273 2454/2454 1474/1474
f 4273/4273 2428/2428 2454/2454
f 4273/4273 2544/2544 2987/2987
f 4273/4273 2987/2987 2743/2743
f 2454/2454 3856/3856 2492/2492
f 2428/2428 3856/3856 2454/2454
f 3856/3856 3806/3806 2492/2492
f 2743/2743 2428/2428 4273/4273
f 3806/3806 3856/3856 1149/1149
f 3856/3856 892/892 1149/1149
f 3856/3856 2428/2428 892/892
f 892/892 2428/2428 3591/3591
f 1864/1864 4359/4359 3656/3656
f 1864/1864 2963/2963 108/108
f 2963/2963 1864/1864 3656/3656
f 4300/4300 108/108 2963/2963
f 693/693 3806/3806 1149/1149
f 892/892 2848/2848 1149/1149
f 2/2 1149/1149 2848/2848
f 287/287 1149/1149 2/2
f 1105/1105 2/2 2848/2848
f 1105/1105 320/320 2/2
f 287/287 2/2 320/320
f 320/320 1105/1105 3489/3489
f 320/320 1006/1006 287/287
f 2549/2549 1006/1006 320/320
f 3489/3489 2549/2549 320/320
f 287/287 1006/1006 3392/3392
f 3392/3392 1006/1006 3154/3154
f 1006/1006 2549/2549 3154/3154
f 3392/3392 3628/3628 287/287
f 2472/2472 1859/1859 2360/2360
f 3142/3142 2940/2940 2927/2927
f 2472/2472 3142/3142 2927/2927
f 2360/2360 1404/1404 3203/3203
f 1859/1859 2472/2472 2927/2927
f 1404/1404 1859/1859 1287/1287
f 1404/1404 2360/2360 1859/1859
f 841/841 1257/1257 1422/1422
f 2522/2522 1422/1422 1257/1257
f 3628/3628 3392/3392 2522/2522
f 3392/3392 3154/3154 2522/2522
f 2522/2522 3154/3154 1422/1422
f 1422/1422 2549/2549 920/920
f 2022/2022 920/920 2549/2549
f 3154/3154 2549/2549 1422/1422
f 2933/2933 1422/1422 920/920
f 2933/2933 841/841 1422/1422
f 2022/2022 2933/2933 920/920
f 1906/1906 2522/2522 1257/1257
f 1257/1257 2927/2927 1906/1906
f 1859/1859 2927/2927 841/841
f 841/841 2927/2927 1257/1257
f 1906/1906 2927/2927 2940/2940
f 1287/1287 1859/1859 841/841
f 841/841 2933/2933 1287/1287
f 3968/3968 1287/1287 2933/2933
f 1287/1287 3480/3480 1404/1404
f 3968/3968 3480/3480 1287/1287
f 477/477 2407/2407 3972/3972
f 3972/3972 2407/2407 3139/3139
f 485/485 477/477 3972/3972
f 1805/1805 3972/3972 2607/2607
f 1805/1805 485/485 3972/3972
f 1805/1805 4321/4321 485/485
f 2607/2607 4321/4321 1805/1805
f 2827/2827 1955/1955 510/510
f 1955/1955 2712/2712 3619/3619
f 2827/2827 2712/2712 1955/1955
f 345/345 2827/2827 477/477
f 3969/3969 345/345 477/477
f 2827/2827 345/345 2712/2712
f 3030/3030 345/345 3969/3969
f 2712/2712 345/345 3576/3576
f 3030/3030 2681/2681 345/345
f 2681/2681 3576/3576 345/345
f 510/510 4283/4283 1526/1526
f 510/510 1526/1526 2407/2407
f 510/510 1955/1955 4283/4283
f 510/510 2407/2407 477/477
f 510/510 477/477 2827/2827
f 3969/3969 477/477 485/485
f 606/606 2681/2681 3030/3030
f 3164/3164 485/485 4321/4321
f 485/485 3164/3164 3969/3969
f 3969/3969 3164/3164 3030/3030
f 4321/4321 3467/3467 3164/3164
f 3099/3099 3164/3164 3467/3467
f 606/606 3030/3030 3164/3164
f 3164/3164 3099/3099 606/606
f 687/687 3099/3099 3467/3467
f 3286/3286 861/861 3139/3139
f 3286/3286 1128/1128 861/861
f 3972/3972 3139/3139 861/861
f 3972/3972 861/861 2607/2607
f 2607/2607 861/861 1128/1128
f 4285/4285 4321/4321 2607/2607
f 316/316 4285/4285 2607/2607
f 2607/2607 1128/1128 316/316
f 316/316 4261/4261 4285/4285
f 315/315 3633/3633 1014/1014
f 1128/1128 3632/3632 316/316
f 3194/3194 1014/1014 3633/3633
f 4101/4101 316/316 1013/1013
f 4261/4261 316/316 4101/4101
f 4261/4261 4101/4101 3691/3691
f 4357/4357 3691/3691 4101/4101
f 4261/4261 3691/3691 3353/3353
f 3467/3467 4321/4321 4285/4285
f 3467/3467 4285/4285 2736/2736
f 4261/4261 2736/2736 4285/4285
f 3353/3353 2736/2736 4261/4261
f 3277/3277 2736/2736 3353/3353
f 3822/3822 4310/4310 2452/2452
f 3822/3822 2452/2452 2325/2325
f 1030/1030 4310/4310 3822/3822
f 3883/3883 4310/4310 1030/1030
f 447/447 1030/1030 3822/3822
f 447/447 3822/3822 1358/1358
f 447/447 536/536 4048/4048
f 536/536 447/447 1358/1358
f 4048/4048 1928/1928 447/447
f 1030/1030 447/447 802/802
f 2186/2186 447/447 1928/1928
f 802/802 447/447 2186/2186
f 2550/2550 1928/1928 4048/4048
f 2550/2550 4048/4048 536/536
f 2550/2550 536/536 6/6
f 2458/2458 6/6 536/536
f 1928/1928 2550/2550 718/718
f 718/718 2550/2550 6/6
f 718/718 6/6 686/686
f 6/6 2458/2458 2336/2336
f 1358/1358 2458/2458 536/536
f 1928/1928 718/718 686/686
f 1928/1928 686/686 2186/2186
f 1787/1787 2186/2186 686/686
f 1787/1787 686/686 2336/2336
f 2336/2336 686/686 6/6
f 1358/1358 2336/2336 2458/2458
f 1358/1358 1787/1787 2336/2336
f 693/693 2325/2325 603/603
f 693/693 1358/1358 2325/2325
f 3822/3822 2325/2325 1358/1358
f 2534/2534 1358/1358 693/693
f 1787/1787 1358/1358 2534/2534
f 2544/2544 3619/3619 2712/2712
f 1818/1818 2544/2544 2712/2712
f 1818/1818 2987/2987 2544/2544
f 2335/2335 2987/2987 1818/1818
f 2712/2712 1203/1203 1818/1818
f 1203/1203 2712/2712 3576/3576
f 2335/2335 1818/1818 1203/1203
f 2335/2335 2743/2743 2987/2987
f 2428/2428 2743/2743 3591/3591
f 381/381 3591/3591 2743/2743
f 3694/3694 381/381 2743/2743
f 1016/1016 2743/2743 2335/2335
f 2335/2335 1203/1203 1016/1016
f 2281/2281 1016/1016 1203/1203
f 3694/3694 2743/2743 1016/1016
f 3694/3694 1512/1512 381/381
f 1425/1425 3694/3694 1016/1016
f 1016/1016 2281/2281 1425/1425
f 2681/2681 3937/3937 3576/3576
f 3937/3937 2681/2681 3484/3484
f 2681/2681 606/606 3484/3484
f 3937/3937 1203/1203 3576/3576
f 141/141 3937/3937 3484/3484
f 3937/3937 141/141 1203/1203
f 2882/2882 3484/3484 606/606
f 2882/2882 1969/1969 3484/3484
f 141/141 3484/3484 1969/1969
f 2882/2882 3099/3099 687/687
f 2882/2882 606/606 3099/3099
f 3467/3467 2073/2073 687/687
f 2882/2882 1667/1667 1969/1969
f 687/687 1667/1667 2882/2882
f 141/141 2281/2281 1203/1203
f 1471/1471 2281/2281 141/141
f 3793/3793 3694/3694 1425/1425
f 4041/4041 1425/1425 2281/2281
f 1471/1471 141/141 1969/1969
f 1969/1969 1733/1733 1471/1471
f 4041/4041 2281/2281 1471/1471
f 535/535 4041/4041 1471/1471
f 1733/1733 1969/1969 1667/1667
f 687/687 1696/1696 1667/1667
f 687/687 2073/2073 1696/1696
f 3377/3377 1667/1667 1696/1696
f 1696/1696 1672/1672 3377/3377
f 1733/1733 1667/1667 3377/3377
f 1733/1733 535/535 1471/1471
f 3097/3097 1733/1733 3377/3377
f 3097/3097 3377/3377 2272/2272
f 2272/2272 3377/3377 1672/1672
f 2073/2073 2736/2736 3277/3277
f 2736/2736 2073/2073 3467/3467
f 2025/2025 2073/2073 3277/3277
f 2025/2025 3277/3277 2741/2741
f 2741/2741 3277/3277 3353/3353
f 1739/1739 3353/3353 3691/3691
f 2741/2741 3353/3353 1739/1739
f 2073/2073 2025/2025 1696/1696
f 1672/1672 1696/1696 2025/2025
f 2025/2025 1769/1769 1672/1672
f 2741/2741 1448/1448 1769/1769
f 2741/2741 1769/1769 2025/2025
f 1448/1448 3252/3252 1769/1769
f 892/892 3591/3591 2848/2848
f 3591/3591 381/381 1512/1512
f 3041/3041 3591/3591 1512/1512
f 3591/3591 3041/3041 2848/2848
f 4337/4337 1512/1512 3694/3694
f 3793/3793 4337/4337 3694/3694
f 2848/2848 3041/3041 1105/1105
f 2007/2007 1105/1105 3041/3041
f 3489/3489 1105/1105 2007/2007
f 2007/2007 1278/1278 3489/3489
f 3041/3041 1512/1512 2007/2007
f 4337/4337 2007/2007 1512/1512
f 2007/2007 4337/4337 1278/1278
f 1278/1278 4337/4337 1073/1073
f 2809/2809 1073/1073 4337/4337
f 693/693 1149/1149 287/287
f 287/287 1947/1947 693/693
f 1278/1278 2549/2549 3489/3489
f 3660/3660 2549/2549 1278/1278
f 2633/2633 3660/3660 1278/1278
f 1947/1947 287/287 3628/3628
f 1073/1073 2633/2633 1278/1278
f 1425/1425 4041/4041 3793/3793
f 4337/4337 3793/3793 2809/2809
f 4041/4041 535/535 3793/3793
f 2809/2809 3793/3793 3368/3368
f 1073/1073 2809/2809 767/767
f 3368/3368 767/767 2809/2809
f 3368/3368 3809/3809 767/767
f 535/535 3368/3368 3793/3793
f 535/535 470/470 3368/3368
f 1733/1733 470/470 535/535
f 1733/1733 3097/3097 470/470
f 1816/1816 3097/3097 2272/2272
f 3097/3097 1816/1816 470/470
f 1436/1436 3368/3368 470/470
f 1436/1436 3809/3809 3368/3368
f 470/470 1816/1816 1436/1436
f 1073/1073 767/767 3809/3809
f 3809/3809 2039/2039 1073/1073
f 2549/2549 3660/3660 2022/2022
f 2246/2246 3660/3660 2633/2633
f 3660/3660 2246/2246 2022/2022
f 3800/3800 2022/2022 2246/2246
f 2039/2039 2246/2246 2633/2633
f 2039/2039 2633/2633 1073/1073
f 432/432 3800/3800 2246/2246
f 432/432 2246/2246 177/177
f 2933/2933 2022/2022 3800/3800
f 3800/3800 3968/3968 2933/2933
f 1698/1698 3480/3480 3968/3968
f 3624/3624 1698/1698 3968/3968
f 3968/3968 3800/3800 3624/3624
f 1698/1698 3624/3624 1933/1933
f 3624/3624 3800/3800 432/432
f 1933/1933 3624/3624 587/587
f 587/587 3624/3624 432/432
f 2272/2272 1672/1672 4229/4229
f 1816/1816 2272/2272 4229/4229
f 4229/4229 1672/1672 1769/1769
f 1436/1436 1816/1816 4110/4110
f 480/480 4110/4110 1816/1816
f 480/480 1816/1816 4229/4229
f 4229/4229 341/341 480/480
f 2724/2724 4110/4110 480/480
f 2036/2036 341/341 3252/3252
f 4229/4229 1769/1769 3252/3252
f 4229/4229 3252/3252 341/341
f 341/341 2724/2724 480/480
f 2724/2724 341/341 2036/2036
f 2246/2246 2039/2039 177/177
f 2039/2039 3809/3809 4110/4110
f 2039/2039 4110/4110 177/177
f 4110/4110 2724/2724 177/177
f 3809/3809 1436/1436 4110/4110
f 587/587 432/432 177/177
f 177/177 2724/2724 587/587
f 2036/2036 587/587 2724/2724
f 2036/2036 1933/1933 587/587
f 2759/2759 544/544 3438/3438
f 3201/3201 3358/3358 544/544
f 1896/1896 544/544 862/862
f 3874/3874 3201/3201 544/544
f 1896/1896 3874/3874 544/544
f 3201/3201 3874/3874 1486/1486
f 3874/3874 3870/3870 1486/1486
f 3870/3870 3874/3874 3058/3058
f 2945/2945 1486/1486 3365/3365
f 1486/1486 1067/1067 3365/3365
f 3870/3870 1067/1067 1486/1486
f 3874/3874 1896/1896 3058/3058
f 3870/3870 3058/3058 1730/1730
f 3058/3058 3997/3997 1730/1730
f 2791/2791 108/108 231/231
f 4300/4300 231/231 108/108
f 230/230 1502/1502 2790/2790
f 3195/3195 2383/2383 3590/3590
f 3590/3590 2383/2383 1764/1764
f 1764/1764 2790/2790 1502/1502
f 1502/1502 3590/3590 1764/1764
f 281/281 3590/3590 1502/1502
f 3379/3379 3590/3590 281/281
f 3195/3195 3590/3590 3379/3379
f 1013/1013 3195/3195 3379/3379
f 2369/2369 3379/3379 281/281
f 1502/1502 2004/2004 2630/2630
f 281/281 1502/1502 2630/2630
f 2369/2369 281/281 965/965
f 2630/2630 377/377 281/281
f 965/965 281/281 377/377
f 1296/1296 3365/3365 1067/1067
f 3870/3870 2647/2647 1067/1067
f 1067/1067 2647/2647 3020/3020
f 1730/1730 3997/3997 931/931
f 931/931 980/980 1730/1730
f 952/952 980/980 931/931
f 2647/2647 3870/3870 1730/1730
f 952/952 4275/4275 2203/2203
f 952/952 2203/2203 980/980
f 1730/1730 1971/1971 2647/2647
f 1971/1971 3020/3020 2647/2647
f 980/980 1971/1971 1730/1730
f 227/227 1971/1971 116/116
f 1971/1971 980/980 116/116
f 116/116 980/980 2203/2203
f 4359/4359 3365/3365 3656/3656
f 3656/3656 3365/3365 1296/1296
f 1834/1834 3656/3656 1296/1296
f 2963/2963 3656/3656 2017/2017
f 1834/1834 2017/2017 3656/3656
f 2017/2017 1834/1834 2446/2446
f 2963/2963 2017/2017 790/790
f 790/790 4300/4300 2963/2963
f 231/231 4300/4300 790/790
f 791/791 340/340 230/230
f 340/340 791/791 705/705
f 2197/2197 1834/1834 1296/1296
f 2197/2197 2446/2446 1834/1834
f 3020/3020 1296/1296 1067/1067
f 2446/2446 2197/2197 3748/3748
f 3020/3020 2197/2197 1296/1296
f 2017/2017 2474/2474 790/790
f 2446/2446 2474/2474 2017/2017
f 2474/2474 2446/2446 3792/3792
f 3403/3403 2475/2475 3791/3791
f 2475/2475 4054/4054 791/791
f 4054/4054 2475/2475 3403/3403
f 705/705 791/791 4054/4054
f 3792/3792 2446/2446 3748/3748
f 3792/3792 3748/3748 2291/2291
f 3791/3791 2290/2290 3689/3689
f 1502/1502 230/230 2004/2004
f 230/230 340/340 2004/2004
f 784/784 2004/2004 340/340
f 784/784 340/340 705/705
f 2630/2630 2004/2004 784/784
f 377/377 2630/2630 4366/4366
f 2630/2630 784/784 4267/4267
f 4366/4366 2630/2630 4267/4267
f 965/965 377/377 4366/4366
f 705/705 4054/4054 3907/3907
f 705/705 3907/3907 4267/4267
f 2284/2284 3403/3403 3689/3689
f 4054/4054 3403/3403 3907/3907
f 3907/3907 3403/3403 2284/2284
f 1843/1843 3907/3907 2284/2284
f 784/784 705/705 4267/4267
f 4366/4366 4267/4267 1261/1261
f 4267/4267 3907/3907 1843/1843
f 1261/1261 4267/4267 1843/1843
f 1068/1068 1261/1261 1843/1843
f 2941/2941 2197/2197 3020/3020
f 2941/2941 2291/2291 3748/3748
f 2197/2197 2941/2941 3748/3748
f 3403/3403 3791/3791 3689/3689
f 3689/3689 2290/2290 2472/2472
f 2472/2472 2290/2290 3142/3142
f 3709/3709 2941/2941 3020/3020
f 2940/2940 3142/3142 2290/2290
f 1906/1906 2940/2940 3708/3708
f 1906/1906 3708/3708 2522/2522
f 3020/3020 227/227 3709/3709
f 1971/1971 227/227 3020/3020
f 2472/2472 2360/2360 3689/3689
f 3689/3689 2360/2360 3203/3203
f 2284/2284 3689/3689 1477/1477
f 1843/1843 2284/2284 1477/1477
f 3203/3203 1477/1477 3689/3689
f 1068/1068 1843/1843 1524/1524
f 1524/1524 1477/1477 3833/3833
f 1843/1843 1477/1477 1524/1524
f 3203/3203 1404/1404 3480/3480
f 3203/3203 3833/3833 1477/1477
f 3833/3833 3203/3203 3480/3480
f 931/931 130/130 952/952
f 4275/4275 952/952 3241/3241
f 4275/4275 3241/3241 3451/3451
f 4357/4357 4101/4101 1013/1013
f 2369/2369 1013/1013 3379/3379
f 4357/4357 1013/1013 2369/2369
f 3691/3691 4357/4357 858/858
f 858/858 2369/2369 965/965
f 858/858 4357/4357 2369/2369
f 1131/1131 3691/3691 858/858
f 858/858 965/965 414/414
f 414/414 965/965 662/662
f 1131/1131 1739/1739 3691/3691
f 1131/1131 858/858 414/414
f 3845/3845 1739/1739 1131/1131
f 1131/1131 414/414 3845/3845
f 3845/3845 414/414 662/662
f 965/965 4366/4366 662/662
f 662/662 58/58 3845/3845
f 662/662 2516/2516 58/58
f 2516/2516 1651/1651 2620/2620
f 58/58 2516/2516 2620/2620
f 662/662 4366/4366 1261/1261
f 2516/2516 662/662 1261/1261
f 1261/1261 1068/1068 1651/1651
f 2516/2516 1261/1261 1651/1651
f 3845/3845 2741/2741 1739/1739
f 1448/1448 3845/3845 58/58
f 1448/1448 2741/2741 3845/3845
f 4121/4121 1448/1448 58/58
f 1524/1524 3391/3391 1068/1068
f 1651/1651 1068/1068 3391/3391
f 1698/1698 3833/3833 3480/3480
f 3180/3180 3833/3833 1698/1698
f 3391/3391 1524/1524 3180/3180
f 3180/3180 1524/1524 3833/3833
f 2620/2620 1651/1651 3391/3391
f 4338/4338 2620/2620 3391/3391
f 2620/2620 4121/4121 58/58
f 2620/2620 4338/4338 4121/4121
f 3391/3391 3180/3180 1933/1933
f 4338/4338 3391/3391 1933/1933
f 1933/1933 3180/3180 1698/1698
f 4121/4121 3252/3252 1448/1448
f 4338/4338 2036/2036 4121/4121
f 2036/2036 4338/4338 1933/1933
f 2036/2036 3252/3252 4121/4121
f 3605/3605 3009/3009 1501/1501
f 3009/3009 3605/3605 2026/2026
f 1738/1738 3009/3009 2026/2026
f 977/977 2026/2026 1372/1372
f 1482/1482 3649/3649 2792/2792
f 3649/3649 1389/1389 2792/2792
f 3964/3964 577/577 2792/2792
f 670/670 656/656 577/577
f 4157/4157 4026/4026 3444/3444
f 4157/4157 3649/3649 4026/4026
f 1371/1371 4157/4157 3444/3444
f 4157/4157 1389/1389 3649/3649
f 4157/4157 3066/3066 1389/1389
f 1389/1389 3066/3066 3329/3329
f 2792/2792 1389/1389 3329/3329
f 3329/3329 3912/3912 2792/2792
f 3964/3964 2792/2792 3912/3912
f 1371/1371 3066/3066 4157/4157
f 653/653 3066/3066 1371/1371
f 4363/4363 1348/1348 1371/1371
f 1348/1348 653/653 1371/1371
f 415/415 3329/3329 3066/3066
f 3329/3329 415/415 3592/3592
f 3592/3592 3912/3912 3329/3329
f 653/653 415/415 3066/3066
f 415/415 653/653 805/805
f 3592/3592 415/415 1625/1625
f 670/670 577/577 3964/3964
f 4313/4313 656/656 670/670
f 3964/3964 4150/4150 670/670
f 670/670 540/540 4313/4313
f 4150/4150 540/540 670/670
f 4040/4040 912/912 540/540
f 1295/1295 540/540 4150/4150
f 1295/1295 4040/4040 540/540
f 1289/1289 4040/4040 1295/1295
f 1295/1295 1045/1045 1289/1289
f 823/823 3964/3964 3912/3912
f 3912/3912 3592/3592 823/823
f 3592/3592 1625/1625 823/823
f 1911/1911 4150/4150 3964/3964
f 3964/3964 823/823 1911/1911
f 3765/3765 1911/1911 823/823
f 4150/4150 1911/1911 1295/1295
f 1295/1295 1919/1919 1045/1045
f 3765/3765 1919/1919 1911/1911
f 1295/1295 1911/1911 1919/1919
f 3765/3765 1343/1343 1919/1919
f 1045/1045 1919/1919 2951/2951
f 2951/2951 1919/1919 1343/1343
f 805/805 653/653 1348/1348
f 2720/2720 805/805 1348/1348
f 1535/1535 1225/1225 1348/1348
f 1225/1225 2720/2720 1348/1348
f 3866/3866 2720/2720 1225/1225
f 3866/3866 2057/2057 2720/2720
f 978/978 1625/1625 415/415
f 978/978 415/415 805/805
f 805/805 2720/2720 2057/2057
f 805/805 2057/2057 978/978
f 117/117 978/978 2057/2057
f 978/978 117/117 1064/1064
f 1225/1225 1748/1748 3866/3866
f 2201/2201 3866/3866 1748/1748
f 2057/2057 3866/3866 296/296
f 2057/2057 296/296 117/117
f 296/296 1082/1082 117/117
f 117/117 1082/1082 2740/2740
f 296/296 3866/3866 1567/1567
f 1567/1567 3866/3866 2201/2201
f 1562/1562 296/296 1567/1567
f 1443/1443 296/296 1562/1562
f 1443/1443 1082/1082 296/296
f 1443/1443 3407/3407 1082/1082
f 1625/1625 3765/3765 823/823
f 3765/3765 1625/1625 734/734
f 1064/1064 1625/1625 978/978
f 1625/1625 1064/1064 734/734
f 734/734 1064/1064 960/960
f 1064/1064 2740/2740 960/960
f 3765/3765 734/734 1343/1343
f 734/734 4016/4016 1343/1343
f 1343/1343 696/696 2951/2951
f 4016/4016 696/696 1343/1343
f 960/960 4016/4016 734/734
f 960/960 1561/1561 4016/4016
f 922/922 696/696 4016/4016
f 117/117 2740/2740 1064/1064
f 1082/1082 960/960 2740/2740
f 1561/1561 922/922 4016/4016
f 3620/3620 960/960 1082/1082
f 1082/1082 3407/3407 3620/3620
f 960/960 3620/3620 1561/1561
f 1561/1561 3756/3756 922/922
f 1561/1561 3620/3620 3354/3354
f 3620/3620 4011/4011 3354/3354
f 3756/3756 1561/1561 3354/3354
f 3354/3354 1316/1316 3756/3756
f 4040/4040 4339/4339 912/912
f 1173/1173 912/912 4339/4339
f 1289/1289 4339/4339 4040/4040
f 1629/1629 820/820 4339/4339
f 1629/1629 4339/4339 109/109
f 1629/1629 109/109 96/96
f 1629/1629 1912/1912 820/820
f 3031/3031 1912/1912 1629/1629
f 3031/3031 1735/1735 1239/1239
f 96/96 3031/3031 1629/1629
f 3031/3031 96/96 2419/2419
f 1289/1289 109/109 4339/4339
f 109/109 1289/1289 1045/1045
f 1045/1045 96/96 109/109
f 3659/3659 96/96 1045/1045
f 3659/3659 1045/1045 2951/2951
f 3659/3659 1381/1381 96/96
f 2419/2419 96/96 1381/1381
f 1381/1381 2553/2553 2419/2419
f 1381/1381 1479/1479 2553/2553
f 3876/3876 2553/2553 1479/1479
f 3031/3031 601/601 1735/1735
f 1735/1735 601/601 3044/3044
f 601/601 3031/3031 2419/2419
f 2478/2478 601/601 2419/2419
f 1503/1503 3044/3044 1851/1851
f 601/601 1851/1851 3044/3044
f 1851/1851 601/601 2478/2478
f 2280/2280 1503/1503 1851/1851
f 4370/4370 2512/2512 3044/3044
f 4370/4370 3044/3044 1503/1503
f 1915/1915 4370/4370 1503/1503
f 2280/2280 1915/1915 1503/1503
f 1915/1915 2140/2140 4370/4370
f 1915/1915 1881/1881 2140/2140
f 1881/1881 1915/1915 1499/1499
f 2478/2478 2419/2419 2553/2553
f 1851/1851 2478/2478 285/285
f 2553/2553 285/285 2478/2478
f 285/285 2280/2280 1851/1851
f 616/616 285/285 2553/2553
f 1312/1312 2280/2280 285/285
f 616/616 1312/1312 285/285
f 1312/1312 616/616 2088/2088
f 2280/2280 3839/3839 1915/1915
f 1915/1915 3839/3839 1499/1499
f 1312/1312 3839/3839 2280/2280
f 1945/1945 3839/3839 1312/1312
f 2951/2951 696/696 3659/3659
f 1126/1126 3659/3659 696/696
f 4377/4377 3659/3659 1126/1126
f 1126/1126 696/696 922/922
f 4377/4377 1381/1381 3659/3659
f 3445/3445 4377/4377 1126/1126
f 922/922 3445/3445 1126/1126
f 3445/3445 1968/1968 4377/4377
f 4377/4377 1479/1479 1381/1381
f 4377/4377 1968/1968 1479/1479
f 1968/1968 2326/2326 3464/3464
f 1479/1479 1968/1968 3876/3876
f 3464/3464 3876/3876 1968/1968
f 4347/4347 3876/3876 3464/3464
f 3756/3756 2087/2087 922/922
f 922/922 2087/2087 3445/3445
f 2326/2326 1968/1968 3445/3445
f 3445/3445 2087/2087 2326/2326
f 2087/2087 2484/2484 2326/2326
f 2087/2087 3756/3756 1316/1316
f 2484/2484 2087/2087 1316/1316
f 3053/3053 2484/2484 1316/1316
f 2484/2484 3053/3053 1341/1341
f 3053/3053 2619/2619 1341/1341
f 3464/3464 2326/2326 2484/2484
f 1341/1341 3464/3464 2484/2484
f 1341/1341 4347/4347 3464/3464
f 616/616 2553/2553 3876/3876
f 3876/3876 2088/2088 616/616
f 4347/4347 2088/2088 3876/3876
f 4347/4347 3522/3522 2088/2088
f 1945/1945 1312/1312 2088/2088
f 3522/3522 1945/1945 2088/2088
f 1643/1643 1499/1499 2623/2623
f 1945/1945 2623/2623 3839/3839
f 2623/2623 1499/1499 3839/3839
f 2623/2623 611/611 1643/1643
f 297/297 4347/4347 1341/1341
f 2529/2529 297/297 1341/1341
f 2695/2695 2529/2529 1341/1341
f 2623/2623 1945/1945 3734/3734
f 484/484 2623/2623 3734/3734
f 2623/2623 484/484 611/611
f 3734/3734 1945/1945 3522/3522
f 4280/4280 3734/3734 3522/3522
f 4280/4280 484/484 3734/3734
f 611/611 484/484 2252/2252
f 500/500 4309/4309 2252/2252
f 1719/1719 484/484 4280/4280
f 4128/4128 2252/2252 1719/1719
f 1719/1719 2252/2252 484/484
f 4347/4347 297/297 3522/3522
f 3760/3760 3522/3522 297/297
f 3760/3760 4280/4280 3522/3522
f 3093/3093 4280/4280 3760/3760
f 3760/3760 1508/1508 3093/3093
f 1508/1508 3760/3760 297/297
f 297/297 2529/2529 1508/1508
f 1508/1508 2529/2529 2388/2388
f 3171/3171 1508/1508 2388/2388
f 3171/3171 4114/4114 4333/4333
f 1508/1508 4333/4333 3093/3093
f 4333/4333 4128/4128 3093/3093
f 4333/4333 1508/1508 3171/3171
f 3093/3093 1719/1719 4280/4280
f 1719/1719 3093/3093 4128/4128
f 500/500 4364/4364 4309/4309
f 500/500 2252/2252 4128/4128
f 4364/4364 500/500 4128/4128
f 1564/1564 114/114 4364/4364
f 1546/1546 114/114 2721/2721
f 142/142 1546/1546 2721/2721
f 2795/2795 4128/4128 4333/4333
f 4114/4114 2795/2795 4333/4333
f 4114/4114 2185/2185 2795/2795
f 2185/2185 3962/3962 2795/2795
f 2185/2185 1185/1185 3962/3962
f 3159/3159 729/729 1185/1185
f 1564/1564 4364/4364 4128/4128
f 4128/4128 2795/2795 1564/1564
f 1564/1564 2795/2795 3962/3962
f 3962/3962 729/729 1564/1564
f 729/729 2721/2721 1564/1564
f 2721/2721 729/729 142/142
f 2721/2721 114/114 1564/1564
f 1185/1185 729/729 3962/3962
f 1567/1567 1224/1224 346/346
f 1562/1562 1567/1567 346/346
f 1413/1413 3293/3293 1066/1066
f 346/346 1413/1413 581/581
f 346/346 581/581 1562/1562
f 2535/2535 581/581 1413/1413
f 1066/1066 2535/2535 1413/1413
f 1562/1562 581/581 1443/1443
f 3248/3248 3407/3407 1443/1443
f 3248/3248 1443/1443 581/581
f 3248/3248 581/581 2644/2644
f 2535/2535 2644/2644 581/581
f 3620/3620 3407/3407 4011/4011
f 3407/3407 1455/1455 4011/4011
f 1455/1455 3407/3407 3248/3248
f 4011/4011 1455/1455 765/765
f 3248/3248 2294/2294 1455/1455
f 2294/2294 3248/3248 2644/2644
f 2294/2294 765/765 1455/1455
f 2804/2804 765/765 2294/2294
f 4011/4011 765/765 3354/3354
f 2699/2699 3354/3354 765/765
f 1316/1316 3354/3354 2699/2699
f 765/765 2804/2804 2699/2699
f 1888/1888 2699/2699 1072/1072
f 2699/2699 2804/2804 1072/1072
f 3293/3293 2387/2387 1066/1066
f 2387/2387 19/19 1066/1066
f 19/19 2535/2535 1066/1066
f 3192/3192 2535/2535 19/19
f 251/251 19/19 461/461
f 1708/1708 1626/1626 2839/2839
f 2961/2961 2169/2169 1708/1708
f 1708/1708 2839/2839 2961/2961
f 1300/1300 251/251 3690/3690
f 3690/3690 2303/2303 1300/1300
f 2303/2303 909/909 1762/1762
f 3223/3223 2169/2169 3456/3456
f 3456/3456 2169/2169 4092/4092
f 3824/3824 3456/3456 4092/4092
f 1762/1762 3456/3456 210/210
f 1762/1762 4206/4206 2303/2303
f 4206/4206 1762/1762 210/210
f 251/251 3192/3192 19/19
f 2604/2604 3192/3192 251/251
f 3443/3443 2604/2604 251/251
f 2920/2920 3443/3443 251/251
f 251/251 1300/1300 2920/2920
f 2169/2169 2961/2961 4092/4092
f 210/210 3456/3456 3824/3824
f 4092/4092 3935/3935 3824/3824
f 3192/3192 2644/2644 2535/2535
f 3192/3192 1905/1905 2644/2644
f 2305/2305 1905/1905 3192/3192
f 1905/1905 2305/2305 4268/4268
f 3192/3192 2604/2604 991/991
f 3443/3443 2920/2920 991/991
f 991/991 2604/2604 3443/3443
f 1037/1037 991/991 2920/2920
f 2305/2305 3192/3192 991/991
f 4008/4008 2305/2305 991/991
f 991/991 3264/3264 4008/4008
f 289/289 1626/1626 2576/2576
f 289/289 2839/2839 1626/1626
f 3133/3133 289/289 2576/2576
f 1807/1807 3133/3133 2576/2576
f 3133/3133 1397/1397 289/289
f 1397/1397 2839/2839 289/289
f 1807/1807 1397/1397 3133/3133
f 2839/2839 1397/1397 1534/1534
f 1117/1117 4158/4158 2640/2640
f 1807/1807 4119/4119 1397/1397
f 1807/1807 455/455 4119/4119
f 2640/2640 4119/4119 455/455
f 3935/3935 4092/4092 2961/2961
f 1397/1397 2727/2727 1534/1534
f 4119/4119 2727/2727 1397/1397
f 4119/4119 3753/3753 2727/2727
f 455/455 1117/1117 2640/2640
f 2640/2640 4158/4158 3645/3645
f 2640/2640 2324/2324 4119/4119
f 3321/3321 2324/2324 2640/2640
f 3321/3321 2640/2640 3645/3645
f 2839/2839 3935/3935 2961/2961
f 3824/3824 3935/3935 1798/1798
f 2324/2324 3753/3753 4119/4119
f 3753/3753 4265/4265 2727/2727
f 4265/4265 1534/1534 2727/2727
f 864/864 3753/3753 2324/2324
f 3321/3321 864/864 2324/2324
f 864/864 3321/3321 240/240
f 3935/3935 2839/2839 3714/3714
f 3935/3935 3714/3714 2116/2116
f 1798/1798 3935/3935 2116/2116
f 1534/1534 3714/3714 2839/2839
f 3930/3930 4265/4265 3753/3753
f 1534/1534 4265/4265 759/759
f 3714/3714 1534/1534 759/759
f 3930/3930 759/759 4265/4265
f 3753/3753 864/864 3930/3930
f 864/864 240/240 3930/3930
f 4063/4063 759/759 3930/3930
f 365/365 240/240 849/849
f 3930/3930 240/240 4063/4063
f 365/365 4063/4063 240/240
f 1905/1905 2294/2294 2644/2644
f 1704/1704 2804/2804 1905/1905
f 1905/1905 2804/2804 2294/2294
f 1072/1072 2804/2804 1704/1704
f 646/646 1072/1072 1704/1704
f 2215/2215 1888/1888 1072/1072
f 1072/1072 646/646 2215/2215
f 2215/2215 646/646 4246/4246
f 4268/4268 1704/1704 1905/1905
f 2305/2305 1489/1489 4268/4268
f 1213/1213 4268/4268 1489/1489
f 1489/1489 2305/2305 4008/4008
f 4008/4008 1390/1390 1489/1489
f 2463/2463 4008/4008 3264/3264
f 2463/2463 1390/1390 4008/4008
f 1489/1489 1390/1390 3688/3688
f 1213/1213 1489/1489 3688/3688
f 646/646 1704/1704 1213/1213
f 1704/1704 4268/4268 1213/1213
f 4246/4246 646/646 1213/1213
f 1465/1465 1213/1213 3688/3688
f 3537/3537 3714/3714 759/759
f 3537/3537 851/851 3714/3714
f 2116/2116 3714/3714 158/158
f 1798/1798 2116/2116 158/158
f 3994/3994 1798/1798 158/158
f 851/851 158/158 3714/3714
f 2872/2872 1390/1390 2463/2463
f 1199/1199 3537/3537 759/759
f 4063/4063 1199/1199 759/759
f 172/172 1199/1199 4063/4063
f 172/172 4063/4063 365/365
f 1199/1199 172/172 1903/1903
f 172/172 365/365 3505/3505
f 365/365 3440/3440 3505/3505
f 3537/3537 2262/2262 851/851
f 1199/1199 1903/1903 3537/3537
f 3537/3537 1903/1903 2262/2262
f 158/158 851/851 2439/2439
f 2439/2439 851/851 2262/2262
f 172/172 4167/4167 1903/1903
f 4167/4167 513/513 1903/1903
f 513/513 1403/1403 1903/1903
f 2262/2262 1903/1903 1403/1403
f 3531/3531 513/513 4167/4167
f 4167/4167 172/172 3505/3505
f 3505/3505 3531/3531 4167/4167
f 1465/1465 3688/3688 1822/1822
f 1390/1390 523/523 3688/3688
f 1390/1390 2872/2872 523/523
f 1822/1822 3688/3688 523/523
f 523/523 2872/2872 3111/3111
f 523/523 1148/1148 1822/1822
f 523/523 3111/3111 1148/1148
f 2439/2439 2262/2262 834/834
f 599/599 3803/3803 2439/2439
f 834/834 599/599 2439/2439
f 1148/1148 237/237 1822/1822
f 3266/3266 1822/1822 237/237
f 762/762 1148/1148 3111/3111
f 762/762 237/237 1148/1148
f 762/762 1307/1307 237/237
f 1416/1416 173/173 1307/1307
f 3028/3028 1300/1300 2303/2303
f 3028/3028 2920/2920 1300/1300
f 4206/4206 3028/3028 2303/2303
f 3028/3028 1037/1037 2920/2920
f 3028/3028 4206/4206 514/514
f 3264/3264 991/991 1037/1037
f 514/514 1037/1037 3028/3028
f 1037/1037 3583/3583 3264/3264
f 1037/1037 514/514 3583/3583
f 3645/3645 1230/1230 3321/3321
f 4158/4158 1812/1812 3645/3645
f 360/360 3645/3645 1812/1812
f 360/360 2955/2955 802/802
f 360/360 1230/1230 3645/3645
f 1230/1230 360/360 3889/3889
f 802/802 462/462 360/360
f 3470/3470 1230/1230 3889/3889
f 3889/3889 360/360 462/462
f 4211/4211 210/210 3824/3824
f 4211/4211 3824/3824 1798/1798
f 4211/4211 4206/4206 210/210
f 849/849 240/240 3321/3321
f 849/849 3321/3321 1230/1230
f 1230/1230 3470/3470 849/849
f 570/570 3470/3470 3889/3889
f 570/570 1606/1606 3470/3470
f 849/849 3470/3470 1606/1606
f 365/365 849/849 1606/1606
f 4282/4282 1606/1606 570/570
f 2463/2463 3264/3264 3583/3583
f 2669/2669 514/514 4206/4206
f 4081/4081 3583/3583 514/514
f 514/514 2669/2669 4081/4081
f 4206/4206 4211/4211 3033/3033
f 4081/4081 2872/2872 2463/2463
f 2463/2463 3583/3583 4081/4081
f 4081/4081 2669/2669 3218/3218
f 3033/3033 4211/4211 1798/1798
f 3033/3033 1798/1798 3994/3994
f 3033/3033 2669/2669 4206/4206
f 1027/1027 2872/2872 4081/4081
f 4081/4081 3218/3218 1027/1027
f 1130/1130 2872/2872 1027/1027
f 1027/1027 3218/3218 1130/1130
f 3033/3033 4169/4169 2669/2669
f 3218/3218 2085/2085 1130/1130
f 2669/2669 4169/4169 1595/1595
f 3218/3218 2669/2669 1595/1595
f 2085/2085 3218/3218 1595/1595
f 365/365 1606/1606 3440/3440
f 1606/1606 4282/4282 3440/3440
f 3994/3994 158/158 2439/2439
f 2439/2439 3803/3803 3994/3994
f 3033/3033 3994/3994 3803/3803
f 3803/3803 4169/4169 3033/3033
f 1446/1446 3111/3111 2872/2872
f 1130/1130 1446/1446 2872/2872
f 4169/4169 3803/3803 599/599
f 1446/1446 1104/1104 3111/3111
f 2085/2085 1446/1446 1130/1130
f 1104/1104 1446/1446 2085/2085
f 1595/1595 737/737 2085/2085
f 1595/1595 4169/4169 737/737
f 737/737 1104/1104 2085/2085
f 967/967 4169/4169 599/599
f 3111/3111 1104/1104 762/762
f 995/995 762/762 1104/1104
f 4305/4305 737/737 2635/2635
f 1104/1104 4305/4305 995/995
f 737/737 4305/4305 1104/1104
f 737/737 4169/4169 2635/2635
f 2635/2635 4169/4169 967/967
f 995/995 1307/1307 762/762
f 995/995 1416/1416 1307/1307
f 1416/1416 995/995 4305/4305
f 1316/1316 2699/2699 1888/1888
f 3053/3053 1316/1316 1888/1888
f 2619/2619 3053/3053 2215/2215
f 2215/2215 2372/2372 2619/2619
f 2215/2215 3053/3053 1888/1888
f 4246/4246 2372/2372 2215/2215
f 4246/4246 2354/2354 2372/2372
f 245/245 2354/2354 4246/4246
f 291/291 2354/2354 245/245
f 2619/2619 2695/2695 1341/1341
f 2388/2388 2529/2529 2695/2695
f 2372/2372 2695/2695 2619/2619
f 2388/2388 2695/2695 2372/2372
f 2354/2354 2388/2388 2372/2372
f 3171/3171 2388/2388 291/291
f 2388/2388 2354/2354 291/291
f 4246/4246 1213/1213 1465/1465
f 4246/4246 1465/1465 245/245
f 245/245 28/28 291/291
f 427/427 291/291 28/28
f 4114/4114 3171/3171 291/291
f 1652/1652 1552/1552 427/427
f 4114/4114 291/291 427/427
f 427/427 1552/1552 4114/4114
f 1552/1552 4027/4027 4114/4114
f 1188/1188 1552/1552 2239/2239
f 1552/1552 1188/1188 4027/4027
f 3117/3117 1188/1188 4302/4302
f 28/28 245/245 1465/1465
f 1822/1822 28/28 1465/1465
f 28/28 1822/1822 3266/3266
f 28/28 3266/3266 1652/1652
f 1652/1652 427/427 28/28
f 1652/1652 3266/3266 3341/3341
f 3341/3341 2239/2239 1652/1652
f 2239/2239 3341/3341 1215/1215
f 4302/4302 2239/2239 1215/1215
f 237/237 3341/3341 3266/3266
f 1307/1307 2995/2995 237/237
f 2995/2995 3341/3341 237/237
f 3341/3341 2995/2995 1215/1215
f 2995/2995 1307/1307 173/173
f 1552/1552 1652/1652 2239/2239
f 2239/2239 4302/4302 1188/1188
f 4027/4027 2185/2185 4114/4114
f 4027/4027 816/816 2185/2185
f 1188/1188 816/816 4027/4027
f 1188/1188 3117/3117 816/816
f 3117/3117 3159/3159 816/816
f 816/816 1185/1185 2185/2185
f 816/816 3159/3159 1185/1185
f 2140/2140 1881/1881 83/83
f 83/83 1881/1881 2301/2301
f 1881/1881 3873/3873 2301/2301
f 4270/4270 2586/2586 2302/2302
f 2301/2301 1904/1904 4271/4271
f 3873/3873 1881/1881 1499/1499
f 3873/3873 1904/1904 2301/2301
f 4256/4256 4271/4271 1904/1904
f 4256/4256 3473/3473 4271/4271
f 1353/1353 4256/4256 1904/1904
f 3873/3873 1499/1499 1643/1643
f 3873/3873 1643/1643 1904/1904
f 1353/1353 1904/1904 1643/1643
f 3911/3911 4256/4256 1353/1353
f 1353/1353 1643/1643 611/611
f 4309/4309 3911/3911 1353/1353
f 1353/1353 611/611 4309/4309
f 3911/3911 2078/2078 4256/4256
f 4256/4256 1402/1402 3473/3473
f 1601/1601 3221/3221 1401/1401
f 1601/1601 1273/1273 671/671
f 1273/1273 1601/1601 831/831
f 1602/1602 3696/3696 830/830
f 3696/3696 1602/1602 3603/3603
f 4031/4031 1273/1273 831/831
f 1602/1602 2680/2680 3603/3603
f 1602/1602 1402/1402 2680/2680
f 212/212 395/395 314/314
f 1273/1273 4031/4031 212/212
f 4031/4031 395/395 212/212
f 4031/4031 2507/2507 395/395
f 2508/2508 4032/4032 1245/1245
f 314/314 395/395 1608/1608
f 1804/1804 3356/3356 4007/4007
f 3666/3666 395/395 2507/2507
f 3666/3666 1608/1608 395/395
f 314/314 1804/1804 4007/4007
f 1804/1804 314/314 1608/1608
f 4256/4256 2078/2078 1402/1402
f 1402/1402 2078/2078 2680/2680
f 49/49 2589/2589 1608/1608
f 1804/1804 1608/1608 2589/2589
f 3666/3666 49/49 1608/1608
f 567/567 2589/2589 49/49
f 3696/3696 3978/3978 830/830
f 830/830 3978/3978 4030/4030
f 3978/3978 1244/1244 4030/4030
f 3696/3696 2412/2412 3978/3978
f 2412/2412 926/926 3978/3978
f 2412/2412 3696/3696 101/101
f 2412/2412 3071/3071 926/926
f 3696/3696 3603/3603 101/101
f 4142/4142 101/101 3603/3603
f 101/101 3071/3071 2412/2412
f 2921/2921 1492/1492 3070/3070
f 3070/3070 100/100 2921/2921
f 2921/2921 100/100 4010/4010
f 1244/1244 3978/3978 926/926
f 2508/2508 1245/1245 927/927
f 927/927 2849/2849 2508/2508
f 3071/3071 3848/3848 926/926
f 927/927 3849/3849 2849/2849
f 3666/3666 2507/2507 2086/2086
f 1530/1530 2508/2508 2849/2849
f 2086/2086 2507/2507 1531/1531
f 2394/2394 3848/3848 3071/3071
f 2849/2849 3849/3849 4233/4233
f 3070/3070 1492/1492 2393/2393
f 2395/2395 4233/4233 3849/3849
f 4233/4233 2395/2395 3932/3932
f 3547/3547 4233/4233 3932/3932
f 1530/1530 2849/2849 4233/4233
f 1530/1530 4233/4233 3547/3547
f 3603/3603 2680/2680 4142/4142
f 2997/2997 4142/4142 2680/2680
f 2298/2298 49/49 3666/3666
f 1359/1359 3666/3666 2086/2086
f 2086/2086 1531/1531 4348/4348
f 4349/4349 1530/1530 3547/3547
f 1359/1359 2086/2086 4348/4348
f 4005/4005 2078/2078 3911/3911
f 4005/4005 2680/2680 2078/2078
f 4309/4309 4005/4005 3911/3911
f 2997/2997 2680/2680 4005/4005
f 695/695 2997/2997 4005/4005
f 3832/3832 2997/2997 695/695
f 4350/4350 342/342 305/305
f 608/608 3356/3356 194/194
f 3356/3356 1804/1804 194/194
f 305/305 608/608 4350/4350
f 3732/3732 608/608 194/194
f 4350/4350 608/608 3732/3732
f 2510/2510 1151/1151 342/342
f 4350/4350 2510/2510 342/342
f 567/567 1804/1804 2589/2589
f 567/567 49/49 2298/2298
f 3565/3565 194/194 1804/1804
f 3565/3565 1804/1804 567/567
f 218/218 3732/3732 194/194
f 104/104 4350/4350 3732/3732
f 4350/4350 104/104 2510/2510
f 785/785 3797/3797 1151/1151
f 875/875 3797/3797 785/785
f 1151/1151 2510/2510 785/785
f 2515/2515 785/785 2510/2510
f 2515/2515 875/875 785/785
f 915/915 2396/2396 3215/3215
f 3215/3215 2396/2396 609/609
f 2396/2396 3797/3797 875/875
f 4325/4325 2396/2396 875/875
f 4325/4325 609/609 2396/2396
f 2298/2298 3666/3666 1359/1359
f 2515/2515 2510/2510 4260/4260
f 104/104 4260/4260 2510/2510
f 3772/3772 875/875 2515/2515
f 3852/3852 2515/2515 4260/4260
f 875/875 3772/3772 4325/4325
f 3772/3772 3770/3770 4325/4325
f 218/218 194/194 3565/3565
f 4067/4067 567/567 2298/2298
f 567/567 4067/4067 3565/3565
f 3732/3732 218/218 2190/2190
f 2190/2190 930/930 3732/3732
f 930/930 104/104 3732/3732
f 930/930 4260/4260 104/104
f 218/218 3565/3565 2346/2346
f 2346/2346 2190/2190 218/218
f 756/756 930/930 2190/2190
f 225/225 3565/3565 4067/4067
f 225/225 2346/2346 3565/3565
f 2346/2346 756/756 2190/2190
f 3971/3971 225/225 4067/4067
f 1690/1690 2298/2298 1359/1359
f 2298/2298 1690/1690 4067/4067
f 2821/2821 1359/1359 4348/4348
f 2370/2370 4349/4349 3547/3547
f 2932/2932 1690/1690 1359/1359
f 2932/2932 129/129 1690/1690
f 1690/1690 129/129 4067/4067
f 2822/2822 4349/4349 2370/2370
f 2932/2932 1359/1359 2821/2821
f 756/756 2155/2155 930/930
f 385/385 2155/2155 756/756
f 2346/2346 385/385 756/756
f 2515/2515 3852/3852 3772/3772
f 682/682 3772/3772 3852/3852
f 682/682 3770/3770 3772/3772
f 930/930 2155/2155 4260/4260
f 4260/4260 4001/4001 3852/3852
f 682/682 3852/3852 4001/4001
f 4260/4260 2155/2155 4001/4001
f 1747/1747 682/682 4001/4001
f 682/682 493/493 3770/3770
f 4309/4309 611/611 2252/2252
f 4364/4364 3064/3064 4309/4309
f 4005/4005 4309/4309 3064/3064
f 3064/3064 695/695 4005/4005
f 3064/3064 114/114 695/695
f 114/114 3832/3832 695/695
f 3832/3832 114/114 1546/1546
f 3064/3064 4364/4364 114/114
f 4067/4067 129/129 3971/3971
f 2932/2932 976/976 129/129
f 1790/1790 2822/2822 2370/2370
f 225/225 2698/2698 2346/2346
f 549/549 385/385 2346/2346
f 3953/3953 225/225 3971/3971
f 3953/3953 3971/3971 129/129
f 2698/2698 225/225 3953/3953
f 2346/2346 2698/2698 549/549
f 976/976 2932/2932 2821/2821
f 3132/3132 2155/2155 385/385
f 3132/3132 2065/2065 2155/2155
f 2065/2065 4001/4001 2155/2155
f 2065/2065 1747/1747 4001/4001
f 1747/1747 493/493 682/682
f 129/129 976/976 836/836
f 129/129 3285/3285 3953/3953
f 836/836 3285/3285 129/129
f 836/836 976/976 2821/2821
f 2822/2822 1790/1790 1847/1847
f 836/836 2821/2821 1846/1846
f 1655/1655 2698/2698 3953/3953
f 549/549 2698/2698 1655/1655
f 1660/1660 3132/3132 385/385
f 1660/1660 385/385 549/549
f 3285/3285 836/836 4205/4205
f 2780/2780 4205/4205 836/836
f 836/836 1846/1846 2780/2780
f 222/222 549/549 1655/1655
f 2288/2288 1655/1655 3285/3285
f 2288/2288 222/222 1655/1655
f 3285/3285 1655/1655 3953/3953
f 949/949 549/549 222/222
f 949/949 1660/1660 549/549
f 3285/3285 1488/1488 2288/2288
f 4205/4205 1488/1488 3285/3285
f 4066/4066 222/222 2288/2288
f 327/327 4066/4066 2288/2288
f 4066/4066 3135/3135 222/222
f 2288/2288 1488/1488 327/327
f 1488/1488 4205/4205 2780/2780
f 327/327 1488/1488 386/386
f 386/386 1488/1488 2780/2780
f 2656/2656 327/327 386/386
f 4314/4314 3770/3770 493/493
f 38/38 2065/2065 2418/2418
f 3132/3132 2418/2418 2065/2065
f 38/38 1747/1747 2065/2065
f 3795/3795 1747/1747 38/38
f 1747/1747 4314/4314 493/493
f 4314/4314 1747/1747 3795/3795
f 38/38 2139/2139 3795/3795
f 3179/3179 3132/3132 1660/1660
f 3179/3179 2418/2418 3132/3132
f 1934/1934 2139/2139 2418/2418
f 3179/3179 1934/1934 2418/2418
f 1934/1934 3179/3179 1677/1677
f 2139/2139 38/38 2418/2418
f 2843/2843 1660/1660 949/949
f 2843/2843 949/949 222/222
f 1660/1660 1677/1677 3179/3179
f 2843/2843 3225/3225 1660/1660
f 3225/3225 1677/1677 1660/1660
f 3630/3630 1934/1934 1677/1677
f 2896/2896 2139/2139 1444/1444
f 1934/1934 1444/1444 2139/2139
f 1908/1908 1444/1444 1934/1934
f 3630/3630 1908/1908 1934/1934
f 387/387 4237/4237 2655/2655
f 3237/3237 4066/4066 3197/3197
f 3197/3197 4066/4066 327/327
f 3197/3197 327/327 2656/2656
f 4066/4066 3908/3908 3135/3135
f 3237/3237 3908/3908 4066/4066
f 522/522 3237/3237 3197/3197
f 1588/1588 3197/3197 2656/2656
f 522/522 3197/3197 1588/1588
f 2753/2753 3237/3237 522/522
f 4301/4301 3237/3237 2753/2753
f 4301/4301 3908/3908 3237/3237
f 2392/2392 2753/2753 522/522
f 905/905 2753/2753 2392/2392
f 905/905 4301/4301 2753/2753
f 1441/1441 4301/4301 905/905
f 3751/3751 1441/1441 905/905
f 657/657 3740/3740 3751/3751
f 3751/3751 2907/2907 657/657
f 222/222 3135/3135 2843/2843
f 232/232 1677/1677 3225/3225
f 232/232 3630/3630 1677/1677
f 1908/1908 1469/1469 1444/1444
f 520/520 1908/1908 3630/3630
f 166/166 3630/3630 232/232
f 166/166 520/520 3630/3630
f 2115/2115 1908/1908 520/520
f 2115/2115 1469/1469 1908/1908
f 3488/3488 1469/1469 2115/2115
f 525/525 2843/2843 3135/3135
f 3135/3135 3908/3908 525/525
f 232/232 3225/3225 2843/2843
f 2556/2556 232/232 2843/2843
f 166/166 232/232 2556/2556
f 4301/4301 525/525 3908/3908
f 4038/4038 166/166 2556/2556
f 3740/3740 2556/2556 2843/2843
f 2477/2477 520/520 166/166
f 4038/4038 2477/2477 166/166
f 2477/2477 2115/2115 520/520
f 525/525 4301/4301 1441/1441
f 3740/3740 2843/2843 525/525
f 1441/1441 3740/3740 525/525
f 4038/4038 2556/2556 4374/4374
f 3751/3751 3740/3740 1441/1441
f 4374/4374 2556/2556 3740/3740
f 3216/3216 4038/4038 4374/4374
f 1351/1351 2477/2477 4038/4038
f 4038/4038 3216/3216 1351/1351
f 3216/3216 4374/4374 3740/3740
f 3879/3879 3216/3216 3740/3740
f 3879/3879 3740/3740 657/657
f 1537/1537 977/977 1372/1372
f 1075/1075 1537/1537 1372/1372
f 4159/4159 2408/2408 4238/4238
f 4159/4159 4238/4238 974/974
f 977/977 1537/1537 4238/4238
f 4238/4238 1537/1537 1600/1600
f 992/992 4159/4159 974/974
f 1600/1600 974/974 4238/4238
f 974/974 1600/1600 2487/2487
f 1075/1075 82/82 1537/1537
f 2130/2130 82/82 4138/4138
f 82/82 183/183 1537/1537
f 1600/1600 1537/1537 183/183
f 1600/1600 1645/1645 2487/2487
f 1645/1645 1600/1600 183/183
f 2130/2130 183/183 82/82
f 144/144 183/183 2130/2130
f 276/276 351/351 3491/3491
f 4138/4138 351/351 276/276
f 351/351 3112/3112 3491/3491
f 1031/1031 3491/3491 3112/3112
f 7/7 4138/4138 276/276
f 7/7 276/276 3491/3491
f 4138/4138 7/7 2130/2130
f 629/629 1031/1031 2427/2427
f 1031/1031 629/629 3491/3491
f 7/7 3491/3491 629/629
f 629/629 290/290 7/7
f 2998/2998 629/629 2427/2427
f 3775/3775 1091/1091 1303/1303
f 3861/3861 1091/1091 3775/3775
f 3775/3775 1303/1303 3699/3699
f 3699/3699 1303/1303 270/270
f 2319/2319 992/992 974/974
f 238/238 992/992 2319/2319
f 453/453 270/270 2129/2129
f 2319/2319 974/974 2487/2487
f 238/238 453/453 2129/2129
f 4245/4245 2319/2319 2487/2487
f 1959/1959 3861/3861 1648/1648
f 1841/1841 1959/1959 1648/1648
f 3699/3699 3477/3477 3775/3775
f 3699/3699 270/270 3477/3477
f 3045/3045 3861/3861 3775/3775
f 2588/2588 3775/3775 3477/3477
f 3045/3045 3775/3775 2588/2588
f 3477/3477 270/270 3231/3231
f 3231/3231 270/270 453/453
f 1648/1648 3861/3861 3045/3045
f 380/380 1841/1841 1648/1648
f 3637/3637 380/380 1648/1648
f 1648/1648 3045/3045 3637/3637
f 2273/2273 4107/4107 3477/3477
f 3706/3706 2273/2273 648/648
f 648/648 2273/2273 3477/3477
f 2273/2273 3706/3706 1001/1001
f 1909/1909 3706/3706 648/648
f 1001/1001 3706/3706 1909/1909
f 1001/1001 1909/1909 2797/2797
f 2164/2164 2205/2205 1909/1909
f 648/648 2164/2164 1909/1909
f 2797/2797 1909/1909 2205/2205
f 2164/2164 648/648 3785/3785
f 4245/4245 2487/2487 1645/1645
f 1645/1645 183/183 144/144
f 238/238 2319/2319 4245/4245
f 971/971 4245/4245 1645/1645
f 144/144 2130/2130 860/860
f 971/971 1645/1645 144/144
f 2588/2588 3477/3477 4107/4107
f 2273/2273 2588/2588 4107/4107
f 3045/3045 2588/2588 2273/2273
f 2273/2273 1001/1001 3045/3045
f 648/648 3477/3477 3231/3231
f 4245/4245 3094/3094 238/238
f 238/238 3094/3094 453/453
f 971/971 3094/3094 4245/4245
f 3094/3094 971/971 903/903
f 971/971 144/144 860/860
f 648/648 3231/3231 3785/3785
f 1076/1076 3785/3785 3231/3231
f 453/453 1076/1076 3231/3231
f 453/453 3094/3094 903/903
f 453/453 3602/3602 1076/1076
f 453/453 903/903 3602/3602
f 1853/1853 2367/2367 1604/1604
f 2367/2367 1624/1624 4073/4073
f 1853/1853 1624/1624 2367/2367
f 1624/1624 3451/3451 4073/4073
f 1853/1853 388/388 1624/1624
f 388/388 3451/3451 1624/1624
f 388/388 4294/4294 3451/3451
f 1604/1604 1841/1841 380/380
f 1604/1604 380/380 1853/1853
f 380/380 3637/3637 1829/1829
f 380/380 1829/1829 1853/1853
f 575/575 1853/1853 1829/1829
f 575/575 1829/1829 3637/3637
f 3637/3637 1001/1001 2645/2645
f 2645/2645 1001/1001 2797/2797
f 1304/1304 3637/3637 2645/2645
f 2797/2797 2205/2205 3588/3588
f 3637/3637 1304/1304 575/575
f 723/723 1304/1304 2645/2645
f 575/575 388/388 1853/1853
f 575/575 4156/4156 388/388
f 4156/4156 4294/4294 388/388
f 4294/4294 4156/4156 938/938
f 938/938 4156/4156 3343/3343
f 938/938 3343/3343 1053/1053
f 4156/4156 575/575 1304/1304
f 3343/3343 1304/1304 723/723
f 4156/4156 1304/1304 3343/3343
f 3637/3637 3045/3045 1001/1001
f 2679/2679 2806/2806 3307/3307
f 914/914 1988/1988 2679/2679
f 750/750 509/509 914/914
f 750/750 2578/2578 509/509
f 750/750 1110/1110 2578/2578
f 257/257 1861/1861 1110/1110
f 1110/1110 1861/1861 2578/2578
f 3193/3193 4069/4069 923/923
f 2708/2708 1447/1447 3919/3919
f 3291/3291 1838/1838 3439/3439
f 3439/3439 1838/1838 3193/3193
f 1838/1838 4069/4069 3193/3193
f 3291/3291 643/643 3191/3191
f 643/643 3291/3291 3439/3439
f 2679/2679 3011/3011 914/914
f 3011/3011 2679/2679 1838/1838
f 3011/3011 1838/1838 3291/3291
f 3291/3291 3191/3191 3011/3011
f 4069/4069 1838/1838 2679/2679
f 2679/2679 3364/3364 4069/4069
f 914/914 3011/3011 3191/3191
f 914/914 3191/3191 1388/1388
f 1388/1388 750/750 914/914
f 1388/1388 1110/1110 750/750
f 4069/4069 3364/3364 1745/1745
f 3364/3364 533/533 1745/1745
f 533/533 3364/3364 326/326
f 533/533 326/326 2386/2386
f 3426/3426 2386/2386 326/326
f 4129/4129 1253/1253 2708/2708
f 85/85 2386/2386 3642/3642
f 4129/4129 2708/2708 2100/2100
f 4129/4129 85/85 3642/3642
f 1430/1430 290/290 880/880
f 4216/4216 664/664 1430/1430
f 860/860 2130/2130 290/290
f 60/60 860/860 290/290
f 290/290 2130/2130 7/7
f 971/971 60/60 979/979
f 971/971 860/860 60/60
f 903/903 971/971 979/979
f 3487/3487 903/903 979/979
f 3602/3602 903/903 3487/3487
f 664/664 979/979 60/60
f 664/664 60/60 1430/1430
f 1430/1430 60/60 290/290
f 4097/4097 880/880 2998/2998
f 880/880 629/629 2998/2998
f 299/299 1430/1430 880/880
f 3017/3017 1430/1430 299/299
f 1815/1815 299/299 880/880
f 1815/1815 880/880 4097/4097
f 880/880 290/290 629/629
f 2852/2852 2616/2616 3588/3588
f 3655/3655 3588/3588 3754/3754
f 3754/3754 3588/3588 2616/2616
f 2806/2806 2616/2616 2852/2852
f 3655/3655 3754/3754 1264/1264
f 2806/2806 2852/2852 1996/1996
f 3588/3588 2205/2205 2852/2852
f 2852/2852 2205/2205 2164/2164
f 3785/3785 2852/2852 2164/2164
f 3655/3655 2797/2797 3588/3588
f 2645/2645 2797/2797 3655/3655
f 2447/2447 3785/3785 1076/1076
f 2447/2447 1076/1076 3602/3602
f 2852/2852 3785/3785 2447/2447
f 723/723 2645/2645 3655/3655
f 2852/2852 2447/2447 1996/1996
f 1988/1988 2616/2616 2806/2806
f 3754/3754 2616/2616 1988/1988
f 509/509 3754/3754 1988/1988
f 1988/1988 2806/2806 2679/2679
f 509/509 1264/1264 3754/3754
f 2806/2806 1996/1996 3307/3307
f 3307/3307 1996/1996 3364/3364
f 4216/4216 1430/1430 3017/3017
f 3487/3487 664/664 4216/4216
f 3426/3426 2447/2447 3602/3602
f 3487/3487 3426/3426 3602/3602
f 3426/3426 3487/3487 3899/3899
f 3899/3899 3487/3487 4216/4216
f 723/723 1264/1264 4133/4133
f 723/723 3655/3655 1264/1264
f 792/792 723/723 4133/4133
f 1053/1053 792/792 3182/3182
f 3343/3343 723/723 1053/1053
f 723/723 792/792 1053/1053
f 2578/2578 1264/1264 509/509
f 4133/4133 1264/1264 2578/2578
f 509/509 1988/1988 914/914
f 2679/2679 3307/3307 3364/3364
f 326/326 1996/1996 2447/2447
f 3364/3364 1996/1996 326/326
f 792/792 4133/4133 2578/2578
f 1861/1861 792/792 2578/2578
f 326/326 2447/2447 3426/3426
f 3487/3487 979/979 664/664
f 3992/3992 3017/3017 299/299
f 1815/1815 3992/3992 299/299
f 4216/4216 3992/3992 1253/1253
f 4216/4216 3017/3017 3992/3992
f 2820/2820 3899/3899 4216/4216
f 3992/3992 1815/1815 1447/1447
f 1447/1447 1815/1815 2465/2465
f 2708/2708 3992/3992 1447/1447
f 1253/1253 3992/3992 2708/2708
f 3426/3426 2820/2820 3642/3642
f 2820/2820 4216/4216 1253/1253
f 1253/1253 3642/3642 2820/2820
f 3426/3426 3899/3899 2820/2820
f 3642/3642 1253/1253 4129/4129
f 2386/2386 3426/3426 3642/3642
f 4269/4269 3586/3586 2233/2233
f 2327/2327 2233/2233 2453/2453
f 2453/2453 3330/3330 3275/3275
f 2233/2233 3330/3330 2453/2453
f 1533/1533 3296/3296 621/621
f 3082/3082 1533/1533 405/405
f 3160/3160 3585/3585 1533/1533
f 143/143 4250/4250 1547/1547
f 4250/4250 143/143 2248/2248
f 1329/1329 2836/2836 1432/1432
f 727/727 1432/1432 917/917
f 3102/3102 729/729 3159/3159
f 3103/3103 3739/3739 3284/3284
f 1055/1055 3284/3284 3739/3739
f 2770/2770 3284/3284 1055/1055
f 2770/2770 1055/1055 1718/1718
f 1718/1718 4076/4076 2770/2770
f 4076/4076 1170/1170 2770/2770
f 4093/4093 1170/1170 4076/4076
f 4093/4093 1305/1305 588/588
f 1305/1305 1101/1101 1387/1387
f 2834/2834 1954/1954 1101/1101
f 2834/2834 1305/1305 4093/4093
f 2834/2834 4093/4093 1311/1311
f 1305/1305 2834/2834 1101/1101
f 143/143 3284/3284 2248/2248
f 2248/2248 3284/3284 582/582
f 1329/1329 2248/2248 2836/2836
f 3102/3102 142/142 729/729
f 143/143 3103/3103 3284/3284
f 1387/1387 2836/2836 582/582
f 2836/2836 2248/2248 582/582
f 2836/2836 1387/1387 917/917
f 1432/1432 2836/2836 917/917
f 582/582 3284/3284 1170/1170
f 1170/1170 3284/3284 2770/2770
f 1170/1170 588/588 582/582
f 4093/4093 588/588 1170/1170
f 1305/1305 582/582 588/588
f 1305/1305 1387/1387 582/582
f 2202/2202 4334/4334 3683/3683
f 727/727 2327/2327 454/454
f 917/917 2448/2448 727/727
f 3683/3683 4269/4269 2233/2233
f 3683/3683 2233/2233 2327/2327
f 2327/2327 727/727 3683/3683
f 727/727 2448/2448 3683/3683
f 3683/3683 2448/2448 2202/2202
f 4334/4334 4269/4269 3683/3683
f 2133/2133 31/31 2775/2775
f 3296/3296 672/672 621/621
f 31/31 672/672 2775/2775
f 2775/2775 1387/1387 1101/1101
f 2775/2775 672/672 3095/3095
f 2775/2775 3095/3095 1387/1387
f 1613/1613 2775/2775 1101/1101
f 3082/3082 424/424 4334/4334
f 3095/3095 2202/2202 2448/2448
f 672/672 2202/2202 3095/3095
f 3082/3082 4334/4334 2202/2202
f 3296/3296 1533/1533 2202/2202
f 3296/3296 2202/2202 672/672
f 1533/1533 3082/3082 2202/2202
f 2448/2448 917/917 3095/3095
f 1387/1387 3095/3095 917/917
f 1246/1246 1994/1994 3910/3910
f 3112/3112 674/674 3725/3725
f 1031/1031 3112/3112 3725/3725
f 354/354 3725/3725 4151/4151
f 2427/2427 1031/1031 354/354
f 1031/1031 3725/3725 354/354
f 3412/3412 354/354 4151/4151
f 4151/4151 3415/3415 3412/3412
f 3412/3412 3415/3415 2637/2637
f 2692/2692 4151/4151 3725/3725
f 4151/4151 2692/2692 772/772
f 4151/4151 772/772 3415/3415
f 3415/3415 772/772 579/579
f 3360/3360 4062/4062 1138/1138
f 354/354 3360/3360 2427/2427
f 3360/3360 354/354 3412/3412
f 3360/3360 2998/2998 2427/2427
f 3360/3360 3412/3412 4062/4062
f 4062/4062 2637/2637 1994/1994
f 2637/2637 3910/3910 1994/1994
f 3412/3412 2637/2637 4062/4062
f 1138/1138 4062/4062 1994/1994
f 1201/1201 2992/2992 2435/2435
f 2637/2637 2435/2435 369/369
f 369/369 2435/2435 2992/2992
f 3865/3865 4362/4362 1384/1384
f 3401/3401 3865/3865 1384/1384
f 2992/2992 1201/1201 4362/4362
f 1201/1201 2435/2435 3917/3917
f 3865/3865 2992/2992 4362/4362
f 2992/2992 3865/3865 2771/2771
f 369/369 3910/3910 2637/2637
f 2762/2762 3910/3910 369/369
f 2992/2992 2675/2675 369/369
f 2762/2762 369/369 2675/2675
f 1246/1246 3910/3910 2762/2762
f 2762/2762 2675/2675 2224/2224
f 3586/3586 2771/2771 3401/3401
f 2675/2675 2771/2771 3586/3586
f 1429/1429 3330/3330 3401/3401
f 3401/3401 2771/2771 3865/3865
f 3586/3586 2224/2224 2675/2675
f 4029/4029 2224/2224 3586/3586
f 3586/3586 3401/3401 3330/3330
f 3586/3586 3330/3330 2233/2233
f 2992/2992 2771/2771 2675/2675
f 4272/4272 579/579 3465/3465
f 3415/3415 579/579 4272/4272
f 4272/4272 3465/3465 2435/2435
f 2637/2637 4272/4272 2435/2435
f 3415/3415 4272/4272 2637/2637
f 322/322 3250/3250 2465/2465
f 2434/2434 1246/1246 1886/1886
f 2434/2434 1994/1994 1246/1246
f 2211/2211 1246/1246 2423/2423
f 1886/1886 691/691 3250/3250
f 3250/3250 2434/2434 1886/1886
f 691/691 1886/1886 2211/2211
f 1246/1246 2211/2211 1886/1886
f 2685/2685 896/896 691/691
f 2685/2685 691/691 3585/3585
f 2307/2307 17/17 2685/2685
f 17/17 3919/3919 2685/2685
f 3585/3585 2307/2307 2685/2685
f 1447/1447 2465/2465 3919/3919
f 896/896 3919/3919 2465/2465
f 3250/3250 691/691 896/896
f 896/896 2465/2465 3250/3250
f 2100/2100 3919/3919 17/17
f 2100/2100 17/17 3951/3951
f 2100/2100 2708/2708 3919/3919
f 4129/4129 2100/2100 3951/3951
f 3951/3951 85/85 4129/4129
f 2685/2685 3919/3919 896/896
f 3585/3585 691/691 2211/2211
f 405/405 3585/3585 2211/2211
f 3585/3585 405/405 1533/1533
f 4097/4097 3360/3360 1138/1138
f 3360/3360 4097/4097 2998/2998
f 322/322 4097/4097 1138/1138
f 2434/2434 322/322 1138/1138
f 2465/2465 4097/4097 322/322
f 4097/4097 2465/2465 1815/1815
f 3250/3250 322/322 2434/2434
f 1138/1138 1994/1994 2434/2434
f 2423/2423 2224/2224 1328/1328
f 1328/1328 4029/4029 424/424
f 4269/4269 424/424 4029/4029
f 1328/1328 2224/2224 4029/4029
f 424/424 405/405 1328/1328
f 1328/1328 2211/2211 2423/2423
f 4269/4269 4334/4334 424/424
f 2423/2423 2762/2762 2224/2224
f 2423/2423 1246/1246 2762/2762
f 4269/4269 4029/4029 3586/3586
f 424/424 3082/3082 405/405
f 2211/2211 1328/1328 405/405
f 3628/3628 2522/2522 3708/3708
f 3628/3628 1036/1036 3113/3113
f 1036/1036 3628/3628 3708/3708
f 3374/3374 3113/3113 1036/1036
f 3374/3374 2977/2977 3113/3113
f 3579/3579 3374/3374 208/208
f 1785/1785 3374/3374 3579/3579
f 3440/3440 1015/1015 4224/4224
f 4224/4224 3531/3531 3505/3505
f 3505/3505 3440/3440 4224/4224
f 3129/3129 4224/4224 2554/2554
f 3152/3152 716/716 937/937
f 3184/3184 4051/4051 2883/2883
f 1392/1392 2883/2883 4051/4051
f 2262/2262 1403/1403 3121/3121
f 1403/1403 513/513 3121/3121
f 3531/3531 3121/3121 513/513
f 4051/4051 3121/3121 3531/3531
f 3816/3816 4051/4051 3531/3531
f 1095/1095 834/834 2262/2262
f 2262/2262 3121/3121 4051/4051
f 3129/3129 3816/3816 3531/3531
f 3816/3816 1392/1392 4051/4051
f 3184/3184 2262/2262 4051/4051
f 3129/3129 1154/1154 3816/3816
f 1154/1154 4075/4075 3816/3816
f 3531/3531 4224/4224 3129/3129
f 1154/1154 3129/3129 2554/2554
f 2038/2038 834/834 1095/1095
f 195/195 834/834 2038/2038
f 599/599 834/834 195/195
f 3184/3184 1095/1095 2262/2262
f 2038/2038 1095/1095 539/539
f 539/539 3682/3682 2038/2038
f 195/195 2038/2038 3682/3682
f 1392/1392 1658/1658 2883/2883
f 3184/3184 2883/2883 1658/1658
f 1392/1392 4104/4104 1658/1658
f 1658/1658 1576/1576 3184/3184
f 1095/1095 3184/3184 1576/1576
f 364/364 539/539 1095/1095
f 1095/1095 1576/1576 364/364
f 1658/1658 2013/2013 1576/1576
f 1576/1576 2013/2013 3309/3309
f 3309/3309 2013/2013 3836/3836
f 1980/1980 364/364 1576/1576
f 4104/4104 2013/2013 1658/1658
f 2887/2887 3836/3836 4104/4104
f 1740/1740 3836/3836 2887/2887
f 3836/3836 2013/2013 4104/4104
f 3816/3816 4075/4075 1392/1392
f 3152/3152 1154/1154 2554/2554
f 1154/1154 3152/3152 937/937
f 937/937 2340/2340 1154/1154
f 2340/2340 3730/3730 1154/1154
f 937/937 1842/1842 2340/2340
f 1842/1842 937/937 3730/3730
f 3730/3730 2340/2340 757/757
f 2340/2340 1842/1842 757/757
f 1842/1842 3730/3730 757/757
f 4075/4075 4104/4104 1392/1392
f 2887/2887 4104/4104 4075/4075
f 1154/1154 2887/2887 4075/4075
f 2887/2887 1154/1154 3730/3730
f 2887/2887 3730/3730 1740/1740
f 4174/4174 2558/2558 303/303
f 732/732 3344/3344 2558/2558
f 1723/1723 170/170 4055/4055
f 235/235 170/170 3410/3410
f 3410/3410 170/170 1723/1723
f 2229/2229 780/780 4055/4055
f 3344/3344 780/780 2229/2229
f 780/780 4214/4214 4055/4055
f 2229/2229 303/303 2558/2558
f 3344/3344 2229/2229 2558/2558
f 4055/4055 4214/4214 1723/1723
f 3534/3534 4055/4055 2147/2147
f 2147/2147 4055/4055 170/170
f 3344/3344 4214/4214 780/780
f 4214/4214 3410/3410 1723/1723
f 3410/3410 4214/4214 3344/3344
f 3410/3410 3344/3344 2646/2646
f 2646/2646 235/235 3410/3410
f 3860/3860 2646/2646 3344/3344
f 1308/1308 3614/3614 3344/3344
f 3860/3860 3344/3344 3614/3614
f 417/417 4013/4013 2134/2134
f 3609/3609 1785/1785 3579/3579
f 3579/3579 553/553 3609/3609
f 3579/3579 3496/3496 553/553
f 553/553 3496/3496 1922/1922
f 3609/3609 553/553 1856/1856
f 1856/1856 4013/4013 3609/3609
f 1856/1856 2134/2134 4013/4013
f 1922/1922 1856/1856 553/553
f 1922/1922 1662/1662 1856/1856
f 1922/1922 2403/2403 1662/1662
f 1576/1576 3309/3309 302/302
f 3309/3309 3836/3836 1635/1635
f 302/302 3309/3309 4175/4175
f 1635/1635 4175/4175 3309/3309
f 2766/2766 2906/2906 3786/3786
f 1740/1740 1635/1635 3836/3836
f 1635/1635 1740/1740 2906/2906
f 3786/3786 2906/2906 1740/1740
f 4175/4175 1635/1635 733/733
f 2906/2906 733/733 1635/1635
f 732/732 2558/2558 4174/4174
f 592/592 733/733 2906/2906
f 2020/2020 592/592 2766/2766
f 2766/2766 3807/3807 2020/2020
f 2766/2766 592/592 2906/2906
f 3227/3227 3730/3730 937/937
f 3786/3786 3227/3227 3807/3807
f 417/417 3227/3227 937/937
f 417/417 2134/2134 3227/3227
f 3807/3807 2766/2766 3786/3786
f 2134/2134 3807/3807 3227/3227
f 1740/1740 3730/3730 3786/3786
f 3730/3730 3227/3227 3786/3786
f 1662/1662 2310/2310 3807/3807
f 2020/2020 3807/3807 2310/2310
f 2310/2310 1662/1662 2403/2403
f 2402/2402 3240/3240 2311/2311
f 1308/1308 3344/3344 732/732
f 591/591 1308/1308 732/732
f 4134/4134 1308/1308 591/591
f 591/591 2021/2021 4134/4134
f 4134/4134 2021/2021 2311/2311
f 3240/3240 4134/4134 2311/2311
f 1308/1308 4134/4134 3614/3614
f 1856/1856 1662/1662 2134/2134
f 3807/3807 2134/2134 1662/1662
f 802/802 2186/2186 1787/1787
f 185/185 802/802 1787/1787
f 1983/1983 185/185 1787/1787
f 802/802 185/185 462/462
f 570/570 3889/3889 462/462
f 570/570 462/462 4108/4108
f 2763/2763 185/185 1983/1983
f 1787/1787 1789/1789 1983/1983
f 1789/1789 1787/1787 2534/2534
f 2534/2534 693/693 1947/1947
f 1789/1789 2534/2534 812/812
f 1983/1983 1789/1789 2763/2763
f 4108/4108 462/462 185/185
f 4108/4108 185/185 2763/2763
f 4108/4108 4282/4282 570/570
f 4282/4282 4108/4108 32/32
f 652/652 4108/4108 2763/2763
f 4108/4108 652/652 32/32
f 32/32 652/652 3232/3232
f 2763/2763 147/147 2235/2235
f 812/812 2207/2207 1789/1789
f 147/147 2763/2763 1789/1789
f 1789/1789 2207/2207 147/147
f 652/652 2763/2763 2235/2235
f 652/652 2235/2235 3232/3232
f 4042/4042 147/147 2207/2207
f 147/147 4042/4042 2235/2235
f 812/812 2534/2534 2222/2222
f 2222/2222 2534/2534 1947/1947
f 2222/2222 1947/1947 3628/3628
f 2207/2207 812/812 2222/2222
f 3628/3628 3113/3113 2222/2222
f 3113/3113 2977/2977 2222/2222
f 2222/2222 2977/2977 2207/2207
f 2207/2207 2977/2977 1785/1785
f 2977/2977 3374/3374 1785/1785
f 2207/2207 1785/1785 3177/3177
f 4282/4282 32/32 1015/1015
f 4282/4282 1015/1015 3440/3440
f 1015/1015 32/32 3232/3232
f 1015/1015 2554/2554 4224/4224
f 3152/3152 2554/2554 1015/1015
f 3232/3232 2235/2235 33/33
f 4042/4042 33/33 2235/2235
f 4042/4042 3177/3177 33/33
f 3152/3152 1015/1015 3232/3232
f 3152/3152 3232/3232 716/716
f 3232/3232 33/33 716/716
f 417/417 716/716 33/33
f 417/417 937/937 716/716
f 967/967 599/599 195/195
f 4305/4305 2635/2635 337/337
f 3597/3597 2635/2635 967/967
f 3597/3597 337/337 2635/2635
f 195/195 3597/3597 967/967
f 3177/3177 4042/4042 2207/2207
f 3177/3177 1785/1785 3609/3609
f 3609/3609 4013/4013 3177/3177
f 33/33 3177/3177 4013/4013
f 33/33 4013/4013 417/417
f 227/227 116/116 962/962
f 116/116 2203/2203 394/394
f 394/394 962/962 116/116
f 3153/3153 487/487 2401/2401
f 962/962 394/394 1022/1022
f 593/593 962/962 1022/1022
f 4286/4286 1022/1022 487/487
f 3153/3153 4286/4286 487/487
f 3709/3709 227/227 1035/1035
f 1496/1496 1035/1035 227/227
f 227/227 962/962 1496/1496
f 1496/1496 962/962 593/593
f 1035/1035 1496/1496 207/207
f 3736/3736 207/207 1496/1496
f 207/207 3736/3736 3495/3495
f 1496/1496 593/593 3736/3736
f 3374/3374 1036/1036 208/208
f 3736/3736 593/593 3890/3890
f 593/593 1022/1022 3890/3890
f 4286/4286 3890/3890 1022/1022
f 3451/3451 394/394 4275/4275
f 2077/2077 394/394 3451/3451
f 4275/4275 394/394 2203/2203
f 2077/2077 3451/3451 4294/4294
f 2077/2077 4294/4294 487/487
f 4294/4294 938/938 487/487
f 1022/1022 394/394 2077/2077
f 1022/1022 2077/2077 487/487
f 487/487 938/938 2401/2401
f 2401/2401 938/938 1053/1053
f 2097/2097 1080/1080 59/59
f 2097/2097 59/59 4330/4330
f 1861/1861 3182/3182 792/792
f 257/257 3182/3182 1861/1861
f 3187/3187 257/257 1110/1110
f 3651/3651 2401/2401 257/257
f 2401/2401 3182/3182 257/257
f 1080/1080 3890/3890 4286/4286
f 1080/1080 4286/4286 3651/3651
f 3651/3651 4286/4286 3153/3153
f 3153/3153 2401/2401 3651/3651
f 3651/3651 4372/4372 59/59
f 59/59 1080/1080 3651/3651
f 2701/2701 3439/3439 1680/1680
f 551/551 2701/2701 1680/1680
f 2147/2147 1680/1680 3439/3439
f 551/551 1680/1680 235/235
f 235/235 1680/1680 170/170
f 551/551 235/235 4296/4296
f 2646/2646 4296/4296 235/235
f 1680/1680 2147/2147 170/170
f 2147/2147 923/923 561/561
f 3193/3193 2147/2147 3439/3439
f 3439/3439 2701/2701 643/643
f 2147/2147 3193/3193 923/923
f 643/643 2701/2701 3509/3509
f 643/643 3509/3509 3482/3482
f 3482/3482 3509/3509 881/881
f 4296/4296 2701/2701 551/551
f 3509/3509 2701/2701 4296/4296
f 3074/3074 881/881 3509/3509
f 923/923 3611/3611 561/561
f 2210/2210 923/923 1745/1745
f 3611/3611 923/923 2210/2210
f 59/59 4372/4372 4330/4330
f 4330/4330 4372/4372 1509/1509
f 1509/1509 3049/3049 4330/4330
f 3049/3049 3593/3593 3860/3860
f 3860/3860 4296/4296 2646/2646
f 3860/3860 3593/3593 4296/4296
f 3049/3049 3240/3240 4330/4330
f 4134/4134 3049/3049 3614/3614
f 3860/3860 3614/3614 3049/3049
f 3593/3593 3074/3074 3509/3509
f 1509/1509 3074/3074 3593/3593
f 3593/3593 3509/3509 4296/4296
f 1509/1509 3593/3593 3049/3049
f 3482/3482 3191/3191 643/643
f 881/881 3191/3191 3482/3482
f 881/881 1388/1388 3191/3191
f 881/881 1380/1380 1388/1388
f 881/881 3074/3074 1380/1380
f 3187/3187 1380/1380 3074/3074
f 4372/4372 3074/3074 1509/1509
f 257/257 3187/3187 4372/4372
f 3651/3651 257/257 4372/4372
f 4372/4372 3187/3187 3074/3074
f 1388/1388 1380/1380 1110/1110
f 1380/1380 3187/3187 1110/1110
f 923/923 4069/4069 1745/1745
f 2210/2210 1745/1745 533/533
f 3495/3495 446/446 1921/1921
f 1921/1921 446/446 2204/2204
f 3890/3890 1080/1080 446/446
f 3736/3736 446/446 3495/3495
f 446/446 3736/3736 3890/3890
f 2204/2204 2402/2402 1921/1921
f 2402/2402 2204/2204 2097/2097
f 446/446 1080/1080 2204/2204
f 2097/2097 2204/2204 1080/1080
f 3579/3579 208/208 3496/3496
f 4330/4330 3240/3240 2097/2097
f 2097/2097 3240/3240 2402/2402
f 4134/4134 3240/3240 3049/3049
f 1053/1053 3182/3182 2401/2401
f 3402/3402 3077/3077 2482/2482
f 3077/3077 2875/2875 704/704
f 4084/4084 2571/2571 1209/1209
f 4084/4084 1123/1123 2571/2571
f 3402/3402 1209/1209 4302/4302
f 3402/3402 2482/2482 1209/1209
f 3117/3117 4302/4302 1209/1209
f 122/122 1123/1123 4084/4084
f 704/704 122/122 4084/4084
f 122/122 704/704 1728/1728
f 4084/4084 1209/1209 2482/2482
f 704/704 4084/4084 2482/2482
f 3077/3077 704/704 2482/2482
f 704/704 2875/2875 3434/3434
f 846/846 3434/3434 2875/2875
f 704/704 3434/3434 1728/1728
f 3036/3036 1729/1729 3435/3435
f 3036/3036 3435/3435 626/626
f 4162/4162 2874/2874 2158/2158
f 4164/4164 846/846 2875/2875
f 2874/2874 3078/3078 2363/2363
f 2874/2874 2363/2363 2158/2158
f 2158/2158 2363/2363 3552/3552
f 3078/3078 3280/3280 2331/2331
f 2331/2331 754/754 3078/3078
f 2363/2363 3078/3078 754/754
f 4323/4323 3552/3552 2363/2363
f 754/754 4323/4323 2363/2363
f 2331/2331 2449/2449 754/754
f 4323/4323 754/754 3023/3023
f 3023/3023 754/754 2449/2449
f 1182/1182 4324/4324 1438/1438
f 2137/2137 1182/1182 1438/1438
f 2399/2399 2137/2137 1438/1438
f 1215/1215 2366/2366 2162/2162
f 2162/2162 2366/2366 98/98
f 98/98 3378/3378 639/639
f 987/987 2162/2162 98/98
f 2995/2995 2366/2366 1215/1215
f 173/173 2366/2366 2995/2995
f 1416/1416 634/634 173/173
f 3378/3378 2366/2366 173/173
f 195/195 3682/3682 3597/3597
f 634/634 3378/3378 173/173
f 3378/3378 634/634 1481/1481
f 634/634 337/337 1481/1481
f 337/337 628/628 1481/1481
f 98/98 2366/2366 3378/3378
f 1427/1427 364/364 1980/1980
f 539/539 364/364 1065/1065
f 2818/2818 539/539 1065/1065
f 3085/3085 2818/2818 1065/1065
f 1065/1065 364/364 1427/1427
f 3085/3085 1065/1065 1427/1427
f 987/987 98/98 639/639
f 640/640 3280/3280 988/988
f 640/640 4378/4378 3280/3280
f 1806/1806 4378/4378 2275/2275
f 3682/3682 539/539 2818/2818
f 2818/2818 1297/1297 3682/3682
f 3597/3597 3682/3682 1297/1297
f 628/628 337/337 3597/3597
f 2391/2391 628/628 3597/3597
f 2391/2391 3597/3597 1297/1297
f 628/628 2391/2391 203/203
f 2818/2818 3085/3085 1297/1297
f 1297/1297 3085/3085 466/466
f 1297/1297 466/466 2391/2391
f 2391/2391 466/466 203/203
f 1481/1481 639/639 3378/3378
f 2274/2274 639/639 1481/1481
f 203/203 1481/1481 628/628
f 203/203 2274/2274 1481/1481
f 2505/2505 1806/1806 2275/2275
f 2274/2274 203/203 2504/2504
f 466/466 2504/2504 203/203
f 4302/4302 1215/1215 2162/2162
f 2162/2162 3402/3402 4302/4302
f 3402/3402 2162/2162 987/987
f 3077/3077 3402/3402 987/987
f 2829/2829 3435/3435 845/845
f 2829/2829 626/626 3435/3435
f 626/626 2829/2829 2016/2016
f 2016/2016 2476/2476 626/626
f 2476/2476 3036/3036 626/626
f 2829/2829 1288/1288 2016/2016
f 2062/2062 2476/2476 2016/2016
f 2062/2062 3036/3036 2476/2476
f 2658/2658 3036/3036 2062/2062
f 842/842 2062/2062 2016/2016
f 2747/2747 2062/2062 842/842
f 2747/2747 2658/2658 2062/2062
f 2658/2658 2747/2747 1631/1631
f 2178/2178 1631/1631 2747/2747
f 1540/1540 4163/4163 3799/3799
f 3799/3799 4163/4163 2157/2157
f 3799/3799 1840/1840 1540/1540
f 3553/3553 3799/3799 2157/2157
f 1840/1840 3799/3799 3452/3452
f 3553/3553 3452/3452 3799/3799
f 1840/1840 1288/1288 1540/1540
f 1840/1840 400/400 1288/1288
f 400/400 1840/1840 3742/3742
f 3078/3078 988/988 3280/3280
f 4324/4324 3452/3452 3553/3553
f 3452/3452 4324/4324 1182/1182
f 1840/1840 3452/3452 2137/2137
f 1840/1840 2137/2137 3742/3742
f 2829/2829 845/845 4163/4163
f 1540/1540 2829/2829 4163/4163
f 1288/1288 2829/2829 1540/1540
f 2137/2137 3452/3452 1182/1182
f 2937/2937 400/400 3742/3742
f 1167/1167 1288/1288 400/400
f 1167/1167 400/400 598/598
f 598/598 400/400 2937/2937
f 3742/3742 25/25 2937/2937
f 1850/1850 2937/2937 25/25
f 842/842 1288/1288 1167/1167
f 2016/2016 1288/1288 842/842
f 886/886 1631/1631 2178/2178
f 1979/1979 303/303 3534/3534
f 4376/4376 1979/1979 3534/3534
f 396/396 1549/1549 2260/2260
f 1761/1761 2307/2307 3160/3160
f 303/303 2229/2229 4055/4055
f 3534/3534 303/303 4055/4055
f 4376/4376 3534/3534 2661/2661
f 2179/2179 4376/4376 2661/2661
f 2147/2147 2661/2661 3534/3534
f 2179/2179 2661/2661 2094/2094
f 2179/2179 2094/2094 4046/4046
f 630/630 4046/4046 1281/1281
f 396/396 372/372 3057/3057
f 372/372 1761/1761 3057/3057
f 396/396 3057/3057 1549/1549
f 3302/3302 372/372 396/396
f 396/396 2260/2260 3302/3302
f 1761/1761 372/372 2803/2803
f 3302/3302 2803/2803 372/372
f 878/878 2803/2803 3302/3302
f 3295/3295 630/630 1875/1875
f 1875/1875 630/630 1281/1281
f 1875/1875 878/878 3295/3295
f 3302/3302 2260/2260 3295/3295
f 3302/3302 3295/3295 878/878
f 355/355 2133/2133 3454/3454
f 621/621 3137/3137 2110/2110
f 31/31 3137/3137 621/621
f 434/434 2449/2449 3137/3137
f 2331/2331 3280/3280 2449/2449
f 3280/3280 2110/2110 2449/2449
f 2449/2449 434/434 3023/3023
f 3137/3137 2449/2449 2110/2110
f 2110/2110 3280/3280 2639/2639
f 2132/2132 2110/2110 2639/2639
f 3280/3280 1549/1549 2639/2639
f 2639/2639 1549/1549 3057/3057
f 3988/3988 434/434 355/355
f 3988/3988 355/355 1437/1437
f 1437/1437 355/355 1463/1463
f 1437/1437 1463/1463 1046/1046
f 3137/3137 2133/2133 355/355
f 434/434 3137/3137 355/355
f 1463/1463 355/355 3454/3454
f 3454/3454 910/910 1046/1046
f 3454/3454 1046/1046 1463/1463
f 2123/2123 1046/1046 910/910
f 3988/3988 3023/3023 434/434
f 1437/1437 3023/3023 3988/3988
f 1437/1437 4323/4323 3023/3023
f 2399/2399 1438/1438 1047/1047
f 2122/2122 2972/2972 1047/1047
f 2972/2972 2122/2122 2812/2812
f 2812/2812 4136/4136 2972/2972
f 2132/2132 621/621 2110/2110
f 1533/1533 2132/2132 3160/3160
f 3160/3160 2132/2132 1761/1761
f 621/621 2132/2132 1533/1533
f 2132/2132 2639/2639 3057/3057
f 3057/3057 1761/1761 2132/2132
f 1576/1576 302/302 1980/1980
f 1426/1426 1979/1979 4376/4376
f 3084/3084 1426/1426 478/478
f 1426/1426 4376/4376 478/478
f 2179/2179 478/478 4376/4376
f 2179/2179 1849/1849 478/478
f 1659/1659 3084/3084 478/478
f 1849/1849 1659/1659 478/478
f 1052/1052 1659/1659 1849/1849
f 2275/2275 4378/4378 640/640
f 1806/1806 1549/1549 4378/4378
f 916/916 2632/2632 339/339
f 2260/2260 1549/1549 1806/1806
f 2632/2632 1052/1052 339/339
f 916/916 2260/2260 1806/1806
f 916/916 339/339 2260/2260
f 467/467 3084/3084 1659/1659
f 467/467 1659/1659 2632/2632
f 1806/1806 2505/2505 916/916
f 2505/2505 467/467 2632/2632
f 1659/1659 1052/1052 2632/2632
f 916/916 2505/2505 2632/2632
f 4046/4046 1052/1052 2179/2179
f 1849/1849 2179/2179 1052/1052
f 630/630 3295/3295 2260/2260
f 1052/1052 630/630 339/339
f 339/339 630/630 2260/2260
f 1052/1052 4046/4046 630/630
f 3280/3280 4378/4378 1549/1549
f 1784/1784 2137/2137 2399/2399
f 3742/3742 2137/2137 1784/1784
f 1102/1102 3742/3742 1784/1784
f 1102/1102 1784/1784 2399/2399
f 1047/1047 2734/2734 2399/2399
f 1102/1102 2399/2399 3610/3610
f 2399/2399 2163/2163 3610/3610
f 2399/2399 2734/2734 2163/2163
f 2734/2734 1047/1047 2972/2972
f 2163/2163 2734/2734 2972/2972
f 2552/2552 1102/1102 3610/3610
f 3610/3610 2163/2163 3270/3270
f 2163/2163 2972/2972 4004/4004
f 2972/2972 4136/4136 4004/4004
f 3270/3270 2163/2163 4004/4004
f 25/25 3742/3742 1102/1102
f 25/25 1102/1102 2552/2552
f 3270/3270 2552/2552 3610/3610
f 1850/1850 25/25 2552/2552
f 3270/3270 4360/4360 2552/2552
f 4360/4360 3270/3270 8/8
f 1205/1205 4004/4004 4136/4136
f 8/8 3270/3270 4004/4004
f 3102/3102 3159/3159 1209/1209
f 3159/3159 3117/3117 1209/1209
f 2571/2571 4166/4166 1209/1209
f 4165/4165 4143/4143 797/797
f 4143/4143 4165/4165 2570/2570
f 3739/3739 3103/3103 4165/4165
f 797/797 3739/3739 4165/4165
f 1209/1209 4166/4166 3102/3102
f 797/797 1055/1055 3739/3739
f 3320/3320 1055/1055 797/797
f 3320/3320 1718/1718 1055/1055
f 828/828 1718/1718 3320/3320
f 828/828 1894/1894 1718/1718
f 3499/3499 797/797 4143/4143
f 3499/3499 3320/3320 797/797
f 3499/3499 4143/4143 3906/3906
f 1340/1340 3499/3499 3906/3906
f 3320/3320 3499/3499 1880/1880
f 3499/3499 1340/1340 1880/1880
f 1880/1880 828/828 3320/3320
f 1880/1880 1894/1894 828/828
f 2570/2570 1122/1122 4143/4143
f 1122/1122 121/121 3906/3906
f 121/121 37/37 3906/3906
f 3906/3906 4143/4143 1122/1122
f 36/36 123/123 1729/1729
f 3036/3036 36/36 1729/1729
f 2658/2658 36/36 3036/3036
f 37/37 2659/2659 3906/3906
f 1340/1340 3906/3906 2659/2659
f 2076/2076 1880/1880 1340/1340
f 2076/2076 1340/1340 1565/1565
f 2076/2076 2828/2828 1894/1894
f 2828/2828 2076/2076 1565/1565
f 1880/1880 2076/2076 1894/1894
f 1883/1883 4076/4076 1718/1718
f 1894/1894 1883/1883 1718/1718
f 1883/1883 4093/4093 4076/4076
f 1883/1883 3533/3533 4093/4093
f 2318/2318 3533/3533 1883/1883
f 1894/1894 2318/2318 1883/1883
f 1874/1874 2318/2318 1894/1894
f 3087/3087 3533/3533 2318/2318
f 2318/2318 2297/2297 3087/3087
f 1398/1398 1954/1954 2834/2834
f 1311/1311 4093/4093 3533/3533
f 1398/1398 2834/2834 1311/1311
f 1311/1311 3533/3533 3087/3087
f 3087/3087 2621/2621 1311/1311
f 2621/2621 1398/1398 1311/1311
f 2828/2828 1874/1874 1894/1894
f 2297/2297 2318/2318 1874/1874
f 2828/2828 2297/2297 1874/1874
f 2828/2828 4208/4208 2297/2297
f 3973/3973 3087/3087 2297/2297
f 3973/3973 2621/2621 3087/3087
f 3973/3973 2297/2297 4208/4208
f 2417/2417 1695/1695 2659/2659
f 1695/1695 1340/1340 2659/2659
f 1695/1695 1565/1565 1340/1340
f 2417/2417 3918/3918 1695/1695
f 1695/1695 3918/3918 1565/1565
f 2658/2658 1631/1631 2416/2416
f 1992/1992 3918/3918 2417/2417
f 2416/2416 1631/1631 886/886
f 1565/1565 2323/2323 2828/2828
f 2323/2323 1565/1565 3918/3918
f 4194/4194 2323/2323 3918/3918
f 3823/3823 4208/4208 2323/2323
f 4194/4194 459/459 2323/2323
f 473/473 3973/3973 3823/3823
f 3823/3823 3973/3973 4208/4208
f 459/459 4178/4178 3823/3823
f 2323/2323 4208/4208 2828/2828
f 1993/1993 2416/2416 886/886
f 1992/1992 4194/4194 3918/3918
f 3580/3580 4195/4195 1993/1993
f 3580/3580 460/460 4195/4195
f 460/460 3580/3580 537/537
f 3580/3580 1993/1993 886/886
f 3672/3672 537/537 3580/3580
f 459/459 3823/3823 2323/2323
f 537/537 4177/4177 460/460
f 4177/4177 537/537 4209/4209
f 3128/3128 537/537 706/706
f 3128/3128 4209/4209 537/537
f 3137/3137 31/31 2133/2133
f 3018/3018 1613/1613 1101/1101
f 4124/4124 1613/1613 3018/3018
f 2133/2133 2775/2775 1613/1613
f 2133/2133 1613/1613 4124/4124
f 3454/3454 2133/2133 4124/4124
f 4124/4124 3722/3722 3454/3454
f 3722/3722 4124/4124 3018/3018
f 672/672 31/31 621/621
f 1954/1954 3018/3018 1101/1101
f 3018/3018 1954/1954 707/707
f 707/707 1954/1954 1398/1398
f 2621/2621 707/707 1398/1398
f 910/910 3454/3454 3722/3722
f 3722/3722 3018/3018 2813/2813
f 2123/2123 910/910 3722/3722
f 2813/2813 2123/2123 3722/3722
f 2166/2166 3018/3018 707/707
f 2060/2060 707/707 2621/2621
f 2166/2166 707/707 2060/2060
f 2813/2813 3018/3018 2166/2166
f 4136/4136 2812/2812 2165/2165
f 2060/2060 2621/2621 3973/3973
f 1884/1884 4136/4136 2165/2165
f 473/473 2060/2060 3973/3973
f 2165/2165 2059/2059 1884/1884
f 2059/2059 3325/3325 1884/1884
f 2059/2059 472/472 3325/3325
f 4179/4179 128/128 472/472
f 3823/3823 4178/4178 473/473
f 801/801 4136/4136 1884/1884
f 801/801 1884/1884 3325/3325
f 128/128 801/801 3325/3325
f 3961/3961 128/128 4179/4179
f 128/128 3325/3325 472/472
f 4179/4179 4210/4210 3961/3961
f 3961/3961 3744/3744 128/128
f 801/801 128/128 3744/3744
f 1661/1661 1205/1205 4136/4136
f 1661/1661 4136/4136 801/801
f 1205/1205 1661/1661 3508/3508
f 3744/3744 1661/1661 801/801
f 1416/1416 4305/4305 337/337
f 337/337 634/634 1416/1416
f 598/598 2937/2937 3562/3562
f 2747/2747 1007/1007 2178/2178
f 1167/1167 1910/1910 842/842
f 842/842 1007/1007 2747/2747
f 842/842 2479/2479 1007/1007
f 2479/2479 842/842 1910/1910
f 1167/1167 598/598 1910/1910
f 1910/1910 598/598 637/637
f 2937/2937 1850/1850 3562/3562
f 1850/1850 1071/1071 3562/3562
f 637/637 598/598 3562/3562
f 2361/2361 637/637 3562/3562
f 3562/3562 1071/1071 2361/2361
f 1982/1982 1910/1910 637/637
f 4192/4192 2178/2178 1007/1007
f 1910/1910 1982/1982 3462/3462
f 3079/3079 2479/2479 1910/1910
f 3079/3079 1910/1910 3462/3462
f 637/637 2361/2361 1982/1982
f 1982/1982 2361/2361 2946/2946
f 2173/2173 1982/1982 2946/2946
f 2946/2946 2361/2361 1000/1000
f 2479/2479 2213/2213 1007/1007
f 3079/3079 2213/2213 2479/2479
f 3462/3462 1982/1982 2173/2173
f 1000/1000 1377/1377 2946/2946
f 2173/2173 3004/3004 3462/3462
f 3004/3004 2173/2173 2946/2946
f 1146/1146 3079/3079 3462/3462
f 1146/1146 3462/3462 3004/3004
f 2946/2946 1377/1377 3004/3004
f 1850/1850 2552/2552 4360/4360
f 4360/4360 1044/1044 1850/1850
f 1850/1850 1044/1044 1071/1071
f 4082/4082 8/8 4004/4004
f 4082/4082 4004/4004 1205/1205
f 1205/1205 3508/3508 4082/4082
f 4360/4360 8/8 4082/4082
f 4082/4082 2266/2266 4360/4360
f 1000/1000 2361/2361 1071/1071
f 1000/1000 1071/1071 1044/1044
f 1000/1000 1044/1044 2398/2398
f 1044/1044 4360/4360 2266/2266
f 4082/4082 1315/1315 2266/2266
f 2266/2266 2398/2398 1044/1044
f 2398/2398 2266/2266 1291/1291
f 1377/1377 1000/1000 2398/2398
f 627/627 886/886 2178/2178
f 886/886 627/627 748/748
f 748/748 3580/3580 886/886
f 3672/3672 3580/3580 748/748
f 3672/3672 706/706 537/537
f 748/748 627/627 2905/2905
f 748/748 2905/2905 2707/2707
f 2707/2707 3672/3672 748/748
f 2707/2707 706/706 3672/3672
f 843/843 706/706 2707/2707
f 706/706 843/843 3128/3128
f 1451/1451 3128/3128 843/843
f 1451/1451 1587/1587 3128/3128
f 4192/4192 627/627 2178/2178
f 4192/4192 2910/2910 627/627
f 2910/2910 2905/2905 627/627
f 4191/4191 2707/2707 2905/2905
f 3627/3627 2707/2707 4191/4191
f 2213/2213 4192/4192 1007/1007
f 4312/4312 2910/2910 4192/4192
f 2910/2910 4191/4191 2905/2905
f 2910/2910 3380/3380 4191/4191
f 3627/3627 843/843 2707/2707
f 221/221 843/843 3627/3627
f 843/843 221/221 3186/3186
f 843/843 3186/3186 1451/1451
f 3627/3627 4191/4191 221/221
f 4191/4191 3380/3380 221/221
f 4192/4192 2213/2213 4312/4312
f 2910/2910 4312/4312 3927/3927
f 3927/3927 3380/3380 2910/2910
f 4230/4230 4312/4312 2213/2213
f 399/399 3927/3927 4312/4312
f 3641/3641 399/399 4312/4312
f 3927/3927 1566/1566 3380/3380
f 399/399 1566/1566 3927/3927
f 1566/1566 221/221 3380/3380
f 1566/1566 1464/1464 221/221
f 1464/1464 3186/3186 221/221
f 1574/1574 3186/3186 1464/1464
f 1574/1574 1464/1464 4183/4183
f 4183/4183 1464/1464 1566/1566
f 2895/2895 4183/4183 1566/1566
f 2895/2895 1566/1566 1706/1706
f 3079/3079 2889/2889 2213/2213
f 2889/2889 3079/3079 1146/1146
f 2889/2889 4230/4230 2213/2213
f 4312/4312 4230/4230 3641/3641
f 1146/1146 3029/3029 2889/2889
f 4219/4219 4230/4230 2889/2889
f 3029/3029 4219/4219 2889/2889
f 1146/1146 3004/3004 198/198
f 2041/2041 3004/3004 1377/1377
f 2041/2041 198/198 3004/3004
f 3029/3029 1146/1146 198/198
f 3029/3029 198/198 50/50
f 2041/2041 963/963 198/198
f 2041/2041 821/821 963/963
f 399/399 1706/1706 1566/1566
f 3279/3279 3641/3641 4230/4230
f 3641/3641 1828/1828 399/399
f 3279/3279 1828/1828 3641/3641
f 3022/3022 4183/4183 2895/2895
f 1574/1574 3022/3022 721/721
f 3022/3022 1574/1574 4183/4183
f 1828/1828 1706/1706 399/399
f 2666/2666 1706/1706 1828/1828
f 2666/2666 4284/4284 1706/1706
f 1828/1828 2876/2876 2666/2666
f 2876/2876 4284/4284 2666/2666
f 3771/3771 1828/1828 3279/3279
f 3771/3771 2876/2876 1828/1828
f 4284/4284 2895/2895 1706/1706
f 4284/4284 3022/3022 2895/2895
f 2183/2183 3022/3022 4284/4284
f 3022/3022 2183/2183 721/721
f 4284/4284 2876/2876 1848/1848
f 1848/1848 2183/2183 4284/4284
f 1848/1848 2096/2096 2183/2183
f 1250/1250 721/721 2183/2183
f 2183/2183 2096/2096 1250/1250
f 2723/2723 2174/2174 2095/2095
f 2096/2096 1848/1848 307/307
f 2067/2067 307/307 1848/1848
f 2067/2067 1848/1848 2876/2876
f 2095/2095 306/306 2723/2723
f 3128/3128 1587/1587 4209/4209
f 4210/4210 1586/1586 3961/3961
f 3961/3961 1586/1586 3108/3108
f 3108/3108 3744/3744 3961/3961
f 1450/1450 1125/1125 1586/1586
f 3108/3108 1586/1586 1125/1125
f 1810/1810 1661/1661 3744/3744
f 1810/1810 3744/3744 3108/3108
f 3710/3710 1661/1661 1810/1810
f 1315/1315 4082/4082 3508/3508
f 2056/2056 1315/1315 3508/3508
f 3508/3508 1661/1661 3710/3710
f 2056/2056 3508/3508 2518/2518
f 2518/2518 3508/3508 3710/3710
f 1291/1291 2266/2266 1315/1315
f 631/631 1315/1315 1987/1987
f 2518/2518 1987/1987 2056/2056
f 2056/2056 1987/1987 1315/1315
f 1125/1125 1810/1810 3108/3108
f 1907/1907 1125/1125 1450/1450
f 1450/1450 3185/3185 1907/1907
f 1125/1125 1907/1907 1506/1506
f 1907/1907 3185/3185 3096/3096
f 1506/1506 1907/1907 3096/3096
f 1810/1810 1125/1125 1506/1506
f 3710/3710 1810/1810 1506/1506
f 3246/3246 1506/1506 3096/3096
f 1377/1377 2398/2398 3282/3282
f 821/821 1377/1377 3282/3282
f 3282/3282 2398/2398 1291/1291
f 631/631 1291/1291 1315/1315
f 1291/1291 4218/4218 3282/3282
f 4218/4218 1291/1291 631/631
f 2580/2580 4218/4218 631/631
f 2694/2694 3096/3096 3185/3185
f 3185/3185 1575/1575 2694/2694
f 2694/2694 2915/2915 3096/3096
f 3710/3710 2970/2970 2518/2518
f 3767/3767 1987/1987 2518/2518
f 3710/3710 1506/1506 3246/3246
f 2970/2970 3710/3710 3246/3246
f 2580/2580 1987/1987 3767/3767
f 1987/1987 2580/2580 631/631
f 3767/3767 2518/2518 3842/3842
f 821/821 2041/2041 1377/1377
f 821/821 3282/3282 2308/2308
f 2308/2308 4118/4118 821/821
f 2308/2308 3282/3282 4218/4218
f 821/821 4118/4118 963/963
f 516/516 4118/4118 2308/2308
f 2308/2308 4218/4218 4264/4264
f 4218/4218 2580/2580 2177/2177
f 2177/2177 4264/4264 4218/4218
f 2177/2177 2580/2580 1957/1957
f 1957/1957 2580/2580 3767/3767
f 2308/2308 4264/4264 516/516
f 516/516 4264/4264 975/975
f 4264/4264 2177/2177 975/975
f 1575/1575 720/720 2694/2694
f 2694/2694 1498/1498 2915/2915
f 1498/1498 2694/2694 720/720
f 720/720 1249/1249 1498/1498
f 3814/3814 2915/2915 1498/1498
f 1147/1147 1498/1498 1249/1249
f 3814/3814 1498/1498 1147/1147
f 3246/3246 3096/3096 604/604
f 2915/2915 604/604 3096/3096
f 3814/3814 604/604 2915/2915
f 3842/3842 2970/2970 604/604
f 3246/3246 604/604 2970/2970
f 2518/2518 2970/2970 3842/3842
f 3842/3842 604/604 786/786
f 786/786 604/604 3814/3814
f 3767/3767 3842/3842 3059/3059
f 356/356 3059/3059 3842/3842
f 1957/1957 3767/3767 3059/3059
f 356/356 3842/3842 786/786
f 1957/1957 975/975 2177/2177
f 730/730 975/975 1957/1957
f 1957/1957 3059/3059 1041/1041
f 1041/1041 730/730 1957/1957
f 2095/2095 1147/1147 1249/1249
f 2095/2095 2174/2174 1147/1147
f 102/102 3814/3814 1147/1147
f 3814/3814 102/102 3749/3749
f 1147/1147 2174/2174 102/102
f 3814/3814 3749/3749 786/786
f 786/786 3749/3749 379/379
f 1041/1041 3059/3059 3737/3737
f 1978/1978 356/356 786/786
f 3059/3059 356/356 3737/3737
f 3737/3737 356/356 1978/1978
f 2661/2661 2147/2147 561/561
f 3951/3951 17/17 2012/2012
f 1221/1221 2210/2210 533/533
f 1485/1485 722/722 1221/1221
f 1485/1485 3951/3951 2012/2012
f 2012/2012 722/722 1485/1485
f 1952/1952 1761/1761 2803/2803
f 2307/2307 1761/1761 1952/1952
f 878/878 1952/1952 2803/2803
f 1952/1952 17/17 2307/2307
f 2012/2012 17/17 1952/1952
f 561/561 2094/2094 2661/2661
f 2094/2094 561/561 3611/3611
f 4046/4046 2094/2094 3611/3611
f 1281/1281 4046/4046 1221/1221
f 722/722 1281/1281 1221/1221
f 4046/4046 3611/3611 2210/2210
f 4046/4046 2210/2210 1221/1221
f 878/878 2012/2012 1952/1952
f 2012/2012 878/878 722/722
f 1281/1281 722/722 1875/1875
f 1875/1875 722/722 878/878
f 1485/1485 85/85 3951/3951
f 533/533 2386/2386 1221/1221
f 85/85 1221/1221 2386/2386
f 85/85 1485/1485 1221/1221
f 2307/2307 3585/3585 3160/3160
f 2026/2026 3211/3211 1372/1372
f 3211/3211 1241/1241 1372/1372
f 1241/1241 1075/1075 1372/1372
f 2802/2802 2930/2930 1241/1241
f 1551/1551 2930/2930 2802/2802
f 1075/1075 1241/1241 2930/2930
f 1075/1075 2930/2930 82/82
f 2930/2930 1551/1551 82/82
f 1551/1551 2802/2802 3092/3092
f 351/351 1551/1551 3703/3703
f 4138/4138 82/82 1551/1551
f 4138/4138 1551/1551 351/351
f 3112/3112 351/351 3506/3506
f 4141/4141 4010/4010 100/100
f 4277/4277 2320/2320 4010/4010
f 994/994 4277/4277 4010/4010
f 3178/3178 3932/3932 1324/1324
f 3932/3932 3178/3178 3547/3547
f 1137/1137 994/994 4010/4010
f 4010/4010 4141/4141 1137/1137
f 2996/2996 1137/1137 4141/4141
f 2320/2320 4277/4277 77/77
f 708/708 77/77 4277/4277
f 547/547 4277/4277 994/994
f 547/547 708/708 4277/4277
f 3831/3831 1137/1137 2996/2996
f 3831/3831 1069/1069 1137/1137
f 661/661 1069/1069 3831/3831
f 994/994 1069/1069 547/547
f 1069/1069 2090/2090 547/547
f 547/547 2024/2024 708/708
f 2024/2024 2090/2090 3838/3838
f 2063/2063 2090/2090 1069/1069
f 2090/2090 2024/2024 547/547
f 1069/1069 994/994 1137/1137
f 1208/1208 572/572 2489/2489
f 2107/2107 708/708 2024/2024
f 708/708 2107/2107 1208/1208
f 572/572 1208/1208 2107/2107
f 3429/3429 2489/2489 572/572
f 572/572 1429/1429 3429/3429
f 1429/1429 4234/4234 3429/3429
f 3275/3275 572/572 2107/2107
f 3275/3275 1429/1429 572/572
f 1208/1208 2432/2432 77/77
f 77/77 708/708 1208/1208
f 2453/2453 2107/2107 454/454
f 2332/2332 2107/2107 2024/2024
f 2332/2332 454/454 2107/2107
f 2327/2327 2453/2453 454/454
f 3838/3838 2332/2332 2024/2024
f 2453/2453 3275/3275 2107/2107
f 3275/3275 3330/3330 1429/1429
f 2597/2597 1855/1855 2287/2287
f 1324/1324 3548/3548 3178/3178
f 1855/1855 2627/2627 1324/1324
f 1855/1855 2597/2597 2627/2627
f 119/119 1779/1779 3952/3952
f 3215/3215 119/119 3952/3952
f 3215/3215 609/609 119/119
f 1779/1779 2597/2597 2287/2287
f 2826/2826 119/119 609/609
f 2826/2826 1779/1779 119/119
f 3548/3548 1324/1324 2627/2627
f 3548/3548 2627/2627 2565/2565
f 2565/2565 2627/2627 2597/2597
f 2565/2565 2597/2597 610/610
f 3548/3548 2565/2565 610/610
f 2364/2364 610/610 2597/2597
f 4325/4325 2826/2826 609/609
f 2597/2597 1779/1779 2364/2364
f 2151/2151 2826/2826 4325/4325
f 2826/2826 2151/2151 1650/1650
f 2826/2826 1650/1650 1779/1779
f 1532/1532 3548/3548 610/610
f 2364/2364 1532/1532 610/610
f 3178/3178 3548/3548 1532/1532
f 3178/3178 2370/2370 3547/3547
f 3178/3178 1532/1532 3551/3551
f 2370/2370 3178/3178 3551/3551
f 3551/3551 1790/1790 2370/2370
f 4325/4325 3770/3770 2151/2151
f 1779/1779 2860/2860 2364/2364
f 2860/2860 1779/1779 1650/1650
f 1532/1532 2364/2364 676/676
f 2860/2860 676/676 2364/2364
f 972/972 1650/1650 2151/2151
f 3551/3551 1532/1532 1675/1675
f 1532/1532 676/676 1675/1675
f 676/676 2860/2860 1555/1555
f 2860/2860 1650/1650 972/972
f 1675/1675 676/676 1555/1555
f 1555/1555 719/719 1675/1675
f 2151/2151 2043/2043 972/972
f 1555/1555 2860/2860 972/972
f 1944/1944 1555/1555 972/972
f 972/972 2043/2043 1944/1944
f 3831/3831 4250/4250 661/661
f 4250/4250 3831/3831 1547/1547
f 661/661 2063/2063 1069/1069
f 661/661 4250/4250 1329/1329
f 2063/2063 661/661 1329/1329
f 4250/4250 2248/2248 1329/1329
f 1432/1432 2090/2090 2063/2063
f 1432/1432 727/727 3838/3838
f 1432/1432 3838/3838 2090/2090
f 2063/2063 1329/1329 1432/1432
f 3838/3838 454/454 2332/2332
f 3838/3838 727/727 454/454
f 1569/1569 1790/1790 3551/3551
f 1569/1569 1847/1847 1790/1790
f 2276/2276 1569/1569 3551/3551
f 1936/1936 1569/1569 2276/2276
f 1675/1675 2276/2276 3551/3551
f 1675/1675 719/719 2276/2276
f 1936/1936 2276/2276 1452/1452
f 4123/4123 2151/2151 3770/3770
f 4123/4123 2043/2043 2151/2151
f 719/719 1555/1555 1944/1944
f 1452/1452 2276/2276 719/719
f 1452/1452 719/719 2145/2145
f 719/719 1944/1944 2973/2973
f 2973/2973 1944/1944 2043/2043
f 719/719 2973/2973 2145/2145
f 2779/2779 1847/1847 3595/3595
f 3595/3595 1847/1847 1569/1569
f 2212/2212 1936/1936 1452/1452
f 2234/2234 2212/2212 1452/1452
f 2234/2234 1452/1452 2145/2145
f 2145/2145 2973/2973 893/893
f 3399/3399 2145/2145 893/893
f 1569/1569 1936/1936 3595/3595
f 3595/3595 1936/1936 2212/2212
f 3595/3595 3811/3811 2779/2779
f 2212/2212 3811/3811 3595/3595
f 2145/2145 344/344 2234/2234
f 3399/3399 344/344 2145/2145
f 213/213 2779/2779 3811/3811
f 448/448 3811/3811 2212/2212
f 2779/2779 213/213 387/387
f 213/213 4237/4237 387/387
f 213/213 3811/3811 1603/1603
f 1603/1603 4237/4237 213/213
f 2234/2234 448/448 2212/2212
f 448/448 2234/2234 344/344
f 1603/1603 3811/3811 448/448
f 3140/3140 448/448 344/344
f 1603/1603 448/448 3140/3140
f 3140/3140 3745/3745 1603/1603
f 1384/1384 4234/4234 1429/1429
f 4234/4234 1384/1384 3804/3804
f 3401/3401 1384/1384 1429/1429
f 3770/3770 4314/4314 4123/4123
f 3557/3557 4123/4123 4314/4314
f 3795/3795 3757/3757 4314/4314
f 2973/2973 2043/2043 1400/1400
f 4123/4123 3965/3965 2043/2043
f 2043/2043 3965/3965 1400/1400
f 893/893 2973/2973 1400/1400
f 3965/3965 4123/4123 3557/3557
f 738/738 3965/3965 3557/3557
f 2139/2139 3757/3757 3795/3795
f 4314/4314 3757/3757 3557/3557
f 1871/1871 344/344 3399/3399
f 3399/3399 893/893 1871/1871
f 1400/1400 809/809 893/893
f 893/893 809/809 1871/1871
f 738/738 1400/1400 3965/3965
f 1235/1235 738/738 3557/3557
f 4281/4281 1871/1871 809/809
f 1400/1400 4281/4281 809/809
f 2896/2896 3757/3757 2139/2139
f 3757/3757 1235/1235 3557/3557
f 1466/1466 1871/1871 4281/4281
f 344/344 1871/1871 1466/1466
f 1400/1400 738/738 4281/4281
f 4281/4281 738/738 1172/1172
f 3140/3140 344/344 1466/1466
f 2896/2896 675/675 3757/3757
f 1469/1469 2896/2896 1444/1444
f 3757/3757 675/675 1235/1235
f 738/738 1235/1235 3126/3126
f 1235/1235 675/675 3126/3126
f 3126/3126 675/675 545/545
f 738/738 3126/3126 1172/1172
f 4331/4331 1466/1466 4281/4281
f 4034/4034 4281/4281 1172/1172
f 2655/2655 4237/4237 2237/2237
f 1588/1588 2656/2656 2238/2238
f 1743/1743 4237/4237 1603/1603
f 2237/2237 4237/4237 1743/1743
f 2443/2443 1603/1603 3745/3745
f 272/272 1588/1588 2238/2238
f 273/273 2237/2237 1743/1743
f 1588/1588 3047/3047 522/522
f 3047/3047 1588/1588 272/272
f 1743/1743 1603/1603 2443/2443
f 273/273 1743/1743 3449/3449
f 3449/3449 1743/1743 2443/2443
f 746/746 3449/3449 2443/2443
f 2443/2443 3745/3745 163/163
f 2443/2443 163/163 3698/3698
f 746/746 2443/2443 3698/3698
f 2392/2392 522/522 3047/3047
f 272/272 2929/2929 3047/3047
f 2392/2392 3047/3047 2929/2929
f 145/145 273/273 3449/3449
f 746/746 145/145 3449/3449
f 145/145 2989/2989 2928/2928
f 2928/2928 273/273 145/145
f 145/145 550/550 2989/2989
f 2928/2928 2989/2989 1686/1686
f 1686/1686 3131/3131 2913/2913
f 2757/2757 2989/2989 550/550
f 3131/3131 1686/1686 2989/2989
f 3131/3131 2989/2989 2757/2757
f 2587/2587 905/905 2392/2392
f 3161/3161 2587/2587 2392/2392
f 3161/3161 2392/2392 2929/2929
f 1687/1687 3161/3161 2929/2929
f 3751/3751 905/905 2587/2587
f 3698/3698 2030/2030 746/746
f 746/746 550/550 145/145
f 550/550 746/746 2030/2030
f 2030/2030 1975/1975 550/550
f 2030/2030 3698/3698 3675/3675
f 3698/3698 1929/1929 3675/3675
f 3675/3675 1975/1975 2030/2030
f 2757/2757 550/550 856/856
f 3131/3131 2757/2757 856/856
f 856/856 1975/1975 2789/2789
f 2789/2789 1975/1975 1882/1882
f 1882/1882 1975/1975 3675/3675
f 1882/1882 3675/3675 4299/4299
f 856/856 550/550 1975/1975
f 556/556 4299/4299 3980/3980
f 4299/4299 556/556 1882/1882
f 2560/2560 556/556 3980/3980
f 56/56 307/307 2067/2067
f 56/56 3208/3208 307/307
f 2358/2358 428/428 306/306
f 306/306 428/428 2723/2723
f 2723/2723 428/428 3118/3118
f 2359/2359 307/307 3208/3208
f 106/106 2359/2359 3208/3208
f 1200/1200 106/106 3208/3208
f 441/441 428/428 1187/1187
f 1187/1187 2358/2358 105/105
f 105/105 744/744 1187/1187
f 1187/1187 428/428 2358/2358
f 120/120 2798/2798 2840/2840
f 3934/3934 4173/4173 595/595
f 2772/2772 3933/3933 2662/2662
f 2772/2772 2662/2662 2862/2862
f 3317/3317 4262/4262 2862/2862
f 2662/2662 3214/3214 2862/2862
f 3830/3830 2772/2772 744/744
f 120/120 2840/2840 214/214
f 214/214 2840/2840 1200/1200
f 1200/1200 3829/3829 106/106
f 744/744 105/105 3830/3830
f 2840/2840 3829/3829 1200/1200
f 744/744 2490/2490 1187/1187
f 2490/2490 441/441 1187/1187
f 744/744 4262/4262 2490/2490
f 3829/3829 4173/4173 3934/3934
f 3830/3830 3933/3933 2772/2772
f 2840/2840 2798/2798 4173/4173
f 4173/4173 3829/3829 2840/2840
f 2862/2862 744/744 2772/2772
f 744/744 2862/2862 4262/4262
f 2723/2723 102/102 2174/2174
f 3118/3118 102/102 2723/2723
f 102/102 2138/2138 3749/3749
f 2138/2138 3118/3118 1256/1256
f 2138/2138 102/102 3118/3118
f 1978/1978 786/786 379/379
f 379/379 3386/3386 1978/1978
f 2517/2517 3749/3749 2138/2138
f 379/379 3749/3749 2517/2517
f 1256/1256 2517/2517 2138/2138
f 3386/3386 379/379 2517/2517
f 441/441 3118/3118 428/428
f 441/441 1256/1256 3118/3118
f 1666/1666 1256/1256 441/441
f 2686/2686 3204/3204 1666/1666
f 1666/1666 441/441 2686/2686
f 2517/2517 1256/1256 1666/1666
f 1666/1666 3204/3204 2517/2517
f 2517/2517 3259/3259 3386/3386
f 3386/3386 3259/3259 1731/1731
f 3204/3204 3259/3259 2517/2517
f 2715/2715 3259/3259 3204/3204
f 2642/2642 3317/3317 319/319
f 2686/2686 441/441 2490/2490
f 2490/2490 4262/4262 2686/2686
f 2642/2642 2686/2686 4262/4262
f 2686/2686 2642/2642 181/181
f 3204/3204 2686/2686 181/181
f 3204/3204 181/181 2715/2715
f 1731/1731 3259/3259 2715/2715
f 1731/1731 2715/2715 261/261
f 3317/3317 2642/2642 4262/4262
f 319/319 181/181 2642/2642
f 319/319 684/684 181/181
f 2715/2715 181/181 684/684
f 684/684 996/996 2715/2715
f 1298/1298 996/996 684/684
f 996/996 1298/1298 313/313
f 3711/3711 996/996 313/313
f 261/261 2715/2715 996/996
f 3115/3115 2537/2537 1223/1223
f 3304/3304 3529/3529 3115/3115
f 4090/4090 3115/3115 323/323
f 3115/3115 4090/4090 2537/2537
f 3115/3115 3529/3529 323/323
f 3821/3821 3528/3528 3131/3131
f 595/595 2015/2015 981/981
f 982/982 2014/2014 3214/3214
f 3821/3821 4070/4070 2014/2014
f 3821/3821 2014/2014 3528/3528
f 2500/2500 4070/4070 3821/3821
f 2015/2015 323/323 3529/3529
f 323/323 2015/2015 595/595
f 3214/3214 2014/2014 4070/4070
f 2500/2500 2863/2863 4070/4070
f 4070/4070 2863/2863 3546/3546
f 4070/4070 839/839 3214/3214
f 3546/3546 839/839 4070/4070
f 3546/3546 4352/4352 2069/2069
f 4346/4346 3161/3161 1687/1687
f 2092/2092 2587/2587 4346/4346
f 3131/3131 3528/3528 2913/2913
f 3304/3304 1687/1687 2914/2914
f 4346/4346 1687/1687 3304/3304
f 1223/1223 4346/4346 3304/3304
f 3529/3529 3304/3304 2914/2914
f 4346/4346 2587/2587 3161/3161
f 2907/2907 3751/3751 2587/2587
f 2907/2907 2587/2587 2092/2092
f 1180/1180 3879/3879 657/657
f 2092/2092 4346/4346 1223/1223
f 1223/1223 3167/3167 2092/2092
f 2537/2537 3167/3167 1223/1223
f 2907/2907 347/347 2425/2425
f 3167/3167 2907/2907 2092/2092
f 347/347 2907/2907 3167/3167
f 1223/1223 3304/3304 3115/3115
f 2425/2425 657/657 2907/2907
f 657/657 2425/2425 1180/1180
f 2425/2425 1124/1124 1180/1180
f 393/393 1180/1180 1004/1004
f 1004/1004 2247/2247 393/393
f 1180/1180 1124/1124 1004/1004
f 2247/2247 3463/3463 2309/2309
f 2247/2247 1004/1004 3463/3463
f 2309/2309 3463/3463 1759/1759
f 3131/3131 2500/2500 3821/3821
f 856/856 2500/2500 3131/3131
f 2863/2863 2500/2500 856/856
f 2789/2789 2863/2863 856/856
f 2863/2863 2789/2789 2539/2539
f 2539/2539 2789/2789 1882/1882
f 1882/1882 556/556 3544/3544
f 2560/2560 3544/3544 556/556
f 1857/1857 2560/2560 2064/2064
f 3544/3544 2539/2539 1882/1882
f 1948/1948 2539/2539 3544/3544
f 2242/2242 1948/1948 3544/3544
f 2242/2242 3544/3544 2560/2560
f 2560/2560 1857/1857 2242/2242
f 4352/4352 2863/2863 2539/2539
f 4352/4352 3546/3546 2863/2863
f 2539/2539 169/169 4352/4352
f 2539/2539 1948/1948 169/169
f 169/169 1948/1948 2242/2242
f 4259/4259 169/169 2242/2242
f 3230/3230 3923/3923 184/184
f 1759/1759 184/184 2309/2309
f 1759/1759 3230/3230 184/184
f 4259/4259 2242/2242 1857/1857
f 3065/3065 3923/3923 3230/3230
f 1857/1857 3065/3065 4259/4259
f 4090/4090 323/323 2798/2798
f 2798/2798 323/323 595/595
f 3892/3892 4090/4090 2798/2798
f 2537/2537 279/279 3167/3167
f 2537/2537 3892/3892 279/279
f 3892/3892 2537/2537 4090/4090
f 120/120 3892/3892 2798/2798
f 1852/1852 279/279 3892/3892
f 3003/3003 279/279 1852/1852
f 1852/1852 3892/3892 120/120
f 279/279 3003/3003 347/347
f 347/347 3003/3003 3784/3784
f 3559/3559 3784/3784 3003/3003
f 3784/3784 1326/1326 347/347
f 4152/4152 3397/3397 3784/3784
f 3397/3397 1326/1326 3784/3784
f 4173/4173 2798/2798 595/595
f 981/981 3934/3934 595/595
f 982/982 2662/2662 3933/3933
f 3214/3214 2662/2662 982/982
f 3317/3317 3214/3214 839/839
f 3546/3546 57/57 839/839
f 2862/2862 3214/3214 3317/3317
f 2657/2657 407/407 3397/3397
f 407/407 2850/2850 1268/1268
f 407/407 2657/2657 2850/2850
f 658/658 668/668 2641/2641
f 658/658 2850/2850 774/774
f 774/774 2499/2499 1276/1276
f 658/658 774/774 1276/1276
f 658/658 1268/1268 2850/2850
f 1268/1268 658/658 2641/2641
f 668/668 658/658 1276/1276
f 347/347 3167/3167 279/279
f 1326/1326 1124/1124 2425/2425
f 1326/1326 2425/2425 347/347
f 1004/1004 1124/1124 1326/1326
f 2702/2702 1004/1004 1326/1326
f 1004/1004 2702/2702 295/295
f 407/407 295/295 2702/2702
f 3463/3463 1004/1004 295/295
f 3463/3463 295/295 3300/3300
f 3397/3397 2702/2702 1326/1326
f 3397/3397 407/407 2702/2702
f 407/407 3300/3300 295/295
f 3928/3928 3065/3065 2903/2903
f 3928/3928 4259/4259 3065/3065
f 3300/3300 1759/1759 3463/3463
f 2641/2641 3230/3230 1759/1759
f 2641/2641 2903/2903 3230/3230
f 3300/3300 2641/2641 1759/1759
f 2903/2903 3065/3065 3230/3230
f 3300/3300 407/407 1268/1268
f 1268/1268 2641/2641 3300/3300
f 668/668 2903/2903 2641/2641
f 668/668 3928/3928 2903/2903
f 2069/2069 4352/4352 169/169
f 2069/2069 169/169 4239/4239
f 4239/4239 169/169 4259/4259
f 3317/3317 839/839 57/57
f 57/57 2069/2069 1299/1299
f 319/319 3317/3317 57/57
f 57/57 1299/1299 319/319
f 1299/1299 684/684 319/319
f 4182/4182 1299/1299 2069/2069
f 2069/2069 529/529 4182/4182
f 2069/2069 57/57 3546/3546
f 529/529 2069/2069 4239/4239
f 3679/3679 529/529 4239/4239
f 242/242 3679/3679 3928/3928
f 4182/4182 684/684 1299/1299
f 1298/1298 684/684 4182/4182
f 1298/1298 4182/4182 529/529
f 1298/1298 529/529 3679/3679
f 1298/1298 3679/3679 313/313
f 2052/2052 242/242 1276/1276
f 2499/2499 2052/2052 1276/1276
f 242/242 2052/2052 313/313
f 313/313 3679/3679 242/242
f 668/668 242/242 3928/3928
f 1276/1276 242/242 668/668
f 4259/4259 3679/3679 4239/4239
f 4259/4259 3928/3928 3679/3679
f 3745/3745 3140/3140 1466/1466
f 675/675 2896/2896 1469/1469
f 1469/1469 545/545 675/675
f 545/545 1469/1469 3488/3488
f 2240/2240 3126/3126 545/545
f 3126/3126 2240/2240 1258/1258
f 1258/1258 1172/1172 3126/3126
f 2240/2240 545/545 2697/2697
f 3511/3511 1258/1258 2240/2240
f 3488/3488 2115/2115 2477/2477
f 2477/2477 3497/3497 3488/3488
f 3488/3488 2697/2697 545/545
f 2700/2700 2697/2697 3488/3488
f 2697/2697 3511/3511 2240/2240
f 3621/3621 4034/4034 1172/1172
f 4034/4034 4331/4331 4281/4281
f 163/163 1466/1466 4331/4331
f 163/163 3745/3745 1466/1466
f 2245/2245 163/163 4331/4331
f 4331/4331 4034/4034 1990/1990
f 1990/1990 4034/4034 3621/3621
f 1172/1172 1258/1258 3621/3621
f 1258/1258 3511/3511 3621/3621
f 2245/2245 4331/4331 1990/1990
f 163/163 2245/2245 3698/3698
f 3938/3938 1990/1990 3621/3621
f 3938/3938 3621/3621 3511/3511
f 1351/1351 3497/3497 2477/2477
f 3488/3488 3497/3497 2700/2700
f 2700/2700 2375/2375 2697/2697
f 1889/1889 2700/2700 3497/3497
f 1889/1889 140/140 2700/2700
f 140/140 2375/2375 2700/2700
f 2414/2414 2375/2375 140/140
f 2678/2678 1351/1351 3216/3216
f 1889/1889 3497/3497 1351/1351
f 3879/3879 2678/2678 3216/3216
f 3853/3853 1351/1351 2678/2678
f 3853/3853 1889/1889 1351/1351
f 2524/2524 1889/1889 3853/3853
f 2188/2188 140/140 2524/2524
f 140/140 1889/1889 2524/2524
f 1929/1929 3698/3698 2245/2245
f 1929/1929 2245/2245 1990/1990
f 4299/4299 1929/1929 1990/1990
f 1990/1990 3980/3980 4299/4299
f 3980/3980 1990/1990 3938/3938
f 728/728 1504/1504 3938/3938
f 1929/1929 4299/4299 3675/3675
f 3938/3938 1504/1504 3980/3980
f 3511/3511 2375/2375 728/728
f 728/728 3938/3938 3511/3511
f 2375/2375 3511/3511 2697/2697
f 2375/2375 2414/2414 728/728
f 2064/2064 3980/3980 1504/1504
f 2384/2384 1504/1504 728/728
f 728/728 2414/2414 2384/2384
f 2188/2188 2414/2414 140/140
f 2188/2188 2384/2384 2414/2414
f 2064/2064 1504/1504 2384/2384
f 3923/3923 2384/2384 2188/2188
f 2064/2064 2384/2384 3923/3923
f 2560/2560 3980/3980 2064/2064
f 2247/2247 3853/3853 2678/2678
f 2247/2247 2524/2524 3853/3853
f 393/393 3879/3879 1180/1180
f 2678/2678 3879/3879 393/393
f 2524/2524 712/712 2188/2188
f 2524/2524 2247/2247 712/712
f 2309/2309 184/184 712/712
f 2247/2247 2678/2678 393/393
f 2247/2247 2309/2309 712/712
f 712/712 184/184 2188/2188
f 2188/2188 184/184 3923/3923
f 3065/3065 1857/1857 2064/2064
f 2064/2064 3923/3923 3065/3065
f 963/963 3535/3535 198/198
f 4219/4219 54/54 4230/4230
f 54/54 4219/4219 3029/3029
f 54/54 3029/3029 1725/1725
f 54/54 1725/1725 4278/4278
f 50/50 1725/1725 3029/3029
f 50/50 3535/3535 1725/1725
f 198/198 3535/3535 50/50
f 3535/3535 963/963 4118/4118
f 504/504 1725/1725 3535/3535
f 2256/2256 714/714 3535/3535
f 714/714 2256/2256 918/918
f 504/504 3535/3535 714/714
f 4230/4230 54/54 1697/1697
f 1697/1697 54/54 4278/4278
f 1697/1697 3279/3279 4230/4230
f 4316/4316 3279/3279 1697/1697
f 4278/4278 1792/1792 1697/1697
f 504/504 4047/4047 1725/1725
f 1725/1725 4047/4047 4278/4278
f 714/714 4047/4047 504/504
f 1657/1657 4047/4047 714/714
f 1183/1183 1657/1657 714/714
f 2876/2876 3771/3771 1070/1070
f 1070/1070 3771/3771 1965/1965
f 622/622 3771/3771 3279/3279
f 622/622 1965/1965 3771/3771
f 4316/4316 622/622 3279/3279
f 2876/2876 1070/1070 2067/2067
f 4316/4316 1965/1965 622/622
f 4278/4278 4047/4047 1792/1792
f 4316/4316 1697/1697 256/256
f 1792/1792 256/256 1697/1697
f 1657/1657 1529/1529 4047/4047
f 1657/1657 3238/3238 1529/1529
f 4047/4047 1529/1529 1792/1792
f 3238/3238 1657/1657 1183/1183
f 1529/1529 2194/2194 3340/3340
f 2194/2194 1529/1529 3238/3238
f 3857/3857 2194/2194 3238/3238
f 4118/4118 2256/2256 3535/3535
f 2256/2256 4118/4118 516/516
f 2256/2256 516/516 918/918
f 918/918 1183/1183 714/714
f 1183/1183 918/918 4335/4335
f 516/516 4335/4335 918/918
f 1183/1183 4335/4335 4243/4243
f 4335/4335 516/516 975/975
f 4335/4335 975/975 730/730
f 4335/4335 730/730 2547/2547
f 4243/4243 4335/4335 2547/2547
f 3441/3441 4243/4243 1420/1420
f 1041/1041 190/190 730/730
f 190/190 1041/1041 3737/3737
f 3939/3939 2547/2547 730/730
f 190/190 3939/3939 730/730
f 1420/1420 2547/2547 3939/3939
f 4243/4243 2547/2547 1420/1420
f 3238/3238 1183/1183 4243/4243
f 4243/4243 3441/3441 3238/3238
f 3857/3857 3238/3238 3441/3441
f 56/56 2067/2067 1070/1070
f 1965/1965 2483/2483 1070/1070
f 2483/2483 56/56 1070/1070
f 56/56 2483/2483 214/214
f 1965/1965 4316/4316 1162/1162
f 1162/1162 2483/2483 1965/1965
f 1585/1585 214/214 2483/2483
f 3208/3208 56/56 214/214
f 1200/1200 3208/3208 214/214
f 1162/1162 1585/1585 2483/2483
f 2593/2593 1585/1585 1162/1162
f 1792/1792 162/162 256/256
f 3340/3340 1792/1792 1529/1529
f 162/162 1792/1792 3340/3340
f 2317/2317 4316/4316 256/256
f 256/256 162/162 2317/2317
f 162/162 3340/3340 2878/2878
f 1550/1550 2194/2194 3857/3857
f 2878/2878 2194/2194 1550/1550
f 2194/2194 2878/2878 3340/3340
f 2317/2317 2593/2593 4316/4316
f 4316/4316 2593/2593 1162/1162
f 709/709 2317/2317 162/162
f 2878/2878 709/709 162/162
f 709/709 2878/2878 928/928
f 1550/1550 2592/2592 2878/2878
f 1550/1550 4036/4036 3276/3276
f 1550/1550 3276/3276 2592/2592
f 928/928 2878/2878 2592/2592
f 1026/1026 120/120 1585/1585
f 2593/2593 1026/1026 1585/1585
f 1026/1026 2593/2593 3003/3003
f 1026/1026 1852/1852 120/120
f 3003/3003 1852/1852 1026/1026
f 3559/3559 3003/3003 2223/2223
f 4266/4266 3559/3559 2223/2223
f 1585/1585 120/120 214/214
f 3003/3003 2593/2593 2223/2223
f 2223/2223 1232/1232 4266/4266
f 557/557 4266/4266 1232/1232
f 557/557 3877/3877 4266/4266
f 557/557 1274/1274 3362/3362
f 3362/3362 3612/3612 557/557
f 3781/3781 2643/2643 3914/3914
f 2593/2593 2317/2317 2223/2223
f 709/709 2223/2223 2317/2317
f 709/709 1232/1232 2223/2223
f 1274/1274 1232/1232 928/928
f 1232/1232 709/709 928/928
f 928/928 3781/3781 1274/1274
f 2643/2643 2592/2592 3276/3276
f 3781/3781 928/928 2592/2592
f 2592/2592 2643/2643 3781/3781
f 1232/1232 1274/1274 557/557
f 3362/3362 1274/1274 3781/3781
f 3914/3914 3362/3362 3781/3781
f 3441/3441 1420/1420 409/409
f 3737/3737 3448/3448 190/190
f 1978/1978 3448/3448 3737/3737
f 3448/3448 1978/1978 1731/1731
f 190/190 3448/3448 1877/1877
f 1877/1877 3448/3448 1731/1731
f 3939/3939 409/409 1420/1420
f 409/409 3939/3939 1783/1783
f 1783/1783 3939/3939 190/190
f 2152/2152 3366/3366 2457/2457
f 1978/1978 3386/3386 1731/1731
f 2457/2457 409/409 1783/1783
f 1783/1783 190/190 1877/1877
f 1783/1783 1877/1877 2152/2152
f 2152/2152 1877/1877 1238/1238
f 2152/2152 2457/2457 1783/1783
f 409/409 1844/1844 3441/3441
f 3857/3857 3441/3441 1844/1844
f 1844/1844 4036/4036 3857/3857
f 409/409 2457/2457 1844/1844
f 1550/1550 3857/3857 4036/4036
f 1844/1844 2457/2457 4036/4036
f 2457/2457 3366/3366 4036/4036
f 2649/2649 3366/3366 2152/2152
f 2649/2649 560/560 3366/3366
f 3366/3366 560/560 2643/2643
f 1238/1238 1731/1731 261/261
f 1877/1877 1731/1731 1238/1238
f 2649/2649 1238/1238 3711/3711
f 2152/2152 1238/1238 2649/2649
f 3198/3198 560/560 2649/2649
f 3198/3198 3711/3711 313/313
f 3711/3711 3198/3198 2649/2649
f 560/560 3914/3914 2643/2643
f 3711/3711 261/261 996/996
f 1238/1238 261/261 3711/3711
f 3366/3366 3276/3276 4036/4036
f 3366/3366 2643/2643 3276/3276
f 3559/3559 4266/4266 4152/4152
f 3559/3559 4152/4152 3784/3784
f 4152/4152 3877/3877 3397/3397
f 3877/3877 2657/2657 3397/3397
f 3612/3612 2657/2657 3877/3877
f 2850/2850 2657/2657 3612/3612
f 4266/4266 3877/3877 4152/4152
f 557/557 3612/3612 3877/3877
f 3914/3914 774/774 3612/3612
f 3362/3362 3914/3914 3612/3612
f 3612/3612 774/774 2850/2850
f 3198/3198 2499/2499 560/560
f 3914/3914 560/560 2499/2499
f 2499/2499 774/774 3914/3914
f 3198/3198 313/313 2052/2052
f 2499/2499 3198/3198 2052/2052